,avg_Pearson,avg_Pearson,avg_Pearson,avg_Pearson,avg_Pearson,avg_Pearson_pval,avg_Pearson_pval,avg_Pearson_pval,avg_Pearson_pval,avg_Pearson_pval,avg_Pearson_fdr,avg_Pearson_fdr,avg_Pearson_fdr,avg_Pearson_fdr,avg_Pearson_fdr
channel,FUCCI angle,Hoechst,NucleusSegmentation,Segmentation,bf,FUCCI angle,Hoechst,NucleusSegmentation,Segmentation,bf,FUCCI angle,Hoechst,NucleusSegmentation,Segmentation,bf
genes,,,,,,,,,,,,,,,
1110032A03Rik,0.0041819231249033,0.0052163824,0.005969389959999999,0.0207274124,0.028213393999999996,0.6597148302008571,0.694887629320476,0.4417518331773198,0.5546289966240652,0.8926980723852276,0.7173049011147277,0.7439510689962119,0.7109744123266357,0.681666234309372,0.8946219906446785
1190007I07Rik,0.031310742479119566,0.0503144296,0.016057941600000004,0.031306429700000006,0.0350250252,0.8362401686564063,0.22739067683681163,0.49706662881230723,0.8744303727003935,0.5341216249318081,0.8441063931083117,0.5295659335348117,0.7163564111187761,0.8794739509135175,0.6901327235046356
1500011K16Rik,0.03937506442134168,0.0797328668,0.0960255928,0.0624324908,0.06999670919999999,0.45041383150032455,0.045833573716078164,0.015096245399516801,0.12129092259309739,0.09627241757834158,0.6223636694061372,0.17909757796618778,0.12315358089079496,0.38194319868481,0.32129191990858014
1600010M07Rik,0.06862395022349722,0.0938027732,0.09267810380000001,0.0845690614,0.10102990800000003,0.15282854792215023,0.012572920729580878,0.00694643477121684,0.019051963609484208,0.002064959931758,0.4123710335617013,0.06197605801330504,0.07231549631229471,0.09221788401129212,0.012746102233638984
1600019K03Rik,0.08595013553675415,0.151163454,0.1140400368,0.189397226,0.15008284,0.056812181616420855,2.6800038151541223e-05,0.0028705021648627264,1.834137550201332e-08,7.857400191012874e-05,0.21065004249585056,0.0002381277275248408,0.033935173898165284,3.7626792390159675e-07,0.0007026329016963435
1700003G18Rik,0.025864450232394122,0.0440936836,0.0080133974,0.0288808932,0.01341505596,0.5134045401169891,0.4782966155428998,0.33497671332068296,0.5533195248567073,0.19074930917381208,0.6510903031483635,0.6358809111948879,0.6918790858347537,0.6811095581869431,0.47687520603858413
1700007G11Rik,-2.5879219710300826e-05,0.02172418022,0.04518321609999999,0.020998226802000003,0.03245855502,0.37919536187149644,0.4043957294332359,0.19157204605687997,0.4383030639763825,0.35947008275132214,0.5946096538985857,0.616537751430999,0.640076801555444,0.6375732786726315,0.6241336630041819
1700010K24Rik,0.008681360138851062,0.0397623868,0.027477770619999998,0.03338696248,0.008319823300000001,0.30563402485941393,0.5732839929619786,0.7877010491912433,0.48676822005551057,0.6102191452971026,0.5541313823849575,0.6793524391070549,0.8243039098153286,0.6588375096487119,0.7172493520805362
1700020G17Rik,0.0398918859617809,0.07877148839999999,0.0450729619,0.0539741377,0.03576043188,0.4569481730350071,0.041901169906926494,0.6043370968098738,0.1955121453658085,0.3539450458340889,0.6255590785840981,0.16465389301454214,0.7422029543137081,0.4986095846166414,0.623409683248167
1700030F04Rik,0.03753814561815532,0.0310113774,-0.015811677599999997,-0.017452700999999998,0.0236930314,0.582185807503101,0.05800294435613041,0.7154562786631581,0.343778921998059,0.6545852225429496,0.6765584118440919,0.2146262795140635,0.7834077776570687,0.6000435861305105,0.7353797109879744
1700030N03Rik,0.03270167210458882,0.015364357,0.017087916599999996,0.01810642966,0.018637119,0.2345033539681839,0.3625423078648991,0.4319769775996798,0.46123954445246695,0.5391175475484931,0.5082879845181848,0.6019386228406475,0.709279517748894,0.6512440936348091,0.6919762775735281
1700056E22Rik,0.06440059366968087,-0.0065672598,-0.0021173617999999993,0.013133911399999998,-0.0028763672000000013,0.05407218756617052,0.3237380531460528,0.781939247945484,0.7318271386733632,0.4308681815473483,0.2065249622414066,0.5894820958689049,0.8213894961475529,0.774680901951209,0.6489614096018808
1700061I17Rik,0.13048600690510503,0.08875130020000002,0.0449131354,0.0726109322,0.0763361098,0.00020845212895237843,0.017143734700855014,0.26382230287146496,0.08016188992389167,0.06303783554925027,0.0016616612565061024,0.0786694404858314,0.6607398788253027,0.2857380935503436,0.24101310406142906
1700111N16Rik,-0.0219422326254669,-0.003554417120000001,0.0329080676,-0.022183120799999997,-0.0053566952,0.46712348919163804,0.30223365037542654,0.5084874188197825,0.4376658235731799,0.700718740306929,0.6302863431173625,0.5831479146247857,0.7184053542286957,0.6373108808816138,0.7535970633907982
1700123J17Rik,0.0614981565374591,0.0443194978,-0.017585508899999998,0.0380666618,0.025830359999999997,0.07288028780587681,0.09363106025840644,0.41365787135143317,0.5746471802188933,0.3998942009591284,0.26068718330563634,0.3031387320028212,0.706956420259207,0.6916590305481933,0.6398114708791759
1810019N24Rik,0.01672761398728348,-0.005160219539999999,-0.018648816820000004,-0.00023989180000000068,-0.0029497767999999997,0.5871831480016976,0.46914773608749083,0.5616559373873167,0.5019473505459873,0.7835266174922603,0.6765584118440919,0.631694628897757,0.7248011402916806,0.6588375096487119,0.8054676723667672
1810024B03Rik,0.03140034268121908,0.025078748819999996,0.0163130706,-0.0023258466000000005,-0.004259191519999999,0.611314312800374,0.3598319119868382,0.5457347336887468,0.4357379676037721,0.47092590288422764,0.6891126971941673,0.6011219030126814,0.7222879124545578,0.6364968217877089,0.6596613148285196
1810030O07Rik,0.0277373633567773,-0.00509186414,-0.0010755142800000007,0.00933094148,0.0023131795999999996,0.05824451691110734,0.9040963827439412,0.6399165750788895,0.8860526384052151,0.2892318284309091,0.21495000288622945,0.9066962285606024,0.7507852163457115,0.8892398781117087,0.5702155553142718
1810043G02Rik,0.015815482355032738,-0.025089681600000004,0.023083403940000004,-0.0001821275800000008,-0.005680511799999999,0.1179383786094834,0.23346400643494833,0.24940140035363792,0.6765027763320238,0.6795058598283652,0.3553434949464997,0.5324038420599915,0.6505288210182132,0.7449113360841056,0.7422740845814186
2010001A14Rik,0.03999501801394656,0.02503727928,0.00770945784,-0.002737283599999999,-0.0029623596200000005,0.5186790120965972,0.3514046526552036,0.8283895891341682,0.5570605785754008,0.21828734734910227,0.6548029157237584,0.5982198629607963,0.8484607025272868,0.681666234309372,0.514043518792362
2010001K21Rik,0.05921692300675972,0.0406448688,0.038849529800000004,0.030899322400000002,0.020248354000000003,0.24499495433160073,0.1257030142641153,0.3354704977053332,0.32479898313266814,0.5496679556840047,0.5132517162781846,0.370356409676831,0.6918790858347537,0.5977501074803061,0.692545031535467
2310001H17Rik,0.06058640199959022,0.022790608119999996,0.028775907999999996,0.01963563396,0.040453019800000004,0.09279361924743584,0.5180144054201472,0.2417418078119545,0.6281632013379415,0.25066147921930304,0.3074752941809335,0.646938312946379,0.6505288210182132,0.7176803160249209,0.5404524938345097
2310010J17Rik,-0.05164282186850457,-0.005022966739999999,-0.006166060920000001,0.011703507399999999,0.019384946000000004,0.35661376954648305,0.6860201910148547,0.5684557244426065,0.5460962163695988,0.5430554622982016,0.5869324226809005,0.7384017644238947,0.7288928431278693,0.6796637570527868,0.6919762775735281
2310014F06Rik,-0.00040456466950416006,-0.0019079885999999998,0.030718051280000002,0.0319644089,0.02125955916,0.5891789074533047,0.6379678806998639,0.6024692785807886,0.4269180871172484,0.845707476629882,0.6765584118440919,0.7091356124114024,0.7422029543137081,0.6364968217877089,0.8530455024574731
2310033P09Rik,0.07561415402866252,0.03229658462,0.0518472846,0.08587408999999999,0.0717756036,0.014236681922283152,0.030220067685119954,0.22938165722615367,0.024002699516191835,0.01896344340844367,0.07328476487669741,0.12742035762814283,0.6472792273959911,0.11161255275029203,0.09249651592580042
2310039L15Rik,0.055041202048816094,0.018805051,-0.0007912991200000003,0.0336847162,0.03709538284,0.35788611552143285,0.2995972309410341,0.29636272610586334,0.19949545960619997,0.3319903406147102,0.5869324226809005,0.5830381800485782,0.6757456120467158,0.5009382345295778,0.6083428535166779
2410003L11Rik,-0.0279742851244492,-0.01626886002,-0.009977960786,-0.017029407000000003,-0.014359720999999997,0.5870674932427729,0.3001149411531549,0.252462933554961,0.7430326219204975,0.510599308493574,0.6765584118440919,0.5830381800485782,0.6522877244363724,0.7813667162898432,0.6816134309555367
2410006H16Rik,0.014964758169347062,0.0399020182,0.04285491732,0.026482686200000004,0.0717060654,0.27816353695892326,0.08937911709759813,0.09608542227959121,0.3575045708809392,0.07686791616210754,0.5372262899442154,0.29545940367570944,0.4489704195734085,0.6094461623068582,0.27495062319523084
2410012E07Rik,0.02104380129287452,-0.0033627548000000006,-0.0069599282,0.0047598465,0.011051477,0.4680216380331549,0.7464399426310311,0.7492342484725335,0.4168879811111853,0.8041758120245054,0.6302863431173625,0.7794039820136889,0.8002923251295438,0.6334422819355006,0.8200477030513049
2410022M11Rik,0.0019928851094715605,0.0115300089,-0.02363349334,-0.0031065121999999993,0.00012051779999999995,0.772619494802867,0.6319780053769983,0.4343037222983662,0.051771909382141636,0.4928247679258375,0.7930862363870488,0.7058521357092976,0.7102622422112789,0.21117489353241983,0.675998575473494
2500002B13Rik,0.010391539114510923,0.014225818400000001,0.004877761188,0.00288985302,-0.0102253907,0.3553223012668667,0.35688316190148045,0.3012411739955733,0.7742391751750426,0.6313376533159349,0.5869324226809005,0.6005452483143127,0.6757456120467158,0.801828989880612,0.7251463294847162
2500004C02Rik,0.0033568914392553212,0.012591974799999999,0.0114171394,0.01291228626,0.0005256155799999995,0.5377180126738537,0.8878391311372831,0.8348352094115482,0.6944754500240555,0.7944580338537264,0.6624670220626351,0.8923167060061311,0.8513122201236183,0.752197083818716,0.8131100199750171
2700033N17Rik,0.06051419456086597,0.0268899704,0.029414744320000002,0.00047192134000000085,0.0373194442,0.1127535392425136,0.3285823487510379,0.40564871983231615,0.8050254741028385,0.3649742951394631,0.34493681413005806,0.5907267209325682,0.7041611757761018,0.8244328003085232,0.6264125678587169
2700069I18Rik,0.0017978752836704797,0.00047273118000000015,0.008549665799999998,0.004085225400000001,0.007763527199999998,0.6744522287416135,0.572767165439277,0.6899238282551923,0.401608919855124,0.4404725853640371,0.7276572769486085,0.6793524391070549,0.7767907509410761,0.6334422819355006,0.6507701761857821
2700099C18Rik,0.32539280813122834,0.136647396,0.071564488,0.1214512548,0.11139060320000001,1.2951422186225583e-24,6.5512100920888e-05,0.07321029631885645,0.00018068069878048601,0.0002324418805038233,2.8230053046538575e-23,0.0005439844094323735,0.386849861230321,0.0015275731805986545,0.001852893847444763
2900009J06Rik,-0.00827189160073292,0.00706866266,-0.022744894300000002,-0.0348140506,-0.009483418,0.49301787307032396,0.3930546679324162,0.5252464578901903,0.4911532741334521,0.723297036019318,0.6417565955029314,0.6116769082440225,0.7199768137930461,0.6588375096487119,0.7638148109363729
2900093K20Rik,0.04813860054136014,-0.01117610718,0.007073899999999999,-0.001085950920000002,-0.007032486060000001,0.23127313163716498,0.8812091640981298,0.29720637820227613,0.25218244360453473,0.3882870136021118,0.5064772663011697,0.8862918413243627,0.6757456120467158,0.5560231399378148,0.6320424550466114
4430402I18Rik,0.008047968153826099,-0.0057902994,0.007931207,0.0015282804000000005,0.01349443396,0.636484039353592,0.7707668954986576,0.38341627382771515,0.5290335817494858,0.6378423744832062,0.7036306367537458,0.797049532409657,0.703428322055141,0.6727280052549199,0.7269527062124777
4833418N02Rik,0.024081065587702323,-0.0038573868799999986,-0.01107334276,0.047153018000000005,-0.01375670792,0.6085271119992035,0.7183259192471669,0.36523268257338193,0.23687605213249752,0.8735913058217295,0.6881405440043049,0.7562752130941871,0.7019716352085735,0.5429143554679268,0.8761034303532083
4930412B13Rik,-0.02832343871300716,0.00837968186,-0.004842220559999999,-0.01614565104,-0.007258409460000001,0.5630303258724856,0.4700572344701034,0.05522974603450814,0.22783404722939943,0.23001097077198815,0.6707691305062518,0.631694628897757,0.3189204661851368,0.5329055482259444,0.5244654012866745
4930431P19Rik,0.06182740008366461,-0.0041562866000000006,0.013693166699999999,0.0146344698,0.031518426599999996,0.1276699071655463,0.7223527352443826,0.18355856240462207,0.3705323797564999,0.6662674127249102,0.3725931391128391,0.7595964416454086,0.6322572705048093,0.6175994084579571,0.7400024209802943
4930467D21Rik,0.09063750839840884,0.022627242600000003,0.015951846,0.0534512454,0.0018243119200000006,0.021405371879927648,0.447672503362762,0.6275282765468122,0.05202475771764519,0.4546638339256216,0.10440732088286388,0.6278417943172282,0.7470924234658693,0.21158757147555404,0.6596613148285196
4930512B01Rik,0.03388079064936286,-0.00855472736,-0.0005155709999999994,0.0163943675,0.011742146,0.6528734659602349,0.6782689948097265,0.4674199236766293,0.7305858900995772,0.5022920688534784,0.713566351240831,0.7344962135537939,0.7112967913044496,0.7744432497636096,0.6794607353415006
4930556J24Rik,0.12275901955714623,0.0852033132,0.0543192518,0.05266853379999999,0.0718120116,0.001719027385140905,0.03409497908816371,0.12099447653724087,0.26363446534279134,0.1703814388579008,0.011640986418793993,0.13866616859471828,0.5053511819444642,0.5633935181823675,0.4484159096964784
4930556M19Rik,-0.00869213050656966,-0.0033791945399999994,-0.0011555341999999996,0.0026502231999999994,-0.0026223112200000004,0.5119921580085136,0.7078686216290593,0.5647136209906445,0.7120418941314124,0.7060643950642944,0.6504818400927836,0.7515043585787958,0.7267301672342704,0.761731934289356,0.7558611829604265
4930597O21Rik,0.0038639436867989605,-0.0079931884,0.023938911200000003,0.0314073914,-0.017820178399999997,0.2691065395807554,0.5891053801191333,0.3054288106007778,0.18713780955805825,0.4955612254354792,0.5324874081066011,0.6902113612186277,0.6770933242104197,0.49349195526179823,0.6771998014163515
4932411K12Rik,-0.00011279335954340018,0.008886331599999997,0.002890619999999999,0.0102682558,0.01536710224,0.02344237630678511,0.5335253123476742,0.48121930537615687,0.5015475657726713,0.8591126204934421,0.11161131381558098,0.6552271380728492,0.7112967913044496,0.6588375096487119,0.8634453210290718
4933404O12Rik,0.0797798642674007,0.0174971155,0.02260560626,0.023518743499999994,0.023091542,0.08784938841737312,0.329422587930249,0.5375805818831896,0.1829883649136504,0.5274713512747911,0.2967309850901586,0.5907267209325682,0.7203850719089967,0.48622622677055677,0.6886658809918551
4933421O10Rik,0.030986426069968397,-0.033509670488,-0.02265910352,0.020219523439999998,-0.009156784800000001,0.3774122820309103,0.15299034689703042,0.2592196082439873,0.4211506954416224,0.8201405623941025,0.5946096538985857,0.42178168759161544,0.6550930317035549,0.6334422819355006,0.8338749869743903
4933424L21Rik,0.02574085453477722,0.0240573381,0.003460851626,0.02430704672,0.035950001,0.5335318730044125,0.6239026837948891,0.8316495668183924,0.7979244061621259,0.6629836733901111,0.6618435958683752,0.7018905192692503,0.8491443571375494,0.820268641559444,0.7387078469482468
5033421B08Rik,0.014518226093898237,0.0357682362,0.007567161400000003,0.0200429701,0.033632851962,0.49244412924815373,0.7012868554506161,0.20329700209684748,0.34344131690378676,0.37968265284919406,0.6417565955029314,0.7462205670126693,0.6452671800536759,0.6000435861305105,0.6268133736386102
5730409E04Rik,0.12651144493575978,0.0470847972,0.004897963199999999,0.031041706600000003,0.024490342840000005,4.6156328603844733e-05,0.0013729005043540243,0.5211190626638211,0.0535760629629422,0.0117869535272225,0.00042083711374093726,0.008588323782842439,0.7199768137930461,0.21663364589363585,0.061125651191358314
6720427I07Rik,-0.03967631070080204,-0.012608275799999999,-0.013847388900000002,0.010660728999999999,0.0088384364,0.3637574302999998,0.14707136007939883,0.7093839875234101,0.555126261579381,0.13783304506727906,0.5894148414008341,0.4115913238059462,0.7822048076429348,0.681666234309372,0.3946037936551577
9030624G23Rik,0.03625741838790893,0.030965336700000002,0.0325323786,0.041512371199999995,0.0017668044,0.38959226043577827,0.42825958823259336,0.3012034539661506,0.330733127278633,0.21090791896535413,0.6013199851311511,0.6250598230333035,0.6757456120467158,0.6000435861305105,0.5033920343959768
9130019P16Rik,0.05531191400560274,0.0270204638,0.018935979999999998,0.007042140800000002,0.023045532920000004,0.363592554523342,0.1258133402878414,0.4654471917856803,0.16997651569990907,0.25229502817536736,0.5894148414008341,0.370356409676831,0.7112967913044496,0.4658491933229335,0.541064250176605
9330111N05Rik,-0.00472811573516404,-0.0164405198,-0.0233869836,0.0026970809000000004,-0.0114175472,0.16569070822864035,0.6404254480264342,0.35613239856003936,0.47017041602812737,0.23436553926045067,0.42674263716738486,0.7102225336417083,0.7019716352085735,0.6588375096487119,0.5244654012866745
9430018G01Rik,0.024334098408092558,0.004785228479999999,-0.0005773814399999997,0.014543047999999998,0.036050464399999996,0.2081196576801333,0.09403922090749743,0.6970112106490749,0.34258407344398467,0.14087699494585657,0.48940344261226404,0.30366831751379375,0.777372738592972,0.6000435861305105,0.40074752136956165
9630002D21Rik,0.021494043466314637,-0.020844544200000002,0.013026134180000001,-0.0038475292000000006,2.498979999999984e-05,0.2422566504682473,0.7476710835886691,0.5227939859595083,0.6227014463572251,0.7792836814170188,0.5120424657624317,0.7801055808572874,0.7199768137930461,0.7171811588210295,0.8040685914029151
9630013D21Rik,0.08472753405692482,-0.00033455234000000016,0.0106321042,0.033163598,0.036260006908,0.03455216472555158,0.548780018333183,0.3159724579572949,0.43145851973324795,0.34298338980945353,0.1525324993422293,0.6644089084965332,0.6873234830359791,0.6364968217877089,0.6200216555855728
9930104L06Rik,-0.00607203530744046,0.0163378256,0.023302233212,0.028171569880000004,-6.065799999999955e-05,0.5826518579210251,0.3973892002383646,0.32833382947040307,0.2975001460014071,0.4468031025213769,0.6765584118440919,0.612550203682341,0.6918790858347537,0.5824974602320041,0.653649711171051
A330015K06Rik,0.10210094806514278,0.0500798002,0.0514756824,0.032503564400000004,0.012895623576000001,0.013459648754055083,0.1525034502930306,0.13587017655893835,0.33864993855623615,0.3577072514919632,0.07006048511905538,0.4212719072451044,0.5364352427604391,0.6000435861305105,0.623409683248167
A330069E16Rik,0.05025997446006788,0.0088820672,0.0368885849,0.0495376008,0.0362386876,0.46307530112459994,0.593193420357371,0.23021163052138574,0.3068870195956412,0.26284024514580795,0.6272911161742803,0.6907776343555029,0.6472792273959911,0.5894257099527029,0.5486927132102137
A430018G15Rik,0.011447167266778222,-0.0002782601200000012,0.01036291,-0.0211197938,0.0088593046,0.3070667904578202,0.30468087683166234,0.6365975341585832,0.10559457382375316,0.41179169927652176,0.5541313823849575,0.5835092040311974,0.7500452366142092,0.35072483448603725,0.6432804260814646
AC079680.1,0.033007338631518876,0.012697914599999999,-0.0025327143999999994,0.016250751754959998,-0.0089979858,0.8579637310489614,0.40697598026589776,0.7232535377476326,0.5439536215356857,0.614154752835784,0.8610499315203606,0.6176354349226423,0.7857777921790868,0.6796637570527868,0.7200331533096743
AC107452.3,0.016888706937781817,-0.0044166375,0.040815983599999994,-0.0002673842600000004,0.0024959377599999997,0.6806273554392597,0.44568851738097526,0.5429324554628001,0.164373221323278,0.42400059051837224,0.7314908789196974,0.6278417943172282,0.7213245479720058,0.455866090946268,0.6489614096018808
AC107453.3,0.09368166092591353,0.005797060072,0.009382976319999998,-0.02051711508,-0.0028236154799999996,0.06360096480421301,0.5022625611129439,0.6917778417609195,0.7446912223784348,0.37900787768134603,0.23286967428314212,0.6398384749125662,0.777372738592972,0.7816736307132555,0.6268133736386102
AC122459.2,0.0212650017322145,0.008547504800000003,-0.011743235,-0.008350727,0.005685353459999999,0.5235136391082498,0.7104249589764673,0.49108001421767766,0.7068004571928277,0.5924368783794653,0.6585225667772844,0.7524190843625264,0.7163564111187761,0.7602055804040051,0.7069712962697641
AC124426.2,0.042496047396582456,0.0484054508,0.0354746452,0.0673716994,0.0528665548,0.14732285916654578,0.35797748768042975,0.28460972793632777,0.19021549180197736,0.19398667542568335,0.4066116102231488,0.6011219030126814,0.67465320081477,0.49609721973776083,0.4798074684730998
AC124595.1,0.0813140849865704,0.0627271524,0.048226758200000004,0.038061112200000004,0.026271098386000002,0.022213603946141438,0.026174896874940262,0.5217245458928135,0.33433411646922856,0.3723753342455883,0.1072248356569803,0.11339745695820394,0.7199768137930461,0.6000435861305105,0.6268133736386102
AC126549.1,-0.00030299169474677786,0.0358740818,-0.005123550000000003,0.0253740379,0.016105418,0.6133333047956926,0.45771734170494616,0.7568965456613664,0.5788605248799388,0.6081116780945173,0.6891126971941673,0.6303215120221124,0.8040731727589118,0.6949315251355548,0.7172493520805362
AC127254.1,0.061137372294206335,0.026073178000000002,-0.013450637580000003,0.02827996828,0.04654587219999999,0.3004154937302559,0.47440840284927566,0.3689804649047653,0.6278865521362089,0.18380264663813928,0.5516869209520022,0.6333011693538178,0.7019716352085735,0.7176803160249209,0.47158452973823806
AC131029.2,0.03360095670358833,0.004619261309999999,0.02016800414,0.0037972077999999998,0.020844900399999998,0.25375375474097345,0.3620418654080199,0.5457898836136466,0.5131692304001871,0.47538314445618834,0.5173415465903769,0.6019386228406475,0.7222879124545578,0.6665466260784554,0.6631594865163828
AC139845.1,0.0640068645099267,0.036715229,0.0159767319,0.0521601776,0.022287708,0.12986709188804885,0.8804079486079065,0.6687844353552554,0.4061236790284926,0.9173229544078412,0.3774262357996419,0.8861248833391266,0.7659723212812655,0.6334422819355006,0.918640001004263
AC147639.2,0.00446634133793994,0.0325143348,0.0267863022,0.0218062808,0.008239578000000001,0.5592693850178987,0.30451571285066237,0.7801181805800718,0.44876991565298774,0.7190946862962154,0.6707691305062518,0.5835092040311974,0.8204449526304901,0.6432590522145593,0.7616834376486109
AC153564.1,0.04717732555871218,0.02217982126,0.01580838584,0.01315989734,-0.0225204951,0.3116518023853251,0.47584491401766693,0.6667170985593356,0.21917164411873602,0.19652897875046593,0.5541313823849575,0.633700638387732,0.7642320069763954,0.5219792853062656,0.48267240379735915
AC154452.1,0.013830500207169177,-0.011521347800000001,0.02154186346,0.0388467086,0.0101153362,0.24670562597445678,0.34843329722116423,0.741511083270316,0.16191919400413715,0.4613096599843268,0.513594971786335,0.5971307734932728,0.7967323435276376,0.4508528455803819,0.6596613148285196
AC154838.3,0.00794660879074772,0.0089002634,-0.028908355799999997,-0.0113346055,-0.017031693,0.6940037425426582,0.22534596502673454,0.8479723519803023,0.5408753778752196,0.23032478133580986,0.7401645419319635,0.527445673174991,0.860306495281834,0.6779165787384828,0.5244654012866745
AC158232.1,0.023161061488865462,0.008159177799999997,0.0125489248,0.023170835000000004,0.028554067399999994,0.5368412156422719,0.7641237289951386,0.29332324958083067,0.6304674982431144,0.35427250296341944,0.6624670220626351,0.791353082366903,0.6757456120467158,0.7185475163800201,0.623409683248167
AC159301.1,0.11754449268984538,0.013886881399999999,0.03096878448,0.0549075852,-0.0165071954,0.0003557607422819206,0.5528708052347271,0.06972795981466035,0.08981605052530069,0.12120671843365771,0.002726847447710326,0.6668461581310685,0.3770174571374077,0.30784616826239425,0.36907810037745614
AC164426.2,0.0174659646715595,-0.00651771278,-0.016374657539999997,0.013649660880000001,0.055624339,0.7657135215261878,0.6873445610475217,0.4563422587031831,0.34578739863180114,0.34982342363718827,0.7890024685966593,0.7384017644238947,0.7109744123266357,0.6021131175995479,0.623409683248167
AC165249.1,-0.0372574749207282,0.0207058866,0.0068763567340000015,0.0245346262,0.010341185400000001,0.6309995014482692,0.7157068899682073,0.7919164311456084,0.8023209232565807,0.3093431497919699,0.7004589376648581,0.7546569247964091,0.8268887885090747,0.8229688881933309,0.5879205639779265
AU041133,0.032100805189450944,0.0480393116,0.0411076304,0.0496569038,0.011610361299999998,0.13414710532606644,0.5007924642029786,0.42135797404280134,0.21059670822042661,0.7046326143235937,0.38347379493824324,0.6398384749125662,0.706956420259207,0.5180695492882444,0.755543810131755
Aamdc,-0.01290747882271194,0.032572061436,0.007269557260000001,0.0123125423,0.017035436600000002,0.30284720677327454,0.4596053754367755,0.7606004686794205,0.2960284084550519,0.5737078797382347,0.553698366249958,0.6307584542400428,0.8062596153554649,0.5824974602320041,0.700194656373436
Abcb4,0.026171681824881637,0.006786936199999999,-0.0118518452,0.0431169552,0.030132132099999997,0.4100688197156016,0.8340336409704812,0.2987348688202145,0.32201039115209773,0.37106865155675,0.6098421844095113,0.8498735786368307,0.6757456120467158,0.5962402328321305,0.6268133736386102
Abhd1,0.05122872148023806,-0.022901192600000002,-0.01407058952,-0.010375485200000001,0.01953171328,0.2250688717040455,0.4597590470654912,0.6458258668224952,0.214844670751697,0.8504936622492196,0.5010443194094361,0.6307584542400428,0.754545296664473,0.5215932922433577,0.8572533662121831
Abhd15,0.0060452496259748,0.054194564199999996,0.045838208,0.0010639067599999997,0.0112959262,0.0834033647942994,0.13910927901237444,0.39881782164281293,0.6820491348716706,0.4296053889690513,0.2872782565136979,0.3950316629083686,0.7041611757761018,0.7468716366113461,0.6489614096018808
Acacb,0.02665899165222596,-0.0177178528,0.015148707399999998,0.0069525870000000005,0.01651006768,0.35804981483974646,0.6166311159468509,0.31168083158221455,0.6881490052397115,0.678394823136177,0.5869324226809005,0.7005210009542286,0.6825663423189785,0.7503071162567234,0.7418349096256192
Acads,0.026264267609283836,0.005627819800000001,-0.004438357979999999,0.02190158278,0.0218431056,0.42171607018765356,0.43959401720923613,0.5942369478252365,0.43205825039282425,0.23282320766643466,0.6134451698767224,0.6250598230333035,0.7421311926734153,0.6364968217877089,0.5244654012866745
Aco1,0.025817645708764082,0.0673203456,0.04329918385999999,0.058575954,0.06546636739999999,0.4009763530594787,0.37997316750341326,0.45757324307194513,0.18436892223509568,0.09308291284959666,0.6073712203148971,0.6103947289061528,0.7109744123266357,0.48711107295067896,0.31517151316793046
Acp6,0.025563698906854816,0.0019730914000000007,0.0061490934,0.0086603349,-0.01975516496,0.5482036343756227,0.606774020381786,0.4402303438112667,0.6881408745821318,0.5198965840739092,0.6690674277812718,0.6962762938216923,0.7109744123266357,0.7503071162567234,0.6842035233802861
Acpp,0.05712045145655485,0.0823409212,0.06814106419999999,0.08688583799999999,0.0701166532,0.10752622149740063,0.0909762262382709,0.16929339923528536,0.1890868603142527,0.4087756920143049,0.3363640615126273,0.29791510704785895,0.6069233175610376,0.49542728334005653,0.6414421713835269
Acta2,0.030028679154334697,0.21457261400000002,0.14525353079999997,0.191516618,0.19899663399999998,0.038290939233255356,2.4256156261824133e-16,1.113251732789594e-06,1.3545891672863726e-11,2.3002855271077894e-12,0.16186624312239764,1.301436076355564e-14,4.706018688610556e-05,4.972768127274973e-10,1.1884808556723578e-10
Actb,0.0812079934484993,0.219158782,0.11530608140000001,0.184260456,0.20337418399999999,0.017219275994478797,8.374641355779936e-22,2.3307912189803334e-06,2.541457549945912e-15,8.899085421399754e-17,0.085788892901064,1.29806941014589e-19,8.973347364557101e-05,2.3635555214496977e-13,1.2414224162852658e-14
Actg2,0.03832229814722826,0.136101448,0.0733608994,0.0822311754,0.08528780300000001,0.4129852143959268,2.1721597290560348e-07,0.031675802454501474,0.0025108224306903413,0.0009459935564166063,0.6098421844095113,3.022942407416369e-06,0.21430948714550258,0.015993594935219298,0.0064689265254959105
Actn2,0.04309059209980854,0.048943295,0.02665458894,0.039721049480000006,0.0207111742,0.30494420364886876,0.07656506803951865,0.5071794583264899,0.6411500001112258,0.264145720635752,0.5541313823849575,0.2670206747878213,0.7181611832788228,0.7248008510171475,0.5488878010761663
Actn3,0.03322762614588882,0.035760235439999996,0.028936258600000004,0.0490894512,0.03691089374,0.19721135450336277,0.254902729087954,0.6117551647979198,0.48020775691067985,0.5456757810409221,0.47351091141513096,0.5538774253546664,0.7422029543137081,0.6588375096487119,0.6920161041382603
Actr3b,0.09737994680478954,0.02079754,-0.01246653004,0.019503846600000003,0.02306092688,0.02975610199212073,0.3767344195264733,0.1937491471104172,0.2831216507097148,0.13422972732883107,0.13433580025569067,0.610388519441847,0.640076801555444,0.5758255716923576,0.38868941009975155
Acy1,0.0193572032098702,0.0292732418,0.027159307799999997,0.030375365999999997,0.0462460252,0.5332992236034524,0.8479023589310896,0.6855960886033234,0.3485107284052705,0.4606512527902136,0.6618435958683752,0.8608615652902983,0.7737917019430713,0.6046921220464582,0.6596613148285196
Adamts5,0.12387246755858708,0.0772760388,0.10285893319999999,0.1165531582,0.10222960300000002,0.00010195053094370674,0.0025295280717908273,0.004117631133929918,7.2319970930459624e-06,5.8228376110205296e-05,0.0008725214151317233,0.015015709192120016,0.04558805898279552,8.772726908520972e-05,0.0005419238649139316
Adamts6,0.07868545045654032,0.07102416240000001,0.06306223060000002,0.0616375396,0.07102838419999999,0.05047087821164959,0.20196063275818776,0.40692654610120055,0.09078204359374707,0.07471872604950539,0.19666724889734966,0.49340644955809443,0.7041611757761018,0.3096355765605799,0.27143912197671877
Adamts7,0.050699095650188576,0.0123999509,0.03408150346,0.029295664399999997,0.027847974200000004,0.28093907775449767,0.2030977767955379,0.5000366072154994,0.6871175601883281,0.5446905428080691,0.5372262899442154,0.4935912868114553,0.7163564111187761,0.7503071162567234,0.6919762775735281
Adap2os,0.026775658321713896,0.032997739000000005,0.026219997680000003,0.013539112340000001,-0.0038737215600000005,0.6385348869824357,0.5899562956291771,0.6982423236250852,0.30836357381927243,0.7389604664747494,0.7052701245767995,0.6902113612186277,0.777372738592972,0.5894257099527029,0.7739112993485552
Add1,-0.021379221046082496,-0.00062719392,-0.01072771398,0.00419110848,0.046675168999999996,0.14654197697540283,0.5956380390461071,0.5615776632829412,0.4150215035333998,0.23055077659585738,0.40560725769977574,0.6930067259960964,0.7248011402916806,0.6334422819355006,0.5244654012866745
Adgrl2,0.24261273667110328,0.0855115128,0.017111133599999998,0.100174756,0.082626198,5.583596292802871e-14,0.00014191814084382615,0.11638055637431281,0.0017552501648748207,0.003986489136354937,8.559469042263743e-13,0.0010998655915396528,0.49497218336026333,0.011549877264152712,0.023664478064745264
Adh5,0.04007999439963098,0.08500827159999999,0.0631597608,0.0760583546,0.10339570839999998,0.4340244417602622,0.11550715950175297,0.024202566110247563,0.0439769771613532,0.0006485547707685653,0.6196754722635227,0.3495494562266864,0.17863798795658914,0.18258298553597535,0.0046396610524212754
Adh7,0.02739267436865418,0.017024912800000003,0.0417738346,0.03537473666,0.0284791464,0.8071704553837827,0.5319941477019081,0.3717397853298207,0.26112871907097507,0.11671101630380674,0.820103995091316,0.6552271380728492,0.7019716352085735,0.5626451241497713,0.3616608275821963
Afp,0.0012994198672647995,0.0014230256,0.027754029000000003,0.027064697199999998,0.013110318,0.7901119199317764,0.22136785486529795,0.32592592511471474,0.28774574998166835,0.10694581691417147,0.8066348711600754,0.5202043415814733,0.6918790858347537,0.5767317833684301,0.3426127291902651
Aga,0.006611781685845577,0.03296493064,0.019729159399999998,0.03653774419999999,0.0677233564,0.3868396054247255,0.22855351569688584,0.16886262393995655,0.4208281843824393,0.0147993472314696,0.6002683532452637,0.5296127765425586,0.6069233175610376,0.6334422819355006,0.07373246209964318
Agl,0.02575502357526162,0.0028748744799999997,-0.052004057279999995,-0.0632708054,-0.004253175600000001,0.01933448577400812,0.3053489024679385,0.0800619351306023,0.2422294149901724,0.2334796993483302,0.09463721984119763,0.5835092040311974,0.40464065208797495,0.5449979200236534,0.5244654012866745
Agrp,-0.04796038706854593,0.007713046399999998,-0.009042647400000001,0.0006788680000000005,0.0284586513,0.5693912600001478,0.49073920988970887,0.3037222213285239,0.27004428159664295,0.43207219300724653,0.6724845757458454,0.6398384749125662,0.6757456120467158,0.5690510163554636,0.6489614096018808
Ak1,0.04276426873296614,0.0851876586,0.0322470854,0.03440589674,0.0539352293,0.23757282709294716,0.07323945837089244,0.24141314473516343,0.09039959496116645,0.08974810414893682,0.5090846294848868,0.25859259839505594,0.6505288210182132,0.3090868504186941,0.3064096120171096
Ak8,0.04915830660101308,-0.0052820612,0.0088924765,-0.0070273663799999995,-0.012565736599999999,0.47395813702943557,0.6457021802054448,0.44984825627634684,0.49385214153113777,0.03554885656682501,0.634521690168966,0.7131864935760851,0.7109744123266357,0.6588375096487119,0.1564373971947031
Akr1b3,-0.019117311785427724,-0.046893590480000004,-0.004012506000000001,-0.028085169799999997,-0.032990746200000004,0.48597712921091296,0.3019937212693643,0.8009284362982547,0.3335735349595021,0.14773733070009046,0.6406162356594759,0.5831479146247857,0.8325597381788863,0.6000435861305105,0.4138425227442293
Alcam,0.044632129556071036,0.08831961379999999,0.0769986922,0.07840666100000002,0.091232271,0.022212748843996405,0.00042747274386806255,0.030778072033866365,0.005308073156083617,0.001955124263265959,0.1072248356569803,0.0029375590034283116,0.21182312222341435,0.030853175219736025,0.012175885478821485
Aldh16a1,0.04092680383632268,0.023929868740000002,-0.0042015727,0.007140502079999998,0.005628570299999999,0.6403314755113254,0.6092344154048683,0.8435228346648054,0.2704738305751159,0.658978278494528,0.7061362911765209,0.6965570786777067,0.8582890987289595,0.5690965213458321,0.7377806569019795
Aldh1b1,0.07484444998189407,0.025770224999999997,0.013432359199999999,0.028823458000000003,-0.008839993780000001,0.006372176948720042,0.4664447419979666,0.44497602856502344,0.5645729637776591,0.8270055341799173,0.03628239527944677,0.631694628897757,0.7109744123266357,0.6842565460207076,0.8372080697975215
Alkbh4,-0.0008378072833261204,0.0366763072,0.023807341319999998,0.024108881199999998,0.0094877216,0.24295076359202294,0.26520377169507,0.39644987061176834,0.5229690529388342,0.7113678210736172,0.5120489899721836,0.5629344579078521,0.7041611757761018,0.6723887823499297,0.757525275112745
Alox8,0.012509973136793019,0.006227125599999999,0.006646819900000002,0.014023372188,-0.004028256399999999,0.36623671025921317,0.5717140441099215,0.8179156007320867,0.3093247115607222,0.5610228831969961,0.589434599145212,0.6793365345258437,0.8433054419964974,0.5901696844904318,0.6969978348675889
Alyref2,-0.0060580562509316,0.0103896508,0.010050001199999999,-0.01106653218,0.0090502593,0.5095376353605341,0.09955255726642201,0.35271952107840676,0.4332856891021365,0.3981853697825444,0.6500699910503414,0.3185225169418778,0.7019716352085735,0.6364968217877089,0.6398114708791759
Amacr,0.012707171270253803,0.022972098280000002,0.00694850568,-0.024322012320000003,0.0073243161000000005,0.6271352829712742,0.6414913207086397,0.29252540928546117,0.6935992178049807,0.2361251815545974,0.6987649518729453,0.7102225336417083,0.6757456120467158,0.752197083818716,0.5244654012866745
Amotl2,0.10201820051298012,0.15502645599999998,0.156078914,0.17701340999999998,0.1338668468,0.014728604574616314,2.1161761460609556e-08,8.128772364377921e-07,1.630715619918819e-08,1.8514798471460577e-05,0.07498687365543708,3.6900821546937916e-07,3.543636702596e-05,3.3952959549056007e-07,0.0001927473422961754
Ampd2,0.042882711717926375,0.0449870636,0.0208301944,0.0283840131,0.0378848378,0.2877014162847597,0.06999578462059262,0.45369044243363976,0.17538023545940645,0.42070323110792285,0.5423560482665403,0.25016633639201485,0.7109744123266357,0.4741384272594419,0.6477715313416693
Ampd3,0.0054346851757281585,0.0344753476,0.034848588,0.029424347,0.0168583904,0.42231181087298125,0.32003168654524017,0.4734701011239887,0.1996571027945844,0.3734688141486885,0.6136718501748009,0.5886792086053216,0.7112967913044496,0.5009382345295778,0.6268133736386102
Ankrd24,0.0262133650575464,0.0266131994,0.005967977799999999,0.0165395729,-0.00641300612,0.45621251204213975,0.41843901626408214,0.5629165690802056,0.21923253608003182,0.7087214532704214,0.6255590785840981,0.6235748911899398,0.7257565747383428,0.5219792853062656,0.7558611829604265
Ankrd33b,-0.006401414317239498,-0.0065681578,0.0032480350000000033,0.004215483400000002,-0.018979471300000002,0.801589114136293,0.6090785115532569,0.11969328156337398,0.31195262916390926,0.4602912870936887,0.8150268325219596,0.6965570786777067,0.5043552520647644,0.5913942088317286,0.6596613148285196
Ankrd35,0.07586946282549731,0.03901739954,-0.005005267999999998,-0.00080177076,0.035347403,0.17838252561945853,0.5339960028650432,0.3834691422706482,0.7789695218250572,0.343277740621632,0.4490415949563246,0.6552271380728492,0.703428322055141,0.8043393656150665,0.6200216555855728
Ankrd37,0.04835315882680586,0.019721058559999997,-0.0029020007999999995,0.007933410399999999,0.052435116799999994,0.12796838814640468,0.42689653007275663,0.5610904646569936,0.30499528917602614,0.13240616756249934,0.37268455420508256,0.6250598230333035,0.7248011402916806,0.588476387829262,0.38641548901608075
Ankrd39,0.01935405811232834,-0.005826501799999999,0.002995146399999999,0.00637829664,0.00735025762,0.7218041633838177,0.297257385523,0.705259654885232,0.42914537119989693,0.7471960751127873,0.7576499683374159,0.5830381800485782,0.780936901497964,0.6364968217877089,0.7807779211852721
Anks1b,0.017150775258757158,0.0547885716,0.07166643660000001,0.0562687592,0.04675645844,0.13199444628819662,0.028943304044574653,0.16063555947298924,0.1914529683418376,0.43365613855217444,0.3796541290145037,0.12347372826355242,0.5958841743497472,0.49691544691102507,0.6489614096018808
Ano3,0.029692977387746077,0.030609606899999996,0.0386994882,0.0291911802,0.051541020800000004,0.4631611825516192,0.2507567684735921,0.25656675807322904,0.4035561938005306,0.2605977834982915,0.6272911161742803,0.5491455133762339,0.6539645592355555,0.6334422819355006,0.5458467086788538
Anp32a,0.0368062307752685,0.02171519262,-0.013399384,-0.016131998,0.007995475399999999,0.35983845492451766,0.6574826979650932,0.6541142032937406,0.5530592767220197,0.609935258298159,0.5884814122153601,0.7204936085320542,0.75932713582054,0.6811095581869431,0.7172493520805362
Anp32b,0.14076796455971924,0.0496248252,-0.01063319654,-0.015302163200000002,-0.0026621924599999998,0.008577935817675858,0.1599210359440416,0.3895483240761867,0.09808761532178295,0.19201983649732646,0.047864881862631284,0.427723866185073,0.7041611757761018,0.33104509631308754,0.47687520603858413
Anxa1,-0.0027832879194096996,0.14070763,0.078298334,0.123901266,0.124118094,0.12176590112612759,1.4136051598068533e-08,0.014926423457781128,7.707511618048266e-06,3.7594475253397266e-06,0.36373325925256533,2.5947094709612636e-07,0.12248447484473338,9.26894716135977e-05,4.682526158793677e-05
Anxa2,0.08497061788269838,0.0666188562,0.027919305999999998,0.09781750720000001,0.1401589842,0.007050053307646019,0.00022668643952436084,0.07784698657246462,0.0004238591760455783,6.518848536526099e-08,0.03965654985550885,0.0016643557007183334,0.39778954677138517,0.0032488107174922076,1.2288910416829606e-06
Anxa3,0.05249650383182508,0.15665907679999996,0.138656836,0.205071434,0.1473184012,0.4454960933666744,1.4417437562565337e-08,3.4101820463566435e-06,4.169876829814308e-12,9.459330678488362e-08,0.6223636694061372,2.6119903116595643e-07,0.00011768181833845445,1.6619937650259882e-10,1.6917649098065722e-06
Anxa5,0.03937669570213634,0.14664084400000002,0.07000946999999999,0.1198099448,0.137004526,0.11500360680900511,6.309930708667056e-07,0.018529921947033734,1.780983623509049e-05,1.026793767909032e-06,0.34949161806186924,8.002139398718677e-06,0.14617664937609084,0.00019111324267654794,1.4323773062330996e-05
Anxa8,0.0335715409570776,0.14600071799999997,0.0823516062,0.0657262438,0.09455331500000001,0.10880676710394974,1.5632483841537686e-10,0.00036175107966748984,0.00014022040122037578,9.393164902215761e-07,0.3388067859598435,3.894163385525906e-09,0.005936973601601745,0.0012302355956127309,1.3370882692439782e-05
Ap1m1,0.0441222666627437,0.03855108040000001,0.044687151200000004,0.01887945244,0.0360273266,0.5945556615344048,0.7963178212795846,0.15225976614906106,0.7042812546856225,0.5309756651234125,0.6804974378942141,0.8186170675644956,0.580334354584536,0.7580805171963297,0.6896750957608571
Ap1s2,0.01763440892265534,-0.0011963967600000004,0.045589788640000004,0.018766404999999996,-0.0013620605400000002,0.1853020223067052,0.5263977453892668,0.6270967708023929,0.3074162736328555,0.6247023590261125,0.45532316950052365,0.6521535122717825,0.7470924234658693,0.5894257099527029,0.7230464508731932
Ap2m1,0.04054231647022964,-0.0384762384,-0.024160146639999998,0.028247010299999997,-0.0016740117199999995,0.5543206513233054,0.21568137500357076,0.23796385184756103,0.5770358206431294,0.539864182597994,0.6707691305062518,0.5116497205362841,0.6472792273959911,0.693337613951047,0.6919762775735281
Apln,0.016813732198779983,0.0395300395,-0.0032436403399999994,0.0356112898,0.035241476620000003,0.5731291950844366,0.35161778140824396,0.8317970825798868,0.5455980483517626,0.16228692232465028,0.6744867428634483,0.5982198629607963,0.8491443571375494,0.6796637570527868,0.4401393139658292
Arfgap2,0.03551596459353198,0.04749530500000001,-0.00791541892,0.0426074956,0.0314050116,0.37451841030606114,0.1391235805268545,0.4213470260847953,0.4028179929513609,0.6361684510472865,0.593696798155631,0.3950316629083686,0.706956420259207,0.6334422819355006,0.7260179292730569
Arhgap11a,0.4992371082674669,0.1612059054,0.053743178200000005,0.167251724,0.1397473392,5.3199173972597985e-62,5.29993447824095e-07,0.07970497303603122,1.7077084958508937e-05,0.001490880763138662,2.3939628287669093e-60,6.845748701061228e-06,0.40432159049186744,0.00018467080245829432,0.009540269103570797
Arhgap19,0.24692130159860443,0.037520116799999996,-0.0032611831799999992,0.0418930493,0.0511721266,9.404168237562616e-13,0.14888946229919214,0.5283783238478799,0.3222929750741645,0.07636089365528345,1.3809278622526156e-11,0.41374661336130086,0.7199768137930461,0.5962402328321305,0.27495062319523084
Arhgap24,0.2613063018937375,0.18489036800000003,0.130620344,0.221542898,0.210830994,8.547408403104087e-17,2.71975755427728e-12,4.464288074283006e-05,1.3128158659945924e-12,4.376009604149621e-12,1.4365824966662893e-15,8.62286770049274e-11,0.0011323057933863262,5.907671396975666e-11,1.9076666868089754e-10
Arhgap4,0.02404794139660828,0.020531487879999998,-0.008533813000000001,0.009249541339999999,0.0341218668,0.2564823389514091,0.4323553297796548,0.37161715207258283,0.1994415211320804,0.07168651234730353,0.518540380923501,0.6250598230333035,0.7019716352085735,0.5009382345295778,0.2638593264498375
Arhgef10l,0.03095562285992658,0.042430794200000004,0.029364298999999993,0.02635049552,0.0439614022,0.32057620728127223,0.4978018454746981,0.6055728210420113,0.5907848162013172,0.529211343672594,0.5626693669291787,0.6398384749125662,0.7422029543137081,0.7000640594043025,0.6886658809918551
Arhgef25,0.06953741886440198,0.042999866719999995,0.0293481224,0.039822420000000004,0.051633670799999996,0.05602683759933472,0.10365974286958357,0.25689790570687054,0.0864804692482411,0.1578894326271807,0.2101006409975052,0.3271614056630522,0.6539645592355555,0.30084851521520284,0.4344295039741954
Arhgef39,0.12307407430985266,0.016081424699999996,0.0009679792000000006,0.05239946160000001,0.032498663899999995,0.00035997214892903004,0.6750173571781664,0.38899731700064366,0.12332495412041368,0.17763788858743101,0.002744049987737688,0.7322311145128633,0.7041611757761018,0.3874736734188673,0.45987093965522746
Arhgef9,0.030646903744210297,0.06787523919999999,0.0222474452,0.007904358639999998,0.0502664198,0.298079273626716,0.06001770296145675,0.5310796712494943,0.30009840574451374,0.4322727084107776,0.5507557439857865,0.2206140396359478,0.7199768137930461,0.5824974602320041,0.6489614096018808
Arl3,0.02765809363104036,0.046811728340000004,0.01101143986,0.04154644528,0.048045257599999995,0.3112564641780609,0.030233790949760055,0.8362992435411466,0.3120187367026181,0.005286316324774734,0.5541313823849575,0.12742035762814283,0.8521822094520815,0.5913942088317286,0.03009963784922757
Arl8b,0.01352026186537294,0.019644989600000003,0.00892353986,0.01556727148,0.0274547434,0.4582948948479916,0.3850563208906594,0.37804747259865634,0.2889273534533234,0.5918746051260348,0.6255590785840981,0.6116769082440225,0.703428322055141,0.5774407708701808,0.7069050292387146
Armc3,0.08968361127506037,0.0204151076,-0.00593443256,0.00799280184,0.0057679952,0.028992278926093216,0.47229928167767776,0.4062364994188052,0.676768970292147,0.22472664760395172,0.1321706833395426,0.631694628897757,0.7041611757761018,0.7449113360841056,0.5222694376075004
Armcx4,0.029744200276120042,0.010574128600000001,0.0016185506199999995,0.014006460352,0.0069806396,0.7190503794471967,0.5381629352270798,0.5098495934547875,0.4353756228791587,0.36366112987313964,0.7558969701046266,0.6573881739420108,0.7184053542286957,0.6364968217877089,0.6264125678587169
Arrb1,0.05742744092574999,0.014906381399999998,0.012119066,0.040971249,0.015939814759999997,0.1807399438917245,0.4095176312430765,0.798188604277246,0.13456853187181608,0.5285116838458452,0.45253597944589713,0.6182652549611383,0.8309500768408644,0.40809369991561617,0.6886658809918551
As3mt,-0.02525652654548758,0.0199937602,0.01502850614,-0.0196733414,0.01329499198,0.4833834797303166,0.3555074836659116,0.7406917882289664,0.6469593763117234,0.4162528183545892,0.6397722525842425,0.5989528257414816,0.7967323435276376,0.7284123287947222,0.6451918684496133
Asb13,0.0015187089572171817,0.006307244200000004,0.022765695,-0.003176405,-0.0043400916,0.6299709751584268,0.5877872468170673,0.4647905805766036,0.3300845289432941,0.26442949548155226,0.7002466217896457,0.6902113612186277,0.7112967913044496,0.6000435861305105,0.5488878010761663
Asgr1,0.012759015182218881,0.01630150428,0.011544334691999999,0.0101427808,-0.0009701582,0.37162063852705857,0.1561173944861778,0.9468144304456799,0.3212650042504393,0.10282272566223072,0.5911183474860281,0.42452975693609757,0.9474936373541776,0.5962402328321305,0.3351348184551679
Aspm,0.5515730277281685,0.135807624,0.0556703826,0.11814958020000002,0.08900762000000001,8.891072591789347e-77,4.595589624800315e-05,0.15394984105405599,0.00042880389287012225,0.010881868315468293,5.906212507402924e-75,0.00039518422423683,0.5811435037122654,0.0032687509866328986,0.05728379735878592
Atad2,0.3565427923591341,0.16124016800000002,0.13784526140000003,0.148977592,0.13212252600000002,1.2093156456654244e-33,1.8633122132711225e-09,5.6154596411659214e-05,1.9353516500970957e-08,4.588756272993528e-08,3.012491653041548e-32,3.9383644507776e-08,0.001284191180233846,3.8602704018068915e-07,8.890715278924961e-07
Atad5,0.2685727546068063,0.123568914,0.1084083682,0.1232422482,0.11819440079999999,1.6131639514629117e-17,4.8161121057254866e-05,0.0014752263893622532,1.4869840009334646e-05,8.026132560001789e-05,2.7782268052972365e-16,0.0004096631943589667,0.01959943631581279,0.00016205802197673307,0.0007086363874178795
Atf5,0.056228475427219246,0.06549677400000001,0.0346865518,0.0645907196,0.0437108278,0.15434783692883297,0.15051573353332906,0.22437016566678242,0.04302567306841785,0.16157137525785684,0.4145899747050159,0.41660604817260727,0.6472792273959911,0.1805873267561381,0.4401393139658292
Atg10,0.08548257942577696,0.01388926566,0.0245189376,0.012534178099999998,-0.0133956362,0.013637913555634136,0.5041567577845878,0.3196409136883375,0.35374539696844437,0.3579578181231411,0.0707244959483629,0.6399442011915378,0.6918790858347537,0.6086285734664638,0.623409683248167
Atg4a,0.0396785445909529,0.10475357199999999,0.0455166446,0.11718187399999999,0.109000728,0.454192444463862,0.0005951260169572411,0.4468365905980194,0.006363412004758014,0.0039173602134048606,0.6255590785840981,0.003934600917797874,0.7109744123266357,0.036085202222103374,0.02335349357991359
Atg4c,0.05898111606313701,0.046039725,0.03520177632,0.03758156476,0.0430146644,0.3414155351327237,0.4598432601879022,0.7388719351186728,0.6903155548967854,0.44763651163069684,0.5754937114982464,0.6307584542400428,0.7962413457944475,0.7509466388114926,0.653649711171051
Atpaf1,0.01041941146588434,0.04477642899999999,0.0447436262,0.03560200819999999,0.047441035539999996,0.36274418865136926,0.17348530925472724,0.1966831436850596,0.08586578960974799,0.06897673761559153,0.5894148414008341,0.4484503263318576,0.640076801555444,0.299801840687701,0.257279542710562
Aurka,0.4741844113454052,0.16510492999999998,0.0293405992,0.17394710600000002,0.163407652,7.035980839226469e-57,1.1453942143526503e-05,0.4545342604245629,3.6676254205759485e-07,1.242356498229816e-06,2.726442575200257e-55,0.00010723657241758034,0.7109744123266357,5.622348859014779e-06,1.6560101977394876e-05
B230206L02Rik,-0.0008219989551326585,-0.0007274318199999997,0.0011714479000000002,0.014098990799999999,0.02227409746,0.7056021277991849,0.5478654453712408,0.45947795544528014,0.5151866730304142,0.3963113959593484,0.747866818174655,0.6644089084965332,0.7109744123266357,0.6683605223965705,0.6383999969553014
B230217C12Rik,0.04089776691105324,0.028533625199999996,0.0183894174,0.010495012251999999,0.024192630399999998,0.22296354314438802,0.40913854800136906,0.3964869836426806,0.6080483789422158,0.2691693776091962,0.5010443194094361,0.6182652549611383,0.7041611757761018,0.7098137980120427,0.5530063059864929
B230312C02Rik,0.03711827048460914,-0.0022182116000000014,-0.006617030199999999,-0.005664901599999999,0.035115167399999994,0.5838736920990337,0.38102389225861966,0.563863872803555,0.6107686939291224,0.5027984681010857,0.6765584118440919,0.6103947289061528,0.7263066505641359,0.7100186066926047,0.6794607353415006
B230377A18Rik,0.037948245109339925,0.01121283842,-0.0009560197399999998,0.01386382208,0.02785917172,0.16351518314359412,0.8901663152404754,0.6059105914658309,0.5352027046914922,0.41409579730545426,0.42452846512245096,0.894011526105445,0.7422029543137081,0.6749993381769521,0.6447138808494517
B4galnt2,0.11068405063802837,0.051186256,0.017358653699999997,0.06763572440000001,0.0981652378,0.009001027231916661,0.20832311656828156,0.32090056826623636,0.09824564148646468,0.014795543512716128,0.049630169915113605,0.5050489607750187,0.6918790858347537,0.33104509631308754,0.07373246209964318
BC055324,0.17046022082282644,0.0935453484,0.0834902488,0.0728457562,0.04181778038,5.014859659196241e-07,0.10105415583187397,0.009296692312346951,0.04000772633669689,0.06155395458576539,5.596583379663005e-06,0.32185056480699586,0.08574437187435642,0.17323688046863023,0.23786084943806848
BC065403,-0.016054562597969838,0.005883543999999999,-0.0030853004,0.0215838929,0.01878429,0.596860356477172,0.3894151575982933,0.16020024024401322,0.279690459600679,0.17117786264687285,0.6813585902501267,0.6116769082440225,0.5958841743497472,0.5729342013846509,0.44885924509847297
Bag6,0.03066290714488752,0.0155926695,0.0161416838,0.0432319418,0.026266145940000003,0.15778074850306362,0.5070828894632249,0.537446351725474,0.0764362897450493,0.19842405894808388,0.4171965787841349,0.6419061985491822,0.7203850719089967,0.276957465439854,0.4855394515713611
Bambi,0.06033819172220445,0.049789170400000006,0.014795729799999999,0.01518381608,0.042435257,0.18765745767113381,0.13288836514365507,0.06143990501554805,0.3762592307788416,0.27522987017191375,0.4592669358793538,0.38460429330995605,0.33901147575277885,0.6228734385395059,0.559945253898929
Bap1,0.04339301600076218,0.0263503058,0.027644133999999997,0.018713330599999998,0.021281077779999998,0.5872885713271063,0.29857681236285777,0.6815113528531075,0.22229656899727623,0.19874052103745318,0.6765584118440919,0.5830381800485782,0.772305716677567,0.525599514832543,0.4855394515713611
Bbc3,0.006929458699488603,0.036870529400000004,0.006611180813999999,0.0532817862,0.022509777399999997,0.30795974967271544,0.3110296024507076,0.4499474150417295,0.19295218787462087,0.3178370068556136,0.5541313823849575,0.5879218095104839,0.7109744123266357,0.49691544691102507,0.5935510368990374
Bbs7,0.006845438174954879,0.007002156600000001,-0.0038330106,-0.009164331199999999,-0.001505867200000001,0.5846882392896915,0.35002671371053307,0.4039105348165752,0.28324625617497745,0.31337767560564567,0.6765584118440919,0.5982198629607963,0.7041611757761018,0.5758255716923576,0.5925623441503928
Bgn,0.01354189321312876,0.0437721254,0.033872153,0.0312068128,0.06651404600000001,0.49362353188146624,0.07011830647260059,0.2299868444177376,0.01917074291274173,0.005893031082552929,0.6417565955029314,0.25016633639201485,0.6472792273959911,0.09221788401129212,0.033148299839360226
Bhlhb9,0.0950174165354753,0.006507661199999999,0.028843182966000004,0.0310033024,0.026888056,0.02799585083775981,0.5891502223881446,0.6377989065295209,0.49999972611149557,0.43776999142327944,0.12846780236406227,0.6902113612186277,0.7505690708652888,0.6588375096487119,0.6507701761857821
Bicral,0.03720233596299022,0.0401527884,0.023826288340000005,0.0277051724,0.0432541912,0.6623496257088257,0.4986959738004647,0.33696060498327435,0.477994750729665,0.3928905767417105,0.719608822323841,0.6398384749125662,0.6922828335076108,0.6588375096487119,0.6358263973952275
Birc5,0.6317313292512998,0.18365928800000003,0.0592689766,0.203265626,0.20288524200000002,3.60338756758223e-113,1.043443228906924e-13,0.0006472698606114845,1.3386054109693184e-13,3.6308379311080696e-12,7.181036652538872e-111,4.043342512014331e-12,0.009504646900558114,8.48797521955545e-12,1.6883396379652522e-10
Bloc1s5,0.02220335277680548,0.0170732428,-0.01705419252,0.0220210658,0.030495452999999995,0.5698041351480927,0.41535879901497297,0.5125142241301672,0.921941831539573,0.5902723987343137,0.6724845757458454,0.6211041440958266,0.7184053542286957,0.9232655096896657,0.7063867537198297
Blvrb,0.01649538173278242,0.0859789182,0.04649172074,0.10622746399999998,0.174692012,0.18328518163937768,0.00038171324549358276,0.07549932100968748,0.0006664593959776598,5.503325426706715e-09,0.45253597944589713,0.0026758290324801403,0.3938108039495593,0.004767747986609413,1.3012099949586214e-07
Bnip1,0.03585884045692808,-0.0006752934000000002,-0.006545834599999999,0.031057143680000003,0.0488207226,0.538616429829446,0.44859912952150693,0.538665489860578,0.2520567364501186,0.24283021548711292,0.6625837033616201,0.628272320027773,0.7203850719089967,0.5560231399378148,0.5293678421429062
Bnip3,0.07311117203324206,0.021673270199999997,0.0179479066,0.039272547899999996,0.050310864999999996,0.18154869117137526,0.6030098268867743,0.21769698536567103,0.4979726154872728,0.19204152194108753,0.45253597944589713,0.6946314686267961,0.6472792273959911,0.6588375096487119,0.47687520603858413
Bola1,0.05214428383717812,0.01668560657,-0.0064714019,0.02830501959999999,0.06973332539999999,0.13109295973867688,0.15763813498324447,0.2857167785680188,0.19388262233646128,0.09838576219372668,0.37940804737646106,0.427723866185073,0.6755506883091292,0.4973382625281246,0.3244636838303752
Bpifc,0.04716474081167445,-0.002431232819999998,0.01696995004,0.02049353004,0.0336637678,0.11559242878681643,0.34305733214649936,0.4967046090668418,0.7107345903258204,0.4965501638186941,0.3497861999080454,0.5937530748689412,0.7163564111187761,0.7615013467776647,0.6777763977760062
Brap,0.02166256488568546,0.0498221264,0.054049603,0.0518126348,0.0358671262,0.28327098801383066,0.389198551456412,0.023749137474530023,0.17347940569644615,0.28664749545008295,0.5383545546050156,0.6116769082440225,0.17622365306898607,0.47082445709444043,0.5680017843080478
Btg2,0.09587020316406025,0.054885072,0.03622650840000001,0.05151470649999999,0.051893888,0.006924689712560908,0.13649113615311842,0.36186872854116714,0.055111101943405245,0.03482689382785155,0.039109077526406744,0.3924755903750723,0.7019716352085735,0.22091950348002964,0.15423338695191402
Btk,0.0331733439972273,-0.010822703339999998,-0.02537028442,-0.00710125544,0.0129062344,0.32439004925292725,0.26115390360504853,0.14669490458110082,0.40045047854385785,0.6103046458204993,0.5656551483847919,0.5581305542619134,0.5653021875431924,0.6334422819355006,0.7172493520805362
Bub1,0.45307405169371257,0.13025835199999997,0.031924368,0.1291093,0.1278787092,1.0899518229576996e-47,9.691824619333591e-06,0.2121092002633252,1.3555594543264825e-05,2.956967483118761e-05,3.536006495409281e-46,9.260339276692026e-05,0.6452671800536759,0.00015128043510283544,0.0002946406884964765
C130013H08Rik,0.04330813288695102,-0.008450137059999998,0.01173226878,0.009765693220000001,-0.0109135482,0.10486269691889706,0.310846515132097,0.5894830934363202,0.3001616074579362,0.35368905494515934,0.3332197316671103,0.5879218095104839,0.74083686066997,0.5824974602320041,0.623409683248167
C130026I21Rik,0.08278552332705442,0.0496003054,0.027995126500000002,0.01795333516,0.024621381540000004,0.0539318062983512,0.5194112874664667,0.7871090260466365,0.7104640013845445,0.3601631532031301,0.2065249622414066,0.6476548888051913,0.8243039098153286,0.7615013467776647,0.6241336630041819
C1galt1c1,0.06777252846203578,0.02539572612,-0.011723337379999999,0.049648597200000005,0.04172054239999999,0.17214673041425205,0.4897864358479188,0.6035771395453429,0.3585167121886147,0.302915304452977,0.4374220199050667,0.6398384749125662,0.7422029543137081,0.6094962438949566,0.5852726450303365
C230038L03Rik,0.04719506869886656,0.027180394219999997,0.006090382339999999,-0.0025040783199999994,0.013384763259999998,0.4086501518565598,0.4225354043178596,0.5225804366757323,0.18000428266645402,0.3704328377908638,0.6098421844095113,0.6249015894815034,0.7199768137930461,0.48104592781552363,0.6268133736386102
C230062I16Rik,-0.06528396911603732,-0.0202213974,-0.000717952260000001,-0.042220783240000004,-0.012860347,0.21353000599704677,0.5426785821569406,0.5139534704023159,0.26827969421476655,0.5176884867064924,0.49195591008979117,0.6600144918124954,0.7184053542286957,0.5673231337372112,0.6832312572900254
C230088H06Rik,0.006282636348523602,-0.037568132180000005,0.0199325612,0.0185484752,0.01772471574,0.691578420533935,0.47907586929449975,0.44613831396258774,0.8183618484172328,0.3736495660798938,0.739273484019034,0.6358809111948879,0.7109744123266357,0.8339041479488968,0.6268133736386102
C77080,0.020155880417076017,0.054598348,0.02367346974,0.045259490599999994,0.035377921400000005,0.30989720617278627,0.4475944164880069,0.6098899696661402,0.40722052616669746,0.5158440494148819,0.5541313823849575,0.6278417943172282,0.7422029543137081,0.6334422819355006,0.6832312572900254
CT010467.1,0.06938908981787646,-0.0081402814,0.017270472119999998,0.05372030240000001,-0.007800759600000001,0.11102874340019568,0.3354829296849311,0.7882590793502856,0.06680138833887037,0.5448240384212018,0.34266614390104644,0.5907267209325682,0.8243039098153286,0.2523983971211219,0.6919762775735281
CT030159.3,0.026747960143563183,0.022296471800000002,0.007612174800000001,0.0412219019,0.024534772859999998,0.12298926193143248,0.7572480226419034,0.6591514866691246,0.6049896382244215,0.4840694995499032,0.3652628710328456,0.7880009679123654,0.7619337606815693,0.7068701614909114,0.6679297248982343
Cad,0.03492644684021356,0.0012169166999999967,0.0142851501,0.0169097445,-0.01730455244,0.3195424645558865,0.2487715757573585,0.30235321930764225,0.6738188260633354,0.6191279868522432,0.5621207289476188,0.5465139341441183,0.6757456120467158,0.7445468814357984,0.7227539262406929
Cald1,0.015197477482423921,0.140993649,0.0937253708,0.154598335,0.13743939719999998,0.37611651488272646,3.863956879090398e-08,0.009684002173605885,5.075832802574975e-06,1.6879563735719037e-05,0.5942044600921896,6.416928388489411e-07,0.08644366426714056,6.496134641827605e-05,0.0001783862985706671
Caln1,0.0750714285311412,0.025535644199999995,0.030970985799999996,0.044811222399999996,0.0439741202,0.1069516613133007,0.48761878244311874,0.4430425937834575,0.32448443567671154,0.6365017401440491,0.3363640615126273,0.6398384749125662,0.7109744123266357,0.5977501074803061,0.7260179292730569
Camk1d,0.06992937499440607,0.03402002,0.06043069400000001,0.045130077899999996,0.0431008868,0.22423803982303692,0.6272392454207476,0.12769110208122786,0.15844591083132928,0.12742450122584353,0.5010443194094361,0.7022213766249547,0.5223726903322958,0.44699560227161034,0.3798230325001105
Camta2,0.027081751947176297,0.0111603668,-0.007673744799999998,0.00024379944000000033,0.0211427842,0.20683488962522067,0.46852103123030386,0.6142286997139734,0.4090849403694508,0.5042604621095197,0.48800328439602825,0.631694628897757,0.7422029543137081,0.6334422819355006,0.6795115130073874
Caprin2,0.0678575468879972,0.025753935760000003,0.04105706760000001,0.014706480380000001,0.024747437599999998,0.31000480221599264,0.4924135360156864,0.5031198239098564,0.6674762908543749,0.5451433960807521,0.5541313823849575,0.6398384749125662,0.7166445082821976,0.7401664751525063,0.6919762775735281
Car12,0.03069350310287644,0.03167343599999999,-0.0006980730800000003,0.019538223600000005,0.0265461726,0.4297664459563764,0.3595204300286549,0.906079937136793,0.16190034409977225,0.3629230029726539,0.6187534870533125,0.6011219030126814,0.909993889349047,0.4508528455803819,0.6264125678587169
Casp2,-0.0029215466673045603,0.011981523939999999,0.049139187200000004,0.040140145,0.042237678,0.07810799072732344,0.5596796978682899,0.6278710943517973,0.5911729227260838,0.6448640354489705,0.27446006817283675,0.6724833579037591,0.7470924234658693,0.7000640594043025,0.7313701865457837
Catsperd,0.07657252194530892,0.05983361680000001,0.007335694800000002,0.1206328756,0.1274456866,0.11896893600822393,0.03610004691024374,0.24419806574135197,0.008959617036063332,0.0004325538956621041,0.35690680802467184,0.14512843066221906,0.6505288210182132,0.049207345532710035,0.0032794167633078
Cavin2,0.05636600375870304,0.1309418252,0.0958217598,0.14526080199999997,0.13021599,0.03997030713112279,2.282188817739247e-06,0.009274301961536658,0.00020157678078800494,5.516886500185976e-05,0.165948150142608,2.4874235814270776e-05,0.08574437187435642,0.001683829995205191,0.0005200038289026647
Cbx2,0.060366668367217435,0.0125850794,-0.014505701079999999,0.002205319119999999,0.00557011132,0.16958676164390868,0.7759920337449121,0.5764886798232198,0.8020376161841584,0.6943185695214599,0.43384571572669955,0.800080478251406,0.7334387169793339,0.8229688881933309,0.7517540434320005
Ccdc122,0.04755483204997819,0.03261870924,0.008019559226,0.026067606,0.005921201600000002,0.3955625888790379,0.5810078324990047,0.49043478703243204,0.6152023629106353,0.540483931441786,0.6028241864969374,0.6845489242703645,0.7163564111187761,0.7127967576913092,0.6919762775735281
Ccdc130,0.015382738975706477,0.02389248772,-0.00788977028,-0.005407836920000001,-6.19857999999994e-05,0.5672365296524897,0.6123306224590346,0.7193229302519684,0.4798493293999272,0.30783314440667037,0.6711577259247016,0.6978492352293296,0.7857777921790868,0.6588375096487119,0.5879205639779265
Ccdc141,0.04624799984250798,0.021377139339999997,0.023044075320000003,0.02043765414,0.010561422400000001,0.3282022797949628,0.5802521627249393,0.6407805006893994,0.4087904246129834,0.24736368853225718,0.5708755365510887,0.6842364894347339,0.7511670575308506,0.6334422819355006,0.5353461212789674
Ccdc181,-0.0030155007904657796,-0.0172958486,0.00028190140000000034,0.0079810142,-0.021756901159999998,0.5548380512965092,0.18705783529667405,0.5287390983775644,0.4467252200504186,0.04263460519222121,0.6707691305062518,0.4684841655993901,0.7199768137930461,0.6424553422374577,0.17860442715660238
Ccdc28a,0.01577184910714886,-0.0014588406160000005,0.028056740599999998,-0.008641997368,-0.009947227,0.738592779871384,0.5932269576759086,0.5929120218332287,0.4556353201139761,0.21915359612604254,0.7687538377618379,0.6907776343555029,0.741804726867582,0.6492454254943786,0.5146788999929788
Ccdc34os,0.03609796880426904,-0.011490857980000001,0.01724297612,0.006329375400000001,-0.02707514258,0.41517603867215236,0.6470988766073855,0.49511177054312117,0.3576886840576789,0.20153875591861756,0.6098421844095113,0.7141637127114737,0.7163564111187761,0.6094461623068582,0.48725574437863345
Ccdc51,0.036325231292027985,0.04277582398,0.010446198600000001,0.021286298999999998,0.03127599439999999,0.21566837477257653,0.24596888347177148,0.2600668881647417,0.1775961342583099,0.2773193968620488,0.49195591008979117,0.5455112757442309,0.6560457667085257,0.47697280602695635,0.559945253898929
Ccdc73,0.01217583699970238,0.010448161440000001,-0.0040663715999999985,0.02521566446,0.016051704439999998,0.5071033403248417,0.6492417994426074,0.8321005994315628,0.6448815311120462,0.46051995016068326,0.6495951880194254,0.7153967695279916,0.8491443571375494,0.7273674161606065,0.6596613148285196
Ccdc74a,0.03460794981373398,0.0272948602,0.0239833352,0.024480683960000006,-0.010575106400000001,0.034387348435643325,0.6252833852107476,0.7998328342204765,0.7499004882134089,0.4697493106578702,0.15228682878642044,0.7019363722411449,0.8320408678132473,0.7840156329072553,0.6596613148285196
Ccdc77,0.23719271216286,0.10513607299999998,0.0209078189,0.1069742312,0.08861063799999999,5.2389462552501537e-14,0.013134145909559582,0.1531950571946741,0.015815201576677738,0.05569872937355621,8.211606770869622e-13,0.064411829247643,0.5811435037122654,0.08022620436169252,0.22073786214804234
Ccdc90b,0.0085385455769604,0.016332135,0.031654537,-0.005949270059999998,0.011468194980000002,0.36360740236817735,0.7509418155957817,0.6059394066822166,0.5916670437546041,0.3855327378105239,0.5894148414008341,0.7829326104305796,0.7422029543137081,0.7000640594043025,0.6291955068192073
Ccl2,0.06261252935191276,0.0169913182,0.0473072508,0.0497270662,0.0508871992,0.008911123603641883,0.46441378628312313,0.29640846281168204,0.408576809484382,0.21469869110388407,0.04932943423444614,0.631447203769256,0.6757456120467158,0.6334422819355006,0.5093616906291127
Ccl7,0.11620144556657516,0.0466749882,0.047163936999999996,0.0513332784,0.049801786800000004,0.001521279904125957,0.16084446099936628,0.2995958411292929,0.49537622112718294,0.18423911735293172,0.010454115597318767,0.42820233414907627,0.6757456120467158,0.6588375096487119,0.47158452973823806
Ccl8,0.06361177853152099,0.0534525298,0.0681085144,0.0467415252,0.022085011999999998,0.27981437198478953,0.2558364545019835,0.10812755247248332,0.08530809795308003,0.31684706721645906,0.5372262899442154,0.5550417636551587,0.47618463586544163,0.29900702674509205,0.5925623441503928
Ccna2,0.47198726374103134,0.137373515,0.0356392726,0.18695393200000002,0.16722836000000002,8.254526975006377e-56,0.00016909977525457836,0.07089339004500811,2.2675925334149117e-09,9.235470272669199e-07,3.0302802974036563e-54,0.0012820336221746565,0.3793222569218384,5.453951007092762e-08,1.3370882692439782e-05
Ccnb1,0.4246293764318693,0.16407899680000002,0.0718012066,0.196159324,0.180154996,1.4564957642485771e-52,2.0110039518548457e-07,0.009608036665649121,1.8338270498038762e-07,2.0255486529247616e-09,5.079528977816913e-51,2.833687386704555e-06,0.08644366426714056,3.0096338052663614e-06,5.433923790057773e-08
Ccnb2,0.18061114545551693,-0.0019450014400000006,0.05885486720000001,-0.020096498839999997,-0.014051613220000004,1.324067586421944e-06,0.43353121209673523,0.03805657417082384,0.3228846371202707,0.16167256885320141,1.3682031726360089e-05,0.6250598230333035,0.24022136184750792,0.5962402328321305,0.4401393139658292
Ccne2,0.41803018677883647,0.081534265,0.1068103512,0.15595916,0.09720361,7.16841336864724e-41,0.01040798186262764,0.004428071999610825,3.3579642860791386e-05,0.002500138696473864,1.99998732985258e-39,0.05279685344860203,0.04788496464695428,0.0003230593226951999,0.015163884702526262
Ccnf,0.4028595367500663,0.210141442,0.1105899048,0.17159572,0.16464536400000002,2.9248900183468e-45,4.012676064430688e-11,0.00012182560498696872,2.953163079583257e-09,3.5399360567542145e-08,9.27323085362224e-44,1.076477521130925e-09,0.002333253044789219,6.866104160031072e-08,6.955226477707224e-07
Ccng1,0.10151630066462511,0.0004816118000000008,0.0263068494,0.0373397186,-0.0053388889999999994,0.00011022984180723962,0.12140564861415298,0.5498414067093229,0.38417380884385605,0.37345911994083464,0.0009207822115035884,0.3634353644136125,0.7238444745900018,0.6280692635075651,0.6268133736386102
Ccsap,0.1821694392138752,0.08609595860000001,0.031159029400000003,0.06578335300000002,0.07103264220000001,1.009224379207187e-07,0.02463714815923161,0.5198103062188943,0.06694437773105025,0.04122212885791579,1.1732233408283548e-06,0.1074025677566503,0.7199768137930461,0.2523983971211219,0.17501373606206672
Ccser1,0.051908861908587754,0.0559175323,0.041306512200000006,0.0460802658,0.047989305,0.25403509635441446,0.18037420357857298,0.1851846524002127,0.13831514166678122,0.11411487291035385,0.5173415465903769,0.4566642722179842,0.6347238085953236,0.41344441585805247,0.35684332566558835
Cd180,0.02490927244744304,0.025955645899999998,0.0003525835599999999,0.0028343230000000006,0.021324154007999998,0.24003103343167118,0.6489164053501528,0.5980525911525425,0.40549013270415785,0.799554971455363,0.5099108875501227,0.7153967695279916,0.7421660275333178,0.6334422819355006,0.8159321032774187
Cd59a,0.02021920223278062,0.010998536,0.0359616816,0.0009500644399999998,0.022611487999999996,0.5946425640093527,0.4637798539060498,0.15350882413939496,0.6211976471859035,0.5490009966146485,0.6804974378942141,0.631447203769256,0.5811435037122654,0.7161741469622607,0.6924560490754382
Cd63,0.09972150046972608,0.097173291,0.0496008322,0.138693534,0.14004228179999997,0.001199819700038316,4.4705159520029326e-07,0.030683273226580852,1.5844243902434663e-06,1.932204489460995e-09,0.008410796389715832,5.939399764803896e-06,0.21182312222341435,2.3266021309364582e-05,5.2851475741138976e-08
Cd82,-0.01132340222376688,0.025005206140000003,-0.017109243000000003,-0.019075540640000003,-0.008012065500000002,0.809475626238273,0.7071875303601128,0.030976284540198226,0.7761787908136992,0.8225175498758144,0.8212559716678716,0.7513530882348495,0.21182312222341435,0.8026459697443369,0.8338749869743903
Cd9,0.019951865821325798,0.016965565800000002,-0.029615525200000003,0.010775817268,0.0235159516,0.43578482121141315,0.40513620603499884,0.5572751057952177,0.13840755713671002,0.2371568947357792,0.6196754722635227,0.6169923661777548,0.7238444745900018,0.41344441585805247,0.5244654012866745
Cdc20,0.4246643610400159,0.061198987713999994,0.015545692199999999,0.139722922,0.13480485,1.8916374892515265e-44,0.0049800681566236705,0.532474592764423,0.00015842930701267233,0.0005235810261129955,5.736596298925825e-43,0.027568234438452462,0.7203850719089967,0.0013727259831222232,0.0038645266213102047
Cdc6,0.2846241074293621,0.07128603280000001,0.0662093156,0.111252931,0.08137581660000001,3.753633925523914e-21,0.1601517904475921,0.12635613867405054,0.002296640701556704,0.0535504222397825,6.98175910147448e-20,0.427723866185073,0.5199611016233053,0.014764118795721669,0.2135370594776187
Cdca8,0.5593093621317639,0.185387466,0.0780021725,0.196317054,0.199300512,7.25201752238252e-86,1.2045215814994268e-11,0.0014375857980776655,4.231175074120732e-11,4.323547805338053e-12,7.226117459802582e-84,3.500640846232709e-10,0.0192830018107533,1.4396315191215661e-09,1.9076666868089754e-10
Cdh12,-0.02452086369502678,0.0010312828800000007,0.0029446885399999983,-0.027109841000000003,0.030238135379999996,0.23508376449189705,0.3898486723205176,0.7063174096144085,0.6993435173958171,0.5732376698500123,0.5082879845181848,0.6116769082440225,0.7813741367264867,0.7545121475384106,0.700194656373436
Cdh19,0.0349374703524481,0.028638318899999998,-0.0011461225399999996,0.0477506694,0.02204896192,0.15169954389027687,0.4669164671694339,0.6770851883418287,0.5849462985671523,0.7640195579408532,0.411713742659409,0.631694628897757,0.7716779720072313,0.6962458075948613,0.7933581259806891
Cdh23,0.03668456388186786,0.0976481582,0.050223279200000005,0.033988438,0.0358257936,0.4546197712462149,0.0011567255117319432,0.20758855797333992,0.39803968633732206,0.2257479905579703,0.6255590785840981,0.007368183054182926,0.6452671800536759,0.6334422819355006,0.5231203435687185
Cdk1,0.5215930127200032,0.30701002,0.21708768800000003,0.30301312999999996,0.28986597199999997,1.2543907569235e-81,1.0825404380188025e-33,2.7869083895784363e-15,1.0201591893135578e-27,6.098542955627027e-26,1.0936719411926766e-79,5.033813036787432e-31,1.295912401153973e-12,4.743740230308043e-25,2.8358224743665677e-23
Cdk4,0.08957099398797962,0.015451857,0.032155967714,0.060615544,0.048610512599999996,0.0649525595449778,0.11551419306129206,0.37963936954668076,0.1078710248752109,0.04031885107022717,0.23719586535404197,0.3495494562266864,0.703428322055141,0.35682283105654894,0.1725300528925365
Cdk5,-0.031695952678283464,-0.0392344194,0.02374380429,-0.0116099234,0.002092983300000001,0.5303689563505822,0.26046049812763106,0.31352000746075154,0.5580855264944569,0.8210411609695181,0.6615354153794092,0.5581305542619134,0.6848860236812654,0.6823219188955016,0.8338749869743903
Cdk8,0.07674474688653567,0.040209207200000006,0.0361489057,0.0671449852,0.06164225759999999,0.10737230615921624,0.36421590828523465,0.5949321420105878,0.12574756918273244,0.019613168046263663,0.3363640615126273,0.6019386228406475,0.7421660275333178,0.39221857380407077,0.09429232514932921
Cdkal1,0.12478028655530307,0.099289402,0.0605432164,0.083380533,0.100737382,1.0009997011908954e-05,0.004376880043231297,0.18779370266362994,0.001880671016354051,9.268492585750786e-05,9.697184605286799e-05,0.024719626155091736,0.6374019834933425,0.012259514335578977,0.0008131790664856821
Cdkn1a,0.10944574595214815,0.10438042239999998,0.11141775279999999,0.141708002,0.149914168,0.04942401137489428,2.3591566496368212e-05,0.0001220985464298301,1.1206145300071711e-07,5.7646885695489614e-08,0.19476411262140542,0.00021232409846731393,0.002333253044789219,1.8834424932048237e-06,1.1016082951398357e-06
Cdpf1,0.025966666643096704,0.0040115068,0.01286338808,0.004252669694,0.020444427719999998,0.28673418480674384,0.5160233443325255,0.7649766800867697,0.8671472470278883,0.25492663646963304,0.5412641242292391,0.6450291804156568,0.8096680339309892,0.8734082379811582,0.5412825842848373
Cebpzos,0.061167395345479034,0.0272845616,0.0444250472,0.054434072,0.06392186200000001,0.036390800999204706,0.3846527686306326,0.5206456457362507,0.21882730817894647,0.1303524067012707,0.15864114810590801,0.6116769082440225,0.7199768137930461,0.5219792853062656,0.3836320830132334
Cenpa,0.5853256380904515,0.0790331544,0.088312557,0.05133120440000001,0.0101654744,1.1205454977730737e-93,0.0026861257649997993,0.008044342901190259,0.04789814742072996,0.0744434088221423,1.421055426721307e-91,0.01581074026234059,0.07928081366649187,0.1973474591322552,0.27143912197671877
Cenpe,0.6739762995165631,0.20579692,0.07053103,0.216544484,0.175970758,4.044672205903325e-131,1.766745700230309e-13,0.007420387508865504,1.6098084962888483e-12,2.887411586701238e-08,1.4105794318087844e-128,6.319513466208413e-12,0.07555796040049181,7.017758913509198e-11,5.923439946247393e-07
Cenpf,0.7183606183426073,0.247139688,0.0857364266,0.264889918,0.21808947400000003,1.7561537226360896e-158,9.953863850041842e-19,0.009128536395162494,1.8564145276702222e-16,5.505492124442609e-12,8.166114810257817e-156,7.30823161621493e-17,0.08574437187435642,1.9920755893076614e-14,2.299929410695551e-10
Cenps,0.10963356465433083,0.067487747,0.0490604402,0.0688964362,0.0926093408,0.0023774209352998596,0.056087012332362386,0.05924426914915088,0.07091827089566077,0.025993471684612694,0.015497673853940675,0.2092015566942394,0.3305830218522619,0.2610316303415482,0.11965539100601207
Cep170b,0.018660943479818157,0.0350713172,0.026215890999999998,0.00013211039999999966,0.02900679372,0.3476960638474101,0.7636580375245575,0.2748053428600855,0.8307072053788717,0.3998138495823987,0.5794934397456835,0.791353082366903,0.6719082427920111,0.8409554074771596,0.6398114708791759
Cep55,0.5070623829775706,0.17134710120000002,0.0245743144,0.18546166999999997,0.17309835,2.817513971750773e-69,5.339800139990023e-09,0.056121020639639044,5.137434695774728e-08,3.0441979179761334e-08,1.5721727962369315e-67,1.0954442934244237e-07,0.32217622959792785,8.958401750757182e-07,6.154574051560444e-07
Cep78,0.041186854071686305,0.06665611660000001,0.02167371804,0.0408874477,0.0440528152,0.25618239335785215,0.34794327916590695,0.5794933745977624,0.338939689061615,0.376283630416293,0.518540380923501,0.5970244458012794,0.7349029614217077,0.6000435861305105,0.6268133736386102
Cep95,0.056903534134730774,0.0615989122,0.019450169200000002,0.02412867646,0.0131198702,0.106474718414445,0.34790458023266724,0.09862435012516571,0.1116004769626386,0.6145397086721469,0.3360457741813366,0.5970244458012794,0.4532554402522174,0.36545226611004894,0.7200331533096743
Cfap65,0.03961600170070985,0.0377767372,-0.031046927739999997,-0.00040315640000000014,0.036658843600000005,0.46498283735984425,0.18524486652220792,0.3066235650419947,0.48331843686368625,0.27852468817686377,0.628890931787341,0.46538897238072874,0.6770933242104197,0.6588375096487119,0.5604376485651136
Cfap69,0.11198295786391821,0.137013212,0.0869714438,0.09848162120000001,0.111731362,0.0004081047252040821,1.5731787421649506e-05,0.01972893463071497,0.00151844183718161,0.00012892119777372515,0.003077330225187538,0.0001443805490342175,0.15375342910529263,0.010232977598397808,0.0010834040415322083
Cfap97,0.041165317675495444,0.0395517892,0.012430646600000003,0.028557310340000003,0.02256411753,0.2931664057790116,0.2535949678869038,0.6811358916696427,0.3549342176133323,0.28066310362059815,0.5474782556850697,0.5538774253546664,0.772305716677567,0.6086285734664638,0.560924111104204
Cgnl1,-0.009387640425586022,0.0007728565999999993,0.0005717658000000001,0.041394677000000005,0.017965822599999997,0.47025405095216677,0.08217350230425341,0.47226878120626503,0.054706971373762805,0.05710303399139114,0.6307734625752621,0.27959033101081343,0.7112967913044496,0.21993148434120782,0.22376048432019843
Cgref1,0.02065246123210774,0.0106363275,0.0140129734,0.02370210108,0.0465664616,0.45555745260431324,0.4961686152463314,0.5691382968943848,0.6092441395216779,0.47983905573955477,0.6255590785840981,0.6398384749125662,0.7288928431278693,0.7100186066926047,0.6653279575014309
Chac1,0.08495074525031546,0.013169778599999998,0.0239862085,0.0199913384,0.0166758062,0.02231796197881907,0.691306561894758,0.5479792487820527,0.15997262088386877,0.3574485736776486,0.10735709296707795,0.7406856020300979,0.722936399267981,0.4490177185774586,0.623409683248167
Chac2,0.07698153094427986,0.00502285772,-0.0065863169999999995,0.025358004640000004,0.014254202999999998,0.2727128897942088,0.3665762643758849,0.44413753144854473,0.259076326487147,0.6273676142022173,0.5336031182405874,0.6019386228406475,0.7109744123266357,0.5606496153632604,0.724484951831203
Chchd5,0.048314955086369245,-0.013030892499999999,0.0042015082399999995,-0.018578425399999998,0.025714308,0.5245082007319437,0.3325646681562036,0.5806869037182643,0.678183984651231,0.10833531238727163,0.6585859046094162,0.5907267209325682,0.7350800641442637,0.7449343768413127,0.343558475129205
Chchd6,0.0935592487883839,0.027739968614,-0.014224048920000001,0.03290099286,0.052517313200000006,0.05581781011906586,0.2974214064052476,0.3464218729850593,0.27612682383302267,0.13982632742968162,0.2101006409975052,0.5830381800485782,0.7013911651874567,0.5724547994260276,0.39889105677792613
Chd2,0.03520721695645372,0.08124057200000001,0.0695968296,0.07895594079999999,0.058151627399999996,0.12671499178386122,0.002322145529985896,0.02276196708331523,0.017869112588421925,0.0513419171006869,0.3713601124758118,0.01396290092383761,0.17163753557418782,0.08870965146209461,0.20699992588282723
Chst12,0.04826365730264821,0.0320030262,0.027195672800000004,0.03872812805999999,0.037586506799999995,0.22448755476843493,0.5012468395586318,0.3137219850410958,0.4835601820069241,0.5119762878778007,0.5010443194094361,0.6398384749125662,0.6848860236812654,0.6588375096487119,0.6821334152905031
Chst3,-0.003087368236455221,0.006343471660000002,0.006790389399999999,-0.014026216200000002,0.008314092634,0.727178909732521,0.3929718650890677,0.424095116674639,0.49662421481561025,0.5840186929464612,0.7614428468334157,0.6116769082440225,0.706956420259207,0.6588375096487119,0.7047630420936968
Cited2,0.18920187279294434,0.10742812339999999,0.09016080200000001,0.091356236,0.10264537520000001,9.879735503197849e-10,5.766245134217788e-07,0.003884472150361277,0.00012237282826646232,0.00030378147816003184,1.2761325024963888e-08,7.379735745168637e-06,0.04405559877848766,0.0010873254486096493,0.002341299237752732
Ckap2,0.4523186995493811,0.14383317359999997,0.03261133852,0.12594795079999999,0.12454567600000002,2.0221117776238562e-48,7.714076381219125e-06,0.13435138665407598,3.9224137418818806e-05,4.83971845697057e-06,6.716299832822094e-47,7.632011738865731e-05,0.5354862410926743,0.00037222905917858664,5.82017866161547e-05
Ckap2l,0.5283063339905774,0.153917088,0.018785192,0.164665632,0.14919521600000002,1.818741869219139e-71,3.5916700341163846e-07,0.20710128990032284,2.4203371483000028e-08,2.634714767919557e-06,1.0571437114836246e-69,4.817672786146497e-06,0.6452671800536759,4.625164824491101e-07,3.3412973647707114e-05
Cks2,0.5022870617866585,0.1849970872,0.0633984478,0.223191866,0.19694047399999998,2.0929036480590705e-63,5.160980972069457e-09,0.031528153351068,5.431029981609473e-12,1.9125101544581864e-08,1.0067588238077253e-61,1.0745624561249094e-07,0.21430948714550258,2.1045241178736708e-10,4.104541023798723e-07
Clhc1,-0.01880495873216288,-0.012627656800000001,-0.0186496586,0.017799302800000003,0.014797089999999999,0.39456535930626446,0.6616788987471947,0.5290948623613339,0.6369276761248461,0.6456191102608091,0.6028241864969374,0.7245228129924148,0.7199768137930461,0.7229569635428481,0.7316317293369851
Clip3,0.07836760572322668,0.08557003399999999,0.0679328844,0.068098428,0.04657965492,0.08556272451488944,0.0636164558493306,0.10258884882691027,0.261357735088926,0.47827498716462424,0.2925490213192911,0.2317100676496506,0.46164981972109626,0.5626451241497713,0.6646606312260237
Cluap1,0.030965132427625656,0.026111344,0.01815258214,0.050035168,0.0022419172799999997,0.1592533398205974,0.17081929957655015,0.2848535736773473,0.419280153780113,0.37836627744784485,0.41916680952779883,0.4456858380778655,0.67465320081477,0.6334422819355006,0.6268133736386102
Cmss1,0.04900380536591524,-0.020317056400000002,0.045054419,0.0090297398,-0.011357208799999999,0.0416842600827354,0.31670424578778117,0.14453187258729525,0.14150241620098258,0.29163162187635416,0.17238640641148512,0.5886792086053216,0.560061006275769,0.4199912140433419,0.5705836080189538
Cmtm3,0.02297185036484934,0.0463876916,0.0518784714,0.044685232799999995,0.0316790084,0.5662313370334058,0.4461714973030151,0.4813363232913265,0.52494271313551,0.4055986760224539,0.6711068098229406,0.6278417943172282,0.7112967913044496,0.6727280052549199,0.6398114708791759
Cnih2,-0.0011545519012279599,0.006261420776000001,0.0037360262000000004,0.02951339812,-0.007618382999999999,0.3976849796205551,0.1202125037147409,0.19417527271284035,0.5199782853449295,0.35572792198963243,0.6049842383540615,0.3606375111442227,0.640076801555444,0.671638618570534,0.623409683248167
Cnn2,0.010606027300003519,0.0743487676,0.0322909138,0.09213406900000001,0.0891964464,0.7968145888710608,2.8024808934606137e-05,0.07565684262256767,0.0009075307638229962,0.02244617258416272,0.8113550010767371,0.0002474342307833896,0.3938108039495593,0.006330027077665399,0.10472378178898659
Cntnap2,0.01619253104140752,0.0406696532,0.029959484683999997,0.01459377436,0.03948757944,0.21496524017273388,0.2801098516504143,0.16103823206441195,0.4922531552921219,0.40859271141693315,0.49195591008979117,0.5728466807988425,0.5958841743497472,0.6588375096487119,0.6414421713835269
Cntnap5a,0.04244647348503536,0.030981191119999994,0.0015582351599999992,0.03500317780000001,0.055207645400000005,0.6335292633803469,0.8617576234617181,0.4833912119248165,0.284783139268843,0.46610531283644463,0.7025225138438663,0.8702496718025637,0.7128231930603794,0.5758255716923576,0.6596613148285196
Cntnap5b,0.07075451559529308,-0.0114648606,-0.0034172291999999987,-0.0007826490000000019,0.006272690800000001,0.2262457298607119,0.5332985767164857,0.4055224167639078,0.7617616216964064,0.3146766750093498,0.5025681419676642,0.6552271380728492,0.7041611757761018,0.7898046469216516,0.5925623441503928
Coa4,0.0954658199662963,0.032067037799999996,0.0188747298,0.01969339406,0.04674250719999999,0.09399635510342284,0.4879984019463923,0.40256363301860143,0.685679836189802,0.6882542747334728,0.30989310053696717,0.6398384749125662,0.7041611757761018,0.7496264666808572,0.748458689576052
Coasy,0.0048754994851519995,0.0237713222,-0.013128898560000001,0.023278750199999997,-0.02477157392,0.24442138778673295,0.36473607595400614,0.5032041078084979,0.17927443867295748,0.3960427951108578,0.5132517162781846,0.6019386228406475,0.7166445082821976,0.48001505172509723,0.6383999969553014
Cobl,0.09575272791278286,0.0539131453,0.0117782248,0.0696978952,0.0360458768,0.10365215323407552,0.10923730317555284,0.822742294015555,0.2984247942948079,0.405148745468832,0.3301250085879803,0.3368894580484211,0.8464052361000731,0.5824974602320041,0.6398114708791759
Cog2,-0.00525903898569334,0.05334816419999999,0.03392338366,0.0270539066,0.019677405199999998,0.6078694366163249,0.4853485080879326,0.606292354521452,0.8841870767471666,0.4669311147244517,0.6881405440043049,0.6398384749125662,0.7422029543137081,0.8880064593681046,0.6596613148285196
Cog4,0.1326048383430878,0.10515421619999998,0.0774426174,0.06154440994,0.0797184372,4.843390490896707e-06,0.0002964672386612126,0.029487506270859932,0.004437030736060872,0.019037721348620078,4.791865060142487e-05,0.0021208810150379056,0.20673378950481908,0.026227363884766593,0.09253526578858888
Cog8,0.02197453691181764,0.034701088799999995,0.0362638255,0.01441147604,0.0188769454,0.5279533067719813,0.05203934243608124,0.3975069288988732,0.6334155130942807,0.2771469004820251,0.6615354153794092,0.19620238567117118,0.7041611757761018,0.7207297233005885,0.559945253898929
Col11a1,0.1860130318094399,0.0919573092,0.0736111586,0.0728612026,0.08255715999999999,1.4634885999707277e-10,0.013219946234150865,0.011298882020751662,0.05622860859578825,0.013778496565803534,2.021353066296203e-09,0.064411829247643,0.0974997443275437,0.22347267518838923,0.06964131416411569
Col13a1,0.040989872103367894,0.0465960676,0.005742311600000001,0.0503266062,0.055300427,0.058581847253689354,0.22668608228251144,0.11957650131939167,0.14827937006769512,0.03430576372876505,0.21562447735856632,0.5288078340871295,0.5043552520647644,0.4324787960211992,0.1528962952128666
Col3a1,0.12227277931158782,0.06353360440000001,0.06800886399999999,0.09121069379999999,0.07342444740000001,0.0019952885123151382,0.10047899110774913,0.05071358765943113,0.01192046285428899,0.004793525129989676,0.01331783480707951,0.32075101280391316,0.29600608696613573,0.06298880940050433,0.027862364818064988
Col4a5,0.17005116368048823,0.11890462700000001,0.0951782622,0.09646121,0.08679521240000002,7.754561920681965e-07,6.547319875410763e-05,0.0035497504696969133,0.0001596774621023285,1.933234041630642e-05,8.321241445654877e-06,0.0005439844094323735,0.04058935987891143,0.0013750003681033843,0.00019829863882902542
Col4a6,0.11962997144124395,0.10266193679999999,0.089801405,0.10508522279999999,0.0835735064,4.856239739384328e-05,0.012162307169864736,0.08063806543401937,0.013102671953107506,0.0016485652973215672,0.00043706157654458956,0.06037871353011141,0.40464065208797495,0.06794880064901476,0.010425987181129805
Col5a2,0.06188205397010994,0.09459106320000002,0.13162604719999998,0.119096396,0.116315714,0.04756523568098232,1.4467479280334076e-05,8.579442623083617e-06,5.756001530037967e-06,6.082476837784113e-06,0.1885042720879839,0.00013365651388123204,0.00027200732861821917,7.105860295931827e-05,7.125192514558804e-05
Commd7,0.018530703125742558,0.018870584599999997,0.0144938526,0.019226159939999998,0.034989363,0.7675099282334529,0.08183251406028798,0.13821570369697017,0.4122516616638468,0.32097867544925096,0.7890024685966593,0.27911089758949076,0.5431293145275307,0.6334422819355006,0.5962253691767045
Commd9,0.00757977015161722,-0.027822158320000002,-0.0037447062800000015,0.0185630394,-0.016413337000000007,0.3911755039644667,0.29855687992672164,0.5103126937703246,0.46290240230825497,0.2532723694375076,0.602464142993968,0.5830381800485782,0.7184053542286957,0.6525484018908168,0.541064250176605
Comtd1,0.0020076129109540984,0.013544610886000003,-0.005115253280000001,-0.011004784479999998,0.024909067559999994,0.49958508779147703,0.04766244839729745,0.29362178688090174,0.620486649171405,0.13625797848585466,0.6447004601934416,0.18418037538567852,0.6757456120467158,0.7159461336593134,0.3925887585436807
Cope,0.04805582048321928,0.0742956518,0.051843514599999994,0.06421854499999999,0.08392228228000001,0.3560004855487875,1.65287694362295e-05,0.04423269955167774,0.011476098783611891,0.0025172180122185568,0.5869324226809005,0.00015070348603621016,0.2682809385851758,0.06087132244539387,0.015201381502358818
Coq9,0.016401672703269636,0.0011703351739999995,0.000499646799999999,0.006752639134000002,0.0013052799199999993,0.13864865959010408,0.2990504708248047,0.5983561327763487,0.5502236384328281,0.43772127021463203,0.3923222720653046,0.5830381800485782,0.7421660275333178,0.6806036264962593,0.6507701761857821
Cpa6,0.22164336267760332,0.050814118000000005,0.0787929482,0.0973855138,0.0806059134,7.158856752604812e-14,0.057412394396216225,0.05774977486965539,0.022065273275058053,0.014610812619084562,1.0855005619438817e-12,0.21300609091149372,0.3251443804760049,0.10469747013165301,0.07358152925495655
Cped1,0.13764359326842016,0.08853961119999999,0.0477955214,0.10811388880000002,0.0876413284,4.672810908545632e-05,0.0010129028191974854,0.13874272042953584,0.00395594610602821,0.012430300246021826,0.00042328384528708815,0.006481648774222441,0.5432264097123913,0.023889804406533995,0.06351746829011153
Cphx3,-0.026361091561045262,0.030261130712,-0.003409493346,0.027909835800000005,0.013676555200000001,0.5765962544393879,0.3235531813607242,0.914663238755577,0.5737495981131979,0.5805075669553226,0.6744867428634483,0.5894820958689049,0.917953394290669,0.6916590305481933,0.702958381859961
Cpne4,0.1177803750947434,0.11175782100000001,0.0826679926,0.09394178700000001,0.09863160899999998,0.00406428322875004,2.2713308393306034e-05,0.02476893811834746,0.0012647985922534762,0.0005150022506392367,0.024333369545520626,0.00020574717667962286,0.1805044258157806,0.008734623941552472,0.0038214262746900807
Crim1,0.07272772333215922,0.13557475600000002,0.124655253,0.12208654420000001,0.11268378059999999,0.07344972865640666,1.923653582414379e-06,0.0015170915511521679,1.3021417580733024e-05,1.026657042264099e-06,0.26176072481961754,2.1297593233873483e-05,0.019778903867824993,0.00014768193109855748,1.4323773062330996e-05
Crlf1,-0.013472349535646161,0.0279933068,0.01572064612,0.020771829500000002,0.054210219000000004,0.03809017520963348,0.021579496686745064,0.30581966277165784,0.1917138859617833,0.06225967240177478,0.16150697391318755,0.09587069387901072,0.6770933242104197,0.49691544691102507,0.23926237741177914
Crtc2,0.0092165977618045,0.0662922622,0.012263216120000002,0.0686295244,0.03968021732,0.7592492460601402,0.15876075896093655,0.4432438962153746,0.3150114488944683,0.2541021612416409,0.7857215862417622,0.427723866185073,0.7109744123266357,0.5930115103129613,0.5411713451141993
Cry2,0.05387877056288779,-0.0026526221200000007,-0.017094729,0.013669744700000003,0.017449458140000002,0.2135084691526973,0.4716237569492808,0.5394403519272795,0.5290572676874608,0.7876477402479515,0.49195591008979117,0.631694628897757,0.7203850719089967,0.6727280052549199,0.8090686289819835
Cryab,0.11243891028983555,0.1512510052,0.1060358288,0.209727196,0.191884072,0.000501279049801914,1.8956240821639263e-10,2.9044773840984325e-07,4.651645874836476e-13,2.1770406956250523e-14,0.003719597204647181,4.639290516874872e-09,1.5006466484508568e-05,2.3175164269274584e-11,1.8981073564980926e-12
Cryz,0.05166537570814382,0.06771460900000001,0.046662888,0.089618489,0.0464313762,0.29369407968616906,0.2612611124967953,0.2245293649829815,0.0654073401017763,0.2664029858547375,0.5474782556850697,0.5581305542619134,0.6472792273959911,0.25066824022521417,0.5505661707664574
Csf1,0.049528571696390924,0.0757498252,0.10959836079999999,0.0938595702,0.0804958512,0.09200618059567604,0.013284627209131298,0.0039218891587967245,0.0017008548248298643,0.0008644487683994733,0.3055919569784954,0.064411829247643,0.04412125303646315,0.011298535622084098,0.0060598293061169105
Csrp1,0.0031063727568444804,0.12399164200000001,0.11725690799999999,0.09128919374,0.0770561968,0.33191908132079206,2.4175035859627786e-08,0.000253547577989155,5.659384806222016e-06,3.4470672953966024e-05,0.5720133819917874,4.163478398047007e-07,0.00442123589118589,7.056558681798624e-05,0.00033863794909001836
Cst3,0.09239658632196156,0.143735174,0.10467354799999999,0.134859788,0.16805795399999998,0.0020484053330303543,2.1199138145375576e-11,0.00014406411979777316,4.310077835866775e-08,1.870074398659168e-08,0.013607263997987352,6.03526483934672e-10,0.0027158033394309943,7.80851763770669e-07,4.0761777908274054e-07
Ctgf,0.026119950001784437,0.0921435632,0.129912808,0.128303258,0.09712359099999998,0.12666903206138438,0.00029324759575226816,0.00044372535973126475,4.748642483928334e-05,0.0006322293325732233,0.3713601124758118,0.0021086618354351242,0.007034055418467208,0.00044458766879731715,0.004569740512640656
Cth,-0.0010014784391035605,0.034766991000000004,0.03958461426,0.032862257,0.0423115102,0.3896725925150972,0.4508668351686266,0.5530305085267184,0.40696846421724614,0.7382867318330981,0.6013199851311511,0.6283413301575199,0.7238444745900018,0.6334422819355006,0.7739112993485552
Ctss,0.022891495472491717,0.02481951874,0.055138082600000006,0.028932036,0.007106115199999999,0.58081948385806,0.6680860167305231,0.36297202927612326,0.3548596449338439,0.2942560182779773,0.6763298664290431,0.728109369796156,0.7019716352085735,0.6086285734664638,0.5740202779579573
Cul4b,-0.005792749933543621,0.005915478300000001,0.0219654078,0.012285854680000001,0.019264755400000003,0.6864201707888868,0.4822057443332606,0.6342209835919037,0.3441110171357766,0.7442705503879636,0.7360154790549556,0.6386730849769197,0.7485095364726783,0.6000435861305105,0.7788877852897294
Cx3cr1,0.0613033052358389,0.012135128079999998,-0.0048422599999999975,-0.0263869948,0.0210249038,0.19356845770605763,0.4713156696105526,0.7132362117002244,0.23422707676718993,0.4305013560552611,0.4671764679929938,0.631694628897757,0.7822048076429348,0.5400773092400495,0.6489614096018808
Cxcl1,0.12820271107178505,0.029699323399999998,0.037627722419999995,0.030801951640000002,0.0303392216,0.0001043887590201377,0.4825529975381171,0.5927734924367014,0.6374756196096352,0.622241910691808,0.0008879409684944639,0.6386730849769197,0.741804726867582,0.7229906417523911,0.7227539262406929
Cxcl5,0.12062878980431327,0.096056789,0.1143306352,0.1113979602,0.11683620000000002,0.00254849466586493,0.0006581319399242331,0.003956283037956231,0.0002961344897799488,0.0002318880234763928,0.016383179994845978,0.004290159141094885,0.044152118703591536,0.002374181685304762,0.001852893847444763
Cyb5r3,0.002387704713067179,0.1320182408,0.1082275108,0.1008430648,0.09545413532,0.004199105383118983,1.371084962367304e-13,8.283839690212857e-08,1.3005089957628238e-12,8.572671762731975e-13,0.024926604295536087,5.033325059216813e-12,6.082082298866808e-06,5.907671396975666e-11,4.7025614226320014e-11
Cyfip2,0.03540902604255404,0.04948676240000001,0.050360233,0.0757770276,0.0681737852,0.4035031697951307,0.10185494767416191,0.42083404861309104,0.27475081182907,0.1628828255297461,0.6088526224820454,0.32292648183058154,0.706956420259207,0.5720557947784368,0.4403518248333252
Cyp4f13,0.014528913429803619,-0.00034426360000000056,-0.013279671060000001,0.0028094958400000014,0.0100868162,0.6209961907987844,0.8239126748360467,0.2803539344031361,0.8761795239947832,0.5855035666564319,0.694699026595272,0.840788720845856,0.6736568469493242,0.8805982968103189,0.7050590789583084
Cyp51,0.1645847817677825,0.026833543199999997,0.026533569854,0.036531009,0.03098420584,3.4306917616738517e-06,0.2696492697496192,0.6276572781823104,0.5618708610440319,0.27685696812516364,3.4679818895181324e-05,0.5656552350386749,0.7470924234658693,0.6833705998905432,0.559945253898929
Cyr61,0.1291645185249169,0.1217957932,0.12762146999999996,0.109844299,0.1008394746,3.815108008283921e-05,2.6751738325565254e-06,4.916875181569336e-05,8.129714641427286e-06,0.0002322781362234159,0.00035245534248715696,2.870667304935656e-05,0.0012214711301347847,9.693121303240225e-05,0.001852893847444763
Cytip,0.027664952279513884,0.047563840999999996,0.012061745799999999,0.05383779079999999,0.0455803258,0.34705844146445275,0.17868426706576473,0.6250750628596493,0.03310535879036969,0.141051636553731,0.579122638568076,0.4532608787413878,0.7470924234658693,0.1470763551355596,0.40074752136956165
D1Ertd622e,0.059708759099292616,0.06127242396,0.0392726352,0.0691893662,0.03592474586,0.23436562003612096,0.03300881700307497,0.3769098495206351,0.02509617941585969,0.20145188934764602,0.5082879845181848,0.13493096345785116,0.703428322055141,0.1157578464208503,0.48725574437863345
Dab1,-0.016142627937730202,0.0455921744,0.02058430194,-0.01083075302,0.0101219728,0.7199207558473164,0.13826173647199327,0.05780344541795643,0.8260306343544788,0.0667675407603923,0.7562420590414205,0.3950316629083686,0.3251443804760049,0.8386555567136084,0.25241387360636114
Dbf4,0.4725098316425222,0.19617102800000003,0.082962885,0.17302679199999998,0.16431228599999997,1.6355871022551668e-53,4.837914607933504e-13,0.0026334920261208645,1.935667755551749e-10,1.5185820239296522e-09,5.8503692503742504e-52,1.6068787804921997e-11,0.03167001186585005,5.40051303798938e-09,4.413379007045552e-08
Dbr1,0.09273314852576033,0.0781807346,0.041424029907999996,0.0898276492,0.1028451292,0.04221158244710351,0.022599400404939976,0.028888729415123528,0.022517655240603143,0.011544302817162119,0.1731916397462041,0.09976634039522553,0.2045673986502402,0.106481793425903,0.060542490338124644
Dcaf11,0.014090210735894221,-0.0060239664,-0.0232281066,-0.008425262480000001,0.005542254240000001,0.2550669401835757,0.39509699685435073,0.767001628588501,0.7091972958479201,0.6969052515791243,0.5184839828688147,0.6116769082440225,0.8111958088559202,0.7610232520829604,0.7530463407845689
Dclk1,0.18405565809582608,0.20541995000000002,0.13707454800000002,0.24717249999999996,0.224053726,4.622734696920092e-08,4.3167225843479307e-13,9.123468534625275e-05,7.98220409731402e-15,4.3994948132167927e-13,5.46501262898604e-07,1.4890159183023457e-11,0.0018445273341742402,6.959484197345661e-13,2.789679665653375e-11
Dctn3,0.04466064146170614,0.012104348839999998,0.014612621000000001,0.038933016200000004,0.0542210536,0.44581341543654607,0.5247855886327089,0.41190709719262375,0.6779458656056147,0.07911367497466176,0.6223636694061372,0.6511824039565647,0.7067778604965684,0.7449343768413127,0.28127788881869037
Dctn6,0.00602348679290198,-0.0177703194,-0.05011452147999999,-0.0072031022,0.012825325100000002,0.47808387487801396,0.10470434312085981,0.23177293727820644,0.5270833143852425,0.17792681631106214,0.6375975195552863,0.3290591803459577,0.6472792273959911,0.6727280052549199,0.45987093965522746
Dcxr,0.02286078455678612,0.037261547500000006,0.014013508,0.034940484200000003,0.05592079200000001,0.28890523061146145,0.3406095293829529,0.503962912275868,0.1011080837321262,0.08635872447237833,0.5424263751049646,0.5914181437992989,0.7166445082821976,0.33766704858353297,0.297457828738192
Ddit3,0.04404355655647342,0.0876651794,0.081267449,0.095516024,0.11212499000000001,0.36921676651176144,0.006611839655978176,0.04792953105945117,0.04254546577589068,0.0011283700931025346,0.5898336497542702,0.0356120321238979,0.28451785458695483,0.17985128714353787,0.007567674422490556
Def6,0.004155044071317301,0.018143984319999997,0.014234725400000004,0.0233191975,0.017354545,0.48075737199874136,0.4913337655165393,0.5559232025257714,0.6390032962232419,0.5716800263554038,0.6387205085126135,0.6398384749125662,0.7238444745900018,0.7241345233399045,0.700194656373436
Dhcr7,0.018759334087699454,0.011599277999999998,0.0252529546,0.015442876200000002,0.0019688161200000004,0.42611002717148616,0.7007437576842899,0.4451173266699094,0.5444385274027279,0.5963174773811164,0.6172835621802093,0.7462118640989194,0.7109744123266357,0.6796637570527868,0.7097806151421991
Dhodh,0.02197768134644424,0.033176190159999994,0.0117454971,0.0027473662000000003,0.01967285254,0.5655420663558,0.33459286527356785,0.5977852529817607,0.8138983213230061,0.6149778256907601,0.6708598491210382,0.5907267209325682,0.7421660275333178,0.8317861965169183,0.7200331533096743
Dhx35,0.0037156255217855004,0.01051530989,0.0090923249,0.0241035108,0.024380377,0.690332103087647,0.7031424706297984,0.8096956378547834,0.5295392843041296,0.5074718772621933,0.738507119484101,0.7476248068053116,0.8391719277915474,0.6727280052549199,0.6805345250797038
Dhx40,0.06824013280069123,0.0705625492,0.0500182602,0.085305905,0.083669386,0.05518819092312399,0.10510823317874002,0.2825012583981037,0.06224706264822465,0.05824901241021531,0.20881225537014925,0.32907211420558186,0.6736568469493242,0.24031242683707563,0.22717779690820028
Dis3l,0.015291884600432681,0.0037681959200000005,-0.0022268374000000016,0.0288486712,0.0127432418,0.4462481784330802,0.6978142033909673,0.6316521940760123,0.18088205101620378,0.08720466945349051,0.6223636694061372,0.7447978681946438,0.7485095364726783,0.4815466816175654,0.29963180760497354
Dlgap1,0.16434383588616203,0.09666896219999999,0.0437526964,0.06267027459999999,0.09367339119999998,4.194796394566284e-05,0.0745392809517041,0.35490902299673777,0.23264270607962526,0.06306077633148503,0.00038498295858026087,0.2611033904483323,0.7019716352085735,0.5390973006330186,0.24101310406142906
Dlx2,0.02228662565289164,0.034431467400000006,0.031350840660000004,0.0022084275400000007,0.0457872376,0.10964543342200687,0.09157096971683575,0.29193853341337694,0.3084449951723822,0.5146856270258238,0.34065786107728196,0.2984614550350137,0.6757456120467158,0.5894257099527029,0.6832312572900254
Dnah2,0.039012982175205733,0.03004020952,0.010081953600000002,0.02302500392,0.0093492838,0.3942171527205168,0.3350508734998247,0.704303199804087,0.618701182776707,0.6778780051228419,0.6028241864969374,0.5907267209325682,0.780936901497964,0.7153278664392988,0.7418349096256192
Dnah7a,0.03711622098219762,0.01056595392,0.008932709552000002,-0.01334174672,-0.0074300602,0.23647233114860355,0.8288113831682107,0.4419967877004948,0.503307575177576,0.7671486376742308,0.5082879845181848,0.8451695025728465,0.7109744123266357,0.6588375096487119,0.7945463951008452
Dnajb1,0.06303694970974612,0.036532527,0.026923604920000004,0.022108027000000002,0.048301725000000004,0.13305024714164726,0.014251697352827622,0.3503825250929738,0.00685940259104097,0.031703362464236384,0.38190348716583933,0.0680860198876525,0.7019716352085735,0.0384291831907717,0.14266513108906373
Dnajb4,0.11772250404137789,0.08276238600000001,0.072314028,0.0808069264,0.064178544,0.011175580218474528,0.015830598565120917,0.13302825239483818,0.03465188462290817,0.05830082529973885,0.06066122336487147,0.07385847825533003,0.5332598048586186,0.15345834618716475,0.22717779690820028
Dnajc14,-0.02768186091175114,0.053823831799999985,0.053277065,0.01842892428,0.05240556240000001,0.562130785305321,0.26088731748857147,0.36596417466109243,0.13767042541178592,0.2861345711588553,0.6707691305062518,0.5581305542619134,0.7019716352085735,0.41344441585805247,0.5677919299667186
Dnal1,-0.0038293568374753797,-0.012247132939999999,-0.019715801999999998,0.031507353429999996,-0.00035099291999999974,0.7352600764339359,0.21603376525073795,0.2888952489405652,0.3412646882052084,0.6204494237264175,0.7665768756466451,0.5116497205362841,0.6757456120467158,0.6000435861305105,0.7227539262406929
Dnm3,0.030291788800231194,0.011755479459999999,0.017728153999999996,0.03460060699999999,0.017393086460000002,0.4264185595779161,0.6628614503394838,0.5292314947864136,0.39742489129344677,0.38456402117736843,0.6172835621802093,0.7252484103714353,0.7199768137930461,0.6334422819355006,0.6291955068192073
Dnpep,-0.00792056751815464,0.035674481,0.012709079600000001,0.0332563344,0.057285116280000006,0.4018706393140066,0.3175179042452444,0.44778228717405166,0.06850885893340507,0.10380014214839776,0.608036379439305,0.5886792086053216,0.7109744123266357,0.2562194590136731,0.33674697278375554
Dock3,0.04588127941958564,0.028844074000000004,0.006829376999999999,-0.0010165996,0.0018228447319999998,0.20127809421293766,0.6549648663071981,0.7250314848386572,0.7252996591886871,0.7019167265544903,0.4791517771792628,0.7188638776542418,0.7864843867417782,0.770596362961324,0.7535970633907982
Dpp7,3.200141203068066e-05,0.02665384006,0.029150807940000006,0.007515398272,0.011491894999999999,0.33629293971733604,0.5107164739293419,0.6306938708741008,0.4496798201113369,0.686245105791081,0.574085958515545,0.6424251407857817,0.7485095364726783,0.6433880503131435,0.7473160988123013
Dpy19l3,0.07502560328555946,0.052360122200000005,0.0342057125,0.0495204886,0.0572551577,0.12306347626196233,0.08615149610459032,0.34181440832035626,0.06569879072211939,0.08060335844574384,0.3652628710328456,0.2868289667443997,0.6978982757055638,0.251095378239333,0.283943649070234
Dpyd,0.01345219300511924,-0.012147675366,0.0033001900000000006,0.0030587302799999997,0.00923068612,0.48694570591474673,0.33273645574916855,0.490266492811828,0.34190040165484165,0.611059695911111,0.6406162356594759,0.5907267209325682,0.7163564111187761,0.6000435861305105,0.7175322186835016
Draxin,0.06954959213014575,0.01223172208,0.012847383199999998,0.022125551400000002,0.022887774300000004,0.06853907566232453,0.4018321251972142,0.8476530221236319,0.5832777298798086,0.4956305781518968,0.24898961080453835,0.6146734065500338,0.860306495281834,0.6962458075948613,0.6771998014163515
Dscaml1,0.07902094022706142,0.05133793439999999,0.04358449560000001,0.0672675466,0.0341589126,0.0055403120215883825,0.1709261099438409,0.40580154787843536,0.13734274238802413,0.22750515034969834,0.03206944095483732,0.4456858380778655,0.7041611757761018,0.41344441585805247,0.5237294023862136
Dtnbos,-0.0014487223238434585,-0.008514634299999999,-0.0010820436000000002,-0.0031890083,0.02062510018,0.8098766182915856,0.4326144219980607,0.7219166099147448,0.719872710093709,0.7834739517748551,0.8212559716678716,0.6250598230333035,0.7857777921790868,0.7654134379426251,0.8054676723667672
Dync2h1,0.06409668711253437,0.08503041519999999,0.0459723006,0.09123361459999998,0.0683815216,0.13186894895466844,0.015462085776366536,0.05809682580619999,0.04279247352068063,0.03340982171337682,0.3796541290145037,0.07262494834353979,0.3254822168660602,0.18034894429410717,0.14986077585260663
Dynlt1a,0.06247530553607746,-0.0232289328,-0.0072519184,0.02093171372,0.045775413599999995,0.010116194157019563,0.08642415139726183,0.2077665154398464,0.2638202698439181,0.09372855846156662,0.05534153274134231,0.28705164571233394,0.6452671800536759,0.5633935181823675,0.31582449046832234
Dysf,0.0030653287548061984,-0.0018053086999999996,-0.0063396478799999986,0.0336640562,0.017705653999999998,0.29502657569906454,0.27716981235292487,0.7053050185744276,0.3861361381244007,0.41548804115992516,0.5474782556850697,0.572137357073798,0.780936901497964,0.6285413216844095,0.6451918684496133
Dzank1,0.01040949275377582,-0.00980110248,0.0357413156,0.0561806598,0.040536107,0.4933158106939539,0.6110271659001678,0.30812826859901815,0.19394409664179196,0.41782175263513743,0.6417565955029314,0.6975310118091114,0.6770933242104197,0.4973382625281246,0.6461877438204177
E230025N22Rik,-0.0264790693841555,-0.016179197900000004,-0.0024731647999999993,0.01232753248,-0.022881665899999997,0.25297221902870737,0.7626126184702484,0.26866861173047357,0.8276221586272654,0.23488760650726923,0.5166855718082677,0.7909625299375439,0.6657064180533049,0.8396602991163893,0.5244654012866745
E330009J07Rik,0.0286532162364815,0.0232652932,-0.008904045400000001,0.05099803779999999,0.030536367200000004,0.2197877756590009,0.41496232011236567,0.5664498267639912,0.5030665302293478,0.3554309164943856,0.4977336802667309,0.6211041440958266,0.7276220150421435,0.6588375096487119,0.623409683248167
Eaf2,-0.008148398979893801,-0.00033187139999999864,0.011480098800000001,0.0059296126,0.034064057800000005,0.5876172218307694,0.6823003833543668,0.747389953949753,0.5343110903869841,0.16638019226556688,0.6765584118440919,0.7361245435261731,0.7996124940116826,0.6749993381769521,0.4457926952731564
Ebf1,0.18761736419226058,0.154921948,0.11475647280000001,0.147720396,0.15018609,1.139359162082267e-09,3.436090261063947e-08,2.6960931512367268e-05,6.2094108436666526e-09,1.4504031432563117e-09,1.4449145737316023e-08,5.77511555925808e-07,0.0007374607737206341,1.3675272951650397e-07,4.304919967750117e-08
Ebpl,-0.005514729438896299,-0.00627377958,-8.718744000000009e-05,-0.0140358002,0.005985481640000001,0.4347876247084145,0.61280667609744,0.35691008094161386,0.4432967392347923,0.6511039525507976,0.6196754722635227,0.6978492352293296,0.7019716352085735,0.640164545789374,0.7336752938678212
Eci3,0.015193996443374819,0.01628400462,0.0035986117999999984,-0.0034999086600000008,0.0285441322,0.6181238130730209,0.44902329969010013,0.24655593423731959,0.6820892222529427,0.35065353240355235,0.6925965616360354,0.628272320027773,0.6505288210182132,0.7468716366113461,0.623409683248167
Ecm1,0.00310410076435332,0.035664257600000006,0.026755860799999996,0.0371785076,0.06949599059999999,0.44283689785041225,0.4265692783835865,0.09276384316209045,0.17779631479141025,0.007656563493125328,0.6223636694061372,0.6250598230333035,0.43866291935971585,0.47697280602695635,0.041559945808987676
Ect2,0.4911032988884708,0.18543662200000002,0.1090434038,0.19646360400000001,0.15101811199999998,2.5923084816316038e-64,2.4271377625003084e-10,0.007526296979099406,1.196685581251333e-10,3.2680268958487403e-07,1.2915251185271741e-62,5.837684790841259e-09,0.07608104554959182,3.5518646507353396e-09,5.180565363305673e-06
Edem2,-0.0185781171155852,-0.0242684638,-0.016447356000000003,-0.01933024082,0.0169746272,0.6788493562637097,0.3819889593799795,0.22643070470856583,0.6809986832405721,0.4593158679408226,0.730705904311632,0.6103947289061528,0.6472792273959911,0.7468499710067594,0.6596613148285196
Edil3,0.06568733173379918,0.09370081599999999,0.0677592394,0.11554283400000001,0.1150520294,0.0913419169322334,0.006791753843962307,0.10159314550385184,0.008502080544032928,0.00046693010912332117,0.30483725866140093,0.03630075330393647,0.46013778564244584,0.04687906070721713,0.003483248675010872
Egr1,0.08358849277085426,0.08359491299999999,0.068040688,0.121941945,0.10351070599999998,0.012332868138902085,0.02732355786480939,0.06175274705406885,0.0006724319931810485,0.006058759138703556,0.06497959370676053,0.11728111760433568,0.33915386669459074,0.00478593178820185,0.03380787599396584
Eid2,0.06372752927220328,0.0391121322,0.05370904679999999,-0.002363238336,0.015855916345999997,0.11016882900727261,0.15911498170318616,0.2545307038396157,0.627389193199267,0.1191129044136915,0.3415233699225451,0.427723866185073,0.6534544460644691,0.7176803160249209,0.3651923113342849
Eif2b3,0.10327552878504372,0.08940928940000001,0.0579388092,0.110580176,0.08377780800000001,0.04638617693136966,0.010031210588576369,0.23111544038357845,0.0017267722643355213,0.014749456105005863,0.18616793184759295,0.05107130938344538,0.6472792273959911,0.011416337956151906,0.07373246209964318
Eif4a3,0.1355888811028331,0.095369042,0.0559264874,0.076642554,0.09567449219999999,0.00017339184744563115,0.0008539300749973595,0.022639637274083396,0.00030958387714425967,5.9376648264720186e-05,0.0014272742690618538,0.00551496506769128,0.17163753557418782,0.0024678257635213845,0.0005459176612904386
Elmo2,0.05827711144915647,0.003340307499999999,0.0160748536,0.0043704108,0.0014187342399999997,0.2889033847099001,0.6655096663798152,0.04520373236870596,0.6951934859237565,0.5087674188008011,0.5424263751049646,0.7270054695378562,0.2718069252342449,0.752197083818716,0.6805345250797038
Elp2,0.01898853663758812,0.0441147448,0.039429929399999994,0.032050374199999995,0.0510609704,0.23599835055785987,0.44781547336605165,0.49422581153094836,0.22862439778203028,0.557673037955329,0.5082879845181848,0.6278417943172282,0.7163564111187761,0.5329055482259444,0.6958442647117029
Emid1,0.05801763016800191,-0.024249569,0.0014279126999999987,0.00700418966,0.021004880740000002,0.33901519890973386,0.486489734491346,0.542685024888266,0.3961488987208569,0.6720436312286769,0.5754937114982464,0.6398384749125662,0.7213245479720058,0.6334422819355006,0.7418349096256192
Enah,0.029278517855122622,0.00854328136,0.0371821096,0.05293064409999999,0.030988932399999995,0.08683636118638502,0.7753843742349762,0.6072013069822995,0.4797886283358844,0.4774128111785807,0.2954554240366027,0.8000452677942247,0.7422029543137081,0.6588375096487119,0.6646606312260237
Eno1,-0.01660580708465374,0.10542664319999999,0.008953131600000002,0.06333521959999999,0.1085948608,0.3444197940298492,1.6063939524594585e-06,0.2615116907764266,0.004500167808719302,0.000398447739989334,0.5760978569204311,1.8674329697341203e-05,0.65849965457241,0.026488329507018675,0.0030518151381223038
Enox2,0.03621743186248676,0.06007184232,0.0338296738,0.07757730520000002,0.07148513100000001,0.05692836273902197,0.2157113852843978,0.29085519475207217,0.008438355923607163,0.1083960526836682,0.21065004249585056,0.5116497205362841,0.6757456120467158,0.046712327434253936,0.343558475129205
Eps8l2,0.07661605670433273,0.056069786999999996,0.065848913,0.0761632942,0.0549429658,0.022150041999616732,0.12343710747974762,0.2398697228572267,0.1079421037318019,0.21109988539186123,0.1072248356569803,0.36793753191078615,0.6497442007491869,0.35682283105654894,0.5033920343959768
Eral1,0.02744203779171096,0.03613624574,0.039690739600000004,0.0362401384,0.034954479999999996,0.4498789180681676,0.30478362588342917,0.3327908761071824,0.49483169624922163,0.6199617211445039,0.6223636694061372,0.5835092040311974,0.6918790858347537,0.6588375096487119,0.7227539262406929
Ercc1,0.09172681056458956,0.0184719772,0.00851213394,0.058744523199999996,0.07241359639999999,0.03720768915424494,0.49724371720942484,0.21578235203651566,0.16162334682446142,0.017651766699979705,0.15970685036975904,0.6398384749125662,0.6472792273959911,0.4508528455803819,0.08670498079743554
Erdr1,0.06455924575063025,0.26377486799999994,0.17132877999999999,0.21328148200000002,0.19347000799999997,0.038462825746774246,2.426013294331297e-20,1.0628042439831515e-07,2.4386060601768314e-15,3.212805511613367e-16,0.1621016372107253,2.668544082477359e-18,6.739145092529528e-06,2.3635555214496977e-13,3.734886407250539e-14
Ereg,0.061388576438417775,0.06835298179999999,0.0761713304,0.06511509839999999,0.07738428680000001,0.16303395401938472,0.24701134208049202,0.02742653323993757,0.03895560527148409,0.0764801234236907,0.42452846512245096,0.5465139341441183,0.19721656633872633,0.16994077031272614,0.27495062319523084
Etfdh,0.08849115050949856,0.022095161999999998,0.022390530582000003,0.0188663775,0.0330076298,0.05523420948500722,0.3175693635554769,0.35108172760765366,0.33156092895193306,0.5789405215539221,0.20881225537014925,0.5886792086053216,0.7019716352085735,0.6000435861305105,0.7028912337404015
Exoc6,-0.003566112709996582,0.0392423024,0.0019832180399999995,0.027042166899999998,0.0482537764,0.1826275861810305,0.3629920227550451,0.16907015860888563,0.26418541382812644,0.2166070696749551,0.45253597944589713,0.6019386228406475,0.6069233175610376,0.5633935181823675,0.511838610312824
Extl3,0.03697497436621676,0.0890463128,0.052596604160000004,0.0613808464,0.0610687528,0.21194071500619965,0.01974289931067536,0.04140580089577345,0.033091122375505,0.13110267340106724,0.49195591008979117,0.08884304689803914,0.25223184388473346,0.1470763551355596,0.38502785135681855
F3,0.08412811800820755,0.0233568974,0.04706137519999999,0.0595848964,0.0524348874,0.042935280718021704,0.012018977627635014,0.08621667131807866,0.011158030267342701,0.004293919732999743,0.1746201650193594,0.06009488813817507,0.4248360318203411,0.05963774798062478,0.02538143232006204
F8a,0.01399897741379898,0.0011914932,-0.0038529002,0.001082022919999999,-0.0072799718,0.29515493450607877,0.6035605487068085,0.20908696519359046,0.5558085403144093,0.2225033108592572,0.5474782556850697,0.6946922157145198,0.6452671800536759,0.681666234309372,0.5199197967314301
Fads2,-0.017639581866289684,-0.004986802520000002,0.0129990068,0.0160408927,-0.021143200679999998,0.07179594470984106,0.6740557087691708,0.8465546424405279,0.7163313162533103,0.7542277288747827,0.25813232698512445,0.7319556786410781,0.860119247053559,0.7639772065545626,0.7859181575315209
Fam110b,0.055146326206593876,0.025189987199999996,0.0013051423599999997,0.0330281398,0.0037455573999999993,0.19209559484198876,0.4451499250246045,0.2925892763788151,0.7178103944884144,0.5890623363969623,0.46523151875794155,0.6278417943172282,0.6757456120467158,0.7642760084633192,0.7063867537198297
Fam169a,0.0107143233103053,0.012481190600000002,-0.012230279319999999,0.002605943499999999,0.0286039734,0.2221221151733933,0.569205483932226,0.4512811547545875,0.8201907257819644,0.23553738983571282,0.5005821497041739,0.6781108624160554,0.7109744123266357,0.8345485503033117,0.5244654012866745
Fam171a2,0.01019149344659338,-0.00875019234,-0.0010458204999999998,0.0232495874,0.01062356796,0.5654470852381974,0.2822133895414389,0.4558514869100987,0.5227931215288693,0.5671765998567366,0.6708598491210382,0.5728466807988425,0.7109744123266357,0.6723887823499297,0.7001870414160598
Fam217b,0.03787933897991006,0.013039641600000002,0.027317870499999997,-0.0016694006000000012,0.014725076600000003,0.14134765020268722,0.3720365866804459,0.7927502849822872,0.36660912399972806,0.5272726226559854,0.3959437189412624,0.6070070624786222,0.8271403497010401,0.6165750011647512,0.6886658809918551
Fam219a,0.004500066430053641,0.026087364499999998,0.007949323599999999,0.0323630792,0.025045920859999998,0.8505199495550803,0.2223171201409835,0.24941223241059948,0.40784623738837217,0.43244884799352,0.8548093152949113,0.5212308951204572,0.6505288210182132,0.6334422819355006,0.6489614096018808
Fam227b,0.07015457471799161,-0.006696941399999999,0.009108464399999999,-0.00015198348000000015,0.0363825995,0.07355570188479577,0.3302863308874599,0.7487978665001109,0.9257397923637082,0.7635901468086291,0.26176072481961754,0.5907267209325682,0.8002923251295438,0.9257397923637082,0.7933581259806891
Fam229b,-0.01170076799640648,-0.013915298779999998,0.0135864538,0.00862073612,0.02381778579,0.5535691752593084,0.32029212855300293,0.2030545968766263,0.43644888479902344,0.4110250048054494,0.6707691305062518,0.5886792086053216,0.6452671800536759,0.6368684040738889,0.6430661592182162
Fam46b,0.05407248617486056,0.0113102756,0.002630987740000001,0.013643862439999998,0.014888943200000001,0.45104635825778117,0.30808688957817587,0.3905071825638019,0.8358196673869056,0.2877089583384562,0.6223636694061372,0.5853426760168402,0.7041611757761018,0.8455173575088711,0.5684900805696125
Fam46d,0.035432696311198,-0.0010915333999999984,0.005686541376,0.00738594874,0.0007751508879999998,0.5618340349739501,0.2827837989842531,0.6553780250272281,0.23979484297389594,0.5101156668731195,0.6707691305062518,0.5728466807988425,0.7599770115652396,0.5441319761941211,0.6816134309555367
Fancc,0.02099569722322762,0.02386726112,0.03817779119999999,0.05328594040000001,0.0516782348,0.653207333716517,0.716737567088674,0.464226529297471,0.34123375268577155,0.6588461340569822,0.713566351240831,0.7551728897950908,0.7112967913044496,0.6000435861305105,0.7377806569019795
Farsb,0.0312827633534111,0.0012258538,-0.0331889727,-0.0012073033999999996,-0.011193558231999998,0.31087919090526933,0.45501410279562526,0.5536402633334403,0.7113885294985962,0.5241175054201468,0.5541313823849575,0.6292145641906591,0.7238444745900018,0.7616170365698709,0.687811778044313
Fas,0.00834993546601832,0.026835061,0.0531333448,0.041279119,0.04265552326,0.169806280133891,0.07436325693977416,0.01790870404433061,0.0015347446276477064,0.06841459606289571,0.43384571572669955,0.2611033904483323,0.14275795509623543,0.010293119017156491,0.2562848015934377
Fbln5,0.01704360156401972,0.07748306980000001,0.0700673392,0.11932123400000001,0.1102477468,0.21918487731855943,0.02170492694054904,0.0030465416672019407,0.0002842660756664153,0.00010360061473296238,0.4971754534299031,0.09612181930814576,0.03541604688122256,0.0022922033269054875,0.0009032678597030157
Fbp1,0.031175081699755143,-0.0075248708000000015,-0.0230503534,0.0075319968,-0.0017988839999999993,0.27715795328077064,0.44023492103146594,0.424132115973729,0.5810648360782185,0.6337290728269329,0.5372262899442154,0.6250598230333035,0.706956420259207,0.6962458075948613,0.7260179292730569
Fbxl14,0.05541675135449908,0.039935899,0.025783857,0.00332608786,0.05120578,0.10773479862813379,0.04180106395151514,0.40633482865806686,0.49787232380108193,0.27063167906157237,0.3363640615126273,0.16465389301454214,0.7041611757761018,0.6588375096487119,0.5543776685622518
Fbxl7,0.24948416370244925,0.15313702999999998,0.0965034658,0.14938181,0.15395910999999998,6.306962902926156e-17,2.467233486823022e-08,0.0005659293865115623,2.248928293022039e-08,9.601593245385283e-10,1.0729528353148765e-15,4.1973057489245316e-07,0.00858121189330032,4.418668970092598e-07,2.9764939060694377e-08
Fbxo18,0.0414961507120078,0.0252624935,-0.005776391200000001,0.019355324,0.0035592672599999986,0.2172992907137661,0.7326033789994308,0.3687463669104427,0.3828071567965207,0.6889777420152421,0.49450654248891307,0.7666779547668462,0.7019716352085735,0.6280692635075651,0.748458689576052
Fbxo36,0.02784845700851536,0.0358995392,0.0173588562,-0.007846435500000002,-0.0115776621,0.3295245821359574,0.7688717070869764,0.3791238760098433,0.43216362223950266,0.6420055551781785,0.5712845625732195,0.7956795485061811,0.703428322055141,0.6364968217877089,0.7311002036518849
Fbxw4,0.01387875425549368,0.0395301538,0.0017619467,0.028851447600000003,0.033645117440000004,0.32438447290678424,0.38161134582648376,0.6230972472093053,0.4793563511748552,0.1513732133656769,0.5656551483847919,0.6103947289061528,0.7470924234658693,0.6588375096487119,0.41897942985142717
Fem1a,0.048507307494149596,0.042384767000000004,-0.00859707748,0.0704581236,0.001718223599999999,0.5292798275497901,0.5121252415922881,0.4676111352658652,0.18381054716344947,0.18804232793670922,0.6615354153794092,0.64267769300305,0.7112967913044496,0.48655733072677804,0.4760781260829571
Fermt3,0.0009539175833856006,0.001049628300000001,0.008028861200000001,0.027534004999999993,-0.0026195684000000006,0.14836222910651092,0.8444941035212147,0.236323619028406,0.5479275597701421,0.6472536630616121,0.4066116102231488,0.858025691487323,0.6472792273959911,0.6800346493588507,0.7320991166161397
Fgd3,0.04591354607235216,0.0758550076,0.0231841407,0.0642568352,0.027200504440000002,0.5379589809167908,0.0036015947901420126,0.4584608584244324,0.08731155192901406,0.21252181170043716,0.6624670220626351,0.02067582194340785,0.7109744123266357,0.3022322951388949,0.5050560942455022
Fgd4,0.13314610069783828,0.16278147399999998,0.099809898,0.167046588,0.139368669,0.00020663223147851726,8.734754431774978e-06,0.008070161677879458,5.372584169952327e-06,0.00025493714882995856,0.0016566204765088022,8.520966735892373e-05,0.07928081366649187,6.813413560984998e-05,0.00199796248661681
Fgf14,0.06454651924109225,0.0981214118,0.06738707460000001,0.0911021108,0.08318088679999999,0.07921352667689592,0.029672567772651155,0.03470617288685283,0.0318136749858687,0.12877016038537922,0.2755682536515457,0.12619887817941575,0.2273009914420643,0.14270121094947535,0.38138932852994484
Fgf20,0.05680569670038146,0.03756879719999999,0.0443591334,0.046912337000000005,0.0325485642,0.14224919202636943,0.20052708779898104,0.33901428995385924,0.22839519390700827,0.07933249304352895,0.3976705869274256,0.4916261642874843,0.6954778448318142,0.5329055482259444,0.28127788881869037
Fgf7,0.1122094509929396,0.0599584046,0.0740777426,0.080559133,0.09644502499999999,0.02243788593714558,0.031994624790429485,0.09679738589157036,0.0036491629189729113,0.0011235873534695185,0.1075630614512649,0.1320488212504412,0.4498488868820584,0.022327115227926363,0.007567674422490556
Fgfr1,0.1941916791946544,0.164271742,0.09082128982,0.17296634600000002,0.155205648,4.654158304986312e-09,1.530313888037729e-10,1.0384961163726574e-05,6.768288077626112e-11,5.2269440544447274e-09,5.7456202083680575e-08,3.881432497841149e-09,0.0003219337960755238,2.145854970065551e-09,1.2571701648190337e-07
Fgfr2,0.004452662516610279,0.13679287,0.0809129472,0.070140226,0.0891138278,0.4374349338406971,0.0001186896483402944,0.009939065736646642,0.07573482413371245,0.00044330935643967717,0.6201440373046468,0.0009461260539126326,0.08775314368748142,0.27513041579825226,0.0033427921742343225
Fh1,0.050244365458386696,0.0948806958,0.055524588799999997,0.06980307000000001,0.1125873028,0.002896836273879344,0.00335976898730072,0.1677950799769004,0.004034179939587461,0.00011292282356578638,0.01836857546391675,0.019367263377208694,0.6069233175610376,0.02416606103938,0.0009784306762377144
Filip1l,0.08644950835308413,0.11764635799999998,0.077338506,0.120197306,0.100044094,0.007199033617667219,0.0004049730500056577,0.021180684534480673,6.046517423892717e-05,0.00016061124982697764,0.04033193532789466,0.0028246870237894624,0.16415030514222523,0.0005549270925217329,0.0013257555828913243
Fkbp14,0.005253196526517979,0.0064525416,0.0055434338799999995,0.01924210352,-0.0105016898,0.33220086033126095,0.43505147082973444,0.3271231321938759,0.41315627300701635,0.7811516498081302,0.5720133819917874,0.6250598230333035,0.6918790858347537,0.6334422819355006,0.8046249247689733
Fkbpl,0.00951544833545014,-0.005044560900000003,-0.00766212082,0.0306410588,0.0021426659400000008,0.5840750572995672,0.34086034954454214,0.40170510056144265,0.6348516564939122,0.5862032739012262,0.6765584118440919,0.5914181437992989,0.7041611757761018,0.7217751106837877,0.7050590789583084
Flot1,0.04469385627609988,0.00861359686,0.0190297188,0.011442583400000003,0.03293379,0.11160777875688571,0.22609576439592532,0.036242984021243284,0.5465193489035041,0.3562374607934198,0.34369282862219774,0.5283142233372125,0.23192184729190082,0.6796637570527868,0.623409683248167
Fmnl2,0.14967642679292456,0.18105338999999998,0.11766120259999999,0.20231099599999997,0.194107006,7.236374040173286e-05,1.160852796749465e-13,1.7155807768823277e-05,8.338312419081093e-12,1.6363703732475884e-09,0.0006429771838243143,4.376728787744605e-12,0.0005091989752661377,3.143769141788682e-10,4.591814182792407e-08
Fn1,0.007198526909350439,0.03882885892,0.050071461799999994,0.0695579262,0.0409632866,0.03710012754997925,0.01940797934736509,0.11755236674728198,0.010310727268747431,0.0015592916185360544,0.15970685036975904,0.08761854753907541,0.4984363270895391,0.05596678809300649,0.009932474008483086
Fndc7,0.02025436752367882,-0.0017644057999999991,0.00396797554,0.01443657106,0.0291096248,0.5918345410842742,0.47179433973589047,0.29127961744061137,0.7140804351673167,0.5766577324426116,0.6789549217208574,0.631694628897757,0.6757456120467158,0.7621593014983984,0.7023503239119216
Fos,0.05015574105780438,0.02177365554,0.00536402752,0.044703391599999996,0.0364433984,0.16034857104825645,0.38888041468725565,0.22137230522764395,0.5010604767057416,0.04849109824708246,0.4212547205505043,0.6116769082440225,0.6472792273959911,0.6588375096487119,0.19837267464715552
Fosl2,0.0747945904362369,0.05943454320000001,0.0661613154,0.055662778999999996,0.04676374856,0.10617896124984706,0.11588562571116551,0.16585855307142816,0.26528709099755454,0.04012811985077624,0.3358722243617611,0.3499143893226751,0.6065015963581355,0.5633935181823675,0.1725300528925365
Foxc1,-0.00407205383113726,0.0457665052,0.018904615859999998,0.02796620528,0.025758957000000006,0.036965274337280855,0.3248522532786114,0.6108232241735012,0.7434076532095191,0.8584094899721197,0.15970685036975904,0.5894820958689049,0.7422029543137081,0.7813667162898432,0.863360662228628
Foxp4,0.015205555496888661,0.0671927216,0.0467240266,0.058335012799999995,0.04358495259999999,0.3129451478353342,0.009655844638131615,0.11499612313517055,0.017730271226690048,0.1980152050085525,0.5547121743713993,0.049521703199241186,0.4920846373422175,0.08833474414725934,0.4854678576220224
Frmd5,-0.0011623695268239032,0.015843788,0.01195983786,0.05741500780000001,0.0025503125479999994,0.22692460960245067,0.26552750774434886,0.5387695419861751,0.14992285991111212,0.4499152075903312,0.502734312515757,0.5629344579078521,0.7203850719089967,0.4355680274643429,0.6551479275454197
Frmd8os,-0.0016927783263731206,0.022389313100000002,0.0060399893199999995,0.019418976400000003,0.036091986199999995,0.4360023901139757,0.41573861131694323,0.6494005426222207,0.49878703850657014,0.6192460028365374,0.6196754722635227,0.6211041440958266,0.7568201812514602,0.6588375096487119,0.7227539262406929
Fyco1,-0.03863480262699986,-0.008965889600000002,0.0033414642199999997,0.008551734880000002,-0.0184880064,0.5370694374184102,0.47055436157099817,0.5342988217130507,0.20905270163457276,0.5430931845594449,0.6624670220626351,0.631694628897757,0.7203850719089967,0.5161566704074849,0.6919762775735281
Gabarapl1,0.05517421056678258,0.003616958799999999,-0.00427522212,-0.02413970928,-0.0313089646,0.37773522904183754,0.42367246180234885,0.39606003017384483,0.2357686055302957,0.5774880441053578,0.5946096538985857,0.6249015894815034,0.7041611757761018,0.5418405349501854,0.7023503239119216
Gabrb1,0.02892969647325544,0.0111411066,0.01355243156,0.01075553516,-0.012176668400000002,0.31386010930374963,0.7005231880784588,0.6866013521679241,0.6934879799740838,0.6464507257430474,0.5549645300253208,0.7462118640989194,0.7742998272225174,0.752197083818716,0.7319795149444409
Gadd45b,-0.0045679950670098396,0.020908141534000002,-0.0021337139400000003,0.002527477,0.047675472600000005,0.6529232568921566,0.19833717814425222,0.3438803590549243,0.3204769597331766,0.4340767107255771,0.713566351240831,0.4871434924735148,0.6992902345213111,0.5962402328321305,0.6489614096018808
Gadd45g,0.0449318367267529,0.059135411539999995,0.026601507080000003,0.0614811024,0.081453409,0.33663248320122996,0.005862745608969272,0.280644600787067,0.1033140406259412,0.010625613047086506,0.574085958515545,0.031947383298875524,0.6736568469493242,0.34396918060426723,0.05614670530562756
Gadd45gip1,0.08315269498906838,0.0149202828,0.016794816,0.049312578600000004,0.0616856438,0.05654855856732518,0.11275386663545565,0.13407070292380485,0.09925843842496955,0.10732742842734469,0.21065004249585056,0.3449378156939926,0.5354862410926743,0.33284981154527044,0.3426127291902651
Gal3st2,0.045595147243914155,0.041647260799999995,-0.0085864512,-0.002216106500000001,0.004824699424000001,0.5734939672555543,0.43886846599659146,0.5572824126950982,0.5034557600613097,0.307086417758575,0.6744867428634483,0.6250598230333035,0.7238444745900018,0.6588375096487119,0.5879205639779265
Galnt13,0.10608755741135005,0.0486559286,0.0221168154,0.0181429743,0.04575598339999999,0.0010064237858305404,0.5657943632420825,0.5014849546608509,0.11747783723754646,0.2716252709794411,0.007199800929403097,0.6757561102077955,0.7166445082821976,0.3741588651743774,0.5555971451852205
Galnt17,0.00882914181613326,-0.013121507460000001,-0.030561297339999998,0.0026187494999999994,-0.00031601460000000025,0.9399253103271715,0.34587074243600235,0.3909132363814457,0.4829667187550767,0.21851455673395745,0.9399253103271715,0.5970244458012794,0.7041611757761018,0.6588375096487119,0.514043518792362
Galnt18,0.211573146704086,0.0482644959,0.0679714692,0.07054508039999999,0.0668273286,5.567190975874762e-14,0.006580189846844185,0.028216189961842282,0.016172389962691148,0.009336540994455347,8.559469042263743e-13,0.03557893347421565,0.20082441324882644,0.08144579060633268,0.049711735447577135
Gas2l3,0.3892340156904461,0.15314291,0.05786531869999999,0.153845576,0.11426180400000001,7.490667673966027e-39,7.433235261363458e-07,0.07523257333576353,3.159869908358541e-05,0.004978884040267593,1.93508914910789e-37,9.258359990716092e-06,0.3938108039495593,0.000310423839588744,0.02881968147789748
Gas5,0.10548593570466577,0.0337893664,0.02822180836,0.0808405144,0.00012257543999999871,0.0027797885984642444,0.23900248566064286,0.644656255558796,0.23484907876336467,0.19937388129738357,0.017706872579258542,0.5386243416746314,0.7544425138460742,0.5406179288364583,0.4855663363556669
Gcm1,0.08478035867255902,0.017093428,0.0001330326600000006,0.051467332879999994,0.009117739939999998,0.08760089575063171,0.35462280756682646,0.5560456469466293,0.48576422593321844,0.4006919372613477,0.296609829058571,0.5989089788810205,0.7238444745900018,0.6588375096487119,0.6398114708791759
Gdf11,0.08555537681894486,0.10997998319999999,0.0760092894,0.1265796828,0.11706042679999999,0.03983997167072741,2.9381082364913008e-05,0.0013236380508339176,3.837064904707956e-06,6.129197861986069e-06,0.165948150142608,0.0002577774207487651,0.018281931494191238,5.0497222094977345e-05,7.125192514558804e-05
Gemin2,0.08099912565329623,0.0592926356,0.05846795579999999,0.029018364600000002,0.04382741028,0.21314795894676866,0.17288313214703266,0.2378686356660179,0.19025950721125595,0.05051557989401183,0.49195591008979117,0.44827503595745455,0.6472792273959911,0.49609721973776083,0.20492072851145146
Gfm1,0.01503276214710968,-0.004379553600000001,0.0032656621199999994,0.013780899200000002,-0.0043424812,0.2476029513110053,0.17033028694469443,0.5829742889067424,0.6129567128430213,0.5052074336129524,0.513594971786335,0.4456858380778655,0.7366787065619537,0.7113765510948542,0.6796184859113487
Gfod2,-0.013687576260360722,0.0308951084,0.02368996346,0.026724570600000004,0.05479450480000001,0.1483367255738214,0.4590188317584222,0.5138933457568666,0.3513355969750779,0.3525430411884212,0.4066116102231488,0.6307584542400428,0.7184053542286957,0.6073273330610083,0.623409683248167
Ghr,0.102527163932851,0.0718964898,0.08095051119999999,0.0418898444,0.0150449842,0.0014904521625383371,0.010508528281675677,0.10352649269217515,0.042089315189604036,0.02020688886310603,0.01029297409277713,0.05306125562954836,0.4643712453555766,0.17855307343383744,0.0955546100475692
Git1,0.06760949241951894,0.0868259474,0.083982918,0.0781130968,0.07228140159999999,0.060540793876636315,0.03212357084023191,0.08776829957070201,0.02184305349453271,0.10567160605064119,0.22224844067870436,0.13218991540449415,0.4281006220319206,0.10399679052857724,0.34123122787186216
Gjb3,0.038164712518781715,0.0022363190000000014,0.019228930999999998,0.0020827072200000005,0.018199959066,0.2673762205901769,0.651243813439716,0.3299875324953988,0.6573319307039633,0.6618683948889139,0.530910341671964,0.7167961889686204,0.6918790858347537,0.7347580475416897,0.7386451286960279
Glipr1,0.050058589559411205,0.132957082,0.11669295799999999,0.1370548008,0.11477333680000001,0.11246028428423739,0.0005311383932883225,0.0024656740159439998,2.0941061921886362e-05,0.0010966716822501795,0.34493681413005806,0.0035282764697009993,0.030298159084955298,0.00021479986309581964,0.007426490275432042
Glipr2,-0.009028848258209859,0.0824469568,0.037679783800000005,0.08664892540000001,0.07084621653999999,0.40044551991376265,6.7057266976286e-06,0.09969197405981829,0.0006370687204575924,0.019463118011320956,0.6073712203148971,6.681777673708498e-05,0.4533985308140484,0.004580983840403822,0.09394826860135894
Glp2r,0.15791228644080108,0.016063822199999998,0.01928694878,0.0449883284,0.0401115512,2.8084338263214776e-05,0.048612764302789394,0.2880527526903685,0.4447414930928202,0.3663071180796282,0.00026471386403503116,0.1863044126439319,0.6757456120467158,0.6415867454648233,0.6268133736386102
Gm10060,0.02969989725286104,0.0535071538,0.0463220658,0.053476440400000005,0.0701670382,0.350605117117721,0.1753338464116152,0.6154306470506572,0.4804470749228208,0.19182625060145264,0.5836445565384496,0.44961528629449116,0.7422029543137081,0.6588375096487119,0.47687520603858413
Gm10086,0.027042883004906683,-0.0066452084,0.0180204922,0.00431847309,-0.00030603140000000156,0.5240557787289726,0.57610100540465,0.598520989946224,0.4245835536552249,0.37155793558508965,0.6585859046094162,0.6799161612009195,0.7421660275333178,0.6341478130075361,0.6268133736386102
Gm10095,-0.0110225378462456,-0.008341901426,-0.003144533,0.013127247600000003,0.0088204199,0.24503630325539133,0.5122993509816427,0.4050773700595812,0.3406546077795742,0.38882515025781883,0.5132517162781846,0.64267769300305,0.7041611757761018,0.6000435861305105,0.6321807512933068
Gm10130,0.04966151475557974,0.049512597000000005,0.028667988200000005,0.029703597399999997,0.018386873,0.15820572772530994,0.3400874913599794,0.4737884735614656,0.4741934782860806,0.12255940869580913,0.4171965787841349,0.5914181437992989,0.7112967913044496,0.6588375096487119,0.3716747285448994
Gm10138,0.01726637953472926,-0.01049268552,0.0107506488,0.0033251761999999996,-0.0043324514,0.4760054007311677,0.5031561340351864,0.7572141470955105,0.2912092741354938,0.19228306069815967,0.6360416992528534,0.6398384749125662,0.8040731727589118,0.5797707165646411,0.47687520603858413
Gm10240,-0.02814716788966068,-0.0038898566000000003,0.0021246546400000015,-0.03135902256,0.004664083080000001,0.3772583320084101,0.5483572605674567,0.6634806295717155,0.4294288008937059,0.05702825363222936,0.5946096538985857,0.6644089084965332,0.7624683183198516,0.6364968217877089,0.22376048432019843
Gm10288,0.019510023259449137,0.012768742160000002,-0.011101821200000002,0.008473102,0.021047991,0.3683217595944744,0.6236216070717127,0.5830059441178472,0.5296925973331388,0.5572218505674504,0.5898336497542702,0.7018905192692503,0.7366787065619537,0.6727280052549199,0.6958442647117029
Gm10330,0.05847403432977296,0.03318609596,0.0062470465999999985,0.00391128074,0.024512304000000002,0.14065696912513576,0.276358325070145,0.4017183100213098,0.4810887743157145,0.5417048881524089,0.3949790718018922,0.572137357073798,0.7041611757761018,0.6588375096487119,0.6919762775735281
Gm10563,0.02479365521595382,0.0010534504000000006,0.012817880200000001,0.012452681939999998,0.008854702732,0.6936417219992925,0.553554015136758,0.719765967258581,0.4923011817037346,0.12490190888497597,0.7401645419319635,0.6668461581310685,0.7857777921790868,0.6588375096487119,0.37551328210030493
Gm10701,0.06141229135345004,0.130031664,0.0694366712,0.10170448000000001,0.1148326032,0.10099305196783621,1.3998527874603136e-06,0.017606570313756096,0.0007097513464995348,5.827138332407867e-05,0.32313143920901727,1.6549107105992688e-05,0.1411561240671825,0.0050005208503376315,0.0005419238649139316
Gm10801,0.16821606973747733,0.12058498200000001,0.153263612,0.1183511228,0.10838226400000002,6.492342013678993e-10,4.617564770652565e-05,0.00023338634015996726,0.0006050486514788217,0.0001311803918619112,8.625540103887805e-09,0.00039518422423683,0.004121189171179169,0.004419072611586158,0.0010957883032776414
Gm11033,-0.0009101065279056395,-0.0073846340900000015,0.017356573199999996,0.018965984005999997,0.019072971,0.3637893752301922,0.6541087279715323,0.3886864317309404,0.2253344167618656,0.6784446667453481,0.5894148414008341,0.718489508283691,0.7041611757761018,0.5313206092530248,0.7418349096256192
Gm11290,0.027747475320400845,0.0178455016,0.0488603504,0.0372875362,0.00479873626,0.2070953006182428,0.41802565909141626,0.513955945175798,0.24329763858136494,0.35496747250124505,0.48800328439602825,0.6235748911899398,0.7184053542286957,0.5456594948890741,0.623409683248167
Gm11437,0.0237355637803766,0.014642822199999999,0.0104521295,0.0012244867200000003,0.010369087700000001,0.15789498562893603,0.6718009297802492,0.6118670236349097,0.6359171170858995,0.5329769798596056,0.4171965787841349,0.7310158323271823,0.7422029543137081,0.7223977022270601,0.6901327235046356
Gm11483,0.0068102846963193795,-0.00908253308,0.00997856652,-0.016173962799999997,-0.016042404439999998,0.2505969134639434,0.30052489650657777,0.7474513922517807,0.22833978277651856,0.44008503467299764,0.5142892619095086,0.5830381800485782,0.7996124940116826,0.5329055482259444,0.6507701761857821
Gm11560,0.009908068224910322,0.018156297199999998,0.010978247027999998,0.0095499484,-0.024976729500000003,0.4209930391356387,0.4547846185970015,0.30777580277732347,0.40941270543420805,0.21684345426156196,0.613032661371833,0.6292145641906591,0.6770933242104197,0.6334422819355006,0.511838610312824
Gm11645,0.0739355716187478,0.008282879893999999,0.0018123257000000012,0.0047660418,0.006477012300000001,0.43385320766473723,0.5377534466919136,0.4721690035498941,0.3959873215714896,0.5574326348073633,0.6196754722635227,0.6573881739420108,0.7112967913044496,0.6334422819355006,0.6958442647117029
Gm11728,0.09809177101964711,0.0646173834,0.041983319660000004,0.0657692032,0.05016473619999999,0.07133549855420393,0.16035812330809548,0.23710856953923262,0.3705596450747743,0.2025250455979252,0.2578057525469287,0.427723866185073,0.6472792273959911,0.6175994084579571,0.48879314638253574
Gm11808,0.007544913065655481,0.007898697599999999,-0.028201981199999997,-0.0025647070399999997,-0.018962345400000004,0.7916992062826306,0.4883940471065583,0.2504186214242154,0.5166561544942987,0.3824472834560349,0.807324848511893,0.6398384749125662,0.6505288210182132,0.6688688036288398,0.627555370017894
Gm11810,0.01498505613869818,-0.027524984399999997,0.0063631919,-0.014418750659999998,-0.030902661799999998,0.21783227565399038,0.3164589572714429,0.8121449465755867,0.47923759073862404,0.6854751661096059,0.49491209208032017,0.5886792086053216,0.8404615730511449,0.6588375096487119,0.7470608255647658
Gm11867,0.08131874623319078,0.11460880199999998,0.06056532374000001,0.11317459599999999,0.130169594,0.04999706220791176,0.001554586614134183,0.08244717743239546,1.9574121632411336e-05,2.142533148251178e-06,0.19536667165276445,0.009638437007631935,0.4122358871619773,0.00020377537072547623,2.7674386498244382e-05
Gm11884,0.20938776988635271,0.1113781436,0.045719311199999994,0.11109501719999999,0.125709903,1.0740339037643063e-09,1.1652771875465446e-08,0.0023007747695299435,1.8981146192160906e-05,0.00016467721338318998,1.3745663263772544e-08,2.167415568836573e-07,0.028656971459770277,0.00020059620407624593,0.0013513218392326473
Gm11960,0.006321426363227819,0.005619285660000001,-0.0020478885800000006,-0.027988099200000005,-0.018457104800000002,0.34131267763694056,0.21488900741395187,0.7332907218759515,0.48535141150126015,0.7249780998678357,0.5754937114982464,0.5116497205362841,0.791749657133864,0.6588375096487119,0.7650109298907948
Gm12165,-0.0043489523442882,0.01523704886,0.0156651404,0.008776201685999999,0.0194948698,0.3040993686617166,0.7430128743813886,0.5056431185226624,0.3742240546359453,0.5158153645865324,0.5541313823849575,0.7765193698942797,0.7168416161982867,0.6222199716533299,0.6832312572900254
Gm12258,0.06294096044967672,0.01206746496,-0.004810478600000001,0.030850141000000005,0.0046583862000000005,0.14923714347540928,0.10816948307713521,0.04057856426840553,0.3783297995940355,0.5680730111809051,0.407980498754718,0.33532539753911916,0.24827674190537594,0.6245799650102716,0.700194656373436
Gm12353,0.04229332817006046,0.018800388000000005,0.04105322659999999,0.0482396414,0.0439765305,0.27925771918130365,0.4993059394817091,0.2380317158811064,0.4715442311167246,0.13649143218185314,0.5372262899442154,0.6398384749125662,0.6472792273959911,0.6588375096487119,0.3925887585436807
Gm12648,0.16549678925974254,0.07985963339999999,0.04344836688,0.097674872,0.0793729276,2.9130030393826518e-05,0.004944039708830694,0.10470604282620721,0.030877638325623295,0.06833584579087269,0.0002709092826625866,0.027477830254258238,0.4681568260979457,0.13894937246530484,0.2562848015934377
Gm12718,0.03161178593332098,0.042704501000000006,0.0248939082,0.06088334599999999,0.035773453999999996,0.41949199366139783,0.6456720490081318,0.24744187368982562,0.2592250909744107,0.8173743461183179,0.6127657917881152,0.7131864935760851,0.6505288210182132,0.5606496153632604,0.8322128773794046
Gm12865,0.05319220613552209,0.0273006498,-0.03838105000000001,0.00407663504,0.0240713203,0.30857008305687184,0.7718355478868416,0.8267696352228954,0.5304253489795279,0.35480892874732667,0.5541313823849575,0.7975633994830696,0.8484607025272868,0.6727280052549199,0.623409683248167
Gm12868,0.05678375413405916,0.03879703272,0.04089787071999999,0.063453084,0.0301272684,0.3318102586274081,0.03757620085485703,0.2463392035164225,0.11377810732578231,0.1338185195619531,0.5720133819917874,0.14976800055007303,0.6505288210182132,0.3674084715728387,0.38868941009975155
Gm12976,0.018844647553157897,0.0010439884999999983,0.0006033749000000005,0.027664306479999994,0.0252637917,0.3440802684941081,0.3929593987450826,0.44242837581659417,0.43726139749897663,0.5324051758658317,0.5760978569204311,0.6116769082440225,0.7109744123266357,0.6373108808816138,0.6901327235046356
Gm13056,0.01705696440558166,0.0049045439799999995,0.01434316078,0.00766323132,0.009832951,0.4128887987922206,0.5288274708799117,0.09265881255887973,0.5527255123014683,0.7068893009687738,0.6098421844095113,0.6534227828852761,0.43866291935971585,0.6811095581869431,0.7558611829604265
Gm13196,-0.00800785623787212,-0.004088388274,-0.0210536263,-0.007334306000000001,-0.0087098114,0.4993413402662594,0.8444721460351183,0.2908000361897371,0.3927857206352063,0.6510918145835709,0.6447004601934416,0.858025691487323,0.6757456120467158,0.6334422819355006,0.7336752938678212
Gm13215,-0.018280764043524578,-0.013421367200000001,0.0179065598,-0.0022862266000000008,-0.0025984933999999987,0.038813698622941054,0.6797232909296866,0.42196726848917404,0.17090724462787563,0.2754578053369689,0.1630876794548276,0.7344962135537939,0.706956420259207,0.46718929369057954,0.559945253898929
Gm13544,0.025328776729749057,0.012517173019999998,0.027487540999999997,0.025316226760000005,-0.0022110395199999994,0.22704130242647086,0.7979983945321559,0.2704226256662594,0.47714727402458723,0.4024179191545545,0.502734312515757,0.8197406188308966,0.6676806421317378,0.6588375096487119,0.6398114708791759
Gm13771,-0.018656761793422398,0.0041878894,0.0091763518,0.008358379096,-0.0188403598,0.36718183989762665,0.475440789260724,0.6644956737731558,0.5981274142779849,0.6005971030121859,0.589434599145212,0.633700638387732,0.7629394772951048,0.7038948072890163,0.7124429920935369
Gm14044,-0.0026190853243309594,-0.0014731587800000002,-0.03176529608,-0.0008052485999999997,-0.0115636612,0.41346875579225556,0.5646128291390773,0.13239717595207673,0.5373303742277411,0.7672071643016763,0.6098421844095113,0.6757561102077955,0.5322595402107984,0.6753905718078647,0.7945463951008452
Gm14064,-0.018568091725007264,-0.0111114986,0.017487818739999998,0.024895648200000002,0.006883566999999998,0.310758666281145,0.8492505864635308,0.5462464140785366,0.7008640340669199,0.7549321369836832,0.5541313823849575,0.861282356078182,0.7222879124545578,0.7549848088983423,0.7859181575315209
Gm14094,0.0037551769153149604,-0.030708292179999996,-0.006098463399999999,-0.0042833394,-0.01671811078,0.544163213816079,0.6058735030553464,0.6635387372331898,0.6584914907993649,0.7815532423383217,0.6664685542347939,0.6962177928486081,0.7624683183198516,0.7354648756325973,0.8046249247689733
Gm14137,0.07621759162921277,0.07940490979999999,0.038916846494,0.07265869779999999,0.06908522060000001,0.056768425149842344,0.07820302443643155,0.7833541214274423,0.277339531522799,0.19950346818143494,0.21065004249585056,0.27070277689534,0.8222565834396404,0.5724547994260276,0.4855663363556669
Gm14325,0.05752000459745414,0.0485002902,0.010920536599999999,0.013814694700000001,-0.0005029192000000008,0.21264146012470803,0.11539198686016697,0.7223775782436853,0.33312596662297644,0.2905226624710395,0.49195591008979117,0.3495494562266864,0.7857777921790868,0.6000435861305105,0.5702155553142718
Gm14399,0.15877251569678352,0.043106603800000004,0.02893710064,0.031947677,0.051637821800000004,3.0881624021108e-07,0.08146675416894343,0.5377467659973649,0.10837786184140528,0.13804061025356054,3.4741827023746497e-06,0.2785444168276375,0.7203850719089967,0.3574163528812302,0.3946037936551577
Gm14401,0.04919398362234438,0.011749700220000001,0.0160513127,0.00805257312,0.03696173532,0.2675483657314629,0.5652019832734423,0.35932718594492374,0.45256340552100505,0.26352983358483384,0.530910341671964,0.6757561102077955,0.7019716352085735,0.6461882811686817,0.5486927132102137
Gm14471,0.002765415908329699,0.026732369100000004,-0.01655524412,0.0148891196,0.030359881100000003,0.7943753424875872,0.4378095967697074,0.6892376791176509,0.2041687057208671,0.4605687083057901,0.8094620911396524,0.6250598230333035,0.7766450423013918,0.5079341445006524,0.6596613148285196
Gm14539,0.026204795240087182,0.00629869824,0.007988690299999998,0.0109536062,-0.002905824600000001,0.4509099153463848,0.3451756092332086,0.09978017846588735,0.2508717003314499,0.40504071643952944,0.6223636694061372,0.5966790271131673,0.4533985308140484,0.5560231399378148,0.6398114708791759
Gm14661,0.0238711313036794,0.020838465246000002,0.01906334834,0.027502652859999997,0.010703270034000002,0.6248966482937865,0.39181944775896127,0.48104851621037314,0.11613146178976497,0.550281767490332,0.6973846594958658,0.6116769082440225,0.7112967913044496,0.3724215843602808,0.692545031535467
Gm14681,0.020343340686659796,-0.0272832726,-0.01869052784,0.009026562120000001,-0.01548388464,0.5108051221507695,0.3370669931658278,0.6946812839601721,0.47261748034833595,0.5210646666406045,0.6500699910503414,0.5908644503645104,0.777372738592972,0.6588375096487119,0.6850944485990982
Gm15128,0.01865390642888422,0.031804264,0.02433013258,0.0485549824,0.04428383599999999,0.8014201717635446,0.5337090484870701,0.5550467548037845,0.4128288108213988,0.179892832181516,0.8150268325219596,0.6552271380728492,0.7238444745900018,0.6334422819355006,0.4630083042310237
Gm15404,0.02042253769103048,0.046554233599999995,0.049498910599999994,0.03958188259999999,0.05235731406000001,0.8545374848217375,0.3119244535762606,0.5878765373410417,0.6767418671211789,0.5174553932917152,0.858228791451637,0.5886792086053216,0.7401514165981528,0.7449113360841056,0.6832312572900254
Gm15564,0.07156774341905689,0.0342805802,0.0524667682,0.03558953820000001,0.0488819296,0.026926920589430532,0.3337782616740176,0.20597597622714775,0.1889998093043777,0.3789791204198896,0.12438097424587945,0.5907267209325682,0.6452671800536759,0.49542728334005653,0.6268133736386102
Gm15614,0.019259819781971037,0.023803274399999998,0.018143957920000002,0.0400237254,0.009705349268,0.43817792436736414,0.29023672562430347,0.6108164317519358,0.8728234422801147,0.2471933636276131,0.6205667050685004,0.5800576393207785,0.7422029543137081,0.8784911269702453,0.5353461212789674
Gm15706,0.04414675932237922,0.0425711532,0.0299380522,0.0053905362,0.011765924900000002,0.13750810501729882,0.4619285803953471,0.49271142338691387,0.649760876643825,0.6618442994770883,0.3914771561206773,0.631447203769256,0.7163564111187761,0.7298038831869048,0.7386451286960279
Gm15738,0.028760240016019296,-0.007745874800000001,0.007234686323999999,0.02609092608,0.02351598136,0.6035809515595012,0.6976735239683071,0.29635920158651374,0.28525386124440477,0.5154286676747155,0.6865189097475021,0.7447978681946438,0.6757456120467158,0.5758255716923576,0.6832312572900254
Gm15818,0.00970507741870974,0.038087150599999994,-0.009184819,0.0012652057999999987,-0.0012113777780000002,0.37140204012906,0.5736753930237353,0.37165073487197164,0.7478285492592311,0.7632806180189358,0.5911183474860281,0.6793524391070549,0.7019716352085735,0.7826112724805907,0.7933581259806891
Gm15950,0.05391714571306896,0.051351297280000006,0.0279764656,0.045728435,0.0356492926,0.09958445641851202,0.18265266465456678,0.22024464949423864,0.4917526953555974,0.4648606581818361,0.32009289563093146,0.460760338504739,0.6472792273959911,0.6588375096487119,0.6596613148285196
Gm16061,0.00665642815400162,-0.0013580710600000004,0.00659365408,-0.022049636799999998,-0.016206527039999998,0.6649499676810224,0.7853098765675856,0.2483522071121077,0.6164020352666806,0.7018811334545083,0.7207499649689404,0.8090895700234726,0.6505288210182132,0.7135940574249123,0.7535970633907982
Gm16073,0.018341266703311543,-0.0061639955,0.0022995790000000004,0.0238582672,-0.0111408178,0.6103259463566499,0.4338641399457565,0.30514728510223016,0.5627511704259422,0.6495802797760126,0.6891126971941673,0.6250598230333035,0.6770933242104197,0.6838309083137538,0.7334461301431863
Gm16365,0.02780099802973978,0.001367977800000001,0.004689374999999998,0.011898528399999997,-0.0016439040800000024,0.3786899839159269,0.46400376037472335,0.915946892466752,0.8228061878597062,0.6894404416524924,0.5946096538985857,0.631447203769256,0.9185808159533566,0.8365995860526896,0.748458689576052
Gm16379,0.05479839245431291,0.028550141600000002,-0.008589995100000001,0.022750914,-0.0248198806,0.04279032124673127,0.32517355481444804,0.6974711948419916,0.5989413163097221,0.4309032017309324,0.1746201650193594,0.5894820958689049,0.777372738592972,0.7038948072890163,0.6489614096018808
Gm16541,-0.00980694882675644,0.05295364379999999,0.024022189500000003,0.0372848518,0.03680194823999999,0.45750101263250753,0.1661383638118945,0.5123170584114878,0.3598324384492394,0.6295402692640686,0.6255590785840981,0.437288712297345,0.7184053542286957,0.6099225414783583,0.72459461685097
Gm16552,0.008868810245341762,0.030395881199999995,-0.009591951559999999,0.0294077494,0.02462304364,0.6133127032236323,0.8157362273499528,0.5804201611961768,0.6141336109600188,0.6917607057302961,0.6891126971941673,0.8355695245077093,0.7350800641442637,0.7121499478713436,0.7503936115814643
Gm16599,0.020894079294603497,0.0061104326,0.03433425519999999,-0.02133144536,-0.006921807953,0.5863321325631823,0.5726561138944501,0.3008330418457088,0.3535226934067527,0.45369752127026175,0.6765584118440919,0.6793524391070549,0.6757456120467158,0.6086285734664638,0.6596613148285196
Gm16759,0.019295443443161205,0.0029738723999999995,-0.00390182044,-0.002525017520000001,-0.008933272120000002,0.5872904593015937,0.43909717384075975,0.828128601975516,0.13393500843682313,0.30834543681823323,0.6765584118440919,0.6250598230333035,0.8484607025272868,0.4079461501514591,0.5879205639779265
Gm16897,0.04996316211794992,0.012108399199999998,0.0471458044,0.0459880926,0.011912882599999999,0.08671097227625216,0.652053307384358,0.4169563060903171,0.31598194498568155,0.7670174459471194,0.2954554240366027,0.7167961889686204,0.706956420259207,0.5930115103129613,0.7945463951008452
Gm17106,-0.00545269512500644,0.033253091,-0.006439420600000001,0.024107792320000005,0.018936261,0.48815416380360066,0.26827968906756083,0.20308035456924473,0.7549512591388439,0.23577512796820008,0.6406162356594759,0.5655147878515177,0.6452671800536759,0.785351980983361,0.5244654012866745
Gm17114,-0.012680865447777943,0.005630519400000001,0.0254353626,-0.022731109200000002,-0.0317065848,0.4851096520552661,0.7601701460648271,0.3304877867884171,0.1743728852324092,0.5341719904673161,0.6406162356594759,0.7896033907374786,0.6918790858347537,0.4723304366974968,0.6901327235046356
Gm17251,0.014821050562198837,0.010284403579999999,0.042022418160000005,0.03731124500000001,0.0158658704,0.1271841297945832,0.23356053399575305,0.11100569264142958,0.3061375807303505,0.5505608888694142,0.37195358713510185,0.5324038420599915,0.48260884804355114,0.5894257099527029,0.692545031535467
Gm17268,0.03348251877065306,0.031764694999999996,0.0246349986,0.02008288406,-0.002205286199999999,0.5360966217675642,0.42909541839833804,0.638118220821672,0.41790870159713545,0.721201565828306,0.6624670220626351,0.6250598230333035,0.7505690708652888,0.6334422819355006,0.7627567735636747
Gm17484,0.019537451366954776,0.020047163299999997,0.017962203,0.013327718981999997,-0.004862633599999999,0.5785910851639855,0.4737572856313951,0.4986805471386311,0.8075564451902356,0.35544778275318867,0.6754657104697936,0.6330377523522951,0.7163564111187761,0.825910000762741,0.623409683248167
Gm17501,0.09398448328824739,0.125388128,0.110556103,0.12882180599999998,0.0990549868,0.0040633212928491095,0.002593548378935158,0.008238967172300212,0.0005147555336473563,0.004655344682038197,0.024333369545520626,0.015330508426332821,0.08037314129621535,0.0038400212269415084,0.027172409336582784
Gm17514,0.007867351849525788,0.0055386670200000005,0.01887894164,0.0070922263799999994,0.0005948872999999993,0.139722869696795,0.3013188541788501,0.4136694650793822,0.35921282436297775,0.28041604738940734,0.3945615449939859,0.5830381800485782,0.706956420259207,0.609613004849579,0.560924111104204
Gm17771,-0.023374149394670498,-0.0065400072000000005,0.0064221958,-0.041747493940000005,0.0027864583999999996,0.36458368734256524,0.7943983218607358,0.22949722927178484,0.3875805101269284,0.31492676628786587,0.589434599145212,0.817246061206288,0.6472792273959911,0.6297459672406417,0.5925623441503928
Gm18014,0.00399211318734914,-0.019081912779999998,-0.0032626695999999995,0.01127445474,0.007424329893999999,0.27061322858166387,0.5132894027226054,0.7127296849947327,0.7561402411484257,0.8350307121201711,0.5335962286769784,0.6433411651374973,0.7822048076429348,0.7860027096885648,0.8447192483014059
Gm19426,-0.0007164793190619402,-0.010761515999999999,-0.00448007376,0.019214230140000003,0.002036258500000001,0.3815492013336007,0.708564861605993,0.450726224721236,0.8296336406486426,0.38608699199802254,0.5953703980541085,0.7516714691561674,0.7109744123266357,0.8404785248401282,0.6291955068192073
Gm19705,0.10197164387406224,0.064849887,-0.01012677928,0.0542876826,0.058589236200000006,0.01665765873754752,0.031307546799043184,0.44594670423703964,0.2885300545336922,0.1491495130641871,0.08394819907683995,0.13076056222953666,0.7109744123266357,0.5774407708701808,0.416127141449082
Gm19810,0.0004983877348471999,0.000714482,-0.0131391654,0.00396435356,0.0167957388,0.1826775612858654,0.3952100691891244,0.684484746786367,0.6005030849920785,0.46360569470509705,0.45253597944589713,0.6116769082440225,0.7737894827933403,0.7051361982861528,0.6596613148285196
Gm2000,0.01409301362033416,-0.0446441587,-0.0382210404,-0.0159203372,-0.028652392359999994,0.49130971193994455,0.16370598732313363,0.1642390025759646,0.4966070400285181,0.48795387513770694,0.6417565955029314,0.43333937820829493,0.6029300226143963,0.6588375096487119,0.672624165827175
Gm20005,0.02518917825917612,0.013736440220000002,0.022110432000000003,0.005955616800000001,0.0058519791999999985,0.600108605767981,0.1551898014538068,0.21132324856075144,0.5710782533356435,0.3795097868361701,0.6835272366170266,0.42452975693609757,0.6452671800536759,0.689200203269586,0.6268133736386102
Gm20033,0.025638159434111983,0.0413059188,0.0271673473,0.04907259152,0.058877020599999996,0.557036285653369,0.09708855140443229,0.22565667400209125,0.01845411126109082,0.07281811516601708,0.6707691305062518,0.3120703437999609,0.6472792273959911,0.09096637883117208,0.2666175082850231
Gm20400,0.0496406433500553,0.040541738199999997,0.0369874008,0.04729545448,0.00744200844,0.21537719759083168,0.014948057233031354,0.20012036916789466,0.32130287694995757,0.1297081355777817,0.49195591008979117,0.07092700625877121,0.644362197598454,0.5962402328321305,0.383299500475553
Gm20472,0.10833951954059473,0.056738663999999994,0.0267967538,0.07833889940000001,0.06614962440000001,0.005182696084382383,0.23221748184746407,0.5355173143567158,0.08094523621206734,0.4926737072616513,0.030505742775162128,0.5324038420599915,0.7203850719089967,0.28732469342451383,0.675998575473494
Gm20541,0.0032988943405620405,-0.002819029000000001,-0.011909950859999999,0.003367336199999999,0.0035976176000000006,0.4683656025991654,0.45087431647862186,0.3631365030065797,0.28182155711754747,0.46856153823522073,0.6302863431173625,0.6283413301575199,0.7019716352085735,0.5752446068677796,0.6596613148285196
Gm20560,-0.028966997877925282,0.008641349400000001,-0.0032478619999999994,0.00955549674,-0.00861162756,0.2402164239621037,0.13673343148550907,0.6130161208050178,0.24607657942113548,0.5167319364864789,0.5099108875501227,0.3924755903750723,0.7422029543137081,0.5493664213104938,0.6832312572900254
Gm20744,0.03784098942684204,0.015289792400000002,-0.0102757402,0.047673288800000005,0.02606572138,0.42087807631316143,0.8385294551263267,0.7287640531049777,0.4782086340679953,0.46383684775407297,0.613032661371833,0.8538310875191428,0.7885304564153257,0.6588375096487119,0.6596613148285196
Gm20754,0.0450618657573369,0.02601931636,0.037078933599999996,0.029123979599999995,0.052474060200000006,0.20888887914073884,0.19810452368123296,0.14413074033832698,0.5973554591592385,0.1792986229502577,0.48974787630475747,0.4871434924735148,0.560061006275769,0.7038948072890163,0.46233193903070147
Gm21399,-0.026096365152983657,0.03909379838,-0.0126226182,0.028938527400000004,0.023378342200000003,0.3606205397271231,0.21186996567965283,0.2817391189688298,0.1482762157496814,0.4407650412944287,0.5890698511936028,0.5087067162187878,0.6736568469493242,0.4324787960211992,0.6507701761857821
Gm23935,0.08549710434081545,0.0327797908,0.0793926596,0.0332979368,0.0478993098,0.0010870282291031627,0.03116621720030474,0.039920519853368135,0.20817155485429523,0.06920500118205242,0.007697484160400568,0.1305611801634388,0.24668449837048048,0.5148924096130174,0.257442604397235
Gm24049,0.03997136616774172,0.0116578194,0.0236824173,0.01872347692,0.004487681566000001,0.3184260079928875,0.19760823960830812,0.7123913433026386,0.6571398397556218,0.3643218845841796,0.5617651329721163,0.4871434924735148,0.7822048076429348,0.7347580475416897,0.6264125678587169
Gm24949,0.060428427095540985,0.06272604959999999,0.048599543999999995,0.0661304578,0.07750593559999999,0.042012942495348246,0.10939851218346576,0.21351118610117867,0.18038311273702523,0.052499489440360154,0.17288511734811446,0.3368894580484211,0.6452671800536759,0.48113660089512467,0.2110570252717649
Gm26510,-0.01084722545455954,-0.002884940732,-0.007719714479999999,0.006389023739999999,0.037981922999999994,0.6785767988988574,0.42648596850578563,0.9021995158950106,0.6681465389358668,0.29597993207424395,0.730705904311632,0.6250598230333035,0.9067495134535589,0.740321224635055,0.5758605372992611
Gm26518,0.06165657591608784,0.0149374287,0.014362264799999996,0.0341470604,0.0464291706,0.08819128159072052,0.3847596831857814,0.39864120085364535,0.4586821322074218,0.4375426553068476,0.2969164337119965,0.6116769082440225,0.7041611757761018,0.6502658276721072,0.6507701761857821
Gm26531,0.0301380686173362,0.0224053142,0.021319019,0.0632167068,0.0594403896,0.1822314099622373,0.2923614775944057,0.14897188221662713,0.08186449008928517,0.16865760866439536,0.45253597944589713,0.5801483090244609,0.5724952498407572,0.2898501616105401,0.44729536898637173
Gm26542,-0.026612070433212322,0.012810543400000002,-0.0021872004,-0.005588541,0.0024483072000000016,0.8417037049843225,0.6639260475737212,0.18138894737827665,0.75379113065614,0.16762353434189775,0.8490069909277872,0.725843915646819,0.626330647506673,0.784730318854713,0.4462496763491362
Gm26559,-0.01059285057906148,-0.0006404542000000008,0.00811109074,0.043170644800000005,0.0140132368,0.7140499136442973,0.8495516286477265,0.46194705649968326,0.3668940559430419,0.7724971047694366,0.7540496817061277,0.861282356078182,0.7112967913044496,0.6165750011647512,0.7988387406622417
Gm26561,0.0894217348630046,0.0543311208,0.086856829,0.0339202242,0.03442815302,0.0013704122636529746,0.036066821812282414,0.00417991709687801,0.05937536024482052,0.16974283217947664,0.009558625538979498,0.14512843066221906,0.04591326259956554,0.23201296230118942,0.44827261612337554
Gm26569,0.01034384541715382,-0.013658219200000002,0.0118813682,-0.0029162144,-0.013119339419999997,0.18539323317297307,0.196014957779614,0.4921761816685336,0.6906555825054803,0.6946315139669166,0.45532316950052365,0.48654958381238705,0.7163564111187761,0.7509466388114926,0.7517540434320005
Gm26668,0.13301979355238108,0.085647909,0.047413347200000004,0.0639657536,0.07023614419999999,2.8397389409516056e-05,0.04987083614568156,0.4788889875964616,0.0207616621561074,0.026075440047188293,0.00026586817601526773,0.19008146563722889,0.7112967913044496,0.09918670790332132,0.11965539100601207
Gm26669,0.01007350542945214,-0.01917089136,-0.034200335000000005,0.0065310056000000005,0.01101731708,0.5093587060583395,0.2627391080201704,0.35664894684900844,0.2475579975721859,0.8222817699729424,0.6500699910503414,0.5595741308215844,0.7019716352085735,0.5507869323974471,0.8338749869743903
Gm26688,0.05277253159217906,0.028538361800000002,0.0069874145200000005,0.01516747372,0.02676152096,0.14561951362450914,0.32280662845115,0.8943472559689208,0.861942469942619,0.43069189848170747,0.40465980379719174,0.5894820958689049,0.9008046368784437,0.8687931687644173,0.6489614096018808
Gm26694,0.020039574011840124,0.026650571,0.0492920578,0.050800842199999995,0.015090519,0.37511539012664863,0.3010353196979106,0.3349860473231862,0.3138904346748554,0.25909798269298184,0.5939681830041712,0.5830381800485782,0.6918790858347537,0.5930115103129613,0.5451609138110252
Gm26718,0.02523058936751208,0.034387105200000004,-0.025014806,-0.00709527186,0.029721306000000003,0.261159429595887,0.26318034735087287,0.43613816722953513,0.6275929966199081,0.7146959728021081,0.5226935499085543,0.5596594276744934,0.7107625505668242,0.7176803160249209,0.7591856438980521
Gm26759,-0.021370664175672818,0.04831607866,-0.005340519320000001,-0.016625145600000002,-0.037753266800000004,0.4863975318215741,0.36435572456681464,0.0943302966502945,0.666586464527154,0.11836136464475873,0.6406162356594759,0.6019386228406475,0.44306654487259545,0.7397677947616387,0.3644902950980981
Gm26763,0.01206011430354652,0.03223918582,-0.016066149600000003,-0.01376875048,0.0026153572200000004,0.4413874595909813,0.2767460409551149,0.5886034096747965,0.659591365406444,0.49101899776317304,0.6223636694061372,0.572137357073798,0.7403983376883148,0.7361039637935916,0.6748487703247551
Gm26787,0.0362389743806377,0.05243088134,0.04067143224,0.060877296000000004,0.039869587,0.22418855573114124,0.373178560014549,0.38269083762771733,0.43475368571195433,0.3536031570617272,0.5010443194094361,0.607110698813545,0.703428322055141,0.6364968217877089,0.623409683248167
Gm26804,0.044967713584392485,0.07128430200000001,0.005796471413999999,0.0539756732,0.026648785399999996,0.4041570036904773,0.008730573747540597,0.2671531642287333,0.04151420198380847,0.07078208790702752,0.6088526224820454,0.045107964362293085,0.663505862376943,0.17710187084835724,0.26191250034563235
Gm26848,0.03922617574158208,0.0283531066,-0.00849699284,0.012937058000000001,0.0026854921399999997,0.49923346794058265,0.46464540061597137,0.6840977765956753,0.2774046196501754,0.4805864206203323,0.6447004601934416,0.631447203769256,0.7737894827933403,0.5724547994260276,0.6653279575014309
Gm26854,0.001337508509147979,0.0410797009,0.066715435,0.0653780626,-0.0023990752000000006,0.8796450896284258,0.16006612866629352,0.25222799530035994,0.11255407072955313,0.1118668731008136,0.8809080402237286,0.427723866185073,0.6522877244363724,0.36618507158479097,0.3506837932036741
Gm26861,0.0022760161614796006,0.015429967948,0.0228557782,0.016122162199999998,0.010097901033999998,0.46308229997396555,0.5890526291363847,0.609663005082177,0.5500033370458619,0.5565314886330548,0.6272911161742803,0.6902113612186277,0.7422029543137081,0.6806036264962593,0.6958442647117029
Gm26870,0.20879396305769543,0.150288488,0.17758092,0.14047238600000003,0.11288094320000001,2.516957255062259e-13,6.779320521487941e-07,2.675345261942248e-07,5.070300148174655e-06,7.34964558129307e-06,3.775435882593389e-12,8.51995687159971e-06,1.4354256309267059e-05,6.496134641827605e-05,8.335573647076288e-05
Gm26904,0.0842332703971798,0.0521050958,-0.0049817724600000005,0.015917681740000002,0.02911964208,0.04723205012078227,0.2485953987816872,0.3499839635055235,0.2653401730794376,0.10171101274661759,0.18771712227490392,0.5465139341441183,0.7019716352085735,0.5633935181823675,0.33306775300829
Gm26910,-0.002020891046127119,0.01564431182,-0.0124415954,-0.00726953967,0.0052761029,0.5126021514568755,0.49027642686837114,0.49137781942505954,0.5987076388368562,0.2393672532957092,0.650664241385206,0.6398384749125662,0.7163564111187761,0.7038948072890163,0.5266834674251014
Gm26916,0.0073318483712573376,0.0264772886,-0.0085727256,0.0034631342200000005,0.0006867183999999998,0.3536760492104707,0.2817055325387573,0.2221843353931775,0.5434052383520569,0.401684019464354,0.5869324226809005,0.5728466807988425,0.6472792273959911,0.6796637570527868,0.6398114708791759
Gm26917,0.1201242724348339,0.21355339,0.146236162,0.18123429400000002,0.186119786,9.58206392164819e-05,1.5727349137029253e-20,9.121486395765455e-09,1.9228326798893748e-13,6.982557463152919e-17,0.0008251221710308163,1.9945138223778004e-18,8.482982348061873e-07,1.117646495185699e-11,1.0822964067887025e-14
Gm26991,0.04217839016502588,-0.021355094459999998,0.0022830568,0.0185947774,0.023229405340000002,0.280128604056633,0.4356870275507294,0.8867700760044375,0.5019541991032803,0.6996066636538485,0.5372262899442154,0.6250598230333035,0.8944643933667319,0.6588375096487119,0.7535970633907982
Gm27042,0.02218826887330174,0.0100943818,-0.00037527534000000027,-0.015554561940000003,-0.0097688916,0.8279016781200205,0.3184636821844987,0.7266644461844362,0.535292778564634,0.5193998012061036,0.8369006094039337,0.5886792086053216,0.7876432808292839,0.6749993381769521,0.6841952055547824
Gm27477,-0.018217005516372797,0.012846209999999997,-0.0009630963999999994,-0.023253075999999998,0.0004629341600000003,0.8135531375253762,0.4114469533054866,0.42723772668187904,0.1278966203081653,0.223318490400243,0.8241878190616556,0.619836392938611,0.7069948146159208,0.3964795229553124,0.5209519968366872
Gm28153,0.09656144106634872,0.060707556399999994,-0.0172930212,0.0071844284,0.03416090346,0.012229035258996442,0.08566215056583204,0.09122461042260432,0.8162171518946281,0.23244031250999359,0.06486503492889747,0.2868289667443997,0.4362844010769352,0.83232670094518,0.5244654012866745
Gm28156,0.02007378628507354,0.02170756788,0.0037889130600000007,0.0355011232,0.0202147128,0.5569826923587244,0.6360557515294925,0.258735829227067,0.40762023915668727,0.6747935508538999,0.6707691305062518,0.7081386858608476,0.655057135701921,0.6334422819355006,0.7418349096256192
Gm28177,0.04641331713864666,-0.0038794987399999995,0.006312701800000001,0.022369654029999998,0.015432683860000001,0.25258226247165877,0.6892087498014328,0.6155762137211185,0.6303483615101149,0.22715300744212732,0.5166855718082677,0.7390055387955409,0.7422029543137081,0.7185475163800201,0.5237294023862136
Gm28187,0.033469522268953555,0.042988551,0.049337538,0.0725192038,0.051696365599999995,0.5173550523567072,0.39504079136638487,0.15557942686182757,0.08719668401354752,0.08994049873971909,0.6537230960485567,0.6116769082440225,0.584995419062667,0.3022322951388949,0.3064096120171096
Gm28321,-0.02046230273065658,0.03817497208,0.049357769200000005,0.04440976784,0.005330812799999999,0.4131210660535087,0.3613834623756657,0.2423366376387241,0.08826002945154397,0.2876728362407327,0.6098421844095113,0.6019386228406475,0.6505288210182132,0.30461255082799593,0.5684900805696125
Gm28438,0.08978149459499843,0.07853148079999998,0.0671535002,0.0946864318,0.120963179,0.012485561370678584,0.013373419383732823,0.029520571160162698,0.00039992775030969725,2.585026763400303e-06,0.06547878989510009,0.06455335654085567,0.20673378950481908,0.003082316086641037,3.308359940315067e-05
Gm28652,0.029757019480786562,0.018068599159999997,0.007469582729999999,0.025975058420000002,0.030021750899999998,0.5626980381948332,0.8427033603249863,0.6804800756420814,0.29260270040896363,0.16203332563142334,0.6707691305062518,0.8574552791052924,0.772305716677567,0.5806269801856391,0.4401393139658292
Gm28727,0.04036502920688588,-0.0026931844000000005,0.00011462599999999962,0.021910387879999996,-0.011816045272,0.33379589342157023,0.35330550868877486,0.2135860906900586,0.3117975506456203,0.8437903726243243,0.5732490819926461,0.5989089788810205,0.6452671800536759,0.5913942088317286,0.851727619255378
Gm29103,0.050501818360854586,0.01736859234,0.01087754028,0.008306158599999999,0.01057821532,0.6087207392840948,0.15400317495130672,0.40780866753439116,0.5694253255379167,0.5714080895955711,0.6881405440043049,0.42373654646365455,0.7041611757761018,0.6883434394500813,0.700194656373436
Gm29585,0.049082006581811485,0.023505606000000002,0.047405669,0.079039945,0.0289370236,0.1746604751524527,0.510298952306105,0.5540999675754814,0.1980178478080166,0.5771040689661697,0.44068041756862386,0.6424251407857817,0.7238444745900018,0.5009382345295778,0.7023503239119216
Gm29736,-0.00915089558972542,0.008863172899999999,0.011366004160000002,0.00708890628,0.0032797903399999994,0.4098668679352095,0.6561663880836202,0.74502495847269,0.7390080470490608,0.416218802876685,0.6098421844095113,0.7196164397615173,0.7994690900533866,0.7786376326536554,0.6451918684496133
Gm32647,0.013559362933679459,0.0020291582,0.0185151128,0.03344580000000001,0.04615276279999999,0.1959627397346408,0.6448042808844368,0.6854085435358612,0.40641634833020845,0.38144811756141084,0.4721382071326838,0.7131864935760851,0.7737917019430713,0.6334422819355006,0.627555370017894
Gm3355,-0.025506171768701225,0.03312589640000001,-0.0008732965000000002,0.0015823781999999994,0.023328732740000004,0.7611235094718102,0.3900930839576748,0.6040202186443424,0.4220146112130189,0.5548387030219182,0.7870773133529838,0.6116769082440225,0.7422029543137081,0.6334422819355006,0.6949291979927179
Gm3375,0.016945263113425098,0.070773055,0.0395115221,0.0682394098,0.10416659620000002,0.2831846685335989,0.02663646280156007,0.27950194719537186,0.05324651907416319,0.006279738196025977,0.5383545546050156,0.11468477039560586,0.6736568469493242,0.21592701775714432,0.0348261322537178
Gm340,0.046304554124162324,0.03340165899999999,0.06651035460000002,0.0570805538,0.0442602052,0.3809521882298611,0.5037140894080918,0.17831217278969322,0.31459496191442765,0.35592708885795377,0.5951044821731873,0.6399442011915378,0.6203129203032969,0.5930115103129613,0.623409683248167
Gm34224,0.02249117245784666,0.0454262802,0.046643049000000006,0.0505495116,0.0109573276,0.24600561641697236,0.3927250375660084,0.22974082804302823,0.23056442452112283,0.1608408603258616,0.513594971786335,0.6116769082440225,0.6472792273959911,0.5351703364508591,0.4401393139658292
Gm34314,0.030833772416981382,0.016767996400000002,0.025390460400000002,0.025720984800000003,0.005824890000000002,0.5648655143463495,0.3125654262367244,0.3036880741485759,0.08266090735776985,0.3734637972682208,0.6708598491210382,0.5886792086053216,0.6757456120467158,0.29109326802296087,0.6268133736386102
Gm3448,0.0367896278266979,0.0313978062,0.056502326420000006,0.056963065800000004,0.0399073584,0.33959286990843796,0.36322748900342067,0.43096823019140557,0.05927995602676982,0.1319686828647396,0.5754937114982464,0.6019386228406475,0.709279517748894,0.23201296230118942,0.3859461480006535
Gm35188,-0.01619446492463748,0.038383403399999995,0.0284855338,0.007333495739999999,-0.005731140320000003,0.5337448353777219,0.209867804901729,0.35669224823828005,0.301084387934232,0.42405706948467126,0.6618435958683752,0.5060707276670484,0.7019716352085735,0.5824974602320041,0.6489614096018808
Gm35721,0.02513678797534012,0.021451989680000002,0.014544243600000001,0.01581274546,0.021487668,0.7670140481498362,0.27551463984074226,0.45571328344897233,0.6770950352363054,0.3705797097483723,0.7890024685966593,0.5719388728836837,0.7109744123266357,0.7449113360841056,0.6268133736386102
Gm36298,0.0003353309384850206,0.0004270522000000009,-0.016449247500000003,0.0262606202,-0.0026249345999999995,0.6129024503977771,0.5615402685111808,0.46727883387327773,0.3414498810882396,0.25686312104533227,0.6891126971941673,0.6735586195813389,0.7112967913044496,0.6000435861305105,0.5429152331185432
Gm36535,0.06454143160928788,0.04403358,0.0342730488,0.030970990799999997,0.022090306706,0.08960115162006078,0.44045434124855726,0.5545820424427321,0.41291029841461246,0.09880551090634056,0.29974485973617454,0.6250598230333035,0.7238444745900018,0.6334422819355006,0.32507945215647427
Gm37065,-0.022619477225011442,-0.0035272093999999996,-0.02817621998,-0.028492307439999996,-0.009502187539999998,0.6539685102591344,0.5907952674139438,0.8057532435931359,0.41820368969541394,0.5485502366607959,0.7138388668321537,0.6902113612186277,0.8357068957713194,0.6334422819355006,0.6924560490754382
Gm37240,0.02209014213486522,0.03550275114,0.01698915716,0.007906546232,0.042358584172,0.1925783581222606,0.05291313779131272,0.49670858016621067,0.06211457807033404,0.11830699874628679,0.46559239095416555,0.19895910301585243,0.7163564111187761,0.24031242683707563,0.3644902950980981
Gm37245,0.00891351377944814,-0.014731342120000001,0.021962994280000002,0.0037776287000000006,0.0138585785,0.7904443504486187,0.4713386862305633,0.5782683551085368,0.556784875104817,0.4416985435731939,0.8066348711600754,0.631694628897757,0.7340167018893621,0.681666234309372,0.6513419326475745
Gm37291,0.006284763147548561,-0.011320256079999999,0.00998728612,-0.0230049144,-5.6502939999999655e-05,0.46947006451797046,0.3984389040982291,0.6954928268825554,0.4017348354940781,0.37576067947753705,0.6303279499543492,0.6130945340959635,0.777372738592972,0.6334422819355006,0.6268133736386102
Gm37401,0.04448095749043598,0.015964177399999998,0.0046527162,0.0289608986,0.00909599028,0.5801177852925867,0.24002309275915554,0.42580854307333654,0.4584645875514525,0.31620595188252826,0.6760771181981274,0.5394577034457092,0.706956420259207,0.6502658276721072,0.5925623441503928
Gm37676,0.028958490247133484,0.01372527272,-0.01504044026,0.006456876459999999,-0.00624027696,0.6951326824447068,0.5317962822378275,0.5270264243395926,0.3415632061553064,0.2681283990748602,0.7408022093280107,0.6552271380728492,0.7199768137930461,0.6000435861305105,0.5516801131407522
Gm3788,-0.028894278339273244,-0.0183649093,0.0191841131,0.010593570366000001,0.01665294212,0.37288195040269506,0.8192434925519027,0.6492593887474247,0.6723407999746966,0.47201140946000786,0.5921331300219081,0.8378626628371731,0.7568201812514602,0.7443773142576999,0.6604372278803521
Gm38037,0.12197629139941638,0.007876675800000002,-0.005682852459999999,0.0263344786,0.013240328708000002,0.009506010770558918,0.4643004362192855,0.5208817572888178,0.48350620670736877,0.508138907550324,0.05220820875956571,0.631447203769256,0.7199768137930461,0.6588375096487119,0.6805345250797038
Gm40117,0.020609273780083197,0.0019169810000000003,0.026553688399999997,-0.0214736962,0.027833433714,0.3660709651829702,0.6881163396064969,0.452171401310845,0.7182550875235925,0.4290704261384622,0.589434599145212,0.7384017644238947,0.7109744123266357,0.7642760084633192,0.6489614096018808
Gm40323,0.0341310103066706,0.02576105328,0.0031517175200000006,0.0054854803,0.05735808584,0.21491383681069479,0.3314923652888124,0.6356900260897831,0.7334490387720328,0.24999620116175672,0.49195591008979117,0.5907267209325682,0.7496091178319927,0.7757099386557891,0.5398524777409452
Gm4149,0.01267100010861918,0.0227335348,0.0157845952,0.0276431514,0.0267978438,0.388173068527908,0.4639629275315371,0.47520521717651476,0.21930180492312462,0.40602600408412426,0.6013199851311511,0.631447203769256,0.7112967913044496,0.5219792853062656,0.6398114708791759
Gm4204,0.03576177313287595,0.020031503000000003,0.020221599399999998,0.020768340599999997,0.012228370579999998,0.24016309188846582,0.3211512159354445,0.06514888057021144,0.4421019013648609,0.4341269994368841,0.5099108875501227,0.5887068938632656,0.3555093253205461,0.6396308687989083,0.6489614096018808
Gm42418,0.19578051387133155,0.0485547806,0.10213476099999999,0.1053942202,0.051701669799999996,1.2600010643060021e-07,0.11328537521597068,0.024843619897225718,0.04330274370644061,0.027418279544265622,1.4526458551296472e-06,0.34505043324515083,0.1805044258157806,0.18086026188767862,0.1241834414423719
Gm42573,-0.028803255025743556,0.010614754340000001,-0.00998122868,0.00010769199999999813,0.009197321599999999,0.5500667188176438,0.7299966393851998,0.4597124873968641,0.25689692220449334,0.8219926537475193,0.6707544342225639,0.7651610775621794,0.7109744123266357,0.558210601986399,0.8338749869743903
Gm42826,0.10205178439715265,0.12099788919999999,0.068037724268,0.11865397600000001,0.152485578,0.0005323049460476854,5.084544105759217e-07,0.010692450317883958,1.937053248218512e-08,1.1323073569504864e-11,0.003928917458923392,6.62891497900384e-06,0.09322480120905076,3.8602704018068915e-07,4.269104764718726e-10
Gm42884,0.014238255231056759,-0.010286856899999999,0.0013189565060000006,0.002887314299999998,0.0006054008399999985,0.1918128406019709,0.34047034137776094,0.8312242861762607,0.596439424645705,0.4332517093538054,0.46523151875794155,0.5914181437992989,0.8491443571375494,0.7038948072890163,0.6489614096018808
Gm43154,0.04481076245003968,0.095844401,0.0972094308,0.11463409,0.09874510680000001,0.4573949194649415,0.016641241342654614,0.025934365904069515,0.006461579874666415,0.021139311121933974,0.6255590785840981,0.07712468994353218,0.18745305925480296,0.03636719181266186,0.09929070375453837
Gm4332,-0.0090631821977512,-0.01059619716,-0.0044450016,0.01192278174,0.0011550037999999998,0.26292210853505277,0.6008265283613923,0.19545558485672762,0.534952468260385,0.16697891387088293,0.5254675378315167,0.6941210100335704,0.640076801555444,0.6749993381769521,0.4462367525859802
Gm43780,0.01099698521819706,0.003526619440000002,-0.0037798749399999996,0.030573634199999998,0.0286416516,0.47883634329504365,0.5997053109028807,0.6959474339266405,0.6086664202585239,0.5007873095401754,0.6378826061531694,0.6941210100335704,0.777372738592972,0.7099411841644154,0.6788583982735649
Gm44275,0.06646508050171109,0.048432927800000004,0.0165289892,0.0512293998,0.021936949480000002,0.05062358777807544,0.4992386054519108,0.30143940114128126,0.48762016808822184,0.4111935584391748,0.19671282715993105,0.6398384749125662,0.6757456120467158,0.6588375096487119,0.6430661592182162
Gm44511,-0.01030147516054444,0.0552332402,0.038861999200000004,0.026547479460000002,0.01843865908,0.1641225095728676,0.04750534852109611,0.2260079116073408,0.022698620034163574,0.41851032978472963,0.42452846512245096,0.1840832255192474,0.6472792273959911,0.1069749153637101,0.6465358915279046
Gm44686,0.050360012949767816,0.014002014825999998,0.0195604232,-0.0050621921999999975,0.036243824800000005,0.43037235230482934,0.09061140985187091,0.1297508835883953,0.158031358074167,0.2326245118378251,0.6187534870533125,0.2974186276314351,0.524644877118294,0.44699560227161034,0.5244654012866745
Gm45051,0.01757836304916438,0.013786053399999998,0.0074124889999999995,0.0115573268,-0.0103982755,0.28112916964822743,0.3199785777572222,0.7126584597606209,0.7462282055076956,0.7693967623695172,0.5372262899442154,0.5886792086053216,0.7822048076429348,0.7823397075166559,0.7962229106123712
Gm45184,0.02850705161031002,0.0028970500999999996,0.00463380096,0.027084186,0.02290004232,0.24964981573051326,0.8997608713615701,0.8274670272145699,0.4412503109371442,0.5430219903818598,0.514076720169768,0.9029974212585542,0.8484607025272868,0.6396308687989083,0.6919762775735281
Gm45251,-0.00946057199145902,0.0064053257399999996,0.006521814480000001,0.0208324845,0.0276657628,0.4792121657695495,0.6211752324032978,0.4707812931093154,0.5982015911233827,0.6692639665319695,0.6378826061531694,0.7011631579998301,0.7112967913044496,0.7038948072890163,0.7418349096256192
Gm4540,0.02335746334233916,0.07528022860000001,0.03025535506,0.015168387299999997,0.03694283499999999,0.4597877828094392,0.11995824522439706,0.6088346686524391,0.32961916338622377,0.26519740353070687,0.6257599580674806,0.3606375111442227,0.7422029543137081,0.6000435861305105,0.5488878010761663
Gm45499,0.058898946923166294,-0.002495507800000002,0.01706694868,0.0400002608,0.02870400674,0.30888680317260403,0.3959456975945178,0.4252795397959412,0.48364408042520857,0.5589298160888188,0.5541313823849575,0.6116769082440225,0.706956420259207,0.6588375096487119,0.6964061179118617
Gm45589,0.07141560087822782,0.0397894922,0.0178469494,0.0011776016259999994,0.0293512516,0.1513391004684939,0.35828705021428137,0.5254078920952565,0.24066625757116325,0.16337830829075253,0.41153615039678165,0.6011219030126814,0.7199768137930461,0.5441319761941211,0.44083702140348124
Gm46209,-0.0063735973988387805,0.013198216580000002,-0.006841345900000002,0.00842169698,0.009586229259999999,0.6365461387693385,0.2753765999527563,0.8047014146514274,0.4642797188458566,0.25228163828615746,0.7036306367537458,0.5719388728836837,0.8352369594038253,0.6525484018908168,0.541064250176605
Gm5069,0.0007951601670637797,0.0414886626,0.025130093036,0.011697248399999999,-0.007539675599999999,0.7858067828746476,0.2922961965796997,0.3421952835717603,0.9230206494717957,0.5523014852993011,0.8048461542658836,0.5801483090244609,0.6978982757055638,0.923682787670843,0.6934838631795905
Gm5070,-0.009296550761187919,-0.0241456492,-0.003178735499999999,0.0133542772,0.024519099760000003,0.6960660242653475,0.6011039398979461,0.37699635442384827,0.3288019646296404,0.7071906717195456,0.7412306136260761,0.6941210100335704,0.703428322055141,0.6000435861305105,0.7558611829604265
Gm5525,-0.0037482287085496015,0.0065314908,0.007573061819999999,0.00634276684,0.0029857511659999985,0.5693811373345752,0.2918680593994065,0.3845975524951283,0.3851296533303472,0.4206527190527474,0.6724845757458454,0.5801483090244609,0.704057218838028,0.6280692635075651,0.6477715313416693
Gm5611,0.015041466417804942,0.004975362860000001,-0.0036435540000000002,0.0004888191399999992,-0.0004223020000000008,0.6842849467238167,0.5986213064340471,0.5316229681926483,0.623653261809209,0.34962591855577385,0.7342903851382494,0.6941210100335704,0.7200136316783926,0.7171811588210295,0.623409683248167
Gm5622,0.019940927574383198,0.002592358799999999,0.0217493702,0.01487929244,0.004058899880000002,0.4934219083334249,0.616659347076554,0.7788082830756112,0.52779948004675,0.5012359499797647,0.6417565955029314,0.7005210009542286,0.8204449526304901,0.6727280052549199,0.6788583982735649
Gm5687,-0.0085507509879135,-0.012771777679999999,-0.025737254600000002,-0.0015342214999999992,-0.023695387499999998,0.6145385002067949,0.33926438020043354,0.3579906932571853,0.4866305190807071,0.12996463349457818,0.6895117345805037,0.5914181437992989,0.7019716352085735,0.6588375096487119,0.383299500475553
Gm5805,0.025851538265391338,-0.0019759596000000013,-0.0138213736,0.013619298400000002,0.015835822399999998,0.5592474988542286,0.35549530249727,0.6697503059743717,0.6126877161889106,0.6716747205751952,0.6707691305062518,0.5989528257414816,0.7664492837032392,0.7113765510948542,0.7418349096256192
Gm5886,0.08691173560424034,0.088945979,0.0804323492,0.1285006756,0.11797821320000001,0.02403935284348158,0.10923588907595254,0.1235641303334492,0.0013441900338197182,0.002204875606626969,0.11406427624713199,0.3368894580484211,0.5114895009351977,0.00919188773126719,0.01349035733002027
Gm5905,-0.041697475701370716,-0.006553168000000001,0.0222349206,-0.011420939520000001,0.046096487799999995,0.4436003200407521,0.09611733192689458,0.24591619209472357,0.19630904458168413,0.5600904585529172,0.6223636694061372,0.30966207399080353,0.6505288210182132,0.4997283160427908,0.6969903565399816
Gm6136,0.026664275321933578,0.0010088241999999998,-0.016712444200000003,0.01860484928,0.029995131599999995,0.48040328687275047,0.4223117339706272,0.2555419540311856,0.41453813018835434,0.2619539258651118,0.6387205085126135,0.6249015894815034,0.6539645592355555,0.6334422819355006,0.5478646575439744
Gm6285,0.01077509729296928,0.0037959495999999996,-0.0037919920600000003,-0.0009379055599999991,0.010043467339999999,0.718815877759597,0.2971084643634414,0.874276640206546,0.5066810267308408,0.6359481824729307,0.7558969701046266,0.5830381800485782,0.8831396908675828,0.6605794694294607,0.7260179292730569
Gm6483,0.013368503814040261,0.051142804,0.055467408800000007,0.02163388652,0.006779895400000001,0.6437422990766657,0.3295926134341035,0.1806842342919782,0.35766823099733797,0.7733350361996207,0.7089046205612086,0.5907267209325682,0.6254454263953092,0.6094461623068582,0.7991128707396081
Gm6563,0.01154561897123096,0.00838386792,0.0453416736,0.020676359,0.015238074740000001,0.48897962793941174,0.13338505419717958,0.10651206573537521,0.652469824516587,0.7955908465719269,0.6407720227753397,0.3852425478365746,0.4731985086014281,0.7318109430678699,0.8131258643746174
Gm6977,-0.01017332097983758,0.035819183600000006,0.0337805795,0.021622539500000003,0.014820899199999998,0.5254575198280902,0.596721895548262,0.7231511883514146,0.7360352240419172,0.568863800762502,0.6591845684893758,0.6936892035748546,0.7857777921790868,0.777266568916332,0.700194656373436
Gm7065,0.002375361650220259,0.007335331239999998,0.006633784999999999,0.00418532466,0.009901921380000001,0.5164595590473919,0.24106365601974386,0.3357721441649665,0.24261197730085218,0.7351472337224518,0.6531832138450695,0.5394577034457092,0.6918790858347537,0.5449979200236534,0.7716556742233411
Gm7117,0.01498445506092288,0.015653324508,0.015075801,0.019631157599999997,0.0009194901999999991,0.682069545462674,0.2458528197755965,0.7220595392345395,0.2254779933174127,0.3501756269179448,0.7324765326562204,0.5455112757442309,0.7857777921790868,0.5313206092530248,0.623409683248167
Gm7135,0.01793637506716158,-0.0032295416,0.01670104946,0.006206589999999998,-0.0032793507059999997,0.4750372943991227,0.43600781294543806,0.3631660478923744,0.06671824300257433,0.2788127083184149,0.635356688098539,0.6250598230333035,0.7019716352085735,0.2523983971211219,0.5604376485651136
Gm7289,0.01551288900283206,0.03062338586,0.027895542919999995,0.01625843622,-0.0066176208,0.8677194795706423,0.09190868533444471,0.24457062257438655,0.336040581399401,0.5006718140262609,0.869589564655924,0.29886390685676073,0.6505288210182132,0.6000435861305105,0.6788583982735649
Gm7312,0.01761463832142438,-0.0256946558,-0.018338175499999998,-0.0014525620000000006,-0.0020797998000000014,0.4970415207355331,0.49786880290603575,0.6092776760622411,0.41633224229330545,0.4950343321961368,0.6443986258606587,0.6398384749125662,0.7422029543137081,0.6334422819355006,0.6771998014163515
Gm7363,-0.007203422209252802,-0.0010726448000000007,0.024444492660000004,0.01023927,0.013721904940000001,0.5511095320041912,0.3106726323818676,0.8149825445139216,0.4111858266054483,0.5897808457338654,0.6707691305062518,0.5879218095104839,0.84114475240667,0.6334422819355006,0.7063867537198297
Gm7434,-0.0011529178362645782,0.004065504,-0.003401145,0.03701834568,0.019537909000000003,0.29861442949251504,0.4314049239337943,0.35619140043684766,0.31554853466919924,0.5720985683701736,0.5510147210873789,0.6250598230333035,0.7019716352085735,0.5930115103129613,0.700194656373436
Gm7467,-0.0036557054161432804,0.0076567734,-0.01135200302,-0.007759127700000002,0.012009806,0.28609903219880395,0.1981167303895276,0.3652844808096137,0.42913585882373145,0.6055236090531582,0.5410768488327189,0.4871434924735148,0.7019716352085735,0.6364968217877089,0.7162518141568017
Gm7618,-0.0039587182587415394,0.011376299,0.01194791814,-0.0072290806,-0.0085177818,0.4891915442693454,0.6209882585642637,0.9223543439345826,0.5803369505069753,0.6069429105615483,0.6407720227753397,0.7011631579998301,0.9243421765723727,0.6961049406339042,0.7169224049393393
Gm7638,0.03507178842584166,-0.01629517484,0.016361074000000003,-0.0026551898799999996,-0.012062817,0.43149359033169477,0.49558050614253546,0.3809569918105001,0.4213950454862495,0.35077377258134834,0.6187534870533125,0.6398384749125662,0.703428322055141,0.6334422819355006,0.623409683248167
Gm7730,0.017418335531985803,0.009134140600000002,0.031096292799999998,0.02337546332,0.033765929634,0.4270097759884602,0.2838772831280546,0.12760587596478468,0.2985754959072895,0.1952191762540186,0.6172835621802093,0.5730289619659462,0.5223726903322958,0.5824974602320041,0.48112583280398047
Gm7809,0.03620440090282072,0.003664132480000001,0.0029580456999999997,-0.0223770851,-0.0034662432,0.49777063796923005,0.6096746903695196,0.723852793780327,0.5466454707216042,0.5913683278643909,0.64445432073412,0.6965570786777067,0.7858168461661915,0.6796637570527868,0.7069050292387146
Gm7860,0.01881643005681624,-0.006860058,0.0074680122000000005,-0.020029274460000003,0.023787337119999998,0.5350420775610736,0.33170237159701405,0.7769776825903518,0.5009439732859791,0.5173301906823056,0.6624670220626351,0.5907267209325682,0.8192621823231601,0.6588375096487119,0.6832312572900254
Gm7967,0.13602778993681097,0.04101043880000001,0.029757270880000002,0.053166181699999995,0.053220290999999996,0.0007967430475302635,0.005481046824669594,0.055325270836418,0.014778731180670576,0.012292956506899043,0.0057888362047120705,0.030102599686669618,0.3189204661851368,0.07551769229683315,0.06304659679089766
Gm8091,-0.002529926717780079,0.015327588889999999,0.021775321000000004,-0.0124805819,0.018754624759999998,0.4500894710963602,0.4698079677654661,0.2977585775924101,0.7275042483707039,0.8536392637306653,0.6223636694061372,0.631694628897757,0.6757456120467158,0.7723504006675281,0.8598027241186124
Gm8557,0.00530915388145302,-0.004118395100000001,0.003384271949999999,0.026711169200000003,0.01937889528,0.5004326373722006,0.6797380729017548,0.42188987998445887,0.7610025212693109,0.6476059569206569,0.6451973467044545,0.7344962135537939,0.706956420259207,0.7898046469216516,0.7320991166161397
Gm8606,0.012554414783848819,-0.011448928,-0.015751770180000003,0.010246796600000002,0.00374571216,0.5561685522982782,0.5098620448159821,0.32283436001208776,0.2967460465715172,0.6800195814130205,0.6707691305062518,0.6424251407857817,0.6918790858347537,0.5824974602320041,0.7422740845814186
Gm8739,0.0009882401768533601,0.013641389652,0.023195613799999997,0.01687155924,0.008617622080000002,0.6695107865819281,0.4901921794578915,0.20046823925285237,0.5374075517610966,0.7201278295108283,0.7236147355096114,0.6398384749125662,0.644362197598454,0.6753905718078647,0.7621990304761802
Gm8960,-0.008191221811072059,-0.015424037248,0.0034937190000000006,-0.0258635432,-0.0101254392,0.5327670302883944,0.6256520055342163,0.4889324399567697,0.26912620784616204,0.32655420036997557,0.6618435958683752,0.7019363722411449,0.7163564111187761,0.5679743720807807,0.6025814656633087
Gm9294,-0.008010340376739698,0.0080006154,0.01806397494,0.013812478447999998,0.01996714336,0.4685354392922616,0.5880080325308181,0.20243527761244,0.3696249929343891,0.46837239111579354,0.6302863431173625,0.6902113612186277,0.6452671800536759,0.6175994084579571,0.6596613148285196
Gm9573,0.05056918139243212,0.04237397194,0.010252961300000002,0.05060993540000001,0.0489214952,0.2458938483567235,0.16559446442562661,0.15846630126331873,0.2542958876561476,0.14587505238581844,0.513594971786335,0.437288712297345,0.5926554698721974,0.5560231399378148,0.41027358483511434
Gm9625,-0.03470606840681738,-0.012864956900000002,0.013445120200000002,0.0037201060079999995,-0.01758197952,0.213808732195404,0.4528595516559012,0.6142244214973029,0.4055005875900099,0.5862856857287726,0.49195591008979117,0.6285960940895344,0.7422029543137081,0.6334422819355006,0.7050590789583084
Gm9687,-0.02068509274433846,0.005258425096,-0.01384996,-0.01112675742,0.0208137825806,0.11934532672953103,0.4030129152117392,0.32674983041073485,0.5221712159546466,0.5852712740971422,0.35726766263454035,0.6157754838120222,0.6918790858347537,0.6723887823499297,0.7050590789583084
Gm973,0.01461618429252344,0.0266536274,-0.0015223373999999998,0.057424623999999994,0.0479510264,0.84999932585876,0.6069333141843569,0.822527945458013,0.5304665274411555,0.22500640286889445,0.8548093152949113,0.6962762938216923,0.8464052361000731,0.6727280052549199,0.5222694376075004
Gm9750,0.03772480986939528,0.016697649399999997,0.020668885999999997,-0.003465927759999999,-0.002588022699999998,0.45771146837099863,0.7616667461367878,0.6625630730174714,0.8287333648983514,0.5745346064357038,0.6255590785840981,0.7905692789142997,0.7624683183198516,0.8401766308380815,0.7005907132673136
Gm9844,0.08437036615134712,0.025543309660000003,0.0233084402,0.018938747,0.0085046142,0.04361530867173773,0.48711653790002385,0.6319229492846004,0.2742603720390758,0.30928545146105896,0.17687021975893644,0.6398384749125662,0.7485095364726783,0.5720557947784368,0.5879205639779265
Gmcl1,0.021287079547417397,0.02695112686,0.025579460399999997,0.021074879799999998,0.007889134200000003,0.3293347395297276,0.2684598856864487,0.7804519370183945,0.568960419947905,0.40303129491590095,0.5712845625732195,0.5655147878515177,0.8204449526304901,0.6883434394500813,0.6398114708791759
Gmppb,-0.005973012668118322,0.0263270359,0.01233945038,0.00265359634,0.00754768052,0.7625840638435876,0.3299722546556063,0.2338042257390118,0.43171507708573226,0.30428455456677356,0.7880035326383737,0.5907267209325682,0.6472792273959911,0.6364968217877089,0.5862941348351507
Gmpr2,0.02041672514389644,-0.0037041852000000014,-0.007142346599999999,0.008888512599999999,0.00773880794,0.5670644505507509,0.03769885477033526,0.6432521835122318,0.5080400930620212,0.5289781757649099,0.6711577259247016,0.14982878177953757,0.7534313988241506,0.6617328943244815,0.6886658809918551
Gnb5,0.005169148184009801,0.0188328728,-0.015943146002,0.0108419766,0.02683833934,0.6002300106493603,0.6264593429679035,0.958657318343446,0.7760430739078261,0.6498490443419198,0.6835272366170266,0.7019363722411449,0.958657318343446,0.8026459697443369,0.7334461301431863
Gpank1,0.0137620854892639,0.012878253400000001,0.029258121999999998,-0.0016733689999999996,-0.0100305148,0.436215995528874,0.80537622496101,0.47310591488370246,0.6198036285683388,0.35090338585178055,0.6196754722635227,0.8261028189857419,0.7112967913044496,0.7157500512026761,0.623409683248167
Gprc5b,0.1254690617971003,0.0718008302,0.042185144460000004,0.0737128924,0.0620708376,0.004838839179745757,0.04846449384353595,0.6175426180660111,0.14453001714255917,0.21968226362944668,0.028602460405700553,0.18624784824168775,0.7439308740950652,0.4244618398186738,0.5150533743917279
Gpt2,0.030173304122607846,-0.014503193648000002,0.0009382008900000003,-0.014377963999999998,0.00221658324,0.12636414986075534,0.9150144426158482,0.45217274006784736,0.5845136117844159,0.3774005370114493,0.3713601124758118,0.9156708374814263,0.7109744123266357,0.6962458075948613,0.6268133736386102
Gramd1c,0.03738856963438406,0.012865116400000001,0.009708692180000002,0.023277606,0.021783194319999998,0.227518347015366,0.626143582922948,0.2804050720238372,0.2042659892938108,0.3440120153571565,0.5029922251766016,0.7019363722411449,0.6736568469493242,0.5079341445006524,0.6200216555855728
Grem2,0.06784376032329878,0.140704918,0.0821657952,0.097409298,0.11032715,0.25571109692741545,0.0001275330108651755,0.00266660140465322,0.00024535493510245487,1.582689788273774e-05,0.5184839828688147,0.0010051330517340102,0.03179409367086531,0.002001579733730553,0.00016853834004900112
Grhpr,0.022623726709484163,0.010285586199999999,0.016046342600000003,0.0525018604,0.017005525599999998,0.22800121035747914,0.33914621063562334,0.48270352987139564,0.3271187001571086,0.23760726423883746,0.5032621652669041,0.5914181437992989,0.7125623536196793,0.6000435861305105,0.5244654012866745
Gria1,0.03792606630354454,0.018173137079999995,-0.018121300799999997,-0.012059710399999998,-0.008423960599999999,0.36686303447008195,0.2992962408411908,0.5381108950594224,0.35780387593499413,0.5952072710972829,0.589434599145212,0.5830381800485782,0.7203850719089967,0.6094461623068582,0.7090641700945428
Grin1,0.05423009441454404,0.030622437800000003,0.023754968199999997,0.027435347,0.0375723076,0.5301139144241198,0.3867409069223255,0.8875375622814742,0.37417966267632885,0.8560443774002833,0.6615354153794092,0.6116769082440225,0.8945916903053877,0.6222199716533299,0.8616031071236617
Grm3,0.0229421282359845,0.02003515,0.01344878834,-0.0021355850600000012,0.022467926839999996,0.27924118490846683,0.38195054522374,0.5266670259365636,0.5408049173116458,0.47836507078919555,0.5372262899442154,0.6103947289061528,0.7199768137930461,0.6779165787384828,0.6646606312260237
Grm8,0.02515606136630196,0.018850114600000002,-0.0001605468599999993,-0.028999160439999998,-0.016847247134,0.28624710712440615,0.29757903818451165,0.5036429070518602,0.2860217743221443,0.6353404648931913,0.5410768488327189,0.5830381800485782,0.7166445082821976,0.5758255716923576,0.7260179292730569
Gsap,0.07725397969741746,0.06271415620000001,0.0171230518,0.0718469114,0.048212107399999996,0.04983244028628163,0.2544707859076945,0.12025879826915482,0.19892288439460296,0.2001438303974971,0.19536667165276445,0.5538774253546664,0.5043552520647644,0.5009382345295778,0.4855663363556669
Gsta4,0.06788982127243937,0.04893693132,0.0653221769,0.06892654826,0.021620982199999996,0.15741148936591287,0.00016305277599924298,0.0017280917378847734,0.003671296773934784,0.03844067506967468,0.4171965787841349,0.001249772651202989,0.022116403434396872,0.022364449780083073,0.16705527016260494
Gstm1,0.0749918563626606,0.08196040200000002,0.093987714,0.11170466000000001,0.10530454,0.005309063582432182,0.055429162675884505,0.009596750023267346,0.0004499381281033749,0.00040034564177518397,0.030988048943484912,0.20730209633474234,0.08644366426714056,0.003411215699479391,0.0030518151381223038
Gstm2,0.024845294108757018,-0.0023139538,0.022904873,0.0174399134,0.003981468999999999,0.18850554030395186,0.2891226588292343,0.05274037198285056,0.2113129559462445,0.4293768363422402,0.46053455118040776,0.5797048234315816,0.30655341215031884,0.5180695492882444,0.6489614096018808
Gsto2,0.06303831154871524,0.008748226623999997,0.0157583896,0.02003161712,-0.005267119279999999,0.16945609375962975,0.46786820127113915,0.26480753148757014,0.46029778257859466,0.34956698765775857,0.43384571572669955,0.631694628897757,0.6608345374332028,0.650572853796494,0.623409683248167
Gstp1,0.08204124185577898,0.145829512,0.06955691779999999,0.12368504920000001,0.15680629399999998,0.011931695190582951,1.1905813843466247e-07,0.008811287596982248,2.4971212368349e-05,3.995037934063704e-09,0.06401813381101237,1.8052837295255884e-06,0.08456950203560946,0.0002506103687327112,9.777329680734854e-08
Gtpbp3,-0.015359399677332703,0.012895548680000002,0.007755952280000001,0.0096198396,0.008859315199999999,0.40777624186285377,0.7104260897493184,0.3449111706221499,0.5470567220653717,0.6602985338483169,0.6098421844095113,0.7524190843625264,0.7003654774641908,0.6796637570527868,0.7380740823064119
Gucd1,0.029733350898359063,-0.009070154600000001,0.0203487262,0.0244575334,0.016111782149999997,0.5753512574902726,0.2412567670135314,0.30821093969434876,0.4200064118694361,0.1955543707525856,0.6744867428634483,0.5394577034457092,0.6770933242104197,0.6334422819355006,0.48112583280398047
Gxylt2,0.09601757918817329,0.034998111,0.0257576656,0.039371603399999996,0.0478702414,0.0036404254520615437,0.14722872442951052,0.06620581345162743,0.09244209862238753,0.09783218890900373,0.02233910294857223,0.4115913238059462,0.35936618585611,0.31452860384934295,0.3241707922281715
H1f0,0.4629442240590504,0.135285439,0.10187999300000002,0.133060556,0.1077834948,1.041441513535739e-57,9.50779554714032e-06,0.0006558755352017639,3.200238124792873e-05,0.0009652359078361035,4.150888318235302e-56,9.147155026386722e-05,0.00953069137090063,0.00031219106182419986,0.006568312641128607
H2-K1,0.02449049166796232,0.03155084700000001,-0.003278731800000001,0.02818579752,0.027901053200000005,0.24858627078900486,0.12823520225808935,0.10863034677399648,0.29175558640027094,0.33532434777931747,0.514076720169768,0.375815351155535,0.47653878537649397,0.5797707165646411,0.612534065139562
H2-T23,0.01535122980254148,0.023405614800000002,0.0380199968,0.06337470440000001,0.046930812,0.44594110105489604,0.19311536281435257,0.22357666145181607,0.2955248395848193,0.3632536831987402,0.6223636694061372,0.48071000997724667,0.6472792273959911,0.5824974602320041,0.6264125678587169
H3f3b,0.32972237545680133,0.17572481399999998,0.095935697,0.132502344,0.145655318,4.3398882185193415e-29,4.3189398096300886e-20,1.031605480345122e-07,6.301367466374647e-11,2.6760856744673427e-11,9.764748491668518e-28,4.303515024595695e-18,6.739145092529528e-06,2.092954194188722e-09,9.572152604825496e-10
Hadhb,-0.028502010835381862,0.049878816939999994,0.0192754899,-0.017586921,0.013521486200000002,0.18314652827229005,0.43611325053913746,0.43575069038900144,0.12499426812910627,0.5816517874527714,0.45253597944589713,0.6250598230333035,0.7107625505668242,0.39183596413506344,0.7031232612622322
Hirip3,0.25363760656855094,0.126050094,0.05933033,0.09009185,0.0799083028,3.862566448362443e-15,0.00016433690013703406,0.07019358348333428,0.0058574457673483925,0.019848966165643588,6.193425512029435e-14,0.0012527321076019808,0.37806968710135647,0.03348826576004511,0.09439288712836906
Hist1h1b,0.525429879288687,0.24281626999999997,0.21174171999999997,0.19100015799999998,0.18838893399999998,1.8952923648639726e-78,2.795962099689605e-19,1.4815808065053296e-13,4.322827314445782e-13,6.350862729191463e-11,1.3219664244926209e-76,2.4377294556668745e-17,3.4446753751248916e-11,2.2334607791303207e-11,2.1608423188346565e-09
Hist1h1d,0.40435126727324794,0.144601754,0.13029593080000001,0.09900050600000002,0.0836460184,3.0094542206546736e-45,6.359771148421129e-08,2.380027616405826e-06,2.7485544363393713e-05,0.0006100867424715945,9.329308084029488e-44,1.0081682672781221e-06,8.973347364557101e-05,0.0002738738170495302,0.004432661488270179
Hist1h1e,0.49577679336734876,0.218412674,0.195489252,0.157877554,0.147466746,4.298289627846914e-73,8.936680888643074e-17,5.67705862920135e-14,4.0302525383081245e-11,2.4955976384865144e-09,2.6070061003680197e-71,5.420291234633516e-15,1.5838993575471766e-11,1.4055505727349584e-09,6.446960566090162e-08
Hist1h2ab,0.3837564138135253,0.144818194,0.13379260399999998,0.10441932540000001,0.0892194554,1.219251934869918e-41,5.158143108793314e-08,3.2094732883729733e-07,2.615368362895515e-06,7.914146132232121e-05,3.4711356104970115e-40,8.465423102078439e-07,1.5990054418858208e-05,3.6123157091477657e-05,0.0007031996085645738
Hist1h2ac,0.2578326741267176,0.13356435,0.11628781279999997,0.10807205499999999,0.0887109328,2.8622441827620675e-18,0.00043470871823465655,0.0015446034181181504,0.003474446345967587,0.042866636824248,4.991038293691355e-17,0.002972640499692872,0.01995112748402611,0.02135177380010918,0.179038797514449
Hist1h2ae,0.4541342836042904,0.17337819799999998,0.16399120799999997,0.141621482,0.1339224392,1.4904253193081912e-67,9.199792879461737e-12,1.4271221859990824e-08,1.429433158625732e-09,8.185864598689917e-08,7.700530816425654e-66,2.789937188445461e-10,1.24427215591795e-06,3.498349572426133e-08,1.5153496222938776e-06
Hist1h2ag,0.22686198377941924,0.08356148599999999,0.086088453,0.09271273599999999,0.0635238748,2.7518252742576797e-13,0.031118645540218707,0.008851001646737622,0.0015975420278571486,0.08497597713617233,4.0838258059462375e-12,0.1305611801634388,0.08456950203560946,0.01066301975531446,0.29462379908498776
Hist1h2ai,0.3892658417991352,0.14190498199999999,0.137184393,0.10608808299999999,0.075150514,8.895117246520633e-41,5.8974275202416225e-08,2.3433277692645745e-06,2.010163440335562e-05,7.743887755143622e-05,2.386286261326208e-39,9.456219989352947e-07,8.973347364557101e-05,0.00020771688883467474,0.000696949897962926
Hist1h2ak,0.4091922264639443,0.15237512,0.153281162,0.151837253,0.1298954128,5.5783874348362955e-50,9.291757088333867e-10,1.7526964407070172e-07,3.277490520083519e-08,1.8485000669766244e-05,1.89801231014552e-48,2.0574604981310705e-08,1.0187548061609538e-05,6.096132367355345e-07,0.0001927473422961754
Hist1h2an,0.4469341292213368,0.182545308,0.17732737599999998,0.16179635199999998,0.13922673000000002,5.139843148663011e-60,9.896693898383151e-11,3.09110505679208e-10,2.9575690195532386e-07,5.65676334836233e-06,2.172751876480273e-58,2.5566459237489805e-09,6.160130791749931e-08,4.74230894514571e-06,6.687444805902923e-05
Hist1h2bc,0.0458443359157539,0.031327541599999995,0.005127027199999998,-0.026586360399999998,-0.0482117672,0.29327812674702275,0.3173758851951194,0.23885163103256696,0.07733301362803222,0.634819512908942,0.5474782556850697,0.5886792086053216,0.6482451853899435,0.27885064934325277,0.7260179292730569
Hist1h2bf,0.1552033633723913,0.037411692,0.048860060999999996,0.050220341599999996,0.04482827339999999,8.066965798478893e-07,0.5195167172566373,0.2630155047984988,0.3877790579639507,0.35696787840985905,8.59039487700615e-06,0.6476548888051913,0.6599040093415572,0.6297459672406417,0.623409683248167
Hist1h3b,0.2563523469886615,0.1010539992,0.08524095999999999,0.0699973832,0.07715295759999999,3.882678697638404e-20,0.00021061375158200555,0.00011570772641871994,0.01594184210171649,0.046850301287269934,7.126758925270491e-19,0.0015627988481749882,0.0022734123711847087,0.08057561497063226,0.19336145057911702
Hist1h3c,0.31902166682364574,0.12328238600000001,0.10782424719999999,0.1038479798,0.0824591058,2.1876404290011015e-29,2.807982701070864e-06,3.2076908695639427e-06,0.00014193196737909925,0.005467046377686455,5.08626399742756e-28,2.9901800519037062e-05,0.00011473663494978717,0.0012374693405865216,0.03087663844887694
Hist1h3e,0.20591953990182454,0.06068150694,0.0651794688,0.0539589698,0.06423398,4.064021538015605e-12,0.027870516004848783,0.03348868852591811,0.0781153965982898,0.11001658110735398,5.905531297428926e-11,0.11926187063424555,0.22317709395974214,0.2808530367386966,0.3472242774768298
Hist1h4c,0.30345227404584924,0.1233241772,0.118386484,0.09396120380000002,0.077640914,4.3204380148822976e-29,7.804484745127893e-06,0.0002926779126914048,1.342342596713834e-05,0.0006914744099157001,9.764748491668518e-28,7.667081844685502e-05,0.004919104677162767,0.00015101354213030633,0.00492146327465511
Hist1h4d,0.3745457821038409,0.1645841992,0.129524584,0.1270169132,0.10676444920000001,1.762164569569999e-39,8.634624505012687e-09,4.604761859346149e-07,3.4226858236542266e-07,0.00012660515809888282,4.638150140660658e-38,1.7207573120703853e-07,2.1412142645959593e-05,5.4257349136336885e-06,0.0010703890639269184
Hist2h2ac,0.4585786230482709,0.21865649199999998,0.20817565999999998,0.16496604799999998,0.15099576120000002,3.2707984145598098e-59,2.9110989638040914e-16,1.0758901231178013e-14,1.4386116574302812e-10,2.215834541467097e-09,1.341989349503216e-57,1.5040677979654472e-14,3.752166804373332e-12,4.09563931043927e-09,5.8322437459369825e-08
Hist2h4,0.1257600030702749,0.05625794900000001,0.053307457,0.0658210196,0.046365883000000004,1.1213029530103485e-05,0.19331778895859167,0.46619573234835643,0.38426960482896927,0.2968461960606036,0.0001078770772034094,0.48071000997724667,0.7112967913044496,0.6280692635075651,0.5767415647695571
Hmgcs1,0.059329646272959016,0.043974998,0.02403365032,0.0488410892,0.04381685920000001,0.03780073375022479,0.015414049033661946,0.3273512377228492,0.15112181024569318,0.03939789432565603,0.16076836457793775,0.07262494834353979,0.6918790858347537,0.4355680274643429,0.1701549925210222
Hmgn5,0.1462383462996199,0.09858681799999999,0.078824759,0.05280925098,0.05169609559999999,0.0002013138017513075,0.010601220889258054,0.007603825055322923,0.33176449011977965,0.12736378091618683,0.00162331071354378,0.053196773886744556,0.07631176944011135,0.6000435861305105,0.3798230325001105
Hmmr,0.6386318229112424,0.18081596500000002,0.0159505978,0.193812396,0.157815374,7.54305562796712e-111,3.303197396538735e-11,0.09101260487667077,9.665198709318592e-10,6.51799309413756e-07,1.3153203251267667e-108,9.03521640817948e-10,0.4362844010769352,2.496842999907303e-08,9.77698964120634e-06
Hook2,0.006276804303273741,0.0021340123399999993,0.01495550872,-0.0010850271600000004,-0.0020722141000000006,0.39127778749285663,0.6796274912145552,0.3714200197278704,0.5711221756126461,0.5289408930003685,0.602464142993968,0.7344962135537939,0.7019716352085735,0.689200203269586,0.6886658809918551
Hoxa1,0.00488402807822122,0.0005270500000000005,0.020218884800000003,0.007779680205999999,0.005405040119999999,0.19649020184137023,0.5229264744564175,0.3249743770585243,0.25266368791045873,0.37671839706736976,0.47259281304950257,0.6507425797205195,0.6918790858347537,0.5560231399378148,0.6268133736386102
Hoxb5,0.04050375049414378,0.0284569982,0.009727518420000001,0.010934645560000001,0.0175599026,0.339744483545034,0.45285550211807657,0.8152169930134895,0.7513316684732215,0.8178952364782536,0.5754937114982464,0.6285960940895344,0.84114475240667,0.7840156329072553,0.8322128773794046
Hs3st1,0.015242062984775262,0.027105669600000003,0.041733251400000004,0.0240967765,0.024450407999999996,0.5049255110242381,0.4577063750597211,0.5115292151649184,0.5486202172404799,0.7182586381246335,0.647995481029266,0.6303215120221124,0.7184053542286957,0.6802890693781951,0.7613759879816594
Hsd17b11,0.041859000737363726,0.0095439534,-0.006086595,0.0035980280600000024,-0.005561877922,0.6131389886520491,0.42036577083647625,0.41789762315281215,0.700452182534715,0.6291304775629363,0.6891126971941673,0.62450505891042,0.706956420259207,0.7549848088983423,0.72459461685097
Hspa12b,0.0019489542479234011,-0.003487774200000001,-0.0016835271000000007,-0.005531547799999999,-0.009551003999999998,0.8666631091992293,0.40140733316649413,0.16338948808201142,0.12873334553414886,0.30205325794799737,0.8691553108072788,0.6146734065500338,0.6013940260538415,0.39818850780518333,0.5844164976941142
Hspa1b,0.01492358248679366,0.02914330156,-0.01713353956,0.00250262314,0.023888133399999997,0.23553504335446862,0.39991824407949833,0.33272206438570523,0.7136632270939733,0.46354611892061903,0.5082879845181848,0.6137359191319034,0.6918790858347537,0.7621593014983984,0.6596613148285196
Hspa5,0.02107179265085384,0.07519047440000001,0.048705701000000004,0.108046818,0.10528543799999998,1.4356715623326791e-05,1.8475771905520778e-06,5.543601316007315e-05,2.4802469240273354e-06,3.79282786861819e-09,0.0001371754677708279,2.0785243393710875e-05,0.001284191180233846,3.459944459018133e-05,9.448205137004241e-08
Ica1l,0.047648682938150576,0.010252033399999999,0.051283209399999995,0.016112905,0.0022243238000000014,0.046742748164222574,0.49135040021258114,0.386548687484412,0.6529792040125502,0.5943726528791988,0.18630323911168714,0.6398384749125662,0.7041611757761018,0.7318109430678699,0.7086750861251986
Id3,0.0606781031838729,0.04765327539999999,0.017076112839999998,0.0722118272,0.130877666,0.0039003528142847175,1.0995974348585668e-06,0.0013552340321765326,0.00017588361307499864,5.332216490404456e-07,0.023656487721422526,1.3110584800236758e-05,0.018534818381237873,0.001505261596562105,8.264935560126908e-06
Id4,0.06724973191461407,0.026834589739999998,0.0290877204,0.029321870120000003,0.00203950948,0.05437615270197587,0.5332971945294895,0.32392379837288143,0.2566920940329367,0.2699321879113241,0.20668864582903634,0.6552271380728492,0.6918790858347537,0.558210601986399,0.553757944318084
Idi1,0.05063735507786522,-0.0264900323,-0.03759682507999999,-0.022212672334000004,-0.01372931808,0.24019709566765635,0.5823117741587196,0.7080606920127945,0.497468380808022,0.5804120019416865,0.5099108875501227,0.6855062657817839,0.7820622845271958,0.6588375096487119,0.702958381859961
Ids,0.05358447391859507,0.03497864068,0.0276109218,0.04023138212,0.038755015000000004,0.5037343991749368,0.23553993695733783,0.41764333581546864,0.2983665408497008,0.5511532012374143,0.6470621425865901,0.534273515537376,0.706956420259207,0.5824974602320041,0.6926655096632369
Ier3,0.06907072173774352,0.058153221399999996,0.061816585199999996,0.07061590300000001,0.045148907599999996,0.09463402209946094,0.005620024207890033,0.035418540822252695,0.0040363385105201,0.0014646486892834296,0.30989310053696717,0.030744838313751355,0.22980867184670933,0.02416606103938,0.009415598716822047
Ier5l,0.08360462338967631,0.032165363300000006,0.0368572318,0.0435619364,0.0575439034,0.016961704637323858,0.18335703436167222,0.4267393742283934,0.4641835057780561,0.29867849022762605,0.08480852318661929,0.4617022796652216,0.7069948146159208,0.6525484018908168,0.5786895748160255
Ifi27,0.012256831621953197,0.0716489796,0.07508196339999999,0.0731517776,0.0773139568,0.4470860700970284,0.0013317126548985103,0.005739597472454822,0.004243142120293642,0.0014466402224833398,0.6223636694061372,0.008368194385510909,0.06159029595441905,0.025295654947904405,0.009342884770204903
Ifi27l2a,-0.00976125266685034,0.0085380426,0.009563465200000001,-0.0015855891999999997,0.051726886826000004,0.6198123439336325,0.0734069311573062,0.22853761295268285,0.27727276821209357,0.2368637179883685,0.6939311555276222,0.25859259839505594,0.6472792273959911,0.5724547994260276,0.5244654012866745
Ifitm3,0.040525386089259575,0.0863992616,0.0647700854,0.0919476572,0.0584663348,0.07776272786154144,5.278423740812722e-06,0.012311764669875677,0.02381121937836774,0.0007608129705142995,0.27446006817283675,5.4142655282601073e-05,0.10286829219529123,0.11109247837064548,0.0053602732013507464
Igfbp4,0.02915757987491918,0.0260607802,0.034369525125,0.0377359734,0.0256057862,0.35855321741971674,0.1253412632986856,0.6575232024112505,0.5759077649999822,0.11485494854756213,0.587067767958339,0.370356409676831,0.7618312851857928,0.6925787346335993,0.35684332566558835
Igfbp7,0.04601136274222104,0.079871677,0.0910119556,0.0769484212,0.079945419,0.03553060044652564,0.0005196924439093883,0.06524042099072387,0.028540907821066937,0.00883255117897538,0.1553767637081607,0.0034687605705913714,0.3555093253205461,0.12968914140191654,0.04757300731533072
Igip,0.058628171160807804,-0.0012006597999999996,-0.01820619,-0.0120688886,-0.006352725515999999,0.27403544170347144,0.8776028658700612,0.6798589725553588,0.5433472396199712,0.41233881249009785,0.534656561085794,0.8839393486561266,0.772305716677567,0.6796637570527868,0.6433365486050996
Ikbkg,-0.004409553789872919,0.0221763258,0.0218918664,0.028892536280000002,0.05066504344,0.22115250425357258,0.3780512992645445,0.5767614856819565,0.5032485360310384,0.16733319718870107,0.499203468339375,0.6103947289061528,0.7334387169793339,0.6588375096487119,0.4462496763491362
Il15ra,0.008076439645040779,0.003918834000000001,0.0024450016739999995,0.0180146524788,-0.014217172080000002,0.2727304826563002,0.8610567353381021,0.75144008961821,0.5471415047815624,0.835805789519732,0.5336031182405874,0.8702496718025637,0.8014211964964854,0.6796637570527868,0.8448906350579899
Il18rap,0.03879332652471738,-0.0015321667399999996,-0.0207510121,-0.003086736000000001,0.031702024399999994,0.1621755164618287,0.7431206873181817,0.3958371371448715,0.4943935242888893,0.38551010925268886,0.42445562000797565,0.7765193698942797,0.7041611757761018,0.6588375096487119,0.6291955068192073
Il1rl1,0.17356640767185055,0.14290180200000002,0.10925596,0.162882386,0.15067323999999999,6.352118055534813e-07,1.8023967351750916e-07,0.0001773403302151705,1.4041180852637833e-09,1.942266958872733e-07,6.922816162086769e-06,2.5921066449167557e-06,0.0032985301420021713,3.4977584445410314e-08,3.304222448326174e-06
Immp2l,0.27857942561281096,0.13040906,0.11104,0.10414268099999999,0.091183651,3.259040226095199e-23,1.6436937631133635e-06,0.0004589262099935065,0.00017815844910935285,9.53098200679103e-06,6.888425932428489e-22,1.895002313672018e-05,0.007193281606077994,0.0015154331494362636,0.00010574507603391442
Inca1,-0.017196575499133462,0.021120768340000002,0.017198642,-0.022810700080000003,0.0002817573999999975,0.354608157396831,0.5692242436481727,0.7915973681167866,0.6405637269996072,0.6885229461720279,0.5869324226809005,0.6781108624160554,0.8268887885090747,0.7248008510171475,0.748458689576052
Incenp,0.5154553279207273,0.27802156800000005,0.18426752400000004,0.23893088,0.231724834,1.977524472989094e-74,2.4868152739932382e-20,3.4242846406723403e-09,1.4548922581746462e-14,4.080446805505163e-14,1.2539302908271754e-72,2.668544082477359e-18,3.952404373472627e-07,1.1275415000853508e-12,2.9959069966735273e-12
Inpp1,0.016136585757413318,0.038654661,0.009958463060000002,0.027174244280000003,0.01741725416,0.3691988308233135,0.32701629637809393,0.10246726047094287,0.11521187983546476,0.23608814667516972,0.5898336497542702,0.5901523071765085,0.46164981972109626,0.37117915097107007,0.5244654012866745
Inpp4b,0.02722750487063142,0.04991037150000001,0.0249854448,0.0132072618,0.0490863946,0.5392580843147343,0.05141003760134524,0.32739054632416004,0.3511867477796582,0.21642479593121175,0.6627885705894752,0.19435502020020762,0.6918790858347537,0.6073273330610083,0.511838610312824
Insig2,0.06094497532666131,0.036954612346,0.0246313893,0.056174705400000004,0.024296545,0.0559455288382893,0.32385646974049803,0.23689661655673988,0.22882467626332667,0.1591359157258066,0.2101006409975052,0.5894820958689049,0.6472792273959911,0.5329055482259444,0.4369972488927169
Ipp,0.015678842158691836,0.019936078200000002,-0.00545550494,0.017575656900000004,0.0317124323,0.5306509891107949,0.7132056850063858,0.43248388974331387,0.4223012426472669,0.4749089491307139,0.6615354153794092,0.7531581609265013,0.709279517748894,0.6334422819355006,0.6631594865163828
Irak1bp1,0.07519084852056429,0.0903229828,0.09827619739999999,0.069514104,0.0989626928,0.07171402981062892,0.0021386934634382497,0.035786845393762756,0.010035423481855488,0.0013050553549229205,0.25813232698512445,0.012915486499984235,0.2300582918170463,0.05468521780151721,0.008587510472252237
Isg20,0.0023631635747111994,0.014605214139999998,0.0372521182,-0.0017304856000000008,0.0036462208,0.8177835208662192,0.9233071116452543,0.25318577983782076,0.5607194709616308,0.7348837884957484,0.8278722870888068,0.9233071116452543,0.6522877244363724,0.6833705998905432,0.7716556742233411
Itgae,0.013528480773134701,0.0407080242,0.0096435962,0.021231124999999997,0.025381133599999994,0.3785248434267467,0.3264838302606309,0.2793371182937973,0.81551567412192,0.5547915559921703,0.5946096538985857,0.5899545896548964,0.6736568469493242,0.8322197259693331,0.6949291979927179
Itgb3,0.03458406212512504,-0.0020964371999999997,-6.353703200000053e-05,-0.0093662225,0.03135120568,0.11263256288355632,0.39553551367358664,0.4203747019209706,0.3132250571499557,0.24503019924568412,0.34493681413005806,0.6116769082440225,0.706956420259207,0.5928751081739324,0.5332560498404514
Itgb3bp,0.21771413084165622,0.11671479599999998,0.0805022286,0.10959111699999999,0.1011298206,5.167708004275098e-09,0.01600002211906561,0.20466406611054933,0.027963684073848003,0.006621680037445706,6.323642689441896e-08,0.07440010285365509,0.6452671800536759,0.1274815009248953,0.03651084447524411
Itgbl1,0.05499725069918952,0.0930224884,0.038677536400000004,0.10024693679999999,0.110326174,0.11099713941180475,0.0046228992974594535,0.20623138260678675,0.0037576943710714724,0.008892687106681531,0.34266614390104644,0.02589937558215236,0.6452671800536759,0.022791233250629147,0.04771268659161822
Itm2b,0.024967443054088757,0.0880839068,0.011311128440000002,0.043605597319999995,0.07935988940000001,0.2810271074215181,0.0027459142934343874,0.623515615051943,0.07735856723716045,0.04328001427965856,0.5372262899442154,0.01609474974513013,0.7470924234658693,0.27885064934325277,0.1798209124982952
Itpk1,0.08416122117095093,0.04674572579999999,0.036831230400000005,0.051790604000000004,0.04215168400000001,0.04459486166247734,0.06278405021704828,0.12932306805672833,0.14237076465651527,0.13429985352550555,0.18031835367871274,0.22927683259890666,0.524644877118294,0.42036197754563426,0.38868941009975155
Itpkc,-0.00397775089816578,-0.017296689420000004,0.018288297908,0.018643503,0.006101319599999999,0.76590424105049,0.2476294917199333,0.22507507000493523,0.5090241426351743,0.5343085041512461,0.7890024685966593,0.5465139341441183,0.6472792273959911,0.6623961557612575,0.6901327235046356
Jam2,0.05024866802890675,0.0007718047000000005,0.017813173199999997,0.0385817784,0.017298669400000004,0.19173927876444102,0.509616645189557,0.4262009673390631,0.5618824932433355,0.45565361946862326,0.46523151875794155,0.6424251407857817,0.706956420259207,0.6833705998905432,0.6596613148285196
K230015D01Rik,0.07415684658671204,0.020415840839999998,0.029127726740000005,-0.008895234759999999,-0.00286929764,0.2323821275416833,0.28107028594940836,0.6737673129959016,0.49637574925497674,0.7299521621893129,0.5073130953374776,0.5728466807988425,0.7691533564887748,0.6588375096487119,0.7679360982308382
Kansl1l,0.09405152111271795,0.037523894200000005,0.0466576139,0.0645875318,0.0504664362,0.026308309616681267,0.37901548333395974,0.4141712278945338,0.2647798649430817,0.1086088082666519,0.12192721566535006,0.6103947289061528,0.706956420259207,0.5633935181823675,0.343558475129205
Kat14,0.010813007706246078,0.05394525260000001,0.021519506600000002,0.0774434002,0.0764400834,0.6994867234709992,0.17466302362472944,0.10820826492426165,0.06885221515975899,0.05670507855879595,0.743483055776734,0.4488693570318489,0.47618463586544163,0.2568150806092615,0.22376048432019843
Katnb1,0.010420835954014083,-0.009099490540000001,0.014936861360000001,0.00374054164,0.00939882134,0.5932249718341098,0.5246896940268353,0.7216929234913274,0.3400123891325154,0.3354666851373659,0.679990826383388,0.6511824039565647,0.7857777921790868,0.6000435861305105,0.612534065139562
Kazald1,0.02069760140211888,0.015697970080000002,-0.0006436387999999987,0.016444986140000003,0.0114505502,0.41530471339715824,0.6219974103717016,0.6315790214494732,0.3406093944670684,0.5880027094196709,0.6098421844095113,0.7014441289155406,0.7485095364726783,0.6000435861305105,0.7059068671604484
Kcnd3,0.03416096434300513,0.045231733188,-0.023662477000000005,0.01737417888,0.0216633515,0.7113506924179593,0.3790745186593972,0.5578350686327129,0.42365709609019503,0.7343836716738605,0.7523382986528077,0.6103947289061528,0.7238882983652415,0.6334422819355006,0.7716556742233411
Kcng3,-0.02781008579416382,0.027388160704,-0.0022050948599999986,0.004752052200000001,-0.0016476932000000014,0.16817221095814813,0.9093501284018274,0.7151672159541349,0.4982645203920163,0.8642837199825809,0.4320446303620933,0.9106557280118802,0.7834077776570687,0.6588375096487119,0.8677207326007302
Kcnip4,0.11778484548304002,0.105728228,0.10557229800000001,0.10443967800000001,0.065216344,0.0005486577383793483,0.0030722637567396436,0.012022423255360265,0.0013571163157325846,0.005226035522911207,0.0040283028686273195,0.017846050154512034,0.10226390512943641,0.009235011026570514,0.029878358829758745
Kcnq1ot1,0.08949217369650235,0.194167894,0.10584496879999998,0.164305208,0.17533425,0.0024409244740044274,7.824032359461127e-15,6.332058110701634e-05,2.9918798692958644e-11,3.5879994419559776e-14,0.015764303894611927,3.5208145617575073e-13,0.001402098581655362,1.0701724147865977e-09,2.9442701303109345e-12
Kctd15,0.08410831550532172,0.091697815,0.0893374962,0.11891969799999999,0.0989102362,0.02933536201108964,0.0018316011025546828,0.09338957764792201,0.0032248329898687247,0.013578540780766472,0.13286633118659105,0.011255874617021069,0.44012993519882165,0.019993964537186094,0.06888023414243356
Kdm5b,0.14969772469118714,0.10724791040000001,0.0712625906,0.091274746,0.08069277320000001,0.00035059006682811337,0.0009070507678938514,0.007371307823225394,0.038870710443870145,0.006946298472766943,0.002702061564780211,0.005831040650746188,0.07555796040049181,0.16994077031272614,0.03814994633665309
Kif11,0.5931418124111859,0.275976894,0.15344406100000002,0.274309396,0.23426347,7.392471420227622e-96,3.653659515283374e-19,4.3369619089098154e-07,4.121943201949325e-21,7.563827329538819e-14,1.0312497631217532e-93,2.998150014011945e-17,2.0862282285962734e-05,7.187638458399135e-19,5.275769562353326e-12
Kif18a,0.426851555921814,0.1673847,0.0669920529,0.1559785192,0.14355718,2.9096113195333345e-42,1.7181698058789033e-07,0.009426032089988464,1.263381678415272e-06,1.9051699513080677e-05,8.635974022870217e-41,2.520007791010853e-06,0.08594323376165952,1.8749121716907494e-05,0.000196867561635167
Kif20a,0.3088993011725937,0.002079113359999998,0.0266281944,0.05066284336,0.058251206,2.925083140063236e-22,0.17359367470910617,0.6825619808122272,0.07035105773158917,0.08319305109843154,5.913755044040891e-21,0.4484503263318576,0.7728684766502085,0.25962890353324575,0.29013576570578004
Kif20b,0.6393222269819396,0.28063203999999997,0.109079035,0.27405556799999997,0.25455700600000003,3.8629262013407334e-115,5.906334073598862e-22,0.0015162252172386754,6.321241582428418e-19,1.596657689968078e-16,8.981303418117205e-113,1.0299170040838016e-19,0.019778903867824993,9.797924452764047e-17,2.0248522522776986e-14
Klf12,0.018491308897889143,0.004801819319999999,-0.0133229674,-0.0005498917400000001,0.022155567,0.20048948664193497,0.6875110768103592,0.6924007574508801,0.7987074706605752,0.46955735475187665,0.4789089620984577,0.7384017644238947,0.777372738592972,0.8204690144120047,0.6596613148285196
Klf2,0.0744709089774841,0.058252968800000006,0.029489887,0.065819784,0.0594500132,0.11847048142573348,0.17699591223380215,0.34992265808964895,0.0698312725954325,0.11108158987004631,0.35617741721745305,0.4522148307072417,0.7019716352085735,0.2583942314870778,0.349006346551159
Klhdc4,-0.003529278245691541,-0.0130850132,-0.032754670459999996,-0.01207757554,0.01474283018,0.5588348302600794,0.42421634784156537,0.36180502008735543,0.734300013010782,0.4445499088807896,0.6707691305062518,0.6249015894815034,0.7019716352085735,0.7760216046591218,0.653649711171051
Klhl1,0.00756634833031636,-0.0026741356399999994,-0.037004026864,-0.0242677004,0.0206474484,0.24299385760687137,0.3885052388176332,0.1972930152620216,0.7464474198599778,0.3599828175809178,0.5120489899721836,0.6116769082440225,0.640076801555444,0.7823397075166559,0.6241336630041819
Klhl42,0.05674533729950256,0.039623702999999996,0.006391940539999999,0.01797524792,0.0431911062,0.2994485855951505,0.13065511140935215,0.32044418165190947,0.11789515626303497,0.410704819649367,0.5516869209520022,0.38026613918105023,0.6918790858347537,0.3746326719520132,0.6430661592182162
Klk8,0.03938220344259221,0.003119210129999999,-0.00771863272,0.05400507980000001,0.04724839330000001,0.7761391077821468,0.3049922301605374,0.4695750858405229,0.37640308866580896,0.19013634482187047,0.7961132759971286,0.5835092040311974,0.7112967913044496,0.6228734385395059,0.47687520603858413
Kmt2b,-0.010319282210797861,0.0021175855600000003,0.0301414762,0.030208751040000002,0.02060283266,0.5438684204227631,0.3718005957595159,0.6937857483143217,0.6408476010944961,0.6710331361935187,0.6664685542347939,0.6070070624786222,0.777372738592972,0.7248008510171475,0.7418349096256192
Kmt5b,0.04782658599900724,0.0726898414,0.0177894734,0.0696548834,0.06991747479999999,0.3808136624693149,0.00829112512310715,0.3575394175760062,0.17341343745755952,0.23036622075450577,0.5951044821731873,0.04299672693953336,0.7019716352085735,0.47082445709444043,0.5244654012866745
Knl1,0.5460784861709731,0.22202735600000004,0.06876901860000001,0.16588715,0.15805489,6.107534401472923e-80,2.3175937200260576e-11,0.012163293316988668,1.3604568094704832e-09,1.3147356346558387e-09,4.733339161141515e-78,6.466086478872701e-10,0.10283511622544965,3.450613180384226e-08,3.987078718141076e-08
Kpna2,0.28555403615032604,0.1535944944,0.0837425762,0.1304989,0.10616232179999999,5.223048476476398e-20,2.622705357364754e-07,0.005926300623500448,5.020687944874347e-05,0.0014440115077278479,9.462535876213733e-19,3.552110653906633e-06,0.06310831579987118,0.0004669239788733143,0.009342884770204903
Kyat3,0.02573986998014318,-0.012396793599999999,-0.01134327711,-0.015519792720000003,-0.0205430004,0.23301793917061495,0.5060573660920837,0.36820801213993365,0.4117282090380769,0.4662384155069954,0.5079062892859497,0.6417727506349608,0.7019716352085735,0.6334422819355006,0.6596613148285196
L2hgdh,0.00468142434696682,0.023796959200000002,0.0315129018,0.027154808600000004,0.026372008199999998,0.7080498250527623,0.34722879663902073,0.5562618250949882,0.41169742540960375,0.09660205780433663,0.7494154066377872,0.5970244458012794,0.7238444745900018,0.6334422819355006,0.32162260295238565
L3mbtl2,0.0544330106326261,0.0071821418,0.0368638782,0.0136107912,0.0018825428000000006,0.08015828245240017,0.15882426115251305,0.6142315548640225,0.40441916929980287,0.29462259427806264,0.276784168369055,0.427723866185073,0.7422029543137081,0.6334422819355006,0.5740202779579573
Lancl2,0.0018336360864881606,0.0106039382,0.023084816419999998,0.0152090842,-0.0019431738800000016,0.6568286257705165,0.7727742157873336,0.5396479591467982,0.7291856418904831,0.7468310335903994,0.7158405726170863,0.7979422879521321,0.7203850719089967,0.7735467455796379,0.7807779211852721
Lef1,0.0318391884671412,0.050880504999999986,0.0134770211,0.017974965246,0.04286893780000001,0.21105347812433295,0.447404639574031,0.2458051545197847,0.4767642383222154,0.11478348941502368,0.49195591008979117,0.6278417943172282,0.6505288210182132,0.6588375096487119,0.35684332566558835
Lgals3,0.00315603287640658,0.11485915599999999,0.083949352,0.118459428,0.165642262,0.26883037290049366,5.930821120157676e-06,0.009342755931829518,2.7503087998218545e-06,2.5905006432000303e-11,0.5324874081066011,6.039047782934275e-05,0.08574437187435642,3.724932791991735e-05,9.509864203326426e-10
Lin37,0.041250916998417195,-0.01862666784,-0.025690488339999994,-0.012808727399999997,0.019111619399999998,0.1900978938414054,0.56985495399138,0.47841275965736696,0.27857511144431946,0.4449770646270603,0.46280377296467806,0.6782829870460538,0.7112967913044496,0.5729342013846509,0.653649711171051
Liph,0.010629303114278779,0.0061071779999999996,0.02058902398,0.04620288799999999,0.008233725825999998,0.6341833597579134,0.5340453447948599,0.49896954538422733,0.38098782603999276,0.1852602436042656,0.7026892667690938,0.6552271380728492,0.7163564111187761,0.6274829012110861,0.4733297432746346
Lipt2,0.00688192214772704,-0.015305524660000003,0.0019208705999999999,0.00696104164,-0.0008975739000000007,0.588635742742905,0.3422360142131121,0.19552485186331545,0.6103625618337378,0.47624838951343507,0.6765584118440919,0.5930673786674427,0.640076801555444,0.7100186066926047,0.6637028005706712
Lmf1,0.041473955507134216,0.00030775519999999833,-0.0076927179999999986,0.0243378432,0.0086412048,0.17125044405809017,0.23855385470963175,0.4874473310376095,0.23011602614573415,0.5826691660884871,0.43593863040334996,0.5384832157280522,0.7163564111187761,0.5350197607888318,0.7037432785224583
Lmnb2,0.00847613472943668,-0.0166112997,-0.0040388662,-0.008357395319999999,-0.0230573842,0.4043176155894089,0.40628151437738946,0.33329135133575666,0.34616108983142463,0.12394693778914836,0.6088526224820454,0.6176354349226423,0.6918790858347537,0.6021131175995479,0.37425536410359733
Lncenc1,0.11190470910280984,0.022739208599999998,-0.017508563799999998,0.034895315999999996,0.0487898332,0.02484651620890128,0.19161494376466903,0.7023511552007977,0.4341298144757443,0.3156383040701157,0.11670333370847571,0.4781804052803458,0.780079507567765,0.6364968217877089,0.5925623441503928
Lockd,0.40008130983491874,0.094477667,0.0439022118,0.151185002,0.11503025200000001,8.746041315855625e-41,0.00047846473419743555,0.08728151421283431,1.0951466317196256e-05,0.0007077946496276994,2.386286261326208e-39,0.003224436252200109,0.42722004325229423,0.00012731079593740648,0.005012048407262135
Lox,-0.03540465933891602,0.0593713454,0.033305770400000004,0.06846346839999999,0.0591004336,0.249733209717074,0.050167418333797204,0.3798972182017836,0.01895281185829271,0.0009165528404729241,0.514076720169768,0.19069086805353433,0.703428322055141,0.092122552412259,0.006361150310744921
Lppos,0.0718309290130037,0.03973025100000001,0.029305343,0.042955255399999996,0.030896221199999997,0.13835849119840427,0.21531854227785618,0.307944012905099,0.3587071084141645,0.237529861714133,0.39229694150767064,0.5116497205362841,0.6770933242104197,0.6094962438949566,0.5244654012866745
Lrrc17,0.03178386816364416,0.011473302420000001,0.0182728608,0.07113972399999999,0.09906835480000001,0.8294026170714562,0.4760704437493499,0.2244702260903314,0.25622591489881996,0.009219880706342725,0.8378107536674015,0.633700638387732,0.6472792273959911,0.558210601986399,0.04927867274079732
Lrrc20,0.05261320774543364,0.03885342674,0.00901016068,0.02315992566,0.021596729919999995,0.34323352542404373,0.27098791466923444,0.4258919225291829,0.4352676980091051,0.27577972329383116,0.5754937114982464,0.5676098212666397,0.706956420259207,0.6364968217877089,0.559945253898929
Lrrc24,0.01926911755903456,0.012127561900000002,-0.0113456548,0.0198274732,-0.028983920399999995,0.7397595645917905,0.5981042989251097,0.2645746101009232,0.36578685841380026,0.25996193779831744,0.7687538377618379,0.6941210100335704,0.6608345374332028,0.6165750011647512,0.5458467086788538
Lrrc51,-0.036879296713337006,-0.0072996701999999995,0.0081420486,0.033206585,-0.021966957,0.2595311039824722,0.2830771508218508,0.5695291749171165,0.32971222346439466,0.5696154069242678,0.5220051180735291,0.5728466807988425,0.7288928431278693,0.6000435861305105,0.700194656373436
Lrrc75a,0.018086437323320343,-0.005445294580000001,-0.012819626099999998,0.0183326763,0.0009813306000000022,0.7869891936986475,0.460441903603677,0.27987434622693375,0.8055210801580768,0.2249409921780104,0.8048753117372531,0.6309591901052352,0.6736568469493242,0.8244328003085232,0.5222694376075004
Ltbp1,0.04179206599377404,0.0996057122,0.041809036200000003,0.0944938328,0.08194031,0.030693442027231316,0.015777039275711727,0.17747041241396808,0.038982829032309936,0.03918250643992431,0.13812048912254093,0.0738556033208653,0.6190499468248439,0.16994077031272614,0.16975029963880253
Ltbp4,0.07148486025292697,0.057449731999999996,0.022475849497999998,0.043386936,0.022673088400000003,0.03985526614426809,0.17845933043224285,0.5655438860266464,0.31669790335710124,0.5801790957204036,0.165948150142608,0.4532608787413878,0.727127853462831,0.5930115103129613,0.702958381859961
Lxn,0.14643041434518914,0.07299214899999999,0.0537491924,0.068996566,0.0702744922,0.00017802774244160614,0.06853277087524345,0.25599569989843945,0.13017699551456619,0.14134133890379696,0.0014438877948025615,0.24640003961588822,0.6539645592355555,0.39911408514905455,0.40075440603820484
Ly6a,-0.0096358042428979,0.0879080398,0.06153936394,0.0664972388,0.07486686399999999,0.12374785629695122,0.00024386172281014532,0.3366033618799277,0.05098750688636043,0.0028807467440513526,0.3665143514527536,0.0017810843105767157,0.6922828335076108,0.20858525544420178,0.017321731499791538
Ly6c1,0.057355033657666823,0.06294561986,0.021919425720000003,0.03230578056,0.053859385999999995,0.14799406001223644,0.0020072296317728998,0.016597992777767943,0.08596468550184974,0.144813984311401,0.4066116102231488,0.012281076036505242,0.13461744142433885,0.299801840687701,0.4081121376048573
Lysmd3,0.04903496171156145,0.05787588490000001,0.0467884128,0.0761508186,0.058989875000000004,0.05136218633925603,0.050695480139352746,0.46903394629854767,0.078623706556191,0.5549470441318192,0.19902847206461713,0.192174442376079,0.7112967913044496,0.2819539091153893,0.6949291979927179
Lyz2,-0.01980121888022356,0.04897140840000001,0.0041732192,0.070378726,0.0381740946,0.34197614372285406,0.007446519672428098,0.14658683364521854,0.19255175856253387,0.05680354168369581,0.5754937114982464,0.03919960355863093,0.5653021875431924,0.49691544691102507,0.22376048432019843
M1ap,0.04922381059530816,0.00910692582,0.022154946199999997,0.02866268842,0.00850679212,0.14756455787696085,0.25467643332181156,0.5300251647933645,0.5616678929044181,0.7077608541539239,0.4066116102231488,0.5538774253546664,0.7199768137930461,0.6833705998905432,0.7558611829604265
Mad1l1,0.2005686823744158,0.13577544999999996,0.0832142352,0.10386033399999998,0.10493157579999998,1.7191662334892682e-09,0.00012147479603374537,0.017410251772187472,0.005747439183252101,0.00512082729912165,2.1605737799257017e-08,0.0009628257981083795,0.14038902440578915,0.033130899424118516,0.029397341902365027
Mad2l1bp,0.03714606759905238,0.033351397240000004,0.014590102399999999,0.04263838432000001,0.058159980199999996,0.4476276595541365,0.16597238553243476,0.342155283271032,0.18344542699416183,0.09984959467755897,0.6223636694061372,0.437288712297345,0.6978982757055638,0.48651401265561933,0.32774161076516417
Maff,0.0079914170512899,0.11220157100000001,0.032902579,0.09541197120000001,0.0649236892,0.36476094671030035,1.7324088205955151e-06,0.03376231658001214,0.0005896513295075752,0.019764353372840594,0.589434599145212,1.9648051257973525e-05,0.2232153157778054,0.004329282129805617,0.09439288712836906
Magi2,0.3139539291229819,0.1208864626,0.101397194,0.153515212,0.14518222600000003,2.346218130630407e-22,1.5065174495256408e-07,0.03899448201966465,1.1380233068572816e-06,3.0828931831218747e-07,4.813197488572673e-21,2.235736002221563e-06,0.24284510007782226,1.7070349602859226e-05,4.943259759143696e-06
Maml2,0.14672386249935832,0.0627378912,0.0738689568,0.1167171068,0.07919308659999999,4.498388349328403e-06,0.0015334540974624707,0.009728785154079619,0.00032093614118903563,4.4081449733388876e-05,4.48232267665223e-05,0.009549859223036368,0.08644366426714056,0.002543783619083549,0.0004211891943703937
Maml3,0.2574598526738697,0.150378842,0.06569998760000001,0.17234334999999998,0.147303034,3.240896384732427e-14,9.44540264320759e-09,0.0017701788810098164,2.7745112765465535e-07,6.453661356566628e-07,5.137557337161063e-13,1.8421840504185367e-07,0.022449086718260854,4.500515384630747e-06,9.77698964120634e-06
Man2c1os,-0.04886569360651472,0.020297135279999996,0.0165644152,0.004782441600000002,0.0158830688,0.3427895973264339,0.23710234220289128,0.6147995740765497,0.3301019190858314,0.32033208618005804,0.5754937114982464,0.5369444275536256,0.7422029543137081,0.6000435861305105,0.595817680294908
Maoa,0.01102282852676566,0.01403776336,0.031231796999999995,0.008735151,0.016972390900000002,0.5584498207073418,0.3084063561809158,0.17250542287090614,0.2529022216829564,0.34348440642748823,0.6707691305062518,0.5853426760168402,0.6097774368935974,0.5560231399378148,0.6200216555855728
Map1a,0.22964521147898814,0.126346475,0.124278012,0.14125981999999998,0.140227174,4.7844324813030644e-12,0.00011148853422653908,0.0007173791176399117,1.9524361850930653e-05,0.00017719047121163777,6.880704444760593e-11,0.0008938304899196668,0.010211672133751803,0.00020377537072547623,0.0014455012125159925
Mapk10,0.035012999507580786,0.046747720000000006,0.034874340000000004,0.0522217194,0.047262674,0.41784853505024044,0.34766854995465796,0.16910807829016114,0.35514240774315525,0.23315616877019127,0.6111546497752889,0.5970244458012794,0.6069233175610376,0.6086285734664638,0.5244654012866745
Marcksl1,0.09553842919067126,-0.00422177096,-0.017658851780000002,-0.019184831200000002,0.004300435799999999,0.01167963574106397,0.7118317463058379,0.28401121243157273,0.5055883327917401,0.6018182485586847,0.06290769057445653,0.7524190843625264,0.67465320081477,0.6605794694294607,0.7131799260371527
Mars,0.03999922885272265,0.006450356060000001,0.0438728228,0.025379571400000002,-0.0016778713599999995,0.27206729223649784,0.8215745580030842,0.5051128340693893,0.2859729992232876,0.5871642545784639,0.5336031182405874,0.8390164776092991,0.7168416161982867,0.5758255716923576,0.7055074376717977
Mcm2,0.1305691535922243,0.001238460140000002,0.028022875200000002,0.01785769786,0.00928333492,0.00022509711659254647,0.16988187501567714,0.5555058560531096,0.2874698916703339,0.4472252383971915,0.0017841504411738767,0.44546093166704814,0.7238444745900018,0.5767317833684301,0.653649711171051
Mdga2,0.035296756628973136,0.025764505799999997,-0.0499414182,-0.004962149400000002,-0.01389226008,0.22492430671830171,0.09000285753292536,0.11105192847453757,0.2973659389899653,0.4372639708212999,0.5010443194094361,0.29611789211894074,0.48260884804355114,0.5824974602320041,0.6507701761857821
Mdm2,0.140081266009354,0.092917216,0.0609490546,0.0656342102,0.06045433874699999,0.00023410778151006898,0.005299022263450106,0.012314698778934504,0.003098829683377956,0.018239802797371522,0.001845086752579357,0.029217929081078644,0.10286829219529123,0.019472375713118238,0.08927903474502903
Mecom,0.1670678864720853,0.09033939319999999,0.060162770600000005,0.106628635,0.1026961832,4.1823227855268814e-08,0.018430419269524212,0.1622631136530419,0.0006890060088698163,0.00044590535840387236,5.029603694663793e-07,0.08402102902283097,0.5988281575290831,0.004879001940981694,0.0033442901880290426
Med24,0.004052459093118539,0.0488290176,0.025578836,0.02537029758,0.02233641846,0.40099562287456647,0.2483240143100703,0.7200012132171152,0.11710335224267797,0.26734951804627144,0.6073712203148971,0.5465139341441183,0.7857777921790868,0.3738196255801734,0.5508900704203082
Med7,0.0652394299458182,0.086739453,0.0655212252,0.0802531852,0.0657886214,0.22947603985235607,0.004509962597394605,0.07963448116034667,0.019815161410431752,0.06225521797576852,0.5049196775931178,0.025368539610344652,0.40432159049186744,0.0949902067613481,0.23926237741177914
Medag,0.10844055216313267,0.09134282499999999,0.03258327714,0.078063278,0.073361847,0.005301740880116205,0.015174278777138587,0.2580110224877437,0.043454903096795575,0.095538424181977,0.030988048943484912,0.07175633523426553,0.6544097752189136,0.1809539994627756,0.320375244552543
Mei4,0.015745670496392562,0.015194997999999998,0.014218605,0.031199527400000003,-0.010401239000000001,0.41419916400920614,0.3545522182615483,0.170018445343744,0.3662892982492786,0.5729402167619628,0.6098421844095113,0.5989089788810205,0.6069233175610376,0.6165750011647512,0.700194656373436
Mettl15,0.16190820862800875,0.10888927099999998,0.056197755700000004,0.0962058112,0.09659972600000001,0.00010647109684046069,0.007191833654530404,0.1541384203394539,0.05915817208029527,0.002317889788944381,0.0009001647278329858,0.038292396748358444,0.5811435037122654,0.23201296230118942,0.014119896312565114
Mettl7a1,0.0410678664831574,0.0024732845999999994,-0.021468336999999997,0.013823965999999998,-0.004632579999999999,0.3660063786724445,0.364429167773337,0.7504347019101987,0.17608262862875046,0.5975104248143344,0.589434599145212,0.6019386228406475,0.800961292398414,0.47459548962977494,0.7101991088246024
Mfap3l,0.07183666444214964,0.0434865722,0.0260482049,0.06338947040000001,0.0588971142,0.04515734840213636,0.22150636480243377,0.4655457062291922,0.07534506674537088,0.05966730627248436,0.182065031852544,0.5202043415814733,0.7112967913044496,0.27442915955559366,0.23185485306438908
Mfn2,0.014435310475636922,0.0380800702,0.0667692516,0.05477489940000001,0.041969341400000006,0.34227518527799644,0.41434117593069963,0.2534336535086121,0.06155872007101979,0.2804634583237492,0.5754937114982464,0.6211041440958266,0.6522877244363724,0.23920449721190143,0.560924111104204
Mfsd11,0.059562574807552116,0.017315830600000002,0.0060075552,0.006557218279999999,0.0213656394,0.09751794166566126,0.10563934454230582,0.5020248997422769,0.5567256344027942,0.34952118337392707,0.3141744310013798,0.32907211420558186,0.7166445082821976,0.681666234309372,0.623409683248167
Mfsd13b,-0.004609769764964482,-0.01034313188,-0.002497878899999999,0.025114443800000004,0.013258854,0.5286974033475567,0.3825490885208462,0.2371086478024426,0.6269940877200944,0.6256036316874152,0.6615354153794092,0.6105903644011218,0.6472792273959911,0.7176803160249209,0.7230464508731932
Mfsd6,0.0164738818807049,-0.0010559403739999994,0.0056236972,0.020818388799999997,-0.005671099740000001,0.7160634089186096,0.07728993105632175,0.1877653834126795,0.5111963227196421,0.23990603783440137,0.755206229513398,0.2682075965760419,0.6374019834933425,0.6646028613177081,0.5268428930999401
Mgst3,-0.03506252478984114,0.036789251999999995,0.03181202152,0.041387771,0.042550498400000004,0.33007552504230453,0.12389579684646534,0.08940736185685287,0.22819892142770512,0.05372867948146534,0.5712845625732195,0.3685173488290387,0.4335888195714775,0.5329055482259444,0.2135370594776187
Mid1,0.07041816401825346,0.11669693919999999,0.0953211442,0.13091919719999998,0.0973604584,0.03776114849181846,0.0012963215936883882,0.04033109119915107,5.309907822037484e-05,0.0017043720197155686,0.16076836457793775,0.008182663453372404,0.24784965736923237,0.0004905510868703503,0.010709905259023505
Mid1ip1,0.0212659029362043,0.0040965244,0.007679020108000001,-0.0034841224000000002,-0.01731542066,0.3308502883692332,0.8160756949874405,0.7071099263446812,0.27222600512817835,0.7919505883812522,0.5719159259914254,0.8355695245077093,0.7816310200085819,0.571754736726064,0.8111701552584035
Midn,0.06261197660571646,0.06155641599999999,0.028674998400000005,0.06942136639999999,0.05708558708,0.15454249953161883,0.006732887551839371,0.15904510570409996,0.026461825743842742,0.10638540024387175,0.4145899747050159,0.036124531287753545,0.5932297391904263,0.12142844379164679,0.3426127291902651
Mier2,0.03876096356486204,0.031655163991999996,-0.002183288800000001,-0.0032357468800000002,0.009621723799999999,0.2674750081746179,0.43036265721351874,0.6930451092512611,0.45833121249844466,0.4040598927098232,0.530910341671964,0.6250598230333035,0.777372738592972,0.6502658276721072,0.6398114708791759
Mipep,0.00405029252627846,0.002107351679999999,0.0018456865999999996,0.0130797382,0.008501362030000001,0.41064506932994316,0.4269322135257141,0.4356750974551773,0.38335222023328086,0.28009981741744566,0.6098421844095113,0.6250598230333035,0.7107625505668242,0.6280692635075651,0.560924111104204
Mir6236,0.01733661227481886,0.0439464906,0.04861178780000001,0.06425643987999999,0.0784905206,0.28094457766106645,0.15606985453567884,0.03996465708367641,0.002408404085868665,3.758961497695836e-05,0.5372262899442154,0.42452975693609757,0.24668449837048048,0.015411576604526548,0.00036414939508928407
Mis18bp1,0.5561778851033254,0.263072078,0.14311577679999998,0.266175076,0.245203094,1.6784356639221448e-80,1.9719135819960874e-15,9.598032603871152e-08,1.0201032391198711e-18,1.1627776430408162e-15,1.3773045595125835e-78,9.485584299601869e-14,6.6946277412001284e-06,1.4230440185722202e-16,1.158624865744242e-13
Mki67,0.6019994061105474,0.18561579700000003,0.0431729084,0.1013279792,0.10775604080000001,1.4020465220282073e-93,1.3059180807619604e-09,0.26730487072103365,0.0003593148615210085,9.626971079790058e-06,1.629879081857791e-91,2.8464933166608355e-08,0.663505862376943,0.0028318883153774397,0.00010574507603391442
Mkrn1,0.02900848269100816,-0.020255006599999993,-0.0183720318,0.009142660799999999,-0.004086940059999998,0.6229626703814521,0.26957895018876826,0.357549157292441,0.4872731781423666,0.4004994073054935,0.6957829665189158,0.5656552350386749,0.7019716352085735,0.6588375096487119,0.6398114708791759
Mlh1,0.0267213144703985,0.023487905400000002,0.0361695602,0.0177299729184,0.021091166,0.1404544924716986,0.6765862596317422,0.1977584956777035,0.6033636948448968,0.23733703371397313,0.3949790718018922,0.7333627289714688,0.640076801555444,0.706260780671198,0.5244654012866745
Mllt1,0.006507862182271682,0.0231270958,0.025364094799999997,0.041561209200000004,0.018614051599999997,0.5734640770390473,0.6138286700565931,0.45841271126846816,0.25385307500392845,0.44770815017512045,0.6744867428634483,0.6984428994526488,0.7109744123266357,0.5560231399378148,0.653649711171051
Mlph,0.05881328229616316,0.0025614275000000013,0.013280852164,0.00430819522,0.03795886816,0.19954304666752498,0.49897853154704286,0.5212574535347818,0.665649870836857,0.6629599340734702,0.4782861685587584,0.6398384749125662,0.7199768137930461,0.7397677947616387,0.7387078469482468
Mmachc,0.020119622447830797,0.02137332002,0.016589686846,0.0401018044,0.047176272400000004,0.5516425068650856,0.6669911737218227,0.7751267117859831,0.3009782471118884,0.490779105111642,0.6707691305062518,0.7274845092587512,0.8185478901903456,0.5824974602320041,0.6748487703247551
Mnat1,0.039697957688658816,0.025154076999999997,0.051530292600000006,0.0442127194,0.0363755146,0.538046692470943,0.00744218617882725,0.08982592749545304,0.1573628413532468,0.07254087083203949,0.6624670220626351,0.03919960355863093,0.4335888195714775,0.44699560227161034,0.26630135476498706
Mogs,-0.00706276045109594,0.030278642999999994,0.03363427972000001,0.0477491088,0.00736141676,0.40938117421629805,0.290890433211725,0.19452546381849814,0.3231237390832191,0.3082421884291783,0.6098421844095113,0.5801483090244609,0.640076801555444,0.5962402328321305,0.5879205639779265
Mrpl48,0.004880043827824121,0.04033023182,0.0177087615,0.0221778174,0.0388469949,0.6799096755332936,0.08598968875623192,0.12943461029176634,0.4337791577402091,0.3411751527269853,0.7312829586499188,0.2868289667443997,0.524644877118294,0.6364968217877089,0.6194340730689406
Mrpl55,0.08450112980450077,0.0601620692,0.003602652599999999,0.05721608468,0.052231039800000004,0.0036226828667197063,0.019352690691681267,0.0992341079549907,0.0009451431628342967,0.07454161022042653,0.02233910294857223,0.08761854753907541,0.4533985308140484,0.0065595756823574325,0.27143912197671877
Mrps34,0.038756965515564776,0.0518015458,0.049901798,0.0400649698,0.060247779999999994,0.24662582933398544,0.030040287435254803,0.05753513356199942,0.09888721891809374,0.071474175124185,0.513594971786335,0.12737447104006216,0.3251443804760049,0.3324040250379296,0.2637737415297303
Msh5,0.10177795385654646,0.054094922299999994,0.06175664200000001,0.0483385098,0.02497512486,0.0036511222023472897,0.15960847350042745,0.03465877945773745,0.26464711640102373,0.21146551263139587,0.02233910294857223,0.427723866185073,0.2273009914420643,0.5633935181823675,0.5034033961105755
Msmo1,0.15687126991995942,0.035054292,0.061768630000000005,0.0331857696,0.015145206599999997,6.247150732026726e-07,0.1415589849336536,0.34830075529194104,0.3103530432318385,0.12841090400605953,6.862027772580538e-06,0.39813464512590074,0.7019716352085735,0.5906446047863775,0.38138932852994484
Mt1,0.09606283986309835,0.003829896100000002,0.00014383277999999904,-0.0026178694000000002,0.007790334900000001,0.001059020755568076,0.06773326488688051,0.17218569619210847,0.3831715940037931,0.1212641002954382,0.007537418132742172,0.2441547920341042,0.6097774368935974,0.6280692635075651,0.36907810037745614
Mt2,0.11933073319564799,0.036374070599999996,0.06197996100000001,0.028783256399999995,-0.0011585372000000006,0.00047401021284793353,0.25696247022859964,0.22838235390653705,0.49133692487928793,0.14666011499507295,0.003536065491566135,0.556619015479653,0.6472792273959911,0.6588375096487119,0.41165163061997334
Mtfmt,0.03586183935421468,-0.0210005192,-0.02376680486,-0.025892823146,-0.0082013176,0.40009895625370273,0.36619203107576914,0.1701125571085059,0.3667741411172523,0.5112217838136419,0.6073712203148971,0.6019386228406475,0.6069233175610376,0.6165750011647512,0.6817919583365492
Mtss1l,0.012287523730495799,0.03907498544,0.015049558499999999,0.011881898799999999,0.028282715599999998,0.44815391909144753,0.2600555500868522,0.6542732740188453,0.22146606039433145,0.2401950394348114,0.6223636694061372,0.5581305542619134,0.75932713582054,0.5245248798813114,0.5268428930999401
Mtus2,-0.00045251401170186,0.0664495548,0.037234084199999996,0.037953229399999996,0.00907932528,0.24985234141584425,0.16168750857635505,0.5401597026643803,0.7901161917944626,0.5904279246145674,0.514076720169768,0.4296268085028863,0.7203850719089967,0.8134406550208674,0.7063867537198297
Mtx1,0.04465646580328696,0.04045115226,0.041266214,0.06285708520000001,0.058705525599999996,0.2066768049429931,0.03288543208930126,0.3428614446965414,0.1558950062327322,0.2904973584271311,0.48800328439602825,0.13492699342522135,0.6982360808053653,0.4440920276791963,0.5702155553142718
Mustn1,0.03328067516292516,0.128573255,0.0686615638,0.1419487012,0.15148013479999997,0.07955303780815415,3.600763015452672e-10,9.488360911453589e-05,6.734348326197873e-11,1.9969527057202958e-10,0.2760609147820275,8.37177401092746e-09,0.0018908947816396794,2.145854970065551e-09,6.3312477829086645e-09
Mvp,0.05854135738807812,0.0266300955,0.01952822328,0.0269396908,0.050523956599999996,0.5323937262367826,0.30783964526846297,0.36958501189399684,0.6655284025579411,0.16495612586795405,0.6618435958683752,0.5853426760168402,0.7019716352085735,0.7397677947616387,0.44337918224623485
Mxd4,0.25707827290461427,0.098867913,0.051032134500000007,0.1019922248,0.10320194200000002,2.0732506463827637e-15,0.035226125295773125,0.3913087251878297,0.003204165740724735,0.020314947194915847,3.3630054089580874e-14,0.14285013019652182,0.7041611757761018,0.019954514322816988,0.09574105181387706
Myc,0.10808247761904796,0.046974420059999994,0.035111815799999994,0.05403931519999999,0.05230971940000001,0.012112605608015137,0.003957386691248609,0.18762763425859344,0.01413028527781392,0.006026583293785275,0.06449269016481342,0.022610673307247895,0.6374019834933425,0.07273707735258457,0.033763388332652446
Myh3,0.008069932182541258,0.008199163199999998,0.0152840218,-0.0081907858,0.018821147,0.6281540808920543,0.45556036547137324,0.45465482817281433,0.6961128046564926,0.5425716822871691,0.6993415345925106,0.6292145641906591,0.7109744123266357,0.752197083818716,0.6919762775735281
Myl12a,0.023503444244622824,0.154523344,0.0834885864,0.140273692,0.150426872,0.0872221546807321,3.2223985182925626e-14,8.726240576594323e-05,3.6213993232773537e-07,1.2441998126433496e-07,0.2960459994637988,1.3221311567700367e-12,0.0017901625888748648,5.622348859014779e-06,2.1970363780221172e-06
Myl9,-0.01394764469292652,0.133294005,0.06542312580000001,0.103114652,0.10817766200000001,0.4116109564756307,3.462007474683809e-06,0.011322550954166366,0.00024160994864556837,0.00012300054726796175,0.6098421844095113,3.631203328709709e-05,0.0974997443275437,0.0019826228138856935,0.0010591713792518927
Mylk4,0.018745587738650822,0.019893201899999997,-0.03920844020000001,0.005600128600000001,0.0190839218,0.25295698137341205,0.549149441932977,0.27833138287555237,0.41519138171901887,0.6360897768853291,0.5166855718082677,0.6644089084965332,0.6736568469493242,0.6334422819355006,0.7260179292730569
Myo3a,0.06443651581313675,0.0829098648,0.0804697536,0.0843001778,0.06361752600000001,0.04176817589038134,7.680785525455694e-07,3.375631110571583e-05,2.685530166156624e-06,6.932452217275641e-06,0.17238640641148512,9.482031688505039e-06,0.0009055779613937226,3.6728574331259707e-05,7.926861346802885e-05
Mypop,0.01790558500203312,0.024788061199999996,0.00926550292,0.018351498900000002,-0.003124344919999999,0.35752012278701273,0.317994634136672,0.19732111968283003,0.35004368449015416,0.34373994601456603,0.5869324226809005,0.5886792086053216,0.640076801555444,0.6065974408245528,0.6200216555855728
Naaladl2,0.07405259919601821,0.09913199720000002,0.0483333592,0.08362340039999999,0.116256043,0.09736311793996641,2.56668621667074e-05,0.08381232578374544,2.3606438950850688e-05,8.548623680591026e-08,0.3141744310013798,0.00022952097899074886,0.41607898387304226,0.00023863030678577326,1.5487441603148678e-06
Nabp1,0.00010520337264251917,0.002408059,-0.005752157200000001,-0.023113369739999997,-0.002494257200000001,0.41758895167986826,0.16872788258426785,0.27310462074367753,0.035251565286378704,0.04331170365550337,0.6111546497752889,0.44326816611121217,0.6695622951448685,0.15562004295727308,0.1798209124982952
Nagpa,0.0009417228114748377,0.046687605339999994,0.0319965714,0.0162466016,0.017960056664,0.0972931977796797,0.16318011140748565,0.38508649317090704,0.26096932058681344,0.18624748432399632,0.3141744310013798,0.43276854641338874,0.704057218838028,0.5626451241497713,0.4748506201632734
Nat9,-0.0004403595509591015,-0.011270902519999999,0.01633814858,-0.0094645916,0.00486166526,0.7060506089863947,0.5657268067941068,0.35266521268151213,0.6032508925843538,0.10712521577444807,0.747866818174655,0.6757561102077955,0.7019716352085735,0.706260780671198,0.3426127291902651
Natd1,0.01486893234385008,0.0054047352,0.02172986224,0.015775448239999997,-0.0018570226999999992,0.7028395026248486,0.60588415807757,0.8767515796756047,0.5003666156892363,0.5489764787749192,0.7455977993624819,0.6962177928486081,0.8849988810763159,0.6588375096487119,0.6924560490754382
Naxe,0.015618284581146617,0.08493542940000001,0.0606534574,0.042808711,0.08548760019999999,0.3620513542081873,0.018976441145569664,0.27550646227744113,0.15893176969657258,0.040287343255389366,0.5894148414008341,0.08622845406537355,0.6719082427920111,0.44699560227161034,0.1725300528925365
Ndst2,0.0076242264317604195,0.032149234799999996,0.02240692704,0.04155745606,0.03184192272,0.27228513012385197,0.4364625025940879,0.3590784780407175,0.5155239584936988,0.6003662008967161,0.5336031182405874,0.6250598230333035,0.7019716352085735,0.6683605223965705,0.7124429920935369
Ndst3,0.026704437414171268,0.027006121059999992,-0.015699242,0.010600959120000001,0.03216553,0.740648858746889,0.2449407781316851,0.5593546656679678,0.3979217041806742,0.370555725998759,0.7687538377618379,0.5450430808205982,0.7245123106841365,0.6334422819355006,0.6268133736386102
Ndufa9,0.042825750509669816,0.081839991,0.019246230223999995,0.0302069144,0.10507325920000002,0.17431589232268757,0.004229978924820147,0.3697984001510566,0.012534679699789204,0.0006446117656982774,0.44068041756862386,0.023987075610260592,0.7019716352085735,0.06549018045395483,0.0046352237791190565
Ndufc2,0.06580735156793391,0.0974976424,0.0778575548,0.11704975399999999,0.11968896599999998,0.024270796483149053,1.7095995658004676e-06,0.0013078207865438011,0.00013581081489569488,5.942225437302788e-07,0.11438432802024638,1.954829011714469e-05,0.018244099972286026,0.001199089156832243,9.109235697843286e-06
Neat1,0.04680561886702622,0.1002071314,0.07984896659999999,0.103544229,0.100994158,0.03145857995125758,9.74761940836491e-07,0.009179059416747293,2.8453242122042664e-05,7.888333162298147e-07,0.1406561507436036,1.1722352650576767e-05,0.08574437187435642,0.0002815054805691455,1.1583394485690435e-05
Neb,-0.00569669568007492,0.008543340799999998,0.010233022500000003,0.0375394982,0.041712357,0.740377960633402,0.6226281239691589,0.19241737402779124,0.6483877399838411,0.1333087427522815,0.7687538377618379,0.7015882333901265,0.640076801555444,0.7288484264927142,0.3882373614601935
Negr1,0.2327250212020945,0.137103224,0.139317042,0.13774511399999997,0.14902806799999999,3.0587620588017836e-19,1.0850280643891692e-07,5.3051534754599486e-05,1.9668733417524028e-06,1.3709548573994657e-06,5.401231736744922e-18,1.6817934998032123e-06,0.0012543540844519709,2.8286477440666002e-05,1.78736637950678e-05
Nemp2,0.017810555648151642,-0.0171189916,-0.0025500106000000008,0.013930864799999998,0.01192524086,0.39583294253132234,0.699735920475808,0.46625548409231654,0.4052745676353267,0.20511027485741884,0.6028241864969374,0.7462118640989194,0.7112967913044496,0.6334422819355006,0.493325574872585
Nfkb2,0.04416626029692486,0.01569019308,0.023028540360000002,0.022053668559999996,0.030245244600000006,0.405465294828545,0.28922907319597185,0.4326859280317626,0.3603919532801961,0.3240035411831634,0.6088526224820454,0.5797048234315816,0.709279517748894,0.6101295810993611,0.6010438031256821
Ngef,0.09628945144637993,0.062431532,0.050451560799999996,0.081744554,0.0799152666,0.024187002633796632,0.05689441420256431,0.1234644892914129,0.014393836163158645,0.02577330814970108,0.11437582601405526,0.21164722083353923,0.5114895009351977,0.07382132885149378,0.11905220155242717
Nkain2,-0.026444200665837702,0.023831491899999998,-0.0005826869999999995,0.02363310036,0.010340840619999998,0.6448411895306816,0.5917511025214901,0.5104671555194289,0.736747327506567,0.27776495748964797,0.7091551950280491,0.6902113612186277,0.7184053542286957,0.7774300468015589,0.559945253898929
Nlgn1,0.0463435037777268,0.0095655246,-0.0018018281999999997,0.012861724399999996,0.01464020872,0.48283814136779935,0.6519198939885682,0.5297818984375873,0.8154230559677674,0.3720337738016396,0.6396573667693068,0.7167961889686204,0.7199768137930461,0.8322197259693331,0.6268133736386102
Nlrp12,0.023785960393214862,0.00022235839999999938,0.013589605199999999,0.03128241338,0.00211298928,0.6514637677755786,0.1982663872938196,0.4214863956612769,0.4076637962324498,0.19520233908217763,0.7133374851231806,0.4871434924735148,0.706956420259207,0.6334422819355006,0.48112583280398047
Nmnat1,0.027650621030290756,0.044619599200000006,0.00775558034,0.01131267668,0.027991011228,0.34043110141150895,0.36532062256964365,0.7005844299561644,0.6847781016707567,0.6231652526736606,0.5754937114982464,0.6019386228406475,0.7787372747321508,0.7492278053574162,0.7230464508731932
Nnmt,0.0466586299501609,0.064410045,0.05750202759999999,0.058421552,0.08465039399999999,0.4673459913373613,0.031575993913058265,0.0353854802142637,0.019139326793090716,0.019893554706624017,0.6302863431173625,0.13109676044260796,0.22980867184670933,0.09221788401129212,0.09439288712836906
Nop9,0.014359035213959478,0.02373522288,0.0401675176,0.05644520580000001,0.065109912,0.6647090921307592,0.5529726300158382,0.5585922344901413,0.14186353836127716,0.44084431290004594,0.7207499649689404,0.6668461581310685,0.7241971813324787,0.42016907858594826,0.6507701761857821
Npas3,0.1823312586856582,0.09976328400000001,0.075583181,0.06305422819999999,0.1037498032,4.4349393688677436e-08,0.004837415705114758,0.037875499812575625,0.018854194857737344,0.0021112392892828975,5.287812324419233e-07,0.02699277963454035,0.24016510108428638,0.092122552412259,0.012974355984800186
Nphs1,0.02194442259849044,0.027350105999999996,0.0062871882,0.02075021852,0.0160005847,0.6438581750903594,0.30763101508373036,0.4236280378567972,0.6884538414398609,0.200104559815549,0.7089046205612086,0.5853426760168402,0.706956420259207,0.7503071162567234,0.4855663363556669
Nppb,0.09325920931998984,0.026485599000000005,0.034638562,0.046926941119999996,-0.02069521908,0.006885647167544923,0.08287515777725485,0.32421818267631575,0.14452561661238092,0.23571993070874184,0.039046657718394995,0.2806088473283265,0.6918790858347537,0.4244618398186738,0.5244654012866745
Nr1d1,0.056592555623009175,0.0548624474,0.055960160599999996,0.06532548219999999,0.045034922799999995,0.10598843877975124,0.27540339159175986,0.19104681583716718,0.07980653741897688,0.14990722873289694,0.3358722243617611,0.5719388728836837,0.640076801555444,0.28546184538326347,0.4174063554538747
Nr2c1,0.0353604736270268,0.025511568939999996,0.0357189866,0.03493610152,0.033297736519999996,0.10082070066147984,0.159084125660745,0.49928594266688797,0.21072121429954135,0.4269342772386759,0.32313143920901727,0.427723866185073,0.7163564111187761,0.5180695492882444,0.6489614096018808
Nr2f6,0.08301291230768879,0.03593800234,0.0395161394,0.0669810486,0.037054735,0.1746926673229025,0.26007922760409374,0.3999883991311296,0.1484998876660605,0.43102554328933285,0.44068041756862386,0.5581305542619134,0.7041611757761018,0.4324787960211992,0.6489614096018808
Nr3c2,0.12110897539728523,0.048410046,0.032636171400000004,0.0634569034,0.0714959084,0.0006409628451360982,0.058599631095793796,0.12333773473074615,0.12532013631852035,0.053393727671675405,0.004681377847983544,0.21626054332971517,0.5114895009351977,0.3919766595612912,0.2135370594776187
Nr6a1os,0.012587026686304962,0.008827991099999998,-0.00293947626,0.022037489400000002,0.0140622403,0.12582029474258297,0.8535843204948217,0.5384939111706666,0.40491205571716216,0.628561335854642,0.3713601124758118,0.8641147511540466,0.7203850719089967,0.6334422819355006,0.72459461685097
Nrg1,0.12710761825170455,0.147680548,0.0964880036,0.10794594760000001,0.127063533,8.354627067101711e-05,4.186442677228693e-06,0.002597113904913049,3.8963551428804114e-05,6.14526180092301e-05,0.000733000299283452,4.3582742796522584e-05,0.03150412084655394,0.00037222905917858664,0.0005603032818488627
Nrg3,0.005663375183501381,0.009215859600000001,0.010967418939999998,0.0028633252,0.0144815278,0.5621466159508735,0.37340572013048146,0.5859789195971425,0.25179744531851256,0.7015325568485398,0.6707691305062518,0.607110698813545,0.7394356604770032,0.5560231399378148,0.7535970633907982
Nsfl1c,-0.002497226488869221,-0.003574930459999999,0.02032656,0.0157620418,0.0221214614,0.44620871790732375,0.4893654797536914,0.5689815434097192,0.3886566939075067,0.0697815174319351,0.6223636694061372,0.6398384749125662,0.7288928431278693,0.6304373116290369,0.25889685323816347
Nsun3,0.04730727674161036,0.020146570199999998,0.043288479000000005,0.0350338968,0.0182847148,0.4619191818121835,0.4856159485474201,0.3793019937356992,0.4189279880964629,0.23867235204370965,0.6272911161742803,0.6398384749125662,0.703428322055141,0.6334422819355006,0.5259840933664691
Nsun4,0.0436819371085856,0.0178915824,0.00260568746,0.0480377704,0.0396399078,0.2733502343394825,0.4471143355937003,0.479837702244865,0.21617491908610798,0.3828312687349303,0.5340666343187368,0.6278417943172282,0.7112967913044496,0.5219174359036773,0.627555370017894
Nsun7,0.02590095747461596,-0.016437968400000003,0.0058471944,0.012656794999999998,0.003955354739999998,0.7300371646051256,0.4354692331783077,0.39525693011034957,0.6958043401084126,0.4492163280322319,0.7622768298084956,0.6250598230333035,0.7041611757761018,0.752197083818716,0.6548137697021562
Nt5c2,0.03774502136851347,0.07228505560000001,0.01770963708,0.045434056900000006,0.0455622462,0.3119540683052424,0.23115279227590954,0.10617165747638113,0.22864922216624078,0.18863857381710014,0.5541313823849575,0.5312325292008135,0.47319316990272103,0.5329055482259444,0.4763620268031032
Nthl1,0.0255890618237997,0.0013172543400000005,0.006122748339999999,-0.0047130088,-0.0064668695799999995,0.5103374393728639,0.7589835385218737,0.43093491040031134,0.6419861715505837,0.6248049085823795,0.6500699910503414,0.7889582982399508,0.709279517748894,0.7251584690794042,0.7230464508731932
Nudt16l1,0.00606408718851124,0.03313981472,0.01775639254,0.015306968,0.022921206280000002,0.5031247046151912,0.1777594698847134,0.45422052082081954,0.5356446361017104,0.3414658080215164,0.6470621425865901,0.4532608787413878,0.7109744123266357,0.6749993381769521,0.6194340730689406
Nudt2,0.0167180766043231,-0.0241068316,-0.01922872012,0.055968543800000006,-0.007196904399999998,0.45071626630958084,0.43566895860457994,0.36423814121832293,0.193066790126004,0.10368150040062647,0.6223636694061372,0.6250598230333035,0.7019716352085735,0.49691544691102507,0.33674697278375554
Nup133,0.07637663569542298,0.06781190740000001,0.040594075,0.0632358914,0.037542934640000004,0.001120183146919633,0.2575487021991126,0.3168093187040391,0.05848538985249553,0.0765234994534627,0.007892199444206506,0.5570239373143598,0.6873234830359791,0.23112498256156164,0.27495062319523084
Nupr1,0.057389239347564125,0.007348399800000002,0.0425521605,0.0190515766,0.0526153898,0.20326764168022435,0.18548836461912915,0.3640509216962772,0.307816897762809,0.0899131793640114,0.4830636459010442,0.46538897238072874,0.7019716352085735,0.5894257099527029,0.3064096120171096
Nusap1,0.6660969008962915,0.320966556,0.16959104,0.331488904,0.304628108,1.850263814676982e-130,2.5992693342995696e-27,7.523677421733318e-08,4.930253435505941e-27,2.8103135381805307e-22,5.16223604294878e-128,7.2519614426957995e-25,5.830850001843322e-06,1.719425885632697e-24,9.800968464404601e-20
Nwd1,-0.01109821310374742,0.0124333968,0.03357782494,0.01763115066,0.0014163609999999992,0.5416242435106569,0.7999428476967315,0.362974072590202,0.44239138622274465,0.6599230791513948,0.6651107567758506,0.8211333867085654,0.7019716352085735,0.6396308687989083,0.7380740823064119
Nxt1,0.191939986521631,0.15327185399999999,0.134474296,0.165690906,0.163323886,1.8783556710552671e-10,1.510652025794298e-09,1.5641737393834268e-05,1.373513178643505e-08,2.210331329610457e-07,2.568927608943233e-09,3.242091655358532e-08,0.0004743526883564957,2.903107400314681e-07,3.7149544636223944e-06
Olfr1033,0.062126660758992425,0.023595015340000004,-0.0047412072,0.041944596,0.0513401047,0.12614362088310666,0.27991784514113766,0.212012861317465,0.12685702817406597,0.04202130359998511,0.3713601124758118,0.5728466807988425,0.6452671800536759,0.39413263764548334,0.1770988474984267
Olfr889,0.031104469814237402,0.012425987599999999,-0.0203154428,-0.016057686716,0.023514342039999997,0.4202816436854545,0.633555343850539,0.7550254944990862,0.28205542014162094,0.7125425581294449,0.613032661371833,0.7059182944660558,0.8040731727589118,0.5752446068677796,0.7576195644745242
Opcml,0.20603824314361024,0.1141310852,0.0617195013,0.16450019400000002,0.135050838,2.5480597237989886e-11,0.000656650241178189,0.050658296976142055,1.8142598760380043e-05,0.0002546845750886839,3.6270850149995806e-10,0.004290159141094885,0.29600608696613573,0.00019319790283000123,0.00199796248661681
Orc1,0.052413189696838614,0.05582513954,0.06076910840000001,0.030864994319999995,0.05989810760000001,0.11371970792466082,0.014030100999177293,0.21068999774876437,0.15394248477763112,0.04844772580419654,0.346373346189742,0.06725770066615919,0.6452671800536759,0.4427830232263823,0.19837267464715552
Ostm1,0.04308736452798068,-0.005182576099999998,-0.0018058018000000023,0.0058389851,-0.01517435294,0.2699451612418893,0.5018936827382605,0.23598188898494946,0.7844888256840001,0.6445576431417064,0.5333902265331948,0.6398384749125662,0.6472792273959911,0.8088410286985811,0.7313701865457837
P3h1,0.06382191114482891,0.0019202695999999992,-0.01341463044,-0.0029463160000000005,0.0113314239,0.18236980472053324,0.602401845352724,0.6783013905942703,0.2152447927787215,0.3186270467037012,0.45253597944589713,0.6945046068322728,0.772305716677567,0.5215932922433577,0.5942309226626513
Palld,0.034105645961986474,0.133234252,0.09361704100000001,0.10415485260000001,0.10021662800000002,0.034769587924838065,7.022484414413499e-16,6.338302259595476e-08,3.8910960867069506e-13,5.374013330017956e-13,0.1530081235178205,3.498702056466725e-14,5.20113626596217e-06,2.1712316163824785e-11,3.25945591103263e-11
Paqr5,0.051462001299740615,0.025710869999999997,-0.011016987,0.0258649896,0.0533202628,0.391997318979116,0.3325540175915312,0.3829844421899518,0.21780357127008107,0.17068734627156273,0.6027784459178656,0.5907267209325682,0.703428322055141,0.5219792853062656,0.4484159096964784
Pard3b,0.11658496346062083,0.05225345466,0.07742075439999999,0.0916956734,0.060220537399999996,0.002090566315874871,0.3037787588339945,0.2068802323163925,0.010554369367748713,0.07860850029949708,0.01382151663813007,0.5835092040311974,0.6452671800536759,0.05684689292667743,0.2804574371299192
Parp6,0.03117092798881068,0.049733902600000005,0.0365606812,0.048915921900000006,0.017997284800000003,0.650719729331777,0.22890622394180765,0.392070998454392,0.20662228639277794,0.3277048482027917,0.7130824999354509,0.5296127765425586,0.7041611757761018,0.5128791628432833,0.6038946674278659
Parpbp,0.3694758007626989,0.149571162,0.0631661394,0.134483606,0.0760166016,5.827236241363278e-35,0.00029042063278274114,0.012681292279028112,0.00036864089590772756,0.035937662717821284,1.4779990103094134e-33,0.002099154314673181,0.10530001624550128,0.002872927652465251,0.15715686360928116
Parvaos,0.07926461664122936,0.036859866799999995,0.027780262,0.0456992568,0.046488768599999994,0.031365578700125504,0.14147596563459122,0.5443602719200096,0.054379256886246195,0.18395079677067372,0.1406561507436036,0.39813464512590074,0.7218465582969709,0.21924584785061688,0.47158452973823806
Patl2,0.002756507722988101,0.038397263919999994,0.027029447800000002,0.0372114936,0.03664933412,0.7865816392086857,0.31366585085926385,0.6338075666238177,0.44651028572156515,0.18883741994416922,0.8048753117372531,0.5886792086053216,0.7485095364726783,0.6424553422374577,0.4763620268031032
Paxx,0.014467447501593803,-0.0005829467999999991,-0.00721212662,0.024524699480000002,0.005972783,0.5549515038218091,0.5068934032344881,0.47864526386164963,0.5847258769632473,0.291156206484886,0.6707691305062518,0.6419061985491822,0.7112967913044496,0.6962458075948613,0.570453522537101
Pcdh10,0.09053717265680485,0.0344596561,0.0064135572,0.07733819100000001,0.0462776654,0.015560495864335257,0.42893108009513453,0.6031845029318321,0.23305447602321477,0.17683531082557183,0.07893415174817339,0.6250598230333035,0.7422029543137081,0.5391558773671387,0.45937664544073126
Pcdh7,0.18688937104001874,0.14766027200000004,0.092205346,0.141006472,0.147591626,5.828246146336325e-08,3.761141059290667e-10,6.589981509378823e-05,2.6683787556983354e-09,9.001540469179145e-09,6.832271742974095e-07,8.462567383404001e-09,0.0014364100321224153,6.309132820676572e-08,2.0578957701415124e-07
Pcdh9,0.10082829296406796,0.08163791420000001,0.1095040992,0.10776249999999998,0.0992297492,0.00025424135684955684,0.14141990654964598,0.011938978019250548,0.0005543577879914977,0.004337943284033415,0.0019925095101411897,0.39813464512590074,0.1021771431708866,0.00409168843517534,0.025533463633867572
Pced1b,0.01950401448334916,0.0045088354,0.0008542801999999961,0.0012576746000000007,-0.0016829804999999999,0.46524404416095766,0.6664034315858407,0.3771327293213915,0.9161563209443717,0.7992913667676138,0.628890931787341,0.7274121964493332,0.703428322055141,0.9181307957739933,0.8159321032774187
Pcgf1,0.011652613644915941,0.007586592519999999,0.0220613396,0.039630538740000006,0.042267338599999996,0.7875952266359858,0.5440175057524206,0.13512704770129721,0.47755531633717707,0.16157909921671595,0.8049050118367767,0.6610665684012428,0.5362780026180464,0.6588375096487119,0.4401393139658292
Pck2,0.0052721135663998196,0.014081260940000001,0.0427357511,0.0322498124,0.005364630739999999,0.7281467796958971,0.6285189358173398,0.8496150602843084,0.30098243242983724,0.3319109889415397,0.7614428468334157,0.7025512143150552,0.8607211395037112,0.5824974602320041,0.6083428535166779
Pcna-ps2,0.20085155529770776,0.098461532,0.06781347228,0.07837509819999999,0.0668281408,4.3782180065562466e-11,0.00021754733826387937,0.008495366128133432,0.003135418315432778,0.005317278045695221,6.169307191056529e-10,0.0016057065443286333,0.08229885936629262,0.019613939686227468,0.030152857210344854
Pcolce,0.0515931755817154,0.0461469744,0.010752129,0.0634562612,0.12516854319999998,0.07891979514987099,0.1727555473599988,0.2045987627263324,0.1948888255629222,0.00027210427082251373,0.2752327855851751,0.44827503595745455,0.6452671800536759,0.49793024113603745,0.0021205891497061823
Pcx,0.015769418055790695,-0.006318467059999999,0.009350244599999998,0.01575623466,-0.008211085000000002,0.4588025827081349,0.3245061904435335,0.6810383531727306,0.7135659109944301,0.6724761547982372,0.6256398855110931,0.5894820958689049,0.772305716677567,0.7621593014983984,0.7418349096256192
Pde10a,0.09659278695886804,0.07662125180000001,0.03237422752,0.05102877388,0.05986835479999999,0.0032108092876509944,0.03142535204278127,0.1569112581686243,0.21780223181635064,0.35538019987741126,0.02017603133456368,0.1308607943274026,0.5884172181323412,0.5219792853062656,0.623409683248167
Pde12,0.02235069772085942,-0.0028095102000000004,-0.0038710226000000006,-0.013500338620000002,-0.01757563048,0.6685993274976358,0.4125476376366294,0.45220174195921403,0.24613190918928934,0.3202662109590182,0.7235811185874337,0.6208241148900733,0.7109744123266357,0.5493664213104938,0.595817680294908
Pde4d,0.12517524082093273,0.11143041199999999,0.093181962,0.1254956108,0.1221244758,0.00036933256671116806,1.0172382166027658e-05,0.02310439229398183,6.46151037199317e-05,4.282009685730607e-06,0.002800102883489562,9.588157514600394e-05,0.17328294220486373,0.000585312140839641,5.286197797870971e-05
Pde6a,0.03253610409102696,0.0188307585,0.009251036612,-0.01013362812,0.028104945779999994,0.36789327511866055,0.608842753037812,0.8235013266422102,0.47715648251483445,0.7151038968330039,0.5898336497542702,0.6965570786777067,0.8465617912055144,0.6588375096487119,0.7591856438980521
Pde7b,0.03218736284009014,-0.0075629818,-0.0184927344,-0.033859888,-0.0235666464,0.7129001170054885,0.8547424274091716,0.8220636774130379,0.05900394610894089,0.41998444818667396,0.7534058054717094,0.864659670946914,0.8464052361000731,0.23201296230118942,0.6477715313416693
Pdgfra,0.08622512863876011,0.08949935760000001,0.055600375,0.11210365600000001,0.1063484446,0.0016857275477220116,0.0007950904883999376,0.11180283651581065,0.005106027508083413,0.0009350255429182792,0.011471170385718078,0.0051588429363623855,0.48436322030917967,0.029802963907014066,0.006457230853321779
Pdgfrl,0.045350604893451656,0.0034994734000000013,0.0052648741559999995,0.0023964717400000004,0.023607014600000004,0.40898353254104514,0.21524561074384502,0.3353365314163061,0.26310263946907647,0.09440263405132823,0.6098421844095113,0.5116497205362841,0.6918790858347537,0.5633935181823675,0.3173293361484407
Pdhb,0.03108168453389698,-0.0091891833,-0.005353567960000001,-0.01831576368,-0.019877264560000003,0.3354315959765916,0.22093259919184877,0.23023866281348473,0.4790418197547873,0.2847342355093863,0.5734400445923349,0.5202043415814733,0.6472792273959911,0.6588375096487119,0.5658180321019857
Pdlim1,0.088942013118618,0.036884585260000005,0.020927987670000002,0.06494525279999999,0.08870149120000001,0.09512744465140009,0.5997506045283074,0.46830684568685965,0.1259598000460385,0.1780145572858945,0.31005323665584844,0.6941210100335704,0.7112967913044496,0.39221857380407077,0.45987093965522746
Pdpn,0.0589737275787641,-0.016710957519999996,0.022311103399999997,0.040422055,0.03222647134,0.2211338797468141,0.502865691372439,0.3615989912075921,0.05762691829648733,0.06852633046190126,0.499203468339375,0.6398384749125662,0.7019716352085735,0.22837940631704493,0.2562848015934377
Pdzrn3,0.20326656983629526,0.131678235,0.10229391399999999,0.133206654,0.13059539,5.017947897489533e-10,2.2103234806915384e-07,0.0005797828787406624,1.4397800839577924e-05,2.562632860311398e-07,6.7961527349494165e-09,3.022942407416369e-06,0.008696743181109936,0.00015814907221426143,4.205732753099294e-06
Peak1,0.1740687405935742,0.21778168199999998,0.141068578,0.199925872,0.1939573732,2.724805059455426e-07,9.852706684604201e-19,2.03256343135458e-07,2.8230980927644174e-12,1.438943211707427e-15,3.090327689382374e-06,7.30823161621493e-17,1.1341703946958556e-05,1.1934005573958675e-10,1.338217186887907e-13
Peli3,0.03899132080221164,0.0016647653000000004,-0.0178345782,0.00243585216,-0.02090402988,0.10156577278113114,0.34755359093121385,0.42331415668005595,0.7319207374707479,0.6805509348957952,0.3242202586491486,0.5970244458012794,0.706956420259207,0.774680901951209,0.7422740845814186
Pex14,-0.006908131871315161,0.10480993359999999,0.0873129454,0.0687860632,0.0651415272,0.23352965179090454,0.0006490105077424868,0.09132261298527963,0.008011794577184112,0.0357094678074258,0.5082275573296596,0.004270611595758345,0.4362844010769352,0.044527702928971465,0.1566500238721981
Pex16,0.01175579608207494,0.0232367678,-0.01047314336,-0.0030687243999999994,0.012763078120000002,0.09592067408897662,0.11214147267085893,0.4963488532785054,0.5204944687310578,0.7389158013760275,0.3119098842753435,0.34381836126560045,0.7163564111187761,0.6716834263458146,0.7739112993485552
Pfkfb4,0.01300821640040086,0.011143112826000001,0.0444579816,0.0030576928200000014,0.016248110599999997,0.6762250172863595,0.4321466959027681,0.1891844475494405,0.2591895329521915,0.7888446758103195,0.7290061044161295,0.6250598230333035,0.6390128434176017,0.5606496153632604,0.809145825555438
Pfn1,0.03758451640599132,0.0922214858,0.0527401128,0.08902833299999999,0.06730848419999999,0.13383852495376442,1.1364984755208537e-07,0.01854714475954701,7.006196985487055e-08,1.0823354747457726e-06,0.38337729427207673,1.7422146959907595e-06,0.14617664937609084,1.2066228141672149e-06,1.4802529286964243e-05
Pglyrp3,0.01657230569003356,-0.0008396819400000005,0.01743533946,0.0400729696,0.0301229689,0.6929184009068552,0.13396623258545018,0.4448779950254062,0.6189252579155797,0.5616121390638908,0.7401387207236317,0.38612168276178305,0.7109744123266357,0.7153278664392988,0.6970186245499357
Pgp,0.11394696056405348,0.12379000300000001,0.0915722994,0.141795022,0.144945572,4.8968298881669816e-05,0.0023532919248425155,0.02475960048974001,0.004388131461636385,0.00024603003188167596,0.0004378895957687782,0.014089451653027078,0.1805044258157806,0.026048695272267053,0.0019500675822439655
Phex,0.09873969711576239,0.037615422146,0.0244758567,0.08011230579999998,0.06345659900000002,0.054185043856885176,0.3129725863575696,0.5293757086331379,0.16577905637368281,0.34897174232151634,0.2065249622414066,0.5886792086053216,0.7199768137930461,0.45885274532001497,0.623409683248167
Phf7,0.0170913869239403,-0.0073419855,0.015476494899999999,-0.01312479704,-0.0035984331999999986,0.4921118058484645,0.28681188900215004,0.2751210726909343,0.03975114564374932,0.5976872786810632,0.6417565955029314,0.5773486077316008,0.6719082427920111,0.17275030583498535,0.7101991088246024
Phgdh,0.05571812297231028,0.056814735920000005,0.04650863972,0.0460869474,0.06257915268,0.15238787476820426,0.01329792603822307,0.2322645445137725,0.20188875993155989,0.12143860076935654,0.41197884748380803,0.064411829247643,0.6472792273959911,0.5038189983980788,0.36907810037745614
Phkg1,0.03193614187178494,0.0239890964,0.028171283,0.017346806779999998,0.00870221714,0.04671852798371332,0.5251470999649714,0.500165694931676,0.3699396158640819,0.3802671875179939,0.18630323911168714,0.6511824039565647,0.7163564111187761,0.6175994084579571,0.6270363198435005
Pianp,-0.0369190722500658,0.0205974864,0.0055593542,-0.0024320340800000006,-0.024507681799999997,0.5584711424582187,0.589733732796418,0.7565744686588225,0.3752321056861771,0.25661712940942283,0.6707691305062518,0.6902113612186277,0.8040731727589118,0.6224123512868217,0.5429152331185432
Pih1d1,0.0184958058329899,0.0318808306,-0.0066064731,0.016219243459999998,0.03942365616,0.013912419494306863,0.10524008638765908,0.42137157733732694,0.2684109449939494,0.4479009818153462,0.07188083405391879,0.32907211420558186,0.706956420259207,0.5673231337372112,0.653649711171051
Pik3ip1,0.0554173934567612,0.0670447906,0.051902917800000004,0.0443485868,0.0447908426,0.1786509571331614,0.05359982688340035,0.29302692160220467,0.20113393212696312,0.5467163995698154,0.4490415949563246,0.2009993508127513,0.6757456120467158,0.5037375858476006,0.6920774749545304
Pim3,0.028281058831517204,0.028563541400000003,0.01682434108,0.0100903486,0.01284635126,0.5320221877427014,0.39908665479291516,0.3505697281403303,0.1396146151059683,0.4728019819857717,0.6618435958683752,0.6131342328591594,0.7019716352085735,0.4152716163599696,0.6608805259219955
Pinlyp,-0.0190602341132391,0.0193857936,-0.012603914599999998,0.006160195760000001,0.03830396425,0.20978635170375487,0.3402394494891328,0.530308998900723,0.8420319279708139,0.12578926181509226,0.4910267795750638,0.5914181437992989,0.7199768137930461,0.8499526335161255,0.37736778544527677
Pja1,0.0523898843858601,0.0102178596,-0.0054412844,0.0041458649999999994,0.011078439220000002,0.27507057827460135,0.6375636389600312,0.7112039883189558,0.4601774444927349,0.5664580871844151,0.5350465311749074,0.7091356124114024,0.7822048076429348,0.650572853796494,0.7001870414160598
Pla2g10,0.019744418664932102,0.031262118,0.022065811940000003,0.05337637959999999,0.01433327728,0.3892951431694907,0.21500047535023342,0.8383517066170396,0.23719003238506464,0.6022408264313734,0.6013199851311511,0.5116497205362841,0.8536500954239199,0.5429143554679268,0.7131799260371527
Pla2g6,0.010321461787557381,-0.01019263164,-0.0053461456,0.00467934052,-0.0052415714200000005,0.7403795094901531,0.7574977046383383,0.8570454226833448,0.3348629758111292,0.9241834652188483,0.7687538377618379,0.7880009679123654,0.8669893869784381,0.6000435861305105,0.9248464375755333
Platr14,-0.014344317294609102,0.0315871428,-0.015243078600000001,0.02049496388,0.0069486006,0.6989176412321676,0.4396009017349588,0.7762710044193926,0.7788020646713217,0.837622128926102,0.743483055776734,0.6250598230333035,0.8191361960401305,0.8043393656150665,0.8461135914930574
Platr25,0.10513251099964241,0.06226206520000001,0.056378047,0.068328996,0.0692361098,0.00017393306504696426,0.046940927345595136,0.09877394540263376,0.040877069380556776,0.09580905904118053,0.0014272742690618538,0.18291227275727714,0.4532554402522174,0.17523964182163054,0.3205123198140212
Platr3,0.03230681513393136,0.002809327299999999,-0.005345229800000001,0.02693203466,0.0167920184,0.33254684788196387,0.07694028546606171,0.31662492120498736,0.5645271311046254,0.6769857959368122,0.5720133819917874,0.2676600953245788,0.6873234830359791,0.6842565460207076,0.7418349096256192
Plekhm3,-0.020097811517307256,0.0467446402,0.046738057000000006,0.036403222400000004,0.056532321819999995,0.14944661997395045,0.44262810860968566,0.4172657787997333,0.49898622061882003,0.32453067476028424,0.407980498754718,0.6275063125106825,0.706956420259207,0.6588375096487119,0.6012221663885744
Plekhn1,0.052841631974548844,0.006170388900000001,0.044975535999999997,0.012784268800000002,0.021755405,0.7173010153319652,0.6729923229880199,0.42606388100273945,0.6241608975273147,0.6216121976048423,0.755215558941107,0.7317414579643708,0.706956420259207,0.7171811588210295,0.7227539262406929
Plin3,0.0271371621998118,0.049305849199999995,0.04613215,0.0499961722,0.042603973,0.6038413636273727,0.39450593557862,0.21340233330932645,0.25581074184524893,0.2554807719749836,0.6865189097475021,0.6116769082440225,0.6452671800536759,0.558210601986399,0.541634767332982
Plk1,0.46734913773270603,0.10349868200000001,0.01682236826,0.15645734399999997,0.12177124399999999,7.811782714769296e-57,0.0004617359167440886,0.302580256337771,0.0001931186730406378,0.0012313536288395053,2.9452532127305863e-55,0.0031420566041853834,0.6757456120467158,0.0016228948728415045,0.008218843599191913
Plk2,0.08324290368816348,0.0722362366,0.0535295608,0.07778701660000001,0.0860471308,0.06736086210487818,0.037124066525262074,0.07245983970165175,0.04011147841675094,0.000941608990262648,0.2453483097553657,0.14881630115730057,0.38434021438708815,0.17323688046863023,0.0064689265254959105
Plp1,-0.0033413737578245005,0.008429911339999999,0.0212418525,-0.0035054587999999998,0.0212485952,0.46092509548558547,0.3986213207347949,0.48925054303251236,0.5505918978809399,0.13156345471882527,0.626696401756717,0.6130945340959635,0.7163564111187761,0.6806036264962593,0.3855693683461371
Plpp3,0.3023599154077391,0.128950818,0.0710322934,0.11200550499999999,0.07433133859999999,4.826633383023869e-22,1.6129743145145978e-08,0.004313823702224758,1.1640019029313805e-05,1.2464592886211197e-06,9.483314886363799e-21,2.884742524035723e-07,0.047013938004715136,0.0001330969389007603,1.6560101977394876e-05
Plxna4,0.1720359428885969,0.084773053,0.043270471,0.112942341,0.1028002432,9.136113538794734e-07,0.0028599913789038927,0.22643826550242818,0.002084998922050775,0.0008928727031698742,9.655210898953525e-06,0.016693255119543643,0.6472792273959911,0.013465618038244588,0.006227787104609873
Pms2,0.06224526761455886,0.040275290199999994,0.04182801900000001,0.032937292400000005,0.0487074,0.07116770382408591,0.1373958437802342,0.2446965798856861,0.3014789722491089,0.31543995561501803,0.2578057525469287,0.3935671500481041,0.6505288210182132,0.5824974602320041,0.5925623441503928
Pmvk,0.0166595380896535,-0.0029151238799999995,-0.0028707305999999986,0.00826937574,0.008850634500000001,0.5109031726743589,0.3510461905318432,0.711552679471725,0.2621223287080488,0.44059244387427854,0.6500699910503414,0.5982198629607963,0.7822048076429348,0.5633935181823675,0.6507701761857821
Polr1b,-0.02673323782370876,0.025628327220000004,0.039566908479999996,0.0176082226,0.023076394599999994,0.699780109128926,0.5418056324810119,0.2730062104861313,0.5280557329982596,0.16649318583320036,0.743483055776734,0.659994685346158,0.6695622951448685,0.6727280052549199,0.4457926952731564
Polr1e,0.0462715778669795,0.027251613999999997,0.024562618164,0.03986545656,0.0444661794,0.24062088847194446,0.1250848709220885,0.22509347317255177,0.11312170225186031,0.09005587163226877,0.5099108875501227,0.370356409676831,0.6472792273959911,0.3666430460268353,0.3064096120171096
Pop4,0.13323647703579927,0.057823166800000006,0.039592840000000004,0.0637572704,0.087940024,0.00045999802054279477,0.14840937239176769,0.25753105806695586,0.1155320834887834,0.13586519086235233,0.003449985154070961,0.4132356776177963,0.6543821967275107,0.37135312549966093,0.3924056754720114
Ppargc1b,0.10103371504878775,0.0304389388,0.024559644999999998,0.0608410986,0.041072871899999995,0.01849036920498096,0.28146911151715504,0.6981902966751616,0.29946474216540453,0.13778054698838793,0.09082417267939591,0.5728466807988425,0.777372738592972,0.5824974602320041,0.3946037936551577
Ppbp,0.04742736537921851,0.0891767742,0.0784840496,0.08440543760000001,0.0868497008,0.4370629193965835,0.01215046462670561,0.021959170609780344,0.11127696675892892,0.040663175793995456,0.6201440373046468,0.06037871353011141,0.16831342308045924,0.3652502791263667,0.1734713462771366
Ppif,0.0516237729611231,0.033024496800000004,0.0218473572,0.016534965800000002,0.0340780012,0.3695445232152202,0.31654249040891425,0.5351749477513974,0.0181041890694063,0.10676814862270584,0.5898336497542702,0.5886792086053216,0.7203850719089967,0.08955795656674394,0.3426127291902651
Ppih,0.0876313851612884,0.03482841020000001,-0.0007100329000000003,0.0390582078,0.0033877244599999994,0.014292682997483312,0.020565385555507017,0.21328639979613268,0.20177603913783385,0.3856440408166036,0.07330254699076919,0.09195100272414194,0.6452671800536759,0.5038189983980788,0.6291955068192073
Ppm1e,-0.01040391185121714,0.0030816229999999986,-0.011834199,0.023996748079999998,0.004386417,0.21542929846785758,0.34082793315470594,0.4311332851683659,0.27313371706724293,0.6426796267159713,0.49195591008979117,0.5914181437992989,0.709279517748894,0.5720557947784368,0.7312708640038988
Ppp1r15a,0.056276485705721566,0.0436473228,0.0688700162,0.0395724028,0.0418700136,0.28296177969649683,0.08609017087511886,0.2127345637563805,0.13429654174232616,0.2906259927085643,0.5383545546050156,0.2868289667443997,0.6452671800536759,0.40809369991561617,0.5702155553142718
Ppp1r16b,0.06324510694175771,0.06980988460000001,0.02108882066,0.030640869999999997,0.027272912,0.1315254271926771,0.10700828670283735,0.4747409840841611,0.2792143228272491,0.5061058373971163,0.3796541290145037,0.332464498776076,0.7112967913044496,0.5729342013846509,0.6801599597229268
Ppp2r1a,0.06703595883028171,-0.00618510114,-0.0004938270740000002,0.0116742198,0.025477452,0.09161906310718193,0.4234098036804099,0.15013698465939251,0.31931599517638226,0.6710950164655223,0.30503244160983006,0.6249015894815034,0.5753876197798148,0.5956199306248606,0.7418349096256192
Ppp3ca,0.2991360856837012,0.24876124800000002,0.15717832299999998,0.285539934,0.256802678,4.675364695624823e-22,9.246268161227791e-21,2.687761600730433e-09,2.198238222799404e-22,2.078628046550937e-20,9.31733392913804e-21,1.2898544084912768e-18,3.952404373472627e-07,5.110903868008614e-20,4.8328102082309285e-18
Ppp4r1l-ps,0.0379057982496271,0.06787297340000001,0.044422510600000006,0.0792678092,0.061426101600000005,0.260441263210879,0.08828917956718547,0.4634063799907233,0.08222057049171858,0.26682504851812644,0.5220051180735291,0.29254965676062644,0.7112967913044496,0.2903739135087276,0.5506226962763112
Pqlc3,0.017305352732083522,0.044082835,0.02261011226,0.0046958417,0.015183924419999998,0.744147461771967,0.2503281829034052,0.4073143041148942,0.4880533026502746,0.3463247796144612,0.7718109361872818,0.5490688917456764,0.7041611757761018,0.6588375096487119,0.6233846033060301
Prc1,0.7453694722795801,0.38926826400000003,0.23082577799999998,0.38262412,0.352447486,1.4285987806927467e-183,1.2817153251428821e-42,3.051898517225467e-16,4.907628746045729e-41,1.567706158225831e-33,9.96447649533191e-181,8.939964392871603e-40,2.1286992157647631e-13,6.846142100733792e-38,1.093475045362517e-30
Prcd,0.02006128721576146,0.0104026066,0.0297767522,-0.04740079379999999,0.005490248999999998,0.3007563571043275,0.3516417832457727,0.29848153718396275,0.6267540694709959,0.4572269234645694,0.5516869209520022,0.5982198629607963,0.6757456120467158,0.7176803160249209,0.6596613148285196
Prdm16,0.04845212602260074,0.033336524500000006,0.0139678316,0.031078856000000005,-0.01003170155,0.04644189267595867,0.5757482587044573,0.625425344548818,0.6286985862160508,0.6785529352561219,0.18616793184759295,0.6799161612009195,0.7470924234658693,0.7177041962122674,0.7418349096256192
Prdx1,0.07503678061948846,0.11674596500000001,0.0852831204,0.16616537,0.1347666462,0.04287521961321454,4.211926854362838e-12,0.0005413424038478653,2.351260182732497e-08,9.146203422851167e-09,0.1746201650193594,1.3056973248524798e-10,0.008298600586459036,4.555566604044213e-07,2.0578957701415124e-07
Prkab1,0.06980183673863755,0.03409168352,0.047664128400000005,0.055203396,0.023834621892000002,0.01810347124138961,0.09365791648259207,0.49134424789179076,0.22058962277889976,0.15290444313633425,0.08923795894607246,0.3031387320028212,0.7163564111187761,0.5233376254703489,0.4223796003469035
Prkca,0.20979053072000858,0.272963826,0.162404264,0.28500095400000003,0.27729581200000003,7.196642850878383e-10,5.012407789660913e-27,1.8651720586314307e-09,8.491983137048043e-22,2.16346824511807e-21,9.471053563184288e-09,1.1653848110961622e-24,3.252393777238557e-07,1.69233092516886e-19,6.036076403879416e-19
Prkd3,0.00028280074539594054,0.01426024568,-0.00011914879999999975,0.017279549000000005,-0.006108233899999998,0.7776967937679612,0.6194768362922423,0.7414679233729707,0.7088263790190596,0.30688573288363824,0.7971249282191814,0.7011631579998301,0.7967323435276376,0.7610232520829604,0.5879205639779265
Prl2c2,0.04547040569986132,-0.01547565314,-0.02152131334,-0.01644856334,-0.03657420462,0.605010071365029,0.3956080110496887,0.5478024934532493,0.4150965400826993,0.5009240087765812,0.6867282746576204,0.6116769082440225,0.722936399267981,0.6334422819355006,0.6788583982735649
Prl2c3,0.04216536741219788,0.051024849200000014,0.028747233719999998,0.0164154048,-0.0003237082000000013,0.33523639692559065,0.3371527616416848,0.4107546941413552,0.5238392454569407,0.24231425661572364,0.5734400445923349,0.5908644503645104,0.7056684708462937,0.6727280052549199,0.5293678421429062
Prmt1,0.07247420502604102,0.08817715000000001,0.027357202668000003,0.09081973880000001,0.1317942736,0.13719119673878555,0.00018813123935799278,0.29829408527225726,0.0019549344478171434,6.485823920874532e-05,0.3913736594081919,0.0014186112373210807,0.6757456120467158,0.01268434211490658,0.0005875145694558424
Proc,0.05213569224755986,0.0430162528,0.002622116200000001,0.00283597778,0.001430954799999999,0.21386134217031227,0.60126620359732,0.7291787016313764,0.6548864585838103,0.7222815198172257,0.49195591008979117,0.6941210100335704,0.7885304564153257,0.7331995262635758,0.7633202425341135
Prodh,0.007712024158467179,0.013139635060000002,-0.0153798747,0.0030361181248000006,-0.0031051988000000003,0.33408709939786474,0.47868278419616106,0.6333474323724908,0.631809882128179,0.4956422919326845,0.5732490819926461,0.6358809111948879,0.7485095364726783,0.7194896208724978,0.6771998014163515
Prr11,0.5722380787345177,0.20800131,0.05480334419999999,0.204550214,0.176726506,6.8935136793329765e-87,5.7095704182125296e-11,0.04688595052417541,8.869763788694781e-11,1.946642806176499e-08,7.397270448207309e-85,1.5028020251710337e-09,0.2795123973556611,2.689852279397656e-09,4.1144950221457816e-07
Prss12,0.0010089583945488382,0.05553463148,0.0425168512,0.012395941800000001,0.020318022800000002,0.44061223398212473,0.5100124542774118,0.08324439585984823,0.1966803406676178,0.5479554309637424,0.6223636694061372,0.6424251407857817,0.4147354722303153,0.499761521368537,0.6924560490754382
Prss23,-0.03202161435855858,0.040564084199999996,0.052614512599999996,0.10063927000000002,0.09247634880000001,0.05199256076065447,0.0012661385706621512,0.07507571246181398,0.0006343508907361544,0.0001246721953824699,0.20091308105571465,0.008028469573062278,0.3938108039495593,0.004580983840403822,0.001061549326270049
Prss41,-0.010841522707755739,0.0351518496,0.0277078086,-0.01056151032,0.026299775199999997,0.7653440611020488,0.6015715420290944,0.5901265407836307,0.8917764324438467,0.5651437057847748,0.7890024685966593,0.6941210100335704,0.7409779697508234,0.8943408506536061,0.700155834431404
Prune2,0.08915408535067963,0.0855062748,0.06745370419999999,0.148598866,0.118167724,0.029322546639736005,0.0073926262635419975,0.17750536109672943,0.0003644722128716246,3.533497268206262e-05,0.13286633118659105,0.03919960355863093,0.6190499468248439,0.002856397398628743,0.00034470130693340804
Psmb4,0.0426201260588566,0.09740940192,0.059248103399999995,0.09157620879999999,0.122925863,0.08433951769363979,1.91939525639251e-06,0.012882840897887722,9.332371107878623e-05,4.591276998350436e-06,0.28907525106296683,2.1297593233873483e-05,0.10634060977842232,0.0008399133997090761,5.569418619738138e-05
Ptcra,0.011723003377874899,0.002191260400000003,0.014517222520000001,-0.00938714238,0.026923007800000003,0.6596789299756556,0.5027883557119088,0.8041712929570867,0.8042546661889376,0.6525648275988358,0.7173049011147277,0.6398384749125662,0.8352369594038253,0.824346259613202,0.7347279535919096
Ptges3-ps,-0.02385306379411606,0.005327670399999998,0.02688569608,0.0278856682,-0.0188067619,0.5295237407292093,0.04807034517300179,0.4442737402597703,0.15084970539498757,0.2526976647351948,0.6615354153794092,0.18524345722745164,0.7109744123266357,0.4355680274643429,0.541064250176605
Ptgr1,0.045167930386669136,0.0667045174,0.05404679920000001,0.10626093,0.0682609342,0.25556440577286604,0.0002088898276562137,0.3308419798086361,0.0033278226556894396,0.026780467515109985,0.5184839828688147,0.001558295773157316,0.6918790858347537,0.020541206215428178,0.12208742543653081
Ptgr2,-0.023694317831797863,-0.018675389599999998,-0.035566987439999996,0.0005810297799999992,-0.0083850899,0.49621255531573494,0.5680475406751635,0.37055376835163323,0.476100373404596,0.46763012386178615,0.6439223392236747,0.6778668256987622,0.7019716352085735,0.6588375096487119,0.6596613148285196
Ptgs2,0.10841725781226703,0.122065118,0.1079936642,0.08723932679999999,0.1085383768,0.0016321313910122072,4.2411304433348896e-05,0.0003667984182457098,0.0002108792291944199,0.00012479863047189105,0.011160898482657005,0.0003697735605282607,0.005949811551776339,0.0017510507424179508,0.001061549326270049
Ptms,0.1512561797725613,0.16889703,0.144696238,0.18100174200000002,0.16647279399999998,1.7114130144642508e-07,5.07761567024952e-14,3.683244219006749e-09,1.5157306361434833e-13,6.274779108283818e-12,1.9569025862111722e-06,2.023792531428023e-12,3.952404373472627e-07,9.193235814870256e-12,2.500947673158836e-10
Ptn,0.035919684298795954,-0.009026501999999999,-0.00542458206,0.017446280600000003,0.047939520199999995,0.25767417297256195,0.29973747169271786,0.40502638040335165,0.20805133353245367,0.0050639643215324845,0.5201960510806425,0.5830381800485782,0.7041611757761018,0.5148924096130174,0.02919103400222238
Ptrh2,0.11005244475245672,0.10221402980000001,0.051084599480000006,0.0867929628,0.0889316918,8.807279682429884e-05,0.0003619668444885556,0.0771864983248652,0.0005510341907596259,0.01918681232141008,0.0007631152271422167,0.0025502209498057325,0.3973253327054869,0.004088790936753607,0.09293612218183007
Pttg1,0.37578993961315554,0.033068555900000005,0.030201124200000002,0.025182671080000003,0.018925504340000003,1.5478544311974577e-31,0.04572226936576583,0.40309780557680275,0.2402944680561768,0.3762816181353281,3.7228567784835405e-30,0.17909757796618778,0.7041611757761018,0.5441319761941211,0.6268133736386102
Pwwp2b,0.02558122930862568,0.011362352400000001,0.01175825586,0.02762461066,-0.0023248131,0.46929637387933276,0.329259943273427,0.12879594076205425,0.27255691750740685,0.6706564794583099,0.6303279499543492,0.5907267209325682,0.524644877118294,0.571754736726064,0.7418349096256192
Pxdn,0.09378288779822677,0.10068492199999998,0.069755649,0.1007408072,0.08508711719999999,0.006028080681302261,0.00014165865383356988,0.008022289768032875,0.005516793862022257,0.019669581805343943,0.03446382192793711,0.0010998655915396528,0.07928081366649187,0.03193330886938194,0.09429232514932921
Pycr1,-0.00386794926069898,0.006792808399999998,0.0145351164,0.0148536326,0.0041689321799999995,0.4315750128336008,0.3359666921793298,0.23101994666186015,0.1976273159051066,0.2532187055769047,0.6187534870533125,0.5907267209325682,0.6472792273959911,0.5009382345295778,0.541064250176605
Pzp,0.045403271023642784,0.017425994800000004,-0.01226958504,0.01877841818,0.0242390472,0.4980084284956139,0.2604681952567104,0.37204429261736816,0.4487622722154233,0.5300145654820108,0.64445432073412,0.5581305542619134,0.7019716352085735,0.6432590522145593,0.6890683307058761
Rab10os,0.010448087233920638,0.011662013400000002,-0.013022047140000001,0.0066109928799999995,0.00935631134,0.310949609408006,0.3191990468454027,0.7746658420365189,0.5168749607970533,0.412749972044132,0.5541313823849575,0.5886792086053216,0.8185478901903456,0.6688688036288398,0.6433365486050996
Rab13,0.02279838463672536,0.0803307816,0.049352094,0.062133084599999985,0.067992662,0.3038648785321564,1.8757769799880243e-07,0.0001851718511352444,1.1338579734531588e-06,7.943394495071685e-06,0.5541313823849575,2.670111109268667e-06,0.00339887805702192,1.7070349602859226e-05,8.936318806955646e-05
Rab24,0.005156835397211621,0.006871303840000001,-0.0020666739999999992,0.0027785062000000005,-0.005829368079999999,0.3388854350395822,0.2791603953256204,0.44856668544963296,0.5900204318656688,0.203001467454422,0.5754937114982464,0.5728466807988425,0.7109744123266357,0.6998966857590203,0.48909679982542087
Rab26os,0.04735253792971964,0.0273290288,0.0683928484,0.052440427600000006,0.040774917432,0.5982882901715774,0.21044323286600375,0.07756723229232122,0.045811967664665436,0.09827123800480797,0.6824302246846692,0.5061522583587504,0.39778954677138517,0.18963707683147857,0.3244636838303752
Rab32,0.059660707774890985,0.087518406,0.03449663108,0.0830040242,0.07435196599999999,0.022903939716071523,0.06160785342850314,0.31429564239193464,0.06964347744437285,0.053576143314725606,0.10942121884904032,0.2255720617657792,0.68506628302617,0.2583847101992025,0.2135370594776187
Rab8b,0.005405097832427879,0.0543426624,0.031666619428000004,0.022556535299999996,-0.0163539362,0.7517418429710131,0.17870500595538588,0.29682734735358474,0.30785311296031886,0.24286409962111824,0.7785299710056149,0.4532608787413878,0.6757456120467158,0.5894257099527029,0.5293678421429062
Rabggta,-0.00187774598134784,0.02198488334,0.030552565379999997,0.015930892699999998,0.008174106600000001,0.722669463541175,0.33622725191430763,0.8734996426035386,0.6034859143799771,0.6554258282677321,0.757987895969879,0.5907267209325682,0.8829942039361858,0.706260780671198,0.7353797109879744
Rad51ap1,0.33754954973590545,0.1462997328,0.1293809928,0.16096585400000002,0.16288725799999998,6.435766224288292e-33,7.80125600064982e-09,6.5774266648722475e-06,5.235625951041695e-09,1.1383920100776532e-06,1.5750691022600293e-31,1.5772104523052898e-07,0.00021632591295129558,1.1780158389843813e-07,1.5418027709304137e-05
Rad51b,0.216944315827326,0.169553222,0.13849255,0.1135022448,0.133357948,1.1387919809016502e-16,5.638728865845616e-08,2.4336385843751483e-05,1.4257179994935517e-05,9.578503808578095e-06,1.8912081111402406e-15,9.146542753319343e-07,0.000692842005143537,0.00015784734994392895,0.00010574507603391442
Ranbp3l,0.15230608816582078,0.055972757000000005,0.0232881812,0.0679699474,0.0430103688,1.8404083927730166e-06,0.2413058114337796,0.529287326729861,0.029594304683863978,0.2055267044075727,1.887771844057616e-05,0.5394577034457092,0.7199768137930461,0.13403913972074757,0.4934763384656866
Rapgef4,0.043809230662581,0.0056424244,0.020082967400000002,-0.0207417554,0.0063999288,0.1846961769388068,0.7227341452561173,0.08977902464814602,0.41842810428079247,0.2604383932413364,0.4552140756707341,0.7595964416454086,0.4335888195714775,0.6334422819355006,0.5458467086788538
Rarb,0.0008154340084823592,0.035368588199999995,0.00261763567,0.024163883599999998,0.00273554566,0.76481219860585,0.27446233246682067,0.8523491654754515,0.4204624460398108,0.2985314927917098,0.7890024685966593,0.5719388728836837,0.8628643583731892,0.6334422819355006,0.5786895748160255
Rassf3,0.1229713343995136,0.040304798200000005,0.0451565724,0.035892784860000006,0.03774640952,0.00033157546682613967,0.03176467135302973,0.19481183108679473,0.02435768473221413,0.16818621719317375,0.0025697098679025826,0.13148877310823878,0.640076801555444,0.11288694419082629,0.44689480568471884
Rbbp7,0.07561166825088436,0.055427153800000004,0.02902606924,0.03345304732,0.0699987692,0.09414741180010858,0.45194311011595933,0.6065115524850646,0.08895170894092091,0.19245931254460422,0.30989310053696717,0.6285960940895344,0.7422029543137081,0.30563456643493764,0.47687520603858413
Rbl2,0.02480854707628306,0.06365793439999999,0.0099923498,0.032907357,0.043889350199999996,0.7325238493958488,0.14077931885072817,0.39327356531005,0.21748570986310942,0.36307990583284827,0.7643012489956686,0.39813464512590074,0.7041611757761018,0.5219792853062656,0.6264125678587169
Rbm38,0.042282694369929416,0.030116801399999997,0.0231476386,0.0106812806,-0.0009979300800000007,0.27081443003820843,0.17142336840125386,0.40967566106204856,0.7474794742666808,0.7287109971884096,0.5335962286769784,0.4461485054472931,0.7051711092663662,0.7826112724805907,0.7674888945750815
Rbm43,0.03146243100307494,0.0347646956,0.041169139199999996,0.0649422128,0.06158092280000001,0.20583253648021732,0.2914234624802698,0.13097522596782957,0.21281884000014453,0.09715737335618589,0.4879543651222983,0.5801483090244609,0.5280648561419719,0.5208461084214063,0.32270127579018887
Rbx1-ps,0.021581266783756818,0.024109408399999997,-0.0026003261399999986,0.0026950802800000014,0.026107685400000004,0.27925523914172307,0.3602422300491768,0.22145471760503974,0.7091759351793294,0.30372016231285687,0.5372262899442154,0.6011219030126814,0.6472792273959911,0.7610232520829604,0.5860160808111139
Rcan1,-0.01706820401787636,0.00203411194,-0.019696737399999997,-0.005262008799999998,-0.026487839960000002,0.5638336313076469,0.6859529860387236,0.21722836725488043,0.37942743322701533,0.6220779540137154,0.6708598491210382,0.7384017644238947,0.6472792273959911,0.6256516186190146,0.7227539262406929
Rcor2,0.10158219482374897,0.0528567652,0.0369904693,0.0496420872,0.04458888479999999,0.0021084229610521302,0.12722837286318014,0.6076451126764042,0.06915480174747606,0.11876162160086856,0.013873820899376046,0.373649642408708,0.7422029543137081,0.25725586250061094,0.3649173174740345
Rdh10,0.10711190698833586,0.16007534,0.10381716060000001,0.16594182000000002,0.1532813472,0.011277412990490027,7.472621129450834e-05,0.00300615769531218,1.7910453775404122e-06,5.948350144526643e-05,0.0609767097741612,0.0006131944985637597,0.03524025197445791,2.6026128142384115e-05,0.0005459176612904386
Reep6,0.038500786296032395,0.010631953519999997,0.0257030804,0.011784761599999999,0.007746420800000001,0.3925636453433147,0.5527399790763081,0.2624866152024959,0.1946214659749602,0.5046408082262748,0.6027784459178656,0.6668461581310685,0.6597636544278951,0.49793024113603745,0.6795115130073874
Rfc3,0.16947583448367898,0.08884640080000002,0.0808047602,0.0993971768,0.10274111420000001,5.07403442704619e-07,0.016924165697556733,0.0296392529756013,0.007347129657376231,0.016990024650031684,5.617680972801139e-06,0.07791818860756318,0.20673378950481908,0.04099698348815937,0.0837494147943258
Rfesd,0.025118330456332022,0.0467737898,-0.0059610097,0.007651192640000001,0.02177585546,0.5892605522513059,0.5369298413473618,0.45407150041879096,0.327684160155594,0.4065945395764581,0.6765584118440919,0.6570325690171663,0.7109744123266357,0.6000435861305105,0.6398114708791759
Rftn2,0.049554136655208594,0.0505173768,0.0472535746,0.0519003976,0.058435369599999995,0.375924383358781,0.06009558068936213,0.2499616567378475,0.3322375238802731,0.11692403816456669,0.5942044600921896,0.2206140396359478,0.6505288210182132,0.6000435861305105,0.3616608275821963
Rgs16,0.10527486751102733,0.034689920799999996,0.042723658920000004,0.044853649,0.037563798200000005,0.0058094678694276015,0.2339424341119863,0.09623093580820727,0.0064652785444732205,0.07534707860286696,0.033350648880047344,0.5324038420599915,0.4489704195734085,0.03636719181266186,0.27301084324934916
Rhob,0.03375144349398418,0.0480473186,0.0342498682,0.0726464008,0.0687618086,0.8463633746484915,0.00308308106612,0.2730939721235283,0.004873627699336841,0.06592568874210838,0.8518592407176376,0.017846050154512034,0.6695622951448685,0.028566011094852496,0.25016317943611327
Rilpl1,0.006669396169612879,-0.0004750317999999996,-0.015912557,-0.006290284514,0.013615301400000002,0.0945500031202472,0.8164023382824428,0.6232934494191842,0.6745928183798489,0.3970869636237495,0.30989310053696717,0.8355695245077093,0.7470924234658693,0.7445468814357984,0.6389115504672787
Rnase4,0.025814946767946424,0.04636129940000001,0.05288327660000001,0.06184773360000001,0.029850891900000003,0.7173194377039188,0.012282141690960766,0.4943575859501911,0.21487333624798896,0.2650927347549259,0.755215558941107,0.06075740304571017,0.7163564111187761,0.5215932922433577,0.5488878010761663
Rnd3,0.09316827016264143,0.0455114414,0.0268271938,0.06473054240000001,0.0531947912,0.008655210880448119,0.008124295090451154,0.2836886882358515,0.07510661892385039,0.008350070124668237,0.048103662064641936,0.04228877481783343,0.67465320081477,0.2742767890020191,0.04514863497640384
Rnf138,0.03856270519804816,0.04199445519999999,0.026573038459999997,0.03700973946,0.023299084999999997,0.5092918796070245,0.22998813553305494,0.6013362995531717,0.2132655028354765,0.18970315107748784,0.6500699910503414,0.530303221601011,0.7422029543137081,0.5210251776803673,0.47687520603858413
Rnf166,0.02031618904210806,0.03498328194,0.0021404069,0.0332775644,0.02595261008,0.42945060851823363,0.6204384734307684,0.6663480140802875,0.5832542470106885,0.49767951068784977,0.6187534870533125,0.7011631579998301,0.7642320069763954,0.6962458075948613,0.6779911302827641
Rnf169,0.04192997935311819,0.103207158,0.05753390519999999,0.080435451,0.1000442378,0.40906727060959347,0.0020581401731865163,0.09738664074435958,0.062360644096789514,0.004577638843611286,0.6098421844095113,0.012537578784258473,0.4498488868820584,0.24031242683707563,0.026831118432091364
Rnf25,0.020848716667934242,0.03158380628,0.007319489400000002,0.012173742199999999,-0.011567628160000001,0.7672953022373701,0.40185100127142,0.6526602212738184,0.21624966161457027,0.6776115383945216,0.7890024685966593,0.6146734065500338,0.759234819539744,0.5219174359036773,0.7418349096256192
Rnf26,0.10430748201013629,0.014594731704,-0.014316827799999998,0.0441484636,0.028798754612,0.0014767417629952023,0.37463516421387894,0.12554937332223098,0.08029342843851948,0.5129447689173747,0.01024902865362342,0.6084005286127603,0.5181697508417521,0.2857380935503436,0.6821334152905031
Rnh1,0.033393309960406035,0.03912945326,0.019307496,0.028762437119999994,0.0817875098,0.43267254365786295,0.45646509384719614,0.2525034591119968,0.01111557598908874,0.0829484862500105,0.6196754722635227,0.6298405597594843,0.6522877244363724,0.05963774798062478,0.29000786546056306
Rny1,0.008134821298946559,0.018367692400000003,-0.009115410600000002,0.0035456004,0.033050682,0.5759118298266239,0.5649693044545827,0.24450883710045623,0.41233351647194133,0.2634278529294196,0.6744867428634483,0.6757561102077955,0.6505288210182132,0.6334422819355006,0.5486927132102137
Robo1,0.032937497236633285,0.012100739200000002,0.0116990838,0.040803816199999995,0.023283166199999997,0.48785183915619246,0.5754544557328143,0.5778657208566369,0.44537918343794425,0.6733731177828205,0.6406162356594759,0.6799161612009195,0.7340167018893621,0.6418429348098473,0.7418349096256192
Rora,0.29844554121380823,0.1040668508,0.11171415999999998,0.12214987,0.147921317,2.3154774196902406e-21,9.267065233363587e-05,0.0002257675669431564,3.1889767076331806e-06,1.2802173096667736e-06,4.364987838470116e-20,0.0007516020930547792,0.004037766101098759,4.277521641488737e-05,1.6848142896086313e-05
Rpa2,0.17857540936455685,0.0604352058,0.060983965800000005,0.10032786,0.0617454274,9.341691199036979e-07,0.08069971770957003,0.10964027471804026,0.01883969418727217,0.03512313452051597,9.798240017035025e-06,0.2772810497656409,0.4794613894409598,0.092122552412259,0.1550530780256955
Rpgrip1l,0.016656963185738397,0.022964891600000002,-0.0010098628400000004,0.020705781200000002,0.020483280139999997,0.6643100607582817,0.6742387434077315,0.39942655219937173,0.29633510519115813,0.2933295763352866,0.7207499649689404,0.7319556786410781,0.7041611757761018,0.5824974602320041,0.5731019033441525
Rpl10-ps3,0.026081422385206044,-0.03452643488,0.0163513308,0.0028267067199999976,-0.06039281639999999,0.1897539269752799,0.49293570420999056,0.2426787490002823,0.04310794251598135,0.06380088974107205,0.4627740002281739,0.6398384749125662,0.6505288210182132,0.1805873267561381,0.2431755223737582
Rpl13a-ps1,-0.012094671114749461,-0.009918857,0.0011112668,0.011282335075999999,0.0264236142,0.7487764989827765,0.5714683204374649,0.5168425267716414,0.3356348171070842,0.1721503136904906,0.7760350788120157,0.6793365345258437,0.7199768137930461,0.6000435861305105,0.44896471720634307
Rpl17-ps3,0.0434914783283284,-0.010499039100000001,-0.007520723399999998,0.0099256285,-0.00840501938,0.22331791025471642,0.8698150391934333,0.28166345160300216,0.4549590342417361,0.5001706291285914,0.5010443194094361,0.8767283090136123,0.6736568469493242,0.6489446347313107,0.6788583982735649
Rpl17-ps4,0.004046710244659179,0.007864412916000001,0.01113280886,-0.010634010359999998,-0.01011696384,0.563061399156144,0.5088949859214378,0.5917829645745514,0.43038776298402803,0.46867198263550836,0.6707691305062518,0.6424251407857817,0.7417225836311763,0.6364968217877089,0.6596613148285196
Rpl19-ps9,0.004206521551628461,0.00716405402,-0.006867331879999999,0.0055169971,-0.0254178272,0.6311662255517754,0.6691022961796618,0.632197976796798,0.11079209567423687,0.5736908976380501,0.7004589376648581,0.728647699586751,0.7485095364726783,0.3645164468527369,0.700194656373436
Rpl22l1,0.00855569836595694,-0.01700629592,-0.0102705419,0.013217632280000002,-0.036256533800000004,0.23084953738629893,0.4615838969040116,0.5257849526067755,0.64685376645171,0.47098399252272805,0.5064772663011697,0.631447203769256,0.7199768137930461,0.7284123287947222,0.6596613148285196
Rpl27-ps2,0.025721070759742636,0.003742846200000001,0.0613737426,0.01705418826,0.001892960139999999,0.2294102510506383,0.2480373538816966,0.1889724991144649,0.1299250511006184,0.376015613205516,0.5049196775931178,0.5465139341441183,0.6390128434176017,0.39911408514905455,0.6268133736386102
Rpl39-ps,-0.01841599638339782,0.00010586640000000078,0.0183360074,0.01798489666,-0.005436970720000001,0.5644611440173508,0.3509576385292081,0.7117847297957904,0.2746269474194859,0.6654792486103132,0.6708598491210382,0.5982198629607963,0.7822048076429348,0.5720557947784368,0.7397159775389536
Rplp0,0.09883411364851506,0.117490169,0.07585170612,0.140456162,0.11029681520000001,0.00017535712275867005,1.3505119357371478e-05,0.00630615962819395,4.234392354789934e-08,2.684584589682475e-08,0.0014305449488207294,0.00012559761002355475,0.06614355399496662,7.772338598594681e-07,5.589545526279183e-07
Rps10-ps1,0.007113545914572241,0.0257191942,-0.008759008320000001,0.022697310199999998,0.0427837644,0.3009560909279381,0.04711197304818711,0.5179066702282813,0.33823841837572316,0.08137297332865501,0.5516869209520022,0.18306741616217553,0.7199768137930461,0.6000435861305105,0.28593274003393887
Rps12-ps10,-0.00270062937890154,0.058280289,0.015422190400000002,0.0313996342,0.0283849842,0.6043356198612553,0.2932402642907991,0.6188142260221119,0.24375579321173463,0.795639286646131,0.6865213271225172,0.58106558051941,0.7442675467451999,0.5458095209155214,0.8131258643746174
Rps12-ps19,0.0076124897606903,0.005146662400000002,0.0091842612,0.013013167600000004,0.0235229448,0.4315703110393472,0.7878931217324674,0.5870660629201108,0.6645273578353685,0.4221870322431368,0.6187534870533125,0.8111519592743853,0.7397986971757493,0.7397677947616387,0.6484577215211229
Rps12-ps4,0.03359693117035269,-0.023385712480000004,-0.005597643940000001,0.0053001666000000005,0.0042443768000000005,0.15404177966756016,0.3678125135169505,0.46452357530189725,0.7536830481967906,0.12284796052995402,0.4145899747050159,0.6019386228406475,0.7112967913044496,0.784730318854713,0.3717416593043077
Rps15a-ps5,0.0176148652252834,0.015445610579999996,0.0054793757,0.019119308600000003,0.00175624518,0.5513265148490818,0.229319932364004,0.5056164035699149,0.04795755458482761,0.5451425153051355,0.6707691305062518,0.5296379232579231,0.7168416161982867,0.1973474591322552,0.6919762775735281
Rps15a-ps8,0.007465084229538822,-0.032664661375,-0.00560499212,0.0010077332000000005,-0.02368321162,0.5615068187310042,0.26716324170637734,0.2502862668345866,0.15090591024450734,0.7806409602590382,0.6707691305062518,0.5646859426975702,0.6505288210182132,0.4355680274643429,0.8046249247689733
Rps24-ps3,0.03336314602289474,0.0578949838,0.029293462800000003,0.030803633200000003,0.0303324066,0.383834426566099,0.15605717599879396,0.3344926396184226,0.0669399581410072,0.03102833114051452,0.5975993583255671,0.42452975693609757,0.6918790858347537,0.2523983971211219,0.14007935903241991
Rps6-ps1,0.015576838080017719,0.0117604672,-0.00756528626,-0.0014140459600000001,-0.0009721198000000007,0.1407201424269107,0.5155361890001469,0.4099596914803032,0.6961193083942382,0.4319819300571167,0.3949790718018922,0.6449981916190178,0.7051711092663662,0.752197083818716,0.6489614096018808
Rps6-ps2,0.01515845392695438,0.017733434200000002,-0.01606644264,0.011323561060000003,0.0026790919480000016,0.28415603527726957,0.3176149910253448,0.3585031461711876,0.7620624048434002,0.8646106224480394,0.5385837896899335,0.5886792086053216,0.7019716352085735,0.7898046469216516,0.8677207326007302
Rps6ka2,0.05358766133705188,0.049530599999999994,0.01650936134,0.038254891,0.04210508387999999,0.5225149666866844,0.3355972519686939,0.7125354354598135,0.44912854254980694,0.4697892555931166,0.6578595474078743,0.5907267209325682,0.7822048076429348,0.6432590522145593,0.6596613148285196
Rpsa-ps10,0.03428696170780612,0.02065925556,0.0119045722,0.02360654786,0.042783541800000005,0.5141189425839781,0.3597491767832976,0.5537913045837615,0.5974251001783251,0.24133820958766058,0.6514041098134872,0.6011219030126814,0.7238444745900018,0.7038948072890163,0.5285193129902457
Rpusd1,0.0315383585848489,0.0354715978,0.0251628806,0.019899935200000003,0.026863683399999998,0.27531922724637375,0.6879247572259611,0.7850407755475932,0.5508254439528866,0.44689297272139106,0.5350465311749074,0.7384017644238947,0.8227887918023236,0.6806036264962593,0.653649711171051
Rrm2,0.2560644022391726,0.1077967012,0.0600960738,0.13332930999999998,0.135335028,1.118355108275997e-21,4.7028322592794656e-07,2.653979031380734e-05,4.9401751452283113e-08,1.410342280051148e-07,2.1668130222847442e-20,6.189104718580052e-06,0.0007374607737206341,8.807334280631705e-07,2.4592843508391895e-06
Rtkn,0.014164331845437939,-0.01059226986,-0.012856289859999998,0.0189888122,0.0032292133999999987,0.52152295240142,0.2732427983295803,0.5229630026906347,0.6656724466738473,0.518298991982048,0.657797937251339,0.5706193168709051,0.7199768137930461,0.7397677947616387,0.683390447840224
Rtp3,0.02855376285394844,-0.0093672436,-0.0024837471999999998,0.00550605766,0.01753662,0.31388316429389107,0.4648718840652516,0.5567712554499706,0.5822388117588893,0.3791637465079536,0.5549645300253208,0.631447203769256,0.7238444745900018,0.6962458075948613,0.6268133736386102
Rtp4,0.02346480079495584,-0.0256248022,0.024796070019999998,0.013413566299999999,-0.00929382614,0.5437816061761385,0.62440969447432,0.7848565916280409,0.13345091261355324,0.7022768332674105,0.6664685542347939,0.7018948620400294,0.8227887918023236,0.40736110086631677,0.7535970633907982
Rufy2,0.049746211325055176,0.087633551,0.0191491964,0.043292556620000006,0.034323031738,0.16099799625871436,0.07999722021875656,0.8111836130476328,0.41416822918514634,0.6975082963737091,0.42216579846035057,0.2755459807534948,0.8400899333344081,0.6334422819355006,0.7531146079267216
Rundc3b,0.020860999896828658,0.031249055999999997,-0.003420105899999998,0.0166989177,-0.0019786499,0.44685020174222456,0.6968676997735785,0.49586163500858793,0.4087933885435385,0.9348615185665478,0.6223636694061372,0.7447978681946438,0.7163564111187761,0.6334422819355006,0.9348615185665478
Runx2os1,0.03492648573596402,0.007682137,-0.013042336400000002,0.010398425600000004,-0.011996643999999999,0.23112237562917656,0.632951393471479,0.6936778421012919,0.26721750008452255,0.6778834308251656,0.5064772663011697,0.7059182944660558,0.777372738592972,0.5665173444041169,0.7418349096256192
Rwdd3,0.06393272488443456,0.035275186800000004,0.017180807256,0.020777462400000002,0.03362961364000001,0.40484721216763353,0.6332822872289767,0.4764257323605142,0.679686364951853,0.32883957523157004,0.6088526224820454,0.7059182944660558,0.7112967913044496,0.7459972298252044,0.6043889426192888
Rxfp1,0.026449103104484777,0.041192053480000004,0.060098235,0.07457548459999999,0.07143820240000001,0.44345187673225456,0.28911840292803037,0.22832765405834263,0.055846743504745305,0.15561330807990364,0.6223636694061372,0.5797048234315816,0.6472792273959911,0.22258916339748488,0.4290129738566513
S100a11,0.07051382593373584,0.11622806719999998,0.054868589,0.128885425,0.11402882440000002,0.3231131975152048,9.57476135147786e-09,0.0024759785918888203,2.4440681035463155e-06,0.007253195536783052,0.5649554285798244,1.8421840504185367e-07,0.030298159084955298,3.459944459018133e-05,0.03967924617181316
S100a7a,0.06714765379945656,0.14336928599999998,0.132006892,0.196736886,0.190592402,0.2598519973154114,6.48193020255291e-06,5.162444130520672e-05,3.216451591519411e-08,1.7413295651580505e-08,0.5220051180735291,6.552385965624138e-05,0.0012416568210476444,6.063445905634566e-07,3.855801179992826e-07
S1pr2,0.02867767409405244,0.0781098502,0.030462281200000003,0.0426834462,0.02328470686,0.6451324766636264,0.02267735423352115,0.3401642297337895,0.16996545960972984,0.24752562596769462,0.7091551950280491,0.09979466610650474,0.6968121886617274,0.4658491933229335,0.5353461212789674
Samd9l,0.00687504103183844,0.0211386062,-0.004130288879999999,-0.01905735646,-0.002863941999999999,0.40406973411648034,0.3208578601235334,0.3035504045131237,0.3637683417608483,0.6983208422001184,0.6088526224820454,0.5887068938632656,0.6757456120467158,0.6150991960683435,0.7534087972692692
Sap18,0.03859476744372562,0.00831661222,0.0030588220800000002,0.0293003494,0.0159975972,0.6056396888790143,0.7231140319032994,0.594093506950357,0.39390147031124173,0.3322991070822284,0.6868840373871747,0.7595964416454086,0.7421311926734153,0.6334422819355006,0.6083428535166779
Sap30,0.12038195195447927,0.0599569554,0.055099385199999996,0.0949933958,0.07507728,0.0009357380811051523,0.2937766925983701,0.6531052211094572,0.015167741206637709,0.006291172278090957,0.0067286320780499355,0.5813028172691153,0.759234819539744,0.07722262402649491,0.0348261322537178
Sapcd2,0.2946899945889319,0.07740111279999999,-0.010752164800000002,0.09439725600000001,0.1047606382,5.0219969365221795e-23,0.02566823768821513,0.29680114870148155,0.029943804167892857,0.007585050846425802,1.045624735290812e-21,0.1115488834114022,0.6757456120467158,0.1351831935734969,0.04133260129204685
Sart3,0.035664135317571066,0.037314218200000006,0.0368048386,0.0366803838,0.02479619264,0.5032976284942645,0.08255946447021349,0.2820597991268755,0.3418065562705757,0.14913192141700982,0.6470621425865901,0.2802200801361261,0.6736568469493242,0.6000435861305105,0.416127141449082
Scamp5,0.07121542311555248,0.054434273,0.0488607978,0.010452153599999998,0.020105865,0.08872774101092747,0.13932299509026333,0.08648991615553897,0.36901435020786694,0.4053401013553116,0.297536535361163,0.3950316629083686,0.4248360318203411,0.6175994084579571,0.6398114708791759
Scd1,0.05508764830314762,0.16298464799999998,0.099566716,0.15215534199999997,0.1310053752,0.0032403380777772657,2.6944473989296574e-19,0.00027439703640495463,1.2297722208671343e-10,2.4146955769434512e-12,0.020270276316140295,2.4377294556668745e-17,0.004668095924206241,3.574025516895109e-09,1.2030358320843266e-10
Scd2,0.13512138944017668,0.1054180512,0.06393363240000001,0.1396528448,0.13745130200000003,7.107824005206265e-06,0.00032929974913182577,0.021677274817493552,2.47181338363147e-06,8.255668193142273e-08,6.933856284799119e-05,0.0023437405614229433,0.16707070922874864,3.459944459018133e-05,1.5153496222938776e-06
Scnm1,0.01098536128866898,0.041736213,0.015397726,0.056853663199999994,0.06523656559999999,0.26015490610472924,0.2626396330763513,0.6966230422420336,0.18839551335055765,0.25448630996051236,0.5220051180735291,0.5595741308215844,0.777372738592972,0.49542728334005653,0.5411713451141993
Scnn1a,0.024830016101452655,-4.279160000000004e-05,-0.01057334544,0.025694139999999997,0.02078510602,0.4308823339065677,0.5547230622784118,0.3107613544456968,0.21536755292628965,0.788189438556642,0.6187534870533125,0.6676778877294085,0.6816227821568349,0.5215932922433577,0.8090686289819835
Sdcbp,-0.0013900585563720008,0.05099262526,0.035126305200000006,0.053687532999999996,0.004070785780000001,0.2640574649462141,0.2898978322361416,0.2548238126588324,0.03821726767365973,0.3937084753606013,0.5269816360514573,0.5800576393207785,0.6534544460644691,0.16818008960490638,0.6359976193966063
Sdhaf3,0.00957411528082692,-0.00538467238,0.0038432992999999998,0.02749242314,0.028291476,0.29552530594763615,0.37261876800415006,0.7298098015822794,0.2763099573033647,0.3085498345166117,0.5474782556850697,0.607110698813545,0.7886016058925482,0.5724547994260276,0.5879205639779265
Sdhaf4,0.12695614485376872,0.0838279072,0.07473322460000001,0.10726304039999998,0.0858566626,0.0026286910255861893,0.03732665081866698,0.22229278671717548,0.08284159670617595,0.04823234828292201,0.016821210920608873,0.14919965012045971,0.6472792273959911,0.29109326802296087,0.19837267464715552
Sdhb,0.039305936747041345,0.0933273178,0.043474654,0.11753533999999999,0.11155479539999999,0.16433359940223907,3.392766582128208e-06,0.2667859494310344,0.005777912566760869,0.0005855077452639437,0.42452846512245096,3.5855374106582194e-05,0.663505862376943,0.03316949806844202,0.004276352380330898
Sec13,0.029381630916416417,0.13107032100000002,0.0518125586,0.12266289999999999,0.1541093,0.2158258186200374,2.2096488562937777e-07,0.044795763401905,3.224366474901114e-05,3.362967184256793e-07,0.49195591008979117,3.022942407416369e-06,0.27051986989462107,0.0003123605022560454,5.27116766521149e-06
Sec23b,0.07384886000080265,0.0839328152,0.057023752799999994,0.031333608,0.05904685159999999,0.0532180084860088,0.049467983860984686,0.4099077916542046,0.18929228818655924,0.3265602781659222,0.20451548715697598,0.18906256845499625,0.7051711092663662,0.49542728334005653,0.6025814656633087
Selenok,0.0623447816175985,0.0345444014,0.0142694598,0.0264139006,0.08589105279999999,0.3534774427805608,0.005942788543616187,0.599219733720586,0.29158301326889785,0.03445616109778347,0.5869324226809005,0.03225754870951199,0.7422029543137081,0.5797707165646411,0.15307753099174504
Selenom,0.04598300425899328,0.06312292165999998,0.03771852448,0.04462383828,0.0033063907999999987,0.3299749795646869,0.007530585761698244,0.07114861997146285,0.15598931438193991,0.1198068047777158,0.5712845625732195,0.03949310953973327,0.3793222569218384,0.4440920276791963,0.366514238300249
Selenow,0.00354671293456084,0.0230703122,-0.008399911000000001,0.008066937399999998,-0.016718160200000002,0.9069571623935513,0.13885528524373558,0.4686564223960058,0.34410216337821753,0.40645137525038044,0.9076077772876644,0.3950316629083686,0.7112967913044496,0.6000435861305105,0.6398114708791759
Selp,0.03766674888119899,0.029091341599999997,0.01797645406,0.032366411299999995,-0.0191643226,0.6269418860248401,0.6385960834844338,0.8992142862727719,0.3853609530114821,0.3132036136603156,0.6987649518729453,0.7092687392203703,0.9050533400797379,0.6280692635075651,0.5925623441503928
Sema3a,0.08328868984759272,0.1261133478,0.08815891420000002,0.09361563479999999,0.1175669646,0.005704034590557957,0.0004241851760569299,0.010300072271870549,4.004686998816308e-05,5.5527418522978905e-06,0.032880695263753514,0.0029293976267297877,0.09036855861169443,0.000377468808334375,6.620576823893638e-05
Sema3c,0.09732804086629843,0.1098935602,0.0687832342,0.109510394,0.13961437399999999,0.014411445984309327,4.65025763076639e-06,0.05023608326585523,9.021568726506372e-06,2.3358009310725004e-07,0.07364090530443776,4.8052662184586034e-05,0.29569340150155293,0.00010665329130064736,3.879097974816831e-06
Sept1,0.02920399219925814,0.0179156486,0.008003758,0.027521059200000003,0.021136898140000002,0.2999002492357484,0.24497635245484947,0.3463745015365728,0.4187850935058338,0.7123195653818722,0.5516869209520022,0.5450430808205982,0.7013911651874567,0.6334422819355006,0.7576195644745242
Serf1,0.015014196006460239,0.0014597731200000018,0.006375480400000003,0.01908506304,0.001101982,0.6482210467677512,0.277250790954758,0.3320687386824342,0.5281824877183394,0.7181993474428743,0.7114621245011903,0.572137357073798,0.6918790858347537,0.6727280052549199,0.7613759879816594
Serhl,-0.01187098330239284,-0.019985244399999998,0.0011026294000000005,0.04244305574,0.04062702159999999,0.485611241153609,0.32384182978450043,0.19034209734610472,0.3415248301179518,0.24608694454705057,0.6406162356594759,0.5894820958689049,0.640076801555444,0.6000435861305105,0.5347216318428902
Serpina1a,0.028987620990267405,0.03880231099999999,0.014145840560000001,0.023609927800000003,0.0134850692,0.11524454789136906,0.06499607320319821,0.5721186175128299,0.05531862431274151,0.3650705503004565,0.34949161806186924,0.23550525225574417,0.730197137630739,0.22111599116411007,0.6264125678587169
Serpinb8,0.18741703175340238,-0.004481908800000001,0.044051817400000005,0.017993062400000003,0.0025494232433999993,1.4585265742362715e-08,0.11100104405194498,0.0466614246254529,0.04872578261665442,0.23141690382414543,1.7692561487474771e-07,0.34107148998339926,0.2793677568777116,0.19991901985362623,0.5244654012866745
Serpinb9b,0.01033493645523892,0.012136379000000001,0.011100189199999999,0.0901886258,0.03888033568,0.5791089532056439,0.2595411302534121,0.44749584170868717,0.11222634010412014,0.5127046426166486,0.6754657104697936,0.5581305542619134,0.7109744123266357,0.36618507158479097,0.6821334152905031
Serpine1,-0.011369300234125598,0.0445688964,0.0704780746,0.0407666701,0.025021226539999997,0.09494508068644833,0.2803545129889616,0.07679456718590819,0.06602083882470071,0.08399197313000592,0.31005323665584844,0.5728466807988425,0.3971848375942148,0.25163680371709696,0.2921915274722151
Serpine3,-0.02432370331289264,-0.0048912395,-0.01203407326,-0.0339975798,-0.026514766000000002,0.7014846661817025,0.4335042192996183,0.8132026623640158,0.41293590935507246,0.6533974970700231,0.7447268716312595,0.6250598230333035,0.8409323306136413,0.6334422819355006,0.7350721842037761
Serpinf1,0.00592600800945642,0.11932166739999998,0.048294465999999994,0.0806413476,0.1300551508,0.45948283770032816,0.00013608163697012216,0.007281252050562222,0.0002670396367402182,7.816822847976309e-07,0.6257599580674806,0.0010664824919849462,0.0752396045224763,0.0021658156584453744,1.1583394485690435e-05
Setdb2,0.04545601871698092,0.0560182624,0.03869364918,0.0448878663,0.0449633818,0.24019123001041967,0.12987835570744238,0.49927033470292115,0.21964289639769025,0.15090438355432478,0.5099108875501227,0.3798329270689353,0.7163564111187761,0.5219792853062656,0.418512157173525
Sgo1,0.4970928311002461,0.232767208,0.145559124,0.230985994,0.218741908,1.1914890356749597e-62,2.214941920048475e-15,1.6215804322429517e-06,3.240968269099353e-14,1.884425088842136e-10,5.540424015888562e-61,1.0299479928225406e-13,6.653249126408581e-05,2.2605753676967987e-12,6.113425578918093e-09
Sgo2a,0.5215921377893513,0.234309284,0.1001975074,0.216512224,0.201276052,9.897740341766891e-69,3.3288028277951507e-18,0.000860278351171023,1.0078166971783136e-14,1.4070786382066634e-10,5.310518375678774e-67,2.3218399723871174e-16,0.012122104039228051,8.270025250374985e-13,4.673511191186418e-09
Sgsh,0.011778673829423759,0.011314802000000002,0.029465226899999995,0.00966622276,0.0360478146,0.5362338766194226,0.5905128234761619,0.5482915486921318,0.4353175519703862,0.3704024369010719,0.6624670220626351,0.6902113612186277,0.722936399267981,0.6364968217877089,0.6268133736386102
Sgta,0.0651781635955612,0.0715644399,0.041013742080000005,0.072669134,0.02597674362,0.0565012927265897,0.013221930349460698,0.47982106422932624,0.06838815179627168,0.05053925043033064,0.21065004249585056,0.064411829247643,0.7112967913044496,0.2562194590136731,0.20492072851145146
Sgtb,0.06304174740127932,0.014413338719999998,0.014391584760000003,0.02519150926,0.030309602400000003,0.2139038075416727,0.6123553043363983,0.7552156398910029,0.4974667765795633,0.1865646342616889,0.49195591008979117,0.6978492352293296,0.8040731727589118,0.6588375096487119,0.4748506201632734
Sh3bgrl2,0.037182531194881664,0.0256206716,0.006337820199999999,0.0159660719,0.00807827774,0.6148764142065568,0.31934129286167895,0.21196152120673753,0.7535433035125328,0.5265748983738929,0.6895117345805037,0.5886792086053216,0.6452671800536759,0.784730318854713,0.6886658809918551
Sh3bp1,0.10466134415718908,0.03287137061999999,0.0484897722,0.027360499599999998,0.0245439672,0.02705242935104838,0.17449468042291333,0.05692719934154982,0.43975407495403135,0.2071516443418557,0.12454831334888611,0.4488693570318489,0.3241365023733143,0.6390176401675768,0.4957593962732339
Sh3bp4,-0.01193569827643802,-0.01549177304,0.033344430200000004,0.011665989399999998,0.0031275417,0.4560829100872622,0.695559439640699,0.524418024022421,0.6531215943508946,0.41610728554205556,0.6255590785840981,0.7440992471616373,0.7199768137930461,0.7318109430678699,0.6451918684496133
Sh3d21,0.010373022287189879,-0.0016620992000000016,0.013116901800000002,-0.004971878100000001,0.01195544142,0.23578067893631668,0.4552477883024263,0.7573850530503298,0.377693779304037,0.5065850882810903,0.5082879845181848,0.6292145641906591,0.8040731727589118,0.6242687465984972,0.6801599597229268
Sh3gl3,0.05259700981514108,0.073321693,0.006253366199999999,0.071918489,0.03715405294,0.5622421108970106,0.10129485928276194,0.22838622510828044,0.3564724257034646,0.4589698904856224,0.6707691305062518,0.3218822977208495,0.6472792273959911,0.6094461623068582,0.6596613148285196
Shroom4,0.01468708435446334,0.06212861375999999,0.00828742474,0.05312870979999999,0.034776686,0.24339431326007127,0.07058419233007972,0.7955729406174179,0.07256785594423698,0.10258327056315039,0.5121192564069372,0.25071508893264044,0.8290269808792974,0.2657012048351984,0.3351348184551679
Sin3b,-0.057548372420567775,0.10520080999999999,0.056597890799999995,0.066342349,0.09425718899999999,0.07866436047756063,6.067657524873216e-05,0.0019825843228945725,0.0029845672589040675,0.0005378785583406518,0.2751081684807169,0.0005099025450119359,0.024916262436377734,0.018839236770005312,0.00394916099413268
Six1,0.0357387608223408,0.019597627200000002,0.01071549104,0.0478192566,0.017301092,0.6892867207598294,0.7116604906678494,0.6507694731756519,0.39172128300805736,0.3770133801649161,0.7379547010437161,0.7524190843625264,0.7577824833723159,0.6334422819355006,0.6268133736386102
Skida1,0.04637358654757076,-0.015145427956,-0.0127639506,-0.01556609058,0.010782225239999998,0.30584758277458485,0.5369023938851327,0.6336963961503641,0.7940130368708859,0.3928482182273584,0.5541313823849575,0.6570325690171663,0.7485095364726783,0.8168496950109777,0.6358263973952275
Slc11a2,0.05552911348052856,0.0145767026,0.0173134098,0.0126526463,0.026574390800000004,0.1559634259681051,0.4721225813365165,0.6628472537837167,0.5370939500350433,0.630805105420255,0.4167988107768326,0.631694628897757,0.7624683183198516,0.6753905718078647,0.7251463294847162
Slc17a9,0.00751613904015572,-0.0044624721999999995,0.0372994006,0.0085932984,0.013914270720000002,0.6490402411317813,0.4073294624579433,0.4038107409733157,0.6104662206852549,0.4971260149054548,0.7118012078449959,0.6176354349226423,0.7041611757761018,0.7100186066926047,0.6778991112347111
Slc1a1,0.02856573019009926,-0.000830090094,0.006298514,0.021319339799999996,0.018581313999999998,0.515523569013616,0.4274735715268534,0.4174780781625577,0.1663521865259388,0.41727375052024235,0.6525910878166917,0.6250598230333035,0.706956420259207,0.4595273271360092,0.6460564727810633
Slc24a5,0.057088670554269895,0.0237391932,0.028093282379999994,0.042103202299999996,0.030528072,0.34309976809775844,0.09154053576588564,0.3248222611199286,0.32259606718551237,0.43005446568848094,0.5754937114982464,0.2984614550350137,0.6918790858347537,0.5962402328321305,0.6489614096018808
Slc25a10,0.06471930354380247,-0.009052274460000002,0.02650566714,0.003538233760000001,0.014704186519999999,0.025144517901296355,0.2030630987620118,0.20956330559763828,0.5742126851152545,0.6098305635083987,0.11770671970573293,0.4935912868114553,0.6452671800536759,0.6916590305481933,0.7172493520805362
Slc25a22,0.03308915417934052,-0.0095999442,0.019122028,-0.0010050129600000005,-0.006872140064000001,0.45818195753866064,0.41324108441899415,0.26969247716602884,0.8198401803644606,0.31548688551431125,0.6255590785840981,0.6211041440958266,0.6670585206500181,0.8345485503033117,0.5925623441503928
Slc25a28,0.05115386202009348,0.029443476999999996,0.0258960392,0.0285613143,0.0148829416,0.15557522492893286,0.4239540717106512,0.11288283124907254,0.11327824576169607,0.01598011881239371,0.4165593834469507,0.6249015894815034,0.4873080219944806,0.3666430460268353,0.07933190655974813
Slc25a30,-0.00922192359000248,0.041024461,-0.00586228942,0.031314184374,0.0179456426,0.6085995053213704,0.4676510081172437,0.3835959617423272,0.45161483993454754,0.6217768321670389,0.6881405440043049,0.631694628897757,0.703428322055141,0.6454945714228421,0.7227539262406929
Slc25a5,0.07103297166924452,0.1134174694,0.05438395060000001,0.11940389119999999,0.12370880199999998,0.10778117239866983,1.7341989099429526e-07,0.07687448469565447,2.335563064589229e-05,1.9735828764948975e-05,0.3363640615126273,2.520007791010853e-06,0.3971848375942148,0.00023781828285415873,0.00020095971625623226
Slc29a3,0.04651101535688668,0.013529730600000001,0.015109670279999998,0.026071335079999997,0.0037105116999999995,0.4473276735031362,0.49793465081763133,0.36294661192353384,0.25362783522153937,0.11091733251781417,0.6223636694061372,0.6398384749125662,0.7019716352085735,0.5560231399378148,0.349006346551159
Slc2a10,0.014979300445587863,0.031391779599999996,0.0032347700000000005,0.0026474503799999998,0.00794401396,0.7294843283074022,0.6212456367654409,0.5126348015981796,0.36729306520997007,0.7518034938640866,0.7622701408156,0.7011631579998301,0.7184053542286957,0.6165750011647512,0.7844172579958121
Slc2a6,0.05383155334510592,0.020341916199999997,0.0208752122,0.015780918799999998,-0.0206321106,0.14618570504071152,0.21639665599742483,0.5712954613321544,0.7514185671663085,0.6642167375036443,0.4054255636814962,0.5116497205362841,0.7298142569215708,0.7840156329072553,0.7389013945913746
Slc35e3,0.024971154163488902,0.0236605077,0.024480181799999997,0.030495688340000004,0.022748794920000003,0.5112019929621681,0.3847504327881723,0.4595195261494024,0.3853959064963983,0.2827777086879025,0.6500699910503414,0.6116769082440225,0.7109744123266357,0.6280692635075651,0.5635355765994629
Slc5a4b,0.0378995901943826,0.033335809800000005,0.020933918300000003,0.054951780400000004,0.025767869600000003,0.31222026276313736,0.37949915209115853,0.6807915600692316,0.12963915336760923,0.30605333996927847,0.5541313823849575,0.6103947289061528,0.772305716677567,0.39911408514905455,0.5879205639779265
Slc7a11,0.04783829501159114,0.0514645264,0.0413058974,0.05144590360000001,0.0593428862,0.4274773424092058,0.15566292987574243,0.38777465426515434,0.25112313312852125,0.1624887073063814,0.6173197646592569,0.42452975693609757,0.7041611757761018,0.5560231399378148,0.4401393139658292
Slc9a5,0.05043815307186298,0.041145687400000006,0.0344041212,0.037025503,0.023277330600000003,0.2060251763849704,0.23089760245000374,0.24431771593950136,0.37510079525935336,0.728306634898721,0.4879543651222983,0.5312325292008135,0.6505288210182132,0.6224123512868217,0.7674888945750815
Slc9b1,0.0298425952703475,-0.0115780181,-0.0076384728,0.0336706182,0.014803504599999998,0.5593733773473237,0.23789699019916807,0.8290664957595001,0.3351423942883455,0.6436743549431028,0.6707691305062518,0.5378708287323168,0.8485310062982411,0.6000435861305105,0.7313701865457837
Slfn9,0.3892541692674379,0.1252182708,0.120426222,0.147418829,0.133098397,8.244143484596413e-42,1.0169198163327814e-05,0.00019921161168729855,5.665480805458393e-06,3.2369713971845805e-05,2.3959542002108326e-40,9.588157514600394e-05,0.0036090934844646948,7.056558681798624e-05,0.0003202535531257085
Slit2,0.153641013569233,0.11582816,0.0896459944,0.12444654400000002,0.137395918,2.040430174158789e-06,2.282367157151727e-06,0.0013954927998117766,9.221911502921758e-06,4.411602070856523e-06,2.0776643014244602e-05,2.4874235814270776e-05,0.018900120929489596,0.00010810560123172984,5.3984077972323236e-05
Slpi,-0.0016821373732448998,0.10029615280000001,0.0519972324,0.090561415,0.11012582239999999,0.36286054735837386,0.00015566563782464066,0.033596551778885916,0.0017954924844305366,0.00020982334320965445,0.5894148414008341,0.0011997434517423964,0.22317709395974214,0.011759211341692952,0.0017017649056829533
Slu7,0.01665180667776732,0.038530452459999996,0.06318355839999999,0.026615454,-0.006429954199999999,0.47771855742229796,0.03565081246302267,0.03888546915318369,0.15499799600385486,0.5263309713778863,0.6375975195552863,0.14415328517656995,0.24284510007782226,0.4439880994360935,0.6886658809918551
Slurp1,0.042092313803265,0.0916379124,0.0597464886,0.049760024,0.03668316494,0.2828513157297639,4.599974369880897e-05,0.022641823695191517,0.025143102125819095,0.07964499360815964,0.5383545546050156,0.00039518422423683,0.17163753557418782,0.1157578464208503,0.28127788881869037
Smc4,0.5592679539034898,0.214233352,0.0876756916,0.191815436,0.184676806,1.1169144653531895e-79,2.4025920675193693e-14,4.222405036512441e-05,4.214256305995971e-13,5.6055627214085116e-12,8.200503574566838e-78,1.0156411921786426e-12,0.0010907879677657139,2.2334607791303207e-11,2.299929410695551e-10
Smim14,-0.04486159548005365,0.023960671224,0.0037182200799999996,-0.015335921159999998,0.021052510000000003,0.32317880430587803,0.376584033160535,0.6964997211323356,0.8242446373279151,0.7289769070336796,0.5649554285798244,0.610388519441847,0.777372738592972,0.8374517618881585,0.7674888945750815
Smim20,0.01724835068417994,0.0186775002,0.012840930799999997,0.002161417999999999,0.008973281960000001,0.20020636280030127,0.41009097896218544,0.3200720386186717,0.7406230211320672,0.18721709038695367,0.4789089620984577,0.6184615304348634,0.6918790858347537,0.779750275078667,0.4748506201632734
Smim26,0.05764020230158038,0.0709286834,0.0379779984,0.069682188,0.062150680199999996,0.07868685249018353,0.014399918802723824,0.19978135182615114,0.012254706191354185,0.013445674087793175,0.2751081684807169,0.06855934037474312,0.644362197598454,0.06451062315826071,0.0684551655199689
Smoc1,0.04605856376401786,0.029025259699999993,0.0162137369,0.0013265290000000012,0.005539493000000001,0.3856391793184202,0.3543516864399221,0.3922232945466055,0.3936788088233671,0.6784750380558908,0.5990719990525569,0.5989089788810205,0.7041611757761018,0.6334422819355006,0.7418349096256192
Smpdl3b,0.00899220510221786,-0.0004507251119999993,0.025591999966,0.03622592214,0.006913254599999999,0.31013812187406004,0.7320474629774483,0.5751527977323092,0.41108421786734567,0.4222005749189046,0.5541313823849575,0.7666713294696249,0.7333986771815094,0.6334422819355006,0.6484577215211229
Snapc5,0.004430076061665082,0.00538586038,-0.0091854374,-0.02315477014,-0.0115284467,0.3706606749648299,0.7300569134302944,0.4713896340428808,0.27965288693676027,0.3823603340898713,0.5909390189439288,0.7651610775621794,0.7112967913044496,0.5729342013846509,0.627555370017894
Sned1,0.1631971560875351,0.0704789384,0.0220412046,0.078773021,0.03512661856,3.610911268568499e-06,0.10354153878909289,0.13901923173284852,0.023273479517487435,0.05067931995444499,3.6239001580237816e-05,0.3271614056630522,0.5432264097123913,0.1089479997546811,0.20492072851145146
Snhg10,0.04546265770113171,-0.0008471956800000007,0.014803161200000003,0.017603772119999996,-0.01141646316,0.31049849750306313,0.30076903334838456,0.8283117147431625,0.2405201668648743,0.27423708135193214,0.5541313823849575,0.5830381800485782,0.8484607025272868,0.5441319761941211,0.5592993106519669
Snhg20,0.0597696281431084,0.0604863446,0.03566148424,0.047720284599999996,0.03991495844,0.16342504413765466,0.02454752294300468,0.1131812180116213,0.2400938270631065,0.16956027508983898,0.42452846512245096,0.10734731819903301,0.4873080219944806,0.5441319761941211,0.44827261612337554
Snord104,0.0038910197882382007,0.007960860399999999,0.004632103520000001,-0.0029935654800000004,0.0036480072400000008,0.8100704064623594,0.3791719649032277,0.45487999556254954,0.28637172340863504,0.48907396060998365,0.8212559716678716,0.6103947289061528,0.7109744123266357,0.5758255716923576,0.6735026407215471
Snrnp35,0.08238395003755791,0.0310309578,0.008083589999999998,0.025188548200000004,0.04705162760000001,0.17286763589751888,0.40938070248715286,0.4568466986571912,0.7174050684080544,0.43836657304021776,0.4384551855946161,0.6182652549611383,0.7109744123266357,0.7642760084633192,0.6507701761857821
Sntg1,0.10061128599178229,0.0722952108,0.0866003246,0.081504007,0.06276916159999998,0.0018613224343139371,0.010001618471349309,0.03180076260868748,0.013017864353701223,0.041275640978078815,0.012543694666028707,0.05107130938344538,0.21430948714550258,0.06776089840825823,0.17501373606206672
Snx1,0.025577359507457702,0.0342421157,0.05773633468,0.0474666232,0.025938255,0.31166323639046767,0.06390588538901149,0.09214495928614004,0.10117908695908014,0.03681774066529222,0.5541313823849575,0.2321580992647683,0.43866291935971585,0.33766704858353297,0.16050233821275828
Sod3,0.014451991895092501,0.0284232066,0.021112808000000004,-0.008236684599999999,0.024460788199999996,0.38527474930250266,0.45015828507680256,0.7391631131210104,0.5064658755875453,0.5088154191097713,0.5990719990525569,0.6283413301575199,0.7962413457944475,0.6605794694294607,0.6805345250797038
Sorbs1,0.20281287790205624,0.10492000099999998,0.12835053800000001,0.12399224799999997,0.09765524299999999,7.755861896194724e-10,0.0077255147860811665,0.008926386371732497,0.00046040274984470277,0.0013369193183111444,1.01116143413006e-08,0.040363644668851034,0.08470958495623696,0.0034716856001803264,0.008714964715159096
Sorbs3,0.047724842475658516,0.028661796,-0.00885819066,0.016685566196,-0.006219386839999999,0.2836491739316749,0.4158503731795713,0.8139614078042081,0.5670183738968801,0.6315790611641077,0.5383545546050156,0.6211041440958266,0.841093454731015,0.6866238121407533,0.7251463294847162
Sox4,0.16150553574012944,0.1260611256,0.0694294482,0.119088499,0.120943092,7.407273898210936e-05,8.96746134260693e-05,0.06148380169566527,0.0028714625885977404,0.001798226969118988,0.0006539966511395098,0.0007315560568968812,0.33901147575277885,0.018207683232244764,0.011248998304578423
Sox6,0.15977648923573043,0.101328865,0.038256943599999996,0.11422479519999999,0.10704211999999999,5.2502391794265565e-06,0.016798704033366644,0.21999654061191412,0.016547404939636867,0.011721617334232803,5.157805391056371e-05,0.07759666267068367,0.6472792273959911,0.08273702469818432,0.061013642467368505
Sox9,0.265832093301166,0.246916482,0.15115470600000003,0.22637742600000005,0.21564394999999997,5.929628902331085e-16,2.6369385333639053e-22,4.957842569725221e-09,1.7431844429015557e-14,3.892638341759743e-14,9.731567433825723e-15,5.255041791489497e-20,4.94013598911906e-07,1.2798643672882473e-12,2.9959069966735273e-12
Sp100,0.02168587621117488,0.0088494622,-0.00244703048,0.01152064988,0.053920468,0.7162278434739968,0.4188456437598377,0.700533828372107,0.5618219597886756,0.4290829964444746,0.755206229513398,0.6235748911899398,0.7787372747321508,0.6833705998905432,0.6489614096018808
Spag1,-0.02656857326911306,0.01171798871,0.02642721066,0.001521012799999999,0.01191685314,0.33452539640408047,0.45453706057923726,0.4677645429113646,0.38207697061275275,0.5710030580088266,0.5732959803239462,0.6292145641906591,0.7112967913044496,0.6280692635075651,0.700194656373436
Spata7,0.07097502617950127,0.1340387732,0.12243811199999999,0.10948488999999999,0.1281090232,0.049228505489376635,9.092998716377809e-06,8.524557100946196e-05,0.00012041006032396443,4.285336384029013e-05,0.194543244072749,8.808842506491003e-05,0.00177488912773432,0.0010767438086662204,0.00041227891418761886
Spc25,0.5987585223529548,0.312156296,0.178185698,0.28971964000000006,0.27510880800000004,3.0314796664073605e-102,3.1139637824450206e-29,3.6509052012527703e-09,2.7310102684286255e-23,1.5189598881168163e-17,4.698793482931409e-100,1.0859948691277009e-26,3.952404373472627e-07,7.619518648915866e-21,2.6486863049036986e-15
Spdl1,0.35844217012415003,0.164073678,0.077600508,0.16878110799999999,0.16072356999999998,5.313822865839637e-31,1.4699259508540409e-06,0.04858540930068781,1.224531484629455e-07,2.072068100544089e-05,1.2564038809908973e-29,1.7231484886062076e-05,0.28718917785787923,2.0335969298310593e-06,0.0002092002744085072
Spg11,0.0169230996504027,0.03270594602,0.0354204524,0.0104011239,-0.0099595986,0.35696463289226626,0.2339523693066486,0.6011116691458935,0.5845033975812235,0.37214327553535037,0.5869324226809005,0.5324038420599915,0.7422029543137081,0.6962458075948613,0.6268133736386102
Spink10,0.03139941590210288,0.0436167902,0.0375371856,0.0422153538,0.03761387992,0.20087641192906724,0.49402717607660473,0.43388419698308994,0.3363883895714981,0.4803457778103325,0.4790129822923911,0.6398384749125662,0.7102622422112789,0.6000435861305105,0.6653279575014309
Spink6,0.00397042686962462,0.028375066800000005,0.0014612336000000017,0.016706506200000002,-0.006331782359999999,0.2753859565473717,0.28425522701106437,0.08058171954953107,0.6050200522008231,0.4225434185395704,0.5350465311749074,0.5730289619659462,0.40464065208797495,0.7068701614909114,0.6484577215211229
Spint2,-0.01055969662635204,0.00403507088,0.007263466520000003,0.025006307,-0.00440925768,0.735803897126063,0.8644167508384533,0.507603531693849,0.7606463427217444,0.7643536353534381,0.7665768756466451,0.8719171131016936,0.7181611832788228,0.7898046469216516,0.7933581259806891
Spp1,0.0437268924854029,0.0310819328,0.03668599852,0.025981234260000003,0.07643165119999999,0.20839114330586725,0.19009874861708692,0.40150805779645665,0.28646806218960297,0.06599286740680264,0.48940344261226404,0.4752468715427173,0.7041611757761018,0.5758255716923576,0.25016317943611327
Sppl2b,0.056874008034830524,0.016791749,0.003928822799999999,0.0268901218,0.035822998159999994,0.08832997848779824,0.3673007030442047,0.6393087213877673,0.7388463689442273,0.5033908939609895,0.2969164337119965,0.6019386228406475,0.7507852163457115,0.7786376326536554,0.6794607353415006
Sra1,0.032177079018828623,0.012429764956,0.014428713800000001,0.0548544794,0.0819065484,0.09661508744101856,0.07063156268855032,0.49243280453701743,0.14253133718930824,0.0012458370665078757,0.3134373185586532,0.25071508893264044,0.7163564111187761,0.42036197754563426,0.008236695297528372
Srpx2,0.06115612876803267,-0.030329819939999995,-0.0178250046,-0.007895619399999998,-0.0050694001,0.3943749242428224,0.5365601097981458,0.3715908689909909,0.4287752797241772,0.6086251725532161,0.6028241864969374,0.6570325690171663,0.7019716352085735,0.6364968217877089,0.7172493520805362
Srrm4,-0.02018803457722678,0.00784158064,-0.0038893484,0.028465716800000002,0.0190350466,0.7722797688450517,0.5421891823703922,0.48104516529349894,0.7438387091275354,0.82565751126789,0.7930862363870488,0.659994685346158,0.7112967913044496,0.7813667162898432,0.8364504199119147
St6galnac3,-0.010966903254827017,0.031129659919999997,0.0241412898,0.0057616664799999984,0.026934629999999998,0.5013972913209819,0.33069117861460834,0.37237205021816805,0.4863135778138056,0.46103876655277853,0.645844156410683,0.5907267209325682,0.7019716352085735,0.6588375096487119,0.6596613148285196
Steap1,0.0406436275448126,0.10735698020000002,0.09641951500000001,0.14467753,0.1463879308,0.4944458555461736,9.640102916168688e-09,0.00043130457690997083,9.141993002225046e-08,3.2683026112221e-08,0.6422271587401417,1.8421840504185367e-07,0.006915745802177119,1.5552536875736511e-06,6.513260203792613e-07
Stk4,0.026581300132918578,0.0851386624,0.0616096366,0.07993119979999999,0.078147996,0.4824416106774091,0.017827493141397005,0.11484578703316031,0.010542210152946417,0.0013346098788523872,0.6396573667693068,0.08153886207294696,0.4920846373422175,0.05684689292667743,0.008714964715159096
Stpg2,0.02841728109332916,0.0033421588139999994,0.00448139566,0.006342946239999999,-0.01252145226,0.343169086038005,0.3950422159191069,0.6249222919653958,0.29403770357849784,0.42804072378425423,0.5754937114982464,0.6116769082440225,0.7470924234658693,0.5818192858042617,0.6489614096018808
Stx1a,0.013560305574899078,0.00019900034000000025,-0.02751536792,-0.0411416224,-0.0007391678919999977,0.727205260503671,0.591702081567177,0.17112991369462302,0.13076095060951456,0.5400585233063848,0.7614428468334157,0.6902113612186277,0.6089954836836712,0.400025276535686,0.6919762775735281
Sulf2,0.06506853294138899,0.053854090599999994,0.05173073100000001,0.07283918939999999,0.086215483,0.2923120762134798,0.2202736055891993,0.5514840185756475,0.12012134360573695,0.042283636655854336,0.5473494581447038,0.5199351604009019,0.7238444745900018,0.3791160052715001,0.17766769016541203
Suox,0.03704432910240544,0.009975253200000003,0.0207816597,0.0289902431,0.043834345000000004,0.3061969544911791,0.32537721420720916,0.7957470447293041,0.39656220823346905,0.1871405736617299,0.5541313823849575,0.5894820958689049,0.8290269808792974,0.6334422819355006,0.4748506201632734
Svep1,0.1387806398676532,0.048071041,0.06118534379999999,0.04787105982,0.060516526,0.00014931678352096375,0.48569319855662774,0.13612765300157378,0.2906929136763141,0.10436622368630305,0.0012398625774508597,0.6398384749125662,0.5364352427604391,0.5797707165646411,0.3377978701679646
Syce3,0.07020617203059207,0.07193830059999999,0.040009670799999994,0.058202865000000006,0.054856390199999994,0.14518965247360666,0.013939648410721537,0.03870912970202662,0.11829594438365731,0.08194262425528168,0.40427058922291675,0.06705451563088465,0.24284510007782226,0.3750519145800045,0.2872109568746682
Syn3,0.08560417141970957,0.0022504580999999995,0.016245622,-0.02039076654,0.02302683486,0.012017825312509528,0.5247841525929391,0.7461986253170299,0.36921725739553335,0.22220729014583304,0.06423320425651644,0.6511824039565647,0.7996124940116826,0.6175994084579571,0.5199197967314301
Sytl3,0.05235625420493031,0.023152624999999996,0.005422293200000002,0.0377545362,0.024178131600000003,0.3886464886402116,0.49930530036154097,0.43167222982461556,0.4563936877586897,0.4440741830893774,0.6013199851311511,0.6398384749125662,0.709279517748894,0.6496624432891552,0.653649711171051
Taf8,0.021784377699576817,0.0396656414,0.0452227156,0.0175541436,0.02979304632,0.5605079962493433,0.38181215965525306,0.3837340165476432,0.6981642116343565,0.3671260389707482,0.6707691305062518,0.6103947289061528,0.703428322055141,0.7538228136454546,0.6268133736386102
Tagln,0.01136731216614564,0.198502298,0.10806588799999998,0.159037558,0.173999023,0.1629121322472684,7.803473283011496e-18,5.8254200722903686e-05,3.000288826661133e-10,8.764630608489753e-13,0.42452846512245096,5.183735823714779e-16,0.001310719516265333,8.206672378808394e-09,4.7025614226320014e-11
Tanc2,0.2922204512257155,0.21215447599999998,0.10025296400000001,0.21557787,0.19711983800000002,1.2862222685935043e-21,9.546681272738431e-17,6.668110578427032e-06,1.0899099965460264e-13,2.931234367092736e-13,2.4579178968327925e-20,5.549008489779213e-15,0.00021632591295129558,7.240116405627175e-12,1.9471771152830316e-11
Tas1r1,0.10147983875352946,0.0197555544,0.0020309625999999996,0.05008386499999999,0.047428181800000004,0.0037751550907361565,0.527002348824329,0.6710501522313056,0.17222251548891665,0.1699901175120184,0.02299712380601283,0.6523232268056245,0.7673073461989108,0.46923908028718503,0.44827261612337554
Tbc1d7,-0.03424639820951778,3.509320000000121e-05,-0.019340168859999996,-0.007318134499999999,-0.016378362599999998,0.32105610505682763,0.4386058151279792,0.7588400592390859,0.528552744203928,0.6939380540798643,0.5626693669291787,0.6250598230333035,0.8050052339456463,0.6727280052549199,0.7517540434320005
Tbcc,0.012309965735369698,0.010541735799999999,0.0222992363,0.028409758200000003,0.01438665156,0.1503841512001273,0.17576197314367062,0.43951345295297756,0.11859032521394978,0.11481517382330175,0.40973806821128433,0.4498861514411385,0.7109744123266357,0.37513266139106566,0.35684332566558835
Tdpx-ps1,-0.0032464553274287405,-0.012907307240000002,0.025319733,0.010180313239999999,0.00753805433,0.4146402402769195,0.5459878887690226,0.5441946183525876,0.4143422534978064,0.191732875963269,0.6098421844095113,0.6628834680877168,0.7218465582969709,0.6334422819355006,0.47687520603858413
Tecr,0.027324083626449003,-0.022253894419999996,0.01240094034,0.0274809525,0.0367283482,0.4486363761231914,0.26877154433373207,0.6591767990588173,0.6665536459725805,0.2261470490116129,0.6223636694061372,0.5655147878515177,0.7619337606815693,0.7397677947616387,0.5231760089074626
Tefm,-0.024277414230285684,0.0478671296,0.026214585800000002,0.0431066398,0.0223015658,0.35589385931825496,0.1308442629440173,0.22469060297110108,0.23904820755000716,0.5716689064919918,0.5869324226809005,0.38026613918105023,0.6472792273959911,0.5441319761941211,0.700194656373436
Tenm3,0.0499595142727629,-0.006269054199999999,-0.013631624319999999,9.08351999999996e-05,0.014214229200000001,0.1866744583787255,0.5388304334868306,0.6596388835151552,0.5962527538172018,0.33746689033527394,0.45766409391620755,0.6576276944130609,0.7619337606815693,0.7038948072890163,0.6145774308325158
Tenm4,0.12246007744027923,0.158747496,0.0866154106,0.186649916,0.180177406,0.004052940264066547,2.26912501006204e-14,0.0035384925991418484,3.7791654101492364e-12,4.75180003255158e-11,0.024333369545520626,9.891966840739205e-13,0.04058935987891143,1.550569337399466e-10,1.6571902613523636e-09
Terb1,0.037179653799504365,0.0654261814,0.01341474674,0.0530585558,0.0352378992,0.6887413007709156,0.11684145941684747,0.23195950225744053,0.3408654354997663,0.14368203801734833,0.737937107968838,0.35203852243305017,0.6472792273959911,0.6000435861305105,0.4060375760266159
Terf2,0.014464014178763498,0.053789364000000006,0.041861137799999996,0.045731889399999996,0.044971046,0.4054282214736984,0.1818797675598714,0.22494085710991366,0.08843590185328914,0.23341953715975136,0.6088526224820454,0.45964180388771847,0.6472792273959911,0.30461255082799593,0.5244654012866745
Terf2ip,-0.022818907014951297,0.046070073,0.040642581,0.020741710200000003,0.049114971800000004,0.30208821256812934,0.11307600306433793,0.36438664769612417,0.4997001837891001,0.12851649133726026,0.5530355072605517,0.34505043324515083,0.7019716352085735,0.6588375096487119,0.38138932852994484
Tex14,0.046290956475707815,0.0875485812,0.05190488280000001,0.05373297760000001,0.059414846199999996,0.7277779496988459,0.1476226632763443,0.37588084857283327,0.44069216500456077,0.027093141952684897,0.7614428468334157,0.4118672305410006,0.703428322055141,0.6396308687989083,0.12311053102278642
Tex21,0.020694486047610962,0.02242094248,-0.0168985016,-0.0002173127599999991,0.011750253039999999,0.41468995475677856,0.5531591445472057,0.5031410688076203,0.29835430899548343,0.5687357714882513,0.6098421844095113,0.6668461581310685,0.7166445082821976,0.5824974602320041,0.700194656373436
Tfb1m,0.061399815119502196,0.03720575834,0.0422300068,0.030154475400000002,0.02418710584,0.11716718837852663,0.4379642811259544,0.3790338474879085,0.337235894439263,0.54514833623893,0.35378404283126547,0.6250598230333035,0.703428322055141,0.6000435861305105,0.6919762775735281
Tfec,-0.01408181437800574,0.020623779000000002,0.02423441264,0.03643291220000001,0.0257232352,0.5961258166907886,0.4312976243907755,0.184363881809267,0.7511194974504919,0.5363411461575194,0.6810774072757166,0.6250598230333035,0.6334670323249444,0.7840156329072553,0.6914934370515153
Tgds,-0.02020110524952044,-0.0057752129999999995,0.001898796459999999,-0.029574874940000002,0.008692615799999998,0.6456108227137078,0.2100465600854631,0.45427886342174195,0.5866005025473702,0.45579050878216243,0.7091551950280491,0.5060707276670484,0.7109744123266357,0.6970252990234935,0.6596613148285196
Tgfb3,0.08218048102266122,0.0174484648,0.036430260199999995,0.0533101842,0.051268409800000005,0.016955521541836004,0.3330331544359916,0.45939525240740264,0.23889651540535983,0.27737917030142484,0.08480852318661929,0.5907267209325682,0.7109744123266357,0.5441319761941211,0.559945253898929
Tgfbi,0.10175420494216936,0.0810802946,0.0414202954,0.11117796919999998,0.0766533626,0.07596267679850739,0.010536177641136126,0.20889725671461912,0.0014469697062387216,0.0030824680851924235,0.2696385092466102,0.05306125562954836,0.6452671800536759,0.009798654078655421,0.018455120080873095
Tgm2,-0.003192945339722379,0.032933548800000004,0.0109377316,0.020838905999999997,0.04184690946,0.6396079255272873,0.00901600681349302,0.07124188624625209,0.31937183376874245,0.2589260850182666,0.7058964051507641,0.046410809980895806,0.3793222569218384,0.5956199306248606,0.5451609138110252
Thbs1,0.04249169873505807,0.04940287168,0.09736034680000001,0.10753102799999999,0.09456503840000001,0.07205676183555787,0.24015506101450368,0.028003697838862366,0.012371371480134216,0.0213843574595157,0.2584040687933245,0.5394577034457092,0.20033414607801542,0.06487993689769636,0.10010462636249798
Thsd7a,0.07356325535405113,0.0777113944,0.0715048718,0.0587234692,0.098222804,0.09426758002350148,0.022991060939099132,0.13953922897038618,0.014061908069930936,0.002057813579261957,0.30989310053696717,0.10085701261019903,0.5437352637253875,0.07265319169464317,0.012746102233638984
Tigar,0.02428450191142898,-0.0016919502400000001,-0.002898954399999998,-0.01167260166,0.0232575952,0.23745041995400226,0.3045059807251726,0.4553196587530297,0.5323348648238961,0.5634364194279031,0.5090846294848868,0.5835092040311974,0.7109744123266357,0.6738721746182714,0.6986611600905999
Timmdc1,0.057621246919738425,0.0207457156,-0.008950957139999998,0.02284122562,0.05555871876,0.3547922672732374,0.36611067801824676,0.4029505452892175,0.42365423494908216,0.04200289364022307,0.5869324226809005,0.6019386228406475,0.7041611757761018,0.6334422819355006,0.1770988474984267
Timp1,0.09311946440153196,0.169290886,0.13424972200000002,0.189356802,0.212941214,0.0008582100217144659,9.560990383296217e-12,3.4587487827072634e-06,9.645928011305327e-10,7.105425618180023e-13,0.006203124250215959,2.837783315893239e-10,0.00011768181833845445,2.496842999907303e-08,4.130028640567138e-11
Timp3,0.3044355128960183,0.1523528376,0.12025653239999998,0.17517659800000002,0.16755539000000003,2.7337518673625703e-19,1.2362440677775252e-07,3.883524417079017e-05,8.405705192449904e-10,8.969055049711449e-09,4.8892100704753656e-18,1.854366101666288e-06,0.0010221729361934394,2.2549920660514646e-08,2.0578957701415124e-07
Tm7sf3,0.12000420164330731,0.0314204346,0.0129147392,0.004853982200000001,0.024586105399999995,0.002920947583284969,0.4196003653248584,0.9320792774751165,0.326404556238751,0.5254622762431809,0.018437655559649463,0.6240325262560527,0.9334175104650305,0.5999135124546213,0.6886658809918551
Tmc1,0.0357890436968325,-0.006425902859999999,0.0249160535,0.0093676838,-0.0067325309,0.24088263433371385,0.42191094180281724,0.7229611515180095,0.8593942676191538,0.35895656517998076,0.5099108875501227,0.6249015894815034,0.7857777921790868,0.8668510508522917,0.6241336630041819
Tmed8,0.03195122257419384,0.030328730399999997,0.02927204546,0.0324795844,0.026437097880000003,0.583697074443037,0.452023952647698,0.6124069802204075,0.28437873238115124,0.4036632434756716,0.6765584118440919,0.6285960940895344,0.7422029543137081,0.5758255716923576,0.6398114708791759
Tmeff2,0.07237726068815746,0.044106233599999996,0.017635808,0.0290380474,0.02875420508,0.03718471300827049,0.07904312246168872,0.4809203815957702,0.07193834829523615,0.04415783083148669,0.15970685036975904,0.2729335540446925,0.7112967913044496,0.26408946282066953,0.18278983385734102
Tmem108,-0.03548479789283812,-0.008310254100000001,0.01549558852,0.012900872399999999,0.009138105099999998,0.5065446812685024,0.6083440614195599,0.23266981595906103,0.4880901764760128,0.6152541353011698,0.6494759470308463,0.6965570786777067,0.6472792273959911,0.6588375096487119,0.7200331533096743
Tmem116,0.011005325098823519,0.006885075039999999,0.01436930792,0.013703779999999999,-0.021913316199999998,0.22520056506789707,0.5000773195487309,0.8464269816687252,0.6242875117443476,0.7079288861336686,0.5010443194094361,0.6398384749125662,0.860119247053559,0.7171811588210295,0.7558611829604265
Tmem120a,0.07552786411548983,0.050533480799999995,0.06258771954,0.034797297799999995,0.012626332,0.12202910758840214,0.020692819290937473,0.17670718721301198,0.04049071544276375,0.16429059230984241,0.36374060915773715,0.09222518501871493,0.6190499468248439,0.17433502482301058,0.4424428113363517
Tmem151a,0.0047479468511674,0.01213929996,-0.007670969599999998,0.0192831446,0.021215143399999997,0.40836201952415685,0.2833435195349113,0.5707852010794658,0.2467822606997759,0.10822643222800794,0.6098421844095113,0.5728466807988425,0.7298142569215708,0.5499381049140374,0.343558475129205
Tmem170,0.035577723760677735,0.0124591047,0.0071861804000000005,0.012606529300000002,0.004952641039999999,0.5768191284846551,0.6809336940904587,0.17266099467596485,0.7862838717096369,0.5591217577500252,0.6744867428634483,0.7352186557710448,0.6097774368935974,0.8100930583714501,0.6964061179118617
Tmem196,0.060979471861140055,0.026806342599999998,0.040263284340000004,0.051505800000000004,0.023285951399999998,0.41472819476697165,0.42894070063146794,0.6628847790311445,0.560344059334148,0.4695551638937584,0.6098421844095113,0.6250598230333035,0.7624683183198516,0.6833705998905432,0.6596613148285196
Tmem205,0.044594948873112335,-0.0209456476,-0.029963517279999997,-0.003931017199999999,-0.000671339412,0.05227377712097742,0.28257421046986025,0.4061049702504411,0.5858540689093585,0.36381435662197725,0.20144176542476108,0.5728466807988425,0.7041611757761018,0.6967318210814623,0.6264125678587169
Tmem241,0.019758524686196842,0.054569843480000005,0.0263377994,0.007183255599999996,0.033416983639999995,0.37310754214283676,0.1306755904725386,0.4988610478391847,0.6016806936764021,0.537037184438137,0.5921331300219081,0.38026613918105023,0.7163564111187761,0.7059247835816492,0.6917514979604811
Tmem267,-0.009345387814370899,0.00186368582,0.020259328,0.029762974443000002,0.02489549494,0.41775880232297286,0.3780847945616158,0.33479797813916173,0.538247752224668,0.4812300423791712,0.6111546497752889,0.6103947289061528,0.6918790858347537,0.6758376366817389,0.6653279575014309
Tmem43,0.01956747844227524,0.013297812599999997,0.003004493488,0.0025559035600000004,-0.01552330706,0.4474670204056682,0.0732287456477164,0.21038559002234636,0.094633290448551,0.0910723037864373,0.6223636694061372,0.25859259839505594,0.6452671800536759,0.3207109716024769,0.30911402380068137
Tmem47,0.09067280265159922,0.033029486000000004,0.0522306488,0.033933827359999995,0.046764413000000005,0.013172835290571528,0.08128833326202957,0.03759950008735482,0.02785963089836503,0.12443940706596011,0.06882436415860405,0.2785444168276375,0.2395036649399999,0.12742355771547284,0.3749308269049986
Tmem79,0.019365680725538355,-0.007648971600000001,0.021563135900000002,0.0361834378,0.018544997480000002,0.42684386619718556,0.8208145653750235,0.3226072083428104,0.17622972303098453,0.5036289608194349,0.6172835621802093,0.8388544459327163,0.6918790858347537,0.47459548962977494,0.6794607353415006
Tmprss9,0.0392932341251078,0.046229707599999996,0.061262014200000006,0.08499532039999999,0.0869305286,0.3189219513803502,0.2289293937312995,0.1864955618996283,0.1454984703494846,0.09335467156039702,0.5617651329721163,0.5296127765425586,0.6374019834933425,0.4264083322217038,0.3153263119291861
Tmsb4x,0.05694080927443586,0.13854880600000002,0.104123992,0.13323045800000002,0.08241483499999999,0.13803241410389247,3.501512526207436e-10,0.00032843191963600625,3.6631972671942074e-07,0.0016517155319209227,0.3921694860996538,8.278999956032835e-09,0.0054543158082408175,5.622348859014779e-06,0.010425987181129805
Tnnt2,0.09928117194872403,0.08789266840000001,0.06948676200000001,0.07315564620000001,0.090683086,0.0022844668430150763,0.03948539231219364,0.12039447952513731,0.011459560593832789,0.026560768386258295,0.014961649042281838,0.15648330191906284,0.5043552520647644,0.06087132244539387,0.12148285868468957
Tnr,0.03594494254177208,-0.0232317112,0.0091623528,0.011341203999999999,-0.0274190526,0.3944211854798365,0.627720470717791,0.6215757251939249,0.4901140992395919,0.34017821195815845,0.6028241864969374,0.7022213766249547,0.7468545535275841,0.6588375096487119,0.6187074389591019
Top2a,0.7692455421771698,0.403536928,0.25879558399999997,0.37031604999999995,0.350454266,2.8303610488199344e-200,1.6299756649014133e-48,3.1979828080458947e-21,2.2679465753129066e-40,6.415577897372876e-34,3.9483536631038086e-197,2.2738160525374715e-45,4.461186017224023e-18,1.5818927362807523e-37,8.949731166835162e-31
Tor3a,0.00998776341145352,0.01838721854,0.02283210284,-0.0075340465999999984,0.013204261200000001,0.6696678304967085,0.3262938763099363,0.24736095091986798,0.6957699691940541,0.5669070789538977,0.7236147355096114,0.5899545896548964,0.6505288210182132,0.752197083818716,0.7001870414160598
Tpm1,0.01232163863805862,0.07544505459999999,0.0374439938,0.0707424274,0.047077789599999996,0.6711544116890178,9.962136206605192e-05,0.3812528407000463,0.016415225203761714,0.08532474181386027,0.724659755654938,0.0008033052027869505,0.703428322055141,0.08237136388218559,0.29462379908498776
Tpm2,0.04994854937290972,0.0825533664,0.036900293199999996,0.062265870999999993,0.109671526,0.17106823858647774,2.622642152064562e-06,0.023361663055126543,0.001274411343133065,2.0845045263643366e-05,0.43593863040334996,2.8361130249070262e-05,0.17427550781765525,0.008757654303796185,0.0002092002744085072
Tpm3-rs7,0.021072032498303778,-0.0030764726000000004,-0.0119259834,-0.0007510875000000001,0.0139942766,0.321064384283603,0.3588090346009186,0.22349252703231423,0.837994981102818,0.6952247063055533,0.5626693669291787,0.6011219030126814,0.6472792273959911,0.8471036222017617,0.7518127637955403
Tpt1-ps3,0.009634304012427281,0.02280062746,0.0022691606800000004,0.0212106776,0.0308744582,0.24722160467128346,0.445534094864436,0.45282187919400196,0.13828997773955523,0.3761722204438401,0.513594971786335,0.6278417943172282,0.7109744123266357,0.41344441585805247,0.6268133736386102
Tpt1-ps5,-0.0020447985071221607,-0.00289905412,0.02598489512,0.02012174166,-0.00852609178,0.15805513451794176,0.4925073050540695,0.2935603588574135,0.6733750725664156,0.47056879035176646,0.4171965787841349,0.6398384749125662,0.6757456120467158,0.7445468814357984,0.6596613148285196
Tpx2,0.4896032556023912,0.13943901520000002,0.0406360734,0.113451272,0.110590577,4.961653177686173e-61,8.475011156023123e-07,0.176383624518398,1.1077540201108966e-05,5.4814359804071466e-05,2.162970682147566e-59,1.0370737335659873e-05,0.6190499468248439,0.0001277121370293141,0.0005200038289026647
Trappc11,0.013045089769614882,0.0038424531199999987,0.00829993332,0.057429891600000005,0.04743375209999999,0.575384519362776,0.5077951556612186,0.4765300065874861,0.1692494580904925,0.5321694278695117,0.6744867428634483,0.6422250608770624,0.7112967913044496,0.46568637876969826,0.6901327235046356
Trappc6a,0.044917018805667355,0.07692514060000001,0.0726574408,0.0312800651,0.03479228736,0.01666928397439761,0.03307984910579577,0.03284747330114442,0.06425420272675612,0.07955682726381122,0.08394819907683995,0.13493096345785116,0.22029915988027143,0.24692730799951734,0.28127788881869037
Trappc6b,0.0194797962859588,0.0283582954,0.01527058,0.0071486686,0.01402716612,0.434796396327135,0.20883978038243448,0.0596042407297136,0.2374034099178748,0.3918147436399531,0.6196754722635227,0.5050489607750187,0.33126659688426485,0.5429143554679268,0.6355599620671332
Trim41,0.01264447770124516,0.0257684102,0.0462703158,0.020926156534000002,0.0202730234,0.8458349658362276,0.4508423385725818,0.5862479143280039,0.401787195078656,0.7480515624275035,0.8518592407176376,0.6283413301575199,0.7394356604770032,0.6334422819355006,0.7810867736424906
Trmt44,0.008298499787682639,0.027414252899999998,-0.0022126211999999993,0.032089189659999996,-0.005799191,0.6357828563991241,0.386060952603062,0.4774816080682218,0.4424686655132233,0.6639445592295175,0.7036306367537458,0.6116769082440225,0.7112967913044496,0.6396308687989083,0.7389013945913746
Trmt5,0.0037805833435973803,0.0210170322,0.026597044259999997,0.025300328499999997,0.01264551428,0.3050855836231634,0.39718896227433687,0.41257094113304915,0.41822831105143804,0.5347910208663162,0.5541313823849575,0.612550203682341,0.706956420259207,0.6334422819355006,0.6901327235046356
Trmt61b,0.027611710084529277,0.0376583714,0.035810041800000005,0.064585324,0.0666516542,0.1830896143075908,0.07468118479489935,0.40393187314967705,0.15798654334094042,0.15047765034022606,0.45253597944589713,0.2611033904483323,0.7041611757761018,0.44699560227161034,0.4181600044315047
Trmu,0.00818333089656208,0.0150986268,-0.01638795688,0.024245706239999998,-0.00172949034,0.25874053270302894,0.4087749744578605,0.2068054134270914,0.500610951727924,0.44794919274517897,0.5215939929490251,0.6182652549611383,0.6452671800536759,0.6588375096487119,0.653649711171051
Trnp1,0.09248011373700234,0.04622252626000001,0.03465989932,0.0513437412,0.0372178614,0.004139753710476129,0.08451948080227853,0.23467027795875942,0.1630704499145,0.07668539370905605,0.024679300966299996,0.2854834763176236,0.6472792273959911,0.4531539395034413,0.27495062319523084
Trp53i13,0.0410598033546473,-0.008503847348,-0.00432539952,0.024105541199999997,0.0175050614,0.4179509217818105,0.2720277688651541,0.5602545255992606,0.4231483783295584,0.43988109613495757,0.6111546497752889,0.5689336395305697,0.7248011402916806,0.6334422819355006,0.6507701761857821
Trp53inp2,0.04600227242588612,0.107629486,0.11245600280000001,0.1033955548,0.10658070180000001,0.039841199576055725,1.3877681900508564e-12,7.249078273265681e-07,5.064243559870105e-06,6.476039926753412e-06,0.165948150142608,4.502178197955685e-11,3.262085222969556e-05,6.496134641827605e-05,7.46617826266199e-05
Trpc5,-0.02018509252157418,0.0097574236,0.0060699166,-0.0070824392,0.00556003752,0.5885009184654959,0.40671643092786774,0.6282002958605482,0.7801620074909771,0.5667072634915284,0.6765584118440919,0.6176354349226423,0.7470924234658693,0.8049748524037819,0.7001870414160598
Trps1,0.20349148328091124,0.20468771800000002,0.11758790599999999,0.208848932,0.200688266,6.232091513590422e-10,4.3763191864083273e-13,8.453828764337739e-05,5.672162983240792e-13,1.0853612831783925e-11,8.359391982171768e-09,1.4890159183023457e-11,0.00177488912773432,2.7285059867658296e-11,4.205774972316271e-10
Tsacc,0.01234257925354706,0.018616682099999997,-0.01759726248,0.008715754360000001,0.014942777910000002,0.2897776529565506,0.5120077555248705,0.5984639679453359,0.2933239720152348,0.37529074661512407,0.5433330992935325,0.64267769300305,0.7421660275333178,0.5812314502290519,0.6268133736386102
Tsen54,-0.01340739096349064,0.0547487132,0.008004149320000003,0.034619024799999995,0.025145340540000005,0.5549827742751039,0.15486484723582197,0.3925497615888567,0.5318475811101584,0.4578199878713115,0.6707691305062518,0.42452975693609757,0.7041611757761018,0.6738668262022443,0.6596613148285196
Tspo,0.02665766265997116,0.11165605199999999,0.0368293959,0.06629640099999999,0.1314805838,0.819673694069147,0.00020078867138123322,0.056387015666042914,0.0008342603824612222,1.7610158411033634e-07,0.8291840487501524,0.0015059150353592492,0.32237658546774534,0.005848207203685452,3.03286061523357e-06
Tssc4,0.12068682516236862,0.0598591796,0.039867979600000006,0.023266642599999998,0.041057504599999996,0.001987685466356912,0.10568050692767074,0.1660814407231597,0.15089465989749257,0.03407042479810408,0.01331783480707951,0.32907211420558186,0.6065015963581355,0.4355680274643429,0.1523341108761384
Ttc12,0.014742853585938761,0.0109314954,-0.02041668788,0.002608100927999999,0.02672157524,0.41254659983477565,0.5564979117917548,0.8999894537838944,0.674628858878028,0.7919811838436885,0.6098421844095113,0.6692367128874982,0.9051804527963465,0.7445468814357984,0.8111701552584035
Ttc32,0.06149427747316129,0.0148129648,0.014688038,0.019657717800000002,0.0365775993,0.1310818103491659,0.36806712923517726,0.5423983198203666,0.5884880144794493,0.43450176098075743,0.37940804737646106,0.6019386228406475,0.7213245479720058,0.6986730044245377,0.6489614096018808
Ttc33,0.05281533469144106,0.030661014800000004,0.037509740560000004,0.01390030914,0.010395855700000001,0.25069297354728737,0.08970391285129163,0.19307050448771615,0.48753806571311353,0.6058617496093377,0.5142892619095086,0.2958320530202171,0.640076801555444,0.6588375096487119,0.7162518141568017
Tti2,0.03223201888570899,-0.008745652270000001,0.0003582421400000008,0.0093087462,-0.0004102846000000004,0.4824194062577105,0.6203267865414015,0.19701224184690894,0.45971476017735724,0.6749074867914139,0.6396573667693068,0.7011631579998301,0.640076801555444,0.650572853796494,0.7418349096256192
Ttll1,0.01244095270616484,0.019232782200000003,0.0092269148,0.028365220960000003,0.0057771668,0.6135325949212587,0.30134088015413973,0.4078582294101006,0.3157000113016267,0.4607435010209838,0.6891126971941673,0.5830381800485782,0.7041611757761018,0.5930115103129613,0.6596613148285196
Ttll11,0.049034211324841884,0.088093016,0.0480493902,0.0782838416,0.0735940096,0.5556072200538442,0.020390103864656926,0.13531889385057516,0.022863587822450283,0.011949764462164147,0.6707691305062518,0.09146043373375051,0.5362780026180464,0.10738957916605436,0.06174044972118143
Ttll12,0.03439082147514172,0.011759654100000001,0.043845872,0.018682446916,-0.0104381701,0.23207090492940288,0.6210732628379154,0.28087650238370726,0.6449845833624877,0.8147952278230818,0.5073130953374776,0.7011631579998301,0.6736568469493242,0.7273674161606065,0.8302697902214748
Tuba3a,0.038849695280781,0.015190220140000002,0.021322369599999995,0.022828185600000002,0.025062545599999996,0.1812144613899929,0.5149502221588043,0.33077660732596315,0.13712190067862226,0.5383871375756435,0.45253597944589713,0.6448434110516444,0.6918790858347537,0.41344441585805247,0.6919762775735281
Tubb2a,0.0719655781292062,0.035879801600000004,0.0097293662,-0.0018753489199999993,0.010975109940000002,0.23897723631947,0.1496124613628072,0.649146563013997,0.4814576171482887,0.2902039402589409,0.5099108875501227,0.4149291920499325,0.7568201812514602,0.6588375096487119,0.5702155553142718
Tubb2b,0.0601761078103621,0.0269722713,0.031499023832,0.022726771,0.00790177584,0.032173566485340026,0.08550353165373471,0.3799791667005724,0.16701948001181427,0.2335766546700291,0.14339337139632374,0.2868289667443997,0.703428322055141,0.4604588431155749,0.5244654012866745
Tubb4b,0.31650532214464067,0.11890346199999999,0.060442768599999995,0.17489431,0.15479675799999998,1.0020781262761561e-23,9.051507744425215e-07,0.16914683303354897,4.987666008386413e-08,1.0591477252671959e-06,2.150613824854212e-22,1.0979872437802761e-05,0.6069233175610376,8.807334280631705e-07,1.4628822542056813e-05
Tubb5,0.32703720153012716,0.20454952199999998,0.131171598,0.20500553200000002,0.212993596,1.0436822870490726e-26,2.4861747722803302e-17,3.639721317071247e-09,1.9370896475858343e-17,5.564491540586223e-16,2.3110107784658036e-25,1.5764608215141184e-15,3.952404373472627e-07,2.2518667153185324e-15,5.97112746085983e-14
Tubgcp6,0.07682141623979742,0.040931493,0.031332092852,0.02761228088,0.02345520542,0.07985246911555188,0.4810459649322979,0.536690377103763,0.15881855979500642,0.5403719642994578,0.276412393092295,0.6378888983655471,0.7203850719089967,0.44699560227161034,0.6919762775735281
Tuft1,0.02284323587461744,0.03338983374,-0.009340187400000002,0.07258798320000001,0.038324574320000006,0.5449935298513648,0.500640861737137,0.5385369857529547,0.09471893928331218,0.22751255759573147,0.6664875442579966,0.6398384749125662,0.7203850719089967,0.3207109716024769,0.5237294023862136
Tusc2,0.03044797157657512,0.0019750348,0.009835788199999999,-0.023221663400000002,-0.005166425259999999,0.38212026786635767,0.4144966626896189,0.10810924564752618,0.24192973056744616,0.31480089329098526,0.5955952778475632,0.6211041440958266,0.47618463586544163,0.5449979200236534,0.5925623441503928
Txk,0.02608828084403994,0.024536775599999998,0.0102982642,0.046301743019999994,0.015460473459999999,0.288554897081492,0.2123918766813931,0.6398579456128703,0.16048553009864472,0.3123275531987859,0.5424263751049646,0.5090836219425144,0.7507852163457115,0.449552840336565,0.5925623441503928
Txndc15,0.061284747765238276,0.004074823920000001,0.0420478586,0.032615003919999996,-0.0186930506,0.1565200393336193,0.5759089030999864,0.16692025578384118,0.2144845758846057,0.4555721180089003,0.4171965787841349,0.6799161612009195,0.6069233175610376,0.5215932922433577,0.6596613148285196
U90926,0.01492904359298786,0.0358161172,0.03727454478,0.028396190200000004,0.021670020800000002,0.0837303167705336,0.09910218238429169,0.3262827093955401,0.27844813450070327,0.31688280196142865,0.28769406870663633,0.3178104469565216,0.6918790858347537,0.5729342013846509,0.5925623441503928
Uap1l1,0.0242850159746286,0.0227683598,-0.0042954726,0.02248517448,0.015689695832,0.29504091400176613,0.26653481880708235,0.2788372269152747,0.2177087926914417,0.20718833550343754,0.5474782556850697,0.5642125527099847,0.6736568469493242,0.5219792853062656,0.4957593962732339
Ubb,0.12776028316612775,0.1322612788,0.0950439964,0.16687181399999998,0.19358646999999998,0.00010913908175134155,1.1096762058637009e-08,0.0007038077763702522,1.3015206326428365e-08,2.50119909912409e-12,0.0009171627653200088,2.091889604297112e-07,0.010121771629242288,2.7932635115950107e-07,1.2031630149234846e-10
Ubc,0.11057877906437708,0.0550064734,0.0688860348,0.0637440104,0.104399804,8.727547909170074e-05,2.0209898204118355e-08,0.0006289730827750066,0.0006098863997377774,9.377346422678918e-07,0.0007609330833307658,3.568709872752545e-07,0.009334228196501428,0.004431205873094789,1.3370882692439782e-05
Ube2c,0.5431936452587254,0.22029959400000002,0.10839959479999998,0.264066038,0.257976798,5.699973626542932e-84,1.174979803251566e-16,4.990957305927077e-05,2.630009116494555e-18,1.3112291089360743e-18,5.300975472684926e-82,6.556387302143738e-15,0.0012214711301347847,3.3353297431908216e-16,2.6130922956654627e-16
Ube2l6,-0.0026537037461751792,-0.00899124926,0.005032837399999999,0.006427860799999999,0.008150359739999998,0.5789659916939014,0.3075763539059243,0.17380377267380975,0.5225866324507995,0.482061056458153,0.6754657104697936,0.5853426760168402,0.6122632901009207,0.6723887823499297,0.6658170037219044
Ube2s,0.08930373290417541,0.00539355668,0.0032845435399999996,0.021389134400000002,-0.0020354376000000013,0.005340867151024207,0.3679492011246304,0.5171600894495749,0.19208930976731575,0.024119093764350428,0.0310437903153282,0.6019386228406475,0.7199768137930461,0.49691544691102507,0.1117811820640161
Ube2z,0.10424938713640133,0.0676552244,0.01993917687,0.007793858200000001,0.03184803444,0.025798180641077008,0.002132228733254953,0.300323292233091,0.06762527071122892,0.06756603900923171,0.12036274914482416,0.012915486499984235,0.6757456120467158,0.25427830900852927,0.25474222815642766
Ubiad1,0.00016173822081112023,0.0114518004,-0.0010495749999999999,0.001120181500000001,0.029839016396,0.47395528402177767,0.8502652387747327,0.659796403514936,0.5302286300257713,0.30534442004294926,0.634521690168966,0.8613798170593697,0.7619337606815693,0.6727280052549199,0.5875247806343644
Uckl1,0.01616157303720232,0.01955663808,0.01452083414,-0.008342438300000001,0.011127139720000002,0.36701716603811657,0.041322252784778274,0.19228483709672944,0.25415370470808674,0.39079337887636156,0.589434599145212,0.16329898763389714,0.640076801555444,0.5560231399378148,0.6346411682567222
Uhmk1,0.039865824470345666,0.025004999,0.009732794100000003,0.0511877422,0.0552308174,0.34500312693326685,0.28305359945021913,0.4693204222082862,0.2846974845241782,0.2811516831236775,0.5763824695471943,0.5728466807988425,0.7112967913044496,0.5758255716923576,0.5610967066631332
Upf3b,0.08279430485756693,0.028155507599999997,0.017855847779999996,0.0507303116,0.0593028728,0.028380876011120815,0.10473281438968117,0.4842205953367833,0.03231968807467127,0.012078368843929672,0.12980761323119192,0.3290591803459577,0.7132922180515446,0.14450629764155903,0.062174629288863074
Uqcrb,0.08520507273984336,0.0841185356,0.047461249,0.0942744254,0.11408705999999999,0.017587626366128473,0.0002761230976598834,0.21370138866293784,0.018888719379892064,1.1061490009395449e-05,0.08700261978989085,0.0020062068814350902,0.6452671800536759,0.092122552412259,0.00011961843847369498
Urgcp,0.037567335482607725,0.0429509573,0.0244157525,0.036464399599999996,0.0457550096,0.24892579035180037,0.31579939770369775,0.7291527180529496,0.4635695512914265,0.17214984886834506,0.514076720169768,0.5886792086053216,0.7885304564153257,0.6525484018908168,0.44896471720634307
Usf1,-0.03617907776131889,0.0068241597479999985,0.0009562134,0.002654665079999999,0.013381169440000002,0.3793566967525027,0.48611102119825234,0.29439213378621326,0.47903224629042207,0.43438209492461505,0.5946096538985857,0.6398384749125662,0.6757456120467158,0.6588375096487119,0.6489614096018808
Usp14,0.18263745985420038,0.08817474620000001,0.054182461380000005,0.073090017346,0.036269891459999995,2.5493783111974447e-09,0.06717986645327721,0.1158115485843611,0.11261175319704325,0.14378678319508836,3.175341735821817e-08,0.24278734119772466,0.49405844120851294,0.36618507158479097,0.4060375760266159
Uxt,0.024757162675572802,0.0016675857319999998,-0.0004264834400000011,0.011300492819999999,-0.00565679648,0.4240281254085547,0.908030542929127,0.4783040833203466,0.5639847398588718,0.6287541535154062,0.6155246981737085,0.9099875053061295,0.7112967913044496,0.6842565460207076,0.72459461685097
Vamp7,-0.01602931569720394,0.01858506116,0.010107228999999999,0.015623538000000003,0.0020927916000000003,0.2363507850514575,0.20099926009482652,0.541092991348868,0.5295225779469925,0.2540177016907227,0.5082879845181848,0.49191924181102276,0.72094051855938,0.6727280052549199,0.5411713451141993
Vangl2,-0.005595848036245679,0.03196368706,0.02047874958,0.0573324265,-0.013970094760000001,0.6222145740628844,0.31858726148601474,0.5963355433125597,0.130105961298991,0.46840087119049356,0.6955042714885606,0.5886792086053216,0.7421660275333178,0.39911408514905455,0.6596613148285196
Vasp,0.04922500365008966,0.0692835618,0.040639882599999996,0.03300876768,0.0188959406,0.2947962018395506,0.06931363263969127,0.2723886268830171,0.21113732700814647,0.27402793643531015,0.5474782556850697,0.24856688311663067,0.6695622951448685,0.5180695492882444,0.5592993106519669
Vbp1,0.1759587575874901,-0.032238391,-0.00585513644,0.0325692244,7.417479999999657e-06,6.948879284158855e-07,0.1228372764383529,0.3835397543749375,0.4863812723104758,0.049279662848779326,7.514485737520623e-06,0.36693362019593645,0.703428322055141,0.6588375096487119,0.20100915109370515
Vegfa,0.15402481368740656,0.135485762,0.09306966679999999,0.1481678092,0.141991946,2.0979667533837434e-05,5.8002545445960254e-05,0.01962358484560266,6.193488013084394e-05,1.2725392066341216e-05,0.00019909276333131441,0.0004903851569522093,0.15375342910529263,0.0005647003776635772,0.00013655324563496918
Vgll3,0.03539981204385742,0.097095607,0.081063475,0.1167523998,0.0941111826,0.21095789353322442,0.0017684723853984869,0.03578573551433664,0.0002157175517134921,0.00015551552895285152,0.49195591008979117,0.010916013175357918,0.2300582918170463,0.0017806271280492395,0.0012913343029120705
Vgll4,0.04513760440091315,0.0676744754,0.074933198,0.023541549999999998,0.058920748999999994,0.35777734147375695,0.0004215339926049207,0.030879470783493124,0.04095205966584341,0.011685565731425573,0.5869324226809005,0.0029255717397207188,0.21182312222341435,0.17523964182163054,0.061013642467368505
Vps53,-0.02272149602856896,0.016951248,0.00989629254,0.0097955974,0.0031569933999999996,0.4853300040474521,0.5609173582949492,0.4577219021289135,0.3474866323002711,0.32882058635226163,0.6406162356594759,0.673390460259427,0.7109744123266357,0.6036660673211435,0.6043889426192888
Vtcn1,0.036974415642534765,0.0475048988,0.047713064799999996,0.034520648919999994,0.0121257078,0.49149106979445245,0.23282166315888125,0.3036017873832355,0.4304024410557895,0.6177652302236614,0.6417565955029314,0.5324038420599915,0.6757456120467158,0.6364968217877089,0.7223658811081372
Wdr19,-0.01330024394200286,0.028813501819999997,0.0088425002,0.0206428444,0.002302265399999999,0.31893762388094343,0.27785909370846135,0.5249543091129112,0.4486870904215099,0.3822653111077441,0.5617651329721163,0.5725456953076862,0.7199768137930461,0.6432590522145593,0.627555370017894
Wdr37,0.02427494802835426,0.023626195299999996,-0.0115345904,0.0278670342,0.0502627046,0.44161526444590765,0.3140907154488219,0.23387573570204062,0.2763396193119822,0.4057826484066898,0.6223636694061372,0.5886792086053216,0.6472792273959911,0.5724547994260276,0.6398114708791759
Wdr38,0.0009888847944857198,0.0087889439,0.0124214506,-0.026666955599999997,0.0008689558999999999,0.33760415996831417,0.43257730536478,0.37590138382973787,0.48091078616484273,0.480947607735951,0.5750400526932824,0.6250598230333035,0.703428322055141,0.6588375096487119,0.6653279575014309
Wdr78,0.055571327467163735,0.026325119659999997,-0.0007352572000000016,0.043172759399999996,0.013787056599999997,0.036975825364541914,0.3856871608307865,0.3675310884634908,0.4579800462228979,0.33720488427458895,0.15970685036975904,0.6116769082440225,0.7019716352085735,0.6502658276721072,0.6145774308325158
Wdr83,0.01681683266928844,0.0314812372,-0.0007560157999999997,0.029833129000000003,0.033654626199999996,0.43528789121943723,0.6410174105658217,0.5520663649574158,0.6246416544570257,0.4591973822290397,0.6196754722635227,0.7102225336417083,0.7238444745900018,0.7171811588210295,0.6596613148285196
Wnt5b,0.0865461813139694,0.07436114660000001,0.04567070460000001,0.0684787386,0.01496265914,0.010593141677442713,0.352193176488612,0.3000938268121711,0.13638426578366988,0.4256651647509287,0.05772434625012728,0.5984281135220629,0.6757456120467158,0.4127029300829056,0.6489614096018808
Wrb,0.00628910214157916,0.026791823399999998,0.013714133,0.01896278498,0.053351337799999995,0.5086109551082723,0.13287451339322268,0.6731003586455283,0.15427066786482263,0.17471044345593076,0.6500699910503414,0.38460429330995605,0.7690212942756036,0.4428139540564353,0.45470348623325263
Wrnip1,0.0160711519548987,0.051559610080000005,0.032343614799999997,0.049445590399999996,0.018257211399999997,0.5459707358364498,0.1464904476491204,0.8486870603561942,0.42820143722157566,0.6237208753608963,0.666925723723159,0.4111754013491407,0.8604058497070428,0.6364968217877089,0.7230464508731932
Wtap,0.12090673978910912,0.170286916,0.1041063468,0.09904627120000001,0.121765642,0.003534826664109388,6.5232889974347e-08,0.00026911951930335727,3.638572811383269e-06,0.00030236421905979613,0.021915925317478206,1.022470578811394e-06,0.004634836165780041,4.834103877980629e-05,0.002341299237752732
Xab2,0.035899728869685496,0.0226229518,-0.014890232440000001,0.020548556,-0.00453864314,0.27773929849237194,0.7141161812490753,0.4315582357901991,0.6892991645060078,0.36793691899569525,0.5372262899442154,0.7535492230275794,0.709279517748894,0.7506419472957696,0.6268133736386102
Xaf1,0.03377645642685016,-0.005966856499999999,0.018069520999999998,0.005906874419999999,-0.0067427541812,0.07645051553990002,0.19834946503581102,0.2372349271271772,0.3336716879352629,0.5812941145866155,0.27068139385319934,0.4871434924735148,0.6472792273959911,0.6000435861305105,0.7031232612622322
Xkr6,0.0184849296184287,0.04524562787999999,0.0359806998,0.0068882243999999985,0.030587824165999998,0.845891316223044,0.17472119058659064,0.2500254881860805,0.3096804365928288,0.061373235589783234,0.8518592407176376,0.4488693570318489,0.6505288210182132,0.5901696844904318,0.23782128791041005
Xrcc2,0.09469504692872606,0.04878142888,0.0377803846,0.0706381648,0.082795005,0.026144900155186775,0.2088983873599898,0.35081978159114613,0.1395695798245532,0.016829848437451615,0.1215737857216185,0.5050489607750187,0.7019716352085735,0.4152716163599696,0.08325403748313831
Ypel2,0.026368737304064797,0.026684824200000002,-0.0024138523599999996,0.018748811,0.018216487859999998,0.03546101006861231,0.7541842424608032,0.7797072471646399,0.584840524452213,0.561095748069034,0.1553767637081607,0.7857259284785814,0.8204449526304901,0.6962458075948613,0.6969978348675889
Zbtb11os1,0.019659230946723442,0.002529266400000002,-0.012652298400000001,0.0077417195999999995,-0.014673375700000001,0.6297021757418688,0.25446105583365636,0.17895703966125823,0.23358019014279,0.3719265385998075,0.7002466217896457,0.5538774253546664,0.6210076376304857,0.5394774259092584,0.6268133736386102
Zc3h3,0.02387134437389018,0.017075187959999998,0.0149378332,0.020243962799999998,0.025199591599999998,0.5751878978700617,0.5278200500048675,0.7419034510698216,0.4208311535267432,0.7103655145157234,0.6744867428634483,0.6527561788624027,0.7967323435276376,0.6334422819355006,0.7570358233379939
Zc3h8,0.04204178410975288,0.0135411696,0.0532413048,0.01676808002,0.029598604640000005,0.5953738609838117,0.33622421411375525,0.23658897378065208,0.41027313983858676,0.4004789187837048,0.6807758492396864,0.5907267209325682,0.6472792273959911,0.6334422819355006,0.6398114708791759
Zc3hav1l,0.021503495963281303,0.01542306954,0.022836650200000003,0.0415899061,0.024257351688,0.4872809036262725,0.5217445139097661,0.5910355475721389,0.3539485607590639,0.28376714950610266,0.6406162356594759,0.6498514258072532,0.7414519684020988,0.6086285734664638,0.5647006755506607
Zdhhc16,0.01442550703415198,0.006554473400000001,-0.0056168799999999994,0.013644550799999999,0.03263983426,0.5733998520836403,0.39481720371062573,0.41992504292461563,0.6618022263022671,0.6252798621020916,0.6744867428634483,0.6116769082440225,0.706956420259207,0.7379808998334634,0.7230464508731932
Zfas1,0.105512052165052,0.054362787999999995,0.0413885096,0.0467451082,0.0726132486,0.037453207381733515,0.0039710501507352934,0.08431835310082772,0.0095596951212619,0.010353568220978968,0.16026755919484126,0.022610673307247895,0.4171067467221797,0.05229715566337392,0.054917215468690724
Zfp2,0.00527367508705296,0.007245658999999999,0.023514609199999998,-0.010284253140000001,0.0318719266,0.38070340359633437,0.44447580437977274,0.7472784372360624,0.5536761569777731,0.6363451052829305,0.5951044821731873,0.6278417943172282,0.7996124940116826,0.6811095581869431,0.7260179292730569
Zfp212,0.0007977536131598004,0.013401221000000001,0.010271203939999998,-0.0022057273400000023,0.0163515474,0.26533046435042046,0.7278869788735465,0.5136059451747819,0.2801224078295209,0.49842532040469123,0.5287657110983379,0.7640348649575601,0.7184053542286957,0.5729776523785656,0.6783447043556529
Zfp334,0.03929931381850564,0.052318248,0.01728281308,0.05871523759999999,0.0628099158,0.04997811952497767,0.23549133977929917,0.6755944590636332,0.1920406774543462,0.2531740984079636,0.19536667165276445,0.534273515537376,0.7706085612377501,0.49691544691102507,0.541064250176605
Zfp335,0.010652020181253101,-0.0009557816740000003,0.004770083059999999,0.030913862159999993,0.0182319012,0.4418301906144186,0.20264878639160033,0.6275114520843412,0.5188486732033855,0.6730659019219181,0.6223636694061372,0.4935912868114553,0.7470924234658693,0.6708006479320877,0.7418349096256192
Zfp36l2,0.1256631963587604,0.13589880299999998,0.0987517578,0.12115261699999999,0.1309196808,0.0034608845757819764,7.288634565100872e-05,0.000471680092450614,0.0003901027686948938,1.0054102117515276e-05,0.021553276710785076,0.0006016358117346578,0.007311041432984517,0.003023296457385427,0.00010957400354635789
Zfp382,0.07049169760009094,0.0253695142,0.0464707894,0.01003301806,0.044529450299999995,0.032632899204834934,0.5398561066410212,0.3560313638168358,0.410222073938516,0.46241720219034643,0.14497737067116157,0.6583035566120844,0.7019716352085735,0.6334422819355006,0.6596613148285196
Zfp442,0.05743884150403378,0.004396886060000001,-0.0037679804,0.0225304048,-0.009308494000000002,0.15703341640532814,0.42365652994134223,0.5310098682438957,0.1992124362175618,0.32505716804074336,0.4171965787841349,0.6249015894815034,0.7199768137930461,0.5009382345295778,0.6013988719056194
Zfp51,-0.027764613611763002,0.0163523702,0.00637246796,0.027523496603999997,0.018836105300000003,0.1640447601763408,0.6411881295442003,0.32569386617884644,0.3549051431428018,0.5784652718959451,0.42452846512245096,0.7102225336417083,0.6918790858347537,0.6086285734664638,0.7028912337404015
Zfp595,0.04389723902274954,-0.0109755164,0.01601326454,-0.00506821334,-0.0023101897999999997,0.5750849469876023,0.42855414711552453,0.30056945655939254,0.8388473909025611,0.7784851795524329,0.6744867428634483,0.6250598230333035,0.6757456120467158,0.8473512746626161,0.8038392490567312
Zfp605,0.012545577474395202,0.0103000268,0.022802338999999998,0.007357834328,0.014397146319999998,0.24777735914853294,0.49553096056192236,0.4799221694527078,0.41283418922185244,0.4615995706094823,0.513594971786335,0.6398384749125662,0.7112967913044496,0.6334422819355006,0.6596613148285196
Zfp606,0.01924100405861312,0.03605402406000001,0.048012259999999994,0.0279367463,0.015975686319999998,0.5818155371530807,0.40436288480919275,0.7643748416463685,0.4957412396771951,0.6679113512139165,0.6765584118440919,0.616537751430999,0.8096453334067456,0.6588375096487119,0.7412381344020792
Zfp651,0.06442520993347764,0.07434420659999999,0.0320617918,0.10618140880000002,0.0681108862,0.11335312652867863,0.3901340839214159,0.1915689144644286,0.11662396157459383,0.12664567817052452,0.3460122790098614,0.6116769082440225,0.640076801555444,0.37314317980862016,0.37912171898687064
Zfp692,0.07118317536767252,0.08685943199999999,0.018011522000000002,0.0879211672,0.0814166972,0.15206427194499084,0.02634611227620976,0.41742688446154685,0.042110366422747326,0.08515689026682507,0.41190225119080043,0.1137858409452403,0.706956420259207,0.17855307343383744,0.29462379908498776
Zfp7,0.01430385690067414,0.025381232500000007,0.012100721259999999,0.05988720000000001,0.04439585020000001,0.6577434490191432,0.4965925191581054,0.5156177834936497,0.24137323757104354,0.2339420321320331,0.7162779948334931,0.6398384749125662,0.7199768137930461,0.5448473566530837,0.5244654012866745
Zfp780b,0.02838612587775106,0.0136746951,0.012201619399999999,0.02121607664,0.0315244474,0.44620376348975255,0.6831223914695194,0.7369187662140949,0.4347625439565518,0.3939082029811239,0.6223636694061372,0.7364418362441881,0.795051569117295,0.6364968217877089,0.6359976193966063
Zfp788,0.05384936113534182,0.034684664000000004,0.029072214100000004,0.0593282466,0.03164598486,0.27165200502384174,0.2433609244779112,0.5767435526945521,0.17113528966013344,0.2355248923648362,0.5336031182405874,0.5431815834346978,0.7334387169793339,0.46718929369057954,0.5244654012866745
Zfp830,0.07263612823489965,0.08149899120000001,0.06385667739999999,0.04368346120000001,0.0515789134,0.07801193218931743,0.002522274317838151,0.09735892676254992,0.005891686156070735,0.02411283657705443,0.27446006817283675,0.015015709192120016,0.4498488868820584,0.03354653954170888,0.1117811820640161
Zfp85,0.017770921041278122,0.0042248365,0.0015832931599999993,0.01193380268,-0.0194705156,0.5451342566296589,0.44590338466341717,0.6620625394453399,0.27419763995325097,0.7548957724618873,0.6664875442579966,0.6278417943172282,0.7624683183198516,0.5720557947784368,0.7859181575315209
Zfp850,0.08030163677734195,0.0571662032,0.012099661440000001,0.030284888740000005,0.0284734538,0.16580251565929935,0.08580798057195375,0.5983629113935007,0.4645021957545383,0.7082978334231531,0.42674263716738486,0.2868289667443997,0.7421660275333178,0.6525484018908168,0.7558611829604265
Zfp862-ps,0.002908227358514421,-0.003965924179999999,0.015690655054,0.0072808659,-0.0024506321999999982,0.6552937137789578,0.8621398182302101,0.499333823521355,0.6474776255953085,0.19061016946836365,0.7147261381717328,0.8702496718025637,0.7163564111187761,0.7284123287947222,0.47687520603858413
Zfp869,0.010898190361770154,-0.006944283880000001,0.0048500537,0.02149116566,-0.0042578775999999995,0.6135060616311696,0.3544174750882342,0.6453664404415462,0.3166528703884797,0.7000880913513035,0.6891126971941673,0.5989089788810205,0.754545296664473,0.5930115103129613,0.7535970633907982
Zfp930,-0.0042562449356736195,0.003450470159999999,0.028735043999999998,0.010477222660000002,-0.010345632719999998,0.3272996850224993,0.4969033334842283,0.3303807159344779,0.3434993914661598,0.4068191933117054,0.5700163053762628,0.6398384749125662,0.6918790858347537,0.6000435861305105,0.6398114708791759
Zfp943,0.050859055914603955,0.002584374760000001,0.0072846607600000005,0.0447044916,0.038743881800000005,0.1432314511932844,0.6174838382394059,0.39829812187392805,0.5057367024813781,0.6554249184024892,0.3996157488292635,0.700886862769708,0.7041611757761018,0.6605794694294607,0.7353797109879744
Zfp976,0.0035860355616724815,0.030367365199999996,-0.00914983696,0.0110712638,0.013092320979999999,0.6679110325892799,0.12584153275040708,0.40770349117408,0.0610081146027248,0.5234070297246802,0.7233974304829546,0.370356409676831,0.7041611757761018,0.23772715047709805,0.6875261831129275
Zfpm2,0.18512430821603787,0.17995346999999998,0.138352328,0.1469597888,0.160567256,1.3259156574855577e-10,3.7451430592343133e-10,2.470181101167454e-06,4.765030005755148e-09,3.3892688384974e-09,1.849652342192353e-09,8.462567383404001e-09,9.068164831917364e-05,1.0897076816440051e-07,8.596418235825224e-08
Zfyve1,0.003401923023621102,0.0208171358,0.0322599614,0.0031411466,0.02181817872,0.3951200156034446,0.6005630781015314,0.6103225088087443,0.39332179953825697,0.5463623034780429,0.6028241864969374,0.6941210100335704,0.7422029543137081,0.6334422819355006,0.6920774749545304
Zmat5,0.04203365459567326,-0.0211285316,0.01695453524,0.00501823514,-0.022681976859999998,0.2959129783416075,0.39074713065485883,0.15211731915002527,0.5526624795700328,0.6557794698702797,0.5474782556850697,0.6116769082440225,0.580334354584536,0.6811095581869431,0.7353797109879744
Zw10,0.08354081091757923,0.034839893,0.032041821000000005,0.045723688799999995,0.04092110140000001,0.012343793786588916,0.228523295436792,0.3694311315497598,0.15538892228477494,0.17218360122250434,0.06497959370676053,0.5296127765425586,0.7019716352085735,0.4440920276791963,0.44896471720634307
Zyg11a,0.03415416073308776,0.008372864599999998,0.013698722299999999,0.0026488359999999986,0.01214514996,0.39277821314648015,0.4680738414645277,0.7053623626433223,0.4651388687073562,0.643965234395254,0.6027784459178656,0.631694628897757,0.780936901497964,0.6527854344534828,0.7313701865457837
mt-Atp8,0.09252626933381825,0.08536554519999999,0.125995591,0.136217398,0.1400675992,0.0003245840440194502,0.0004709836908014602,1.1122333983973242e-07,6.27396035057796e-09,3.307587896587331e-06,0.002529579560933704,0.003189428391592413,6.745937351148988e-06,1.3675272951650397e-07,4.156833437602997e-05
mt-Nd6,0.09441630349464879,0.11076674579999998,0.05694669769999999,0.11745184719999999,0.09632181079999999,0.0175381376103583,0.0005173264912905547,0.006003178449923782,0.0004750239080822132,0.0012437689299865439,0.08700261978989085,0.0034687605705913714,0.06344268134578543,0.003562679310616599,0.008236695297528372
mt-Rnr1,0.14305470938633105,0.07597443179999999,0.0619157358,0.138808832,0.0887713454,0.002398259422307977,0.00035394377558114066,2.2955165636099244e-05,6.362055419883288e-06,2.642598848838381e-07,0.015560799507533153,0.002506353131653255,0.0006671345012991343,7.78514676380455e-05,4.286541155964582e-06
mt-Rnr2,0.1902945168210654,0.13556443999999998,0.12404123199999999,0.21338864200000002,0.173001848,1.0907961218087007e-06,6.676356233944931e-06,7.212995042087036e-05,7.391023159877176e-11,1.6458115350510418e-09,1.1355676044202517e-05,6.681777673708498e-05,0.0015480197051863714,2.291217179561925e-09,4.591814182792407e-08
mt-Tm,0.010566329065057662,0.012298811679999999,-0.0022092252000000005,0.026123022219999997,0.025981015340000004,0.522211783240117,0.7119664454183046,0.6188891428132128,0.3183664745686047,0.25884983943484857,0.6578595474078743,0.7524190843625264,0.7442675467451999,0.5953367721490664,0.5451609138110252
