	group	names	scores	logfoldchanges	pvals	pvals_adj	pct_nz_group	pct_nz_reference
0	2	PDE3B	17.913319	1.4151647	9.283252640244911e-72	1.1009937631330464e-67	0.9957627118644068	0.9384615384615385
1	2	MAML2	16.701777	1.6751766	1.2721975738923066e-62	5.029421075454252e-59	0.9548022598870056	0.7846153846153846
2	2	BACH2	16.619947	1.5835583	4.997717215541044e-62	1.4818231544079196e-58	0.9830508474576272	0.841025641025641
3	2	FOXP1	16.355267	1.2250586	3.989580593175689e-60	9.463285167012734e-57	0.9887005649717514	0.9128205128205128
4	2	ARHGAP15	15.701323	1.2115183	1.4812169950142492e-55	1.7567233560868998e-52	1.0	0.9461538461538461
5	2	NELL2	15.323492	1.4871012	5.327628987619678e-53	4.860436907166875e-50	0.9576271186440678	0.7948717948717948
6	2	LINC-PINT	14.822867	1.6122509	1.0423760610328363e-49	5.375034819064973e-47	0.9519774011299436	0.7538461538461538
7	2	ZBTB20	14.609394	1.4605962	2.4468553862540593e-48	1.0748038844804867e-45	0.9590395480225988	0.7512820512820513
8	2	DENND4A	14.358137	1.5246108	9.474004340799458e-47	3.404899741875199e-44	0.922316384180791	0.6717948717948717
9	2	DOCK10	14.1865225	1.2316163	1.1102968623059006e-45	3.76232022484228e-43	0.981638418079096	0.8487179487179487
10	2	ANKRD44	13.892611	1.2656364	7.022835536830979e-44	2.1918639333372475e-41	0.9505649717514124	0.7794871794871795
11	2	STAT4	13.431658	1.4596765	3.944800514827383e-41	1.0396740912411725e-38	0.922316384180791	0.7
12	2	PRKCA	13.303394	1.412937	2.211934811455195e-40	5.702944970404046e-38	0.9279661016949152	0.676923076923077
13	2	CNOT6L	12.996159	1.3419921	1.2864385820341626e-38	2.8787097326273905e-36	0.9011299435028248	0.6871794871794872
14	2	MBNL1	12.960762	0.8714645	2.0420786786355925e-38	4.4850098386329864e-36	0.9971751412429378	0.9538461538461539
15	2	LRBA	12.832002	1.6366929	1.0852336706653384e-37	2.25804760247209e-35	0.8206214689265536	0.4666666666666667
16	2	CD55	12.80615	1.1685697	1.5146446150603229e-37	3.097187092175074e-35	0.9646892655367232	0.8128205128205128
17	2	PRKCH	12.519895	1.4724966	5.811241187424649e-36	1.1298577128337105e-33	0.8361581920903954	0.5615384615384615
18	2	CBLB	12.21415	1.4879559	2.612160352246549e-34	4.4898872141513147e-32	0.8333333333333334	0.541025641025641
19	2	CAMK4	12.2056	1.0654185	2.901634282172059e-34	4.916197512365803e-32	0.9519774011299436	0.8307692307692308
20	2	VPS13B	12.185714	1.5487856	3.7039644822951273e-34	6.187185740847917e-32	0.7923728813559322	0.45897435897435895
21	2	ZEB1	12.172192	1.4827256	4.371855168977717e-34	7.201416986677184e-32	0.8290960451977402	0.5692307692307692
22	2	DPYD	11.96359	1.2295036	5.512642615467812e-33	8.956156358828528e-31	0.9166666666666666	0.7076923076923077
23	2	ATM	11.718796	0.9772795	1.0211368053769744e-31	1.5728159106195996e-29	0.9491525423728814	0.8333333333333334
24	2	FYN	11.643329	1.2333113	2.4813814617845296e-31	3.772972325226221e-29	0.8926553672316384	0.6794871794871795
25	2	SIK3	11.530079	1.5416325	9.305805283110631e-31	1.3970487425024313e-28	0.8050847457627118	0.49743589743589745
26	2	SKAP1	11.516557	1.2238265	1.0887518621349882e-30	1.6140746356151201e-28	0.8983050847457628	0.6871794871794872
27	2	ARIH1	11.351505	1.5328125	7.289717640672932e-30	1.0543420880290364e-27	0.7824858757062146	0.45897435897435895
28	2	GLS	11.32277	1.463941	1.0122226737129224e-29	1.4463808325584651e-27	0.7824858757062146	0.4666666666666667
29	2	ELMO1	11.242034	1.482868	2.534751856269249e-29	3.4955996529480574e-27	0.768361581920904	0.44358974358974357
30	2	UTRN	11.177404	1.2869166	5.260593006407319e-29	7.171337132872506e-27	0.865819209039548	0.5820512820512821
31	2	NR3C2	11.153542	1.6322825	6.881172690354273e-29	9.273944103136553e-27	0.7245762711864406	0.38461538461538464
32	2	PITPNC1	11.03204	1.2520951	2.6772344864103777e-28	3.5676405627895595e-26	0.8545197740112994	0.6128205128205129
33	2	KLF12	11.020904	1.2806469	3.030021078734109e-28	3.949016482833685e-26	0.846045197740113	0.6153846153846154
34	2	ATP8A1	10.978745	1.4989603	4.835915787898674e-28	6.167092606933147e-26	0.7443502824858758	0.4641025641025641
35	2	CDKAL1	10.940167	1.4836193	7.406314604875634e-28	9.344562895087767e-26	0.7669491525423728	0.4205128205128205
36	2	SERINC5	10.914515	1.2663907	9.825275706567036e-28	1.22660810399879e-25	0.8559322033898306	0.5769230769230769
37	2	SMCHD1	10.798978	0.9487183	3.4805543413017896e-27	4.169633786650427e-25	0.9731638418079096	0.8641025641025641
38	2	PACS1	10.730372	1.1666985	7.330035396661022e-27	8.693421980439973e-25	0.8771186440677966	0.6615384615384615
39	2	SSH2	10.585404	1.3000284	3.482722133851159e-26	4.01020237936648e-24	0.8149717514124294	0.5897435897435898
40	2	THEMIS	10.563828	1.0401318	4.384073927453917e-26	4.9995304595772555e-24	0.903954802259887	0.7692307692307693
41	2	BRAF	10.479712	1.5987269	1.070695254788631e-25	1.2093757830279203e-23	0.6892655367231638	0.3769230769230769
42	2	ATF7IP	10.346179	1.2288744	4.355234459442894e-25	4.8729321404710115e-23	0.8050847457627118	0.5461538461538461
43	2	PTPRC	10.297856	0.5375292	7.20489965185771e-25	7.985991576732005e-23	1.0	0.9897435897435898
44	2	BTBD9	10.284135	1.6942543	8.308468641745692e-25	9.123929452879991e-23	0.653954802259887	0.32564102564102565
45	2	P2RY8	10.247446	1.2946714	1.2151212014286632e-24	1.3101215862676314e-22	0.8290960451977402	0.6358974358974359
46	2	HIVEP2	10.239392	1.2427988	1.320636247515903e-24	1.4110581887872622e-22	0.8121468926553672	0.5487179487179488
47	2	ADK	10.1781435	1.2571813	2.4825151879643773e-24	2.6288062615408494e-22	0.8008474576271186	0.5307692307692308
48	2	ZSWIM6	10.133599	1.737423	3.919491641344225e-24	4.1137319350745587e-22	0.6271186440677966	0.2692307692307692
49	2	USP3	10.124453	1.1553135	4.3038206243157904e-24	4.477483561788182e-22	0.8403954802259888	0.6153846153846154
50	2	CD247	10.00822	1.1539237	1.402536260012246e-23	1.4464417429343684e-21	0.809322033898305	0.5794871794871795
51	2	RFX3	9.9594	1.3123344	2.2944297030330477e-23	2.3258065194847815e-21	0.7387005649717514	0.4717948717948718
52	2	SMYD3	9.938818	1.3415525	2.821542424179385e-23	2.835889250065043e-21	0.751412429378531	0.517948717948718
53	2	MPP7	9.910978	1.4212046	3.729763134557666e-23	3.717226115617976e-21	0.6822033898305084	0.3923076923076923
54	2	CDC42SE2	9.904515	0.8145841	3.9789460395205597e-23	3.93252500239282e-21	0.9519774011299436	0.8435897435897436
55	2	RASGEF1B	9.80439	1.4660567	1.0779593006528292e-22	1.0479178119461111e-20	0.693502824858757	0.4025641025641026
56	2	ARID1B	9.69999	1.2380276	3.01528251263164e-22	2.907418747952134e-20	0.7457627118644068	0.46923076923076923
57	2	TNRC6B	9.695019	0.7874091	3.1658020908993173e-22	3.027936515973057e-20	0.9463276836158192	0.8358974358974359
58	2	FAF1	9.637052	1.4627213	5.57667796495455e-22	5.2911520531488767e-20	0.6694915254237288	0.36153846153846153
59	2	CELF2	9.5762005	0.8731817	1.0068032314656602e-21	9.476735178716453e-20	0.9251412429378532	0.7897435897435897
60	2	HERC1	9.5633745	1.0556571	1.139783118758887e-21	1.0643958888567244e-19	0.826271186440678	0.6153846153846154
61	2	PDE7A	9.468221	1.0571266	2.846498216015066e-21	2.6170130885223785e-19	0.8432203389830508	0.6230769230769231
62	2	LINC01619	9.444557	1.4445528	3.569108180520161e-21	3.2312689328984054e-19	0.730225988700565	0.4641025641025641
63	2	PCNX1	9.397726	1.3111614	5.575501345832179e-21	5.009503481937093e-19	0.7090395480225988	0.40512820512820513
64	2	JMJD1C	9.387485	1.0132841	6.14501104893099e-21	5.479686544385078e-19	0.844632768361582	0.6641025641025641
65	2	MBD5	9.363026	1.2821419	7.748563674212711e-21	6.80725667971576e-19	0.731638418079096	0.46923076923076923
66	2	VTI1A	9.321961	1.5328367	1.1420946994221442e-20	9.887038784778563e-19	0.6186440677966102	0.3076923076923077
67	2	DYRK1A	9.303765	1.4507478	1.3555772266207908e-20	1.1650105730233753e-18	0.632768361581921	0.3076923076923077
68	2	RICTOR	9.259321	1.3489562	2.057365820843362e-20	1.755421484546926e-18	0.6765536723163842	0.36923076923076925
69	2	RIPOR2	9.215175	0.74367267	3.1077263324335647e-20	2.577456944242103e-18	0.96045197740113	0.8974358974358975
70	2	RASA3	9.187036	0.9769767	4.038145404065235e-20	3.325861423070395e-18	0.8545197740112994	0.6692307692307692
71	2	RALGAPA1	9.174906	1.3788731	4.519698828930763e-20	3.696801938697852e-18	0.6666666666666666	0.358974358974359
72	2	AKT3	9.171426	1.2508096	4.668038416200913e-20	3.7919818915166324e-18	0.7387005649717514	0.46923076923076923
73	2	RHOH	9.076968	1.0048984	1.1164122947157766e-19	9.007244772332728e-18	0.8700564971751412	0.7025641025641025
74	2	ZHX2	9.073289	1.6322803	1.1547715694345117e-19	9.253777576684668e-18	0.5663841807909604	0.2564102564102564
75	2	FAM172A	9.04883	1.0973442	1.445086332293744e-19	1.150249926241866e-17	0.7754237288135594	0.5282051282051282
76	2	CDK13	9.047637	1.3023854	1.460960017454681e-19	1.1551323871341678e-17	0.6709039548022598	0.3974358974358974
77	2	NFKB1	9.010351	1.0869013	2.053984356574671e-19	1.6132618853626226e-17	0.8192090395480226	0.6384615384615384
78	2	FTX	8.92514	1.2506483	4.4513511886462645e-19	3.45052451616632e-17	0.730225988700565	0.441025641025641
79	2	ASH1L	8.91987	1.0886794	4.668340002697803e-19	3.5952280799997365e-17	0.8008474576271186	0.5384615384615384
80	2	ITFG1	8.908436	1.4334412	5.175744558403788e-19	3.9602793846883177e-17	0.6313559322033898	0.34615384615384615
81	2	ESYT2	8.8369465	1.0374703	9.837004165002293e-19	7.464137699163844e-17	0.7810734463276836	0.5564102564102564
82	2	ATP9B	8.83645	1.3249403	9.880856819297837e-19	7.464137699163844e-17	0.653954802259887	0.36153846153846153
83	2	APBA2	8.819646	1.3161057	1.1482208008594818e-18	8.618923226704717e-17	0.6751412429378532	0.4025641025641026
84	2	CEP85L	8.785741	1.1560051	1.5533742131731884e-18	1.1586803879392462e-16	0.7429378531073446	0.46153846153846156
85	2	TGFBR2	8.784548	1.0837231	1.5699502826103638e-18	1.1637256469849323e-16	0.8036723163841808	0.5948717948717949
86	2	MKLN1	8.743583	1.1432952	2.25832006589235e-18	1.6635823590983398e-16	0.7415254237288136	0.4717948717948718
87	2	TMEM2	8.700132	1.2830975	3.3149698667980313e-18	2.4268853469274476e-16	0.690677966101695	0.38974358974358975
88	2	IMMP2L	8.649623	1.3041539	5.167003792014777e-18	3.759549998361672e-16	0.6878531073446328	0.45897435897435895
89	2	NIPBL	8.626058	0.9245399	6.350288060191451e-18	4.564510084477007e-16	0.8559322033898306	0.6487179487179487
90	2	LDLRAD4	8.622081	1.5216222	6.574831759875507e-18	4.697440040489369e-16	0.5720338983050848	0.2923076923076923
91	2	ZFAND3	8.599609	1.3444363	7.998758519971666e-18	5.64674262183714e-16	0.6285310734463276	0.3384615384615385
92	2	PTPN4	8.566102	1.1549299	1.0704684460708244e-17	7.512281520946732e-16	0.7189265536723164	0.4846153846153846
93	2	EXOC4	8.543333	1.3212755	1.3040490352904668e-17	9.09765974032055e-16	0.6384180790960452	0.36923076923076925
94	2	GUSBP1	8.530407	1.2923435	1.4583341376506847e-17	1.0114527995635743e-15	0.6468926553672316	0.36153846153846153
95	2	STK17B	8.501175	0.81862307	1.8768095741394912e-17	1.2941256714706026e-15	0.9209039548022598	0.7846153846153846
96	2	CYTH1	8.467966	1.0033976	2.4971545134733536e-17	1.7119221115487847e-15	0.7810734463276836	0.5461538461538461
97	2	FBXO11	8.456731	1.2575493	2.7497866618284893e-17	1.8742798740968897e-15	0.6624293785310734	0.4076923076923077
98	2	PHF3	8.388522	0.9615384	4.92291364135656e-17	3.317372487868682e-15	0.8248587570621468	0.5974358974358974
99	2	RUNX1	8.386732	1.195815	4.998409558686015e-17	3.3492168003398947e-15	0.6892655367231638	0.4307692307692308
100	2	PAN3	8.340299	1.144498	7.410285871155971e-17	4.937415192803922e-15	0.693502824858757	0.43333333333333335
101	2	MAPK8	8.3226	1.2970215	8.605392394204961e-17	5.669997433070602e-15	0.634180790960452	0.39487179487179486
102	2	MED13L	8.272091	1.14307	1.3162994736809042e-16	8.625034120362167e-15	0.6765536723163842	0.4256410256410256
103	2	SCAPER	8.243356	1.197565	1.6744659057985602e-16	1.0852003083481379e-14	0.6709039548022598	0.4076923076923077
104	2	CCDC91	8.235799	0.9880859	1.7836277232486592e-16	1.1496643911809293e-14	0.7782485875706214	0.5666666666666667
105	2	SUCLG2	8.226652	1.0999076	1.9251903902400484e-16	1.2342031366619986e-14	0.7076271186440678	0.45384615384615384
106	2	TMEM131L	8.176341	1.0991821	2.9259376244326123e-16	1.86567850676187e-14	0.7161016949152542	0.46923076923076923
107	2	DOCK9	8.129808	1.2704452	4.2997086961062023e-16	2.726981023305859e-14	0.6242937853107344	0.33076923076923076
108	2	CD96	8.112408	0.7199883	4.962636403407296e-16	3.1306844544899216e-14	0.9265536723163842	0.8487179487179487
109	2	BCL2	8.107436	1.0754247	5.169886989354225e-16	3.2376743754821206e-14	0.809322033898305	0.6307692307692307
110	2	PUM2	8.101769	1.0611428	5.416569695124576e-16	3.363377831632328e-14	0.6836158192090396	0.4461538461538462
111	2	ARHGAP26	8.09461	1.5766242	5.744803020066855e-16	3.548612698853797e-14	0.5056497175141242	0.2230769230769231
112	2	PRKN	8.089439	1.550275	5.993973989934748e-16	3.68334360210498e-14	0.5296610169491526	0.2692307692307692
113	2	PAG1	8.047282	0.93216336	8.465298227986499e-16	5.1751771641195815e-14	0.7768361581920904	0.5743589743589743
114	2	BIRC6	8.028589	0.9863088	9.859979411032772e-16	5.996890041787112e-14	0.768361581920904	0.5205128205128206
115	2	RORA	7.9721136	0.9365951	1.5598319120460587e-15	9.438574733095029e-14	0.769774011299435	0.5769230769230769
116	2	SNRK	7.960182	1.1803586	1.7178609142000013e-15	1.0342045909853813e-13	0.655367231638418	0.3871794871794872
117	2	MON2	7.9254813	1.1536672	2.2726393917929257e-15	1.36128803973051e-13	0.632768361581921	0.38974358974358975
118	2	CCSER2	7.9178257	0.90360576	2.417002561677515e-15	1.4404849437937352e-13	0.8361581920903954	0.6230769230769231
119	2	CCND3	7.9138484	0.68028885	2.495522777516169e-15	1.4798450070670884e-13	0.9194915254237288	0.8307692307692308
120	2	ITPR2	7.906391	1.4385415	2.649577302078109e-15	1.563382427992357e-13	0.5423728813559322	0.2794871794871795
121	2	RAP1B	7.905397	0.90762734	2.6708129347260566e-15	1.5681109606856945e-13	0.78954802259887	0.5666666666666667
122	2	KDM4C	7.89098	1.2304081	2.998234756725236e-15	1.7516780401360248e-13	0.6200564971751412	0.3487179487179487
123	2	KAT6A	7.874872	0.94349706	3.4109135802356613e-15	1.983011522627203e-13	0.7584745762711864	0.5666666666666667
124	2	ZDHHC20	7.853694	1.2826875	4.039597416255972e-15	2.337054895453455e-13	0.5918079096045198	0.32051282051282054
125	2	RFWD2	7.806763	1.1098304	5.867528917461726e-15	3.348259124348814e-13	0.6384180790960452	0.40512820512820513
126	2	TNRC6C	7.806664	0.9783862	5.872157654844463e-15	3.348259124348814e-13	0.7457627118644068	0.517948717948718
127	2	CHIC2	7.7861814	1.2892463	6.906468057133619e-15	3.919172782660513e-13	0.5706214689265536	0.31794871794871793
128	2	USP25	7.773355	1.1907598	7.643399812619666e-15	4.316701037031868e-13	0.6426553672316384	0.3871794871794872
129	2	PELI1	7.7715654	1.6500283	7.75219669066404e-15	4.3573958649893605e-13	0.4675141242937853	0.18974358974358974
130	2	PCSK5	7.7189674	1.5028441	1.172757089447628e-14	6.529999568473648e-13	0.5	0.2153846153846154
131	2	CDK17	7.665276	1.3102266	1.7844709544965315e-14	9.88963809361162e-13	0.5423728813559322	0.27692307692307694
132	2	DIP2B	7.6470804	1.4227943	2.0559368101049532e-14	1.1341121194346393e-12	0.5155367231638418	0.24358974358974358
133	2	COG5	7.6457877	1.1644349	2.076697546029199e-14	1.1402607822178842e-12	0.6242937853107344	0.36923076923076925
134	2	CERS6	7.63495	1.3187672	2.259078437202984e-14	1.2346852656786816e-12	0.5692090395480226	0.30512820512820515
135	2	CLEC2D	7.6232176	0.7612142	2.4742941082169006e-14	1.3461067946537818e-12	0.882768361581921	0.7564102564102564
136	2	RABGAP1L	7.6148653	0.95410633	2.6396622032622717e-14	1.4295156954653215e-12	0.7570621468926554	0.5461538461538461
137	2	IVNS1ABP	7.6118827	1.2915626	2.7013184306396047e-14	1.4562562085175322e-12	0.556497175141243	0.2794871794871795
138	2	EPB41	7.5777783	0.8142384	3.515218899143847e-14	1.8864477893142997e-12	0.8403954802259888	0.658974358974359
139	2	PDCD4	7.573702	0.86703426	3.627362402303937e-14	1.937861175284896e-12	0.7937853107344632	0.6
140	2	MGAT5	7.5674376	1.3432528	3.8065710096571126e-14	2.024481263431989e-12	0.5451977401129944	0.29743589743589743
141	2	STAG1	7.565151	0.9897801	3.874142667060859e-14	2.0421036458374127e-12	0.7090395480225988	0.4948717948717949
142	2	FARS2	7.522695	1.6232361	5.365856068850244e-14	2.8034825099807886e-12	0.4576271186440678	0.18974358974358974
143	2	ARFGEF1	7.488292	0.9423665	6.977542404454566e-14	3.5979849094274416e-12	0.7217514124293786	0.49743589743589745
144	2	PPP6R3	7.4785485	1.2136432	7.514802574761182e-14	3.858249287301629e-12	0.5847457627118644	0.32564102564102565
145	2	IL6ST	7.469202	0.9098524	8.06825560232832e-14	4.124547907052322e-12	0.7556497175141242	0.5487179487179488
146	2	PIK3CA	7.4620433	1.3682361	8.519094609885958e-14	4.3363288443453846e-12	0.5282485875706214	0.26153846153846155
147	2	PIAS1	7.4537907	0.9716892	9.069591548254102e-14	4.5968100753116945e-12	0.7387005649717514	0.4846153846153846
148	2	SUPT3H	7.440964	1.0147104	9.995299171530449e-14	5.04443609252558e-12	0.6963276836158192	0.47435897435897434
149	2	ATP2B1	7.4343023	1.003608	1.05121146180727e-13	5.282783024167044e-12	0.713276836158192	0.4897435897435897
150	2	TTC17	7.4306235	0.9896207	1.0808684462204167e-13	5.408902857457444e-12	0.7274011299435028	0.5153846153846153
151	2	INPP4B	7.392045	1.0257995	1.445873398063167e-13	7.205066597071075e-12	0.730225988700565	0.5153846153846153
152	2	ELP4	7.3855824	1.4847907	1.5178757615952697e-13	7.532220306493682e-12	0.4985875706214689	0.24615384615384617
153	2	STXBP5	7.3802133	1.225675	1.5803629536218446e-13	7.80962692914795e-12	0.5748587570621468	0.33589743589743587
154	2	ARL15	7.3744464	1.3673892	1.6502949270641143e-13	8.121368396257425e-12	0.5211864406779662	0.28205128205128205
155	2	ITPR1	7.366989	1.5633928	1.7452472426140395e-13	8.524308409930247e-12	0.4576271186440678	0.18717948717948718
156	2	NUP98	7.3668895	1.2970247	1.746548856334781e-13	8.524308409930247e-12	0.5324858757062146	0.25384615384615383
157	2	DOCK2	7.358836	0.97325927	1.8552086037804325e-13	9.01753034460489e-12	0.7048022598870056	0.46923076923076923
158	2	TPP2	7.3559527	0.985949	1.8957041595156732e-13	9.176755645655464e-12	0.7033898305084746	0.46923076923076923
159	2	OSBPL8	7.3338795	0.80442667	2.2358451411683659e-13	1.0779318444819844e-11	0.807909604519774	0.6512820512820513
160	2	EPC2	7.321252	1.056665	2.456683640289645e-13	1.17960599084353e-11	0.6567796610169492	0.4128205128205128
161	2	CASK	7.315584	0.97484565	2.5626374161165845e-13	1.2255193449654312e-11	0.7019774011299436	0.4666666666666667
162	2	ERC1	7.277006	1.1682681	3.4131028803071543e-13	1.625678721302926e-11	0.5861581920903954	0.3435897435897436
163	2	TBC1D5	7.272929	1.1475886	3.517743721644206e-13	1.6688176215480113e-11	0.6059322033898306	0.38974358974358975
164	2	SLC38A1	7.2633843	0.6502883	3.7752377668550384e-13	1.783837446808795e-11	0.922316384180791	0.8128205128205128
165	2	ABLIM1	7.24837	0.75271887	4.2181582665330133e-13	1.985212580995299e-11	0.864406779661017	0.7256410256410256
166	2	BTBD11	7.2455864	1.9355866	4.3057228166283664e-13	2.018413936964918e-11	0.3940677966101695	0.1358974358974359
167	2	KMT2C	7.222519	0.9118766	5.10333256887267e-13	2.3828946561744043e-11	0.7443502824858758	0.49230769230769234
168	2	TNIK	7.2174478	1.0068446	5.297224902751791e-13	2.463728915554362e-11	0.6694915254237288	0.4564102564102564
169	2	MARCH6	7.1997495	1.127704	6.032322396994807e-13	2.7946618604827508e-11	0.6045197740112994	0.3769230769230769
170	2	CAMKMT	7.1870227	1.2368386	6.621939458053202e-13	3.044038836143837e-11	0.5706214689265536	0.36153846153846153
171	2	EXOC6B	7.1737986	1.4449966	7.294486122088957e-13	3.334669255299734e-11	0.480225988700565	0.23076923076923078
172	2	ZNF638	7.162265	0.87659854	7.935488027662398e-13	3.605934406439695e-11	0.7612994350282486	0.5461538461538461
173	2	RAD51B	7.1598787	1.2052711	8.074852727270094e-13	3.6552577612756993e-11	0.5861581920903954	0.35128205128205126
174	2	PIBF1	7.15093	1.0721827	8.619193020755612e-13	3.8868300085992984e-11	0.6257062146892656	0.38461538461538464
175	2	RASGRF2	7.146356	1.2268716	8.91115936519597e-13	4.00327083603122e-11	0.5451977401129944	0.30256410256410254
176	2	MLLT3	7.1308455	0.9824633	9.975434058921932e-13	4.464477280709967e-11	0.655367231638418	0.4512820512820513
177	2	USP34	7.0949516	0.8077288	1.293968433848265e-12	5.7693479794888814e-11	0.7923728813559322	0.5974358974358974
178	2	FNDC3A	7.067012	1.0882889	1.5830529145523781e-12	7.0055998382803e-11	0.6059322033898306	0.38974358974358975
179	2	RNGTT	7.062239	1.4954121	1.6384040510125265e-12	7.223595555765265e-11	0.4548022598870056	0.20512820512820512
180	2	KDM6A	7.0493135	1.2916006	1.7980248125174988e-12	7.868846596478796e-11	0.518361581920904	0.2641025641025641
181	2	CAMK2D	7.028334	1.2171705	2.0901391440992426e-12	9.113621415079785e-11	0.5536723163841808	0.31794871794871793
182	2	PSMA1	7.027539	0.93295	2.1020853720257882e-12	9.132136451364779e-11	0.7429378531073446	0.5512820512820513
183	2	FAM120B	7.0191865	1.2751385	2.2316349243810236e-12	9.659558468306183e-11	0.5084745762711864	0.258974358974359
184	2	REV3L	6.993733	1.1271263	2.676670393569539e-12	1.1460401035283297e-10	0.5663841807909604	0.32564102564102565
185	2	CDC14A	6.9699693	0.9858021	3.1701009920356132e-12	1.352424380055481e-10	0.6624293785310734	0.441025641025641
186	2	TBC1D22A	6.9570436	1.1173756	3.47487539169007e-12	1.477133410230976e-10	0.5833333333333334	0.35128205128205126
187	2	DOCK8	6.9297004	0.82942194	4.2173221432656e-12	1.7863371649689293e-10	0.7528248587570622	0.5743589743589743
188	2	STK17A	6.9213486	0.7945691	4.473641896048463e-12	1.888163447940739e-10	0.8050847457627118	0.6205128205128205
189	2	SSBP2	6.9053407	1.3160384	5.008314920321544e-12	2.1063338636529612e-10	0.5028248587570622	0.2692307692307692
190	2	RAB11A	6.8910227	0.7369486	5.539268241297404e-12	2.3214035809818804e-10	0.864406779661017	0.7102564102564103
191	2	AC004980.1	6.8903265	1.3519565	5.566438683730184e-12	2.3245761545436614e-10	0.4745762711864407	0.23076923076923078
192	2	PTBP2	6.8855543	1.2625313	5.756301371600581e-12	2.395429272532733e-10	0.5028248587570622	0.2512820512820513
193	2	USP24	6.8638787	1.53109	6.7015571572046405e-12	2.7790373386170294e-10	0.4293785310734463	0.18461538461538463
194	2	USP15	6.861592	0.7559494	6.809743465494155e-12	2.8140612369603023e-10	0.8220338983050848	0.658974358974359
195	2	AKAP13	6.85672	0.75671554	7.04596610655409e-12	2.901567986935122e-10	0.7951977401129944	0.6256410256410256
196	2	TNKS	6.846976	1.1185603	7.542751613070303e-12	3.09539910487937e-10	0.5720338983050848	0.33076923076923076
197	2	KCNQ5	6.836834	1.4373271	8.096248439885244e-12	3.311086430932379e-10	0.4887005649717514	0.2692307692307692
198	2	FAM117B	6.8121758	1.0438125	9.61336702594305e-12	3.91802518651837e-10	0.6285310734463276	0.39487179487179486
199	2	TLE4	6.8048177	0.84952307	1.0117717521880899e-11	4.109456500325598e-10	0.751412429378531	0.5717948717948718
200	2	PCM1	6.7767787	0.7257545	1.2288474129541662e-11	4.940383158520817e-10	0.806497175141243	0.6512820512820513
201	2	ITGA4	6.7711115	0.9163687	1.2779679677746925e-11	5.12050678979995e-10	0.7019774011299436	0.4948717948717949
202	2	SCFD2	6.768725	1.180313	1.2992210177151357e-11	5.188135107778287e-10	0.5310734463276836	0.30512820512820515
203	2	ATP11B	6.759876	0.9635887	1.3810993318548595e-11	5.496589958321689e-10	0.6426553672316384	0.4358974358974359
204	2	FBXL17	6.7562966	1.040835	1.4156356237187969e-11	5.615196821841113e-10	0.6299435028248588	0.4256410256410256
205	2	MSI2	6.7397914	0.95789737	1.58614284421491e-11	6.270551377462944e-10	0.6299435028248588	0.41794871794871796
206	2	RALGAPA2	6.7376037	1.3287368	1.6101982899720758e-11	6.344502232248777e-10	0.4689265536723164	0.22564102564102564
207	2	SOS1	6.732732	0.98025805	1.6650675798757544e-11	6.538974005737235e-10	0.634180790960452	0.41794871794871796
208	2	PCGF5	6.71911	0.83339643	1.8283774066506373e-11	7.15661915606487e-10	0.7274011299435028	0.541025641025641
209	2	RFX7	6.70171	1.1815453	2.05994515912871e-11	8.036496574758716e-10	0.5423728813559322	0.33076923076923076
210	2	RASA2	6.6970367	0.72714067	2.1268798904383585e-11	8.270424754294731e-10	0.8545197740112994	0.6923076923076923
211	2	UBAC2	6.6913695	0.8708521	2.2109175307279726e-11	8.569111736743058e-10	0.7005649717514124	0.49230769230769234
212	2	ZCCHC7	6.6882873	0.8979192	2.257978131207595e-11	8.723003464534878e-10	0.6850282485875706	0.48717948717948717
213	2	PATJ	6.6869946	0.95483977	2.2780038062902918e-11	8.771793877468461e-10	0.6313559322033898	0.4153846153846154
214	2	INPP4A	6.683415	1.1032563	2.334371334638152e-11	8.959755349128959e-10	0.5663841807909604	0.32051282051282054
215	2	DLG1	6.677648	1.1224169	2.4280700589666578e-11	9.289326096562762e-10	0.5494350282485876	0.3153846153846154
216	2	SLC12A2	6.6692963	1.7975309	2.570330637458714e-11	9.801968283041912e-10	0.3714689265536723	0.13076923076923078
217	2	YES1	6.6673074	1.9848328	2.6053866472793883e-11	9.90380949895306e-10	0.3587570621468927	0.12051282051282051
218	2	PIP4K2A	6.6659155	0.79988617	2.6302038833440757e-11	9.966203851904389e-10	0.7838983050847458	0.5769230769230769
219	2	KANSL1	6.6490126	0.99529994	2.950655860131687e-11	1.1144833917567456e-09	0.614406779661017	0.38974358974358975
220	2	GLG1	6.648217	0.91787106	2.966642205220096e-11	1.1169643350447726e-09	0.6454802259887006	0.4358974358974359
221	2	UBR3	6.634496	1.2204046	3.2561306715996087e-11	1.2220794229484606e-09	0.4985875706214689	0.26666666666666666
222	2	DYM	6.6290274	1.1285748	3.379057274620533e-11	1.261938263197181e-09	0.5550847457627118	0.3435897435897436
223	2	GNG2	6.6288285	0.90753573	3.383611869280806e-11	1.261938263197181e-09	0.6680790960451978	0.5
224	2	CHD6	6.6108317	1.077978	3.8216609951370756e-11	1.4208432414522169e-09	0.557909604519774	0.3282051282051282
225	2	IQGAP2	6.6037726	0.92457503	4.008244661034965e-11	1.485555677496084e-09	0.672316384180791	0.44871794871794873
226	2	ASCC3	6.593531	1.027163	4.29486086320373e-11	1.5868239824796336e-09	0.5988700564971752	0.38461538461538464
227	2	XRN1	6.5928354	0.7822765	4.3150513298146815e-11	1.5893325705466498e-09	0.7556497175141242	0.5794871794871795
228	2	TC2N	6.583191	0.8367777	4.604578821199794e-11	1.6907215114374476e-09	0.7245762711864406	0.5307692307692308
229	2	PLCL1	6.5488877	1.4247451	5.796718922918228e-11	2.115356505409544e-09	0.4604519774011299	0.2358974358974359
230	2	CHD2	6.5377517	0.89760137	6.245049674835606e-11	2.271972059618107e-09	0.6652542372881356	0.46923076923076923
231	2	ZBTB1	6.5370555	1.040041	6.274169529689006e-11	2.2755856459361347e-09	0.5748587570621468	0.34615384615384615
232	2	RNF38	6.523633	1.1009132	6.862460832558611e-11	2.4735959318832695e-09	0.536723163841808	0.2923076923076923
233	2	WDR7	6.523036	1.4560039	6.889822591439658e-11	2.4735959318832695e-09	0.4209039548022599	0.18974358974358974
234	2	POLR2A	6.522738	0.9964642	6.903543452389226e-11	2.4735959318832695e-09	0.632768361581921	0.43333333333333335
235	2	ZNF407	6.4822702	1.4298086	9.035256182209102e-11	3.2179621117417405e-09	0.4307909604519774	0.2
236	2	ZC3HAV1	6.4792876	0.6671781	9.215678034612525e-11	3.272393457799537e-09	0.8403954802259888	0.717948717948718
237	2	CLASP2	6.464572	1.1561294	1.0158593560458894e-10	3.5928211973086752e-09	0.5098870056497176	0.2923076923076923
238	2	RPS6KA3	6.4642735	0.9965444	1.0178650272307882e-10	3.5928211973086752e-09	0.6031073446327684	0.38461538461538464
239	2	ZNF644	6.460396	0.85780716	1.0442936889183821e-10	3.675170074353713e-09	0.690677966101695	0.47435897435897434
240	2	LINC01934	6.455623	1.1668551	1.0777433891149697e-10	3.781667631628267e-09	0.5480225988700564	0.3564102564102564
241	2	NCOA2	6.4382234	1.0923436	1.2088007316974644e-10	4.204216034584143e-09	0.5423728813559322	0.32051282051282054
242	2	GPATCH8	6.4359365	0.9350197	1.2271438043317748e-10	4.2555337775949856e-09	0.6497175141242938	0.41025641025641024
243	2	DTNB	6.425198	1.6415863	1.3169788312819156e-10	4.553751877260501e-09	0.3757062146892655	0.13846153846153847
244	2	ZNF292	6.414758	0.8062559	1.4104666575718247e-10	4.862829813605186e-09	0.7048022598870056	0.5205128205128206
245	2	FUT8	6.411775	1.1625327	1.4383482129194796e-10	4.944582552239139e-09	0.518361581920904	0.2948717948717949
246	2	SNX9	6.402628	1.1594954	1.5272525084758288e-10	5.235033164891136e-09	0.4943502824858757	0.258974358974359
247	2	AC093752.1	6.4011364	1.4009478	1.5422480778764177e-10	5.2711994823096e-09	0.422316384180791	0.18717948717948718
248	2	CD44	6.375981	0.5989185	1.8179572127843754e-10	6.19568176540882e-09	0.922316384180791	0.8384615384615385
249	2	RBL2	6.3742905	0.73951286	1.8381189875208813e-10	6.246444467621104e-09	0.8107344632768362	0.6128205128205129
250	2	RFTN1	6.361663	1.2665236	1.9958093668491632e-10	6.762942597380307e-09	0.4689265536723164	0.24615384615384617
251	2	BCAS3	6.3408823	1.2028518	2.2845293146911774e-10	7.707248881981924e-09	0.5042372881355932	0.28717948717948716
252	2	SETD2	6.3406835	0.7887924	2.2874802752593905e-10	7.707248881981924e-09	0.713276836158192	0.5153846153846153
253	2	ZMYND11	6.336706	1.0836635	2.3472874833047623e-10	7.88635398073498e-09	0.5282485875706214	0.31025641025641026
254	2	FRYL	6.335414	0.9041918	2.367051662032524e-10	7.930291726470546e-09	0.6285310734463276	0.4128205128205128
255	2	SCAF8	6.313142	1.1802994	2.734269452566543e-10	9.13477062181386e-09	0.481638418079096	0.24358974358974358
256	2	RC3H1	6.3008127	1.0182433	2.9608940156425186e-10	9.86410197346075e-09	0.5522598870056498	0.31794871794871793
257	2	SESN3	6.2855997	1.1310093	3.2659013160075487e-10	1.0849744988193144e-08	0.5635593220338984	0.36923076923076925
258	2	VPS13C	6.282617	0.82340103	3.329205400207229e-10	1.1029155320239591e-08	0.7189265536723164	0.5076923076923077
259	2	PRDM2	6.2778444	0.8256814	3.4329919352966803e-10	1.1341304833598505e-08	0.6694915254237288	0.44358974358974357
260	2	ADD3	6.2623334	0.6618306	3.7925874829345873e-10	1.2494468763223391e-08	0.8516949152542372	0.7205128205128205
261	2	PARP8	6.2598476	0.779589	3.8535345240934244e-10	1.2660088491896956e-08	0.7415254237288136	0.5538461538461539
262	2	TRAPPC9	6.2590523	1.1515609	3.873238740772635e-10	1.2689671675570014e-08	0.5042372881355932	0.2743589743589744
263	2	ARID2	6.2500043	1.1347562	4.1044137110353037e-10	1.3410012841013416e-08	0.4844632768361582	0.2564102564102564
264	2	NCOA3	6.240161	1.1537393	4.371211947530305e-10	1.4242465301568522e-08	0.4901129943502825	0.2717948717948718
265	2	VPS13D	6.225744	1.3054	4.792772029934879e-10	1.5573226376719908e-08	0.4322033898305085	0.19743589743589743
266	2	HERC4	6.1972075	1.0669632	5.747369843014011e-10	1.862399080277218e-08	0.518361581920904	0.28717948717948716
267	2	IKZF1	6.1959147	0.6484678	5.794741018690121e-10	1.8726329286557176e-08	0.8813559322033898	0.7333333333333333
268	2	UTY	6.1891537	1.4425176	6.048804832073664e-10	1.949052326880396e-08	0.4096045197740113	0.19230769230769232
269	2	RPS6KA5	6.188756	1.0542102	6.064083546533441e-10	1.949052326880396e-08	0.5324858757062146	0.32051282051282054
270	2	RIC1	6.180802	1.4618862	6.377686383170043e-10	2.0443070406593704e-08	0.3912429378531073	0.1641025641025641
271	2	SFMBT2	6.1690693	1.3149304	6.869318784123413e-10	2.1959601288329835e-08	0.4279661016949153	0.20512820512820512
272	2	SYTL3	6.1397376	1.1532274	8.265790410030588e-10	2.6352761898645905e-08	0.4957627118644068	0.2692307692307692
273	2	RUNX2	6.121542	1.0971237	9.267402312848388e-10	2.9466860973292727e-08	0.53954802259887	0.358974358974359
274	2	IGF1R	6.114383	1.2859068	9.693112139400735e-10	3.0738050794998055e-08	0.4350282485875706	0.21794871794871795
275	2	GPCPD1	6.1120963	0.93944573	9.83307812161048e-10	3.1098748405946746e-08	0.6016949152542372	0.3923076923076923
276	2	SPIDR	6.109014	1.0651642	1.0024850040692858e-09	3.1620936564525875e-08	0.536723163841808	0.3230769230769231
277	2	TCF12	6.1037445	0.9066905	1.0361198637378442e-09	3.2595176615201146e-08	0.6214689265536724	0.4153846153846154
278	2	WDR70	6.0875373	1.0023934	1.1466059539407569e-09	3.597552014216237e-08	0.5494350282485876	0.34102564102564104
279	2	ATR	6.0814724	1.061608	1.1908398838450803e-09	3.726480480845027e-08	0.5338983050847458	0.32051282051282054
280	2	SCML4	6.08008	0.81312996	1.201224265819246e-09	3.749084155951647e-08	0.7005649717514124	0.49230769230769234
281	2	PDS5A	6.0645695	0.8232067	1.3230770983066495e-09	4.118554956933559e-08	0.6638418079096046	0.45384615384615384
282	2	EML4	6.063774	0.80090374	1.329640548472211e-09	4.1250195264964514e-08	0.7288135593220338	0.5333333333333333
283	2	TAB2	6.0634756	0.91465986	1.332110015723559e-09	4.1250195264964514e-08	0.6045197740112994	0.37948717948717947
284	2	NCK2	6.0610895	0.8266742	1.3520273531166916e-09	4.175792814573949e-08	0.653954802259887	0.4512820512820513
285	2	TCP11L2	6.05751	1.0690905	1.3824487076211503e-09	4.258660174645933e-08	0.4971751412429379	0.26666666666666666
286	2	GMDS	6.037425	1.2022256	1.5659269740027439e-09	4.8113714797079124e-08	0.4646892655367232	0.25384615384615383
287	2	ANKRD13C	6.029073	1.3756852	1.6490261069995042e-09	5.0536045553008066e-08	0.3983050847457627	0.16923076923076924
288	2	STT3B	6.027085	0.9324606	1.6694362718110178e-09	5.102967573113059e-08	0.5621468926553672	0.3564102564102564
289	2	MFSD6	6.002526	1.0991951	1.942715576384975e-09	5.911467970269282e-08	0.4929378531073446	0.27692307692307694
290	2	RB1CC1	6.002426	0.8096922	1.9439059935961382e-09	5.911467970269282e-08	0.6793785310734464	0.44358974358974357
291	2	HNRNPC	5.9888043	0.53002167	2.113891294104053e-09	6.411956713062422e-08	0.8870056497175142	0.7923076923076923
292	2	SMG6	5.9804525	1.2453717	2.2251871160350556e-09	6.732326325555041e-08	0.4293785310734463	0.21794871794871795
293	2	GATAD2B	5.9760776	0.90316665	2.2857422176493553e-09	6.897939618656833e-08	0.5805084745762712	0.3487179487179487
294	2	DDX3X	5.9707084	0.99031526	2.362256424698301e-09	7.110751572822803e-08	0.5324858757062146	0.31794871794871793
295	2	KDM2A	5.9675264	0.8848369	2.4087693861562142e-09	7.232406308813342e-08	0.6087570621468926	0.38974358974358975
296	2	ZNF609	5.966433	0.8541512	2.4249633008195657e-09	7.262642613060618e-08	0.6567796610169492	0.43333333333333335
297	2	THADA	5.965339	1.166902	2.4412632359924e-09	7.293043319614575e-08	0.4463276836158192	0.22564102564102564
298	2	PSME4	5.9540043	1.2783154	2.616598846445378e-09	7.79720158764879e-08	0.4138418079096045	0.20256410256410257
299	2	AGTPBP1	5.9371014	0.88966054	2.901052518955599e-09	8.623178665366767e-08	0.594632768361582	0.38461538461538464
300	2	PAPD4	5.935411	1.1044164	2.931100959427327e-09	8.684817708399121e-08	0.4745762711864407	0.26153846153846155
301	2	RC3H2	5.935113	1.2012694	2.9364349924688426e-09	8.684817708399121e-08	0.4364406779661017	0.2128205128205128
302	2	EZR	5.932925	0.79526114	2.9758410842226972e-09	8.779471457433132e-08	0.690677966101695	0.48205128205128206
303	2	RAB3GAP1	5.929346	1.0337722	3.0414370735441085e-09	8.95073044472286e-08	0.518361581920904	0.30256410256410254
304	2	ANKRD17	5.924076	0.8514161	3.140577948259931e-09	9.196852954657478e-08	0.617231638418079	0.4230769230769231
305	2	PLCL2	5.9125423	0.7285465	3.368669850558867e-09	9.816320498188737e-08	0.7401129943502824	0.5794871794871795
306	2	ITCH	5.905483	1.098186	3.5161505221940233e-09	1.0220966959122823e-07	0.4661016949152542	0.24615384615384617
307	2	NR3C1	5.9046874	0.86125344	3.53315690716274e-09	1.0245291178227407e-07	0.6440677966101694	0.4461538461538462
308	2	FOXJ3	5.900313	0.90366215	3.628133004305411e-09	1.0469503024589338e-07	0.5889830508474576	0.3717948717948718
309	2	NEAT1	5.8928556	0.88757575	3.795782726023004e-09	1.0926694934619619e-07	0.5875706214689266	0.4
310	2	STK4	5.877146	0.6244044	4.174006928718654e-09	1.1957420815121555e-07	0.8361581920903954	0.6974358974358974
311	2	RAP1GDS1	5.8754554	1.2177902	4.21682351154249e-09	1.2050970324552755e-07	0.4449152542372881	0.23846153846153847
312	2	FOXN3	5.870981	0.8412556	4.332235279671831e-09	1.2351036157910558e-07	0.6228813559322034	0.4128205128205128
313	2	LPP	5.8703847	1.2148184	4.347853900263956e-09	1.2365838670774704e-07	0.4336158192090395	0.23076923076923078
314	2	STAT3	5.8674016	0.9021839	4.42677265705577e-09	1.256017313700513e-07	0.5720338983050848	0.3564102564102564
315	2	CCNY	5.8664074	0.8937864	4.453387375772796e-09	1.2605530853619417e-07	0.594632768361582	0.38974358974358975
316	2	PIK3R5	5.8648167	0.9303351	4.496295138540271e-09	1.266652264681416e-07	0.5833333333333334	0.4
317	2	MEF2A	5.8648167	1.1251855	4.496295138540271e-09	1.266652264681416e-07	0.4901129943502825	0.29743589743589743
318	2	TNRC6A	5.8620324	0.8418162	4.57235373646388e-09	1.2850264292526448e-07	0.6257062146892656	0.39487179487179486
319	2	CENPC	5.8467207	0.8621925	5.013588882626923e-09	1.4057012800935062e-07	0.615819209039548	0.40512820512820513
320	2	BICRAL	5.845428	0.9020008	5.052677151991709e-09	1.4133195995901337e-07	0.5875706214689266	0.382051282051282
321	2	CUX1	5.8393626	1.1206737	5.2400865605942625e-09	1.4622923907917164e-07	0.4533898305084746	0.23846153846153847
322	2	IFRD1	5.8385673	1.2063185	5.265160990979075e-09	1.4658405951411227e-07	0.4576271186440678	0.24871794871794872
323	2	SYNE1	5.8332977	0.962267	5.434252309424467e-09	1.5093731238822992e-07	0.5423728813559322	0.35384615384615387
324	2	SPATA5	5.8248463	1.3375641	5.7165247205008334e-09	1.5840650276901842e-07	0.4096045197740113	0.2
325	2	CNST	5.819875	0.91482383	5.889176911078517e-09	1.6243171666370048e-07	0.5522598870056498	0.3282051282051282
326	2	TET2	5.8155994	1.1100465	6.0417061091010764e-09	1.6625205209730572e-07	0.4745762711864407	0.26153846153846155
327	2	RABEP1	5.8102303	0.9247381	6.238704903509349e-09	1.7127555591578908e-07	0.5635593220338984	0.36666666666666664
328	2	ZBTB10	5.8024745	1.1370155	6.534329267030854e-09	1.785648504769261e-07	0.4703389830508475	0.2717948717948718
329	2	ZNF148	5.791836	0.84383523	6.962123006950973e-09	1.8981788244238745e-07	0.5847457627118644	0.39487179487179486
330	2	TBL1X	5.788356	1.0289694	7.10787738617484e-09	1.9334730688081105e-07	0.5141242937853108	0.3076923076923077
331	2	MARCH7	5.7859693	0.89520454	7.209533824599166e-09	1.9566377839758836e-07	0.556497175141243	0.3333333333333333
332	2	CLASP1	5.7845774	1.0918498	7.269484870211672e-09	1.9684038940801467e-07	0.4646892655367232	0.23846153846153847
333	2	VPS50	5.7822905	1.3345081	7.369029850384106e-09	1.9908130757529727e-07	0.4067796610169492	0.20256410256410257
334	2	LINC01004	5.781694	1.1818739	7.39521533721118e-09	1.9933466795301044e-07	0.4293785310734463	0.21794871794871795
335	2	GOLGA4	5.7774186	0.6931613	7.585543962331998e-09	2.0400125032484694e-07	0.7824858757062146	0.5948717948717949
336	2	PI4KA	5.7707567	1.3491025	7.891631426340837e-09	2.112748278022626e-07	0.3813559322033898	0.16666666666666666
337	2	AC092683.1	5.767078	0.82507974	8.065777598848098e-09	2.154507259512127e-07	0.632768361581921	0.44358974358974357
338	2	RPTOR	5.746794	1.3251384	9.095121135615575e-09	2.424003071200016e-07	0.3898305084745763	0.17692307692307693
339	2	EPC1	5.7350616	0.56306815	9.747680936532149e-09	2.592096320790836e-07	0.8742937853107344	0.7615384615384615
340	2	LEF1	5.725417	0.5449729	1.0317987849688046e-08	2.737613778463092e-07	0.905367231638418	0.8179487179487179
341	2	ABCC1	5.724721	1.2674972	1.036037582876766e-08	2.74272449395501e-07	0.4096045197740113	0.20256410256410257
342	2	YTHDC2	5.711696	1.0806408	1.1185578702634178e-08	2.954587158424084e-07	0.4703389830508475	0.258974358974359
343	2	ATP10A	5.7003613	1.182686	1.1955392862408969e-08	3.150910207737119e-07	0.4194915254237288	0.21025641025641026
344	2	ALG13	5.6995654	1.054379	1.201130680319242e-08	3.15862746531845e-07	0.4872881355932203	0.2948717948717949
345	2	PDE4D	5.6837564	1.006894	1.3176789861716346e-08	3.4498173898445003e-07	0.5042372881355932	0.31025641025641026
346	2	TBL1XR1	5.669737	0.95612854	1.4301692267327958e-08	3.736080843403295e-07	0.5056497175141242	0.2948717948717949
347	2	ANKRD36C	5.66924	1.0413932	1.4343248664181648e-08	3.738701739718557e-07	0.4661016949152542	0.26153846153846155
348	2	ITSN2	5.663672	0.6853135	1.4816768452586631e-08	3.8536595142034523e-07	0.713276836158192	0.5512820512820513
349	2	FKBP5	5.656314	0.7506486	1.5465836573889937e-08	4.0136722487162945e-07	0.7217514124293786	0.5666666666666667
350	2	GRAP2	5.6520386	0.9266129	1.5855596603696555e-08	4.105837897813125e-07	0.5635593220338984	0.38974358974358975
351	2	MTR	5.647067	1.0625954	1.632080872376106e-08	4.2079302492131775e-07	0.4590395480225989	0.24871794871794872
352	2	TTC19	5.6386156	1.0782988	1.7142262662184778e-08	4.4101352532215064e-07	0.4519774011299435	0.2512820512820513
353	2	MTMR6	5.637124	1.396839	1.7291334244504573e-08	4.429270499780221e-07	0.3615819209039548	0.1564102564102564
354	2	SP100	5.637124	0.5973683	1.7291334244504573e-08	4.429270499780221e-07	0.827683615819209	0.7051282051282052
355	2	NUFIP2	5.63265	0.76082855	1.774614175309116e-08	4.5359750256823526e-07	0.6497175141242938	0.4794871794871795
356	2	ITK	5.6292696	0.6447639	1.8097457107452915e-08	4.6158245439654106e-07	0.7655367231638418	0.6384615384615384
357	2	RYBP	5.6287723	1.2249832	1.8149687425681225e-08	4.6192122933171526e-07	0.403954802259887	0.19743589743589743
358	2	MAP2K4	5.621315	1.016225	1.8950929897308958e-08	4.812805751222361e-07	0.4844632768361582	0.2717948717948718
359	2	LCLAT1	5.619426	1.1571894	1.9159301668081563e-08	4.850554009629611e-07	0.4533898305084746	0.2564102564102564
360	2	PKN2	5.619227	0.80566585	1.9181364506882695e-08	4.850554009629611e-07	0.6285310734463276	0.4205128205128205
361	2	UBR1	5.608986	0.9786482	2.0351563604401685e-08	5.135522220174553e-07	0.5028248587570622	0.29743589743589743
362	2	NEK1	5.6015286	1.1095846	2.124695997365085e-08	5.338748840836845e-07	0.4576271186440678	0.258974358974359
363	2	CMSS1	5.599739	1.1518381	2.1467480024410888e-08	5.371399010327281e-07	0.4463276836158192	0.2641025641025641
364	2	TBCK	5.598546	1.0184085	2.161572603508569e-08	5.397105490023501e-07	0.4929378531073446	0.3153846153846154
365	2	USP33	5.5960603	0.9552264	2.1927770558585193e-08	5.463515941697907e-07	0.5070621468926554	0.29743589743589743
366	2	R3HDM2	5.5951653	0.8368939	2.20411735176697e-08	5.480258237307393e-07	0.5875706214689266	0.3923076923076923
367	2	ARID4B	5.5916853	0.62139493	2.2487621502259162e-08	5.579564665623299e-07	0.8050847457627118	0.6564102564102564
368	2	ITPKB	5.5636463	0.79710597	2.641952160412367e-08	6.541451486950037e-07	0.6285310734463276	0.4153846153846154
369	2	C1QTNF3-AMACR	5.5522118	1.6267233	2.8207729993491174e-08	6.969659952558445e-07	0.3220338983050847	0.11794871794871795
370	2	CUL3	5.5491295	0.7310378	2.870952335076977e-08	7.078897025782318e-07	0.6596045197740112	0.4846153846153846
371	2	MYCBP2	5.5456495	0.5696846	2.9286475715559717e-08	7.206174315073407e-07	0.8234463276836158	0.6897435897435897
372	2	CAMK1D	5.5419707	0.9045618	2.990862586125076e-08	7.328849229637067e-07	0.5338983050847458	0.3230769230769231
373	2	BRWD1	5.533022	0.8085301	3.1475969716329216e-08	7.697010326508547e-07	0.6242937853107344	0.4128205128205128
374	2	LONP2	5.529741	1.0687366	3.207039336620016e-08	7.810161505608499e-07	0.4491525423728814	0.24615384615384617
375	2	WDR33	5.529741	0.8823686	3.207039336620016e-08	7.810161505608499e-07	0.5338983050847458	0.3230769230769231
376	2	OXCT1	5.5254655	1.0648801	3.286130492305909e-08	7.986374516136902e-07	0.4604519774011299	0.26153846153846155
377	2	PHF20	5.5229797	0.7975151	3.3329801016297815e-08	8.080884592200357e-07	0.614406779661017	0.4205128205128205
378	2	BCL11B	5.5217867	0.5705239	3.3556974165388535e-08	8.105615348299553e-07	0.882768361581921	0.7538461538461538
379	2	TXK	5.5205936	0.6940518	3.3785648941533736e-08	8.141554019980584e-07	0.7401129943502824	0.5846153846153846
380	2	PPP4R3B	5.520295	0.8274453	3.384305338828354e-08	8.141554019980584e-07	0.5988700564971752	0.38974358974358975
381	2	TYW1	5.5192018	1.2544683	3.4054346878333627e-08	8.175800687794267e-07	0.3827683615819209	0.1717948717948718
382	2	PHC3	5.518108	0.94722205	3.4266919688762375e-08	8.210215505226701e-07	0.5225988700564972	0.3153846153846154
383	2	GNB5	5.510054	1.2481567	3.5872349565916034e-08	8.560283015126039e-07	0.3870056497175141	0.1794871794871795
384	2	MAN1A2	5.5028954	0.76940995	3.736045616077258e-08	8.89749016198319e-07	0.6624293785310734	0.49230769230769234
385	2	MAPRE2	5.4971285	0.96550196	3.860258435133417e-08	9.174882773683832e-07	0.5324858757062146	0.3769230769230769
386	2	ANKIB1	5.4963326	0.9966465	3.8777024422273656e-08	9.197910192963311e-07	0.4788135593220339	0.27692307692307694
387	2	GPHN	5.493648	1.1378218	3.9371421397423916e-08	9.320260634200552e-07	0.4350282485875706	0.24358974358974358
388	2	NASP	5.491163	1.0256557	3.9929660379181954e-08	9.433581117472071e-07	0.4703389830508475	0.27692307692307694
389	2	ATF6	5.472967	0.9745876	4.4256237814184926e-08	1.0414265485639548e-06	0.4957627118644068	0.28974358974358977
390	2	FBXW7	5.4663053	0.8443428	4.595125562710854e-08	1.0791720628465491e-06	0.5748587570621468	0.3871794871794872
391	2	CNOT4	5.464217	0.86826134	4.649536458635513e-08	1.089792537537889e-06	0.536723163841808	0.35384615384615387
392	2	FHIT	5.460439	1.0462683	4.749586073168473e-08	1.1110471563664317e-06	0.5028248587570622	0.33589743589743587
393	2	FCHSD2	5.4487066	1.0908422	5.073748662545447e-08	1.184540534208445e-06	0.4562146892655367	0.2641025641025641
394	2	AL645465.1	5.441846	1.4431134	5.2731309802726586e-08	1.228670597760977e-06	0.3432203389830508	0.14358974358974358
395	2	JMY	5.43419	1.0371144	5.5045971813326055e-08	1.2800886778549941e-06	0.4731638418079096	0.2717948717948718
396	2	PRKDC	5.431505	0.9379386	5.588068821624421e-08	1.2969568732772142e-06	0.501412429378531	0.31025641025641026
397	2	FTO	5.4227552	1.3609742	5.868725805502772e-08	1.3594353135402905e-06	0.365819209039548	0.16923076923076924
398	2	WDR26	5.4133096	1.1867217	6.187034367679277e-08	1.4303748070307256e-06	0.4053672316384181	0.21025641025641026
399	2	MALT1	5.398296	0.78372484	6.727683375504949e-08	1.5523409500678734e-06	0.6031073446327684	0.41794871794871796
400	2	PTPRK	5.3943186	1.5935318	6.878401128974112e-08	1.5840356774686012e-06	0.3177966101694915	0.12051282051282051
401	2	FAM107B	5.393722	0.5356647	6.901289038891745e-08	1.58622651165225e-06	0.882768361581921	0.7923076923076923
402	2	WIPF1	5.391535	0.6908845	6.985844234368292e-08	1.6025553698183356e-06	0.7203389830508474	0.5461538461538461
403	2	NLRC5	5.3895464	0.8738545	7.063582766075588e-08	1.6172604557076536e-06	0.5338983050847458	0.3384615384615385
404	2	ATP6V1H	5.376521	1.3101672	7.593885064673511e-08	1.7319899397505353e-06	0.365819209039548	0.16666666666666666
405	2	PPM1B	5.3574305	0.9259149	8.441376127592205e-08	1.921587732691815e-06	0.4957627118644068	0.2948717948717949
406	2	FUS	5.3426156	0.54250157	9.161484952099019e-08	2.081517462296827e-06	0.8997175141242938	0.7769230769230769
407	2	KIAA1109	5.334164	0.84202546	9.59856077677472e-08	2.172498679628782e-06	0.559322033898305	0.36923076923076925
408	2	PDSS2	5.3325734	1.285947	9.683061283320667e-08	2.1874496537177736e-06	0.3855932203389831	0.19743589743589743
409	2	SENP7	5.3106	0.84884757	1.0926515282838746e-07	2.4589842742783215e-06	0.5451977401129944	0.3564102564102564
410	2	IPCEF1	5.3067217	0.78247184	1.1161428632520732e-07	2.5070936284412096e-06	0.6101694915254238	0.4358974358974359
411	2	SFI1	5.2908134	1.0671543	1.2177367008387652e-07	2.7198412941521194e-06	0.4110169491525424	0.20256410256410257
412	2	PPP1CB	5.2852454	1.1009789	1.2553648460879059e-07	2.796399537531674e-06	0.4124293785310734	0.2153846153846154
413	2	UBR5	5.283654	0.93954235	1.2663207572547054e-07	2.8124652024420986e-06	0.4872881355932203	0.30512820512820515
414	2	INTS6L	5.277788	1.6370173	1.307525779541834e-07	2.8985524757693737e-06	0.3093220338983051	0.11794871794871795
415	2	RLF	5.2771916	0.9451171	1.3117880548951974e-07	2.90257580803303e-06	0.4929378531073446	0.3076923076923077
416	2	AC016831.1	5.2711263	1.4356277	1.3558912099035068e-07	2.994575372338099e-06	0.3361581920903955	0.14358974358974358
417	2	DUSP16	5.2696347	0.91768986	1.3669540223595317e-07	3.0133967853501942e-06	0.5070621468926554	0.33076923076923076
418	2	BABAM2	5.269038	0.9306603	1.371403551106876e-07	3.0136402759791857e-06	0.4858757062146893	0.3076923076923077
419	2	ELL2	5.268939	1.454219	1.3721465000242498e-07	3.0136402759791857e-06	0.3516949152542373	0.16666666666666666
420	2	SPTAN1	5.2662544	0.95515907	1.3923539306524614e-07	3.0523692453859873e-06	0.4844632768361582	0.28974358974358977
421	2	AL669831.3	5.2632713	0.43445405	1.4151442460770377e-07	3.0966071510099017e-06	0.9731638418079096	0.9487179487179487
422	2	USP9X	5.250246	0.85484767	1.518960367700353e-07	3.3176556097469956e-06	0.5155367231638418	0.3230769230769231
423	2	NGLY1	5.239309	0.955601	1.6117893232516232e-07	3.513937752530193e-06	0.4788135593220339	0.28205128205128205
424	2	SLC4A7	5.238116	0.9695512	1.6222418777831354e-07	3.523770818774356e-06	0.4576271186440678	0.2564102564102564
425	2	MACF1	5.2326474	0.76160836	1.6709939740664857e-07	3.6230326384695653e-06	0.597457627118644	0.4128205128205128
426	2	EXOC6	5.2315536	1.5321503	1.680912967118126e-07	3.6378882828505426e-06	0.3220338983050847	0.1358974358974359
427	2	ANKRD36	5.2259855	0.9345941	1.7322987962151517e-07	3.7422702592188885e-06	0.4533898305084746	0.24358974358974358
428	2	PCED1B	5.2240963	0.69339067	1.7500758510890724e-07	3.773799926166618e-06	0.6836158192090396	0.5487179487179488
429	2	WNK1	5.2143526	0.73483694	1.8446053545545653e-07	3.97042096279803e-06	0.6412429378531074	0.46923076923076923
430	2	MGEA5	5.2120657	0.76699394	1.8674957755231096e-07	4.012409401757986e-06	0.5918079096045198	0.4
431	2	CSGALNACT2	5.206398	0.9720502	1.9254139191789365e-07	4.1293687308249886e-06	0.4646892655367232	0.2692307692307692
432	2	INTS6	5.201725	0.9640726	1.9744735119772376e-07	4.226941489539718e-06	0.4915254237288136	0.2948717948717949
433	2	SCAF11	5.1991396	0.5711128	2.0021296574642018e-07	4.2784248175721505e-06	0.8375706214689266	0.6923076923076923
434	2	MAP4K4	5.1972504	0.79225314	2.022576299661101e-07	4.3143444089893265e-06	0.5918079096045198	0.39487179487179486
435	2	MBTD1	5.194069	1.2366003	2.0574697513399242e-07	4.3808960953126566e-06	0.3573446327683616	0.16153846153846155
436	2	AP1G1	5.1895947	1.24338	2.1075245404162247e-07	4.4794338798093955e-06	0.3531073446327684	0.1564102564102564
437	2	PDCD6IP	5.183629	0.84820724	2.1760979509551167e-07	4.61690906946828e-06	0.519774011299435	0.3435897435897436
438	2	SCLT1	5.170007	0.8840101	2.3408514966979912e-07	4.957589062649674e-06	0.5254237288135594	0.3564102564102564
439	2	CHD1	5.1485305	0.5960926	2.625352301031821e-07	5.540334215344732e-06	0.7387005649717514	0.6256410256410256
440	2	AP3B1	5.129042	0.7582049	2.9121985386465074e-07	6.119499754091882e-06	0.577683615819209	0.38461538461538464
441	2	TNPO1	5.1288433	1.1393236	2.9152760211314613e-07	6.119499754091882e-06	0.3813559322033898	0.18974358974358974
442	2	CASC4	5.126656	0.98803324	2.9493362717954847e-07	6.16915840978738e-06	0.4505649717514124	0.26153846153846155
443	2	DENND4C	5.1258607	1.0923575	2.961816833071337e-07	6.184356978913038e-06	0.4025423728813559	0.2
444	2	USP47	5.1225796	0.6503505	3.013840344585259e-07	6.281923811385092e-06	0.7019774011299436	0.5512820512820513
445	2	EXT1	5.11204	1.8172653	3.186983478551649e-07	6.631162115021501e-06	0.2810734463276836	0.09487179487179487
446	2	LRPPRC	5.109952	0.9400397	3.2224071179164927e-07	6.69312581759888e-06	0.4632768361581921	0.26666666666666666
447	2	SAMHD1	5.1081624	0.54330844	3.2530725224741327e-07	6.74500701338168e-06	0.8361581920903954	0.7256410256410256
448	2	NSMCE2	5.100904	0.9722984	3.380351034652101e-07	6.984488374734131e-06	0.4745762711864407	0.31025641025641026
449	2	CAPZA1	5.0980206	0.7359902	3.432236533430929e-07	7.079360919389707e-06	0.5875706214689266	0.4205128205128205
450	2	MCPH1	5.096728	1.0086226	3.4557443147503045e-07	7.115473536968509e-06	0.4279661016949153	0.2358974358974359
451	2	BCLAF1	5.0948386	0.64962095	3.490381611458662e-07	7.174337246429762e-06	0.6963276836158192	0.5435897435897435
452	2	ARHGEF3	5.086089	0.70707345	3.655225227390381e-07	7.5001680271366645e-06	0.6468926553672316	0.4846153846153846
453	2	ZNF331	5.0841002	0.89118963	3.6937243113036383e-07	7.566074323326624e-06	0.5466101694915254	0.3717948717948718
454	2	AUH	5.067496	1.2135429	4.0308336313411894e-07	8.242359804776983e-06	0.3559322033898305	0.16923076923076924
455	2	NIN	5.066601	0.6852239	4.049820128740852e-07	8.266930589822117e-06	0.6497175141242938	0.46153846153846156
456	2	VWA8	5.063916	0.886344	4.1072987994442565e-07	8.369856316393278e-06	0.4943502824858757	0.31025641025641026
457	2	MARK3	5.0625243	0.9784912	4.137411631329795e-07	8.416758481573134e-06	0.4463276836158192	0.2641025641025641
458	2	DDHD1	5.0534763	1.0571882	4.3384009807629004e-07	8.79545908236718e-06	0.403954802259887	0.2205128205128205
459	2	EHMT1	5.0511894	0.96785897	4.390672832684248e-07	8.87572345835775e-06	0.4350282485875706	0.25384615384615383
460	2	DGKD	5.0510902	0.9213873	4.392959249625631e-07	8.87572345835775e-06	0.4759887005649718	0.2923076923076923
461	2	NKTR	5.0498967	0.63412416	4.420486001141041e-07	8.916150335634821e-06	0.6892655367231638	0.5051282051282051
462	2	SLC16A7	5.041644	0.84100693	4.615486462496294e-07	9.293662045026494e-06	0.519774011299435	0.3487179487179487
463	2	KAT6B	5.038363	0.7118675	4.695299920384456e-07	9.438348653518584e-06	0.6426553672316384	0.4461538461538462
464	2	ADSS	5.036673	0.8691517	4.7369338246297104e-07	9.505928115077559e-06	0.5028248587570622	0.3153846153846154
465	2	HIVEP1	5.032596	0.91471684	4.838815158484894e-07	9.693977665478184e-06	0.4661016949152542	0.28205128205128205
466	2	TNKS2	5.0284204	0.91710144	4.945371407190025e-07	9.890742814380049e-06	0.4675141242937853	0.2717948717948718
467	2	WAC	5.027923	0.64233017	4.958206401128705e-07	9.899718504610512e-06	0.6694915254237288	0.5153846153846153
468	2	PDS5B	5.0217586	1.0006003	5.120053587906113e-07	1.0205686647490169e-05	0.4166666666666667	0.22564102564102564
469	2	ARFGEF2	5.016588	1.0718238	5.259713805606118e-07	1.0466477472229624e-05	0.3940677966101695	0.2076923076923077
470	2	SLC16A10	5.0128098	1.1868367	5.364088745337552e-07	1.0649480992748387e-05	0.3855932203389831	0.21025641025641026
471	2	STAT5B	5.012611	1.0294508	5.369637127878192e-07	1.0649480992748387e-05	0.4251412429378531	0.2512820512820513
472	2	PSPC1	4.9940176	0.90585166	5.913593729057528e-07	1.1708718134661484e-05	0.4576271186440678	0.25384615384615383
473	2	AOAH	4.9923277	0.9411035	5.965597791427166e-07	1.1791998301054366e-05	0.5112994350282486	0.36923076923076925
474	2	TMEM131	4.9802966	0.8893754	6.348688852241416e-07	1.2486807593297378e-05	0.4887005649717514	0.30512820512820515
475	2	CRYBG1	4.971149	0.8819421	6.655721649104515e-07	1.3047414670806538e-05	0.481638418079096	0.3076923076923077
476	2	ST3GAL3	4.9647856	1.4142493	6.877696732639734e-07	1.3460310767179412e-05	0.3107344632768362	0.12564102564102564
477	2	CRTC3	4.9634933	1.0436007	6.923649001740936e-07	1.3527920454801896e-05	0.403954802259887	0.2230769230769231
478	2	WWOX	4.954147	0.8748688	7.264834122037283e-07	1.417120603410562e-05	0.53954802259887	0.3769230769230769
479	2	SRPK2	4.950468	0.81578517	7.403525245515317e-07	1.4418031102103721e-05	0.5282485875706214	0.3487179487179487
480	2	KIDINS220	4.9436073	1.0611886	7.669009131545665e-07	1.4886161751249032e-05	0.4011299435028249	0.22564102564102564
481	2	AP001011.1	4.942116	1.1292713	7.727924628848515e-07	1.4976010800350227e-05	0.3587570621468927	0.16923076923076924
482	2	SLC35D1	4.9352555	1.1345308	8.004597799736271e-07	1.548687274141471e-05	0.3827683615819209	0.20256410256410257
483	2	VPS8	4.934261	1.2108757	8.045478549872749e-07	1.5540614918809577e-05	0.3601694915254237	0.18461538461538463
484	2	SNHG14	4.9309797	0.95857024	8.181816690203773e-07	1.577826763346614e-05	0.4307909604519774	0.24102564102564103
485	2	EXOC2	4.928196	1.1835735	8.29924007964018e-07	1.5952834253570914e-05	0.3587570621468927	0.17435897435897435
486	2	MICU2	4.915867	0.7788662	8.839054342893863e-07	1.6962974839275276e-05	0.5494350282485876	0.38461538461538464
487	2	PCNX2	4.9153695	0.9387331	8.861515328932221e-07	1.697860610680713e-05	0.4491525423728814	0.2692307692307692
488	2	SATB1-AS1	4.913779	0.81796795	8.933760410026058e-07	1.7089419106920814e-05	0.5522598870056498	0.40512820512820513
489	2	HELZ	4.9125857	0.80167747	8.988316058070343e-07	1.7166091537635146e-05	0.5169491525423728	0.3282051282051282
490	2	VTA1	4.9116907	1.1528169	9.029443163724476e-07	1.7216912527616122e-05	0.3686440677966102	0.18717948717948718
491	2	ZZZ3	4.9107957	0.9299811	9.070751432274474e-07	1.7267915246673398e-05	0.4590395480225989	0.27692307692307694
492	2	PCBD2	4.9098015	0.6547631	9.116862913742906e-07	1.7327883679004945e-05	0.6709039548022598	0.5
493	2	ZNF131	4.906719	0.7505861	9.261247261736463e-07	1.7574142803871113e-05	0.5720338983050848	0.38974358974358975
494	2	AGBL3	4.9044323	1.2651533	9.369791166780198e-07	1.7751712977318396e-05	0.346045197740113	0.16666666666666666
495	2	ETS1	4.895484	0.3785684	9.806420398128474e-07	1.8549305569665665e-05	0.981638418079096	0.9333333333333333
496	2	SIPA1L1	4.8920035	0.968927	9.981455780735597e-07	1.884891125471622e-05	0.4449152542372881	0.2692307692307692
497	2	GMDS-AS1	4.8917055	1.0830963	9.996597958867203e-07	1.884891125471622e-05	0.4293785310734463	0.2743589743589744
498	2	UBE2G1	4.883453	0.96095246	1.0424409597640642e-06	1.9624364734606033e-05	0.4322033898305085	0.258974358974359
499	2	SIDT1	4.8770895	1.0938002	1.0766266038523043e-06	2.0235802728507653e-05	0.3742937853107345	0.18717948717948718
500	2	LMBR1	4.8750014	0.93993735	1.088077002756563e-06	2.041866020995702e-05	0.4392655367231638	0.26153846153846155
501	2	C4orf32	4.8692346	0.96729326	1.120314013391323e-06	2.099040157791642e-05	0.4378531073446328	0.2641025641025641
502	2	CUL5	4.8639646	0.84432703	1.150574096318103e-06	2.1466460742525828e-05	0.4788135593220339	0.3076923076923077
503	2	YLPM1	4.8638654	0.87189686	1.1511525322298842e-06	2.1466460742525828e-05	0.4717514124293785	0.2743589743589744
504	2	TRIM44	4.8608823	0.82462275	1.1686363031300994e-06	2.1724179553484295e-05	0.5098870056497176	0.32564102564102565
505	2	RBM6	4.851039	0.8267198	1.2281639561020758e-06	2.279367103142758e-05	0.5056497175141242	0.3282051282051282
506	2	SFPQ	4.850741	0.57388484	1.2300126020331915e-06	2.279367103142758e-05	0.8121468926553672	0.6435897435897436
507	2	PTAR1	4.8415933	1.0088276	1.2880221162000594e-06	2.38314232420167e-05	0.4124293785310734	0.23333333333333334
508	2	TBC1D15	4.8356276	0.75506073	1.3272626350048813e-06	2.451921316379734e-05	0.556497175141243	0.38461538461538464
509	2	MAPKAP1	4.8345337	0.8671508	1.3345803724963283e-06	2.4577831083550393e-05	0.461864406779661	0.28205128205128205
510	2	FAM214A	4.8345337	0.9103718	1.3345803724963283e-06	2.4577831083550393e-05	0.442090395480226	0.2641025641025641
511	2	MAP3K2	4.8335395	0.734961	1.3412665218025552e-06	2.4636798302784692e-05	0.6059322033898306	0.43333333333333335
512	2	EMB	4.8334403	0.627945	1.3419369058683737e-06	2.4636798302784692e-05	0.6878531073446328	0.5153846153846153
513	2	MAPK14	4.822702	1.0969476	1.4162666590223256e-06	2.5921176814822195e-05	0.3785310734463277	0.2076923076923077
514	2	APPBP2	4.81256	1.284248	1.4900912323380196e-06	2.7173703433604926e-05	0.3305084745762712	0.15384615384615385
515	2	NEDD9	4.8123612	1.1310192	1.4915751210182806e-06	2.7173703433604926e-05	0.3488700564971751	0.1641025641025641
516	2	MAGED1	4.811864	1.0762864	1.4952910612405317e-06	2.7199619610909057e-05	0.3855932203389831	0.2076923076923077
517	2	CEP192	4.811168	1.2087213	1.5005083339275345e-06	2.7252724104717548e-05	0.3474576271186441	0.16666666666666666
518	2	PHF14	4.8044066	0.8046852	1.5521096522377615e-06	2.8103848054259313e-05	0.5282485875706214	0.36153846153846153
519	2	NCOA1	4.8044066	0.7929598	1.5521096522377615e-06	2.8103848054259313e-05	0.5353107344632768	0.3717948717948718
520	2	TRIM33	4.80043	0.8289609	1.5832558062293421e-06	2.8624106496768292e-05	0.4872881355932203	0.3076923076923077
521	2	BTAF1	4.7988386	1.0894233	1.5958817525531643e-06	2.8808459033912524e-05	0.3728813559322034	0.19743589743589743
522	2	ZDHHC17	4.793768	1.3018233	1.6367761675212596e-06	2.9500856084608644e-05	0.3177966101694915	0.14358974358974358
523	2	CPQ	4.7934694	0.9957122	1.6392128296591144e-06	2.9500856084608644e-05	0.4336158192090395	0.2743589743589744
524	2	COA1	4.7922764	0.88132447	1.6489943909738058e-06	2.9631929510529298e-05	0.4675141242937853	0.28717948717948716
525	2	ZMYM2	4.7867084	0.7317735	1.6953883004932597e-06	3.032776054879345e-05	0.5409604519774012	0.358974358974359
526	2	FAM208B	4.7827315	0.8436904	1.7292921626356534e-06	3.0887658206112726e-05	0.4872881355932203	0.30512820512820515
527	2	ANKRD28	4.7823334	1.0115385	1.7327181627642166e-06	3.09023118953137e-05	0.3968926553672316	0.2128205128205128
528	2	GALNT11	4.7806435	1.4849416	1.7473515734392973e-06	3.111650099247758e-05	0.2951977401129944	0.12051282051282051
529	2	TPK1	4.7727885	1.1294036	1.8169264826069985e-06	3.2258604915747005e-05	0.3757062146892655	0.2153846153846154
530	2	IQCB1	4.76553	0.9200522	1.883577773648111e-06	3.339197667483796e-05	0.4463276836158192	0.2717948717948718
531	2	CD28	4.7626467	1.0076267	1.910702386795861e-06	3.3822284040893896e-05	0.3898305084745763	0.21025641025641026
532	2	MED13	4.7586694	0.88016975	1.9487321197049934e-06	3.440974481873928e-05	0.4519774011299435	0.26666666666666666
533	2	TANGO6	4.75857	1.5681707	1.949692117891467e-06	3.440974481873928e-05	0.2754237288135593	0.1
534	2	TRERF1	4.7562833	1.1664516	1.97189788556738e-06	3.474993896408488e-05	0.346045197740113	0.1717948717948718
535	2	DHX9	4.745843	0.6505222	2.0763955646551856e-06	3.6483039106385925e-05	0.6186440677966102	0.46153846153846156
536	2	MYO9B	4.7429595	1.0917647	2.1061815496555473e-06	3.695164671437099e-05	0.3559322033898305	0.17692307692307693
537	2	ZFAND6	4.7416673	0.823135	2.119666708298344e-06	3.713330452055887e-05	0.4830508474576271	0.29743589743589743
538	2	SLMAP	4.7303324	0.9918591	2.241526827971895e-06	3.9152442090937664e-05	0.3912429378531073	0.2128205128205128
539	2	SEC24B	4.725659	1.0674247	2.2937017911488423e-06	4.000485771033128e-05	0.384180790960452	0.2128205128205128
540	2	USP53	4.721682	0.8782107	2.3390227320263997e-06	4.0735382779180574e-05	0.4562146892655367	0.2846153846153846
541	2	APLP2	4.7213836	1.3255273	2.3424562441316316e-06	4.0735382779180574e-05	0.3064971751412429	0.13076923076923078
542	2	NUTM2A-AS1	4.7183013	0.97517425	2.378220404156979e-06	4.129677012196453e-05	0.3997175141242938	0.2153846153846154
543	2	SOS2	4.7179036	1.0161239	2.382873143689174e-06	4.13170694212772e-05	0.3912429378531073	0.2153846153846154
544	2	FBXW4	4.716412	1.1588036	2.4003988724820495e-06	4.156019069728045e-05	0.3347457627118644	0.15384615384615385
545	2	STK38	4.7160144	0.5009485	2.4050932598201548e-06	4.158076685345049e-05	0.7754237288135594	0.6794871794871795
546	2	CEP350	4.7147217	0.6168598	2.420410966802511e-06	4.1723944863775843e-05	0.6666666666666666	0.5076923076923077
547	2	TESPA1	4.710347	0.61451066	2.4729535122747243e-06	4.256782098051993e-05	0.711864406779661	0.5641025641025641
548	2	SORL1	4.7091537	0.6401492	2.4874722556494025e-06	4.275568253913321e-05	0.6638418079096046	0.5128205128205128
549	2	RSF1	4.708458	0.6318677	2.495979273036934e-06	4.283981791348486e-05	0.6850282485875706	0.5102564102564102
550	2	ZFC3H1	4.7079606	0.6978709	2.502072805298389e-06	4.288234605612557e-05	0.5734463276836158	0.4
551	2	GNAQ	4.7003045	0.8061629	2.5977358371922316e-06	4.4457643620634725e-05	0.5112994350282486	0.3435897435897436
552	2	SMARCA2	4.6978188	0.64285856	2.6295431866889738e-06	4.4937150135635776e-05	0.6426553672316384	0.47692307692307695
553	2	DLEU2	4.696228	1.6171061	2.6500956963899053e-06	4.522321576861047e-05	0.2768361581920904	0.10512820512820513
554	2	EPS15	4.6851916	0.9389272	2.7969828685577955e-06	4.766123106479232e-05	0.4279661016949153	0.24615384615384617
555	2	WDPCP	4.680419	1.0358061	2.862893238386095e-06	4.871436701184948e-05	0.423728813559322	0.2692307692307692
556	2	INPP5D	4.6694818	0.8984457	3.0196054817774853e-06	5.116074430554425e-05	0.4406779661016949	0.2717948717948718
557	2	PRKCB	4.661428	0.5654183	3.14022944804886e-06	5.3128560989813804e-05	0.7161016949152542	0.5846153846153846
558	2	CAPRIN1	4.659141	1.108066	3.175314666075718e-06	5.3645629543672386e-05	0.3403954802259887	0.15897435897435896
559	2	ATG7	4.6519823	1.216606	3.287594045866065e-06	5.5463535396830054e-05	0.3375706214689266	0.17435897435897435
560	2	AFF1	4.6506896	0.8917665	3.3082684201304803e-06	5.565399072730142e-05	0.4364406779661017	0.2641025641025641
561	2	ZNF254	4.6486015	1.7010738	3.3419291224125064e-06	5.6140622368006125e-05	0.2598870056497175	0.08974358974358974
562	2	ETV6	4.6417413	1.2744619	3.454856579713379e-06	5.792946302071903e-05	0.3177966101694915	0.14615384615384616
563	2	ARAP2	4.6415424	0.92936605	3.4581837958405624e-06	5.792946302071903e-05	0.422316384180791	0.2564102564102564
564	2	ZXDC	4.639156	1.2608366	3.498350816806524e-06	5.8519662464492774e-05	0.3093220338983051	0.1358974358974359
565	2	PPP2R5C	4.6383605	0.5320549	3.5118389538349074e-06	5.866254928518592e-05	0.8135593220338984	0.6948717948717948
566	2	RBMS1	4.635676	0.6439056	3.5577305245895904e-06	5.9345547147162506e-05	0.6850282485875706	0.5256410256410257
567	2	PPP1R21	4.634483	0.9145447	3.5783108382056874e-06	5.960500918696552e-05	0.4378531073446328	0.2692307692307692
568	2	ATXN1	4.6339855	0.96929985	3.586919614562924e-06	5.966460957744218e-05	0.4180790960451977	0.24871794871794872
569	2	NUTM2B-AS1	4.633091	0.9562521	3.602465477024749e-06	5.983927248951474e-05	0.403954802259887	0.23846153846153847
570	2	SERINC1	4.62971	0.7396068	3.6617793046169916e-06	6.065461250385129e-05	0.5324858757062146	0.3641025641025641
571	2	HNRNPA2B1	4.6217556	0.46957812	3.8050570146450917e-06	6.293999469134001e-05	0.8559322033898306	0.7435897435897436
572	2	NRF1	4.616486	0.9450558	3.902921470238252e-06	6.446886996800233e-05	0.4011299435028249	0.23076923076923078
573	2	ULK4	4.613901	1.1705203	3.951808092502696e-06	6.518559663015574e-05	0.3418079096045198	0.1717948717948718
574	2	TBC1D32	4.6094265	1.3311598	4.0378096268626544e-06	6.651169746470983e-05	0.307909604519774	0.14102564102564102
575	2	CUL4A	4.6040573	0.93950737	4.143380165731556e-06	6.815601770537622e-05	0.3997175141242938	0.2153846153846154
576	2	TAF2	4.6025662	1.021163	4.173171563858301e-06	6.855098995479147e-05	0.3799435028248588	0.2076923076923077
577	2	RALGAPB	4.5980916	1.1204069	4.263782377269596e-06	6.99425435607433e-05	0.3418079096045198	0.1641025641025641
578	2	NOL10	4.594413	1.3052192	4.33969392704994e-06	7.10894612911772e-05	0.2980225988700565	0.12564102564102564
579	2	NUP160	4.593021	1.0325422	4.368753525325829e-06	7.146678180739908e-05	0.3601694915254237	0.18461538461538463
580	2	LEF1-AS1	4.586359	1.0244396	4.510424856761147e-06	7.36826980732606e-05	0.3884180790960452	0.23076923076923078
581	2	PPP3CA	4.580493	0.8497775	4.638815372898262e-06	7.567586014109132e-05	0.4548022598870056	0.28974358974358977
582	2	WWP1	4.569854	0.7254355	4.880642802082495e-06	7.951157092403624e-05	0.5338983050847458	0.358974358974359
583	2	DOCK11	4.5695558	0.7896813	4.8875940326364495e-06	7.95155901605875e-05	0.4901129943502825	0.3230769230769231
584	2	PIGL	4.566175	1.2746637	4.967040252216067e-06	8.069739368668842e-05	0.3064971751412429	0.13333333333333333
585	2	ZNF767P	4.565877	1.3608061	4.9741092823483185e-06	8.0701690955747e-05	0.2867231638418079	0.11538461538461539
586	2	TANK	4.561601	0.791917	5.076496862588406e-06	8.225034534193783e-05	0.4675141242937853	0.3
587	2	PREPL	4.55832	0.8875477	5.156438967121825e-06	8.343160457034768e-05	0.4279661016949153	0.24871794871794872
588	2	UBL3	4.55136	0.8128109	5.330022322862097e-06	8.612270401790799e-05	0.4604519774011299	0.2948717948717949
589	2	ARMC8	4.547085	1.0320369	5.4394112911903244e-06	8.765138303467018e-05	0.3644067796610169	0.19487179487179487
590	2	DENND6A	4.545693	0.92707634	5.475487769356372e-06	8.811300535219345e-05	0.3983050847457627	0.2205128205128205
591	2	ZCCHC11	4.538136	0.5091065	5.6753631574093405e-06	9.120570060552137e-05	0.7655367231638418	0.6538461538461539
592	2	VPS13A	4.5373406	0.86489385	5.696804361929626e-06	9.142638664747681e-05	0.4307909604519774	0.26153846153846155
593	2	C14orf37	4.535352	1.1873336	5.750747125139747e-06	9.21673796002127e-05	0.3135593220338983	0.14358974358974358
594	2	FER	4.5347557	1.25337	5.7670250606707144e-06	9.230353201019524e-05	0.3149717514124294	0.14871794871794872
595	2	ANK3	4.5321703	0.904135	5.838073802790094e-06	9.331476455672577e-05	0.481638418079096	0.3333333333333333
596	2	RASA1	4.5286903	1.0210278	5.935040305457489e-06	9.47369825339513e-05	0.3629943502824859	0.18974358974358974
597	2	SNTB1	4.527696	1.0361061	5.963026919449982e-06	9.492818693245207e-05	0.3531073446327684	0.18717948717948718
598	2	KDM7A	4.5262046	0.8873807	6.00524377583958e-06	9.547210614136382e-05	0.4350282485875706	0.2743589743589744
599	2	HIST1H1D	4.520239	1.0421017	6.176989178564265e-06	9.803200436902616e-05	0.365819209039548	0.19230769230769232
600	2	BBX	4.52004	0.61209285	6.182794204724416e-06	9.803200436902616e-05	0.653954802259887	0.4846153846153846
601	2	REL	4.4982653	0.83109206	6.851024250845001e-06	0.00010833753015336228	0.4562146892655367	0.28205128205128205
602	2	LCOR	4.497768	0.8468898	6.867059174730125e-06	0.00010844650041584458	0.4392655367231638	0.2692307692307692
603	2	ACSL3	4.4936914	1.0177463	6.999906440511262e-06	0.00011039746061763771	0.3629943502824859	0.19487179487179487
604	2	SIK2	4.4927964	1.3729513	7.0293952835944485e-06	0.00011071530951318746	0.3022598870056497	0.14102564102564102
605	2	DISC1	4.4919014	1.3675114	7.059002923035878e-06	0.00011103418390876064	0.2909604519774011	0.12564102564102564
606	2	SLC25A26	4.489416	0.9569598	7.141873486386292e-06	0.00011218890006429328	0.3884180790960452	0.2205128205128205
607	2	KIFAP3	4.484544	1.1543295	7.307006643694842e-06	0.00011463108306113865	0.326271186440678	0.1564102564102564
608	2	HUWE1	4.48176	0.77788925	7.403001299081831e-06	0.00011598361348363345	0.4703389830508475	0.2923076923076923
609	2	PPM1K	4.4793735	0.7880714	7.48624117290845e-06	0.00011713300832545411	0.4745762711864407	0.30256410256410254
610	2	DIAPH2	4.4772854	1.1049305	7.559809546901175e-06	0.00011802775483912657	0.3389830508474576	0.17692307692307693
611	2	PJA2	4.477186	0.88442755	7.563329989691079e-06	0.00011802775483912657	0.4081920903954802	0.23076923076923078
612	2	TNFAIP8	4.474104	0.53813744	7.673244502667401e-06	0.00011958565019925807	0.7146892655367232	0.6051282051282051
613	2	SHOC2	4.469928	0.70221066	7.824599465518476e-06	0.00012178444837408021	0.5480225988700564	0.39487179487179486
614	2	CPSF6	4.4693313	0.82116324	7.846453222555993e-06	0.00012191817289724393	0.4449152542372881	0.2794871794871795
615	2	HELB	4.4691324	0.855358	7.853750766736456e-06	0.00012191817289724393	0.4364406779661017	0.26666666666666666
616	2	PRKCQ	4.462769	0.6787853	8.09072811842414e-06	0.0001254327261235429	0.5635593220338984	0.3871794871794872
617	2	ANKH	4.461377	0.9165252	8.143470461735627e-06	0.00012608558704462733	0.4053672316384181	0.23846153846153847
618	2	NF1	4.4598856	1.3384398	8.200344770691793e-06	0.00012680063752334376	0.2909604519774011	0.12564102564102564
619	2	DIS3L2	4.455312	0.9874037	8.377136479723752e-06	0.00012936567532490068	0.3686440677966102	0.19743589743589743
620	2	HECTD1	4.4503403	0.78943026	8.5734316906643e-06	0.00013222483725783952	0.4661016949152542	0.30256410256410254
621	2	ZNF37BP	4.4497437	0.95549244	8.597280395176993e-06	0.00013242044868415473	0.3940677966101695	0.2282051282051282
622	2	EIF2AK2	4.4419885	0.9226554	8.913140917693958e-06	0.00013710745951212757	0.3968926553672316	0.2358974358974359
623	2	ERBIN	4.4400992	0.5923525	8.99174426852035e-06	0.00013813741842571417	0.6638418079096046	0.5128205128205128
624	2	PICALM	4.4398007	0.9061797	9.004215712857298e-06	0.00013815006255431765	0.4110169491525424	0.24358974358974358
625	2	TRPS1	4.4346304	1.8126011	9.223031485387871e-06	0.00014127246542752314	0.24858757062146894	0.08974358974358974
626	2	PAFAH1B1	4.4344316	0.5880699	9.23154812026395e-06	0.00014127246542752314	0.6765536723163842	0.5102564102564102
627	2	SYTL2	4.433636	1.4973655	9.265689857366576e-06	0.00014156053448295664	0.2768361581920904	0.12051282051282051
628	2	DDX17	4.4334373	0.53757334	9.274244122534343e-06	0.00014156053448295664	0.7556497175141242	0.5743589743589743
629	2	SETX	4.4322443	0.7018766	9.325728379167549e-06	0.00014216341719399373	0.5720338983050848	0.4025641025641026
630	2	STK39	4.430057	1.0461494	9.42082618000264e-06	0.00014324486986516837	0.3502824858757062	0.18461538461538463
631	2	INVS	4.4288635	1.4365803	9.473087469817416e-06	0.00014368618721980037	0.2838983050847458	0.12307692307692308
632	2	LATS1	4.4287643	0.9772451	9.477455056861653e-06	0.00014368618721980037	0.3686440677966102	0.2
633	2	APBB1IP	4.4285655	0.58028054	9.486196002791204e-06	0.00014368618721980037	0.6864406779661016	0.5358974358974359
634	2	LRCH3	4.418921	0.9036848	9.919499649431212e-06	0.00015005773704369156	0.3997175141242938	0.23846153846153847
635	2	PDE4B	4.4179263	1.0074916	9.965229870819797e-06	0.0001505574856916214	0.3926553672316384	0.24358974358974358
636	2	COMMD10	4.4174294	0.7983535	9.988170424377784e-06	0.00015071208808285053	0.4887005649717514	0.34615384615384615
637	2	RAF1	4.4073873	1.154515	1.0462514220191119e-05	0.00015766889282270227	0.307909604519774	0.13846153846153847
638	2	HIPK1	4.405597	0.88509846	1.0549278487066117e-05	0.0001587746736758936	0.422316384180791	0.2564102564102564
639	2	AL590006.1	4.403708	1.0426624	1.0641608211492104e-05	0.00015996130974435532	0.3644067796610169	0.20256410256410257
640	2	SAMD12	4.398836	1.2814883	1.0883296170551326e-05	0.0001633872058009351	0.3093220338983051	0.15128205128205127
641	2	UBE4A	4.3963504	0.84871125	1.100861667524273e-05	0.00016505966342399337	0.4081920903954802	0.24102564102564103
642	2	RNF144A	4.391081	1.133717	1.1278867956445573e-05	0.00016889819944879356	0.3347457627118644	0.17435897435897435
643	2	MGAT4A	4.3903847	0.5349387	1.131503148268659e-05	0.00016922606984194573	0.7415254237288136	0.6051282051282051
644	2	UBE3C	4.383226	0.7909125	1.1693480833937853e-05	0.0001745258103510612	0.4717514124293785	0.3
645	2	FAM35A	4.3831263	0.9895739	1.169882118289154e-05	0.0001745258103510612	0.3615819209039548	0.19743589743589743
646	2	SBF2	4.3818336	1.0558057	1.1768457907128307e-05	0.0001753441090182685	0.3615819209039548	0.20256410256410257
647	2	SND1	4.3773594	0.8679538	1.201257587043171e-05	0.00017875677518609798	0.4138418079096045	0.24615384615384617
648	2	GPR89B	4.375371	1.3965201	1.2122617237610519e-05	0.00018016822110032674	0.2796610169491525	0.12051282051282051
649	2	FAM13B	4.3748736	0.8823501	1.2150277522894306e-05	0.000180209984104295	0.403954802259887	0.23846153846153847
650	2	EDEM3	4.3747745	0.93957716	1.2155816802987858e-05	0.000180209984104295	0.3644067796610169	0.19743589743589743
651	2	LPXN	4.3705983	0.8487526	1.2390655104188334e-05	0.00018319420229101418	0.4138418079096045	0.24615384615384617
652	2	TP53	4.3705983	1.1033435	1.2390655104188334e-05	0.00018319420229101418	0.327683615819209	0.16153846153846155
653	2	PAPOLA	4.3702006	0.5773287	1.2413245074691204e-05	0.00018319420229101418	0.6709039548022598	0.4948717948717949
654	2	NRCAM	4.370101	1.197308	1.2418898705056946e-05	0.00018319420229101418	0.326271186440678	0.1717948717948718
655	2	NUP153	4.3680134	1.0975833	1.2538194098378247e-05	0.000184724201250641	0.3234463276836158	0.15897435897435896
656	2	ADAM10	4.361053	0.79752654	1.2943792746455902e-05	0.00019046325306819727	0.4717514124293785	0.3384615384615385
657	2	OXNAD1	4.357076	0.47480658	1.3181152435107066e-05	0.0001932366722872309	0.827683615819209	0.7153846153846154
658	2	ASAP1	4.3566785	0.8941238	1.320511547434801e-05	0.00019334897472316964	0.3997175141242938	0.2358974358974359
659	2	XPR1	4.35638	0.93981975	1.322311502197563e-05	0.00019337379058030944	0.3898305084745763	0.2282051282051282
660	2	BTRC	4.3541927	1.3339927	1.3355828711535353e-05	0.00019507404990001145	0.2768361581920904	0.11282051282051282
661	2	SENP6	4.350613	0.54853475	1.3575741406587062e-05	0.00019779888585027338	0.7161016949152542	0.5846153846153846
662	2	SKIV2L2	4.3502154	0.78242993	1.3600388271496057e-05	0.00019791485263796716	0.461864406779661	0.2846153846153846
663	2	UBE2H	4.3493204	0.8726847	1.3655999871718123e-05	0.00019848058637080508	0.4067796610169492	0.24102564102564103
664	2	PTPRA	4.3489227	0.67560405	1.368078570162684e-05	0.00019859745216804694	0.5324858757062146	0.3769230769230769
665	2	GTF2B	4.3435535	0.81626654	1.4019622795619066e-05	0.00020326739163330332	0.4759887005649718	0.3153846153846154
666	2	AFF4	4.3430567	0.75887895	1.4051398306305234e-05	0.0002034793454368499	0.4689265536723164	0.30512820512820515
667	2	SMURF2	4.342659	1.1766939	1.407686815879357e-05	0.00020353579579803874	0.3177966101694915	0.15897435897435896
668	2	TMEM41B	4.34246	1.0934877	1.4089619591078398e-05	0.00020353579579803874	0.3375706214689266	0.17435897435897435
669	2	LARP4B	4.3386817	1.0561866	1.4334000157313732e-05	0.00020681416285369935	0.3375706214689266	0.1717948717948718
670	2	RTN4	4.338284	0.716672	1.4359958300965805e-05	0.00020693694465304308	0.5268361581920904	0.36923076923076925
671	2	SPTLC1	4.3369913	1.3594615	1.4444632233740815e-05	0.00020790453676233745	0.2740112994350282	0.11282051282051282
672	2	SMAD2	4.3358974	0.8056504	1.4516651097878569e-05	0.00020868785699495736	0.4661016949152542	0.3076923076923077
673	2	LEMD3	4.330727	1.1606646	1.486176424884536e-05	0.00021339046488051572	0.3149717514124294	0.1564102564102564
674	2	FBXL20	4.330429	1.0222735	1.4881911462384157e-05	0.0002134213663166579	0.3615819209039548	0.20256410256410257
675	2	BACH1	4.3265514	1.050724	1.514620661956224e-05	0.00021694928805314994	0.3573446327683616	0.2076923076923077
676	2	GSK3B	4.325557	0.80292547	1.5214692036949868e-05	0.0002176673673802478	0.4505649717514124	0.28974358974358977
677	2	POU2F1	4.3242645	1.042509	1.530416455381594e-05	0.0002186836043472977	0.3516949152542373	0.19230769230769232
678	2	ACAP2	4.323767	0.5969279	1.5338710451248336e-05	0.00021891348489988597	0.6440677966101694	0.5051282051282051
679	2	CASP8	4.3157134	0.68262845	1.590881829338298e-05	0.00022677714538404102	0.5508474576271186	0.39487179487179486
680	2	STIM2	4.3134265	0.73778266	1.6074347511261153e-05	0.00022886165844364622	0.480225988700565	0.32051282051282054
681	2	DHX36	4.3117366	0.59293205	1.619774897746113e-05	0.00023034208977540648	0.615819209039548	0.46153846153846156
682	2	EHBP1	4.3087535	1.0121439	1.6417722110349732e-05	0.00023319063979490757	0.3700564971751412	0.2230769230769231
683	2	NDEL1	4.2997055	0.9483553	1.7102524821355496e-05	0.00024255438420546887	0.3870056497175141	0.23076923076923078
684	2	YTHDF3	4.2965236	1.2635305	1.734973920725985e-05	0.0002455464283986895	0.2923728813559322	0.13333333333333333
685	2	GPRIN3	4.294734	0.9325999	1.7490289807657358e-05	0.00024724056867558554	0.4053672316384181	0.24871794871794872
686	2	EFR3A	4.2943363	0.80092734	1.752167027274879e-05	0.0002473892969461912	0.4505649717514124	0.29743589743589743
687	2	KLHL24	4.2895637	0.79765046	1.7902444768151768e-05	0.0002524649167066349	0.4576271186440678	0.3
688	2	RSRC1	4.28847	0.8023784	1.7990809291403686e-05	0.0002534097365748785	0.4463276836158192	0.28717948717948716
689	2	USP38	4.285885	1.3142651	1.8201325675551293e-05	0.0002560708452100099	0.269774011299435	0.1076923076923077
690	2	TRAF3	4.282703	0.9634017	1.8463645113510333e-05	0.0002594535912870054	0.3545197740112994	0.18974358974358974
691	2	DCP1A	4.277632	0.8216901	1.8889174381623943e-05	0.00026511906291841415	0.4307909604519774	0.26153846153846155
692	2	SCFD1	4.2737546	0.77832615	1.9220865036235224e-05	0.0002694556256852834	0.4562146892655367	0.2846153846153846
693	2	TAF1	4.2728596	0.978633	1.9298193001709657e-05	0.0002702202703663241	0.3531073446327684	0.19230769230769232
694	2	LINC01138	4.2633142	0.6717213	2.014167384247748e-05	0.0002816984101082346	0.5480225988700564	0.41025641025641024
695	2	NCOR1	4.2617235	0.58632743	2.0285623475696828e-05	0.00028304411108442864	0.6257062146892656	0.45897435897435895
696	2	MAP3K4	4.2617235	1.0567734	2.0285623475696828e-05	0.00028304411108442864	0.327683615819209	0.16923076923076924
697	2	SNX29	4.261127	1.0380579	2.0339856718570827e-05	0.00028346733335164514	0.3192090395480226	0.15897435897435896
698	2	SMAP2	4.254565	0.38034806	2.0945606458573868e-05	0.0002915667753505705	0.8686440677966102	0.8076923076923077
699	2	MED4	4.249494	0.6301216	2.142540899056567e-05	0.0002978960734209951	0.5805084745762712	0.3974358974358974
700	2	NFATC3	4.2406445	0.71285987	2.2287872305915104e-05	0.0003095247840142308	0.5098870056497176	0.3487179487179487
701	2	PPP1R16B	4.2370653	1.1743543	2.2646035800950376e-05	0.0003141309761394988	0.3163841807909605	0.1564102564102564
702	2	TRPC4AP	4.2331877	0.85763896	2.3040225323363862e-05	0.00031922555179333576	0.3983050847457627	0.23076923076923078
703	2	NLRP1	4.2279177	0.63986254	2.3586395657948886e-05	0.0003264114965032366	0.5819209039548022	0.43846153846153846
704	2	GIGYF2	4.227421	0.86190397	2.363855231897646e-05	0.0003266601000570779	0.3968926553672316	0.23076923076923078
705	2	MYO9A	4.227222	0.8932072	2.3659445695533717e-05	0.0003266601000570779	0.4194915254237288	0.2846153846153846
706	2	ZNF33A	4.225233	0.61048245	2.3869348154561324e-05	0.00032917496408499684	0.5550847457627118	0.4153846153846154
707	2	ZNF827	4.2209578	1.1229184	2.4326654047888013e-05	0.00033470315198138266	0.3121468926553672	0.1564102564102564
708	2	DDX6	4.2189693	0.5564487	2.454218327041507e-05	0.00033727728109747703	0.6581920903954802	0.4897435897435897
709	2	ZNF831	4.2167816	0.8396086	2.4781363268578357e-05	0.00034017010227469825	0.4025423728813559	0.24871794871794872
710	2	PRKACB	4.2124066	0.6151503	2.5266391802150804e-05	0.0003460270286068228	0.635593220338983	0.49230769230769234
711	2	LTN1	4.2124066	1.4409437	2.5266391802150804e-05	0.0003460270286068228	0.2542372881355932	0.09743589743589744
712	2	AC022075.1	4.205049	1.0156691	2.6102547145925462e-05	0.00035706598517955707	0.3234463276836158	0.15897435897435896
713	2	STAT1	4.204751	0.78065765	2.6136994345906095e-05	0.00035712529140834826	0.4745762711864407	0.32564102564102565
714	2	AL138785.1	4.2000775	0.5593195	2.6682344055296358e-05	0.0003641571927454716	0.6384180790960452	0.49743589743589745
715	2	FAM126B	4.199382	1.0540624	2.6764486354671763e-05	0.0003644395042094226	0.3418079096045198	0.18974358974358974
716	2	TLK1	4.1976914	0.6147918	2.6964977107437937e-05	0.00036674842717226373	0.5790960451977402	0.43333333333333335
717	2	ZNF708	4.1826777	0.8440342	2.8809580511992444e-05	0.0003911111429765584	0.3983050847457627	0.23333333333333334
718	2	PPP3CC	4.182578	0.72305125	2.882218709624891e-05	0.0003911111429765584	0.4435028248587571	0.27692307692307694
719	2	AGO3	4.18049	0.76699996	2.9088139851780377e-05	0.00039426895844813176	0.423728813559322	0.2564102564102564
720	2	PNPLA8	4.173232	0.8541196	3.003090655506798e-05	0.00040658282162455046	0.3757062146892655	0.2128205128205128
721	2	ABI1	4.1729336	0.5611981	3.0070264976176965e-05	0.00040665147390816283	0.614406779661017	0.47692307692307695
722	2	KIAA1328	4.1718397	1.1558957	3.021499902797086e-05	0.0004081433809473057	0.3248587570621469	0.17692307692307693
723	2	RSRP1	4.163488	0.5535648	3.134227654388048e-05	0.0004228889645169767	0.6666666666666666	0.49743589743589745
724	2	RCOR1	4.1609025	1.1920441	3.1699218697936675e-05	0.00042721901563355565	0.2980225988700565	0.14615384615384616
725	2	ADNP	4.160306	0.89455944	3.178213673216944e-05	0.0004278503310369234	0.3813559322033898	0.2205128205128205
726	2	TTLL5	4.159312	1.5786804	3.192079158801643e-05	0.0004292296918751416	0.24152542372881355	0.08717948717948718
727	2	FNBP4	4.156826	0.5430404	3.226994752352995e-05	0.00043343327024809197	0.6567796610169492	0.5205128205128206
728	2	NFAT5	4.1560307	0.9091622	3.2382441634172445e-05	0.00043433897466190564	0.3771186440677966	0.2230769230769231
729	2	CUL1	4.155832	0.7536333	3.241062332004945e-05	0.00043433897466190564	0.4505649717514124	0.28974358974358977
730	2	RNF19A	4.1555333	0.86389273	3.2452939541161824e-05	0.0004344151952123919	0.423728813559322	0.2641025641025641
731	2	NEK7	4.15444	0.7635285	3.2608548525294e-05	0.000436006071600887	0.4562146892655367	0.3
732	2	ETNK1	4.15265	0.9379622	3.286471140199049e-05	0.0004389363482292874	0.365819209039548	0.2153846153846154
733	2	MCUB	4.150363	0.51278967	3.319481329453061e-05	0.00044284644057720254	0.7344632768361582	0.5923076923076923
734	2	KLHL20	4.1476784	1.0770993	3.3586343146418025e-05	0.00044756632552417727	0.3290960451977401	0.1794871794871795
735	2	GAREM1	4.144298	0.76557785	3.40856225733649e-05	0.00045370985827172583	0.4491525423728814	0.2846153846153846
736	2	KPNA1	4.143304	0.92522657	3.423380589006867e-05	0.0004551714549957561	0.3573446327683616	0.19743589743589743
737	2	NUP214	4.1416135	1.156894	3.448712270223576e-05	0.0004580260641080807	0.2909604519774011	0.13846153846153847
738	2	ARHGEF7	4.1397243	1.3580278	3.4772347970624264e-05	0.0004612975916460892	0.2669491525423729	0.11538461538461539
739	2	FAM49B	4.1370397	0.59469193	3.5181524285656767e-05	0.00046620433299205506	0.5932203389830508	0.4564102564102564
740	2	TIMM23B	4.136543	0.8996207	3.525779773153962e-05	0.00046637527877105463	0.3870056497175141	0.23846153846153847
741	2	DOPEY1	4.136443	0.9571362	3.527307125275177e-05	0.00046637527877105463	0.3531073446327684	0.19743589743589743
742	2	OSBPL9	4.1358466	0.755398	3.536484440863235e-05	0.00046706798962848516	0.461864406779661	0.31794871794871793
743	2	IARS	4.12829	0.9456915	3.6547106319112254e-05	0.0004816096454940792	0.3474576271186441	0.18461538461538463
744	2	SDCBP	4.1272955	0.6636419	3.670543232181536e-05	0.00048315918683321886	0.5282485875706214	0.3769230769230769
745	2	WDR48	4.122921	1.0364728	3.740983534036869e-05	0.0004918854181117213	0.326271186440678	0.17435897435897435
746	2	SPG11	4.120435	0.91866004	3.7815762066713095e-05	0.0004960024487989718	0.3799435028248588	0.2358974358974359
747	2	NSMAF	4.1203356	0.95811325	3.783208579022453e-05	0.0004960024487989718	0.3545197740112994	0.2076923076923077
748	2	FUBP1	4.11785	0.58454436	3.824235948535243e-05	0.0005006119023137747	0.6214689265536724	0.4641025641025641
749	2	GRK5	4.1170545	1.2168984	3.83745366076377e-05	0.0005017883177139836	0.2937853107344633	0.14358974358974358
750	2	AC007000.3	4.111884	1.3134701	3.924431610359563e-05	0.0005125964636438812	0.2782485875706215	0.13076923076923078
751	2	ATP1B3	4.1113873	0.93066746	3.932892772296949e-05	0.0005131365047243324	0.3813559322033898	0.2230769230769231
752	2	APPL2	4.108802	1.006909	3.977170635521508e-05	0.0005183433377723636	0.3206214689265537	0.1641025641025641
753	2	HNRNPU	4.106714	0.43530107	4.013278476537168e-05	0.0005224751123131813	0.8686440677966102	0.7487179487179487
754	2	XKR6	4.1035323	1.0858504	4.068898720634076e-05	0.0005285557374230026	0.3135593220338983	0.1641025641025641
755	2	MAP2K5	4.096373	0.91875404	4.1967305925899596e-05	0.0005445648230647366	0.3531073446327684	0.2
756	2	CLIP4	4.095081	1.1074343	4.220213735561349e-05	0.00054701349621593	0.3050847457627119	0.1564102564102564
757	2	SLC30A9	4.0943847	1.0320828	4.232910087446184e-05	0.0005479325519031979	0.3234463276836158	0.1717948717948718
758	2	RASSF3	4.094186	0.7502276	4.236544267244793e-05	0.0005479325519031979	0.422316384180791	0.2692307692307692
759	2	PIK3C3	4.0876236	0.9828938	4.3581464084105836e-05	0.000563045930324069	0.3389830508474576	0.18974358974358974
760	2	PRRC2B	4.0823536	0.7587838	4.458186002680521e-05	0.0005753436995842326	0.4180790960451977	0.2512820512820513
761	2	NBEA	4.0813594	1.037062	4.477304017062367e-05	0.0005771828874169529	0.3375706214689266	0.19230769230769232
762	2	NCALD	4.0787745	1.0385301	4.527375417330844e-05	0.0005830040439689882	0.3418079096045198	0.2
763	2	LINC00513	4.0753937	1.7350775	4.593655067544585e-05	0.0005908974956733056	0.22175141242937854	0.07435897435897436
764	2	FAM177A1	4.0619707	0.88123643	4.866015368635702e-05	0.0006245772973162276	0.384180790960452	0.2358974358974359
765	2	SLC2A13	4.055508	2.023217	5.002546619314913e-05	0.0006414075989737823	0.20056497175141244	0.05128205128205128
766	2	CARD11	4.0538177	0.77874947	5.038849315330144e-05	0.0006453645019418521	0.4265536723163842	0.27692307692307694
767	2	CRLF3	4.051133	0.6562481	5.0970202165437163e-05	0.0006521106771112025	0.5127118644067796	0.36153846153846153
768	2	SMC5	4.0486474	0.65490776	5.1514491822183553e-05	0.0006583640872964406	0.5423728813559322	0.3923076923076923
769	2	ERCC6L2	4.0470567	0.65619	5.1865723095368276e-05	0.0006621393712713323	0.5282485875706214	0.3769230769230769
770	2	TFRC	4.046062	1.0744107	5.208639380934629e-05	0.0006642415382568247	0.3135593220338983	0.16153846153846155
771	2	NT5DC1	4.0454655	0.89465415	5.2219223000263765e-05	0.0006652201769958414	0.384180790960452	0.23846153846153847
772	2	LCORL	4.0387044	1.2404461	5.3747228126179926e-05	0.0006832177123006366	0.2923728813559322	0.14871794871794872
773	2	CNOT2	4.032242	0.58564097	5.524734722582851e-05	0.0007015348373643749	0.5847457627118644	0.4358974358974359
774	2	MANBA	4.030949	1.0289868	5.555209281182277e-05	0.0007046500756665433	0.3107344632768362	0.15384615384615385
775	2	PCNX4	4.0273695	0.7902506	5.6404336046216906e-05	0.0007146959674232185	0.4265536723163842	0.2794871794871795
776	2	TTC3	4.0252814	0.42585355	5.6907181873578625e-05	0.0007202979477274734	0.8192090395480226	0.7230769230769231
777	2	CA5B	4.0248837	0.67173815	5.700344220158463e-05	0.0007207471476660914	0.4858757062146893	0.3384615384615385
778	2	ZNF91	4.0238895	0.51891696	5.7244768210871085e-05	0.0007230276368274027	0.6624293785310734	0.5333333333333333
779	2	TMEM117	4.023492	1.4612654	5.7341569299353304e-05	0.00072347979988333	0.2570621468926554	0.11282051282051282
780	2	TBC1D1	4.0221	1.0167246	5.7681595465778376e-05	0.0007269965167100229	0.327683615819209	0.1794871794871795
781	2	AC138409.2	4.0199122	1.1216235	5.8219783270027125e-05	0.000733000668346626	0.288135593220339	0.13333333333333333
782	2	FAM169A	4.017824	1.0958055	5.87379415732762e-05	0.000738740177157005	0.3093220338983051	0.1641025641025641
783	2	RBM26	4.0171285	0.58522165	5.891162936413292e-05	0.0007393565336070014	0.6228813559322034	0.4794871794871795
784	2	MIR181A1HG	4.0171285	1.1846597	5.891162936413292e-05	0.0007393565336070014	0.2796610169491525	0.13076923076923078
785	2	SIRT1	4.01514	0.8820962	5.941056415851384e-05	0.0007448301172515583	0.3531073446327684	0.20512820512820512
786	2	MAP3K7	4.01335	1.2372166	5.986302432017624e-05	0.0007495507314810643	0.269774011299435	0.11794871794871795
787	2	TXLNGY	4.013151	1.1609337	5.9913498604051344e-05	0.0007495507314810643	0.2867231638418079	0.1358974358974359
788	2	NBAS	4.008776	0.82270515	6.103418159075481e-05	0.0007627664843691802	0.384180790960452	0.22564102564102564
789	2	COL4A3BP	4.004998	1.0911313	6.201798862050325e-05	0.0007742456263570195	0.3177966101694915	0.1717948717948718
790	2	AHCYL2	4.0035067	1.2181114	6.241045088603912e-05	0.0007783259174641682	0.2740112994350282	0.12564102564102564
791	2	TTN	3.9955523	0.80603486	6.454360165286285e-05	0.000804083104624951	0.4293785310734463	0.28974358974358977
792	2	CHST11	3.9944587	0.76121765	6.484225064824856e-05	0.0008067869526401797	0.4152542372881356	0.26153846153846155
793	2	G3BP1	3.9942598	0.6524392	6.489669079415947e-05	0.0008067869526401797	0.4985875706214689	0.35384615384615387
794	2	PSEN1	3.9935637	1.1439252	6.50875721765906e-05	0.0008083126764548319	0.2824858757062147	0.13333333333333333
795	2	RSBN1L	3.9929671	0.7500897	6.525160760802526e-05	0.0008089955699193595	0.4293785310734463	0.2794871794871795
796	2	RERE	3.9928677	0.704917	6.527898485774258e-05	0.0008089955699193595	0.481638418079096	0.3282051282051282
797	2	PHF20L1	3.9885924	0.62512875	6.646654443666686e-05	0.0008228530449048737	0.4943502824858757	0.33076923076923076
798	2	VPS54	3.984615	1.2351377	6.758958147272815e-05	0.0008358836665970343	0.2867231638418079	0.14615384615384616
799	2	ACYP2	3.980638	0.88010967	6.873055751974249e-05	0.0008491087626918188	0.3855932203389831	0.23333333333333334
800	2	BZW2	3.9802403	0.7891855	6.884565206445917e-05	0.0008496456123667905	0.4067796610169492	0.25384615384615383
801	2	TTC14	3.9779534	0.620784	6.951099254721823e-05	0.0008569650432536468	0.5310734463276836	0.3871794871794872
802	2	MRPL1	3.9676127	0.71488386	7.259616017446711e-05	0.0008940710899991484	0.480225988700565	0.33589743589743587
803	2	HIBCH	3.967215	1.0215261	7.271736902256301e-05	0.0008946348512526943	0.3177966101694915	0.1717948717948718
804	2	KRR1	3.9661214	0.73923737	7.305168109802974e-05	0.0008978165158783759	0.4322033898305085	0.2717948717948718
805	2	DYNC1H1	3.9634368	0.7111181	7.387843910795257e-05	0.0009070375650313845	0.4336158192090395	0.2717948717948718
806	2	ZNF675	3.9620447	0.94072104	7.431060459066494e-05	0.0009113999694366973	0.3220338983050847	0.1717948717948718
807	2	RBM33	3.9612494	0.6137179	7.455862859015595e-05	0.0009134972469826958	0.5282485875706214	0.38461538461538464
808	2	ATAD2B	3.9602551	0.7601264	7.486975957722202e-05	0.0009163625888398897	0.4209039548022599	0.26666666666666666
809	2	RAPGEF2	3.9501133	1.2540815	7.811421217839821e-05	0.0009550871715833019	0.2740112994350282	0.13076923076923078
810	2	CNTRL	3.9467328	0.5462378	7.922491985578677e-05	0.0009676699788770659	0.6257062146892656	0.4641025641025641
811	2	ZFAND5	3.9459372	0.7753332	7.948842404093231e-05	0.0009698896184418284	0.3968926553672316	0.2358974358974359
812	2	LNPEP	3.9446447	0.60168374	7.991838617336464e-05	0.0009741336690812998	0.5508474576271186	0.4025641025641026
813	2	RAP1A	3.9395738	0.5198619	8.16264841824959e-05	0.0009939323433310076	0.6751412429378532	0.5358974358974359
814	2	RIF1	3.9374857	0.69936144	8.23397996430596e-05	0.0010015897679658326	0.4463276836158192	0.3
815	2	MECP2	3.932912	0.6533306	8.392294027542229e-05	0.0010191791307437971	0.4901129943502825	0.3282051282051282
816	2	CYFIP2	3.9328127	0.5192451	8.39576737552015e-05	0.0010191791307437971	0.6807909604519774	0.5282051282051282
817	2	MGMT	3.9292333	1.1482407	8.521716514583725e-05	0.0010323550343510008	0.2980225988700565	0.15384615384615385
818	2	NR2C2	3.9283383	1.0754592	8.553481619668456e-05	0.0010351458368292642	0.307909604519774	0.16153846153846155
819	2	PRIM2	3.9269464	1.3035364	8.603116481558366e-05	0.0010400913503698492	0.2641242937853107	0.12051282051282051
820	2	TMCC1	3.9264493	1.3357989	8.620909079428382e-05	0.001041181076191656	0.2542372881355932	0.11025641025641025
821	2	AC099548.2	3.9204834	1.0529535	8.83715018981362e-05	0.0010651280614958284	0.2980225988700565	0.15128205128205127
822	2	NAMPT	3.918495	1.1071732	8.910362172596923e-05	0.001072215902245783	0.288135593220339	0.14102564102564102
823	2	ELF1	3.9183955	0.45718512	8.9140377707786e-05	0.001072215902245783	0.7951977401129944	0.6692307692307692
824	2	AP000787.1	3.914816	0.9581254	9.047317282302962e-05	0.001087144710923132	0.3418079096045198	0.19487179487179487
825	2	RRAS2	3.913921	1.3375579	9.080930067695475e-05	0.001090079257114052	0.24858757062146894	0.10256410256410256
826	2	JPX	3.9131258	0.58152866	9.110907092013248e-05	0.0010925718717014875	0.5903954802259888	0.441025641025641
827	2	TANC2	3.9126287	1.3255917	9.129690171324802e-05	0.0010937184387061832	0.2556497175141243	0.11025641025641025
828	2	SHPRH	3.903879	0.87893075	9.466319026978613e-05	0.0011313408445683343	0.365819209039548	0.2230769230769231
829	2	ATG12	3.9036798	0.73690695	9.474104211919967e-05	0.0011313408445683343	0.4251412429378531	0.2743589743589744
830	2	TOP1	3.903481	0.6487538	9.481895442672213e-05	0.0011313408445683343	0.4943502824858757	0.3435897435897436
831	2	SENP5	3.9023874	0.69955	9.524855476858112e-05	0.001135324481965198	0.4548022598870056	0.31025641025641026
832	2	TTC39C	3.9019897	0.5718202	9.540522826801175e-05	0.0011360502080909835	0.6002824858757062	0.45897435897435895
833	2	RAB10	3.900896	0.87296015	9.583733611199678e-05	0.001140050959165779	0.3700564971751412	0.22564102564102564
834	2	RHBDD1	3.8999016	1.1068655	9.62317644494126e-05	0.0011435959182064465	0.307909604519774	0.1717948717948718
835	2	TTC21B	3.8985097	1.0337093	9.678653982677645e-05	0.001149037399745314	0.2951977401129944	0.14615384615384616
836	2	CMIP	3.8982115	1.1198885	9.69058124962926e-05	0.00114930293620603	0.2937853107344633	0.14871794871794872
837	2	PPP2R2A	3.897217	0.63003117	9.730439113047847e-05	0.0011528772016058688	0.480225988700565	0.3230769230769231
838	2	GCC2	3.8899589	0.399713	0.00010026125440535778	0.001186725027193157	0.8545197740112994	0.7769230769230769
839	2	G3BP2	3.888865	0.48494086	0.00010071409523729582	0.0011908964800741062	0.7076271186440678	0.5743589743589743
840	2	PRKCE	3.881905	1.3474466	0.00010364135630024089	0.001224289328407228	0.2457627118644068	0.10256410256410256
841	2	STK26	3.8789222	0.9179113	0.00010492031946778474	0.0012381641680476885	0.3290960451977401	0.1794871794871795
842	2	RNF138	3.8785245	0.6659366	0.00010509196894389093	0.0012389570096168455	0.4675141242937853	0.31025641025641026
843	2	WDR47	3.8776295	1.3380831	0.00010547914968837748	0.0012422867083457367	0.24717514124293785	0.1
844	2	KIAA1468	3.8726583	0.84203476	0.00010765478220501374	0.0012666524969756577	0.3771186440677966	0.2358974358974359
845	2	TRIM24	3.8705702	0.8539516	0.00010858111561675689	0.0012760623621389138	0.3403954802259887	0.18717948717948718
846	2	AAK1	3.8703713	0.3687281	0.00010866972898484849	0.0012760623621389138	0.8898305084745762	0.8051282051282052
847	2	BICDL1	3.8683827	1.222986	0.00010955962329834886	0.0012852394978421539	0.2627118644067797	0.11794871794871795
848	2	NFKBIZ	3.860826	0.7846535	0.00011300431671495621	0.0013230317830596058	0.4025423728813559	0.2641025641025641
849	2	ZNF107	3.8604283	0.7178656	0.00011318841695210746	0.0013238803008402311	0.4265536723163842	0.2743589743589744
850	2	R3HDM1	3.86013	0.789176	0.00011332667774519123	0.001324191525180264	0.422316384180791	0.28717948717948716
851	2	PPP2R3C	3.859633	0.940751	0.00011355746645988649	0.0013255822364313522	0.3305084745762712	0.18461538461538463
852	2	BIRC3	3.8591359	0.59451497	0.00011378869843621785	0.00132697538196022	0.6101694915254238	0.48205128205128206
853	2	ANAPC1	3.855258	1.3003185	0.00011560760986669654	0.0013460879703194857	0.24717514124293785	0.10256410256410256
854	2	ATG5	3.8551586	0.89424783	0.00011565460723065394	0.0013460879703194857	0.3531073446327684	0.2128205128205128
855	2	GBF1	3.8543632	0.94534105	0.0001160312353396452	0.0013489219343988	0.3177966101694915	0.1641025641025641
856	2	DPH6	3.8541644	1.2885432	0.0001161255729360181	0.0013489219343988	0.2725988700564972	0.1358974358974359
857	2	CASD1	3.8535678	1.0490689	0.00011640901991790764	0.0013508913661706308	0.3036723163841808	0.16153846153846155
858	2	AL669831.5	3.8502867	1.2189298	0.00011797967715243629	0.0013677800303302974	0.3008474576271186	0.1717948717948718
859	2	ZFX	3.8480992	0.960458	0.00011903786108016939	0.001377355153571521	0.3333333333333333	0.19487179487179487
860	2	NRIP1	3.845514	1.4718826	0.00012029997975529731	0.001390602105163573	0.23587570621468926	0.09487179487179487
861	2	KCNQ1	3.8446193	0.93943065	0.00012073979893543815	0.0013943271814744853	0.3192090395480226	0.1717948717948718
862	2	DICER1	3.8416364	0.7492298	0.00012221683739471818	0.0014100113730557953	0.4138418079096045	0.26666666666666666
863	2	METTL15	3.8410397	0.9575752	0.00012251428200773235	0.0014120693728004916	0.3248587570621469	0.18205128205128204
864	2	DNM1L	3.8346763	0.70852214	0.0001257297765844131	0.0014477234468846013	0.4406779661016949	0.2948717948717949
865	2	USP3-AS1	3.83229	1.1657966	0.00012695596754799598	0.001459599427588769	0.2768361581920904	0.13333333333333333
866	2	SLC9A9	3.8321905	0.92663443	0.00012700730263672931	0.001459599427588769	0.3389830508474576	0.2
867	2	CAPN7	3.830003	0.6601162	0.00012814163659840324	0.0014712098838887341	0.4689265536723164	0.32051282051282054
868	2	LMBRD1	3.82533	0.7811876	0.00013059705316306681	0.0014979507258355632	0.3785310734463277	0.23333333333333334
869	2	PHKB	3.8223472	1.0674102	0.000132187450482852	0.0015147276934556761	0.2923728813559322	0.14871794871794872
870	2	CD47	3.8205574	0.55653113	0.00013315043010537217	0.0015242896728279091	0.5819209039548022	0.43333333333333335
871	2	RAB21	3.8198614	0.65685236	0.00013352670420494143	0.001527123155130767	0.4731638418079096	0.31794871794871793
872	2	PRKAG2	3.819265	0.9759365	0.0001338500220437905	0.0015293461092864696	0.3135593220338983	0.16666666666666666
873	2	TAF3	3.8173757	0.5843881	0.00013487873485852904	0.001539616742465981	0.5056497175141242	0.36153846153846153
874	2	CEP120	3.816282	0.8394387	0.00013547770528005984	0.0015449669082899132	0.3644067796610169	0.21794871794871795
875	2	C9orf3	3.8145916	1.4845799	0.00013640831808863277	0.0015540851609329345	0.23022598870056496	0.08974358974358974
876	2	HIPK3	3.8131	0.9900809	0.00013723444497243183	0.0015617556230738423	0.3121468926553672	0.1717948717948718
877	2	OPA1	3.8129013	0.72855467	0.00013734495066323926	0.0015617556230738423	0.422316384180791	0.27692307692307694
878	2	SAFB	3.8120065	0.7300282	0.00013784326439957847	0.0015659206089837171	0.4152542372881356	0.258974358974359
879	2	FAM53C	3.8096201	1.0575203	0.0001391804403402551	0.0015795981075937087	0.288135593220339	0.13846153846153847
880	2	LRCH1	3.808626	1.8269074	0.00013974119513954035	0.0015844460557886697	0.19915254237288135	0.05897435897435897
881	2	RPGR	3.807532	0.78568643	0.00014036048301064279	0.001589947782718456	0.3983050847457627	0.26153846153846155
882	2	DNAJB14	3.8067367	0.6194485	0.00014081249682621266	0.0015935460041592389	0.5155367231638418	0.37435897435897436
883	2	THOC1	3.8044498	0.84938735	0.000142119685649565	0.001606805978840649	0.3587570621468927	0.21794871794871795
884	2	N4BP2	3.8039527	0.83304054	0.00014240536542250298	0.0016085025084865575	0.3644067796610169	0.22564102564102564
885	2	NARS2	3.8006716	1.3628803	0.0001443044589835027	0.0016284023630298212	0.24293785310734464	0.10512820512820513
886	2	PHIP	3.7953024	0.52370894	0.0001474635979920903	0.00166246984048117	0.6440677966101694	0.5128205128205128
887	2	DDX60L	3.7941093	0.9324485	0.0001481744174559359	0.0016688970475094013	0.3149717514124294	0.16923076923076924
888	2	TRPM7	3.7921207	0.6370396	0.00014936629022684896	0.0016807250494216591	0.4858757062146893	0.33589743589743587
889	2	ATXN7	3.786851	0.61244994	0.00015256855385369365	0.0017151308518528975	0.5084745762711864	0.38461538461538464
890	2	SECISBP2	3.7790954	0.59340936	0.00015739905848011427	0.001767758365127041	0.576271186440678	0.4230769230769231
891	2	CWF19L2	3.7780018	0.54305696	0.00015809175243521457	0.001773858262896542	0.5833333333333334	0.4358974358974359
892	2	SMG1	3.7761126	0.7177601	0.0001592949857488381	0.0017856696890181662	0.4265536723163842	0.2794871794871795
893	2	CNKSR2	3.7738256	1.2557428	0.00016076306198116813	0.0018004248490053388	0.2584745762711864	0.12051282051282051
894	2	SFMBT1	3.7728314	0.92840767	0.0001614053189307426	0.001805912341998686	0.3502824858757062	0.2205128205128205
895	2	HMBOX1	3.7723343	0.94714576	0.00016172735205953345	0.001807809986263965	0.2980225988700565	0.15384615384615385
896	2	XIST	3.7713401	0.99913454	0.00016237323289104683	0.00181233691240514	0.3361581920903955	0.2205128205128205
897	2	PRKRIP1	3.7712407	0.85558087	0.00016243795429061246	0.00181233691240514	0.3361581920903955	0.18717948717948718
898	2	GOLGB1	3.7688544	0.5290252	0.00016399856932907927	0.0018280291656418046	0.634180790960452	0.4794871794871795
899	2	RPAP2	3.7633858	0.67069185	0.0001676283476664375	0.0018667344632149754	0.4675141242937853	0.3153846153846154
900	2	WDFY2	3.7624907	0.8375532	0.00016822945888098157	0.0018716710903643916	0.3742937853107345	0.23333333333333334
901	2	ACBD6	3.7573206	0.67391545	0.00017174243946449071	0.0019089646973278912	0.4533898305084746	0.3128205128205128
902	2	TSPYL2	3.7517526	0.77532506	0.0001756027523457916	0.00195004554571263	0.3799435028248588	0.23333333333333334
903	2	FOXO1	3.7514544	0.5507349	0.0001758118404213248	0.0019505410920457548	0.6200564971751412	0.47435897435897434
904	2	COPB1	3.7400198	0.7761239	0.00018400567448650378	0.002039539532158818	0.3771186440677966	0.2282051282051282
905	2	YIPF4	3.7364404	0.7513067	0.00018664360660914706	0.002066847034906148	0.3940677966101695	0.24102564102564103
906	2	TAX1BP1	3.734949	0.47851992	0.00018775320229034377	0.002077194943249512	0.6850282485875706	0.5333333333333333
907	2	SLC12A6	3.7309718	0.87731814	0.0001907425136087443	0.002106337254562111	0.3347457627118644	0.19230769230769232
908	2	UBR2	3.7287846	0.72307473	0.0001924056437018225	0.0021227264505149905	0.4180790960451977	0.2692307692307692
909	2	AQR	3.7275913	0.6948942	0.00019331853995985352	0.0021308158772526606	0.4166666666666667	0.28205128205128205
910	2	FBXO33	3.7220232	0.6744212	0.00019763279908856064	0.0021743274556496562	0.501412429378531	0.37948717948717947
911	2	IGF2R	3.7220232	0.9264008	0.00019763279908856064	0.0021743274556496562	0.3093220338983051	0.16666666666666666
912	2	DLG2	3.7213273	1.2119603	0.00019817839805661667	0.0021783093614008097	0.2923728813559322	0.16153846153846155
913	2	GAPVD1	3.714566	1.0056698	0.00020355265483607072	0.0022353097095887025	0.3050847457627119	0.16666666666666666
914	2	MAP3K5	3.7141683	1.0830379	0.0002038730130072239	0.002236756645944196	0.2980225988700565	0.16666666666666666
915	2	CREBBP	3.713174	0.53389734	0.00020467598175701493	0.0022434908906083153	0.5536723163841808	0.39487179487179486
916	2	GLMN	3.7120805	1.0468224	0.00020556267814157266	0.0022511296055023563	0.2655367231638418	0.12564102564102564
917	2	TYW1B	3.7073078	1.409904	0.0002094742917187188	0.002291849723047975	0.23022598870056496	0.09487179487179487
918	2	PPP4R3A	3.7014415	0.55874485	0.00021437809905870396	0.002342100306816381	0.5720338983050848	0.43333333333333335
919	2	WDR37	3.701342	1.0323145	0.00021446213602045446	0.002342100306816381	0.2768361581920904	0.13846153846153847
920	2	UBE3A	3.700447	0.59858555	0.00021521986192938542	0.002348213028962752	0.5098870056497176	0.3641025641025641
921	2	PIAS2	3.6986575	1.0152423	0.00021674286131369985	0.0023623367324730076	0.2796610169491525	0.13846153846153847
922	2	PPA2	3.6984587	0.7296153	0.0002169127067169566	0.0023623367324730076	0.3870056497175141	0.24102564102564103
923	2	STIM1	3.6975636	0.6439823	0.00021767855866407465	0.0023685024823448856	0.4717514124293785	0.32564102564102565
924	2	BTBD10	3.6966689	0.916778	0.00021844694886190578	0.002374684522000186	0.3220338983050847	0.18717948717948718
925	2	AC119396.1	3.6955752	0.7238095	0.0002193895508160707	0.002382431404178259	0.4350282485875706	0.29743589743589743
926	2	ARL17B	3.6953764	1.3218294	0.00021956134272907562	0.002382431404178259	0.23728813559322035	0.1
927	2	STAU1	3.6946802	0.65581316	0.00022016360951127633	0.002386782823403782	0.4364406779661017	0.2794871794871795
928	2	MED23	3.6939843	1.0875282	0.0002207674270198185	0.0023908313388704776	0.2754237288135593	0.14102564102564102
929	2	UBE2K	3.6937854	0.61732095	0.00022094023165278613	0.0023908313388704776	0.4830508474576271	0.34615384615384615
930	2	PHF21A	3.691598	0.9171486	0.0002228494822291749	0.002408672959210302	0.2980225988700565	0.15897435897435896
931	2	TBC1D4	3.691399	0.65888155	0.00022302381631959366	0.002408672959210302	0.4576271186440678	0.3230769230769231
932	2	PTPN1	3.6912003	0.6459059	0.0002231982784293526	0.002408672959210302	0.4646892655367232	0.3230769230769231
933	2	ZNF654	3.6882174	0.95633	0.00022583063175601396	0.002434864811478478	0.2966101694915254	0.15897435897435896
934	2	MKL1	3.6856322	0.99315876	0.00022813554847912702	0.0024574819300294697	0.3036723163841808	0.16666666666666666
935	2	TASP1	3.68255	0.89621514	0.00023091257400435644	0.0024848239966928634	0.3163841807909605	0.17692307692307693
936	2	QKI	3.682351	0.7139352	0.00023109282195212717	0.0024848239966928634	0.4096045197740113	0.2743589743589744
937	2	RAB22A	3.6805613	0.93376416	0.00023272100593249004	0.002500064429673308	0.3220338983050847	0.18205128205128204
938	2	SLFN12L	3.6791694	0.5105459	0.0002339948072687114	0.0025092029061545363	0.6581920903954802	0.5435897435897435
939	2	SLC38A2	3.6752918	0.55347455	0.00023757783881442514	0.002545323548635124	0.5536723163841808	0.4153846153846154
940	2	LINC00476	3.6748939	0.8265211	0.00023794822569653986	0.00254699093570484	0.365819209039548	0.22564102564102564
941	2	UVRAG	3.6743968	0.7386874	0.00023841197120657437	0.0025483488189627754	0.384180790960452	0.24615384615384617
942	2	ATP1A1	3.6742973	0.5251728	0.00023850482201084996	0.0025483488189627754	0.6031073446327684	0.4666666666666667
943	2	SRSF4	3.672806	0.55001926	0.00023990166181211424	0.00256096643482599	0.5663841807909604	0.4153846153846154
944	2	ACTR2	3.671215	0.45579553	0.00024140008205487257	0.002572331512282829	0.6807909604519774	0.558974358974359
945	2	KDM3A	3.671215	0.7333036	0.00024140008205487257	0.002572331512282829	0.4053672316384181	0.258974358974359
946	2	WDR75	3.6698232	0.99404794	0.00024271839800879414	0.0025840576305065513	0.2867231638418079	0.14358974358974358
947	2	ABCB1	3.6692264	1.0593168	0.00024328545555459002	0.002586458618852073	0.2867231638418079	0.15128205128205127
948	2	HECA	3.669127	0.6054458	0.0002433800858886099	0.002586458618852073	0.4562146892655367	0.31025641025641026
949	2	DDX5	3.6640563	0.35267615	0.00024825227722348746	0.002633517001673132	0.9774011299435028	0.9128205128205128
950	2	ZC3H7A	3.6637578	0.63457537	0.0002485417068298636	0.0026342311376248277	0.4576271186440678	0.30256410256410254
951	2	GTF2I	3.6599796	0.7971	0.0002522353160160103	0.0026709918285266806	0.3559322033898305	0.2128205128205128
952	2	RMND5A	3.6574938	0.82064617	0.00025469332991035355	0.002694614534109539	0.3502824858757062	0.21025641025641026
953	2	AGPS	3.6562014	1.1910708	0.00025598035701286014	0.002705817321009377	0.2556497175141243	0.12051282051282051
954	2	STRN3	3.655008	0.84614295	0.0002571737927669403	0.0027160117383935103	0.3389830508474576	0.20256410256410257
955	2	AC097376.2	3.6536162	1.0143477	0.00025857272826964987	0.0027283563676850954	0.2768361581920904	0.13846153846153847
956	2	LYST	3.6479487	0.7999202	0.0002643423904401865	0.0027847260829558422	0.3771186440677966	0.24358974358974358
957	2	PRKY	3.6476505	0.92356956	0.00026464937539241376	0.0027847260829558422	0.3163841807909605	0.18461538461538463
958	2	RNPC3	3.647551	0.6786861	0.00026475177795889633	0.0027847260829558422	0.4180790960451977	0.2743589743589744
959	2	MAN2A1	3.6404915	0.7071016	0.0002721180506312384	0.002856035469457069	0.4336158192090395	0.3
960	2	FAM208A	3.6345258	0.71905005	0.00027849238704359973	0.0029203534132069783	0.3813559322033898	0.2358974358974359
961	2	SP3	3.6333327	0.6906099	0.0002797839311865203	0.002931305144763366	0.4265536723163842	0.28974358974358977
962	2	JAM3	3.6323383	0.92937654	0.0002808645032955887	0.0029400291342327294	0.3333333333333333	0.20256410256410257
963	2	NSF	3.6314435	1.2781807	0.000281840360568234	0.0029476425717277384	0.23587570621468926	0.10256410256410256
964	2	PBRM1	3.6306481	0.61258656	0.00028271045551394236	0.0029541374470443667	0.501412429378531	0.35128205128205126
965	2	GNB1	3.630151	0.5925104	0.00028325554229143403	0.0029546268527496987	0.4971751412429379	0.3641025641025641
966	2	BPTF	3.630151	0.43380898	0.00028325554229143403	0.0029546268527496987	0.8206214689265536	0.6820512820512821
967	2	SGMS1	3.6266708	0.75523406	0.00028709881107024873	0.00299208427002913	0.3672316384180791	0.22564102564102564
968	2	ZNF451	3.6261737	0.68426394	0.0002876518208962069	0.002995215624081663	0.4166666666666667	0.26666666666666666
969	2	MICU1	3.6249807	1.2137938	0.00028898311878535377	0.0030064384112230666	0.2641242937853107	0.13333333333333333
970	2	RBBP6	3.6230915	0.46468765	0.0002911028177954803	0.0030258364759460092	0.692090395480226	0.5538461538461539
971	2	REPS1	3.6213017	0.81335354	0.00029312438121734585	0.0030441814021346077	0.3601694915254237	0.2282051282051282
972	2	SELENOT	3.620904	0.80583644	0.00029357539982297347	0.0030461979369207923	0.3474576271186441	0.20512820512820512
973	2	AKAP9	3.6205063	0.46017686	0.0002940270684042056	0.003048217684679964	0.7372881355932204	0.6282051282051282
974	2	G2E3	3.6198103	0.84597677	0.0002948190550279599	0.0030537589455297853	0.3333333333333333	0.2
975	2	TBC1D23	3.6178217	1.130205	0.00029709289836773404	0.003074626330402553	0.2669491525423729	0.1358974358974359
976	2	AEBP2	3.6172252	0.60762537	0.00029777824786456666	0.003079032275216879	0.5127118644067796	0.382051282051282
977	2	RAB11FIP2	3.615137	0.9157066	0.00030018864975768923	0.0030994251674266475	0.3008474576271186	0.16153846153846155
978	2	ERO1B	3.6150377	0.91633767	0.00030030388534665284	0.0030994251674266475	0.3177966101694915	0.18205128205128204
979	2	NUP54	3.6148388	0.711995	0.00030053448082130224	0.0030994251674266475	0.3983050847457627	0.258974358974359
980	2	FRS2	3.613447	1.2300498	0.00030215329829340993	0.003113412786932964	0.24152542372881355	0.1076923076923077
981	2	TMEM245	3.6077795	0.7286904	0.0003088288757510043	0.003179436168755999	0.4011299435028249	0.2641025641025641
982	2	XPO4	3.6058903	0.80799574	0.000311084583861158	0.0031998813222838974	0.3516949152542373	0.2076923076923077
983	2	TCERG1	3.6047966	0.57312095	0.0003123975611422098	0.003210602318151307	0.5042372881355932	0.3487179487179487
984	2	PPP2R5A	3.5998251	0.87494576	0.0003184312927807819	0.003269779335394003	0.3177966101694915	0.1794871794871795
985	2	AC008014.1	3.5932627	1.1952107	0.0003265629435181547	0.003348759994418844	0.269774011299435	0.14358974358974358
986	2	JARID2	3.5897827	0.8654969	0.0003309536409267793	0.0033866351867054383	0.3319209039548023	0.19743589743589743
987	2	ATP2A2	3.5897827	1.1825871	0.0003309536409267793	0.0033866351867054383	0.2457627118644068	0.11025641025641025
988	2	ZNF160	3.5889874	1.1650308	0.0003319649557207209	0.0033924255453785506	0.23587570621468926	0.09743589743589744
989	2	STK10	3.588888	0.5449089	0.00033209157320274006	0.0033924255453785506	0.5155367231638418	0.36153846153846153
990	2	KPNA6	3.5849109	1.561287	0.00033719348744153403	0.0034415789682070512	0.2019774011299435	0.06923076923076923
991	2	FASTKD2	3.5835187	1.0649965	0.0003389964164012608	0.0034566674336447994	0.2782485875706215	0.14871794871794872
992	2	PARP11	3.58332	1.0863245	0.00033925471271185046	0.0034566674336447994	0.2754237288135593	0.14615384615384616
993	2	ZCCHC6	3.58153	0.82653165	0.0003415876794519141	0.003477450539313048	0.3361581920903955	0.19487179487179487
994	2	SLC20A2	3.5774536	1.0526438	0.00034695780425096016	0.003528749103498425	0.2740112994350282	0.1358974358974359
995	2	C1orf27	3.5772548	1.1376709	0.0003472217709766157	0.003528749103498425	0.2457627118644068	0.11025641025641025
996	2	TMEM161B-AS1	3.5762603	0.8814552	0.00034854442472419413	0.0035391582852987522	0.3206214689265537	0.18717948717948718
997	2	USP10	3.5741725	0.769883	0.00035133735203259715	0.003562773085159286	0.3672316384180791	0.23333333333333334
998	2	HERC3	3.5730786	0.82234925	0.0003528086543760433	0.0035732797958154343	0.3516949152542373	0.2230769230769231
999	2	MAX	3.5693998	0.5384108	0.00035779997992045344	0.003620400521709827	0.5861581920903954	0.4307692307692308
1000	2	RPRD2	3.569201	0.66245896	0.0003580716536227342	0.003620400521709827	0.4209039548022599	0.28717948717948716
1001	2	UBAP1	3.5683062	1.000102	0.00035929657415164924	0.0036296911153650426	0.2994350282485876	0.16923076923076924
1002	2	SMARCC1	3.5627382	0.5042627	0.0003670067794501828	0.0037044258759822706	0.5635593220338984	0.4282051282051282
1003	2	RABGAP1	3.5621414	0.8149078	0.00036784198525256664	0.003709698932904286	0.3432203389830508	0.21025641025641026
1004	2	LRRC37A3	3.5607495	1.4535294	0.00036979771445588383	0.0037262539451544453	0.211864406779661	0.07948717948717948
1005	2	SNX13	3.5567725	0.9175926	0.0003754392109985313	0.003779888830596419	0.2994350282485876	0.1641025641025641
1006	2	MAN1C1	3.5554798	1.001771	0.0003772899514294207	0.0037953001051339525	0.2853107344632768	0.15384615384615385
1007	2	PPWD1	3.5540879	0.5446255	0.0003792925915039141	0.003812211979013916	0.4872881355932203	0.32564102564102565
1008	2	KIAA0586	3.5523975	0.8178452	0.0003817377258510268	0.003833538889579321	0.3361581920903955	0.20256410256410257
1009	2	ZRANB3	3.5484204	1.0448707	0.0003875492178809325	0.003888607211563333	0.268361581920904	0.1358974358974359
1010	2	DGCR2	3.543449	1.1800956	0.0003949298608442789	0.00395596972095705	0.2401129943502825	0.1076923076923077
1011	2	ATF7IP2	3.5426536	0.5164538	0.0003961228809670947	0.0039645716187930325	0.5790960451977402	0.4564102564102564
1012	2	ABCD2	3.540665	0.9454015	0.0003991201792686734	0.003991201792686734	0.2994350282485876	0.16666666666666666
1013	2	TM9SF3	3.5381792	0.55663353	0.00040289659997911584	0.004025571757162859	0.5550847457627118	0.4128205128205128
1014	2	PVT1	3.5368867	0.7505566	0.00040487350547284705	0.004041919002447783	0.3644067796610169	0.23333333333333334
1015	2	MBNL2	3.5349975	0.74115777	0.00040777913402572453	0.00406750254797737	0.3827683615819209	0.25384615384615383
1016	2	USP48	3.534003	0.677156	0.00040931622462924734	0.004079403717733507	0.3799435028248588	0.23333333333333334
1017	2	RAB1A	3.531617	0.6301614	0.00041302735053242557	0.0041129339859904005	0.423728813559322	0.28717948717948716
1018	2	FBXO34	3.5306225	1.1267976	0.0004145829086075216	0.0041230526008350695	0.2528248587570621	0.12051282051282051
1019	2	SMARCA5	3.530523	0.44934517	0.0004147387649912511	0.0041230526008350695	0.7019774011299436	0.5743589743589743
1020	2	PARG	3.527739	0.86613125	0.00041912502508522346	0.0041631681721195565	0.3093220338983051	0.1717948717948718
1021	2	NBR1	3.526049	0.8964519	0.00042180920740069475	0.004186324016545807	0.3008474576271186	0.1641025641025641
1022	2	CLK4	3.5252533	0.8028162	0.000423077898768826	0.004195404581436686	0.327683615819209	0.18717948717948718
1023	2	IRS2	3.523265	0.7999477	0.00042626523336845287	0.004219954647537438	0.3545197740112994	0.2230769230769231
1024	2	CHD7	3.5222704	0.94587016	0.0004278672953131856	0.004228755102011985	0.3008474576271186	0.16923076923076924
1025	2	ECD	3.5222704	1.1015571	0.0004278672953131856	0.004228755102011985	0.2612994350282486	0.13076923076923078
1026	2	DENND1A	3.521674	1.0193982	0.0004288312291648896	0.004234404717533397	0.2796610169491525	0.14871794871794872
1027	2	SLC36A4	3.5140178	0.79046535	0.00044138304276668033	0.004351457096602517	0.3446327683615819	0.2153846153846154
1028	2	IL7R	3.5088477	0.2941962	0.0004500526914616334	0.004432877183176671	0.9901129943502824	0.9564102564102565
1029	2	MED27	3.5086486	1.2076889	0.0004503892922198894	0.004432877183176671	0.2344632768361582	0.10256410256410256
1030	2	HIST1H1C	3.5072567	0.70445645	0.0004527520841745989	0.004452437577372092	0.3742937853107345	0.23333333333333334
1031	2	TSC22D2	3.5067596	0.8857687	0.00045359873816159916	0.004457067965697238	0.3050847457627119	0.16923076923076924
1032	2	SEC22A	3.505268	1.1679167	0.00045614757349342783	0.004475657960729456	0.2443502824858757	0.11538461538461539
1033	2	PPP1R12B	3.5051687	1.0896667	0.0004563179701573068	0.004475657960729456	0.2655367231638418	0.13846153846153847
1034	2	FBXL3	3.5048704	0.76801705	0.00045682951660212383	0.004475657960729456	0.3587570621468927	0.2282051282051282
1035	2	CTNNB1	3.504771	0.6743397	0.0004570001509648711	0.004475657960729456	0.4110169491525424	0.2692307692307692
1036	2	EDRF1	3.504075	0.8290125	0.00045819625779486837	0.004483669651359025	0.3347457627118644	0.20256410256410257
1037	2	PMM2	3.5017881	1.7487676	0.0004621469222199791	0.004518600575044478	0.18926553672316385	0.06153846153846154
1038	2	KDM2B	3.4995012	1.2007043	0.0004661293510415091	0.004553431353449821	0.24152542372881355	0.11282051282051282
1039	2	NSUN3	3.4993024	1.2347504	0.0004664771580473467	0.004553431353449821	0.23163841807909605	0.10256410256410256
1040	2	FAR1	3.4918454	1.0114045	0.00047969606050697876	0.0046786145375105	0.2824858757062147	0.15128205128205127
1041	2	MAU2	3.4915469	1.3493388	0.0004802320146911602	0.0046799931752154154	0.2132768361581921	0.08205128205128205
1042	2	LINC01278	3.4911492	1.1535897	0.00048094748910545423	0.004683117586856065	0.2556497175141243	0.13076923076923078
1043	2	LMF1	3.490851	0.9352352	0.0004814847472352469	0.0046845029550533455	0.2867231638418079	0.1564102564102564
1044	2	ESCO1	3.4895585	0.7096724	0.00048381934060397094	0.004703358507838603	0.3968926553672316	0.2692307692307692
1045	2	PUM1	3.4883652	0.5561566	0.0004859837163403519	0.004720529791807186	0.5423728813559322	0.3871794871794872
1046	2	TMEM165	3.4876692	0.91958475	0.0004872504354484911	0.004728960854680118	0.3036723163841808	0.17692307692307693
1047	2	INO80D	3.48578	0.64819443	0.0004907042114834537	0.00475858703858852	0.4096045197740113	0.2717948717948718
1048	2	EIF3L	3.4846864	1.0084946	0.0004927141867842749	0.004774175045148285	0.2584745762711864	0.12051282051282051
1049	2	FBXO38	3.4809082	1.0248802	0.0004997169616417529	0.004838076053119337	0.2768361581920904	0.14358974358974358
1050	2	AHI1	3.4793172	0.91633767	0.0005026931691526539	0.0048629208696170274	0.3192090395480226	0.19743589743589743
1051	2	HEATR1	3.4781241	1.1075772	0.0005049361610057375	0.004880638035475181	0.2387005649717514	0.1076923076923077
1052	2	ATRX	3.4770303	0.43322852	0.0005070004300102525	0.004896600244235827	0.8163841807909604	0.676923076923077
1053	2	AGFG1	3.473252	0.8040701	0.0005141922303579694	0.0049620177803462295	0.3163841807909605	0.17435897435897435
1054	2	GMCL1	3.467187	0.9364583	0.0005259360977819172	0.00506710164069337	0.2838983050847458	0.1564102564102564
1055	2	ABHD18	3.4661925	0.79128766	0.0005278850046610572	0.005081750126039074	0.3389830508474576	0.21025641025641026
1056	2	SNX25	3.4619172	1.4550369	0.0005363422404631116	0.00515897726836375	0.2076271186440678	0.08205128205128205
1057	2	SMG1P3	3.4615195	1.396686	0.0005371353449023848	0.005162419117133131	0.2132768361581921	0.08461538461538462
1058	2	ZNF146	3.4592326	0.6574335	0.0005417169415070047	0.005202237187265648	0.3954802259887006	0.25384615384615383
1059	2	VAV3	3.4589343	1.6629983	0.0005423172180816713	0.005203788192919596	0.1963276836158192	0.07179487179487179
1060	2	HNRNPH3	3.456548	0.5183172	0.0005471417876556168	0.00524160064749242	0.5437853107344632	0.3871794871794872
1061	2	SYNRG	3.4555538	0.49174178	0.000549163801164252	0.005256725328335777	0.6031073446327684	0.4641025641025641
1062	2	UBR4	3.4428267	0.88314694	0.0005756678922586969	0.005503571041978834	0.2796610169491525	0.14358974358974358
1063	2	COPA	3.4427273	0.65970844	0.0005758795668714783	0.005503571041978834	0.4081920903954802	0.2641025641025641
1064	2	MTMR1	3.440341	0.9224031	0.0005809815509243058	0.00554785925439796	0.307909604519774	0.1794871794871795
1065	2	N4BP2L2	3.438949	0.38814536	0.0005839771106021597	0.005571977901642489	0.8587570621468926	0.7435897435897436
1066	2	DNAJC1	3.4355686	1.0935763	0.0005913120101382307	0.005637428006623325	0.2627118644067797	0.1358974358974359
1067	2	ASXL1	3.434773	0.60441107	0.0005930502876908999	0.005649458965473151	0.461864406779661	0.33589743589743587
1068	2	RNF111	3.434077	0.5906373	0.0005945751812934543	0.005659439526597406	0.4576271186440678	0.32051282051282054
1069	2	ARID4A	3.4332817	0.5395269	0.0005963223855267987	0.005671132052610088	0.536723163841808	0.4076923076923077
1070	2	VPS53	3.4330828	0.80399406	0.0005967599326861206	0.005671132052610088	0.3333333333333333	0.20512820512820512
1071	2	PHLPP1	3.4322872	1.7888684	0.0005985131113265094	0.005683238991459089	0.17372881355932204	0.046153846153846156
1072	2	FAM19A1	3.4306965	1.242374	0.0006020338595347999	0.005709623424748865	0.2570621468926554	0.13846153846153847
1073	2	EYS	3.430597	1.4768211	0.0006022545450557193	0.005709623424748865	0.2019774011299435	0.07435897435897436
1074	2	MSL2	3.4298017	0.7882422	0.0006040227415954547	0.005721812871663013	0.3403954802259887	0.21025641025641026
1075	2	PPP1R12A	3.4260232	0.43391034	0.000612487848483484	0.0057927479130894105	0.6511299435028248	0.5230769230769231
1076	2	NUDT4	3.4249296	0.8970294	0.0006149588001225244	0.005811107838270503	0.3135593220338983	0.18205128205128204
1077	2	MAN1A1	3.4247308	1.4336172	0.0006154090594323567	0.005811107838270503	0.2062146892655367	0.07692307692307693
1078	2	PLPP1	3.4203558	1.089749	0.0006253927106185759	0.005900682217928648	0.2514124293785311	0.12307692307692308
1079	2	ERP27	3.4177706	0.9757493	0.0006313627567295109	0.005952275274095389	0.2655367231638418	0.1358974358974359
1080	2	TAF4B	3.412302	0.79041857	0.0006441668080655126	0.00606816389488243	0.3432203389830508	0.21794871794871795
1081	2	C6orf62	3.4117055	0.6106041	0.0006455781296651134	0.006076243947493128	0.4180790960451977	0.2743589743589744
1082	2	ICE1	3.408822	0.60437167	0.0006524401496090482	0.006131489837054922	0.442090395480226	0.32051282051282054
1083	2	DHX15	3.408325	0.74827963	0.0006536300900708018	0.006137809080158123	0.3418079096045198	0.2128205128205128
1084	2	RORA-AS1	3.4045467	1.3074577	0.0006627398104593901	0.006218428917759784	0.22033898305084745	0.09487179487179487
1085	2	GPR155	3.4035523	0.5771037	0.00066515665067951	0.00623617223482924	0.4774011299435028	0.3564102564102564
1086	2	TTC7A	3.4013648	1.6802883	0.0006705025732680969	0.006276369786077055	0.18926553672316385	0.0641025641025641
1087	2	TRRAP	3.4007683	1.1008167	0.0006719674695942319	0.006284738574028279	0.2443502824858757	0.11794871794871795
1088	2	SYAP1	3.4005694	0.67049676	0.0006724564292109516	0.006284738574028279	0.4011299435028249	0.2717948717948718
1089	2	ACSL4	3.3995752	1.4417125	0.000674906192799406	0.006302667280788154	0.20480225988700565	0.07948717948717948
1090	2	COG6	3.3972883	1.0123769	0.0006805721692722252	0.006350579014609434	0.2598870056497175	0.13333333333333333
1091	2	FBXL4	3.390726	1.0775142	0.0006970774970436934	0.006499480436272172	0.2584745762711864	0.1358974358974359
1092	2	RTN3	3.3889363	0.8862444	0.0007016430857807321	0.0065369104456869465	0.2895480225988701	0.1564102564102564
1093	2	SYNE2	3.3875444	0.44721702	0.0007052132942298277	0.006565015439219588	0.7259887005649718	0.6
1094	2	NDFIP1	3.3866494	0.35383025	0.0007075173346955997	0.006581298501560638	0.7994350282485876	0.717948717948718
1095	2	KANTR	3.3819764	1.058537	0.0007196636071769479	0.006678568373332239	0.24293785310734464	0.11538461538461539
1096	2	ATF2	3.3810813	0.7931131	0.0007220114764632958	0.006695118147658084	0.3290960451977401	0.19487179487179487
1097	2	FBXO28	3.375215	0.97565186	0.0007375801611856006	0.006834141180985331	0.2711864406779661	0.14358974358974358
1098	2	SERPINB9	3.3746185	0.7040089	0.0007391807632075219	0.00684322937809968	0.365819209039548	0.2358974358974359
1099	2	CTDSPL2	3.3744197	0.559262	0.000739715013720387	0.00684322937809968	0.461864406779661	0.31794871794871793
1100	2	HERPUD2	3.3736243	0.6204498	0.0007418556041524374	0.006857683137371714	0.4505649717514124	0.31794871794871793
1101	2	TRA2A	3.3728287	0.43795696	0.000744001946545627	0.006872167512485309	0.6596045197740112	0.5307692307692308
1102	2	OXR1	3.370741	0.7920527	0.0007496635655531603	0.006919073842381698	0.3319209039548023	0.21025641025641026
1103	2	WDR36	3.368454	0.9286745	0.0007559102773942929	0.006971303180323728	0.2711864406779661	0.14615384615384616
1104	2	SKIL	3.3678575	1.1451701	0.0007575477850212086	0.0069809764804596225	0.24293785310734464	0.11794871794871795
1105	2	BBS9	3.3653717	0.8299568	0.0007644062513539996	0.007038709736846611	0.3107344632768362	0.1794871794871795
1106	2	ELOVL5	3.3629854	0.66002196	0.000771044577067361	0.007094327916228784	0.4011299435028249	0.2692307692307692
1107	2	PRPF40B	3.3592072	1.249634	0.0007816648045372584	0.00718090207731362	0.2189265536723164	0.09230769230769231
1108	2	TTC27	3.357815	0.88081855	0.0007856116313398669	0.007211574262918592	0.3022598870056497	0.17692307692307693
1109	2	SECISBP2L	3.3565226	0.7661154	0.0007892930972774986	0.007239374207295379	0.3333333333333333	0.20512820512820512
1110	2	SUMF1	3.3563237	0.77398384	0.0007898608958044031	0.007239374207295379	0.3813559322033898	0.26666666666666666
1111	2	UHRF2	3.3553293	0.797256	0.0007927055794495563	0.007254234700826958	0.3361581920903955	0.2128205128205128
1112	2	UBE2E2	3.3553293	1.0130662	0.0007927055794495563	0.007254234700826958	0.288135593220339	0.16923076923076924
1113	2	UHMK1	3.3539374	0.62948537	0.0007967041134343863	0.0072852049231548355	0.3827683615819209	0.24358974358974358
1114	2	ALMS1	3.3519487	0.9325009	0.0008024487834757345	0.007332082104793691	0.2754237288135593	0.14871794871794872
1115	2	RSU1	3.3514516	0.64350486	0.0008038909449398278	0.007339604778280491	0.4152542372881356	0.29743589743589743
1116	2	SAMSN1	3.3509545	0.6935712	0.0008053355112735183	0.00734713781823379	0.4152542372881356	0.29743589743589743
1117	2	SIPA1L3	3.3467784	1.0563445	0.0008175653138804415	0.007452978188026161	0.2387005649717514	0.11025641025641025
1118	2	LINC01184	3.3448892	0.7617629	0.000823154257993938	0.0074981639783472396	0.3403954802259887	0.2153846153846154
1119	2	AGPAT4	3.344591	1.2813593	0.000824039956222884	0.007500471128782352	0.21045197740112995	0.08461538461538462
1120	2	TLK2	3.3442926	0.72189206	0.0008249265385073604	0.007502782781209581	0.3785310734463277	0.25384615384615383
1121	2	PLEKHA2	3.3433979	0.8467281	0.0008275915977317405	0.007521253907355129	0.2980225988700565	0.16923076923076924
1122	2	MIER1	3.342702	0.43166447	0.0008296699412721166	0.007534368685671748	0.6511299435028248	0.5384615384615384
1123	2	ST8SIA4	3.3423042	1.0740676	0.0008308597389849178	0.0075394005389144035	0.268361581920904	0.14615384615384616
1124	2	XPO1	3.337631	0.6475299	0.0008449589270712355	0.0076614777332300096	0.422316384180791	0.2923076923076923
1125	2	CCNH	3.3362389	0.81539047	0.0008492013843531355	0.007694062962893955	0.3206214689265537	0.2
1126	2	AHCTF1	3.3350458	0.7337584	0.0008528534909807122	0.007721253742771944	0.3446327683615819	0.2076923076923077
1127	2	RYK	3.3340516	0.8400268	0.0008559080342360107	0.0077429971670778695	0.3036723163841808	0.17692307692307693
1128	2	RNF10	3.3333554	0.7815222	0.000858052247570084	0.00775647839647957	0.3234463276836158	0.19743589743589743
1129	2	AC008569.1	3.3330572	1.2665665	0.0008589727201414066	0.007758885347202652	0.2189265536723164	0.09487179487179487
1130	2	GOSR1	3.3326595	0.7213823	0.0008602014413059795	0.00776407084770846	0.3615819209039548	0.23076923076923078
1131	2	KMT2E	3.3308697	0.3251195	0.0008657508823709897	0.007808217083589307	0.8898305084745762	0.8179487179487179
1132	2	GUSBP2	3.3305714	1.5284399	0.000866679010267985	0.007810648223235793	0.18785310734463276	0.0641025641025641
1133	2	YWHAE	3.3284836	0.5006002	0.0008732017829072956	0.007863457209780203	0.5169491525423728	0.3769230769230769
1134	2	FAM69A	3.3263955	0.7326552	0.0008797700460412972	0.007916595406714556	0.3785310734463277	0.258974358974359
1135	2	NAF1	3.3256996	1.0652282	0.0008819696258887939	0.007930371313905305	0.2627118644067797	0.14102564102564102
1136	2	MTERF4	3.3233132	0.6082626	0.0008895498060945014	0.007992470227485443	0.4053672316384181	0.2717948717948718
1137	2	FRG1HP	3.3227167	0.55944175	0.0008914542642709435	0.007999968112329874	0.480225988700565	0.35128205128205126
1138	2	TRANK1	3.3224182	1.1427407	0.0008924079100010475	0.007999968112329874	0.2175141242937853	0.09230769230769231
1139	2	WDR43	3.3218217	0.53539056	0.000894318039004299	0.008011036210416152	0.4971751412429379	0.3487179487179487
1140	2	ODF2L	3.3196344	0.5672829	0.0009013543150187677	0.008067971453677424	0.4844632768361582	0.3487179487179487
1141	2	ARHGAP12	3.3168504	1.0001798	0.0009103837849845307	0.008142648333270388	0.2754237288135593	0.15128205128205127
1142	2	NCOA5	3.3078022	1.1986114	0.0009403117324640045	0.00840399182141906	0.2274011299435028	0.10256410256410256
1143	2	SEPT2	3.3041234	0.525897	0.0009527388417503646	0.00850864658370431	0.4929378531073446	0.34615384615384615
1144	2	YAF2	3.3032286	0.65081125	0.0009557845680468395	0.008529424361952986	0.3728813559322034	0.24358974358974358
1145	2	DGKE	3.3020353	1.008895	0.0009598595659368365	0.008559349212038256	0.2387005649717514	0.11025641025641025
1146	2	SEPT7P2	3.2967656	1.0989614	0.0009780506826582544	0.00870846929153671	0.23022598870056496	0.10512820512820513
1147	2	RAB7A	3.2915955	0.50235426	0.0009962083703200252	0.008859976509328474	0.5677966101694916	0.41794871794871796
1148	2	UQCC1	3.291496	1.5071006	0.0009965605955686496	0.008859976509328474	0.18926553672316385	0.06666666666666667
1149	2	ABHD17B	3.289905	1.1168213	0.0010022119025197447	0.00890354544111174	0.2344632768361582	0.11282051282051282
1150	2	RTTN	3.289408	1.2348652	0.001003984010968186	0.008912612552457101	0.2132768361581921	0.08974358974358974
1151	2	SARAF	3.2882147	0.2210298	0.0010082489127553422	0.008943778687567957	0.9901129943502824	0.9666666666666667
1152	2	CDR2	3.2870216	0.64463246	0.0010125305800024122	0.008975046845163384	0.4194915254237288	0.2923076923076923
1153	2	TMEM181	3.2854307	0.7519831	0.0010182656526305724	0.009019141628228968	0.3347457627118644	0.21025641025641026
1154	2	PTPN2	3.2828455	0.54391193	0.0010276493082153261	0.009095463280174453	0.4957627118644068	0.3717948717948718
1155	2	CDKN1B	3.2825472	0.4519392	0.0010287371723211956	0.009098301911804161	0.634180790960452	0.5153846153846153
1156	2	SEC31A	3.2820501	0.57912695	0.0010305526478400463	0.009107205406794756	0.4533898305084746	0.3230769230769231
1157	2	ZNF267	3.2818513	1.3362666	0.001031279667902644	0.009107205406794756	0.2076271186440678	0.08717948717948718
1158	2	MIS18BP1	3.281553	0.63880205	0.0010323710880047077	0.009110060345041544	0.3587570621468927	0.2282051282051282
1159	2	BICD1	3.279465	1.0327457	0.0010400410098288853	0.009170919239085933	0.2443502824858757	0.12051282051282051
1160	2	UBE2D3	3.2776754	0.3712234	0.0010466571613113465	0.009222402624927614	0.826271186440678	0.7205128205128205
1161	2	HBP1	3.2751896	0.6455987	0.001055910880211003	0.009297032694359685	0.4081920903954802	0.28717948717948716
1162	2	ITGA6	3.2726045	0.53564894	0.0010656149989215376	0.009375514753122727	0.4957627118644068	0.358974358974359
1163	2	PSMF1	3.2675335	0.692539	0.001084890065570215	0.0095380253355543	0.365819209039548	0.2358974358974359
1164	2	FNDC3B	3.2665393	0.832671	0.0010887071008160564	0.009564493493095133	0.3008474576271186	0.17692307692307693
1165	2	MAML3	3.2622638	1.2673789	0.001105262308601551	0.009702746839388893	0.23022598870056496	0.11282051282051282
1166	2	AVL9	3.2611701	0.8155522	0.0011095345942039384	0.009733047549747567	0.2980225988700565	0.17435897435897435
1167	2	IREB2	3.259281	0.8659573	0.0011169499809826234	0.009790854970032455	0.2980225988700565	0.17692307692307693
1168	2	USP36	3.257889	0.66529906	0.0011224432423680832	0.009831371331356148	0.3997175141242938	0.2717948717948718
1169	2	LARS2	3.2576902	1.2062031	0.001123230029847182	0.009831371331356148	0.21610169491525424	0.09230769230769231
1170	2	CDC73	3.2572923	0.6546324	0.0011248051346838788	0.009837897416925371	0.3771186440677966	0.24102564102564103
1171	2	SUZ12P1	3.2543094	0.8063994	0.0011366836701916557	0.009927148990039056	0.307909604519774	0.18461538461538463
1172	2	NFX1	3.253514	0.65583384	0.0011398708064797257	0.00994765839944779	0.365819209039548	0.24102564102564103
1173	2	KIAA2026	3.2510283	0.5216827	0.0011498839265850912	0.010016441695165404	0.501412429378531	0.38974358974358975
1174	2	HIVEP3	3.2509289	0.8715002	0.00115028613733687	0.010016441695165404	0.307909604519774	0.19230769230769232
1175	2	ZMYM4	3.2497358	0.6647049	0.0011551228196045532	0.010051178753125459	0.3488700564971751	0.2128205128205128
1176	2	LUC7L	3.2492387	0.6315991	0.0011571436458213328	0.010061380967332117	0.3898305084745763	0.26666666666666666
1177	2	THUMPD3-AS1	3.2429745	0.48290464	0.001182887558673777	0.01027016577296559	0.5621468926553672	0.4282051282051282
1178	2	CCDC18-AS1	3.2383015	0.54253876	0.0012024368847574317	0.010432261487361478	0.4844632768361582	0.3564102564102564
1179	2	ZZEF1	3.2379038	0.8350869	0.001204114363996392	0.010435189253084705	0.3036723163841808	0.18205128205128204
1180	2	SNW1	3.2378044	0.59474623	0.001204534071456405	0.010435189253084705	0.3983050847457627	0.26153846153846155
1181	2	SPPL3	3.2295518	0.7004679	0.001239844654257461	0.01073325372225802	0.365819209039548	0.23846153846153847
1182	2	LANCL2	3.2280602	1.316648	0.001246327172272406	0.010781502744821835	0.2175141242937853	0.10256410256410256
1183	2	SCMH1	3.2253757	1.2837008	0.0012580746343942224	0.010875193268159968	0.23163841807909605	0.12051282051282051
1184	2	WARS2	3.22289	1.0803607	0.0012690429859661323	0.010962017344179408	0.23728813559322035	0.11794871794871795
1185	2	CDK8	3.2220945	1.0185829	0.0012725714605066561	0.010984496012815825	0.2627118644067797	0.14358974358974358
1186	2	CLTC	3.221498	0.819067	0.0012752237575575666	0.010999384556096538	0.2895480225988701	0.1641025641025641
1187	2	MCM9	3.2208018	0.80821276	0.0012783245534130406	0.011013935781382428	0.3177966101694915	0.19487179487179487
1188	2	MFF	3.2207024	0.62052596	0.0012787680919868131	0.011013935781382428	0.3615819209039548	0.23333333333333334
1189	2	KIF2A	3.220106	0.36188754	0.0012814323080777748	0.011028873130480704	0.7853107344632768	0.6820512820512821
1190	2	CRY1	3.2190123	0.858183	0.0012863300161280826	0.01106299781818641	0.2923728813559322	0.1717948717948718
1191	2	WRN	3.2185152	0.7394151	0.0012885619540753544	0.011074162880676596	0.3375706214689266	0.2230769230769231
1192	2	RAB2A	3.2169242	0.4595701	0.0012957281990182204	0.011127687502068136	0.5932203389830508	0.4794871794871795
1193	2	GFPT1	3.216427	1.0457377	0.001297975183005095	0.011138918719566156	0.24858757062146894	0.1282051282051282
1194	2	BDP1	3.2134442	0.44022992	0.0013115327823017848	0.011247128559724633	0.6059322033898306	0.4666666666666667
1195	2	TIAM2	3.2125494	0.8521899	0.001315625473361549	0.01127407378184102	0.2951977401129944	0.16923076923076924
1196	2	FYB1	3.209467	0.21237777	0.0013298128987583714	0.011387423089728725	0.9703389830508474	0.9692307692307692
1197	2	PCCA	3.2091687	1.0794698	0.0013311933405450495	0.011391019494130076	0.24717514124293785	0.1282051282051282
1198	2	UBE2R2	3.2086716	0.65329915	0.0013334970153416848	0.011402505120369418	0.3898305084745763	0.2692307692307692
1199	2	CCDC138	3.206882	1.0955068	0.0013418207339773256	0.011465413476203948	0.2330508474576271	0.11282051282051282
1200	2	LSM14A	3.2057881	0.41412264	0.0013469310207363063	0.01150046359278651	0.6892655367231638	0.5794871794871795
1201	2	EIF4G3	3.2055893	0.6858878	0.0013478620905542369	0.01150046359278651	0.3559322033898305	0.23076923076923078
1202	2	DCAF10	3.2044957	0.8044538	0.0013529935962130369	0.011535948275403751	0.3064971751412429	0.19230769230769232
1203	2	MX2	3.2034018	0.6863164	0.0013581431184066567	0.011571535477229129	0.3686440677966102	0.24871794871794872
1204	2	AC068152.1	3.2021093	0.8301071	0.001364252223344052	0.011614924519205266	0.2966101694915254	0.17435897435897435
1205	2	ANKRD11	3.2019105	0.39876544	0.0013651943321898938	0.011614924519205266	0.7344632768361582	0.6076923076923076
1206	2	SP4	3.2012146	0.8134336	0.0013684964408506824	0.01163467224981297	0.2980225988700565	0.17435897435897435
1207	2	AC244669.1	3.1960442	1.4065055	0.001393257972144178	0.011836704548445523	0.18926553672316385	0.06923076923076923
1208	2	ANKMY1	3.1909733	1.2356191	0.001417944027914235	0.012037806851154492	0.22033898305084745	0.10256410256410256
1209	2	ELK4	3.1852064	0.53816056	0.0014465080887202453	0.012271520695437846	0.4604519774011299	0.31794871794871793
1210	2	PIK3CB	3.1847093	0.98319525	0.0014489951749603197	0.012283833291657891	0.2570621468926554	0.13846153846153847
1211	2	CCDC84	3.1822236	0.9115002	0.0014614898312169439	0.012372069520508889	0.2556497175141243	0.13076923076923078
1212	2	CYP20A1	3.181229	0.5673563	0.0014665154374216161	0.012405758265207109	0.4519774011299435	0.31794871794871793
1213	2	ADARB1	3.1798372	1.3600433	0.001473578044358803	0.012456290583295313	0.1963276836158192	0.07948717948717948
1214	2	AKAP10	3.1796384	0.71231353	0.0014745895429128684	0.012456290583295313	0.346045197740113	0.2230769230769231
1215	2	IKBKB	3.1777492	1.0623245	0.001484230739222425	0.012524191851299032	0.2274011299435028	0.1076923076923077
1216	2	PSMD6-AS2	3.1776497	0.8797565	0.0014847397759634434	0.012524191851299032	0.2627118644067797	0.13846153846153847
1217	2	SEC14L1	3.1747663	1.4050913	0.0014995719999457333	0.01264031550771599	0.18220338983050846	0.0641025641025641
1218	2	QRICH1	3.1731756	0.7466742	0.001507813612033031	0.012700759544539593	0.3107344632768362	0.18974358974358974
1219	2	RNF149	3.1708887	0.5212032	0.001519734051128411	0.012792083638312956	0.4689265536723164	0.3384615384615385
1220	2	KIF20B	3.1698942	0.81326544	0.0015249438767865062	0.0128268328926865	0.2994350282485876	0.1794871794871795
1221	2	PRRC2C	3.1680052	0.311228	0.0015348878934203396	0.01290132559600654	0.9322033898305084	0.8589743589743589
1222	2	HBS1L	3.1673093	0.59084624	0.001538566508368891	0.012923086961228786	0.3954802259887006	0.2717948717948718
1223	2	C22orf34	3.1655195	0.93274504	0.0015480631205999544	0.012984461534876562	0.2754237288135593	0.16153846153846155
1224	2	FOXO3	3.1655195	1.0361389	0.0015480631205999544	0.012984461534876562	0.2387005649717514	0.11794871794871795
1225	2	LPCAT3	3.1652212	2.1825602	0.001549651127473784	0.012988595315787334	0.1497175141242938	0.03333333333333333
1226	2	UBAP2	3.163829	0.7263284	0.0015570816803688922	0.013041658707044535	0.3234463276836158	0.2
1227	2	EFTUD2	3.16194	1.2682484	0.0015672184851082697	0.013117297976982413	0.2033898305084746	0.08461538461538462
1228	2	LINC02241	3.1613433	1.7425156	0.0015704321833521359	0.01313492644185919	0.1652542372881356	0.04871794871794872
1229	2	MCTP2	3.161045	1.7213107	0.001572041306832108	0.01313911902679972	0.1694915254237288	0.05384615384615385
1230	2	TAGAP	3.160548	0.4092447	0.001574726553168615	0.013152293606042094	0.6242937853107344	0.5
1231	2	HEATR5B	3.1564715	0.7681421	0.0015969053880218085	0.013328147714242539	0.3192090395480226	0.20256410256410257
1232	2	TERF2IP	3.1557753	0.48661402	0.0016007206326481152	0.013350595431228303	0.53954802259887	0.4076923076923077
1233	2	NAA15	3.1538863	0.6126936	0.0016111186324462734	0.01342301818923419	0.4209039548022599	0.3
1234	2	IWS1	3.153787	0.61153185	0.001611667613951896	0.01342301818923419	0.3898305084745763	0.27692307692307694
1235	2	NME7	3.1507046	1.2869732	0.001628771680926938	0.013555952375995429	0.211864406779661	0.09487179487179487
1236	2	MT-ND6	3.149412	0.39020163	0.0016359939447492685	0.013606234771254116	0.7768361581920904	0.6512820512820513
1237	2	SPEN	3.149213	0.5258143	0.0016371076744164943	0.013606234771254116	0.4505649717514124	0.32051282051282054
1238	2	ZNF217	3.148716	0.71253186	0.0016398950518251567	0.013619856662917618	0.3290960451977401	0.21025641025641026
1239	2	ATXN10	3.1454349	0.61940163	0.001658401547541981	0.013763920471552062	0.3898305084745763	0.2692307692307692
1240	2	TNFRSF10B	3.1449378	1.4795303	0.001661222266357869	0.013777689565737293	0.1906779661016949	0.07692307692307693
1241	2	TTC39B	3.1441422	0.932486	0.0016657445993596242	0.013805542242072078	0.2528248587570621	0.13333333333333333
1242	2	SMURF1	3.143645	1.1447318	0.0016685768064819023	0.01380971453236243	0.2189265536723164	0.10256410256410256
1243	2	ZNF195	3.143645	1.186151	0.0016685768064819023	0.01380971453236243	0.2062146892655367	0.08717948717948718
1244	2	FAM60A	3.140364	0.6923405	0.0016873807639132628	0.013955603807539258	0.3446327683615819	0.2205128205128205
1245	2	KPNA4	3.1395686	0.4950802	0.0016919685603658582	0.013983795906577754	0.5310734463276836	0.4153846153846154
1246	2	PIK3CD	3.1388724	0.58486485	0.001695992291577104	0.014007290096173018	0.4138418079096045	0.28974358974358977
1247	2	TM2D3	3.1384747	1.015851	0.0016982955165155023	0.014016311364129128	0.23728813559322035	0.11794871794871795
1248	2	LRRC37A2	3.1382759	1.2741773	0.0016994482075562973	0.014016311364129128	0.1963276836158192	0.07692307692307693
1249	2	SLFN5	3.133006	0.33564448	0.0017302579727527302	0.014260500039504782	0.826271186440678	0.7538461538461538
1250	2	NT5C2	3.1308188	0.78639704	0.001743197132116473	0.014347201934005115	0.3121468926553672	0.19743589743589743
1251	2	PDXDC1	3.1268415	0.5137292	0.0017669510646167465	0.014532621100107222	0.4689265536723164	0.3435897435897436
1252	2	JADE2	3.124853	0.88825	0.0017789392906887892	0.014621081072466418	0.2669491525423729	0.14358974358974358
1253	2	LCP2	3.121174	0.46278873	0.0018013148198665035	0.014794732523280285	0.5550847457627118	0.4282051282051282
1254	2	SLC30A7	3.1198816	0.7709442	0.0018092377007752145	0.014849521890099684	0.3149717514124294	0.19743589743589743
1255	2	PPIP5K2	3.118589	0.7596072	0.0018171925966729051	0.014904498061231435	0.3220338983050847	0.20256410256410257
1256	2	ATG13	3.1159043	1.2102005	0.0018338171041773872	0.015025141611887427	0.2019774011299435	0.08461538461538462
1257	2	NSD3	3.115805	0.39523068	0.0018344355020247043	0.015025141611887427	0.7274011299435028	0.6102564102564103
1258	2	DNAJA1	3.1155066	0.4361779	0.0018362918454401737	0.01502996638158762	0.690677966101695	0.5769230769230769
1259	2	SDCCAG8	3.1118279	0.65089583	0.0018593291051498182	0.015207788605221456	0.3573446327683616	0.2358974358974359
1260	2	TAOK1	3.111629	0.60592693	0.0018605818942813096	0.015207788605221456	0.3827683615819209	0.24871794871794872
1261	2	CCDC6	3.1113307	0.85667765	0.0018624625320456131	0.015212676053761	0.2838983050847458	0.1641025641025641
1262	2	EPM2AIP1	3.1099386	1.0875729	0.001871261953387108	0.015274030810165934	0.211864406779661	0.09230769230769231
1263	2	AL035413.1	3.1089444	1.1626265	0.001877570618584294	0.015304458787910466	0.21045197740112995	0.09230769230769231
1264	2	MSH3	3.1076517	0.6768462	0.0018858010909687016	0.015360989655830222	0.3220338983050847	0.20256410256410257
1265	2	ZNF26	3.106558	1.4671233	0.0018927912066144155	0.01540734640387575	0.1864406779661017	0.07179487179487179
1266	2	CCDC93	3.106061	1.0055827	0.0018959763922479114	0.01542268862281223	0.23163841807909605	0.11282051282051282
1267	2	GLIPR1	3.1042712	0.7333392	0.0019074838656297824	0.01550566048414614	0.3531073446327684	0.24358974358974358
1268	2	PDK1	3.1038735	0.7760725	0.0019100497771131163	0.015515883805864081	0.3036723163841808	0.18717948717948718
1269	2	ELP2	3.1029787	0.6393411	0.0019158346716689517	0.015552223960296898	0.3629943502824859	0.23333333333333334
1270	2	NCK1	3.1005924	0.8536575	0.0019313398058964173	0.01565665761991217	0.2782485875706215	0.1564102564102564
1271	2	COX10	3.0987031	1.3458629	0.001943696328433456	0.015735316351686544	0.18785310734463276	0.07179487179487179
1272	2	KDM1A	3.0971124	0.7185733	0.0019541580740298275	0.01580921879808578	0.2853107344632768	0.16153846153846155
1273	2	PNPT1	3.0952232	1.0264347	0.0019666485298847017	0.01589924752715787	0.2344632768361582	0.11794871794871795
1274	2	PEAK1	3.0950243	1.3633718	0.001967967569128816	0.01589924752715787	0.1963276836158192	0.08205128205128205
1275	2	RBM19	3.094229	0.95421827	0.0019732518513737515	0.015931087105032465	0.24152542372881355	0.12307692307692308
1276	2	UBA6	3.0912461	0.93186796	0.00199318412122527	0.016081063726348096	0.2627118644067797	0.14615384615384616
1277	2	SRP54-AS1	3.0881636	0.8927911	0.002013974793424024	0.01623775734195032	0.24152542372881355	0.12051282051282051
1278	2	ZC3H14	3.0860758	1.0766456	0.0020281716681574535	0.016318638629728814	0.2330508474576271	0.12051282051282051
1279	2	LINC00969	3.085877	0.8326317	0.0020295285296666695	0.016318638629728814	0.2966101694915254	0.1794871794871795
1280	2	STAMBPL1	3.0857775	1.0566908	0.002030207272728278	0.016318638629728814	0.23728813559322035	0.12307692307692308
1281	2	DGKA	3.085678	0.4631447	0.0020308862240708036	0.016318638629728814	0.5056497175141242	0.3717948717948718
1282	2	YWHAZ	3.0843854	0.31905758	0.0020397315711309307	0.01637861640732081	0.8700564971751412	0.7948717948717948
1283	2	RNF213	3.0839877	0.33206716	0.0020424603193519666	0.016389431250009693	0.8545197740112994	0.7564102564102564
1284	2	USP12	3.0836895	0.83738446	0.002044509078098753	0.016394778679006905	0.268361581920904	0.14615384615384616
1285	2	RB1	3.0818002	0.552591	0.0020575283966501844	0.016488031610994044	0.4533898305084746	0.3230769230769231
1286	2	ACIN1	3.0812037	0.45248285	0.002061655535118575	0.016509949119855705	0.5734463276836158	0.43846153846153846
1287	2	WDR20	3.0795133	0.87764436	0.0020733903716415552	0.016592719168467506	0.2598870056497175	0.13846153846153847
1288	2	SMU1	3.0783203	0.7143097	0.002081710641350067	0.01664807026730397	0.2923728813559322	0.1641025641025641
1289	2	PPHLN1	3.0774255	0.5041699	0.002087970929628262	0.01668688357506145	0.5070621468926554	0.41794871794871796
1290	2	ZNF124	3.076431	0.9348255	0.002094947054957941	0.01673136166451258	0.24293785310734464	0.12564102564102564
1291	2	TMEM135	3.0744426	1.1571305	0.0021089634791932035	0.01683196962532395	0.22033898305084745	0.1076923076923077
1292	2	PGGT1B	3.0723546	0.8461429	0.0021237732428800596	0.01692738619661123	0.2824858757062147	0.16666666666666666
1293	2	EP300	3.0723546	0.53534096	0.0021237732428800596	0.01692738619661123	0.4251412429378531	0.30512820512820515
1294	2	BTBD7	3.0710618	0.83272636	0.0021329889208179455	0.016989421491538505	0.2725988700564972	0.1564102564102564
1295	2	KCMF1	3.0660906	0.70408255	0.0021687765974879587	0.017262879494098788	0.3432203389830508	0.2282051282051282
1296	2	MARF1	3.0627098	0.5478326	0.0021934257411031716	0.01744737041548197	0.3742937853107345	0.24358974358974358
1297	2	CSGALNACT1	3.0622127	0.81249887	0.0021970721951960264	0.01746456360132302	0.3050847457627119	0.19487179487179487
1298	2	MTF2	3.0620139	0.56482303	0.0021985323319372065	0.01746456360132302	0.3898305084745763	0.258974358974359
1299	2	CNOT1	3.0612185	0.5217095	0.002204381777304417	0.01749930915584363	0.4858757062146893	0.3487179487179487
1300	2	PARP4	3.059528	0.5473302	0.002216859237333631	0.017586588999850744	0.4081920903954802	0.27692307692307694
1301	2	GSPT1	3.0570424	0.46574783	0.002235326052715765	0.0177212346157814	0.5607344632768362	0.4358974358974359
1302	2	DNAJB6	3.056744	0.52851856	0.0022375515177166837	0.017727028056192296	0.4548022598870056	0.3333333333333333
1303	2	FOCAD	3.0542583	0.8980956	0.0022561761640856152	0.017862649737019624	0.2641242937853107	0.14871794871794872
1304	2	LINC01588	3.0524688	1.1451538	0.0022696737412979005	0.017957525398127484	0.21045197740112995	0.09487179487179487
1305	2	MARCH3	3.049287	1.5916215	0.0022938522331347523	0.01813672498998544	0.17372881355932204	0.06153846153846154
1306	2	TMEM57	3.046702	0.6668229	0.002313670731749793	0.018281235761860457	0.3559322033898305	0.23846153846153847
1307	2	NSD1	3.0431225	0.5626365	0.0023413706748150044	0.018487787086089183	0.4279661016949153	0.30512820512820515
1308	2	NPAT	3.042824	0.48875183	0.0023436926567779437	0.018493808988281048	0.4646892655367232	0.34615384615384615
1309	2	HECTD4	3.0418298	0.9571152	0.002351447834069146	0.018542667095784622	0.2598870056497175	0.14615384615384616
1310	2	AC008676.2	3.0415316	1.143839	0.0023537789650636743	0.018548716628342312	0.2076271186440678	0.09230769230769231
1311	2	SCAF4	3.0410345	0.9584325	0.002357668886179357	0.018567033857959613	0.23587570621468926	0.11794871794871795
1312	2	GALNT10	3.0386481	1.2534444	0.0023764225719092127	0.018689901659710385	0.20480225988700565	0.09230769230769231
1313	2	RBM25	3.037654	0.3731176	0.002384276837275739	0.018739246713114822	0.786723163841808	0.6564102564102564
1314	2	API5	3.0347705	0.66492015	0.00240718878872091	0.018906794062403972	0.3375706214689266	0.2128205128205128
1315	2	FMN1	3.034472	1.6579051	0.002409570457110683	0.01891297526229828	0.17372881355932204	0.0641025641025641
1316	2	EFCAB2	3.0331795	1.1705786	0.0024199159646668177	0.01898161596623575	0.22033898305084745	0.11025641025641025
1317	2	ATL2	3.032583	1.5166551	0.002424704512815995	0.019006606425642898	0.17372881355932204	0.06153846153846154
1318	2	VEZT	3.030296	0.8486769	0.0024431410645300647	0.01912584358107364	0.2768361581920904	0.1641025641025641
1319	2	ZBTB44	3.027015	0.60525876	0.0024698176467923263	0.01932192433440435	0.3587570621468927	0.23076923076923078
1320	2	GTDC1	3.025921	0.958346	0.0024787688965824577	0.019379168828917565	0.24152542372881355	0.1282051282051282
1321	2	UBE2D1	3.023137	0.8580567	0.0025016879973553336	0.019545467489218878	0.2528248587570621	0.13846153846153847
1322	2	ARL8B	3.0201542	0.8984427	0.0025264591754084473	0.019726007781661743	0.24293785310734464	0.12564102564102564
1323	2	UBE4B	3.0181658	0.89955413	0.0025430977189510795	0.01984280415251026	0.269774011299435	0.15897435897435896
1324	2	CENPK	3.017967	0.51853484	0.002544767073410048	0.01984280415251026	0.4703389830508475	0.35384615384615387
1325	2	BOD1L1	3.0177681	0.42448774	0.002546437430027033	0.01984280415251026	0.597457627118644	0.4461538461538462
1326	2	RAB3GAP2	3.0173702	0.62090594	0.0025497811518773797	0.019855813828802183	0.3870056497175141	0.2717948717948718
1327	2	TFDP2	3.0143874	0.60013515	0.0025749873425584763	0.020038943492613863	0.3855932203389831	0.2692307692307692
1328	2	IL3RA	3.0118022	0.9691979	0.002597016796959722	0.020197127352093315	0.2330508474576271	0.11794871794871795
1329	2	PPM1D	3.0099132	1.4956945	0.002613224068986536	0.020309854166566395	0.1765536723163842	0.06666666666666667
1330	2	MTMR3	3.009217	1.0144994	0.00261921844137188	0.020343108926074636	0.2274011299435028	0.11282051282051282
1331	2	ZNF75D	3.0090182	1.0851426	0.00262093342656341	0.020343108926074636	0.23022598870056496	0.12051282051282051
1332	2	CHIC1	3.0070298	1.3499672	0.002638139826107518	0.02046326902396021	0.17937853107344634	0.06666666666666667
1333	2	BMPR2	3.0064332	0.9167539	0.0026433218445195694	0.02049006344836738	0.24858757062146894	0.13333333333333333
1334	2	MYO5A	3.0062342	0.8583234	0.0026450512505007137	0.020490076963382408	0.268361581920904	0.15384615384615385
1335	2	ACAT1	3.0060353	1.1468067	0.0026467816906530633	0.020490098466805044	0.2033898305084746	0.09230769230769231
1336	2	KLHL2	3.0058365	1.0254525	0.0026485131655265715	0.020490127947257106	0.2231638418079096	0.11025641025641025
1337	2	C1GALT1	3.00176	0.57579404	0.0026842373384850537	0.020752969253215604	0.4067796610169492	0.28717948717948716
1338	2	PRMT9	2.9987772	0.98735857	0.002710655366589397	0.020929930109212402	0.24152542372881355	0.13076923076923078
1339	2	AC011476.3	2.994601	1.5820653	0.002748039807899802	0.021204783423351758	0.1709039548022599	0.06153846153846154
1340	2	POLR3E	2.9926126	0.976918	0.0027660069511595375	0.021329546450424	0.2245762711864407	0.11025641025641025
1341	2	YME1L1	2.9895303	0.44926503	0.002794068166080294	0.021531935314952753	0.5748587570621468	0.4641025641025641
1342	2	CNOT10	2.9863484	0.75063616	0.002823307078344958	0.021743131135825454	0.2824858757062147	0.1641025641025641
1343	2	ECHDC1	2.9840617	0.6745759	0.0028444948307869322	0.02189208870417457	0.3305084745762712	0.2128205128205128
1344	2	RPS6KC1	2.9830673	1.087275	0.0028537520980515935	0.021949092012251557	0.2245762711864407	0.11538461538461539
1345	2	GTPBP10	2.982073	0.89198816	0.0028630368634294644	0.0220062327934371	0.2612994350282486	0.14871794871794872
1346	2	RANBP2	2.9807804	0.5219593	0.002875148287305037	0.022070717597047082	0.4887005649717514	0.36666666666666664
1347	2	NFIA	2.9800844	1.1760118	0.0028816891785857974	0.022106619442449908	0.20056497175141244	0.08974358974358974
1348	2	CAMTA1	2.9789908	0.5882329	0.002891995170506211	0.02217133983335725	0.3629943502824859	0.24358974358974358
1349	2	PPIL4	2.9769027	0.48670387	0.002911763723426749	0.022308474005065405	0.4858757062146893	0.3641025641025641
1350	2	DAB1	2.976505	1.558097	0.0029155431163285805	0.02232300927027564	0.17937853107344634	0.07179487179487179
1351	2	PCMTD1	2.9761074	0.48835486	0.002919326985936484	0.02232315799690954	0.4745762711864407	0.358974358974359
1352	2	PEX14	2.97213	0.8372871	0.0029574129376646273	0.02259981793859696	0.2782485875706215	0.16666666666666666
1353	2	ELF2	2.9717324	0.5139771	0.002961246362381386	0.02261454079706583	0.4731638418079096	0.3435897435897436
1354	2	CDK6	2.9710364	0.6638591	0.002967965767041772	0.02265127026841404	0.3516949152542373	0.24615384615384617
1355	2	TOP2B	2.9671588	0.44019663	0.0030056577846220606	0.022909448152710562	0.556497175141243	0.4307692307692308
1356	2	ZCCHC2	2.9645736	0.77604115	0.0030310278447831544	0.023087983454802962	0.2923728813559322	0.18461538461538463
1357	2	TCF20	2.9636786	0.79278296	0.0030398551959272095	0.023140361119189157	0.2711864406779661	0.15384615384615385
1358	2	MFSD8	2.9620879	0.9433257	0.003055606181167732	0.02323055868659773	0.2401129943502825	0.1282051282051282
1359	2	PAK2	2.961889	0.4063921	0.003057580279070747	0.02323055868659773	0.6468926553672316	0.5256410256410257
1360	2	ACACA	2.961889	1.0930855	0.003057580279070747	0.02323055868659773	0.21610169491525424	0.1076923076923077
1361	2	MAPK6	2.9574146	0.86311346	0.0031023061230174226	0.023540211528462338	0.2598870056497175	0.14871794871794872
1362	2	ADNP2	2.9515483	1.3620316	0.0031618503889119126	0.023961370998399543	0.1807909604519774	0.07179487179487179
1363	2	DHRSX	2.9515483	0.9402905	0.0031618503889119126	0.023961370998399543	0.2514124293785311	0.14358974358974358
1364	2	TRAF3IP2-AS1	2.9509518	1.3445954	0.0031679637276900907	0.023992368972161223	0.1850282485875706	0.07435897435897436
1365	2	CARMIL1	2.9497585	1.0670412	0.0031802227373474764	0.024062232633503648	0.2274011299435028	0.12307692307692308
1366	2	OSBP	2.949659	0.8675632	0.003181246270601494	0.024062232633503648	0.2542372881355932	0.14102564102564102
1367	2	SPAG9	2.9490626	0.654533	0.0031873937776295885	0.024093365329947047	0.3135593220338983	0.19743589743589743
1368	2	ST3GAL1	2.9473724	0.44606844	0.003204870556137069	0.024210041271201042	0.5338983050847458	0.4076923076923077
1369	2	BAZ1A	2.9453838	0.47712305	0.0032255432501790264	0.024350695701542493	0.5098870056497176	0.4025641025641026
1370	2	TMEM161B	2.9431963	0.75464046	0.003248423498622833	0.024507826141009412	0.2951977401129944	0.18461538461538463
1371	2	NEK9	2.939418	1.1092318	0.003288292484873494	0.024785046553400483	0.2062146892655367	0.09487179487179487
1372	2	KDM3B	2.9393187	0.5881145	0.0032893476623147015	0.024785046553400483	0.3559322033898305	0.24615384615384617
1373	2	PARP14	2.938026	0.7029833	0.0033030930646871016	0.024857032834510802	0.2909604519774011	0.17435897435897435
1374	2	SF1	2.936634	0.32401675	0.0033179542990751936	0.024953036136354977	0.7627118644067796	0.6794871794871795
1375	2	SH3RF3	2.9325573	1.0648192	0.003361827482936611	0.025266967013706086	0.22175141242937854	0.11282051282051282
1376	2	CAAP1	2.9295745	0.8011042	0.0033942637853425846	0.0254784610722551	0.2867231638418079	0.17692307692307693
1377	2	PAPOLG	2.9283814	0.7344008	0.003407317895682535	0.025560272133330085	0.268361581920904	0.15384615384615385
1378	2	ATP2C1	2.9264922	0.86209357	0.003428080403704573	0.025699768386811775	0.2528248587570621	0.14102564102564102
1379	2	LINC01237	2.9251003	1.8700358	0.0034434527167661157	0.02579870449832352	0.15112994350282485	0.04358974358974359
1380	2	LEO1	2.9238076	1.2493236	0.0034577831625524883	0.025889714840828606	0.1864406779661017	0.07692307692307693
1381	2	SLC44A2	2.921123	0.5380404	0.0034877199815558538	0.02609738736987535	0.403954802259887	0.27692307692307694
1382	2	GTF2E2	2.919234	0.8051199	0.0035089278182140367	0.02623952328122224	0.2598870056497175	0.14615384615384616
1383	2	IPMK	2.9179413	1.2039913	0.0035235059836094423	0.02633193507599747	0.19350282485875706	0.08461538461538462
1384	2	ADAMTS17	2.9166489	1.5737326	0.0035381392367299248	0.026424641906559767	0.16101694915254236	0.05384615384615385
1385	2	EPG5	2.9147596	1.1879276	0.003559625772938689	0.02656838367970601	0.2019774011299435	0.09487179487179487
1386	2	TAF8	2.9145608	0.8258831	0.0035618944050964095	0.0265685960027946	0.2584745762711864	0.14615384615384616
1387	2	HSPH1	2.911578	0.4876964	0.0035960820938194605	0.026806746469326716	0.4491525423728814	0.3153846153846154
1388	2	CRK	2.9086945	1.191838	0.0036294136319630185	0.027038219645151632	0.19491525423728814	0.08717948717948718
1389	2	ZFAND4	2.9073024	1.2288861	0.0036456050658957863	0.027124765421282327	0.18361581920903955	0.07435897435897436
1390	2	C2CD5	2.9073024	0.9251835	0.0036456050658957863	0.027124765421282327	0.2514124293785311	0.14615384615384616
1391	2	PCF11	2.9062088	0.54095715	0.003658372957018484	0.02720269797507161	0.3968926553672316	0.27692307692307694
1392	2	ICE2	2.9054134	0.64017373	0.0036676842206432043	0.027246435040666137	0.3418079096045198	0.22564102564102564
1393	2	YTHDC1	2.905314	0.3737669	0.003668849642491047	0.027246435040666137	0.6864406779661016	0.5487179487179488
1394	2	ANKRD12	2.9039218	0.33619854	0.0036852009416087073	0.027342317121704304	0.846045197740113	0.7564102564102564
1395	2	KPNA5	2.9038224	0.45462093	0.003686371423069577	0.027342317121704304	0.5437853107344632	0.43333333333333335
1396	2	PTPRJ	2.9028282	1.1033742	0.0036980948415974426	0.027412128013341044	0.2189265536723164	0.11025641025641025
1397	2	CAND1	2.9018338	0.5846581	0.003709852145734924	0.027482102716062586	0.3870056497175141	0.26666666666666666
1398	2	TMEM87A	2.901635	0.5008891	0.003712207680425594	0.027482386448094594	0.4562146892655367	0.33076923076923076
1399	2	ADAM17	2.9006407	1.1389866	0.003724005761209046	0.027552531708009538	0.1963276836158192	0.08717948717948718
1400	2	SDHA	2.8994477	0.7768361	0.003738208445672879	0.027640369180598718	0.2627118644067797	0.14615384615384616
1401	2	CLPX	2.8976579	0.95433164	0.003759604804575874	0.02778125419456066	0.23163841807909605	0.12307692307692308
1402	2	KBTBD2	2.8968625	0.7595894	0.003769149976977434	0.027834445035462247	0.2556497175141243	0.13846153846153847
1403	2	ACO2	2.893979	1.0831928	0.003803936143768589	0.02807385355637552	0.1963276836158192	0.08717948717948718
1404	2	CCDC88C	2.893283	0.4361853	0.003812376395260259	0.02810117094331055	0.5423728813559322	0.41794871794871796
1405	2	CHORDC1	2.893283	0.81574225	0.003812376395260259	0.02810117094331055	0.2514124293785311	0.13846153846153847
1406	2	C14orf159	2.8922887	1.2136613	0.003824463418143638	0.028172755365952512	0.18926553672316385	0.08205128205128205
1407	2	BORCS5	2.889107	0.95743495	0.003863376246620232	0.028441739469221575	0.2288135593220339	0.12051282051282051
1408	2	ATRN	2.887019	1.1240609	0.0038891078998241633	0.02859567246863892	0.2062146892655367	0.1
1409	2	PITRM1	2.8867207	0.9175561	0.003892796531588874	0.028605060015268927	0.23022598870056496	0.11794871794871795
1410	2	RNF114	2.8865218	0.83136857	0.003895257384583902	0.02860541955490098	0.2457627118644068	0.13333333333333333
1411	2	HIST1H1E	2.8859253	0.43083978	0.0039026484241484285	0.028615596174860643	0.5734463276836158	0.4641025641025641
1412	2	PTBP3	2.8858259	0.4293843	0.0039038815017642934	0.028615596174860643	0.5296610169491526	0.4025641025641026
1413	2	ARRDC3	2.8849308	0.5343505	0.003914995134887755	0.028661631049239984	0.3771186440677966	0.26153846153846155
1414	2	KLRC4-KLRK1	2.8844337	0.57200545	0.003921181784727744	0.028689214044954375	0.3771186440677966	0.26153846153846155
1415	2	ANKLE2	2.884036	0.67993736	0.003926137496151921	0.028707762456449928	0.3022598870056497	0.18461538461538463
1416	2	CYB5R4	2.882843	0.698834	0.003941038778964309	0.028798964829646768	0.3050847457627119	0.19230769230769232
1417	2	AC139887.2	2.8761811	0.8600532	0.0040251856011355655	0.02937766229505711	0.24858757062146894	0.13846153846153847
1418	2	UBASH3B	2.8761811	0.8915803	0.0040251856011355655	0.02937766229505711	0.2570621468926554	0.15128205128205127
1419	2	RNF216	2.8746898	0.41623962	0.00404424648367615	0.029498624413529607	0.556497175141243	0.43846153846153846
1420	2	ARNTL	2.8740933	0.76685506	0.004051893750634873	0.029536238403521566	0.268361581920904	0.15897435897435896
1421	2	FAM135A	2.8730989	1.5951666	0.004064668368260413	0.029611158997277946	0.16101694915254236	0.05641025641025641
1422	2	PPP6R2	2.8712099	0.54490554	0.004089040900013053	0.029770426687633404	0.3714689265536723	0.2512820512820513
1423	2	ERCC1	2.8700166	0.8011558	0.004104502337220595	0.029864661177568252	0.269774011299435	0.16153846153846155
1424	2	NAA35	2.8692212	0.8300238	0.004114839416708119	0.029921517769563633	0.2627118644067797	0.15128205128205127
1425	2	DENND5A	2.8675308	0.9997081	0.004136884191893265	0.03006338634549885	0.211864406779661	0.10256410256410256
1426	2	SNX1	2.8656418	0.62436265	0.004161649243755499	0.030224837740930936	0.3545197740112994	0.25384615384615383
1427	2	CEP70	2.863852	1.3355381	0.004185234866875424	0.030377530918691883	0.1709039548022599	0.0641025641025641
1428	2	CEP170	2.8634543	0.8429999	0.004190492556281279	0.030397089735471543	0.2443502824858757	0.1358974358974359
1429	2	EIF4G2	2.862659	0.35063592	0.004201025914335283	0.030436265940144452	0.730225988700565	0.6025641025641025
1430	2	CGGBP1	2.862659	0.49944174	0.004201025914335283	0.030436265940144452	0.4293785310734463	0.31025641025641026
1431	2	NUP210	2.859477	0.6627278	0.00424339995041712	0.03070574948868032	0.3121468926553672	0.19743589743589743
1432	2	NUBPL	2.8585823	0.66336596	0.004255387293138481	0.030773715424769747	0.3192090395480226	0.2076923076923077
1433	2	CCDC18	2.8562953	0.9568656	0.004286161267364471	0.0309396668478044	0.23728813559322035	0.13333333333333333
1434	2	BAZ2B	2.8562953	0.7432241	0.004286161267364471	0.0309396668478044	0.2867231638418079	0.18205128205128204
1435	2	RRP12	2.8560965	1.3145493	0.004288846779326522	0.030940220682976007	0.17796610169491525	0.07179487179487179
1436	2	NAA50	2.8554006	0.8653741	0.004298258090989747	0.030980136407821993	0.23587570621468926	0.1282051282051282
1437	2	RABL3	2.8553011	0.93534046	0.004299604091675801	0.030980136407821993	0.23587570621468926	0.13076923076923078
1438	2	KANSL1L	2.8512244	0.91340864	0.004355120274728018	0.03136109681741001	0.2570621468926554	0.15384615384615385
1439	2	RALGPS2	2.849733	1.0337561	0.0043755928879648815	0.031489400273824936	0.21610169491525424	0.11025641025641025
1440	2	GLYR1	2.8493354	0.66277707	0.00438106696478877	0.0315096750772558	0.3163841807909605	0.2
1441	2	CDC42EP3	2.847645	0.7449835	0.00440440111140635	0.03165830132198746	0.2796610169491525	0.17435897435897435
1442	2	UBXN4	2.8446622	0.41001928	0.0044458539610155974	0.031936903681190176	0.5663841807909604	0.44358974358974357
1443	2	SVIL	2.841381	0.5929639	0.004491860182376706	0.032228349523888526	0.3545197740112994	0.24358974358974358
1444	2	CLYBL	2.841381	0.9788191	0.004491860182376706	0.032228349523888526	0.23163841807909605	0.12564102564102564
1445	2	DNAJC3	2.840884	0.6885449	0.004498868327004284	0.03225911629883362	0.3050847457627119	0.19487179487179487
1446	2	SNED1	2.8398895	0.4737241	0.0045129143429485175	0.03234028042741355	0.5225988700564972	0.41025641025641024
1447	2	CWC27	2.8388953	0.57594514	0.004527000076285416	0.03242163098112623	0.3742937853107345	0.26666666666666666
1448	2	MARCH8	2.836012	0.70018977	0.0045680742140342175	0.03269605321571866	0.307909604519774	0.19743589743589743
1449	2	ZNF141	2.8357136	0.77148634	0.004572342470614177	0.032706864717421076	0.268361581920904	0.15897435897435896
1450	2	FBXO21	2.8336256	0.6732535	0.004602321548669195	0.03290146688801485	0.3177966101694915	0.20512820512820512
1451	2	WAPL	2.830245	0.4782588	0.004651236689631571	0.03323112478254846	0.4731638418079096	0.3384615384615385
1452	2	ZNF207	2.8293502	0.48611987	0.004664263369216275	0.03330413218477123	0.4251412429378531	0.2923076923076923
1453	2	SPTY2D1	2.827958	0.7177476	0.004684592759655696	0.033409062014141046	0.2570621468926554	0.14615384615384616
1454	2	HDAC4	2.8277593	1.0103348	0.004687503497563587	0.033409730457394315	0.2189265536723164	0.11538461538461539
1455	2	CLEC16A	2.827461	0.9480179	0.004691872674489128	0.03342078673840304	0.22175141242937854	0.11538461538461539
1456	2	CREB1	2.8271627	0.48771778	0.004696245537908501	0.033431855990152956	0.4774011299435028	0.3769230769230769
1457	2	SNX4	2.8190095	0.66058785	0.004817208307103645	0.034231330450718536	0.2867231638418079	0.17692307692307693
1458	2	PGAP1	2.8172197	1.6469141	0.004844135573797277	0.0344020646139136	0.1553672316384181	0.05128205128205128
1459	2	RAB5A	2.817021	0.52786756	0.004847135883267577	0.034402771738811164	0.3601694915254237	0.2512820512820513
1460	2	CD2AP	2.814038	0.5113135	0.004892342731531645	0.03467212318961264	0.4533898305084746	0.3564102564102564
1461	2	RAPGEF1	2.8139386	0.788983	0.0048938561736434705	0.03467212318961264	0.2641242937853107	0.15897435897435896
1462	2	PRR14L	2.813541	0.6587847	0.004899914178132411	0.034694317703074865	0.2768361581920904	0.16153846153846155
1463	2	CEP63	2.8116517	0.8189626	0.0049287824381621555	0.034877899592245326	0.2584745762711864	0.15128205128205127
1464	2	TAPBP	2.8102598	0.4396851	0.004950152127667835	0.035008231505152365	0.5211864406779662	0.39487179487179486
1465	2	MKRN1	2.8058848	0.552262	0.005017860635506063	0.03544480472727928	0.403954802259887	0.2846153846153846
1466	2	CRBN	2.805189	0.41141665	0.005028709316274533	0.03550029314941426	0.5833333333333334	0.45384615384615384
1467	2	GPATCH2L	2.8048906	0.66622555	0.005033365239147436	0.03551202363848221	0.2711864406779661	0.1564102564102564
1468	2	JAK2	2.8016095	1.1833175	0.005084838224115201	0.035853853351965684	0.19350282485875706	0.08974358974358974
1469	2	TMEM184C	2.801013	0.86734414	0.0050942479072671075	0.035888597461580664	0.2274011299435028	0.12307692307692308
1470	2	FBXO32	2.8009136	0.66317946	0.005095817717141808	0.035888597461580664	0.3177966101694915	0.2076923076923077
1471	2	CDKN2AIP	2.7974334	0.77253646	0.005151037283985628	0.03625596569024899	0.25	0.13846153846153847
1472	2	REEP3	2.7965386	0.9132439	0.0051653237303268965	0.03633495815046085	0.2387005649717514	0.1358974358974359
1473	2	DDX1	2.7957432	0.6916274	0.00517805284292407	0.03640290854598664	0.3022598870056497	0.19487179487179487
1474	2	MYSM1	2.795445	0.6085748	0.005182833563288362	0.03641493250035543	0.3333333333333333	0.2230769230769231
1475	2	TRIP12	2.7944505	0.47608575	0.005198798116641313	0.036495093832630124	0.4703389830508475	0.3487179487179487
1476	2	FGD3	2.794351	0.4381413	0.005200397013249992	0.036495093832630124	0.5155367231638418	0.3923076923076923
1477	2	AC010260.1	2.7922633	0.67046267	0.00523407664084337	0.03670972735683168	0.3064971751412429	0.19743589743589743
1478	2	ZBTB25	2.7920644	0.6177344	0.005237294479649688	0.036710586600854196	0.3248587570621469	0.21025641025641026
1479	2	SMG7	2.7916665	0.7568114	0.0052437355194800825	0.03673402437154978	0.2556497175141243	0.14102564102564102
1480	2	PSIP1	2.7874906	0.3917654	0.00531179977127908	0.03716781862075624	0.7344632768361582	0.6025641025641025
1481	2	TM2D1	2.7873912	0.7229485	0.005313430029882894	0.03716781862075624	0.2768361581920904	0.16923076923076924
1482	2	MORF4L2	2.7872918	0.38842225	0.005315060740371213	0.03716781862075624	0.6002824858757062	0.4794871794871795
1483	2	STAU2	2.7869935	0.91627425	0.00531995558423459	0.03718012565057291	0.23022598870056496	0.12307692307692308
1484	2	XRN2	2.7867947	0.4048405	0.005323221074900664	0.03718103766096695	0.5240112994350282	0.4128205128205128
1485	2	WHAMM	2.786397	0.53133875	0.005329757487582286	0.03720478152014474	0.3954802259887006	0.2794871794871795
1486	2	SLC23A2	2.7845078	1.1551169	0.0053609045428058555	0.037400192869222026	0.1963276836158192	0.09487179487179487
1487	2	OGT	2.78411	0.46089107	0.005367482725039742	0.037424071204568685	0.4745762711864407	0.37435897435897436
1488	2	TM9SF2	2.7833145	0.618089	0.005380660960399391	0.03749391245025662	0.3022598870056497	0.19487179487179487
1489	2	PARGP1	2.7830162	0.98692924	0.005385610325845454	0.03750636433618736	0.2245762711864407	0.12307692307692308
1490	2	YARS	2.7822208	0.9599816	0.005398828736859108	0.037576354940815154	0.2231638418079096	0.12051282051282051
1491	2	ZNF430	2.7775476	0.589783	0.005477080190061933	0.03807630190746455	0.3177966101694915	0.20512820512820512
1492	2	RAB28	2.7775476	0.7932622	0.005477080190061933	0.03807630190746455	0.2768361581920904	0.17692307692307693
1493	2	GPR89A	2.7756586	1.3434279	0.0055090032778455245	0.03827579313136961	0.1709039548022599	0.06666666666666667
1494	2	UBQLN1	2.7745647	0.6039091	0.005527561726559466	0.038382249459599095	0.3587570621468927	0.25384615384615383
1495	2	SETD5	2.7728746	0.4853567	0.005556353959955214	0.038559600915780486	0.4505649717514124	0.3435897435897436
1496	2	CUBN	2.7726758	1.1446753	0.005559750163719466	0.038560606398662496	0.1963276836158192	0.09487179487179487
1497	2	FAM91A1	2.772278	1.1005449	0.0055665481913744035	0.038585190853127074	0.19915254237288135	0.09487179487179487
1498	2	SREBF2	2.7698917	0.747264	0.005607494098726699	0.03883652764145987	0.2627118644067797	0.1564102564102564
1499	2	DIP2A	2.7695935	0.5143315	0.005612631397762412	0.03883652764145987	0.3898305084745763	0.2743589743589744
1500	2	NBPF12	2.7695935	1.0175091	0.005612631397762412	0.03883652764145987	0.2076271186440678	0.10512820512820513
1501	2	AC114760.2	2.7689967	1.5079117	0.0056229187364267574	0.03888502403149933	0.16101694915254236	0.05897435897435897
1502	2	NRBP1	2.7666106	0.733812	0.005664238413753837	0.03914794148433596	0.2754237288135593	0.16923076923076924
1503	2	MAML1	2.7634287	1.0091474	0.005719757332973474	0.03948563560481106	0.1963276836158192	0.08974358974358974
1504	2	TSGA10	2.7632298	0.8163232	0.005723243506059273	0.03948671784866956	0.2655367231638418	0.16666666666666666
1505	2	ANGEL2	2.7591534	0.8714565	0.005795133637815119	0.039959467990981	0.2288135593220339	0.12307692307692308
1506	2	DIDO1	2.7561705	0.81707615	0.005848250912951099	0.040296784137686316	0.2570621468926554	0.15128205128205127
1507	2	XRCC5	2.7557728	0.3437434	0.005855366278500511	0.040296784137686316	0.693502824858757	0.5974358974358974
1508	2	CDYL	2.755574	0.65221393	0.005858926886867763	0.040296784137686316	0.3149717514124294	0.20512820512820512
1509	2	DDX60	2.7554746	0.8985652	0.005860707922855648	0.040296784137686316	0.2330508474576271	0.1282051282051282
1510	2	OXSR1	2.7553751	0.82021785	0.005862489446867814	0.040296784137686316	0.24152542372881355	0.1358974358974359
1511	2	MGA	2.755176	0.71314895	0.005866053959429424	0.040296784137686316	0.2838983050847458	0.18205128205128204
1512	2	CLCN3	2.7550766	0.8245478	0.005867836948211152	0.040296784137686316	0.2387005649717514	0.13076923076923078
1513	2	GPBP1L1	2.7548778	0.61318034	0.005871404391357329	0.04029794912123722	0.3446327683615819	0.23846153846153847
1514	2	BTBD1	2.7545795	0.7330996	0.005876759221776639	0.040311373262157855	0.2655367231638418	0.16153846153846155
1515	2	HTT	2.7542813	0.7925661	0.005882118453826452	0.04032481205918018	0.23587570621468926	0.12564102564102564
1516	2	KIAA0368	2.753983	0.8194009	0.005887482090647639	0.040338265508423454	0.2387005649717514	0.13333333333333333
1517	2	METTL16	2.752392	0.50211394	0.005916162675210662	0.04051136797228548	0.403954802259887	0.2948717948717949
1518	2	EP400	2.7490115	0.6520276	0.005977527403199883	0.04088435697921027	0.2824858757062147	0.16923076923076924
1519	2	NR1D2	2.745631	0.51783013	0.006039465067441631	0.04128418195957219	0.3983050847457627	0.28205128205128205
1520	2	DOCK3	2.7440403	1.3022934	0.006068811770993121	0.04146089147694609	0.1751412429378531	0.07435897435897436
1521	2	GTPBP4	2.7429464	0.8168551	0.006089062076463076	0.041575288558924624	0.24858757062146894	0.14358974358974358
1522	2	TIGAR	2.7426481	1.319564	0.006094595439802562	0.04158912653398066	0.1709039548022599	0.06923076923076923
1523	2	TRDMT1	2.7424493	1.403245	0.006098286864427136	0.04159038655095218	0.153954802259887	0.05128205128205128
1524	2	RBBP5	2.7396653	1.1019077	0.006150178681048204	0.041920183423696376	0.18785310734463276	0.08461538461538462
1525	2	CWF19L1	2.737975	0.9707876	0.006181878097229704	0.04211204723328219	0.2288135593220339	0.13076923076923078
1526	2	DCAF6	2.7373784	0.7163094	0.006193101203518655	0.04216428259112012	0.2838983050847458	0.17692307692307693
1527	2	NDUFAF6	2.736583	0.7292459	0.006208093883037291	0.04224210754608277	0.2655367231638418	0.1564102564102564
1528	2	EXOC1	2.7353897	0.700879	0.00623064417985234	0.0423712385166564	0.2951977401129944	0.19230769230769232
1529	2	ATG2B	2.7350914	0.8704508	0.00623629326437382	0.04238535135557221	0.2330508474576271	0.13076923076923078
1530	2	AMBRA1	2.7336996	0.68672496	0.00626271667441034	0.042529049704610536	0.2895480225988701	0.18205128205128204
1531	2	BIRC2	2.7336001	0.5334058	0.006264607911800557	0.042529049704610536	0.3785310734463277	0.26666666666666666
1532	2	ATXN3	2.7325063	0.7784325	0.006285445480747678	0.04264610034420335	0.2514124293785311	0.14871794871794872
1533	2	MAPK1	2.732208	0.59983605	0.006291139271528114	0.04266032690698881	0.3375706214689266	0.23333333333333334
1534	2	ZNF43	2.7290263	0.80137515	0.006352162547433178	0.04301333676791046	0.2514124293785311	0.15128205128205127
1535	2	SLC39A11	2.728927	0.8932197	0.006354078079037026	0.04301333676791046	0.2231638418079096	0.11794871794871795
1536	2	USP4	2.728927	0.7329643	0.006354078079037026	0.04301333676791046	0.2754237288135593	0.16923076923076924
1537	2	ZNF251	2.7279327	1.4399532	0.006373262005333234	0.04311858949415411	0.16242937853107345	0.06153846153846154
1538	2	MCU	2.7277339	1.1654584	0.006377105039186236	0.0431199918841213	0.18785310734463276	0.08717948717948718
1539	2	WTAP	2.727535	0.45114794	0.006380950158186965	0.04312140676700706	0.4774011299435028	0.36923076923076925
1540	2	MDN1	2.7272367	0.58702266	0.006386721748482201	0.043135831399202115	0.327683615819209	0.2205128205128205
1541	2	JAK1	2.7234583	0.2744896	0.006460236233554064	0.043607513790524306	0.8488700564971752	0.764102564102564
1542	2	CASS4	2.7162995	1.2249647	0.006601617622042811	0.04451119101616131	0.1807909604519774	0.07948717948717948
1543	2	NUP58	2.7156034	0.6439594	0.006615510357534161	0.044567584632605774	0.2824858757062147	0.1717948717948718
1544	2	EIF2AK3	2.715504	0.9047827	0.0066174971785850556	0.044567584632605774	0.23587570621468926	0.1358974358974359
1545	2	PBX3	2.714808	0.6394981	0.006631419955334595	0.04462556900656414	0.3192090395480226	0.2153846153846154
1546	2	PIK3R1	2.7145097	0.33395362	0.006637394918008359	0.04462556900656414	0.7175141242937854	0.6230769230769231
1547	2	ZNF280D	2.7145097	0.6567569	0.006637394918008359	0.04462556900656414	0.3050847457627119	0.2
1548	2	EFCAB14	2.7118251	0.48726517	0.006691387784600191	0.04496309298887154	0.3771186440677966	0.2564102564102564
1549	2	MIATNB	2.711328	0.986866	0.006701429682719311	0.04500507136865856	0.20903954802259886	0.1076923076923077
1550	2	TIMM23	2.7102344	0.99077946	0.006723569558591466	0.045128203149346235	0.1963276836158192	0.09230769230769231
1551	2	SREK1	2.7094388	0.380161	0.006739712558774198	0.04521096773023868	0.480225988700565	0.35384615384615387
1552	2	AFTPH	2.705263	0.54866034	0.006825036224311035	0.045731598655553034	0.3531073446327684	0.25384615384615383
1553	2	GALNT1	2.7038708	0.7090488	0.006853692397663346	0.04589768031410914	0.2937853107344633	0.18974358974358974
1554	2	TMEM65	2.7020812	1.0222269	0.006890694879431108	0.046107210428503256	0.2245762711864407	0.12564102564102564
1555	2	HERC2	2.6990983	0.69346815	0.006952764666546054	0.04644393550432865	0.2598870056497175	0.15128205128205127
1556	2	PDHX	2.698999	0.7602326	0.006954842281255284	0.04644393550432865	0.2556497175141243	0.15128205128205127
1557	2	SENP2	2.698999	0.6184412	0.006954842281255284	0.04644393550432865	0.3050847457627119	0.20256410256410257
1558	2	GRB2	2.6987998	0.38271734	0.006958999183664746	0.046445543229186204	0.577683615819209	0.4717948717948718
1559	2	SMG1P2	2.6984022	1.5530627	0.006967319684063585	0.046474922077049556	0.153954802259887	0.05384615384615385
1560	2	KLF7	2.6975074	0.64627254	0.006986073488714516	0.04655266978479701	0.3333333333333333	0.23333333333333334
1561	2	PELI2	2.697408	1.2020018	0.006988160040860413	0.04655266978479701	0.18785310734463276	0.08974358974358974
1562	2	AL359232.1	2.6972091	1.6246723	0.0069923348243494405	0.04655266978479701	0.15677966101694915	0.05897435897435897
1563	2	SRBD1	2.6969109	0.7607172	0.006998601199518809	0.04655266978479701	0.24858757062146894	0.14358974358974358
1564	2	SNRPD1	2.6969109	0.4641248	0.006998601199518809	0.04655266978479701	0.4194915254237288	0.2923076923076923
1565	2	TXLNG	2.6957176	0.49196306	0.007023717165532292	0.04669354573050056	0.3502824858757062	0.23076923076923078
1566	2	SNX2	2.693033	0.5732421	0.00708052426863057	0.04703251095461552	0.3502824858757062	0.24615384615384617
1567	2	MRE11	2.6929336	0.8564165	0.007082636135324057	0.04703251095461552	0.22175141242937854	0.11794871794871795
1568	2	MPP5	2.6926353	1.2885787	0.007088975129165334	0.04704826246888689	0.1652542372881356	0.0641025641025641
1569	2	GPATCH2	2.6924365	0.71244603	0.007093203954499422	0.047049999384990576	0.2584745762711864	0.15384615384615385
1570	2	AC006001.3	2.6919394	0.9900678	0.00710378592849573	0.047093851935136585	0.2062146892655367	0.10512820512820513
1571	2	KIAA0232	2.691144	0.6786402	0.0071207465697087505	0.04717991861270714	0.2867231638418079	0.1794871794871795
1572	2	RNF157	2.690647	0.52839774	0.007131365422750026	0.047211608290162334	0.3714689265536723	0.26153846153846155
1573	2	ST6GAL1	2.6905475	0.43863642	0.00713349089847984	0.047211608290162334	0.4858757062146893	0.38461538461538464
1574	2	PPP3CB	2.6899507	0.68696755	0.0071462556997229235	0.04726971143263462	0.2824858757062147	0.17692307692307693
1575	2	C1orf132	2.68488	1.200145	0.007255587098865574	0.04795368517969658	0.17796610169491525	0.07692307692307693
1576	2	ASXL2	2.6847806	0.51800406	0.007257745775510571	0.04795368517969658	0.3488700564971751	0.2358974358974359
1577	2	DENND1B	2.6842833	0.8564242	0.007268547806255948	0.047998316805231374	0.2443502824858757	0.14615384615384616
1578	2	TPST1	2.681897	1.2087154	0.0073205986381049155	0.048315136253714135	0.192090395480226	0.09487179487179487
1579	2	GBP2	2.6794114	0.4356887	0.0073751736411585035	0.048648253272602804	0.4675141242937853	0.35128205128205126
1580	2	RBL1	2.6781187	0.68820596	0.007403696638947053	0.048809250771490856	0.2669491525423729	0.16153846153846155
1581	2	NDUFS4	2.6771245	0.5793814	0.007425704695559015	0.048927143160738845	0.3474576271186441	0.24102564102564103
1582	2	TUBGCP3	2.676528	0.82416475	0.007438937677669829	0.048987118743566996	0.24293785310734464	0.14102564102564102
1583	2	ARMCX5-GPRASP2	2.67613	1.4400325	0.007447771412055931	0.04901807377746024	0.16242937853107345	0.0641025641025641
1584	2	LINC02328	2.675633	0.72096246	0.007458826809776017	0.04906360841039576	0.2782485875706215	0.17692307692307693
1585	2	APC	2.6751359	1.1740041	0.007469896922915296	0.049096541149421934	0.18361581920903955	0.08461538461538462
1586	2	RNU6-6P	2.6750364	0.5872244	0.007472112712875766	0.049096541149421934	0.3192090395480226	0.2076923076923077
1587	2	RNF130	2.6747382	0.7521547	0.007478763619849523	0.04911303240942156	0.2754237288135593	0.1717948717948718
1588	2	TECR	2.6743405	0.75958353	0.007487639754067019	0.04914411039470661	0.2556497175141243	0.15128205128205127
1589	2	TMEM106B	2.6736445	0.53965956	0.007503195723398729	0.049218971946631045	0.365819209039548	0.2641025641025641
1590	2	PTEN	2.672153	0.4433689	0.007536627570072661	0.04938364805583523	0.4731638418079096	0.3641025641025641
1591	2	EPSTI1	2.670761	1.0060254	0.007567951067268789	0.04956151278730417	0.22033898305084745	0.12307692307692308
1592	2	FNBP1	2.669369	0.27770308	0.007599391232967893	0.04973994482505475	0.8305084745762712	0.7564102564102564
1593	2	SLC30A5	2.6678777	0.70731604	0.007633207015355577	0.049922996109347376	0.2627118644067797	0.15897435897435896
1594	2	TMOD3	2.6676786	0.45756602	0.007637725962660427	0.049922996109347376	0.4463276836158192	0.3333333333333333
1595	2	RALY	2.6675792	0.42534417	0.0076399863354524025	0.049922996109347376	0.5225988700564972	0.41794871794871796
1596	2	CBL	2.667082	0.78061986	0.007651297196275597	0.04996937486113909	0.2570621468926554	0.1564102564102564
