[Data],,,,,,,,,,,,,,,,,,,,,,,,,,,,,,,,,,,,,,,,,,
Sample_ID,Sample_Plate,Sample_Well,Lane,I7_Index_ID,index,I5_Index_ID,index2,Sample_Project,Description,Species,CC_used,Condition_per_CC,ERCC,Exp_Condition_1,Exp_Condition_2,Exp_Condition_3,Dropout_Cell_Type,Dropout_Cell_CC,Dropout_Cell_WC,Tn5_FragmentSize,Tn5_Yield
JP298_PC702_WC1,JP298,NA,NA,PC702,CTCCGCTTAT,WC1,GATTCACGAC,NA,JP298_P1,human_mouse,CC13_CC14,NIH3T3_HEK293T,no,no,no,no,no,no,no,15.7,599
JP298_PC702_WC2,JP298,NA,NA,PC702,CTCCGCTTAT,WC2,CGTAGAACAG,NA,JP298_P1,human_mouse,CC13_CC14,NIH3T3_HEK293T,no,no,no,no,no,no,no,15.7,599
JP298_PC702_WC3,JP298,NA,NA,PC702,CTCCGCTTAT,WC3,ACCTAAGAGC,NA,JP298_P1,human_mouse,CC13_CC14,NIH3T3_HEK293T,no,no,no,no,no,no,no,15.7,599
JP298_PC702_WC4,JP298,NA,NA,PC702,CTCCGCTTAT,WC4,ATGGCTTCTA,NA,JP298_P1,human_mouse,CC13_CC14,NIH3T3_HEK293T,no,no,no,no,no,no,no,15.7,599
JP298_PC702_WC5,JP298,NA,NA,PC702,CTCCGCTTAT,WC5,TACCTAAGTG,NA,JP298_P1,human_mouse,CC13_CC14,NIH3T3_HEK293T,no,no,no,no,no,no,no,15.7,599
JP298_PC702_WC6,JP298,NA,NA,PC702,CTCCGCTTAT,WC6,CCTTACCTAT,NA,JP298_P1,human_mouse,CC13_CC14,NIH3T3_HEK293T,no,no,no,no,no,no,no,15.7,599
JP298_PC702_WC7,JP298,NA,NA,PC702,CTCCGCTTAT,WC7,ATATAAGGCG,NA,JP298_P1,human_mouse,CC13_CC14,NIH3T3_HEK293T,no,no,no,no,no,no,no,15.7,599
JP298_PC702_WC8,JP298,NA,NA,PC702,CTCCGCTTAT,WC8,AGCATCGTGC,NA,JP298_P1,human_mouse,CC13_CC14,NIH3T3_HEK293T,no,no,no,no,no,no,no,15.7,599
JP298_PC702_WC9,JP298,NA,NA,PC702,CTCCGCTTAT,WC9,CTGGCATATT,NA,JP298_P1,human_mouse,CC13_CC14,NIH3T3_HEK293T,no,no,no,no,no,no,no,15.7,599
JP298_PC702_WC10,JP298,NA,NA,PC702,CTCCGCTTAT,WC10,CGTGACTCTA,NA,JP298_P1,human_mouse,CC13_CC14,NIH3T3_HEK293T,no,no,no,no,no,no,no,15.7,599
JP298_PC702_WC11,JP298,NA,NA,PC702,CTCCGCTTAT,WC11,GACCTGTTAA,NA,JP298_P1,human_mouse,CC13_CC14,NIH3T3_HEK293T,no,no,no,no,no,no,no,15.7,599
JP298_PC702_WC12,JP298,NA,NA,PC702,CTCCGCTTAT,WC12,TGGCTCATGT,NA,JP298_P1,human_mouse,CC13_CC14,NIH3T3_HEK293T,no,no,no,no,no,no,no,15.7,599
JP298_PC702_WC13,JP298,NA,NA,PC702,CTCCGCTTAT,WC13,AGAACCTCGC,NA,JP298_P1,human_mouse,CC13_CC14,NIH3T3_HEK293T,no,no,no,no,no,no,no,15.7,599
JP298_PC702_WC14,JP298,NA,NA,PC702,CTCCGCTTAT,WC14,CCTACGGACA,NA,JP298_P1,human_mouse,CC13_CC14,NIH3T3_HEK293T,no,no,no,no,no,no,no,15.7,599
JP298_PC702_WC15,JP298,NA,NA,PC702,CTCCGCTTAT,WC15,AGGCATAATG,NA,JP298_P1,human_mouse,CC13_CC14,NIH3T3_HEK293T,no,no,no,no,no,no,no,15.7,599
JP298_PC702_WC16,JP298,NA,NA,PC702,CTCCGCTTAT,WC16,CAACAGTGGA,NA,JP298_P1,human_mouse,CC13_CC14,NIH3T3_HEK293T,no,no,no,no,no,no,no,15.7,599
JP298_PC702_WC17,JP298,NA,NA,PC702,CTCCGCTTAT,WC17,TGTCGTTAAG,NA,JP298_P1,human_mouse,CC13_CC14,NIH3T3_HEK293T,no,no,no,no,no,no,no,15.7,599
JP298_PC702_WC18,JP298,NA,NA,PC702,CTCCGCTTAT,WC18,AGCTCGAGGA,NA,JP298_P1,human_mouse,CC13_CC14,NIH3T3_HEK293T,no,no,no,no,no,no,no,15.7,599
JP298_PC702_WC19,JP298,NA,NA,PC702,CTCCGCTTAT,WC19,ACATTACTCG,NA,JP298_P1,human_mouse,CC13_CC14,NIH3T3_HEK293T,no,no,no,no,no,no,no,15.7,599
JP298_PC702_WC20,JP298,NA,NA,PC702,CTCCGCTTAT,WC20,CATACCGCTG,NA,JP298_P1,human_mouse,CC13_CC14,NIH3T3_HEK293T,no,no,no,no,no,no,no,15.7,599
JP298_PC702_WC21,JP298,NA,NA,PC702,CTCCGCTTAT,WC21,TGCAAGTAGC,NA,JP298_P1,human_mouse,CC13_CC14,NIH3T3_HEK293T,no,no,no,no,no,no,no,15.7,599
JP298_PC702_WC22,JP298,NA,NA,PC702,CTCCGCTTAT,WC22,CTTCAATAGC,NA,JP298_P1,human_mouse,CC13_CC14,NIH3T3_HEK293T,no,no,no,no,no,no,no,15.7,599
JP298_PC702_WC23,JP298,NA,NA,PC702,CTCCGCTTAT,WC23,CGGATGCTGA,NA,JP298_P1,human_mouse,CC13_CC14,NIH3T3_HEK293T,no,no,no,no,no,no,no,15.7,599
JP298_PC702_WC24,JP298,NA,NA,PC702,CTCCGCTTAT,WC24,CCACCACCTA,NA,JP298_P1,human_mouse,CC13_CC14,NIH3T3_HEK293T,no,no,no,no,no,no,no,15.7,599
JP298_PC702_WC25,JP298,NA,NA,PC702,CTCCGCTTAT,WC25,ATCCGATCTT,NA,JP298_P1,human_mouse,CC13_CC14,NIH3T3_HEK293T,no,no,no,no,no,no,no,15.7,599
JP298_PC702_WC26,JP298,NA,NA,PC702,CTCCGCTTAT,WC26,CGGACGTTAA,NA,JP298_P1,human_mouse,CC13_CC14,NIH3T3_HEK293T,no,no,no,no,no,no,no,15.7,599
JP298_PC702_WC27,JP298,NA,NA,PC702,CTCCGCTTAT,WC27,GATCGGTAAT,NA,JP298_P1,human_mouse,CC13_CC14,NIH3T3_HEK293T,no,no,no,no,no,no,no,15.7,599
JP298_PC702_WC28,JP298,NA,NA,PC702,CTCCGCTTAT,WC28,ACGATGCAAC,NA,JP298_P1,human_mouse,CC13_CC14,NIH3T3_HEK293T,no,no,no,no,no,no,no,15.7,599
JP298_PC702_WC29,JP298,NA,NA,PC702,CTCCGCTTAT,WC29,AACGTCCAGT,NA,JP298_P1,human_mouse,CC13_CC14,NIH3T3_HEK293T,no,no,no,no,no,no,no,15.7,599
JP298_PC702_WC30,JP298,NA,NA,PC702,CTCCGCTTAT,WC30,ACACGAACAA,NA,JP298_P1,human_mouse,CC13_CC14,NIH3T3_HEK293T,no,no,no,no,no,no,no,15.7,599
JP298_PC702_WC31,JP298,NA,NA,PC702,CTCCGCTTAT,WC31,CTCAGTCCGT,NA,JP298_P1,human_mouse,CC13_CC14,NIH3T3_HEK293T,no,no,no,no,no,no,no,15.7,599
JP298_PC702_WC32,JP298,NA,NA,PC702,CTCCGCTTAT,WC32,TATGACGGTG,NA,JP298_P1,human_mouse,CC13_CC14,NIH3T3_HEK293T,no,no,no,no,no,no,no,15.7,599
JP298_PC702_WC33,JP298,NA,NA,PC702,CTCCGCTTAT,WC33,ACACAACTAC,NA,JP298_P1,human_mouse,CC13_CC14,NIH3T3_HEK293T,no,no,no,no,no,no,no,15.7,599
JP298_PC702_WC34,JP298,NA,NA,PC702,CTCCGCTTAT,WC34,AAGGACTCAG,NA,JP298_P1,human_mouse,CC13_CC14,NIH3T3_HEK293T,no,no,no,no,no,no,no,15.7,599
JP298_PC702_WC35,JP298,NA,NA,PC702,CTCCGCTTAT,WC35,GCAACTGTGA,NA,JP298_P1,human_mouse,CC13_CC14,NIH3T3_HEK293T,no,no,no,no,no,no,no,15.7,599
JP298_PC702_WC36,JP298,NA,NA,PC702,CTCCGCTTAT,WC36,CGCTTACAAT,NA,JP298_P1,human_mouse,CC13_CC14,NIH3T3_HEK293T,no,no,no,no,no,no,no,15.7,599
JP298_PC702_WC37,JP298,NA,NA,PC702,CTCCGCTTAT,WC37,AGAGAGACCG,NA,JP298_P1,human_mouse,CC13_CC14,NIH3T3_HEK293T,no,no,no,no,no,no,no,15.7,599
JP298_PC702_WC38,JP298,NA,NA,PC702,CTCCGCTTAT,WC38,CATTGCTGTT,NA,JP298_P1,human_mouse,CC13_CC14,NIH3T3_HEK293T,no,no,no,no,no,no,no,15.7,599
JP298_PC702_WC39,JP298,NA,NA,PC702,CTCCGCTTAT,WC39,GCAACACGGA,NA,JP298_P1,human_mouse,CC13_CC14,NIH3T3_HEK293T,no,no,no,no,no,no,no,15.7,599
JP298_PC702_WC40,JP298,NA,NA,PC702,CTCCGCTTAT,WC40,TCACTTCGCA,NA,JP298_P1,human_mouse,CC13_CC14,NIH3T3_HEK293T,no,no,no,no,no,no,no,15.7,599
JP298_PC702_WC41,JP298,NA,NA,PC702,CTCCGCTTAT,WC41,AATAGCTGTG,NA,JP298_P1,human_mouse,CC13_CC14,NIH3T3_HEK293T,no,no,no,no,no,no,no,15.7,599
JP298_PC702_WC42,JP298,NA,NA,PC702,CTCCGCTTAT,WC42,GAACACTATC,NA,JP298_P1,human_mouse,CC13_CC14,NIH3T3_HEK293T,no,no,no,no,no,no,no,15.7,599
JP298_PC702_WC43,JP298,NA,NA,PC702,CTCCGCTTAT,WC43,CTGGTAGCTA,NA,JP298_P1,human_mouse,CC13_CC14,NIH3T3_HEK293T,no,no,no,no,no,no,no,15.7,599
JP298_PC702_WC44,JP298,NA,NA,PC702,CTCCGCTTAT,WC44,TGCGTGAGCA,NA,JP298_P1,human_mouse,CC13_CC14,NIH3T3_HEK293T,no,no,no,no,no,no,no,15.7,599
JP298_PC702_WC45,JP298,NA,NA,PC702,CTCCGCTTAT,WC45,TAGCACACTT,NA,JP298_P1,human_mouse,CC13_CC14,NIH3T3_HEK293T,no,no,no,no,no,no,no,15.7,599
JP298_PC702_WC46,JP298,NA,NA,PC702,CTCCGCTTAT,WC46,CAGACGATGA,NA,JP298_P1,human_mouse,CC13_CC14,NIH3T3_HEK293T,no,no,no,no,no,no,no,15.7,599
JP298_PC702_WC47,JP298,NA,NA,PC702,CTCCGCTTAT,WC47,CGGAGCATCT,NA,JP298_P1,human_mouse,CC13_CC14,NIH3T3_HEK293T,no,no,no,no,no,no,no,15.7,599
JP298_PC702_WC48,JP298,NA,NA,PC702,CTCCGCTTAT,WC48,CGCTTGGTTC,NA,JP298_P1,human_mouse,CC13_CC14,NIH3T3_HEK293T,no,no,no,no,no,no,no,15.7,599
JP298_PC702_WC49,JP298,NA,NA,PC702,CTCCGCTTAT,WC49,CTTGAAGAGG,NA,JP298_P1,human_mouse,CC13_CC14,NIH3T3_HEK293T,no,no,no,no,no,no,no,15.7,599
JP298_PC702_WC50,JP298,NA,NA,PC702,CTCCGCTTAT,WC50,AGATGCGACG,NA,JP298_P1,human_mouse,CC13_CC14,NIH3T3_HEK293T,no,no,no,no,no,no,no,15.7,599
JP298_PC702_WC51,JP298,NA,NA,PC702,CTCCGCTTAT,WC51,GAACGTTCGG,NA,JP298_P1,human_mouse,CC13_CC14,NIH3T3_HEK293T,no,no,no,no,no,no,no,15.7,599
JP298_PC702_WC52,JP298,NA,NA,PC702,CTCCGCTTAT,WC52,AACGCCATTC,NA,JP298_P1,human_mouse,CC13_CC14,NIH3T3_HEK293T,no,no,no,no,no,no,no,15.7,599
JP298_PC702_WC53,JP298,NA,NA,PC702,CTCCGCTTAT,WC53,TCCTGAACTT,NA,JP298_P1,human_mouse,CC13_CC14,NIH3T3_HEK293T,no,no,no,no,no,no,no,15.7,599
JP298_PC702_WC54,JP298,NA,NA,PC702,CTCCGCTTAT,WC54,ACAATTGGTC,NA,JP298_P1,human_mouse,CC13_CC14,NIH3T3_HEK293T,no,no,no,no,no,no,no,15.7,599
JP298_PC702_WC55,JP298,NA,NA,PC702,CTCCGCTTAT,WC55,GTCACAGACA,NA,JP298_P1,human_mouse,CC13_CC14,NIH3T3_HEK293T,no,no,no,no,no,no,no,15.7,599
JP298_PC702_WC56,JP298,NA,NA,PC702,CTCCGCTTAT,WC56,GCCAATGTTC,NA,JP298_P1,human_mouse,CC13_CC14,NIH3T3_HEK293T,no,no,no,no,no,no,no,15.7,599
JP298_PC702_WC57,JP298,NA,NA,PC702,CTCCGCTTAT,WC57,TAGTGTTACG,NA,JP298_P1,human_mouse,CC13_CC14,NIH3T3_HEK293T,no,no,no,no,no,no,no,15.7,599
JP298_PC702_WC58,JP298,NA,NA,PC702,CTCCGCTTAT,WC58,TTGGAAGTAC,NA,JP298_P1,human_mouse,CC13_CC14,NIH3T3_HEK293T,no,no,no,no,no,no,no,15.7,599
JP298_PC702_WC59,JP298,NA,NA,PC702,CTCCGCTTAT,WC59,AAGACGCTAA,NA,JP298_P1,human_mouse,CC13_CC14,NIH3T3_HEK293T,no,no,no,no,no,no,no,15.7,599
JP298_PC702_WC60,JP298,NA,NA,PC702,CTCCGCTTAT,WC60,AGACGGTCAA,NA,JP298_P1,human_mouse,CC13_CC14,NIH3T3_HEK293T,no,no,no,no,no,no,no,15.7,599
JP298_PC702_WC61,JP298,NA,NA,PC702,CTCCGCTTAT,WC61,GAGAAGCCGT,NA,JP298_P1,human_mouse,CC13_CC14,NIH3T3_HEK293T,no,no,no,no,no,no,no,15.7,599
JP298_PC702_WC62,JP298,NA,NA,PC702,CTCCGCTTAT,WC62,ATACATCGCA,NA,JP298_P1,human_mouse,CC13_CC14,NIH3T3_HEK293T,no,no,no,no,no,no,no,15.7,599
JP298_PC702_WC63,JP298,NA,NA,PC702,CTCCGCTTAT,WC63,TGCTGAACGC,NA,JP298_P1,human_mouse,CC13_CC14,NIH3T3_HEK293T,no,no,no,no,no,no,no,15.7,599
JP298_PC702_WC64,JP298,NA,NA,PC702,CTCCGCTTAT,WC64,CTTCCTAGGC,NA,JP298_P1,human_mouse,CC13_CC14,NIH3T3_HEK293T,no,no,no,no,no,no,no,15.7,599
JP298_PC702_WC65,JP298,NA,NA,PC702,CTCCGCTTAT,WC65,CGTTGGTAAC,NA,JP298_P1,human_mouse,CC13_CC14,NIH3T3_HEK293T,no,no,no,no,no,no,no,15.7,599
JP298_PC702_WC66,JP298,NA,NA,PC702,CTCCGCTTAT,WC66,CTTGGTTCGT,NA,JP298_P1,human_mouse,CC13_CC14,NIH3T3_HEK293T,no,no,no,no,no,no,no,15.7,599
JP298_PC702_WC67,JP298,NA,NA,PC702,CTCCGCTTAT,WC67,GACTTGCGTG,NA,JP298_P1,human_mouse,CC13_CC14,NIH3T3_HEK293T,no,no,no,no,no,no,no,15.7,599
JP298_PC702_WC68,JP298,NA,NA,PC702,CTCCGCTTAT,WC68,CTTCTCCAGC,NA,JP298_P1,human_mouse,CC13_CC14,NIH3T3_HEK293T,no,no,no,no,no,no,no,15.7,599
JP298_PC702_WC69,JP298,NA,NA,PC702,CTCCGCTTAT,WC69,CGTACACTGG,NA,JP298_P1,human_mouse,CC13_CC14,NIH3T3_HEK293T,no,no,no,no,no,no,no,15.7,599
JP298_PC702_WC70,JP298,NA,NA,PC702,CTCCGCTTAT,WC70,TCGCATCAAC,NA,JP298_P1,human_mouse,CC13_CC14,NIH3T3_HEK293T,no,no,no,no,no,no,no,15.7,599
JP298_PC702_WC71,JP298,NA,NA,PC702,CTCCGCTTAT,WC71,ATAACAAGCG,NA,JP298_P1,human_mouse,CC13_CC14,NIH3T3_HEK293T,no,no,no,no,no,no,no,15.7,599
JP298_PC702_WC72,JP298,NA,NA,PC702,CTCCGCTTAT,WC72,TGAACGTTAC,NA,JP298_P1,human_mouse,CC13_CC14,NIH3T3_HEK293T,no,no,no,no,no,no,no,15.7,599
JP298_PC702_WC73,JP298,NA,NA,PC702,CTCCGCTTAT,WC73,GAAGACTCGG,NA,JP298_P1,human_mouse,CC13_CC14,NIH3T3_HEK293T,no,no,no,no,no,no,no,15.7,599
JP298_PC702_WC74,JP298,NA,NA,PC702,CTCCGCTTAT,WC74,TAGCGCAATA,NA,JP298_P1,human_mouse,CC13_CC14,NIH3T3_HEK293T,no,no,no,no,no,no,no,15.7,599
JP298_PC702_WC75,JP298,NA,NA,PC702,CTCCGCTTAT,WC75,TTAGACCACA,NA,JP298_P1,human_mouse,CC13_CC14,NIH3T3_HEK293T,no,no,no,no,no,no,no,15.7,599
JP298_PC702_WC76,JP298,NA,NA,PC702,CTCCGCTTAT,WC76,CGTAGACGTG,NA,JP298_P1,human_mouse,CC13_CC14,NIH3T3_HEK293T,no,no,no,no,no,no,no,15.7,599
JP298_PC702_WC77,JP298,NA,NA,PC702,CTCCGCTTAT,WC77,TCACTGGACT,NA,JP298_P1,human_mouse,CC13_CC14,NIH3T3_HEK293T,no,no,no,no,no,no,no,15.7,599
JP298_PC702_WC78,JP298,NA,NA,PC702,CTCCGCTTAT,WC78,GACCAAGCAT,NA,JP298_P1,human_mouse,CC13_CC14,NIH3T3_HEK293T,no,no,no,no,no,no,no,15.7,599
JP298_PC702_WC79,JP298,NA,NA,PC702,CTCCGCTTAT,WC79,GCGAGTATCA,NA,JP298_P1,human_mouse,CC13_CC14,NIH3T3_HEK293T,no,no,no,no,no,no,no,15.7,599
JP298_PC702_WC80,JP298,NA,NA,PC702,CTCCGCTTAT,WC80,CTCTCGATAA,NA,JP298_P1,human_mouse,CC13_CC14,NIH3T3_HEK293T,no,no,no,no,no,no,no,15.7,599
JP298_PC702_WC81,JP298,NA,NA,PC702,CTCCGCTTAT,WC81,AATACTGGCA,NA,JP298_P1,human_mouse,CC13_CC14,NIH3T3_HEK293T,no,no,no,no,no,no,no,15.7,599
JP298_PC702_WC82,JP298,NA,NA,PC702,CTCCGCTTAT,WC82,TATGCAACTC,NA,JP298_P1,human_mouse,CC13_CC14,NIH3T3_HEK293T,no,no,no,no,no,no,no,15.7,599
JP298_PC702_WC83,JP298,NA,NA,PC702,CTCCGCTTAT,WC83,ATGCTAGTGT,NA,JP298_P1,human_mouse,CC13_CC14,NIH3T3_HEK293T,no,no,no,no,no,no,no,15.7,599
JP298_PC702_WC84,JP298,NA,NA,PC702,CTCCGCTTAT,WC84,CCATTAGAAC,NA,JP298_P1,human_mouse,CC13_CC14,NIH3T3_HEK293T,no,no,no,no,no,no,no,15.7,599
JP298_PC702_WC85,JP298,NA,NA,PC702,CTCCGCTTAT,WC85,AACGTGAACG,NA,JP298_P1,human_mouse,CC13_CC14,NIH3T3_HEK293T,no,no,no,no,no,no,no,15.7,599
JP298_PC702_WC86,JP298,NA,NA,PC702,CTCCGCTTAT,WC86,TAACGCAGTC,NA,JP298_P1,human_mouse,CC13_CC14,NIH3T3_HEK293T,no,no,no,no,no,no,no,15.7,599
JP298_PC702_WC87,JP298,NA,NA,PC702,CTCCGCTTAT,WC87,CCATAAGCCA,NA,JP298_P1,human_mouse,CC13_CC14,NIH3T3_HEK293T,no,no,no,no,no,no,no,15.7,599
JP298_PC702_WC88,JP298,NA,NA,PC702,CTCCGCTTAT,WC88,GTGCCTCTGA,NA,JP298_P1,human_mouse,CC13_CC14,NIH3T3_HEK293T,no,no,no,no,no,no,no,15.7,599
JP298_PC702_WC89,JP298,NA,NA,PC702,CTCCGCTTAT,WC89,TAGCCTAGCG,NA,JP298_P1,human_mouse,CC13_CC14,NIH3T3_HEK293T,no,no,no,no,no,no,no,15.7,599
JP298_PC702_WC90,JP298,NA,NA,PC702,CTCCGCTTAT,WC90,TGTTACGGTT,NA,JP298_P1,human_mouse,CC13_CC14,NIH3T3_HEK293T,no,no,no,no,no,no,no,15.7,599
JP298_PC702_WC91,JP298,NA,NA,PC702,CTCCGCTTAT,WC91,TCATACCAAG,NA,JP298_P1,human_mouse,CC13_CC14,NIH3T3_HEK293T,no,no,no,no,no,no,no,15.7,599
JP298_PC702_WC92,JP298,NA,NA,PC702,CTCCGCTTAT,WC92,CGGATCTACA,NA,JP298_P1,human_mouse,CC13_CC14,NIH3T3_HEK293T,no,no,no,no,no,no,no,15.7,599
JP298_PC702_WC93,JP298,NA,NA,PC702,CTCCGCTTAT,WC93,CGGTAGAGTT,NA,JP298_P1,human_mouse,CC13_CC14,NIH3T3_HEK293T,no,no,no,no,no,no,no,15.7,599
JP298_PC702_WC94,JP298,NA,NA,PC702,CTCCGCTTAT,WC94,GAATGTCACG,NA,JP298_P1,human_mouse,CC13_CC14,NIH3T3_HEK293T,no,no,no,no,no,no,no,15.7,599
JP298_PC702_WC95,JP298,NA,NA,PC702,CTCCGCTTAT,WC95,CCTGGTACAG,NA,JP298_P1,human_mouse,CC13_CC14,NIH3T3_HEK293T,no,no,no,no,no,no,no,15.7,599
JP298_PC702_WC96,JP298,NA,NA,PC702,CTCCGCTTAT,WC96,CGGAACCAGT,NA,JP298_P1,human_mouse,CC13_CC14,NIH3T3_HEK293T,no,no,no,no,no,no,no,15.7,599
JP298_PC703_WC1,JP298,NA,NA,PC703,ATTAAGGTCG,WC1,GATTCACGAC,NA,JP298_P2,human_mouse,CC13_CC14,NIH3T3_HEK293T,no,no,no,no,no,no,no,18.4,586
JP298_PC703_WC2,JP298,NA,NA,PC703,ATTAAGGTCG,WC2,CGTAGAACAG,NA,JP298_P2,human_mouse,CC13_CC14,NIH3T3_HEK293T,no,no,no,no,no,no,no,18.4,586
JP298_PC703_WC3,JP298,NA,NA,PC703,ATTAAGGTCG,WC3,ACCTAAGAGC,NA,JP298_P2,human_mouse,CC13_CC14,NIH3T3_HEK293T,no,no,no,no,no,no,no,18.4,586
JP298_PC703_WC4,JP298,NA,NA,PC703,ATTAAGGTCG,WC4,ATGGCTTCTA,NA,JP298_P2,human_mouse,CC13_CC14,NIH3T3_HEK293T,no,no,no,no,no,no,no,18.4,586
JP298_PC703_WC5,JP298,NA,NA,PC703,ATTAAGGTCG,WC5,TACCTAAGTG,NA,JP298_P2,human_mouse,CC13_CC14,NIH3T3_HEK293T,no,no,no,no,no,no,no,18.4,586
JP298_PC703_WC6,JP298,NA,NA,PC703,ATTAAGGTCG,WC6,CCTTACCTAT,NA,JP298_P2,human_mouse,CC13_CC14,NIH3T3_HEK293T,no,no,no,no,no,no,no,18.4,586
JP298_PC703_WC7,JP298,NA,NA,PC703,ATTAAGGTCG,WC7,ATATAAGGCG,NA,JP298_P2,human_mouse,CC13_CC14,NIH3T3_HEK293T,no,no,no,no,no,no,no,18.4,586
JP298_PC703_WC8,JP298,NA,NA,PC703,ATTAAGGTCG,WC8,AGCATCGTGC,NA,JP298_P2,human_mouse,CC13_CC14,NIH3T3_HEK293T,no,no,no,no,no,no,no,18.4,586
JP298_PC703_WC9,JP298,NA,NA,PC703,ATTAAGGTCG,WC9,CTGGCATATT,NA,JP298_P2,human_mouse,CC13_CC14,NIH3T3_HEK293T,no,no,no,no,no,no,no,18.4,586
JP298_PC703_WC10,JP298,NA,NA,PC703,ATTAAGGTCG,WC10,CGTGACTCTA,NA,JP298_P2,human_mouse,CC13_CC14,NIH3T3_HEK293T,no,no,no,no,no,no,no,18.4,586
JP298_PC703_WC11,JP298,NA,NA,PC703,ATTAAGGTCG,WC11,GACCTGTTAA,NA,JP298_P2,human_mouse,CC13_CC14,NIH3T3_HEK293T,no,no,no,no,no,no,no,18.4,586
JP298_PC703_WC12,JP298,NA,NA,PC703,ATTAAGGTCG,WC12,TGGCTCATGT,NA,JP298_P2,human_mouse,CC13_CC14,NIH3T3_HEK293T,no,no,no,no,no,no,no,18.4,586
JP298_PC703_WC13,JP298,NA,NA,PC703,ATTAAGGTCG,WC13,AGAACCTCGC,NA,JP298_P2,human_mouse,CC13_CC14,NIH3T3_HEK293T,no,no,no,no,no,no,no,18.4,586
JP298_PC703_WC14,JP298,NA,NA,PC703,ATTAAGGTCG,WC14,CCTACGGACA,NA,JP298_P2,human_mouse,CC13_CC14,NIH3T3_HEK293T,no,no,no,no,no,no,no,18.4,586
JP298_PC703_WC15,JP298,NA,NA,PC703,ATTAAGGTCG,WC15,AGGCATAATG,NA,JP298_P2,human_mouse,CC13_CC14,NIH3T3_HEK293T,no,no,no,no,no,no,no,18.4,586
JP298_PC703_WC16,JP298,NA,NA,PC703,ATTAAGGTCG,WC16,CAACAGTGGA,NA,JP298_P2,human_mouse,CC13_CC14,NIH3T3_HEK293T,no,no,no,no,no,no,no,18.4,586
JP298_PC703_WC17,JP298,NA,NA,PC703,ATTAAGGTCG,WC17,TGTCGTTAAG,NA,JP298_P2,human_mouse,CC13_CC14,NIH3T3_HEK293T,no,no,no,no,no,no,no,18.4,586
JP298_PC703_WC18,JP298,NA,NA,PC703,ATTAAGGTCG,WC18,AGCTCGAGGA,NA,JP298_P2,human_mouse,CC13_CC14,NIH3T3_HEK293T,no,no,no,no,no,no,no,18.4,586
JP298_PC703_WC19,JP298,NA,NA,PC703,ATTAAGGTCG,WC19,ACATTACTCG,NA,JP298_P2,human_mouse,CC13_CC14,NIH3T3_HEK293T,no,no,no,no,no,no,no,18.4,586
JP298_PC703_WC20,JP298,NA,NA,PC703,ATTAAGGTCG,WC20,CATACCGCTG,NA,JP298_P2,human_mouse,CC13_CC14,NIH3T3_HEK293T,no,no,no,no,no,no,no,18.4,586
JP298_PC703_WC21,JP298,NA,NA,PC703,ATTAAGGTCG,WC21,TGCAAGTAGC,NA,JP298_P2,human_mouse,CC13_CC14,NIH3T3_HEK293T,no,no,no,no,no,no,no,18.4,586
JP298_PC703_WC22,JP298,NA,NA,PC703,ATTAAGGTCG,WC22,CTTCAATAGC,NA,JP298_P2,human_mouse,CC13_CC14,NIH3T3_HEK293T,no,no,no,no,no,no,no,18.4,586
JP298_PC703_WC23,JP298,NA,NA,PC703,ATTAAGGTCG,WC23,CGGATGCTGA,NA,JP298_P2,human_mouse,CC13_CC14,NIH3T3_HEK293T,no,no,no,no,no,no,no,18.4,586
JP298_PC703_WC24,JP298,NA,NA,PC703,ATTAAGGTCG,WC24,CCACCACCTA,NA,JP298_P2,human_mouse,CC13_CC14,NIH3T3_HEK293T,no,no,no,no,no,no,no,18.4,586
JP298_PC703_WC25,JP298,NA,NA,PC703,ATTAAGGTCG,WC25,ATCCGATCTT,NA,JP298_P2,human_mouse,CC13_CC14,NIH3T3_HEK293T,no,no,no,no,no,no,no,18.4,586
JP298_PC703_WC26,JP298,NA,NA,PC703,ATTAAGGTCG,WC26,CGGACGTTAA,NA,JP298_P2,human_mouse,CC13_CC14,NIH3T3_HEK293T,no,no,no,no,no,no,no,18.4,586
JP298_PC703_WC27,JP298,NA,NA,PC703,ATTAAGGTCG,WC27,GATCGGTAAT,NA,JP298_P2,human_mouse,CC13_CC14,NIH3T3_HEK293T,no,no,no,no,no,no,no,18.4,586
JP298_PC703_WC28,JP298,NA,NA,PC703,ATTAAGGTCG,WC28,ACGATGCAAC,NA,JP298_P2,human_mouse,CC13_CC14,NIH3T3_HEK293T,no,no,no,no,no,no,no,18.4,586
JP298_PC703_WC29,JP298,NA,NA,PC703,ATTAAGGTCG,WC29,AACGTCCAGT,NA,JP298_P2,human_mouse,CC13_CC14,NIH3T3_HEK293T,no,no,no,no,no,no,no,18.4,586
JP298_PC703_WC30,JP298,NA,NA,PC703,ATTAAGGTCG,WC30,ACACGAACAA,NA,JP298_P2,human_mouse,CC13_CC14,NIH3T3_HEK293T,no,no,no,no,no,no,no,18.4,586
JP298_PC703_WC31,JP298,NA,NA,PC703,ATTAAGGTCG,WC31,CTCAGTCCGT,NA,JP298_P2,human_mouse,CC13_CC14,NIH3T3_HEK293T,no,no,no,no,no,no,no,18.4,586
JP298_PC703_WC32,JP298,NA,NA,PC703,ATTAAGGTCG,WC32,TATGACGGTG,NA,JP298_P2,human_mouse,CC13_CC14,NIH3T3_HEK293T,no,no,no,no,no,no,no,18.4,586
JP298_PC703_WC33,JP298,NA,NA,PC703,ATTAAGGTCG,WC33,ACACAACTAC,NA,JP298_P2,human_mouse,CC13_CC14,NIH3T3_HEK293T,no,no,no,no,no,no,no,18.4,586
JP298_PC703_WC34,JP298,NA,NA,PC703,ATTAAGGTCG,WC34,AAGGACTCAG,NA,JP298_P2,human_mouse,CC13_CC14,NIH3T3_HEK293T,no,no,no,no,no,no,no,18.4,586
JP298_PC703_WC35,JP298,NA,NA,PC703,ATTAAGGTCG,WC35,GCAACTGTGA,NA,JP298_P2,human_mouse,CC13_CC14,NIH3T3_HEK293T,no,no,no,no,no,no,no,18.4,586
JP298_PC703_WC36,JP298,NA,NA,PC703,ATTAAGGTCG,WC36,CGCTTACAAT,NA,JP298_P2,human_mouse,CC13_CC14,NIH3T3_HEK293T,no,no,no,no,no,no,no,18.4,586
JP298_PC703_WC37,JP298,NA,NA,PC703,ATTAAGGTCG,WC37,AGAGAGACCG,NA,JP298_P2,human_mouse,CC13_CC14,NIH3T3_HEK293T,no,no,no,no,no,no,no,18.4,586
JP298_PC703_WC38,JP298,NA,NA,PC703,ATTAAGGTCG,WC38,CATTGCTGTT,NA,JP298_P2,human_mouse,CC13_CC14,NIH3T3_HEK293T,no,no,no,no,no,no,no,18.4,586
JP298_PC703_WC39,JP298,NA,NA,PC703,ATTAAGGTCG,WC39,GCAACACGGA,NA,JP298_P2,human_mouse,CC13_CC14,NIH3T3_HEK293T,no,no,no,no,no,no,no,18.4,586
JP298_PC703_WC40,JP298,NA,NA,PC703,ATTAAGGTCG,WC40,TCACTTCGCA,NA,JP298_P2,human_mouse,CC13_CC14,NIH3T3_HEK293T,no,no,no,no,no,no,no,18.4,586
JP298_PC703_WC41,JP298,NA,NA,PC703,ATTAAGGTCG,WC41,AATAGCTGTG,NA,JP298_P2,human_mouse,CC13_CC14,NIH3T3_HEK293T,no,no,no,no,no,no,no,18.4,586
JP298_PC703_WC42,JP298,NA,NA,PC703,ATTAAGGTCG,WC42,GAACACTATC,NA,JP298_P2,human_mouse,CC13_CC14,NIH3T3_HEK293T,no,no,no,no,no,no,no,18.4,586
JP298_PC703_WC43,JP298,NA,NA,PC703,ATTAAGGTCG,WC43,CTGGTAGCTA,NA,JP298_P2,human_mouse,CC13_CC14,NIH3T3_HEK293T,no,no,no,no,no,no,no,18.4,586
JP298_PC703_WC44,JP298,NA,NA,PC703,ATTAAGGTCG,WC44,TGCGTGAGCA,NA,JP298_P2,human_mouse,CC13_CC14,NIH3T3_HEK293T,no,no,no,no,no,no,no,18.4,586
JP298_PC703_WC45,JP298,NA,NA,PC703,ATTAAGGTCG,WC45,TAGCACACTT,NA,JP298_P2,human_mouse,CC13_CC14,NIH3T3_HEK293T,no,no,no,no,no,no,no,18.4,586
JP298_PC703_WC46,JP298,NA,NA,PC703,ATTAAGGTCG,WC46,CAGACGATGA,NA,JP298_P2,human_mouse,CC13_CC14,NIH3T3_HEK293T,no,no,no,no,no,no,no,18.4,586
JP298_PC703_WC47,JP298,NA,NA,PC703,ATTAAGGTCG,WC47,CGGAGCATCT,NA,JP298_P2,human_mouse,CC13_CC14,NIH3T3_HEK293T,no,no,no,no,no,no,no,18.4,586
JP298_PC703_WC48,JP298,NA,NA,PC703,ATTAAGGTCG,WC48,CGCTTGGTTC,NA,JP298_P2,human_mouse,CC13_CC14,NIH3T3_HEK293T,no,no,no,no,no,no,no,18.4,586
JP298_PC703_WC49,JP298,NA,NA,PC703,ATTAAGGTCG,WC49,CTTGAAGAGG,NA,JP298_P2,human_mouse,CC13_CC14,NIH3T3_HEK293T,no,no,no,no,no,no,no,18.4,586
JP298_PC703_WC50,JP298,NA,NA,PC703,ATTAAGGTCG,WC50,AGATGCGACG,NA,JP298_P2,human_mouse,CC13_CC14,NIH3T3_HEK293T,no,no,no,no,no,no,no,18.4,586
JP298_PC703_WC51,JP298,NA,NA,PC703,ATTAAGGTCG,WC51,GAACGTTCGG,NA,JP298_P2,human_mouse,CC13_CC14,NIH3T3_HEK293T,no,no,no,no,no,no,no,18.4,586
JP298_PC703_WC52,JP298,NA,NA,PC703,ATTAAGGTCG,WC52,AACGCCATTC,NA,JP298_P2,human_mouse,CC13_CC14,NIH3T3_HEK293T,no,no,no,no,no,no,no,18.4,586
JP298_PC703_WC53,JP298,NA,NA,PC703,ATTAAGGTCG,WC53,TCCTGAACTT,NA,JP298_P2,human_mouse,CC13_CC14,NIH3T3_HEK293T,no,no,no,no,no,no,no,18.4,586
JP298_PC703_WC54,JP298,NA,NA,PC703,ATTAAGGTCG,WC54,ACAATTGGTC,NA,JP298_P2,human_mouse,CC13_CC14,NIH3T3_HEK293T,no,no,no,no,no,no,no,18.4,586
JP298_PC703_WC55,JP298,NA,NA,PC703,ATTAAGGTCG,WC55,GTCACAGACA,NA,JP298_P2,human_mouse,CC13_CC14,NIH3T3_HEK293T,no,no,no,no,no,no,no,18.4,586
JP298_PC703_WC56,JP298,NA,NA,PC703,ATTAAGGTCG,WC56,GCCAATGTTC,NA,JP298_P2,human_mouse,CC13_CC14,NIH3T3_HEK293T,no,no,no,no,no,no,no,18.4,586
JP298_PC703_WC57,JP298,NA,NA,PC703,ATTAAGGTCG,WC57,TAGTGTTACG,NA,JP298_P2,human_mouse,CC13_CC14,NIH3T3_HEK293T,no,no,no,no,no,no,no,18.4,586
JP298_PC703_WC58,JP298,NA,NA,PC703,ATTAAGGTCG,WC58,TTGGAAGTAC,NA,JP298_P2,human_mouse,CC13_CC14,NIH3T3_HEK293T,no,no,no,no,no,no,no,18.4,586
JP298_PC703_WC59,JP298,NA,NA,PC703,ATTAAGGTCG,WC59,AAGACGCTAA,NA,JP298_P2,human_mouse,CC13_CC14,NIH3T3_HEK293T,no,no,no,no,no,no,no,18.4,586
JP298_PC703_WC60,JP298,NA,NA,PC703,ATTAAGGTCG,WC60,AGACGGTCAA,NA,JP298_P2,human_mouse,CC13_CC14,NIH3T3_HEK293T,no,no,no,no,no,no,no,18.4,586
JP298_PC703_WC61,JP298,NA,NA,PC703,ATTAAGGTCG,WC61,GAGAAGCCGT,NA,JP298_P2,human_mouse,CC13_CC14,NIH3T3_HEK293T,no,no,no,no,no,no,no,18.4,586
JP298_PC703_WC62,JP298,NA,NA,PC703,ATTAAGGTCG,WC62,ATACATCGCA,NA,JP298_P2,human_mouse,CC13_CC14,NIH3T3_HEK293T,no,no,no,no,no,no,no,18.4,586
JP298_PC703_WC63,JP298,NA,NA,PC703,ATTAAGGTCG,WC63,TGCTGAACGC,NA,JP298_P2,human_mouse,CC13_CC14,NIH3T3_HEK293T,no,no,no,no,no,no,no,18.4,586
JP298_PC703_WC64,JP298,NA,NA,PC703,ATTAAGGTCG,WC64,CTTCCTAGGC,NA,JP298_P2,human_mouse,CC13_CC14,NIH3T3_HEK293T,no,no,no,no,no,no,no,18.4,586
JP298_PC703_WC65,JP298,NA,NA,PC703,ATTAAGGTCG,WC65,CGTTGGTAAC,NA,JP298_P2,human_mouse,CC13_CC14,NIH3T3_HEK293T,no,no,no,no,no,no,no,18.4,586
JP298_PC703_WC66,JP298,NA,NA,PC703,ATTAAGGTCG,WC66,CTTGGTTCGT,NA,JP298_P2,human_mouse,CC13_CC14,NIH3T3_HEK293T,no,no,no,no,no,no,no,18.4,586
JP298_PC703_WC67,JP298,NA,NA,PC703,ATTAAGGTCG,WC67,GACTTGCGTG,NA,JP298_P2,human_mouse,CC13_CC14,NIH3T3_HEK293T,no,no,no,no,no,no,no,18.4,586
JP298_PC703_WC68,JP298,NA,NA,PC703,ATTAAGGTCG,WC68,CTTCTCCAGC,NA,JP298_P2,human_mouse,CC13_CC14,NIH3T3_HEK293T,no,no,no,no,no,no,no,18.4,586
JP298_PC703_WC69,JP298,NA,NA,PC703,ATTAAGGTCG,WC69,CGTACACTGG,NA,JP298_P2,human_mouse,CC13_CC14,NIH3T3_HEK293T,no,no,no,no,no,no,no,18.4,586
JP298_PC703_WC70,JP298,NA,NA,PC703,ATTAAGGTCG,WC70,TCGCATCAAC,NA,JP298_P2,human_mouse,CC13_CC14,NIH3T3_HEK293T,no,no,no,no,no,no,no,18.4,586
JP298_PC703_WC71,JP298,NA,NA,PC703,ATTAAGGTCG,WC71,ATAACAAGCG,NA,JP298_P2,human_mouse,CC13_CC14,NIH3T3_HEK293T,no,no,no,no,no,no,no,18.4,586
JP298_PC703_WC72,JP298,NA,NA,PC703,ATTAAGGTCG,WC72,TGAACGTTAC,NA,JP298_P2,human_mouse,CC13_CC14,NIH3T3_HEK293T,no,no,no,no,no,no,no,18.4,586
JP298_PC703_WC73,JP298,NA,NA,PC703,ATTAAGGTCG,WC73,GAAGACTCGG,NA,JP298_P2,human_mouse,CC13_CC14,NIH3T3_HEK293T,no,no,no,no,no,no,no,18.4,586
JP298_PC703_WC74,JP298,NA,NA,PC703,ATTAAGGTCG,WC74,TAGCGCAATA,NA,JP298_P2,human_mouse,CC13_CC14,NIH3T3_HEK293T,no,no,no,no,no,no,no,18.4,586
JP298_PC703_WC75,JP298,NA,NA,PC703,ATTAAGGTCG,WC75,TTAGACCACA,NA,JP298_P2,human_mouse,CC13_CC14,NIH3T3_HEK293T,no,no,no,no,no,no,no,18.4,586
JP298_PC703_WC76,JP298,NA,NA,PC703,ATTAAGGTCG,WC76,CGTAGACGTG,NA,JP298_P2,human_mouse,CC13_CC14,NIH3T3_HEK293T,no,no,no,no,no,no,no,18.4,586
JP298_PC703_WC77,JP298,NA,NA,PC703,ATTAAGGTCG,WC77,TCACTGGACT,NA,JP298_P2,human_mouse,CC13_CC14,NIH3T3_HEK293T,no,no,no,no,no,no,no,18.4,586
JP298_PC703_WC78,JP298,NA,NA,PC703,ATTAAGGTCG,WC78,GACCAAGCAT,NA,JP298_P2,human_mouse,CC13_CC14,NIH3T3_HEK293T,no,no,no,no,no,no,no,18.4,586
JP298_PC703_WC79,JP298,NA,NA,PC703,ATTAAGGTCG,WC79,GCGAGTATCA,NA,JP298_P2,human_mouse,CC13_CC14,NIH3T3_HEK293T,no,no,no,no,no,no,no,18.4,586
JP298_PC703_WC80,JP298,NA,NA,PC703,ATTAAGGTCG,WC80,CTCTCGATAA,NA,JP298_P2,human_mouse,CC13_CC14,NIH3T3_HEK293T,no,no,no,no,no,no,no,18.4,586
JP298_PC703_WC81,JP298,NA,NA,PC703,ATTAAGGTCG,WC81,AATACTGGCA,NA,JP298_P2,human_mouse,CC13_CC14,NIH3T3_HEK293T,no,no,no,no,no,no,no,18.4,586
JP298_PC703_WC82,JP298,NA,NA,PC703,ATTAAGGTCG,WC82,TATGCAACTC,NA,JP298_P2,human_mouse,CC13_CC14,NIH3T3_HEK293T,no,no,no,no,no,no,no,18.4,586
JP298_PC703_WC83,JP298,NA,NA,PC703,ATTAAGGTCG,WC83,ATGCTAGTGT,NA,JP298_P2,human_mouse,CC13_CC14,NIH3T3_HEK293T,no,no,no,no,no,no,no,18.4,586
JP298_PC703_WC84,JP298,NA,NA,PC703,ATTAAGGTCG,WC84,CCATTAGAAC,NA,JP298_P2,human_mouse,CC13_CC14,NIH3T3_HEK293T,no,no,no,no,no,no,no,18.4,586
JP298_PC703_WC85,JP298,NA,NA,PC703,ATTAAGGTCG,WC85,AACGTGAACG,NA,JP298_P2,human_mouse,CC13_CC14,NIH3T3_HEK293T,no,no,no,no,no,no,no,18.4,586
JP298_PC703_WC86,JP298,NA,NA,PC703,ATTAAGGTCG,WC86,TAACGCAGTC,NA,JP298_P2,human_mouse,CC13_CC14,NIH3T3_HEK293T,no,no,no,no,no,no,no,18.4,586
JP298_PC703_WC87,JP298,NA,NA,PC703,ATTAAGGTCG,WC87,CCATAAGCCA,NA,JP298_P2,human_mouse,CC13_CC14,NIH3T3_HEK293T,no,no,no,no,no,no,no,18.4,586
JP298_PC703_WC88,JP298,NA,NA,PC703,ATTAAGGTCG,WC88,GTGCCTCTGA,NA,JP298_P2,human_mouse,CC13_CC14,NIH3T3_HEK293T,no,no,no,no,no,no,no,18.4,586
JP298_PC703_WC89,JP298,NA,NA,PC703,ATTAAGGTCG,WC89,TAGCCTAGCG,NA,JP298_P2,human_mouse,CC13_CC14,NIH3T3_HEK293T,no,no,no,no,no,no,no,18.4,586
JP298_PC703_WC90,JP298,NA,NA,PC703,ATTAAGGTCG,WC90,TGTTACGGTT,NA,JP298_P2,human_mouse,CC13_CC14,NIH3T3_HEK293T,no,no,no,no,no,no,no,18.4,586
JP298_PC703_WC91,JP298,NA,NA,PC703,ATTAAGGTCG,WC91,TCATACCAAG,NA,JP298_P2,human_mouse,CC13_CC14,NIH3T3_HEK293T,no,no,no,no,no,no,no,18.4,586
JP298_PC703_WC92,JP298,NA,NA,PC703,ATTAAGGTCG,WC92,CGGATCTACA,NA,JP298_P2,human_mouse,CC13_CC14,NIH3T3_HEK293T,no,no,no,no,no,no,no,18.4,586
JP298_PC703_WC93,JP298,NA,NA,PC703,ATTAAGGTCG,WC93,CGGTAGAGTT,NA,JP298_P2,human_mouse,CC13_CC14,NIH3T3_HEK293T,no,no,no,no,no,no,no,18.4,586
JP298_PC703_WC94,JP298,NA,NA,PC703,ATTAAGGTCG,WC94,GAATGTCACG,NA,JP298_P2,human_mouse,CC13_CC14,NIH3T3_HEK293T,no,no,no,no,no,no,no,18.4,586
JP298_PC703_WC95,JP298,NA,NA,PC703,ATTAAGGTCG,WC95,CCTGGTACAG,NA,JP298_P2,human_mouse,CC13_CC14,NIH3T3_HEK293T,no,no,no,no,no,no,no,18.4,586
JP298_PC703_WC96,JP298,NA,NA,PC703,ATTAAGGTCG,WC96,CGGAACCAGT,NA,JP298_P2,human_mouse,CC13_CC14,NIH3T3_HEK293T,no,no,no,no,no,no,no,18.4,586
NG069_PC704_WC1,NG069,NA,NA,PC704,GTGGCAACAT,WC1,GATTCACGAC,NA,NG069_P1,human,CC14_CC2_CC3,1a_3a_4b,no,no,no,no,no,no,no,18.6,594
NG069_PC704_WC2,NG069,NA,NA,PC704,GTGGCAACAT,WC2,CGTAGAACAG,NA,NG069_P1,human,CC14_CC2_CC3,1a_3a_4b,no,no,no,no,no,no,no,18.6,594
NG069_PC704_WC3,NG069,NA,NA,PC704,GTGGCAACAT,WC3,ACCTAAGAGC,NA,NG069_P1,human,CC14_CC2_CC3,1a_3a_4b,no,no,no,no,no,no,no,18.6,594
NG069_PC704_WC4,NG069,NA,NA,PC704,GTGGCAACAT,WC4,ATGGCTTCTA,NA,NG069_P1,human,CC14_CC2_CC3,1a_3a_4b,no,no,no,no,no,no,no,18.6,594
NG069_PC704_WC5,NG069,NA,NA,PC704,GTGGCAACAT,WC5,TACCTAAGTG,NA,NG069_P1,human,CC14_CC2_CC3,1a_3a_4b,no,no,no,no,no,no,no,18.6,594
NG069_PC704_WC6,NG069,NA,NA,PC704,GTGGCAACAT,WC6,CCTTACCTAT,NA,NG069_P1,human,CC14_CC2_CC3,1a_3a_4b,no,no,no,no,no,no,no,18.6,594
NG069_PC704_WC7,NG069,NA,NA,PC704,GTGGCAACAT,WC7,ATATAAGGCG,NA,NG069_P1,human,CC14_CC2_CC3,1a_3a_4b,no,no,no,no,no,no,no,18.6,594
NG069_PC704_WC8,NG069,NA,NA,PC704,GTGGCAACAT,WC8,AGCATCGTGC,NA,NG069_P1,human,CC14_CC2_CC3,1a_3a_4b,no,no,no,no,no,no,no,18.6,594
NG069_PC704_WC9,NG069,NA,NA,PC704,GTGGCAACAT,WC9,CTGGCATATT,NA,NG069_P1,human,CC14_CC2_CC3,1a_3a_4b,no,no,no,no,no,no,no,18.6,594
NG069_PC704_WC10,NG069,NA,NA,PC704,GTGGCAACAT,WC10,CGTGACTCTA,NA,NG069_P1,human,CC14_CC2_CC3,1a_3a_4b,no,no,no,no,no,no,no,18.6,594
NG069_PC704_WC11,NG069,NA,NA,PC704,GTGGCAACAT,WC11,GACCTGTTAA,NA,NG069_P1,human,CC14_CC2_CC3,1a_3a_4b,no,no,no,no,no,no,no,18.6,594
NG069_PC704_WC12,NG069,NA,NA,PC704,GTGGCAACAT,WC12,TGGCTCATGT,NA,NG069_P1,human,CC14_CC2_CC3,1a_3a_4b,no,no,no,no,no,no,no,18.6,594
NG069_PC704_WC13,NG069,NA,NA,PC704,GTGGCAACAT,WC13,AGAACCTCGC,NA,NG069_P1,human,CC14_CC2_CC3,1a_3a_4b,no,no,no,no,no,no,no,18.6,594
NG069_PC704_WC14,NG069,NA,NA,PC704,GTGGCAACAT,WC14,CCTACGGACA,NA,NG069_P1,human,CC14_CC2_CC3,1a_3a_4b,no,no,no,no,no,no,no,18.6,594
NG069_PC704_WC15,NG069,NA,NA,PC704,GTGGCAACAT,WC15,AGGCATAATG,NA,NG069_P1,human,CC14_CC2_CC3,1a_3a_4b,no,no,no,no,no,no,no,18.6,594
NG069_PC704_WC16,NG069,NA,NA,PC704,GTGGCAACAT,WC16,CAACAGTGGA,NA,NG069_P1,human,CC14_CC2_CC3,1a_3a_4b,no,no,no,no,no,no,no,18.6,594
NG069_PC704_WC17,NG069,NA,NA,PC704,GTGGCAACAT,WC17,TGTCGTTAAG,NA,NG069_P1,human,CC14_CC2_CC3,1a_3a_4b,no,no,no,no,no,no,no,18.6,594
NG069_PC704_WC18,NG069,NA,NA,PC704,GTGGCAACAT,WC18,AGCTCGAGGA,NA,NG069_P1,human,CC14_CC2_CC3,1a_3a_4b,no,no,no,no,no,no,no,18.6,594
NG069_PC704_WC19,NG069,NA,NA,PC704,GTGGCAACAT,WC19,ACATTACTCG,NA,NG069_P1,human,CC14_CC2_CC3,1a_3a_4b,no,no,no,no,no,no,no,18.6,594
NG069_PC704_WC20,NG069,NA,NA,PC704,GTGGCAACAT,WC20,CATACCGCTG,NA,NG069_P1,human,CC14_CC2_CC3,1a_3a_4b,no,no,no,no,no,no,no,18.6,594
NG069_PC704_WC21,NG069,NA,NA,PC704,GTGGCAACAT,WC21,TGCAAGTAGC,NA,NG069_P1,human,CC14_CC2_CC3,1a_3a_4b,no,no,no,no,no,no,no,18.6,594
NG069_PC704_WC22,NG069,NA,NA,PC704,GTGGCAACAT,WC22,CTTCAATAGC,NA,NG069_P1,human,CC14_CC2_CC3,1a_3a_4b,no,no,no,no,no,no,no,18.6,594
NG069_PC704_WC23,NG069,NA,NA,PC704,GTGGCAACAT,WC23,CGGATGCTGA,NA,NG069_P1,human,CC14_CC2_CC3,1a_3a_4b,no,no,no,no,no,no,no,18.6,594
NG069_PC704_WC24,NG069,NA,NA,PC704,GTGGCAACAT,WC24,CCACCACCTA,NA,NG069_P1,human,CC14_CC2_CC3,1a_3a_4b,no,no,no,no,no,no,no,18.6,594
NG069_PC704_WC25,NG069,NA,NA,PC704,GTGGCAACAT,WC25,ATCCGATCTT,NA,NG069_P1,human,CC14_CC2_CC3,1a_3a_4b,no,no,no,no,no,no,no,18.6,594
NG069_PC704_WC26,NG069,NA,NA,PC704,GTGGCAACAT,WC26,CGGACGTTAA,NA,NG069_P1,human,CC14_CC2_CC3,1a_3a_4b,no,no,no,no,no,no,no,18.6,594
NG069_PC704_WC27,NG069,NA,NA,PC704,GTGGCAACAT,WC27,GATCGGTAAT,NA,NG069_P1,human,CC14_CC2_CC3,1a_3a_4b,no,no,no,no,no,no,no,18.6,594
NG069_PC704_WC28,NG069,NA,NA,PC704,GTGGCAACAT,WC28,ACGATGCAAC,NA,NG069_P1,human,CC14_CC2_CC3,1a_3a_4b,no,no,no,no,no,no,no,18.6,594
NG069_PC704_WC29,NG069,NA,NA,PC704,GTGGCAACAT,WC29,AACGTCCAGT,NA,NG069_P1,human,CC14_CC2_CC3,1a_3a_4b,no,no,no,no,no,no,no,18.6,594
NG069_PC704_WC30,NG069,NA,NA,PC704,GTGGCAACAT,WC30,ACACGAACAA,NA,NG069_P1,human,CC14_CC2_CC3,1a_3a_4b,no,no,no,no,no,no,no,18.6,594
NG069_PC704_WC31,NG069,NA,NA,PC704,GTGGCAACAT,WC31,CTCAGTCCGT,NA,NG069_P1,human,CC14_CC2_CC3,1a_3a_4b,no,no,no,no,no,no,no,18.6,594
NG069_PC704_WC32,NG069,NA,NA,PC704,GTGGCAACAT,WC32,TATGACGGTG,NA,NG069_P1,human,CC14_CC2_CC3,1a_3a_4b,no,no,no,no,no,no,no,18.6,594
NG069_PC704_WC33,NG069,NA,NA,PC704,GTGGCAACAT,WC33,ACACAACTAC,NA,NG069_P1,human,CC14_CC2_CC3,1a_3a_4b,no,no,no,no,no,no,no,18.6,594
NG069_PC704_WC34,NG069,NA,NA,PC704,GTGGCAACAT,WC34,AAGGACTCAG,NA,NG069_P1,human,CC14_CC2_CC3,1a_3a_4b,no,no,no,no,no,no,no,18.6,594
NG069_PC704_WC35,NG069,NA,NA,PC704,GTGGCAACAT,WC35,GCAACTGTGA,NA,NG069_P1,human,CC14_CC2_CC3,1a_3a_4b,no,no,no,no,no,no,no,18.6,594
NG069_PC704_WC36,NG069,NA,NA,PC704,GTGGCAACAT,WC36,CGCTTACAAT,NA,NG069_P1,human,CC14_CC2_CC3,1a_3a_4b,no,no,no,no,no,no,no,18.6,594
NG069_PC704_WC37,NG069,NA,NA,PC704,GTGGCAACAT,WC37,AGAGAGACCG,NA,NG069_P1,human,CC14_CC2_CC3,1a_3a_4b,no,no,no,no,no,no,no,18.6,594
NG069_PC704_WC38,NG069,NA,NA,PC704,GTGGCAACAT,WC38,CATTGCTGTT,NA,NG069_P1,human,CC14_CC2_CC3,1a_3a_4b,no,no,no,no,no,no,no,18.6,594
NG069_PC704_WC39,NG069,NA,NA,PC704,GTGGCAACAT,WC39,GCAACACGGA,NA,NG069_P1,human,CC14_CC2_CC3,1a_3a_4b,no,no,no,no,no,no,no,18.6,594
NG069_PC704_WC40,NG069,NA,NA,PC704,GTGGCAACAT,WC40,TCACTTCGCA,NA,NG069_P1,human,CC14_CC2_CC3,1a_3a_4b,no,no,no,no,no,no,no,18.6,594
NG069_PC704_WC41,NG069,NA,NA,PC704,GTGGCAACAT,WC41,AATAGCTGTG,NA,NG069_P1,human,CC14_CC2_CC3,1a_3a_4b,no,no,no,no,no,no,no,18.6,594
NG069_PC704_WC42,NG069,NA,NA,PC704,GTGGCAACAT,WC42,GAACACTATC,NA,NG069_P1,human,CC14_CC2_CC3,1a_3a_4b,no,no,no,no,no,no,no,18.6,594
NG069_PC704_WC43,NG069,NA,NA,PC704,GTGGCAACAT,WC43,CTGGTAGCTA,NA,NG069_P1,human,CC14_CC2_CC3,1a_3a_4b,no,no,no,no,no,no,no,18.6,594
NG069_PC704_WC44,NG069,NA,NA,PC704,GTGGCAACAT,WC44,TGCGTGAGCA,NA,NG069_P1,human,CC14_CC2_CC3,1a_3a_4b,no,no,no,no,no,no,no,18.6,594
NG069_PC704_WC45,NG069,NA,NA,PC704,GTGGCAACAT,WC45,TAGCACACTT,NA,NG069_P1,human,CC14_CC2_CC3,1a_3a_4b,no,no,no,no,no,no,no,18.6,594
NG069_PC704_WC46,NG069,NA,NA,PC704,GTGGCAACAT,WC46,CAGACGATGA,NA,NG069_P1,human,CC14_CC2_CC3,1a_3a_4b,no,no,no,no,no,no,no,18.6,594
NG069_PC704_WC47,NG069,NA,NA,PC704,GTGGCAACAT,WC47,CGGAGCATCT,NA,NG069_P1,human,CC14_CC2_CC3,1a_3a_4b,no,no,no,no,no,no,no,18.6,594
NG069_PC704_WC48,NG069,NA,NA,PC704,GTGGCAACAT,WC48,CGCTTGGTTC,NA,NG069_P1,human,CC14_CC2_CC3,1a_3a_4b,no,no,no,no,no,no,no,18.6,594
NG069_PC704_WC49,NG069,NA,NA,PC704,GTGGCAACAT,WC49,CTTGAAGAGG,NA,NG069_P1,human,CC14_CC2_CC3,1a_3a_4b,no,no,no,no,no,no,no,18.6,594
NG069_PC704_WC50,NG069,NA,NA,PC704,GTGGCAACAT,WC50,AGATGCGACG,NA,NG069_P1,human,CC14_CC2_CC3,1a_3a_4b,no,no,no,no,no,no,no,18.6,594
NG069_PC704_WC51,NG069,NA,NA,PC704,GTGGCAACAT,WC51,GAACGTTCGG,NA,NG069_P1,human,CC14_CC2_CC3,1a_3a_4b,no,no,no,no,no,no,no,18.6,594
NG069_PC704_WC52,NG069,NA,NA,PC704,GTGGCAACAT,WC52,AACGCCATTC,NA,NG069_P1,human,CC14_CC2_CC3,1a_3a_4b,no,no,no,no,no,no,no,18.6,594
NG069_PC704_WC53,NG069,NA,NA,PC704,GTGGCAACAT,WC53,TCCTGAACTT,NA,NG069_P1,human,CC14_CC2_CC3,1a_3a_4b,no,no,no,no,no,no,no,18.6,594
NG069_PC704_WC54,NG069,NA,NA,PC704,GTGGCAACAT,WC54,ACAATTGGTC,NA,NG069_P1,human,CC14_CC2_CC3,1a_3a_4b,no,no,no,no,no,no,no,18.6,594
NG069_PC704_WC55,NG069,NA,NA,PC704,GTGGCAACAT,WC55,GTCACAGACA,NA,NG069_P1,human,CC14_CC2_CC3,1a_3a_4b,no,no,no,no,no,no,no,18.6,594
NG069_PC704_WC56,NG069,NA,NA,PC704,GTGGCAACAT,WC56,GCCAATGTTC,NA,NG069_P1,human,CC14_CC2_CC3,1a_3a_4b,no,no,no,no,no,no,no,18.6,594
NG069_PC704_WC57,NG069,NA,NA,PC704,GTGGCAACAT,WC57,TAGTGTTACG,NA,NG069_P1,human,CC14_CC2_CC3,1a_3a_4b,no,no,no,no,no,no,no,18.6,594
NG069_PC704_WC58,NG069,NA,NA,PC704,GTGGCAACAT,WC58,TTGGAAGTAC,NA,NG069_P1,human,CC14_CC2_CC3,1a_3a_4b,no,no,no,no,no,no,no,18.6,594
NG069_PC704_WC59,NG069,NA,NA,PC704,GTGGCAACAT,WC59,AAGACGCTAA,NA,NG069_P1,human,CC14_CC2_CC3,1a_3a_4b,no,no,no,no,no,no,no,18.6,594
NG069_PC704_WC60,NG069,NA,NA,PC704,GTGGCAACAT,WC60,AGACGGTCAA,NA,NG069_P1,human,CC14_CC2_CC3,1a_3a_4b,no,no,no,no,no,no,no,18.6,594
NG069_PC704_WC61,NG069,NA,NA,PC704,GTGGCAACAT,WC61,GAGAAGCCGT,NA,NG069_P1,human,CC14_CC2_CC3,1a_3a_4b,no,no,no,no,no,no,no,18.6,594
NG069_PC704_WC62,NG069,NA,NA,PC704,GTGGCAACAT,WC62,ATACATCGCA,NA,NG069_P1,human,CC14_CC2_CC3,1a_3a_4b,no,no,no,no,no,no,no,18.6,594
NG069_PC704_WC63,NG069,NA,NA,PC704,GTGGCAACAT,WC63,TGCTGAACGC,NA,NG069_P1,human,CC14_CC2_CC3,1a_3a_4b,no,no,no,no,no,no,no,18.6,594
NG069_PC704_WC64,NG069,NA,NA,PC704,GTGGCAACAT,WC64,CTTCCTAGGC,NA,NG069_P1,human,CC14_CC2_CC3,1a_3a_4b,no,no,no,no,no,no,no,18.6,594
NG069_PC704_WC65,NG069,NA,NA,PC704,GTGGCAACAT,WC65,CGTTGGTAAC,NA,NG069_P1,human,CC14_CC2_CC3,1a_3a_4b,no,no,no,no,no,no,no,18.6,594
NG069_PC704_WC66,NG069,NA,NA,PC704,GTGGCAACAT,WC66,CTTGGTTCGT,NA,NG069_P1,human,CC14_CC2_CC3,1a_3a_4b,no,no,no,no,no,no,no,18.6,594
NG069_PC704_WC67,NG069,NA,NA,PC704,GTGGCAACAT,WC67,GACTTGCGTG,NA,NG069_P1,human,CC14_CC2_CC3,1a_3a_4b,no,no,no,no,no,no,no,18.6,594
NG069_PC704_WC68,NG069,NA,NA,PC704,GTGGCAACAT,WC68,CTTCTCCAGC,NA,NG069_P1,human,CC14_CC2_CC3,1a_3a_4b,no,no,no,no,no,no,no,18.6,594
NG069_PC704_WC69,NG069,NA,NA,PC704,GTGGCAACAT,WC69,CGTACACTGG,NA,NG069_P1,human,CC14_CC2_CC3,1a_3a_4b,no,no,no,no,no,no,no,18.6,594
NG069_PC704_WC70,NG069,NA,NA,PC704,GTGGCAACAT,WC70,TCGCATCAAC,NA,NG069_P1,human,CC14_CC2_CC3,1a_3a_4b,no,no,no,no,no,no,no,18.6,594
NG069_PC704_WC71,NG069,NA,NA,PC704,GTGGCAACAT,WC71,ATAACAAGCG,NA,NG069_P1,human,CC14_CC2_CC3,1a_3a_4b,no,no,no,no,no,no,no,18.6,594
NG069_PC704_WC72,NG069,NA,NA,PC704,GTGGCAACAT,WC72,TGAACGTTAC,NA,NG069_P1,human,CC14_CC2_CC3,1a_3a_4b,no,no,no,no,no,no,no,18.6,594
NG069_PC704_WC73,NG069,NA,NA,PC704,GTGGCAACAT,WC73,GAAGACTCGG,NA,NG069_P1,human,CC14_CC2_CC3,1a_3a_4b,no,no,no,no,no,no,no,18.6,594
NG069_PC704_WC74,NG069,NA,NA,PC704,GTGGCAACAT,WC74,TAGCGCAATA,NA,NG069_P1,human,CC14_CC2_CC3,1a_3a_4b,no,no,no,no,no,no,no,18.6,594
NG069_PC704_WC75,NG069,NA,NA,PC704,GTGGCAACAT,WC75,TTAGACCACA,NA,NG069_P1,human,CC14_CC2_CC3,1a_3a_4b,no,no,no,no,no,no,no,18.6,594
NG069_PC704_WC76,NG069,NA,NA,PC704,GTGGCAACAT,WC76,CGTAGACGTG,NA,NG069_P1,human,CC14_CC2_CC3,1a_3a_4b,no,no,no,no,no,no,no,18.6,594
NG069_PC704_WC77,NG069,NA,NA,PC704,GTGGCAACAT,WC77,TCACTGGACT,NA,NG069_P1,human,CC14_CC2_CC3,1a_3a_4b,no,no,no,no,no,no,no,18.6,594
NG069_PC704_WC78,NG069,NA,NA,PC704,GTGGCAACAT,WC78,GACCAAGCAT,NA,NG069_P1,human,CC14_CC2_CC3,1a_3a_4b,no,no,no,no,no,no,no,18.6,594
NG069_PC704_WC79,NG069,NA,NA,PC704,GTGGCAACAT,WC79,GCGAGTATCA,NA,NG069_P1,human,CC14_CC2_CC3,1a_3a_4b,no,no,no,no,no,no,no,18.6,594
NG069_PC704_WC80,NG069,NA,NA,PC704,GTGGCAACAT,WC80,CTCTCGATAA,NA,NG069_P1,human,CC14_CC2_CC3,1a_3a_4b,no,no,no,no,no,no,no,18.6,594
NG069_PC704_WC81,NG069,NA,NA,PC704,GTGGCAACAT,WC81,AATACTGGCA,NA,NG069_P1,human,CC14_CC2_CC3,1a_3a_4b,no,no,no,no,no,no,no,18.6,594
NG069_PC704_WC82,NG069,NA,NA,PC704,GTGGCAACAT,WC82,TATGCAACTC,NA,NG069_P1,human,CC14_CC2_CC3,1a_3a_4b,no,no,no,no,no,no,no,18.6,594
NG069_PC704_WC83,NG069,NA,NA,PC704,GTGGCAACAT,WC83,ATGCTAGTGT,NA,NG069_P1,human,CC14_CC2_CC3,1a_3a_4b,no,no,no,no,no,no,no,18.6,594
NG069_PC704_WC84,NG069,NA,NA,PC704,GTGGCAACAT,WC84,CCATTAGAAC,NA,NG069_P1,human,CC14_CC2_CC3,1a_3a_4b,no,no,no,no,no,no,no,18.6,594
NG069_PC704_WC85,NG069,NA,NA,PC704,GTGGCAACAT,WC85,AACGTGAACG,NA,NG069_P1,human,CC14_CC2_CC3,1a_3a_4b,no,no,no,no,no,no,no,18.6,594
NG069_PC704_WC86,NG069,NA,NA,PC704,GTGGCAACAT,WC86,TAACGCAGTC,NA,NG069_P1,human,CC14_CC2_CC3,1a_3a_4b,no,no,no,no,no,no,no,18.6,594
NG069_PC704_WC87,NG069,NA,NA,PC704,GTGGCAACAT,WC87,CCATAAGCCA,NA,NG069_P1,human,CC14_CC2_CC3,1a_3a_4b,no,no,no,no,no,no,no,18.6,594
NG069_PC704_WC88,NG069,NA,NA,PC704,GTGGCAACAT,WC88,GTGCCTCTGA,NA,NG069_P1,human,CC14_CC2_CC3,1a_3a_4b,no,no,no,no,no,no,no,18.6,594
NG069_PC704_WC89,NG069,NA,NA,PC704,GTGGCAACAT,WC89,TAGCCTAGCG,NA,NG069_P1,human,CC14_CC2_CC3,1a_3a_4b,no,no,no,no,no,no,no,18.6,594
NG069_PC704_WC90,NG069,NA,NA,PC704,GTGGCAACAT,WC90,TGTTACGGTT,NA,NG069_P1,human,CC14_CC2_CC3,1a_3a_4b,no,no,no,no,no,no,no,18.6,594
NG069_PC704_WC91,NG069,NA,NA,PC704,GTGGCAACAT,WC91,TCATACCAAG,NA,NG069_P1,human,CC14_CC2_CC3,1a_3a_4b,no,no,no,no,no,no,no,18.6,594
NG069_PC704_WC92,NG069,NA,NA,PC704,GTGGCAACAT,WC92,CGGATCTACA,NA,NG069_P1,human,CC14_CC2_CC3,1a_3a_4b,no,no,no,no,no,no,no,18.6,594
NG069_PC704_WC93,NG069,NA,NA,PC704,GTGGCAACAT,WC93,CGGTAGAGTT,NA,NG069_P1,human,CC14_CC2_CC3,1a_3a_4b,no,no,no,no,no,no,no,18.6,594
NG069_PC704_WC94,NG069,NA,NA,PC704,GTGGCAACAT,WC94,GAATGTCACG,NA,NG069_P1,human,CC14_CC2_CC3,1a_3a_4b,no,no,no,no,no,no,no,18.6,594
NG069_PC704_WC95,NG069,NA,NA,PC704,GTGGCAACAT,WC95,CCTGGTACAG,NA,NG069_P1,human,CC14_CC2_CC3,1a_3a_4b,no,no,no,no,no,no,no,18.6,594
NG069_PC704_WC96,NG069,NA,NA,PC704,GTGGCAACAT,WC96,CGGAACCAGT,NA,NG069_P1,human,CC14_CC2_CC3,1a_3a_4b,no,no,no,no,no,no,no,18.6,594
NG069_PC705_WC1,NG069,NA,NA,PC705,TGACCTGCTG,WC1,GATTCACGAC,NA,NG069_P2,human,CC14_CC2_CC3,1a_1b_4a,no,no,no,no,no,no,no,15.3,593
NG069_PC705_WC2,NG069,NA,NA,PC705,TGACCTGCTG,WC2,CGTAGAACAG,NA,NG069_P2,human,CC14_CC2_CC3,1a_1b_4a,no,no,no,no,no,no,no,15.3,593
NG069_PC705_WC3,NG069,NA,NA,PC705,TGACCTGCTG,WC3,ACCTAAGAGC,NA,NG069_P2,human,CC14_CC2_CC3,1a_1b_4a,no,no,no,no,no,no,no,15.3,593
NG069_PC705_WC4,NG069,NA,NA,PC705,TGACCTGCTG,WC4,ATGGCTTCTA,NA,NG069_P2,human,CC14_CC2_CC3,1a_1b_4a,no,no,no,no,no,no,no,15.3,593
NG069_PC705_WC5,NG069,NA,NA,PC705,TGACCTGCTG,WC5,TACCTAAGTG,NA,NG069_P2,human,CC14_CC2_CC3,1a_1b_4a,no,no,no,no,no,no,no,15.3,593
NG069_PC705_WC6,NG069,NA,NA,PC705,TGACCTGCTG,WC6,CCTTACCTAT,NA,NG069_P2,human,CC14_CC2_CC3,1a_1b_4a,no,no,no,no,no,no,no,15.3,593
NG069_PC705_WC7,NG069,NA,NA,PC705,TGACCTGCTG,WC7,ATATAAGGCG,NA,NG069_P2,human,CC14_CC2_CC3,1a_1b_4a,no,no,no,no,no,no,no,15.3,593
NG069_PC705_WC8,NG069,NA,NA,PC705,TGACCTGCTG,WC8,AGCATCGTGC,NA,NG069_P2,human,CC14_CC2_CC3,1a_1b_4a,no,no,no,no,no,no,no,15.3,593
NG069_PC705_WC9,NG069,NA,NA,PC705,TGACCTGCTG,WC9,CTGGCATATT,NA,NG069_P2,human,CC14_CC2_CC3,1a_1b_4a,no,no,no,no,no,no,no,15.3,593
NG069_PC705_WC10,NG069,NA,NA,PC705,TGACCTGCTG,WC10,CGTGACTCTA,NA,NG069_P2,human,CC14_CC2_CC3,1a_1b_4a,no,no,no,no,no,no,no,15.3,593
NG069_PC705_WC11,NG069,NA,NA,PC705,TGACCTGCTG,WC11,GACCTGTTAA,NA,NG069_P2,human,CC14_CC2_CC3,1a_1b_4a,no,no,no,no,no,no,no,15.3,593
NG069_PC705_WC12,NG069,NA,NA,PC705,TGACCTGCTG,WC12,TGGCTCATGT,NA,NG069_P2,human,CC14_CC2_CC3,1a_1b_4a,no,no,no,no,no,no,no,15.3,593
NG069_PC705_WC13,NG069,NA,NA,PC705,TGACCTGCTG,WC13,AGAACCTCGC,NA,NG069_P2,human,CC14_CC2_CC3,1a_1b_4a,no,no,no,no,no,no,no,15.3,593
NG069_PC705_WC14,NG069,NA,NA,PC705,TGACCTGCTG,WC14,CCTACGGACA,NA,NG069_P2,human,CC14_CC2_CC3,1a_1b_4a,no,no,no,no,no,no,no,15.3,593
NG069_PC705_WC15,NG069,NA,NA,PC705,TGACCTGCTG,WC15,AGGCATAATG,NA,NG069_P2,human,CC14_CC2_CC3,1a_1b_4a,no,no,no,no,no,no,no,15.3,593
NG069_PC705_WC16,NG069,NA,NA,PC705,TGACCTGCTG,WC16,CAACAGTGGA,NA,NG069_P2,human,CC14_CC2_CC3,1a_1b_4a,no,no,no,no,no,no,no,15.3,593
NG069_PC705_WC17,NG069,NA,NA,PC705,TGACCTGCTG,WC17,TGTCGTTAAG,NA,NG069_P2,human,CC14_CC2_CC3,1a_1b_4a,no,no,no,no,no,no,no,15.3,593
NG069_PC705_WC18,NG069,NA,NA,PC705,TGACCTGCTG,WC18,AGCTCGAGGA,NA,NG069_P2,human,CC14_CC2_CC3,1a_1b_4a,no,no,no,no,no,no,no,15.3,593
NG069_PC705_WC19,NG069,NA,NA,PC705,TGACCTGCTG,WC19,ACATTACTCG,NA,NG069_P2,human,CC14_CC2_CC3,1a_1b_4a,no,no,no,no,no,no,no,15.3,593
NG069_PC705_WC20,NG069,NA,NA,PC705,TGACCTGCTG,WC20,CATACCGCTG,NA,NG069_P2,human,CC14_CC2_CC3,1a_1b_4a,no,no,no,no,no,no,no,15.3,593
NG069_PC705_WC21,NG069,NA,NA,PC705,TGACCTGCTG,WC21,TGCAAGTAGC,NA,NG069_P2,human,CC14_CC2_CC3,1a_1b_4a,no,no,no,no,no,no,no,15.3,593
NG069_PC705_WC22,NG069,NA,NA,PC705,TGACCTGCTG,WC22,CTTCAATAGC,NA,NG069_P2,human,CC14_CC2_CC3,1a_1b_4a,no,no,no,no,no,no,no,15.3,593
NG069_PC705_WC23,NG069,NA,NA,PC705,TGACCTGCTG,WC23,CGGATGCTGA,NA,NG069_P2,human,CC14_CC2_CC3,1a_1b_4a,no,no,no,no,no,no,no,15.3,593
NG069_PC705_WC24,NG069,NA,NA,PC705,TGACCTGCTG,WC24,CCACCACCTA,NA,NG069_P2,human,CC14_CC2_CC3,1a_1b_4a,no,no,no,no,no,no,no,15.3,593
NG069_PC705_WC25,NG069,NA,NA,PC705,TGACCTGCTG,WC25,ATCCGATCTT,NA,NG069_P2,human,CC14_CC2_CC3,1a_1b_4a,no,no,no,no,no,no,no,15.3,593
NG069_PC705_WC26,NG069,NA,NA,PC705,TGACCTGCTG,WC26,CGGACGTTAA,NA,NG069_P2,human,CC14_CC2_CC3,1a_1b_4a,no,no,no,no,no,no,no,15.3,593
NG069_PC705_WC27,NG069,NA,NA,PC705,TGACCTGCTG,WC27,GATCGGTAAT,NA,NG069_P2,human,CC14_CC2_CC3,1a_1b_4a,no,no,no,no,no,no,no,15.3,593
NG069_PC705_WC28,NG069,NA,NA,PC705,TGACCTGCTG,WC28,ACGATGCAAC,NA,NG069_P2,human,CC14_CC2_CC3,1a_1b_4a,no,no,no,no,no,no,no,15.3,593
NG069_PC705_WC29,NG069,NA,NA,PC705,TGACCTGCTG,WC29,AACGTCCAGT,NA,NG069_P2,human,CC14_CC2_CC3,1a_1b_4a,no,no,no,no,no,no,no,15.3,593
NG069_PC705_WC30,NG069,NA,NA,PC705,TGACCTGCTG,WC30,ACACGAACAA,NA,NG069_P2,human,CC14_CC2_CC3,1a_1b_4a,no,no,no,no,no,no,no,15.3,593
NG069_PC705_WC31,NG069,NA,NA,PC705,TGACCTGCTG,WC31,CTCAGTCCGT,NA,NG069_P2,human,CC14_CC2_CC3,1a_1b_4a,no,no,no,no,no,no,no,15.3,593
NG069_PC705_WC32,NG069,NA,NA,PC705,TGACCTGCTG,WC32,TATGACGGTG,NA,NG069_P2,human,CC14_CC2_CC3,1a_1b_4a,no,no,no,no,no,no,no,15.3,593
NG069_PC705_WC33,NG069,NA,NA,PC705,TGACCTGCTG,WC33,ACACAACTAC,NA,NG069_P2,human,CC14_CC2_CC3,1a_1b_4a,no,no,no,no,no,no,no,15.3,593
NG069_PC705_WC34,NG069,NA,NA,PC705,TGACCTGCTG,WC34,AAGGACTCAG,NA,NG069_P2,human,CC14_CC2_CC3,1a_1b_4a,no,no,no,no,no,no,no,15.3,593
NG069_PC705_WC35,NG069,NA,NA,PC705,TGACCTGCTG,WC35,GCAACTGTGA,NA,NG069_P2,human,CC14_CC2_CC3,1a_1b_4a,no,no,no,no,no,no,no,15.3,593
NG069_PC705_WC36,NG069,NA,NA,PC705,TGACCTGCTG,WC36,CGCTTACAAT,NA,NG069_P2,human,CC14_CC2_CC3,1a_1b_4a,no,no,no,no,no,no,no,15.3,593
NG069_PC705_WC37,NG069,NA,NA,PC705,TGACCTGCTG,WC37,AGAGAGACCG,NA,NG069_P2,human,CC14_CC2_CC3,1a_1b_4a,no,no,no,no,no,no,no,15.3,593
NG069_PC705_WC38,NG069,NA,NA,PC705,TGACCTGCTG,WC38,CATTGCTGTT,NA,NG069_P2,human,CC14_CC2_CC3,1a_1b_4a,no,no,no,no,no,no,no,15.3,593
NG069_PC705_WC39,NG069,NA,NA,PC705,TGACCTGCTG,WC39,GCAACACGGA,NA,NG069_P2,human,CC14_CC2_CC3,1a_1b_4a,no,no,no,no,no,no,no,15.3,593
NG069_PC705_WC40,NG069,NA,NA,PC705,TGACCTGCTG,WC40,TCACTTCGCA,NA,NG069_P2,human,CC14_CC2_CC3,1a_1b_4a,no,no,no,no,no,no,no,15.3,593
NG069_PC705_WC41,NG069,NA,NA,PC705,TGACCTGCTG,WC41,AATAGCTGTG,NA,NG069_P2,human,CC14_CC2_CC3,1a_1b_4a,no,no,no,no,no,no,no,15.3,593
NG069_PC705_WC42,NG069,NA,NA,PC705,TGACCTGCTG,WC42,GAACACTATC,NA,NG069_P2,human,CC14_CC2_CC3,1a_1b_4a,no,no,no,no,no,no,no,15.3,593
NG069_PC705_WC43,NG069,NA,NA,PC705,TGACCTGCTG,WC43,CTGGTAGCTA,NA,NG069_P2,human,CC14_CC2_CC3,1a_1b_4a,no,no,no,no,no,no,no,15.3,593
NG069_PC705_WC44,NG069,NA,NA,PC705,TGACCTGCTG,WC44,TGCGTGAGCA,NA,NG069_P2,human,CC14_CC2_CC3,1a_1b_4a,no,no,no,no,no,no,no,15.3,593
NG069_PC705_WC45,NG069,NA,NA,PC705,TGACCTGCTG,WC45,TAGCACACTT,NA,NG069_P2,human,CC14_CC2_CC3,1a_1b_4a,no,no,no,no,no,no,no,15.3,593
NG069_PC705_WC46,NG069,NA,NA,PC705,TGACCTGCTG,WC46,CAGACGATGA,NA,NG069_P2,human,CC14_CC2_CC3,1a_1b_4a,no,no,no,no,no,no,no,15.3,593
NG069_PC705_WC47,NG069,NA,NA,PC705,TGACCTGCTG,WC47,CGGAGCATCT,NA,NG069_P2,human,CC14_CC2_CC3,1a_1b_4a,no,no,no,no,no,no,no,15.3,593
NG069_PC705_WC48,NG069,NA,NA,PC705,TGACCTGCTG,WC48,CGCTTGGTTC,NA,NG069_P2,human,CC14_CC2_CC3,1a_1b_4a,no,no,no,no,no,no,no,15.3,593
NG069_PC705_WC49,NG069,NA,NA,PC705,TGACCTGCTG,WC49,CTTGAAGAGG,NA,NG069_P2,human,CC14_CC2_CC3,1a_1b_4a,no,no,no,no,no,no,no,15.3,593
NG069_PC705_WC50,NG069,NA,NA,PC705,TGACCTGCTG,WC50,AGATGCGACG,NA,NG069_P2,human,CC14_CC2_CC3,1a_1b_4a,no,no,no,no,no,no,no,15.3,593
NG069_PC705_WC51,NG069,NA,NA,PC705,TGACCTGCTG,WC51,GAACGTTCGG,NA,NG069_P2,human,CC14_CC2_CC3,1a_1b_4a,no,no,no,no,no,no,no,15.3,593
NG069_PC705_WC52,NG069,NA,NA,PC705,TGACCTGCTG,WC52,AACGCCATTC,NA,NG069_P2,human,CC14_CC2_CC3,1a_1b_4a,no,no,no,no,no,no,no,15.3,593
NG069_PC705_WC53,NG069,NA,NA,PC705,TGACCTGCTG,WC53,TCCTGAACTT,NA,NG069_P2,human,CC14_CC2_CC3,1a_1b_4a,no,no,no,no,no,no,no,15.3,593
NG069_PC705_WC54,NG069,NA,NA,PC705,TGACCTGCTG,WC54,ACAATTGGTC,NA,NG069_P2,human,CC14_CC2_CC3,1a_1b_4a,no,no,no,no,no,no,no,15.3,593
NG069_PC705_WC55,NG069,NA,NA,PC705,TGACCTGCTG,WC55,GTCACAGACA,NA,NG069_P2,human,CC14_CC2_CC3,1a_1b_4a,no,no,no,no,no,no,no,15.3,593
NG069_PC705_WC56,NG069,NA,NA,PC705,TGACCTGCTG,WC56,GCCAATGTTC,NA,NG069_P2,human,CC14_CC2_CC3,1a_1b_4a,no,no,no,no,no,no,no,15.3,593
NG069_PC705_WC57,NG069,NA,NA,PC705,TGACCTGCTG,WC57,TAGTGTTACG,NA,NG069_P2,human,CC14_CC2_CC3,1a_1b_4a,no,no,no,no,no,no,no,15.3,593
NG069_PC705_WC58,NG069,NA,NA,PC705,TGACCTGCTG,WC58,TTGGAAGTAC,NA,NG069_P2,human,CC14_CC2_CC3,1a_1b_4a,no,no,no,no,no,no,no,15.3,593
NG069_PC705_WC59,NG069,NA,NA,PC705,TGACCTGCTG,WC59,AAGACGCTAA,NA,NG069_P2,human,CC14_CC2_CC3,1a_1b_4a,no,no,no,no,no,no,no,15.3,593
NG069_PC705_WC60,NG069,NA,NA,PC705,TGACCTGCTG,WC60,AGACGGTCAA,NA,NG069_P2,human,CC14_CC2_CC3,1a_1b_4a,no,no,no,no,no,no,no,15.3,593
NG069_PC705_WC61,NG069,NA,NA,PC705,TGACCTGCTG,WC61,GAGAAGCCGT,NA,NG069_P2,human,CC14_CC2_CC3,1a_1b_4a,no,no,no,no,no,no,no,15.3,593
NG069_PC705_WC62,NG069,NA,NA,PC705,TGACCTGCTG,WC62,ATACATCGCA,NA,NG069_P2,human,CC14_CC2_CC3,1a_1b_4a,no,no,no,no,no,no,no,15.3,593
NG069_PC705_WC63,NG069,NA,NA,PC705,TGACCTGCTG,WC63,TGCTGAACGC,NA,NG069_P2,human,CC14_CC2_CC3,1a_1b_4a,no,no,no,no,no,no,no,15.3,593
NG069_PC705_WC64,NG069,NA,NA,PC705,TGACCTGCTG,WC64,CTTCCTAGGC,NA,NG069_P2,human,CC14_CC2_CC3,1a_1b_4a,no,no,no,no,no,no,no,15.3,593
NG069_PC705_WC65,NG069,NA,NA,PC705,TGACCTGCTG,WC65,CGTTGGTAAC,NA,NG069_P2,human,CC14_CC2_CC3,1a_1b_4a,no,no,no,no,no,no,no,15.3,593
NG069_PC705_WC66,NG069,NA,NA,PC705,TGACCTGCTG,WC66,CTTGGTTCGT,NA,NG069_P2,human,CC14_CC2_CC3,1a_1b_4a,no,no,no,no,no,no,no,15.3,593
NG069_PC705_WC67,NG069,NA,NA,PC705,TGACCTGCTG,WC67,GACTTGCGTG,NA,NG069_P2,human,CC14_CC2_CC3,1a_1b_4a,no,no,no,no,no,no,no,15.3,593
NG069_PC705_WC68,NG069,NA,NA,PC705,TGACCTGCTG,WC68,CTTCTCCAGC,NA,NG069_P2,human,CC14_CC2_CC3,1a_1b_4a,no,no,no,no,no,no,no,15.3,593
NG069_PC705_WC69,NG069,NA,NA,PC705,TGACCTGCTG,WC69,CGTACACTGG,NA,NG069_P2,human,CC14_CC2_CC3,1a_1b_4a,no,no,no,no,no,no,no,15.3,593
NG069_PC705_WC70,NG069,NA,NA,PC705,TGACCTGCTG,WC70,TCGCATCAAC,NA,NG069_P2,human,CC14_CC2_CC3,1a_1b_4a,no,no,no,no,no,no,no,15.3,593
NG069_PC705_WC71,NG069,NA,NA,PC705,TGACCTGCTG,WC71,ATAACAAGCG,NA,NG069_P2,human,CC14_CC2_CC3,1a_1b_4a,no,no,no,no,no,no,no,15.3,593
NG069_PC705_WC72,NG069,NA,NA,PC705,TGACCTGCTG,WC72,TGAACGTTAC,NA,NG069_P2,human,CC14_CC2_CC3,1a_1b_4a,no,no,no,no,no,no,no,15.3,593
NG069_PC705_WC73,NG069,NA,NA,PC705,TGACCTGCTG,WC73,GAAGACTCGG,NA,NG069_P2,human,CC14_CC2_CC3,1a_1b_4a,no,no,no,no,no,no,no,15.3,593
NG069_PC705_WC74,NG069,NA,NA,PC705,TGACCTGCTG,WC74,TAGCGCAATA,NA,NG069_P2,human,CC14_CC2_CC3,1a_1b_4a,no,no,no,no,no,no,no,15.3,593
NG069_PC705_WC75,NG069,NA,NA,PC705,TGACCTGCTG,WC75,TTAGACCACA,NA,NG069_P2,human,CC14_CC2_CC3,1a_1b_4a,no,no,no,no,no,no,no,15.3,593
NG069_PC705_WC76,NG069,NA,NA,PC705,TGACCTGCTG,WC76,CGTAGACGTG,NA,NG069_P2,human,CC14_CC2_CC3,1a_1b_4a,no,no,no,no,no,no,no,15.3,593
NG069_PC705_WC77,NG069,NA,NA,PC705,TGACCTGCTG,WC77,TCACTGGACT,NA,NG069_P2,human,CC14_CC2_CC3,1a_1b_4a,no,no,no,no,no,no,no,15.3,593
NG069_PC705_WC78,NG069,NA,NA,PC705,TGACCTGCTG,WC78,GACCAAGCAT,NA,NG069_P2,human,CC14_CC2_CC3,1a_1b_4a,no,no,no,no,no,no,no,15.3,593
NG069_PC705_WC79,NG069,NA,NA,PC705,TGACCTGCTG,WC79,GCGAGTATCA,NA,NG069_P2,human,CC14_CC2_CC3,1a_1b_4a,no,no,no,no,no,no,no,15.3,593
NG069_PC705_WC80,NG069,NA,NA,PC705,TGACCTGCTG,WC80,CTCTCGATAA,NA,NG069_P2,human,CC14_CC2_CC3,1a_1b_4a,no,no,no,no,no,no,no,15.3,593
NG069_PC705_WC81,NG069,NA,NA,PC705,TGACCTGCTG,WC81,AATACTGGCA,NA,NG069_P2,human,CC14_CC2_CC3,1a_1b_4a,no,no,no,no,no,no,no,15.3,593
NG069_PC705_WC82,NG069,NA,NA,PC705,TGACCTGCTG,WC82,TATGCAACTC,NA,NG069_P2,human,CC14_CC2_CC3,1a_1b_4a,no,no,no,no,no,no,no,15.3,593
NG069_PC705_WC83,NG069,NA,NA,PC705,TGACCTGCTG,WC83,ATGCTAGTGT,NA,NG069_P2,human,CC14_CC2_CC3,1a_1b_4a,no,no,no,no,no,no,no,15.3,593
NG069_PC705_WC84,NG069,NA,NA,PC705,TGACCTGCTG,WC84,CCATTAGAAC,NA,NG069_P2,human,CC14_CC2_CC3,1a_1b_4a,no,no,no,no,no,no,no,15.3,593
NG069_PC705_WC85,NG069,NA,NA,PC705,TGACCTGCTG,WC85,AACGTGAACG,NA,NG069_P2,human,CC14_CC2_CC3,1a_1b_4a,no,no,no,no,no,no,no,15.3,593
NG069_PC705_WC86,NG069,NA,NA,PC705,TGACCTGCTG,WC86,TAACGCAGTC,NA,NG069_P2,human,CC14_CC2_CC3,1a_1b_4a,no,no,no,no,no,no,no,15.3,593
NG069_PC705_WC87,NG069,NA,NA,PC705,TGACCTGCTG,WC87,CCATAAGCCA,NA,NG069_P2,human,CC14_CC2_CC3,1a_1b_4a,no,no,no,no,no,no,no,15.3,593
NG069_PC705_WC88,NG069,NA,NA,PC705,TGACCTGCTG,WC88,GTGCCTCTGA,NA,NG069_P2,human,CC14_CC2_CC3,1a_1b_4a,no,no,no,no,no,no,no,15.3,593
NG069_PC705_WC89,NG069,NA,NA,PC705,TGACCTGCTG,WC89,TAGCCTAGCG,NA,NG069_P2,human,CC14_CC2_CC3,1a_1b_4a,no,no,no,no,no,no,no,15.3,593
NG069_PC705_WC90,NG069,NA,NA,PC705,TGACCTGCTG,WC90,TGTTACGGTT,NA,NG069_P2,human,CC14_CC2_CC3,1a_1b_4a,no,no,no,no,no,no,no,15.3,593
NG069_PC705_WC91,NG069,NA,NA,PC705,TGACCTGCTG,WC91,TCATACCAAG,NA,NG069_P2,human,CC14_CC2_CC3,1a_1b_4a,no,no,no,no,no,no,no,15.3,593
NG069_PC705_WC92,NG069,NA,NA,PC705,TGACCTGCTG,WC92,CGGATCTACA,NA,NG069_P2,human,CC14_CC2_CC3,1a_1b_4a,no,no,no,no,no,no,no,15.3,593
NG069_PC705_WC93,NG069,NA,NA,PC705,TGACCTGCTG,WC93,CGGTAGAGTT,NA,NG069_P2,human,CC14_CC2_CC3,1a_1b_4a,no,no,no,no,no,no,no,15.3,593
NG069_PC705_WC94,NG069,NA,NA,PC705,TGACCTGCTG,WC94,GAATGTCACG,NA,NG069_P2,human,CC14_CC2_CC3,1a_1b_4a,no,no,no,no,no,no,no,15.3,593
NG069_PC705_WC95,NG069,NA,NA,PC705,TGACCTGCTG,WC95,CCTGGTACAG,NA,NG069_P2,human,CC14_CC2_CC3,1a_1b_4a,no,no,no,no,no,no,no,15.3,593
NG069_PC705_WC96,NG069,NA,NA,PC705,TGACCTGCTG,WC96,CGGAACCAGT,NA,NG069_P2,human,CC14_CC2_CC3,1a_1b_4a,no,no,no,no,no,no,no,15.3,593
NG069_PC706_WC1,NG069,NA,NA,PC706,CGCAGCTAGA,WC1,GATTCACGAC,NA,NG069_P3,human,CC14_CC2,1a_1b,no,no,no,no,no,no,no,17.4,605
NG069_PC706_WC2,NG069,NA,NA,PC706,CGCAGCTAGA,WC2,CGTAGAACAG,NA,NG069_P3,human,CC14_CC2,1a_1b,no,no,no,no,no,no,no,17.4,605
NG069_PC706_WC3,NG069,NA,NA,PC706,CGCAGCTAGA,WC3,ACCTAAGAGC,NA,NG069_P3,human,CC14_CC2,1a_1b,no,no,no,no,no,no,no,17.4,605
NG069_PC706_WC4,NG069,NA,NA,PC706,CGCAGCTAGA,WC4,ATGGCTTCTA,NA,NG069_P3,human,CC14_CC2,1a_1b,no,no,no,no,no,no,no,17.4,605
NG069_PC706_WC5,NG069,NA,NA,PC706,CGCAGCTAGA,WC5,TACCTAAGTG,NA,NG069_P3,human,CC14_CC2,1a_1b,no,no,no,no,no,no,no,17.4,605
NG069_PC706_WC6,NG069,NA,NA,PC706,CGCAGCTAGA,WC6,CCTTACCTAT,NA,NG069_P3,human,CC14_CC2,1a_1b,no,no,no,no,no,no,no,17.4,605
NG069_PC706_WC7,NG069,NA,NA,PC706,CGCAGCTAGA,WC7,ATATAAGGCG,NA,NG069_P3,human,CC14_CC2,1a_1b,no,no,no,no,no,no,no,17.4,605
NG069_PC706_WC8,NG069,NA,NA,PC706,CGCAGCTAGA,WC8,AGCATCGTGC,NA,NG069_P3,human,CC14_CC2,1a_1b,no,no,no,no,no,no,no,17.4,605
NG069_PC706_WC9,NG069,NA,NA,PC706,CGCAGCTAGA,WC9,CTGGCATATT,NA,NG069_P3,human,CC14_CC2,1a_1b,no,no,no,no,no,no,no,17.4,605
NG069_PC706_WC10,NG069,NA,NA,PC706,CGCAGCTAGA,WC10,CGTGACTCTA,NA,NG069_P3,human,CC14_CC2,1a_1b,no,no,no,no,no,no,no,17.4,605
NG069_PC706_WC11,NG069,NA,NA,PC706,CGCAGCTAGA,WC11,GACCTGTTAA,NA,NG069_P3,human,CC14_CC2,1a_1b,no,no,no,no,no,no,no,17.4,605
NG069_PC706_WC12,NG069,NA,NA,PC706,CGCAGCTAGA,WC12,TGGCTCATGT,NA,NG069_P3,human,CC14_CC2,1a_1b,no,no,no,no,no,no,no,17.4,605
NG069_PC706_WC13,NG069,NA,NA,PC706,CGCAGCTAGA,WC13,AGAACCTCGC,NA,NG069_P3,human,CC14_CC2,1a_1b,no,no,no,no,no,no,no,17.4,605
NG069_PC706_WC14,NG069,NA,NA,PC706,CGCAGCTAGA,WC14,CCTACGGACA,NA,NG069_P3,human,CC14_CC2,1a_1b,no,no,no,no,no,no,no,17.4,605
NG069_PC706_WC15,NG069,NA,NA,PC706,CGCAGCTAGA,WC15,AGGCATAATG,NA,NG069_P3,human,CC14_CC2,1a_1b,no,no,no,no,no,no,no,17.4,605
NG069_PC706_WC16,NG069,NA,NA,PC706,CGCAGCTAGA,WC16,CAACAGTGGA,NA,NG069_P3,human,CC14_CC2,1a_1b,no,no,no,no,no,no,no,17.4,605
NG069_PC706_WC17,NG069,NA,NA,PC706,CGCAGCTAGA,WC17,TGTCGTTAAG,NA,NG069_P3,human,CC14_CC2,1a_1b,no,no,no,no,no,no,no,17.4,605
NG069_PC706_WC18,NG069,NA,NA,PC706,CGCAGCTAGA,WC18,AGCTCGAGGA,NA,NG069_P3,human,CC14_CC2,1a_1b,no,no,no,no,no,no,no,17.4,605
NG069_PC706_WC19,NG069,NA,NA,PC706,CGCAGCTAGA,WC19,ACATTACTCG,NA,NG069_P3,human,CC14_CC2,1a_1b,no,no,no,no,no,no,no,17.4,605
NG069_PC706_WC20,NG069,NA,NA,PC706,CGCAGCTAGA,WC20,CATACCGCTG,NA,NG069_P3,human,CC14_CC2,1a_1b,no,no,no,no,no,no,no,17.4,605
NG069_PC706_WC21,NG069,NA,NA,PC706,CGCAGCTAGA,WC21,TGCAAGTAGC,NA,NG069_P3,human,CC14_CC2,1a_1b,no,no,no,no,no,no,no,17.4,605
NG069_PC706_WC22,NG069,NA,NA,PC706,CGCAGCTAGA,WC22,CTTCAATAGC,NA,NG069_P3,human,CC14_CC2,1a_1b,no,no,no,no,no,no,no,17.4,605
NG069_PC706_WC23,NG069,NA,NA,PC706,CGCAGCTAGA,WC23,CGGATGCTGA,NA,NG069_P3,human,CC14_CC2,1a_1b,no,no,no,no,no,no,no,17.4,605
NG069_PC706_WC24,NG069,NA,NA,PC706,CGCAGCTAGA,WC24,CCACCACCTA,NA,NG069_P3,human,CC14_CC2,1a_1b,no,no,no,no,no,no,no,17.4,605
NG069_PC706_WC25,NG069,NA,NA,PC706,CGCAGCTAGA,WC25,ATCCGATCTT,NA,NG069_P3,human,CC14_CC2,1a_1b,no,no,no,no,no,no,no,17.4,605
NG069_PC706_WC26,NG069,NA,NA,PC706,CGCAGCTAGA,WC26,CGGACGTTAA,NA,NG069_P3,human,CC14_CC2,1a_1b,no,no,no,no,no,no,no,17.4,605
NG069_PC706_WC27,NG069,NA,NA,PC706,CGCAGCTAGA,WC27,GATCGGTAAT,NA,NG069_P3,human,CC14_CC2,1a_1b,no,no,no,no,no,no,no,17.4,605
NG069_PC706_WC28,NG069,NA,NA,PC706,CGCAGCTAGA,WC28,ACGATGCAAC,NA,NG069_P3,human,CC14_CC2,1a_1b,no,no,no,no,no,no,no,17.4,605
NG069_PC706_WC29,NG069,NA,NA,PC706,CGCAGCTAGA,WC29,AACGTCCAGT,NA,NG069_P3,human,CC14_CC2,1a_1b,no,no,no,no,no,no,no,17.4,605
NG069_PC706_WC30,NG069,NA,NA,PC706,CGCAGCTAGA,WC30,ACACGAACAA,NA,NG069_P3,human,CC14_CC2,1a_1b,no,no,no,no,no,no,no,17.4,605
NG069_PC706_WC31,NG069,NA,NA,PC706,CGCAGCTAGA,WC31,CTCAGTCCGT,NA,NG069_P3,human,CC14_CC2,1a_1b,no,no,no,no,no,no,no,17.4,605
NG069_PC706_WC32,NG069,NA,NA,PC706,CGCAGCTAGA,WC32,TATGACGGTG,NA,NG069_P3,human,CC14_CC2,1a_1b,no,no,no,no,no,no,no,17.4,605
NG069_PC706_WC33,NG069,NA,NA,PC706,CGCAGCTAGA,WC33,ACACAACTAC,NA,NG069_P3,human,CC14_CC2,1a_1b,no,no,no,no,no,no,no,17.4,605
NG069_PC706_WC34,NG069,NA,NA,PC706,CGCAGCTAGA,WC34,AAGGACTCAG,NA,NG069_P3,human,CC14_CC2,1a_1b,no,no,no,no,no,no,no,17.4,605
NG069_PC706_WC35,NG069,NA,NA,PC706,CGCAGCTAGA,WC35,GCAACTGTGA,NA,NG069_P3,human,CC14_CC2,1a_1b,no,no,no,no,no,no,no,17.4,605
NG069_PC706_WC36,NG069,NA,NA,PC706,CGCAGCTAGA,WC36,CGCTTACAAT,NA,NG069_P3,human,CC14_CC2,1a_1b,no,no,no,no,no,no,no,17.4,605
NG069_PC706_WC37,NG069,NA,NA,PC706,CGCAGCTAGA,WC37,AGAGAGACCG,NA,NG069_P3,human,CC14_CC2,1a_1b,no,no,no,no,no,no,no,17.4,605
NG069_PC706_WC38,NG069,NA,NA,PC706,CGCAGCTAGA,WC38,CATTGCTGTT,NA,NG069_P3,human,CC14_CC2,1a_1b,no,no,no,no,no,no,no,17.4,605
NG069_PC706_WC39,NG069,NA,NA,PC706,CGCAGCTAGA,WC39,GCAACACGGA,NA,NG069_P3,human,CC14_CC2,1a_1b,no,no,no,no,no,no,no,17.4,605
NG069_PC706_WC40,NG069,NA,NA,PC706,CGCAGCTAGA,WC40,TCACTTCGCA,NA,NG069_P3,human,CC14_CC2,1a_1b,no,no,no,no,no,no,no,17.4,605
NG069_PC706_WC41,NG069,NA,NA,PC706,CGCAGCTAGA,WC41,AATAGCTGTG,NA,NG069_P3,human,CC14_CC2,1a_1b,no,no,no,no,no,no,no,17.4,605
NG069_PC706_WC42,NG069,NA,NA,PC706,CGCAGCTAGA,WC42,GAACACTATC,NA,NG069_P3,human,CC14_CC2,1a_1b,no,no,no,no,no,no,no,17.4,605
NG069_PC706_WC43,NG069,NA,NA,PC706,CGCAGCTAGA,WC43,CTGGTAGCTA,NA,NG069_P3,human,CC14_CC2,1a_1b,no,no,no,no,no,no,no,17.4,605
NG069_PC706_WC44,NG069,NA,NA,PC706,CGCAGCTAGA,WC44,TGCGTGAGCA,NA,NG069_P3,human,CC14_CC2,1a_1b,no,no,no,no,no,no,no,17.4,605
NG069_PC706_WC45,NG069,NA,NA,PC706,CGCAGCTAGA,WC45,TAGCACACTT,NA,NG069_P3,human,CC14_CC2,1a_1b,no,no,no,no,no,no,no,17.4,605
NG069_PC706_WC46,NG069,NA,NA,PC706,CGCAGCTAGA,WC46,CAGACGATGA,NA,NG069_P3,human,CC14_CC2,1a_1b,no,no,no,no,no,no,no,17.4,605
NG069_PC706_WC47,NG069,NA,NA,PC706,CGCAGCTAGA,WC47,CGGAGCATCT,NA,NG069_P3,human,CC14_CC2,1a_1b,no,no,no,no,no,no,no,17.4,605
NG069_PC706_WC48,NG069,NA,NA,PC706,CGCAGCTAGA,WC48,CGCTTGGTTC,NA,NG069_P3,human,CC14_CC2,1a_1b,no,no,no,no,no,no,no,17.4,605
NG069_PC706_WC49,NG069,NA,NA,PC706,CGCAGCTAGA,WC49,CTTGAAGAGG,NA,NG069_P3,human,CC14_CC2,1a_1b,no,no,no,no,no,no,no,17.4,605
NG069_PC706_WC50,NG069,NA,NA,PC706,CGCAGCTAGA,WC50,AGATGCGACG,NA,NG069_P3,human,CC14_CC2,1a_1b,no,no,no,no,no,no,no,17.4,605
NG069_PC706_WC51,NG069,NA,NA,PC706,CGCAGCTAGA,WC51,GAACGTTCGG,NA,NG069_P3,human,CC14_CC2,1a_1b,no,no,no,no,no,no,no,17.4,605
NG069_PC706_WC52,NG069,NA,NA,PC706,CGCAGCTAGA,WC52,AACGCCATTC,NA,NG069_P3,human,CC14_CC2,1a_1b,no,no,no,no,no,no,no,17.4,605
NG069_PC706_WC53,NG069,NA,NA,PC706,CGCAGCTAGA,WC53,TCCTGAACTT,NA,NG069_P3,human,CC14_CC2,1a_1b,no,no,no,no,no,no,no,17.4,605
NG069_PC706_WC54,NG069,NA,NA,PC706,CGCAGCTAGA,WC54,ACAATTGGTC,NA,NG069_P3,human,CC14_CC2,1a_1b,no,no,no,no,no,no,no,17.4,605
NG069_PC706_WC55,NG069,NA,NA,PC706,CGCAGCTAGA,WC55,GTCACAGACA,NA,NG069_P3,human,CC14_CC2,1a_1b,no,no,no,no,no,no,no,17.4,605
NG069_PC706_WC56,NG069,NA,NA,PC706,CGCAGCTAGA,WC56,GCCAATGTTC,NA,NG069_P3,human,CC14_CC2,1a_1b,no,no,no,no,no,no,no,17.4,605
NG069_PC706_WC57,NG069,NA,NA,PC706,CGCAGCTAGA,WC57,TAGTGTTACG,NA,NG069_P3,human,CC14_CC2,1a_1b,no,no,no,no,no,no,no,17.4,605
NG069_PC706_WC58,NG069,NA,NA,PC706,CGCAGCTAGA,WC58,TTGGAAGTAC,NA,NG069_P3,human,CC14_CC2,1a_1b,no,no,no,no,no,no,no,17.4,605
NG069_PC706_WC59,NG069,NA,NA,PC706,CGCAGCTAGA,WC59,AAGACGCTAA,NA,NG069_P3,human,CC14_CC2,1a_1b,no,no,no,no,no,no,no,17.4,605
NG069_PC706_WC60,NG069,NA,NA,PC706,CGCAGCTAGA,WC60,AGACGGTCAA,NA,NG069_P3,human,CC14_CC2,1a_1b,no,no,no,no,no,no,no,17.4,605
NG069_PC706_WC61,NG069,NA,NA,PC706,CGCAGCTAGA,WC61,GAGAAGCCGT,NA,NG069_P3,human,CC14_CC2,1a_1b,no,no,no,no,no,no,no,17.4,605
NG069_PC706_WC62,NG069,NA,NA,PC706,CGCAGCTAGA,WC62,ATACATCGCA,NA,NG069_P3,human,CC14_CC2,1a_1b,no,no,no,no,no,no,no,17.4,605
NG069_PC706_WC63,NG069,NA,NA,PC706,CGCAGCTAGA,WC63,TGCTGAACGC,NA,NG069_P3,human,CC14_CC2,1a_1b,no,no,no,no,no,no,no,17.4,605
NG069_PC706_WC64,NG069,NA,NA,PC706,CGCAGCTAGA,WC64,CTTCCTAGGC,NA,NG069_P3,human,CC14_CC2,1a_1b,no,no,no,no,no,no,no,17.4,605
NG069_PC706_WC65,NG069,NA,NA,PC706,CGCAGCTAGA,WC65,CGTTGGTAAC,NA,NG069_P3,human,CC14_CC2,1a_1b,no,no,no,no,no,no,no,17.4,605
NG069_PC706_WC66,NG069,NA,NA,PC706,CGCAGCTAGA,WC66,CTTGGTTCGT,NA,NG069_P3,human,CC14_CC2,1a_1b,no,no,no,no,no,no,no,17.4,605
NG069_PC706_WC67,NG069,NA,NA,PC706,CGCAGCTAGA,WC67,GACTTGCGTG,NA,NG069_P3,human,CC14_CC2,1a_1b,no,no,no,no,no,no,no,17.4,605
NG069_PC706_WC68,NG069,NA,NA,PC706,CGCAGCTAGA,WC68,CTTCTCCAGC,NA,NG069_P3,human,CC14_CC2,1a_1b,no,no,no,no,no,no,no,17.4,605
NG069_PC706_WC69,NG069,NA,NA,PC706,CGCAGCTAGA,WC69,CGTACACTGG,NA,NG069_P3,human,CC14_CC2,1a_1b,no,no,no,no,no,no,no,17.4,605
NG069_PC706_WC70,NG069,NA,NA,PC706,CGCAGCTAGA,WC70,TCGCATCAAC,NA,NG069_P3,human,CC14_CC2,1a_1b,no,no,no,no,no,no,no,17.4,605
NG069_PC706_WC71,NG069,NA,NA,PC706,CGCAGCTAGA,WC71,ATAACAAGCG,NA,NG069_P3,human,CC14_CC2,1a_1b,no,no,no,no,no,no,no,17.4,605
NG069_PC706_WC72,NG069,NA,NA,PC706,CGCAGCTAGA,WC72,TGAACGTTAC,NA,NG069_P3,human,CC14_CC2,1a_1b,no,no,no,no,no,no,no,17.4,605
NG069_PC706_WC73,NG069,NA,NA,PC706,CGCAGCTAGA,WC73,GAAGACTCGG,NA,NG069_P3,human,CC14_CC2,1a_1b,no,no,no,no,no,no,no,17.4,605
NG069_PC706_WC74,NG069,NA,NA,PC706,CGCAGCTAGA,WC74,TAGCGCAATA,NA,NG069_P3,human,CC14_CC2,1a_1b,no,no,no,no,no,no,no,17.4,605
NG069_PC706_WC75,NG069,NA,NA,PC706,CGCAGCTAGA,WC75,TTAGACCACA,NA,NG069_P3,human,CC14_CC2,1a_1b,no,no,no,no,no,no,no,17.4,605
NG069_PC706_WC76,NG069,NA,NA,PC706,CGCAGCTAGA,WC76,CGTAGACGTG,NA,NG069_P3,human,CC14_CC2,1a_1b,no,no,no,no,no,no,no,17.4,605
NG069_PC706_WC77,NG069,NA,NA,PC706,CGCAGCTAGA,WC77,TCACTGGACT,NA,NG069_P3,human,CC14_CC2,1a_1b,no,no,no,no,no,no,no,17.4,605
NG069_PC706_WC78,NG069,NA,NA,PC706,CGCAGCTAGA,WC78,GACCAAGCAT,NA,NG069_P3,human,CC14_CC2,1a_1b,no,no,no,no,no,no,no,17.4,605
NG069_PC706_WC79,NG069,NA,NA,PC706,CGCAGCTAGA,WC79,GCGAGTATCA,NA,NG069_P3,human,CC14_CC2,1a_1b,no,no,no,no,no,no,no,17.4,605
NG069_PC706_WC80,NG069,NA,NA,PC706,CGCAGCTAGA,WC80,CTCTCGATAA,NA,NG069_P3,human,CC14_CC2,1a_1b,no,no,no,no,no,no,no,17.4,605
NG069_PC706_WC81,NG069,NA,NA,PC706,CGCAGCTAGA,WC81,AATACTGGCA,NA,NG069_P3,human,CC14_CC2,1a_1b,no,no,no,no,no,no,no,17.4,605
NG069_PC706_WC82,NG069,NA,NA,PC706,CGCAGCTAGA,WC82,TATGCAACTC,NA,NG069_P3,human,CC14_CC2,1a_1b,no,no,no,no,no,no,no,17.4,605
NG069_PC706_WC83,NG069,NA,NA,PC706,CGCAGCTAGA,WC83,ATGCTAGTGT,NA,NG069_P3,human,CC14_CC2,1a_1b,no,no,no,no,no,no,no,17.4,605
NG069_PC706_WC84,NG069,NA,NA,PC706,CGCAGCTAGA,WC84,CCATTAGAAC,NA,NG069_P3,human,CC14_CC2,1a_1b,no,no,no,no,no,no,no,17.4,605
NG069_PC706_WC85,NG069,NA,NA,PC706,CGCAGCTAGA,WC85,AACGTGAACG,NA,NG069_P3,human,CC14_CC2,1a_1b,no,no,no,no,no,no,no,17.4,605
NG069_PC706_WC86,NG069,NA,NA,PC706,CGCAGCTAGA,WC86,TAACGCAGTC,NA,NG069_P3,human,CC14_CC2,1a_1b,no,no,no,no,no,no,no,17.4,605
NG069_PC706_WC87,NG069,NA,NA,PC706,CGCAGCTAGA,WC87,CCATAAGCCA,NA,NG069_P3,human,CC14_CC2,1a_1b,no,no,no,no,no,no,no,17.4,605
NG069_PC706_WC88,NG069,NA,NA,PC706,CGCAGCTAGA,WC88,GTGCCTCTGA,NA,NG069_P3,human,CC14_CC2,1a_1b,no,no,no,no,no,no,no,17.4,605
NG069_PC706_WC89,NG069,NA,NA,PC706,CGCAGCTAGA,WC89,TAGCCTAGCG,NA,NG069_P3,human,CC14_CC2,1a_1b,no,no,no,no,no,no,no,17.4,605
NG069_PC706_WC90,NG069,NA,NA,PC706,CGCAGCTAGA,WC90,TGTTACGGTT,NA,NG069_P3,human,CC14_CC2,1a_1b,no,no,no,no,no,no,no,17.4,605
NG069_PC706_WC91,NG069,NA,NA,PC706,CGCAGCTAGA,WC91,TCATACCAAG,NA,NG069_P3,human,CC14_CC2,1a_1b,no,no,no,no,no,no,no,17.4,605
NG069_PC706_WC92,NG069,NA,NA,PC706,CGCAGCTAGA,WC92,CGGATCTACA,NA,NG069_P3,human,CC14_CC2,1a_1b,no,no,no,no,no,no,no,17.4,605
NG069_PC706_WC93,NG069,NA,NA,PC706,CGCAGCTAGA,WC93,CGGTAGAGTT,NA,NG069_P3,human,CC14_CC2,1a_1b,no,no,no,no,no,no,no,17.4,605
NG069_PC706_WC94,NG069,NA,NA,PC706,CGCAGCTAGA,WC94,GAATGTCACG,NA,NG069_P3,human,CC14_CC2,1a_1b,no,no,no,no,no,no,no,17.4,605
NG069_PC706_WC95,NG069,NA,NA,PC706,CGCAGCTAGA,WC95,CCTGGTACAG,NA,NG069_P3,human,CC14_CC2,1a_1b,no,no,no,no,no,no,no,17.4,605
NG069_PC706_WC96,NG069,NA,NA,PC706,CGCAGCTAGA,WC96,CGGAACCAGT,NA,NG069_P3,human,CC14_CC2,1a_1b,no,no,no,no,no,no,no,17.4,605
NG069_PC707_WC1,NG069,NA,NA,PC707,ACGCTAATCT,WC1,GATTCACGAC,NA,NG069_P4,human,CC14_CC2,2a_2b,no,no,no,no,no,no,no,14.5,589
NG069_PC707_WC2,NG069,NA,NA,PC707,ACGCTAATCT,WC2,CGTAGAACAG,NA,NG069_P4,human,CC14_CC2,2a_2b,no,no,no,no,no,no,no,14.5,589
NG069_PC707_WC3,NG069,NA,NA,PC707,ACGCTAATCT,WC3,ACCTAAGAGC,NA,NG069_P4,human,CC14_CC2,2a_2b,no,no,no,no,no,no,no,14.5,589
NG069_PC707_WC4,NG069,NA,NA,PC707,ACGCTAATCT,WC4,ATGGCTTCTA,NA,NG069_P4,human,CC14_CC2,2a_2b,no,no,no,no,no,no,no,14.5,589
NG069_PC707_WC5,NG069,NA,NA,PC707,ACGCTAATCT,WC5,TACCTAAGTG,NA,NG069_P4,human,CC14_CC2,2a_2b,no,no,no,no,no,no,no,14.5,589
NG069_PC707_WC6,NG069,NA,NA,PC707,ACGCTAATCT,WC6,CCTTACCTAT,NA,NG069_P4,human,CC14_CC2,2a_2b,no,no,no,no,no,no,no,14.5,589
NG069_PC707_WC7,NG069,NA,NA,PC707,ACGCTAATCT,WC7,ATATAAGGCG,NA,NG069_P4,human,CC14_CC2,2a_2b,no,no,no,no,no,no,no,14.5,589
NG069_PC707_WC8,NG069,NA,NA,PC707,ACGCTAATCT,WC8,AGCATCGTGC,NA,NG069_P4,human,CC14_CC2,2a_2b,no,no,no,no,no,no,no,14.5,589
NG069_PC707_WC9,NG069,NA,NA,PC707,ACGCTAATCT,WC9,CTGGCATATT,NA,NG069_P4,human,CC14_CC2,2a_2b,no,no,no,no,no,no,no,14.5,589
NG069_PC707_WC10,NG069,NA,NA,PC707,ACGCTAATCT,WC10,CGTGACTCTA,NA,NG069_P4,human,CC14_CC2,2a_2b,no,no,no,no,no,no,no,14.5,589
NG069_PC707_WC11,NG069,NA,NA,PC707,ACGCTAATCT,WC11,GACCTGTTAA,NA,NG069_P4,human,CC14_CC2,2a_2b,no,no,no,no,no,no,no,14.5,589
NG069_PC707_WC12,NG069,NA,NA,PC707,ACGCTAATCT,WC12,TGGCTCATGT,NA,NG069_P4,human,CC14_CC2,2a_2b,no,no,no,no,no,no,no,14.5,589
NG069_PC707_WC13,NG069,NA,NA,PC707,ACGCTAATCT,WC13,AGAACCTCGC,NA,NG069_P4,human,CC14_CC2,2a_2b,no,no,no,no,no,no,no,14.5,589
NG069_PC707_WC14,NG069,NA,NA,PC707,ACGCTAATCT,WC14,CCTACGGACA,NA,NG069_P4,human,CC14_CC2,2a_2b,no,no,no,no,no,no,no,14.5,589
NG069_PC707_WC15,NG069,NA,NA,PC707,ACGCTAATCT,WC15,AGGCATAATG,NA,NG069_P4,human,CC14_CC2,2a_2b,no,no,no,no,no,no,no,14.5,589
NG069_PC707_WC16,NG069,NA,NA,PC707,ACGCTAATCT,WC16,CAACAGTGGA,NA,NG069_P4,human,CC14_CC2,2a_2b,no,no,no,no,no,no,no,14.5,589
NG069_PC707_WC17,NG069,NA,NA,PC707,ACGCTAATCT,WC17,TGTCGTTAAG,NA,NG069_P4,human,CC14_CC2,2a_2b,no,no,no,no,no,no,no,14.5,589
NG069_PC707_WC18,NG069,NA,NA,PC707,ACGCTAATCT,WC18,AGCTCGAGGA,NA,NG069_P4,human,CC14_CC2,2a_2b,no,no,no,no,no,no,no,14.5,589
NG069_PC707_WC19,NG069,NA,NA,PC707,ACGCTAATCT,WC19,ACATTACTCG,NA,NG069_P4,human,CC14_CC2,2a_2b,no,no,no,no,no,no,no,14.5,589
NG069_PC707_WC20,NG069,NA,NA,PC707,ACGCTAATCT,WC20,CATACCGCTG,NA,NG069_P4,human,CC14_CC2,2a_2b,no,no,no,no,no,no,no,14.5,589
NG069_PC707_WC21,NG069,NA,NA,PC707,ACGCTAATCT,WC21,TGCAAGTAGC,NA,NG069_P4,human,CC14_CC2,2a_2b,no,no,no,no,no,no,no,14.5,589
NG069_PC707_WC22,NG069,NA,NA,PC707,ACGCTAATCT,WC22,CTTCAATAGC,NA,NG069_P4,human,CC14_CC2,2a_2b,no,no,no,no,no,no,no,14.5,589
NG069_PC707_WC23,NG069,NA,NA,PC707,ACGCTAATCT,WC23,CGGATGCTGA,NA,NG069_P4,human,CC14_CC2,2a_2b,no,no,no,no,no,no,no,14.5,589
NG069_PC707_WC24,NG069,NA,NA,PC707,ACGCTAATCT,WC24,CCACCACCTA,NA,NG069_P4,human,CC14_CC2,2a_2b,no,no,no,no,no,no,no,14.5,589
NG069_PC707_WC25,NG069,NA,NA,PC707,ACGCTAATCT,WC25,ATCCGATCTT,NA,NG069_P4,human,CC14_CC2,2a_2b,no,no,no,no,no,no,no,14.5,589
NG069_PC707_WC26,NG069,NA,NA,PC707,ACGCTAATCT,WC26,CGGACGTTAA,NA,NG069_P4,human,CC14_CC2,2a_2b,no,no,no,no,no,no,no,14.5,589
NG069_PC707_WC27,NG069,NA,NA,PC707,ACGCTAATCT,WC27,GATCGGTAAT,NA,NG069_P4,human,CC14_CC2,2a_2b,no,no,no,no,no,no,no,14.5,589
NG069_PC707_WC28,NG069,NA,NA,PC707,ACGCTAATCT,WC28,ACGATGCAAC,NA,NG069_P4,human,CC14_CC2,2a_2b,no,no,no,no,no,no,no,14.5,589
NG069_PC707_WC29,NG069,NA,NA,PC707,ACGCTAATCT,WC29,AACGTCCAGT,NA,NG069_P4,human,CC14_CC2,2a_2b,no,no,no,no,no,no,no,14.5,589
NG069_PC707_WC30,NG069,NA,NA,PC707,ACGCTAATCT,WC30,ACACGAACAA,NA,NG069_P4,human,CC14_CC2,2a_2b,no,no,no,no,no,no,no,14.5,589
NG069_PC707_WC31,NG069,NA,NA,PC707,ACGCTAATCT,WC31,CTCAGTCCGT,NA,NG069_P4,human,CC14_CC2,2a_2b,no,no,no,no,no,no,no,14.5,589
NG069_PC707_WC32,NG069,NA,NA,PC707,ACGCTAATCT,WC32,TATGACGGTG,NA,NG069_P4,human,CC14_CC2,2a_2b,no,no,no,no,no,no,no,14.5,589
NG069_PC707_WC33,NG069,NA,NA,PC707,ACGCTAATCT,WC33,ACACAACTAC,NA,NG069_P4,human,CC14_CC2,2a_2b,no,no,no,no,no,no,no,14.5,589
NG069_PC707_WC34,NG069,NA,NA,PC707,ACGCTAATCT,WC34,AAGGACTCAG,NA,NG069_P4,human,CC14_CC2,2a_2b,no,no,no,no,no,no,no,14.5,589
NG069_PC707_WC35,NG069,NA,NA,PC707,ACGCTAATCT,WC35,GCAACTGTGA,NA,NG069_P4,human,CC14_CC2,2a_2b,no,no,no,no,no,no,no,14.5,589
NG069_PC707_WC36,NG069,NA,NA,PC707,ACGCTAATCT,WC36,CGCTTACAAT,NA,NG069_P4,human,CC14_CC2,2a_2b,no,no,no,no,no,no,no,14.5,589
NG069_PC707_WC37,NG069,NA,NA,PC707,ACGCTAATCT,WC37,AGAGAGACCG,NA,NG069_P4,human,CC14_CC2,2a_2b,no,no,no,no,no,no,no,14.5,589
NG069_PC707_WC38,NG069,NA,NA,PC707,ACGCTAATCT,WC38,CATTGCTGTT,NA,NG069_P4,human,CC14_CC2,2a_2b,no,no,no,no,no,no,no,14.5,589
NG069_PC707_WC39,NG069,NA,NA,PC707,ACGCTAATCT,WC39,GCAACACGGA,NA,NG069_P4,human,CC14_CC2,2a_2b,no,no,no,no,no,no,no,14.5,589
NG069_PC707_WC40,NG069,NA,NA,PC707,ACGCTAATCT,WC40,TCACTTCGCA,NA,NG069_P4,human,CC14_CC2,2a_2b,no,no,no,no,no,no,no,14.5,589
NG069_PC707_WC41,NG069,NA,NA,PC707,ACGCTAATCT,WC41,AATAGCTGTG,NA,NG069_P4,human,CC14_CC2,2a_2b,no,no,no,no,no,no,no,14.5,589
NG069_PC707_WC42,NG069,NA,NA,PC707,ACGCTAATCT,WC42,GAACACTATC,NA,NG069_P4,human,CC14_CC2,2a_2b,no,no,no,no,no,no,no,14.5,589
NG069_PC707_WC43,NG069,NA,NA,PC707,ACGCTAATCT,WC43,CTGGTAGCTA,NA,NG069_P4,human,CC14_CC2,2a_2b,no,no,no,no,no,no,no,14.5,589
NG069_PC707_WC44,NG069,NA,NA,PC707,ACGCTAATCT,WC44,TGCGTGAGCA,NA,NG069_P4,human,CC14_CC2,2a_2b,no,no,no,no,no,no,no,14.5,589
NG069_PC707_WC45,NG069,NA,NA,PC707,ACGCTAATCT,WC45,TAGCACACTT,NA,NG069_P4,human,CC14_CC2,2a_2b,no,no,no,no,no,no,no,14.5,589
NG069_PC707_WC46,NG069,NA,NA,PC707,ACGCTAATCT,WC46,CAGACGATGA,NA,NG069_P4,human,CC14_CC2,2a_2b,no,no,no,no,no,no,no,14.5,589
NG069_PC707_WC47,NG069,NA,NA,PC707,ACGCTAATCT,WC47,CGGAGCATCT,NA,NG069_P4,human,CC14_CC2,2a_2b,no,no,no,no,no,no,no,14.5,589
NG069_PC707_WC48,NG069,NA,NA,PC707,ACGCTAATCT,WC48,CGCTTGGTTC,NA,NG069_P4,human,CC14_CC2,2a_2b,no,no,no,no,no,no,no,14.5,589
NG069_PC707_WC49,NG069,NA,NA,PC707,ACGCTAATCT,WC49,CTTGAAGAGG,NA,NG069_P4,human,CC14_CC2,2a_2b,no,no,no,no,no,no,no,14.5,589
NG069_PC707_WC50,NG069,NA,NA,PC707,ACGCTAATCT,WC50,AGATGCGACG,NA,NG069_P4,human,CC14_CC2,2a_2b,no,no,no,no,no,no,no,14.5,589
NG069_PC707_WC51,NG069,NA,NA,PC707,ACGCTAATCT,WC51,GAACGTTCGG,NA,NG069_P4,human,CC14_CC2,2a_2b,no,no,no,no,no,no,no,14.5,589
NG069_PC707_WC52,NG069,NA,NA,PC707,ACGCTAATCT,WC52,AACGCCATTC,NA,NG069_P4,human,CC14_CC2,2a_2b,no,no,no,no,no,no,no,14.5,589
NG069_PC707_WC53,NG069,NA,NA,PC707,ACGCTAATCT,WC53,TCCTGAACTT,NA,NG069_P4,human,CC14_CC2,2a_2b,no,no,no,no,no,no,no,14.5,589
NG069_PC707_WC54,NG069,NA,NA,PC707,ACGCTAATCT,WC54,ACAATTGGTC,NA,NG069_P4,human,CC14_CC2,2a_2b,no,no,no,no,no,no,no,14.5,589
NG069_PC707_WC55,NG069,NA,NA,PC707,ACGCTAATCT,WC55,GTCACAGACA,NA,NG069_P4,human,CC14_CC2,2a_2b,no,no,no,no,no,no,no,14.5,589
NG069_PC707_WC56,NG069,NA,NA,PC707,ACGCTAATCT,WC56,GCCAATGTTC,NA,NG069_P4,human,CC14_CC2,2a_2b,no,no,no,no,no,no,no,14.5,589
NG069_PC707_WC57,NG069,NA,NA,PC707,ACGCTAATCT,WC57,TAGTGTTACG,NA,NG069_P4,human,CC14_CC2,2a_2b,no,no,no,no,no,no,no,14.5,589
NG069_PC707_WC58,NG069,NA,NA,PC707,ACGCTAATCT,WC58,TTGGAAGTAC,NA,NG069_P4,human,CC14_CC2,2a_2b,no,no,no,no,no,no,no,14.5,589
NG069_PC707_WC59,NG069,NA,NA,PC707,ACGCTAATCT,WC59,AAGACGCTAA,NA,NG069_P4,human,CC14_CC2,2a_2b,no,no,no,no,no,no,no,14.5,589
NG069_PC707_WC60,NG069,NA,NA,PC707,ACGCTAATCT,WC60,AGACGGTCAA,NA,NG069_P4,human,CC14_CC2,2a_2b,no,no,no,no,no,no,no,14.5,589
NG069_PC707_WC61,NG069,NA,NA,PC707,ACGCTAATCT,WC61,GAGAAGCCGT,NA,NG069_P4,human,CC14_CC2,2a_2b,no,no,no,no,no,no,no,14.5,589
NG069_PC707_WC62,NG069,NA,NA,PC707,ACGCTAATCT,WC62,ATACATCGCA,NA,NG069_P4,human,CC14_CC2,2a_2b,no,no,no,no,no,no,no,14.5,589
NG069_PC707_WC63,NG069,NA,NA,PC707,ACGCTAATCT,WC63,TGCTGAACGC,NA,NG069_P4,human,CC14_CC2,2a_2b,no,no,no,no,no,no,no,14.5,589
NG069_PC707_WC64,NG069,NA,NA,PC707,ACGCTAATCT,WC64,CTTCCTAGGC,NA,NG069_P4,human,CC14_CC2,2a_2b,no,no,no,no,no,no,no,14.5,589
NG069_PC707_WC65,NG069,NA,NA,PC707,ACGCTAATCT,WC65,CGTTGGTAAC,NA,NG069_P4,human,CC14_CC2,2a_2b,no,no,no,no,no,no,no,14.5,589
NG069_PC707_WC66,NG069,NA,NA,PC707,ACGCTAATCT,WC66,CTTGGTTCGT,NA,NG069_P4,human,CC14_CC2,2a_2b,no,no,no,no,no,no,no,14.5,589
NG069_PC707_WC67,NG069,NA,NA,PC707,ACGCTAATCT,WC67,GACTTGCGTG,NA,NG069_P4,human,CC14_CC2,2a_2b,no,no,no,no,no,no,no,14.5,589
NG069_PC707_WC68,NG069,NA,NA,PC707,ACGCTAATCT,WC68,CTTCTCCAGC,NA,NG069_P4,human,CC14_CC2,2a_2b,no,no,no,no,no,no,no,14.5,589
NG069_PC707_WC69,NG069,NA,NA,PC707,ACGCTAATCT,WC69,CGTACACTGG,NA,NG069_P4,human,CC14_CC2,2a_2b,no,no,no,no,no,no,no,14.5,589
NG069_PC707_WC70,NG069,NA,NA,PC707,ACGCTAATCT,WC70,TCGCATCAAC,NA,NG069_P4,human,CC14_CC2,2a_2b,no,no,no,no,no,no,no,14.5,589
NG069_PC707_WC71,NG069,NA,NA,PC707,ACGCTAATCT,WC71,ATAACAAGCG,NA,NG069_P4,human,CC14_CC2,2a_2b,no,no,no,no,no,no,no,14.5,589
NG069_PC707_WC72,NG069,NA,NA,PC707,ACGCTAATCT,WC72,TGAACGTTAC,NA,NG069_P4,human,CC14_CC2,2a_2b,no,no,no,no,no,no,no,14.5,589
NG069_PC707_WC73,NG069,NA,NA,PC707,ACGCTAATCT,WC73,GAAGACTCGG,NA,NG069_P4,human,CC14_CC2,2a_2b,no,no,no,no,no,no,no,14.5,589
NG069_PC707_WC74,NG069,NA,NA,PC707,ACGCTAATCT,WC74,TAGCGCAATA,NA,NG069_P4,human,CC14_CC2,2a_2b,no,no,no,no,no,no,no,14.5,589
NG069_PC707_WC75,NG069,NA,NA,PC707,ACGCTAATCT,WC75,TTAGACCACA,NA,NG069_P4,human,CC14_CC2,2a_2b,no,no,no,no,no,no,no,14.5,589
NG069_PC707_WC76,NG069,NA,NA,PC707,ACGCTAATCT,WC76,CGTAGACGTG,NA,NG069_P4,human,CC14_CC2,2a_2b,no,no,no,no,no,no,no,14.5,589
NG069_PC707_WC77,NG069,NA,NA,PC707,ACGCTAATCT,WC77,TCACTGGACT,NA,NG069_P4,human,CC14_CC2,2a_2b,no,no,no,no,no,no,no,14.5,589
NG069_PC707_WC78,NG069,NA,NA,PC707,ACGCTAATCT,WC78,GACCAAGCAT,NA,NG069_P4,human,CC14_CC2,2a_2b,no,no,no,no,no,no,no,14.5,589
NG069_PC707_WC79,NG069,NA,NA,PC707,ACGCTAATCT,WC79,GCGAGTATCA,NA,NG069_P4,human,CC14_CC2,2a_2b,no,no,no,no,no,no,no,14.5,589
NG069_PC707_WC80,NG069,NA,NA,PC707,ACGCTAATCT,WC80,CTCTCGATAA,NA,NG069_P4,human,CC14_CC2,2a_2b,no,no,no,no,no,no,no,14.5,589
NG069_PC707_WC81,NG069,NA,NA,PC707,ACGCTAATCT,WC81,AATACTGGCA,NA,NG069_P4,human,CC14_CC2,2a_2b,no,no,no,no,no,no,no,14.5,589
NG069_PC707_WC82,NG069,NA,NA,PC707,ACGCTAATCT,WC82,TATGCAACTC,NA,NG069_P4,human,CC14_CC2,2a_2b,no,no,no,no,no,no,no,14.5,589
NG069_PC707_WC83,NG069,NA,NA,PC707,ACGCTAATCT,WC83,ATGCTAGTGT,NA,NG069_P4,human,CC14_CC2,2a_2b,no,no,no,no,no,no,no,14.5,589
NG069_PC707_WC84,NG069,NA,NA,PC707,ACGCTAATCT,WC84,CCATTAGAAC,NA,NG069_P4,human,CC14_CC2,2a_2b,no,no,no,no,no,no,no,14.5,589
NG069_PC707_WC85,NG069,NA,NA,PC707,ACGCTAATCT,WC85,AACGTGAACG,NA,NG069_P4,human,CC14_CC2,2a_2b,no,no,no,no,no,no,no,14.5,589
NG069_PC707_WC86,NG069,NA,NA,PC707,ACGCTAATCT,WC86,TAACGCAGTC,NA,NG069_P4,human,CC14_CC2,2a_2b,no,no,no,no,no,no,no,14.5,589
NG069_PC707_WC87,NG069,NA,NA,PC707,ACGCTAATCT,WC87,CCATAAGCCA,NA,NG069_P4,human,CC14_CC2,2a_2b,no,no,no,no,no,no,no,14.5,589
NG069_PC707_WC88,NG069,NA,NA,PC707,ACGCTAATCT,WC88,GTGCCTCTGA,NA,NG069_P4,human,CC14_CC2,2a_2b,no,no,no,no,no,no,no,14.5,589
NG069_PC707_WC89,NG069,NA,NA,PC707,ACGCTAATCT,WC89,TAGCCTAGCG,NA,NG069_P4,human,CC14_CC2,2a_2b,no,no,no,no,no,no,no,14.5,589
NG069_PC707_WC90,NG069,NA,NA,PC707,ACGCTAATCT,WC90,TGTTACGGTT,NA,NG069_P4,human,CC14_CC2,2a_2b,no,no,no,no,no,no,no,14.5,589
NG069_PC707_WC91,NG069,NA,NA,PC707,ACGCTAATCT,WC91,TCATACCAAG,NA,NG069_P4,human,CC14_CC2,2a_2b,no,no,no,no,no,no,no,14.5,589
NG069_PC707_WC92,NG069,NA,NA,PC707,ACGCTAATCT,WC92,CGGATCTACA,NA,NG069_P4,human,CC14_CC2,2a_2b,no,no,no,no,no,no,no,14.5,589
NG069_PC707_WC93,NG069,NA,NA,PC707,ACGCTAATCT,WC93,CGGTAGAGTT,NA,NG069_P4,human,CC14_CC2,2a_2b,no,no,no,no,no,no,no,14.5,589
NG069_PC707_WC94,NG069,NA,NA,PC707,ACGCTAATCT,WC94,GAATGTCACG,NA,NG069_P4,human,CC14_CC2,2a_2b,no,no,no,no,no,no,no,14.5,589
NG069_PC707_WC95,NG069,NA,NA,PC707,ACGCTAATCT,WC95,CCTGGTACAG,NA,NG069_P4,human,CC14_CC2,2a_2b,no,no,no,no,no,no,no,14.5,589
NG069_PC707_WC96,NG069,NA,NA,PC707,ACGCTAATCT,WC96,CGGAACCAGT,NA,NG069_P4,human,CC14_CC2,2a_2b,no,no,no,no,no,no,no,14.5,589
NG069_PC710_WC1,NG069,NA,NA,PC710,GAATAGCAAG,WC1,GATTCACGAC,NA,NG069_P5,human,CC14_CC2,2a_2b,no,no,no,no,no,no,no,17.4,608
NG069_PC710_WC2,NG069,NA,NA,PC710,GAATAGCAAG,WC2,CGTAGAACAG,NA,NG069_P5,human,CC14_CC2,2a_2b,no,no,no,no,no,no,no,17.4,608
NG069_PC710_WC3,NG069,NA,NA,PC710,GAATAGCAAG,WC3,ACCTAAGAGC,NA,NG069_P5,human,CC14_CC2,2a_2b,no,no,no,no,no,no,no,17.4,608
NG069_PC710_WC4,NG069,NA,NA,PC710,GAATAGCAAG,WC4,ATGGCTTCTA,NA,NG069_P5,human,CC14_CC2,2a_2b,no,no,no,no,no,no,no,17.4,608
NG069_PC710_WC5,NG069,NA,NA,PC710,GAATAGCAAG,WC5,TACCTAAGTG,NA,NG069_P5,human,CC14_CC2,2a_2b,no,no,no,no,no,no,no,17.4,608
NG069_PC710_WC6,NG069,NA,NA,PC710,GAATAGCAAG,WC6,CCTTACCTAT,NA,NG069_P5,human,CC14_CC2,2a_2b,no,no,no,no,no,no,no,17.4,608
NG069_PC710_WC7,NG069,NA,NA,PC710,GAATAGCAAG,WC7,ATATAAGGCG,NA,NG069_P5,human,CC14_CC2,2a_2b,no,no,no,no,no,no,no,17.4,608
NG069_PC710_WC8,NG069,NA,NA,PC710,GAATAGCAAG,WC8,AGCATCGTGC,NA,NG069_P5,human,CC14_CC2,2a_2b,no,no,no,no,no,no,no,17.4,608
NG069_PC710_WC9,NG069,NA,NA,PC710,GAATAGCAAG,WC9,CTGGCATATT,NA,NG069_P5,human,CC14_CC2,2a_2b,no,no,no,no,no,no,no,17.4,608
NG069_PC710_WC10,NG069,NA,NA,PC710,GAATAGCAAG,WC10,CGTGACTCTA,NA,NG069_P5,human,CC14_CC2,2a_2b,no,no,no,no,no,no,no,17.4,608
NG069_PC710_WC11,NG069,NA,NA,PC710,GAATAGCAAG,WC11,GACCTGTTAA,NA,NG069_P5,human,CC14_CC2,2a_2b,no,no,no,no,no,no,no,17.4,608
NG069_PC710_WC12,NG069,NA,NA,PC710,GAATAGCAAG,WC12,TGGCTCATGT,NA,NG069_P5,human,CC14_CC2,2a_2b,no,no,no,no,no,no,no,17.4,608
NG069_PC710_WC13,NG069,NA,NA,PC710,GAATAGCAAG,WC13,AGAACCTCGC,NA,NG069_P5,human,CC14_CC2,2a_2b,no,no,no,no,no,no,no,17.4,608
NG069_PC710_WC14,NG069,NA,NA,PC710,GAATAGCAAG,WC14,CCTACGGACA,NA,NG069_P5,human,CC14_CC2,2a_2b,no,no,no,no,no,no,no,17.4,608
NG069_PC710_WC15,NG069,NA,NA,PC710,GAATAGCAAG,WC15,AGGCATAATG,NA,NG069_P5,human,CC14_CC2,2a_2b,no,no,no,no,no,no,no,17.4,608
NG069_PC710_WC16,NG069,NA,NA,PC710,GAATAGCAAG,WC16,CAACAGTGGA,NA,NG069_P5,human,CC14_CC2,2a_2b,no,no,no,no,no,no,no,17.4,608
NG069_PC710_WC17,NG069,NA,NA,PC710,GAATAGCAAG,WC17,TGTCGTTAAG,NA,NG069_P5,human,CC14_CC2,2a_2b,no,no,no,no,no,no,no,17.4,608
NG069_PC710_WC18,NG069,NA,NA,PC710,GAATAGCAAG,WC18,AGCTCGAGGA,NA,NG069_P5,human,CC14_CC2,2a_2b,no,no,no,no,no,no,no,17.4,608
NG069_PC710_WC19,NG069,NA,NA,PC710,GAATAGCAAG,WC19,ACATTACTCG,NA,NG069_P5,human,CC14_CC2,2a_2b,no,no,no,no,no,no,no,17.4,608
NG069_PC710_WC20,NG069,NA,NA,PC710,GAATAGCAAG,WC20,CATACCGCTG,NA,NG069_P5,human,CC14_CC2,2a_2b,no,no,no,no,no,no,no,17.4,608
NG069_PC710_WC21,NG069,NA,NA,PC710,GAATAGCAAG,WC21,TGCAAGTAGC,NA,NG069_P5,human,CC14_CC2,2a_2b,no,no,no,no,no,no,no,17.4,608
NG069_PC710_WC22,NG069,NA,NA,PC710,GAATAGCAAG,WC22,CTTCAATAGC,NA,NG069_P5,human,CC14_CC2,2a_2b,no,no,no,no,no,no,no,17.4,608
NG069_PC710_WC23,NG069,NA,NA,PC710,GAATAGCAAG,WC23,CGGATGCTGA,NA,NG069_P5,human,CC14_CC2,2a_2b,no,no,no,no,no,no,no,17.4,608
NG069_PC710_WC24,NG069,NA,NA,PC710,GAATAGCAAG,WC24,CCACCACCTA,NA,NG069_P5,human,CC14_CC2,2a_2b,no,no,no,no,no,no,no,17.4,608
NG069_PC710_WC25,NG069,NA,NA,PC710,GAATAGCAAG,WC25,ATCCGATCTT,NA,NG069_P5,human,CC14_CC2,2a_2b,no,no,no,no,no,no,no,17.4,608
NG069_PC710_WC26,NG069,NA,NA,PC710,GAATAGCAAG,WC26,CGGACGTTAA,NA,NG069_P5,human,CC14_CC2,2a_2b,no,no,no,no,no,no,no,17.4,608
NG069_PC710_WC27,NG069,NA,NA,PC710,GAATAGCAAG,WC27,GATCGGTAAT,NA,NG069_P5,human,CC14_CC2,2a_2b,no,no,no,no,no,no,no,17.4,608
NG069_PC710_WC28,NG069,NA,NA,PC710,GAATAGCAAG,WC28,ACGATGCAAC,NA,NG069_P5,human,CC14_CC2,2a_2b,no,no,no,no,no,no,no,17.4,608
NG069_PC710_WC29,NG069,NA,NA,PC710,GAATAGCAAG,WC29,AACGTCCAGT,NA,NG069_P5,human,CC14_CC2,2a_2b,no,no,no,no,no,no,no,17.4,608
NG069_PC710_WC30,NG069,NA,NA,PC710,GAATAGCAAG,WC30,ACACGAACAA,NA,NG069_P5,human,CC14_CC2,2a_2b,no,no,no,no,no,no,no,17.4,608
NG069_PC710_WC31,NG069,NA,NA,PC710,GAATAGCAAG,WC31,CTCAGTCCGT,NA,NG069_P5,human,CC14_CC2,2a_2b,no,no,no,no,no,no,no,17.4,608
NG069_PC710_WC32,NG069,NA,NA,PC710,GAATAGCAAG,WC32,TATGACGGTG,NA,NG069_P5,human,CC14_CC2,2a_2b,no,no,no,no,no,no,no,17.4,608
NG069_PC710_WC33,NG069,NA,NA,PC710,GAATAGCAAG,WC33,ACACAACTAC,NA,NG069_P5,human,CC14_CC2,2a_2b,no,no,no,no,no,no,no,17.4,608
NG069_PC710_WC34,NG069,NA,NA,PC710,GAATAGCAAG,WC34,AAGGACTCAG,NA,NG069_P5,human,CC14_CC2,2a_2b,no,no,no,no,no,no,no,17.4,608
NG069_PC710_WC35,NG069,NA,NA,PC710,GAATAGCAAG,WC35,GCAACTGTGA,NA,NG069_P5,human,CC14_CC2,2a_2b,no,no,no,no,no,no,no,17.4,608
NG069_PC710_WC36,NG069,NA,NA,PC710,GAATAGCAAG,WC36,CGCTTACAAT,NA,NG069_P5,human,CC14_CC2,2a_2b,no,no,no,no,no,no,no,17.4,608
NG069_PC710_WC37,NG069,NA,NA,PC710,GAATAGCAAG,WC37,AGAGAGACCG,NA,NG069_P5,human,CC14_CC2,2a_2b,no,no,no,no,no,no,no,17.4,608
NG069_PC710_WC38,NG069,NA,NA,PC710,GAATAGCAAG,WC38,CATTGCTGTT,NA,NG069_P5,human,CC14_CC2,2a_2b,no,no,no,no,no,no,no,17.4,608
NG069_PC710_WC39,NG069,NA,NA,PC710,GAATAGCAAG,WC39,GCAACACGGA,NA,NG069_P5,human,CC14_CC2,2a_2b,no,no,no,no,no,no,no,17.4,608
NG069_PC710_WC40,NG069,NA,NA,PC710,GAATAGCAAG,WC40,TCACTTCGCA,NA,NG069_P5,human,CC14_CC2,2a_2b,no,no,no,no,no,no,no,17.4,608
NG069_PC710_WC41,NG069,NA,NA,PC710,GAATAGCAAG,WC41,AATAGCTGTG,NA,NG069_P5,human,CC14_CC2,2a_2b,no,no,no,no,no,no,no,17.4,608
NG069_PC710_WC42,NG069,NA,NA,PC710,GAATAGCAAG,WC42,GAACACTATC,NA,NG069_P5,human,CC14_CC2,2a_2b,no,no,no,no,no,no,no,17.4,608
NG069_PC710_WC43,NG069,NA,NA,PC710,GAATAGCAAG,WC43,CTGGTAGCTA,NA,NG069_P5,human,CC14_CC2,2a_2b,no,no,no,no,no,no,no,17.4,608
NG069_PC710_WC44,NG069,NA,NA,PC710,GAATAGCAAG,WC44,TGCGTGAGCA,NA,NG069_P5,human,CC14_CC2,2a_2b,no,no,no,no,no,no,no,17.4,608
NG069_PC710_WC45,NG069,NA,NA,PC710,GAATAGCAAG,WC45,TAGCACACTT,NA,NG069_P5,human,CC14_CC2,2a_2b,no,no,no,no,no,no,no,17.4,608
NG069_PC710_WC46,NG069,NA,NA,PC710,GAATAGCAAG,WC46,CAGACGATGA,NA,NG069_P5,human,CC14_CC2,2a_2b,no,no,no,no,no,no,no,17.4,608
NG069_PC710_WC47,NG069,NA,NA,PC710,GAATAGCAAG,WC47,CGGAGCATCT,NA,NG069_P5,human,CC14_CC2,2a_2b,no,no,no,no,no,no,no,17.4,608
NG069_PC710_WC48,NG069,NA,NA,PC710,GAATAGCAAG,WC48,CGCTTGGTTC,NA,NG069_P5,human,CC14_CC2,2a_2b,no,no,no,no,no,no,no,17.4,608
NG069_PC710_WC49,NG069,NA,NA,PC710,GAATAGCAAG,WC49,CTTGAAGAGG,NA,NG069_P5,human,CC14_CC2,2a_2b,no,no,no,no,no,no,no,17.4,608
NG069_PC710_WC50,NG069,NA,NA,PC710,GAATAGCAAG,WC50,AGATGCGACG,NA,NG069_P5,human,CC14_CC2,2a_2b,no,no,no,no,no,no,no,17.4,608
NG069_PC710_WC51,NG069,NA,NA,PC710,GAATAGCAAG,WC51,GAACGTTCGG,NA,NG069_P5,human,CC14_CC2,2a_2b,no,no,no,no,no,no,no,17.4,608
NG069_PC710_WC52,NG069,NA,NA,PC710,GAATAGCAAG,WC52,AACGCCATTC,NA,NG069_P5,human,CC14_CC2,2a_2b,no,no,no,no,no,no,no,17.4,608
NG069_PC710_WC53,NG069,NA,NA,PC710,GAATAGCAAG,WC53,TCCTGAACTT,NA,NG069_P5,human,CC14_CC2,2a_2b,no,no,no,no,no,no,no,17.4,608
NG069_PC710_WC54,NG069,NA,NA,PC710,GAATAGCAAG,WC54,ACAATTGGTC,NA,NG069_P5,human,CC14_CC2,2a_2b,no,no,no,no,no,no,no,17.4,608
NG069_PC710_WC55,NG069,NA,NA,PC710,GAATAGCAAG,WC55,GTCACAGACA,NA,NG069_P5,human,CC14_CC2,2a_2b,no,no,no,no,no,no,no,17.4,608
NG069_PC710_WC56,NG069,NA,NA,PC710,GAATAGCAAG,WC56,GCCAATGTTC,NA,NG069_P5,human,CC14_CC2,2a_2b,no,no,no,no,no,no,no,17.4,608
NG069_PC710_WC57,NG069,NA,NA,PC710,GAATAGCAAG,WC57,TAGTGTTACG,NA,NG069_P5,human,CC14_CC2,2a_2b,no,no,no,no,no,no,no,17.4,608
NG069_PC710_WC58,NG069,NA,NA,PC710,GAATAGCAAG,WC58,TTGGAAGTAC,NA,NG069_P5,human,CC14_CC2,2a_2b,no,no,no,no,no,no,no,17.4,608
NG069_PC710_WC59,NG069,NA,NA,PC710,GAATAGCAAG,WC59,AAGACGCTAA,NA,NG069_P5,human,CC14_CC2,2a_2b,no,no,no,no,no,no,no,17.4,608
NG069_PC710_WC60,NG069,NA,NA,PC710,GAATAGCAAG,WC60,AGACGGTCAA,NA,NG069_P5,human,CC14_CC2,2a_2b,no,no,no,no,no,no,no,17.4,608
NG069_PC710_WC61,NG069,NA,NA,PC710,GAATAGCAAG,WC61,GAGAAGCCGT,NA,NG069_P5,human,CC14_CC2,2a_2b,no,no,no,no,no,no,no,17.4,608
NG069_PC710_WC62,NG069,NA,NA,PC710,GAATAGCAAG,WC62,ATACATCGCA,NA,NG069_P5,human,CC14_CC2,2a_2b,no,no,no,no,no,no,no,17.4,608
NG069_PC710_WC63,NG069,NA,NA,PC710,GAATAGCAAG,WC63,TGCTGAACGC,NA,NG069_P5,human,CC14_CC2,2a_2b,no,no,no,no,no,no,no,17.4,608
NG069_PC710_WC64,NG069,NA,NA,PC710,GAATAGCAAG,WC64,CTTCCTAGGC,NA,NG069_P5,human,CC14_CC2,2a_2b,no,no,no,no,no,no,no,17.4,608
NG069_PC710_WC65,NG069,NA,NA,PC710,GAATAGCAAG,WC65,CGTTGGTAAC,NA,NG069_P5,human,CC14_CC2,2a_2b,no,no,no,no,no,no,no,17.4,608
NG069_PC710_WC66,NG069,NA,NA,PC710,GAATAGCAAG,WC66,CTTGGTTCGT,NA,NG069_P5,human,CC14_CC2,2a_2b,no,no,no,no,no,no,no,17.4,608
NG069_PC710_WC67,NG069,NA,NA,PC710,GAATAGCAAG,WC67,GACTTGCGTG,NA,NG069_P5,human,CC14_CC2,2a_2b,no,no,no,no,no,no,no,17.4,608
NG069_PC710_WC68,NG069,NA,NA,PC710,GAATAGCAAG,WC68,CTTCTCCAGC,NA,NG069_P5,human,CC14_CC2,2a_2b,no,no,no,no,no,no,no,17.4,608
NG069_PC710_WC69,NG069,NA,NA,PC710,GAATAGCAAG,WC69,CGTACACTGG,NA,NG069_P5,human,CC14_CC2,2a_2b,no,no,no,no,no,no,no,17.4,608
NG069_PC710_WC70,NG069,NA,NA,PC710,GAATAGCAAG,WC70,TCGCATCAAC,NA,NG069_P5,human,CC14_CC2,2a_2b,no,no,no,no,no,no,no,17.4,608
NG069_PC710_WC71,NG069,NA,NA,PC710,GAATAGCAAG,WC71,ATAACAAGCG,NA,NG069_P5,human,CC14_CC2,2a_2b,no,no,no,no,no,no,no,17.4,608
NG069_PC710_WC72,NG069,NA,NA,PC710,GAATAGCAAG,WC72,TGAACGTTAC,NA,NG069_P5,human,CC14_CC2,2a_2b,no,no,no,no,no,no,no,17.4,608
NG069_PC710_WC73,NG069,NA,NA,PC710,GAATAGCAAG,WC73,GAAGACTCGG,NA,NG069_P5,human,CC14_CC2,2a_2b,no,no,no,no,no,no,no,17.4,608
NG069_PC710_WC74,NG069,NA,NA,PC710,GAATAGCAAG,WC74,TAGCGCAATA,NA,NG069_P5,human,CC14_CC2,2a_2b,no,no,no,no,no,no,no,17.4,608
NG069_PC710_WC75,NG069,NA,NA,PC710,GAATAGCAAG,WC75,TTAGACCACA,NA,NG069_P5,human,CC14_CC2,2a_2b,no,no,no,no,no,no,no,17.4,608
NG069_PC710_WC76,NG069,NA,NA,PC710,GAATAGCAAG,WC76,CGTAGACGTG,NA,NG069_P5,human,CC14_CC2,2a_2b,no,no,no,no,no,no,no,17.4,608
NG069_PC710_WC77,NG069,NA,NA,PC710,GAATAGCAAG,WC77,TCACTGGACT,NA,NG069_P5,human,CC14_CC2,2a_2b,no,no,no,no,no,no,no,17.4,608
NG069_PC710_WC78,NG069,NA,NA,PC710,GAATAGCAAG,WC78,GACCAAGCAT,NA,NG069_P5,human,CC14_CC2,2a_2b,no,no,no,no,no,no,no,17.4,608
NG069_PC710_WC79,NG069,NA,NA,PC710,GAATAGCAAG,WC79,GCGAGTATCA,NA,NG069_P5,human,CC14_CC2,2a_2b,no,no,no,no,no,no,no,17.4,608
NG069_PC710_WC80,NG069,NA,NA,PC710,GAATAGCAAG,WC80,CTCTCGATAA,NA,NG069_P5,human,CC14_CC2,2a_2b,no,no,no,no,no,no,no,17.4,608
NG069_PC710_WC81,NG069,NA,NA,PC710,GAATAGCAAG,WC81,AATACTGGCA,NA,NG069_P5,human,CC14_CC2,2a_2b,no,no,no,no,no,no,no,17.4,608
NG069_PC710_WC82,NG069,NA,NA,PC710,GAATAGCAAG,WC82,TATGCAACTC,NA,NG069_P5,human,CC14_CC2,2a_2b,no,no,no,no,no,no,no,17.4,608
NG069_PC710_WC83,NG069,NA,NA,PC710,GAATAGCAAG,WC83,ATGCTAGTGT,NA,NG069_P5,human,CC14_CC2,2a_2b,no,no,no,no,no,no,no,17.4,608
NG069_PC710_WC84,NG069,NA,NA,PC710,GAATAGCAAG,WC84,CCATTAGAAC,NA,NG069_P5,human,CC14_CC2,2a_2b,no,no,no,no,no,no,no,17.4,608
NG069_PC710_WC85,NG069,NA,NA,PC710,GAATAGCAAG,WC85,AACGTGAACG,NA,NG069_P5,human,CC14_CC2,2a_2b,no,no,no,no,no,no,no,17.4,608
NG069_PC710_WC86,NG069,NA,NA,PC710,GAATAGCAAG,WC86,TAACGCAGTC,NA,NG069_P5,human,CC14_CC2,2a_2b,no,no,no,no,no,no,no,17.4,608
NG069_PC710_WC87,NG069,NA,NA,PC710,GAATAGCAAG,WC87,CCATAAGCCA,NA,NG069_P5,human,CC14_CC2,2a_2b,no,no,no,no,no,no,no,17.4,608
NG069_PC710_WC88,NG069,NA,NA,PC710,GAATAGCAAG,WC88,GTGCCTCTGA,NA,NG069_P5,human,CC14_CC2,2a_2b,no,no,no,no,no,no,no,17.4,608
NG069_PC710_WC89,NG069,NA,NA,PC710,GAATAGCAAG,WC89,TAGCCTAGCG,NA,NG069_P5,human,CC14_CC2,2a_2b,no,no,no,no,no,no,no,17.4,608
NG069_PC710_WC90,NG069,NA,NA,PC710,GAATAGCAAG,WC90,TGTTACGGTT,NA,NG069_P5,human,CC14_CC2,2a_2b,no,no,no,no,no,no,no,17.4,608
NG069_PC710_WC91,NG069,NA,NA,PC710,GAATAGCAAG,WC91,TCATACCAAG,NA,NG069_P5,human,CC14_CC2,2a_2b,no,no,no,no,no,no,no,17.4,608
NG069_PC710_WC92,NG069,NA,NA,PC710,GAATAGCAAG,WC92,CGGATCTACA,NA,NG069_P5,human,CC14_CC2,2a_2b,no,no,no,no,no,no,no,17.4,608
NG069_PC710_WC93,NG069,NA,NA,PC710,GAATAGCAAG,WC93,CGGTAGAGTT,NA,NG069_P5,human,CC14_CC2,2a_2b,no,no,no,no,no,no,no,17.4,608
NG069_PC710_WC94,NG069,NA,NA,PC710,GAATAGCAAG,WC94,GAATGTCACG,NA,NG069_P5,human,CC14_CC2,2a_2b,no,no,no,no,no,no,no,17.4,608
NG069_PC710_WC95,NG069,NA,NA,PC710,GAATAGCAAG,WC95,CCTGGTACAG,NA,NG069_P5,human,CC14_CC2,2a_2b,no,no,no,no,no,no,no,17.4,608
NG069_PC710_WC96,NG069,NA,NA,PC710,GAATAGCAAG,WC96,CGGAACCAGT,NA,NG069_P5,human,CC14_CC2,2a_2b,no,no,no,no,no,no,no,17.4,608
NG069_PC711_WC1,NG069,NA,NA,PC711,CCTGGTGAGA,WC1,GATTCACGAC,NA,NG069_P6,human,CC14_CC2,3a_4b,no,no,no,no,no,no,no,17.7,592
NG069_PC711_WC2,NG069,NA,NA,PC711,CCTGGTGAGA,WC2,CGTAGAACAG,NA,NG069_P6,human,CC14_CC2,3a_4b,no,no,no,no,no,no,no,17.7,592
NG069_PC711_WC3,NG069,NA,NA,PC711,CCTGGTGAGA,WC3,ACCTAAGAGC,NA,NG069_P6,human,CC14_CC2,3a_4b,no,no,no,no,no,no,no,17.7,592
NG069_PC711_WC4,NG069,NA,NA,PC711,CCTGGTGAGA,WC4,ATGGCTTCTA,NA,NG069_P6,human,CC14_CC2,3a_4b,no,no,no,no,no,no,no,17.7,592
NG069_PC711_WC5,NG069,NA,NA,PC711,CCTGGTGAGA,WC5,TACCTAAGTG,NA,NG069_P6,human,CC14_CC2,3a_4b,no,no,no,no,no,no,no,17.7,592
NG069_PC711_WC6,NG069,NA,NA,PC711,CCTGGTGAGA,WC6,CCTTACCTAT,NA,NG069_P6,human,CC14_CC2,3a_4b,no,no,no,no,no,no,no,17.7,592
NG069_PC711_WC7,NG069,NA,NA,PC711,CCTGGTGAGA,WC7,ATATAAGGCG,NA,NG069_P6,human,CC14_CC2,3a_4b,no,no,no,no,no,no,no,17.7,592
NG069_PC711_WC8,NG069,NA,NA,PC711,CCTGGTGAGA,WC8,AGCATCGTGC,NA,NG069_P6,human,CC14_CC2,3a_4b,no,no,no,no,no,no,no,17.7,592
NG069_PC711_WC9,NG069,NA,NA,PC711,CCTGGTGAGA,WC9,CTGGCATATT,NA,NG069_P6,human,CC14_CC2,3a_4b,no,no,no,no,no,no,no,17.7,592
NG069_PC711_WC10,NG069,NA,NA,PC711,CCTGGTGAGA,WC10,CGTGACTCTA,NA,NG069_P6,human,CC14_CC2,3a_4b,no,no,no,no,no,no,no,17.7,592
NG069_PC711_WC11,NG069,NA,NA,PC711,CCTGGTGAGA,WC11,GACCTGTTAA,NA,NG069_P6,human,CC14_CC2,3a_4b,no,no,no,no,no,no,no,17.7,592
NG069_PC711_WC12,NG069,NA,NA,PC711,CCTGGTGAGA,WC12,TGGCTCATGT,NA,NG069_P6,human,CC14_CC2,3a_4b,no,no,no,no,no,no,no,17.7,592
NG069_PC711_WC13,NG069,NA,NA,PC711,CCTGGTGAGA,WC13,AGAACCTCGC,NA,NG069_P6,human,CC14_CC2,3a_4b,no,no,no,no,no,no,no,17.7,592
NG069_PC711_WC14,NG069,NA,NA,PC711,CCTGGTGAGA,WC14,CCTACGGACA,NA,NG069_P6,human,CC14_CC2,3a_4b,no,no,no,no,no,no,no,17.7,592
NG069_PC711_WC15,NG069,NA,NA,PC711,CCTGGTGAGA,WC15,AGGCATAATG,NA,NG069_P6,human,CC14_CC2,3a_4b,no,no,no,no,no,no,no,17.7,592
NG069_PC711_WC16,NG069,NA,NA,PC711,CCTGGTGAGA,WC16,CAACAGTGGA,NA,NG069_P6,human,CC14_CC2,3a_4b,no,no,no,no,no,no,no,17.7,592
NG069_PC711_WC17,NG069,NA,NA,PC711,CCTGGTGAGA,WC17,TGTCGTTAAG,NA,NG069_P6,human,CC14_CC2,3a_4b,no,no,no,no,no,no,no,17.7,592
NG069_PC711_WC18,NG069,NA,NA,PC711,CCTGGTGAGA,WC18,AGCTCGAGGA,NA,NG069_P6,human,CC14_CC2,3a_4b,no,no,no,no,no,no,no,17.7,592
NG069_PC711_WC19,NG069,NA,NA,PC711,CCTGGTGAGA,WC19,ACATTACTCG,NA,NG069_P6,human,CC14_CC2,3a_4b,no,no,no,no,no,no,no,17.7,592
NG069_PC711_WC20,NG069,NA,NA,PC711,CCTGGTGAGA,WC20,CATACCGCTG,NA,NG069_P6,human,CC14_CC2,3a_4b,no,no,no,no,no,no,no,17.7,592
NG069_PC711_WC21,NG069,NA,NA,PC711,CCTGGTGAGA,WC21,TGCAAGTAGC,NA,NG069_P6,human,CC14_CC2,3a_4b,no,no,no,no,no,no,no,17.7,592
NG069_PC711_WC22,NG069,NA,NA,PC711,CCTGGTGAGA,WC22,CTTCAATAGC,NA,NG069_P6,human,CC14_CC2,3a_4b,no,no,no,no,no,no,no,17.7,592
NG069_PC711_WC23,NG069,NA,NA,PC711,CCTGGTGAGA,WC23,CGGATGCTGA,NA,NG069_P6,human,CC14_CC2,3a_4b,no,no,no,no,no,no,no,17.7,592
NG069_PC711_WC24,NG069,NA,NA,PC711,CCTGGTGAGA,WC24,CCACCACCTA,NA,NG069_P6,human,CC14_CC2,3a_4b,no,no,no,no,no,no,no,17.7,592
NG069_PC711_WC25,NG069,NA,NA,PC711,CCTGGTGAGA,WC25,ATCCGATCTT,NA,NG069_P6,human,CC14_CC2,3a_4b,no,no,no,no,no,no,no,17.7,592
NG069_PC711_WC26,NG069,NA,NA,PC711,CCTGGTGAGA,WC26,CGGACGTTAA,NA,NG069_P6,human,CC14_CC2,3a_4b,no,no,no,no,no,no,no,17.7,592
NG069_PC711_WC27,NG069,NA,NA,PC711,CCTGGTGAGA,WC27,GATCGGTAAT,NA,NG069_P6,human,CC14_CC2,3a_4b,no,no,no,no,no,no,no,17.7,592
NG069_PC711_WC28,NG069,NA,NA,PC711,CCTGGTGAGA,WC28,ACGATGCAAC,NA,NG069_P6,human,CC14_CC2,3a_4b,no,no,no,no,no,no,no,17.7,592
NG069_PC711_WC29,NG069,NA,NA,PC711,CCTGGTGAGA,WC29,AACGTCCAGT,NA,NG069_P6,human,CC14_CC2,3a_4b,no,no,no,no,no,no,no,17.7,592
NG069_PC711_WC30,NG069,NA,NA,PC711,CCTGGTGAGA,WC30,ACACGAACAA,NA,NG069_P6,human,CC14_CC2,3a_4b,no,no,no,no,no,no,no,17.7,592
NG069_PC711_WC31,NG069,NA,NA,PC711,CCTGGTGAGA,WC31,CTCAGTCCGT,NA,NG069_P6,human,CC14_CC2,3a_4b,no,no,no,no,no,no,no,17.7,592
NG069_PC711_WC32,NG069,NA,NA,PC711,CCTGGTGAGA,WC32,TATGACGGTG,NA,NG069_P6,human,CC14_CC2,3a_4b,no,no,no,no,no,no,no,17.7,592
NG069_PC711_WC33,NG069,NA,NA,PC711,CCTGGTGAGA,WC33,ACACAACTAC,NA,NG069_P6,human,CC14_CC2,3a_4b,no,no,no,no,no,no,no,17.7,592
NG069_PC711_WC34,NG069,NA,NA,PC711,CCTGGTGAGA,WC34,AAGGACTCAG,NA,NG069_P6,human,CC14_CC2,3a_4b,no,no,no,no,no,no,no,17.7,592
NG069_PC711_WC35,NG069,NA,NA,PC711,CCTGGTGAGA,WC35,GCAACTGTGA,NA,NG069_P6,human,CC14_CC2,3a_4b,no,no,no,no,no,no,no,17.7,592
NG069_PC711_WC36,NG069,NA,NA,PC711,CCTGGTGAGA,WC36,CGCTTACAAT,NA,NG069_P6,human,CC14_CC2,3a_4b,no,no,no,no,no,no,no,17.7,592
NG069_PC711_WC37,NG069,NA,NA,PC711,CCTGGTGAGA,WC37,AGAGAGACCG,NA,NG069_P6,human,CC14_CC2,3a_4b,no,no,no,no,no,no,no,17.7,592
NG069_PC711_WC38,NG069,NA,NA,PC711,CCTGGTGAGA,WC38,CATTGCTGTT,NA,NG069_P6,human,CC14_CC2,3a_4b,no,no,no,no,no,no,no,17.7,592
NG069_PC711_WC39,NG069,NA,NA,PC711,CCTGGTGAGA,WC39,GCAACACGGA,NA,NG069_P6,human,CC14_CC2,3a_4b,no,no,no,no,no,no,no,17.7,592
NG069_PC711_WC40,NG069,NA,NA,PC711,CCTGGTGAGA,WC40,TCACTTCGCA,NA,NG069_P6,human,CC14_CC2,3a_4b,no,no,no,no,no,no,no,17.7,592
NG069_PC711_WC41,NG069,NA,NA,PC711,CCTGGTGAGA,WC41,AATAGCTGTG,NA,NG069_P6,human,CC14_CC2,3a_4b,no,no,no,no,no,no,no,17.7,592
NG069_PC711_WC42,NG069,NA,NA,PC711,CCTGGTGAGA,WC42,GAACACTATC,NA,NG069_P6,human,CC14_CC2,3a_4b,no,no,no,no,no,no,no,17.7,592
NG069_PC711_WC43,NG069,NA,NA,PC711,CCTGGTGAGA,WC43,CTGGTAGCTA,NA,NG069_P6,human,CC14_CC2,3a_4b,no,no,no,no,no,no,no,17.7,592
NG069_PC711_WC44,NG069,NA,NA,PC711,CCTGGTGAGA,WC44,TGCGTGAGCA,NA,NG069_P6,human,CC14_CC2,3a_4b,no,no,no,no,no,no,no,17.7,592
NG069_PC711_WC45,NG069,NA,NA,PC711,CCTGGTGAGA,WC45,TAGCACACTT,NA,NG069_P6,human,CC14_CC2,3a_4b,no,no,no,no,no,no,no,17.7,592
NG069_PC711_WC46,NG069,NA,NA,PC711,CCTGGTGAGA,WC46,CAGACGATGA,NA,NG069_P6,human,CC14_CC2,3a_4b,no,no,no,no,no,no,no,17.7,592
NG069_PC711_WC47,NG069,NA,NA,PC711,CCTGGTGAGA,WC47,CGGAGCATCT,NA,NG069_P6,human,CC14_CC2,3a_4b,no,no,no,no,no,no,no,17.7,592
NG069_PC711_WC48,NG069,NA,NA,PC711,CCTGGTGAGA,WC48,CGCTTGGTTC,NA,NG069_P6,human,CC14_CC2,3a_4b,no,no,no,no,no,no,no,17.7,592
NG069_PC711_WC49,NG069,NA,NA,PC711,CCTGGTGAGA,WC49,CTTGAAGAGG,NA,NG069_P6,human,CC14_CC2,3a_4b,no,no,no,no,no,no,no,17.7,592
NG069_PC711_WC50,NG069,NA,NA,PC711,CCTGGTGAGA,WC50,AGATGCGACG,NA,NG069_P6,human,CC14_CC2,3a_4b,no,no,no,no,no,no,no,17.7,592
NG069_PC711_WC51,NG069,NA,NA,PC711,CCTGGTGAGA,WC51,GAACGTTCGG,NA,NG069_P6,human,CC14_CC2,3a_4b,no,no,no,no,no,no,no,17.7,592
NG069_PC711_WC52,NG069,NA,NA,PC711,CCTGGTGAGA,WC52,AACGCCATTC,NA,NG069_P6,human,CC14_CC2,3a_4b,no,no,no,no,no,no,no,17.7,592
NG069_PC711_WC53,NG069,NA,NA,PC711,CCTGGTGAGA,WC53,TCCTGAACTT,NA,NG069_P6,human,CC14_CC2,3a_4b,no,no,no,no,no,no,no,17.7,592
NG069_PC711_WC54,NG069,NA,NA,PC711,CCTGGTGAGA,WC54,ACAATTGGTC,NA,NG069_P6,human,CC14_CC2,3a_4b,no,no,no,no,no,no,no,17.7,592
NG069_PC711_WC55,NG069,NA,NA,PC711,CCTGGTGAGA,WC55,GTCACAGACA,NA,NG069_P6,human,CC14_CC2,3a_4b,no,no,no,no,no,no,no,17.7,592
NG069_PC711_WC56,NG069,NA,NA,PC711,CCTGGTGAGA,WC56,GCCAATGTTC,NA,NG069_P6,human,CC14_CC2,3a_4b,no,no,no,no,no,no,no,17.7,592
NG069_PC711_WC57,NG069,NA,NA,PC711,CCTGGTGAGA,WC57,TAGTGTTACG,NA,NG069_P6,human,CC14_CC2,3a_4b,no,no,no,no,no,no,no,17.7,592
NG069_PC711_WC58,NG069,NA,NA,PC711,CCTGGTGAGA,WC58,TTGGAAGTAC,NA,NG069_P6,human,CC14_CC2,3a_4b,no,no,no,no,no,no,no,17.7,592
NG069_PC711_WC59,NG069,NA,NA,PC711,CCTGGTGAGA,WC59,AAGACGCTAA,NA,NG069_P6,human,CC14_CC2,3a_4b,no,no,no,no,no,no,no,17.7,592
NG069_PC711_WC60,NG069,NA,NA,PC711,CCTGGTGAGA,WC60,AGACGGTCAA,NA,NG069_P6,human,CC14_CC2,3a_4b,no,no,no,no,no,no,no,17.7,592
NG069_PC711_WC61,NG069,NA,NA,PC711,CCTGGTGAGA,WC61,GAGAAGCCGT,NA,NG069_P6,human,CC14_CC2,3a_4b,no,no,no,no,no,no,no,17.7,592
NG069_PC711_WC62,NG069,NA,NA,PC711,CCTGGTGAGA,WC62,ATACATCGCA,NA,NG069_P6,human,CC14_CC2,3a_4b,no,no,no,no,no,no,no,17.7,592
NG069_PC711_WC63,NG069,NA,NA,PC711,CCTGGTGAGA,WC63,TGCTGAACGC,NA,NG069_P6,human,CC14_CC2,3a_4b,no,no,no,no,no,no,no,17.7,592
NG069_PC711_WC64,NG069,NA,NA,PC711,CCTGGTGAGA,WC64,CTTCCTAGGC,NA,NG069_P6,human,CC14_CC2,3a_4b,no,no,no,no,no,no,no,17.7,592
NG069_PC711_WC65,NG069,NA,NA,PC711,CCTGGTGAGA,WC65,CGTTGGTAAC,NA,NG069_P6,human,CC14_CC2,3a_4b,no,no,no,no,no,no,no,17.7,592
NG069_PC711_WC66,NG069,NA,NA,PC711,CCTGGTGAGA,WC66,CTTGGTTCGT,NA,NG069_P6,human,CC14_CC2,3a_4b,no,no,no,no,no,no,no,17.7,592
NG069_PC711_WC67,NG069,NA,NA,PC711,CCTGGTGAGA,WC67,GACTTGCGTG,NA,NG069_P6,human,CC14_CC2,3a_4b,no,no,no,no,no,no,no,17.7,592
NG069_PC711_WC68,NG069,NA,NA,PC711,CCTGGTGAGA,WC68,CTTCTCCAGC,NA,NG069_P6,human,CC14_CC2,3a_4b,no,no,no,no,no,no,no,17.7,592
NG069_PC711_WC69,NG069,NA,NA,PC711,CCTGGTGAGA,WC69,CGTACACTGG,NA,NG069_P6,human,CC14_CC2,3a_4b,no,no,no,no,no,no,no,17.7,592
NG069_PC711_WC70,NG069,NA,NA,PC711,CCTGGTGAGA,WC70,TCGCATCAAC,NA,NG069_P6,human,CC14_CC2,3a_4b,no,no,no,no,no,no,no,17.7,592
NG069_PC711_WC71,NG069,NA,NA,PC711,CCTGGTGAGA,WC71,ATAACAAGCG,NA,NG069_P6,human,CC14_CC2,3a_4b,no,no,no,no,no,no,no,17.7,592
NG069_PC711_WC72,NG069,NA,NA,PC711,CCTGGTGAGA,WC72,TGAACGTTAC,NA,NG069_P6,human,CC14_CC2,3a_4b,no,no,no,no,no,no,no,17.7,592
NG069_PC711_WC73,NG069,NA,NA,PC711,CCTGGTGAGA,WC73,GAAGACTCGG,NA,NG069_P6,human,CC14_CC2,3a_4b,no,no,no,no,no,no,no,17.7,592
NG069_PC711_WC74,NG069,NA,NA,PC711,CCTGGTGAGA,WC74,TAGCGCAATA,NA,NG069_P6,human,CC14_CC2,3a_4b,no,no,no,no,no,no,no,17.7,592
NG069_PC711_WC75,NG069,NA,NA,PC711,CCTGGTGAGA,WC75,TTAGACCACA,NA,NG069_P6,human,CC14_CC2,3a_4b,no,no,no,no,no,no,no,17.7,592
NG069_PC711_WC76,NG069,NA,NA,PC711,CCTGGTGAGA,WC76,CGTAGACGTG,NA,NG069_P6,human,CC14_CC2,3a_4b,no,no,no,no,no,no,no,17.7,592
NG069_PC711_WC77,NG069,NA,NA,PC711,CCTGGTGAGA,WC77,TCACTGGACT,NA,NG069_P6,human,CC14_CC2,3a_4b,no,no,no,no,no,no,no,17.7,592
NG069_PC711_WC78,NG069,NA,NA,PC711,CCTGGTGAGA,WC78,GACCAAGCAT,NA,NG069_P6,human,CC14_CC2,3a_4b,no,no,no,no,no,no,no,17.7,592
NG069_PC711_WC79,NG069,NA,NA,PC711,CCTGGTGAGA,WC79,GCGAGTATCA,NA,NG069_P6,human,CC14_CC2,3a_4b,no,no,no,no,no,no,no,17.7,592
NG069_PC711_WC80,NG069,NA,NA,PC711,CCTGGTGAGA,WC80,CTCTCGATAA,NA,NG069_P6,human,CC14_CC2,3a_4b,no,no,no,no,no,no,no,17.7,592
NG069_PC711_WC81,NG069,NA,NA,PC711,CCTGGTGAGA,WC81,AATACTGGCA,NA,NG069_P6,human,CC14_CC2,3a_4b,no,no,no,no,no,no,no,17.7,592
NG069_PC711_WC82,NG069,NA,NA,PC711,CCTGGTGAGA,WC82,TATGCAACTC,NA,NG069_P6,human,CC14_CC2,3a_4b,no,no,no,no,no,no,no,17.7,592
NG069_PC711_WC83,NG069,NA,NA,PC711,CCTGGTGAGA,WC83,ATGCTAGTGT,NA,NG069_P6,human,CC14_CC2,3a_4b,no,no,no,no,no,no,no,17.7,592
NG069_PC711_WC84,NG069,NA,NA,PC711,CCTGGTGAGA,WC84,CCATTAGAAC,NA,NG069_P6,human,CC14_CC2,3a_4b,no,no,no,no,no,no,no,17.7,592
NG069_PC711_WC85,NG069,NA,NA,PC711,CCTGGTGAGA,WC85,AACGTGAACG,NA,NG069_P6,human,CC14_CC2,3a_4b,no,no,no,no,no,no,no,17.7,592
NG069_PC711_WC86,NG069,NA,NA,PC711,CCTGGTGAGA,WC86,TAACGCAGTC,NA,NG069_P6,human,CC14_CC2,3a_4b,no,no,no,no,no,no,no,17.7,592
NG069_PC711_WC87,NG069,NA,NA,PC711,CCTGGTGAGA,WC87,CCATAAGCCA,NA,NG069_P6,human,CC14_CC2,3a_4b,no,no,no,no,no,no,no,17.7,592
NG069_PC711_WC88,NG069,NA,NA,PC711,CCTGGTGAGA,WC88,GTGCCTCTGA,NA,NG069_P6,human,CC14_CC2,3a_4b,no,no,no,no,no,no,no,17.7,592
NG069_PC711_WC89,NG069,NA,NA,PC711,CCTGGTGAGA,WC89,TAGCCTAGCG,NA,NG069_P6,human,CC14_CC2,3a_4b,no,no,no,no,no,no,no,17.7,592
NG069_PC711_WC90,NG069,NA,NA,PC711,CCTGGTGAGA,WC90,TGTTACGGTT,NA,NG069_P6,human,CC14_CC2,3a_4b,no,no,no,no,no,no,no,17.7,592
NG069_PC711_WC91,NG069,NA,NA,PC711,CCTGGTGAGA,WC91,TCATACCAAG,NA,NG069_P6,human,CC14_CC2,3a_4b,no,no,no,no,no,no,no,17.7,592
NG069_PC711_WC92,NG069,NA,NA,PC711,CCTGGTGAGA,WC92,CGGATCTACA,NA,NG069_P6,human,CC14_CC2,3a_4b,no,no,no,no,no,no,no,17.7,592
NG069_PC711_WC93,NG069,NA,NA,PC711,CCTGGTGAGA,WC93,CGGTAGAGTT,NA,NG069_P6,human,CC14_CC2,3a_4b,no,no,no,no,no,no,no,17.7,592
NG069_PC711_WC94,NG069,NA,NA,PC711,CCTGGTGAGA,WC94,GAATGTCACG,NA,NG069_P6,human,CC14_CC2,3a_4b,no,no,no,no,no,no,no,17.7,592
NG069_PC711_WC95,NG069,NA,NA,PC711,CCTGGTGAGA,WC95,CCTGGTACAG,NA,NG069_P6,human,CC14_CC2,3a_4b,no,no,no,no,no,no,no,17.7,592
NG069_PC711_WC96,NG069,NA,NA,PC711,CCTGGTGAGA,WC96,CGGAACCAGT,NA,NG069_P6,human,CC14_CC2,3a_4b,no,no,no,no,no,no,no,17.7,592
NG070_PC712_WC1,NG070,NA,NA,PC712,ACGTGAGGAA,WC1,GATTCACGAC,NA,NG070_P1,human_mouse_droso,CC5_CC6_CC7_CC8,AML_AML_AML_AML,no,no,no,no,no,no,no,23.2,569
NG070_PC712_WC2,NG070,NA,NA,PC712,ACGTGAGGAA,WC2,CGTAGAACAG,NA,NG070_P1,human_mouse_droso,CC5_CC6_CC7_CC8,AML_AML_AML_AML,no,no,no,no,no,no,no,23.2,569
NG070_PC712_WC3,NG070,NA,NA,PC712,ACGTGAGGAA,WC3,ACCTAAGAGC,NA,NG070_P1,human_mouse_droso,CC5_CC6_CC7_CC8,AML_AML_AML_AML,no,no,no,no,no,no,no,23.2,569
NG070_PC712_WC4,NG070,NA,NA,PC712,ACGTGAGGAA,WC4,ATGGCTTCTA,NA,NG070_P1,human_mouse_droso,CC5_CC6_CC7_CC8,AML_AML_AML_AML,no,no,no,no,no,no,no,23.2,569
NG070_PC712_WC5,NG070,NA,NA,PC712,ACGTGAGGAA,WC5,TACCTAAGTG,NA,NG070_P1,human_mouse_droso,CC5_CC6_CC7_CC8,AML_AML_AML_AML,no,no,no,no,no,no,no,23.2,569
NG070_PC712_WC6,NG070,NA,NA,PC712,ACGTGAGGAA,WC6,CCTTACCTAT,NA,NG070_P1,human_mouse_droso,CC5_CC6_CC7_CC8,AML_AML_AML_AML,no,no,no,no,no,no,no,23.2,569
NG070_PC712_WC7,NG070,NA,NA,PC712,ACGTGAGGAA,WC7,ATATAAGGCG,NA,NG070_P1,human_mouse_droso,CC5_CC6_CC7_CC8,AML_AML_AML_AML,no,no,no,no,no,no,no,23.2,569
NG070_PC712_WC8,NG070,NA,NA,PC712,ACGTGAGGAA,WC8,AGCATCGTGC,NA,NG070_P1,human_mouse_droso,CC5_CC6_CC7_CC8,AML_AML_AML_AML,no,no,no,no,no,no,no,23.2,569
NG070_PC712_WC9,NG070,NA,NA,PC712,ACGTGAGGAA,WC9,CTGGCATATT,NA,NG070_P1,human_mouse_droso,CC5_CC6_CC7_CC8,AML_AML_AML_AML,no,no,no,no,no,no,no,23.2,569
NG070_PC712_WC10,NG070,NA,NA,PC712,ACGTGAGGAA,WC10,CGTGACTCTA,NA,NG070_P1,human_mouse_droso,CC5_CC6_CC7_CC8,AML_AML_AML_AML,no,no,no,no,no,no,no,23.2,569
NG070_PC712_WC11,NG070,NA,NA,PC712,ACGTGAGGAA,WC11,GACCTGTTAA,NA,NG070_P1,human_mouse_droso,CC5_CC6_CC7_CC8,AML_AML_AML_AML,no,no,no,no,no,no,no,23.2,569
NG070_PC712_WC12,NG070,NA,NA,PC712,ACGTGAGGAA,WC12,TGGCTCATGT,NA,NG070_P1,human_mouse_droso,CC5_CC6_CC7_CC8,AML_AML_AML_AML,no,no,no,no,no,no,no,23.2,569
NG070_PC712_WC13,NG070,NA,NA,PC712,ACGTGAGGAA,WC13,AGAACCTCGC,NA,NG070_P1,human_mouse_droso,CC5_CC6_CC7_CC8,AML_AML_AML_AML,no,no,no,no,no,no,no,23.2,569
NG070_PC712_WC14,NG070,NA,NA,PC712,ACGTGAGGAA,WC14,CCTACGGACA,NA,NG070_P1,human_mouse_droso,CC5_CC6_CC7_CC8,AML_AML_AML_AML,no,no,no,no,no,no,no,23.2,569
NG070_PC712_WC15,NG070,NA,NA,PC712,ACGTGAGGAA,WC15,AGGCATAATG,NA,NG070_P1,human_mouse_droso,CC5_CC6_CC7_CC8,AML_AML_AML_AML,no,no,no,no,no,no,no,23.2,569
NG070_PC712_WC16,NG070,NA,NA,PC712,ACGTGAGGAA,WC16,CAACAGTGGA,NA,NG070_P1,human_mouse_droso,CC5_CC6_CC7_CC8,AML_AML_AML_AML,no,no,no,no,no,no,no,23.2,569
NG070_PC712_WC17,NG070,NA,NA,PC712,ACGTGAGGAA,WC17,TGTCGTTAAG,NA,NG070_P1,human_mouse_droso,CC5_CC6_CC7_CC8,AML_AML_AML_AML,no,no,no,no,no,no,no,23.2,569
NG070_PC712_WC18,NG070,NA,NA,PC712,ACGTGAGGAA,WC18,AGCTCGAGGA,NA,NG070_P1,human_mouse_droso,CC5_CC6_CC7_CC8,AML_AML_AML_AML,no,no,no,no,no,no,no,23.2,569
NG070_PC712_WC19,NG070,NA,NA,PC712,ACGTGAGGAA,WC19,ACATTACTCG,NA,NG070_P1,human_mouse_droso,CC5_CC6_CC7_CC8,AML_AML_AML_AML,no,no,no,no,no,no,no,23.2,569
NG070_PC712_WC20,NG070,NA,NA,PC712,ACGTGAGGAA,WC20,CATACCGCTG,NA,NG070_P1,human_mouse_droso,CC5_CC6_CC7_CC8,AML_AML_AML_AML,no,no,no,no,no,no,no,23.2,569
NG070_PC712_WC21,NG070,NA,NA,PC712,ACGTGAGGAA,WC21,TGCAAGTAGC,NA,NG070_P1,human_mouse_droso,CC5_CC6_CC7_CC8,AML_AML_AML_AML,no,no,no,no,no,no,no,23.2,569
NG070_PC712_WC22,NG070,NA,NA,PC712,ACGTGAGGAA,WC22,CTTCAATAGC,NA,NG070_P1,human_mouse_droso,CC5_CC6_CC7_CC8,AML_AML_AML_AML,no,no,no,no,no,no,no,23.2,569
NG070_PC712_WC23,NG070,NA,NA,PC712,ACGTGAGGAA,WC23,CGGATGCTGA,NA,NG070_P1,human_mouse_droso,CC5_CC6_CC7_CC8,AML_AML_AML_AML,no,no,no,no,no,no,no,23.2,569
NG070_PC712_WC24,NG070,NA,NA,PC712,ACGTGAGGAA,WC24,CCACCACCTA,NA,NG070_P1,human_mouse_droso,CC5_CC6_CC7_CC8,AML_AML_AML_AML,no,no,no,no,no,no,no,23.2,569
NG070_PC712_WC25,NG070,NA,NA,PC712,ACGTGAGGAA,WC25,ATCCGATCTT,NA,NG070_P1,human_mouse_droso,CC5_CC6_CC7_CC8,AML_AML_AML_AML,no,no,no,no,no,no,no,23.2,569
NG070_PC712_WC26,NG070,NA,NA,PC712,ACGTGAGGAA,WC26,CGGACGTTAA,NA,NG070_P1,human_mouse_droso,CC5_CC6_CC7_CC8,AML_AML_AML_AML,no,no,no,no,no,no,no,23.2,569
NG070_PC712_WC27,NG070,NA,NA,PC712,ACGTGAGGAA,WC27,GATCGGTAAT,NA,NG070_P1,human_mouse_droso,CC5_CC6_CC7_CC8,AML_AML_AML_AML,no,no,no,no,no,no,no,23.2,569
NG070_PC712_WC28,NG070,NA,NA,PC712,ACGTGAGGAA,WC28,ACGATGCAAC,NA,NG070_P1,human_mouse_droso,CC5_CC6_CC7_CC8,AML_AML_AML_AML,no,no,no,no,no,no,no,23.2,569
NG070_PC712_WC29,NG070,NA,NA,PC712,ACGTGAGGAA,WC29,AACGTCCAGT,NA,NG070_P1,human_mouse_droso,CC5_CC6_CC7_CC8,AML_AML_AML_AML,no,no,no,no,no,no,no,23.2,569
NG070_PC712_WC30,NG070,NA,NA,PC712,ACGTGAGGAA,WC30,ACACGAACAA,NA,NG070_P1,human_mouse_droso,CC5_CC6_CC7_CC8,AML_AML_AML_AML,no,no,no,no,no,no,no,23.2,569
NG070_PC712_WC31,NG070,NA,NA,PC712,ACGTGAGGAA,WC31,CTCAGTCCGT,NA,NG070_P1,human_mouse_droso,CC5_CC6_CC7_CC8,AML_AML_AML_AML,no,no,no,no,no,no,no,23.2,569
NG070_PC712_WC32,NG070,NA,NA,PC712,ACGTGAGGAA,WC32,TATGACGGTG,NA,NG070_P1,human_mouse_droso,CC5_CC6_CC7_CC8,AML_AML_AML_AML,no,no,no,no,no,no,no,23.2,569
NG070_PC712_WC33,NG070,NA,NA,PC712,ACGTGAGGAA,WC33,ACACAACTAC,NA,NG070_P1,human_mouse_droso,CC5_CC6_CC7_CC8,AML_AML_AML_AML,no,no,no,no,no,no,no,23.2,569
NG070_PC712_WC34,NG070,NA,NA,PC712,ACGTGAGGAA,WC34,AAGGACTCAG,NA,NG070_P1,human_mouse_droso,CC5_CC6_CC7_CC8,AML_AML_AML_AML,no,no,no,no,no,no,no,23.2,569
NG070_PC712_WC35,NG070,NA,NA,PC712,ACGTGAGGAA,WC35,GCAACTGTGA,NA,NG070_P1,human_mouse_droso,CC5_CC6_CC7_CC8,AML_AML_AML_AML,no,no,no,no,no,no,no,23.2,569
NG070_PC712_WC36,NG070,NA,NA,PC712,ACGTGAGGAA,WC36,CGCTTACAAT,NA,NG070_P1,human_mouse_droso,CC5_CC6_CC7_CC8,AML_AML_AML_AML,no,no,no,no,no,no,no,23.2,569
NG070_PC712_WC37,NG070,NA,NA,PC712,ACGTGAGGAA,WC37,AGAGAGACCG,NA,NG070_P1,human_mouse_droso,CC5_CC6_CC7_CC8,AML_AML_AML_AML,no,no,no,no,no,no,no,23.2,569
NG070_PC712_WC38,NG070,NA,NA,PC712,ACGTGAGGAA,WC38,CATTGCTGTT,NA,NG070_P1,human_mouse_droso,CC5_CC6_CC7_CC8,AML_AML_AML_AML,no,no,no,no,no,no,no,23.2,569
NG070_PC712_WC39,NG070,NA,NA,PC712,ACGTGAGGAA,WC39,GCAACACGGA,NA,NG070_P1,human_mouse_droso,CC5_CC6_CC7_CC8,AML_AML_AML_AML,no,no,no,no,no,no,no,23.2,569
NG070_PC712_WC40,NG070,NA,NA,PC712,ACGTGAGGAA,WC40,TCACTTCGCA,NA,NG070_P1,human_mouse_droso,CC5_CC6_CC7_CC8,AML_AML_AML_AML,no,no,no,no,no,no,no,23.2,569
NG070_PC712_WC41,NG070,NA,NA,PC712,ACGTGAGGAA,WC41,AATAGCTGTG,NA,NG070_P1,human_mouse_droso,CC5_CC6_CC7_CC8,AML_AML_AML_AML,no,no,no,no,no,no,no,23.2,569
NG070_PC712_WC42,NG070,NA,NA,PC712,ACGTGAGGAA,WC42,GAACACTATC,NA,NG070_P1,human_mouse_droso,CC5_CC6_CC7_CC8,AML_AML_AML_AML,no,no,no,no,no,no,no,23.2,569
NG070_PC712_WC43,NG070,NA,NA,PC712,ACGTGAGGAA,WC43,CTGGTAGCTA,NA,NG070_P1,human_mouse_droso,CC5_CC6_CC7_CC8,AML_AML_AML_AML,no,no,no,no,no,no,no,23.2,569
NG070_PC712_WC44,NG070,NA,NA,PC712,ACGTGAGGAA,WC44,TGCGTGAGCA,NA,NG070_P1,human_mouse_droso,CC5_CC6_CC7_CC8,AML_AML_AML_AML,no,no,no,no,no,no,no,23.2,569
NG070_PC712_WC45,NG070,NA,NA,PC712,ACGTGAGGAA,WC45,TAGCACACTT,NA,NG070_P1,human_mouse_droso,CC5_CC6_CC7_CC8,AML_AML_AML_AML,no,no,no,no,no,no,no,23.2,569
NG070_PC712_WC46,NG070,NA,NA,PC712,ACGTGAGGAA,WC46,CAGACGATGA,NA,NG070_P1,human_mouse_droso,CC5_CC6_CC7_CC8,AML_AML_AML_AML,no,no,no,no,no,no,no,23.2,569
NG070_PC712_WC47,NG070,NA,NA,PC712,ACGTGAGGAA,WC47,CGGAGCATCT,NA,NG070_P1,human_mouse_droso,CC5_CC6_CC7_CC8,AML_AML_AML_AML,no,no,no,no,no,no,no,23.2,569
NG070_PC712_WC48,NG070,NA,NA,PC712,ACGTGAGGAA,WC48,CGCTTGGTTC,NA,NG070_P1,human_mouse_droso,CC5_CC6_CC7_CC8,AML_AML_AML_AML,no,no,no,no,no,no,no,23.2,569
NG070_PC712_WC49,NG070,NA,NA,PC712,ACGTGAGGAA,WC49,CTTGAAGAGG,NA,NG070_P1,human_mouse_droso,CC5_CC6_CC7_CC8,AML_AML_AML_AML,no,no,no,no,no,no,no,23.2,569
NG070_PC712_WC50,NG070,NA,NA,PC712,ACGTGAGGAA,WC50,AGATGCGACG,NA,NG070_P1,human_mouse_droso,CC5_CC6_CC7_CC8,AML_AML_AML_AML,no,no,no,no,no,no,no,23.2,569
NG070_PC712_WC51,NG070,NA,NA,PC712,ACGTGAGGAA,WC51,GAACGTTCGG,NA,NG070_P1,human_mouse_droso,CC5_CC6_CC7_CC8,AML_AML_AML_AML,no,no,no,no,no,no,no,23.2,569
NG070_PC712_WC52,NG070,NA,NA,PC712,ACGTGAGGAA,WC52,AACGCCATTC,NA,NG070_P1,human_mouse_droso,CC5_CC6_CC7_CC8,AML_AML_AML_AML,no,no,no,no,no,no,no,23.2,569
NG070_PC712_WC53,NG070,NA,NA,PC712,ACGTGAGGAA,WC53,TCCTGAACTT,NA,NG070_P1,human_mouse_droso,CC5_CC6_CC7_CC8,AML_AML_AML_AML,no,no,no,no,no,no,no,23.2,569
NG070_PC712_WC54,NG070,NA,NA,PC712,ACGTGAGGAA,WC54,ACAATTGGTC,NA,NG070_P1,human_mouse_droso,CC5_CC6_CC7_CC8,AML_AML_AML_AML,no,no,no,no,no,no,no,23.2,569
NG070_PC712_WC55,NG070,NA,NA,PC712,ACGTGAGGAA,WC55,GTCACAGACA,NA,NG070_P1,human_mouse_droso,CC5_CC6_CC7_CC8,AML_AML_AML_AML,no,no,no,no,no,no,no,23.2,569
NG070_PC712_WC56,NG070,NA,NA,PC712,ACGTGAGGAA,WC56,GCCAATGTTC,NA,NG070_P1,human_mouse_droso,CC5_CC6_CC7_CC8,AML_AML_AML_AML,no,no,no,no,no,no,no,23.2,569
NG070_PC712_WC57,NG070,NA,NA,PC712,ACGTGAGGAA,WC57,TAGTGTTACG,NA,NG070_P1,human_mouse_droso,CC5_CC6_CC7_CC8,AML_AML_AML_AML,no,no,no,no,no,no,no,23.2,569
NG070_PC712_WC58,NG070,NA,NA,PC712,ACGTGAGGAA,WC58,TTGGAAGTAC,NA,NG070_P1,human_mouse_droso,CC5_CC6_CC7_CC8,AML_AML_AML_AML,no,no,no,no,no,no,no,23.2,569
NG070_PC712_WC59,NG070,NA,NA,PC712,ACGTGAGGAA,WC59,AAGACGCTAA,NA,NG070_P1,human_mouse_droso,CC5_CC6_CC7_CC8,AML_AML_AML_AML,no,no,no,no,no,no,no,23.2,569
NG070_PC712_WC60,NG070,NA,NA,PC712,ACGTGAGGAA,WC60,AGACGGTCAA,NA,NG070_P1,human_mouse_droso,CC5_CC6_CC7_CC8,AML_AML_AML_AML,no,no,no,no,no,no,no,23.2,569
NG070_PC712_WC61,NG070,NA,NA,PC712,ACGTGAGGAA,WC61,GAGAAGCCGT,NA,NG070_P1,human_mouse_droso,CC5_CC6_CC7_CC8,AML_AML_AML_AML,no,no,no,no,no,no,no,23.2,569
NG070_PC712_WC62,NG070,NA,NA,PC712,ACGTGAGGAA,WC62,ATACATCGCA,NA,NG070_P1,human_mouse_droso,CC5_CC6_CC7_CC8,AML_AML_AML_AML,no,no,no,no,no,no,no,23.2,569
NG070_PC712_WC63,NG070,NA,NA,PC712,ACGTGAGGAA,WC63,TGCTGAACGC,NA,NG070_P1,human_mouse_droso,CC5_CC6_CC7_CC8,AML_AML_AML_AML,no,no,no,no,no,no,no,23.2,569
NG070_PC712_WC64,NG070,NA,NA,PC712,ACGTGAGGAA,WC64,CTTCCTAGGC,NA,NG070_P1,human_mouse_droso,CC5_CC6_CC7_CC8,AML_AML_AML_AML,no,no,no,no,no,no,no,23.2,569
NG070_PC712_WC65,NG070,NA,NA,PC712,ACGTGAGGAA,WC65,CGTTGGTAAC,NA,NG070_P1,human_mouse_droso,CC5_CC6_CC7_CC8,AML_AML_AML_AML,no,no,no,no,no,no,no,23.2,569
NG070_PC712_WC66,NG070,NA,NA,PC712,ACGTGAGGAA,WC66,CTTGGTTCGT,NA,NG070_P1,human_mouse_droso,CC5_CC6_CC7_CC8,AML_AML_AML_AML,no,no,no,no,no,no,no,23.2,569
NG070_PC712_WC67,NG070,NA,NA,PC712,ACGTGAGGAA,WC67,GACTTGCGTG,NA,NG070_P1,human_mouse_droso,CC5_CC6_CC7_CC8,AML_AML_AML_AML,no,no,no,no,no,no,no,23.2,569
NG070_PC712_WC68,NG070,NA,NA,PC712,ACGTGAGGAA,WC68,CTTCTCCAGC,NA,NG070_P1,human_mouse_droso,CC5_CC6_CC7_CC8,AML_AML_AML_AML,no,no,no,no,no,no,no,23.2,569
NG070_PC712_WC69,NG070,NA,NA,PC712,ACGTGAGGAA,WC69,CGTACACTGG,NA,NG070_P1,human_mouse_droso,CC5_CC6_CC7_CC8,AML_AML_AML_AML,no,no,no,no,no,no,no,23.2,569
NG070_PC712_WC70,NG070,NA,NA,PC712,ACGTGAGGAA,WC70,TCGCATCAAC,NA,NG070_P1,human_mouse_droso,CC5_CC6_CC7_CC8,AML_AML_AML_AML,no,no,no,no,no,no,no,23.2,569
NG070_PC712_WC71,NG070,NA,NA,PC712,ACGTGAGGAA,WC71,ATAACAAGCG,NA,NG070_P1,human_mouse_droso,CC5_CC6_CC7_CC8,AML_AML_AML_AML,no,no,no,no,no,no,no,23.2,569
NG070_PC712_WC72,NG070,NA,NA,PC712,ACGTGAGGAA,WC72,TGAACGTTAC,NA,NG070_P1,human_mouse_droso,CC5_CC6_CC7_CC8,AML_AML_AML_AML,no,no,no,no,no,no,no,23.2,569
NG070_PC712_WC73,NG070,NA,NA,PC712,ACGTGAGGAA,WC73,GAAGACTCGG,NA,NG070_P1,human_mouse_droso,CC5_CC6_CC7_CC8,AML_AML_AML_AML,no,no,no,no,no,no,no,23.2,569
NG070_PC712_WC74,NG070,NA,NA,PC712,ACGTGAGGAA,WC74,TAGCGCAATA,NA,NG070_P1,human_mouse_droso,CC5_CC6_CC7_CC8,AML_AML_AML_AML,no,no,no,no,no,no,no,23.2,569
NG070_PC712_WC75,NG070,NA,NA,PC712,ACGTGAGGAA,WC75,TTAGACCACA,NA,NG070_P1,human_mouse_droso,CC5_CC6_CC7_CC8,AML_AML_AML_AML,no,no,no,no,no,no,no,23.2,569
NG070_PC712_WC76,NG070,NA,NA,PC712,ACGTGAGGAA,WC76,CGTAGACGTG,NA,NG070_P1,human_mouse_droso,CC5_CC6_CC7_CC8,AML_AML_AML_AML,no,no,no,no,no,no,no,23.2,569
NG070_PC712_WC77,NG070,NA,NA,PC712,ACGTGAGGAA,WC77,TCACTGGACT,NA,NG070_P1,human_mouse_droso,CC5_CC6_CC7_CC8,AML_AML_AML_AML,no,no,no,no,no,no,no,23.2,569
NG070_PC712_WC78,NG070,NA,NA,PC712,ACGTGAGGAA,WC78,GACCAAGCAT,NA,NG070_P1,human_mouse_droso,CC5_CC6_CC7_CC8,AML_AML_AML_AML,no,no,no,no,no,no,no,23.2,569
NG070_PC712_WC79,NG070,NA,NA,PC712,ACGTGAGGAA,WC79,GCGAGTATCA,NA,NG070_P1,human_mouse_droso,CC5_CC6_CC7_CC8,AML_AML_AML_AML,no,no,no,no,no,no,no,23.2,569
NG070_PC712_WC80,NG070,NA,NA,PC712,ACGTGAGGAA,WC80,CTCTCGATAA,NA,NG070_P1,human_mouse_droso,CC5_CC6_CC7_CC8,AML_AML_AML_AML,no,no,no,no,no,no,no,23.2,569
NG070_PC712_WC81,NG070,NA,NA,PC712,ACGTGAGGAA,WC81,AATACTGGCA,NA,NG070_P1,human_mouse_droso,CC5_CC6_CC7_CC8,AML_AML_AML_AML,no,no,no,no,no,no,no,23.2,569
NG070_PC712_WC82,NG070,NA,NA,PC712,ACGTGAGGAA,WC82,TATGCAACTC,NA,NG070_P1,human_mouse_droso,CC5_CC6_CC7_CC8,AML_AML_AML_AML,no,no,no,no,no,no,no,23.2,569
NG070_PC712_WC83,NG070,NA,NA,PC712,ACGTGAGGAA,WC83,ATGCTAGTGT,NA,NG070_P1,human_mouse_droso,CC5_CC6_CC7_CC8,AML_AML_AML_AML,no,no,no,no,no,no,no,23.2,569
NG070_PC712_WC84,NG070,NA,NA,PC712,ACGTGAGGAA,WC84,CCATTAGAAC,NA,NG070_P1,human_mouse_droso,CC5_CC6_CC7_CC8,AML_AML_AML_AML,no,no,no,no,no,no,no,23.2,569
NG070_PC712_WC85,NG070,NA,NA,PC712,ACGTGAGGAA,WC85,AACGTGAACG,NA,NG070_P1,human_mouse_droso,CC5_CC6_CC7_CC8,AML_AML_AML_AML,no,no,no,no,no,no,no,23.2,569
NG070_PC712_WC86,NG070,NA,NA,PC712,ACGTGAGGAA,WC86,TAACGCAGTC,NA,NG070_P1,human_mouse_droso,CC5_CC6_CC7_CC8,AML_AML_AML_AML,no,no,no,no,no,no,no,23.2,569
NG070_PC712_WC87,NG070,NA,NA,PC712,ACGTGAGGAA,WC87,CCATAAGCCA,NA,NG070_P1,human_mouse_droso,CC5_CC6_CC7_CC8,AML_AML_AML_AML,no,no,no,no,no,no,no,23.2,569
NG070_PC712_WC88,NG070,NA,NA,PC712,ACGTGAGGAA,WC88,GTGCCTCTGA,NA,NG070_P1,human_mouse_droso,CC5_CC6_CC7_CC8,AML_AML_AML_AML,no,no,no,no,no,no,no,23.2,569
NG070_PC712_WC89,NG070,NA,NA,PC712,ACGTGAGGAA,WC89,TAGCCTAGCG,NA,NG070_P1,human_mouse_droso,CC5_CC6_CC7_CC8,AML_AML_AML_AML,no,no,no,no,no,no,no,23.2,569
NG070_PC712_WC90,NG070,NA,NA,PC712,ACGTGAGGAA,WC90,TGTTACGGTT,NA,NG070_P1,human_mouse_droso,CC5_CC6_CC7_CC8,AML_AML_AML_AML,no,no,no,no,no,no,no,23.2,569
NG070_PC712_WC91,NG070,NA,NA,PC712,ACGTGAGGAA,WC91,TCATACCAAG,NA,NG070_P1,human_mouse_droso,CC5_CC6_CC7_CC8,AML_AML_AML_AML,no,no,no,no,no,no,no,23.2,569
NG070_PC712_WC92,NG070,NA,NA,PC712,ACGTGAGGAA,WC92,CGGATCTACA,NA,NG070_P1,human_mouse_droso,CC5_CC6_CC7_CC8,AML_AML_AML_AML,no,no,no,no,no,no,no,23.2,569
NG070_PC712_WC93,NG070,NA,NA,PC712,ACGTGAGGAA,WC93,CGGTAGAGTT,NA,NG070_P1,human_mouse_droso,CC5_CC6_CC7_CC8,AML_AML_AML_AML,no,no,no,no,no,no,no,23.2,569
NG070_PC712_WC94,NG070,NA,NA,PC712,ACGTGAGGAA,WC94,GAATGTCACG,NA,NG070_P1,human_mouse_droso,CC5_CC6_CC7_CC8,AML_AML_AML_AML,no,no,no,no,no,no,no,23.2,569
NG070_PC712_WC95,NG070,NA,NA,PC712,ACGTGAGGAA,WC95,CCTGGTACAG,NA,NG070_P1,human_mouse_droso,CC5_CC6_CC7_CC8,AML_AML_AML_AML,no,no,no,no,no,no,no,23.2,569
NG070_PC712_WC96,NG070,NA,NA,PC712,ACGTGAGGAA,WC96,CGGAACCAGT,NA,NG070_P1,human_mouse_droso,CC5_CC6_CC7_CC8,AML_AML_AML_AML,no,no,no,no,no,no,no,23.2,569
NG070_PC713_WC1,NG070,NA,NA,PC713,TCGTGTTCGA,WC1,GATTCACGAC,NA,NG070_P2,human_mouse_droso,CC5_CC6_CC7_CC8,AML_AML_AML_AML,no,no,no,no,no,no,no,20.4,580
NG070_PC713_WC2,NG070,NA,NA,PC713,TCGTGTTCGA,WC2,CGTAGAACAG,NA,NG070_P2,human_mouse_droso,CC5_CC6_CC7_CC8,AML_AML_AML_AML,no,no,no,no,no,no,no,20.4,580
NG070_PC713_WC3,NG070,NA,NA,PC713,TCGTGTTCGA,WC3,ACCTAAGAGC,NA,NG070_P2,human_mouse_droso,CC5_CC6_CC7_CC8,AML_AML_AML_AML,no,no,no,no,no,no,no,20.4,580
NG070_PC713_WC4,NG070,NA,NA,PC713,TCGTGTTCGA,WC4,ATGGCTTCTA,NA,NG070_P2,human_mouse_droso,CC5_CC6_CC7_CC8,AML_AML_AML_AML,no,no,no,no,no,no,no,20.4,580
NG070_PC713_WC5,NG070,NA,NA,PC713,TCGTGTTCGA,WC5,TACCTAAGTG,NA,NG070_P2,human_mouse_droso,CC5_CC6_CC7_CC8,AML_AML_AML_AML,no,no,no,no,no,no,no,20.4,580
NG070_PC713_WC6,NG070,NA,NA,PC713,TCGTGTTCGA,WC6,CCTTACCTAT,NA,NG070_P2,human_mouse_droso,CC5_CC6_CC7_CC8,AML_AML_AML_AML,no,no,no,no,no,no,no,20.4,580
NG070_PC713_WC7,NG070,NA,NA,PC713,TCGTGTTCGA,WC7,ATATAAGGCG,NA,NG070_P2,human_mouse_droso,CC5_CC6_CC7_CC8,AML_AML_AML_AML,no,no,no,no,no,no,no,20.4,580
NG070_PC713_WC8,NG070,NA,NA,PC713,TCGTGTTCGA,WC8,AGCATCGTGC,NA,NG070_P2,human_mouse_droso,CC5_CC6_CC7_CC8,AML_AML_AML_AML,no,no,no,no,no,no,no,20.4,580
NG070_PC713_WC9,NG070,NA,NA,PC713,TCGTGTTCGA,WC9,CTGGCATATT,NA,NG070_P2,human_mouse_droso,CC5_CC6_CC7_CC8,AML_AML_AML_AML,no,no,no,no,no,no,no,20.4,580
NG070_PC713_WC10,NG070,NA,NA,PC713,TCGTGTTCGA,WC10,CGTGACTCTA,NA,NG070_P2,human_mouse_droso,CC5_CC6_CC7_CC8,AML_AML_AML_AML,no,no,no,no,no,no,no,20.4,580
NG070_PC713_WC11,NG070,NA,NA,PC713,TCGTGTTCGA,WC11,GACCTGTTAA,NA,NG070_P2,human_mouse_droso,CC5_CC6_CC7_CC8,AML_AML_AML_AML,no,no,no,no,no,no,no,20.4,580
NG070_PC713_WC12,NG070,NA,NA,PC713,TCGTGTTCGA,WC12,TGGCTCATGT,NA,NG070_P2,human_mouse_droso,CC5_CC6_CC7_CC8,AML_AML_AML_AML,no,no,no,no,no,no,no,20.4,580
NG070_PC713_WC13,NG070,NA,NA,PC713,TCGTGTTCGA,WC13,AGAACCTCGC,NA,NG070_P2,human_mouse_droso,CC5_CC6_CC7_CC8,AML_AML_AML_AML,no,no,no,no,no,no,no,20.4,580
NG070_PC713_WC14,NG070,NA,NA,PC713,TCGTGTTCGA,WC14,CCTACGGACA,NA,NG070_P2,human_mouse_droso,CC5_CC6_CC7_CC8,AML_AML_AML_AML,no,no,no,no,no,no,no,20.4,580
NG070_PC713_WC15,NG070,NA,NA,PC713,TCGTGTTCGA,WC15,AGGCATAATG,NA,NG070_P2,human_mouse_droso,CC5_CC6_CC7_CC8,AML_AML_AML_AML,no,no,no,no,no,no,no,20.4,580
NG070_PC713_WC16,NG070,NA,NA,PC713,TCGTGTTCGA,WC16,CAACAGTGGA,NA,NG070_P2,human_mouse_droso,CC5_CC6_CC7_CC8,AML_AML_AML_AML,no,no,no,no,no,no,no,20.4,580
NG070_PC713_WC17,NG070,NA,NA,PC713,TCGTGTTCGA,WC17,TGTCGTTAAG,NA,NG070_P2,human_mouse_droso,CC5_CC6_CC7_CC8,AML_AML_AML_AML,no,no,no,no,no,no,no,20.4,580
NG070_PC713_WC18,NG070,NA,NA,PC713,TCGTGTTCGA,WC18,AGCTCGAGGA,NA,NG070_P2,human_mouse_droso,CC5_CC6_CC7_CC8,AML_AML_AML_AML,no,no,no,no,no,no,no,20.4,580
NG070_PC713_WC19,NG070,NA,NA,PC713,TCGTGTTCGA,WC19,ACATTACTCG,NA,NG070_P2,human_mouse_droso,CC5_CC6_CC7_CC8,AML_AML_AML_AML,no,no,no,no,no,no,no,20.4,580
NG070_PC713_WC20,NG070,NA,NA,PC713,TCGTGTTCGA,WC20,CATACCGCTG,NA,NG070_P2,human_mouse_droso,CC5_CC6_CC7_CC8,AML_AML_AML_AML,no,no,no,no,no,no,no,20.4,580
NG070_PC713_WC21,NG070,NA,NA,PC713,TCGTGTTCGA,WC21,TGCAAGTAGC,NA,NG070_P2,human_mouse_droso,CC5_CC6_CC7_CC8,AML_AML_AML_AML,no,no,no,no,no,no,no,20.4,580
NG070_PC713_WC22,NG070,NA,NA,PC713,TCGTGTTCGA,WC22,CTTCAATAGC,NA,NG070_P2,human_mouse_droso,CC5_CC6_CC7_CC8,AML_AML_AML_AML,no,no,no,no,no,no,no,20.4,580
NG070_PC713_WC23,NG070,NA,NA,PC713,TCGTGTTCGA,WC23,CGGATGCTGA,NA,NG070_P2,human_mouse_droso,CC5_CC6_CC7_CC8,AML_AML_AML_AML,no,no,no,no,no,no,no,20.4,580
NG070_PC713_WC24,NG070,NA,NA,PC713,TCGTGTTCGA,WC24,CCACCACCTA,NA,NG070_P2,human_mouse_droso,CC5_CC6_CC7_CC8,AML_AML_AML_AML,no,no,no,no,no,no,no,20.4,580
NG070_PC713_WC25,NG070,NA,NA,PC713,TCGTGTTCGA,WC25,ATCCGATCTT,NA,NG070_P2,human_mouse_droso,CC5_CC6_CC7_CC8,AML_AML_AML_AML,no,no,no,no,no,no,no,20.4,580
NG070_PC713_WC26,NG070,NA,NA,PC713,TCGTGTTCGA,WC26,CGGACGTTAA,NA,NG070_P2,human_mouse_droso,CC5_CC6_CC7_CC8,AML_AML_AML_AML,no,no,no,no,no,no,no,20.4,580
NG070_PC713_WC27,NG070,NA,NA,PC713,TCGTGTTCGA,WC27,GATCGGTAAT,NA,NG070_P2,human_mouse_droso,CC5_CC6_CC7_CC8,AML_AML_AML_AML,no,no,no,no,no,no,no,20.4,580
NG070_PC713_WC28,NG070,NA,NA,PC713,TCGTGTTCGA,WC28,ACGATGCAAC,NA,NG070_P2,human_mouse_droso,CC5_CC6_CC7_CC8,AML_AML_AML_AML,no,no,no,no,no,no,no,20.4,580
NG070_PC713_WC29,NG070,NA,NA,PC713,TCGTGTTCGA,WC29,AACGTCCAGT,NA,NG070_P2,human_mouse_droso,CC5_CC6_CC7_CC8,AML_AML_AML_AML,no,no,no,no,no,no,no,20.4,580
NG070_PC713_WC30,NG070,NA,NA,PC713,TCGTGTTCGA,WC30,ACACGAACAA,NA,NG070_P2,human_mouse_droso,CC5_CC6_CC7_CC8,AML_AML_AML_AML,no,no,no,no,no,no,no,20.4,580
NG070_PC713_WC31,NG070,NA,NA,PC713,TCGTGTTCGA,WC31,CTCAGTCCGT,NA,NG070_P2,human_mouse_droso,CC5_CC6_CC7_CC8,AML_AML_AML_AML,no,no,no,no,no,no,no,20.4,580
NG070_PC713_WC32,NG070,NA,NA,PC713,TCGTGTTCGA,WC32,TATGACGGTG,NA,NG070_P2,human_mouse_droso,CC5_CC6_CC7_CC8,AML_AML_AML_AML,no,no,no,no,no,no,no,20.4,580
NG070_PC713_WC33,NG070,NA,NA,PC713,TCGTGTTCGA,WC33,ACACAACTAC,NA,NG070_P2,human_mouse_droso,CC5_CC6_CC7_CC8,AML_AML_AML_AML,no,no,no,no,no,no,no,20.4,580
NG070_PC713_WC34,NG070,NA,NA,PC713,TCGTGTTCGA,WC34,AAGGACTCAG,NA,NG070_P2,human_mouse_droso,CC5_CC6_CC7_CC8,AML_AML_AML_AML,no,no,no,no,no,no,no,20.4,580
NG070_PC713_WC35,NG070,NA,NA,PC713,TCGTGTTCGA,WC35,GCAACTGTGA,NA,NG070_P2,human_mouse_droso,CC5_CC6_CC7_CC8,AML_AML_AML_AML,no,no,no,no,no,no,no,20.4,580
NG070_PC713_WC36,NG070,NA,NA,PC713,TCGTGTTCGA,WC36,CGCTTACAAT,NA,NG070_P2,human_mouse_droso,CC5_CC6_CC7_CC8,AML_AML_AML_AML,no,no,no,no,no,no,no,20.4,580
NG070_PC713_WC37,NG070,NA,NA,PC713,TCGTGTTCGA,WC37,AGAGAGACCG,NA,NG070_P2,human_mouse_droso,CC5_CC6_CC7_CC8,AML_AML_AML_AML,no,no,no,no,no,no,no,20.4,580
NG070_PC713_WC38,NG070,NA,NA,PC713,TCGTGTTCGA,WC38,CATTGCTGTT,NA,NG070_P2,human_mouse_droso,CC5_CC6_CC7_CC8,AML_AML_AML_AML,no,no,no,no,no,no,no,20.4,580
NG070_PC713_WC39,NG070,NA,NA,PC713,TCGTGTTCGA,WC39,GCAACACGGA,NA,NG070_P2,human_mouse_droso,CC5_CC6_CC7_CC8,AML_AML_AML_AML,no,no,no,no,no,no,no,20.4,580
NG070_PC713_WC40,NG070,NA,NA,PC713,TCGTGTTCGA,WC40,TCACTTCGCA,NA,NG070_P2,human_mouse_droso,CC5_CC6_CC7_CC8,AML_AML_AML_AML,no,no,no,no,no,no,no,20.4,580
NG070_PC713_WC41,NG070,NA,NA,PC713,TCGTGTTCGA,WC41,AATAGCTGTG,NA,NG070_P2,human_mouse_droso,CC5_CC6_CC7_CC8,AML_AML_AML_AML,no,no,no,no,no,no,no,20.4,580
NG070_PC713_WC42,NG070,NA,NA,PC713,TCGTGTTCGA,WC42,GAACACTATC,NA,NG070_P2,human_mouse_droso,CC5_CC6_CC7_CC8,AML_AML_AML_AML,no,no,no,no,no,no,no,20.4,580
NG070_PC713_WC43,NG070,NA,NA,PC713,TCGTGTTCGA,WC43,CTGGTAGCTA,NA,NG070_P2,human_mouse_droso,CC5_CC6_CC7_CC8,AML_AML_AML_AML,no,no,no,no,no,no,no,20.4,580
NG070_PC713_WC44,NG070,NA,NA,PC713,TCGTGTTCGA,WC44,TGCGTGAGCA,NA,NG070_P2,human_mouse_droso,CC5_CC6_CC7_CC8,AML_AML_AML_AML,no,no,no,no,no,no,no,20.4,580
NG070_PC713_WC45,NG070,NA,NA,PC713,TCGTGTTCGA,WC45,TAGCACACTT,NA,NG070_P2,human_mouse_droso,CC5_CC6_CC7_CC8,AML_AML_AML_AML,no,no,no,no,no,no,no,20.4,580
NG070_PC713_WC46,NG070,NA,NA,PC713,TCGTGTTCGA,WC46,CAGACGATGA,NA,NG070_P2,human_mouse_droso,CC5_CC6_CC7_CC8,AML_AML_AML_AML,no,no,no,no,no,no,no,20.4,580
NG070_PC713_WC47,NG070,NA,NA,PC713,TCGTGTTCGA,WC47,CGGAGCATCT,NA,NG070_P2,human_mouse_droso,CC5_CC6_CC7_CC8,AML_AML_AML_AML,no,no,no,no,no,no,no,20.4,580
NG070_PC713_WC48,NG070,NA,NA,PC713,TCGTGTTCGA,WC48,CGCTTGGTTC,NA,NG070_P2,human_mouse_droso,CC5_CC6_CC7_CC8,AML_AML_AML_AML,no,no,no,no,no,no,no,20.4,580
NG070_PC713_WC49,NG070,NA,NA,PC713,TCGTGTTCGA,WC49,CTTGAAGAGG,NA,NG070_P2,human_mouse_droso,CC5_CC6_CC7_CC8,AML_AML_AML_AML,no,no,no,no,no,no,no,20.4,580
NG070_PC713_WC50,NG070,NA,NA,PC713,TCGTGTTCGA,WC50,AGATGCGACG,NA,NG070_P2,human_mouse_droso,CC5_CC6_CC7_CC8,AML_AML_AML_AML,no,no,no,no,no,no,no,20.4,580
NG070_PC713_WC51,NG070,NA,NA,PC713,TCGTGTTCGA,WC51,GAACGTTCGG,NA,NG070_P2,human_mouse_droso,CC5_CC6_CC7_CC8,AML_AML_AML_AML,no,no,no,no,no,no,no,20.4,580
NG070_PC713_WC52,NG070,NA,NA,PC713,TCGTGTTCGA,WC52,AACGCCATTC,NA,NG070_P2,human_mouse_droso,CC5_CC6_CC7_CC8,AML_AML_AML_AML,no,no,no,no,no,no,no,20.4,580
NG070_PC713_WC53,NG070,NA,NA,PC713,TCGTGTTCGA,WC53,TCCTGAACTT,NA,NG070_P2,human_mouse_droso,CC5_CC6_CC7_CC8,AML_AML_AML_AML,no,no,no,no,no,no,no,20.4,580
NG070_PC713_WC54,NG070,NA,NA,PC713,TCGTGTTCGA,WC54,ACAATTGGTC,NA,NG070_P2,human_mouse_droso,CC5_CC6_CC7_CC8,AML_AML_AML_AML,no,no,no,no,no,no,no,20.4,580
NG070_PC713_WC55,NG070,NA,NA,PC713,TCGTGTTCGA,WC55,GTCACAGACA,NA,NG070_P2,human_mouse_droso,CC5_CC6_CC7_CC8,AML_AML_AML_AML,no,no,no,no,no,no,no,20.4,580
NG070_PC713_WC56,NG070,NA,NA,PC713,TCGTGTTCGA,WC56,GCCAATGTTC,NA,NG070_P2,human_mouse_droso,CC5_CC6_CC7_CC8,AML_AML_AML_AML,no,no,no,no,no,no,no,20.4,580
NG070_PC713_WC57,NG070,NA,NA,PC713,TCGTGTTCGA,WC57,TAGTGTTACG,NA,NG070_P2,human_mouse_droso,CC5_CC6_CC7_CC8,AML_AML_AML_AML,no,no,no,no,no,no,no,20.4,580
NG070_PC713_WC58,NG070,NA,NA,PC713,TCGTGTTCGA,WC58,TTGGAAGTAC,NA,NG070_P2,human_mouse_droso,CC5_CC6_CC7_CC8,AML_AML_AML_AML,no,no,no,no,no,no,no,20.4,580
NG070_PC713_WC59,NG070,NA,NA,PC713,TCGTGTTCGA,WC59,AAGACGCTAA,NA,NG070_P2,human_mouse_droso,CC5_CC6_CC7_CC8,AML_AML_AML_AML,no,no,no,no,no,no,no,20.4,580
NG070_PC713_WC60,NG070,NA,NA,PC713,TCGTGTTCGA,WC60,AGACGGTCAA,NA,NG070_P2,human_mouse_droso,CC5_CC6_CC7_CC8,AML_AML_AML_AML,no,no,no,no,no,no,no,20.4,580
NG070_PC713_WC61,NG070,NA,NA,PC713,TCGTGTTCGA,WC61,GAGAAGCCGT,NA,NG070_P2,human_mouse_droso,CC5_CC6_CC7_CC8,AML_AML_AML_AML,no,no,no,no,no,no,no,20.4,580
NG070_PC713_WC62,NG070,NA,NA,PC713,TCGTGTTCGA,WC62,ATACATCGCA,NA,NG070_P2,human_mouse_droso,CC5_CC6_CC7_CC8,AML_AML_AML_AML,no,no,no,no,no,no,no,20.4,580
NG070_PC713_WC63,NG070,NA,NA,PC713,TCGTGTTCGA,WC63,TGCTGAACGC,NA,NG070_P2,human_mouse_droso,CC5_CC6_CC7_CC8,AML_AML_AML_AML,no,no,no,no,no,no,no,20.4,580
NG070_PC713_WC64,NG070,NA,NA,PC713,TCGTGTTCGA,WC64,CTTCCTAGGC,NA,NG070_P2,human_mouse_droso,CC5_CC6_CC7_CC8,AML_AML_AML_AML,no,no,no,no,no,no,no,20.4,580
NG070_PC713_WC65,NG070,NA,NA,PC713,TCGTGTTCGA,WC65,CGTTGGTAAC,NA,NG070_P2,human_mouse_droso,CC5_CC6_CC7_CC8,AML_AML_AML_AML,no,no,no,no,no,no,no,20.4,580
NG070_PC713_WC66,NG070,NA,NA,PC713,TCGTGTTCGA,WC66,CTTGGTTCGT,NA,NG070_P2,human_mouse_droso,CC5_CC6_CC7_CC8,AML_AML_AML_AML,no,no,no,no,no,no,no,20.4,580
NG070_PC713_WC67,NG070,NA,NA,PC713,TCGTGTTCGA,WC67,GACTTGCGTG,NA,NG070_P2,human_mouse_droso,CC5_CC6_CC7_CC8,AML_AML_AML_AML,no,no,no,no,no,no,no,20.4,580
NG070_PC713_WC68,NG070,NA,NA,PC713,TCGTGTTCGA,WC68,CTTCTCCAGC,NA,NG070_P2,human_mouse_droso,CC5_CC6_CC7_CC8,AML_AML_AML_AML,no,no,no,no,no,no,no,20.4,580
NG070_PC713_WC69,NG070,NA,NA,PC713,TCGTGTTCGA,WC69,CGTACACTGG,NA,NG070_P2,human_mouse_droso,CC5_CC6_CC7_CC8,AML_AML_AML_AML,no,no,no,no,no,no,no,20.4,580
NG070_PC713_WC70,NG070,NA,NA,PC713,TCGTGTTCGA,WC70,TCGCATCAAC,NA,NG070_P2,human_mouse_droso,CC5_CC6_CC7_CC8,AML_AML_AML_AML,no,no,no,no,no,no,no,20.4,580
NG070_PC713_WC71,NG070,NA,NA,PC713,TCGTGTTCGA,WC71,ATAACAAGCG,NA,NG070_P2,human_mouse_droso,CC5_CC6_CC7_CC8,AML_AML_AML_AML,no,no,no,no,no,no,no,20.4,580
NG070_PC713_WC72,NG070,NA,NA,PC713,TCGTGTTCGA,WC72,TGAACGTTAC,NA,NG070_P2,human_mouse_droso,CC5_CC6_CC7_CC8,AML_AML_AML_AML,no,no,no,no,no,no,no,20.4,580
NG070_PC713_WC73,NG070,NA,NA,PC713,TCGTGTTCGA,WC73,GAAGACTCGG,NA,NG070_P2,human_mouse_droso,CC5_CC6_CC7_CC8,AML_AML_AML_AML,no,no,no,no,no,no,no,20.4,580
NG070_PC713_WC74,NG070,NA,NA,PC713,TCGTGTTCGA,WC74,TAGCGCAATA,NA,NG070_P2,human_mouse_droso,CC5_CC6_CC7_CC8,AML_AML_AML_AML,no,no,no,no,no,no,no,20.4,580
NG070_PC713_WC75,NG070,NA,NA,PC713,TCGTGTTCGA,WC75,TTAGACCACA,NA,NG070_P2,human_mouse_droso,CC5_CC6_CC7_CC8,AML_AML_AML_AML,no,no,no,no,no,no,no,20.4,580
NG070_PC713_WC76,NG070,NA,NA,PC713,TCGTGTTCGA,WC76,CGTAGACGTG,NA,NG070_P2,human_mouse_droso,CC5_CC6_CC7_CC8,AML_AML_AML_AML,no,no,no,no,no,no,no,20.4,580
NG070_PC713_WC77,NG070,NA,NA,PC713,TCGTGTTCGA,WC77,TCACTGGACT,NA,NG070_P2,human_mouse_droso,CC5_CC6_CC7_CC8,AML_AML_AML_AML,no,no,no,no,no,no,no,20.4,580
NG070_PC713_WC78,NG070,NA,NA,PC713,TCGTGTTCGA,WC78,GACCAAGCAT,NA,NG070_P2,human_mouse_droso,CC5_CC6_CC7_CC8,AML_AML_AML_AML,no,no,no,no,no,no,no,20.4,580
NG070_PC713_WC79,NG070,NA,NA,PC713,TCGTGTTCGA,WC79,GCGAGTATCA,NA,NG070_P2,human_mouse_droso,CC5_CC6_CC7_CC8,AML_AML_AML_AML,no,no,no,no,no,no,no,20.4,580
NG070_PC713_WC80,NG070,NA,NA,PC713,TCGTGTTCGA,WC80,CTCTCGATAA,NA,NG070_P2,human_mouse_droso,CC5_CC6_CC7_CC8,AML_AML_AML_AML,no,no,no,no,no,no,no,20.4,580
NG070_PC713_WC81,NG070,NA,NA,PC713,TCGTGTTCGA,WC81,AATACTGGCA,NA,NG070_P2,human_mouse_droso,CC5_CC6_CC7_CC8,AML_AML_AML_AML,no,no,no,no,no,no,no,20.4,580
NG070_PC713_WC82,NG070,NA,NA,PC713,TCGTGTTCGA,WC82,TATGCAACTC,NA,NG070_P2,human_mouse_droso,CC5_CC6_CC7_CC8,AML_AML_AML_AML,no,no,no,no,no,no,no,20.4,580
NG070_PC713_WC83,NG070,NA,NA,PC713,TCGTGTTCGA,WC83,ATGCTAGTGT,NA,NG070_P2,human_mouse_droso,CC5_CC6_CC7_CC8,AML_AML_AML_AML,no,no,no,no,no,no,no,20.4,580
NG070_PC713_WC84,NG070,NA,NA,PC713,TCGTGTTCGA,WC84,CCATTAGAAC,NA,NG070_P2,human_mouse_droso,CC5_CC6_CC7_CC8,AML_AML_AML_AML,no,no,no,no,no,no,no,20.4,580
NG070_PC713_WC85,NG070,NA,NA,PC713,TCGTGTTCGA,WC85,AACGTGAACG,NA,NG070_P2,human_mouse_droso,CC5_CC6_CC7_CC8,AML_AML_AML_AML,no,no,no,no,no,no,no,20.4,580
NG070_PC713_WC86,NG070,NA,NA,PC713,TCGTGTTCGA,WC86,TAACGCAGTC,NA,NG070_P2,human_mouse_droso,CC5_CC6_CC7_CC8,AML_AML_AML_AML,no,no,no,no,no,no,no,20.4,580
NG070_PC713_WC87,NG070,NA,NA,PC713,TCGTGTTCGA,WC87,CCATAAGCCA,NA,NG070_P2,human_mouse_droso,CC5_CC6_CC7_CC8,AML_AML_AML_AML,no,no,no,no,no,no,no,20.4,580
NG070_PC713_WC88,NG070,NA,NA,PC713,TCGTGTTCGA,WC88,GTGCCTCTGA,NA,NG070_P2,human_mouse_droso,CC5_CC6_CC7_CC8,AML_AML_AML_AML,no,no,no,no,no,no,no,20.4,580
NG070_PC713_WC89,NG070,NA,NA,PC713,TCGTGTTCGA,WC89,TAGCCTAGCG,NA,NG070_P2,human_mouse_droso,CC5_CC6_CC7_CC8,AML_AML_AML_AML,no,no,no,no,no,no,no,20.4,580
NG070_PC713_WC90,NG070,NA,NA,PC713,TCGTGTTCGA,WC90,TGTTACGGTT,NA,NG070_P2,human_mouse_droso,CC5_CC6_CC7_CC8,AML_AML_AML_AML,no,no,no,no,no,no,no,20.4,580
NG070_PC713_WC91,NG070,NA,NA,PC713,TCGTGTTCGA,WC91,TCATACCAAG,NA,NG070_P2,human_mouse_droso,CC5_CC6_CC7_CC8,AML_AML_AML_AML,no,no,no,no,no,no,no,20.4,580
NG070_PC713_WC92,NG070,NA,NA,PC713,TCGTGTTCGA,WC92,CGGATCTACA,NA,NG070_P2,human_mouse_droso,CC5_CC6_CC7_CC8,AML_AML_AML_AML,no,no,no,no,no,no,no,20.4,580
NG070_PC713_WC93,NG070,NA,NA,PC713,TCGTGTTCGA,WC93,CGGTAGAGTT,NA,NG070_P2,human_mouse_droso,CC5_CC6_CC7_CC8,AML_AML_AML_AML,no,no,no,no,no,no,no,20.4,580
NG070_PC713_WC94,NG070,NA,NA,PC713,TCGTGTTCGA,WC94,GAATGTCACG,NA,NG070_P2,human_mouse_droso,CC5_CC6_CC7_CC8,AML_AML_AML_AML,no,no,no,no,no,no,no,20.4,580
NG070_PC713_WC95,NG070,NA,NA,PC713,TCGTGTTCGA,WC95,CCTGGTACAG,NA,NG070_P2,human_mouse_droso,CC5_CC6_CC7_CC8,AML_AML_AML_AML,no,no,no,no,no,no,no,20.4,580
NG070_PC713_WC96,NG070,NA,NA,PC713,TCGTGTTCGA,WC96,CGGAACCAGT,NA,NG070_P2,human_mouse_droso,CC5_CC6_CC7_CC8,AML_AML_AML_AML,no,no,no,no,no,no,no,20.4,580
NG070_PC715_WC1,NG070,NA,NA,PC715,AATGCGGTTC,WC1,GATTCACGAC,NA,NG070_P3,human_mouse_droso,CC5_CC6_CC7_CC8,AML_AML_AML_AML,no,no,no,no,no,no,no,24,593
NG070_PC715_WC2,NG070,NA,NA,PC715,AATGCGGTTC,WC2,CGTAGAACAG,NA,NG070_P3,human_mouse_droso,CC5_CC6_CC7_CC8,AML_AML_AML_AML,no,no,no,no,no,no,no,24,593
NG070_PC715_WC3,NG070,NA,NA,PC715,AATGCGGTTC,WC3,ACCTAAGAGC,NA,NG070_P3,human_mouse_droso,CC5_CC6_CC7_CC8,AML_AML_AML_AML,no,no,no,no,no,no,no,24,593
NG070_PC715_WC4,NG070,NA,NA,PC715,AATGCGGTTC,WC4,ATGGCTTCTA,NA,NG070_P3,human_mouse_droso,CC5_CC6_CC7_CC8,AML_AML_AML_AML,no,no,no,no,no,no,no,24,593
NG070_PC715_WC5,NG070,NA,NA,PC715,AATGCGGTTC,WC5,TACCTAAGTG,NA,NG070_P3,human_mouse_droso,CC5_CC6_CC7_CC8,AML_AML_AML_AML,no,no,no,no,no,no,no,24,593
NG070_PC715_WC6,NG070,NA,NA,PC715,AATGCGGTTC,WC6,CCTTACCTAT,NA,NG070_P3,human_mouse_droso,CC5_CC6_CC7_CC8,AML_AML_AML_AML,no,no,no,no,no,no,no,24,593
NG070_PC715_WC7,NG070,NA,NA,PC715,AATGCGGTTC,WC7,ATATAAGGCG,NA,NG070_P3,human_mouse_droso,CC5_CC6_CC7_CC8,AML_AML_AML_AML,no,no,no,no,no,no,no,24,593
NG070_PC715_WC8,NG070,NA,NA,PC715,AATGCGGTTC,WC8,AGCATCGTGC,NA,NG070_P3,human_mouse_droso,CC5_CC6_CC7_CC8,AML_AML_AML_AML,no,no,no,no,no,no,no,24,593
NG070_PC715_WC9,NG070,NA,NA,PC715,AATGCGGTTC,WC9,CTGGCATATT,NA,NG070_P3,human_mouse_droso,CC5_CC6_CC7_CC8,AML_AML_AML_AML,no,no,no,no,no,no,no,24,593
NG070_PC715_WC10,NG070,NA,NA,PC715,AATGCGGTTC,WC10,CGTGACTCTA,NA,NG070_P3,human_mouse_droso,CC5_CC6_CC7_CC8,AML_AML_AML_AML,no,no,no,no,no,no,no,24,593
NG070_PC715_WC11,NG070,NA,NA,PC715,AATGCGGTTC,WC11,GACCTGTTAA,NA,NG070_P3,human_mouse_droso,CC5_CC6_CC7_CC8,AML_AML_AML_AML,no,no,no,no,no,no,no,24,593
NG070_PC715_WC12,NG070,NA,NA,PC715,AATGCGGTTC,WC12,TGGCTCATGT,NA,NG070_P3,human_mouse_droso,CC5_CC6_CC7_CC8,AML_AML_AML_AML,no,no,no,no,no,no,no,24,593
NG070_PC715_WC13,NG070,NA,NA,PC715,AATGCGGTTC,WC13,AGAACCTCGC,NA,NG070_P3,human_mouse_droso,CC5_CC6_CC7_CC8,AML_AML_AML_AML,no,no,no,no,no,no,no,24,593
NG070_PC715_WC14,NG070,NA,NA,PC715,AATGCGGTTC,WC14,CCTACGGACA,NA,NG070_P3,human_mouse_droso,CC5_CC6_CC7_CC8,AML_AML_AML_AML,no,no,no,no,no,no,no,24,593
NG070_PC715_WC15,NG070,NA,NA,PC715,AATGCGGTTC,WC15,AGGCATAATG,NA,NG070_P3,human_mouse_droso,CC5_CC6_CC7_CC8,AML_AML_AML_AML,no,no,no,no,no,no,no,24,593
NG070_PC715_WC16,NG070,NA,NA,PC715,AATGCGGTTC,WC16,CAACAGTGGA,NA,NG070_P3,human_mouse_droso,CC5_CC6_CC7_CC8,AML_AML_AML_AML,no,no,no,no,no,no,no,24,593
NG070_PC715_WC17,NG070,NA,NA,PC715,AATGCGGTTC,WC17,TGTCGTTAAG,NA,NG070_P3,human_mouse_droso,CC5_CC6_CC7_CC8,AML_AML_AML_AML,no,no,no,no,no,no,no,24,593
NG070_PC715_WC18,NG070,NA,NA,PC715,AATGCGGTTC,WC18,AGCTCGAGGA,NA,NG070_P3,human_mouse_droso,CC5_CC6_CC7_CC8,AML_AML_AML_AML,no,no,no,no,no,no,no,24,593
NG070_PC715_WC19,NG070,NA,NA,PC715,AATGCGGTTC,WC19,ACATTACTCG,NA,NG070_P3,human_mouse_droso,CC5_CC6_CC7_CC8,AML_AML_AML_AML,no,no,no,no,no,no,no,24,593
NG070_PC715_WC20,NG070,NA,NA,PC715,AATGCGGTTC,WC20,CATACCGCTG,NA,NG070_P3,human_mouse_droso,CC5_CC6_CC7_CC8,AML_AML_AML_AML,no,no,no,no,no,no,no,24,593
NG070_PC715_WC21,NG070,NA,NA,PC715,AATGCGGTTC,WC21,TGCAAGTAGC,NA,NG070_P3,human_mouse_droso,CC5_CC6_CC7_CC8,AML_AML_AML_AML,no,no,no,no,no,no,no,24,593
NG070_PC715_WC22,NG070,NA,NA,PC715,AATGCGGTTC,WC22,CTTCAATAGC,NA,NG070_P3,human_mouse_droso,CC5_CC6_CC7_CC8,AML_AML_AML_AML,no,no,no,no,no,no,no,24,593
NG070_PC715_WC23,NG070,NA,NA,PC715,AATGCGGTTC,WC23,CGGATGCTGA,NA,NG070_P3,human_mouse_droso,CC5_CC6_CC7_CC8,AML_AML_AML_AML,no,no,no,no,no,no,no,24,593
NG070_PC715_WC24,NG070,NA,NA,PC715,AATGCGGTTC,WC24,CCACCACCTA,NA,NG070_P3,human_mouse_droso,CC5_CC6_CC7_CC8,AML_AML_AML_AML,no,no,no,no,no,no,no,24,593
NG070_PC715_WC25,NG070,NA,NA,PC715,AATGCGGTTC,WC25,ATCCGATCTT,NA,NG070_P3,human_mouse_droso,CC5_CC6_CC7_CC8,AML_AML_AML_AML,no,no,no,no,no,no,no,24,593
NG070_PC715_WC26,NG070,NA,NA,PC715,AATGCGGTTC,WC26,CGGACGTTAA,NA,NG070_P3,human_mouse_droso,CC5_CC6_CC7_CC8,AML_AML_AML_AML,no,no,no,no,no,no,no,24,593
NG070_PC715_WC27,NG070,NA,NA,PC715,AATGCGGTTC,WC27,GATCGGTAAT,NA,NG070_P3,human_mouse_droso,CC5_CC6_CC7_CC8,AML_AML_AML_AML,no,no,no,no,no,no,no,24,593
NG070_PC715_WC28,NG070,NA,NA,PC715,AATGCGGTTC,WC28,ACGATGCAAC,NA,NG070_P3,human_mouse_droso,CC5_CC6_CC7_CC8,AML_AML_AML_AML,no,no,no,no,no,no,no,24,593
NG070_PC715_WC29,NG070,NA,NA,PC715,AATGCGGTTC,WC29,AACGTCCAGT,NA,NG070_P3,human_mouse_droso,CC5_CC6_CC7_CC8,AML_AML_AML_AML,no,no,no,no,no,no,no,24,593
NG070_PC715_WC30,NG070,NA,NA,PC715,AATGCGGTTC,WC30,ACACGAACAA,NA,NG070_P3,human_mouse_droso,CC5_CC6_CC7_CC8,AML_AML_AML_AML,no,no,no,no,no,no,no,24,593
NG070_PC715_WC31,NG070,NA,NA,PC715,AATGCGGTTC,WC31,CTCAGTCCGT,NA,NG070_P3,human_mouse_droso,CC5_CC6_CC7_CC8,AML_AML_AML_AML,no,no,no,no,no,no,no,24,593
NG070_PC715_WC32,NG070,NA,NA,PC715,AATGCGGTTC,WC32,TATGACGGTG,NA,NG070_P3,human_mouse_droso,CC5_CC6_CC7_CC8,AML_AML_AML_AML,no,no,no,no,no,no,no,24,593
NG070_PC715_WC33,NG070,NA,NA,PC715,AATGCGGTTC,WC33,ACACAACTAC,NA,NG070_P3,human_mouse_droso,CC5_CC6_CC7_CC8,AML_AML_AML_AML,no,no,no,no,no,no,no,24,593
NG070_PC715_WC34,NG070,NA,NA,PC715,AATGCGGTTC,WC34,AAGGACTCAG,NA,NG070_P3,human_mouse_droso,CC5_CC6_CC7_CC8,AML_AML_AML_AML,no,no,no,no,no,no,no,24,593
NG070_PC715_WC35,NG070,NA,NA,PC715,AATGCGGTTC,WC35,GCAACTGTGA,NA,NG070_P3,human_mouse_droso,CC5_CC6_CC7_CC8,AML_AML_AML_AML,no,no,no,no,no,no,no,24,593
NG070_PC715_WC36,NG070,NA,NA,PC715,AATGCGGTTC,WC36,CGCTTACAAT,NA,NG070_P3,human_mouse_droso,CC5_CC6_CC7_CC8,AML_AML_AML_AML,no,no,no,no,no,no,no,24,593
NG070_PC715_WC37,NG070,NA,NA,PC715,AATGCGGTTC,WC37,AGAGAGACCG,NA,NG070_P3,human_mouse_droso,CC5_CC6_CC7_CC8,AML_AML_AML_AML,no,no,no,no,no,no,no,24,593
NG070_PC715_WC38,NG070,NA,NA,PC715,AATGCGGTTC,WC38,CATTGCTGTT,NA,NG070_P3,human_mouse_droso,CC5_CC6_CC7_CC8,AML_AML_AML_AML,no,no,no,no,no,no,no,24,593
NG070_PC715_WC39,NG070,NA,NA,PC715,AATGCGGTTC,WC39,GCAACACGGA,NA,NG070_P3,human_mouse_droso,CC5_CC6_CC7_CC8,AML_AML_AML_AML,no,no,no,no,no,no,no,24,593
NG070_PC715_WC40,NG070,NA,NA,PC715,AATGCGGTTC,WC40,TCACTTCGCA,NA,NG070_P3,human_mouse_droso,CC5_CC6_CC7_CC8,AML_AML_AML_AML,no,no,no,no,no,no,no,24,593
NG070_PC715_WC41,NG070,NA,NA,PC715,AATGCGGTTC,WC41,AATAGCTGTG,NA,NG070_P3,human_mouse_droso,CC5_CC6_CC7_CC8,AML_AML_AML_AML,no,no,no,no,no,no,no,24,593
NG070_PC715_WC42,NG070,NA,NA,PC715,AATGCGGTTC,WC42,GAACACTATC,NA,NG070_P3,human_mouse_droso,CC5_CC6_CC7_CC8,AML_AML_AML_AML,no,no,no,no,no,no,no,24,593
NG070_PC715_WC43,NG070,NA,NA,PC715,AATGCGGTTC,WC43,CTGGTAGCTA,NA,NG070_P3,human_mouse_droso,CC5_CC6_CC7_CC8,AML_AML_AML_AML,no,no,no,no,no,no,no,24,593
NG070_PC715_WC44,NG070,NA,NA,PC715,AATGCGGTTC,WC44,TGCGTGAGCA,NA,NG070_P3,human_mouse_droso,CC5_CC6_CC7_CC8,AML_AML_AML_AML,no,no,no,no,no,no,no,24,593
NG070_PC715_WC45,NG070,NA,NA,PC715,AATGCGGTTC,WC45,TAGCACACTT,NA,NG070_P3,human_mouse_droso,CC5_CC6_CC7_CC8,AML_AML_AML_AML,no,no,no,no,no,no,no,24,593
NG070_PC715_WC46,NG070,NA,NA,PC715,AATGCGGTTC,WC46,CAGACGATGA,NA,NG070_P3,human_mouse_droso,CC5_CC6_CC7_CC8,AML_AML_AML_AML,no,no,no,no,no,no,no,24,593
NG070_PC715_WC47,NG070,NA,NA,PC715,AATGCGGTTC,WC47,CGGAGCATCT,NA,NG070_P3,human_mouse_droso,CC5_CC6_CC7_CC8,AML_AML_AML_AML,no,no,no,no,no,no,no,24,593
NG070_PC715_WC48,NG070,NA,NA,PC715,AATGCGGTTC,WC48,CGCTTGGTTC,NA,NG070_P3,human_mouse_droso,CC5_CC6_CC7_CC8,AML_AML_AML_AML,no,no,no,no,no,no,no,24,593
NG070_PC715_WC49,NG070,NA,NA,PC715,AATGCGGTTC,WC49,CTTGAAGAGG,NA,NG070_P3,human_mouse_droso,CC5_CC6_CC7_CC8,AML_AML_AML_AML,no,no,no,no,no,no,no,24,593
NG070_PC715_WC50,NG070,NA,NA,PC715,AATGCGGTTC,WC50,AGATGCGACG,NA,NG070_P3,human_mouse_droso,CC5_CC6_CC7_CC8,AML_AML_AML_AML,no,no,no,no,no,no,no,24,593
NG070_PC715_WC51,NG070,NA,NA,PC715,AATGCGGTTC,WC51,GAACGTTCGG,NA,NG070_P3,human_mouse_droso,CC5_CC6_CC7_CC8,AML_AML_AML_AML,no,no,no,no,no,no,no,24,593
NG070_PC715_WC52,NG070,NA,NA,PC715,AATGCGGTTC,WC52,AACGCCATTC,NA,NG070_P3,human_mouse_droso,CC5_CC6_CC7_CC8,AML_AML_AML_AML,no,no,no,no,no,no,no,24,593
NG070_PC715_WC53,NG070,NA,NA,PC715,AATGCGGTTC,WC53,TCCTGAACTT,NA,NG070_P3,human_mouse_droso,CC5_CC6_CC7_CC8,AML_AML_AML_AML,no,no,no,no,no,no,no,24,593
NG070_PC715_WC54,NG070,NA,NA,PC715,AATGCGGTTC,WC54,ACAATTGGTC,NA,NG070_P3,human_mouse_droso,CC5_CC6_CC7_CC8,AML_AML_AML_AML,no,no,no,no,no,no,no,24,593
NG070_PC715_WC55,NG070,NA,NA,PC715,AATGCGGTTC,WC55,GTCACAGACA,NA,NG070_P3,human_mouse_droso,CC5_CC6_CC7_CC8,AML_AML_AML_AML,no,no,no,no,no,no,no,24,593
NG070_PC715_WC56,NG070,NA,NA,PC715,AATGCGGTTC,WC56,GCCAATGTTC,NA,NG070_P3,human_mouse_droso,CC5_CC6_CC7_CC8,AML_AML_AML_AML,no,no,no,no,no,no,no,24,593
NG070_PC715_WC57,NG070,NA,NA,PC715,AATGCGGTTC,WC57,TAGTGTTACG,NA,NG070_P3,human_mouse_droso,CC5_CC6_CC7_CC8,AML_AML_AML_AML,no,no,no,no,no,no,no,24,593
NG070_PC715_WC58,NG070,NA,NA,PC715,AATGCGGTTC,WC58,TTGGAAGTAC,NA,NG070_P3,human_mouse_droso,CC5_CC6_CC7_CC8,AML_AML_AML_AML,no,no,no,no,no,no,no,24,593
NG070_PC715_WC59,NG070,NA,NA,PC715,AATGCGGTTC,WC59,AAGACGCTAA,NA,NG070_P3,human_mouse_droso,CC5_CC6_CC7_CC8,AML_AML_AML_AML,no,no,no,no,no,no,no,24,593
NG070_PC715_WC60,NG070,NA,NA,PC715,AATGCGGTTC,WC60,AGACGGTCAA,NA,NG070_P3,human_mouse_droso,CC5_CC6_CC7_CC8,AML_AML_AML_AML,no,no,no,no,no,no,no,24,593
NG070_PC715_WC61,NG070,NA,NA,PC715,AATGCGGTTC,WC61,GAGAAGCCGT,NA,NG070_P3,human_mouse_droso,CC5_CC6_CC7_CC8,AML_AML_AML_AML,no,no,no,no,no,no,no,24,593
NG070_PC715_WC62,NG070,NA,NA,PC715,AATGCGGTTC,WC62,ATACATCGCA,NA,NG070_P3,human_mouse_droso,CC5_CC6_CC7_CC8,AML_AML_AML_AML,no,no,no,no,no,no,no,24,593
NG070_PC715_WC63,NG070,NA,NA,PC715,AATGCGGTTC,WC63,TGCTGAACGC,NA,NG070_P3,human_mouse_droso,CC5_CC6_CC7_CC8,AML_AML_AML_AML,no,no,no,no,no,no,no,24,593
NG070_PC715_WC64,NG070,NA,NA,PC715,AATGCGGTTC,WC64,CTTCCTAGGC,NA,NG070_P3,human_mouse_droso,CC5_CC6_CC7_CC8,AML_AML_AML_AML,no,no,no,no,no,no,no,24,593
NG070_PC715_WC65,NG070,NA,NA,PC715,AATGCGGTTC,WC65,CGTTGGTAAC,NA,NG070_P3,human_mouse_droso,CC5_CC6_CC7_CC8,AML_AML_AML_AML,no,no,no,no,no,no,no,24,593
NG070_PC715_WC66,NG070,NA,NA,PC715,AATGCGGTTC,WC66,CTTGGTTCGT,NA,NG070_P3,human_mouse_droso,CC5_CC6_CC7_CC8,AML_AML_AML_AML,no,no,no,no,no,no,no,24,593
NG070_PC715_WC67,NG070,NA,NA,PC715,AATGCGGTTC,WC67,GACTTGCGTG,NA,NG070_P3,human_mouse_droso,CC5_CC6_CC7_CC8,AML_AML_AML_AML,no,no,no,no,no,no,no,24,593
NG070_PC715_WC68,NG070,NA,NA,PC715,AATGCGGTTC,WC68,CTTCTCCAGC,NA,NG070_P3,human_mouse_droso,CC5_CC6_CC7_CC8,AML_AML_AML_AML,no,no,no,no,no,no,no,24,593
NG070_PC715_WC69,NG070,NA,NA,PC715,AATGCGGTTC,WC69,CGTACACTGG,NA,NG070_P3,human_mouse_droso,CC5_CC6_CC7_CC8,AML_AML_AML_AML,no,no,no,no,no,no,no,24,593
NG070_PC715_WC70,NG070,NA,NA,PC715,AATGCGGTTC,WC70,TCGCATCAAC,NA,NG070_P3,human_mouse_droso,CC5_CC6_CC7_CC8,AML_AML_AML_AML,no,no,no,no,no,no,no,24,593
NG070_PC715_WC71,NG070,NA,NA,PC715,AATGCGGTTC,WC71,ATAACAAGCG,NA,NG070_P3,human_mouse_droso,CC5_CC6_CC7_CC8,AML_AML_AML_AML,no,no,no,no,no,no,no,24,593
NG070_PC715_WC72,NG070,NA,NA,PC715,AATGCGGTTC,WC72,TGAACGTTAC,NA,NG070_P3,human_mouse_droso,CC5_CC6_CC7_CC8,AML_AML_AML_AML,no,no,no,no,no,no,no,24,593
NG070_PC715_WC73,NG070,NA,NA,PC715,AATGCGGTTC,WC73,GAAGACTCGG,NA,NG070_P3,human_mouse_droso,CC5_CC6_CC7_CC8,AML_AML_AML_AML,no,no,no,no,no,no,no,24,593
NG070_PC715_WC74,NG070,NA,NA,PC715,AATGCGGTTC,WC74,TAGCGCAATA,NA,NG070_P3,human_mouse_droso,CC5_CC6_CC7_CC8,AML_AML_AML_AML,no,no,no,no,no,no,no,24,593
NG070_PC715_WC75,NG070,NA,NA,PC715,AATGCGGTTC,WC75,TTAGACCACA,NA,NG070_P3,human_mouse_droso,CC5_CC6_CC7_CC8,AML_AML_AML_AML,no,no,no,no,no,no,no,24,593
NG070_PC715_WC76,NG070,NA,NA,PC715,AATGCGGTTC,WC76,CGTAGACGTG,NA,NG070_P3,human_mouse_droso,CC5_CC6_CC7_CC8,AML_AML_AML_AML,no,no,no,no,no,no,no,24,593
NG070_PC715_WC77,NG070,NA,NA,PC715,AATGCGGTTC,WC77,TCACTGGACT,NA,NG070_P3,human_mouse_droso,CC5_CC6_CC7_CC8,AML_AML_AML_AML,no,no,no,no,no,no,no,24,593
NG070_PC715_WC78,NG070,NA,NA,PC715,AATGCGGTTC,WC78,GACCAAGCAT,NA,NG070_P3,human_mouse_droso,CC5_CC6_CC7_CC8,AML_AML_AML_AML,no,no,no,no,no,no,no,24,593
NG070_PC715_WC79,NG070,NA,NA,PC715,AATGCGGTTC,WC79,GCGAGTATCA,NA,NG070_P3,human_mouse_droso,CC5_CC6_CC7_CC8,AML_AML_AML_AML,no,no,no,no,no,no,no,24,593
NG070_PC715_WC80,NG070,NA,NA,PC715,AATGCGGTTC,WC80,CTCTCGATAA,NA,NG070_P3,human_mouse_droso,CC5_CC6_CC7_CC8,AML_AML_AML_AML,no,no,no,no,no,no,no,24,593
NG070_PC715_WC81,NG070,NA,NA,PC715,AATGCGGTTC,WC81,AATACTGGCA,NA,NG070_P3,human_mouse_droso,CC5_CC6_CC7_CC8,AML_AML_AML_AML,no,no,no,no,no,no,no,24,593
NG070_PC715_WC82,NG070,NA,NA,PC715,AATGCGGTTC,WC82,TATGCAACTC,NA,NG070_P3,human_mouse_droso,CC5_CC6_CC7_CC8,AML_AML_AML_AML,no,no,no,no,no,no,no,24,593
NG070_PC715_WC83,NG070,NA,NA,PC715,AATGCGGTTC,WC83,ATGCTAGTGT,NA,NG070_P3,human_mouse_droso,CC5_CC6_CC7_CC8,AML_AML_AML_AML,no,no,no,no,no,no,no,24,593
NG070_PC715_WC84,NG070,NA,NA,PC715,AATGCGGTTC,WC84,CCATTAGAAC,NA,NG070_P3,human_mouse_droso,CC5_CC6_CC7_CC8,AML_AML_AML_AML,no,no,no,no,no,no,no,24,593
NG070_PC715_WC85,NG070,NA,NA,PC715,AATGCGGTTC,WC85,AACGTGAACG,NA,NG070_P3,human_mouse_droso,CC5_CC6_CC7_CC8,AML_AML_AML_AML,no,no,no,no,no,no,no,24,593
NG070_PC715_WC86,NG070,NA,NA,PC715,AATGCGGTTC,WC86,TAACGCAGTC,NA,NG070_P3,human_mouse_droso,CC5_CC6_CC7_CC8,AML_AML_AML_AML,no,no,no,no,no,no,no,24,593
NG070_PC715_WC87,NG070,NA,NA,PC715,AATGCGGTTC,WC87,CCATAAGCCA,NA,NG070_P3,human_mouse_droso,CC5_CC6_CC7_CC8,AML_AML_AML_AML,no,no,no,no,no,no,no,24,593
NG070_PC715_WC88,NG070,NA,NA,PC715,AATGCGGTTC,WC88,GTGCCTCTGA,NA,NG070_P3,human_mouse_droso,CC5_CC6_CC7_CC8,AML_AML_AML_AML,no,no,no,no,no,no,no,24,593
NG070_PC715_WC89,NG070,NA,NA,PC715,AATGCGGTTC,WC89,TAGCCTAGCG,NA,NG070_P3,human_mouse_droso,CC5_CC6_CC7_CC8,AML_AML_AML_AML,no,no,no,no,no,no,no,24,593
NG070_PC715_WC90,NG070,NA,NA,PC715,AATGCGGTTC,WC90,TGTTACGGTT,NA,NG070_P3,human_mouse_droso,CC5_CC6_CC7_CC8,AML_AML_AML_AML,no,no,no,no,no,no,no,24,593
NG070_PC715_WC91,NG070,NA,NA,PC715,AATGCGGTTC,WC91,TCATACCAAG,NA,NG070_P3,human_mouse_droso,CC5_CC6_CC7_CC8,AML_AML_AML_AML,no,no,no,no,no,no,no,24,593
NG070_PC715_WC92,NG070,NA,NA,PC715,AATGCGGTTC,WC92,CGGATCTACA,NA,NG070_P3,human_mouse_droso,CC5_CC6_CC7_CC8,AML_AML_AML_AML,no,no,no,no,no,no,no,24,593
NG070_PC715_WC93,NG070,NA,NA,PC715,AATGCGGTTC,WC93,CGGTAGAGTT,NA,NG070_P3,human_mouse_droso,CC5_CC6_CC7_CC8,AML_AML_AML_AML,no,no,no,no,no,no,no,24,593
NG070_PC715_WC94,NG070,NA,NA,PC715,AATGCGGTTC,WC94,GAATGTCACG,NA,NG070_P3,human_mouse_droso,CC5_CC6_CC7_CC8,AML_AML_AML_AML,no,no,no,no,no,no,no,24,593
NG070_PC715_WC95,NG070,NA,NA,PC715,AATGCGGTTC,WC95,CCTGGTACAG,NA,NG070_P3,human_mouse_droso,CC5_CC6_CC7_CC8,AML_AML_AML_AML,no,no,no,no,no,no,no,24,593
NG070_PC715_WC96,NG070,NA,NA,PC715,AATGCGGTTC,WC96,CGGAACCAGT,NA,NG070_P3,human_mouse_droso,CC5_CC6_CC7_CC8,AML_AML_AML_AML,no,no,no,no,no,no,no,24,593
NG070_PC716_WC1,NG070,NA,NA,PC716,AGCCTGTTGT,WC1,GATTCACGAC,NA,NG070_P4,human_mouse_droso,CC5_CC6_CC7_CC8,AML_AML_AML_AML,no,no,no,no,no,no,no,23.2,507
NG070_PC716_WC2,NG070,NA,NA,PC716,AGCCTGTTGT,WC2,CGTAGAACAG,NA,NG070_P4,human_mouse_droso,CC5_CC6_CC7_CC8,AML_AML_AML_AML,no,no,no,no,no,no,no,23.2,507
NG070_PC716_WC3,NG070,NA,NA,PC716,AGCCTGTTGT,WC3,ACCTAAGAGC,NA,NG070_P4,human_mouse_droso,CC5_CC6_CC7_CC8,AML_AML_AML_AML,no,no,no,no,no,no,no,23.2,507
NG070_PC716_WC4,NG070,NA,NA,PC716,AGCCTGTTGT,WC4,ATGGCTTCTA,NA,NG070_P4,human_mouse_droso,CC5_CC6_CC7_CC8,AML_AML_AML_AML,no,no,no,no,no,no,no,23.2,507
NG070_PC716_WC5,NG070,NA,NA,PC716,AGCCTGTTGT,WC5,TACCTAAGTG,NA,NG070_P4,human_mouse_droso,CC5_CC6_CC7_CC8,AML_AML_AML_AML,no,no,no,no,no,no,no,23.2,507
NG070_PC716_WC6,NG070,NA,NA,PC716,AGCCTGTTGT,WC6,CCTTACCTAT,NA,NG070_P4,human_mouse_droso,CC5_CC6_CC7_CC8,AML_AML_AML_AML,no,no,no,no,no,no,no,23.2,507
NG070_PC716_WC7,NG070,NA,NA,PC716,AGCCTGTTGT,WC7,ATATAAGGCG,NA,NG070_P4,human_mouse_droso,CC5_CC6_CC7_CC8,AML_AML_AML_AML,no,no,no,no,no,no,no,23.2,507
NG070_PC716_WC8,NG070,NA,NA,PC716,AGCCTGTTGT,WC8,AGCATCGTGC,NA,NG070_P4,human_mouse_droso,CC5_CC6_CC7_CC8,AML_AML_AML_AML,no,no,no,no,no,no,no,23.2,507
NG070_PC716_WC9,NG070,NA,NA,PC716,AGCCTGTTGT,WC9,CTGGCATATT,NA,NG070_P4,human_mouse_droso,CC5_CC6_CC7_CC8,AML_AML_AML_AML,no,no,no,no,no,no,no,23.2,507
NG070_PC716_WC10,NG070,NA,NA,PC716,AGCCTGTTGT,WC10,CGTGACTCTA,NA,NG070_P4,human_mouse_droso,CC5_CC6_CC7_CC8,AML_AML_AML_AML,no,no,no,no,no,no,no,23.2,507
NG070_PC716_WC11,NG070,NA,NA,PC716,AGCCTGTTGT,WC11,GACCTGTTAA,NA,NG070_P4,human_mouse_droso,CC5_CC6_CC7_CC8,AML_AML_AML_AML,no,no,no,no,no,no,no,23.2,507
NG070_PC716_WC12,NG070,NA,NA,PC716,AGCCTGTTGT,WC12,TGGCTCATGT,NA,NG070_P4,human_mouse_droso,CC5_CC6_CC7_CC8,AML_AML_AML_AML,no,no,no,no,no,no,no,23.2,507
NG070_PC716_WC13,NG070,NA,NA,PC716,AGCCTGTTGT,WC13,AGAACCTCGC,NA,NG070_P4,human_mouse_droso,CC5_CC6_CC7_CC8,AML_AML_AML_AML,no,no,no,no,no,no,no,23.2,507
NG070_PC716_WC14,NG070,NA,NA,PC716,AGCCTGTTGT,WC14,CCTACGGACA,NA,NG070_P4,human_mouse_droso,CC5_CC6_CC7_CC8,AML_AML_AML_AML,no,no,no,no,no,no,no,23.2,507
NG070_PC716_WC15,NG070,NA,NA,PC716,AGCCTGTTGT,WC15,AGGCATAATG,NA,NG070_P4,human_mouse_droso,CC5_CC6_CC7_CC8,AML_AML_AML_AML,no,no,no,no,no,no,no,23.2,507
NG070_PC716_WC16,NG070,NA,NA,PC716,AGCCTGTTGT,WC16,CAACAGTGGA,NA,NG070_P4,human_mouse_droso,CC5_CC6_CC7_CC8,AML_AML_AML_AML,no,no,no,no,no,no,no,23.2,507
NG070_PC716_WC17,NG070,NA,NA,PC716,AGCCTGTTGT,WC17,TGTCGTTAAG,NA,NG070_P4,human_mouse_droso,CC5_CC6_CC7_CC8,AML_AML_AML_AML,no,no,no,no,no,no,no,23.2,507
NG070_PC716_WC18,NG070,NA,NA,PC716,AGCCTGTTGT,WC18,AGCTCGAGGA,NA,NG070_P4,human_mouse_droso,CC5_CC6_CC7_CC8,AML_AML_AML_AML,no,no,no,no,no,no,no,23.2,507
NG070_PC716_WC19,NG070,NA,NA,PC716,AGCCTGTTGT,WC19,ACATTACTCG,NA,NG070_P4,human_mouse_droso,CC5_CC6_CC7_CC8,AML_AML_AML_AML,no,no,no,no,no,no,no,23.2,507
NG070_PC716_WC20,NG070,NA,NA,PC716,AGCCTGTTGT,WC20,CATACCGCTG,NA,NG070_P4,human_mouse_droso,CC5_CC6_CC7_CC8,AML_AML_AML_AML,no,no,no,no,no,no,no,23.2,507
NG070_PC716_WC21,NG070,NA,NA,PC716,AGCCTGTTGT,WC21,TGCAAGTAGC,NA,NG070_P4,human_mouse_droso,CC5_CC6_CC7_CC8,AML_AML_AML_AML,no,no,no,no,no,no,no,23.2,507
NG070_PC716_WC22,NG070,NA,NA,PC716,AGCCTGTTGT,WC22,CTTCAATAGC,NA,NG070_P4,human_mouse_droso,CC5_CC6_CC7_CC8,AML_AML_AML_AML,no,no,no,no,no,no,no,23.2,507
NG070_PC716_WC23,NG070,NA,NA,PC716,AGCCTGTTGT,WC23,CGGATGCTGA,NA,NG070_P4,human_mouse_droso,CC5_CC6_CC7_CC8,AML_AML_AML_AML,no,no,no,no,no,no,no,23.2,507
NG070_PC716_WC24,NG070,NA,NA,PC716,AGCCTGTTGT,WC24,CCACCACCTA,NA,NG070_P4,human_mouse_droso,CC5_CC6_CC7_CC8,AML_AML_AML_AML,no,no,no,no,no,no,no,23.2,507
NG070_PC716_WC25,NG070,NA,NA,PC716,AGCCTGTTGT,WC25,ATCCGATCTT,NA,NG070_P4,human_mouse_droso,CC5_CC6_CC7_CC8,AML_AML_AML_AML,no,no,no,no,no,no,no,23.2,507
NG070_PC716_WC26,NG070,NA,NA,PC716,AGCCTGTTGT,WC26,CGGACGTTAA,NA,NG070_P4,human_mouse_droso,CC5_CC6_CC7_CC8,AML_AML_AML_AML,no,no,no,no,no,no,no,23.2,507
NG070_PC716_WC27,NG070,NA,NA,PC716,AGCCTGTTGT,WC27,GATCGGTAAT,NA,NG070_P4,human_mouse_droso,CC5_CC6_CC7_CC8,AML_AML_AML_AML,no,no,no,no,no,no,no,23.2,507
NG070_PC716_WC28,NG070,NA,NA,PC716,AGCCTGTTGT,WC28,ACGATGCAAC,NA,NG070_P4,human_mouse_droso,CC5_CC6_CC7_CC8,AML_AML_AML_AML,no,no,no,no,no,no,no,23.2,507
NG070_PC716_WC29,NG070,NA,NA,PC716,AGCCTGTTGT,WC29,AACGTCCAGT,NA,NG070_P4,human_mouse_droso,CC5_CC6_CC7_CC8,AML_AML_AML_AML,no,no,no,no,no,no,no,23.2,507
NG070_PC716_WC30,NG070,NA,NA,PC716,AGCCTGTTGT,WC30,ACACGAACAA,NA,NG070_P4,human_mouse_droso,CC5_CC6_CC7_CC8,AML_AML_AML_AML,no,no,no,no,no,no,no,23.2,507
NG070_PC716_WC31,NG070,NA,NA,PC716,AGCCTGTTGT,WC31,CTCAGTCCGT,NA,NG070_P4,human_mouse_droso,CC5_CC6_CC7_CC8,AML_AML_AML_AML,no,no,no,no,no,no,no,23.2,507
NG070_PC716_WC32,NG070,NA,NA,PC716,AGCCTGTTGT,WC32,TATGACGGTG,NA,NG070_P4,human_mouse_droso,CC5_CC6_CC7_CC8,AML_AML_AML_AML,no,no,no,no,no,no,no,23.2,507
NG070_PC716_WC33,NG070,NA,NA,PC716,AGCCTGTTGT,WC33,ACACAACTAC,NA,NG070_P4,human_mouse_droso,CC5_CC6_CC7_CC8,AML_AML_AML_AML,no,no,no,no,no,no,no,23.2,507
NG070_PC716_WC34,NG070,NA,NA,PC716,AGCCTGTTGT,WC34,AAGGACTCAG,NA,NG070_P4,human_mouse_droso,CC5_CC6_CC7_CC8,AML_AML_AML_AML,no,no,no,no,no,no,no,23.2,507
NG070_PC716_WC35,NG070,NA,NA,PC716,AGCCTGTTGT,WC35,GCAACTGTGA,NA,NG070_P4,human_mouse_droso,CC5_CC6_CC7_CC8,AML_AML_AML_AML,no,no,no,no,no,no,no,23.2,507
NG070_PC716_WC36,NG070,NA,NA,PC716,AGCCTGTTGT,WC36,CGCTTACAAT,NA,NG070_P4,human_mouse_droso,CC5_CC6_CC7_CC8,AML_AML_AML_AML,no,no,no,no,no,no,no,23.2,507
NG070_PC716_WC37,NG070,NA,NA,PC716,AGCCTGTTGT,WC37,AGAGAGACCG,NA,NG070_P4,human_mouse_droso,CC5_CC6_CC7_CC8,AML_AML_AML_AML,no,no,no,no,no,no,no,23.2,507
NG070_PC716_WC38,NG070,NA,NA,PC716,AGCCTGTTGT,WC38,CATTGCTGTT,NA,NG070_P4,human_mouse_droso,CC5_CC6_CC7_CC8,AML_AML_AML_AML,no,no,no,no,no,no,no,23.2,507
NG070_PC716_WC39,NG070,NA,NA,PC716,AGCCTGTTGT,WC39,GCAACACGGA,NA,NG070_P4,human_mouse_droso,CC5_CC6_CC7_CC8,AML_AML_AML_AML,no,no,no,no,no,no,no,23.2,507
NG070_PC716_WC40,NG070,NA,NA,PC716,AGCCTGTTGT,WC40,TCACTTCGCA,NA,NG070_P4,human_mouse_droso,CC5_CC6_CC7_CC8,AML_AML_AML_AML,no,no,no,no,no,no,no,23.2,507
NG070_PC716_WC41,NG070,NA,NA,PC716,AGCCTGTTGT,WC41,AATAGCTGTG,NA,NG070_P4,human_mouse_droso,CC5_CC6_CC7_CC8,AML_AML_AML_AML,no,no,no,no,no,no,no,23.2,507
NG070_PC716_WC42,NG070,NA,NA,PC716,AGCCTGTTGT,WC42,GAACACTATC,NA,NG070_P4,human_mouse_droso,CC5_CC6_CC7_CC8,AML_AML_AML_AML,no,no,no,no,no,no,no,23.2,507
NG070_PC716_WC43,NG070,NA,NA,PC716,AGCCTGTTGT,WC43,CTGGTAGCTA,NA,NG070_P4,human_mouse_droso,CC5_CC6_CC7_CC8,AML_AML_AML_AML,no,no,no,no,no,no,no,23.2,507
NG070_PC716_WC44,NG070,NA,NA,PC716,AGCCTGTTGT,WC44,TGCGTGAGCA,NA,NG070_P4,human_mouse_droso,CC5_CC6_CC7_CC8,AML_AML_AML_AML,no,no,no,no,no,no,no,23.2,507
NG070_PC716_WC45,NG070,NA,NA,PC716,AGCCTGTTGT,WC45,TAGCACACTT,NA,NG070_P4,human_mouse_droso,CC5_CC6_CC7_CC8,AML_AML_AML_AML,no,no,no,no,no,no,no,23.2,507
NG070_PC716_WC46,NG070,NA,NA,PC716,AGCCTGTTGT,WC46,CAGACGATGA,NA,NG070_P4,human_mouse_droso,CC5_CC6_CC7_CC8,AML_AML_AML_AML,no,no,no,no,no,no,no,23.2,507
NG070_PC716_WC47,NG070,NA,NA,PC716,AGCCTGTTGT,WC47,CGGAGCATCT,NA,NG070_P4,human_mouse_droso,CC5_CC6_CC7_CC8,AML_AML_AML_AML,no,no,no,no,no,no,no,23.2,507
NG070_PC716_WC48,NG070,NA,NA,PC716,AGCCTGTTGT,WC48,CGCTTGGTTC,NA,NG070_P4,human_mouse_droso,CC5_CC6_CC7_CC8,AML_AML_AML_AML,no,no,no,no,no,no,no,23.2,507
NG070_PC716_WC49,NG070,NA,NA,PC716,AGCCTGTTGT,WC49,CTTGAAGAGG,NA,NG070_P4,human_mouse_droso,CC5_CC6_CC7_CC8,AML_AML_AML_AML,no,no,no,no,no,no,no,23.2,507
NG070_PC716_WC50,NG070,NA,NA,PC716,AGCCTGTTGT,WC50,AGATGCGACG,NA,NG070_P4,human_mouse_droso,CC5_CC6_CC7_CC8,AML_AML_AML_AML,no,no,no,no,no,no,no,23.2,507
NG070_PC716_WC51,NG070,NA,NA,PC716,AGCCTGTTGT,WC51,GAACGTTCGG,NA,NG070_P4,human_mouse_droso,CC5_CC6_CC7_CC8,AML_AML_AML_AML,no,no,no,no,no,no,no,23.2,507
NG070_PC716_WC52,NG070,NA,NA,PC716,AGCCTGTTGT,WC52,AACGCCATTC,NA,NG070_P4,human_mouse_droso,CC5_CC6_CC7_CC8,AML_AML_AML_AML,no,no,no,no,no,no,no,23.2,507
NG070_PC716_WC53,NG070,NA,NA,PC716,AGCCTGTTGT,WC53,TCCTGAACTT,NA,NG070_P4,human_mouse_droso,CC5_CC6_CC7_CC8,AML_AML_AML_AML,no,no,no,no,no,no,no,23.2,507
NG070_PC716_WC54,NG070,NA,NA,PC716,AGCCTGTTGT,WC54,ACAATTGGTC,NA,NG070_P4,human_mouse_droso,CC5_CC6_CC7_CC8,AML_AML_AML_AML,no,no,no,no,no,no,no,23.2,507
NG070_PC716_WC55,NG070,NA,NA,PC716,AGCCTGTTGT,WC55,GTCACAGACA,NA,NG070_P4,human_mouse_droso,CC5_CC6_CC7_CC8,AML_AML_AML_AML,no,no,no,no,no,no,no,23.2,507
NG070_PC716_WC56,NG070,NA,NA,PC716,AGCCTGTTGT,WC56,GCCAATGTTC,NA,NG070_P4,human_mouse_droso,CC5_CC6_CC7_CC8,AML_AML_AML_AML,no,no,no,no,no,no,no,23.2,507
NG070_PC716_WC57,NG070,NA,NA,PC716,AGCCTGTTGT,WC57,TAGTGTTACG,NA,NG070_P4,human_mouse_droso,CC5_CC6_CC7_CC8,AML_AML_AML_AML,no,no,no,no,no,no,no,23.2,507
NG070_PC716_WC58,NG070,NA,NA,PC716,AGCCTGTTGT,WC58,TTGGAAGTAC,NA,NG070_P4,human_mouse_droso,CC5_CC6_CC7_CC8,AML_AML_AML_AML,no,no,no,no,no,no,no,23.2,507
NG070_PC716_WC59,NG070,NA,NA,PC716,AGCCTGTTGT,WC59,AAGACGCTAA,NA,NG070_P4,human_mouse_droso,CC5_CC6_CC7_CC8,AML_AML_AML_AML,no,no,no,no,no,no,no,23.2,507
NG070_PC716_WC60,NG070,NA,NA,PC716,AGCCTGTTGT,WC60,AGACGGTCAA,NA,NG070_P4,human_mouse_droso,CC5_CC6_CC7_CC8,AML_AML_AML_AML,no,no,no,no,no,no,no,23.2,507
NG070_PC716_WC61,NG070,NA,NA,PC716,AGCCTGTTGT,WC61,GAGAAGCCGT,NA,NG070_P4,human_mouse_droso,CC5_CC6_CC7_CC8,AML_AML_AML_AML,no,no,no,no,no,no,no,23.2,507
NG070_PC716_WC62,NG070,NA,NA,PC716,AGCCTGTTGT,WC62,ATACATCGCA,NA,NG070_P4,human_mouse_droso,CC5_CC6_CC7_CC8,AML_AML_AML_AML,no,no,no,no,no,no,no,23.2,507
NG070_PC716_WC63,NG070,NA,NA,PC716,AGCCTGTTGT,WC63,TGCTGAACGC,NA,NG070_P4,human_mouse_droso,CC5_CC6_CC7_CC8,AML_AML_AML_AML,no,no,no,no,no,no,no,23.2,507
NG070_PC716_WC64,NG070,NA,NA,PC716,AGCCTGTTGT,WC64,CTTCCTAGGC,NA,NG070_P4,human_mouse_droso,CC5_CC6_CC7_CC8,AML_AML_AML_AML,no,no,no,no,no,no,no,23.2,507
NG070_PC716_WC65,NG070,NA,NA,PC716,AGCCTGTTGT,WC65,CGTTGGTAAC,NA,NG070_P4,human_mouse_droso,CC5_CC6_CC7_CC8,AML_AML_AML_AML,no,no,no,no,no,no,no,23.2,507
NG070_PC716_WC66,NG070,NA,NA,PC716,AGCCTGTTGT,WC66,CTTGGTTCGT,NA,NG070_P4,human_mouse_droso,CC5_CC6_CC7_CC8,AML_AML_AML_AML,no,no,no,no,no,no,no,23.2,507
NG070_PC716_WC67,NG070,NA,NA,PC716,AGCCTGTTGT,WC67,GACTTGCGTG,NA,NG070_P4,human_mouse_droso,CC5_CC6_CC7_CC8,AML_AML_AML_AML,no,no,no,no,no,no,no,23.2,507
NG070_PC716_WC68,NG070,NA,NA,PC716,AGCCTGTTGT,WC68,CTTCTCCAGC,NA,NG070_P4,human_mouse_droso,CC5_CC6_CC7_CC8,AML_AML_AML_AML,no,no,no,no,no,no,no,23.2,507
NG070_PC716_WC69,NG070,NA,NA,PC716,AGCCTGTTGT,WC69,CGTACACTGG,NA,NG070_P4,human_mouse_droso,CC5_CC6_CC7_CC8,AML_AML_AML_AML,no,no,no,no,no,no,no,23.2,507
NG070_PC716_WC70,NG070,NA,NA,PC716,AGCCTGTTGT,WC70,TCGCATCAAC,NA,NG070_P4,human_mouse_droso,CC5_CC6_CC7_CC8,AML_AML_AML_AML,no,no,no,no,no,no,no,23.2,507
NG070_PC716_WC71,NG070,NA,NA,PC716,AGCCTGTTGT,WC71,ATAACAAGCG,NA,NG070_P4,human_mouse_droso,CC5_CC6_CC7_CC8,AML_AML_AML_AML,no,no,no,no,no,no,no,23.2,507
NG070_PC716_WC72,NG070,NA,NA,PC716,AGCCTGTTGT,WC72,TGAACGTTAC,NA,NG070_P4,human_mouse_droso,CC5_CC6_CC7_CC8,AML_AML_AML_AML,no,no,no,no,no,no,no,23.2,507
NG070_PC716_WC73,NG070,NA,NA,PC716,AGCCTGTTGT,WC73,GAAGACTCGG,NA,NG070_P4,human_mouse_droso,CC5_CC6_CC7_CC8,AML_AML_AML_AML,no,no,no,no,no,no,no,23.2,507
NG070_PC716_WC74,NG070,NA,NA,PC716,AGCCTGTTGT,WC74,TAGCGCAATA,NA,NG070_P4,human_mouse_droso,CC5_CC6_CC7_CC8,AML_AML_AML_AML,no,no,no,no,no,no,no,23.2,507
NG070_PC716_WC75,NG070,NA,NA,PC716,AGCCTGTTGT,WC75,TTAGACCACA,NA,NG070_P4,human_mouse_droso,CC5_CC6_CC7_CC8,AML_AML_AML_AML,no,no,no,no,no,no,no,23.2,507
NG070_PC716_WC76,NG070,NA,NA,PC716,AGCCTGTTGT,WC76,CGTAGACGTG,NA,NG070_P4,human_mouse_droso,CC5_CC6_CC7_CC8,AML_AML_AML_AML,no,no,no,no,no,no,no,23.2,507
NG070_PC716_WC77,NG070,NA,NA,PC716,AGCCTGTTGT,WC77,TCACTGGACT,NA,NG070_P4,human_mouse_droso,CC5_CC6_CC7_CC8,AML_AML_AML_AML,no,no,no,no,no,no,no,23.2,507
NG070_PC716_WC78,NG070,NA,NA,PC716,AGCCTGTTGT,WC78,GACCAAGCAT,NA,NG070_P4,human_mouse_droso,CC5_CC6_CC7_CC8,AML_AML_AML_AML,no,no,no,no,no,no,no,23.2,507
NG070_PC716_WC79,NG070,NA,NA,PC716,AGCCTGTTGT,WC79,GCGAGTATCA,NA,NG070_P4,human_mouse_droso,CC5_CC6_CC7_CC8,AML_AML_AML_AML,no,no,no,no,no,no,no,23.2,507
NG070_PC716_WC80,NG070,NA,NA,PC716,AGCCTGTTGT,WC80,CTCTCGATAA,NA,NG070_P4,human_mouse_droso,CC5_CC6_CC7_CC8,AML_AML_AML_AML,no,no,no,no,no,no,no,23.2,507
NG070_PC716_WC81,NG070,NA,NA,PC716,AGCCTGTTGT,WC81,AATACTGGCA,NA,NG070_P4,human_mouse_droso,CC5_CC6_CC7_CC8,AML_AML_AML_AML,no,no,no,no,no,no,no,23.2,507
NG070_PC716_WC82,NG070,NA,NA,PC716,AGCCTGTTGT,WC82,TATGCAACTC,NA,NG070_P4,human_mouse_droso,CC5_CC6_CC7_CC8,AML_AML_AML_AML,no,no,no,no,no,no,no,23.2,507
NG070_PC716_WC83,NG070,NA,NA,PC716,AGCCTGTTGT,WC83,ATGCTAGTGT,NA,NG070_P4,human_mouse_droso,CC5_CC6_CC7_CC8,AML_AML_AML_AML,no,no,no,no,no,no,no,23.2,507
NG070_PC716_WC84,NG070,NA,NA,PC716,AGCCTGTTGT,WC84,CCATTAGAAC,NA,NG070_P4,human_mouse_droso,CC5_CC6_CC7_CC8,AML_AML_AML_AML,no,no,no,no,no,no,no,23.2,507
NG070_PC716_WC85,NG070,NA,NA,PC716,AGCCTGTTGT,WC85,AACGTGAACG,NA,NG070_P4,human_mouse_droso,CC5_CC6_CC7_CC8,AML_AML_AML_AML,no,no,no,no,no,no,no,23.2,507
NG070_PC716_WC86,NG070,NA,NA,PC716,AGCCTGTTGT,WC86,TAACGCAGTC,NA,NG070_P4,human_mouse_droso,CC5_CC6_CC7_CC8,AML_AML_AML_AML,no,no,no,no,no,no,no,23.2,507
NG070_PC716_WC87,NG070,NA,NA,PC716,AGCCTGTTGT,WC87,CCATAAGCCA,NA,NG070_P4,human_mouse_droso,CC5_CC6_CC7_CC8,AML_AML_AML_AML,no,no,no,no,no,no,no,23.2,507
NG070_PC716_WC88,NG070,NA,NA,PC716,AGCCTGTTGT,WC88,GTGCCTCTGA,NA,NG070_P4,human_mouse_droso,CC5_CC6_CC7_CC8,AML_AML_AML_AML,no,no,no,no,no,no,no,23.2,507
NG070_PC716_WC89,NG070,NA,NA,PC716,AGCCTGTTGT,WC89,TAGCCTAGCG,NA,NG070_P4,human_mouse_droso,CC5_CC6_CC7_CC8,AML_AML_AML_AML,no,no,no,no,no,no,no,23.2,507
NG070_PC716_WC90,NG070,NA,NA,PC716,AGCCTGTTGT,WC90,TGTTACGGTT,NA,NG070_P4,human_mouse_droso,CC5_CC6_CC7_CC8,AML_AML_AML_AML,no,no,no,no,no,no,no,23.2,507
NG070_PC716_WC91,NG070,NA,NA,PC716,AGCCTGTTGT,WC91,TCATACCAAG,NA,NG070_P4,human_mouse_droso,CC5_CC6_CC7_CC8,AML_AML_AML_AML,no,no,no,no,no,no,no,23.2,507
NG070_PC716_WC92,NG070,NA,NA,PC716,AGCCTGTTGT,WC92,CGGATCTACA,NA,NG070_P4,human_mouse_droso,CC5_CC6_CC7_CC8,AML_AML_AML_AML,no,no,no,no,no,no,no,23.2,507
NG070_PC716_WC93,NG070,NA,NA,PC716,AGCCTGTTGT,WC93,CGGTAGAGTT,NA,NG070_P4,human_mouse_droso,CC5_CC6_CC7_CC8,AML_AML_AML_AML,no,no,no,no,no,no,no,23.2,507
NG070_PC716_WC94,NG070,NA,NA,PC716,AGCCTGTTGT,WC94,GAATGTCACG,NA,NG070_P4,human_mouse_droso,CC5_CC6_CC7_CC8,AML_AML_AML_AML,no,no,no,no,no,no,no,23.2,507
NG070_PC716_WC95,NG070,NA,NA,PC716,AGCCTGTTGT,WC95,CCTGGTACAG,NA,NG070_P4,human_mouse_droso,CC5_CC6_CC7_CC8,AML_AML_AML_AML,no,no,no,no,no,no,no,23.2,507
NG070_PC716_WC96,NG070,NA,NA,PC716,AGCCTGTTGT,WC96,CGGAACCAGT,NA,NG070_P4,human_mouse_droso,CC5_CC6_CC7_CC8,AML_AML_AML_AML,no,no,no,no,no,no,no,23.2,507
JP303_PC718_WC1,JP303,NA,NA,PC718,GCTAAGAGAA,WC1,GATTCACGAC,NA,JP303_P1,human_mouse_droso,CC1_CC2_CC3_CC4,AML_AML_AML_AML,no,no,no,no,no,no,no,34.8,538
JP303_PC718_WC2,JP303,NA,NA,PC718,GCTAAGAGAA,WC2,CGTAGAACAG,NA,JP303_P1,human_mouse_droso,CC1_CC2_CC3_CC4,AML_AML_AML_AML,no,no,no,no,no,no,no,34.8,538
JP303_PC718_WC3,JP303,NA,NA,PC718,GCTAAGAGAA,WC3,ACCTAAGAGC,NA,JP303_P1,human_mouse_droso,CC1_CC2_CC3_CC4,AML_AML_AML_AML,no,no,no,no,no,no,no,34.8,538
JP303_PC718_WC4,JP303,NA,NA,PC718,GCTAAGAGAA,WC4,ATGGCTTCTA,NA,JP303_P1,human_mouse_droso,CC1_CC2_CC3_CC4,AML_AML_AML_AML,no,no,no,no,no,no,no,34.8,538
JP303_PC718_WC5,JP303,NA,NA,PC718,GCTAAGAGAA,WC5,TACCTAAGTG,NA,JP303_P1,human_mouse_droso,CC1_CC2_CC3_CC4,AML_AML_AML_AML,no,no,no,no,no,no,no,34.8,538
JP303_PC718_WC6,JP303,NA,NA,PC718,GCTAAGAGAA,WC6,CCTTACCTAT,NA,JP303_P1,human_mouse_droso,CC1_CC2_CC3_CC4,AML_AML_AML_AML,no,no,no,no,no,no,no,34.8,538
JP303_PC718_WC7,JP303,NA,NA,PC718,GCTAAGAGAA,WC7,ATATAAGGCG,NA,JP303_P1,human_mouse_droso,CC1_CC2_CC3_CC4,AML_AML_AML_AML,no,no,no,no,no,no,no,34.8,538
JP303_PC718_WC8,JP303,NA,NA,PC718,GCTAAGAGAA,WC8,AGCATCGTGC,NA,JP303_P1,human_mouse_droso,CC1_CC2_CC3_CC4,AML_AML_AML_AML,no,no,no,no,no,no,no,34.8,538
JP303_PC718_WC9,JP303,NA,NA,PC718,GCTAAGAGAA,WC9,CTGGCATATT,NA,JP303_P1,human_mouse_droso,CC1_CC2_CC3_CC4,AML_AML_AML_AML,no,no,no,no,no,no,no,34.8,538
JP303_PC718_WC10,JP303,NA,NA,PC718,GCTAAGAGAA,WC10,CGTGACTCTA,NA,JP303_P1,human_mouse_droso,CC1_CC2_CC3_CC4,AML_AML_AML_AML,no,no,no,no,no,no,no,34.8,538
JP303_PC718_WC11,JP303,NA,NA,PC718,GCTAAGAGAA,WC11,GACCTGTTAA,NA,JP303_P1,human_mouse_droso,CC1_CC2_CC3_CC4,AML_AML_AML_AML,no,no,no,no,no,no,no,34.8,538
JP303_PC718_WC12,JP303,NA,NA,PC718,GCTAAGAGAA,WC12,TGGCTCATGT,NA,JP303_P1,human_mouse_droso,CC1_CC2_CC3_CC4,AML_AML_AML_AML,no,no,no,no,no,no,no,34.8,538
JP303_PC718_WC13,JP303,NA,NA,PC718,GCTAAGAGAA,WC13,AGAACCTCGC,NA,JP303_P1,human_mouse_droso,CC1_CC2_CC3_CC4,AML_AML_AML_AML,no,no,no,no,no,no,no,34.8,538
JP303_PC718_WC14,JP303,NA,NA,PC718,GCTAAGAGAA,WC14,CCTACGGACA,NA,JP303_P1,human_mouse_droso,CC1_CC2_CC3_CC4,AML_AML_AML_AML,no,no,no,no,no,no,no,34.8,538
JP303_PC718_WC15,JP303,NA,NA,PC718,GCTAAGAGAA,WC15,AGGCATAATG,NA,JP303_P1,human_mouse_droso,CC1_CC2_CC3_CC4,AML_AML_AML_AML,no,no,no,no,no,no,no,34.8,538
JP303_PC718_WC16,JP303,NA,NA,PC718,GCTAAGAGAA,WC16,CAACAGTGGA,NA,JP303_P1,human_mouse_droso,CC1_CC2_CC3_CC4,AML_AML_AML_AML,no,no,no,no,no,no,no,34.8,538
JP303_PC718_WC17,JP303,NA,NA,PC718,GCTAAGAGAA,WC17,TGTCGTTAAG,NA,JP303_P1,human_mouse_droso,CC1_CC2_CC3_CC4,AML_AML_AML_AML,no,no,no,no,no,no,no,34.8,538
JP303_PC718_WC18,JP303,NA,NA,PC718,GCTAAGAGAA,WC18,AGCTCGAGGA,NA,JP303_P1,human_mouse_droso,CC1_CC2_CC3_CC4,AML_AML_AML_AML,no,no,no,no,no,no,no,34.8,538
JP303_PC718_WC19,JP303,NA,NA,PC718,GCTAAGAGAA,WC19,ACATTACTCG,NA,JP303_P1,human_mouse_droso,CC1_CC2_CC3_CC4,AML_AML_AML_AML,no,no,no,no,no,no,no,34.8,538
JP303_PC718_WC20,JP303,NA,NA,PC718,GCTAAGAGAA,WC20,CATACCGCTG,NA,JP303_P1,human_mouse_droso,CC1_CC2_CC3_CC4,AML_AML_AML_AML,no,no,no,no,no,no,no,34.8,538
JP303_PC718_WC21,JP303,NA,NA,PC718,GCTAAGAGAA,WC21,TGCAAGTAGC,NA,JP303_P1,human_mouse_droso,CC1_CC2_CC3_CC4,AML_AML_AML_AML,no,no,no,no,no,no,no,34.8,538
JP303_PC718_WC22,JP303,NA,NA,PC718,GCTAAGAGAA,WC22,CTTCAATAGC,NA,JP303_P1,human_mouse_droso,CC1_CC2_CC3_CC4,AML_AML_AML_AML,no,no,no,no,no,no,no,34.8,538
JP303_PC718_WC23,JP303,NA,NA,PC718,GCTAAGAGAA,WC23,CGGATGCTGA,NA,JP303_P1,human_mouse_droso,CC1_CC2_CC3_CC4,AML_AML_AML_AML,no,no,no,no,no,no,no,34.8,538
JP303_PC718_WC24,JP303,NA,NA,PC718,GCTAAGAGAA,WC24,CCACCACCTA,NA,JP303_P1,human_mouse_droso,CC1_CC2_CC3_CC4,AML_AML_AML_AML,no,no,no,no,no,no,no,34.8,538
JP303_PC718_WC25,JP303,NA,NA,PC718,GCTAAGAGAA,WC25,ATCCGATCTT,NA,JP303_P1,human_mouse_droso,CC1_CC2_CC3_CC4,AML_AML_AML_AML,no,no,no,no,no,no,no,34.8,538
JP303_PC718_WC26,JP303,NA,NA,PC718,GCTAAGAGAA,WC26,CGGACGTTAA,NA,JP303_P1,human_mouse_droso,CC1_CC2_CC3_CC4,AML_AML_AML_AML,no,no,no,no,no,no,no,34.8,538
JP303_PC718_WC27,JP303,NA,NA,PC718,GCTAAGAGAA,WC27,GATCGGTAAT,NA,JP303_P1,human_mouse_droso,CC1_CC2_CC3_CC4,AML_AML_AML_AML,no,no,no,no,no,no,no,34.8,538
JP303_PC718_WC28,JP303,NA,NA,PC718,GCTAAGAGAA,WC28,ACGATGCAAC,NA,JP303_P1,human_mouse_droso,CC1_CC2_CC3_CC4,AML_AML_AML_AML,no,no,no,no,no,no,no,34.8,538
JP303_PC718_WC29,JP303,NA,NA,PC718,GCTAAGAGAA,WC29,AACGTCCAGT,NA,JP303_P1,human_mouse_droso,CC1_CC2_CC3_CC4,AML_AML_AML_AML,no,no,no,no,no,no,no,34.8,538
JP303_PC718_WC30,JP303,NA,NA,PC718,GCTAAGAGAA,WC30,ACACGAACAA,NA,JP303_P1,human_mouse_droso,CC1_CC2_CC3_CC4,AML_AML_AML_AML,no,no,no,no,no,no,no,34.8,538
JP303_PC718_WC31,JP303,NA,NA,PC718,GCTAAGAGAA,WC31,CTCAGTCCGT,NA,JP303_P1,human_mouse_droso,CC1_CC2_CC3_CC4,AML_AML_AML_AML,no,no,no,no,no,no,no,34.8,538
JP303_PC718_WC32,JP303,NA,NA,PC718,GCTAAGAGAA,WC32,TATGACGGTG,NA,JP303_P1,human_mouse_droso,CC1_CC2_CC3_CC4,AML_AML_AML_AML,no,no,no,no,no,no,no,34.8,538
JP303_PC718_WC33,JP303,NA,NA,PC718,GCTAAGAGAA,WC33,ACACAACTAC,NA,JP303_P1,human_mouse_droso,CC1_CC2_CC3_CC4,AML_AML_AML_AML,no,no,no,no,no,no,no,34.8,538
JP303_PC718_WC34,JP303,NA,NA,PC718,GCTAAGAGAA,WC34,AAGGACTCAG,NA,JP303_P1,human_mouse_droso,CC1_CC2_CC3_CC4,AML_AML_AML_AML,no,no,no,no,no,no,no,34.8,538
JP303_PC718_WC35,JP303,NA,NA,PC718,GCTAAGAGAA,WC35,GCAACTGTGA,NA,JP303_P1,human_mouse_droso,CC1_CC2_CC3_CC4,AML_AML_AML_AML,no,no,no,no,no,no,no,34.8,538
JP303_PC718_WC36,JP303,NA,NA,PC718,GCTAAGAGAA,WC36,CGCTTACAAT,NA,JP303_P1,human_mouse_droso,CC1_CC2_CC3_CC4,AML_AML_AML_AML,no,no,no,no,no,no,no,34.8,538
JP303_PC718_WC37,JP303,NA,NA,PC718,GCTAAGAGAA,WC37,AGAGAGACCG,NA,JP303_P1,human_mouse_droso,CC1_CC2_CC3_CC4,AML_AML_AML_AML,no,no,no,no,no,no,no,34.8,538
JP303_PC718_WC38,JP303,NA,NA,PC718,GCTAAGAGAA,WC38,CATTGCTGTT,NA,JP303_P1,human_mouse_droso,CC1_CC2_CC3_CC4,AML_AML_AML_AML,no,no,no,no,no,no,no,34.8,538
JP303_PC718_WC39,JP303,NA,NA,PC718,GCTAAGAGAA,WC39,GCAACACGGA,NA,JP303_P1,human_mouse_droso,CC1_CC2_CC3_CC4,AML_AML_AML_AML,no,no,no,no,no,no,no,34.8,538
JP303_PC718_WC40,JP303,NA,NA,PC718,GCTAAGAGAA,WC40,TCACTTCGCA,NA,JP303_P1,human_mouse_droso,CC1_CC2_CC3_CC4,AML_AML_AML_AML,no,no,no,no,no,no,no,34.8,538
JP303_PC718_WC41,JP303,NA,NA,PC718,GCTAAGAGAA,WC41,AATAGCTGTG,NA,JP303_P1,human_mouse_droso,CC1_CC2_CC3_CC4,AML_AML_AML_AML,no,no,no,no,no,no,no,34.8,538
JP303_PC718_WC42,JP303,NA,NA,PC718,GCTAAGAGAA,WC42,GAACACTATC,NA,JP303_P1,human_mouse_droso,CC1_CC2_CC3_CC4,AML_AML_AML_AML,no,no,no,no,no,no,no,34.8,538
JP303_PC718_WC43,JP303,NA,NA,PC718,GCTAAGAGAA,WC43,CTGGTAGCTA,NA,JP303_P1,human_mouse_droso,CC1_CC2_CC3_CC4,AML_AML_AML_AML,no,no,no,no,no,no,no,34.8,538
JP303_PC718_WC44,JP303,NA,NA,PC718,GCTAAGAGAA,WC44,TGCGTGAGCA,NA,JP303_P1,human_mouse_droso,CC1_CC2_CC3_CC4,AML_AML_AML_AML,no,no,no,no,no,no,no,34.8,538
JP303_PC718_WC45,JP303,NA,NA,PC718,GCTAAGAGAA,WC45,TAGCACACTT,NA,JP303_P1,human_mouse_droso,CC1_CC2_CC3_CC4,AML_AML_AML_AML,no,no,no,no,no,no,no,34.8,538
JP303_PC718_WC46,JP303,NA,NA,PC718,GCTAAGAGAA,WC46,CAGACGATGA,NA,JP303_P1,human_mouse_droso,CC1_CC2_CC3_CC4,AML_AML_AML_AML,no,no,no,no,no,no,no,34.8,538
JP303_PC718_WC47,JP303,NA,NA,PC718,GCTAAGAGAA,WC47,CGGAGCATCT,NA,JP303_P1,human_mouse_droso,CC1_CC2_CC3_CC4,AML_AML_AML_AML,no,no,no,no,no,no,no,34.8,538
JP303_PC718_WC48,JP303,NA,NA,PC718,GCTAAGAGAA,WC48,CGCTTGGTTC,NA,JP303_P1,human_mouse_droso,CC1_CC2_CC3_CC4,AML_AML_AML_AML,no,no,no,no,no,no,no,34.8,538
JP303_PC718_WC49,JP303,NA,NA,PC718,GCTAAGAGAA,WC49,CTTGAAGAGG,NA,JP303_P1,human_mouse_droso,CC1_CC2_CC3_CC4,AML_AML_AML_AML,no,no,no,no,no,no,no,34.8,538
JP303_PC718_WC50,JP303,NA,NA,PC718,GCTAAGAGAA,WC50,AGATGCGACG,NA,JP303_P1,human_mouse_droso,CC1_CC2_CC3_CC4,AML_AML_AML_AML,no,no,no,no,no,no,no,34.8,538
JP303_PC718_WC51,JP303,NA,NA,PC718,GCTAAGAGAA,WC51,GAACGTTCGG,NA,JP303_P1,human_mouse_droso,CC1_CC2_CC3_CC4,AML_AML_AML_AML,no,no,no,no,no,no,no,34.8,538
JP303_PC718_WC52,JP303,NA,NA,PC718,GCTAAGAGAA,WC52,AACGCCATTC,NA,JP303_P1,human_mouse_droso,CC1_CC2_CC3_CC4,AML_AML_AML_AML,no,no,no,no,no,no,no,34.8,538
JP303_PC718_WC53,JP303,NA,NA,PC718,GCTAAGAGAA,WC53,TCCTGAACTT,NA,JP303_P1,human_mouse_droso,CC1_CC2_CC3_CC4,AML_AML_AML_AML,no,no,no,no,no,no,no,34.8,538
JP303_PC718_WC54,JP303,NA,NA,PC718,GCTAAGAGAA,WC54,ACAATTGGTC,NA,JP303_P1,human_mouse_droso,CC1_CC2_CC3_CC4,AML_AML_AML_AML,no,no,no,no,no,no,no,34.8,538
JP303_PC718_WC55,JP303,NA,NA,PC718,GCTAAGAGAA,WC55,GTCACAGACA,NA,JP303_P1,human_mouse_droso,CC1_CC2_CC3_CC4,AML_AML_AML_AML,no,no,no,no,no,no,no,34.8,538
JP303_PC718_WC56,JP303,NA,NA,PC718,GCTAAGAGAA,WC56,GCCAATGTTC,NA,JP303_P1,human_mouse_droso,CC1_CC2_CC3_CC4,AML_AML_AML_AML,no,no,no,no,no,no,no,34.8,538
JP303_PC718_WC57,JP303,NA,NA,PC718,GCTAAGAGAA,WC57,TAGTGTTACG,NA,JP303_P1,human_mouse_droso,CC1_CC2_CC3_CC4,AML_AML_AML_AML,no,no,no,no,no,no,no,34.8,538
JP303_PC718_WC58,JP303,NA,NA,PC718,GCTAAGAGAA,WC58,TTGGAAGTAC,NA,JP303_P1,human_mouse_droso,CC1_CC2_CC3_CC4,AML_AML_AML_AML,no,no,no,no,no,no,no,34.8,538
JP303_PC718_WC59,JP303,NA,NA,PC718,GCTAAGAGAA,WC59,AAGACGCTAA,NA,JP303_P1,human_mouse_droso,CC1_CC2_CC3_CC4,AML_AML_AML_AML,no,no,no,no,no,no,no,34.8,538
JP303_PC718_WC60,JP303,NA,NA,PC718,GCTAAGAGAA,WC60,AGACGGTCAA,NA,JP303_P1,human_mouse_droso,CC1_CC2_CC3_CC4,AML_AML_AML_AML,no,no,no,no,no,no,no,34.8,538
JP303_PC718_WC61,JP303,NA,NA,PC718,GCTAAGAGAA,WC61,GAGAAGCCGT,NA,JP303_P1,human_mouse_droso,CC1_CC2_CC3_CC4,AML_AML_AML_AML,no,no,no,no,no,no,no,34.8,538
JP303_PC718_WC62,JP303,NA,NA,PC718,GCTAAGAGAA,WC62,ATACATCGCA,NA,JP303_P1,human_mouse_droso,CC1_CC2_CC3_CC4,AML_AML_AML_AML,no,no,no,no,no,no,no,34.8,538
JP303_PC718_WC63,JP303,NA,NA,PC718,GCTAAGAGAA,WC63,TGCTGAACGC,NA,JP303_P1,human_mouse_droso,CC1_CC2_CC3_CC4,AML_AML_AML_AML,no,no,no,no,no,no,no,34.8,538
JP303_PC718_WC64,JP303,NA,NA,PC718,GCTAAGAGAA,WC64,CTTCCTAGGC,NA,JP303_P1,human_mouse_droso,CC1_CC2_CC3_CC4,AML_AML_AML_AML,no,no,no,no,no,no,no,34.8,538
JP303_PC718_WC65,JP303,NA,NA,PC718,GCTAAGAGAA,WC65,CGTTGGTAAC,NA,JP303_P1,human_mouse_droso,CC1_CC2_CC3_CC4,AML_AML_AML_AML,no,no,no,no,no,no,no,34.8,538
JP303_PC718_WC66,JP303,NA,NA,PC718,GCTAAGAGAA,WC66,CTTGGTTCGT,NA,JP303_P1,human_mouse_droso,CC1_CC2_CC3_CC4,AML_AML_AML_AML,no,no,no,no,no,no,no,34.8,538
JP303_PC718_WC67,JP303,NA,NA,PC718,GCTAAGAGAA,WC67,GACTTGCGTG,NA,JP303_P1,human_mouse_droso,CC1_CC2_CC3_CC4,AML_AML_AML_AML,no,no,no,no,no,no,no,34.8,538
JP303_PC718_WC68,JP303,NA,NA,PC718,GCTAAGAGAA,WC68,CTTCTCCAGC,NA,JP303_P1,human_mouse_droso,CC1_CC2_CC3_CC4,AML_AML_AML_AML,no,no,no,no,no,no,no,34.8,538
JP303_PC718_WC69,JP303,NA,NA,PC718,GCTAAGAGAA,WC69,CGTACACTGG,NA,JP303_P1,human_mouse_droso,CC1_CC2_CC3_CC4,AML_AML_AML_AML,no,no,no,no,no,no,no,34.8,538
JP303_PC718_WC70,JP303,NA,NA,PC718,GCTAAGAGAA,WC70,TCGCATCAAC,NA,JP303_P1,human_mouse_droso,CC1_CC2_CC3_CC4,AML_AML_AML_AML,no,no,no,no,no,no,no,34.8,538
JP303_PC718_WC71,JP303,NA,NA,PC718,GCTAAGAGAA,WC71,ATAACAAGCG,NA,JP303_P1,human_mouse_droso,CC1_CC2_CC3_CC4,AML_AML_AML_AML,no,no,no,no,no,no,no,34.8,538
JP303_PC718_WC72,JP303,NA,NA,PC718,GCTAAGAGAA,WC72,TGAACGTTAC,NA,JP303_P1,human_mouse_droso,CC1_CC2_CC3_CC4,AML_AML_AML_AML,no,no,no,no,no,no,no,34.8,538
JP303_PC718_WC73,JP303,NA,NA,PC718,GCTAAGAGAA,WC73,GAAGACTCGG,NA,JP303_P1,human_mouse_droso,CC1_CC2_CC3_CC4,AML_AML_AML_AML,no,no,no,no,no,no,no,34.8,538
JP303_PC718_WC74,JP303,NA,NA,PC718,GCTAAGAGAA,WC74,TAGCGCAATA,NA,JP303_P1,human_mouse_droso,CC1_CC2_CC3_CC4,AML_AML_AML_AML,no,no,no,no,no,no,no,34.8,538
JP303_PC718_WC75,JP303,NA,NA,PC718,GCTAAGAGAA,WC75,TTAGACCACA,NA,JP303_P1,human_mouse_droso,CC1_CC2_CC3_CC4,AML_AML_AML_AML,no,no,no,no,no,no,no,34.8,538
JP303_PC718_WC76,JP303,NA,NA,PC718,GCTAAGAGAA,WC76,CGTAGACGTG,NA,JP303_P1,human_mouse_droso,CC1_CC2_CC3_CC4,AML_AML_AML_AML,no,no,no,no,no,no,no,34.8,538
JP303_PC718_WC77,JP303,NA,NA,PC718,GCTAAGAGAA,WC77,TCACTGGACT,NA,JP303_P1,human_mouse_droso,CC1_CC2_CC3_CC4,AML_AML_AML_AML,no,no,no,no,no,no,no,34.8,538
JP303_PC718_WC78,JP303,NA,NA,PC718,GCTAAGAGAA,WC78,GACCAAGCAT,NA,JP303_P1,human_mouse_droso,CC1_CC2_CC3_CC4,AML_AML_AML_AML,no,no,no,no,no,no,no,34.8,538
JP303_PC718_WC79,JP303,NA,NA,PC718,GCTAAGAGAA,WC79,GCGAGTATCA,NA,JP303_P1,human_mouse_droso,CC1_CC2_CC3_CC4,AML_AML_AML_AML,no,no,no,no,no,no,no,34.8,538
JP303_PC718_WC80,JP303,NA,NA,PC718,GCTAAGAGAA,WC80,CTCTCGATAA,NA,JP303_P1,human_mouse_droso,CC1_CC2_CC3_CC4,AML_AML_AML_AML,no,no,no,no,no,no,no,34.8,538
JP303_PC718_WC81,JP303,NA,NA,PC718,GCTAAGAGAA,WC81,AATACTGGCA,NA,JP303_P1,human_mouse_droso,CC1_CC2_CC3_CC4,AML_AML_AML_AML,no,no,no,no,no,no,no,34.8,538
JP303_PC718_WC82,JP303,NA,NA,PC718,GCTAAGAGAA,WC82,TATGCAACTC,NA,JP303_P1,human_mouse_droso,CC1_CC2_CC3_CC4,AML_AML_AML_AML,no,no,no,no,no,no,no,34.8,538
JP303_PC718_WC83,JP303,NA,NA,PC718,GCTAAGAGAA,WC83,ATGCTAGTGT,NA,JP303_P1,human_mouse_droso,CC1_CC2_CC3_CC4,AML_AML_AML_AML,no,no,no,no,no,no,no,34.8,538
JP303_PC718_WC84,JP303,NA,NA,PC718,GCTAAGAGAA,WC84,CCATTAGAAC,NA,JP303_P1,human_mouse_droso,CC1_CC2_CC3_CC4,AML_AML_AML_AML,no,no,no,no,no,no,no,34.8,538
JP303_PC718_WC85,JP303,NA,NA,PC718,GCTAAGAGAA,WC85,AACGTGAACG,NA,JP303_P1,human_mouse_droso,CC1_CC2_CC3_CC4,AML_AML_AML_AML,no,no,no,no,no,no,no,34.8,538
JP303_PC718_WC86,JP303,NA,NA,PC718,GCTAAGAGAA,WC86,TAACGCAGTC,NA,JP303_P1,human_mouse_droso,CC1_CC2_CC3_CC4,AML_AML_AML_AML,no,no,no,no,no,no,no,34.8,538
JP303_PC718_WC87,JP303,NA,NA,PC718,GCTAAGAGAA,WC87,CCATAAGCCA,NA,JP303_P1,human_mouse_droso,CC1_CC2_CC3_CC4,AML_AML_AML_AML,no,no,no,no,no,no,no,34.8,538
JP303_PC718_WC88,JP303,NA,NA,PC718,GCTAAGAGAA,WC88,GTGCCTCTGA,NA,JP303_P1,human_mouse_droso,CC1_CC2_CC3_CC4,AML_AML_AML_AML,no,no,no,no,no,no,no,34.8,538
JP303_PC718_WC89,JP303,NA,NA,PC718,GCTAAGAGAA,WC89,TAGCCTAGCG,NA,JP303_P1,human_mouse_droso,CC1_CC2_CC3_CC4,AML_AML_AML_AML,no,no,no,no,no,no,no,34.8,538
JP303_PC718_WC90,JP303,NA,NA,PC718,GCTAAGAGAA,WC90,TGTTACGGTT,NA,JP303_P1,human_mouse_droso,CC1_CC2_CC3_CC4,AML_AML_AML_AML,no,no,no,no,no,no,no,34.8,538
JP303_PC718_WC91,JP303,NA,NA,PC718,GCTAAGAGAA,WC91,TCATACCAAG,NA,JP303_P1,human_mouse_droso,CC1_CC2_CC3_CC4,AML_AML_AML_AML,no,no,no,no,no,no,no,34.8,538
JP303_PC718_WC92,JP303,NA,NA,PC718,GCTAAGAGAA,WC92,CGGATCTACA,NA,JP303_P1,human_mouse_droso,CC1_CC2_CC3_CC4,AML_AML_AML_AML,no,no,no,no,no,no,no,34.8,538
JP303_PC718_WC93,JP303,NA,NA,PC718,GCTAAGAGAA,WC93,CGGTAGAGTT,NA,JP303_P1,human_mouse_droso,CC1_CC2_CC3_CC4,AML_AML_AML_AML,no,no,no,no,no,no,no,34.8,538
JP303_PC718_WC94,JP303,NA,NA,PC718,GCTAAGAGAA,WC94,GAATGTCACG,NA,JP303_P1,human_mouse_droso,CC1_CC2_CC3_CC4,AML_AML_AML_AML,no,no,no,no,no,no,no,34.8,538
JP303_PC718_WC95,JP303,NA,NA,PC718,GCTAAGAGAA,WC95,CCTGGTACAG,NA,JP303_P1,human_mouse_droso,CC1_CC2_CC3_CC4,AML_AML_AML_AML,no,no,no,no,no,no,no,34.8,538
JP303_PC718_WC96,JP303,NA,NA,PC718,GCTAAGAGAA,WC96,CGGAACCAGT,NA,JP303_P1,human_mouse_droso,CC1_CC2_CC3_CC4,AML_AML_AML_AML,no,no,no,no,no,no,no,34.8,538
JP303_PC719_WC1,JP303,NA,NA,PC719,AGTGTCGCGA,WC1,GATTCACGAC,NA,JP303_P2,human_mouse_droso,CC1_CC2_CC3_CC4,AML_AML_AML_AML,no,no,no,no,no,no,no,36.2,523
JP303_PC719_WC2,JP303,NA,NA,PC719,AGTGTCGCGA,WC2,CGTAGAACAG,NA,JP303_P2,human_mouse_droso,CC1_CC2_CC3_CC4,AML_AML_AML_AML,no,no,no,no,no,no,no,36.2,523
JP303_PC719_WC3,JP303,NA,NA,PC719,AGTGTCGCGA,WC3,ACCTAAGAGC,NA,JP303_P2,human_mouse_droso,CC1_CC2_CC3_CC4,AML_AML_AML_AML,no,no,no,no,no,no,no,36.2,523
JP303_PC719_WC4,JP303,NA,NA,PC719,AGTGTCGCGA,WC4,ATGGCTTCTA,NA,JP303_P2,human_mouse_droso,CC1_CC2_CC3_CC4,AML_AML_AML_AML,no,no,no,no,no,no,no,36.2,523
JP303_PC719_WC5,JP303,NA,NA,PC719,AGTGTCGCGA,WC5,TACCTAAGTG,NA,JP303_P2,human_mouse_droso,CC1_CC2_CC3_CC4,AML_AML_AML_AML,no,no,no,no,no,no,no,36.2,523
JP303_PC719_WC6,JP303,NA,NA,PC719,AGTGTCGCGA,WC6,CCTTACCTAT,NA,JP303_P2,human_mouse_droso,CC1_CC2_CC3_CC4,AML_AML_AML_AML,no,no,no,no,no,no,no,36.2,523
JP303_PC719_WC7,JP303,NA,NA,PC719,AGTGTCGCGA,WC7,ATATAAGGCG,NA,JP303_P2,human_mouse_droso,CC1_CC2_CC3_CC4,AML_AML_AML_AML,no,no,no,no,no,no,no,36.2,523
JP303_PC719_WC8,JP303,NA,NA,PC719,AGTGTCGCGA,WC8,AGCATCGTGC,NA,JP303_P2,human_mouse_droso,CC1_CC2_CC3_CC4,AML_AML_AML_AML,no,no,no,no,no,no,no,36.2,523
JP303_PC719_WC9,JP303,NA,NA,PC719,AGTGTCGCGA,WC9,CTGGCATATT,NA,JP303_P2,human_mouse_droso,CC1_CC2_CC3_CC4,AML_AML_AML_AML,no,no,no,no,no,no,no,36.2,523
JP303_PC719_WC10,JP303,NA,NA,PC719,AGTGTCGCGA,WC10,CGTGACTCTA,NA,JP303_P2,human_mouse_droso,CC1_CC2_CC3_CC4,AML_AML_AML_AML,no,no,no,no,no,no,no,36.2,523
JP303_PC719_WC11,JP303,NA,NA,PC719,AGTGTCGCGA,WC11,GACCTGTTAA,NA,JP303_P2,human_mouse_droso,CC1_CC2_CC3_CC4,AML_AML_AML_AML,no,no,no,no,no,no,no,36.2,523
JP303_PC719_WC12,JP303,NA,NA,PC719,AGTGTCGCGA,WC12,TGGCTCATGT,NA,JP303_P2,human_mouse_droso,CC1_CC2_CC3_CC4,AML_AML_AML_AML,no,no,no,no,no,no,no,36.2,523
JP303_PC719_WC13,JP303,NA,NA,PC719,AGTGTCGCGA,WC13,AGAACCTCGC,NA,JP303_P2,human_mouse_droso,CC1_CC2_CC3_CC4,AML_AML_AML_AML,no,no,no,no,no,no,no,36.2,523
JP303_PC719_WC14,JP303,NA,NA,PC719,AGTGTCGCGA,WC14,CCTACGGACA,NA,JP303_P2,human_mouse_droso,CC1_CC2_CC3_CC4,AML_AML_AML_AML,no,no,no,no,no,no,no,36.2,523
JP303_PC719_WC15,JP303,NA,NA,PC719,AGTGTCGCGA,WC15,AGGCATAATG,NA,JP303_P2,human_mouse_droso,CC1_CC2_CC3_CC4,AML_AML_AML_AML,no,no,no,no,no,no,no,36.2,523
JP303_PC719_WC16,JP303,NA,NA,PC719,AGTGTCGCGA,WC16,CAACAGTGGA,NA,JP303_P2,human_mouse_droso,CC1_CC2_CC3_CC4,AML_AML_AML_AML,no,no,no,no,no,no,no,36.2,523
JP303_PC719_WC17,JP303,NA,NA,PC719,AGTGTCGCGA,WC17,TGTCGTTAAG,NA,JP303_P2,human_mouse_droso,CC1_CC2_CC3_CC4,AML_AML_AML_AML,no,no,no,no,no,no,no,36.2,523
JP303_PC719_WC18,JP303,NA,NA,PC719,AGTGTCGCGA,WC18,AGCTCGAGGA,NA,JP303_P2,human_mouse_droso,CC1_CC2_CC3_CC4,AML_AML_AML_AML,no,no,no,no,no,no,no,36.2,523
JP303_PC719_WC19,JP303,NA,NA,PC719,AGTGTCGCGA,WC19,ACATTACTCG,NA,JP303_P2,human_mouse_droso,CC1_CC2_CC3_CC4,AML_AML_AML_AML,no,no,no,no,no,no,no,36.2,523
JP303_PC719_WC20,JP303,NA,NA,PC719,AGTGTCGCGA,WC20,CATACCGCTG,NA,JP303_P2,human_mouse_droso,CC1_CC2_CC3_CC4,AML_AML_AML_AML,no,no,no,no,no,no,no,36.2,523
JP303_PC719_WC21,JP303,NA,NA,PC719,AGTGTCGCGA,WC21,TGCAAGTAGC,NA,JP303_P2,human_mouse_droso,CC1_CC2_CC3_CC4,AML_AML_AML_AML,no,no,no,no,no,no,no,36.2,523
JP303_PC719_WC22,JP303,NA,NA,PC719,AGTGTCGCGA,WC22,CTTCAATAGC,NA,JP303_P2,human_mouse_droso,CC1_CC2_CC3_CC4,AML_AML_AML_AML,no,no,no,no,no,no,no,36.2,523
JP303_PC719_WC23,JP303,NA,NA,PC719,AGTGTCGCGA,WC23,CGGATGCTGA,NA,JP303_P2,human_mouse_droso,CC1_CC2_CC3_CC4,AML_AML_AML_AML,no,no,no,no,no,no,no,36.2,523
JP303_PC719_WC24,JP303,NA,NA,PC719,AGTGTCGCGA,WC24,CCACCACCTA,NA,JP303_P2,human_mouse_droso,CC1_CC2_CC3_CC4,AML_AML_AML_AML,no,no,no,no,no,no,no,36.2,523
JP303_PC719_WC25,JP303,NA,NA,PC719,AGTGTCGCGA,WC25,ATCCGATCTT,NA,JP303_P2,human_mouse_droso,CC1_CC2_CC3_CC4,AML_AML_AML_AML,no,no,no,no,no,no,no,36.2,523
JP303_PC719_WC26,JP303,NA,NA,PC719,AGTGTCGCGA,WC26,CGGACGTTAA,NA,JP303_P2,human_mouse_droso,CC1_CC2_CC3_CC4,AML_AML_AML_AML,no,no,no,no,no,no,no,36.2,523
JP303_PC719_WC27,JP303,NA,NA,PC719,AGTGTCGCGA,WC27,GATCGGTAAT,NA,JP303_P2,human_mouse_droso,CC1_CC2_CC3_CC4,AML_AML_AML_AML,no,no,no,no,no,no,no,36.2,523
JP303_PC719_WC28,JP303,NA,NA,PC719,AGTGTCGCGA,WC28,ACGATGCAAC,NA,JP303_P2,human_mouse_droso,CC1_CC2_CC3_CC4,AML_AML_AML_AML,no,no,no,no,no,no,no,36.2,523
JP303_PC719_WC29,JP303,NA,NA,PC719,AGTGTCGCGA,WC29,AACGTCCAGT,NA,JP303_P2,human_mouse_droso,CC1_CC2_CC3_CC4,AML_AML_AML_AML,no,no,no,no,no,no,no,36.2,523
JP303_PC719_WC30,JP303,NA,NA,PC719,AGTGTCGCGA,WC30,ACACGAACAA,NA,JP303_P2,human_mouse_droso,CC1_CC2_CC3_CC4,AML_AML_AML_AML,no,no,no,no,no,no,no,36.2,523
JP303_PC719_WC31,JP303,NA,NA,PC719,AGTGTCGCGA,WC31,CTCAGTCCGT,NA,JP303_P2,human_mouse_droso,CC1_CC2_CC3_CC4,AML_AML_AML_AML,no,no,no,no,no,no,no,36.2,523
JP303_PC719_WC32,JP303,NA,NA,PC719,AGTGTCGCGA,WC32,TATGACGGTG,NA,JP303_P2,human_mouse_droso,CC1_CC2_CC3_CC4,AML_AML_AML_AML,no,no,no,no,no,no,no,36.2,523
JP303_PC719_WC33,JP303,NA,NA,PC719,AGTGTCGCGA,WC33,ACACAACTAC,NA,JP303_P2,human_mouse_droso,CC1_CC2_CC3_CC4,AML_AML_AML_AML,no,no,no,no,no,no,no,36.2,523
JP303_PC719_WC34,JP303,NA,NA,PC719,AGTGTCGCGA,WC34,AAGGACTCAG,NA,JP303_P2,human_mouse_droso,CC1_CC2_CC3_CC4,AML_AML_AML_AML,no,no,no,no,no,no,no,36.2,523
JP303_PC719_WC35,JP303,NA,NA,PC719,AGTGTCGCGA,WC35,GCAACTGTGA,NA,JP303_P2,human_mouse_droso,CC1_CC2_CC3_CC4,AML_AML_AML_AML,no,no,no,no,no,no,no,36.2,523
JP303_PC719_WC36,JP303,NA,NA,PC719,AGTGTCGCGA,WC36,CGCTTACAAT,NA,JP303_P2,human_mouse_droso,CC1_CC2_CC3_CC4,AML_AML_AML_AML,no,no,no,no,no,no,no,36.2,523
JP303_PC719_WC37,JP303,NA,NA,PC719,AGTGTCGCGA,WC37,AGAGAGACCG,NA,JP303_P2,human_mouse_droso,CC1_CC2_CC3_CC4,AML_AML_AML_AML,no,no,no,no,no,no,no,36.2,523
JP303_PC719_WC38,JP303,NA,NA,PC719,AGTGTCGCGA,WC38,CATTGCTGTT,NA,JP303_P2,human_mouse_droso,CC1_CC2_CC3_CC4,AML_AML_AML_AML,no,no,no,no,no,no,no,36.2,523
JP303_PC719_WC39,JP303,NA,NA,PC719,AGTGTCGCGA,WC39,GCAACACGGA,NA,JP303_P2,human_mouse_droso,CC1_CC2_CC3_CC4,AML_AML_AML_AML,no,no,no,no,no,no,no,36.2,523
JP303_PC719_WC40,JP303,NA,NA,PC719,AGTGTCGCGA,WC40,TCACTTCGCA,NA,JP303_P2,human_mouse_droso,CC1_CC2_CC3_CC4,AML_AML_AML_AML,no,no,no,no,no,no,no,36.2,523
JP303_PC719_WC41,JP303,NA,NA,PC719,AGTGTCGCGA,WC41,AATAGCTGTG,NA,JP303_P2,human_mouse_droso,CC1_CC2_CC3_CC4,AML_AML_AML_AML,no,no,no,no,no,no,no,36.2,523
JP303_PC719_WC42,JP303,NA,NA,PC719,AGTGTCGCGA,WC42,GAACACTATC,NA,JP303_P2,human_mouse_droso,CC1_CC2_CC3_CC4,AML_AML_AML_AML,no,no,no,no,no,no,no,36.2,523
JP303_PC719_WC43,JP303,NA,NA,PC719,AGTGTCGCGA,WC43,CTGGTAGCTA,NA,JP303_P2,human_mouse_droso,CC1_CC2_CC3_CC4,AML_AML_AML_AML,no,no,no,no,no,no,no,36.2,523
JP303_PC719_WC44,JP303,NA,NA,PC719,AGTGTCGCGA,WC44,TGCGTGAGCA,NA,JP303_P2,human_mouse_droso,CC1_CC2_CC3_CC4,AML_AML_AML_AML,no,no,no,no,no,no,no,36.2,523
JP303_PC719_WC45,JP303,NA,NA,PC719,AGTGTCGCGA,WC45,TAGCACACTT,NA,JP303_P2,human_mouse_droso,CC1_CC2_CC3_CC4,AML_AML_AML_AML,no,no,no,no,no,no,no,36.2,523
JP303_PC719_WC46,JP303,NA,NA,PC719,AGTGTCGCGA,WC46,CAGACGATGA,NA,JP303_P2,human_mouse_droso,CC1_CC2_CC3_CC4,AML_AML_AML_AML,no,no,no,no,no,no,no,36.2,523
JP303_PC719_WC47,JP303,NA,NA,PC719,AGTGTCGCGA,WC47,CGGAGCATCT,NA,JP303_P2,human_mouse_droso,CC1_CC2_CC3_CC4,AML_AML_AML_AML,no,no,no,no,no,no,no,36.2,523
JP303_PC719_WC48,JP303,NA,NA,PC719,AGTGTCGCGA,WC48,CGCTTGGTTC,NA,JP303_P2,human_mouse_droso,CC1_CC2_CC3_CC4,AML_AML_AML_AML,no,no,no,no,no,no,no,36.2,523
JP303_PC719_WC49,JP303,NA,NA,PC719,AGTGTCGCGA,WC49,CTTGAAGAGG,NA,JP303_P2,human_mouse_droso,CC1_CC2_CC3_CC4,AML_AML_AML_AML,no,no,no,no,no,no,no,36.2,523
JP303_PC719_WC50,JP303,NA,NA,PC719,AGTGTCGCGA,WC50,AGATGCGACG,NA,JP303_P2,human_mouse_droso,CC1_CC2_CC3_CC4,AML_AML_AML_AML,no,no,no,no,no,no,no,36.2,523
JP303_PC719_WC51,JP303,NA,NA,PC719,AGTGTCGCGA,WC51,GAACGTTCGG,NA,JP303_P2,human_mouse_droso,CC1_CC2_CC3_CC4,AML_AML_AML_AML,no,no,no,no,no,no,no,36.2,523
JP303_PC719_WC52,JP303,NA,NA,PC719,AGTGTCGCGA,WC52,AACGCCATTC,NA,JP303_P2,human_mouse_droso,CC1_CC2_CC3_CC4,AML_AML_AML_AML,no,no,no,no,no,no,no,36.2,523
JP303_PC719_WC53,JP303,NA,NA,PC719,AGTGTCGCGA,WC53,TCCTGAACTT,NA,JP303_P2,human_mouse_droso,CC1_CC2_CC3_CC4,AML_AML_AML_AML,no,no,no,no,no,no,no,36.2,523
JP303_PC719_WC54,JP303,NA,NA,PC719,AGTGTCGCGA,WC54,ACAATTGGTC,NA,JP303_P2,human_mouse_droso,CC1_CC2_CC3_CC4,AML_AML_AML_AML,no,no,no,no,no,no,no,36.2,523
JP303_PC719_WC55,JP303,NA,NA,PC719,AGTGTCGCGA,WC55,GTCACAGACA,NA,JP303_P2,human_mouse_droso,CC1_CC2_CC3_CC4,AML_AML_AML_AML,no,no,no,no,no,no,no,36.2,523
JP303_PC719_WC56,JP303,NA,NA,PC719,AGTGTCGCGA,WC56,GCCAATGTTC,NA,JP303_P2,human_mouse_droso,CC1_CC2_CC3_CC4,AML_AML_AML_AML,no,no,no,no,no,no,no,36.2,523
JP303_PC719_WC57,JP303,NA,NA,PC719,AGTGTCGCGA,WC57,TAGTGTTACG,NA,JP303_P2,human_mouse_droso,CC1_CC2_CC3_CC4,AML_AML_AML_AML,no,no,no,no,no,no,no,36.2,523
JP303_PC719_WC58,JP303,NA,NA,PC719,AGTGTCGCGA,WC58,TTGGAAGTAC,NA,JP303_P2,human_mouse_droso,CC1_CC2_CC3_CC4,AML_AML_AML_AML,no,no,no,no,no,no,no,36.2,523
JP303_PC719_WC59,JP303,NA,NA,PC719,AGTGTCGCGA,WC59,AAGACGCTAA,NA,JP303_P2,human_mouse_droso,CC1_CC2_CC3_CC4,AML_AML_AML_AML,no,no,no,no,no,no,no,36.2,523
JP303_PC719_WC60,JP303,NA,NA,PC719,AGTGTCGCGA,WC60,AGACGGTCAA,NA,JP303_P2,human_mouse_droso,CC1_CC2_CC3_CC4,AML_AML_AML_AML,no,no,no,no,no,no,no,36.2,523
JP303_PC719_WC61,JP303,NA,NA,PC719,AGTGTCGCGA,WC61,GAGAAGCCGT,NA,JP303_P2,human_mouse_droso,CC1_CC2_CC3_CC4,AML_AML_AML_AML,no,no,no,no,no,no,no,36.2,523
JP303_PC719_WC62,JP303,NA,NA,PC719,AGTGTCGCGA,WC62,ATACATCGCA,NA,JP303_P2,human_mouse_droso,CC1_CC2_CC3_CC4,AML_AML_AML_AML,no,no,no,no,no,no,no,36.2,523
JP303_PC719_WC63,JP303,NA,NA,PC719,AGTGTCGCGA,WC63,TGCTGAACGC,NA,JP303_P2,human_mouse_droso,CC1_CC2_CC3_CC4,AML_AML_AML_AML,no,no,no,no,no,no,no,36.2,523
JP303_PC719_WC64,JP303,NA,NA,PC719,AGTGTCGCGA,WC64,CTTCCTAGGC,NA,JP303_P2,human_mouse_droso,CC1_CC2_CC3_CC4,AML_AML_AML_AML,no,no,no,no,no,no,no,36.2,523
JP303_PC719_WC65,JP303,NA,NA,PC719,AGTGTCGCGA,WC65,CGTTGGTAAC,NA,JP303_P2,human_mouse_droso,CC1_CC2_CC3_CC4,AML_AML_AML_AML,no,no,no,no,no,no,no,36.2,523
JP303_PC719_WC66,JP303,NA,NA,PC719,AGTGTCGCGA,WC66,CTTGGTTCGT,NA,JP303_P2,human_mouse_droso,CC1_CC2_CC3_CC4,AML_AML_AML_AML,no,no,no,no,no,no,no,36.2,523
JP303_PC719_WC67,JP303,NA,NA,PC719,AGTGTCGCGA,WC67,GACTTGCGTG,NA,JP303_P2,human_mouse_droso,CC1_CC2_CC3_CC4,AML_AML_AML_AML,no,no,no,no,no,no,no,36.2,523
JP303_PC719_WC68,JP303,NA,NA,PC719,AGTGTCGCGA,WC68,CTTCTCCAGC,NA,JP303_P2,human_mouse_droso,CC1_CC2_CC3_CC4,AML_AML_AML_AML,no,no,no,no,no,no,no,36.2,523
JP303_PC719_WC69,JP303,NA,NA,PC719,AGTGTCGCGA,WC69,CGTACACTGG,NA,JP303_P2,human_mouse_droso,CC1_CC2_CC3_CC4,AML_AML_AML_AML,no,no,no,no,no,no,no,36.2,523
JP303_PC719_WC70,JP303,NA,NA,PC719,AGTGTCGCGA,WC70,TCGCATCAAC,NA,JP303_P2,human_mouse_droso,CC1_CC2_CC3_CC4,AML_AML_AML_AML,no,no,no,no,no,no,no,36.2,523
JP303_PC719_WC71,JP303,NA,NA,PC719,AGTGTCGCGA,WC71,ATAACAAGCG,NA,JP303_P2,human_mouse_droso,CC1_CC2_CC3_CC4,AML_AML_AML_AML,no,no,no,no,no,no,no,36.2,523
JP303_PC719_WC72,JP303,NA,NA,PC719,AGTGTCGCGA,WC72,TGAACGTTAC,NA,JP303_P2,human_mouse_droso,CC1_CC2_CC3_CC4,AML_AML_AML_AML,no,no,no,no,no,no,no,36.2,523
JP303_PC719_WC73,JP303,NA,NA,PC719,AGTGTCGCGA,WC73,GAAGACTCGG,NA,JP303_P2,human_mouse_droso,CC1_CC2_CC3_CC4,AML_AML_AML_AML,no,no,no,no,no,no,no,36.2,523
JP303_PC719_WC74,JP303,NA,NA,PC719,AGTGTCGCGA,WC74,TAGCGCAATA,NA,JP303_P2,human_mouse_droso,CC1_CC2_CC3_CC4,AML_AML_AML_AML,no,no,no,no,no,no,no,36.2,523
JP303_PC719_WC75,JP303,NA,NA,PC719,AGTGTCGCGA,WC75,TTAGACCACA,NA,JP303_P2,human_mouse_droso,CC1_CC2_CC3_CC4,AML_AML_AML_AML,no,no,no,no,no,no,no,36.2,523
JP303_PC719_WC76,JP303,NA,NA,PC719,AGTGTCGCGA,WC76,CGTAGACGTG,NA,JP303_P2,human_mouse_droso,CC1_CC2_CC3_CC4,AML_AML_AML_AML,no,no,no,no,no,no,no,36.2,523
JP303_PC719_WC77,JP303,NA,NA,PC719,AGTGTCGCGA,WC77,TCACTGGACT,NA,JP303_P2,human_mouse_droso,CC1_CC2_CC3_CC4,AML_AML_AML_AML,no,no,no,no,no,no,no,36.2,523
JP303_PC719_WC78,JP303,NA,NA,PC719,AGTGTCGCGA,WC78,GACCAAGCAT,NA,JP303_P2,human_mouse_droso,CC1_CC2_CC3_CC4,AML_AML_AML_AML,no,no,no,no,no,no,no,36.2,523
JP303_PC719_WC79,JP303,NA,NA,PC719,AGTGTCGCGA,WC79,GCGAGTATCA,NA,JP303_P2,human_mouse_droso,CC1_CC2_CC3_CC4,AML_AML_AML_AML,no,no,no,no,no,no,no,36.2,523
JP303_PC719_WC80,JP303,NA,NA,PC719,AGTGTCGCGA,WC80,CTCTCGATAA,NA,JP303_P2,human_mouse_droso,CC1_CC2_CC3_CC4,AML_AML_AML_AML,no,no,no,no,no,no,no,36.2,523
JP303_PC719_WC81,JP303,NA,NA,PC719,AGTGTCGCGA,WC81,AATACTGGCA,NA,JP303_P2,human_mouse_droso,CC1_CC2_CC3_CC4,AML_AML_AML_AML,no,no,no,no,no,no,no,36.2,523
JP303_PC719_WC82,JP303,NA,NA,PC719,AGTGTCGCGA,WC82,TATGCAACTC,NA,JP303_P2,human_mouse_droso,CC1_CC2_CC3_CC4,AML_AML_AML_AML,no,no,no,no,no,no,no,36.2,523
JP303_PC719_WC83,JP303,NA,NA,PC719,AGTGTCGCGA,WC83,ATGCTAGTGT,NA,JP303_P2,human_mouse_droso,CC1_CC2_CC3_CC4,AML_AML_AML_AML,no,no,no,no,no,no,no,36.2,523
JP303_PC719_WC84,JP303,NA,NA,PC719,AGTGTCGCGA,WC84,CCATTAGAAC,NA,JP303_P2,human_mouse_droso,CC1_CC2_CC3_CC4,AML_AML_AML_AML,no,no,no,no,no,no,no,36.2,523
JP303_PC719_WC85,JP303,NA,NA,PC719,AGTGTCGCGA,WC85,AACGTGAACG,NA,JP303_P2,human_mouse_droso,CC1_CC2_CC3_CC4,AML_AML_AML_AML,no,no,no,no,no,no,no,36.2,523
JP303_PC719_WC86,JP303,NA,NA,PC719,AGTGTCGCGA,WC86,TAACGCAGTC,NA,JP303_P2,human_mouse_droso,CC1_CC2_CC3_CC4,AML_AML_AML_AML,no,no,no,no,no,no,no,36.2,523
JP303_PC719_WC87,JP303,NA,NA,PC719,AGTGTCGCGA,WC87,CCATAAGCCA,NA,JP303_P2,human_mouse_droso,CC1_CC2_CC3_CC4,AML_AML_AML_AML,no,no,no,no,no,no,no,36.2,523
JP303_PC719_WC88,JP303,NA,NA,PC719,AGTGTCGCGA,WC88,GTGCCTCTGA,NA,JP303_P2,human_mouse_droso,CC1_CC2_CC3_CC4,AML_AML_AML_AML,no,no,no,no,no,no,no,36.2,523
JP303_PC719_WC89,JP303,NA,NA,PC719,AGTGTCGCGA,WC89,TAGCCTAGCG,NA,JP303_P2,human_mouse_droso,CC1_CC2_CC3_CC4,AML_AML_AML_AML,no,no,no,no,no,no,no,36.2,523
JP303_PC719_WC90,JP303,NA,NA,PC719,AGTGTCGCGA,WC90,TGTTACGGTT,NA,JP303_P2,human_mouse_droso,CC1_CC2_CC3_CC4,AML_AML_AML_AML,no,no,no,no,no,no,no,36.2,523
JP303_PC719_WC91,JP303,NA,NA,PC719,AGTGTCGCGA,WC91,TCATACCAAG,NA,JP303_P2,human_mouse_droso,CC1_CC2_CC3_CC4,AML_AML_AML_AML,no,no,no,no,no,no,no,36.2,523
JP303_PC719_WC92,JP303,NA,NA,PC719,AGTGTCGCGA,WC92,CGGATCTACA,NA,JP303_P2,human_mouse_droso,CC1_CC2_CC3_CC4,AML_AML_AML_AML,no,no,no,no,no,no,no,36.2,523
JP303_PC719_WC93,JP303,NA,NA,PC719,AGTGTCGCGA,WC93,CGGTAGAGTT,NA,JP303_P2,human_mouse_droso,CC1_CC2_CC3_CC4,AML_AML_AML_AML,no,no,no,no,no,no,no,36.2,523
JP303_PC719_WC94,JP303,NA,NA,PC719,AGTGTCGCGA,WC94,GAATGTCACG,NA,JP303_P2,human_mouse_droso,CC1_CC2_CC3_CC4,AML_AML_AML_AML,no,no,no,no,no,no,no,36.2,523
JP303_PC719_WC95,JP303,NA,NA,PC719,AGTGTCGCGA,WC95,CCTGGTACAG,NA,JP303_P2,human_mouse_droso,CC1_CC2_CC3_CC4,AML_AML_AML_AML,no,no,no,no,no,no,no,36.2,523
JP303_PC719_WC96,JP303,NA,NA,PC719,AGTGTCGCGA,WC96,CGGAACCAGT,NA,JP303_P2,human_mouse_droso,CC1_CC2_CC3_CC4,AML_AML_AML_AML,no,no,no,no,no,no,no,36.2,523
JP303_PC723_WC1,JP303,NA,NA,PC723,TCTATTCGGT,WC1,GATTCACGAC,NA,JP303_P3,human_mouse_droso,CC1_CC2_CC3_CC4,AML_AML_AML_AML,no,no,no,no,no,no,no,21.4,516
JP303_PC723_WC2,JP303,NA,NA,PC723,TCTATTCGGT,WC2,CGTAGAACAG,NA,JP303_P3,human_mouse_droso,CC1_CC2_CC3_CC4,AML_AML_AML_AML,no,no,no,no,no,no,no,21.4,516
JP303_PC723_WC3,JP303,NA,NA,PC723,TCTATTCGGT,WC3,ACCTAAGAGC,NA,JP303_P3,human_mouse_droso,CC1_CC2_CC3_CC4,AML_AML_AML_AML,no,no,no,no,no,no,no,21.4,516
JP303_PC723_WC4,JP303,NA,NA,PC723,TCTATTCGGT,WC4,ATGGCTTCTA,NA,JP303_P3,human_mouse_droso,CC1_CC2_CC3_CC4,AML_AML_AML_AML,no,no,no,no,no,no,no,21.4,516
JP303_PC723_WC5,JP303,NA,NA,PC723,TCTATTCGGT,WC5,TACCTAAGTG,NA,JP303_P3,human_mouse_droso,CC1_CC2_CC3_CC4,AML_AML_AML_AML,no,no,no,no,no,no,no,21.4,516
JP303_PC723_WC6,JP303,NA,NA,PC723,TCTATTCGGT,WC6,CCTTACCTAT,NA,JP303_P3,human_mouse_droso,CC1_CC2_CC3_CC4,AML_AML_AML_AML,no,no,no,no,no,no,no,21.4,516
JP303_PC723_WC7,JP303,NA,NA,PC723,TCTATTCGGT,WC7,ATATAAGGCG,NA,JP303_P3,human_mouse_droso,CC1_CC2_CC3_CC4,AML_AML_AML_AML,no,no,no,no,no,no,no,21.4,516
JP303_PC723_WC8,JP303,NA,NA,PC723,TCTATTCGGT,WC8,AGCATCGTGC,NA,JP303_P3,human_mouse_droso,CC1_CC2_CC3_CC4,AML_AML_AML_AML,no,no,no,no,no,no,no,21.4,516
JP303_PC723_WC9,JP303,NA,NA,PC723,TCTATTCGGT,WC9,CTGGCATATT,NA,JP303_P3,human_mouse_droso,CC1_CC2_CC3_CC4,AML_AML_AML_AML,no,no,no,no,no,no,no,21.4,516
JP303_PC723_WC10,JP303,NA,NA,PC723,TCTATTCGGT,WC10,CGTGACTCTA,NA,JP303_P3,human_mouse_droso,CC1_CC2_CC3_CC4,AML_AML_AML_AML,no,no,no,no,no,no,no,21.4,516
JP303_PC723_WC11,JP303,NA,NA,PC723,TCTATTCGGT,WC11,GACCTGTTAA,NA,JP303_P3,human_mouse_droso,CC1_CC2_CC3_CC4,AML_AML_AML_AML,no,no,no,no,no,no,no,21.4,516
JP303_PC723_WC12,JP303,NA,NA,PC723,TCTATTCGGT,WC12,TGGCTCATGT,NA,JP303_P3,human_mouse_droso,CC1_CC2_CC3_CC4,AML_AML_AML_AML,no,no,no,no,no,no,no,21.4,516
JP303_PC723_WC13,JP303,NA,NA,PC723,TCTATTCGGT,WC13,AGAACCTCGC,NA,JP303_P3,human_mouse_droso,CC1_CC2_CC3_CC4,AML_AML_AML_AML,no,no,no,no,no,no,no,21.4,516
JP303_PC723_WC14,JP303,NA,NA,PC723,TCTATTCGGT,WC14,CCTACGGACA,NA,JP303_P3,human_mouse_droso,CC1_CC2_CC3_CC4,AML_AML_AML_AML,no,no,no,no,no,no,no,21.4,516
JP303_PC723_WC15,JP303,NA,NA,PC723,TCTATTCGGT,WC15,AGGCATAATG,NA,JP303_P3,human_mouse_droso,CC1_CC2_CC3_CC4,AML_AML_AML_AML,no,no,no,no,no,no,no,21.4,516
JP303_PC723_WC16,JP303,NA,NA,PC723,TCTATTCGGT,WC16,CAACAGTGGA,NA,JP303_P3,human_mouse_droso,CC1_CC2_CC3_CC4,AML_AML_AML_AML,no,no,no,no,no,no,no,21.4,516
JP303_PC723_WC17,JP303,NA,NA,PC723,TCTATTCGGT,WC17,TGTCGTTAAG,NA,JP303_P3,human_mouse_droso,CC1_CC2_CC3_CC4,AML_AML_AML_AML,no,no,no,no,no,no,no,21.4,516
JP303_PC723_WC18,JP303,NA,NA,PC723,TCTATTCGGT,WC18,AGCTCGAGGA,NA,JP303_P3,human_mouse_droso,CC1_CC2_CC3_CC4,AML_AML_AML_AML,no,no,no,no,no,no,no,21.4,516
JP303_PC723_WC19,JP303,NA,NA,PC723,TCTATTCGGT,WC19,ACATTACTCG,NA,JP303_P3,human_mouse_droso,CC1_CC2_CC3_CC4,AML_AML_AML_AML,no,no,no,no,no,no,no,21.4,516
JP303_PC723_WC20,JP303,NA,NA,PC723,TCTATTCGGT,WC20,CATACCGCTG,NA,JP303_P3,human_mouse_droso,CC1_CC2_CC3_CC4,AML_AML_AML_AML,no,no,no,no,no,no,no,21.4,516
JP303_PC723_WC21,JP303,NA,NA,PC723,TCTATTCGGT,WC21,TGCAAGTAGC,NA,JP303_P3,human_mouse_droso,CC1_CC2_CC3_CC4,AML_AML_AML_AML,no,no,no,no,no,no,no,21.4,516
JP303_PC723_WC22,JP303,NA,NA,PC723,TCTATTCGGT,WC22,CTTCAATAGC,NA,JP303_P3,human_mouse_droso,CC1_CC2_CC3_CC4,AML_AML_AML_AML,no,no,no,no,no,no,no,21.4,516
JP303_PC723_WC23,JP303,NA,NA,PC723,TCTATTCGGT,WC23,CGGATGCTGA,NA,JP303_P3,human_mouse_droso,CC1_CC2_CC3_CC4,AML_AML_AML_AML,no,no,no,no,no,no,no,21.4,516
JP303_PC723_WC24,JP303,NA,NA,PC723,TCTATTCGGT,WC24,CCACCACCTA,NA,JP303_P3,human_mouse_droso,CC1_CC2_CC3_CC4,AML_AML_AML_AML,no,no,no,no,no,no,no,21.4,516
JP303_PC723_WC25,JP303,NA,NA,PC723,TCTATTCGGT,WC25,ATCCGATCTT,NA,JP303_P3,human_mouse_droso,CC1_CC2_CC3_CC4,AML_AML_AML_AML,no,no,no,no,no,no,no,21.4,516
JP303_PC723_WC26,JP303,NA,NA,PC723,TCTATTCGGT,WC26,CGGACGTTAA,NA,JP303_P3,human_mouse_droso,CC1_CC2_CC3_CC4,AML_AML_AML_AML,no,no,no,no,no,no,no,21.4,516
JP303_PC723_WC27,JP303,NA,NA,PC723,TCTATTCGGT,WC27,GATCGGTAAT,NA,JP303_P3,human_mouse_droso,CC1_CC2_CC3_CC4,AML_AML_AML_AML,no,no,no,no,no,no,no,21.4,516
JP303_PC723_WC28,JP303,NA,NA,PC723,TCTATTCGGT,WC28,ACGATGCAAC,NA,JP303_P3,human_mouse_droso,CC1_CC2_CC3_CC4,AML_AML_AML_AML,no,no,no,no,no,no,no,21.4,516
JP303_PC723_WC29,JP303,NA,NA,PC723,TCTATTCGGT,WC29,AACGTCCAGT,NA,JP303_P3,human_mouse_droso,CC1_CC2_CC3_CC4,AML_AML_AML_AML,no,no,no,no,no,no,no,21.4,516
JP303_PC723_WC30,JP303,NA,NA,PC723,TCTATTCGGT,WC30,ACACGAACAA,NA,JP303_P3,human_mouse_droso,CC1_CC2_CC3_CC4,AML_AML_AML_AML,no,no,no,no,no,no,no,21.4,516
JP303_PC723_WC31,JP303,NA,NA,PC723,TCTATTCGGT,WC31,CTCAGTCCGT,NA,JP303_P3,human_mouse_droso,CC1_CC2_CC3_CC4,AML_AML_AML_AML,no,no,no,no,no,no,no,21.4,516
JP303_PC723_WC32,JP303,NA,NA,PC723,TCTATTCGGT,WC32,TATGACGGTG,NA,JP303_P3,human_mouse_droso,CC1_CC2_CC3_CC4,AML_AML_AML_AML,no,no,no,no,no,no,no,21.4,516
JP303_PC723_WC33,JP303,NA,NA,PC723,TCTATTCGGT,WC33,ACACAACTAC,NA,JP303_P3,human_mouse_droso,CC1_CC2_CC3_CC4,AML_AML_AML_AML,no,no,no,no,no,no,no,21.4,516
JP303_PC723_WC34,JP303,NA,NA,PC723,TCTATTCGGT,WC34,AAGGACTCAG,NA,JP303_P3,human_mouse_droso,CC1_CC2_CC3_CC4,AML_AML_AML_AML,no,no,no,no,no,no,no,21.4,516
JP303_PC723_WC35,JP303,NA,NA,PC723,TCTATTCGGT,WC35,GCAACTGTGA,NA,JP303_P3,human_mouse_droso,CC1_CC2_CC3_CC4,AML_AML_AML_AML,no,no,no,no,no,no,no,21.4,516
JP303_PC723_WC36,JP303,NA,NA,PC723,TCTATTCGGT,WC36,CGCTTACAAT,NA,JP303_P3,human_mouse_droso,CC1_CC2_CC3_CC4,AML_AML_AML_AML,no,no,no,no,no,no,no,21.4,516
JP303_PC723_WC37,JP303,NA,NA,PC723,TCTATTCGGT,WC37,AGAGAGACCG,NA,JP303_P3,human_mouse_droso,CC1_CC2_CC3_CC4,AML_AML_AML_AML,no,no,no,no,no,no,no,21.4,516
JP303_PC723_WC38,JP303,NA,NA,PC723,TCTATTCGGT,WC38,CATTGCTGTT,NA,JP303_P3,human_mouse_droso,CC1_CC2_CC3_CC4,AML_AML_AML_AML,no,no,no,no,no,no,no,21.4,516
JP303_PC723_WC39,JP303,NA,NA,PC723,TCTATTCGGT,WC39,GCAACACGGA,NA,JP303_P3,human_mouse_droso,CC1_CC2_CC3_CC4,AML_AML_AML_AML,no,no,no,no,no,no,no,21.4,516
JP303_PC723_WC40,JP303,NA,NA,PC723,TCTATTCGGT,WC40,TCACTTCGCA,NA,JP303_P3,human_mouse_droso,CC1_CC2_CC3_CC4,AML_AML_AML_AML,no,no,no,no,no,no,no,21.4,516
JP303_PC723_WC41,JP303,NA,NA,PC723,TCTATTCGGT,WC41,AATAGCTGTG,NA,JP303_P3,human_mouse_droso,CC1_CC2_CC3_CC4,AML_AML_AML_AML,no,no,no,no,no,no,no,21.4,516
JP303_PC723_WC42,JP303,NA,NA,PC723,TCTATTCGGT,WC42,GAACACTATC,NA,JP303_P3,human_mouse_droso,CC1_CC2_CC3_CC4,AML_AML_AML_AML,no,no,no,no,no,no,no,21.4,516
JP303_PC723_WC43,JP303,NA,NA,PC723,TCTATTCGGT,WC43,CTGGTAGCTA,NA,JP303_P3,human_mouse_droso,CC1_CC2_CC3_CC4,AML_AML_AML_AML,no,no,no,no,no,no,no,21.4,516
JP303_PC723_WC44,JP303,NA,NA,PC723,TCTATTCGGT,WC44,TGCGTGAGCA,NA,JP303_P3,human_mouse_droso,CC1_CC2_CC3_CC4,AML_AML_AML_AML,no,no,no,no,no,no,no,21.4,516
JP303_PC723_WC45,JP303,NA,NA,PC723,TCTATTCGGT,WC45,TAGCACACTT,NA,JP303_P3,human_mouse_droso,CC1_CC2_CC3_CC4,AML_AML_AML_AML,no,no,no,no,no,no,no,21.4,516
JP303_PC723_WC46,JP303,NA,NA,PC723,TCTATTCGGT,WC46,CAGACGATGA,NA,JP303_P3,human_mouse_droso,CC1_CC2_CC3_CC4,AML_AML_AML_AML,no,no,no,no,no,no,no,21.4,516
JP303_PC723_WC47,JP303,NA,NA,PC723,TCTATTCGGT,WC47,CGGAGCATCT,NA,JP303_P3,human_mouse_droso,CC1_CC2_CC3_CC4,AML_AML_AML_AML,no,no,no,no,no,no,no,21.4,516
JP303_PC723_WC48,JP303,NA,NA,PC723,TCTATTCGGT,WC48,CGCTTGGTTC,NA,JP303_P3,human_mouse_droso,CC1_CC2_CC3_CC4,AML_AML_AML_AML,no,no,no,no,no,no,no,21.4,516
JP303_PC723_WC49,JP303,NA,NA,PC723,TCTATTCGGT,WC49,CTTGAAGAGG,NA,JP303_P3,human_mouse_droso,CC1_CC2_CC3_CC4,AML_AML_AML_AML,no,no,no,no,no,no,no,21.4,516
JP303_PC723_WC50,JP303,NA,NA,PC723,TCTATTCGGT,WC50,AGATGCGACG,NA,JP303_P3,human_mouse_droso,CC1_CC2_CC3_CC4,AML_AML_AML_AML,no,no,no,no,no,no,no,21.4,516
JP303_PC723_WC51,JP303,NA,NA,PC723,TCTATTCGGT,WC51,GAACGTTCGG,NA,JP303_P3,human_mouse_droso,CC1_CC2_CC3_CC4,AML_AML_AML_AML,no,no,no,no,no,no,no,21.4,516
JP303_PC723_WC52,JP303,NA,NA,PC723,TCTATTCGGT,WC52,AACGCCATTC,NA,JP303_P3,human_mouse_droso,CC1_CC2_CC3_CC4,AML_AML_AML_AML,no,no,no,no,no,no,no,21.4,516
JP303_PC723_WC53,JP303,NA,NA,PC723,TCTATTCGGT,WC53,TCCTGAACTT,NA,JP303_P3,human_mouse_droso,CC1_CC2_CC3_CC4,AML_AML_AML_AML,no,no,no,no,no,no,no,21.4,516
JP303_PC723_WC54,JP303,NA,NA,PC723,TCTATTCGGT,WC54,ACAATTGGTC,NA,JP303_P3,human_mouse_droso,CC1_CC2_CC3_CC4,AML_AML_AML_AML,no,no,no,no,no,no,no,21.4,516
JP303_PC723_WC55,JP303,NA,NA,PC723,TCTATTCGGT,WC55,GTCACAGACA,NA,JP303_P3,human_mouse_droso,CC1_CC2_CC3_CC4,AML_AML_AML_AML,no,no,no,no,no,no,no,21.4,516
JP303_PC723_WC56,JP303,NA,NA,PC723,TCTATTCGGT,WC56,GCCAATGTTC,NA,JP303_P3,human_mouse_droso,CC1_CC2_CC3_CC4,AML_AML_AML_AML,no,no,no,no,no,no,no,21.4,516
JP303_PC723_WC57,JP303,NA,NA,PC723,TCTATTCGGT,WC57,TAGTGTTACG,NA,JP303_P3,human_mouse_droso,CC1_CC2_CC3_CC4,AML_AML_AML_AML,no,no,no,no,no,no,no,21.4,516
JP303_PC723_WC58,JP303,NA,NA,PC723,TCTATTCGGT,WC58,TTGGAAGTAC,NA,JP303_P3,human_mouse_droso,CC1_CC2_CC3_CC4,AML_AML_AML_AML,no,no,no,no,no,no,no,21.4,516
JP303_PC723_WC59,JP303,NA,NA,PC723,TCTATTCGGT,WC59,AAGACGCTAA,NA,JP303_P3,human_mouse_droso,CC1_CC2_CC3_CC4,AML_AML_AML_AML,no,no,no,no,no,no,no,21.4,516
JP303_PC723_WC60,JP303,NA,NA,PC723,TCTATTCGGT,WC60,AGACGGTCAA,NA,JP303_P3,human_mouse_droso,CC1_CC2_CC3_CC4,AML_AML_AML_AML,no,no,no,no,no,no,no,21.4,516
JP303_PC723_WC61,JP303,NA,NA,PC723,TCTATTCGGT,WC61,GAGAAGCCGT,NA,JP303_P3,human_mouse_droso,CC1_CC2_CC3_CC4,AML_AML_AML_AML,no,no,no,no,no,no,no,21.4,516
JP303_PC723_WC62,JP303,NA,NA,PC723,TCTATTCGGT,WC62,ATACATCGCA,NA,JP303_P3,human_mouse_droso,CC1_CC2_CC3_CC4,AML_AML_AML_AML,no,no,no,no,no,no,no,21.4,516
JP303_PC723_WC63,JP303,NA,NA,PC723,TCTATTCGGT,WC63,TGCTGAACGC,NA,JP303_P3,human_mouse_droso,CC1_CC2_CC3_CC4,AML_AML_AML_AML,no,no,no,no,no,no,no,21.4,516
JP303_PC723_WC64,JP303,NA,NA,PC723,TCTATTCGGT,WC64,CTTCCTAGGC,NA,JP303_P3,human_mouse_droso,CC1_CC2_CC3_CC4,AML_AML_AML_AML,no,no,no,no,no,no,no,21.4,516
JP303_PC723_WC65,JP303,NA,NA,PC723,TCTATTCGGT,WC65,CGTTGGTAAC,NA,JP303_P3,human_mouse_droso,CC1_CC2_CC3_CC4,AML_AML_AML_AML,no,no,no,no,no,no,no,21.4,516
JP303_PC723_WC66,JP303,NA,NA,PC723,TCTATTCGGT,WC66,CTTGGTTCGT,NA,JP303_P3,human_mouse_droso,CC1_CC2_CC3_CC4,AML_AML_AML_AML,no,no,no,no,no,no,no,21.4,516
JP303_PC723_WC67,JP303,NA,NA,PC723,TCTATTCGGT,WC67,GACTTGCGTG,NA,JP303_P3,human_mouse_droso,CC1_CC2_CC3_CC4,AML_AML_AML_AML,no,no,no,no,no,no,no,21.4,516
JP303_PC723_WC68,JP303,NA,NA,PC723,TCTATTCGGT,WC68,CTTCTCCAGC,NA,JP303_P3,human_mouse_droso,CC1_CC2_CC3_CC4,AML_AML_AML_AML,no,no,no,no,no,no,no,21.4,516
JP303_PC723_WC69,JP303,NA,NA,PC723,TCTATTCGGT,WC69,CGTACACTGG,NA,JP303_P3,human_mouse_droso,CC1_CC2_CC3_CC4,AML_AML_AML_AML,no,no,no,no,no,no,no,21.4,516
JP303_PC723_WC70,JP303,NA,NA,PC723,TCTATTCGGT,WC70,TCGCATCAAC,NA,JP303_P3,human_mouse_droso,CC1_CC2_CC3_CC4,AML_AML_AML_AML,no,no,no,no,no,no,no,21.4,516
JP303_PC723_WC71,JP303,NA,NA,PC723,TCTATTCGGT,WC71,ATAACAAGCG,NA,JP303_P3,human_mouse_droso,CC1_CC2_CC3_CC4,AML_AML_AML_AML,no,no,no,no,no,no,no,21.4,516
JP303_PC723_WC72,JP303,NA,NA,PC723,TCTATTCGGT,WC72,TGAACGTTAC,NA,JP303_P3,human_mouse_droso,CC1_CC2_CC3_CC4,AML_AML_AML_AML,no,no,no,no,no,no,no,21.4,516
JP303_PC723_WC73,JP303,NA,NA,PC723,TCTATTCGGT,WC73,GAAGACTCGG,NA,JP303_P3,human_mouse_droso,CC1_CC2_CC3_CC4,AML_AML_AML_AML,no,no,no,no,no,no,no,21.4,516
JP303_PC723_WC74,JP303,NA,NA,PC723,TCTATTCGGT,WC74,TAGCGCAATA,NA,JP303_P3,human_mouse_droso,CC1_CC2_CC3_CC4,AML_AML_AML_AML,no,no,no,no,no,no,no,21.4,516
JP303_PC723_WC75,JP303,NA,NA,PC723,TCTATTCGGT,WC75,TTAGACCACA,NA,JP303_P3,human_mouse_droso,CC1_CC2_CC3_CC4,AML_AML_AML_AML,no,no,no,no,no,no,no,21.4,516
JP303_PC723_WC76,JP303,NA,NA,PC723,TCTATTCGGT,WC76,CGTAGACGTG,NA,JP303_P3,human_mouse_droso,CC1_CC2_CC3_CC4,AML_AML_AML_AML,no,no,no,no,no,no,no,21.4,516
JP303_PC723_WC77,JP303,NA,NA,PC723,TCTATTCGGT,WC77,TCACTGGACT,NA,JP303_P3,human_mouse_droso,CC1_CC2_CC3_CC4,AML_AML_AML_AML,no,no,no,no,no,no,no,21.4,516
JP303_PC723_WC78,JP303,NA,NA,PC723,TCTATTCGGT,WC78,GACCAAGCAT,NA,JP303_P3,human_mouse_droso,CC1_CC2_CC3_CC4,AML_AML_AML_AML,no,no,no,no,no,no,no,21.4,516
JP303_PC723_WC79,JP303,NA,NA,PC723,TCTATTCGGT,WC79,GCGAGTATCA,NA,JP303_P3,human_mouse_droso,CC1_CC2_CC3_CC4,AML_AML_AML_AML,no,no,no,no,no,no,no,21.4,516
JP303_PC723_WC80,JP303,NA,NA,PC723,TCTATTCGGT,WC80,CTCTCGATAA,NA,JP303_P3,human_mouse_droso,CC1_CC2_CC3_CC4,AML_AML_AML_AML,no,no,no,no,no,no,no,21.4,516
JP303_PC723_WC81,JP303,NA,NA,PC723,TCTATTCGGT,WC81,AATACTGGCA,NA,JP303_P3,human_mouse_droso,CC1_CC2_CC3_CC4,AML_AML_AML_AML,no,no,no,no,no,no,no,21.4,516
JP303_PC723_WC82,JP303,NA,NA,PC723,TCTATTCGGT,WC82,TATGCAACTC,NA,JP303_P3,human_mouse_droso,CC1_CC2_CC3_CC4,AML_AML_AML_AML,no,no,no,no,no,no,no,21.4,516
JP303_PC723_WC83,JP303,NA,NA,PC723,TCTATTCGGT,WC83,ATGCTAGTGT,NA,JP303_P3,human_mouse_droso,CC1_CC2_CC3_CC4,AML_AML_AML_AML,no,no,no,no,no,no,no,21.4,516
JP303_PC723_WC84,JP303,NA,NA,PC723,TCTATTCGGT,WC84,CCATTAGAAC,NA,JP303_P3,human_mouse_droso,CC1_CC2_CC3_CC4,AML_AML_AML_AML,no,no,no,no,no,no,no,21.4,516
JP303_PC723_WC85,JP303,NA,NA,PC723,TCTATTCGGT,WC85,AACGTGAACG,NA,JP303_P3,human_mouse_droso,CC1_CC2_CC3_CC4,AML_AML_AML_AML,no,no,no,no,no,no,no,21.4,516
JP303_PC723_WC86,JP303,NA,NA,PC723,TCTATTCGGT,WC86,TAACGCAGTC,NA,JP303_P3,human_mouse_droso,CC1_CC2_CC3_CC4,AML_AML_AML_AML,no,no,no,no,no,no,no,21.4,516
JP303_PC723_WC87,JP303,NA,NA,PC723,TCTATTCGGT,WC87,CCATAAGCCA,NA,JP303_P3,human_mouse_droso,CC1_CC2_CC3_CC4,AML_AML_AML_AML,no,no,no,no,no,no,no,21.4,516
JP303_PC723_WC88,JP303,NA,NA,PC723,TCTATTCGGT,WC88,GTGCCTCTGA,NA,JP303_P3,human_mouse_droso,CC1_CC2_CC3_CC4,AML_AML_AML_AML,no,no,no,no,no,no,no,21.4,516
JP303_PC723_WC89,JP303,NA,NA,PC723,TCTATTCGGT,WC89,TAGCCTAGCG,NA,JP303_P3,human_mouse_droso,CC1_CC2_CC3_CC4,AML_AML_AML_AML,no,no,no,no,no,no,no,21.4,516
JP303_PC723_WC90,JP303,NA,NA,PC723,TCTATTCGGT,WC90,TGTTACGGTT,NA,JP303_P3,human_mouse_droso,CC1_CC2_CC3_CC4,AML_AML_AML_AML,no,no,no,no,no,no,no,21.4,516
JP303_PC723_WC91,JP303,NA,NA,PC723,TCTATTCGGT,WC91,TCATACCAAG,NA,JP303_P3,human_mouse_droso,CC1_CC2_CC3_CC4,AML_AML_AML_AML,no,no,no,no,no,no,no,21.4,516
JP303_PC723_WC92,JP303,NA,NA,PC723,TCTATTCGGT,WC92,CGGATCTACA,NA,JP303_P3,human_mouse_droso,CC1_CC2_CC3_CC4,AML_AML_AML_AML,no,no,no,no,no,no,no,21.4,516
JP303_PC723_WC93,JP303,NA,NA,PC723,TCTATTCGGT,WC93,CGGTAGAGTT,NA,JP303_P3,human_mouse_droso,CC1_CC2_CC3_CC4,AML_AML_AML_AML,no,no,no,no,no,no,no,21.4,516
JP303_PC723_WC94,JP303,NA,NA,PC723,TCTATTCGGT,WC94,GAATGTCACG,NA,JP303_P3,human_mouse_droso,CC1_CC2_CC3_CC4,AML_AML_AML_AML,no,no,no,no,no,no,no,21.4,516
JP303_PC723_WC95,JP303,NA,NA,PC723,TCTATTCGGT,WC95,CCTGGTACAG,NA,JP303_P3,human_mouse_droso,CC1_CC2_CC3_CC4,AML_AML_AML_AML,no,no,no,no,no,no,no,21.4,516
JP303_PC723_WC96,JP303,NA,NA,PC723,TCTATTCGGT,WC96,CGGAACCAGT,NA,JP303_P3,human_mouse_droso,CC1_CC2_CC3_CC4,AML_AML_AML_AML,no,no,no,no,no,no,no,21.4,516
JP303_PC725_WC1,JP303,NA,NA,PC725,CACGAAGTAA,WC1,GATTCACGAC,NA,JP303_P4,human_mouse_droso,CC1_CC2_CC3_CC4,AML_AML_AML_AML,no,no,no,no,no,no,no,28.4,503
JP303_PC725_WC2,JP303,NA,NA,PC725,CACGAAGTAA,WC2,CGTAGAACAG,NA,JP303_P4,human_mouse_droso,CC1_CC2_CC3_CC4,AML_AML_AML_AML,no,no,no,no,no,no,no,28.4,503
JP303_PC725_WC3,JP303,NA,NA,PC725,CACGAAGTAA,WC3,ACCTAAGAGC,NA,JP303_P4,human_mouse_droso,CC1_CC2_CC3_CC4,AML_AML_AML_AML,no,no,no,no,no,no,no,28.4,503
JP303_PC725_WC4,JP303,NA,NA,PC725,CACGAAGTAA,WC4,ATGGCTTCTA,NA,JP303_P4,human_mouse_droso,CC1_CC2_CC3_CC4,AML_AML_AML_AML,no,no,no,no,no,no,no,28.4,503
JP303_PC725_WC5,JP303,NA,NA,PC725,CACGAAGTAA,WC5,TACCTAAGTG,NA,JP303_P4,human_mouse_droso,CC1_CC2_CC3_CC4,AML_AML_AML_AML,no,no,no,no,no,no,no,28.4,503
JP303_PC725_WC6,JP303,NA,NA,PC725,CACGAAGTAA,WC6,CCTTACCTAT,NA,JP303_P4,human_mouse_droso,CC1_CC2_CC3_CC4,AML_AML_AML_AML,no,no,no,no,no,no,no,28.4,503
JP303_PC725_WC7,JP303,NA,NA,PC725,CACGAAGTAA,WC7,ATATAAGGCG,NA,JP303_P4,human_mouse_droso,CC1_CC2_CC3_CC4,AML_AML_AML_AML,no,no,no,no,no,no,no,28.4,503
JP303_PC725_WC8,JP303,NA,NA,PC725,CACGAAGTAA,WC8,AGCATCGTGC,NA,JP303_P4,human_mouse_droso,CC1_CC2_CC3_CC4,AML_AML_AML_AML,no,no,no,no,no,no,no,28.4,503
JP303_PC725_WC9,JP303,NA,NA,PC725,CACGAAGTAA,WC9,CTGGCATATT,NA,JP303_P4,human_mouse_droso,CC1_CC2_CC3_CC4,AML_AML_AML_AML,no,no,no,no,no,no,no,28.4,503
JP303_PC725_WC10,JP303,NA,NA,PC725,CACGAAGTAA,WC10,CGTGACTCTA,NA,JP303_P4,human_mouse_droso,CC1_CC2_CC3_CC4,AML_AML_AML_AML,no,no,no,no,no,no,no,28.4,503
JP303_PC725_WC11,JP303,NA,NA,PC725,CACGAAGTAA,WC11,GACCTGTTAA,NA,JP303_P4,human_mouse_droso,CC1_CC2_CC3_CC4,AML_AML_AML_AML,no,no,no,no,no,no,no,28.4,503
JP303_PC725_WC12,JP303,NA,NA,PC725,CACGAAGTAA,WC12,TGGCTCATGT,NA,JP303_P4,human_mouse_droso,CC1_CC2_CC3_CC4,AML_AML_AML_AML,no,no,no,no,no,no,no,28.4,503
JP303_PC725_WC13,JP303,NA,NA,PC725,CACGAAGTAA,WC13,AGAACCTCGC,NA,JP303_P4,human_mouse_droso,CC1_CC2_CC3_CC4,AML_AML_AML_AML,no,no,no,no,no,no,no,28.4,503
JP303_PC725_WC14,JP303,NA,NA,PC725,CACGAAGTAA,WC14,CCTACGGACA,NA,JP303_P4,human_mouse_droso,CC1_CC2_CC3_CC4,AML_AML_AML_AML,no,no,no,no,no,no,no,28.4,503
JP303_PC725_WC15,JP303,NA,NA,PC725,CACGAAGTAA,WC15,AGGCATAATG,NA,JP303_P4,human_mouse_droso,CC1_CC2_CC3_CC4,AML_AML_AML_AML,no,no,no,no,no,no,no,28.4,503
JP303_PC725_WC16,JP303,NA,NA,PC725,CACGAAGTAA,WC16,CAACAGTGGA,NA,JP303_P4,human_mouse_droso,CC1_CC2_CC3_CC4,AML_AML_AML_AML,no,no,no,no,no,no,no,28.4,503
JP303_PC725_WC17,JP303,NA,NA,PC725,CACGAAGTAA,WC17,TGTCGTTAAG,NA,JP303_P4,human_mouse_droso,CC1_CC2_CC3_CC4,AML_AML_AML_AML,no,no,no,no,no,no,no,28.4,503
JP303_PC725_WC18,JP303,NA,NA,PC725,CACGAAGTAA,WC18,AGCTCGAGGA,NA,JP303_P4,human_mouse_droso,CC1_CC2_CC3_CC4,AML_AML_AML_AML,no,no,no,no,no,no,no,28.4,503
JP303_PC725_WC19,JP303,NA,NA,PC725,CACGAAGTAA,WC19,ACATTACTCG,NA,JP303_P4,human_mouse_droso,CC1_CC2_CC3_CC4,AML_AML_AML_AML,no,no,no,no,no,no,no,28.4,503
JP303_PC725_WC20,JP303,NA,NA,PC725,CACGAAGTAA,WC20,CATACCGCTG,NA,JP303_P4,human_mouse_droso,CC1_CC2_CC3_CC4,AML_AML_AML_AML,no,no,no,no,no,no,no,28.4,503
JP303_PC725_WC21,JP303,NA,NA,PC725,CACGAAGTAA,WC21,TGCAAGTAGC,NA,JP303_P4,human_mouse_droso,CC1_CC2_CC3_CC4,AML_AML_AML_AML,no,no,no,no,no,no,no,28.4,503
JP303_PC725_WC22,JP303,NA,NA,PC725,CACGAAGTAA,WC22,CTTCAATAGC,NA,JP303_P4,human_mouse_droso,CC1_CC2_CC3_CC4,AML_AML_AML_AML,no,no,no,no,no,no,no,28.4,503
JP303_PC725_WC23,JP303,NA,NA,PC725,CACGAAGTAA,WC23,CGGATGCTGA,NA,JP303_P4,human_mouse_droso,CC1_CC2_CC3_CC4,AML_AML_AML_AML,no,no,no,no,no,no,no,28.4,503
JP303_PC725_WC24,JP303,NA,NA,PC725,CACGAAGTAA,WC24,CCACCACCTA,NA,JP303_P4,human_mouse_droso,CC1_CC2_CC3_CC4,AML_AML_AML_AML,no,no,no,no,no,no,no,28.4,503
JP303_PC725_WC25,JP303,NA,NA,PC725,CACGAAGTAA,WC25,ATCCGATCTT,NA,JP303_P4,human_mouse_droso,CC1_CC2_CC3_CC4,AML_AML_AML_AML,no,no,no,no,no,no,no,28.4,503
JP303_PC725_WC26,JP303,NA,NA,PC725,CACGAAGTAA,WC26,CGGACGTTAA,NA,JP303_P4,human_mouse_droso,CC1_CC2_CC3_CC4,AML_AML_AML_AML,no,no,no,no,no,no,no,28.4,503
JP303_PC725_WC27,JP303,NA,NA,PC725,CACGAAGTAA,WC27,GATCGGTAAT,NA,JP303_P4,human_mouse_droso,CC1_CC2_CC3_CC4,AML_AML_AML_AML,no,no,no,no,no,no,no,28.4,503
JP303_PC725_WC28,JP303,NA,NA,PC725,CACGAAGTAA,WC28,ACGATGCAAC,NA,JP303_P4,human_mouse_droso,CC1_CC2_CC3_CC4,AML_AML_AML_AML,no,no,no,no,no,no,no,28.4,503
JP303_PC725_WC29,JP303,NA,NA,PC725,CACGAAGTAA,WC29,AACGTCCAGT,NA,JP303_P4,human_mouse_droso,CC1_CC2_CC3_CC4,AML_AML_AML_AML,no,no,no,no,no,no,no,28.4,503
JP303_PC725_WC30,JP303,NA,NA,PC725,CACGAAGTAA,WC30,ACACGAACAA,NA,JP303_P4,human_mouse_droso,CC1_CC2_CC3_CC4,AML_AML_AML_AML,no,no,no,no,no,no,no,28.4,503
JP303_PC725_WC31,JP303,NA,NA,PC725,CACGAAGTAA,WC31,CTCAGTCCGT,NA,JP303_P4,human_mouse_droso,CC1_CC2_CC3_CC4,AML_AML_AML_AML,no,no,no,no,no,no,no,28.4,503
JP303_PC725_WC32,JP303,NA,NA,PC725,CACGAAGTAA,WC32,TATGACGGTG,NA,JP303_P4,human_mouse_droso,CC1_CC2_CC3_CC4,AML_AML_AML_AML,no,no,no,no,no,no,no,28.4,503
JP303_PC725_WC33,JP303,NA,NA,PC725,CACGAAGTAA,WC33,ACACAACTAC,NA,JP303_P4,human_mouse_droso,CC1_CC2_CC3_CC4,AML_AML_AML_AML,no,no,no,no,no,no,no,28.4,503
JP303_PC725_WC34,JP303,NA,NA,PC725,CACGAAGTAA,WC34,AAGGACTCAG,NA,JP303_P4,human_mouse_droso,CC1_CC2_CC3_CC4,AML_AML_AML_AML,no,no,no,no,no,no,no,28.4,503
JP303_PC725_WC35,JP303,NA,NA,PC725,CACGAAGTAA,WC35,GCAACTGTGA,NA,JP303_P4,human_mouse_droso,CC1_CC2_CC3_CC4,AML_AML_AML_AML,no,no,no,no,no,no,no,28.4,503
JP303_PC725_WC36,JP303,NA,NA,PC725,CACGAAGTAA,WC36,CGCTTACAAT,NA,JP303_P4,human_mouse_droso,CC1_CC2_CC3_CC4,AML_AML_AML_AML,no,no,no,no,no,no,no,28.4,503
JP303_PC725_WC37,JP303,NA,NA,PC725,CACGAAGTAA,WC37,AGAGAGACCG,NA,JP303_P4,human_mouse_droso,CC1_CC2_CC3_CC4,AML_AML_AML_AML,no,no,no,no,no,no,no,28.4,503
JP303_PC725_WC38,JP303,NA,NA,PC725,CACGAAGTAA,WC38,CATTGCTGTT,NA,JP303_P4,human_mouse_droso,CC1_CC2_CC3_CC4,AML_AML_AML_AML,no,no,no,no,no,no,no,28.4,503
JP303_PC725_WC39,JP303,NA,NA,PC725,CACGAAGTAA,WC39,GCAACACGGA,NA,JP303_P4,human_mouse_droso,CC1_CC2_CC3_CC4,AML_AML_AML_AML,no,no,no,no,no,no,no,28.4,503
JP303_PC725_WC40,JP303,NA,NA,PC725,CACGAAGTAA,WC40,TCACTTCGCA,NA,JP303_P4,human_mouse_droso,CC1_CC2_CC3_CC4,AML_AML_AML_AML,no,no,no,no,no,no,no,28.4,503
JP303_PC725_WC41,JP303,NA,NA,PC725,CACGAAGTAA,WC41,AATAGCTGTG,NA,JP303_P4,human_mouse_droso,CC1_CC2_CC3_CC4,AML_AML_AML_AML,no,no,no,no,no,no,no,28.4,503
JP303_PC725_WC42,JP303,NA,NA,PC725,CACGAAGTAA,WC42,GAACACTATC,NA,JP303_P4,human_mouse_droso,CC1_CC2_CC3_CC4,AML_AML_AML_AML,no,no,no,no,no,no,no,28.4,503
JP303_PC725_WC43,JP303,NA,NA,PC725,CACGAAGTAA,WC43,CTGGTAGCTA,NA,JP303_P4,human_mouse_droso,CC1_CC2_CC3_CC4,AML_AML_AML_AML,no,no,no,no,no,no,no,28.4,503
JP303_PC725_WC44,JP303,NA,NA,PC725,CACGAAGTAA,WC44,TGCGTGAGCA,NA,JP303_P4,human_mouse_droso,CC1_CC2_CC3_CC4,AML_AML_AML_AML,no,no,no,no,no,no,no,28.4,503
JP303_PC725_WC45,JP303,NA,NA,PC725,CACGAAGTAA,WC45,TAGCACACTT,NA,JP303_P4,human_mouse_droso,CC1_CC2_CC3_CC4,AML_AML_AML_AML,no,no,no,no,no,no,no,28.4,503
JP303_PC725_WC46,JP303,NA,NA,PC725,CACGAAGTAA,WC46,CAGACGATGA,NA,JP303_P4,human_mouse_droso,CC1_CC2_CC3_CC4,AML_AML_AML_AML,no,no,no,no,no,no,no,28.4,503
JP303_PC725_WC47,JP303,NA,NA,PC725,CACGAAGTAA,WC47,CGGAGCATCT,NA,JP303_P4,human_mouse_droso,CC1_CC2_CC3_CC4,AML_AML_AML_AML,no,no,no,no,no,no,no,28.4,503
JP303_PC725_WC48,JP303,NA,NA,PC725,CACGAAGTAA,WC48,CGCTTGGTTC,NA,JP303_P4,human_mouse_droso,CC1_CC2_CC3_CC4,AML_AML_AML_AML,no,no,no,no,no,no,no,28.4,503
JP303_PC725_WC49,JP303,NA,NA,PC725,CACGAAGTAA,WC49,CTTGAAGAGG,NA,JP303_P4,human_mouse_droso,CC1_CC2_CC3_CC4,AML_AML_AML_AML,no,no,no,no,no,no,no,28.4,503
JP303_PC725_WC50,JP303,NA,NA,PC725,CACGAAGTAA,WC50,AGATGCGACG,NA,JP303_P4,human_mouse_droso,CC1_CC2_CC3_CC4,AML_AML_AML_AML,no,no,no,no,no,no,no,28.4,503
JP303_PC725_WC51,JP303,NA,NA,PC725,CACGAAGTAA,WC51,GAACGTTCGG,NA,JP303_P4,human_mouse_droso,CC1_CC2_CC3_CC4,AML_AML_AML_AML,no,no,no,no,no,no,no,28.4,503
JP303_PC725_WC52,JP303,NA,NA,PC725,CACGAAGTAA,WC52,AACGCCATTC,NA,JP303_P4,human_mouse_droso,CC1_CC2_CC3_CC4,AML_AML_AML_AML,no,no,no,no,no,no,no,28.4,503
JP303_PC725_WC53,JP303,NA,NA,PC725,CACGAAGTAA,WC53,TCCTGAACTT,NA,JP303_P4,human_mouse_droso,CC1_CC2_CC3_CC4,AML_AML_AML_AML,no,no,no,no,no,no,no,28.4,503
JP303_PC725_WC54,JP303,NA,NA,PC725,CACGAAGTAA,WC54,ACAATTGGTC,NA,JP303_P4,human_mouse_droso,CC1_CC2_CC3_CC4,AML_AML_AML_AML,no,no,no,no,no,no,no,28.4,503
JP303_PC725_WC55,JP303,NA,NA,PC725,CACGAAGTAA,WC55,GTCACAGACA,NA,JP303_P4,human_mouse_droso,CC1_CC2_CC3_CC4,AML_AML_AML_AML,no,no,no,no,no,no,no,28.4,503
JP303_PC725_WC56,JP303,NA,NA,PC725,CACGAAGTAA,WC56,GCCAATGTTC,NA,JP303_P4,human_mouse_droso,CC1_CC2_CC3_CC4,AML_AML_AML_AML,no,no,no,no,no,no,no,28.4,503
JP303_PC725_WC57,JP303,NA,NA,PC725,CACGAAGTAA,WC57,TAGTGTTACG,NA,JP303_P4,human_mouse_droso,CC1_CC2_CC3_CC4,AML_AML_AML_AML,no,no,no,no,no,no,no,28.4,503
JP303_PC725_WC58,JP303,NA,NA,PC725,CACGAAGTAA,WC58,TTGGAAGTAC,NA,JP303_P4,human_mouse_droso,CC1_CC2_CC3_CC4,AML_AML_AML_AML,no,no,no,no,no,no,no,28.4,503
JP303_PC725_WC59,JP303,NA,NA,PC725,CACGAAGTAA,WC59,AAGACGCTAA,NA,JP303_P4,human_mouse_droso,CC1_CC2_CC3_CC4,AML_AML_AML_AML,no,no,no,no,no,no,no,28.4,503
JP303_PC725_WC60,JP303,NA,NA,PC725,CACGAAGTAA,WC60,AGACGGTCAA,NA,JP303_P4,human_mouse_droso,CC1_CC2_CC3_CC4,AML_AML_AML_AML,no,no,no,no,no,no,no,28.4,503
JP303_PC725_WC61,JP303,NA,NA,PC725,CACGAAGTAA,WC61,GAGAAGCCGT,NA,JP303_P4,human_mouse_droso,CC1_CC2_CC3_CC4,AML_AML_AML_AML,no,no,no,no,no,no,no,28.4,503
JP303_PC725_WC62,JP303,NA,NA,PC725,CACGAAGTAA,WC62,ATACATCGCA,NA,JP303_P4,human_mouse_droso,CC1_CC2_CC3_CC4,AML_AML_AML_AML,no,no,no,no,no,no,no,28.4,503
JP303_PC725_WC63,JP303,NA,NA,PC725,CACGAAGTAA,WC63,TGCTGAACGC,NA,JP303_P4,human_mouse_droso,CC1_CC2_CC3_CC4,AML_AML_AML_AML,no,no,no,no,no,no,no,28.4,503
JP303_PC725_WC64,JP303,NA,NA,PC725,CACGAAGTAA,WC64,CTTCCTAGGC,NA,JP303_P4,human_mouse_droso,CC1_CC2_CC3_CC4,AML_AML_AML_AML,no,no,no,no,no,no,no,28.4,503
JP303_PC725_WC65,JP303,NA,NA,PC725,CACGAAGTAA,WC65,CGTTGGTAAC,NA,JP303_P4,human_mouse_droso,CC1_CC2_CC3_CC4,AML_AML_AML_AML,no,no,no,no,no,no,no,28.4,503
JP303_PC725_WC66,JP303,NA,NA,PC725,CACGAAGTAA,WC66,CTTGGTTCGT,NA,JP303_P4,human_mouse_droso,CC1_CC2_CC3_CC4,AML_AML_AML_AML,no,no,no,no,no,no,no,28.4,503
JP303_PC725_WC67,JP303,NA,NA,PC725,CACGAAGTAA,WC67,GACTTGCGTG,NA,JP303_P4,human_mouse_droso,CC1_CC2_CC3_CC4,AML_AML_AML_AML,no,no,no,no,no,no,no,28.4,503
JP303_PC725_WC68,JP303,NA,NA,PC725,CACGAAGTAA,WC68,CTTCTCCAGC,NA,JP303_P4,human_mouse_droso,CC1_CC2_CC3_CC4,AML_AML_AML_AML,no,no,no,no,no,no,no,28.4,503
JP303_PC725_WC69,JP303,NA,NA,PC725,CACGAAGTAA,WC69,CGTACACTGG,NA,JP303_P4,human_mouse_droso,CC1_CC2_CC3_CC4,AML_AML_AML_AML,no,no,no,no,no,no,no,28.4,503
JP303_PC725_WC70,JP303,NA,NA,PC725,CACGAAGTAA,WC70,TCGCATCAAC,NA,JP303_P4,human_mouse_droso,CC1_CC2_CC3_CC4,AML_AML_AML_AML,no,no,no,no,no,no,no,28.4,503
JP303_PC725_WC71,JP303,NA,NA,PC725,CACGAAGTAA,WC71,ATAACAAGCG,NA,JP303_P4,human_mouse_droso,CC1_CC2_CC3_CC4,AML_AML_AML_AML,no,no,no,no,no,no,no,28.4,503
JP303_PC725_WC72,JP303,NA,NA,PC725,CACGAAGTAA,WC72,TGAACGTTAC,NA,JP303_P4,human_mouse_droso,CC1_CC2_CC3_CC4,AML_AML_AML_AML,no,no,no,no,no,no,no,28.4,503
JP303_PC725_WC73,JP303,NA,NA,PC725,CACGAAGTAA,WC73,GAAGACTCGG,NA,JP303_P4,human_mouse_droso,CC1_CC2_CC3_CC4,AML_AML_AML_AML,no,no,no,no,no,no,no,28.4,503
JP303_PC725_WC74,JP303,NA,NA,PC725,CACGAAGTAA,WC74,TAGCGCAATA,NA,JP303_P4,human_mouse_droso,CC1_CC2_CC3_CC4,AML_AML_AML_AML,no,no,no,no,no,no,no,28.4,503
JP303_PC725_WC75,JP303,NA,NA,PC725,CACGAAGTAA,WC75,TTAGACCACA,NA,JP303_P4,human_mouse_droso,CC1_CC2_CC3_CC4,AML_AML_AML_AML,no,no,no,no,no,no,no,28.4,503
JP303_PC725_WC76,JP303,NA,NA,PC725,CACGAAGTAA,WC76,CGTAGACGTG,NA,JP303_P4,human_mouse_droso,CC1_CC2_CC3_CC4,AML_AML_AML_AML,no,no,no,no,no,no,no,28.4,503
JP303_PC725_WC77,JP303,NA,NA,PC725,CACGAAGTAA,WC77,TCACTGGACT,NA,JP303_P4,human_mouse_droso,CC1_CC2_CC3_CC4,AML_AML_AML_AML,no,no,no,no,no,no,no,28.4,503
JP303_PC725_WC78,JP303,NA,NA,PC725,CACGAAGTAA,WC78,GACCAAGCAT,NA,JP303_P4,human_mouse_droso,CC1_CC2_CC3_CC4,AML_AML_AML_AML,no,no,no,no,no,no,no,28.4,503
JP303_PC725_WC79,JP303,NA,NA,PC725,CACGAAGTAA,WC79,GCGAGTATCA,NA,JP303_P4,human_mouse_droso,CC1_CC2_CC3_CC4,AML_AML_AML_AML,no,no,no,no,no,no,no,28.4,503
JP303_PC725_WC80,JP303,NA,NA,PC725,CACGAAGTAA,WC80,CTCTCGATAA,NA,JP303_P4,human_mouse_droso,CC1_CC2_CC3_CC4,AML_AML_AML_AML,no,no,no,no,no,no,no,28.4,503
JP303_PC725_WC81,JP303,NA,NA,PC725,CACGAAGTAA,WC81,AATACTGGCA,NA,JP303_P4,human_mouse_droso,CC1_CC2_CC3_CC4,AML_AML_AML_AML,no,no,no,no,no,no,no,28.4,503
JP303_PC725_WC82,JP303,NA,NA,PC725,CACGAAGTAA,WC82,TATGCAACTC,NA,JP303_P4,human_mouse_droso,CC1_CC2_CC3_CC4,AML_AML_AML_AML,no,no,no,no,no,no,no,28.4,503
JP303_PC725_WC83,JP303,NA,NA,PC725,CACGAAGTAA,WC83,ATGCTAGTGT,NA,JP303_P4,human_mouse_droso,CC1_CC2_CC3_CC4,AML_AML_AML_AML,no,no,no,no,no,no,no,28.4,503
JP303_PC725_WC84,JP303,NA,NA,PC725,CACGAAGTAA,WC84,CCATTAGAAC,NA,JP303_P4,human_mouse_droso,CC1_CC2_CC3_CC4,AML_AML_AML_AML,no,no,no,no,no,no,no,28.4,503
JP303_PC725_WC85,JP303,NA,NA,PC725,CACGAAGTAA,WC85,AACGTGAACG,NA,JP303_P4,human_mouse_droso,CC1_CC2_CC3_CC4,AML_AML_AML_AML,no,no,no,no,no,no,no,28.4,503
JP303_PC725_WC86,JP303,NA,NA,PC725,CACGAAGTAA,WC86,TAACGCAGTC,NA,JP303_P4,human_mouse_droso,CC1_CC2_CC3_CC4,AML_AML_AML_AML,no,no,no,no,no,no,no,28.4,503
JP303_PC725_WC87,JP303,NA,NA,PC725,CACGAAGTAA,WC87,CCATAAGCCA,NA,JP303_P4,human_mouse_droso,CC1_CC2_CC3_CC4,AML_AML_AML_AML,no,no,no,no,no,no,no,28.4,503
JP303_PC725_WC88,JP303,NA,NA,PC725,CACGAAGTAA,WC88,GTGCCTCTGA,NA,JP303_P4,human_mouse_droso,CC1_CC2_CC3_CC4,AML_AML_AML_AML,no,no,no,no,no,no,no,28.4,503
JP303_PC725_WC89,JP303,NA,NA,PC725,CACGAAGTAA,WC89,TAGCCTAGCG,NA,JP303_P4,human_mouse_droso,CC1_CC2_CC3_CC4,AML_AML_AML_AML,no,no,no,no,no,no,no,28.4,503
JP303_PC725_WC90,JP303,NA,NA,PC725,CACGAAGTAA,WC90,TGTTACGGTT,NA,JP303_P4,human_mouse_droso,CC1_CC2_CC3_CC4,AML_AML_AML_AML,no,no,no,no,no,no,no,28.4,503
JP303_PC725_WC91,JP303,NA,NA,PC725,CACGAAGTAA,WC91,TCATACCAAG,NA,JP303_P4,human_mouse_droso,CC1_CC2_CC3_CC4,AML_AML_AML_AML,no,no,no,no,no,no,no,28.4,503
JP303_PC725_WC92,JP303,NA,NA,PC725,CACGAAGTAA,WC92,CGGATCTACA,NA,JP303_P4,human_mouse_droso,CC1_CC2_CC3_CC4,AML_AML_AML_AML,no,no,no,no,no,no,no,28.4,503
JP303_PC725_WC93,JP303,NA,NA,PC725,CACGAAGTAA,WC93,CGGTAGAGTT,NA,JP303_P4,human_mouse_droso,CC1_CC2_CC3_CC4,AML_AML_AML_AML,no,no,no,no,no,no,no,28.4,503
JP303_PC725_WC94,JP303,NA,NA,PC725,CACGAAGTAA,WC94,GAATGTCACG,NA,JP303_P4,human_mouse_droso,CC1_CC2_CC3_CC4,AML_AML_AML_AML,no,no,no,no,no,no,no,28.4,503
JP303_PC725_WC95,JP303,NA,NA,PC725,CACGAAGTAA,WC95,CCTGGTACAG,NA,JP303_P4,human_mouse_droso,CC1_CC2_CC3_CC4,AML_AML_AML_AML,no,no,no,no,no,no,no,28.4,503
JP303_PC725_WC96,JP303,NA,NA,PC725,CACGAAGTAA,WC96,CGGAACCAGT,NA,JP303_P4,human_mouse_droso,CC1_CC2_CC3_CC4,AML_AML_AML_AML,no,no,no,no,no,no,no,28.4,503
JP304_PC726_WC1,JP304,NA,NA,PC726,TAAGCCGAAT,WC1,GATTCACGAC,NA,JP304_P1,human_mouse_droso,CC4_CC5_CC6_CC7,AML_AML_AML_AML,no,no,no,no,no,no,no,21.8,494
JP304_PC726_WC2,JP304,NA,NA,PC726,TAAGCCGAAT,WC2,CGTAGAACAG,NA,JP304_P1,human_mouse_droso,CC4_CC5_CC6_CC7,AML_AML_AML_AML,no,no,no,no,no,no,no,21.8,494
JP304_PC726_WC3,JP304,NA,NA,PC726,TAAGCCGAAT,WC3,ACCTAAGAGC,NA,JP304_P1,human_mouse_droso,CC4_CC5_CC6_CC7,AML_AML_AML_AML,no,no,no,no,no,no,no,21.8,494
JP304_PC726_WC4,JP304,NA,NA,PC726,TAAGCCGAAT,WC4,ATGGCTTCTA,NA,JP304_P1,human_mouse_droso,CC4_CC5_CC6_CC7,AML_AML_AML_AML,no,no,no,no,no,no,no,21.8,494
JP304_PC726_WC5,JP304,NA,NA,PC726,TAAGCCGAAT,WC5,TACCTAAGTG,NA,JP304_P1,human_mouse_droso,CC4_CC5_CC6_CC7,AML_AML_AML_AML,no,no,no,no,no,no,no,21.8,494
JP304_PC726_WC6,JP304,NA,NA,PC726,TAAGCCGAAT,WC6,CCTTACCTAT,NA,JP304_P1,human_mouse_droso,CC4_CC5_CC6_CC7,AML_AML_AML_AML,no,no,no,no,no,no,no,21.8,494
JP304_PC726_WC7,JP304,NA,NA,PC726,TAAGCCGAAT,WC7,ATATAAGGCG,NA,JP304_P1,human_mouse_droso,CC4_CC5_CC6_CC7,AML_AML_AML_AML,no,no,no,no,no,no,no,21.8,494
JP304_PC726_WC8,JP304,NA,NA,PC726,TAAGCCGAAT,WC8,AGCATCGTGC,NA,JP304_P1,human_mouse_droso,CC4_CC5_CC6_CC7,AML_AML_AML_AML,no,no,no,no,no,no,no,21.8,494
JP304_PC726_WC9,JP304,NA,NA,PC726,TAAGCCGAAT,WC9,CTGGCATATT,NA,JP304_P1,human_mouse_droso,CC4_CC5_CC6_CC7,AML_AML_AML_AML,no,no,no,no,no,no,no,21.8,494
JP304_PC726_WC10,JP304,NA,NA,PC726,TAAGCCGAAT,WC10,CGTGACTCTA,NA,JP304_P1,human_mouse_droso,CC4_CC5_CC6_CC7,AML_AML_AML_AML,no,no,no,no,no,no,no,21.8,494
JP304_PC726_WC11,JP304,NA,NA,PC726,TAAGCCGAAT,WC11,GACCTGTTAA,NA,JP304_P1,human_mouse_droso,CC4_CC5_CC6_CC7,AML_AML_AML_AML,no,no,no,no,no,no,no,21.8,494
JP304_PC726_WC12,JP304,NA,NA,PC726,TAAGCCGAAT,WC12,TGGCTCATGT,NA,JP304_P1,human_mouse_droso,CC4_CC5_CC6_CC7,AML_AML_AML_AML,no,no,no,no,no,no,no,21.8,494
JP304_PC726_WC13,JP304,NA,NA,PC726,TAAGCCGAAT,WC13,AGAACCTCGC,NA,JP304_P1,human_mouse_droso,CC4_CC5_CC6_CC7,AML_AML_AML_AML,no,no,no,no,no,no,no,21.8,494
JP304_PC726_WC14,JP304,NA,NA,PC726,TAAGCCGAAT,WC14,CCTACGGACA,NA,JP304_P1,human_mouse_droso,CC4_CC5_CC6_CC7,AML_AML_AML_AML,no,no,no,no,no,no,no,21.8,494
JP304_PC726_WC15,JP304,NA,NA,PC726,TAAGCCGAAT,WC15,AGGCATAATG,NA,JP304_P1,human_mouse_droso,CC4_CC5_CC6_CC7,AML_AML_AML_AML,no,no,no,no,no,no,no,21.8,494
JP304_PC726_WC16,JP304,NA,NA,PC726,TAAGCCGAAT,WC16,CAACAGTGGA,NA,JP304_P1,human_mouse_droso,CC4_CC5_CC6_CC7,AML_AML_AML_AML,no,no,no,no,no,no,no,21.8,494
JP304_PC726_WC17,JP304,NA,NA,PC726,TAAGCCGAAT,WC17,TGTCGTTAAG,NA,JP304_P1,human_mouse_droso,CC4_CC5_CC6_CC7,AML_AML_AML_AML,no,no,no,no,no,no,no,21.8,494
JP304_PC726_WC18,JP304,NA,NA,PC726,TAAGCCGAAT,WC18,AGCTCGAGGA,NA,JP304_P1,human_mouse_droso,CC4_CC5_CC6_CC7,AML_AML_AML_AML,no,no,no,no,no,no,no,21.8,494
JP304_PC726_WC19,JP304,NA,NA,PC726,TAAGCCGAAT,WC19,ACATTACTCG,NA,JP304_P1,human_mouse_droso,CC4_CC5_CC6_CC7,AML_AML_AML_AML,no,no,no,no,no,no,no,21.8,494
JP304_PC726_WC20,JP304,NA,NA,PC726,TAAGCCGAAT,WC20,CATACCGCTG,NA,JP304_P1,human_mouse_droso,CC4_CC5_CC6_CC7,AML_AML_AML_AML,no,no,no,no,no,no,no,21.8,494
JP304_PC726_WC21,JP304,NA,NA,PC726,TAAGCCGAAT,WC21,TGCAAGTAGC,NA,JP304_P1,human_mouse_droso,CC4_CC5_CC6_CC7,AML_AML_AML_AML,no,no,no,no,no,no,no,21.8,494
JP304_PC726_WC22,JP304,NA,NA,PC726,TAAGCCGAAT,WC22,CTTCAATAGC,NA,JP304_P1,human_mouse_droso,CC4_CC5_CC6_CC7,AML_AML_AML_AML,no,no,no,no,no,no,no,21.8,494
JP304_PC726_WC23,JP304,NA,NA,PC726,TAAGCCGAAT,WC23,CGGATGCTGA,NA,JP304_P1,human_mouse_droso,CC4_CC5_CC6_CC7,AML_AML_AML_AML,no,no,no,no,no,no,no,21.8,494
JP304_PC726_WC24,JP304,NA,NA,PC726,TAAGCCGAAT,WC24,CCACCACCTA,NA,JP304_P1,human_mouse_droso,CC4_CC5_CC6_CC7,AML_AML_AML_AML,no,no,no,no,no,no,no,21.8,494
JP304_PC726_WC25,JP304,NA,NA,PC726,TAAGCCGAAT,WC25,ATCCGATCTT,NA,JP304_P1,human_mouse_droso,CC4_CC5_CC6_CC7,AML_AML_AML_AML,no,no,no,no,no,no,no,21.8,494
JP304_PC726_WC26,JP304,NA,NA,PC726,TAAGCCGAAT,WC26,CGGACGTTAA,NA,JP304_P1,human_mouse_droso,CC4_CC5_CC6_CC7,AML_AML_AML_AML,no,no,no,no,no,no,no,21.8,494
JP304_PC726_WC27,JP304,NA,NA,PC726,TAAGCCGAAT,WC27,GATCGGTAAT,NA,JP304_P1,human_mouse_droso,CC4_CC5_CC6_CC7,AML_AML_AML_AML,no,no,no,no,no,no,no,21.8,494
JP304_PC726_WC28,JP304,NA,NA,PC726,TAAGCCGAAT,WC28,ACGATGCAAC,NA,JP304_P1,human_mouse_droso,CC4_CC5_CC6_CC7,AML_AML_AML_AML,no,no,no,no,no,no,no,21.8,494
JP304_PC726_WC29,JP304,NA,NA,PC726,TAAGCCGAAT,WC29,AACGTCCAGT,NA,JP304_P1,human_mouse_droso,CC4_CC5_CC6_CC7,AML_AML_AML_AML,no,no,no,no,no,no,no,21.8,494
JP304_PC726_WC30,JP304,NA,NA,PC726,TAAGCCGAAT,WC30,ACACGAACAA,NA,JP304_P1,human_mouse_droso,CC4_CC5_CC6_CC7,AML_AML_AML_AML,no,no,no,no,no,no,no,21.8,494
JP304_PC726_WC31,JP304,NA,NA,PC726,TAAGCCGAAT,WC31,CTCAGTCCGT,NA,JP304_P1,human_mouse_droso,CC4_CC5_CC6_CC7,AML_AML_AML_AML,no,no,no,no,no,no,no,21.8,494
JP304_PC726_WC32,JP304,NA,NA,PC726,TAAGCCGAAT,WC32,TATGACGGTG,NA,JP304_P1,human_mouse_droso,CC4_CC5_CC6_CC7,AML_AML_AML_AML,no,no,no,no,no,no,no,21.8,494
JP304_PC726_WC33,JP304,NA,NA,PC726,TAAGCCGAAT,WC33,ACACAACTAC,NA,JP304_P1,human_mouse_droso,CC4_CC5_CC6_CC7,AML_AML_AML_AML,no,no,no,no,no,no,no,21.8,494
JP304_PC726_WC34,JP304,NA,NA,PC726,TAAGCCGAAT,WC34,AAGGACTCAG,NA,JP304_P1,human_mouse_droso,CC4_CC5_CC6_CC7,AML_AML_AML_AML,no,no,no,no,no,no,no,21.8,494
JP304_PC726_WC35,JP304,NA,NA,PC726,TAAGCCGAAT,WC35,GCAACTGTGA,NA,JP304_P1,human_mouse_droso,CC4_CC5_CC6_CC7,AML_AML_AML_AML,no,no,no,no,no,no,no,21.8,494
JP304_PC726_WC36,JP304,NA,NA,PC726,TAAGCCGAAT,WC36,CGCTTACAAT,NA,JP304_P1,human_mouse_droso,CC4_CC5_CC6_CC7,AML_AML_AML_AML,no,no,no,no,no,no,no,21.8,494
JP304_PC726_WC37,JP304,NA,NA,PC726,TAAGCCGAAT,WC37,AGAGAGACCG,NA,JP304_P1,human_mouse_droso,CC4_CC5_CC6_CC7,AML_AML_AML_AML,no,no,no,no,no,no,no,21.8,494
JP304_PC726_WC38,JP304,NA,NA,PC726,TAAGCCGAAT,WC38,CATTGCTGTT,NA,JP304_P1,human_mouse_droso,CC4_CC5_CC6_CC7,AML_AML_AML_AML,no,no,no,no,no,no,no,21.8,494
JP304_PC726_WC39,JP304,NA,NA,PC726,TAAGCCGAAT,WC39,GCAACACGGA,NA,JP304_P1,human_mouse_droso,CC4_CC5_CC6_CC7,AML_AML_AML_AML,no,no,no,no,no,no,no,21.8,494
JP304_PC726_WC40,JP304,NA,NA,PC726,TAAGCCGAAT,WC40,TCACTTCGCA,NA,JP304_P1,human_mouse_droso,CC4_CC5_CC6_CC7,AML_AML_AML_AML,no,no,no,no,no,no,no,21.8,494
JP304_PC726_WC41,JP304,NA,NA,PC726,TAAGCCGAAT,WC41,AATAGCTGTG,NA,JP304_P1,human_mouse_droso,CC4_CC5_CC6_CC7,AML_AML_AML_AML,no,no,no,no,no,no,no,21.8,494
JP304_PC726_WC42,JP304,NA,NA,PC726,TAAGCCGAAT,WC42,GAACACTATC,NA,JP304_P1,human_mouse_droso,CC4_CC5_CC6_CC7,AML_AML_AML_AML,no,no,no,no,no,no,no,21.8,494
JP304_PC726_WC43,JP304,NA,NA,PC726,TAAGCCGAAT,WC43,CTGGTAGCTA,NA,JP304_P1,human_mouse_droso,CC4_CC5_CC6_CC7,AML_AML_AML_AML,no,no,no,no,no,no,no,21.8,494
JP304_PC726_WC44,JP304,NA,NA,PC726,TAAGCCGAAT,WC44,TGCGTGAGCA,NA,JP304_P1,human_mouse_droso,CC4_CC5_CC6_CC7,AML_AML_AML_AML,no,no,no,no,no,no,no,21.8,494
JP304_PC726_WC45,JP304,NA,NA,PC726,TAAGCCGAAT,WC45,TAGCACACTT,NA,JP304_P1,human_mouse_droso,CC4_CC5_CC6_CC7,AML_AML_AML_AML,no,no,no,no,no,no,no,21.8,494
JP304_PC726_WC46,JP304,NA,NA,PC726,TAAGCCGAAT,WC46,CAGACGATGA,NA,JP304_P1,human_mouse_droso,CC4_CC5_CC6_CC7,AML_AML_AML_AML,no,no,no,no,no,no,no,21.8,494
JP304_PC726_WC47,JP304,NA,NA,PC726,TAAGCCGAAT,WC47,CGGAGCATCT,NA,JP304_P1,human_mouse_droso,CC4_CC5_CC6_CC7,AML_AML_AML_AML,no,no,no,no,no,no,no,21.8,494
JP304_PC726_WC48,JP304,NA,NA,PC726,TAAGCCGAAT,WC48,CGCTTGGTTC,NA,JP304_P1,human_mouse_droso,CC4_CC5_CC6_CC7,AML_AML_AML_AML,no,no,no,no,no,no,no,21.8,494
JP304_PC726_WC49,JP304,NA,NA,PC726,TAAGCCGAAT,WC49,CTTGAAGAGG,NA,JP304_P1,human_mouse_droso,CC4_CC5_CC6_CC7,AML_AML_AML_AML,no,no,no,no,no,no,no,21.8,494
JP304_PC726_WC50,JP304,NA,NA,PC726,TAAGCCGAAT,WC50,AGATGCGACG,NA,JP304_P1,human_mouse_droso,CC4_CC5_CC6_CC7,AML_AML_AML_AML,no,no,no,no,no,no,no,21.8,494
JP304_PC726_WC51,JP304,NA,NA,PC726,TAAGCCGAAT,WC51,GAACGTTCGG,NA,JP304_P1,human_mouse_droso,CC4_CC5_CC6_CC7,AML_AML_AML_AML,no,no,no,no,no,no,no,21.8,494
JP304_PC726_WC52,JP304,NA,NA,PC726,TAAGCCGAAT,WC52,AACGCCATTC,NA,JP304_P1,human_mouse_droso,CC4_CC5_CC6_CC7,AML_AML_AML_AML,no,no,no,no,no,no,no,21.8,494
JP304_PC726_WC53,JP304,NA,NA,PC726,TAAGCCGAAT,WC53,TCCTGAACTT,NA,JP304_P1,human_mouse_droso,CC4_CC5_CC6_CC7,AML_AML_AML_AML,no,no,no,no,no,no,no,21.8,494
JP304_PC726_WC54,JP304,NA,NA,PC726,TAAGCCGAAT,WC54,ACAATTGGTC,NA,JP304_P1,human_mouse_droso,CC4_CC5_CC6_CC7,AML_AML_AML_AML,no,no,no,no,no,no,no,21.8,494
JP304_PC726_WC55,JP304,NA,NA,PC726,TAAGCCGAAT,WC55,GTCACAGACA,NA,JP304_P1,human_mouse_droso,CC4_CC5_CC6_CC7,AML_AML_AML_AML,no,no,no,no,no,no,no,21.8,494
JP304_PC726_WC56,JP304,NA,NA,PC726,TAAGCCGAAT,WC56,GCCAATGTTC,NA,JP304_P1,human_mouse_droso,CC4_CC5_CC6_CC7,AML_AML_AML_AML,no,no,no,no,no,no,no,21.8,494
JP304_PC726_WC57,JP304,NA,NA,PC726,TAAGCCGAAT,WC57,TAGTGTTACG,NA,JP304_P1,human_mouse_droso,CC4_CC5_CC6_CC7,AML_AML_AML_AML,no,no,no,no,no,no,no,21.8,494
JP304_PC726_WC58,JP304,NA,NA,PC726,TAAGCCGAAT,WC58,TTGGAAGTAC,NA,JP304_P1,human_mouse_droso,CC4_CC5_CC6_CC7,AML_AML_AML_AML,no,no,no,no,no,no,no,21.8,494
JP304_PC726_WC59,JP304,NA,NA,PC726,TAAGCCGAAT,WC59,AAGACGCTAA,NA,JP304_P1,human_mouse_droso,CC4_CC5_CC6_CC7,AML_AML_AML_AML,no,no,no,no,no,no,no,21.8,494
JP304_PC726_WC60,JP304,NA,NA,PC726,TAAGCCGAAT,WC60,AGACGGTCAA,NA,JP304_P1,human_mouse_droso,CC4_CC5_CC6_CC7,AML_AML_AML_AML,no,no,no,no,no,no,no,21.8,494
JP304_PC726_WC61,JP304,NA,NA,PC726,TAAGCCGAAT,WC61,GAGAAGCCGT,NA,JP304_P1,human_mouse_droso,CC4_CC5_CC6_CC7,AML_AML_AML_AML,no,no,no,no,no,no,no,21.8,494
JP304_PC726_WC62,JP304,NA,NA,PC726,TAAGCCGAAT,WC62,ATACATCGCA,NA,JP304_P1,human_mouse_droso,CC4_CC5_CC6_CC7,AML_AML_AML_AML,no,no,no,no,no,no,no,21.8,494
JP304_PC726_WC63,JP304,NA,NA,PC726,TAAGCCGAAT,WC63,TGCTGAACGC,NA,JP304_P1,human_mouse_droso,CC4_CC5_CC6_CC7,AML_AML_AML_AML,no,no,no,no,no,no,no,21.8,494
JP304_PC726_WC64,JP304,NA,NA,PC726,TAAGCCGAAT,WC64,CTTCCTAGGC,NA,JP304_P1,human_mouse_droso,CC4_CC5_CC6_CC7,AML_AML_AML_AML,no,no,no,no,no,no,no,21.8,494
JP304_PC726_WC65,JP304,NA,NA,PC726,TAAGCCGAAT,WC65,CGTTGGTAAC,NA,JP304_P1,human_mouse_droso,CC4_CC5_CC6_CC7,AML_AML_AML_AML,no,no,no,no,no,no,no,21.8,494
JP304_PC726_WC66,JP304,NA,NA,PC726,TAAGCCGAAT,WC66,CTTGGTTCGT,NA,JP304_P1,human_mouse_droso,CC4_CC5_CC6_CC7,AML_AML_AML_AML,no,no,no,no,no,no,no,21.8,494
JP304_PC726_WC67,JP304,NA,NA,PC726,TAAGCCGAAT,WC67,GACTTGCGTG,NA,JP304_P1,human_mouse_droso,CC4_CC5_CC6_CC7,AML_AML_AML_AML,no,no,no,no,no,no,no,21.8,494
JP304_PC726_WC68,JP304,NA,NA,PC726,TAAGCCGAAT,WC68,CTTCTCCAGC,NA,JP304_P1,human_mouse_droso,CC4_CC5_CC6_CC7,AML_AML_AML_AML,no,no,no,no,no,no,no,21.8,494
JP304_PC726_WC69,JP304,NA,NA,PC726,TAAGCCGAAT,WC69,CGTACACTGG,NA,JP304_P1,human_mouse_droso,CC4_CC5_CC6_CC7,AML_AML_AML_AML,no,no,no,no,no,no,no,21.8,494
JP304_PC726_WC70,JP304,NA,NA,PC726,TAAGCCGAAT,WC70,TCGCATCAAC,NA,JP304_P1,human_mouse_droso,CC4_CC5_CC6_CC7,AML_AML_AML_AML,no,no,no,no,no,no,no,21.8,494
JP304_PC726_WC71,JP304,NA,NA,PC726,TAAGCCGAAT,WC71,ATAACAAGCG,NA,JP304_P1,human_mouse_droso,CC4_CC5_CC6_CC7,AML_AML_AML_AML,no,no,no,no,no,no,no,21.8,494
JP304_PC726_WC72,JP304,NA,NA,PC726,TAAGCCGAAT,WC72,TGAACGTTAC,NA,JP304_P1,human_mouse_droso,CC4_CC5_CC6_CC7,AML_AML_AML_AML,no,no,no,no,no,no,no,21.8,494
JP304_PC726_WC73,JP304,NA,NA,PC726,TAAGCCGAAT,WC73,GAAGACTCGG,NA,JP304_P1,human_mouse_droso,CC4_CC5_CC6_CC7,AML_AML_AML_AML,no,no,no,no,no,no,no,21.8,494
JP304_PC726_WC74,JP304,NA,NA,PC726,TAAGCCGAAT,WC74,TAGCGCAATA,NA,JP304_P1,human_mouse_droso,CC4_CC5_CC6_CC7,AML_AML_AML_AML,no,no,no,no,no,no,no,21.8,494
JP304_PC726_WC75,JP304,NA,NA,PC726,TAAGCCGAAT,WC75,TTAGACCACA,NA,JP304_P1,human_mouse_droso,CC4_CC5_CC6_CC7,AML_AML_AML_AML,no,no,no,no,no,no,no,21.8,494
JP304_PC726_WC76,JP304,NA,NA,PC726,TAAGCCGAAT,WC76,CGTAGACGTG,NA,JP304_P1,human_mouse_droso,CC4_CC5_CC6_CC7,AML_AML_AML_AML,no,no,no,no,no,no,no,21.8,494
JP304_PC726_WC77,JP304,NA,NA,PC726,TAAGCCGAAT,WC77,TCACTGGACT,NA,JP304_P1,human_mouse_droso,CC4_CC5_CC6_CC7,AML_AML_AML_AML,no,no,no,no,no,no,no,21.8,494
JP304_PC726_WC78,JP304,NA,NA,PC726,TAAGCCGAAT,WC78,GACCAAGCAT,NA,JP304_P1,human_mouse_droso,CC4_CC5_CC6_CC7,AML_AML_AML_AML,no,no,no,no,no,no,no,21.8,494
JP304_PC726_WC79,JP304,NA,NA,PC726,TAAGCCGAAT,WC79,GCGAGTATCA,NA,JP304_P1,human_mouse_droso,CC4_CC5_CC6_CC7,AML_AML_AML_AML,no,no,no,no,no,no,no,21.8,494
JP304_PC726_WC80,JP304,NA,NA,PC726,TAAGCCGAAT,WC80,CTCTCGATAA,NA,JP304_P1,human_mouse_droso,CC4_CC5_CC6_CC7,AML_AML_AML_AML,no,no,no,no,no,no,no,21.8,494
JP304_PC726_WC81,JP304,NA,NA,PC726,TAAGCCGAAT,WC81,AATACTGGCA,NA,JP304_P1,human_mouse_droso,CC4_CC5_CC6_CC7,AML_AML_AML_AML,no,no,no,no,no,no,no,21.8,494
JP304_PC726_WC82,JP304,NA,NA,PC726,TAAGCCGAAT,WC82,TATGCAACTC,NA,JP304_P1,human_mouse_droso,CC4_CC5_CC6_CC7,AML_AML_AML_AML,no,no,no,no,no,no,no,21.8,494
JP304_PC726_WC83,JP304,NA,NA,PC726,TAAGCCGAAT,WC83,ATGCTAGTGT,NA,JP304_P1,human_mouse_droso,CC4_CC5_CC6_CC7,AML_AML_AML_AML,no,no,no,no,no,no,no,21.8,494
JP304_PC726_WC84,JP304,NA,NA,PC726,TAAGCCGAAT,WC84,CCATTAGAAC,NA,JP304_P1,human_mouse_droso,CC4_CC5_CC6_CC7,AML_AML_AML_AML,no,no,no,no,no,no,no,21.8,494
JP304_PC726_WC85,JP304,NA,NA,PC726,TAAGCCGAAT,WC85,AACGTGAACG,NA,JP304_P1,human_mouse_droso,CC4_CC5_CC6_CC7,AML_AML_AML_AML,no,no,no,no,no,no,no,21.8,494
JP304_PC726_WC86,JP304,NA,NA,PC726,TAAGCCGAAT,WC86,TAACGCAGTC,NA,JP304_P1,human_mouse_droso,CC4_CC5_CC6_CC7,AML_AML_AML_AML,no,no,no,no,no,no,no,21.8,494
JP304_PC726_WC87,JP304,NA,NA,PC726,TAAGCCGAAT,WC87,CCATAAGCCA,NA,JP304_P1,human_mouse_droso,CC4_CC5_CC6_CC7,AML_AML_AML_AML,no,no,no,no,no,no,no,21.8,494
JP304_PC726_WC88,JP304,NA,NA,PC726,TAAGCCGAAT,WC88,GTGCCTCTGA,NA,JP304_P1,human_mouse_droso,CC4_CC5_CC6_CC7,AML_AML_AML_AML,no,no,no,no,no,no,no,21.8,494
JP304_PC726_WC89,JP304,NA,NA,PC726,TAAGCCGAAT,WC89,TAGCCTAGCG,NA,JP304_P1,human_mouse_droso,CC4_CC5_CC6_CC7,AML_AML_AML_AML,no,no,no,no,no,no,no,21.8,494
JP304_PC726_WC90,JP304,NA,NA,PC726,TAAGCCGAAT,WC90,TGTTACGGTT,NA,JP304_P1,human_mouse_droso,CC4_CC5_CC6_CC7,AML_AML_AML_AML,no,no,no,no,no,no,no,21.8,494
JP304_PC726_WC91,JP304,NA,NA,PC726,TAAGCCGAAT,WC91,TCATACCAAG,NA,JP304_P1,human_mouse_droso,CC4_CC5_CC6_CC7,AML_AML_AML_AML,no,no,no,no,no,no,no,21.8,494
JP304_PC726_WC92,JP304,NA,NA,PC726,TAAGCCGAAT,WC92,CGGATCTACA,NA,JP304_P1,human_mouse_droso,CC4_CC5_CC6_CC7,AML_AML_AML_AML,no,no,no,no,no,no,no,21.8,494
JP304_PC726_WC93,JP304,NA,NA,PC726,TAAGCCGAAT,WC93,CGGTAGAGTT,NA,JP304_P1,human_mouse_droso,CC4_CC5_CC6_CC7,AML_AML_AML_AML,no,no,no,no,no,no,no,21.8,494
JP304_PC726_WC94,JP304,NA,NA,PC726,TAAGCCGAAT,WC94,GAATGTCACG,NA,JP304_P1,human_mouse_droso,CC4_CC5_CC6_CC7,AML_AML_AML_AML,no,no,no,no,no,no,no,21.8,494
JP304_PC726_WC95,JP304,NA,NA,PC726,TAAGCCGAAT,WC95,CCTGGTACAG,NA,JP304_P1,human_mouse_droso,CC4_CC5_CC6_CC7,AML_AML_AML_AML,no,no,no,no,no,no,no,21.8,494
JP304_PC726_WC96,JP304,NA,NA,PC726,TAAGCCGAAT,WC96,CGGAACCAGT,NA,JP304_P1,human_mouse_droso,CC4_CC5_CC6_CC7,AML_AML_AML_AML,no,no,no,no,no,no,no,21.8,494
JP304_PC727_WC1,JP304,NA,NA,PC727,AGATACCGCG,WC1,GATTCACGAC,NA,JP304_P2,human_mouse_droso,CC4_CC5_CC6_CC7,AML_AML_AML_AML,no,no,no,no,no,no,no,25,487
JP304_PC727_WC2,JP304,NA,NA,PC727,AGATACCGCG,WC2,CGTAGAACAG,NA,JP304_P2,human_mouse_droso,CC4_CC5_CC6_CC7,AML_AML_AML_AML,no,no,no,no,no,no,no,25,487
JP304_PC727_WC3,JP304,NA,NA,PC727,AGATACCGCG,WC3,ACCTAAGAGC,NA,JP304_P2,human_mouse_droso,CC4_CC5_CC6_CC7,AML_AML_AML_AML,no,no,no,no,no,no,no,25,487
JP304_PC727_WC4,JP304,NA,NA,PC727,AGATACCGCG,WC4,ATGGCTTCTA,NA,JP304_P2,human_mouse_droso,CC4_CC5_CC6_CC7,AML_AML_AML_AML,no,no,no,no,no,no,no,25,487
JP304_PC727_WC5,JP304,NA,NA,PC727,AGATACCGCG,WC5,TACCTAAGTG,NA,JP304_P2,human_mouse_droso,CC4_CC5_CC6_CC7,AML_AML_AML_AML,no,no,no,no,no,no,no,25,487
JP304_PC727_WC6,JP304,NA,NA,PC727,AGATACCGCG,WC6,CCTTACCTAT,NA,JP304_P2,human_mouse_droso,CC4_CC5_CC6_CC7,AML_AML_AML_AML,no,no,no,no,no,no,no,25,487
JP304_PC727_WC7,JP304,NA,NA,PC727,AGATACCGCG,WC7,ATATAAGGCG,NA,JP304_P2,human_mouse_droso,CC4_CC5_CC6_CC7,AML_AML_AML_AML,no,no,no,no,no,no,no,25,487
JP304_PC727_WC8,JP304,NA,NA,PC727,AGATACCGCG,WC8,AGCATCGTGC,NA,JP304_P2,human_mouse_droso,CC4_CC5_CC6_CC7,AML_AML_AML_AML,no,no,no,no,no,no,no,25,487
JP304_PC727_WC9,JP304,NA,NA,PC727,AGATACCGCG,WC9,CTGGCATATT,NA,JP304_P2,human_mouse_droso,CC4_CC5_CC6_CC7,AML_AML_AML_AML,no,no,no,no,no,no,no,25,487
JP304_PC727_WC10,JP304,NA,NA,PC727,AGATACCGCG,WC10,CGTGACTCTA,NA,JP304_P2,human_mouse_droso,CC4_CC5_CC6_CC7,AML_AML_AML_AML,no,no,no,no,no,no,no,25,487
JP304_PC727_WC11,JP304,NA,NA,PC727,AGATACCGCG,WC11,GACCTGTTAA,NA,JP304_P2,human_mouse_droso,CC4_CC5_CC6_CC7,AML_AML_AML_AML,no,no,no,no,no,no,no,25,487
JP304_PC727_WC12,JP304,NA,NA,PC727,AGATACCGCG,WC12,TGGCTCATGT,NA,JP304_P2,human_mouse_droso,CC4_CC5_CC6_CC7,AML_AML_AML_AML,no,no,no,no,no,no,no,25,487
JP304_PC727_WC13,JP304,NA,NA,PC727,AGATACCGCG,WC13,AGAACCTCGC,NA,JP304_P2,human_mouse_droso,CC4_CC5_CC6_CC7,AML_AML_AML_AML,no,no,no,no,no,no,no,25,487
JP304_PC727_WC14,JP304,NA,NA,PC727,AGATACCGCG,WC14,CCTACGGACA,NA,JP304_P2,human_mouse_droso,CC4_CC5_CC6_CC7,AML_AML_AML_AML,no,no,no,no,no,no,no,25,487
JP304_PC727_WC15,JP304,NA,NA,PC727,AGATACCGCG,WC15,AGGCATAATG,NA,JP304_P2,human_mouse_droso,CC4_CC5_CC6_CC7,AML_AML_AML_AML,no,no,no,no,no,no,no,25,487
JP304_PC727_WC16,JP304,NA,NA,PC727,AGATACCGCG,WC16,CAACAGTGGA,NA,JP304_P2,human_mouse_droso,CC4_CC5_CC6_CC7,AML_AML_AML_AML,no,no,no,no,no,no,no,25,487
JP304_PC727_WC17,JP304,NA,NA,PC727,AGATACCGCG,WC17,TGTCGTTAAG,NA,JP304_P2,human_mouse_droso,CC4_CC5_CC6_CC7,AML_AML_AML_AML,no,no,no,no,no,no,no,25,487
JP304_PC727_WC18,JP304,NA,NA,PC727,AGATACCGCG,WC18,AGCTCGAGGA,NA,JP304_P2,human_mouse_droso,CC4_CC5_CC6_CC7,AML_AML_AML_AML,no,no,no,no,no,no,no,25,487
JP304_PC727_WC19,JP304,NA,NA,PC727,AGATACCGCG,WC19,ACATTACTCG,NA,JP304_P2,human_mouse_droso,CC4_CC5_CC6_CC7,AML_AML_AML_AML,no,no,no,no,no,no,no,25,487
JP304_PC727_WC20,JP304,NA,NA,PC727,AGATACCGCG,WC20,CATACCGCTG,NA,JP304_P2,human_mouse_droso,CC4_CC5_CC6_CC7,AML_AML_AML_AML,no,no,no,no,no,no,no,25,487
JP304_PC727_WC21,JP304,NA,NA,PC727,AGATACCGCG,WC21,TGCAAGTAGC,NA,JP304_P2,human_mouse_droso,CC4_CC5_CC6_CC7,AML_AML_AML_AML,no,no,no,no,no,no,no,25,487
JP304_PC727_WC22,JP304,NA,NA,PC727,AGATACCGCG,WC22,CTTCAATAGC,NA,JP304_P2,human_mouse_droso,CC4_CC5_CC6_CC7,AML_AML_AML_AML,no,no,no,no,no,no,no,25,487
JP304_PC727_WC23,JP304,NA,NA,PC727,AGATACCGCG,WC23,CGGATGCTGA,NA,JP304_P2,human_mouse_droso,CC4_CC5_CC6_CC7,AML_AML_AML_AML,no,no,no,no,no,no,no,25,487
JP304_PC727_WC24,JP304,NA,NA,PC727,AGATACCGCG,WC24,CCACCACCTA,NA,JP304_P2,human_mouse_droso,CC4_CC5_CC6_CC7,AML_AML_AML_AML,no,no,no,no,no,no,no,25,487
JP304_PC727_WC25,JP304,NA,NA,PC727,AGATACCGCG,WC25,ATCCGATCTT,NA,JP304_P2,human_mouse_droso,CC4_CC5_CC6_CC7,AML_AML_AML_AML,no,no,no,no,no,no,no,25,487
JP304_PC727_WC26,JP304,NA,NA,PC727,AGATACCGCG,WC26,CGGACGTTAA,NA,JP304_P2,human_mouse_droso,CC4_CC5_CC6_CC7,AML_AML_AML_AML,no,no,no,no,no,no,no,25,487
JP304_PC727_WC27,JP304,NA,NA,PC727,AGATACCGCG,WC27,GATCGGTAAT,NA,JP304_P2,human_mouse_droso,CC4_CC5_CC6_CC7,AML_AML_AML_AML,no,no,no,no,no,no,no,25,487
JP304_PC727_WC28,JP304,NA,NA,PC727,AGATACCGCG,WC28,ACGATGCAAC,NA,JP304_P2,human_mouse_droso,CC4_CC5_CC6_CC7,AML_AML_AML_AML,no,no,no,no,no,no,no,25,487
JP304_PC727_WC29,JP304,NA,NA,PC727,AGATACCGCG,WC29,AACGTCCAGT,NA,JP304_P2,human_mouse_droso,CC4_CC5_CC6_CC7,AML_AML_AML_AML,no,no,no,no,no,no,no,25,487
JP304_PC727_WC30,JP304,NA,NA,PC727,AGATACCGCG,WC30,ACACGAACAA,NA,JP304_P2,human_mouse_droso,CC4_CC5_CC6_CC7,AML_AML_AML_AML,no,no,no,no,no,no,no,25,487
JP304_PC727_WC31,JP304,NA,NA,PC727,AGATACCGCG,WC31,CTCAGTCCGT,NA,JP304_P2,human_mouse_droso,CC4_CC5_CC6_CC7,AML_AML_AML_AML,no,no,no,no,no,no,no,25,487
JP304_PC727_WC32,JP304,NA,NA,PC727,AGATACCGCG,WC32,TATGACGGTG,NA,JP304_P2,human_mouse_droso,CC4_CC5_CC6_CC7,AML_AML_AML_AML,no,no,no,no,no,no,no,25,487
JP304_PC727_WC33,JP304,NA,NA,PC727,AGATACCGCG,WC33,ACACAACTAC,NA,JP304_P2,human_mouse_droso,CC4_CC5_CC6_CC7,AML_AML_AML_AML,no,no,no,no,no,no,no,25,487
JP304_PC727_WC34,JP304,NA,NA,PC727,AGATACCGCG,WC34,AAGGACTCAG,NA,JP304_P2,human_mouse_droso,CC4_CC5_CC6_CC7,AML_AML_AML_AML,no,no,no,no,no,no,no,25,487
JP304_PC727_WC35,JP304,NA,NA,PC727,AGATACCGCG,WC35,GCAACTGTGA,NA,JP304_P2,human_mouse_droso,CC4_CC5_CC6_CC7,AML_AML_AML_AML,no,no,no,no,no,no,no,25,487
JP304_PC727_WC36,JP304,NA,NA,PC727,AGATACCGCG,WC36,CGCTTACAAT,NA,JP304_P2,human_mouse_droso,CC4_CC5_CC6_CC7,AML_AML_AML_AML,no,no,no,no,no,no,no,25,487
JP304_PC727_WC37,JP304,NA,NA,PC727,AGATACCGCG,WC37,AGAGAGACCG,NA,JP304_P2,human_mouse_droso,CC4_CC5_CC6_CC7,AML_AML_AML_AML,no,no,no,no,no,no,no,25,487
JP304_PC727_WC38,JP304,NA,NA,PC727,AGATACCGCG,WC38,CATTGCTGTT,NA,JP304_P2,human_mouse_droso,CC4_CC5_CC6_CC7,AML_AML_AML_AML,no,no,no,no,no,no,no,25,487
JP304_PC727_WC39,JP304,NA,NA,PC727,AGATACCGCG,WC39,GCAACACGGA,NA,JP304_P2,human_mouse_droso,CC4_CC5_CC6_CC7,AML_AML_AML_AML,no,no,no,no,no,no,no,25,487
JP304_PC727_WC40,JP304,NA,NA,PC727,AGATACCGCG,WC40,TCACTTCGCA,NA,JP304_P2,human_mouse_droso,CC4_CC5_CC6_CC7,AML_AML_AML_AML,no,no,no,no,no,no,no,25,487
JP304_PC727_WC41,JP304,NA,NA,PC727,AGATACCGCG,WC41,AATAGCTGTG,NA,JP304_P2,human_mouse_droso,CC4_CC5_CC6_CC7,AML_AML_AML_AML,no,no,no,no,no,no,no,25,487
JP304_PC727_WC42,JP304,NA,NA,PC727,AGATACCGCG,WC42,GAACACTATC,NA,JP304_P2,human_mouse_droso,CC4_CC5_CC6_CC7,AML_AML_AML_AML,no,no,no,no,no,no,no,25,487
JP304_PC727_WC43,JP304,NA,NA,PC727,AGATACCGCG,WC43,CTGGTAGCTA,NA,JP304_P2,human_mouse_droso,CC4_CC5_CC6_CC7,AML_AML_AML_AML,no,no,no,no,no,no,no,25,487
JP304_PC727_WC44,JP304,NA,NA,PC727,AGATACCGCG,WC44,TGCGTGAGCA,NA,JP304_P2,human_mouse_droso,CC4_CC5_CC6_CC7,AML_AML_AML_AML,no,no,no,no,no,no,no,25,487
JP304_PC727_WC45,JP304,NA,NA,PC727,AGATACCGCG,WC45,TAGCACACTT,NA,JP304_P2,human_mouse_droso,CC4_CC5_CC6_CC7,AML_AML_AML_AML,no,no,no,no,no,no,no,25,487
JP304_PC727_WC46,JP304,NA,NA,PC727,AGATACCGCG,WC46,CAGACGATGA,NA,JP304_P2,human_mouse_droso,CC4_CC5_CC6_CC7,AML_AML_AML_AML,no,no,no,no,no,no,no,25,487
JP304_PC727_WC47,JP304,NA,NA,PC727,AGATACCGCG,WC47,CGGAGCATCT,NA,JP304_P2,human_mouse_droso,CC4_CC5_CC6_CC7,AML_AML_AML_AML,no,no,no,no,no,no,no,25,487
JP304_PC727_WC48,JP304,NA,NA,PC727,AGATACCGCG,WC48,CGCTTGGTTC,NA,JP304_P2,human_mouse_droso,CC4_CC5_CC6_CC7,AML_AML_AML_AML,no,no,no,no,no,no,no,25,487
JP304_PC727_WC49,JP304,NA,NA,PC727,AGATACCGCG,WC49,CTTGAAGAGG,NA,JP304_P2,human_mouse_droso,CC4_CC5_CC6_CC7,AML_AML_AML_AML,no,no,no,no,no,no,no,25,487
JP304_PC727_WC50,JP304,NA,NA,PC727,AGATACCGCG,WC50,AGATGCGACG,NA,JP304_P2,human_mouse_droso,CC4_CC5_CC6_CC7,AML_AML_AML_AML,no,no,no,no,no,no,no,25,487
JP304_PC727_WC51,JP304,NA,NA,PC727,AGATACCGCG,WC51,GAACGTTCGG,NA,JP304_P2,human_mouse_droso,CC4_CC5_CC6_CC7,AML_AML_AML_AML,no,no,no,no,no,no,no,25,487
JP304_PC727_WC52,JP304,NA,NA,PC727,AGATACCGCG,WC52,AACGCCATTC,NA,JP304_P2,human_mouse_droso,CC4_CC5_CC6_CC7,AML_AML_AML_AML,no,no,no,no,no,no,no,25,487
JP304_PC727_WC53,JP304,NA,NA,PC727,AGATACCGCG,WC53,TCCTGAACTT,NA,JP304_P2,human_mouse_droso,CC4_CC5_CC6_CC7,AML_AML_AML_AML,no,no,no,no,no,no,no,25,487
JP304_PC727_WC54,JP304,NA,NA,PC727,AGATACCGCG,WC54,ACAATTGGTC,NA,JP304_P2,human_mouse_droso,CC4_CC5_CC6_CC7,AML_AML_AML_AML,no,no,no,no,no,no,no,25,487
JP304_PC727_WC55,JP304,NA,NA,PC727,AGATACCGCG,WC55,GTCACAGACA,NA,JP304_P2,human_mouse_droso,CC4_CC5_CC6_CC7,AML_AML_AML_AML,no,no,no,no,no,no,no,25,487
JP304_PC727_WC56,JP304,NA,NA,PC727,AGATACCGCG,WC56,GCCAATGTTC,NA,JP304_P2,human_mouse_droso,CC4_CC5_CC6_CC7,AML_AML_AML_AML,no,no,no,no,no,no,no,25,487
JP304_PC727_WC57,JP304,NA,NA,PC727,AGATACCGCG,WC57,TAGTGTTACG,NA,JP304_P2,human_mouse_droso,CC4_CC5_CC6_CC7,AML_AML_AML_AML,no,no,no,no,no,no,no,25,487
JP304_PC727_WC58,JP304,NA,NA,PC727,AGATACCGCG,WC58,TTGGAAGTAC,NA,JP304_P2,human_mouse_droso,CC4_CC5_CC6_CC7,AML_AML_AML_AML,no,no,no,no,no,no,no,25,487
JP304_PC727_WC59,JP304,NA,NA,PC727,AGATACCGCG,WC59,AAGACGCTAA,NA,JP304_P2,human_mouse_droso,CC4_CC5_CC6_CC7,AML_AML_AML_AML,no,no,no,no,no,no,no,25,487
JP304_PC727_WC60,JP304,NA,NA,PC727,AGATACCGCG,WC60,AGACGGTCAA,NA,JP304_P2,human_mouse_droso,CC4_CC5_CC6_CC7,AML_AML_AML_AML,no,no,no,no,no,no,no,25,487
JP304_PC727_WC61,JP304,NA,NA,PC727,AGATACCGCG,WC61,GAGAAGCCGT,NA,JP304_P2,human_mouse_droso,CC4_CC5_CC6_CC7,AML_AML_AML_AML,no,no,no,no,no,no,no,25,487
JP304_PC727_WC62,JP304,NA,NA,PC727,AGATACCGCG,WC62,ATACATCGCA,NA,JP304_P2,human_mouse_droso,CC4_CC5_CC6_CC7,AML_AML_AML_AML,no,no,no,no,no,no,no,25,487
JP304_PC727_WC63,JP304,NA,NA,PC727,AGATACCGCG,WC63,TGCTGAACGC,NA,JP304_P2,human_mouse_droso,CC4_CC5_CC6_CC7,AML_AML_AML_AML,no,no,no,no,no,no,no,25,487
JP304_PC727_WC64,JP304,NA,NA,PC727,AGATACCGCG,WC64,CTTCCTAGGC,NA,JP304_P2,human_mouse_droso,CC4_CC5_CC6_CC7,AML_AML_AML_AML,no,no,no,no,no,no,no,25,487
JP304_PC727_WC65,JP304,NA,NA,PC727,AGATACCGCG,WC65,CGTTGGTAAC,NA,JP304_P2,human_mouse_droso,CC4_CC5_CC6_CC7,AML_AML_AML_AML,no,no,no,no,no,no,no,25,487
JP304_PC727_WC66,JP304,NA,NA,PC727,AGATACCGCG,WC66,CTTGGTTCGT,NA,JP304_P2,human_mouse_droso,CC4_CC5_CC6_CC7,AML_AML_AML_AML,no,no,no,no,no,no,no,25,487
JP304_PC727_WC67,JP304,NA,NA,PC727,AGATACCGCG,WC67,GACTTGCGTG,NA,JP304_P2,human_mouse_droso,CC4_CC5_CC6_CC7,AML_AML_AML_AML,no,no,no,no,no,no,no,25,487
JP304_PC727_WC68,JP304,NA,NA,PC727,AGATACCGCG,WC68,CTTCTCCAGC,NA,JP304_P2,human_mouse_droso,CC4_CC5_CC6_CC7,AML_AML_AML_AML,no,no,no,no,no,no,no,25,487
JP304_PC727_WC69,JP304,NA,NA,PC727,AGATACCGCG,WC69,CGTACACTGG,NA,JP304_P2,human_mouse_droso,CC4_CC5_CC6_CC7,AML_AML_AML_AML,no,no,no,no,no,no,no,25,487
JP304_PC727_WC70,JP304,NA,NA,PC727,AGATACCGCG,WC70,TCGCATCAAC,NA,JP304_P2,human_mouse_droso,CC4_CC5_CC6_CC7,AML_AML_AML_AML,no,no,no,no,no,no,no,25,487
JP304_PC727_WC71,JP304,NA,NA,PC727,AGATACCGCG,WC71,ATAACAAGCG,NA,JP304_P2,human_mouse_droso,CC4_CC5_CC6_CC7,AML_AML_AML_AML,no,no,no,no,no,no,no,25,487
JP304_PC727_WC72,JP304,NA,NA,PC727,AGATACCGCG,WC72,TGAACGTTAC,NA,JP304_P2,human_mouse_droso,CC4_CC5_CC6_CC7,AML_AML_AML_AML,no,no,no,no,no,no,no,25,487
JP304_PC727_WC73,JP304,NA,NA,PC727,AGATACCGCG,WC73,GAAGACTCGG,NA,JP304_P2,human_mouse_droso,CC4_CC5_CC6_CC7,AML_AML_AML_AML,no,no,no,no,no,no,no,25,487
JP304_PC727_WC74,JP304,NA,NA,PC727,AGATACCGCG,WC74,TAGCGCAATA,NA,JP304_P2,human_mouse_droso,CC4_CC5_CC6_CC7,AML_AML_AML_AML,no,no,no,no,no,no,no,25,487
JP304_PC727_WC75,JP304,NA,NA,PC727,AGATACCGCG,WC75,TTAGACCACA,NA,JP304_P2,human_mouse_droso,CC4_CC5_CC6_CC7,AML_AML_AML_AML,no,no,no,no,no,no,no,25,487
JP304_PC727_WC76,JP304,NA,NA,PC727,AGATACCGCG,WC76,CGTAGACGTG,NA,JP304_P2,human_mouse_droso,CC4_CC5_CC6_CC7,AML_AML_AML_AML,no,no,no,no,no,no,no,25,487
JP304_PC727_WC77,JP304,NA,NA,PC727,AGATACCGCG,WC77,TCACTGGACT,NA,JP304_P2,human_mouse_droso,CC4_CC5_CC6_CC7,AML_AML_AML_AML,no,no,no,no,no,no,no,25,487
JP304_PC727_WC78,JP304,NA,NA,PC727,AGATACCGCG,WC78,GACCAAGCAT,NA,JP304_P2,human_mouse_droso,CC4_CC5_CC6_CC7,AML_AML_AML_AML,no,no,no,no,no,no,no,25,487
JP304_PC727_WC79,JP304,NA,NA,PC727,AGATACCGCG,WC79,GCGAGTATCA,NA,JP304_P2,human_mouse_droso,CC4_CC5_CC6_CC7,AML_AML_AML_AML,no,no,no,no,no,no,no,25,487
JP304_PC727_WC80,JP304,NA,NA,PC727,AGATACCGCG,WC80,CTCTCGATAA,NA,JP304_P2,human_mouse_droso,CC4_CC5_CC6_CC7,AML_AML_AML_AML,no,no,no,no,no,no,no,25,487
JP304_PC727_WC81,JP304,NA,NA,PC727,AGATACCGCG,WC81,AATACTGGCA,NA,JP304_P2,human_mouse_droso,CC4_CC5_CC6_CC7,AML_AML_AML_AML,no,no,no,no,no,no,no,25,487
JP304_PC727_WC82,JP304,NA,NA,PC727,AGATACCGCG,WC82,TATGCAACTC,NA,JP304_P2,human_mouse_droso,CC4_CC5_CC6_CC7,AML_AML_AML_AML,no,no,no,no,no,no,no,25,487
JP304_PC727_WC83,JP304,NA,NA,PC727,AGATACCGCG,WC83,ATGCTAGTGT,NA,JP304_P2,human_mouse_droso,CC4_CC5_CC6_CC7,AML_AML_AML_AML,no,no,no,no,no,no,no,25,487
JP304_PC727_WC84,JP304,NA,NA,PC727,AGATACCGCG,WC84,CCATTAGAAC,NA,JP304_P2,human_mouse_droso,CC4_CC5_CC6_CC7,AML_AML_AML_AML,no,no,no,no,no,no,no,25,487
JP304_PC727_WC85,JP304,NA,NA,PC727,AGATACCGCG,WC85,AACGTGAACG,NA,JP304_P2,human_mouse_droso,CC4_CC5_CC6_CC7,AML_AML_AML_AML,no,no,no,no,no,no,no,25,487
JP304_PC727_WC86,JP304,NA,NA,PC727,AGATACCGCG,WC86,TAACGCAGTC,NA,JP304_P2,human_mouse_droso,CC4_CC5_CC6_CC7,AML_AML_AML_AML,no,no,no,no,no,no,no,25,487
JP304_PC727_WC87,JP304,NA,NA,PC727,AGATACCGCG,WC87,CCATAAGCCA,NA,JP304_P2,human_mouse_droso,CC4_CC5_CC6_CC7,AML_AML_AML_AML,no,no,no,no,no,no,no,25,487
JP304_PC727_WC88,JP304,NA,NA,PC727,AGATACCGCG,WC88,GTGCCTCTGA,NA,JP304_P2,human_mouse_droso,CC4_CC5_CC6_CC7,AML_AML_AML_AML,no,no,no,no,no,no,no,25,487
JP304_PC727_WC89,JP304,NA,NA,PC727,AGATACCGCG,WC89,TAGCCTAGCG,NA,JP304_P2,human_mouse_droso,CC4_CC5_CC6_CC7,AML_AML_AML_AML,no,no,no,no,no,no,no,25,487
JP304_PC727_WC90,JP304,NA,NA,PC727,AGATACCGCG,WC90,TGTTACGGTT,NA,JP304_P2,human_mouse_droso,CC4_CC5_CC6_CC7,AML_AML_AML_AML,no,no,no,no,no,no,no,25,487
JP304_PC727_WC91,JP304,NA,NA,PC727,AGATACCGCG,WC91,TCATACCAAG,NA,JP304_P2,human_mouse_droso,CC4_CC5_CC6_CC7,AML_AML_AML_AML,no,no,no,no,no,no,no,25,487
JP304_PC727_WC92,JP304,NA,NA,PC727,AGATACCGCG,WC92,CGGATCTACA,NA,JP304_P2,human_mouse_droso,CC4_CC5_CC6_CC7,AML_AML_AML_AML,no,no,no,no,no,no,no,25,487
JP304_PC727_WC93,JP304,NA,NA,PC727,AGATACCGCG,WC93,CGGTAGAGTT,NA,JP304_P2,human_mouse_droso,CC4_CC5_CC6_CC7,AML_AML_AML_AML,no,no,no,no,no,no,no,25,487
JP304_PC727_WC94,JP304,NA,NA,PC727,AGATACCGCG,WC94,GAATGTCACG,NA,JP304_P2,human_mouse_droso,CC4_CC5_CC6_CC7,AML_AML_AML_AML,no,no,no,no,no,no,no,25,487
JP304_PC727_WC95,JP304,NA,NA,PC727,AGATACCGCG,WC95,CCTGGTACAG,NA,JP304_P2,human_mouse_droso,CC4_CC5_CC6_CC7,AML_AML_AML_AML,no,no,no,no,no,no,no,25,487
JP304_PC727_WC96,JP304,NA,NA,PC727,AGATACCGCG,WC96,CGGAACCAGT,NA,JP304_P2,human_mouse_droso,CC4_CC5_CC6_CC7,AML_AML_AML_AML,no,no,no,no,no,no,no,25,487
JP304_PC728_WC1,JP304,NA,NA,PC728,GACGCGGATA,WC1,GATTCACGAC,NA,JP304_P3,human_mouse_droso,CC4_CC5_CC6_CC7,AML_AML_AML_AML,no,no,no,no,no,no,no,22.6,494
JP304_PC728_WC2,JP304,NA,NA,PC728,GACGCGGATA,WC2,CGTAGAACAG,NA,JP304_P3,human_mouse_droso,CC4_CC5_CC6_CC7,AML_AML_AML_AML,no,no,no,no,no,no,no,22.6,494
JP304_PC728_WC3,JP304,NA,NA,PC728,GACGCGGATA,WC3,ACCTAAGAGC,NA,JP304_P3,human_mouse_droso,CC4_CC5_CC6_CC7,AML_AML_AML_AML,no,no,no,no,no,no,no,22.6,494
JP304_PC728_WC4,JP304,NA,NA,PC728,GACGCGGATA,WC4,ATGGCTTCTA,NA,JP304_P3,human_mouse_droso,CC4_CC5_CC6_CC7,AML_AML_AML_AML,no,no,no,no,no,no,no,22.6,494
JP304_PC728_WC5,JP304,NA,NA,PC728,GACGCGGATA,WC5,TACCTAAGTG,NA,JP304_P3,human_mouse_droso,CC4_CC5_CC6_CC7,AML_AML_AML_AML,no,no,no,no,no,no,no,22.6,494
JP304_PC728_WC6,JP304,NA,NA,PC728,GACGCGGATA,WC6,CCTTACCTAT,NA,JP304_P3,human_mouse_droso,CC4_CC5_CC6_CC7,AML_AML_AML_AML,no,no,no,no,no,no,no,22.6,494
JP304_PC728_WC7,JP304,NA,NA,PC728,GACGCGGATA,WC7,ATATAAGGCG,NA,JP304_P3,human_mouse_droso,CC4_CC5_CC6_CC7,AML_AML_AML_AML,no,no,no,no,no,no,no,22.6,494
JP304_PC728_WC8,JP304,NA,NA,PC728,GACGCGGATA,WC8,AGCATCGTGC,NA,JP304_P3,human_mouse_droso,CC4_CC5_CC6_CC7,AML_AML_AML_AML,no,no,no,no,no,no,no,22.6,494
JP304_PC728_WC9,JP304,NA,NA,PC728,GACGCGGATA,WC9,CTGGCATATT,NA,JP304_P3,human_mouse_droso,CC4_CC5_CC6_CC7,AML_AML_AML_AML,no,no,no,no,no,no,no,22.6,494
JP304_PC728_WC10,JP304,NA,NA,PC728,GACGCGGATA,WC10,CGTGACTCTA,NA,JP304_P3,human_mouse_droso,CC4_CC5_CC6_CC7,AML_AML_AML_AML,no,no,no,no,no,no,no,22.6,494
JP304_PC728_WC11,JP304,NA,NA,PC728,GACGCGGATA,WC11,GACCTGTTAA,NA,JP304_P3,human_mouse_droso,CC4_CC5_CC6_CC7,AML_AML_AML_AML,no,no,no,no,no,no,no,22.6,494
JP304_PC728_WC12,JP304,NA,NA,PC728,GACGCGGATA,WC12,TGGCTCATGT,NA,JP304_P3,human_mouse_droso,CC4_CC5_CC6_CC7,AML_AML_AML_AML,no,no,no,no,no,no,no,22.6,494
JP304_PC728_WC13,JP304,NA,NA,PC728,GACGCGGATA,WC13,AGAACCTCGC,NA,JP304_P3,human_mouse_droso,CC4_CC5_CC6_CC7,AML_AML_AML_AML,no,no,no,no,no,no,no,22.6,494
JP304_PC728_WC14,JP304,NA,NA,PC728,GACGCGGATA,WC14,CCTACGGACA,NA,JP304_P3,human_mouse_droso,CC4_CC5_CC6_CC7,AML_AML_AML_AML,no,no,no,no,no,no,no,22.6,494
JP304_PC728_WC15,JP304,NA,NA,PC728,GACGCGGATA,WC15,AGGCATAATG,NA,JP304_P3,human_mouse_droso,CC4_CC5_CC6_CC7,AML_AML_AML_AML,no,no,no,no,no,no,no,22.6,494
JP304_PC728_WC16,JP304,NA,NA,PC728,GACGCGGATA,WC16,CAACAGTGGA,NA,JP304_P3,human_mouse_droso,CC4_CC5_CC6_CC7,AML_AML_AML_AML,no,no,no,no,no,no,no,22.6,494
JP304_PC728_WC17,JP304,NA,NA,PC728,GACGCGGATA,WC17,TGTCGTTAAG,NA,JP304_P3,human_mouse_droso,CC4_CC5_CC6_CC7,AML_AML_AML_AML,no,no,no,no,no,no,no,22.6,494
JP304_PC728_WC18,JP304,NA,NA,PC728,GACGCGGATA,WC18,AGCTCGAGGA,NA,JP304_P3,human_mouse_droso,CC4_CC5_CC6_CC7,AML_AML_AML_AML,no,no,no,no,no,no,no,22.6,494
JP304_PC728_WC19,JP304,NA,NA,PC728,GACGCGGATA,WC19,ACATTACTCG,NA,JP304_P3,human_mouse_droso,CC4_CC5_CC6_CC7,AML_AML_AML_AML,no,no,no,no,no,no,no,22.6,494
JP304_PC728_WC20,JP304,NA,NA,PC728,GACGCGGATA,WC20,CATACCGCTG,NA,JP304_P3,human_mouse_droso,CC4_CC5_CC6_CC7,AML_AML_AML_AML,no,no,no,no,no,no,no,22.6,494
JP304_PC728_WC21,JP304,NA,NA,PC728,GACGCGGATA,WC21,TGCAAGTAGC,NA,JP304_P3,human_mouse_droso,CC4_CC5_CC6_CC7,AML_AML_AML_AML,no,no,no,no,no,no,no,22.6,494
JP304_PC728_WC22,JP304,NA,NA,PC728,GACGCGGATA,WC22,CTTCAATAGC,NA,JP304_P3,human_mouse_droso,CC4_CC5_CC6_CC7,AML_AML_AML_AML,no,no,no,no,no,no,no,22.6,494
JP304_PC728_WC23,JP304,NA,NA,PC728,GACGCGGATA,WC23,CGGATGCTGA,NA,JP304_P3,human_mouse_droso,CC4_CC5_CC6_CC7,AML_AML_AML_AML,no,no,no,no,no,no,no,22.6,494
JP304_PC728_WC24,JP304,NA,NA,PC728,GACGCGGATA,WC24,CCACCACCTA,NA,JP304_P3,human_mouse_droso,CC4_CC5_CC6_CC7,AML_AML_AML_AML,no,no,no,no,no,no,no,22.6,494
JP304_PC728_WC25,JP304,NA,NA,PC728,GACGCGGATA,WC25,ATCCGATCTT,NA,JP304_P3,human_mouse_droso,CC4_CC5_CC6_CC7,AML_AML_AML_AML,no,no,no,no,no,no,no,22.6,494
JP304_PC728_WC26,JP304,NA,NA,PC728,GACGCGGATA,WC26,CGGACGTTAA,NA,JP304_P3,human_mouse_droso,CC4_CC5_CC6_CC7,AML_AML_AML_AML,no,no,no,no,no,no,no,22.6,494
JP304_PC728_WC27,JP304,NA,NA,PC728,GACGCGGATA,WC27,GATCGGTAAT,NA,JP304_P3,human_mouse_droso,CC4_CC5_CC6_CC7,AML_AML_AML_AML,no,no,no,no,no,no,no,22.6,494
JP304_PC728_WC28,JP304,NA,NA,PC728,GACGCGGATA,WC28,ACGATGCAAC,NA,JP304_P3,human_mouse_droso,CC4_CC5_CC6_CC7,AML_AML_AML_AML,no,no,no,no,no,no,no,22.6,494
JP304_PC728_WC29,JP304,NA,NA,PC728,GACGCGGATA,WC29,AACGTCCAGT,NA,JP304_P3,human_mouse_droso,CC4_CC5_CC6_CC7,AML_AML_AML_AML,no,no,no,no,no,no,no,22.6,494
JP304_PC728_WC30,JP304,NA,NA,PC728,GACGCGGATA,WC30,ACACGAACAA,NA,JP304_P3,human_mouse_droso,CC4_CC5_CC6_CC7,AML_AML_AML_AML,no,no,no,no,no,no,no,22.6,494
JP304_PC728_WC31,JP304,NA,NA,PC728,GACGCGGATA,WC31,CTCAGTCCGT,NA,JP304_P3,human_mouse_droso,CC4_CC5_CC6_CC7,AML_AML_AML_AML,no,no,no,no,no,no,no,22.6,494
JP304_PC728_WC32,JP304,NA,NA,PC728,GACGCGGATA,WC32,TATGACGGTG,NA,JP304_P3,human_mouse_droso,CC4_CC5_CC6_CC7,AML_AML_AML_AML,no,no,no,no,no,no,no,22.6,494
JP304_PC728_WC33,JP304,NA,NA,PC728,GACGCGGATA,WC33,ACACAACTAC,NA,JP304_P3,human_mouse_droso,CC4_CC5_CC6_CC7,AML_AML_AML_AML,no,no,no,no,no,no,no,22.6,494
JP304_PC728_WC34,JP304,NA,NA,PC728,GACGCGGATA,WC34,AAGGACTCAG,NA,JP304_P3,human_mouse_droso,CC4_CC5_CC6_CC7,AML_AML_AML_AML,no,no,no,no,no,no,no,22.6,494
JP304_PC728_WC35,JP304,NA,NA,PC728,GACGCGGATA,WC35,GCAACTGTGA,NA,JP304_P3,human_mouse_droso,CC4_CC5_CC6_CC7,AML_AML_AML_AML,no,no,no,no,no,no,no,22.6,494
JP304_PC728_WC36,JP304,NA,NA,PC728,GACGCGGATA,WC36,CGCTTACAAT,NA,JP304_P3,human_mouse_droso,CC4_CC5_CC6_CC7,AML_AML_AML_AML,no,no,no,no,no,no,no,22.6,494
JP304_PC728_WC37,JP304,NA,NA,PC728,GACGCGGATA,WC37,AGAGAGACCG,NA,JP304_P3,human_mouse_droso,CC4_CC5_CC6_CC7,AML_AML_AML_AML,no,no,no,no,no,no,no,22.6,494
JP304_PC728_WC38,JP304,NA,NA,PC728,GACGCGGATA,WC38,CATTGCTGTT,NA,JP304_P3,human_mouse_droso,CC4_CC5_CC6_CC7,AML_AML_AML_AML,no,no,no,no,no,no,no,22.6,494
JP304_PC728_WC39,JP304,NA,NA,PC728,GACGCGGATA,WC39,GCAACACGGA,NA,JP304_P3,human_mouse_droso,CC4_CC5_CC6_CC7,AML_AML_AML_AML,no,no,no,no,no,no,no,22.6,494
JP304_PC728_WC40,JP304,NA,NA,PC728,GACGCGGATA,WC40,TCACTTCGCA,NA,JP304_P3,human_mouse_droso,CC4_CC5_CC6_CC7,AML_AML_AML_AML,no,no,no,no,no,no,no,22.6,494
JP304_PC728_WC41,JP304,NA,NA,PC728,GACGCGGATA,WC41,AATAGCTGTG,NA,JP304_P3,human_mouse_droso,CC4_CC5_CC6_CC7,AML_AML_AML_AML,no,no,no,no,no,no,no,22.6,494
JP304_PC728_WC42,JP304,NA,NA,PC728,GACGCGGATA,WC42,GAACACTATC,NA,JP304_P3,human_mouse_droso,CC4_CC5_CC6_CC7,AML_AML_AML_AML,no,no,no,no,no,no,no,22.6,494
JP304_PC728_WC43,JP304,NA,NA,PC728,GACGCGGATA,WC43,CTGGTAGCTA,NA,JP304_P3,human_mouse_droso,CC4_CC5_CC6_CC7,AML_AML_AML_AML,no,no,no,no,no,no,no,22.6,494
JP304_PC728_WC44,JP304,NA,NA,PC728,GACGCGGATA,WC44,TGCGTGAGCA,NA,JP304_P3,human_mouse_droso,CC4_CC5_CC6_CC7,AML_AML_AML_AML,no,no,no,no,no,no,no,22.6,494
JP304_PC728_WC45,JP304,NA,NA,PC728,GACGCGGATA,WC45,TAGCACACTT,NA,JP304_P3,human_mouse_droso,CC4_CC5_CC6_CC7,AML_AML_AML_AML,no,no,no,no,no,no,no,22.6,494
JP304_PC728_WC46,JP304,NA,NA,PC728,GACGCGGATA,WC46,CAGACGATGA,NA,JP304_P3,human_mouse_droso,CC4_CC5_CC6_CC7,AML_AML_AML_AML,no,no,no,no,no,no,no,22.6,494
JP304_PC728_WC47,JP304,NA,NA,PC728,GACGCGGATA,WC47,CGGAGCATCT,NA,JP304_P3,human_mouse_droso,CC4_CC5_CC6_CC7,AML_AML_AML_AML,no,no,no,no,no,no,no,22.6,494
JP304_PC728_WC48,JP304,NA,NA,PC728,GACGCGGATA,WC48,CGCTTGGTTC,NA,JP304_P3,human_mouse_droso,CC4_CC5_CC6_CC7,AML_AML_AML_AML,no,no,no,no,no,no,no,22.6,494
JP304_PC728_WC49,JP304,NA,NA,PC728,GACGCGGATA,WC49,CTTGAAGAGG,NA,JP304_P3,human_mouse_droso,CC4_CC5_CC6_CC7,AML_AML_AML_AML,no,no,no,no,no,no,no,22.6,494
JP304_PC728_WC50,JP304,NA,NA,PC728,GACGCGGATA,WC50,AGATGCGACG,NA,JP304_P3,human_mouse_droso,CC4_CC5_CC6_CC7,AML_AML_AML_AML,no,no,no,no,no,no,no,22.6,494
JP304_PC728_WC51,JP304,NA,NA,PC728,GACGCGGATA,WC51,GAACGTTCGG,NA,JP304_P3,human_mouse_droso,CC4_CC5_CC6_CC7,AML_AML_AML_AML,no,no,no,no,no,no,no,22.6,494
JP304_PC728_WC52,JP304,NA,NA,PC728,GACGCGGATA,WC52,AACGCCATTC,NA,JP304_P3,human_mouse_droso,CC4_CC5_CC6_CC7,AML_AML_AML_AML,no,no,no,no,no,no,no,22.6,494
JP304_PC728_WC53,JP304,NA,NA,PC728,GACGCGGATA,WC53,TCCTGAACTT,NA,JP304_P3,human_mouse_droso,CC4_CC5_CC6_CC7,AML_AML_AML_AML,no,no,no,no,no,no,no,22.6,494
JP304_PC728_WC54,JP304,NA,NA,PC728,GACGCGGATA,WC54,ACAATTGGTC,NA,JP304_P3,human_mouse_droso,CC4_CC5_CC6_CC7,AML_AML_AML_AML,no,no,no,no,no,no,no,22.6,494
JP304_PC728_WC55,JP304,NA,NA,PC728,GACGCGGATA,WC55,GTCACAGACA,NA,JP304_P3,human_mouse_droso,CC4_CC5_CC6_CC7,AML_AML_AML_AML,no,no,no,no,no,no,no,22.6,494
JP304_PC728_WC56,JP304,NA,NA,PC728,GACGCGGATA,WC56,GCCAATGTTC,NA,JP304_P3,human_mouse_droso,CC4_CC5_CC6_CC7,AML_AML_AML_AML,no,no,no,no,no,no,no,22.6,494
JP304_PC728_WC57,JP304,NA,NA,PC728,GACGCGGATA,WC57,TAGTGTTACG,NA,JP304_P3,human_mouse_droso,CC4_CC5_CC6_CC7,AML_AML_AML_AML,no,no,no,no,no,no,no,22.6,494
JP304_PC728_WC58,JP304,NA,NA,PC728,GACGCGGATA,WC58,TTGGAAGTAC,NA,JP304_P3,human_mouse_droso,CC4_CC5_CC6_CC7,AML_AML_AML_AML,no,no,no,no,no,no,no,22.6,494
JP304_PC728_WC59,JP304,NA,NA,PC728,GACGCGGATA,WC59,AAGACGCTAA,NA,JP304_P3,human_mouse_droso,CC4_CC5_CC6_CC7,AML_AML_AML_AML,no,no,no,no,no,no,no,22.6,494
JP304_PC728_WC60,JP304,NA,NA,PC728,GACGCGGATA,WC60,AGACGGTCAA,NA,JP304_P3,human_mouse_droso,CC4_CC5_CC6_CC7,AML_AML_AML_AML,no,no,no,no,no,no,no,22.6,494
JP304_PC728_WC61,JP304,NA,NA,PC728,GACGCGGATA,WC61,GAGAAGCCGT,NA,JP304_P3,human_mouse_droso,CC4_CC5_CC6_CC7,AML_AML_AML_AML,no,no,no,no,no,no,no,22.6,494
JP304_PC728_WC62,JP304,NA,NA,PC728,GACGCGGATA,WC62,ATACATCGCA,NA,JP304_P3,human_mouse_droso,CC4_CC5_CC6_CC7,AML_AML_AML_AML,no,no,no,no,no,no,no,22.6,494
JP304_PC728_WC63,JP304,NA,NA,PC728,GACGCGGATA,WC63,TGCTGAACGC,NA,JP304_P3,human_mouse_droso,CC4_CC5_CC6_CC7,AML_AML_AML_AML,no,no,no,no,no,no,no,22.6,494
JP304_PC728_WC64,JP304,NA,NA,PC728,GACGCGGATA,WC64,CTTCCTAGGC,NA,JP304_P3,human_mouse_droso,CC4_CC5_CC6_CC7,AML_AML_AML_AML,no,no,no,no,no,no,no,22.6,494
JP304_PC728_WC65,JP304,NA,NA,PC728,GACGCGGATA,WC65,CGTTGGTAAC,NA,JP304_P3,human_mouse_droso,CC4_CC5_CC6_CC7,AML_AML_AML_AML,no,no,no,no,no,no,no,22.6,494
JP304_PC728_WC66,JP304,NA,NA,PC728,GACGCGGATA,WC66,CTTGGTTCGT,NA,JP304_P3,human_mouse_droso,CC4_CC5_CC6_CC7,AML_AML_AML_AML,no,no,no,no,no,no,no,22.6,494
JP304_PC728_WC67,JP304,NA,NA,PC728,GACGCGGATA,WC67,GACTTGCGTG,NA,JP304_P3,human_mouse_droso,CC4_CC5_CC6_CC7,AML_AML_AML_AML,no,no,no,no,no,no,no,22.6,494
JP304_PC728_WC68,JP304,NA,NA,PC728,GACGCGGATA,WC68,CTTCTCCAGC,NA,JP304_P3,human_mouse_droso,CC4_CC5_CC6_CC7,AML_AML_AML_AML,no,no,no,no,no,no,no,22.6,494
JP304_PC728_WC69,JP304,NA,NA,PC728,GACGCGGATA,WC69,CGTACACTGG,NA,JP304_P3,human_mouse_droso,CC4_CC5_CC6_CC7,AML_AML_AML_AML,no,no,no,no,no,no,no,22.6,494
JP304_PC728_WC70,JP304,NA,NA,PC728,GACGCGGATA,WC70,TCGCATCAAC,NA,JP304_P3,human_mouse_droso,CC4_CC5_CC6_CC7,AML_AML_AML_AML,no,no,no,no,no,no,no,22.6,494
JP304_PC728_WC71,JP304,NA,NA,PC728,GACGCGGATA,WC71,ATAACAAGCG,NA,JP304_P3,human_mouse_droso,CC4_CC5_CC6_CC7,AML_AML_AML_AML,no,no,no,no,no,no,no,22.6,494
JP304_PC728_WC72,JP304,NA,NA,PC728,GACGCGGATA,WC72,TGAACGTTAC,NA,JP304_P3,human_mouse_droso,CC4_CC5_CC6_CC7,AML_AML_AML_AML,no,no,no,no,no,no,no,22.6,494
JP304_PC728_WC73,JP304,NA,NA,PC728,GACGCGGATA,WC73,GAAGACTCGG,NA,JP304_P3,human_mouse_droso,CC4_CC5_CC6_CC7,AML_AML_AML_AML,no,no,no,no,no,no,no,22.6,494
JP304_PC728_WC74,JP304,NA,NA,PC728,GACGCGGATA,WC74,TAGCGCAATA,NA,JP304_P3,human_mouse_droso,CC4_CC5_CC6_CC7,AML_AML_AML_AML,no,no,no,no,no,no,no,22.6,494
JP304_PC728_WC75,JP304,NA,NA,PC728,GACGCGGATA,WC75,TTAGACCACA,NA,JP304_P3,human_mouse_droso,CC4_CC5_CC6_CC7,AML_AML_AML_AML,no,no,no,no,no,no,no,22.6,494
JP304_PC728_WC76,JP304,NA,NA,PC728,GACGCGGATA,WC76,CGTAGACGTG,NA,JP304_P3,human_mouse_droso,CC4_CC5_CC6_CC7,AML_AML_AML_AML,no,no,no,no,no,no,no,22.6,494
JP304_PC728_WC77,JP304,NA,NA,PC728,GACGCGGATA,WC77,TCACTGGACT,NA,JP304_P3,human_mouse_droso,CC4_CC5_CC6_CC7,AML_AML_AML_AML,no,no,no,no,no,no,no,22.6,494
JP304_PC728_WC78,JP304,NA,NA,PC728,GACGCGGATA,WC78,GACCAAGCAT,NA,JP304_P3,human_mouse_droso,CC4_CC5_CC6_CC7,AML_AML_AML_AML,no,no,no,no,no,no,no,22.6,494
JP304_PC728_WC79,JP304,NA,NA,PC728,GACGCGGATA,WC79,GCGAGTATCA,NA,JP304_P3,human_mouse_droso,CC4_CC5_CC6_CC7,AML_AML_AML_AML,no,no,no,no,no,no,no,22.6,494
JP304_PC728_WC80,JP304,NA,NA,PC728,GACGCGGATA,WC80,CTCTCGATAA,NA,JP304_P3,human_mouse_droso,CC4_CC5_CC6_CC7,AML_AML_AML_AML,no,no,no,no,no,no,no,22.6,494
JP304_PC728_WC81,JP304,NA,NA,PC728,GACGCGGATA,WC81,AATACTGGCA,NA,JP304_P3,human_mouse_droso,CC4_CC5_CC6_CC7,AML_AML_AML_AML,no,no,no,no,no,no,no,22.6,494
JP304_PC728_WC82,JP304,NA,NA,PC728,GACGCGGATA,WC82,TATGCAACTC,NA,JP304_P3,human_mouse_droso,CC4_CC5_CC6_CC7,AML_AML_AML_AML,no,no,no,no,no,no,no,22.6,494
JP304_PC728_WC83,JP304,NA,NA,PC728,GACGCGGATA,WC83,ATGCTAGTGT,NA,JP304_P3,human_mouse_droso,CC4_CC5_CC6_CC7,AML_AML_AML_AML,no,no,no,no,no,no,no,22.6,494
JP304_PC728_WC84,JP304,NA,NA,PC728,GACGCGGATA,WC84,CCATTAGAAC,NA,JP304_P3,human_mouse_droso,CC4_CC5_CC6_CC7,AML_AML_AML_AML,no,no,no,no,no,no,no,22.6,494
JP304_PC728_WC85,JP304,NA,NA,PC728,GACGCGGATA,WC85,AACGTGAACG,NA,JP304_P3,human_mouse_droso,CC4_CC5_CC6_CC7,AML_AML_AML_AML,no,no,no,no,no,no,no,22.6,494
JP304_PC728_WC86,JP304,NA,NA,PC728,GACGCGGATA,WC86,TAACGCAGTC,NA,JP304_P3,human_mouse_droso,CC4_CC5_CC6_CC7,AML_AML_AML_AML,no,no,no,no,no,no,no,22.6,494
JP304_PC728_WC87,JP304,NA,NA,PC728,GACGCGGATA,WC87,CCATAAGCCA,NA,JP304_P3,human_mouse_droso,CC4_CC5_CC6_CC7,AML_AML_AML_AML,no,no,no,no,no,no,no,22.6,494
JP304_PC728_WC88,JP304,NA,NA,PC728,GACGCGGATA,WC88,GTGCCTCTGA,NA,JP304_P3,human_mouse_droso,CC4_CC5_CC6_CC7,AML_AML_AML_AML,no,no,no,no,no,no,no,22.6,494
JP304_PC728_WC89,JP304,NA,NA,PC728,GACGCGGATA,WC89,TAGCCTAGCG,NA,JP304_P3,human_mouse_droso,CC4_CC5_CC6_CC7,AML_AML_AML_AML,no,no,no,no,no,no,no,22.6,494
JP304_PC728_WC90,JP304,NA,NA,PC728,GACGCGGATA,WC90,TGTTACGGTT,NA,JP304_P3,human_mouse_droso,CC4_CC5_CC6_CC7,AML_AML_AML_AML,no,no,no,no,no,no,no,22.6,494
JP304_PC728_WC91,JP304,NA,NA,PC728,GACGCGGATA,WC91,TCATACCAAG,NA,JP304_P3,human_mouse_droso,CC4_CC5_CC6_CC7,AML_AML_AML_AML,no,no,no,no,no,no,no,22.6,494
JP304_PC728_WC92,JP304,NA,NA,PC728,GACGCGGATA,WC92,CGGATCTACA,NA,JP304_P3,human_mouse_droso,CC4_CC5_CC6_CC7,AML_AML_AML_AML,no,no,no,no,no,no,no,22.6,494
JP304_PC728_WC93,JP304,NA,NA,PC728,GACGCGGATA,WC93,CGGTAGAGTT,NA,JP304_P3,human_mouse_droso,CC4_CC5_CC6_CC7,AML_AML_AML_AML,no,no,no,no,no,no,no,22.6,494
JP304_PC728_WC94,JP304,NA,NA,PC728,GACGCGGATA,WC94,GAATGTCACG,NA,JP304_P3,human_mouse_droso,CC4_CC5_CC6_CC7,AML_AML_AML_AML,no,no,no,no,no,no,no,22.6,494
JP304_PC728_WC95,JP304,NA,NA,PC728,GACGCGGATA,WC95,CCTGGTACAG,NA,JP304_P3,human_mouse_droso,CC4_CC5_CC6_CC7,AML_AML_AML_AML,no,no,no,no,no,no,no,22.6,494
JP304_PC728_WC96,JP304,NA,NA,PC728,GACGCGGATA,WC96,CGGAACCAGT,NA,JP304_P3,human_mouse_droso,CC4_CC5_CC6_CC7,AML_AML_AML_AML,no,no,no,no,no,no,no,22.6,494
JP304_PC729_WC1,JP304,NA,NA,PC729,TGGACATCCT,WC1,GATTCACGAC,NA,JP304_P4,human_mouse_droso,CC4_CC5_CC6_CC7,AML_AML_AML_AML,no,no,no,no,no,no,no,21,506
JP304_PC729_WC2,JP304,NA,NA,PC729,TGGACATCCT,WC2,CGTAGAACAG,NA,JP304_P4,human_mouse_droso,CC4_CC5_CC6_CC7,AML_AML_AML_AML,no,no,no,no,no,no,no,21,506
JP304_PC729_WC3,JP304,NA,NA,PC729,TGGACATCCT,WC3,ACCTAAGAGC,NA,JP304_P4,human_mouse_droso,CC4_CC5_CC6_CC7,AML_AML_AML_AML,no,no,no,no,no,no,no,21,506
JP304_PC729_WC4,JP304,NA,NA,PC729,TGGACATCCT,WC4,ATGGCTTCTA,NA,JP304_P4,human_mouse_droso,CC4_CC5_CC6_CC7,AML_AML_AML_AML,no,no,no,no,no,no,no,21,506
JP304_PC729_WC5,JP304,NA,NA,PC729,TGGACATCCT,WC5,TACCTAAGTG,NA,JP304_P4,human_mouse_droso,CC4_CC5_CC6_CC7,AML_AML_AML_AML,no,no,no,no,no,no,no,21,506
JP304_PC729_WC6,JP304,NA,NA,PC729,TGGACATCCT,WC6,CCTTACCTAT,NA,JP304_P4,human_mouse_droso,CC4_CC5_CC6_CC7,AML_AML_AML_AML,no,no,no,no,no,no,no,21,506
JP304_PC729_WC7,JP304,NA,NA,PC729,TGGACATCCT,WC7,ATATAAGGCG,NA,JP304_P4,human_mouse_droso,CC4_CC5_CC6_CC7,AML_AML_AML_AML,no,no,no,no,no,no,no,21,506
JP304_PC729_WC8,JP304,NA,NA,PC729,TGGACATCCT,WC8,AGCATCGTGC,NA,JP304_P4,human_mouse_droso,CC4_CC5_CC6_CC7,AML_AML_AML_AML,no,no,no,no,no,no,no,21,506
JP304_PC729_WC9,JP304,NA,NA,PC729,TGGACATCCT,WC9,CTGGCATATT,NA,JP304_P4,human_mouse_droso,CC4_CC5_CC6_CC7,AML_AML_AML_AML,no,no,no,no,no,no,no,21,506
JP304_PC729_WC10,JP304,NA,NA,PC729,TGGACATCCT,WC10,CGTGACTCTA,NA,JP304_P4,human_mouse_droso,CC4_CC5_CC6_CC7,AML_AML_AML_AML,no,no,no,no,no,no,no,21,506
JP304_PC729_WC11,JP304,NA,NA,PC729,TGGACATCCT,WC11,GACCTGTTAA,NA,JP304_P4,human_mouse_droso,CC4_CC5_CC6_CC7,AML_AML_AML_AML,no,no,no,no,no,no,no,21,506
JP304_PC729_WC12,JP304,NA,NA,PC729,TGGACATCCT,WC12,TGGCTCATGT,NA,JP304_P4,human_mouse_droso,CC4_CC5_CC6_CC7,AML_AML_AML_AML,no,no,no,no,no,no,no,21,506
JP304_PC729_WC13,JP304,NA,NA,PC729,TGGACATCCT,WC13,AGAACCTCGC,NA,JP304_P4,human_mouse_droso,CC4_CC5_CC6_CC7,AML_AML_AML_AML,no,no,no,no,no,no,no,21,506
JP304_PC729_WC14,JP304,NA,NA,PC729,TGGACATCCT,WC14,CCTACGGACA,NA,JP304_P4,human_mouse_droso,CC4_CC5_CC6_CC7,AML_AML_AML_AML,no,no,no,no,no,no,no,21,506
JP304_PC729_WC15,JP304,NA,NA,PC729,TGGACATCCT,WC15,AGGCATAATG,NA,JP304_P4,human_mouse_droso,CC4_CC5_CC6_CC7,AML_AML_AML_AML,no,no,no,no,no,no,no,21,506
JP304_PC729_WC16,JP304,NA,NA,PC729,TGGACATCCT,WC16,CAACAGTGGA,NA,JP304_P4,human_mouse_droso,CC4_CC5_CC6_CC7,AML_AML_AML_AML,no,no,no,no,no,no,no,21,506
JP304_PC729_WC17,JP304,NA,NA,PC729,TGGACATCCT,WC17,TGTCGTTAAG,NA,JP304_P4,human_mouse_droso,CC4_CC5_CC6_CC7,AML_AML_AML_AML,no,no,no,no,no,no,no,21,506
JP304_PC729_WC18,JP304,NA,NA,PC729,TGGACATCCT,WC18,AGCTCGAGGA,NA,JP304_P4,human_mouse_droso,CC4_CC5_CC6_CC7,AML_AML_AML_AML,no,no,no,no,no,no,no,21,506
JP304_PC729_WC19,JP304,NA,NA,PC729,TGGACATCCT,WC19,ACATTACTCG,NA,JP304_P4,human_mouse_droso,CC4_CC5_CC6_CC7,AML_AML_AML_AML,no,no,no,no,no,no,no,21,506
JP304_PC729_WC20,JP304,NA,NA,PC729,TGGACATCCT,WC20,CATACCGCTG,NA,JP304_P4,human_mouse_droso,CC4_CC5_CC6_CC7,AML_AML_AML_AML,no,no,no,no,no,no,no,21,506
JP304_PC729_WC21,JP304,NA,NA,PC729,TGGACATCCT,WC21,TGCAAGTAGC,NA,JP304_P4,human_mouse_droso,CC4_CC5_CC6_CC7,AML_AML_AML_AML,no,no,no,no,no,no,no,21,506
JP304_PC729_WC22,JP304,NA,NA,PC729,TGGACATCCT,WC22,CTTCAATAGC,NA,JP304_P4,human_mouse_droso,CC4_CC5_CC6_CC7,AML_AML_AML_AML,no,no,no,no,no,no,no,21,506
JP304_PC729_WC23,JP304,NA,NA,PC729,TGGACATCCT,WC23,CGGATGCTGA,NA,JP304_P4,human_mouse_droso,CC4_CC5_CC6_CC7,AML_AML_AML_AML,no,no,no,no,no,no,no,21,506
JP304_PC729_WC24,JP304,NA,NA,PC729,TGGACATCCT,WC24,CCACCACCTA,NA,JP304_P4,human_mouse_droso,CC4_CC5_CC6_CC7,AML_AML_AML_AML,no,no,no,no,no,no,no,21,506
JP304_PC729_WC25,JP304,NA,NA,PC729,TGGACATCCT,WC25,ATCCGATCTT,NA,JP304_P4,human_mouse_droso,CC4_CC5_CC6_CC7,AML_AML_AML_AML,no,no,no,no,no,no,no,21,506
JP304_PC729_WC26,JP304,NA,NA,PC729,TGGACATCCT,WC26,CGGACGTTAA,NA,JP304_P4,human_mouse_droso,CC4_CC5_CC6_CC7,AML_AML_AML_AML,no,no,no,no,no,no,no,21,506
JP304_PC729_WC27,JP304,NA,NA,PC729,TGGACATCCT,WC27,GATCGGTAAT,NA,JP304_P4,human_mouse_droso,CC4_CC5_CC6_CC7,AML_AML_AML_AML,no,no,no,no,no,no,no,21,506
JP304_PC729_WC28,JP304,NA,NA,PC729,TGGACATCCT,WC28,ACGATGCAAC,NA,JP304_P4,human_mouse_droso,CC4_CC5_CC6_CC7,AML_AML_AML_AML,no,no,no,no,no,no,no,21,506
JP304_PC729_WC29,JP304,NA,NA,PC729,TGGACATCCT,WC29,AACGTCCAGT,NA,JP304_P4,human_mouse_droso,CC4_CC5_CC6_CC7,AML_AML_AML_AML,no,no,no,no,no,no,no,21,506
JP304_PC729_WC30,JP304,NA,NA,PC729,TGGACATCCT,WC30,ACACGAACAA,NA,JP304_P4,human_mouse_droso,CC4_CC5_CC6_CC7,AML_AML_AML_AML,no,no,no,no,no,no,no,21,506
JP304_PC729_WC31,JP304,NA,NA,PC729,TGGACATCCT,WC31,CTCAGTCCGT,NA,JP304_P4,human_mouse_droso,CC4_CC5_CC6_CC7,AML_AML_AML_AML,no,no,no,no,no,no,no,21,506
JP304_PC729_WC32,JP304,NA,NA,PC729,TGGACATCCT,WC32,TATGACGGTG,NA,JP304_P4,human_mouse_droso,CC4_CC5_CC6_CC7,AML_AML_AML_AML,no,no,no,no,no,no,no,21,506
JP304_PC729_WC33,JP304,NA,NA,PC729,TGGACATCCT,WC33,ACACAACTAC,NA,JP304_P4,human_mouse_droso,CC4_CC5_CC6_CC7,AML_AML_AML_AML,no,no,no,no,no,no,no,21,506
JP304_PC729_WC34,JP304,NA,NA,PC729,TGGACATCCT,WC34,AAGGACTCAG,NA,JP304_P4,human_mouse_droso,CC4_CC5_CC6_CC7,AML_AML_AML_AML,no,no,no,no,no,no,no,21,506
JP304_PC729_WC35,JP304,NA,NA,PC729,TGGACATCCT,WC35,GCAACTGTGA,NA,JP304_P4,human_mouse_droso,CC4_CC5_CC6_CC7,AML_AML_AML_AML,no,no,no,no,no,no,no,21,506
JP304_PC729_WC36,JP304,NA,NA,PC729,TGGACATCCT,WC36,CGCTTACAAT,NA,JP304_P4,human_mouse_droso,CC4_CC5_CC6_CC7,AML_AML_AML_AML,no,no,no,no,no,no,no,21,506
JP304_PC729_WC37,JP304,NA,NA,PC729,TGGACATCCT,WC37,AGAGAGACCG,NA,JP304_P4,human_mouse_droso,CC4_CC5_CC6_CC7,AML_AML_AML_AML,no,no,no,no,no,no,no,21,506
JP304_PC729_WC38,JP304,NA,NA,PC729,TGGACATCCT,WC38,CATTGCTGTT,NA,JP304_P4,human_mouse_droso,CC4_CC5_CC6_CC7,AML_AML_AML_AML,no,no,no,no,no,no,no,21,506
JP304_PC729_WC39,JP304,NA,NA,PC729,TGGACATCCT,WC39,GCAACACGGA,NA,JP304_P4,human_mouse_droso,CC4_CC5_CC6_CC7,AML_AML_AML_AML,no,no,no,no,no,no,no,21,506
JP304_PC729_WC40,JP304,NA,NA,PC729,TGGACATCCT,WC40,TCACTTCGCA,NA,JP304_P4,human_mouse_droso,CC4_CC5_CC6_CC7,AML_AML_AML_AML,no,no,no,no,no,no,no,21,506
JP304_PC729_WC41,JP304,NA,NA,PC729,TGGACATCCT,WC41,AATAGCTGTG,NA,JP304_P4,human_mouse_droso,CC4_CC5_CC6_CC7,AML_AML_AML_AML,no,no,no,no,no,no,no,21,506
JP304_PC729_WC42,JP304,NA,NA,PC729,TGGACATCCT,WC42,GAACACTATC,NA,JP304_P4,human_mouse_droso,CC4_CC5_CC6_CC7,AML_AML_AML_AML,no,no,no,no,no,no,no,21,506
JP304_PC729_WC43,JP304,NA,NA,PC729,TGGACATCCT,WC43,CTGGTAGCTA,NA,JP304_P4,human_mouse_droso,CC4_CC5_CC6_CC7,AML_AML_AML_AML,no,no,no,no,no,no,no,21,506
JP304_PC729_WC44,JP304,NA,NA,PC729,TGGACATCCT,WC44,TGCGTGAGCA,NA,JP304_P4,human_mouse_droso,CC4_CC5_CC6_CC7,AML_AML_AML_AML,no,no,no,no,no,no,no,21,506
JP304_PC729_WC45,JP304,NA,NA,PC729,TGGACATCCT,WC45,TAGCACACTT,NA,JP304_P4,human_mouse_droso,CC4_CC5_CC6_CC7,AML_AML_AML_AML,no,no,no,no,no,no,no,21,506
JP304_PC729_WC46,JP304,NA,NA,PC729,TGGACATCCT,WC46,CAGACGATGA,NA,JP304_P4,human_mouse_droso,CC4_CC5_CC6_CC7,AML_AML_AML_AML,no,no,no,no,no,no,no,21,506
JP304_PC729_WC47,JP304,NA,NA,PC729,TGGACATCCT,WC47,CGGAGCATCT,NA,JP304_P4,human_mouse_droso,CC4_CC5_CC6_CC7,AML_AML_AML_AML,no,no,no,no,no,no,no,21,506
JP304_PC729_WC48,JP304,NA,NA,PC729,TGGACATCCT,WC48,CGCTTGGTTC,NA,JP304_P4,human_mouse_droso,CC4_CC5_CC6_CC7,AML_AML_AML_AML,no,no,no,no,no,no,no,21,506
JP304_PC729_WC49,JP304,NA,NA,PC729,TGGACATCCT,WC49,CTTGAAGAGG,NA,JP304_P4,human_mouse_droso,CC4_CC5_CC6_CC7,AML_AML_AML_AML,no,no,no,no,no,no,no,21,506
JP304_PC729_WC50,JP304,NA,NA,PC729,TGGACATCCT,WC50,AGATGCGACG,NA,JP304_P4,human_mouse_droso,CC4_CC5_CC6_CC7,AML_AML_AML_AML,no,no,no,no,no,no,no,21,506
JP304_PC729_WC51,JP304,NA,NA,PC729,TGGACATCCT,WC51,GAACGTTCGG,NA,JP304_P4,human_mouse_droso,CC4_CC5_CC6_CC7,AML_AML_AML_AML,no,no,no,no,no,no,no,21,506
JP304_PC729_WC52,JP304,NA,NA,PC729,TGGACATCCT,WC52,AACGCCATTC,NA,JP304_P4,human_mouse_droso,CC4_CC5_CC6_CC7,AML_AML_AML_AML,no,no,no,no,no,no,no,21,506
JP304_PC729_WC53,JP304,NA,NA,PC729,TGGACATCCT,WC53,TCCTGAACTT,NA,JP304_P4,human_mouse_droso,CC4_CC5_CC6_CC7,AML_AML_AML_AML,no,no,no,no,no,no,no,21,506
JP304_PC729_WC54,JP304,NA,NA,PC729,TGGACATCCT,WC54,ACAATTGGTC,NA,JP304_P4,human_mouse_droso,CC4_CC5_CC6_CC7,AML_AML_AML_AML,no,no,no,no,no,no,no,21,506
JP304_PC729_WC55,JP304,NA,NA,PC729,TGGACATCCT,WC55,GTCACAGACA,NA,JP304_P4,human_mouse_droso,CC4_CC5_CC6_CC7,AML_AML_AML_AML,no,no,no,no,no,no,no,21,506
JP304_PC729_WC56,JP304,NA,NA,PC729,TGGACATCCT,WC56,GCCAATGTTC,NA,JP304_P4,human_mouse_droso,CC4_CC5_CC6_CC7,AML_AML_AML_AML,no,no,no,no,no,no,no,21,506
JP304_PC729_WC57,JP304,NA,NA,PC729,TGGACATCCT,WC57,TAGTGTTACG,NA,JP304_P4,human_mouse_droso,CC4_CC5_CC6_CC7,AML_AML_AML_AML,no,no,no,no,no,no,no,21,506
JP304_PC729_WC58,JP304,NA,NA,PC729,TGGACATCCT,WC58,TTGGAAGTAC,NA,JP304_P4,human_mouse_droso,CC4_CC5_CC6_CC7,AML_AML_AML_AML,no,no,no,no,no,no,no,21,506
JP304_PC729_WC59,JP304,NA,NA,PC729,TGGACATCCT,WC59,AAGACGCTAA,NA,JP304_P4,human_mouse_droso,CC4_CC5_CC6_CC7,AML_AML_AML_AML,no,no,no,no,no,no,no,21,506
JP304_PC729_WC60,JP304,NA,NA,PC729,TGGACATCCT,WC60,AGACGGTCAA,NA,JP304_P4,human_mouse_droso,CC4_CC5_CC6_CC7,AML_AML_AML_AML,no,no,no,no,no,no,no,21,506
JP304_PC729_WC61,JP304,NA,NA,PC729,TGGACATCCT,WC61,GAGAAGCCGT,NA,JP304_P4,human_mouse_droso,CC4_CC5_CC6_CC7,AML_AML_AML_AML,no,no,no,no,no,no,no,21,506
JP304_PC729_WC62,JP304,NA,NA,PC729,TGGACATCCT,WC62,ATACATCGCA,NA,JP304_P4,human_mouse_droso,CC4_CC5_CC6_CC7,AML_AML_AML_AML,no,no,no,no,no,no,no,21,506
JP304_PC729_WC63,JP304,NA,NA,PC729,TGGACATCCT,WC63,TGCTGAACGC,NA,JP304_P4,human_mouse_droso,CC4_CC5_CC6_CC7,AML_AML_AML_AML,no,no,no,no,no,no,no,21,506
JP304_PC729_WC64,JP304,NA,NA,PC729,TGGACATCCT,WC64,CTTCCTAGGC,NA,JP304_P4,human_mouse_droso,CC4_CC5_CC6_CC7,AML_AML_AML_AML,no,no,no,no,no,no,no,21,506
JP304_PC729_WC65,JP304,NA,NA,PC729,TGGACATCCT,WC65,CGTTGGTAAC,NA,JP304_P4,human_mouse_droso,CC4_CC5_CC6_CC7,AML_AML_AML_AML,no,no,no,no,no,no,no,21,506
JP304_PC729_WC66,JP304,NA,NA,PC729,TGGACATCCT,WC66,CTTGGTTCGT,NA,JP304_P4,human_mouse_droso,CC4_CC5_CC6_CC7,AML_AML_AML_AML,no,no,no,no,no,no,no,21,506
JP304_PC729_WC67,JP304,NA,NA,PC729,TGGACATCCT,WC67,GACTTGCGTG,NA,JP304_P4,human_mouse_droso,CC4_CC5_CC6_CC7,AML_AML_AML_AML,no,no,no,no,no,no,no,21,506
JP304_PC729_WC68,JP304,NA,NA,PC729,TGGACATCCT,WC68,CTTCTCCAGC,NA,JP304_P4,human_mouse_droso,CC4_CC5_CC6_CC7,AML_AML_AML_AML,no,no,no,no,no,no,no,21,506
JP304_PC729_WC69,JP304,NA,NA,PC729,TGGACATCCT,WC69,CGTACACTGG,NA,JP304_P4,human_mouse_droso,CC4_CC5_CC6_CC7,AML_AML_AML_AML,no,no,no,no,no,no,no,21,506
JP304_PC729_WC70,JP304,NA,NA,PC729,TGGACATCCT,WC70,TCGCATCAAC,NA,JP304_P4,human_mouse_droso,CC4_CC5_CC6_CC7,AML_AML_AML_AML,no,no,no,no,no,no,no,21,506
JP304_PC729_WC71,JP304,NA,NA,PC729,TGGACATCCT,WC71,ATAACAAGCG,NA,JP304_P4,human_mouse_droso,CC4_CC5_CC6_CC7,AML_AML_AML_AML,no,no,no,no,no,no,no,21,506
JP304_PC729_WC72,JP304,NA,NA,PC729,TGGACATCCT,WC72,TGAACGTTAC,NA,JP304_P4,human_mouse_droso,CC4_CC5_CC6_CC7,AML_AML_AML_AML,no,no,no,no,no,no,no,21,506
JP304_PC729_WC73,JP304,NA,NA,PC729,TGGACATCCT,WC73,GAAGACTCGG,NA,JP304_P4,human_mouse_droso,CC4_CC5_CC6_CC7,AML_AML_AML_AML,no,no,no,no,no,no,no,21,506
JP304_PC729_WC74,JP304,NA,NA,PC729,TGGACATCCT,WC74,TAGCGCAATA,NA,JP304_P4,human_mouse_droso,CC4_CC5_CC6_CC7,AML_AML_AML_AML,no,no,no,no,no,no,no,21,506
JP304_PC729_WC75,JP304,NA,NA,PC729,TGGACATCCT,WC75,TTAGACCACA,NA,JP304_P4,human_mouse_droso,CC4_CC5_CC6_CC7,AML_AML_AML_AML,no,no,no,no,no,no,no,21,506
JP304_PC729_WC76,JP304,NA,NA,PC729,TGGACATCCT,WC76,CGTAGACGTG,NA,JP304_P4,human_mouse_droso,CC4_CC5_CC6_CC7,AML_AML_AML_AML,no,no,no,no,no,no,no,21,506
JP304_PC729_WC77,JP304,NA,NA,PC729,TGGACATCCT,WC77,TCACTGGACT,NA,JP304_P4,human_mouse_droso,CC4_CC5_CC6_CC7,AML_AML_AML_AML,no,no,no,no,no,no,no,21,506
JP304_PC729_WC78,JP304,NA,NA,PC729,TGGACATCCT,WC78,GACCAAGCAT,NA,JP304_P4,human_mouse_droso,CC4_CC5_CC6_CC7,AML_AML_AML_AML,no,no,no,no,no,no,no,21,506
JP304_PC729_WC79,JP304,NA,NA,PC729,TGGACATCCT,WC79,GCGAGTATCA,NA,JP304_P4,human_mouse_droso,CC4_CC5_CC6_CC7,AML_AML_AML_AML,no,no,no,no,no,no,no,21,506
JP304_PC729_WC80,JP304,NA,NA,PC729,TGGACATCCT,WC80,CTCTCGATAA,NA,JP304_P4,human_mouse_droso,CC4_CC5_CC6_CC7,AML_AML_AML_AML,no,no,no,no,no,no,no,21,506
JP304_PC729_WC81,JP304,NA,NA,PC729,TGGACATCCT,WC81,AATACTGGCA,NA,JP304_P4,human_mouse_droso,CC4_CC5_CC6_CC7,AML_AML_AML_AML,no,no,no,no,no,no,no,21,506
JP304_PC729_WC82,JP304,NA,NA,PC729,TGGACATCCT,WC82,TATGCAACTC,NA,JP304_P4,human_mouse_droso,CC4_CC5_CC6_CC7,AML_AML_AML_AML,no,no,no,no,no,no,no,21,506
JP304_PC729_WC83,JP304,NA,NA,PC729,TGGACATCCT,WC83,ATGCTAGTGT,NA,JP304_P4,human_mouse_droso,CC4_CC5_CC6_CC7,AML_AML_AML_AML,no,no,no,no,no,no,no,21,506
JP304_PC729_WC84,JP304,NA,NA,PC729,TGGACATCCT,WC84,CCATTAGAAC,NA,JP304_P4,human_mouse_droso,CC4_CC5_CC6_CC7,AML_AML_AML_AML,no,no,no,no,no,no,no,21,506
JP304_PC729_WC85,JP304,NA,NA,PC729,TGGACATCCT,WC85,AACGTGAACG,NA,JP304_P4,human_mouse_droso,CC4_CC5_CC6_CC7,AML_AML_AML_AML,no,no,no,no,no,no,no,21,506
JP304_PC729_WC86,JP304,NA,NA,PC729,TGGACATCCT,WC86,TAACGCAGTC,NA,JP304_P4,human_mouse_droso,CC4_CC5_CC6_CC7,AML_AML_AML_AML,no,no,no,no,no,no,no,21,506
JP304_PC729_WC87,JP304,NA,NA,PC729,TGGACATCCT,WC87,CCATAAGCCA,NA,JP304_P4,human_mouse_droso,CC4_CC5_CC6_CC7,AML_AML_AML_AML,no,no,no,no,no,no,no,21,506
JP304_PC729_WC88,JP304,NA,NA,PC729,TGGACATCCT,WC88,GTGCCTCTGA,NA,JP304_P4,human_mouse_droso,CC4_CC5_CC6_CC7,AML_AML_AML_AML,no,no,no,no,no,no,no,21,506
JP304_PC729_WC89,JP304,NA,NA,PC729,TGGACATCCT,WC89,TAGCCTAGCG,NA,JP304_P4,human_mouse_droso,CC4_CC5_CC6_CC7,AML_AML_AML_AML,no,no,no,no,no,no,no,21,506
JP304_PC729_WC90,JP304,NA,NA,PC729,TGGACATCCT,WC90,TGTTACGGTT,NA,JP304_P4,human_mouse_droso,CC4_CC5_CC6_CC7,AML_AML_AML_AML,no,no,no,no,no,no,no,21,506
JP304_PC729_WC91,JP304,NA,NA,PC729,TGGACATCCT,WC91,TCATACCAAG,NA,JP304_P4,human_mouse_droso,CC4_CC5_CC6_CC7,AML_AML_AML_AML,no,no,no,no,no,no,no,21,506
JP304_PC729_WC92,JP304,NA,NA,PC729,TGGACATCCT,WC92,CGGATCTACA,NA,JP304_P4,human_mouse_droso,CC4_CC5_CC6_CC7,AML_AML_AML_AML,no,no,no,no,no,no,no,21,506
JP304_PC729_WC93,JP304,NA,NA,PC729,TGGACATCCT,WC93,CGGTAGAGTT,NA,JP304_P4,human_mouse_droso,CC4_CC5_CC6_CC7,AML_AML_AML_AML,no,no,no,no,no,no,no,21,506
JP304_PC729_WC94,JP304,NA,NA,PC729,TGGACATCCT,WC94,GAATGTCACG,NA,JP304_P4,human_mouse_droso,CC4_CC5_CC6_CC7,AML_AML_AML_AML,no,no,no,no,no,no,no,21,506
JP304_PC729_WC95,JP304,NA,NA,PC729,TGGACATCCT,WC95,CCTGGTACAG,NA,JP304_P4,human_mouse_droso,CC4_CC5_CC6_CC7,AML_AML_AML_AML,no,no,no,no,no,no,no,21,506
JP304_PC729_WC96,JP304,NA,NA,PC729,TGGACATCCT,WC96,CGGAACCAGT,NA,JP304_P4,human_mouse_droso,CC4_CC5_CC6_CC7,AML_AML_AML_AML,no,no,no,no,no,no,no,21,506
