cell_id,exp_id,488_int_mean,561_int_mean,fucci_angular_score
3438,JP241,920.852754374595,2875.0270900842515,0.6141265363143872
3439,JP241,598.8114515576857,1221.9236562820952,6.168413627270451
3440,JP241,4347.5553499597745,122.13708769107,3.178600939887943
3441,JP241,182.28374531835206,136.44531835205993,4.863238347402941
3442,JP241,717.8946459412781,1412.5066456409102,0.15477815703911074
3443,JP241,1261.6249881370409,3862.3176900446047,0.8528575178902306
3446,JP241,280.2852283770651,297.4791666666667,5.0415046832944315
3447,JP241,217.52008251425798,235.36148525664362,5.005920666498283
3448,JP241,336.8472111780075,246.77496308076792,4.890707834507847
3449,JP241,399.35853635769627,849.6061794081957,5.688384477757546
3451,JP241,1747.125771521386,5757.582566323768,1.014380637069782
3453,JP241,1033.0236609860012,803.1409007912356,0.21457289277355038
3454,JP241,237.8117970806413,178.95214166068436,4.8775493133502135
3455,JP241,1264.7536957191253,1315.9397905759163,0.9630868106663043
3456,JP241,1586.3989669605485,123.6576720990293,3.7004978172969616
3457,JP241,2961.5444145939855,133.93924950168991,3.316351373071835
3458,JP241,460.89090196846536,1122.0035256096367,5.948747090266271
3459,JP241,554.1450965024003,1154.6201626334869,6.068131613725922
3460,JP241,464.41109171999227,1017.897517936785,5.875036936575748
3461,JP241,4215.621144619602,127.74974297464017,3.176933682651631
3462,JP241,641.9174894217207,1774.3406205923836,0.17858894557328236
3463,JP241,1342.6031763660596,2798.699577965349,0.9185716148010681
3464,JP241,2269.089599216619,784.2826467090998,2.1631712552959916
3465,JP241,502.59301864339545,804.8614306492133,5.686434282333846
3466,JP241,4672.13898096992,132.56034376918356,3.127851344241408
3467,JP241,1799.9828500707213,1493.1380834512022,1.375169385040251
3469,JP241,268.3694087403599,138.21221079691517,4.751421197522437
3470,JP241,381.20540771614833,473.8095543443411,5.236025758023855
3471,JP241,261.86528343095404,209.62464012707238,4.907560760719297
3472,JP241,2397.1670801423793,2945.271168158775,1.3183802158264
3473,JP241,311.5904220779221,413.73100649350647,5.192570321264591
3476,JP241,219.47199743610287,176.93766525118178,4.896939671967637
3477,JP241,501.17922283901663,957.2466296590007,5.851656240356545
3480,JP241,497.57104111986,880.5983377077865,5.771460204532022
3481,JP241,437.8638351030606,766.9460337289195,5.617830216774389
3482,JP241,300.2967914438503,108.3475935828877,4.63990632682739
3484,JP241,2383.03606805293,123.80128544423441,3.45118960059801
3485,JP241,1803.0436676994577,1435.3079976762199,1.4004877315553634
3487,JP241,267.0473913043478,376.4925,5.17291783733698
3489,JP241,296.65262089097604,537.2434319076025,5.359835604418721
3490,JP241,420.04251351855305,753.9705388774939,5.598541958153671
3491,JP241,400.0722644468573,429.9375075401134,5.153130203552245
3492,JP241,4597.263614522157,121.50026695141484,3.1597046612449193
3493,JP241,2462.789221750121,121.7217770128543,3.4372992144508094
3496,JP241,1422.1412774625346,958.6436054124837,1.411218116074354
3497,JP241,1277.5679300884055,1327.5081800630016,0.9776161892016891
3502,JP241,375.13081143517184,516.038694773318,5.301501945123422
3503,JP241,320.88615324010243,413.3289344100847,5.185361614393494
3504,JP241,931.7577455504285,2420.889996704021,0.6021417594839236
3507,JP241,3115.5856478115456,126.80442053220881,3.3076438009584925
3510,JP241,3240.1150790466254,129.0666880667683,3.284343147848802
3511,JP241,1657.5362376237624,887.7387128712871,1.7857948617238084
3513,JP241,3519.841408808394,120.7823965782263,3.266497055209867
3514,JP241,1953.021850899743,658.7675034023893,2.3816413296961665
3515,JP241,227.55388563049854,192.18695014662757,4.916306412987631
3516,JP241,1195.8990963855422,2749.049782463186,0.8246359671406954
3517,JP241,359.76986916617847,593.1543643819566,5.408901582488875
3519,JP241,715.0553601667318,2002.2032043767097,0.320352674208296
3520,JP241,1906.578331382712,117.93470991472998,3.5910138519668986
3521,JP241,374.81708255468834,247.50137407936683,4.848607144292222
3523,JP241,264.33230769230767,330.3515897435897,5.1083824977861845
3524,JP241,1592.2976684449714,1960.4901205295396,1.1355792690206705
3526,JP241,626.4978853594889,1443.6220642490778,0.042824985051524635
3529,JP241,2191.0990636800993,124.83275567740934,3.496860624106619
3530,JP241,719.2337132698943,1730.857785213845,0.2662048332154999
3532,JP241,286.17314990512335,440.71252371916506,5.246322151720165
3533,JP241,1565.439889196676,122.17981796596754,3.7108285997304273
3534,JP241,264.671570344425,230.8242848803269,4.943604024983062
3535,JP241,1956.1758736137267,935.7066331868592,1.8709387560013089
3536,JP241,275.2188407480544,171.50528516668604,4.815284424836315
3537,JP241,268.51476195664014,153.55616080183026,4.785427410348683
3539,JP241,3615.814250548866,118.88763222673143,3.259483339021604
3541,JP241,1598.6959857904085,1420.427353463588,1.2712240263939607
3542,JP241,293.65182025592696,276.92153556194825,4.9930935086373704
3543,JP241,338.4459563261275,689.3752880500384,5.518276843524553
3545,JP241,191.50553943550514,194.44552888419943,4.965965768398775
3546,JP241,2977.610992425714,118.38874862432834,3.347878611250753
3547,JP241,493.59458831726863,883.1070723493207,5.771644907380034
3551,JP241,275.7705857385399,276.1693548387097,5.010713721385143
3552,JP241,359.44809063385094,612.6022072468014,5.432563299135008
3554,JP241,629.1201723005038,131.8963276629919,4.33502465640386
3557,JP241,277.3592686507407,236.32950754037103,4.9390430988029195
3558,JP241,2977.046049987945,136.43365747810014,3.3083658699246183
3561,JP241,593.9967486283276,1466.512903881325,0.010457962466544464
3562,JP241,605.0871023713129,1185.0172353961827,6.150945298040038
3563,JP241,300.8657508585701,333.72047039234053,5.080195367295449
3564,JP241,329.25743424584005,769.5107890499195,5.5927619487598355
3565,JP241,353.95472852606304,262.64704515529394,4.901438601661393
3566,JP241,648.755179405801,1287.9187163889624,6.275637993409234
3568,JP241,505.41800386935245,810.5202002958916,5.694744258133361
3569,JP241,1035.3444160974404,1251.3103448275863,0.604763203606253
3570,JP241,242.92936580882352,275.9831801470588,5.044865505744627
3572,JP241,370.14559938573757,514.8039159228333,5.3020338911289135
3575,JP241,1799.0886505808758,682.4743521000894,2.320349993341698
3576,JP241,5837.965133298484,394.6486147412441,2.624229596261599
3577,JP241,391.8647851727043,317.61215248525696,4.962873502167536
3578,JP241,306.3442724458204,240.0829721362229,4.912863260036351
3580,JP241,2203.7285441191266,1618.5001509206159,1.5059293051124236
3582,JP241,266.4796813462227,169.79618689581096,4.822659947798353
3584,JP241,663.3466343901297,1456.3897391847572,0.09802812343792658
3585,JP241,822.0604328608443,1183.623837829599,0.19036688164802798
3586,JP241,4704.286910653108,185.60133775626733,3.0108018488162402
3587,JP241,517.6327523666283,1062.5142882420596,5.958816260217071
3589,JP241,254.07821132596686,161.087966160221,4.820039450529729
3591,JP241,4372.403675675676,4603.861837837838,1.4723173409335388
3592,JP241,845.7708774904621,1160.5864773208987,0.21591660816279906
3594,JP241,2646.3477788911155,1090.5207915831663,1.8985968522678704
3596,JP241,3875.839553056306,287.4624990871248,2.8864786695359306
3597,JP241,317.59203637365664,147.51116009920088,4.710701296732885
3598,JP241,718.1141468540654,2033.3761986076447,0.3295818831376469
3599,JP241,3253.2322224924997,2237.0523797940486,1.5819265160560352
3600,JP241,3434.5860536990535,1514.6457407765115,1.794602296978153
3601,JP241,1842.3964550301184,1275.2343003531123,1.5046079641309935
3602,JP241,728.0106011996095,1533.2383875017435,0.2175643282825733
3604,JP241,532.48022693142,1191.6366594360086,6.069300740522543
3605,JP241,362.031221554706,597.3964136173312,5.413655274605239
3608,JP241,4338.464601309907,132.30263021104065,3.1554469520275363
3610,JP241,1218.4394335511984,2426.874183006536,0.8454483310896841
3611,JP241,1423.1743237440962,2906.5636897094605,0.9608069326655314
3613,JP241,516.6338750241827,1038.49758173728,5.937956873704332
3614,JP241,216.9253714415334,166.8939548599297,4.880127279267164
3616,JP241,788.3388754185429,2577.6397644613785,0.473371352602299
3618,JP241,278.9397339502603,326.821978021978,5.089601895316071
3619,JP241,190.8025617436841,200.24018116198428,4.977274426928098
3621,JP241,3518.3316455696204,3630.896639022261,1.4503393780695966
3622,JP241,204.0873382624769,183.4184842883549,4.9293240423457245
3623,JP241,278.19853442399454,174.7526414451261,4.818338560098886
3626,JP241,593.5661339290829,1743.5487769949018,0.1087700699250666
3627,JP241,2745.0333264076457,128.42576355703304,3.3663635868405333
3630,JP241,472.40762902019446,1044.4682124158564,5.9028206402707495
3632,JP241,997.7325137446549,3213.533750763592,0.6851876434979101
3633,JP241,912.4871027504631,2223.27134102893,0.5698230462582005
3634,JP241,2477.747753921121,125.67610781178621,3.426137648030059
3636,JP241,364.16352684864796,479.8691528899141,5.254938769202639
3637,JP241,691.7000872926799,1636.8752961715925,0.20303635302058598
3638,JP241,570.864339464883,966.7580476588629,5.921452323948799
3639,JP241,2269.7724560961265,1994.8584992857743,1.423543228974778
3640,JP241,482.1082907532553,485.14702488874235,5.190292338944847
3643,JP241,689.1535593220339,1184.29406779661,6.263599175813734
3644,JP241,604.063623510402,1699.6769339527368,0.10886293227305005
3649,JP241,1480.8291397610035,113.88844355377421,3.754838365644619
3650,JP241,3257.6947865201682,120.54774721628199,3.3011938375685417
3651,JP241,303.3120865139949,423.69389312977097,5.212384719985135
3657,JP241,1166.7122783083219,1258.774693042292,0.8271600893388623
3666,JP241,237.22310533975147,281.2395611776559,5.059147281696292
3667,JP241,255.96800586152156,264.2658444254488,5.011771401791448
3670,JP241,351.9838555205911,509.9748255575318,5.303637410547815
3671,JP241,694.9408764724466,1369.4240646296882,0.101521311366341
3672,JP241,1759.8434310996931,120.16006565332192,3.637422398230349
3674,JP241,901.6394569225612,966.2924907810929,0.1388186726279333
3675,JP241,989.430881755384,3402.9622104835435,0.6827107730337861
3676,JP241,1614.497905927835,115.93717783505154,3.697283441580362
3678,JP241,679.6729152465349,1459.2438082254034,0.12163360262696185
3679,JP241,1950.8583304226336,121.0015368494586,3.5723616649305443
3683,JP241,319.82603991344075,369.8321711949988,5.120387057038622
3684,JP241,719.730778638402,824.7317570322055,5.864984822236711
3685,JP241,426.2479213907785,814.2720008638375,5.665228392409631
3688,JP241,1783.3982203265186,2064.4318282100307,1.222262694750422
3689,JP241,1098.5406025824964,3649.057962697274,0.7591800890514541
3692,JP241,2234.9893782960708,125.35616133105549,3.4844409817933135
3693,JP241,680.5307949626132,658.9106650924833,5.471653807195012
3695,JP241,4291.050467431785,123.77646879987839,3.1795953198028606
3699,JP241,307.2738847312664,455.3321994362912,5.253106403821789
3700,JP241,1558.8639527123653,244.84097626084468,3.576215068510975
3702,JP241,2170.6184445388867,176.44198895027625,3.4096151602509854
3703,JP241,522.5167880258899,1183.2423139158575,6.052683419173159
3705,JP241,404.8534415074588,778.4300793858501,5.620859774681472
3707,JP241,410.85743610797493,672.9803961818742,5.502138015507157
3708,JP241,244.99697921701306,298.3528274528758,5.0779740770893556
3709,JP241,393.5678210008356,671.5966948287067,5.500319033364758
3710,JP241,1086.256993006993,116.4556277056277,3.9600792601335657
3712,JP241,4092.9116231723115,118.72246899870443,3.2097400451389113
3714,JP241,4250.6558080952655,120.83488864716323,3.1901831631124375
3715,JP241,2076.9297253634895,114.77096489939785,3.5454759095628434
3717,JP241,400.69822357019063,746.7600736568457,5.586295537289405
3718,JP241,790.3207405015606,2412.841567107954,0.46045006687795637
3720,JP241,301.3977421895511,556.5571016014702,5.380389658504665
3723,JP241,470.1924794847824,1234.753194141477,6.028587986218101
3724,JP241,371.6209064179256,572.6717023218088,5.380022200534098
3826,JP241,272.07166733520523,172.54646343093995,4.821386946802253
3829,JP241,1550.7069314566663,1800.6787814518461,1.135500395220402
3831,JP241,1897.7017986101648,124.57569151110505,3.5838563702767954
3832,JP241,334.7306194000779,627.6591351772497,5.45311916322254
3835,JP241,425.1137513233737,803.6940359957651,5.653818326112804
3836,JP241,456.92258271763575,865.8430238783595,5.732283525981063
3837,JP241,492.03725419447954,917.3563052498647,5.805962236336475
3839,JP241,2164.8428055771815,928.5107934036379,1.9470413937214601
3840,JP241,1412.5638191483763,729.2540133691247,2.028453702987022
3841,JP241,382.4276674454829,886.3476440809969,5.7126463910190575
3844,JP241,799.4981765134938,1551.758913631098,0.32358135515128145
3845,JP241,882.7705697913287,2733.085198399827,0.5740833571629513
3848,JP241,282.09496753246754,254.36011904761904,4.966127466596041
3852,JP241,2768.2567361464157,119.78052146125354,3.3805028597507083
3853,JP241,3852.9163066954643,204.2742209194693,3.047072110757551
3854,JP241,554.7449987009613,1624.75630033775,0.022096582587648725
3855,JP241,783.8840716305373,2005.196355639334,0.4027230898347834
3857,JP241,238.97759823723834,277.72548659566655,5.0517703050183345
3859,JP241,328.2432047139327,677.4832731419882,5.505904388762883
3860,JP241,425.16804830621226,782.9083000716406,5.631747281165135
3861,JP241,220.50138121546962,338.9235308890005,5.159378882148406
3866,JP241,759.3946356375111,2096.5868257568286,0.388192209890905
3867,JP241,296.71091653721226,318.03078661206047,5.058869503308198
3869,JP241,801.9831582200247,1441.1827101359704,0.2895245810613506
3871,JP241,533.3264170934134,1369.0970333745365,6.172322515933706
3872,JP241,638.1951544195953,900.343583599574,5.90672614433216
3874,JP241,494.5964378139747,1246.80255746689,6.061679114654382
3876,JP241,1710.7171338045332,118.99322446990007,3.656847205950594
3877,JP241,311.34468787515004,544.8241296518607,5.363769639625854
3878,JP241,3162.4475092630714,139.83902840675174,3.271721773181073
3879,JP241,1283.5945988014632,2466.27060471632,0.8913954867226237
3881,JP241,2308.3864471356646,117.59702000272146,3.480687046957895
3883,JP241,2825.623773671002,121.88166400486729,3.3657441428533046
3884,JP241,261.0620458356624,367.1315818893236,5.164562797368982
3894,JP241,1312.9084485022825,118.5395534988431,3.831491228685226
3900,JP241,837.608919570458,1717.7939951786107,0.41713974675396465
3901,JP241,1324.2338545207342,1905.950458871516,0.9515356793014587
3902,JP241,4843.714090457256,138.88599652087476,3.1007123982601703
3904,JP241,1580.548219717302,3296.0422258006797,1.0215890561710532
3905,JP241,668.9922217508132,2008.1930420025456,0.2660613146061375
3906,JP241,1038.4551411776042,746.7006842054544,6.276136257144667
3907,JP241,2637.266406594098,269.2664695148808,3.1009619389772616
3909,JP241,2153.740048069701,118.20722547694156,3.5186183045614237
3910,JP241,627.34996597868,1959.2414379677932,0.2053659326665264
3911,JP241,3938.9218874259964,701.2255014579836,2.324456406873627
3913,JP241,2222.234505656665,1079.0270536153469,1.809912659883852
3916,JP241,577.8081720430107,1731.101075268817,0.0852949763065848
3917,JP241,235.2740824606095,373.8056420417021,5.193826452169862
3919,JP241,931.8545218379608,1223.702386751096,0.4093071507674529
3920,JP241,420.9169412172707,1095.9561297034854,5.895570723775557
3922,JP241,400.1782196617729,967.2537632410333,5.787916375548408
3926,JP241,275.3509364445809,350.159272336506,5.128229790914866
3927,JP241,2429.1059418272403,518.4560773683054,2.6357830028156037
3929,JP241,710.9950087149422,1970.446442719062,0.30951646578742786
3930,JP241,240.12018840344322,214.5166477180445,4.942688114085345
3931,JP241,325.3808939917512,518.9490580760228,5.326957870875171
3933,JP241,284.4171378860374,520.6141800782949,5.345120457095752
3934,JP241,441.1163590070019,649.9865054105666,5.471382855524132
3935,JP241,388.67711629746833,641.2100474683544,5.463763194595427
3936,JP241,246.48676365370855,176.9108037204865,4.862479238964871
3940,JP241,1625.9990967482938,2224.978522681654,1.1196312940140893
3941,JP241,2403.666022684781,640.8005733516142,2.4060147919595085
3942,JP241,1801.1228770021155,119.60822000604412,3.6236076408492086
3943,JP241,179.46277868749212,152.61997732711927,4.901518309219106
3948,JP241,2141.982400722022,122.13680806257521,3.514849924699357
3949,JP241,804.975828787243,1000.8580780528745,6.272925782880341
3950,JP241,692.2950483445649,1136.8460787186248,6.231017919048253
3952,JP241,1626.3668428005285,130.9143328929987,3.6759353416433567
3953,JP241,1089.3106247282215,1053.7538048992608,0.6659956635782699
3955,JP241,2509.8316011235956,1054.3218398876404,1.9012406964144108
3956,JP241,2377.985253381131,1482.9714029656184,1.6125816329832372
3957,JP241,283.18112572954794,397.69047383519637,5.190284213234135
3958,JP241,1114.6918414918414,1293.5344522144521,0.7439641851918731
3961,JP241,733.746843638718,775.1142764648754,5.7726574642407895
3962,JP241,1427.2599288902338,962.943490430441,1.413014407480701
3963,JP241,1727.335815167332,118.36129874117286,3.6515227170698985
3964,JP241,3336.1557717471696,126.47146839619958,3.2769435042191053
3965,JP241,1289.3577868586626,1687.4127910747875,0.9399543665803023
3966,JP241,302.7474393019727,302.9450872534143,5.028031043405148
3967,JP241,5162.795363012953,764.7756068357462,2.2814924858718597
3968,JP241,1712.6642616005824,127.55583504335739,3.645398202165627
3970,JP241,161.9922660479505,137.51044083526682,4.894910280074009
3975,JP241,697.883997204752,123.47679944095039,4.257509829432662
3976,JP241,6753.200683442063,125.96417106761935,3.0281854254301908
3977,JP241,1453.2573934079226,4683.242999697611,0.9307725386644964
3980,JP241,1675.175648957204,124.94808342368773,3.6631239565237528
3981,JP241,1016.7789774531598,2179.1464750714513,0.6710957358367172
3982,JP241,337.6364849833148,244.51890989988877,4.885513682921352
3983,JP241,667.8480392156863,1812.284586056645,0.2213139123544441
3984,JP241,1438.8718003565061,141.10666666666665,3.7528584489665713
3985,JP241,276.48268930087113,224.11313379495198,4.91752004138811
3986,JP241,2849.1829196794997,637.7300501595987,2.401215427176227
3987,JP241,798.456701249206,1829.6904509845438,0.3897694458158499
3988,JP241,182.01519585772175,140.23885637100406,4.87187051866481
3989,JP241,722.928496520164,2058.6481075412335,0.3396196358562201
3990,JP241,2610.1624516752577,122.87991301546391,3.4040722725682717
3991,JP241,398.3696084559868,761.7780871739501,5.601744404305636
3992,JP241,311.51565622918054,471.9166111481235,5.2727572890283785
3993,JP241,2102.527708566028,1580.755047684509,1.4827107687277077
3994,JP241,458.0890081944052,1152.3413393614014,5.966115736421745
3995,JP241,1099.4920814479638,2596.7296380090497,0.7533515247018325
3996,JP241,245.6449529959168,361.3610293419428,5.168975677723743
3997,JP241,1759.4835221802562,502.7310227356884,2.8676045196474886
3999,JP241,201.15801659270693,194.39918965849893,4.953619697943604
4001,JP241,1586.7729961966475,3072.8115931821385,1.0348899502175282
4002,JP241,2637.620801733478,1049.4434157391904,1.9287871220910366
4004,JP241,496.6683601467683,1021.1089472198702,5.905082690317257
4005,JP241,211.6447944006999,135.42257217847768,4.820031943051062
4006,JP241,386.42963272993615,736.5967353772104,5.572659439442901
4007,JP241,240.96333376674033,155.2255883500195,4.8244294792688525
4009,JP241,2654.153785113474,2061.1500555467387,1.5092464378829922
4010,JP241,901.7915901953587,1763.2642032709327,0.5070713494362309
4012,JP241,268.14952824555115,181.1980174369999,4.844071615655325
4013,JP241,2119.019388152767,1086.9198168355417,1.769547448740889
4015,JP241,485.9468888888889,874.3250222222222,5.757604501524346
4017,JP241,3010.42637488835,118.32697460763048,3.342800152047792
4022,JP241,326.2558437027561,354.7992789859286,5.09098508533115
4023,JP241,264.49128101945,388.67261904761904,5.191632417166708
4024,JP241,307.7224090492204,434.8035768878019,5.224904237680952
4026,JP241,1876.2505922611213,148.88523295604105,3.554663182330236
4030,JP241,303.2628167354154,553.4155126694167,5.37627019057587
4033,JP241,1212.2211684370259,1092.0969650986342,0.9303442574810656
4034,JP241,266.5213835238471,167.6758967284194,4.818166561700033
4035,JP241,1621.5886935866984,1152.1419477434679,1.4368886142668673
4037,JP241,1010.24459049545,3382.032760364004,0.6973057496289672
4042,JP241,3166.5351565660653,128.25972975159803,3.296791515864201
4043,JP241,443.0423564635435,662.5015850651638,5.4883872818681185
4044,JP241,270.26550406583715,454.2327814245126,5.2727704809598945
4046,JP241,526.3991671004685,1105.9633524206142,6.00182540890706
4047,JP241,1549.6876466305316,1179.301917320605,1.352475980696764
4048,JP241,2232.821606339346,137.60797196671047,3.4625456700394537
4050,JP241,255.77454345736646,421.77454345736646,5.240991464942329
4051,JP241,1519.0974358974358,450.2076923076923,3.222382110174489
4052,JP241,479.8503040164426,689.0776740601182,5.526100043323097
4055,JP241,1350.6808844507846,1826.5280313837375,0.9808583682873058
4058,JP241,947.4546376648259,2791.6159134452832,0.633508428978853
4060,JP241,2087.0738762794836,116.48034416258716,3.5397467471586093
4061,JP241,550.7899303433949,1419.2098863497495,6.2177486228331205
4062,JP241,4210.558040468583,120.5481515289822,3.194468355168201
4063,JP241,245.01454012623987,283.50281785392247,5.0547188916474735
4064,JP241,582.1708828084667,1175.7317157115815,6.116100669649072
4067,JP241,1257.2289384208539,2854.1329807329053,0.8640657366652781
4071,JP241,412.4370378927911,863.7962107208873,5.707538604123995
4073,JP241,1825.7397245874067,1056.768527278461,1.6666845701944484
4074,JP241,376.36884679885566,749.6199072703956,5.584233424155052
4075,JP241,499.63672677470896,1013.9949783154531,5.901632467054613
4077,JP241,713.954571927781,1308.6490972626675,0.09682602610809099
4080,JP241,638.1140270804808,1839.7944621938232,0.19081820037174646
4082,JP241,1909.5489403476354,122.22827279551885,3.5835535278435393
4083,JP241,1861.9135675153077,594.2647115694489,2.5598624758078876
4084,JP241,1156.2700047915669,2934.408481073311,0.796086764207662
4085,JP241,271.61467491587973,310.9947899706936,5.071756375675982
4086,JP241,282.9707346814348,258.86861091352506,4.973126410683447
4087,JP241,231.63710887888234,277.73617365200323,5.05941402570141
4089,JP241,345.708648989899,244.1947601010101,4.875656290426583
4090,JP241,898.6115601023018,2993.049718670077,0.6000264051245422
4091,JP241,255.28651608487337,134.723613963039,4.760324726806597
4092,JP241,1834.4227024922118,121.7496105919003,3.6091605374228695
4093,JP241,254.53294180459156,246.9264281900694,4.983747030282144
4095,JP241,1146.7952993293545,1803.0309481326524,0.7915700278158558
4096,JP241,208.72590926134234,137.88142107236595,4.829522961445569
4097,JP241,223.66984707881323,198.67102339563456,4.933382293155607
4098,JP241,171.97267950963223,116.9004086398132,4.83375768572709
4100,JP241,376.82371491643016,756.7560180805214,5.5915378929658
4102,JP241,2590.754706417524,119.15494436279656,3.41566553000938
4103,JP241,339.48152270703474,714.7579029385574,5.543654189354428
4104,JP241,419.5340080018828,968.4858790303601,5.801782000737874
4105,JP241,1468.1831101190476,123.36748511904761,3.752708480808174
4106,JP241,444.6000189969605,955.3390957446809,5.808117558873976
4107,JP241,1555.8542525702348,5944.494914508769,0.9510397328542398
4108,JP241,298.7718841890975,442.590590364171,5.241120801938359
4109,JP241,309.5786763782494,454.86600527439407,5.251134806818756
4110,JP241,632.0194251560165,2019.725586710029,0.22373525466592953
4111,JP241,567.4200179826712,1528.3941065881968,0.002273737950015294
4112,JP241,1919.2607639917087,122.16191886289606,3.580535382949029
4118,JP241,1343.4989571482745,2702.6926431551005,0.9224154953282949
4122,JP241,265.55372728573474,216.78294462727143,4.916661038146639
4124,JP241,894.2805573988056,2725.06901128069,0.5840540671637271
4126,JP241,1416.3223705901748,1880.2285690735246,1.0271009749093767
4127,JP241,1330.2350746268658,488.5186567164179,3.4058188132954705
4128,JP241,6221.301884323476,278.850170112536,2.7689281475439533
4130,JP241,3193.7293061788055,123.86655160510874,3.302704906797033
4132,JP241,1065.8385887165502,1264.1241690813022,0.6601109347993783
4133,JP241,883.7295929925243,1265.6642754662842,0.34443299100780844
4134,JP241,296.0494058786742,497.563209148575,5.31296947618043
4135,JP241,1328.1247091670543,779.4527687296417,1.6517739792649186
4136,JP241,2487.17712645213,136.96294565362533,3.4015644557357114
4137,JP241,2089.999235149146,139.4541514404691,3.4995781509752613
4138,JP241,425.4225945017182,814.9398625429553,5.665592571922706
4140,JP241,485.29521056977705,1129.3795210569776,5.977278913549977
4141,JP241,1771.1083333333333,248.22308868501528,3.4453761823495914
4152,JP241,3632.9312856009806,122.63508544235346,3.248698052870163
4153,JP241,2191.0484933311377,476.3580602667545,2.7728860966434303
4155,JP241,217.3421052631579,160.76486256126145,4.8670111999150905
4157,JP241,1601.638154027043,2274.1568195179307,1.101004188101315
4158,JP241,2549.9093822843824,1615.489996114996,1.6068787743517823
4159,JP241,3937.179696692378,132.26088377565694,3.1931811167176334
4161,JP241,364.41847176079733,770.5918936877076,5.602172251798384
4163,JP241,781.9256499133448,2652.0448873483538,0.4730914655752471
4169,JP241,713.0819173484372,2079.1285924061253,0.33146285141395737
4170,JP241,1881.2362100380983,1563.2867318204405,1.3922751224372336
4171,JP241,2831.073507513199,125.20664681196696,3.357609832870372
4172,JP241,1702.5706384513646,120.47444992184683,3.6580529416925156
4173,JP241,317.8623240969099,349.2997243580444,5.089635444295823
4178,JP241,984.4309456768079,632.7785179589314,5.183916784551986
4180,JP241,210.5364050056883,320.9226393629124,5.143618579938337
4181,JP241,7159.940734498982,150.15532617091498,2.9598022077310144
4182,JP241,2033.723834537098,123.37524622455679,3.5434161739668637
4184,JP241,3323.918312456774,119.36317528625221,3.2948742515781615
4186,JP241,2885.5713889658996,594.6820996211071,2.464138169649059
4187,JP241,477.8712255144615,830.1756594300261,5.704877418564972
4188,JP241,2494.0730832308323,121.66687166871668,3.4306242721428224
4189,JP241,235.08596812124378,303.29918996603084,5.095181357984891
4190,JP241,2879.526641294006,120.66460513796385,3.3590646660915064
4191,JP241,2180.2216894429794,132.04155678094781,3.486842782572867
4192,JP241,2041.6272003146819,845.755629855443,2.0275079417010846
4194,JP241,423.13887074195054,756.3825478301446,5.6019902936882024
4195,JP241,1464.2007217735006,896.6159993125966,1.5736545415327046
4196,JP241,310.467159145656,618.8018307371126,5.446434573390199
4203,JP241,537.035924054091,1036.4388061740199,5.95577497179081
4204,JP241,2543.420559603257,120.18122818833038,3.4232195512594865
4205,JP241,232.58950239864546,200.11720440221993,4.925096192538849
4206,JP241,1947.356728378005,1866.9266832458322,1.3358514915260347
4207,JP241,415.27229194187584,880.8100231175694,5.724549453530091
4208,JP241,782.263358778626,1479.5479561684315,0.2749353191175521
4210,JP241,2913.6168690372942,119.76655102630818,3.355293120522547
4211,JP241,340.8613432835821,470.95298507462684,5.255276662609253
4212,JP241,340.27195965755834,623.3078456667057,5.447638880165126
4214,JP241,473.3774046299315,989.754809259863,5.85895763895432
4218,JP241,931.619668626403,2196.4194548369856,0.5873599325577739
4222,JP241,1609.677952599084,5468.187014538937,0.9759393039807908
4223,JP241,3300.851107151947,122.23301094426063,3.291400294346669
4226,JP241,2332.771283145883,755.8034644117888,2.213196273360022
4228,JP241,1444.5613914896855,2587.4781152470123,0.9880449960751374
4230,JP241,1490.364609780329,728.6207086874931,2.0933913219956013
4232,JP241,406.40365756692285,889.5790264157611,5.7277157315471126
4233,JP241,3952.139818960483,127.89950360132373,3.201791211965955
4236,JP241,1007.9851761846902,3405.9622924260834,0.6960790885553583
4237,JP241,565.4605013927577,1283.3442896935933,6.165129049403095
4240,JP241,1329.8113070470906,221.96215573608083,3.7647401695568505
4244,JP241,235.07883768012385,392.84208645944983,5.218475512107459
4246,JP241,211.26221681333084,176.07957311364913,4.905849818201937
4247,JP241,369.2528179136092,564.8063393600121,5.370421600392136
4248,JP241,223.86590363148227,237.94475060053696,5.003007946855282
4251,JP241,354.73429167632736,627.2059664579953,5.45038139624495
4254,JP241,170.0476052809097,143.40975233689892,4.895709501705312
4256,JP241,3063.885323609845,253.5886964448496,3.0509441691191053
4259,JP241,3157.856490872211,3213.7638945233266,1.437766051892893
4260,JP241,356.9285507665606,211.09034808600907,4.797337246326515
4261,JP241,321.8171606864275,489.47948517940716,5.290549072848995
4262,JP241,405.9658613445378,957.6924019607843,5.784213328395825
4263,JP241,307.6901299951854,163.07135291285508,4.757054145329731
4269,JP241,323.9868115942029,538.3184057971015,5.35164569054119
4270,JP241,682.7126234132581,1965.7959567465914,0.2742681648299978
4271,JP241,903.9142122949199,2703.3981023917772,0.5916144884504628
4273,JP241,267.1686029625327,206.1020911995353,4.894474470529312
4275,JP241,369.92403200588615,525.5296606272418,5.317144053082902
4276,JP241,250.95386871193324,250.07940446650124,4.993181110492393
4277,JP241,2042.4812461145266,2534.7609311321407,1.2608783222626705
4279,JP241,2754.2882289081886,793.8325062034739,2.1935088252356376
4283,JP241,3931.547311675415,119.00744786494538,3.224874231115723
4286,JP241,395.2972850905806,643.7686555929141,5.466411220435382
4288,JP241,283.35862378843314,368.77732845497144,5.1489282739653
4289,JP241,431.85018253299637,643.0471777590565,5.462580003256522
4293,JP241,1362.6822246241525,2653.282499754348,0.9360936186735828
4294,JP241,4037.51423690205,1171.871786527823,1.9963936717414525
4295,JP241,676.5136051031595,1906.3272201734276,0.2541713413324082
4296,JP241,671.8016251354279,1810.4111592632719,0.22584071679885598
4297,JP241,2515.161175133907,123.76821944489531,3.42188164039207
4299,JP241,359.6732312861676,682.8735299607989,5.512380391528918
4300,JP241,297.4767441860465,379.1369509043928,5.152786509009632
4301,JP241,6262.627509964654,260.13431601113035,2.7961596773921356
4303,JP241,2878.5726753166514,118.76351560086499,3.3633833547933727
4304,JP241,4349.793160341983,132.4214789260537,3.1541960200149592
4305,JP241,268.6435961469854,503.1660126055417,5.331503177118569
4307,JP241,1891.0316089613034,792.950549898167,2.0790781638351645
4309,JP241,339.74102564102566,622.9552991452991,5.447307431289263
4310,JP241,1974.6905378637819,590.1417034892579,2.5489345190832635
4311,JP241,1403.1162676287308,131.6454028643271,3.7779347141963475
4314,JP241,364.0249443207127,484.93095768374167,5.262380927245892
4315,JP241,337.58994528043775,387.5954172366621,5.133532289262488
4317,JP241,558.0166143247898,1069.6139195623543,6.005833143960047
4322,JP241,446.2566158781075,832.2153167602245,5.692310150916616
4323,JP241,594.5360470819029,1682.9345267287886,0.09153257735768283
4324,JP241,356.6662038873463,505.9392106307021,5.295911980914215
4325,JP241,246.30724494825037,243.9469689502218,4.987821979287261
4326,JP241,191.6269588129247,122.64360005547081,4.81867292311985
4329,JP241,1924.4389276649747,117.64165609137056,3.58582230716797
4330,JP241,1756.2801624833273,216.39335515945191,3.5037422002937064
4331,JP241,478.72143113557496,622.2871843963145,5.4264066941953395
4333,JP241,376.38220712449504,588.8763312522952,5.399811609050311
4335,JP241,1123.1449338251248,2587.8502929051856,0.7717843135660444
4337,JP241,230.61973114604695,186.0578719526088,4.900645091743318
4338,JP241,226.4674989682212,188.83945522080066,4.911250149801366
4339,JP241,153.84521783526208,117.57768890401634,4.862798722862456
4341,JP241,3111.364827586207,125.85800766283525,3.3103945099487655
4342,JP241,752.6513621542022,1339.0421268538971,0.1705942415705503
4343,JP241,590.5202535334402,1493.2514935159552,0.017374743157686428
4344,JP241,2559.3909698690354,7901.056690173093,1.1531037582109658
4345,JP241,1026.3594056630222,1058.7985702270817,0.5202107432716854
4347,JP241,742.462817623747,2263.2010257207244,0.3920857960930657
4349,JP241,768.4267969863572,1116.5418448381185,0.04746220234565634
4350,JP241,719.8537265258216,1703.6584507042253,0.25973890474434236
4351,JP241,745.2632890365448,1422.5019725913621,0.19866879603438237
4352,JP241,2678.3343841122232,119.6195917724013,3.3975523880200873
4354,JP241,739.348545034642,1760.0127482678984,0.29956939528025195
4357,JP241,2535.260080277322,119.53886152162015,3.4262235987066028
4358,JP241,204.43733405581142,118.59127607694391,4.790972506631273
4359,JP241,231.3616524842163,248.47145209991766,5.012268404021221
4360,JP241,281.5228158345169,531.2780873302014,5.358271235296287
4361,JP241,232.50170738114,180.0592767708607,4.8864806642927805
4362,JP241,334.3492725607895,447.7866517448367,5.226260644116284
4368,JP241,1742.4222038005357,120.40447646983803,3.6433994307071154
4369,JP241,211.27617477328937,265.14650806736546,5.061200975686806
4370,JP241,1415.487579113924,1072.4068037974685,1.2797294139630195
4372,JP241,737.8269265639166,2107.559111514053,0.3649189596915088
4373,JP241,1780.8079233641824,121.16163338204254,3.6286089943118935
4374,JP241,379.88179894179893,797.7766137566138,5.632485578442483
4375,JP241,1131.890758103402,3506.3567639967855,0.7797940417060655
4376,JP241,1589.0700238797583,116.15571007163928,3.707216815795867
4377,JP241,1943.5592882991557,1796.827322074789,1.3512997143575007
4379,JP241,239.02672405164648,197.04233810429386,4.911352601094517
4381,JP241,226.45462806698688,212.48565493963392,4.955381467414351
4384,JP241,2679.081451542044,1098.8616114576926,1.8982038573021889
4385,JP241,2452.0928708781425,120.72608788547824,3.4416280596960087
4386,JP241,614.3703464203234,1182.4615242494226,6.160865979678393
4388,JP241,492.39742420788696,898.5606336904491,5.78708882450041
4389,JP241,663.3791724137931,821.8968275862069,5.80878006022264
4391,JP241,1113.9201450127375,927.952184989222,0.6994639258440983
4392,JP241,255.98883673728275,133.21413167575795,4.755937925713489
4393,JP241,880.5189451348893,1073.795013640497,0.21233231453310716
4396,JP241,1703.0291118116077,117.29037641386984,3.661809084849777
4397,JP241,1145.2240339513066,122.27451418360509,3.924335570998182
4398,JP241,244.2822759421514,143.96875329884935,4.79555170726471
4401,JP241,285.49145931405513,358.2512441156691,5.131629784263017
4403,JP241,864.6099939795304,2292.3487055990367,0.5263063628654442
4404,JP241,241.87666277712952,133.02147024504083,4.773975882731923
4406,JP241,4415.36332936035,123.56019070321811,3.1694661561019695
4407,JP241,951.4574314574314,287.85109599395315,4.175228336555624
4408,JP241,249.8168024969655,331.5336396740073,5.123216519822719
4411,JP241,277.3813789975051,327.00068042640055,5.091320543809281
4412,JP241,3143.2278727872786,825.8043804380438,2.1821511355798124
4413,JP241,566.5291258813061,1106.6327606270108,6.045635406399299
4414,JP241,677.028965059341,1717.5241098846377,0.20783929154295153
4415,JP241,767.9188785666888,2063.652206370272,0.3931017585239453
4419,JP241,3600.193458000853,125.93208259730767,3.244863916728144
4420,JP241,228.26778443113773,187.71904191616767,4.906826635390188
4421,JP241,4026.8181637815583,129.89578889936016,3.1897021005523145
4422,JP241,228.31534569983137,473.9581787521079,5.317287400685156
4423,JP241,402.4897813202534,391.5901287553648,5.085639828712733
4424,JP241,235.78797145769622,164.39449541284404,4.850478269977955
4425,JP241,1660.8883409323532,713.7505350330325,2.2123948904975594
4426,JP241,1660.4602108309218,1378.8525217031831,1.3342497539428244
4427,JP241,364.77015013828526,433.7962267878309,5.18511453058812
4428,JP241,266.29845586540677,387.62733348697856,5.188863139882524
4429,JP241,2147.3052046728085,127.82533953841771,3.5033736555358823
4432,JP241,2083.22086089125,1136.4614550580072,1.7149974650393054
4433,JP241,574.2569549212479,1421.961136925955,6.248364726403313
4436,JP241,551.6076291820723,1449.862115610064,6.232692132762685
4437,JP241,385.74737673473993,618.1933882432585,5.4354222903431975
4438,JP241,1705.470184899846,1563.6895223420647,1.2943116872839089
4439,JP241,5057.433981871716,164.9058368454477,3.0292829862043686
4440,JP241,195.3355740503628,179.57244985061885,4.9333480828225
4441,JP241,5316.237578596967,131.67482431266183,3.0861846934101065
4442,JP241,347.0576097930338,681.0493437657749,5.51003304738397
4443,JP241,868.793512450852,809.3273263433814,6.031962433726731
4444,JP241,501.97844760268623,695.4092612837733,5.537107551222266
4445,JP241,4646.192349876611,129.37325198793528,3.137258305212702
4446,JP241,1864.271332554062,940.6761396843951,1.824534002877405
4447,JP241,689.4066458299062,1632.1697647639414,0.19850784788828538
4457,JP241,458.93350507164706,1257.1630172274995,6.029466851970234
4461,JP241,289.93813488759366,210.14920899250623,4.875049066617565
4462,JP241,1079.2052216150578,1206.1216757741347,0.6747725228204461
4465,JP241,378.56778898091466,156.98163485776018,4.657967509195885
4466,JP241,627.7090735173545,1918.8056846132822,0.1967791640710651
4467,JP241,1023.5037897225506,455.11355260413046,4.246892089987957
4468,JP241,443.6352452942048,878.6419890321624,5.737713032855947
4470,JP241,256.2637729549249,205.6160267111853,4.906681830555883
4471,JP241,279.7964309960237,606.10445155659,5.437721649386562
4472,JP241,513.5455126838627,132.7523626803098,4.454030101793117
4473,JP241,4289.274184075845,127.57529994127025,3.170773107710278
4474,JP241,345.99945070035704,434.5726448777808,5.1992761857432805
4477,JP241,2407.0282168710296,875.2948736888758,2.060262208611901
4478,JP241,250.5223363115082,161.2365648753167,4.824903228007445
4479,JP241,1049.3935080484237,3629.0267393907143,0.7272927309311453
4480,JP241,3595.612234794908,128.31209335219236,3.239908583506228
4481,JP241,314.0749495854806,709.6144969751289,5.536143732557204
4482,JP241,852.1181434599156,1847.6346255274261,0.4592283945299161
4483,JP241,255.4226968000553,278.2661552284194,5.035525579858299
4484,JP241,2154.1158478019947,745.4091614333211,2.2136353559049944
4485,JP241,2227.8205820582057,117.87586258625862,3.4999890523270603
4486,JP241,4225.61507694017,205.65290817176825,3.0086889601902613
4487,JP241,1127.925561511841,117.47255207979914,3.9347211056244547
4488,JP241,675.4575680512386,1389.214844117924,0.08387728117464313
4489,JP241,826.1425708728709,2247.2684623091886,0.48150011265863785
4491,JP241,437.63746921182263,986.7568503694581,5.829215689455842
4494,JP241,1439.7136898306499,118.73379494452324,3.769485988054621
4497,JP241,889.55137580098,1237.4405578590274,0.3405531106981826
4498,JP241,313.7563724862303,192.52491353913155,4.811345140482125
4501,JP241,2997.7538149289635,453.8822070209727,2.685194358236401
4503,JP241,4440.351927857101,140.91791433030812,3.127063412198048
4504,JP241,2330.4919801481697,1006.4741422714523,1.9048369448190727
4505,JP241,204.30237302695159,187.67293031246643,4.937106434425003
4506,JP241,1442.4614146124807,2097.3281701088163,1.0226194882636976
4507,JP241,2715.2672770700638,120.17826433121019,3.3893985938128433
4510,JP241,261.5806781235485,167.71082210868556,4.824470635114661
4512,JP241,5318.423014913342,122.9695687222894,3.106484463559774
4514,JP241,1340.2774086378738,1548.015978484417,1.0078757750941107
4515,JP241,269.7441063009001,366.07340334333475,5.156070486226064
4516,JP241,194.0573036379488,194.7276690179916,4.963228476702615
4517,JP241,882.346036977906,270.84364216923314,4.249904995537552
4518,JP241,304.06582549696464,186.25306511129628,4.81027099789788
4520,JP241,4088.4544676931173,1638.7167390446111,1.8189768125470442
4521,JP241,254.1988462010556,139.67423591506076,4.773012363753407
4522,JP241,297.18403669724773,368.48045871559634,5.137172275270544
4523,JP241,221.6735887686458,175.47309154723604,4.8912048262124594
4525,JP241,5571.6087859670715,128.57816587167255,3.0784563157055946
4526,JP241,607.4773927512117,1530.4123562178977,0.05432894776505946
4527,JP241,427.77296852122987,838.6926244509517,5.690604570128742
4528,JP241,1006.7776916367865,1945.3953871499177,0.6483387044508799
4532,JP241,239.4178757980267,184.566802089379,4.886669008115202
4533,JP241,1107.1259156763797,601.0276737750285,4.243649862350013
4535,JP241,232.8736237046632,333.02331606217615,5.140424820191866
4536,JP241,994.8315556171215,1253.5921872835572,0.5338506835338923
4537,JP241,439.7502306109416,1071.0451287873411,5.894525805882151
4540,JP241,416.67932182234244,695.4919908466819,5.529947676917608
4541,JP241,1331.3384515289524,1411.8574495770984,1.0243332347279746
4542,JP241,2458.8893796558773,2654.585668138968,1.3661031597266686
4544,JP241,392.3833333333333,496.3668898809524,5.263996856878073
4545,JP241,3065.3131950384945,129.53213216424294,3.3092998121034887
4547,JP241,352.4588485316847,545.3153013910355,5.350470378410894
4548,JP241,2546.6908758338714,118.66101786098558,3.425647005764969
4549,JP241,321.1177096160304,718.0319041755289,5.544705359384447
4551,JP241,2107.9138513513512,3296.128800675676,1.210988632474534
4554,JP241,249.38130981422407,298.1936573465941,5.07340201524902
4556,JP241,685.4206081081081,1364.3244047619048,0.08547316162084424
4558,JP241,759.6999901989611,1159.0098990492993,0.06830728105240888
4559,JP241,2826.5190412027514,122.51606269058932,3.364216072475897
4560,JP241,1218.3856614531167,3760.952577240157,0.8301948456478422
4562,JP241,226.31042923332458,216.04231139085584,4.961961589059701
4564,JP241,316.9251446310145,486.67863694087765,5.289309375979487
4565,JP241,2731.8832192799764,120.14705444808092,3.386375470344225
4566,JP241,2693.742315238718,116.50247594132486,3.401227166691174
4568,JP241,1345.4575460222204,848.4671964966345,1.4720581355922582
4571,JP241,770.9448893075836,917.8222640916941,6.097656428144021
4575,JP241,308.51031754517265,368.80059873837274,5.12826741067564
4576,JP241,731.0756082537727,2804.541499846012,0.43500090144308273
4577,JP241,397.82928748033265,956.3824454933693,5.7779821354254866
4579,JP241,2373.425276609007,2074.8149446781986,1.436767471774719
4580,JP241,375.3762523982093,434.5090599019399,5.178724980405843
4581,JP241,466.489184532925,791.3138399693721,5.65535132663888
4584,JP241,492.71069749468666,699.9620016745025,5.5428285026409325
4585,JP241,1848.7585947103375,5860.711527023276,1.0414840617431391
4586,JP241,1489.53290793072,1462.0043755697357,1.1675619322380257
4587,JP241,357.96131345536895,731.5351009624458,5.562704669899379
4588,JP241,3127.56911720093,135.65365557690362,3.2862013961460286
4589,JP241,267.202479338843,304.64304812834223,5.0660059458031235
4590,JP241,234.8891337677271,254.7612111920276,5.018842275180862
4591,JP241,1451.5904394610293,5414.9975717754605,0.9201650760526585
4592,JP241,3270.464071136746,123.89804133621726,3.2917780567938424
4594,JP241,205.4301326259947,145.10259946949603,4.849858738635992
4595,JP241,4871.807602064759,118.77444079461911,3.145890825936912
4596,JP241,3294.638376383764,343.2280275075478,2.8470234596677857
4599,JP241,232.40293343362166,344.95825498307636,5.157437163000272
4602,JP241,4045.3880990415337,173.94097444089456,3.090309704601333
4603,JP241,372.26710905020786,761.6330348576911,5.5953579373412685
4605,JP241,427.2909794681925,776.5439246045103,5.625474887960582
4607,JP241,541.0620731831617,1444.1035572316787,6.21711555223836
4609,JP241,493.015587529976,1319.1363636363637,6.099818916476404
4610,JP241,324.6272789231556,473.9682228659056,5.268422408891942
4611,JP241,635.2496729175753,998.2578863206861,6.023212710098182
4615,JP241,2046.9241869918699,1020.2743902439024,1.8069066067474824
4616,JP241,1422.3022362253132,3028.5828786598017,0.9556551806378787
4617,JP241,2823.600449392299,129.3574711469717,3.35002198575802
4618,JP241,1030.0067517343905,1254.0334489593656,0.5960094854726063
4621,JP241,278.1692198915861,525.5110770681122,5.352998123154325
4627,JP241,442.3029353092049,999.3472024318419,5.842762644781901
4628,JP241,3989.3233602678897,124.63762102351313,3.205717642296301
4629,JP241,279.6079932864786,379.96569810133224,5.168035853562694
4630,JP241,1122.7809101892872,3885.8812927909785,0.7747153784879232
4631,JP241,1579.858068739771,121.9328968903437,3.705019882527537
4632,JP241,738.895562423465,1548.932182634556,0.23812802530392074
4634,JP241,665.996370834708,1432.4420158363575,0.09105781898112252
4635,JP241,4290.970540288775,122.5533884489986,3.182513854464146
4636,JP241,621.2704938581098,1513.0226873903234,0.06541736570582626
4637,JP241,6690.273422562142,130.58712555768005,3.020188004854647
4638,JP241,245.99987542045596,253.53843278933599,5.004559880613256
4639,JP241,335.2104690193232,681.5770661344461,5.51022366792918
4640,JP241,1333.7694461457695,1647.4813194505207,0.9868386181915703
4641,JP241,302.53506271379706,566.3125237552262,5.391044875914955
4642,JP241,538.1746881826509,1658.6860686350503,0.0130400621173894
4643,JP241,643.6153631024517,923.3590938752681,5.943064222689414
4644,JP241,312.1845071779555,554.5217265632527,5.3748723482636285
4645,JP241,294.96029143897994,331.221007893139,5.081679639376214
4646,JP241,291.73513460211024,686.2408046543734,5.5132087459565735
4654,JP241,5899.4463727329585,125.42972170106316,3.068265999758974
4655,JP241,482.0918984280532,1094.7892289089386,5.9495813825063575
4656,JP241,2670.6949741090466,4012.0871763630826,1.2951899544819365
4658,JP241,288.8700202164348,384.6753478415983,5.167595950349791
4662,JP241,258.9881746031746,355.0334126984127,5.149170655506788
4663,JP241,484.89657869012706,1105.4458455522972,5.959979917955948
4665,JP241,437.81858093754425,953.0294575839116,5.801492393340444
4667,JP241,234.43431594860166,247.98972033257746,5.0080303444106224
4669,JP241,425.9789582614695,1042.7705243187306,5.862981996188599
4670,JP241,3252.465005192108,4161.427345102112,1.3790630100002135
4673,JP241,238.73708005300492,149.51718762179436,4.815004398521392
4674,JP241,1613.2682060390764,2106.090505409333,1.1272606046545879
4675,JP241,344.54792347176857,640.3419505366309,5.466221432937367
4678,JP241,303.91930396954865,613.8265361609571,5.44208729712726
4680,JP241,392.4419169480481,374.9165333807239,5.065451960795224
4681,JP241,4954.15944567121,134.6575039975634,3.1026663198624083
4682,JP241,409.7635572535286,553.6641197070996,5.341478346108825
4684,JP241,1833.38529314888,233.52931488801053,3.438754447761334
4685,JP241,551.0743600445187,1283.6127573734002,6.147841233807413
4686,JP241,222.25046681378373,208.89008657273808,4.953949506552414
4687,JP241,457.32214467005076,820.8177664974619,5.685035376560407
4688,JP241,486.5345841258862,1227.0274079197648,6.041324014717738
4689,JP241,2334.4181297026157,155.6010987698555,3.402128334147622
4690,JP241,512.5846595356118,1268.792264544743,6.094403989967361
4691,JP241,292.18765721952036,434.04771088378334,5.233775564978721
4692,JP241,409.715467281832,814.9887469757497,5.659590772302803
4693,JP241,4572.831882827425,139.04351517724476,3.120626512586052
4694,JP241,2573.266034824774,2195.7194181176988,1.463868982410614
4695,JP241,970.0260467802483,735.9387814034075,5.957941942276188
4696,JP241,419.5376791493296,839.5315533980582,5.687769785213879
4698,JP241,307.41212540797153,436.36732271783205,5.227261411256491
4699,JP241,1079.9733438641524,3494.9069009773916,0.7463718357159033
4701,JP241,237.07932446264073,238.07753326509723,4.988142767080539
4703,JP241,1863.5755612126823,1247.2246393581734,1.5337751545201659
4704,JP241,3253.8584154175587,10866.51323340471,1.2020384469182532
4708,JP241,212.24300039067586,197.06576377132438,4.944602543714766
4709,JP241,1380.296715583508,120.68602375960866,3.7964554358701257
4711,JP241,339.35043864920084,262.2780915755318,4.917057543603981
4712,JP241,426.797527169633,930.2039691289967,5.774798537389912
4713,JP241,2418.875343835959,123.72468117029257,3.4431219700787823
4715,JP241,2415.856862056862,1361.796138996139,1.6791227725067992
4719,JP241,296.624958976042,327.0254348539547,5.073448008638821
4720,JP241,694.6804602554629,1708.9914493824554,0.22834989230877617
4721,JP241,313.5400061785604,197.67984759551024,4.822065765326365
4722,JP241,1005.8097729834166,2062.5063596844307,0.6543910934853245
4724,JP241,448.4082183252049,1149.2350316488535,5.954889848492074
4726,JP241,552.1118086071006,1675.574806444863,0.035866004506235755
4729,JP241,284.9450897571278,146.6060072744339,4.749292888517521
4730,JP241,2825.859475139985,122.85374080820347,3.3636031283615253
4734,JP241,5529.073929173693,129.52337268128161,3.078661506394416
4736,JP241,999.9921229586936,2226.460902977906,0.657056026137366
4738,JP241,3299.1146069170113,130.80326333047077,3.2721803140947445
4739,JP241,1671.0159768150404,117.98001040350746,3.673014276591963
4740,JP241,2415.520930913349,133.0617193598751,3.4256124139296276
4741,JP241,2135.1749645258806,7852.338885804183,1.0764527239081287
4742,JP241,241.9105253557096,312.6055271798614,5.102566839647121
4744,JP241,366.5483713195735,380.8276435488604,5.098425345523674
4746,JP241,1319.80631276901,2818.7735832137732,0.9041172432111116
4747,JP241,332.1249653259362,555.1011095700416,5.3694872680306425
4751,JP241,286.3509234828496,590.4325977452627,5.420689556824148
4753,JP241,371.6581883087907,573.270058009817,5.380792022400353
4754,JP241,3209.578825546507,1642.9913416202314,1.7209317021654424
4756,JP241,2620.8799551234106,118.8866866118175,3.410227560120149
4757,JP241,874.5689581554227,2897.0540136635354,0.5750773264637068
4758,JP241,1499.8621320725942,733.6326063748666,2.0794287436314134
4759,JP241,1853.3846285372317,821.5803197401043,2.012143007487692
4761,JP241,2636.133692722372,1510.4386343216531,1.6663003178414388
4762,JP241,975.4843512898331,1824.2241084977238,0.6035841661432233
4763,JP241,522.5184816428127,1118.8570006222776,6.007477651659717
4765,JP241,3020.4317522686874,322.37646178314156,2.9231854549404575
4767,JP241,627.6907940427502,1388.3193919283895,0.018367771784818278
4768,JP241,3516.3606631636167,125.61569124841456,3.2557114224991026
4770,JP241,847.1592740913469,2340.3855122421046,0.5125547213365443
4771,JP241,1434.4657322141634,121.74826827479423,3.769684533997304
4774,JP241,864.7813792332626,1992.3945456577624,0.49492064866141305
4775,JP241,618.3826136456046,964.1688216638205,5.9663060931493765
4776,JP241,1227.364898269633,113.84940102681118,3.8783161521004055
4777,JP241,440.8273464658169,717.9092865419633,5.560132753844763
4778,JP241,643.4704073789393,1440.5482321291315,0.06411381275451963
4779,JP241,2121.9934331309137,981.1771642423387,1.8742307189779224
4780,JP241,926.7822640117994,3098.4391592920356,0.6271467286073112
4781,JP241,1469.3090134748306,122.17719751448719,3.7531617210126975
4782,JP241,319.1169548756779,170.26726695999182,4.758441419622702
4783,JP241,2755.7100150662122,2228.3070335421457,1.4975775984207724
4784,JP241,215.29685469196778,168.19443722381075,4.88489093402263
4785,JP241,253.42377418177395,222.47779535223262,4.941494903140189
4788,JP241,5291.159679740914,172.88916876574308,2.9982666302230716
4789,JP241,452.437282806553,1009.9448949197418,5.859041554899023
4790,JP241,1755.6598749581333,131.99045439321202,3.6233125041713614
4791,JP241,6761.133068301033,156.54972116393353,2.9614391350463647
4792,JP241,318.7315851502652,171.54282066391673,4.761626179198517
4793,JP241,4543.136399787911,123.43789766702015,3.1593356253243514
4794,JP241,3681.867426139209,135.95349273910867,3.212334237788181
4795,JP241,1131.6239046260444,178.3101691461178,3.9342318783232924
4796,JP241,1272.2543404186272,586.6643680025961,3.155578372513248
4797,JP241,2038.274899883736,123.74499418679757,3.5414606385657748
4798,JP241,259.7964873153053,272.6915249512127,5.021754551727809
4800,JP241,2743.1192932766876,122.16757704497944,3.379997628281007
4801,JP241,148.671900032041,166.80262736302467,4.972756600035435
4803,JP241,6051.609375,137.91248497596155,3.0321470252483027
4805,JP241,4175.4968950866105,701.5945092057958,2.3255387175383118
4806,JP241,298.0979665325143,294.60792205041304,5.018696659771747
4807,JP241,1223.1895469699941,2687.0488331045303,0.8443395252853333
4808,JP241,252.60013548988059,419.75078330087223,5.240487482521582
4809,JP241,311.04506083728603,585.2714992782016,5.4101112942430065
4811,JP241,465.2043251304996,1347.3750103571133,6.08307648790929
4812,JP241,1331.9229006384023,1469.4137338353248,1.0132326245049048
4814,JP241,416.5574553028988,994.5660475611872,5.8200709734461675
4816,JP241,186.34620898375277,172.8202453010513,4.93227868052134
4817,JP241,1630.8618784530386,1879.5839207468089,1.1723017006191954
4818,JP241,559.2198065319413,1341.1958624652812,6.189520283139359
4820,JP241,484.89724505665407,949.0053321484114,5.831410431913497
4821,JP241,4013.6788424754736,127.85962855556241,3.1957437851072648
4822,JP241,198.63801843317972,288.34285714285716,5.109139596285923
4823,JP241,279.93709959231217,176.88526499708794,4.820601654018869
4824,JP241,6054.596325141071,177.0521848621928,2.9501638967013624
4825,JP241,291.4551248406688,340.04071380370397,5.098714047369066
4826,JP241,2804.046298436176,195.99298975425623,3.21467028862662
4827,JP241,2846.426362809608,129.57026694484566,3.3455126994129816
4829,JP241,221.62329773684726,168.3508376604291,4.876959729527141
4831,JP241,1333.5269257668099,125.68323508842042,3.8173080569530202
4832,JP241,676.2498514557338,1498.6013071895425,0.13319696841173242
4833,JP241,292.62215909090907,307.4512674825175,5.045581333421152
4835,JP241,2352.793409540839,128.7126253272878,3.4488521649490305
4836,JP241,231.11065235342693,156.53303055326177,4.840057601175098
4838,JP241,843.4554615074567,2210.086739218057,0.49617650965345794
4839,JP241,268.790749475891,117.26157407407408,4.701561455976584
4842,JP241,246.68630485243727,256.0424450093954,5.008031876022471
4844,JP241,6310.085028763856,134.0131191244563,3.028811999791477
4847,JP241,276.01821936110775,413.6260172476618,5.217062425292938
4848,JP241,285.1549310710498,354.5358430540827,5.1263593614914935
4849,JP241,385.76835121400336,129.5071993224167,4.588475251338827
4850,JP241,468.38441830674276,895.3997903808082,5.768552837429866
4851,JP241,373.00577535847054,770.028146574615,5.60377820665894
4854,JP241,1981.0982720856657,2373.416889754198,1.2596002123916885
4857,JP241,542.1798416992285,1444.667868951007,6.218740125352548
4858,JP241,329.08008923591746,438.6913552704964,5.216574249167582
4860,JP241,188.14194870345509,122.24637885960574,4.822728505890602
4861,JP241,1962.803944496414,118.88821328344247,3.5719988894212324
4863,JP241,1909.5188033584986,119.78035701686305,3.5872797254974453
4864,JP241,662.3480094136105,1782.9516571876838,0.2068277678731413
4865,JP241,282.5555783009212,325.085977482088,5.08353278306754
4866,JP241,3460.1781305945537,131.4146329972675,3.2494594464842845
4867,JP241,3292.2973048535005,148.8909639901588,3.2329749674202146
4868,JP241,2227.389176283327,192.39395145244728,3.3627201220348173
4869,JP241,431.2782982644755,1066.737597911227,5.884365545074664
4870,JP241,434.2227255568139,918.760790235309,5.76940524555221
4871,JP241,3178.6218459714078,121.28519665327097,3.310731306162582
4873,JP241,1083.7455158795458,1561.1747572815534,0.7141356094492257
4874,JP241,2195.3591552501025,2420.5391197487597,1.3254316553445766
4875,JP241,4240.689628180039,128.9628180039139,3.171831445754045
4876,JP241,919.3631293817718,1753.9457456978967,0.5275302377892638
4877,JP241,312.791489684466,534.2816292475728,5.350718156972847
4878,JP241,723.0594178717093,2288.849369670004,0.3738565077396739
4879,JP241,1432.6755172826217,1194.728680779811,1.2189787185937304
4881,JP241,447.6124459394522,1040.2447140797694,5.878611591949934
4882,JP241,343.48585131894487,630.4248030147311,5.455267465381022
4883,JP241,790.0405405405405,2296.828866681808,0.4480999839885429
4887,JP241,360.3493361554743,533.0740812006927,5.331365063885476
4889,JP241,2268.2700136281705,792.6279949004264,2.150506880077738
4890,JP241,325.5993947858473,424.13206083178153,5.1978373432561
4892,JP241,3490.9738639039324,125.9585589828114,3.25806523859807
4895,JP241,2292.1178098438427,118.16732555841075,3.483528522442856
4896,JP241,3150.0001891908937,117.73424985810684,3.3229584206354956
4902,JP241,277.8424708509055,346.48201438848923,5.120590945738639
4904,JP241,675.8686177715092,115.38476727785614,4.264952922834583
4905,JP241,977.7491495221125,3248.603596306496,0.6709735687297873
4909,JP241,974.9419767546626,832.4741868636814,0.08146393911627338
4910,JP241,470.1900850266609,1156.1490128260557,5.9803700371553195
4912,JP241,2207.4589522440506,897.18024277272,1.995980127723031
4918,JP241,264.4441087613293,187.32737160120845,4.86101770390811
4926,JP241,592.1932076846035,1245.4799235181645,6.175320653341859
4927,JP241,1411.205837173579,1225.9845292955893,1.177754318101676
4930,JP241,2205.9590071455436,331.48461827754795,3.0914525944627753
4932,JP241,802.6142609824714,1058.5234797662843,0.05068263727648201
4935,JP241,483.8912299183566,1022.4188833289439,5.89506583310491
4939,JP241,964.9392833443928,2139.2940444591904,0.6173666491503602
4945,JP241,2446.8101561242556,115.96982134234669,3.4522430424399744
4947,JP241,510.47782440549656,1442.6833703612276,6.179501586419815
4948,JP241,1490.2344818602228,128.81332638572266,3.737933368251508
4950,JP241,600.3168186518756,1334.3848829557205,6.2377086075267485
4951,JP241,461.0290258910949,751.4142575177058,5.60565827893153
4953,JP241,2801.7897365336594,118.3927024410131,3.3774902610207875
4957,JP241,275.44526445264455,297.34049634613996,5.046130833721729
4960,JP241,2638.8485322536117,120.44280850280666,3.4034553438595165
4962,JP241,439.2014869087383,1123.5860359875014,5.9298009908705565
4964,JP241,2831.5312622886354,182.74596932756586,3.2365996477883168
4972,JP241,440.5326163198504,935.8959551087211,5.788535170753211
4973,JP241,267.3359176256814,191.6580254391278,4.866083212713441
4974,JP241,557.9905751905752,1444.1858627858628,6.238097028599539
4976,JP241,1883.708235618706,5869.964408883984,1.0507837718902717
4978,JP241,396.89861875959195,674.0402636092805,5.503262214679315
4979,JP241,435.02652612069966,824.8377157419205,5.679713243667233
4983,JP241,3242.534694242994,244.65162503357507,3.041344872455776
4984,JP241,1491.1802799433026,398.61764705882354,3.3803069573074276
12620,JP277,3004.3322089739568,122.5713053027926,3.3343210752472383
12621,JP277,4297.258718662953,138.14545961002784,3.1455770127451865
12623,JP277,963.7279129892128,3502.1245431042166,0.6659936834119186
12626,JP277,1122.0513331856118,2409.287687421523,0.7701290097462913
12628,JP277,1859.6853180626465,123.32696288119222,3.5983355098222836
12632,JP277,245.94942508861416,286.4944237918216,5.058504145525589
12633,JP277,3464.550383877159,129.54072696737043,3.2531736161064813
12634,JP277,7541.5403050108935,1126.1183231913456,2.126525067957339
12635,JP277,3542.2742456896553,1294.356411637931,1.8972213974814165
12638,JP277,4018.979112566332,794.2676414135711,2.2414575631797677
12640,JP277,2157.158938755269,2428.9326390610795,1.31234897889378
12643,JP277,2848.520496263513,123.2853515199884,3.358701378773876
12644,JP277,3251.9575817361892,3634.709202367531,1.4151777361487494
12648,JP277,166.12022052285258,116.72618412472583,4.842099209584388
12649,JP277,5491.727326968974,129.99522673031026,3.079701901044536
12650,JP277,4007.564645370872,124.6180292365999,3.2039590761940873
12651,JP277,946.5218995558592,948.572941578408,0.2226177743998989
12652,JP277,3009.186002084057,1789.576068079194,1.645296347992476
12653,JP277,2645.214499812664,188.00562008242787,3.2638402232268002
12654,JP277,2529.3726596841593,123.94068486460085,3.41851849502208
12655,JP277,3587.533592321755,6525.035191956124,1.320063297350799
12656,JP277,1084.1880330310005,292.2498307838094,3.999298978006928
12658,JP277,3729.3570229007632,122.33541984732824,3.2384473480203426
12659,JP277,221.02294729293655,375.01353531731803,5.206242881596713
12660,JP277,190.68672360248448,123.11733307453416,4.821120367133878
12661,JP277,2973.81417944436,6289.41278275391,1.2517095940134482
12663,JP277,2675.0363742462555,128.24204110743693,3.380108277234112
12665,JP277,4155.354303278688,130.74357923497269,3.1754633556682363
12668,JP277,1915.307315700619,116.07664603263927,3.591078110360827
12670,JP277,3071.6650450148186,385.2134429346307,2.798407209920081
12671,JP277,2545.3281932665122,2194.7482223935576,1.4574569725284041
12674,JP277,1623.7170806396734,6234.522570035159,0.9694116661618266
12675,JP277,1012.1278620813505,1253.6133608691748,0.5644233050858036
12677,JP277,1120.2584105670292,989.7237831131869,0.7305966302635795
12679,JP277,2201.6894874912023,1519.8944270266811,1.5420069584561638
12681,JP277,2705.1236620964173,2100.94391862008,1.5119338980954269
12682,JP277,655.5936444475082,2421.5333976700904,0.31622077143854166
12683,JP277,1086.9974131559497,2755.9970436067997,0.7452072399011285
12684,JP277,2145.9375502977628,1729.5153173453511,1.4500878526160235
12685,JP277,2132.8649502522753,1492.0303201773,1.5286972625838509
12686,JP277,356.98624113475177,1050.0163120567377,5.81592024837051
12691,JP277,255.52874925903973,298.67437265362577,5.068078119070261
12692,JP277,1204.364609749225,4982.174204001127,0.8171461412571813
12693,JP277,2157.349778836339,311.7724396053079,3.15033354191658
12696,JP277,2088.6672879133016,125.85593980810381,3.523271525138067
12697,JP277,2636.8168575779646,2485.9692114149507,1.4299936180445443
12699,JP277,964.3902208201893,3550.3968454258675,0.6674424479204802
12702,JP277,2966.184783332224,124.96971310656993,3.335180852445009
12703,JP277,2026.7384401114207,429.31559888579386,2.9368984813658408
12704,JP277,2194.694213501829,2458.3666444961755,1.3199525930737186
12706,JP277,244.83432853295866,259.1546657300082,5.0152737123876925
12708,JP277,4905.102752293578,125.32005242463958,3.1278616809116646
12709,JP277,3351.164728147301,170.7024799905374,3.177630051563337
12710,JP277,1936.1097450227035,136.26419839329375,3.5532489224629926
12711,JP277,4014.955572746864,1768.2419738078133,1.7758836391477213
12712,JP277,2926.7855162397677,1326.2786506469502,1.8038911287089927
12713,JP277,222.4510932105869,276.49984307982004,5.067034638563113
12714,JP277,3276.7034302691995,131.84109120374538,3.2729568712309165
12716,JP277,4757.917997542998,1877.031122031122,1.80614732473146
12717,JP277,2115.1730489578285,126.06234852157053,3.515403294572862
12718,JP277,3184.537920088331,235.00765992685115,3.069193716508621
12719,JP277,2457.668877733955,123.1483207840325,3.4355869110397714
12720,JP277,260.4947220267417,318.9433497536946,5.094646028822293
12721,JP277,2440.8172472248043,122.0497621261005,3.441497587868507
12722,JP277,695.1448931116389,2798.3487834627977,0.3984559893252865
12723,JP277,4187.796752093377,302.21629753144595,2.8347512981212457
12726,JP277,2973.105837033168,132.4808696787673,3.317608989672316
12727,JP277,399.96739636702375,997.3877969259431,5.810469710935608
12728,JP277,3627.38013654515,4524.460195800592,1.404491346473066
12729,JP277,236.49782754010695,223.14898061497325,4.962595155163527
12730,JP277,2489.497014684525,140.51952557689205,3.39397043858204
12731,JP277,281.1159389345575,268.3642574997331,4.991692871258869
12733,JP277,562.135175879397,1501.9143718592966,6.268106788562748
12734,JP277,1958.697329688814,6139.882464255677,1.064897900124788
12735,JP277,1356.5742114332809,5100.425863489922,0.8854184823488062
12741,JP277,679.5947991698206,2310.5562202417286,0.3281702502740464
12742,JP277,1415.00189378345,2445.9664882667767,0.9785680473692288
12743,JP277,2453.6576152004786,2028.4554907241172,1.4681516922346611
12745,JP277,4317.31914246617,700.99171354721,2.326855638350164
12746,JP277,4000.2944978953697,133.97030968129886,3.18288556382809
12750,JP277,2486.4432461789124,117.89681123438591,3.439838291422102
12751,JP277,1994.2942338560315,7740.7340823970035,1.047706084963901
12754,JP277,2936.7514758352254,1018.4101848848525,1.9958811735097286
12755,JP277,3906.008391705389,6457.092586171025,1.3540824724406364
12758,JP277,295.1329119480291,229.80660170309895,4.906499981930484
12759,JP277,5112.252040048614,144.33624631055037,3.0702402604425654
12760,JP277,3366.58816,264.140096,2.986037893419093
12761,JP277,3162.8127800958123,1425.3913614588162,1.7944080287008068
12763,JP277,1068.4568385235593,2701.133811672461,0.7301496549472863
12764,JP277,6869.331149053992,4682.514167051223,1.6122196303808654
12766,JP277,3041.93572593801,665.0118760195759,2.361978640278233
12767,JP277,5080.538487170943,126.96254581806065,3.1120849231861127
12769,JP277,1928.9383134059888,5519.007618241456,1.0704041882415534
12770,JP277,387.22240348015225,733.1447215101375,5.569125658193928
12771,JP277,2921.2558931860035,3391.18241252302,1.3840235995948778
12773,JP277,3240.116484234602,4424.682976637804,1.362177135768687
12775,JP277,2812.349464036042,121.80371290974057,3.368255665530251
12776,JP277,3258.441326942754,4749.658516882977,1.3478854623696734
12778,JP277,4277.881671075152,1128.8028629220476,2.032362346529791
12780,JP277,357.3716610818573,538.8382958353279,5.340200023831025
12781,JP277,289.765959555908,367.36607850911975,5.141617296389368
12783,JP277,1831.0239342869281,132.40447528678658,3.59514135404312
12785,JP277,2438.3049898167005,2802.223778004073,1.3435991526489384
12786,JP277,2163.075758691809,8969.187131703005,1.0677406392781963
12787,JP277,2042.5002008435429,8657.983380196827,1.0469879412867134
12788,JP277,5288.329677235076,235.11099685804055,2.8806448064930295
12789,JP277,1631.9632056795685,5497.935831797392,0.982859636780337
12790,JP277,1688.1074082516527,1954.438978801003,1.1919097134501633
12792,JP277,2107.3089970501474,1634.1685103244838,1.465902432773105
12793,JP277,1400.5445450214388,2212.3983801810386,0.9846463351959385
12794,JP277,3130.937397359259,931.4166721408395,2.085281937897197
12795,JP277,3950.6212508718904,6565.500736262885,1.3549291530386045
12797,JP277,4969.368766060097,126.84529865226284,3.1198148582779837
12802,JP277,7270.56436673436,656.8739907870622,2.364899496256137
12803,JP277,788.0057521770392,2807.092993528801,0.49053853565803057
12804,JP277,4825.185468194919,139.53857497151284,3.1005532313509185
12806,JP277,329.6735974595494,598.2978224708907,5.420992438034789
12807,JP277,1391.6411030595814,157.5228797638218,3.7663550559873635
12809,JP277,1860.3439606290788,2723.7670910452553,1.174603763785572
12811,JP277,2105.9027436823103,627.134440433213,2.446426888500743
12812,JP277,6142.828966591994,135.67712087269894,3.032793399861229
12813,JP277,558.5734117647058,1830.0408235294117,0.08939896697034208
12818,JP277,806.2289399435712,2941.4169689641276,0.5161498897249109
12819,JP277,690.1545485289145,2457.0046781648066,0.358568358613628
12820,JP277,4027.3128960285585,159.8111557340473,3.122395625618659
12821,JP277,204.23486187331412,238.61882615570644,5.026623775968534
12822,JP277,5273.196204541845,126.87160552644116,3.100020570235098
12824,JP277,1436.8602127197742,916.2171333478041,1.4989152093842217
12826,JP277,3172.986986986987,127.0988130988131,3.2984442828884433
12827,JP277,576.203069436646,1975.2792438704848,0.14658063203948965
12828,JP277,1033.8590950226244,4218.59701357466,0.7225372729800568
12830,JP277,4559.957746478874,131.39565497560525,3.1392532152247887
12831,JP277,3124.674238270541,120.68230594501449,3.320016081309359
12833,JP277,272.6789569838897,168.14250124564026,4.811410154752162
12834,JP277,871.1503254678601,2317.889951179821,0.5352079368142592
12835,JP277,2740.2825757575756,123.13998316498316,3.37845421575136
12836,JP277,879.1606977462179,2937.358675517135,0.5809774227254944
12837,JP277,4184.8911636414805,460.43344589841,2.595896995053122
12838,JP277,3427.570858283433,129.89086691481901,3.257105755145057
12839,JP277,707.577686112748,2767.884502062463,0.4083969165173424
12840,JP277,3347.7003097994457,124.87053644219795,3.2790474680084607
12842,JP277,598.0931573887966,1965.9248448833348,0.1711377900239992
12844,JP277,4116.346553630668,1463.0465904902321,1.8787082323393045
12845,JP277,1623.5494230769232,785.8310897435897,1.9880864950136852
12847,JP277,3950.00737504964,124.9217677426675,3.2089867328203905
12848,JP277,1947.4271523178809,2601.511111111111,1.2195730983030784
12849,JP277,448.14016407750046,1074.4789666608483,5.9041663950049
12851,JP277,357.64120538965767,751.67115804807,5.5824399749072855
12854,JP277,3284.592469716843,123.59848777100532,3.290508140848879
12855,JP277,2223.815798291171,124.12715697771822,3.489574706446696
12856,JP277,4834.883003190148,135.7165219971808,3.1085814904470648
12857,JP277,1692.2457152010252,5544.481659458594,1.0014360495935675
12861,JP277,2830.0909957425174,122.41990214145008,3.3637958490538384
12862,JP277,5102.367937119976,122.91615996836225,3.1202482053563023
12864,JP277,334.25298804780874,750.3820432555492,5.5766211304736055
12865,JP277,4144.637814610191,126.60357410817817,3.1861468097724637
12866,JP277,3159.942313650164,2223.361856372762,1.5703964768877074
12868,JP277,297.53793934085184,428.6120661338005,5.222990013224934
12870,JP277,1314.5091942494148,2801.998774100078,0.901347178324659
12871,JP277,2766.4986793449552,128.65847860538827,3.361883625503386
12872,JP277,246.59065848330386,297.58639342556955,5.075216876721621
12873,JP277,2569.183775811209,129.78206489675517,3.398287429700272
12875,JP277,2004.15029379361,2586.7475211164156,1.241531743054711
12876,JP277,4524.585125774699,123.02205614290922,3.161809727567636
12878,JP277,559.3118723098995,1547.6673242467718,6.282801328058894
12879,JP277,3025.7688729874776,1109.035778175313,1.9421394202251094
12880,JP277,412.80650578979936,1066.7403871652082,5.8692517341145
12883,JP277,5003.744102210677,149.56507448444043,3.0657995577817863
12884,JP277,5842.631269389865,1039.4409255429161,2.131367465598993
12886,JP277,2871.0210888875463,123.4629282736117,3.3544239842549843
12887,JP277,3069.8352618757613,5408.158191230207,1.2940780797567706
12888,JP277,2470.560879585174,2618.9388323410794,1.3734724133494938
12889,JP277,272.7089980855137,269.0003190810466,5.001802610956589
12890,JP277,630.3613431055054,2126.1736833134482,0.2420707699336818
12891,JP277,413.4178082191781,998.3813316342785,5.820718711928409
12892,JP277,541.8111959287531,1985.3851399491093,0.1071394278690897
12893,JP277,521.116935483871,1677.2704301075269,6.2813566477868115
12895,JP277,2071.052203721841,1206.9975514201763,1.6578071228086912
12896,JP277,2161.832798093857,4124.228737180151,1.1776966584942965
12899,JP277,2051.4979499700557,9043.71142949279,1.0446562390816565
12900,JP277,3674.914259485924,129.78017135862913,3.227269208081123
12901,JP277,4343.119965299294,122.05105961085637,3.1791871848877395
12903,JP277,4308.477301243299,262.6987567012661,2.894420976252301
12904,JP277,2278.1646073726133,1855.2285305830696,1.4593770627264249
12906,JP277,6110.039020753075,129.83869765129862,3.0476155490546994
12907,JP277,367.8016840239309,814.0234877021936,5.6435398486914865
12908,JP277,2714.4099044227887,1850.6717578710645,1.5725785109584736
12909,JP277,2967.7160721135406,123.51768316072113,3.338126657519155
12912,JP277,1295.737613782149,171.50565092552998,3.8171663798108475
12913,JP277,1815.8532233764174,2792.4885417492665,1.151179131141173
12917,JP277,424.27735623003196,995.0431309904153,5.82600233073611
12918,JP277,901.1563642850772,2687.3419855499064,0.5883156197020382
12920,JP277,3636.1927543882803,128.68246007654744,3.234277511586159
12921,JP277,585.1959850289214,1995.1739820800726,0.16189404586542458
12922,JP277,816.1966520770944,2786.895339015588,0.5158609744359297
12923,JP277,1152.0443382598066,2505.1002333592623,0.7941037317250619
12924,JP277,1398.5257726558407,1229.0113672079624,1.1612744248031337
12926,JP277,4246.508621790778,1250.778898965385,1.9723798253997962
12927,JP277,972.9454106579192,3760.9788945967694,0.6772936129410275
12930,JP277,9838.041694462976,16286.925617078052,1.4567705195898675
12932,JP277,389.2326768781911,915.0994407974714,5.739978538155863
12933,JP277,4043.3246632605665,5399.129029261496,1.405067398187253
12934,JP277,2098.2763077393697,1012.2543591312328,1.8334371661177464
12935,JP277,233.54910071942447,299.6786870503597,5.091236149023883
12936,JP277,251.95642471223866,204.4748649283533,4.9097190181348935
12937,JP277,2046.2418518025809,1998.097711853133,1.3468211378546178
12938,JP277,1444.4193050760302,6502.882318372144,0.9068994240939571
12939,JP277,3679.5698324022346,127.29871837002958,3.2324721474427864
12940,JP277,8333.664216486986,142.74926494609605,2.93836634040273
12941,JP277,3313.126769911504,124.85774336283185,3.2837347715277065
12945,JP277,3728.529874459551,124.53279158201802,3.2333898153328273
12946,JP277,2466.4679824290047,5798.885788529357,1.1832666526428677
12949,JP277,246.03084209310384,209.8239574910477,4.926934193588925
12950,JP277,672.3336228422538,2060.165780045598,0.279896136602529
12951,JP277,223.4042471042471,304.9450772200772,5.108888942025605
12952,JP277,1475.063729022959,5047.252754040976,0.9339517096014074
12953,JP277,4415.148917110186,139.7809980502714,3.131744592482165
12954,JP277,608.2338288057407,2155.2089185033315,0.2211419953652092
12955,JP277,3730.5218962023087,123.62569389373513,3.2352907535531035
12956,JP277,3394.7011173184355,1092.7335044541749,1.991695099283932
12957,JP277,1306.9579605475908,3181.0896841651397,0.8876742266029254
12958,JP277,2144.292256452956,2647.1752243500787,1.280744829210497
12959,JP277,4507.452755417957,1004.1330030959753,2.110718621156692
12961,JP277,1483.845196134167,6679.401989766913,0.9190529198613379
12963,JP277,3519.4787249814676,4230.416679021498,1.4089205720663487
12964,JP277,242.80680918448138,362.6717771539624,5.173052049912419
12966,JP277,2205.6150765454427,366.9848201020606,3.0147532374370134
12967,JP277,379.5946489001692,985.2642766497462,5.7878625019181715
12968,JP277,6666.224579574563,1782.4753870141442,1.9159133786403515
12970,JP277,992.0627106616995,1044.841316302998,0.43140864824985997
12971,JP277,5685.057824853031,135.01773768497873,3.05739615254719
12972,JP277,5318.076529110496,3696.6268911520574,1.6001453889771877
12974,JP277,3391.5281407355474,731.6933520300847,2.287051768745574
12975,JP277,1260.6081831870813,5299.041590944494,0.842108116030545
12976,JP277,8284.982930180275,5895.662100836837,1.6058965585306295
12977,JP277,1687.9362932645254,1773.9919031942343,1.2273593118070405
12978,JP277,380.4625355410604,1115.5174778391035,5.874194303241239
12979,JP277,215.73258286429018,261.50206378986866,5.050672700213553
12980,JP277,3504.464899437466,121.5297064036372,3.26664312846137
12981,JP277,4556.70199378364,125.15707679478432,3.1541699004212913
12983,JP277,3193.8992107285044,632.0289865195223,2.4036155511522845
12984,JP277,3457.720191836449,6808.734684590072,1.2978824247268097
12985,JP277,1089.981221812218,352.59147191471914,4.010620059193756
12986,JP277,2468.1274767801856,264.284520123839,3.152262329924229
12987,JP277,3396.1433524007625,2975.318599410643,1.4961696363741888
12988,JP277,928.4116287134435,3603.0233499017454,0.6423361568309189
12989,JP277,1840.3009935205184,191.4558099352052,3.503690163961497
12990,JP277,685.2509940357853,2418.245154075547,0.34853636037618313
12991,JP277,302.6099443319838,289.260754048583,5.004951320417069
12992,JP277,2772.9311624072548,2323.7359851607584,1.4841260501389337
12993,JP277,1853.4560380405526,8013.0951910999465,1.011495138961761
12994,JP277,6534.828781793842,142.05301204819278,3.0012141670429333
12998,JP277,274.9796537862007,333.41652309459346,5.103377492178462
12999,JP277,4705.159278627633,127.86422950979913,3.136328918009923
13000,JP277,804.1206123973114,2379.1839058999253,0.47156012242225304
13001,JP277,1326.2768357573607,5757.556651294785,0.8675619521232562
13003,JP277,4218.171148036254,1770.612764350453,1.7927761932319848
13005,JP277,2220.3548161935782,122.80021715526601,3.4928914527928363
13006,JP277,1866.4924794745484,556.6116256157635,2.664416089378652
13008,JP277,1157.6873876034049,4710.291991367942,0.7942319957258238
13010,JP277,1447.9857604810802,4552.666647756283,0.9307037405391773
13011,JP277,657.27685822967,2178.3533463555054,0.282656777491489
13012,JP277,1192.468747473114,1982.9868197622707,0.8333211723721141
13013,JP277,1090.6312841239453,3614.821952776005,0.7539958958441129
13014,JP277,2056.3791377361536,182.77337316324883,3.435456190916844
13015,JP277,5618.676222693653,4124.911702310647,1.5866072056201261
13016,JP277,3818.1892712550607,125.95192307692308,3.2202810817414926
13017,JP277,3620.486934023286,124.79191461836999,3.2451215199810735
13018,JP277,1624.0632657964284,3600.636181628894,1.0275825158426868
13019,JP277,265.06917914300465,546.4517294785751,5.3800867938675205
13021,JP277,3850.0470129487935,2298.4445997645676,1.6450986391212026
13022,JP277,242.13383035932534,453.42691273527254,5.287287702781804
13023,JP277,880.0083626227124,3229.0293297782086,0.5936657005516154
13024,JP277,3512.0543401552577,174.2579072303843,3.1487765910077696
13025,JP277,3348.1354205677476,1135.7413676878136,1.9612035729469661
13027,JP277,4543.340879478827,132.96107491856677,3.136936574676231
13028,JP277,4031.7302618625713,138.67552667848003,3.169003278631944
13029,JP277,3083.051249785506,128.3756220328319,3.309111683024655
13030,JP277,916.9988813066338,3161.715404407652,0.6213368997457765
13031,JP277,2653.102527758091,2383.0223245924876,1.449359845041021
13032,JP277,4099.86282811177,132.14727228740776,3.1774200512466164
13036,JP277,395.45812666921023,1095.9376192293018,5.874363179440573
13037,JP277,5014.769919242837,7486.334499254153,1.4105952901862926
13038,JP277,4908.374844720497,128.11298136645962,3.121042917788405
13040,JP277,3908.396433368154,137.99223996418445,3.1829924728693246
13042,JP277,4810.271125991702,124.4463934784191,3.1366743125564627
13043,JP277,2623.861033950617,272.4976080246914,3.0974419212886275
13045,JP277,324.2033554017454,842.8891062293109,5.652184944325782
13046,JP277,406.45202733485195,1095.912619589977,5.883391475226862
13047,JP277,3333.254339680355,124.9922765160205,3.2807060348680985
13049,JP277,1316.2768691588785,1116.0447429906542,1.1036794988768621
13050,JP277,877.5670905787698,2632.522060731897,0.5636334537191925
13051,JP277,764.846367490133,2858.719193100424,0.4720078333130759
13052,JP277,2774.391609911607,3354.2246051296916,1.3611241347832372
13053,JP277,3305.4125063035804,130.16350086849332,3.2727559824952444
13054,JP277,344.4405380963147,554.4624689125028,5.364833697187387
13055,JP277,958.4498759755581,1254.6733619698712,0.4698601565100604
13056,JP277,2487.0938877264834,9161.300316075323,1.1225496476387062
13060,JP277,766.3391669925694,2754.26828314431,0.46576686872052403
13062,JP277,9532.301324168604,3925.1360557970283,1.7403199439546015
13063,JP277,1096.3706760442085,1267.1607578584756,0.7121592240846982
13064,JP277,3077.915700123113,921.459469966954,2.0893867125174745
13066,JP277,376.2601616887492,957.4569952840782,5.765390332449154
13067,JP277,1595.488414420721,1119.9966398319916,1.4399263403736071
13068,JP277,3911.223587012541,284.58349080913933,2.8884081474704137
13069,JP277,1912.8315048454929,3456.098464070214,1.1402675418771555
13070,JP277,4426.417654588969,130.287026214727,3.1526829879749516
13071,JP277,1518.350576101845,655.7828539199097,2.4174788720475644
13072,JP277,4010.0660595097,125.41744120766016,3.201829337483568
13073,JP277,2844.5443028485756,2012.1769115442278,1.5593400537547915
13075,JP277,336.0296446326643,749.3841833916406,5.576041491851292
13078,JP277,5063.660480887793,1798.9932182490752,1.8431747000618306
13079,JP277,1206.9220999685633,4852.8034580320655,0.8188264301454974
13080,JP277,1773.5906438532293,3183.5273464543566,1.1068789023046535
13081,JP277,3793.2161921708184,124.03966488730724,3.2274464558659988
13083,JP277,2342.007838322788,9048.544527339693,1.0996609799543198
13084,JP277,2251.4286545817395,3867.796108431731,1.2133530107674306
13085,JP277,643.0554467782129,2135.6624243503024,0.2587452080697582
13086,JP277,4296.894614490508,5689.287596169813,1.4155938002956616
13087,JP277,1084.0378047344248,4037.019196796608,0.7519592611637064
13088,JP277,3087.202462287763,117.78799972941893,3.3321672200680386
13089,JP277,293.71022494887524,156.44018404907976,4.760006879539544
13090,JP277,1582.7247259439707,2353.34275274056,1.0828101692983088
13093,JP277,685.1813953488372,2556.952240499149,0.3645427026931905
13096,JP277,379.0870475252401,770.5352130017237,5.605822426980724
13097,JP277,943.1297603765512,3022.035729567822,0.6378953094127692
13099,JP277,369.36468752216786,682.7139107611548,5.512547885596096
13100,JP277,4378.412940204482,134.34663843850046,3.1472959832033514
13101,JP277,2716.1852846867146,2876.6543894618253,1.3963706967720602
13102,JP277,3612.746361185984,131.68995956873314,3.2301189910407935
13104,JP277,7558.62835647685,4180.061707151147,1.6676859160339519
13105,JP277,197.61926877470356,135.2802371541502,4.839065076397821
13106,JP277,5730.8752498530275,1677.988653733098,1.9058598470372974
13107,JP277,2538.794017449107,127.44761113419194,3.409421846369951
13108,JP277,6635.147534397911,130.6704830772321,3.022276329194133
13110,JP277,1749.3003028582245,3865.774843838728,1.0647767505966912
13111,JP277,3247.1536274055948,120.59248726936049,3.3025599497965517
13112,JP277,5186.218442888248,4350.934443594421,1.546377848671342
13113,JP277,185.50186377499153,160.36066869987576,4.908897747259073
13114,JP277,326.8860141313383,348.8994181213633,5.080865021936046
13115,JP277,335.50623624358036,729.9058449498655,5.557738412597074
13117,JP277,2707.578095358543,117.46806627039332,3.396588872330592
13118,JP277,1507.2056400237832,5944.937908774314,0.9343360684500028
13119,JP277,2724.494982388516,125.59393899116102,3.376201493070486
13120,JP277,3022.660714285714,1651.2581168831168,1.689435781592117
13121,JP277,297.5295519105654,586.4970219004856,5.414304339002351
13122,JP277,4761.121193257996,3367.0009576709444,1.590974911754689
13123,JP277,3614.310764701947,3414.5332842710914,1.479987387991584
13126,JP277,11138.045160307669,134.532480389917,2.89397431806232
13128,JP277,7174.5480088942795,130.5564988882151,3.0015380287666287
13129,JP277,3949.8784568905417,125.31048105972577,3.20808563198579
13130,JP277,1272.5600810395417,5231.85294117647,0.8478406278208562
13131,JP277,1029.3669447467053,3732.9804134929273,0.7151075741709111
13132,JP277,2439.033231334149,119.40581395348838,3.4471268578366527
13134,JP277,826.2421741161813,964.3884908892696,6.2633476663981495
13135,JP277,2221.2638205619946,120.45968481614275,3.4969301613003037
13137,JP277,2689.308918233266,121.67501463605022,3.3911302515202784
13138,JP277,760.8791908063444,2540.939025548485,0.44223468217062556
13139,JP277,304.6492696071479,454.5281520351723,5.25356095478953
13141,JP277,2365.6324674011926,6752.038006671384,1.1409545783297446
13142,JP277,2144.2416203043817,8327.261713182215,1.0718554280429955
13143,JP277,2153.916068731118,8656.982156344411,1.069645004669978
13144,JP277,267.5892776828281,432.3636772510569,5.246952828629231
13145,JP277,7803.423266666667,1318.4512666666667,2.065383556655283
13146,JP277,175.3622848200313,202.19887845592072,5.000272505739113
13148,JP277,266.1527672479151,511.94778241091734,5.342390376796532
13152,JP277,3123.9730050821727,6637.006534222163,1.2623985145971763
13154,JP277,4694.081489608094,138.40915462912173,3.1127444343476656
13156,JP277,316.8390440855522,521.6683762549105,5.333805624994771
13157,JP277,2725.343647416413,2722.2057750759877,1.4164708190058763
13158,JP277,5431.446118898554,123.67034184719375,3.0980525237408263
13159,JP277,2943.9581056466304,4454.508909479687,1.3174854838997057
13160,JP277,455.7275544460704,965.7227339244212,5.824932613809281
13161,JP277,2510.02133423637,308.22561801557737,3.0516167404900765
13162,JP277,313.1116178588574,581.9918386941911,5.406001702196498
13163,JP277,2337.646420472951,1706.9004697116943,1.5194934612812838
13164,JP277,841.3821446636317,2919.894199966279,0.5467933207281359
13165,JP277,3965.0615614297008,127.37112496706771,3.2017234777490557
13166,JP277,1115.271241498325,4545.708963556999,0.7714687427003969
13167,JP277,178.81663860830528,221.22320426487093,5.028048211468131
13171,JP277,3902.641988092156,6050.154715678661,1.36706972132388
13172,JP277,240.3535457348407,318.08084960602946,5.11213545575424
13173,JP277,4645.321911941066,137.45288675689565,3.1186285240422107
13174,JP277,1654.118977067766,4124.2241046122135,1.0213673295188874
13175,JP277,853.3319978002985,141.65731793542304,4.144114847362285
13176,JP277,3913.1255487269536,129.27275387767048,3.2025710519078063
13177,JP277,729.2000185373992,2749.5996848642135,0.4286119915513872
13181,JP277,3335.1950924295775,121.28493617957747,3.2889386330587715
13182,JP277,6881.2764782798195,129.44951329362198,3.0151109874382502
13183,JP277,4060.010718653334,125.84806848428171,3.1959474324642088
13184,JP277,2531.096292805529,124.47376688658498,3.4170744579644636
13186,JP277,1516.0790442680632,3205.043367973161,0.9959208081571763
13187,JP277,4912.349309199957,346.62455820927494,2.721503797730723
13188,JP277,2252.336250350042,130.54109493139177,3.4704201033224704
13193,JP277,226.86162252048936,198.84249910915787,4.929757909125453
13194,JP277,2019.34258790151,2894.1894822170434,1.2157617478895624
13195,JP277,1183.9672531769306,2182.9547549224967,0.8223169144664372
13196,JP277,2301.031833150384,124.77632356666385,3.4689051596301845
13198,JP277,6413.573073000146,136.85050269561415,3.0178603743788033
13199,JP277,633.536714374611,2232.150072599046,0.2638273017659033
13200,JP277,1192.1962753175421,5149.176536216958,0.810781109052177
13201,JP277,5248.170756197051,200.5562598054597,2.946169754378229
13202,JP277,276.70296647019035,304.70538216252777,5.0567888208905964
13203,JP277,738.5188140267927,2623.647951142632,0.4269742261724119
13204,JP277,5479.124542912455,127.87904208790421,3.085356468488783
13205,JP277,393.2830578512397,672.3683123096998,5.501233541117881
13206,JP277,5072.906502103013,133.35185823622697,3.0976978228602063
13207,JP277,240.40816777041942,171.02262693156732,4.8582134781254815
13208,JP277,229.24550828793323,192.4868436304625,4.9147690184118815
13209,JP277,2185.603151386211,2456.422977195665,1.3174322009221537
13210,JP277,4960.85265259555,694.7527666856816,2.3347888256878218
13216,JP277,1479.1568146799273,154.4054489424289,3.7210606353027402
13217,JP277,1860.849880693018,7875.636943666355,1.014831972667655
13218,JP277,1594.6063724274734,2504.584118522192,1.0756616688490332
13219,JP277,4093.260796836983,2139.4029805352798,1.6984938047178757
13220,JP277,951.5315800372748,3518.330503209774,0.657429663370128
13221,JP277,4290.09323619837,125.99679187274428,3.1744200414027564
13224,JP277,5529.335110041266,181.4732347546997,2.9675576271427606
13225,JP277,1689.7454744925947,1640.390721730272,1.261718028417758
13226,JP277,2670.19281923197,735.2644395878864,2.2628726320892043
13227,JP277,1264.1727482678984,2215.350885296382,0.8860022637429912
13228,JP277,1915.3512183872704,2928.8610192943347,1.1772193754826044
13229,JP277,4078.8743289745353,131.9951823812801,3.179777661310463
13230,JP277,3505.6057679319197,135.53241928947725,3.2343935134048443
13233,JP277,3049.572179134351,6016.622516887665,1.2704032219025985
13234,JP277,998.2876760153613,2160.962411264983,0.6521383208278888
13235,JP277,3126.0884998010347,363.0787107043374,2.8317818696393964
13236,JP277,219.56634492382835,307.8280032561926,5.116745235965674
13237,JP277,724.1827699146099,153.81775646274417,4.2765305520252035
13238,JP277,5702.93020673159,1012.3570818383735,2.1413618002301704
13239,JP277,1443.7813178855902,5092.7419744146755,0.9211207624541303
13240,JP277,3701.646587400644,391.022006174867,2.725999334220325
13241,JP277,339.4127917230028,400.95579331021105,5.152916821105327
13242,JP277,1646.3198537708174,5050.858599990974,0.9958072174845145
13243,JP277,1830.1694887525562,2270.5802044989773,1.212818975576696
13244,JP277,4299.096115942029,294.8982028985507,2.838993802460765
13245,JP277,557.4397359735974,1405.690297029703,6.21962492419572
13247,JP277,4581.759853147608,128.59010905949683,3.1440929273928324
13249,JP277,903.983223924143,2864.9061512278145,0.5992307800264273
13250,JP277,8982.506184354597,141.98487367695364,2.9230558365277166
13251,JP277,711.2208094935368,2465.5064632337358,0.38229353973631663
13253,JP277,2811.9446964271506,10405.106310177449,1.1545849848676348
13254,JP277,1908.9739052189561,932.8523545290942,1.8554323959428267
13255,JP277,2014.9301432718419,3298.868058807004,1.1828219629215948
13256,JP277,5179.101439142341,139.45318417526073,3.076917865263694
13257,JP277,207.46261098779135,173.9114178690344,4.906529003773539
13258,JP277,1804.6442775691837,5571.843067723544,1.0347666213852018
13259,JP277,2226.405635096853,3440.5393155194856,1.2335235553396675
13260,JP277,1610.382618510158,1264.0264531602709,1.3536355739737467
13262,JP277,2029.4303276169403,1480.107505070994,1.492601528668114
13263,JP277,2126.3986814504046,5927.077614623914,1.109541375010952
13264,JP277,1363.988177418075,2154.0427675950173,0.96340345267052
13265,JP277,1919.0260539046303,656.9195577055978,2.387082700095734
13268,JP277,476.3776744872362,850.9138999557326,5.727046237408117
13269,JP277,1445.798757972474,6045.747566297416,0.9113865887924304
13270,JP277,2451.2159668995455,2071.7634809740216,1.4582912578092397
13271,JP277,3093.0016210882436,3340.723710177615,1.416189189253806
13272,JP277,3473.3312071439964,2790.5025514272047,1.5281235263321764
13273,JP277,970.1337494798169,3530.3595505617977,0.6711895531702056
13274,JP277,2045.1101922379398,202.61378309756984,3.4044112145856404
13275,JP277,222.15719696969697,177.4310770750988,4.894466570548785
13276,JP277,1019.5469886528949,3550.9919503442925,0.7062876796993247
13278,JP277,2257.9939801867563,1733.300421860928,1.4868924702303006
13280,JP277,484.0743281075028,1586.91328387458,6.2056237637304035
13281,JP277,1004.8698846936469,4353.395206873163,0.7058090632363666
13282,JP277,1421.4625191640441,1509.8546760267893,1.0935518635970911
13283,JP277,1123.4276621365905,2548.854292103905,0.7718511570806752
13284,JP277,3531.1209608584318,3135.479087916108,1.4964423701288458
13285,JP277,1335.707065750736,152.72837515771766,3.801752351681004
13286,JP277,646.323952651735,1630.8724614134849,0.14131884309727927
13287,JP277,1603.9159451659452,2577.0090187590185,1.0745261188525694
13288,JP277,4218.063526651023,909.5924404961448,2.159738652006265
13289,JP277,575.164992436877,1502.9737811736416,0.0018026958393340534
13290,JP277,1710.491289868067,4911.343665940823,1.0201448725994742
13291,JP277,3541.995383455813,2263.6365178066703,1.6160161061483578
13293,JP277,300.33705831431496,781.425513496498,5.595966494133218
13294,JP277,1307.535536779324,2218.5685056328693,0.9185581547004801
13295,JP277,3992.16467529594,129.52229228897002,3.193993276313374
13297,JP277,3942.371297242084,125.92346417627317,3.207406078851636
13301,JP277,3860.0956193702364,1473.089152359689,1.8537516131380791
13304,JP277,1775.7751577998197,2652.997790802525,1.1469693576674294
13305,JP277,217.380755942866,342.34522765946474,5.166661425868094
13306,JP277,274.34861609972535,144.10099302767802,4.757097241079078
13307,JP277,397.7841301682826,397.41346261005236,5.099803767714514
13308,JP277,1337.7036901983663,2478.873322637106,0.9275368415412144
13309,JP277,3249.4203187250996,125.72958167330677,3.2905592805026775
13310,JP277,1422.8936800222077,3062.721291755344,0.9547360976630644
13312,JP277,565.7094399158559,1317.0343150144622,6.184507573695047
13313,JP277,7758.976411008196,151.41907110015327,2.9373707203142216
13314,JP277,2177.1591421675307,3971.7138448146243,1.1891098003226714
13316,JP277,3975.6547906602254,128.54931561996779,3.19790842439723
13318,JP277,1790.3496628829905,1371.1250320047793,1.4224809209484643
13320,JP277,4041.801868802441,2592.701118738876,1.6182869617234288
13321,JP277,121.04728434504793,115.55782747603834,4.91102037575489
13324,JP277,264.6618613138686,488.2391423357664,5.3161755947402085
13325,JP277,1097.0289972624962,3464.2905809591402,0.757366437573577
13326,JP277,423.1384,706.0385142857143,5.543320689535907
13327,JP277,382.1316927809286,1085.3197154666923,5.856994182621032
13328,JP277,1032.3265325222274,4105.700046794572,0.7206408205453031
13329,JP277,1195.3931367194612,794.9811578372475,1.095102174783202
13330,JP277,530.6606610969851,1744.812132219397,0.030913384038375638
13331,JP277,3859.869748885238,127.78221074865056,3.2115840268672073
13332,JP277,2648.6461304016543,123.50914335474039,3.395140510307931
13333,JP277,4263.220154193598,134.06253407055524,3.1579634564957155
13334,JP277,293.1318475916607,193.85564342199856,4.839014939518104
13336,JP277,425.1528432124466,632.8086994631313,5.449345082560205
13337,JP277,4158.888115596209,337.0688009544641,2.779085882253939
13338,JP277,2244.8340096512393,124.18200263215617,3.484078150985379
13340,JP277,3229.9220945083016,3932.6442586787416,1.390609553492407
13341,JP277,5040.514998723513,124.22881031401583,3.1212058668093814
13344,JP277,3788.328307296816,8057.258503065058,1.3017595634911674
13345,JP277,298.38056165491736,493.1474633075234,5.3064664331038465
13349,JP277,3787.7512551061773,2439.381022170944,1.6149937891171413
13350,JP277,570.4956851915775,2120.0514325163963,0.16980906377781804
13352,JP277,5780.228121734587,125.23765673981191,3.0749088061651584
13353,JP277,3275.279974438853,138.6218547807333,3.258016215769278
13355,JP277,254.57821059038343,466.4841752891053,5.295868193924918
13356,JP277,6249.231231757151,143.94436660828956,3.009595601395588
13359,JP277,691.0262926614911,2121.4386992822615,0.3126460760570251
13360,JP277,1470.5290598290599,6594.774017094017,0.915232594778584
13361,JP277,201.87057658995298,201.8970551843603,4.966369319608207
13362,JP277,3109.0436827956987,129.72824260752688,3.302128616677195
13365,JP277,309.17261904761904,363.0190281030445,5.118816225782013
13367,JP277,4767.14999189233,132.89711366953136,3.119984304455879
13368,JP277,2300.11059804032,2158.1514810226377,1.399570494119563
13369,JP277,621.2131837307153,1740.5425612255906,0.1428481275462454
13370,JP277,4045.5317984361427,128.86941789748045,3.1902678869672982
13371,JP277,673.6624378109452,1735.1792288557215,0.20843196229394254
13372,JP277,979.9610600841944,2985.7934366628397,0.666328250015315
13373,JP277,2626.4804395261845,769.0440305486285,2.2159360892323323
13374,JP277,4173.161762895482,7244.050658623662,1.3553791134008872
13375,JP277,3551.492648933458,123.36457890711311,3.2566413766239894
13376,JP277,1965.8586828694629,120.38364040245655,3.568697956730573
13378,JP277,2912.185467843231,128.41116145957548,3.336646628544723
13379,JP277,468.09534242702665,1123.0026150257968,5.956232326672414
13381,JP277,7654.24198936978,170.62444950645406,2.9028725466300114
13382,JP277,3446.9033795493933,1770.5045803416688,1.7145699446238747
13384,JP277,3069.6312726723095,1269.520253929867,1.8540726961091585
13385,JP277,265.3906856403622,239.11304607423625,4.957724302767877
13386,JP277,1066.1176929833123,2127.8309749194887,0.7165568223006401
13387,JP277,267.15064872657376,337.68164344065354,5.116833273174928
13388,JP277,442.7939357063178,1447.6954669911775,6.103618234041366
13389,JP277,354.4013008130081,803.9958807588076,5.63013484051354
13391,JP277,5281.946199535164,141.37337522596195,3.066203087744359
13393,JP277,550.1484657899753,1205.02487135506,6.098303713135372
13394,JP277,1467.6219986783171,900.4907115059843,1.5709820714418758
13395,JP277,3642.335277804342,131.70746868126614,3.2266053076494634
13396,JP277,2766.243021215505,122.24724836497049,3.3755868734774688
13397,JP277,414.83632265020094,1173.6493188277957,5.9385472452221375
13398,JP277,3373.0511836212413,383.2762316058861,2.767798415031127
13399,JP277,2350.397624580429,124.6903563129357,3.4571382911153137
13405,JP277,502.97765229839354,869.9856847463019,5.76320932351665
13407,JP277,1864.611034719835,2351.9206772086627,1.216706590196988
13410,JP277,2161.3387761216386,120.91506254213168,3.5117893068378936
13411,JP277,2700.9750661125804,318.62493388741973,2.9873276810455294
13414,JP277,3579.9257336165524,122.54472504130281,3.2551409908549562
13415,JP277,2679.695297972195,253.80448065173115,3.1228982269375454
13416,JP277,5702.391228553079,4936.013808606294,1.5441442009197819
13421,JP277,2543.824803286679,700.5894436320591,2.3081274506504887
13422,JP277,1940.0576327517183,1622.8082181433642,1.4000796758367056
13423,JP277,3808.6658851898987,5034.353138187421,1.3983140424228413
13424,JP277,581.5589329365501,1940.4233712403018,0.145159724444503
13425,JP277,581.8713689337276,1939.210471386328,0.14525988031145012
13432,JP277,263.4964871194379,328.4620274339244,5.106298220919424
13435,JP277,4560.532825212756,13400.128167960347,1.2837774196935052
13437,JP277,2125.547279880613,199.00983584316918,3.3829007482570232
13439,JP277,894.771196711809,3086.5913474205618,0.6004910447833021
13442,JP277,1747.5560922900909,1418.052818915655,1.3749284545386602
13444,JP277,651.3104827773258,1981.7649850827231,0.23934200504835115
13445,JP277,228.76191819464034,232.91556182416548,4.988773511971261
13447,JP277,3876.1968705333634,561.1212668321673,2.478106067675647
13449,JP277,297.12331000095884,467.5517307507911,5.274819582555891
13450,JP277,2641.3889370932757,4569.165509761388,1.2605449500379302
13451,JP277,714.4227272727272,1961.7436363636364,0.31199998114431005
13452,JP277,6777.932469204436,5919.178687421365,1.5516188472006114
13453,JP277,467.9274673965545,1270.4812429560457,6.046276426527807
13454,JP277,434.4595256916996,1439.1856126482214,6.090790980357509
13455,JP277,2497.7743357764543,357.1045006871278,2.953694318114785
13456,JP277,1780.624638969118,1798.5896467451678,1.2729631607537621
13459,JP277,560.6475674962044,1590.6882962571788,0.01739041612621593
13460,JP277,4222.231788627987,5110.329606162256,1.4338680635249332
13462,JP277,765.6962828649139,2454.980155132467,0.4389093767901823
13463,JP277,970.8303119894188,1684.6536995254025,0.5824263232380128
13465,JP277,1414.5408213065607,1967.7335285505123,1.0159663510478576
13466,JP277,3711.528435829943,130.3338119167265,3.2218301871286363
13470,JP277,172.68702110102558,204.17835671342687,5.007079673662641
13471,JP277,2461.724078748107,2577.5600201918223,1.3767540592391994
13472,JP277,740.8210166989575,2750.656241350678,0.44030601335021124
13473,JP277,497.4227285796435,895.2632259919494,5.786973374301815
13474,JP277,1931.818305216211,1823.5830909443475,1.3394609825100885
13475,JP277,222.30965723967157,225.39423954124854,4.9832417824449085
13479,JP277,2166.7434017595306,2708.4695532171813,1.2806835478883454
13482,JP277,1278.4393530997304,5199.167164035425,0.850666350412792
13486,JP277,1210.0479876160991,3667.4899788170114,0.8261149575594363
13488,JP277,3789.532037725064,128.11317519291225,3.2183358709967784
13489,JP277,4867.203720758887,2680.753914164671,1.673982449442708
13490,JP277,1686.943261553351,6802.661565448827,0.9813549618263188
13491,JP277,1008.0714644183479,3685.5222322593595,0.7002498952533144
13492,JP277,349.60434011191484,678.0833902006278,5.50697271974753
13493,JP277,3049.1222697056032,126.79801756885091,3.3178793739633883
13495,JP277,428.0989598135622,1170.4818962087195,5.948955520116819
13496,JP277,1052.6228435799467,4265.817760796573,0.7343042396189259
13497,JP277,2721.149125737833,134.17947432898987,3.3587734299695384
13498,JP277,289.514078921277,454.8200475907198,5.262661415009649
13499,JP277,2885.9726205997395,2472.4190207156307,1.4818419678692196
13500,JP277,400.6149587617218,891.5814032312733,5.726407641759321
13502,JP277,2650.172663009074,119.95953787718928,3.402257962231672
13503,JP277,236.17716174040757,339.4590294351631,5.146569758243194
13504,JP277,2810.124813287925,143.43980402700603,3.32255371880561
13505,JP277,701.7666084719287,2653.213727832399,0.3918963378465275
13508,JP277,4378.607460853546,8567.258059564016,1.3410691971364272
13509,JP277,1609.8568270344247,5241.051794925782,0.9798332802570828
13510,JP277,5999.888833839103,131.9894097974856,3.0480451215597335
13513,JP277,962.5970684247584,3588.972412468796,0.6669090219310002
13514,JP277,5468.340465701699,128.9480563489374,3.08348625579186
13517,JP277,4109.2647081093355,120.94548345574317,3.2028711812376613
13518,JP277,492.6054375365426,1182.2746053400897,6.020035285648119
13519,JP277,557.6914974234617,1563.5261442861474,0.0036342748257477036
13520,JP277,924.6044803866889,1678.8473693995165,0.522597933965386
13521,JP277,1017.3205032618825,1675.9898415657037,0.6394651414292347
13522,JP277,2344.877010024894,121.94691515844715,3.463708798662727
13524,JP277,1695.143330452319,7923.031259003169,0.9717707990073796
13525,JP277,4158.956492297274,129.08989334687658,3.178985874460139
13526,JP277,3438.2431056427663,123.79618158676283,3.2696960384280973
13527,JP277,766.42203273547,2518.9775556208956,0.44587655126369136
13528,JP277,819.0272369984463,2717.572251165341,0.5139459298153198
13529,JP277,1492.2472048595828,2609.4540892684217,1.0136387159663875
13530,JP277,2823.9843232886255,121.59345061835917,3.3666554022862902
13531,JP277,167.54144241119482,143.79117330462864,4.9001195873380805
13532,JP277,5205.953359623843,408.7584559381162,2.62526325320152
13534,JP277,303.40303803082384,585.946002882803,5.4124810916861925
13535,JP277,295.0916516139166,715.7454645409566,5.5397793362082455
13536,JP277,2083.09126515387,8565.317998134908,1.0564965804253572
13537,JP277,4016.9220758483034,380.72878243512974,2.719718491727661
13539,JP277,203.0740855548667,386.78125645794586,5.233891759531202
13541,JP277,2618.4734937033404,123.54166352462107,3.4010406500018107
13542,JP277,3979.3817348108523,4495.640275124188,1.4429501546507164
13543,JP277,3542.8902670891807,1359.939520144862,1.8679388051010022
13544,JP277,640.8692910182077,2052.202420913437,0.24079452819829014
13545,JP277,1876.7366354367593,1538.8804078258474,1.3988191981410716
13549,JP277,244.48632038065028,171.47720063441713,4.853947322688503
13552,JP277,428.3706736543291,1156.6451577683154,5.940817742421438
13553,JP277,2589.7161026200874,132.5026746724891,3.3884619355155845
13554,JP277,2494.2573977371626,118.03372497824195,3.437897407282217
13556,JP277,4341.943843795385,129.68452477005002,3.1612459554121823
13557,JP277,3425.473466945857,134.3653006281783,3.247235408911572
13560,JP277,2163.4169668587897,966.8816042267051,1.9023378153963586
13561,JP277,1553.9895589014147,768.0040099871378,1.9954225822749265
13562,JP277,1704.9273358546718,4941.474796949594,1.0176363709582568
13565,JP277,2870.323368987745,1031.8221293475951,1.9772839050925881
13567,JP277,3992.578959564361,1056.339937434828,2.056356189288419
13568,JP277,1161.717265542247,1472.58078709362,0.8124529264699097
13570,JP277,1266.6938868613138,1102.5654197080291,1.0274582890768291
13571,JP277,7759.130356453481,1528.899240766954,2.0055107398421805
13572,JP277,5377.648281617479,629.1767695925954,2.390163901420576
13574,JP277,573.9879628685096,2296.147709884729,0.2050673597402398
13576,JP277,5874.735491445824,161.41792463379178,2.9902991396602627
13577,JP277,284.4352554661833,396.06287526906084,5.187093665590676
13578,JP277,415.190630164547,1318.0990874470072,6.015669831916209
13579,JP277,4449.353410479408,771.9087184647452,2.2676136674167475
13580,JP277,122.1339918402405,112.13517285806313,4.901362528737339
13581,JP277,1325.9781754692274,378.2346573548669,3.626099554315208
13582,JP277,2407.638581252262,127.48406321631077,3.438330194550707
13583,JP277,541.3702834799609,1594.0567448680351,6.277775309958928
13585,JP277,3943.6510888570974,121.00596089651884,3.218888100897339
13586,JP277,2159.062434766107,2493.8105133314357,1.3041838909891696
13587,JP277,1667.1401396580784,2166.880006421061,1.1486589765085322
13588,JP277,1576.241987179487,6822.542601495727,0.9478027837475824
13589,JP277,2403.684023889511,4043.7445875326616,1.2391505764686412
13590,JP277,4939.380189190818,2511.9387841176117,1.7022497432286774
13591,JP277,325.5419906023067,903.4020504058095,5.698214122567047
13594,JP277,3935.445856980704,849.666515323496,2.1941931317475176
13595,JP277,3825.366249667288,132.27462070801172,3.2048413357182426
13596,JP277,1167.718118604041,4907.321765940698,0.7991452713727968
13598,JP277,4682.038916615264,125.8554365502159,3.1428112783082893
13599,JP277,4205.658453415466,123.85766142338576,3.187022496343905
13600,JP277,6288.343782998944,139.73713041182683,3.0170369199150944
13601,JP277,2152.6435008290678,3377.661379857256,1.2179561082388326
13602,JP277,3648.864359214219,125.49773332373894,3.240179748296596
13603,JP277,3354.707187070151,961.3688101788171,2.0786633376195076
13604,JP277,770.6283390239004,2352.4037959429606,0.4333843936224019
13605,JP277,496.0857526603988,1581.7986362227502,6.218114789748672
13606,JP277,4859.790377733599,122.88580516898608,3.136847749264497
13607,JP277,317.86721991701245,424.6879668049792,5.203945164444787
13608,JP277,3168.74570673712,214.1860964332893,3.1137629681051324
13610,JP277,184.50520510168909,154.75153395380903,4.898888210355818
13612,JP277,3325.0025273799492,125.53036096170047,3.280591882788785
13613,JP277,3830.8317886594177,2179.7245858571114,1.664736936413354
13614,JP277,1894.6671844660193,3103.281844660194,1.1566131363925152
13615,JP277,2567.5223269880803,122.18297455968688,3.414154829585415
13616,JP277,370.3906668218317,695.4615384615385,5.526553240590083
13618,JP277,2840.504966887417,493.58090006020467,2.6325311228180603
13619,JP277,990.2835032774946,3701.0141114348144,0.688309475665255
13620,JP277,557.3968353861368,1921.5102939854355,0.11116868913961958
13625,JP277,5136.101839011155,141.09436237564063,3.075959913893717
13626,JP277,3208.422655582317,133.50687592261673,3.2789527667043443
13627,JP277,641.0492428253733,2306.2611458223023,0.28389139365315086
13628,JP277,4918.081909735173,3009.4384185005597,1.6380386386148966
13630,JP277,176.06031475308163,170.49220869834872,4.941658123872001
13631,JP277,215.1743094298544,224.47176486596817,4.990047330581284
13634,JP277,4356.038767539419,129.04021408939678,3.1615434424218276
13635,JP277,359.8258871585397,846.5370181261169,5.668956630126597
13636,JP277,2505.1159155163814,120.82072176949941,3.429967912335245
13637,JP277,955.098659405111,2154.631545873481,0.6083587633743155
13638,JP277,367.4672310472748,876.6148577951108,5.697357781986755
13639,JP277,258.64830736163356,245.63164965072542,4.9768775093726845
13641,JP277,1034.9782648071002,3965.8180583227677,0.721071495192091
13643,JP277,3936.2772832410456,4013.2057895843554,1.4686171073371224
13644,JP277,1806.3384189789588,1257.5614888087853,1.494601375314363
13645,JP277,2400.368846298384,129.95424652386322,3.435200323731717
13646,JP277,224.3279814197718,198.58103604968193,4.932399804198184
13647,JP277,2310.9470007761392,8477.489411242932,1.1016134333391885
13648,JP277,1650.7240599378003,1965.6047497879558,1.1691209913798797
13649,JP277,2128.377231320099,492.9202253699121,2.7510189556288545
13650,JP277,1200.7639415268002,5037.092149431511,0.8152296621035493
13651,JP277,587.1220649853743,1761.802988378528,0.10596851300121704
13652,JP277,3498.0175892738616,123.42539492897916,3.263039693775315
13653,JP277,3111.7457811194654,124.44636591478697,3.3134937947544576
13657,JP277,394.64592578604476,874.7146633934473,5.708709236339366
13658,JP277,2476.591427923501,3949.183611762038,1.260195605433792
13660,JP277,1911.4728217068148,2144.032058744515,1.2664252848287731
13661,JP277,1162.8080434618578,1589.2969139062855,0.8113430761491461
13662,JP277,3126.5558127572017,125.74337705761317,3.308363902324984
13663,JP277,2538.3681245456746,122.90822631451418,3.4187212430380685
13664,JP277,3643.7609557802894,2116.1656751933374,1.65646137714311
13665,JP277,734.4038749855841,2260.43685849383,0.382766221306412
13666,JP277,1745.7494833376388,6329.504133298889,1.0046441372323363
13668,JP277,2056.05632351158,2473.6306535709955,1.2731219546299737
13672,JP277,149.00673452601274,124.2811536088834,4.885561145527541
13673,JP277,324.4793395805444,730.7118250780901,5.556894198682972
13674,JP277,327.4681045751634,550.1758169934641,5.364955942270614
13675,JP277,613.9248462764746,1769.0555682076977,0.1417196130841112
13676,JP277,1382.7501549426713,1606.7077006507593,1.038409375062102
13677,JP277,4283.1767862714505,2288.1735413416536,1.6881216549517206
13678,JP277,1153.5791774289687,3759.5993443274388,0.7929626456290505
13679,JP277,4150.939946549284,130.31960383587486,3.176860954128627
13681,JP277,463.4166200648697,1454.5808075159377,6.129789303881332
13682,JP277,1184.653171912833,1901.5283292978208,0.8278466660000331
13684,JP277,1795.336585661475,7383.50306042058,1.0040987988298111
13686,JP277,1582.4690109482278,2039.6246984598256,1.11824832680938
13688,JP277,1268.6767126463428,5069.0651443143615,0.8470439437325513
13689,JP277,3431.953865831606,573.8896925858951,2.4743668892760016
13691,JP277,255.23943101561724,364.66587088431316,5.16579840444466
13693,JP277,650.8750124291538,1699.6818633787411,0.16883895305593524
13694,JP277,970.8586090957352,3359.5752964077155,0.6682464103250249
13695,JP277,1038.3804816223067,4515.125897760879,0.7274502037724807
13696,JP277,2405.4673217700984,256.2970388445558,3.18537692603554
13697,JP277,3298.6363204344875,2511.1570264765783,1.5427486770547751
13698,JP277,1129.70533182076,1794.6176971072036,0.7736790617489
13699,JP277,230.75561249389946,260.95937042459735,5.0335355923099225
13700,JP277,2319.222204227063,1444.8986152724917,1.6118803396181562
13702,JP277,2502.000653439468,123.946417963645,3.424338403243054
13704,JP277,2127.4659314008545,128.16168148746968,3.5083007102687525
13708,JP277,1859.1824602707475,3160.780974102413,1.1400564171745258
13709,JP277,1399.84808322645,2226.2144078666097,0.9831721125559012
13710,JP277,338.5350857400722,896.946976534296,5.69967086456985
13712,JP277,4774.033662051963,122.51654655793666,3.1439129250638653
13713,JP277,733.9097359439554,1814.8087839051555,0.30547641971456263
13714,JP277,1282.1884480746792,1770.257292882147,0.9258347398887917
13715,JP277,3299.208056971305,122.0407037631781,3.292064393944466
13716,JP277,3669.4293651381586,127.90102970590414,3.2322378852261653
13718,JP277,1623.4364858938752,119.32370998392048,3.690026968320068
13719,JP277,434.72850592281236,1083.0363966373711,5.898625634379669
13721,JP277,1053.027972027972,3935.208881118881,0.7322353426182268
13722,JP277,5774.849397590361,126.16086126684958,3.073026537666601
13723,JP277,243.28360022087244,318.72048591938153,5.110356755495549
13724,JP277,1095.989604989605,3880.568108108108,0.7585422498422726
13725,JP277,4170.916027607362,133.22737730061348,3.168259766930174
13726,JP277,1869.7515394912984,126.75997322623829,3.5899096341087637
13727,JP277,3885.630662929405,126.78580275079851,3.2112140684071795
13729,JP277,827.2904885839347,2991.1949012185023,0.5379838916540225
13730,JP277,3480.418198585921,123.59717184137719,3.2648315004870203
13733,JP277,290.0314594759293,317.7102376599634,5.064759244905531
13736,JP277,2288.6486807878114,121.48324043106652,3.478140492424801
13738,JP277,3225.257839961403,133.13819008891033,3.2773434374788692
13745,JP277,239.00298019049845,234.84345234616958,4.980326247411028
13746,JP277,6384.046168082224,126.43940645758286,3.0427914879848346
13748,JP277,696.4229922060318,2289.6507116231787,0.34420154093502436
13749,JP277,281.9484991171277,451.90278595252107,5.263248163138464
13750,JP277,1670.5630867331877,3001.9343449253115,1.076056371163021
13751,JP277,418.3701529051988,1370.0472171253823,6.043228249837784
13753,JP277,470.37524404529483,1360.854744240531,6.095354103880498
13754,JP277,922.8268218107695,2007.6202649906575,0.5619350471974865
13757,JP277,258.8336678593245,373.3267300811589,5.174936969606678
13758,JP277,3342.6593054099067,128.3844303250879,3.2717197094027806
13759,JP277,1766.233658121275,2740.5066691892916,1.1353606982985591
13762,JP277,231.86373927550048,244.777704957102,5.005496465928507
13763,JP277,3878.1519180168953,124.79400360060933,3.216659706141179
13764,JP277,1169.958522534734,2338.4359878007454,0.8090973095965536
13766,JP277,597.8035615790718,1449.4407848081316,0.007849125776044784
13768,JP277,1014.3205774001955,4044.1171340500714,0.7086455923059558
13769,JP277,730.9544820497761,2342.928859848763,0.38936244723670194
13770,JP277,1282.4199112146132,116.66800087329888,3.8481107678803084
13771,JP277,256.2693420651843,273.7895217788608,5.027295338278023
13772,JP277,938.0705073816392,1648.3170711013067,0.5351368556424814
13776,JP277,1202.3949363660981,4976.624898456539,0.8162046611903918
13778,JP277,6005.607545079697,120.2105975752354,3.075275338679784
13781,JP277,2026.00752890562,2444.910190911535,1.2663896035023157
13784,JP277,2898.013586730016,122.59398182879053,3.351716145879611
13786,JP277,6370.9826972328065,124.66556312074458,3.047501112507546
13787,JP277,243.38050632911393,217.34316455696202,4.943974026938018
13789,JP277,5102.380606217953,2356.679820860648,1.7363747521040298
13790,JP277,245.66998932004273,264.10068826391364,5.022586262198607
13792,JP277,313.07974737743524,257.52847356026547,4.937494084867886
13793,JP277,4719.105614694218,1713.3919849718222,1.8440912024377802
13795,JP277,1152.9352621025494,4468.442996276139,0.791928022648171
13803,JP277,606.0283784870167,1711.939866548758,0.1151065077786743
13805,JP277,2143.903546189597,123.20398548417903,3.5124488896210777
13806,JP277,2893.1757848721686,1399.9589349582727,1.763620461441692
13807,JP277,4737.307692307692,297.53870252554464,2.806249860890731
13808,JP277,1204.5338298007766,1358.9626376424162,0.8754608370830812
13809,JP277,4622.473719905052,243.33258731773483,2.9063676862174623
13810,JP277,2049.924823449009,7721.878046928392,1.0602642238678532
13813,JP277,1598.1055007523826,2709.9775957197794,1.0618346715995812
13814,JP277,2470.1635620654883,9560.454173963806,1.114827027925818
13817,JP277,3356.8449433697506,1884.229227222612,1.6727235064168031
13818,JP277,2554.617357845233,1410.7131252672082,1.6904663531217523
13819,JP277,1854.6991029240567,153.31226460316373,3.555975496774953
13820,JP277,913.7835586673104,3590.3004587155965,0.631159128889264
13821,JP277,733.0778860856269,1452.053994648318,0.19356275418500526
13822,JP277,3548.37032759983,125.3085759435969,3.2525121110697826
13823,JP277,2042.3765967153286,1520.924346107056,1.4813893003098226
13826,JP277,2281.5563689604687,2675.7785098421996,1.3175456560097598
13835,JP277,648.7772702357025,1631.5110542663988,0.14473754648073298
13839,JP277,383.2385436893204,431.1332038834951,5.167638678017225
13840,JP277,5911.922501275582,382.2249560632689,2.6375543229936262
13844,JP277,1400.851077798446,6047.060400481453,0.8947213015964101
13845,JP277,3671.409517000318,123.3963298379409,3.2424875795228587
13847,JP277,3033.8395953757226,1335.6651649098947,1.8159488436820737
13849,JP277,2037.8754608766899,141.96419500204834,3.511235968228866
13850,JP277,211.6119982736297,191.44216659473457,4.934908291998724
13853,JP277,3792.5125621203756,622.6370099392601,2.407397189824314
13854,JP277,290.7877854151853,242.3455005135498,4.934741674846708
13855,JP277,715.8915798078888,2585.5333639893724,0.39994398525304775
13856,JP277,822.8163160154572,2286.3545727780165,0.4819922299972058
13857,JP277,2366.7158930087744,4127.969289555618,1.2265040727780854
13861,JP277,4628.541071909507,603.1393078373283,2.4193479523624513
13862,JP277,4124.941890237114,132.67071134364912,3.1738346661540726
13863,JP277,225.96131835523528,259.8372191606613,5.03691622416704
13864,JP277,3476.0924013405374,2463.071198960399,1.5741962636138216
13866,JP277,807.1339841235787,2642.4946363441322,0.4971218723672095
13867,JP277,1206.343390641011,2562.4550836843905,0.8342978480671368
13868,JP277,5281.09801084991,129.40412296564196,3.0936042187914885
13869,JP277,4759.837553929844,3225.5276683549055,1.6043338794884385
13872,JP277,219.12586430423508,182.5504537597234,4.908380183664807
13873,JP277,1015.2867406458955,3808.989827856025,0.7066512764709877
13875,JP277,1684.1569221212826,5352.997360043481,1.002389408656785
13876,JP277,728.3956146055932,2456.724612096999,0.3996947105867228
13877,JP277,1809.7526110481942,2372.8722788473638,1.1908183989816334
13878,JP277,2501.583411314334,3121.901318587835,1.325968448254954
13880,JP277,3689.5552482166254,724.6222157519289,2.2989988554925036
13882,JP277,255.04487597911228,165.04422323759792,4.827161185823007
13884,JP277,2842.3945386680634,120.05395848339991,3.3667745692684337
13885,JP277,188.66958814860777,201.63631427906617,4.982440680114196
13886,JP277,2880.074823638256,449.40915924598124,2.7063885518421595
13887,JP277,467.0990360223237,1303.9760527650938,6.063256069339806
13889,JP277,1872.7544611979527,1109.449993083414,1.6427158529421682
13890,JP277,209.74549968963376,142.1663563004345,4.8375918759155025
13891,JP277,264.7230378085787,226.10202575248093,4.934918827151288
13893,JP277,623.4497274633123,1570.3426415094339,0.09030312688133177
13894,JP277,2946.914401681525,3539.4924258896863,1.3762306459188238
13897,JP277,184.89912280701753,238.38987414187642,5.048555629511709
13899,JP277,3272.554200919604,120.09405043890204,3.3001768367545625
13901,JP277,720.9063273011327,221.21624788439004,4.381493981206308
13902,JP277,664.0522648083623,2308.0885691806225,0.310288643937202
13903,JP277,1042.5408589889776,2918.4619282908907,0.7135020714201386
13904,JP277,228.6350522899387,143.9138117562207,4.816046869807372
13905,JP277,1083.3011350474867,3486.90340514246,0.7485080605545639
13906,JP277,3920.7814630550947,5468.157545605307,1.390627036303469
13907,JP277,209.45623342175065,168.13203654582964,4.89242298037997
13908,JP277,2130.6451591108707,1206.6500912100535,1.6808379064317789
13909,JP277,217.32655256723717,175.3160880195599,4.89649687871376
13910,JP277,986.5894122100254,3183.667712107284,0.6762100821928735
13912,JP277,491.7435875141292,1676.7144596122077,6.245518828543349
13913,JP277,247.09596255119953,268.86115522862156,5.028903462866882
13914,JP277,286.9538859073743,414.52583979328165,5.210826630611138
13915,JP277,2770.5638605898125,124.64627345844504,3.3696755289970084
13917,JP277,1538.2981566370818,1890.9243148346825,1.11208941380093
13918,JP277,2427.735861153089,4922.1955854741955,1.204495404302975
13919,JP277,2521.364234404537,2135.028506616257,1.463144367359117
13920,JP277,3878.2870770338372,2300.3954883609313,1.647720443266805
13921,JP277,512.1380318285158,1516.5658763667857,6.212530463484776
13922,JP277,1841.4677026203535,3064.8408744667886,1.1401430811357773
13923,JP277,3376.6707023612576,4317.735373740412,1.3861157271328066
13925,JP277,426.93740942028984,1234.8703804347826,5.984743203329548
13928,JP277,2767.028460464834,121.96935493658596,3.3760380359169675
13929,JP277,771.2261268781302,2711.907178631052,0.4672783520572965
13930,JP277,3022.3836924583743,123.96800522363695,3.32835917253187
13935,JP277,1779.8718829766347,2925.551934027096,1.1264737918782024
13936,JP277,1932.022932022932,793.5213312486039,2.0887452487817244
13938,JP277,214.65467295844803,434.498492594049,5.281255491807072
13939,JP277,2972.4259666771454,1416.9182646966362,1.7693682159832327
13941,JP277,197.22486628097369,237.8681366663028,5.0334660513727325
13944,JP277,4181.146603252137,4737.798830259014,1.4485916005257526
13945,JP277,5053.321437164167,1047.8697970968,2.105942493943923
13946,JP277,452.88277608915905,808.6067375886524,5.669752468850663
13947,JP277,1472.345055975617,411.96659046949185,3.3727426513008045
13949,JP277,1767.312965722802,7180.463173582241,0.9991474982712542
13951,JP277,3449.649594720608,121.27888960619755,3.274067649841774
13952,JP277,2910.258755497638,123.28261931910734,3.3481475722908387
13955,JP277,1727.0985391271984,3320.9754350051176,1.0811770659351327
13958,JP277,2641.8022259178715,127.01765383139312,3.3891915310676497
13959,JP277,1439.8998995130246,2027.6033856380923,1.0278014457245552
13960,JP277,3206.688340807175,124.06988041853512,3.3003813598709644
13961,JP277,2097.79281806705,129.93287978678637,3.513659612163945
13963,JP277,224.2875266146203,274.6545422285309,5.062247822492626
13964,JP277,5711.083591091865,126.92035261367151,3.074653321918033
13965,JP277,419.35287241148967,778.5260521042084,5.625240083910436
13966,JP277,1557.2984499054821,412.70654064272213,3.2784523710854967
13967,JP277,1376.7011528736125,3502.456392234175,0.9182466380685738
13968,JP277,4341.173358526216,125.70111006140765,3.1706778863949334
13969,JP277,760.6459520481669,2935.608644231803,0.47331084901101544
13970,JP277,1647.1380589532785,2944.7454381391617,1.0693101088370194
13971,JP277,382.9926640538639,514.0618028338861,5.295006124923556
13973,JP277,4239.300987637268,121.98812072656952,3.1884393519014864
13975,JP277,742.8312528473804,2871.0796355353077,0.4516630620971219
13976,JP277,2263.247491638796,118.35228539576366,3.49025033702748
13977,JP277,617.283490372798,2017.785641130684,0.2055409253886648
13978,JP277,4698.031330749354,120.84084302325581,3.15357176431378
13980,JP277,6830.474598677998,127.11048158640227,3.022446513192314
13981,JP277,175.4213306917616,137.38211986131748,4.875100344721079
13982,JP277,2600.805359505955,2090.03209086899,1.491104815550127
13983,JP277,948.6738407153255,3288.634435433562,0.649879020692036
13984,JP277,3301.5364853785186,4401.79935319304,1.371625521849076
13987,JP277,2537.1862249918004,1308.5754673663496,1.737351480479689
13988,JP277,4686.105229027884,117.22095148263868,3.163231099834276
13989,JP277,1943.1039386700738,363.7682906505194,3.1273902146560255
13990,JP277,1878.046276405299,2509.589688506982,1.2032461214016101
13991,JP277,252.9636929460581,262.3917704011065,5.011869281736465
13992,JP277,222.8362105263158,211.21964912280703,4.9574597989976645
13993,JP277,300.3439598997494,382.9133834586466,5.156090613083436
13995,JP277,652.7334664120813,1635.1548342301683,0.1511117025850039
13997,JP277,3360.413858835652,537.2139103554869,2.527422962576808
13999,JP277,2361.104593585739,2097.4912775196162,1.4287341044695412
14000,JP277,4160.28656114019,3741.58409535221,1.509884274802671
14001,JP277,422.63220125786165,1214.1738364779874,5.9690948706716105
14002,JP277,343.0844845409266,760.7509632553331,5.5879608649599986
14003,JP277,452.6105812897366,719.132833787466,5.56346409211857
14004,JP277,2890.5127266387726,116.29619944211994,3.366787264673723
14006,JP277,1173.3714326382465,4598.168884776885,0.8025580024594533
14007,JP277,637.7472712680578,1747.8809791332262,0.16597389210369778
14008,JP277,4900.2643147292865,127.82076679094097,3.122296331931436
14009,JP277,397.66892426774564,961.7418418506466,5.782038895937334
14010,JP277,311.9589331449263,291.80022962112514,4.999638395086254
14011,JP277,3178.7502097902097,120.1920979020979,3.313192900193182
14012,JP277,3919.951165670597,123.20788240994993,3.2160807142928
14013,JP277,262.6602294297268,234.96814393001569,4.9534095775995395
14014,JP277,341.5396785534907,399.85861376192867,5.149566396745988
14015,JP277,2135.262389937107,1885.45106918239,1.404542293982603
14017,JP277,2999.7596855699044,2231.6289537712896,1.5426546970903776
14018,JP277,484.6141347775903,854.8367220101217,5.735786096150573
14019,JP277,5179.1960810810815,1519.8573648648648,1.924858258618911
14020,JP277,251.68901788887572,147.85890297358134,4.794520743251938
14022,JP277,2135.4363014315295,1654.5510038714324,1.4696130346806457
14023,JP277,283.34037493005036,175.1440962506995,4.812770251913266
14024,JP277,437.67458740831296,1178.1995721271394,5.962639542067906
14025,JP277,2059.923992406542,812.4672167056075,2.0848608345254727
14026,JP277,2070.3065285314915,516.7505344515705,2.709536757615982
14027,JP277,3204.470617459191,237.88708303761533,3.0604263489358283
14030,JP277,1928.3143461309721,658.9500429524879,2.3818105545919366
14033,JP277,202.0610119047619,294.12854853479854,5.114040219262318
14035,JP277,2062.223342701273,2215.6639113903125,1.3126645599537494
14036,JP277,615.6503759398496,1918.767739661654,0.18193357237082097
14038,JP277,722.0209742895805,2470.0439783491206,0.3943519946405253
14039,JP277,558.4354507417269,2119.6036515785468,0.15534295731997716
14042,JP277,2047.326012261672,685.2151856093782,2.3224555283764268
14043,JP277,3453.534099354027,120.97164580117762,3.274289855132786
14046,JP277,270.3776546629732,267.34626038781164,5.001483465959879
14047,JP277,1043.3852566915314,4686.080810296914,0.731453199083718
14048,JP277,1185.6722264516575,1858.7098069070523,0.8297817559525134
14050,JP277,1610.7138887050883,120.2546814001191,3.6941153548454215
14052,JP277,457.86520179372195,1297.5773094170404,6.049992964159553
14054,JP277,1292.9663327199619,3729.0098820963676,0.870946840656936
14055,JP277,3218.536934244236,119.58368915456875,3.3088872217553957
14056,JP277,2764.879274145171,118.24872525494901,3.3844010234828787
14060,JP277,1083.431524781078,1434.016610995757,0.7057711828475526
14061,JP277,452.251550044287,1065.2068201948628,5.9010241667705685
14062,JP277,3810.7187852311163,142.0788472378805,3.1840818114145
14064,JP277,1086.433223261787,2147.2148229682625,0.736084805312741
14066,JP277,2775.407053034445,3283.6509021323127,1.3673985080302653
14068,JP277,535.0161194912748,1578.9732327713693,6.264414916244771
14069,JP277,2887.7252777025196,119.6967623950149,3.3597907871590262
14070,JP277,1281.9982013464207,1123.9614574233003,1.0444706757891946
14072,JP277,729.1170028364324,1498.117239205799,0.20617568976287232
14073,JP277,2240.769385902995,3766.4196833719875,1.2164797653199175
14074,JP277,2433.486465341887,839.2041933969645,2.1081312225232978
14075,JP277,2246.2782113613102,123.31134851586489,3.4853161112707074
14076,JP277,2378.85467536071,122.75645116537181,3.454186315366063
14077,JP277,685.461312849162,1932.0508379888267,0.27069445510171314
14079,JP277,2246.090368608799,1263.6636657040938,1.6835876368158023
14080,JP277,4405.296147553176,126.70578610739253,3.1628544830869285
14082,JP277,972.3458398614662,1636.4632637915395,0.577987061552178
14083,JP277,2151.7214782290525,2153.130406147091,1.3542444134079312
14084,JP277,4594.939210320563,780.5341412561897,2.2629335716749797
14085,JP277,1021.413284920974,3970.5893208030757,0.7124365118272677
14086,JP277,1996.8632275703287,401.05655083099504,3.0166030985291776
14087,JP277,971.652610983673,2912.8730265821077,0.6576364699166845
14088,JP277,417.724939771656,1241.5350371844559,5.979314439569187
14090,JP277,724.8270050972641,2381.2981379382086,0.38728025903351043
14091,JP277,303.1927710843373,405.48887859128826,5.186750957184317
14093,JP277,3171.0362533599837,129.96360879454133,3.2923202935554934
14095,JP277,1494.0409402241594,1517.423801369863,1.1555087576918137
14096,JP277,1890.3585597499398,7124.010819908632,1.0315876228642518
14097,JP277,2557.935945137521,1192.964105931276,1.8101665331618515
14098,JP277,1575.6623762376237,1984.1259405940593,1.1219162502327045
14099,JP277,1609.7854034386817,121.02732396375829,3.6936550956636176
14100,JP277,4579.395108306771,127.37396734534573,3.147138715703456
14101,JP277,403.19486704590554,1093.1181373197512,5.878898058171069
14103,JP277,1459.9639309616061,4107.845015850652,0.9440322347610495
14104,JP277,853.9679952760555,2188.5786241511664,0.5052447595641235
14107,JP277,763.0233032333236,2092.8359063986795,0.39182069519051244
14108,JP277,2943.2500163494865,121.9679550062128,3.3455443398675118
14109,JP277,3395.924059241348,126.504458213692,3.2689416908123277
14110,JP277,10039.958176827506,4928.937806992199,1.693894547251115
14111,JP277,1517.9142082061717,3547.935401831129,0.9842480954105235
14112,JP277,3391.193701574606,2534.02624343914,1.5521877259623758
14113,JP277,687.001738962419,2090.702540817312,0.30271724921872445
14114,JP277,226.43101925454866,293.48719307542837,5.088931821560662
14118,JP277,4201.075396268761,6523.732080235657,1.3783825868650035
14119,JP277,3287.6115226337447,125.11507669285447,3.2866397093324893
14120,JP277,862.0973029528017,2406.263543362009,0.533210220900819
14121,JP277,270.30824659727784,276.03536162263146,5.016243342434566
14122,JP277,281.87907620448055,300.55470980019027,5.044939460031752
14123,JP277,323.9309196390202,526.968091963902,5.337619314769408
14127,JP277,4395.543758967002,123.58188153310104,3.1710771368757533
14128,JP277,597.635442241108,1938.0676109537299,0.1642793929683154
14131,JP277,4598.648375484586,133.6434834779398,3.130997171582006
14132,JP277,2235.0173345919507,1594.9199347807432,1.524793150329442
14134,JP277,1397.6938486084027,3036.2068782130827,0.9421505136052541
14137,JP277,2507.990761018341,906.6452231042979,2.0402273233277217
14138,JP277,8850.612910097998,3940.2194290583725,1.7224093711726565
14140,JP277,2551.250551000617,2361.136031032355,1.4299449990032864
14141,JP277,4766.415248968518,129.22997795738428,3.1285787921509756
14147,JP277,4088.592962768134,129.86019054298907,3.1838084794346173
14148,JP277,2814.678435808354,2138.4992324472814,1.5266485882751615
14149,JP277,2486.188161505292,125.65647458513001,3.4243315658749665
14150,JP277,3337.5158547131737,126.66539348515423,3.276318992623542
14151,JP277,404.9957061622374,900.0768248810491,5.736085657020007
14152,JP277,5386.717035843737,126.39331453886427,3.094262442030028
14153,JP277,2154.1847322221124,1672.7388302593945,1.4705119876068349
14154,JP277,3336.4828965177803,673.8936261843238,2.3509852229000985
14155,JP277,2613.5762810353935,132.50475435816165,3.3835454116482424
14157,JP277,3849.1448106591865,134.76092800374008,3.196590990422005
14158,JP277,2502.7491198814155,220.04033104811316,3.2326297209709307
14159,JP277,1138.912673056443,4004.0079388130507,0.7842785896046001
14160,JP277,753.549436795995,2052.8244055068835,0.37465368083008166
14161,JP277,265.8586032127824,370.22876041577183,5.165079550995283
14163,JP277,2852.5829621380844,125.00222717149221,3.354278810699426
14164,JP277,4126.472674705592,7032.57929624145,1.357110872769619
14165,JP277,4104.485036945813,131.89285714285714,3.1775705490105306
14166,JP277,2962.0725999870356,126.11395605107927,3.333341529441799
14168,JP277,939.6500659630607,3379.8647757255935,0.6453273354515642
14169,JP277,346.94163150492267,701.0221518987341,5.530656407728629
14171,JP277,223.41967606478704,210.40599880023996,4.955281347633919
14172,JP277,2302.326657213754,183.03692544015124,3.35856884890559
14173,JP277,4347.944302424665,129.54163761716632,3.161063989678836
14175,JP277,1378.9984944293888,5019.764026899528,0.8956747411607473
14176,JP277,3394.7602355779463,123.59568580146171,3.2757625696052135
14177,JP277,725.3186447316882,1386.7152369761066,0.1535658087494601
14178,JP277,2195.044980023199,7875.135777806418,1.0882038762066952
14179,JP277,3977.028873020801,4291.243713132568,1.4547279971599496
14182,JP277,235.23620495495496,212.04504504504504,4.944013507445284
14184,JP277,2550.85486605629,1545.6676839606646,1.632719703708471
14185,JP277,4067.929120943492,134.97012535634786,3.173963187816414
14186,JP277,2701.207567623374,119.90377864959736,3.392617451100576
14188,JP277,1675.1364134004816,3215.6187139624844,1.0658719474559237
14189,JP277,338.45002176120704,485.6821413027709,5.2770353938343355
14190,JP277,3736.7718729747244,1443.7607834665514,1.8532593352192246
14191,JP277,1946.717025049878,4701.763910441144,1.0974775097406875
14192,JP277,1125.27567394095,3209.835606546855,0.7750782131680173
14193,JP277,2768.038625256188,128.14945609333122,3.3626806537381513
14194,JP277,4869.824020973292,804.7639685400623,2.2489361574978655
14195,JP277,1521.5938233361494,3514.677696423543,0.9869983071607472
14196,JP277,1687.7516440608304,2907.062885326757,1.0895397760809404
14199,JP277,306.6834378839811,522.2098557847766,5.338450637035844
14200,JP277,756.3855983583621,2632.1372073500606,0.4458909377199429
14202,JP277,1718.3771683462746,3464.158268627127,1.0706633614525576
14203,JP277,568.986407053637,1772.3937545922115,0.08636247635481209
14204,JP277,3360.898109117187,131.30302300373359,3.2626623420212177
14205,JP277,3308.538061938062,1506.5706293706294,1.7819283308776126
14206,JP277,2025.93518868638,1633.880511230432,1.4338007055122175
14207,JP277,2175.154333201425,125.50961614562722,3.4999015923386754
14208,JP277,269.83056195105314,316.51846166965123,5.082115318775846
14209,JP277,280.0790888149475,553.8213463015101,5.383516618079371
14210,JP277,2259.9263481722764,3732.480275063337,1.2232726676866035
14211,JP277,1311.7547662196448,5539.973468648061,0.8629628343756015
14212,JP277,3361.2197983501374,1466.9644362969752,1.8036620593371238
14213,JP277,325.30063847506244,640.0890163782733,5.467397479530633
14214,JP277,162.81795245279093,134.31066951048223,4.886800552093729
14215,JP277,2507.0920565960196,318.9224446662361,3.03032951535797
14216,JP277,4354.0897551546395,1136.251868556701,2.032591526536089
14217,JP277,625.0416728022383,2007.4148137240466,0.21278386384992348
14218,JP277,1753.4989600665558,6945.499722684415,0.9983267982747821
14219,JP277,3226.419612397474,875.1387820280177,2.1407886976391635
14220,JP277,2645.3600328609573,2861.8397343739302,1.3835624392318782
14221,JP277,677.0344782121432,2309.8078317621466,0.32518497118129136
14223,JP277,3521.733244592346,131.35507487520798,3.2418798449837993
14224,JP277,2689.849960610184,121.04662321850606,3.3923518771628207
14225,JP277,2021.5380073377667,4824.53158679202,1.1139303287237659
14227,JP277,1954.9105279312462,2694.186924493554,1.21262138193071
14228,JP277,1122.53888645331,559.0256904866287,4.032312168250353
14229,JP277,556.3146334767091,1197.374942802233,6.100400730542121
14230,JP277,1945.9600118703167,1073.143556643668,1.7123776032642917
14231,JP277,4921.669920417807,9048.036868938076,1.3693066639250366
14232,JP277,1818.1606846128282,123.65254237288136,3.6120661599901887
14233,JP277,2200.5818364707575,121.66295444747809,3.500087605149822
14234,JP277,2444.7107697835263,3576.774633971077,1.2768930622555774
14235,JP277,2783.7761513051364,127.76591748170219,3.360612017245482
14236,JP277,2908.033714049814,143.25705242878766,3.305391709447872
14238,JP277,1682.9725764884688,2508.2265248133217,1.1188946586425224
14239,JP277,3231.205703144041,120.00615403363393,3.306134992580959
14240,JP277,1263.6738889448754,4739.180288219289,0.8467925697476626
14241,JP277,5321.74499717709,122.76808230349414,3.1067625573343456
14244,JP277,2280.051180797522,1082.0505613627565,1.8239942304615844
14245,JP277,4186.011932457786,127.99242026266417,3.17906146849341
14247,JP277,274.1611092769891,415.7248816991306,5.221109026673633
14248,JP277,7266.476368824683,141.08566672611616,2.9751640590104844
14249,JP277,796.307661809892,2259.524928139558,0.4507010554560638
14252,JP277,2853.7452405889962,8624.483395970674,1.1848524250083772
14254,JP277,3488.256551724138,127.92915360501567,3.2538763021758053
14255,JP277,1374.33665358688,1971.5183620082503,0.9855820726515079
14256,JP277,275.9703577834419,304.44925894458606,5.057097526247192
14258,JP277,210.5875145857643,173.79743290548424,4.902230363617106
14260,JP277,1869.1618357487923,694.5490883590463,2.2930330407208452
14261,JP277,2907.816059643119,2825.664018577365,1.4383097969159988
14262,JP277,237.78569834895137,187.74107541276217,4.894940083943104
14263,JP277,4751.710137746507,165.82469527301555,3.048285254943629
14265,JP277,3682.429454170958,125.53024373498111,3.2362537438922416
14266,JP277,696.2899691608505,2092.2537737380294,0.3139252806920656
14267,JP277,915.9995349918623,3840.5556847244825,0.6386182286729287
14268,JP277,302.14542124542123,311.51858974358976,5.042916351079794
14269,JP277,2138.3733813910026,127.3892226227028,3.506612247451288
14270,JP277,2793.209744926163,2486.224591329069,1.462183610848225
14271,JP277,1289.8218661639962,5125.5635467266,0.8562226627348546
14272,JP277,608.6746521476105,1856.9612825166364,0.15841807301112523
14273,JP277,3320.1477804832366,122.35768246238372,3.2884979287457745
14274,JP277,2020.1147582535962,130.54768392370573,3.535663597288244
14276,JP277,881.7599405057016,2485.2402578086267,0.5582861680594522
14277,JP277,1791.1183556271449,425.01239582603824,3.0635496686646793
14279,JP277,323.2652765957447,786.2623829787234,5.6057593602817635
14282,JP277,2784.929178470255,1707.3350645262826,1.6283508237675086
14283,JP277,1337.390657468207,3042.720056520655,0.9083178166482997
14285,JP277,688.8069939475454,2130.58092355974,0.3115625439314636
14286,JP277,640.5531168831169,1772.5662337662338,0.17637647020067118
14287,JP277,6306.516765590071,289.29060356124256,2.7505787869551774
14289,JP277,3099.777251624884,2267.61095636026,1.5527276481206098
14293,JP277,4368.610888977742,122.35025989604158,3.1762934273845014
14294,JP277,5819.034413286142,125.2419820310373,3.072859399440531
14295,JP277,4255.791593695271,121.53712784588441,3.1880459602440956
14296,JP277,1933.5184618002381,3566.648119789008,1.1407873739580046
14298,JP277,247.05390386218394,297.2136704640178,5.074181161088312
14299,JP277,420.804362371203,886.3556804496186,5.732517651902774
14300,JP277,3029.202076222981,156.4448236632537,3.256704543417489
14303,JP277,5314.859319224885,135.70812085670576,3.077006643280791
14305,JP277,4050.719582008178,439.9796001817356,2.630230106886558
14306,JP277,2437.4201840490796,123.02466257668712,3.4403276882347433
14309,JP277,729.9422794435324,2524.0691264149314,0.40844522571955444
14310,JP277,4529.065145261795,4402.685927004936,1.4966113108050008
14311,JP277,2079.4956240154033,1540.939436373184,1.488608262631658
14312,JP277,2245.2418571171497,2777.2432067662407,1.295977257167086
14313,JP277,1364.4442311950986,2263.3047169114934,0.9566264045887717
14315,JP277,3011.600410838306,194.74821480974273,3.179263516512546
14320,JP277,5524.0384834258075,130.77315407597098,3.076051787931224
14322,JP277,329.06875,742.7730263157895,5.568705127379659
14323,JP277,366.23271375464685,814.8353159851301,5.6437298136222385
14325,JP277,6309.790783113116,135.6694166935224,3.025106539959118
14326,JP277,3818.8383511143384,129.89694464614868,3.211033330182147
14327,JP277,1837.786941340782,2118.2656424581005,1.238768719941173
14328,JP277,2581.4991028295376,142.86390614216702,3.369098959559143
14329,JP277,511.637932954672,866.4635260051231,5.764590577576557
14331,JP277,325.44579616112463,860.3290078399567,5.666169450674643
14332,JP277,517.739349034136,1427.6157713680868,6.1814279955744125
14333,JP277,1072.2027306273062,3701.259704797048,0.7427196224387872
14334,JP277,6218.462734522922,135.76148947157037,3.029070172808923
14335,JP277,1088.5875434818618,3627.4703495113467,0.7527560984231086
14336,JP277,3797.1680495007736,124.80291098298412,3.225230262394058
14337,JP277,5922.105023196289,127.8335466325388,3.061503940901254
14338,JP277,1287.9152527472527,5647.584703296703,0.8521976108741581
14341,JP277,1648.6524346049944,6496.094880411149,0.973781352530495
14342,JP277,2142.97641297511,1960.8712373079343,1.3897535575192062
14343,JP277,4928.930182470835,151.7859407717619,3.065993613532033
14344,JP277,4877.782021387795,915.7807349039157,2.1751241228755034
14345,JP277,2304.652894669727,125.24959619144776,3.4671234121699843
14347,JP277,1512.7181628392484,1372.6493642057317,1.2186518738043717
14348,JP277,451.6579216671318,1054.2648618476137,5.892467361400735
14349,JP277,3367.808948222984,122.78399182151662,3.281160947114464
14351,JP277,2991.519786175663,118.55430989680006,3.345287507725722
14352,JP277,3537.246023918136,137.30113426211318,3.2264728618413803
14353,JP277,1254.3444745303773,4928.5656625486545,0.8412369049012388
14354,JP277,921.5324409233712,1706.3830077858215,0.5230584863071317
14356,JP277,281.83595158382695,173.1594128251352,4.810499287646887
14357,JP277,4662.968987059348,4147.929570132382,1.522955971747049
14361,JP277,1440.736541801042,1367.4388489208634,1.1526135334145442
14362,JP277,1982.4903072946584,1121.6086300976451,1.6856513205807893
14363,JP277,312.1437423716083,865.5852032672989,5.664740025403457
14365,JP277,4709.9225251715225,195.58210817072083,2.990422720388455
14366,JP277,3933.8683538201976,3080.6556278621356,1.5475830049818609
14367,JP277,1738.8208841945482,2751.88881158687,1.1228652993115382
14368,JP277,1608.4684151156232,126.61879582628313,3.688136195900626
14369,JP277,6677.737227657261,157.0401247696016,2.9637117336601033
14370,JP277,1560.8957992362248,399.44097108565194,3.3061082135213318
14371,JP277,1883.9574574574574,1150.2806695584472,1.6143297917820663
14372,JP277,5314.005765803543,5995.5039312296885,1.4758269570744127
14374,JP277,1012.6476359938994,3934.536146415862,0.7063695553289728
14375,JP277,377.9968233103297,723.6540694490086,5.557592093207752
14376,JP277,2468.540056291618,128.90396100775726,3.421744014355117
14379,JP277,2067.3335876568326,1975.1319091217363,1.3595318983786744
14380,JP277,5626.977884732545,771.4421225782868,2.280916997049966
14381,JP277,252.84527759345278,352.3609820836098,5.150515696973429
14382,JP277,3319.1169523591125,3003.9771254944676,1.482518775160951
14383,JP277,4486.739315963018,133.7086054179867,3.13976364442336
14386,JP277,1900.0621156593577,3837.3730666501024,1.1165593765257715
14387,JP277,2145.6945172625356,9051.452897540297,1.0634336479386615
14389,JP277,2193.6324289991835,8928.866709010072,1.0740727860196495
14390,JP277,4400.045089436382,131.4422544718191,3.15219868860961
14392,JP277,258.0633211833517,285.19810121217256,5.04405656826183
14393,JP277,5635.0070255341825,145.57284752168226,3.0365458261493052
14394,JP277,3828.534374554272,131.8644273284838,3.205447425787438
14397,JP277,2686.0374386780272,796.8022205009037,2.185229946815553
14399,JP277,3516.707452165156,396.00251762336353,2.733037804663987
14402,JP277,4880.957887700535,131.6406174039864,3.1147242013975664
14403,JP277,1061.9767095700902,477.3441905262236,4.171481688838648
14404,JP277,2901.404726232634,119.00905747752655,3.3589974329832013
14405,JP277,1526.394485531701,125.09872908738421,3.7248952193489604
14406,JP277,600.527552540129,1939.5375641237795,0.168157134591845
14407,JP277,5468.959846907944,129.50903108843082,3.082145084125405
14408,JP277,1642.1105354058723,2238.822765030019,1.1266009657198912
14409,JP277,4729.144710952872,130.67544270589337,3.127953026649668
14410,JP277,3015.7815619775497,5054.086267016957,1.3004183052304108
14412,JP277,734.7529651265711,2679.6203752876613,0.42817488685002525
14414,JP277,3481.006095192566,4827.285876482715,1.3719810717505467
14416,JP277,5378.914621244181,134.38383410918325,3.076186334982951
14417,JP277,4633.22051249843,1338.3336264288405,1.9587942070966093
14418,JP277,232.76591263650545,390.06934477379093,5.216624159060796
14419,JP277,2621.7722368736513,129.92034284344282,3.387198211029927
14420,JP277,788.5600411710888,2382.3096980786827,0.45556524738295123
14421,JP277,3914.428432980468,346.34426718353956,2.7819547016237287
14423,JP277,2651.9691328175372,2678.2305770470666,1.4068943611019606
14424,JP277,6120.672875292957,2308.1620204761316,1.7970234955481685
14425,JP277,363.86962683042043,848.5777987718469,5.672333540748198
14427,JP277,3106.7112238336786,1178.373865828392,1.909243469630445
14428,JP277,676.6436382069664,2234.8530668404665,0.31390201883698027
14429,JP277,1481.8137649195642,6240.811883757136,0.9223619580633914
14431,JP277,1461.2149084986106,1319.2656893743413,1.191076385048738
14433,JP277,7708.546608406159,140.09231516160355,2.9625112229158703
14435,JP277,4009.724739452711,120.53151646881793,3.2134361077196565
14436,JP277,260.96281357599605,173.58829316281359,4.837462692631485
14437,JP277,3268.636631183469,1629.1419536631183,1.7337536690087707
14438,JP277,3237.2572872133696,6406.720559657987,1.28320117584967
14439,JP277,2407.1542631838342,1037.7581074420898,1.8937183459270712
14440,JP277,982.789348221567,1418.4102001129163,0.5557352140471419
14441,JP277,3657.1267336811297,4561.585220766001,1.4058000158105621
14442,JP277,2565.2141378517213,2327.0725293260753,1.438786196075442
14443,JP277,2914.9962857914643,175.59886547811993,3.2359732182951406
14446,JP277,579.5974363134837,1963.1787278922602,0.1479845475512489
14447,JP277,5432.398571047009,130.0680422008547,3.0829767047887375
14450,JP277,5427.768083481802,133.18600152710613,3.0760497318713926
14454,JP277,3053.484980673661,609.8874102705687,2.4363929709453904
14455,JP277,11031.310752632398,166.86140359977176,2.8347716737047786
14456,JP277,6002.799186794514,8694.088481611847,1.4366856629450582
14457,JP277,582.0209338724403,1564.9514803704187,0.03488508996357364
14458,JP277,342.18533034714443,431.43976297125795,5.197200801881016
14463,JP277,4813.774543905729,123.22503016965997,3.139331409620409
14466,JP277,234.0734011627907,203.05511143410854,4.928787483691776
14469,JP277,279.08443373493975,351.34939759036143,5.126793159751664
14470,JP277,3347.186860131104,3834.1910584076013,1.413313775089507
14472,JP277,1204.5507860408072,3725.477087746683,0.8226262686670542
14473,JP277,5098.767768372968,142.43074029289266,3.075370241742431
14474,JP277,3794.3168017287953,2502.3687736358725,1.6059772340230305
14476,JP277,543.8621319796954,1613.9455837563453,0.0047764107315037795
14477,JP277,2875.6867328284147,121.18927918516584,3.358573982146766
14478,JP277,3005.6760861446533,137.82596788248475,3.300639149661208
14479,JP277,169.4922763191435,126.22192199847056,4.859014294246041
14480,JP277,2348.807797994801,6437.575046416636,1.1445670751943584
14481,JP277,2461.4179193509904,9735.766523502743,1.1113481247252537
14485,JP277,2096.7332082551593,1234.369324577861,1.6494776603386851
14490,JP277,567.9412878787879,1993.5414562289561,0.1406157959383165
14491,JP277,305.324134023956,399.2845581094205,5.176238174277397
14492,JP277,3015.395144760441,357.63745836536,2.856958000208019
14493,JP277,2148.5201809028076,130.04266575646386,3.4991257861136837
14494,JP277,1956.4287590945837,2057.1406628940986,1.3000933711428055
14495,JP277,2111.672026237901,123.26477881769459,3.5212318900347666
14500,JP277,250.61094445019137,271.86717699389675,5.0301071498834204
14502,JP277,5088.168922416981,210.52629243399156,2.9367315040107025
14503,JP277,5888.47320145116,154.3720309398316,3.0043800827491944
14504,JP277,2217.842332155477,1295.6652296819789,1.6554061375939253
14506,JP277,4539.1282547880355,125.95359012983286,3.1536801043795055
14507,JP277,7587.192426974396,121.78636855391272,3.007083801784223
14509,JP277,2556.323124217238,128.93031993624047,3.402715247219383
14511,JP277,6668.903435416431,128.76771386597355,3.0252052556871587
14516,JP277,2096.0202976310993,168.67604778295203,3.446991288002627
14517,JP277,4926.176540586485,127.66901827454313,3.1208481944807076
14518,JP277,6632.6508894044855,165.37803557617943,2.9486216707727757
14520,JP277,2635.7674077693623,1512.1626353937618,1.6655307292849695
14521,JP277,1174.0481956890287,1315.9502704448212,0.8353128065546636
14522,JP277,1728.4670421543606,5268.139487811318,1.0180917569250219
14523,JP277,4892.734181885261,133.1682961323249,3.1103568864973696
14524,JP277,2391.6180755683636,122.77329490874159,3.451205133088859
14527,JP277,4109.833875406555,123.78909181886415,3.1960547852321155
14528,JP277,1081.1778794178795,4845.730478170478,0.7534745367902108
14529,JP277,2212.686803738318,8584.292635514019,1.0819324341958008
14532,JP277,4043.587211118051,1719.2373516552154,1.7918215338148518
14533,JP277,423.812511706312,1242.9260161078853,5.986037859629421
14535,JP277,2635.655617977528,1063.3126404494383,1.9174801875487753
14537,JP277,4222.347495497899,6198.515707330087,1.3907679160745745
14538,JP277,963.0942225051726,4199.385723380551,0.6772930994789393
14539,JP277,2767.0997231989227,125.84641280766066,3.3677516730042445
14541,JP277,304.6652260410235,771.8657474103039,5.589167616936257
14542,JP277,441.1405567057741,996.1337704163791,5.839325691819771
14543,JP277,3332.6450454763044,124.04029041008457,3.2829628509302435
14544,JP277,2564.731128577784,123.85970636215335,3.4112984856986053
14547,JP277,368.553803562831,766.3868560423688,5.599133498247321
14548,JP277,315.77164567086584,364.01779644071183,5.114746837435823
14550,JP277,382.47399337819076,1136.694969561038,5.888416172710463
14554,JP277,5540.045466204951,127.85250737463127,3.081930166748651
14555,JP277,1671.2204420284672,4949.631285315786,1.0062970193104668
14556,JP277,932.7183793832938,3838.3112378998653,0.6505141829334777
16107,NG015,1246.019173948576,212.5275036147608,3.8366208563508475
16108,NG015,2675.0392369914284,1476.5203428709406,1.6886133275295307
16110,NG015,3279.11589673913,140.67072010869566,3.252932333067056
16111,NG015,3080.9653663177924,1484.3259752616555,1.7585361856589468
16113,NG015,1946.312315354098,1437.9625221575081,1.4737534536402088
16114,NG015,5650.737965485921,135.50116776956014,3.0581611318684856
16119,NG015,688.1320699708455,2671.4772594752185,0.3794945059521765
16120,NG015,993.6050658791459,2301.590640617901,0.6544641522711792
16122,NG015,9321.661170651278,211.44089035449298,2.791530792504931
16123,NG015,607.50492944133,2359.6050647593274,0.2534957569847166
16127,NG015,216.16313474610155,449.4820738371318,5.296945624921431
16128,NG015,2386.1314427925863,1336.1736852446134,1.6842348695350533
16130,NG015,187.39623791692065,127.61020639205782,4.836184389242369
16136,NG015,2119.5749948421703,738.8071659445706,2.221923418625979
16137,NG015,2321.9276900102177,1408.6318478346302,1.629419484989696
16140,NG015,4462.624313147907,146.94357899507165,3.111668709353465
16142,NG015,202.4451953537487,374.02386483632523,5.219046257573799
16143,NG015,7183.564647377939,144.56140747438215,2.9706911307726234
16145,NG015,889.9750447227192,4052.3397137745974,0.6245358466132264
16146,NG015,3806.866275972296,4826.278712230764,1.4081163422351
16147,NG015,4539.810662784248,134.2747504159734,3.134179143282742
16148,NG015,4079.533938777108,4640.174665309638,1.4445073562078596
16150,NG015,288.65811144660995,597.4873730441943,5.427547270169168
16151,NG015,854.5252660948642,3683.293272708484,0.5885810896945706
16154,NG015,4152.333004177744,133.93748575769084,3.1683424020512136
16155,NG015,904.4147869674185,1641.326183104821,0.4895659420287973
16161,NG015,2457.2053279051242,4539.315337640499,1.226205132827122
16164,NG015,567.5520798668886,2240.2697171381033,0.18822378989915697
16166,NG015,3112.8688582537998,1747.3996111700249,1.6742785042723791
16167,NG015,3193.953146853147,137.44988344988346,3.272314548865451
16170,NG015,290.95401078977625,870.3351021491112,5.659628622974709
16174,NG015,262.8043225656519,591.330583313967,5.426047323685669
16175,NG015,2502.8010607148776,138.43351196066516,3.395148021954255
16177,NG015,382.967356553929,1405.5406360424029,6.0216240303467785
16178,NG015,2881.3325151272975,429.5308825208357,2.7422901196509963
16179,NG015,2982.188866799205,14755.563817097416,1.1358838706686085
16180,NG015,523.5728579225032,1966.668910314717,0.08077080459732898
16182,NG015,2895.575990875392,589.8815226689478,2.4710352932231427
16183,NG015,615.4909606522509,1678.0657213753989,0.11669385492955477
16184,NG015,3477.558618996973,478.29910823856665,2.6068459153466867
16185,NG015,751.1275155671871,2437.4527569713923,0.42177591986950225
16186,NG015,3091.008916071034,3587.1865006263356,1.3953806536606241
16187,NG015,2082.3099803809887,134.00139231694197,3.511198962680127
16191,NG015,1683.0669747600427,7573.310771418414,0.9718115096783603
16192,NG015,389.60828411328185,1227.4968953505982,5.94505731119817
16194,NG015,1550.006464050805,1735.8151508278522,1.1473667213704646
16196,NG015,6780.741180322501,128.39264958664157,3.0215030369156124
16197,NG015,1278.523086835135,701.6888825255924,2.019212666258762
16198,NG015,1410.3013458162668,4256.170957675054,0.919478343480706
16199,NG015,1522.2294695481337,1042.3158349705304,1.4396806996537392
16200,NG015,2181.014393125671,9146.33082706767,1.069166757831713
16202,NG015,3914.5453986787525,128.00745122138576,3.2053717612257633
16203,NG015,1755.3260940243188,6943.760647636387,0.9988494373745884
16204,NG015,550.8804264063704,2350.696506550218,0.18696031919166473
16205,NG015,3257.9938236546927,135.75216527048133,3.2668421089214745
16206,NG015,1459.395473012188,1720.3056297156122,1.0833728907541422
16209,NG015,242.70351588911427,571.1379310344828,5.410749302491794
16212,NG015,2141.9993793156955,172.60718442082396,3.425433918721338
16215,NG015,4348.49728465832,134.87516970885503,3.1486325817979286
16217,NG015,669.8797191775915,2496.386632280249,0.34118507605741444
16219,NG015,234.50825052420458,575.4759777554927,5.416663761506114
16221,NG015,1713.5553115851108,2763.211104140527,1.1110912328968707
16222,NG015,246.73418301852192,564.8156060883917,5.403691651805199
16223,NG015,3036.952660367976,1276.0505221282945,1.8460746569000082
16225,NG015,2478.1033842518355,4798.708751793401,1.2194315758465923
16228,NG015,3527.165439371625,130.3826705940108,3.2434315073231432
16230,NG015,8171.55077779183,138.36455039838117,2.9521536315328887
16232,NG015,2767.5248471372984,5639.34063368538,1.2405315456486143
16236,NG015,3797.9245824634654,769.5209420668059,2.258190177004267
16237,NG015,3357.423489636925,125.05531873193199,3.2773293788168596
16238,NG015,3009.9759211274727,11275.2492574101,1.1695934257093306
16239,NG015,3969.7485805132865,2882.79718373836,1.5734706621595183
16240,NG015,2388.8386718210686,130.67610106309542,3.4364994907423716
16241,NG015,159.63445041747684,235.9107857714743,5.074342057264109
16242,NG015,3301.139719991472,118.79965887285907,3.299244810075631
16244,NG015,336.83698937311107,1163.9586623769133,5.865704960401719
16245,NG015,439.32739392385594,1572.4880143571338,6.148111439663196
16248,NG015,179.36124292055717,287.5665084953314,5.127510966454031
16256,NG015,1504.0188873980803,5148.600268345546,0.9434790762866452
16258,NG015,351.5412937347437,700.3658462164361,5.5303479192229
16261,NG015,440.29028559516365,1597.1594746716698,6.157952234144253
16267,NG015,4878.188652191725,143.21357367199235,3.088503260833216
16268,NG015,2737.9890260631,138.8326474622771,3.345800664052042
16269,NG015,271.516570341649,781.334918428561,5.589049029353452
16270,NG015,575.6848002358838,2588.0426065162906,0.24864427622307364
16271,NG015,3180.2475211164156,5242.339515240544,1.3156685314316576
16272,NG015,471.1342455267438,1926.939910056454,0.008065654857190654
16273,NG015,1884.9331770222743,4429.770973036342,1.0884751724981852
16275,NG015,1150.7603235088266,2878.0846100007775,0.7923751471451347
16276,NG015,6639.150628463306,147.34822273280173,2.985508318730727
16280,NG015,1824.69888,3305.38688,1.1186273895803314
16281,NG015,3266.8487625313282,135.41353383458647,3.2663452540307643
16283,NG015,6342.637218045113,651.8695175438596,2.3693758915822203
16284,NG015,335.041695053822,1165.4467911159559,5.865014970317668
16285,NG015,212.47355041762498,442.0165839486745,5.290820015451119
16286,NG015,350.5742960148105,875.8224690636266,5.68897640376317
16287,NG015,243.64635473340587,459.3842945230323,5.293343019080508
16288,NG015,2094.9532725904874,1212.3510825043886,1.6635044063416984
16290,NG015,1111.4161809279553,3832.530076941012,0.7677714604262245
16291,NG015,1747.7894274534856,2877.772418749501,1.1169636613650467
16292,NG015,336.61046927717,803.0311829056334,5.623795003246224
16293,NG015,536.5580036401955,2006.4045406648147,0.10550340257372308
16294,NG015,2059.125011983511,2527.8340523439747,1.267379179562815
16295,NG015,6430.731629844004,1981.9051316439613,1.8664725739071257
16297,NG015,733.2961926091825,2533.6713325867863,0.41293236292467556
16298,NG015,1134.9881142857143,1205.3058285714285,0.7750812245158211
16299,NG015,3319.026107192204,1700.2216566067923,1.7182871236160193
16300,NG015,451.5816547013313,1543.5125113264096,6.151584782680831
16301,NG015,4529.012583892618,150.47919463087248,3.0984428945852187
16302,NG015,143.20382284382285,148.510675990676,4.945511657860645
16303,NG015,516.3240192855577,1353.3475783475783,6.144221407442606
16304,NG015,1355.805455400533,589.2857030882584,2.9165919561891696
16305,NG015,4985.770327587763,134.11948380110098,3.10174958244815
16306,NG015,2351.7559157959436,134.6273048555624,3.4377738548343793
16307,NG015,272.9429228517667,761.6786535647084,5.574340908536892
16308,NG015,652.9042,2083.0119,0.26095773954504453
16309,NG015,3808.171272255193,134.73275222551928,3.2010473533042187
16311,NG015,4699.408791208792,138.82704517704516,3.111392141521425
16313,NG015,3958.50170672735,132.19008675864032,3.1911799250691244
16314,NG015,1430.0097577388963,5758.431106998654,0.9082974134878226
16316,NG015,4369.9206842923795,126.62718161396234,3.1660303482740346
16317,NG015,390.82721073471185,1262.7593488781347,5.964288621328556
16319,NG015,3820.412201554692,140.63180177679067,3.1863007453992838
16320,NG015,177.32322713257966,262.5735868448099,5.0940012011572415
16321,NG015,1241.6195579742337,5765.642270102177,0.8316160713148498
16322,NG015,1732.0932933478734,128.12568157033806,3.6372680549070227
16323,NG015,395.24327726284474,1287.007781210665,5.980578418781223
16324,NG015,183.10192081536653,336.0674245393963,5.187894568814667
16325,NG015,1478.3090128755364,668.982670661592,2.358582997067296
16326,NG015,2708.902136573104,223.25764558022624,3.1785412900960406
16328,NG015,785.7747273411056,2184.2367431365174,0.43014023661589396
16329,NG015,323.3910882300728,496.3843422687733,5.298824649649961
16330,NG015,548.3306054032735,1681.9237822914613,0.0332204873211193
16331,NG015,4577.931268151016,130.63571375381636,3.139606402474132
16332,NG015,2815.066732738685,2875.3844730756523,1.415626837847656
16333,NG015,275.9315113598946,581.0322686862035,5.4131429864027
16334,NG015,2697.6390321601943,9484.151585254855,1.150321526214035
16335,NG015,2296.7507886435333,1865.9814436815736,1.4623176168935785
16337,NG015,766.1268795056643,2775.944181256437,0.46720592213924794
16338,NG015,2049.507574976811,3459.8122230238073,1.182834877622901
16339,NG015,1873.1702847891677,2588.942306277136,1.192767881237856
16340,NG015,724.1730995209256,2370.709210883124,0.38530842861847797
16341,NG015,4338.228101795112,139.86655612428808,3.138087269886185
16342,NG015,712.4770755885997,2816.404047914085,0.4174539552344745
16344,NG015,739.0206023651145,2887.3176274944567,0.44916533310129064
16345,NG015,516.2045631825273,1916.095651326053,0.059729167421391886
16346,NG015,1982.7155837004404,742.9956864904552,2.197454831023983
16352,NG015,1129.031962796191,149.2015944489555,3.9351766976340876
16353,NG015,704.6524581355781,2671.4144353899883,0.3966307345751329
16354,NG015,2537.690740459176,241.58172419036035,3.1805850352531735
16355,NG015,3031.3185508672655,136.3243941444212,3.299759824640446
16356,NG015,1797.441832114246,202.01549982584464,3.5062334261396897
16357,NG015,5916.185435219764,222.68062338408504,2.8719794173402375
16358,NG015,516.2840543700672,1719.6488599824613,0.005672293333290041
16361,NG015,3135.2660424125584,2493.4515744055816,1.5209832757690804
16362,NG015,2471.6162797782245,2579.831475050265,1.3788609881621006
16365,NG015,270.28669410150894,708.8471879286694,5.531515640877515
16366,NG015,1652.149994880721,1632.5175591276748,1.2402155608824397
16367,NG015,1740.5242693556656,3958.3882242351733,1.05815369276629
16368,NG015,2870.2023139462162,3220.2505732749637,1.390312654665455
16370,NG015,3749.0996092053842,5481.039166304819,1.3729358655535995
16375,NG015,331.95299309286264,986.7440521872602,5.758829189070993
16378,NG015,822.273290703394,3413.5546483030007,0.5531715655431292
16380,NG015,148.4007615421228,184.99476439790575,5.005958457359348
16381,NG015,4191.511925274327,138.3252924639521,3.154650140231802
16382,NG015,768.6801292407108,3297.1900017950097,0.5018829948790448
16384,NG015,335.15656508440014,1018.7978928288206,5.781355309546046
16385,NG015,997.403565148851,3176.0243133450554,0.6841900447569373
16387,NG015,1144.2062598513849,4912.900923215492,0.787130935766654
16389,NG015,2489.4988114104594,2310.606497622821,1.4234233024240326
16390,NG015,614.2477270176227,2030.3302278594679,0.20444622246097166
16391,NG015,7152.413648463338,137.28087440509802,2.987466968210281
16392,NG015,269.6011930123562,612.6881124840221,5.445607253807311
16395,NG015,593.1140675613142,2365.87748727441,0.23797330586467483
16396,NG015,1123.013641810305,2404.4335883491567,0.7708937593530608
16397,NG015,2811.807306537814,1555.1863240354346,1.6853492932491478
16399,NG015,549.4362246971791,1447.5758881391757,6.228984952444825
16401,NG015,5815.916905618938,231.83655664694038,2.860566067182596
16402,NG015,2242.2376990241396,1541.9181304571134,1.546992201552428
16406,NG015,1045.561253252385,4539.3447528187335,0.7318347512640426
16409,NG015,2000.9313308302044,8690.317396745932,1.0377935595977996
16410,NG015,194.65542924343396,381.4236247223311,5.233659876867774
16411,NG015,586.8758032032224,1629.0913014289824,0.06406276253790576
16412,NG015,580.9325741684147,2293.910398561582,0.21277315903466193
16413,NG015,533.7403152877918,2218.38482219235,0.1445582912191039
16414,NG015,238.97674168192097,521.2270916334661,5.362499408458899
16418,NG015,182.52714621716973,249.65846726773813,5.068846232111021
16419,NG015,4707.032430426716,118.79762523191094,3.1578284234174343
16420,NG015,3361.030956521739,2407.6288695652174,1.5676727851802785
16423,NG015,991.2055186272994,3089.2933219972174,0.6776266170081653
16424,NG015,9384.76458198315,368.4807193778354,2.5920836312550737
16426,NG015,705.2591660013511,2868.709205920285,0.4145381685299923
16428,NG015,717.6212073157839,2093.840680833069,0.3392170675321891
16429,NG015,4250.925698998964,7949.001898515706,1.3444718820215622
16432,NG015,2416.504154654909,912.1669492962524,2.019537575807949
16433,NG015,797.1251583481124,107.08749261042142,4.1539537410287455
16436,NG015,234.6935817805383,376.94202898550725,5.198363744144967
16437,NG015,3687.1382756216594,1418.2633821364939,1.8583650243082515
16438,NG015,848.0267933573018,3705.3684300633454,0.5842075559921791
16442,NG015,352.45345783484095,1158.8869273416983,5.875844737941271
16443,NG015,2760.1622207764044,288.4897708378515,3.0359237245727537
16444,NG015,324.53319153699766,877.6021493339304,5.678839607977119
16445,NG015,1324.8495712167128,1888.8877426010704,0.9534626958811746
16446,NG015,4329.141258201466,140.03373214974914,3.1384927340751285
16447,NG015,1213.865987460815,429.60922805642633,3.7637179439476536
16448,NG015,1897.9008773279975,6954.19793750962,1.0359034967272458
16449,NG015,4372.104123321355,145.19150747115566,3.1231525261471855
16450,NG015,4206.955685517907,449.6486193174967,2.609460236695712
16457,NG015,777.9498882859879,3659.2230024470687,0.526180048954513
16458,NG015,618.1197360150849,2320.247485857951,0.2597736708190184
16460,NG015,3017.3783221261606,1976.8686359269932,1.5987252533168745
16462,NG015,2128.6376908317343,3366.8543422040543,1.2119583051899279
16463,NG015,325.09722927027303,986.3828275652086,5.754453028692049
16464,NG015,3013.9529239969406,132.31298240734301,3.3113199537056457
16465,NG015,1568.1073978863183,4573.542702085118,0.9777865610698893
16466,NG015,2026.568539804172,9627.004150702427,1.0337704176788014
16467,NG015,418.19178539626,1088.5035618878005,5.88832630576014
16468,NG015,361.4069130732375,1043.5458590006845,5.814972186825379
16469,NG015,367.78228267503704,1170.3104891446508,5.894947197835321
16470,NG015,458.66207837301585,1871.656994047619,6.262359737754385
16471,NG015,6370.370909090909,5144.98568914956,1.5671518140543907
16472,NG015,2755.1156491466418,5640.757578330645,1.2384804636914335
16473,NG015,335.28506375227687,1151.8294626593806,5.8580847538109895
16474,NG015,1265.564972866305,4434.459694129255,0.8498727649305335
16475,NG015,4860.323160069941,134.34549356223175,3.1099237499338663
16476,NG015,5632.490496575342,2612.558390410959,1.7293426467543256
16477,NG015,4044.999607473701,148.24163918982572,3.146143031006681
16479,NG015,1307.6919690175296,3062.509090909091,0.890642030881714
16480,NG015,1158.1336727367666,5827.401344559755,0.7935723845547136
16481,NG015,1543.4345884345885,2508.2743512743514,1.0484580614450933
16484,NG015,1520.7094256553933,159.49389633780268,3.6948638178715787
16486,NG015,1591.3664619393262,946.5978038339847,1.6323359996578302
16487,NG015,5564.791358683228,139.5488836394117,3.0537749698738343
16488,NG015,419.41045321637426,1559.3703399122808,6.120726911812365
16489,NG015,175.02262443438914,323.6302729528536,5.179392002227223
16490,NG015,3791.4972800464207,125.8994705157032,3.2232791144457775
16492,NG015,1572.4649820620807,2596.443066604274,1.0571228855721233
16494,NG015,3009.5418530993916,3007.5732743451813,1.4352567953692632
16495,NG015,3166.4483564535585,125.2708082026538,3.3035083039984126
16496,NG015,250.85866013071896,474.7867647058824,5.307298394487622
16499,NG015,374.39314314314316,1253.655905905906,5.944212851214861
16500,NG015,3677.1957896152812,131.17379607210117,3.2238002240355415
16502,NG015,1256.7895331652612,2949.2348952447187,0.862057169525311
16503,NG015,553.2692103868575,2240.8904080551138,0.17156119126271896
16504,NG015,5957.6085441058185,135.55912056484047,3.042039417191964
16506,NG015,303.9659498207885,906.7728494623656,5.690399294157412
16507,NG015,657.866389594397,2381.4213037789577,0.313465376666011
16510,NG015,4217.642976588629,1808.6955824972129,1.7829108742067374
16511,NG015,999.8608476286579,3520.7535822401614,0.6921651672319599
16512,NG015,4012.065464587394,3239.2925601039638,1.5392950911632908
16513,NG015,690.9816267325668,2668.904910282583,0.38221131330569336
16515,NG015,196.71462579973218,252.49114715072162,5.057350227099603
16519,NG015,6221.255573698424,151.1463920115556,2.9953984039670636
16520,NG015,895.8725279028783,4404.0575680438615,0.6355620083265412
16522,NG015,1114.6244633682877,3059.089028080794,0.7673874293142329
16523,NG015,2573.3875240333264,3558.633304849391,1.3057930007009952
16527,NG015,1183.1702127659576,4402.633507115683,0.8081472281582976
16529,NG015,203.4855900621118,408.0659627329193,5.258356222329658
16530,NG015,2159.3936208771293,3833.280463936209,1.1917803873310484
16533,NG015,194.93334979017527,293.2416687237719,5.119843973720112
16534,NG015,204.2542847903417,413.88983507599437,5.2644674113337375
16535,NG015,2207.632725271269,3802.6195156471144,1.2060044966686496
16536,NG015,2362.345266563511,130.4395836263891,3.443246895660564
16539,NG015,418.81888788833857,1307.9897568662764,6.01446802364778
16540,NG015,7322.1420190995905,143.46425648021827,2.96815335549049
16542,NG015,335.24657380363965,1053.8076836665919,5.802898537279024
16543,NG015,278.7464313521931,789.7315079159097,5.59712829656769
16545,NG015,1237.94128841945,2681.4753068798173,0.854552607708831
16546,NG015,215.96225795864785,438.66622907778145,5.285143514322807
16548,NG015,754.614412136536,3174.1873966741223,0.48256601659208115
16551,NG015,1220.6768415133745,3605.3295043778617,0.8326283652706647
16553,NG015,652.8623514952889,2699.906902908644,0.34531815374624275
16555,NG015,1554.4578802967178,2728.693933543339,1.0389345000774644
16558,NG015,612.5149275790718,2480.326041974579,0.2759214876890218
16560,NG015,369.92355072463766,1250.8945652173913,5.938695238544336
16561,NG015,2411.6518447430158,4400.89443378119,1.2229809637431257
16562,NG015,2025.2307692307693,1470.4445784842464,1.4949184349240168
16563,NG015,1508.7465491611806,3587.0645572308345,0.9788947954180746
16564,NG015,181.06299961933766,277.9605062809288,5.112261002922348
16565,NG015,1687.6656663907286,2841.169701986755,1.09402972454241
16566,NG015,445.20412844036696,1391.3619074923547,6.081757124331159
16567,NG015,5109.16710396146,800.6483289603854,2.2552176994359026
16568,NG015,6642.884754847863,150.63960271165064,2.9783997417998873
16569,NG015,373.7496633868462,998.9062661833246,5.793665017439186
16570,NG015,643.9104281767956,1996.118232044199,0.23331316937155072
16574,NG015,1981.6920039486674,1333.2805528134254,1.5418116261179315
16582,NG015,343.94720334553057,1147.0796523784632,5.862520268877888
16583,NG015,677.542896003348,2669.310315965683,0.3682061965544817
16584,NG015,1400.511785747042,2040.6866917362195,0.9986516857308578
16585,NG015,363.07419089413054,956.4810751508503,5.756728507078849
16587,NG015,3810.6881577856966,135.11212397447585,3.1999067932764134
16588,NG015,496.03021817757553,1729.146423987866,6.267166373069735
16589,NG015,667.4301410541945,2588.952041573868,0.3490673976607116
16590,NG015,1177.702493294924,3414.90136088209,0.80835133902157
16594,NG015,2262.3475969269252,519.6208683223156,2.660589770674995
16595,NG015,181.38750867453157,287.5619708535739,5.125451631762556
16596,NG015,2072.2523988711196,1791.5356538099718,1.4053220090461627
16598,NG015,5165.925671178167,129.87597071222544,3.0997240637325194
16599,NG015,1721.9108649252973,6797.679743876411,0.9914167839091548
16602,NG015,2009.8391492713668,2711.356124458448,1.2300840384485092
16604,NG015,2052.027151639344,134.65512295081967,3.5191344325572835
16606,NG015,1412.27939524838,5334.307904967603,0.905815899581623
16607,NG015,1667.3164376361042,2082.4217166028384,1.1603432275440309
16608,NG015,561.7649382716049,2415.633086419753,0.20942086812349303
16609,NG015,172.5765797613787,309.92655766681395,5.164130499169583
16610,NG015,6593.617913173404,162.9019672947622,2.9551519034183666
16611,NG015,180.28221083455344,256.1458028306491,5.081201552956642
16615,NG015,819.7885286783043,3163.1700748129674,0.5400496801783089
16616,NG015,1129.8684304612084,3833.3923846978905,0.7788747725206069
16617,NG015,308.4162441594592,890.1034894124665,5.680847209645362
16618,NG015,4579.802004804905,141.0981691657692,3.1154119270176106
16619,NG015,968.2358208955224,1842.4274084124831,0.5969511165234577
16620,NG015,618.637153652393,2453.4876574307305,0.27922220450946067
16621,NG015,149.9876359473383,132.56748712077848,4.902252919207547
16622,NG015,1594.5777502854967,3030.0695660449182,1.0406937813152208
16623,NG015,3398.077142857143,130.27795918367346,3.2600626781476936
16624,NG015,348.3589050649464,1159.001917879871,5.872526653848053
16626,NG015,1928.021161027498,1361.101278714496,1.5017366336630034
16628,NG015,3010.098475885587,138.3080938130698,3.2988710197252455
16629,NG015,159.86110525205652,190.60947057582788,5.000296839393201
16630,NG015,2134.79472170877,3547.593756418156,1.201784994248503
16632,NG015,2699.3431584406603,132.46313423804997,3.3665682198002185
16633,NG015,789.2445481468186,1738.768733734183,0.35900166942843936
16634,NG015,266.8060962174073,712.313441057657,5.5340664005365285
16635,NG015,1114.6545166402536,5473.634254018564,0.7723909009860666
16636,NG015,2328.201117764471,709.2659481037924,2.287573268661569
16637,NG015,654.1303003533569,2659.4274514134277,0.34245317917229057
16638,NG015,3384.270043555412,128.9004678173899,3.265007487989519
16641,NG015,203.75282694198623,332.90880039331364,5.165866283108824
16642,NG015,859.8656562177058,3249.2578711677575,0.5778384270242346
16643,NG015,387.957919575263,1269.9336348441648,5.965109789970372
16644,NG015,2579.043790012804,2630.8472044387536,1.3971486049020672
16645,NG015,326.1536276578478,1056.8554617756859,5.798392413972524
16646,NG015,3887.311393459696,285.1241408039992,2.8896212308056666
16647,NG015,3288.331010264722,138.9003241491086,3.2555651100412386
16649,NG015,6804.328415300546,121.61038251366121,3.036247563364837
16650,NG015,464.3936176096455,1505.3301255461533,6.151668117219111
16652,NG015,278.86553385068237,814.7210329141022,5.615739151464979
16653,NG015,3251.7315039009954,6322.923773652587,1.2874578149473692
16658,NG015,3752.313307263894,126.6947505628629,3.2257100612564247
16659,NG015,2658.418075649294,150.51420603102667,3.3373895666817464
16660,NG015,3645.134660753043,4708.5098612814945,1.3967388090460444
16665,NG015,486.68935967626754,1675.1804332301833,6.238945367057008
16666,NG015,2980.457929484478,443.1159572973732,2.7058799948486336
16670,NG015,484.1764137688795,1619.864506498068,6.2173955433565276
16672,NG015,250.78592904389657,541.1485935725262,5.3789474080545885
16673,NG015,2493.0044018132844,133.0416529794363,3.4080812912671976
16677,NG015,2380.065302055973,215.19998188569875,3.274487425855348
16678,NG015,4348.895101002067,2007.9926833147765,1.747352948186313
16679,NG015,1885.0300625300624,124.76868686868687,3.5877468897649503
16680,NG015,231.66772693907512,438.80291167115246,5.276256538712059
16681,NG015,445.9201445558405,1649.2727908603404,6.182165824197279
16683,NG015,2874.158820067677,663.769677799029,2.3640516072292463
16684,NG015,219.23611391638053,404.7219753585134,5.244019996875138
16685,NG015,8212.88861025724,160.88335220838053,2.905379377022188
16686,NG015,6778.568243292639,143.0995686819212,2.9890081173656387
16688,NG015,2170.288744387676,805.5629354389224,2.11654704490612
16690,NG015,1459.4505730220017,750.0035545749831,1.9828966443612974
16692,NG015,4423.787979067261,148.05448668616285,3.1124013044117134
16693,NG015,4038.2315426803543,3487.9930389537335,1.5190104142578547
16694,NG015,216.02450009007387,358.69419924337956,5.189275491454802
16695,NG015,1302.5369140254318,131.3046118808123,3.8312516159551726
16697,NG015,596.6431428095317,2138.5879020163306,0.20440006180662124
16698,NG015,329.6013658783356,1056.5726571392438,5.800615703383462
16701,NG015,1335.049168867485,3244.0930557713223,0.9020824157436604
16702,NG015,1222.5887056471763,2395.4466516741627,0.8491873095154846
16703,NG015,2551.1211019283746,1490.868429752066,1.6546058522741178
16704,NG015,3435.943394777266,3158.9899385560675,1.4819798098361991
16707,NG015,468.3563632072689,1414.838161543454,6.1181389395481975
16710,NG015,726.6077865179727,2389.726476152544,0.390203879183106
16711,NG015,2855.156960575822,2230.993947325372,1.5166302388065207
16712,NG015,3162.5068870523414,4048.837708637174,1.3735059178250923
16713,NG015,2193.778301192404,4276.145640119731,1.1787524411361598
16714,NG015,2734.941190804971,127.99220209568678,3.3691709706334105
16715,NG015,1524.6140814610117,2717.2502703352156,1.0243463338421375
16716,NG015,7447.33804867901,135.1752305665349,2.9817099234497393
16719,NG015,552.612984073086,2002.098714528256,0.12394915540015243
16721,NG015,194.32322433192687,303.4465541490858,5.134708792850217
16722,NG015,2844.3302277432713,4122.961611456177,1.319536206864535
16725,NG015,1375.2719584991473,125.31118533257532,3.7960970529742433
16726,NG015,1010.6064663805437,3210.5873533619456,0.6946636220702126
16727,NG015,5880.736611222811,140.93237068177663,3.0338866217590263
16730,NG015,1780.8700408997954,3038.9583844580775,1.1189126835430858
16731,NG015,2329.805033112583,2509.9413686534217,1.351845527372884
16733,NG015,822.8832408218911,2426.9871457785566,0.4953349896440503
16735,NG015,380.27278250303766,1305.1890643985419,5.974640908251345
16737,NG015,2669.5196193839515,2908.2232685893664,1.3834427923927093
16738,NG015,503.0263564482414,1783.5409433790785,0.008517834672742801
16739,NG015,6685.62562341591,320.06843267108167,2.696426553344906
16741,NG015,4196.21935369002,4737.077005252381,1.4499724635505413
16742,NG015,4273.2553984132455,140.47568126940325,3.14238489974104
16743,NG015,334.60543898722307,1007.8861798147931,5.774099300997474
16745,NG015,4373.4553056921995,145.39065354884048,3.1225908082511067
16747,NG015,4769.408124497699,138.81091546723167,3.106243670845173
16749,NG015,4262.759370505119,145.12293764277857,3.132821412647666
16750,NG015,775.1138516179952,3334.063733228098,0.5093890413979771
16753,NG015,2022.2540998378086,3282.324833303298,1.1862301260338395
16755,NG015,296.77698084549826,676.9932495148089,5.504841006443545
16758,NG015,224.96559352622694,286.8242417185772,5.08031337414397
16759,NG015,704.3519265232975,2321.4637096774195,0.3573238988827832
16762,NG015,3074.985760569577,132.13491460341587,3.3020476259289495
16763,NG015,150.0279842588544,183.0682116309576,5.000348129636647
16764,NG015,537.8447937131631,2142.4776031434185,0.13524837245127097
16765,NG015,3253.414323962517,1024.4993975903615,2.0241881345342096
16767,NG015,1217.7395875130408,2290.9646095818957,0.847707907093713
16769,NG015,763.9221359223301,3432.2938834951456,0.5043676963611528
16772,NG015,1316.7202755759686,124.75679679976295,3.8265994455088723
16773,NG015,1623.8661922809188,3261.706783200557,1.0419870933410766
16774,NG015,1670.0061357876484,2501.699079631853,1.1133294029237557
16776,NG015,10771.483144246353,157.3390599675851,2.8562879090265256
16777,NG015,267.4538472280408,616.3002373970116,5.449329778701436
16778,NG015,4484.952179394812,135.95244956772333,3.134735918755199
16779,NG015,1129.0770625,2865.2695,0.7770011252013291
16782,NG015,184.85338725985844,327.83215369059656,5.175925565615503
16783,NG015,7898.084562012143,135.83159872795605,2.9657208551784024
16785,NG015,1763.7072698268003,4889.895396536007,1.037719810027201
16788,NG015,334.036504073643,1113.7116707226749,5.836508448382828
16789,NG015,2406.0284050672753,4968.32701235345,1.1983466230046083
16790,NG015,3495.2618277739957,152.0251021102791,3.1989447547784495
16791,NG015,4479.174298375185,4005.7913589364844,1.518142751906412
16792,NG015,1381.2331403957464,5364.441109166779,0.8930863525269319
16794,NG015,8207.036001036002,9188.164119830786,1.5108339198321552
16795,NG015,1990.7510460251046,4047.7312213588366,1.1345963368292042
16797,NG015,902.5611074585433,2474.5293301190736,0.5775638617650168
16800,NG015,220.02980233767823,390.4191909919833,5.226171853222496
16801,NG015,3260.5722339675826,140.59820799355683,3.255718218733104
16803,NG015,373.32095000462067,977.4604934848904,5.778193173400723
16804,NG015,3321.06088413661,1695.5510692626876,1.7199754128379383
16805,NG015,416.78731789710747,757.8733197269337,5.602081706716556
16806,NG015,4745.433398006289,129.1526727771459,3.130304967591965
16807,NG015,5170.623841504365,132.5466756212223,3.093228701504819
16811,NG015,314.1424701046338,971.6663863976083,5.738598372602429
16812,NG015,2009.930030523597,1122.3430382718948,1.6969682466382776
16813,NG015,559.9496931687909,120.66983613190371,4.382704311051317
16814,NG015,418.9335988145953,1480.939340618633,6.090666010060837
16815,NG015,2511.5170030192276,131.67281105990784,3.406759965899754
16816,NG015,3068.2079125972523,4357.68854494289,1.3415587984239536
16817,NG015,1939.9117063492063,172.135333994709,3.4949213640773302
16818,NG015,2266.391534851382,2383.82739440292,1.3520196297127405
16819,NG015,4678.159776536313,497.5704608938548,2.5328002502225644
16820,NG015,412.66011509517483,1415.355201416556,6.0570081083203515
16821,NG015,1689.603633412411,7800.850667998502,0.9714088194759954
16826,NG015,199.63138793526238,138.0702305051496,4.842460759992209
16830,NG015,371.25904799370574,1337.2028914240755,5.980408988107493
16833,NG015,5758.88309076982,137.39592110302567,3.048080930484758
16835,NG015,3173.3383493784468,5234.108608281148,1.3150753114649987
16836,NG015,314.70339715873996,861.298641136504,5.662589887755042
16837,NG015,213.05306401917153,485.13169006048156,5.336036038656311
16840,NG015,4227.585743106927,136.5133154001345,3.155515707841615
16841,NG015,2690.936,2123.390432989691,1.5043122386047858
16842,NG015,720.3114548256378,3172.6742195080187,0.4507673407528688
16843,NG015,3170.267312911981,137.94028693291975,3.274734912075409
16844,NG015,2149.204114634804,261.49878717096396,3.25573667537886
16847,NG015,3744.068488797076,135.4429524868902,3.2064626268153216
16849,NG015,2266.762392631688,1370.3652074924971,1.631062956591316
16854,NG015,4177.297480307707,152.13759270348703,3.124937854557964
16856,NG015,1180.2253772003353,3912.5247275775355,0.8080080829917631
16857,NG015,2930.055962032826,1374.6522641882539,1.7813564589521589
16858,NG015,425.9533687354796,1459.463906405576,6.089802315473446
16861,NG015,378.9206076941926,1146.3822592501838,5.891032596408017
16863,NG015,611.1166629238716,2824.8661576465306,0.3137469816748109
16864,NG015,5558.955240478176,150.67625799277175,3.029601998018324
16865,NG015,17350.39405439595,1214.3255624830576,2.1725454077686974
16867,NG015,1263.5841820496498,1530.2875556970082,0.92986020112171
16868,NG015,2601.717698222614,6184.732635825035,1.1968543957010713
16869,NG015,1945.2883754687311,199.54868755292125,3.4474845688642985
16870,NG015,5195.479991956566,143.88410751390845,3.065948886817954
16871,NG015,271.96656274356974,625.7711613406079,5.457789067961187
16874,NG015,8168.612792529253,937.6900315031503,2.2118936022793303
16875,NG015,556.3102789714208,1310.6011868221813,6.169426178923977
16876,NG015,251.92131908964237,536.0035299581979,5.373300013909852
16877,NG015,3141.578379026936,278.77671126042355,2.9890920235249467
16878,NG015,1415.5234277123527,577.3264845903283,2.883871292266017
16879,NG015,2993.061694021102,1076.0574443141852,1.9604134863321467
16881,NG015,271.19686909581645,730.0909041835357,5.549037179374516
16884,NG015,228.7350764202634,396.07209458809956,5.226997285173361
16885,NG015,8859.780377060508,5888.618102852631,1.6227470639837498
16886,NG015,4371.200386131445,152.5811278255973,3.106797296987902
16888,NG015,1190.8884267775734,2378.8829880828603,0.8252179038117551
16889,NG015,488.8181693989071,2001.585519125683,0.04692754985268165
16890,NG015,296.98082404768076,805.1997926924074,5.613871174503141
16891,NG015,1761.5938759756411,2205.2143408525603,1.1906150032799978
16892,NG015,621.9507800116793,2371.268040377075,0.2716205152663234
16897,NG015,236.32578106367757,565.2212020033389,5.406632381249302
16898,NG015,272.27488593944423,747.4727291580257,5.563093834658631
16899,NG015,170.03357510528778,252.90711277491812,5.0878192455954085
16900,NG015,1126.4112662942273,3291.191247672253,0.7759856811760435
16901,NG015,8748.283656509695,144.0411555203799,2.9246909461313018
16902,NG015,179.5284474445516,302.9186756669881,5.148256296194926
16903,NG015,2299.848592944907,664.281807372176,2.3656164757434652
16904,NG015,236.42736213120875,581.7663388522345,5.422081885499519
16905,NG015,683.6648462783171,2775.5665453074434,0.3847142319953157
16906,NG015,118.8391377484269,108.12136315494362,4.897642911140256
16907,NG015,677.2754841066861,2990.5886006576543,0.3964284088446175
16909,NG015,5435.023534303535,150.24174636174635,3.0375485642267686
16910,NG015,4535.966805519396,133.60791460557147,3.136027067213885
16911,NG015,3673.0552425146393,596.7034581814164,2.439534519883626
16913,NG015,5096.689067411806,145.99636744673418,3.067558358670864
16914,NG015,4563.954206999256,130.57883469843634,3.140840963955269
16916,NG015,338.3411764705882,1257.0664961636828,5.912902307251481
16917,NG015,3524.967812221452,324.74259681093395,2.854442412567601
16918,NG015,460.1839553025511,1764.737191650854,6.234778988133569
16919,NG015,489.92461073148877,1991.861543631679,0.04603695847299617
16920,NG015,7897.835113042198,142.16790632594447,2.95223339520927
16921,NG015,303.8643146913938,881.7423210663576,5.672961838489222
16922,NG015,927.1024356931482,4072.00933302982,0.6510145095930737
16923,NG015,2150.7298387096776,2402.0133311389072,1.3140857861154671
16924,NG015,9120.87264691439,146.30225896218693,2.910975603616729
16928,NG015,655.2846261775907,2211.29825616356,0.28567380400837805
16929,NG015,2483.395421517306,138.02765841081333,3.40029658153575
16930,NG015,1178.3357840562967,4261.604138220775,0.8059458178771233
16932,NG015,1136.7685220729365,2378.9513435700574,0.7820696615624547
16933,NG015,5449.076711979067,255.1128980790095,2.838227128869125
16934,NG015,8248.948309178744,193.32470669427192,2.8452258297332578
16936,NG015,895.7591131664853,2050.390505984766,0.5364036500205461
16937,NG015,215.99851851851852,337.71532763532764,5.161632723412482
16939,NG015,4519.516169265034,143.69861915367483,3.1143255682863966
16942,NG015,202.33605483318215,423.00131035177907,5.275847311013887
16943,NG015,3871.43324770034,128.08701417087926,3.2096596585004016
16944,NG015,290.3173213922247,830.2536128638307,5.630713397136034
16946,NG015,1501.123435661568,5935.780083431383,0.9323066902760259
16950,NG015,2613.147470583183,130.84282401442928,3.3870486782774862
16951,NG015,6331.38642778255,203.94631243097314,2.8876855242344215
16952,NG015,1302.0105734635436,2934.05382186651,0.890243295174142
16953,NG015,442.8470033502916,1537.5657029408114,6.139328626241758
16954,NG015,603.428388395717,1921.483572801318,0.16754345460881923
16955,NG015,1624.3604742257273,6661.810100799081,0.964411049568145
16956,NG015,1185.157884369152,570.0572244656752,3.6547781241030957
16959,NG015,4219.298244181298,782.8485912617394,2.2549863585925936
16960,NG015,8057.158864463071,144.04918551320577,2.9435469552941056
16961,NG015,186.13722443430126,356.51063416529087,5.210519612878018
16963,NG015,436.73433685923516,1461.9140222403037,6.102754661704742
16964,NG015,1048.2413872477557,4045.410880073659,0.7300792801623858
16967,NG015,219.15776796467281,410.8298875953432,5.2513134662218315
16971,NG015,518.4763401109058,1638.5841651263092,6.2652583863655344
16972,NG015,336.9731862794698,1044.8916320955175,5.798708317041348
16974,NG015,361.0454581203303,1088.5867086118758,5.842646172590201
16977,NG015,510.5184489719275,2037.7006853816542,0.08102893567048089
16978,NG015,321.25483809158845,779.6616210001916,5.599638887322307
16980,NG015,3448.5982508666875,2164.487314843996,1.6227830875100255
16981,NG015,623.3880630630631,2204.9559684684687,0.24756073900052294
16982,NG015,1678.4035012285012,1545.2420147420148,1.2831094207044385
16983,NG015,557.1231103467005,2204.079388069159,0.16959295780724748
16989,NG015,241.05734251361628,537.8487308601377,5.3786405633838426
16991,NG015,3069.147737635917,128.90529638723254,3.3100895011726847
16992,NG015,3240.367119301649,3834.2211445198836,1.3988333276750151
16994,NG015,5415.388968560397,1369.5260893546608,1.9841225549338348
16995,NG015,787.7494079655544,3117.4162540365983,0.5093777666140837
16998,NG015,3175.429291287386,145.7472366710013,3.256832130690878
16999,NG015,3276.1550017992085,1389.7211227060093,1.8246328164081558
17000,NG015,3545.028416581222,140.16529954592062,3.2190660165086102
17001,NG015,2035.361913710751,4263.092396836583,1.1380269489902457
17002,NG015,1733.7120433266018,4987.395355241418,1.025880227470927
17006,NG015,2199.2535706189074,5369.137157107232,1.140659424114258
17007,NG015,2010.5782891044657,7887.639942275315,1.049414916819701
17008,NG015,853.6171077867281,1710.6856156501726,0.4364612327561589
17010,NG015,1621.49766718507,2111.0221388711007,1.1312406998886317
17011,NG015,4735.217242384492,1943.2349511732984,1.789777739603794
17014,NG015,956.4475660911131,3287.0413618183593,0.6557665142586311
17016,NG015,297.77920949761113,912.5550890401042,5.6914037379399325
17018,NG015,2441.2508286377197,425.07391448458736,2.8251989124605
17020,NG015,4578.357483406563,146.74964943442086,3.102822550222786
17021,NG015,1460.1583171358707,4866.284594645433,0.9307524128951717
17025,NG015,1211.5535055350554,3021.1837638376383,0.8323174289747485
17026,NG015,3150.1666922840454,126.94981555487243,3.302142827518198
17028,NG015,2229.08700901481,3540.205972311655,1.227498689656335
17029,NG015,1064.1601464435146,1815.102928870293,0.7034695439814511
17030,NG015,404.04985931344964,1353.7963984243106,6.020920760534583
17032,NG015,625.2475651609312,2669.7938039142937,0.3126409438867459
17034,NG015,916.0539407988588,970.5398537803138,0.17760730237375527
17037,NG015,1389.4746810093266,7058.213938318933,0.8835608665874792
17040,NG015,342.2210364289379,1120.263930220626,5.846451435622867
17041,NG015,269.70061067491474,870.203267507336,5.651179471387047
17044,NG015,296.15150238697,560.0494243190116,5.385792633038174
17045,NG015,240.19778364116095,593.3672823218998,5.432035791865988
17047,NG015,1368.1020047782279,1490.0126726913888,1.046553029640397
17048,NG015,414.1442386831276,1600.3645061728396,6.129138130222912
17050,NG015,378.64521705724167,1012.9584133691894,5.806752634952027
17052,NG015,1136.2157762482245,2811.945373101715,0.7820588516431156
17053,NG015,783.6518096787312,3895.9718584790567,0.5396065232819973
17054,NG015,2507.6544739265087,4204.130827822884,1.252633641167762
17055,NG015,513.7999247129682,2226.5273856578206,0.12245967780551324
17056,NG015,2295.682421227197,2392.2859775198085,1.359177302060988
17058,NG015,1064.9951526902569,5113.521432033793,0.7456033143474964
17059,NG015,3886.7126987433176,4848.259043254878,1.4151370788029338
17061,NG015,2256.8141059255377,2864.124278972208,1.2900879000543428
17062,NG015,301.6429544569871,918.5706500583884,5.697268435518445
17063,NG015,1857.9913246905157,1773.6063943854176,1.3178948957972263
17064,NG015,626.6562856780414,2397.9892807306865,0.28069611599942706
17066,NG015,3802.336147592245,133.76375859912446,3.2039004290851922
17068,NG015,172.3818948734588,193.159961064244,4.988302686926588
17071,NG015,460.7221896612355,1836.8567577071856,6.255615267965246
17072,NG015,161.11934078423943,206.3376586474711,5.025476955840629
17073,NG015,1165.7312533620227,5751.005379236149,0.7971993766894983
17075,NG015,405.6259585889571,1214.041986196319,5.952838635772881
17077,NG015,3561.278617710583,2367.639383332092,1.6003390984910133
17078,NG015,165.0033426784559,213.23840845374164,5.031965255478838
17079,NG015,237.15077554744525,377.4459397810219,5.197158805476188
17081,NG015,180.7125311663127,216.8607442977191,5.018503804548386
17083,NG015,3891.5983064695833,141.41781178043527,3.1769660593207316
17084,NG015,882.262309463757,3145.330847680667,0.5923636118259581
17085,NG015,2665.5019555555555,218.24613333333335,3.1980961878113177
17087,NG015,426.4585186126286,1385.63282937365,6.058845109344845
17088,NG015,2439.505803428815,696.0557981045682,2.3127195415530504
17089,NG015,545.6805429115286,2068.322105437391,0.1297708288112435
17090,NG015,420.84793941182255,1535.5893577259762,6.113671082030325
17093,NG015,189.30562793121416,360.0596664929651,5.212282967481418
17094,NG015,2448.593287265548,202.55577492596248,3.2812266151102776
17095,NG015,8915.863526570049,142.14553140096618,2.924365479507774
17096,NG015,6123.230447338952,143.66299286850946,3.0160359075231233
17097,NG015,1461.4425089415818,3337.9162140680883,0.9648434062446994
17098,NG015,493.33239650588683,2076.407595898215,0.06871521005301988
17099,NG015,1011.7216333413635,5021.375813057095,0.7153754674809597
17100,NG015,153.81979210861263,219.74406024607552,5.056420007159765
17101,NG015,5916.597943873298,1788.968231916273,1.8868396600913477
17102,NG015,3013.6216774745244,126.46069977909214,3.3242367549437324
17103,NG015,1173.3610466615107,4442.409126063419,0.8028650545123437
17104,NG015,680.1519979106816,3151.157569426308,0.4111228284797852
17106,NG015,1131.027864312911,2322.336448598131,0.7772153948474115
17108,NG015,445.5204779713582,1760.538447505245,6.216164132068866
17109,NG015,890.9091277890467,4367.084033613445,0.6314935113874528
17110,NG015,540.938782000318,1725.674113531563,0.03778870605703802
17111,NG015,388.16326992753625,1491.7770606884058,6.061300816038892
17113,NG015,517.6126136494419,1974.866037518702,0.0754710015249827
17114,NG015,4425.643286742906,137.04066073697587,3.137125325750297
17116,NG015,613.0549200762575,2490.4648775480277,0.2778473736061807
17118,NG015,1010.5182015429123,4560.240236258438,0.7111448029346089
17121,NG015,3339.821192573946,574.2454373820012,2.4768500452954556
17123,NG015,458.0363240891789,142.94507884719957,4.535729774486291
17125,NG015,3340.3202283325295,134.02596880527415,3.259295356724635
17127,NG015,228.46065962491917,464.8142918732485,5.307274136766354
17129,NG015,183.51491912994982,371.1639709983268,5.229955489655794
17130,NG015,1221.896262661544,485.4449877750611,3.6805973774407734
17132,NG015,225.04732974032336,481.8797648211661,5.327268560436167
17133,NG015,142.87094779613108,142.47928628213054,4.933852855783494
17135,NG015,6306.153061755372,3738.4827532386453,1.6490670195780086
17136,NG015,627.9379182156134,2708.726542750929,0.3197304994451801
17139,NG015,5421.958185683912,129.1806584627279,3.085652592171428
17140,NG015,3763.9653537878135,128.23338791691805,3.220850614904287
17141,NG015,187.7648055938129,325.09736200868736,5.169798508978731
17142,NG015,4597.929223545779,131.1620728632293,3.1368128335226095
17148,NG015,471.46621553378446,1877.8653671346328,6.279292318467014
17149,NG015,564.0547395221308,1695.8931649040344,0.05725737473442442
17151,NG015,239.9036268365355,651.6646460495223,5.4830894126200125
17152,NG015,3567.9247992863516,2443.3796610169493,1.5888541563409013
17153,NG015,1373.2541894060996,1777.9135794542535,1.0052212056707515
17154,NG015,4879.160822853336,1469.3033230615474,1.9255774126456255
17155,NG015,696.7587309103824,2985.9469634189654,0.41530574937006115
17156,NG015,517.9216079217258,1877.443357302841,0.05208535641128991
17157,NG015,2430.710200018101,890.245452077111,2.0465334313811296
17159,NG015,7849.751388622869,138.01915341888528,2.9625084972169815
17160,NG015,5673.630228590924,167.6476287956329,2.987715417055752
17161,NG015,1013.5088827054794,112.71168664383562,4.005260395393869
17167,NG015,322.9939293598234,895.2472406181015,5.6911229673592585
17169,NG015,521.7934497816594,2020.901419213974,0.09090994315184157
17170,NG015,2899.2781747101644,939.4101509840928,2.05703205684109
17173,NG015,2739.245585638611,126.8599175985874,3.370758416377764
17174,NG015,2806.4423947953555,131.5790990694227,3.3483647227597886
17179,NG015,1862.0548713437431,2074.4219265449747,1.2569254503802083
17180,NG015,280.4141349536297,811.4865152968766,5.613822044364238
17181,NG015,1325.6899182060472,2636.1274699016635,0.9136230183889941
17182,NG015,746.6979036827196,1680.1437960339942,0.28867297235932876
17183,NG015,481.57278911564623,1790.4931519274376,6.267776674132543
17185,NG015,2228.2353173350175,968.6364066940322,1.9179766668196123
17186,NG015,3647.4988252983744,190.7919368480406,3.0975026321609773
17188,NG015,688.1021522997925,3055.6786845842894,0.4120223512959691
17191,NG015,1984.4199865523617,2683.8805681627164,1.2241229647377934
17192,NG015,312.5166144955454,946.4790512882254,5.721333549937688
17193,NG015,284.54729544832617,637.0452430903949,5.467405853970915
17194,NG015,537.9827329902802,2228.2002287021155,0.1513262623302207
17196,NG015,511.82220349694546,1900.1921213397936,0.050461919652179305
17198,NG015,895.7815791622438,3213.527312811301,0.6059595111619108
17199,NG015,435.5205655526992,1464.1844473007711,6.1023308320789
17200,NG015,131.9085989883543,110.4185389954123,4.881010382525742
17201,NG015,348.2128215598203,1247.8316047366272,5.917400954055291
17202,NG015,1866.8724338861498,1937.54827431645,1.2847925698384777
17205,NG015,1293.2625414796019,3810.1558657036894,0.8700462883092503
17207,NG015,175.36715579144553,232.99666978873972,5.051171415057112
20013,NG026,2345.798300878198,2938.072546773578,1.3062277862516718
20015,NG026,404.8354135710748,534.7049034175334,5.3155090545181976
20016,NG026,403.733903314334,474.28847371754273,5.223039593674205
20017,NG026,4623.788014408908,147.78408470690974,3.0969898678943393
20018,NG026,1833.557113775164,141.17439493327302,3.5816234820318598
20019,NG026,2438.118362452895,137.4657416923604,3.4117425759211604
20020,NG026,538.1691281562648,988.1401619818961,5.912579692368679
20021,NG026,192.80251062567956,164.70702777503212,4.907704485293776
20023,NG026,521.0447314914484,928.0828848223897,5.838176917676716
20024,NG026,206.67896126760564,183.3594190140845,4.9258757548410275
20026,NG026,811.1391987829614,1618.7931034482758,0.3587229099400782
20027,NG026,182.04138631458676,161.00482417163894,4.914925830618515
20028,NG026,1319.462774613507,2361.2698331977217,0.9203765150015571
20029,NG026,259.95242718446605,281.8599167822469,5.036687652403873
20030,NG026,1049.2740984743411,1994.2373439667128,0.6954245085564462
20031,NG026,607.8722556829221,1132.0128230036914,6.114524217005434
20033,NG026,356.53107147021103,425.8673195756092,5.178677219797274
20034,NG026,230.50157240084488,128.05116169913165,4.777605091130371
20039,NG026,2157.4739708586785,132.4609562880181,3.4923612025642146
20040,NG026,247.69225888324874,209.51383248730966,4.92435786496143
20042,NG026,211.29441201000833,215.49179872115653,4.979015164553761
20043,NG026,430.5511548597117,731.2883273911021,5.574654769654897
20044,NG026,244.36106708927628,257.95721077654514,5.013789428510102
20046,NG026,486.2920144074497,512.5334270403233,5.237717633399871
20047,NG026,3414.26506231199,136.72350666093683,3.243386265888867
20048,NG026,438.10971560560125,391.52028295077235,5.053485702380987
20049,NG026,279.37130231987237,304.0180434515773,5.0530530279149675
20051,NG026,1827.9228633749751,136.99990085266705,3.589679799261217
20052,NG026,401.3950443190975,590.4535656728444,5.3959776848072645
20053,NG026,249.27956535499524,134.72138411224813,4.768151873327252
20054,NG026,342.26022304832713,494.96026150493526,5.287787565446184
20055,NG026,1549.7761532644315,1562.4246701957818,1.187677871425813
20057,NG026,1592.137125444388,1734.7428474691044,1.1762545347237898
20058,NG026,786.688140407832,1628.2599168103886,0.3280606884619979
20062,NG026,1430.312580093977,2298.335326783426,0.9978967670061377
20063,NG026,1791.4623613507517,3573.241853586394,1.0924733988823898
20065,NG026,2166.5910364145657,132.25364882795225,3.490205108444651
20068,NG026,942.9656038647342,1455.72038647343,0.5043949657069247
20072,NG026,353.96546391752577,404.4645618556701,5.147127936591268
20073,NG026,1678.772535647861,129.92975821450713,3.6557195344995463
20076,NG026,3196.2174284088755,2544.3576711549404,1.5227804194330576
20077,NG026,1060.0098247180977,1838.6746678575416,0.6999912575380606
20078,NG026,755.64377593361,1455.5641078838173,0.22737379774529384
20079,NG026,517.8105414815705,772.9643414575579,5.651192767647912
20081,NG026,231.34591618919222,154.78170992023368,4.836025767010863
20082,NG026,1348.5254897401617,132.26838342149625,3.8058668046277115
20083,NG026,650.0741186268159,1224.2143055427039,6.2371411109154025
20084,NG026,771.5340059790733,1481.2496263079222,0.26010144509972427
20087,NG026,955.9855220228385,1944.089722675367,0.592668152740029
20088,NG026,854.3639405982012,1563.0297008993934,0.40372056826733366
20089,NG026,931.5334473909325,1819.934131736527,0.5512503757906446
20090,NG026,291.3476312419974,293.86118224498506,5.024324620562068
20091,NG026,183.92313925222825,198.23509665470542,4.982428538465685
20092,NG026,2167.6590541850696,134.55994829257784,3.4858018471059458
20093,NG026,1721.3768889784405,142.88635905702196,3.622435605684611
20094,NG026,350.6981221398138,432.49266214296983,5.1929231696669165
20095,NG026,559.6953619909502,1151.9528280542986,6.072519915663681
20096,NG026,1533.1677559912855,1666.0745226195054,1.1499296570606437
20097,NG026,637.5771006463527,1176.180055401662,6.186407359771715
20099,NG026,436.37793397765785,836.1053094012802,5.691866285462949
20101,NG026,4598.232590855803,137.06228995701446,3.1231616779986795
20103,NG026,514.2810358508259,985.8459207963645,5.889264261426732
20104,NG026,295.80548387096775,301.3767741935484,5.032372681499131
20105,NG026,638.2384071800691,356.73126321762004,4.753958965617313
20111,NG026,381.29263067694944,478.64210225649816,5.243324896233956
20112,NG026,196.81147400820794,174.5061559507524,4.92165859674443
20113,NG026,300.23291043362997,259.186328346904,4.954710578089617
20115,NG026,173.00631285326287,136.94303751009323,4.877628754452598
20118,NG026,543.9107273763949,903.6167630528631,5.829148352552851
20119,NG026,164.52609838527977,159.86030792339466,4.936997825113804
20120,NG026,151.59375,133.29276315789474,4.90137889984611
20123,NG026,359.36753148885776,455.70825707826464,5.222110146056938
20125,NG026,3092.6375908618897,132.57590861889926,3.2983396466337407
20126,NG026,3632.783045175683,147.15297585849734,3.192865901376336
20130,NG026,483.4412640256469,821.0169452713533,5.697062127359331
20131,NG026,3218.5252322073006,142.46843755546354,3.257648757107185
20134,NG026,2075.1182932249667,133.98831671852182,3.5133481350963076
20136,NG026,4343.05753887762,132.42866801893172,3.154758583292358
20142,NG026,2620.6677332329505,142.20848233891712,3.3621977948960597
20144,NG026,762.637898989899,1487.2536565656565,0.24957049929564243
20145,NG026,591.4896428906177,919.0030930733902,5.886703576561266
20146,NG026,3946.1368864243173,129.92626822756213,3.1976782215408646
20147,NG026,1416.5454302749845,1495.548989943935,1.0923674566218056
20152,NG026,152.02131569276003,125.00735023888276,4.882548106220798
20153,NG026,147.0778868140244,122.59541730182927,4.884767147690566
20154,NG026,1169.918995468278,2416.543901057402,0.8084596952665225
20155,NG026,961.6337278106508,2595.923175542406,0.6380883695781084
20156,NG026,1845.344913468293,2242.9361708921388,1.2232510489331894
20159,NG026,1274.8598845373692,3446.7285067873304,0.8649814786272029
20162,NG026,139.53459629216897,134.6740451828589,4.922785094131342
20165,NG026,3130.6135829415716,255.515362659503,3.036527404198054
20168,NG026,5138.98036968047,141.19909729187563,3.0755398569400443
20170,NG026,927.6628664495114,1529.9493718008375,0.49893798632229397
20172,NG026,265.37097259861486,370.21318879855465,5.165445617605172
20173,NG026,1321.036330305808,956.5552870594117,1.2360131436990354
20174,NG026,6132.691401648999,148.68197879858658,3.004732248885294
20176,NG026,220.38103688680442,246.9899860565344,5.022084776987482
20177,NG026,559.6975614961848,1099.5683794888214,6.0323885890469615
20179,NG026,702.3143928468417,990.1878665512932,6.098692587601056
20182,NG026,1426.1099892410825,2630.9527435239593,0.9750021739955929
20183,NG026,921.4541294167731,1852.1648573861219,0.5432581953321608
20184,NG026,147.97407130391423,127.85514834205934,4.895079091611452
20186,NG026,320.5441692569939,404.5127845181991,5.1726015751344
20190,NG026,1133.3755068328578,1958.4650848475746,0.7781890339013321
20192,NG026,581.2312932410857,897.0626929217669,5.8510332049890454
20197,NG026,185.05243361167533,134.22034153313774,4.8543941282689875
20204,NG026,2540.9850111271107,514.1134310773662,2.629087160704815
20206,NG026,3439.7679805942994,132.00939963614312,3.250719548811163
20208,NG026,737.409927856143,1460.9487455583073,0.2033694682049836
20209,NG026,425.3480967201341,623.1194637299498,5.436075385167278
20210,NG026,718.8991274739307,1402.1838689082783,0.15151080136694964
20215,NG026,956.5316080334277,1628.1860088960777,0.5561493827542423
20218,NG026,536.4955635491607,1044.6244604316546,5.962355069404241
20219,NG026,1171.5786041910244,2288.1592769133913,0.8108406690354159
20223,NG026,483.1135437288925,727.6646092931175,5.580024268273195
20226,NG026,6778.373179909473,142.21208485575613,2.990929405368894
20230,NG026,1319.1027748235522,1330.027458184279,1.0293868592445454
20231,NG026,821.3835701819995,1559.143355771628,0.3564633586381029
20233,NG026,1611.9872306464486,3321.7006783719075,1.0341289337535573
20234,NG026,379.9362643847743,509.695264089702,5.290124291682784
20235,NG026,420.37938478143553,624.8998381003778,5.439218687392027
20237,NG026,459.14938581429135,674.9161273279619,5.505350065650283
20238,NG026,1937.9574861367837,2927.551201478743,1.1852955190531764
20239,NG026,411.94661340112583,692.014345378609,5.525409355785637
20240,NG026,230.97871190836395,215.84536416684676,4.956025256936414
20243,NG026,408.055373525557,624.4616644823067,5.440330708455565
20244,NG026,425.1710555189818,710.6932192231732,5.54918531947167
20245,NG026,656.4430995043843,1053.035360274495,6.106058041783224
20247,NG026,607.5508474576271,889.9131646157418,5.864270274221702
20249,NG026,533.592159559835,786.3963204951857,5.6758711098802905
20250,NG026,326.92496022626835,474.2252077072653,5.267524156841071
20251,NG026,295.18027210884355,338.8871882086168,5.093555840684823
20252,NG026,759.5213139969237,1251.304768182817,0.13203090027226366
20254,NG026,491.474050294275,793.5789192081327,5.667734144331486
20255,NG026,516.4317942835293,761.7787974381034,5.635384649003286
20257,NG026,471.2297577012054,873.381346645562,5.747980855577534
20263,NG026,537.0505428678398,931.3700237114689,5.854257477664772
20264,NG026,663.2787818955043,595.3213851761847,5.315975551420392
20265,NG026,1284.9750062276842,132.95026156273354,3.8403500300049798
20268,NG026,530.2473493825621,961.03505051765,5.8791275708426465
20272,NG026,1621.7253148169943,3342.5877368482993,1.0373370966633477
20273,NG026,530.9786008230452,594.6937242798354,5.366982426212296
20274,NG026,526.3286487731829,815.0457320585186,5.710624921388903
20275,NG026,386.5715519368369,688.106464347397,5.519344287881636
20276,NG026,540.3476787529651,1123.1852479385518,6.029652287775995
20280,NG026,2575.3162566328992,739.5436565364206,2.2527597708465064
20281,NG026,931.2628197051782,2016.6060224266096,0.5720669407781
20282,NG026,370.41665107577177,576.401496725912,5.385197164038629
20284,NG026,960.0090917524817,1390.5056127655628,0.514332812322708
20285,NG026,268.21593940040543,340.22340766030084,5.119678609198655
20286,NG026,175.45719923393884,133.27200974986943,4.8660547479276675
20288,NG026,705.8215501312847,1283.209666439755,0.07026561025169874
20291,NG026,1198.42812336644,2161.098928384736,0.8348025597566751
20292,NG026,433.1866010880095,628.1995677770326,5.442014669692358
20293,NG026,328.04887743044367,366.5092920829305,5.108166728230878
20294,NG026,226.64255934654983,218.60529226580448,4.966147859587939
20295,NG026,1851.1473435655255,1672.614639905549,1.3420358082546164
20296,NG026,984.2024306408053,1830.2859071937148,0.6142615317792253
20297,NG026,862.7871015410598,1836.1907325311379,0.4704205641943437
20298,NG026,2907.391731509864,128.55293562838952,3.337152464373984
20299,NG026,1116.6918795193258,148.64584091973157,3.9437714094810374
20300,NG026,1894.5773170122409,3452.809268048963,1.1343943702959292
20305,NG026,969.2858267716535,1559.854035433071,0.5624136380536894
20307,NG026,4447.647166538165,164.65304548959136,3.0742063271973783
20308,NG026,419.06052824651505,440.2454878943507,5.156216733542421
20311,NG026,208.53397271376468,212.56666216398756,4.977199176215244
20313,NG026,438.14970414201184,709.753550295858,5.549624326556959
20314,NG026,4241.461723009815,142.9657579062159,3.139582357751354
20315,NG026,251.9001902346227,176.49562460367787,4.854813546487579
20317,NG026,667.082151458389,1026.6552047096602,6.092924282376093
20318,NG026,401.9965909090909,491.24343434343433,5.250819967080192
20320,NG026,2787.8131891660423,1820.3858259287015,1.5959142031836857
20327,NG026,910.0807793789324,2084.2033691901765,0.5553692746871773
20328,NG026,889.0132727049281,1724.9348654295195,0.4846793747289574
20330,NG026,2754.5912359824474,136.1589468551926,3.348256541316704
20334,NG026,1356.2472470588236,1661.4056470588234,1.0057245466430849
20338,NG026,1054.2256481382694,1827.4456417369038,0.6931109625669907
20339,NG026,1673.9500619460593,2284.513294577337,1.1377191317787094
20340,NG026,353.2980279898219,386.19518659881254,5.1184331731143455
20342,NG026,3089.523275092463,392.08340772860606,2.783764919192688
20344,NG026,1324.3005933290572,2619.749198203977,0.9133128794821669
20345,NG026,2003.5353166318719,4754.62369519833,1.1113912773068377
20346,NG026,413.18104209596703,423.01663232263763,5.131205038550014
20348,NG026,624.2036912299609,857.9571601778257,5.8340118306306215
20354,NG026,3212.9505388623224,137.7249304118193,3.2689284215551253
20357,NG026,3582.0092658084595,135.1129579855708,3.225978956603733
20359,NG026,6675.6146895948705,638.5988050131157,2.3788722978126287
20361,NG026,833.9604042930082,1833.213295821611,0.43450528322115983
20363,NG026,257.4293089753773,185.28249933809903,4.865614490596092
20366,NG026,2106.0571565146133,2417.7018574160065,1.2973687218305099
20368,NG026,470.70739934711645,751.5781284004353,5.608374390460773
20369,NG026,4352.65321822378,138.5267116847594,3.13989927874004
20370,NG026,202.3083187899942,235.65012881243248,5.023964151850527
20371,NG026,426.3518951194185,700.0689252336449,5.5363521132049085
20374,NG026,316.5639256704128,535.2613775453433,5.3505526579916
20375,NG026,2140.2348192992113,137.88332416070446,3.4876416567065274
20376,NG026,323.4290205324688,207.73150604185088,4.830405403083531
20378,NG026,573.0173156718799,965.0609639323333,5.921697881419008
20379,NG026,1688.5511795479222,1404.496495903662,1.342536521489087
20380,NG026,2029.4854645387722,1561.5517515396332,1.4605306189679297
20381,NG026,602.4593041221185,980.4735801248378,5.967620229008499
20382,NG026,2151.8221334398722,138.801278465841,3.4827172536791253
20383,NG026,5105.569802628607,151.14086987940925,3.0556670818910776
20384,NG026,366.09887733031206,555.8963847976105,5.359692811658056
20385,NG026,4843.689841116996,138.57775637939335,3.1014151257952736
20387,NG026,434.73769765036207,763.3066351411261,5.612815018926503
20388,NG026,612.3989065703407,1071.1082690617984,6.0684393821569165
20391,NG026,3091.6380404212177,3513.9089541500425,1.4013006736104476
20392,NG026,3221.711206112425,136.33481899217756,3.270739707519194
20395,NG026,268.5614565943239,239.2450959933222,4.954354505992454
20397,NG026,654.6721977052074,942.4221535745808,5.979776654210339
20399,NG026,580.8992733817745,960.4061062595827,5.924221691980825
20400,NG026,437.9332339107491,421.899391992658,5.109040375346625
20401,NG026,569.7189562087583,889.7177564487102,5.832707302706733
20406,NG026,1031.3211158192091,1095.5906073446329,0.5486997997820486
20407,NG026,3291.1907415907153,138.2559176447446,3.2565978524804704
20408,NG026,536.7465626161278,770.5599219620959,5.654950543693029
20409,NG026,2016.0115990057996,135.17775936665745,3.529311110033276
20411,NG026,229.7669861250179,191.086682877986,4.911436413082804
20414,NG026,265.1990765596478,313.3532696231075,5.081598439071178
20415,NG026,403.2550349505156,512.1530209703094,5.282355466145803
20416,NG026,489.5719900432333,650.6048735752653,5.469088426331573
20418,NG026,1302.5979529538517,1150.8717004848268,1.0658932391019444
20420,NG026,400.33461276543056,459.1510555314802,5.200920966388983
20421,NG026,4533.431392405063,138.86452079566004,3.124159095807829
20423,NG026,2904.9070107858242,145.58112480739598,3.300979443011257
20424,NG026,862.6979595128639,1822.0658117590128,0.46803994102345814
20425,NG026,941.5270492512767,1480.7572059205402,0.5080351709866956
20428,NG026,1064.8608848226595,1851.867903246021,0.7058343888738422
20429,NG026,1124.9519087499357,130.82104505985717,3.9371366631497953
20430,NG026,3103.477046852816,137.19167061050638,3.2865070018130402
20431,NG026,7718.688223552894,338.3327744510978,2.650206484617322
20434,NG026,2777.8828747386856,134.75586191310242,3.346859146532251
20438,NG026,1585.4663769441904,188.74672156145166,3.6294925053718448
20440,NG026,660.7146600124767,1021.5659388646288,6.079350435097253
20445,NG026,1187.5515026132405,3149.9249782229967,0.8158719762126857
20449,NG026,584.9968718373356,829.0402060907168,5.7633105246634875
20451,NG026,1207.7687301716423,2290.794273163589,0.8398728708827888
20452,NG026,1945.5538160469666,1751.109589041096,1.364223090817051
20456,NG026,2630.6099433726845,137.12467607255974,3.3705739563620307
20457,NG026,2243.897277351152,1720.1309464445997,1.486318443274192
20458,NG026,585.1611017695573,932.4282168308112,5.89681720873572
20460,NG026,200.76702698616674,162.213999546451,4.891999467746255
20461,NG026,2231.6917158245706,136.6462340771138,3.4646095592021764
20462,NG026,3231.03486566237,141.13348346016463,3.2587727627217684
20463,NG026,413.2054468820923,707.6352534313196,5.544144385699392
20464,NG026,704.876272513704,1099.2565909684156,6.216664389217293
20465,NG026,366.58660098522165,317.6579310344828,4.989081163264946
20466,NG026,747.4748896576405,1283.6619348681857,0.13274738309106748
20467,NG026,458.1015465421652,503.4274875984826,5.2383888147032
20470,NG026,220.15532963001783,320.68850225343255,5.134506554940806
20471,NG026,160.02322221075445,124.40045412323254,4.86901857187682
20473,NG026,247.6967105263158,270.15197368421053,5.030381980202669
20474,NG026,281.8459343794579,302.3248420623599,5.047858224426008
20476,NG026,1615.9769375857338,402.87139917695475,3.247544898956733
20478,NG026,1107.183299971404,1330.4040606233914,0.7340984314609875
20479,NG026,618.8754196195449,1051.3494964565461,6.05785973881358
20480,NG026,845.9891282051282,1461.0715897435898,0.3617833538356141
20483,NG026,1024.2761989342807,1258.4182948490231,0.5870121814549965
20484,NG026,738.0238893545683,1168.856873428332,0.0417451053106601
20485,NG026,1543.9237538540597,135.07618191161356,3.7074883117908604
20486,NG026,327.0016747465844,268.1553107095637,4.94154252324005
20487,NG026,280.75754143930817,261.12272212498715,4.9795023091196935
20490,NG026,2672.481091101695,205.2240995762712,3.2229821775307896
20493,NG026,5855.251686630869,140.4916012666942,3.0361608720281708
20498,NG026,584.7339527989967,1137.3720784403147,6.0907482068905185
20500,NG026,308.2198138901498,225.00953245574217,4.882172686738456
20502,NG026,285.14394310936734,292.6768023540952,5.028666255501524
20506,NG026,2300.7929945880937,1774.151683704149,1.48834010172128
20510,NG026,586.6901293674239,1056.0953448100233,6.0252180401770605
20511,NG026,3565.128229950108,150.8854717402636,3.192741597657545
20512,NG026,1822.6253324773,1698.1682105842428,1.3202810465482804
20514,NG026,327.76371490280775,330.0613390928726,5.048962381281719
20515,NG026,2794.125145857643,924.2396441073512,2.059512143084547
20518,NG026,3275.7134867516274,7953.05455212249,1.2503032658495994
20521,NG026,357.1950930203521,421.100824072918,5.170800908103077
20524,NG026,1546.237955979683,1141.3907957518854,1.3763608502161662
20526,NG026,2737.0165256930522,231.99731090793526,3.1548714148162826
20527,NG026,2365.5412755716006,1142.9335740072202,1.7990964182670484
20530,NG026,1271.136445647271,2644.3270184934595,0.8777733344605883
20532,NG026,349.5741675075681,430.3327727323691,5.1904307312361855
20533,NG026,887.335093714404,1495.7272444858652,0.43285275132569156
20534,NG026,769.929049237855,1489.7007347296853,0.2608960837931518
20536,NG026,617.8165097438143,1374.788701554631,6.28170455235085
20537,NG026,596.1407869802698,1121.3055400735705,6.091722077771442
20542,NG026,307.50097203529236,283.71063257065947,4.990249770136164
20545,NG026,270.2609336052572,166.3473827328348,4.810662983634199
20549,NG026,257.82954135066814,178.93607800650054,4.852333209927518
20550,NG026,567.1060638991523,792.8617691806129,5.700582265456262
20551,NG026,6403.465413574562,142.21380206922703,3.006496416867168
20554,NG026,5582.660315219949,160.4269583627382,3.007534721647534
20557,NG026,4275.997965282635,137.5715012399059,3.14876330208183
20559,NG026,241.966097170315,307.2568072610785,5.094495940758751
20560,NG026,9372.765445136762,150.469848980885,2.8969254517301737
20562,NG026,8633.12467457333,145.3039629736766,2.9250763732169216
20565,NG026,1469.22843800629,1499.3950252549319,1.1391557058718709
20568,NG026,470.31942623582944,830.4814529189481,5.7015987888148505
20569,NG026,2618.0697963098796,2744.827737967613,1.3913857994328207
20570,NG026,1570.5981148243359,2536.422260306579,1.0606867846644927
20573,NG026,3683.218608276644,811.3195153061224,2.217870673520624
20575,NG026,599.8882221602009,763.1761094055261,5.66923456219336
20577,NG026,528.3416727986264,185.31230071130733,4.542074249229962
20579,NG026,495.1606756617571,782.1368833041508,5.654833797955764
20580,NG026,349.45193024295725,430.27917722462365,5.190434657378594
20584,NG026,3419.5828649293135,2545.9422585590187,1.5542391009719767
20587,NG026,4564.6462556186925,139.8708336867102,3.1193893276296447
20591,NG026,3157.6821929391867,142.35987597773237,3.266906232195948
20601,NG026,694.8257858769932,1382.627790432802,0.10787416904487798
20603,NG026,814.2073054617848,1596.6286678784732,0.35698150873660983
20604,NG026,2003.0398206365453,1030.7072184042502,1.7790806646662267
20606,NG026,2959.8830529028346,189.03872972563286,3.2000501613072907
20607,NG026,1311.2713390759593,1569.8560101801097,0.9753617239937089
20610,NG026,659.6503853737229,1343.0683814303638,0.03845022454846675
20613,NG026,373.2152404747033,403.12954403497815,5.1297529309631775
20621,NG026,302.95730848412614,241.13695958392026,4.918686758021222
20624,NG026,323.23018832742866,363.1708931568152,5.107014147694139
20627,NG026,1016.4359621451105,2150.1944269190326,0.6694608167971343
20628,NG026,664.2061022428774,1124.430693069307,6.181336828631704
20630,NG026,434.1769835185895,604.2878497508624,5.4079390036259785
20631,NG026,356.22978535724786,334.4223757718318,5.028990580322028
20633,NG026,785.8581874584534,1605.7346554398405,0.32063438482228124
20634,NG026,3476.868406889128,146.256727664155,3.2140167814090455
20639,NG026,3091.302961644279,134.4369639100178,3.29444393821028
20640,NG026,2242.017871297831,1243.3093608128559,1.6948723987861185
20642,NG026,1781.2101317582917,2198.4686506133576,1.200764174385113
20643,NG026,546.9567175381536,816.6120840630473,5.723499281212957
20645,NG026,985.4798763382378,128.55235587107117,4.0313197632810915
20648,NG026,457.4669411479777,557.6055542100589,5.329420654479505
20652,NG026,287.1822282980178,219.86698564593303,4.896983644300408
20654,NG026,324.81465136804945,573.9493968814357,5.394020041494951
20657,NG026,440.7715810915221,541.6353866685397,5.310709807630352
20658,NG026,3025.8404119963648,138.1775825507422,3.2966028977944752
20659,NG026,848.0477912882869,1589.9497460366324,0.4018552691076391
20661,NG026,2147.089465508314,133.98906852309995,3.492561543796638
20666,NG026,3749.9371732236223,1923.595440130282,1.7105360016739843
20675,NG026,445.9987506430514,914.2233409274638,5.77260155061552
20676,NG026,581.3614706219219,1025.2845034932998,5.990797804116414
20677,NG026,6452.587224720397,328.8186901879396,2.6911367914952944
20678,NG026,444.3213358907819,453.2598442965136,5.159935858949336
20679,NG026,242.94396634155672,315.01936316695355,5.1051878494962395
20686,NG026,987.5960662295811,1633.3453717079676,0.5972944984358989
20687,NG026,2991.9077024894364,6462.836379371786,1.2493997070875384
20688,NG026,375.4458343757818,464.118839129347,5.224747507239767
20689,NG026,310.00586166471277,239.18338636744264,4.906996442442059
20691,NG026,2237.5951007619456,132.23527736238697,3.4711374657440848
20693,NG026,788.5790991654394,1687.7469317623957,0.34605583417851243
20695,NG026,328.19710578842313,458.67285429141714,5.245402941121662
20697,NG026,446.6646453089245,672.7212814645309,5.502176437348865
20700,NG026,431.00544551812504,513.6875233570017,5.270612946598551
20701,NG026,1215.531805278099,133.49448007570183,3.88061409235312
20702,NG026,658.2361168978038,987.9317302541515,6.039073332636626
20703,NG026,384.3728625052134,594.6898373418602,5.405535624865393
20704,NG026,5249.472525027809,139.19927697441602,3.0730887189086755
20705,NG026,6693.905170871354,862.2500149102403,2.2353702173787013
20709,NG026,3329.4487943420395,139.8940246143565,3.2476605207624214
20710,NG026,402.6919052863436,597.6629955947136,5.405472811673457
20711,NG026,356.50931677018633,325.9069236390208,5.013861516675898
20713,NG026,393.63398533007336,586.5886308068459,5.392642938225418
20714,NG026,477.69564888956035,625.3752832754193,5.431389813482785
20715,NG026,3124.7242661197283,136.74484040507627,3.2842306023385097
20717,NG026,557.2536545749865,863.5128586897672,5.790924227435119
20719,NG026,2668.9627235213206,144.8490371389271,3.3468854763717713
20720,NG026,276.86937535599014,274.22394152268845,5.0062574251165355
20722,NG026,310.5962171052632,151.08646616541353,4.727275397282642
20724,NG026,917.84720437018,1124.950353470437,0.327146884748884
20725,NG026,841.3111508318439,1440.0085246803244,0.34768819862038014
20726,NG026,1238.1972248803827,2610.945933014354,0.8560810002806301
20727,NG026,620.4544340225965,1080.272276700064,6.086397026419546
20728,NG026,1778.2574719566362,125.74907776857637,3.623323850889484
20729,NG026,915.4028870292886,1935.1289539748955,0.545989822643111
20730,NG026,657.8492002206287,1272.6453392167678,6.278914576733718
20731,NG026,191.6492057959468,127.42379126624509,4.8297051315645225
20732,NG026,1002.3867143658811,2038.047558922559,0.6494639285919669
20734,NG026,388.5010866612334,328.7097256180386,4.986728349687402
20735,NG026,445.08849557522126,599.9208985704561,5.399098132790967
20736,NG026,1974.2777052145082,1423.3895307947353,1.49333998956986
20737,NG026,929.1961204886692,2123.2346358295254,0.5791550224760575
20738,NG026,240.23546798029557,202.0223316912972,4.919322326724364
20739,NG026,450.19317083646513,608.8493503704499,5.411276884546546
20742,NG026,1914.7506411305724,196.43542314617778,3.4648596572346952
20743,NG026,3808.757850926977,132.28830874006812,3.206596853845362
20744,NG026,709.1967283224634,1131.4070351758794,6.25113369857409
20745,NG026,597.0384246837868,846.8717899578382,5.7969537325624305
20747,NG026,1758.6570657065706,134.66936693669368,3.618614334742296
20749,NG026,269.07442577712845,235.87087087087087,4.94769024830199
20750,NG026,816.210516028147,1218.5318608287726,0.20339153188718165
20751,NG026,4545.847344931232,150.52819018125513,3.096995719238922
20752,NG026,2503.704613043779,125.16916799225396,3.421513292079773
20753,NG026,1387.8108793278284,2803.6816601477617,0.9450421063244527
20754,NG026,1402.7450701217342,2145.7787427920553,0.9912567390814656
20755,NG026,882.577538216842,1133.5312361933375,0.26452231246455904
20760,NG026,2689.8825736259614,629.4117426374039,2.4171870087280856
20761,NG026,2592.429116505493,144.1162423524768,3.364232849799918
20762,NG026,209.98844506424942,206.67217850383506,4.96491949755081
20763,NG026,1229.5346253229975,2768.6251507321276,0.8473737380183677
20766,NG026,475.61382029466694,734.2330358995642,5.587225745911892
20767,NG026,1126.6812946216087,1024.5170871013802,0.7508286197978246
20768,NG026,1326.2205166604267,1787.6516910021217,0.9639018208437639
20769,NG026,1397.1186866639644,472.0938792055128,3.3275107693371324
20772,NG026,501.09536784741147,707.8038811723267,5.555225390920574
20774,NG026,251.89332752802875,250.66964188527265,4.993150446543778
20775,NG026,7061.290689179316,835.4405390047893,2.253414600466501
20777,NG026,703.4304581520348,1170.5932940875352,6.2740449106671985
20778,NG026,1843.5219077161692,2605.610314075223,1.1793213306820753
20780,NG026,436.52521231422503,623.659677990092,5.435178340132632
20781,NG026,769.9697297297297,1379.6531274131273,0.2161600032371436
20784,NG026,1364.8209283481885,2423.585831693483,0.9479254127682653
20785,NG026,1917.8827381472104,1472.299659477866,1.4453020938390022
20786,NG026,526.0229375,987.54125,5.901095522724556
20787,NG026,5040.028030833917,2127.296250875964,1.7721432861353972
20789,NG026,801.585603352644,1651.7536053247875,0.3543517883850455
20790,NG026,526.5629230383555,804.9883429430935,5.697669929211709
20791,NG026,1819.2900819499896,133.925404496743,3.5971807368922852
20794,NG026,705.1013642738748,1042.4217773811042,6.161393195740291
20795,NG026,233.24274160099543,246.00321443384487,5.0060161287639
20796,NG026,3620.7413502528007,135.97610786160405,3.2194011407119763
20798,NG026,768.7806127114769,1275.4916323731138,0.1609341423276777
20801,NG026,945.8196975571927,1999.5414243246737,0.5864347426651757
20803,NG026,1293.7761723251485,2093.7615459622375,0.9145134841986189
20804,NG026,1454.5987800437,3228.0095593590677,0.9651829365369394
20806,NG026,1599.2565043237375,2594.4175120727737,1.070840843877212
20807,NG026,260.1650178343092,348.1474527222559,5.138294875768485
20810,NG026,2667.5631602112676,1080.9158230633802,1.9095018429561397
20813,NG026,208.42764199050467,199.90829963073676,4.954590540679948
20817,NG026,3303.2043551088777,141.4518103337199,3.2478288784146803
20819,NG026,1180.624366746948,509.7197907150569,3.7800088508577807
20820,NG026,1200.4886940470697,2782.555376095985,0.8274613924103861
20821,NG026,4198.854581508717,160.36982566305875,3.1049360775727792
20822,NG026,2004.9732192933259,1592.2028883903533,1.439160460327836
20823,NG026,804.8676538108356,1473.235766758494,0.30547856029376014
20824,NG026,241.57865992826868,252.86371046625368,5.008300316209434
20825,NG026,1587.567739433889,592.3842574641334,2.6607399245494734
20826,NG026,520.8246095147251,855.1106474305473,5.757042214410176
20828,NG026,3839.5525311054216,902.0459506805013,2.1505282082368127
20829,NG026,848.6000119846597,1017.7299856184085,0.0916275318912266
20830,NG026,1971.5046379521104,781.011433091249,2.1213970466840704
20831,NG026,987.0003856961816,1785.4058625819605,0.6133195786998489
20834,NG026,483.9517493711411,903.5276697919048,5.786595129194091
20835,NG026,1850.8025032210564,129.86572795877046,3.5918536108324783
20837,NG026,5837.357898357554,132.34560151345772,3.0554400498228205
20839,NG026,1972.654798688026,481.92104387507726,2.827416145706094
20840,NG026,929.6277249860257,2054.5051704863054,0.5737433930655221
20841,NG026,1163.703785854716,2396.06835711045,0.8036995588181084
20843,NG026,605.6466312552418,887.0858261112664,5.858879316374839
20846,NG026,4935.018455389679,154.40407899376984,3.0598709878889347
20848,NG026,2335.9793861922035,730.8144757298325,2.2526969932962904
20850,NG026,184.71525507371538,127.89013632718525,4.840658661162242
20852,NG026,505.1466888922564,565.5873617214729,5.323738107789875
20855,NG026,966.6352815300254,2051.121171592885,0.612962964578129
20858,NG026,1538.280018248175,882.4779197080292,1.6907119069123946
20859,NG026,1122.365241437992,2433.5745586045523,0.770502697627867
20860,NG026,628.7211742156763,1113.400685967921,6.125393785952653
20861,NG026,508.18367176401773,655.1778223447815,5.475119115831641
20862,NG026,2617.6880108991827,128.01739677216517,3.3919475223402893
20865,NG026,5989.220812182741,143.26708317063648,3.0233361558921583
20866,NG026,724.2616700320704,1505.9802826939067,0.20235371633465324
20867,NG026,3420.295825999497,204.62584862962032,3.09734480344235
20868,NG026,455.4398907103825,689.1682912420617,5.524613750377906
20869,NG026,663.6823215345066,1278.6703579197153,0.007472379861856889
20870,NG026,3430.2151269109795,130.83358934971838,3.254620280961099
20871,NG026,570.5478291563713,1004.631839039887,5.959633450211036
20877,NG026,1922.5030492830065,761.7245755727707,2.1491462523907328
20880,NG026,301.41491880920165,319.47276725304465,5.056696035411791
20881,NG026,261.71373384840814,360.26295457572934,5.154350233290645
20882,NG026,3865.3049858262466,130.26146406536603,3.2052514958743497
20883,NG026,3658.5972770923236,145.4469093782289,3.1936348621135013
20885,NG026,231.13144931293752,180.92844179414053,4.889938296086276
20887,NG026,490.44752300763656,679.9386136675151,5.513401060761772
20888,NG026,1327.2778080995524,1899.9719462940727,0.9545455584370112
20891,NG026,317.70188513809734,359.3320911880754,5.105728586016086
20895,NG026,305.6474608224343,317.80593849416755,5.049880676142637
20896,NG026,566.3164198811658,1008.7048005281524,5.959330712594559
20900,NG026,278.5945087176145,388.28645918201073,5.180556291983768
20901,NG026,1273.4896523178809,2174.452400662252,0.8948375436219137
20903,NG026,1624.8427173996765,457.6155742124316,3.0962509986383853
20905,NG026,1954.7870448179272,139.17563025210083,3.5424832309560332
20906,NG026,192.35942379369396,186.0454316510527,4.949425884722874
20907,NG026,275.57959270711166,274.77886768312186,5.008563789642254
20908,NG026,3941.6498364069007,142.12254610350982,3.1702025617842575
20910,NG026,2762.740995762712,146.1911193502825,3.3256742426592303
20911,NG026,373.33688565697094,540.7563941825476,5.336780441691822
20914,NG026,566.5622707936042,959.0445943963621,5.909254793635277
20917,NG026,547.8555048198884,906.4893962455607,5.8354519591911735
20919,NG026,874.4819594656003,1936.460783422703,0.49890876431946446
20920,NG026,367.2831981331259,556.4947216357373,5.360095831976151
20925,NG026,6999.004546353034,150.43849245568953,2.9650467825995657
20927,NG026,623.174453339706,1101.3992113753136,6.108241356200974
20929,NG026,396.42765190525233,354.625,5.025747653672708
20931,NG026,903.1126237623762,1854.690099009901,0.521805214291815
20932,NG026,489.9029489779997,592.5585894835388,5.3757493241518945
20933,NG026,1054.672732311103,2303.452336966562,0.7107354707824977
20934,NG026,3344.9990622655664,145.24981245311326,3.2336659095332467
20935,NG026,4368.246797788199,163.55560999510044,3.0831719009300405
20936,NG026,228.6845953002611,203.2184508268059,4.935682256999791
20937,NG026,820.061009048533,1703.6443652316973,0.39121836287215417
20939,NG026,437.14715113471755,630.9604056011589,5.445359618630064
20940,NG026,8139.671716497597,150.72223705285637,2.9275037490945968
20941,NG026,629.9474947807934,1011.1950939457203,6.030848132932818
20942,NG026,5241.298519095869,335.3248636009353,2.7233876511545856
20943,NG026,1713.7434753513273,134.30217860063945,3.6364635844176236
20944,NG026,282.3522574123989,294.8241239892183,5.0350573867291875
20945,NG026,359.5696797464204,224.96207235763472,4.821990593441963
20946,NG026,1363.2973604445567,3315.301149280121,0.9156835734391621
20947,NG026,1105.6641642547033,2843.925922575977,0.7599161941168698
20949,NG026,1956.4771095152603,2126.4614003590664,1.2877345899989516
20953,NG026,2819.544077924204,147.89645575836948,3.311425650897732
20958,NG026,1272.5467909645033,3021.249432293534,0.8705017371569916
20959,NG026,719.228855140187,1589.6161214953272,0.22480321275765666
20961,NG026,1849.2840430903889,1910.2071200134658,1.2822985897781558
20962,NG026,553.4376746185256,883.64861379755,5.812966067133512
20963,NG026,2722.222343696618,139.78319098052614,3.346850465230152
20964,NG026,520.11719038817,710.2632162661738,5.561679340465863
20965,NG026,1805.829361442102,305.43484570730215,3.3231566004324873
20967,NG026,3519.667507780301,1474.5396585078645,1.8192655342361903
20969,NG026,447.793309821524,692.3185850165652,5.528269222004294
20972,NG026,588.554847841472,1076.4237185319987,6.045343058979094
20974,NG026,876.4628896334654,1634.723017565235,0.4509245032291313
20975,NG026,1774.7832120621108,4761.381891831071,1.0445128236342895
20976,NG026,595.9089123725802,1234.8301692696157,6.173195467344124
20978,NG026,463.902180079423,723.798525002026,5.571332448977074
20981,NG026,6786.517971758665,149.29495408314406,2.9755145173959456
20982,NG026,316.00667886550775,250.56861848124427,4.92141582319293
20983,NG026,1096.881239242685,2174.4399576327287,0.7461538257557853
20984,NG026,408.120699881376,500.2123368920522,5.261419722264746
20986,NG026,3164.330754352031,962.1751362757166,2.0629956208258284
20987,NG026,281.7565659881812,269.75082074852264,4.993396579041432
20993,NG026,3442.3456024484535,137.78318298969072,3.237355610933912
20994,NG026,1000.6992978528543,1301.0345985550016,0.5572399123356087
20996,NG026,667.1347976878612,1206.4321387283237,6.248398339394462
20997,NG026,1851.1737014115847,4642.689520895626,1.071472818632358
21001,NG026,693.6099557225278,934.2709647121965,6.015119295542021
21002,NG026,1300.443073441457,3521.8077482622984,0.8779324142697054
21008,NG026,572.0404879908501,676.1281738467404,5.509964491911745
21009,NG026,389.26630722998055,397.97613576100406,5.107965860120829
21011,NG026,1812.337951509154,161.20251643457976,3.5607433888405895
21012,NG026,367.76658586946763,521.5864081156298,5.3125908843694125
21015,NG026,6934.30197026596,186.20623488862597,2.8972956422045897
21018,NG026,2636.0013684882765,142.37013046254904,3.3587003514507567
21019,NG026,1931.4973958333333,2520.896366003788,1.2226309706613323
21020,NG026,240.53568780126065,262.8418613274008,5.026042436359159
21021,NG026,996.9648396264718,1034.6950872919203,0.4358516570471734
21025,NG026,4064.614079803129,140.85841096853576,3.1608369894091197
21031,NG026,1582.6919241298397,1830.696910441924,1.1511922949124853
21032,NG026,1358.8395643875604,1877.5127427865723,0.9823842602164734
21033,NG026,1985.605932979308,1349.0597875846915,1.5351395714378984
21035,NG026,530.5212893296854,699.4640902872777,5.5463807127003095
21036,NG026,6875.318238744974,146.95761650517434,2.977009463352955
21037,NG026,2165.943126921388,311.3249158249158,3.1481610740141095
21038,NG026,283.09530911062905,296.0280639913232,5.0362926815492
21039,NG026,451.6363285769379,743.0168402108241,5.593078945357056
21040,NG026,805.4818353516276,1715.06499277858,0.37472743309087636
21044,NG026,679.0386521308226,1060.7387512388505,6.143646178833262
21045,NG026,354.6850387145117,451.4041295479144,5.218663257296694
21046,NG026,555.1525083027443,941.5948260793567,5.880352822288322
21047,NG026,3127.1369505673665,137.81055171514282,3.2815187082788526
21048,NG026,364.4318350209928,203.02161027414175,4.772012512692007
21049,NG026,1282.759791954145,2215.2969960726036,0.9001936951965647
21050,NG026,488.25103683825324,805.1623566723591,5.68050924618377
21052,NG026,450.2200785193494,906.2637128435222,5.767833743640582
21054,NG026,361.6255796559461,552.1902767389678,5.3562990475096806
21056,NG026,5064.788676134923,141.90806492518388,3.078762603446404
21059,NG026,895.3800753453328,1481.0384261197153,0.4406269259409638
21061,NG026,4371.521722776001,1021.9482791047583,2.0949456239521327
21066,NG026,395.6848736538326,198.9809952840149,4.726439393243655
21067,NG026,1855.5662504777679,431.2997834118996,3.010605207327354
21068,NG026,3474.861608353675,151.00739083265526,3.2037847718324324
21070,NG026,870.3037509458437,1442.5711814938925,0.3920532559170407
21071,NG026,359.35011037527596,421.0440029433407,5.169130951056994
21073,NG026,808.8158144581581,1666.5742574257426,0.3677132845658084
21074,NG026,404.20607796991715,532.7759643916914,5.312915923366264
21077,NG026,1671.6725169847946,1543.5655936590101,1.2792741718720921
21079,NG026,264.24402207234823,223.04107909258124,4.929843116528424
21082,NG026,2435.305787476281,2417.331309297913,1.3929013370702283
21083,NG026,333.7301747311828,346.7904905913978,5.071173665279343
21085,NG026,241.6084345761765,284.3250942605781,5.0595081231299615
21086,NG026,682.2665829145728,1106.3947236180904,6.1907372198705
21087,NG026,1977.9695752009186,2027.7771526980482,1.3143515208431495
21088,NG026,1519.1400750259397,3337.727991060739,0.9921687646939699
22225,NG029,3034.6576623922642,7642.666806811016,1.2270706940967875
22226,NG029,3927.8171369837414,4487.683143337694,1.4383283555688113
22229,NG029,6722.029472398259,152.74016950446668,2.9708417716542304
22230,NG029,4469.813521545319,140.7302444954748,3.1250624542495795
22231,NG029,4368.153315773164,140.33831732259065,3.134447466114259
22234,NG029,1968.6336085809144,141.53911637013707,3.534149124136995
22237,NG029,2826.661899086214,158.07135478744536,3.2887631515505964
22240,NG029,3954.196153054927,3834.531372145649,1.483068448071011
22241,NG029,1748.3999046256556,6645.447114926085,1.0008748426675769
22246,NG029,2209.807205941389,2982.7058410276995,1.265560402452269
22247,NG029,1778.7446926138878,6137.6304732419285,1.017034703091953
22248,NG029,4632.091926750623,151.1363387479467,3.088932161125132
22253,NG029,3720.693954410307,1171.2739345887016,1.9741202738391888
22254,NG029,9112.807886154758,2142.760055341437,1.9123418231481883
22256,NG029,1052.9418738852166,120.53535830448011,3.982142788487234
22257,NG029,4021.3418829392817,880.986081565672,2.1732333138247886
22262,NG029,983.0196645459804,3265.8530300109246,0.6752939242765733
22264,NG029,2358.865074505001,123.03521126760563,3.458317249364806
22265,NG029,2643.4898427260814,5153.668905635649,1.2366177753096383
22266,NG029,2657.7322435174747,158.65353720405864,3.3208693921316783
22267,NG029,3684.2747138397503,2906.4800554977455,1.5398294464845077
22270,NG029,6497.397306864718,163.56687721246615,2.9577336846268754
22271,NG029,1298.113010783201,4406.58314415437,0.8658613587047154
22274,NG029,1806.9408701384311,6749.928806855636,1.0154229999442226
22276,NG029,403.7594070695553,182.69897377423032,4.682914363935583
22277,NG029,1525.304230166643,6001.1860133884065,0.9399644566498595
22278,NG029,1474.1769364205445,489.5504185836036,3.1595594975583463
22280,NG029,4911.752893610274,168.82709687648645,3.030726324742015
22285,NG029,1790.5329806844595,146.9294702252144,3.589644351769917
22286,NG029,4983.996293627098,2597.128590548749,1.6931505560190645
22287,NG029,9523.248044535268,209.22133746740892,2.7911333682906454
22291,NG029,8329.72951575711,2983.3232897770945,1.7879890704920631
22292,NG029,1084.8570788530467,3640.2023596176823,0.750441047894934
22293,NG029,2593.2211507205548,2267.2396792718605,1.4554877775029966
22295,NG029,2313.513824078395,9118.062762482501,1.0937983076927045
22297,NG029,3381.4902525476296,9262.18132476739,1.2383557048934652
22298,NG029,6139.201301783171,174.97030307139468,2.9504186835374524
22299,NG029,5409.467663178874,1397.6927752864972,1.9742795583196222
22300,NG029,2593.3195301783267,7145.804441015089,1.172889889798856
22301,NG029,3302.892131776747,158.60323044938428,3.2103501057326747
22304,NG029,3353.938050101557,134.53764387271497,3.2563059953084306
22307,NG029,4279.198365892616,140.62102223860424,3.1415287684811473
22309,NG029,3577.070742545872,139.7025516055046,3.2161985998775977
22310,NG029,4035.285802469136,145.24135802469135,3.1538061186999595
22314,NG029,2753.1185579781963,386.91910307234883,2.8420627086542
22317,NG029,5786.395357048284,222.03460146526612,2.878960427998954
22318,NG029,937.0221548507462,3199.8966884328356,0.6384314662236182
22319,NG029,6932.635123323073,184.6751415650059,2.9001917660358143
22320,NG029,5135.154011727158,145.99858977213685,3.0650758532818903
22321,NG029,4516.540240331213,183.6772695142886,3.028875439252213
22322,NG029,8514.399441721132,155.53860294117646,2.907717439321008
22324,NG029,5034.906620152523,148.40799935096544,3.066274134138916
22325,NG029,430.20181281329394,1061.817345327199,5.880006485379157
22326,NG029,3643.8033663366336,4567.989900990099,1.4039705577414334
22332,NG029,4234.526323178436,189.13674013758248,3.041164919047966
22337,NG029,5316.658369458817,141.72696126415886,3.0633035285686443
22338,NG029,2516.675300063171,1678.4133922931144,1.5774461299618427
22339,NG029,4228.349275588098,141.2246455834242,3.1447020696663155
22340,NG029,5110.376931491864,177.3579242444961,3.0001594077979648
22344,NG029,3765.0130510738877,142.1729524201007,3.1888784656009044
22345,NG029,4062.3717415115007,117.25250091274188,3.216187201636961
22346,NG029,344.094991874723,548.7524006500222,5.357741620887847
22347,NG029,4850.979521432766,132.71315325895478,3.114357672516169
22348,NG029,3599.177630227942,138.96919707029912,3.21519132928531
22349,NG029,1673.8519501500116,5493.891876298177,0.9965132212343321
22351,NG029,5229.466004639025,145.53095100028995,3.0601721684141614
22352,NG029,5078.007205637818,151.099849552617,3.0575404473483667
22355,NG029,2212.2794947422417,7866.19421646576,1.0917350451294374
22356,NG029,1360.6767377567141,171.2277514481306,3.775707698334757
22357,NG029,5682.115303094532,159.21439169139467,3.004749719762623
22358,NG029,4009.5095941285704,137.17826509859404,3.1746107711044376
22359,NG029,7992.2383272727275,152.47076363636364,2.928234987832968
22363,NG029,6256.14156998272,9834.66456841932,1.4259278314929809
22364,NG029,2865.6589004229145,123.11395617070357,3.356104926673535
22365,NG029,7499.070126139628,158.4762707630823,2.9313781897018107
22366,NG029,5504.132555925749,144.73679200380772,3.045649119056919
22367,NG029,3021.7046846846847,124.1009009009009,3.3281719287988265
22370,NG029,3615.2447231569286,3725.122591006424,1.4546170484919714
22371,NG029,1872.2162028379717,6982.084149158509,1.0290623562107954
22374,NG029,2747.9654966094936,143.8129736737136,3.333472753059412
22375,NG029,1858.6716968190003,6450.300265797822,1.0336957000423974
22376,NG029,1856.7728976589574,6055.901195275479,1.0399999750840088
22377,NG029,5054.570479188527,142.4830360265827,3.078145163197229
22378,NG029,6263.61235609456,6422.213990684594,1.5107258001659942
22379,NG029,2980.044369336977,146.84129152883648,3.285419597007729
22380,NG029,7197.160401836205,143.9257534428847,2.9715552987638327
22382,NG029,7182.809440460731,5869.08672576365,1.569593276943952
22383,NG029,2542.335666748829,8025.312349026374,1.1482274940468664
22384,NG029,10085.432314674736,9298.37452344932,1.5581051749769785
22392,NG029,2311.203365432344,140.05241735332075,3.43756429878031
22393,NG029,3084.963176064442,149.04877401079932,3.2635850435026312
22395,NG029,2695.874981647335,142.15717222140654,3.347069043804904
22396,NG029,3937.666441593518,6006.5878160402135,1.3719136791975728
22397,NG029,2805.1906649972175,133.1135225375626,3.345325520842451
22398,NG029,4058.172003929273,6164.451669941061,1.3775916574742832
22399,NG029,2660.1681023454157,128.87727078891257,3.381697431584138
22400,NG029,3770.7009198280084,146.31497305829205,3.1789599196758798
22401,NG029,3900.713898488853,147.64687944704207,3.1620265549085977
22402,NG029,1671.6034033686403,6745.137002951901,0.9775773386896991
22403,NG029,5366.241786893795,148.85059968711977,3.0445938974400284
22404,NG029,4145.898979486651,2912.617771363777,1.5870719115961263
22406,NG029,714.416401179941,2481.6437758112093,0.38750775796884873
22410,NG029,6201.888048635825,160.0607206405694,2.977636321098537
22411,NG029,3994.9913266460517,128.66988460668225,3.195698987245647
22412,NG029,2254.735479740236,750.4103173877253,2.214895130585501
22414,NG029,3264.203469232717,144.16124335274753,3.247339716126857
22415,NG029,3203.695362134689,193.75825921219823,3.1504697677820137
22417,NG029,3090.888570258091,2659.1748463744366,1.4902503397958913
22418,NG029,7644.28195465497,155.22079446469388,2.9332618668837735
22419,NG029,8202.253641758834,156.9304693822498,2.9133826023553877
22420,NG029,2027.0049925112332,127.88708603761025,3.5379590150495694
22421,NG029,3001.0243902439024,9562.291986062717,1.1898333215637933
22422,NG029,3045.6217269722906,141.13244640284722,3.2869973645894355
22423,NG029,1933.4518198481278,6897.948088504844,1.045504772042897
22424,NG029,4519.76064967905,181.01954872592881,3.0340775284112524
22427,NG029,4132.511876847793,1182.0705474564177,1.9973401053318633
22429,NG029,3024.9096980040067,1114.6275135415895,1.9383664016828244
22430,NG029,4613.415398918188,150.46365787694387,3.0918524907155405
22431,NG029,3050.2187089185636,128.54722203002837,3.3138373698391264
22432,NG029,2121.2032693674487,3368.130063965885,1.20975493372223
22435,NG029,3625.026161981631,154.9422952036367,3.1765864695084347
22437,NG029,3661.5547422994814,2113.1841262580056,1.6591273341085542
22438,NG029,4855.996931714323,158.35670453061758,3.056792303056728
22440,NG029,4316.366412897447,143.64666368114644,3.1314237642222134
22441,NG029,1934.7583353038544,148.03066130684954,3.5352629441536183
22442,NG029,8274.574995026855,174.869703600557,2.8773681313868495
22443,NG029,5229.763444553484,171.2422963689892,3.0053141257405085
22444,NG029,3808.4866789765233,706.4810516134705,2.3183181132707005
22445,NG029,2727.4582040747882,137.53860987675023,3.3505293196635777
22446,NG029,4404.3649006215,1261.4383114885238,1.9771849532972907
22448,NG029,5472.3273460410555,1672.9655425219942,1.8956863668269925
22449,NG029,2743.103618994491,118.09141621923158,3.388697491194378
22450,NG029,7271.504226339071,146.7166381990978,2.9630515882305803
22451,NG029,3139.0448617631714,125.02669101025909,3.308104480170219
22452,NG029,2685.791969330105,138.10236750067259,3.3574743693137012
22453,NG029,6502.162770286443,160.27200191494455,2.9642229703566123
22454,NG029,3938.874907475944,138.06863602718525,3.1796832166580518
22457,NG029,4807.925881021662,139.10814742967992,3.1027710554611385
22458,NG029,5668.270811721992,1055.1745331950208,2.1197273618344092
22459,NG029,5607.445559527083,133.23114288332874,3.065714525018805
22460,NG029,2771.902211702049,130.8299430431245,3.356278810210839
22461,NG029,4519.927442789684,524.2825099891028,2.5057672162316424
22462,NG029,1871.6595916568742,5789.252790834313,1.0491481781442702
22463,NG029,5515.678229180726,165.38223781886893,3.0008794656080586
22464,NG029,2444.268877347183,6714.182261286456,1.156333043401519
22465,NG029,2504.942034638789,145.83328132313935,3.379912941444531
22467,NG029,3064.235610014371,132.91861432569397,3.3020011016326625
22468,NG029,4173.4950808452395,161.4391308067414,3.104942658409761
22471,NG029,3827.8237300985597,145.47717968157696,3.1745982190300683
22478,NG029,1667.1439420089748,4962.389828558279,1.004655576756139
22480,NG029,4996.268888323581,155.4170270499449,3.053541820438178
22481,NG029,3610.810650399802,148.14351661033714,3.193278419255318
22483,NG029,6006.04179918219,178.05088596092685,2.9504466952665633
22484,NG029,4258.7205,158.14414285714287,3.104385186325991
22485,NG029,2567.348858113057,9067.0207403955,1.1364947227832314
22487,NG029,2297.9833660325853,1679.744945832978,1.516083292399551
22488,NG029,6637.825315273237,136.56615733635817,3.0089565464653245
22489,NG029,1310.5199764982374,4693.883582340104,0.8689714739641662
22492,NG029,5185.3667596006835,671.0560302185448,2.354868250994116
22495,NG029,3483.80178335535,132.79762219286658,3.2433260652816567
22496,NG029,1725.111789819376,129.34863711001643,3.6383563743413627
22497,NG029,882.5050429585357,663.9884198729922,5.470596908636868
22502,NG029,5756.862392443553,145.39406094326196,3.030438066806218
22504,NG029,1546.9512412136312,5546.843135510277,0.9532593179835969
22505,NG029,5562.697818599311,192.27921928817452,2.944716443110231
22506,NG029,1927.22224383917,7371.947795071336,1.037119770174534
22507,NG029,2197.99532218454,6251.529938018945,1.1179887738534138
22508,NG029,6522.202390438247,143.97897640208396,2.9975735488836497
22509,NG029,862.5872331248652,3195.5769534900437,0.5779656412690553
22510,NG029,3566.550258360144,128.80657112216048,3.2422488111329892
22511,NG029,3171.743994176171,11731.919194370299,1.1831923402785056
22514,NG029,4020.687809023486,138.25030902348578,3.171058562980229
22515,NG029,1605.8955474070194,6113.512205343111,0.9653278382419047
22516,NG029,3790.8672585227273,136.0182528409091,3.1999885081043686
22517,NG029,2982.9240553685,5655.0219977553315,1.2728450082754292
22518,NG029,2048.608728367193,7013.6767709341075,1.0706372465104277
22519,NG029,3439.8815704088256,136.37222582738482,3.2408459418968856
22523,NG029,3507.591799091941,145.37038876276958,3.2120911979223803
22524,NG029,5342.430310704198,152.96659199376643,3.03706301880326
22525,NG029,1740.5326578416953,145.2560875960124,3.6116239203155605
22527,NG029,5435.326512050932,158.5175837501895,3.0197788103511534
22528,NG029,7034.5288332973905,160.50562863920638,2.9431770821556182
22530,NG029,7427.322441895563,156.07787503773017,2.9385289764297515
22533,NG029,3797.5061858780928,191.30514484007242,3.079488552252278
22535,NG029,4558.6479802692975,150.29849353419544,3.0964912698198352
22536,NG029,1322.4646892655367,5381.566384180791,0.8685992147078357
22541,NG029,3447.7559634579598,4124.170867873457,1.406764837202741
22542,NG029,2721.145339124624,142.10850317407284,3.342212391001995
22543,NG029,2539.8280022273093,1780.8949452453135,1.5519497245896874
22544,NG029,3800.590157130151,167.99561221464572,3.128217649754516
22545,NG029,779.3143427941582,1128.390672361532,0.07558195932587664
22550,NG029,3895.1387308063995,175.15376355631912,3.102862765551448
22551,NG029,7305.1016749059245,6732.735999409725,1.5435031539939408
22552,NG029,5350.109594417793,211.132839075447,2.920560318462103
22553,NG029,4341.922618525984,148.54403645605117,3.1182429028937557
22557,NG029,2191.0145231213874,4807.9836705202315,1.156858217774249
22558,NG029,3870.4001381692574,154.6742659758204,3.149643887729031
22559,NG029,787.4951025533696,935.8884889074927,6.152590292607664
22560,NG029,2841.1813769414575,918.1417264038232,2.0703004216863765
22561,NG029,3711.0852540713713,152.20574886535553,3.1725796450555377
22562,NG029,8414.835036891627,152.90509713666825,2.915543150263936
22563,NG029,2211.8336053681537,4601.40034457744,1.1695180152370779
22564,NG029,4165.797771857593,151.58476628723662,3.1272232251847365
22565,NG029,4157.042030858099,159.34263129892832,3.1110150856586176
22566,NG029,1942.355905614746,141.81776586705013,3.542454264987778
22569,NG029,1643.9130626007916,5358.261691834042,0.989201806579511
22570,NG029,10197.365687000905,168.41483493866798,2.84655612168678
22571,NG029,367.1392082857895,577.0014921442992,5.386841442146847
22572,NG029,10729.012022355082,5689.485313231089,1.6747160080442531
22574,NG029,5217.283755274261,4754.831223628692,1.5252204944559284
22575,NG029,1399.5776077325816,3972.4327829238823,0.9196591206814722
22576,NG029,1001.1066758430833,3263.859050240881,0.6886479664564019
22577,NG029,3288.716707954858,142.37302504816955,3.2478161745522605
22578,NG029,457.04032446767025,991.2263473987988,5.847433521159447
22579,NG029,4516.032343790511,146.48068446979516,3.108367797704005
22582,NG029,6205.265498652291,175.83049968899024,2.9457913279976773
22583,NG029,5392.465475615644,161.70587880251085,3.015516506070356
22584,NG029,4124.793403441683,9982.046845124283,1.2957210979873643
22585,NG029,3648.881622442598,461.79147681586704,2.620904879398171
22586,NG029,4574.2961353968685,135.8181283374061,3.127891390647971
22587,NG029,5125.118966445361,141.91608349781686,3.074820312492441
22588,NG029,3485.136013986014,4559.446853146853,1.3860742809821909
22589,NG029,7404.984655120024,372.5312215132179,2.616049000241027
22591,NG029,3685.852849447122,146.61213495888856,3.18787602914819
22593,NG029,2717.6493680717363,9070.120525312434,1.1589176170663111
22595,NG029,9109.258507760216,228.70496938630214,2.7692665011045428
22596,NG029,6030.685443605173,162.5745743182691,2.9803642850511514
22597,NG029,4495.15503419872,141.85673310289033,3.12044587432643
22598,NG029,3177.957612853864,142.23596021423106,3.2641393239951264
22599,NG029,2749.663622947796,141.95655783065854,3.3370287706662487
22602,NG029,5007.542299971322,158.65271006595927,3.0458275544724085
22603,NG029,3848.694269890297,146.06134838640963,3.1710536559329907
22604,NG029,1716.7021908127208,144.2171731448763,3.6226167590572436
22605,NG029,2848.7597633136093,4198.714891518738,1.3159205563911907
22606,NG029,4580.26307030925,147.12633476632922,3.1018333951907957
22607,NG029,2850.216780003676,138.23782392942474,3.326296959131285
22608,NG029,2362.7943158749495,171.23792123426716,3.3647735142675947
22609,NG029,1979.600835073069,1904.150521920668,1.3408486887342332
22610,NG029,3628.1292314131742,147.60634123371528,3.192409176172159
22611,NG029,3442.62061629706,154.58445074780815,3.200116431083365
22612,NG029,1802.9591165006495,4651.377306193157,1.0563983041167648
22613,NG029,5122.923339540658,17968.96648044693,1.2784066228771702
22614,NG029,3235.508191240388,156.5240164939262,3.2245250341334013
22615,NG029,3721.008902929351,818.2645605973578,2.2130476663762444
22616,NG029,5381.794946638694,861.3253671440299,2.21914928382205
22618,NG029,3919.401429171921,12509.340479192939,1.2459037410465288
22620,NG029,1732.513642404816,6779.077163630678,0.994641642280469
22621,NG029,4067.7585890728656,132.96796289304783,3.178595743591863
22622,NG029,4016.9847781847784,140.9204721204721,3.1653534429416252
22624,NG029,2668.1749008013694,631.8976892554267,2.41384289916201
22625,NG029,3910.537841796875,131.14729817708334,3.198488821066229
22629,NG029,4165.737945838838,166.33553500660503,3.0951094798872556
22630,NG029,1921.696650982563,4612.148168650245,1.093241277126704
22631,NG029,2318.1229520081197,6514.087429317095,1.136873112908862
22633,NG029,3972.028641571195,141.0866066557556,3.1694628220099736
22636,NG029,3326.948241891482,139.13064565019704,3.2497020380057813
22637,NG029,2115.617930615653,7500.014878919001,1.077564322501368
22638,NG029,2562.042776491025,145.90872900984365,3.3671247513276303
22639,NG029,6090.156027206424,1368.1243956404162,2.0085497345924375
22640,NG029,4159.741461366181,145.01819708846585,3.142425432407189
22642,NG029,3298.317367332874,178.0090454858718,3.169544393446783
22643,NG029,2220.7499603489296,147.059793814433,3.448529467660456
22646,NG029,778.3872516556291,2634.3388520971303,0.46814216954307464
22647,NG029,1562.4694311172036,127.64797806716929,3.7066117186919727
22650,NG029,2902.026621266058,136.7853789403085,3.32029702428133
22651,NG029,3670.3686349648724,133.59101201881205,3.2190446704500904
22653,NG029,2265.803055366352,8277.913690765788,1.096064336981746
22654,NG029,3655.191059777817,144.52371715746781,3.196094867253687
22657,NG029,6670.249604340945,160.34154796895018,2.95727143827381
22658,NG029,3618.244568315703,152.4092607841895,3.182961494441549
22659,NG029,4262.750210119348,151.21701126239705,3.1192368657499423
22660,NG029,5126.3329165364175,144.49335729915597,3.068983610342835
22661,NG029,4476.247435897436,147.14049145299145,3.1101149550968827
22662,NG029,3563.0632728324535,140.6832019668812,3.2156951115029906
22663,NG029,4084.7516832749798,133.0423736421582,3.1767907319730013
22664,NG029,3128.468704512373,142.38362445414847,3.271292811671906
22668,NG029,1636.4158691993268,5024.756191392162,0.9929613551615507
22670,NG029,2934.628618621229,160.34364948274364,3.264479301582877
22671,NG029,2895.29442417926,2323.48815934225,1.5076435316683552
22672,NG029,450.11738777404014,1214.5800951165759,5.9963311360292515
22673,NG029,2956.290549233053,319.66402770905495,2.93859856497671
22674,NG029,2652.9929143561308,147.7248921749846,3.344225565726073
22675,NG029,2751.2913815693696,151.39598194788178,3.3170261337925653
22676,NG029,3539.2598787737497,2906.5987877374987,1.5224397503758929
22677,NG029,7332.593136915078,163.35688041594454,2.9271787733539774
22678,NG029,5215.62454164484,209.75098218962808,2.9306763358061363
22680,NG029,6745.627337488869,152.85674532502227,2.969669524006977
22684,NG029,4014.0961662817554,150.13090069284064,3.144978577442834
22685,NG029,3192.503197339813,139.1373577183783,3.2688006859428356
22686,NG029,4117.848451753823,144.03404856739047,3.148567198991206
22687,NG029,6801.254293725902,138.24202593760953,2.9986627701286523
22689,NG029,3458.502541757444,6267.193899782135,1.3136725260410473
22690,NG029,10209.646841240019,167.49647721935182,2.847967490583555
22691,NG029,1956.9939219449775,4524.820537428023,1.1062584434075953
22692,NG029,4050.696482087694,136.03702337590482,3.1731822398107403
22693,NG029,1553.8450648839953,3298.018482107747,1.0095814024019596
22694,NG029,5477.186151564186,150.44997303128372,3.034681763434957
22695,NG029,6168.629202015692,3592.137909038719,1.6542573438646684
22696,NG029,5973.240433590179,140.1563275434243,3.0309823468833086
22697,NG029,7509.652861860209,144.57127132636214,2.959482634951537
22698,NG029,1824.9799185888737,6977.976119402985,1.0170024123150332
22699,NG029,2939.018883415435,3734.32118226601,1.3603696668076617
22700,NG029,3500.5614923747275,140.99308278867102,3.2227387691879072
22701,NG029,5080.437135526009,151.6505714952181,3.056180313628335
22702,NG029,3560.9067981129792,179.4271803556308,3.1317190446952825
22703,NG029,4961.728814582328,148.04188797682278,3.0719865754185434
22704,NG029,5164.448028673835,4844.680792747206,1.517146597002537
22705,NG029,2536.7504157098742,2654.806635521419,1.3844721462721918
22706,NG029,7198.352291795461,155.70052106332244,2.9470648764941827
22709,NG029,6644.733892438765,157.5534478168264,2.963975226268409
22710,NG029,2380.405011878305,132.1073645490076,3.435723623343316
22711,NG029,4565.288079163969,153.28447239434016,3.0893925524133654
22713,NG029,3698.8633275513153,149.76720150332466,3.1793693341877782
22715,NG029,4675.352202187408,157.02830328111145,3.0727698930923495
22716,NG029,3429.7860425531917,5053.523063829787,1.3553627432238065
22719,NG029,3522.4952577821014,4394.37329766537,1.3996288359164182
22722,NG029,5188.316945606694,185.1102510460251,2.9797831925791685
22726,NG029,4106.67289563694,140.8631016935013,3.1567928939619074
22727,NG029,2255.0690330322745,1589.6859091770352,1.5332594048271015
22731,NG029,4575.102498910359,140.6789190759843,3.116731126087578
22732,NG029,2676.038433848369,123.07553857229883,3.3907265214124087
22733,NG029,4811.373276776246,1300.1981854601154,1.9828961144764934
22736,NG029,3929.4014743826024,146.4652414301511,3.1616968180120697
22737,NG029,4018.5688925585714,1738.984931365466,1.7841294294654626
22738,NG029,8388.40804427315,4501.914220772804,1.6745052173023804
22741,NG029,316.06364922206507,563.1242519856381,5.383750486765475
22742,NG029,1929.7407858951515,139.86176498171247,3.549770419450961
22743,NG029,4217.556400506971,139.09569074778202,3.1505181776938236
22744,NG029,5154.072850840586,139.6538690831048,3.0780555532860414
22746,NG029,1858.9896484192857,135.3250023314371,3.581019439885784
22747,NG029,7849.317004795278,163.5668019181114,2.9105464676499246
22751,NG029,4904.304554409549,154.04496465407348,3.062760426169577
22752,NG029,3153.6758163748227,2245.4506625650733,1.5653181988986193
22756,NG029,6603.041023292332,146.45321905260403,2.9888932349439563
22758,NG029,3465.501776275886,198.86751581318777,3.103252829395216
22760,NG029,1242.8897593732513,2719.354714605484,0.8571954474399538
22762,NG029,3463.9323418763224,158.88796143898423,3.187969774286004
22763,NG029,2859.5492344641248,177.93267787451217,3.241271503264805
22764,NG029,9107.708216151064,3588.306749698674,1.754571146404768
22766,NG029,6200.162866449511,152.08485342019543,2.9943693816339128
22768,NG029,3928.482780734945,135.16988392227282,3.187374533842528
22769,NG029,1143.204270235819,3977.0184831102615,0.7867580110428298
22772,NG029,3446.193929173693,3422.341483979764,1.4586391442092865
22774,NG029,1840.642841545964,7236.395734769634,1.017590423262125
22775,NG029,2658.3783950617285,961.3255401234568,2.0078037635559647
22776,NG029,2434.737829723354,152.31321037958395,3.3834483325167826
22777,NG029,2980.312401163087,149.5710350456563,3.2795270064163238
22779,NG029,4997.814241669631,141.89843472073994,3.083237959452663
22780,NG029,2206.7021346685992,4679.067663723811,1.1653099943709995
22781,NG029,2505.7204557985665,9623.68976291123,1.1197117683570494
22783,NG029,3785.6654439989766,144.30128806619467,3.181817767967004
22784,NG029,3539.228627259404,155.70501546979318,3.185354395778549
22788,NG029,3798.4428892595547,158.03277975197622,3.150024010668989
22789,NG029,197.1656144781145,238.45054713804714,5.034479537437513
22790,NG029,1475.633887585433,5906.801081301643,0.9235636561989187
22791,NG029,3704.215555954733,443.64523082450154,2.644420640022032
22792,NG029,2821.78817347659,146.18445612108854,3.3146169119612785
22793,NG029,7102.761684181416,164.1238246681416,2.933541420474564
22800,NG029,7615.675596865318,165.03253143794424,2.914790786482519
22801,NG029,1342.353343049736,1405.6826380032792,1.0379895003333959
22805,NG029,4703.153819077789,4346.528423090461,1.51338330379326
22806,NG029,2578.107349956509,147.27551464192518,3.360888800885552
22807,NG029,2965.8497081513533,4641.034940201641,1.311543420491364
22809,NG029,3347.2989110026288,151.02791338089872,3.220651351225704
22814,NG029,3219.021567106284,12833.815257305405,1.177329996534442
22815,NG029,2533.8437965662456,132.4632329122125,3.400340130339075
22816,NG029,2730.8687329079307,1364.1485870556062,1.7504435083182424
22817,NG029,2354.4496818711355,136.51178421005466,3.4335083047189277
22820,NG029,4063.5024374650366,161.2393510748821,3.115761699414967
22821,NG029,465.9141436963398,1307.4835065521916,6.063791940135079
22823,NG029,6520.077311185283,895.2042226189552,2.2156087734326126
22824,NG029,1817.0041364388444,156.6540664375716,3.56550033388675
22825,NG029,2794.858370392704,9887.087661114043,1.1586468106831496
22826,NG029,5916.692121663101,6272.7293275044185,1.4990459284358064
22827,NG029,4040.0124069478907,1363.890647728245,1.9103578870574436
22828,NG029,4587.023082595871,148.62234513274336,3.0979777140341818
22829,NG029,1383.676375015044,127.79456011553737,3.790305437946363
22830,NG029,5382.841577449519,138.3186746171568,3.0670068332607388
22833,NG029,2649.3431696941047,123.63488419204538,3.3947417422331587
22834,NG029,5687.484514014315,773.4496621847616,2.280050747019754
22835,NG029,4255.791221532091,133.01871635610766,3.1610388699301093
22836,NG029,6588.898603170008,141.03083158428024,3.001175853989266
22837,NG029,3244.829018770572,151.55573347566943,3.2339426921209893
22842,NG029,1403.1982534217818,5076.340666722646,0.9050420325157799
22845,NG029,3950.402791625125,146.63670526880895,3.1591638116747234
22846,NG029,4335.507865302949,156.30976733058196,3.1016682964533215
22849,NG029,5424.692321600772,149.83811475409837,3.0390229580308588
22854,NG029,7180.907694140066,140.43901858027633,2.9795919044503223
22856,NG029,5120.4293284936475,159.55607985480944,3.0365663131913254
22857,NG029,4369.075174585787,138.02601670546352,3.139638514226737
22862,NG029,1555.7446579845746,4440.414274876723,0.9759740605140389
22863,NG029,6065.727631146643,172.62747782280144,2.9584005403682294
22864,NG029,6009.131383910524,142.17403314917127,3.0247648394719735
22865,NG029,2063.188753195115,8189.192104515762,1.0569368570301596
22866,NG029,4293.446458364932,144.5457303200364,3.131404709307655
22868,NG029,2386.9609375,139.78443971893492,3.4193146490007935
22872,NG029,3378.7401332649924,149.3911953983712,3.219968698392856
22873,NG029,6961.660617178798,150.21070562798926,2.96690853538952
22874,NG029,1520.6429945152788,6095.091673196097,0.9373015799379246
22875,NG029,7174.538052721088,145.47867063492063,2.9690727374192987
22876,NG029,2632.9070815223154,144.24255274037952,3.3555006759924795
22877,NG029,5293.739771707067,292.146466589714,2.785889208429354
22878,NG029,4302.717683651999,157.02131552465465,3.1029575239372305
22879,NG029,6003.464505070704,157.8830881302671,2.9913772361365534
22881,NG029,4819.775858132278,152.18083568003652,3.072761864759612
22883,NG029,5473.030203027477,185.28452543224049,2.9630977660577944
22885,NG029,3876.0289011639375,7952.706746892878,1.312196658415098
22887,NG029,3681.3549556809025,136.01756647864624,3.21224727114977
22888,NG029,4553.757617321446,156.33055746056627,3.0836421914381633
22890,NG029,5425.834382135101,196.22086094559225,2.944480607950523
22892,NG029,5275.746238425926,203.51613136574073,2.9389647334151614
22893,NG029,8878.259106271124,159.0799098760796,2.8917355552424153
22894,NG029,2680.46758420862,795.9588011590004,2.1858448476404244
22897,NG029,4660.888973647711,140.66844660194175,3.110120166491438
22898,NG029,5641.0389123750965,5394.6591083781705,1.5190841668355564
22899,NG029,6286.367884083139,138.68670971943345,3.0194475187066545
22901,NG029,1751.937539987204,135.5317498400512,3.620032166153421
22902,NG029,6270.796378242222,172.49200081693783,2.9495008314496696
22903,NG029,4566.7252189141855,136.89036777583186,3.126027179747721
22904,NG029,1475.6284909645624,5693.202417272941,0.925909177246425
22905,NG029,2999.3949394939496,137.31925192519253,3.302766077794062
22906,NG029,3598.2894834084696,184.9927573719607,3.1154544329174323
22911,NG029,6907.514795173315,5307.912228114672,1.5825645281669227
22916,NG029,5572.205969779539,169.839360911568,2.9886269706117927
22917,NG029,5490.637302954034,145.14147569214467,3.0455229494650493
22918,NG029,3822.547630713236,129.19024287814096,3.212273563818606
22919,NG029,6729.3529791909,6481.697040196458,1.529225022300578
22921,NG029,704.5788578040978,2305.9765162344293,0.35553407398990733
22922,NG029,3510.6179896874405,129.06454898465847,3.248490959541985
22925,NG029,3056.6734234234236,119.42096002252252,3.3331485513119734
22926,NG029,1133.2894971252733,752.9480119847761,0.7188481528901725
22928,NG029,1706.6405969479354,1204.2092684021543,1.464791903277038
22929,NG029,2340.2419817690748,136.84090141796085,3.43637330689901
22930,NG029,4377.856003716033,141.25315475729658,3.1315456377632525
22931,NG029,5694.171741330145,256.32821267592675,2.8249266303933034
22932,NG029,3495.1484818452113,196.29173799441392,3.1047589171586054
22934,NG029,5258.997337489447,144.46886161439053,3.06070481205135
22935,NG029,2777.956091056291,137.73568911324887,3.340553164628163
22938,NG029,5039.5595739410455,2281.254231690199,1.744809032761032
22942,NG029,2107.095411176738,5770.2352567015,1.108824182769932
22943,NG029,4271.244864896141,136.1554706937453,3.1524307559535654
22944,NG029,4286.977587254439,7032.124215216364,1.3705154112047935
22945,NG029,3861.324575989358,189.7628034585966,3.075848724412636
22950,NG029,4325.260721009692,179.0774701903633,3.0540275230476834
22951,NG029,2328.289819249189,144.9035223234976,3.4240373846300503
22957,NG029,2332.1733370326697,2443.918498994243,1.361765960639021
22958,NG029,5130.294061606859,152.88885360431883,3.050277187204539
22959,NG029,3723.350170745589,153.9245873648264,3.167397811744051
22960,NG029,4905.421103838669,5915.457721563772,1.4527326457570993
22963,NG029,8766.302251971772,181.33250311332503,2.853508375726992
22964,NG029,4642.596097479273,167.74767607403066,3.052291260670517
22965,NG029,6626.060811159907,173.15825368121932,2.933534681442206
22966,NG029,3705.5805699219145,145.87800425920292,3.187251902143514
22967,NG029,4741.437644341801,150.9445727482679,3.0811482898991596
22969,NG029,3936.835355470413,149.5493827160494,3.154056048589619
22970,NG029,2674.2857744107746,126.05608164983165,3.3848217950591777
22971,NG029,1972.2472644950321,7074.855112564457,1.052083434985868
22972,NG029,1260.9986009094089,4396.82203567681,0.8479133294734319
22976,NG029,3992.7240047534165,136.00396118043176,3.178966615933361
22979,NG029,6107.401424797887,162.79268390298566,2.9763340962819886
22982,NG029,6821.518773090472,228.77850330784432,2.8270457221303698
22985,NG029,597.7754622535499,168.33660230871385,4.431410933905557
22988,NG029,1166.7112792297112,514.2167812929848,3.827266803830755
22989,NG029,5057.966679544137,156.98068379370292,3.046101210799228
22990,NG029,5112.343247863248,3343.616752136752,1.6173901795888979
22991,NG029,2506.8722734026746,1305.0004160475482,1.7321141789629595
22992,NG029,1390.4688226181254,117.50923057061709,3.7935284187539144
22993,NG029,2049.807907425265,124.44744455159113,3.536901985488313
22994,NG029,3971.4348297213623,154.44264705882352,3.1397133273901154
22995,NG029,7577.995901975248,1905.320875338087,1.917551533409028
22997,NG029,6844.991884057971,141.9002070393375,2.9889903577933876
22998,NG029,4489.95726774176,136.06537438236413,3.1340691514304044
22999,NG029,17572.275877701104,313.1079937540926,2.5876560917180504
24019,NG049,330.4864062685504,700.2446871660928,5.528609209498479
24020,NG049,2960.817231638418,125.78545197740112,3.3342682681472455
24023,NG049,1227.4494302712515,2851.4876474740345,0.8447416332307294
24024,NG049,1949.1590046393926,122.35422064228474,3.5707741269587685
24026,NG049,498.50114416475975,1671.5956807780321,6.252004898294243
24027,NG049,323.6804729435659,680.4232554765705,5.508735616305129
24028,NG049,268.9575711861211,562.1946696838268,5.395414563466328
24031,NG049,1147.7749529190207,162.44244350282486,3.921951603119392
24034,NG049,744.825427335759,1258.6272396512666,0.11379368496947619
24037,NG049,350.60641352039437,462.88527165375655,5.238068249631501
24038,NG049,2569.795998391313,1193.279408807561,1.8124964877918384
24040,NG049,265.85320972046634,578.511448237112,5.41277226276835
24041,NG049,452.1699258954302,1353.4035611362701,6.071712113495546
24042,NG049,253.2358602504944,359.14779169413316,5.159733679370175
24043,NG049,4948.844667247893,3994.3799767509445,1.5540426012528439
24046,NG049,569.2639009766947,1522.5250942848854,0.0022639180808775657
24047,NG049,317.8916077578394,539.1814391879644,5.354828198246443
24048,NG049,303.2777274374773,511.5360637912287,5.32688097490451
24049,NG049,227.0806658130602,293.0103072983355,5.087566766864222
24050,NG049,1078.8027888446215,3614.220008853475,0.7463927661958127
24051,NG049,1593.1995666154062,133.07283657206767,3.687669722765876
24052,NG049,195.0768386388584,254.1511825167149,5.061755821634719
24054,NG049,337.3203967977724,846.7336407935956,5.660214532894514
24055,NG049,1623.7894367096692,137.38874696640696,3.6697473718341413
24056,NG049,6007.999224054316,158.46576139670222,2.9899448815201963
24059,NG049,543.1447840191224,1001.2912753969609,5.9297017954631075
24061,NG049,983.688459770115,1127.0667586206896,0.462190349456666
24062,NG049,2641.485187736824,130.05313468825352,3.3829628203136672
24063,NG049,1595.4496644295302,903.4026845637584,1.7070423003861517
24064,NG049,1297.8666331152492,708.3355141754739,2.000378354149166
24066,NG049,1893.9506481336873,123.5748867718257,3.5865915581795575
24067,NG049,423.7451376610255,1092.4844657741853,5.895668422326805
24068,NG049,4679.694418291863,250.65453934095495,2.889385723833733
24069,NG049,665.1159537572254,2315.5967630057803,0.31255579653643856
24070,NG049,425.43154034229826,1187.5214955175225,5.956532832366059
24072,NG049,351.72868217054264,794.3983086680761,5.620757963437938
24074,NG049,196.47755960729313,255.60251179395638,5.062459753755798
24075,NG049,245.18149196603005,577.630038674694,5.416382528061143
24076,NG049,3838.8832733710237,131.27062988978358,3.205713092202102
24078,NG049,722.4259634888438,829.1933739012846,5.876413550714247
24079,NG049,2167.9632845617393,1108.4703951866538,1.7679317042065956
24080,NG049,418.6586279559822,704.7936470771872,5.5413452904079215
24081,NG049,546.8185589184206,982.1391150714395,5.914672705725982
24082,NG049,1200.8976018587668,1438.9867230935192,0.8641364575778048
24083,NG049,1061.0339644182286,3160.8181904671296,0.7304658978958515
24085,NG049,2138.6155129274393,378.2968214252618,3.012889372272419
24086,NG049,283.64903305024046,433.212831269825,5.238045256426426
24087,NG049,9271.163526288527,4760.054228179229,1.6843181434781633
24088,NG049,263.6252391720299,353.9026787267351,5.143666890554592
24089,NG049,630.5235314324974,2297.840261078667,0.2706001173470236
24090,NG049,290.85381010058455,469.8613407762389,5.281101490643641
24091,NG049,210.8545399939934,273.3347682450696,5.074284391232409
24092,NG049,296.93861029907805,559.6027434225321,5.385076570421492
24093,NG049,1960.1584702791863,118.37797055409615,3.5736135844670853
24094,NG049,519.3950953678474,1673.4042915531336,6.2779921470137
24095,NG049,309.77588579291364,700.8767629858961,5.527669856392393
24096,NG049,883.6767668072653,1682.7071533098047,0.4701232327617867
24097,NG049,396.8923463260181,817.0066601157332,5.656744825513863
24098,NG049,2632.861504395088,631.8928403677112,2.414767200773542
24099,NG049,429.1559902696128,1006.0465234137441,5.8380859767899125
24100,NG049,845.4316852737905,2338.5774587985115,0.5106147782026876
24101,NG049,356.2756955810147,929.6341243862521,5.733135612863968
24102,NG049,479.4379688802445,1505.2577799388719,6.169142287061504
24103,NG049,389.87239128436147,948.020961662223,5.766527865446718
24104,NG049,424.8872991415364,396.48602245212413,5.07455373251436
24107,NG049,233.95241957285754,212.15247364152475,4.94575305461089
24108,NG049,181.5505856107083,246.509648633575,5.0651076870792116
24109,NG049,340.8527792442869,620.8035296779545,5.444743883924391
24110,NG049,214.51247261082082,334.7990898365077,5.1589913511693934
24111,NG049,426.21927092874154,1150.5083348598644,5.935073465655285
24112,NG049,324.23155773611353,433.28911862624847,5.2120015776677135
24117,NG049,566.1068765534383,1454.1778908746596,6.252714399561179
24118,NG049,2862.8539171252833,180.68525412754937,3.2349508993431546
24119,NG049,950.5408514170521,2803.2052650302385,0.6365534232923643
24120,NG049,670.4544119610199,2153.283540248298,0.2938844565418084
24121,NG049,1241.4630520008877,633.415267401435,2.863802436601611
24122,NG049,618.3311058417762,2229.6605949558093,0.2457666355079674
24123,NG049,1433.2374607404588,1710.4052536404301,1.064249259000127
24124,NG049,3458.629013395705,142.70369976610675,3.2242506589861466
24125,NG049,619.7412385981758,1928.3098895823332,0.18915234408255796
24126,NG049,366.6504863627694,932.5175472057982,5.741041345189093
24127,NG049,345.4715528781794,693.9035029004908,5.523284245610282
24129,NG049,213.04513198978142,269.18577916548395,5.065588571748487
24130,NG049,302.7266283417983,267.0079254339454,4.965961230261204
24132,NG049,216.80114006514657,263.44478827361564,5.052591873599663
24133,NG049,4297.834818083424,133.38747814503373,3.156466807195241
24134,NG049,1692.4901813319964,2947.9048215927132,1.0888758703891706
24135,NG049,329.4415289516841,932.1949034943863,5.720601300572774
24137,NG049,1604.789469529523,1337.853725923587,1.3111334485126582
24138,NG049,366.04631815626755,911.0860033726813,5.724254120773406
24141,NG049,3714.7681694813027,349.8256936067551,2.792630202482637
24142,NG049,2449.809981085407,124.62891022843009,3.434391367241452
24143,NG049,243.93267755617725,375.6429925097013,5.189612780168295
24144,NG049,2318.5398547119116,123.53259030749328,3.466987581645331
24145,NG049,729.9994646680942,1870.7861884368308,0.3128042863638766
24146,NG049,179.68116013882002,216.67183936539416,5.019452769083523
24147,NG049,227.32308176760785,242.49511913508974,5.006767641484256
24149,NG049,7756.153487955584,3827.611892182323,1.6983237508332392
24151,NG049,449.1696936157368,1138.4025758414248,5.948635492216569
24153,NG049,314.4789033836119,773.9144924582145,5.593132894987105
24154,NG049,491.8078665766895,1312.9457244770076,6.095216031881665
24155,NG049,829.9177528089888,3136.970786516854,0.5475952640407518
24156,NG049,349.5531996619805,746.9148037182147,5.576280543400541
24157,NG049,504.4398633257403,1112.8014426727411,5.98451795501668
24158,NG049,3040.62690750545,129.16334475241356,3.31398708873603
24160,NG049,317.26759399531744,448.6996281503925,5.238127261743704
24161,NG049,1325.8840059159095,3931.6831819142194,0.8849720706790034
24162,NG049,850.2085919239139,873.2789554283872,6.152569131557372
24163,NG049,254.24266277939748,274.34392614188533,5.030341314741695
24164,NG049,311.70210748155955,245.24583772391992,4.9163924732362085
24166,NG049,214.7603177075222,147.4396511446815,4.84228057881068
24168,NG049,501.9408384361752,1353.5761658031088,6.1275935422154415
24169,NG049,413.75283183270403,1156.3762222867654,5.927327179702789
24170,NG049,983.0887157040675,3078.022846162058,0.6711068889761921
24172,NG049,827.9183257709047,1564.1811278822113,0.36703855259906243
24174,NG049,2402.475573713491,3642.4968706536856,1.262902049418304
24175,NG049,3229.717962021376,125.18024281415379,3.294585008260054
24176,NG049,1707.8079033351828,5956.072190370507,0.9992748406339944
24177,NG049,2816.448523773006,155.76303680981596,3.2954997185419144
24180,NG049,618.070112836339,1926.8969042337737,0.18677733021458498
24181,NG049,581.8055675442382,1766.2799956840743,0.100598380623929
24183,NG049,438.3887155838872,1317.7603417876035,6.039591366291115
24184,NG049,771.6394361809828,1631.7511097266568,0.30867013462809734
24185,NG049,385.66670054889204,1138.1601951616183,5.891970403894456
24186,NG049,461.58678374082206,1319.6717129664673,6.065337772379974
24189,NG049,494.9713459739818,1164.3495451067085,6.010781525982427
24190,NG049,3595.657190488725,676.0661577608142,2.348944649571901
24191,NG049,688.442410665501,1820.171074199541,0.24926156852533662
24192,NG049,2668.0652873563217,127.65157088122605,3.3827010187010735
24193,NG049,369.8104829976175,883.0141867013213,5.703717944558349
24197,NG049,432.75436167266685,992.0256161728054,5.829832679260924
24199,NG049,681.3326443230474,2745.2374132585264,0.3795134634550871
24200,NG049,187.76134172985476,236.47718802210514,5.042181783741967
24201,NG049,362.59986734887246,829.3593898048133,5.655285485614435
24202,NG049,604.603644459103,1484.7183377308706,0.03198588212211434
24203,NG049,2097.820252965669,138.00329955220363,3.49975501680659
24204,NG049,302.96183851865777,383.8436883165711,5.1554068341509005
24206,NG049,3139.455104222341,134.7059504721183,3.286494074077663
24207,NG049,4554.649947844228,6294.962534770515,1.4140662586096866
24208,NG049,907.8842855930045,2304.216147380932,0.5712781666227527
24209,NG049,1103.6734632683658,155.54670164917542,3.953765362735123
24210,NG049,4392.269404706968,133.27909552376556,3.148590548819111
24211,NG049,1093.7950255102041,3881.7798469387753,0.7572062043707677
24213,NG049,703.3460383295195,1262.0359696796338,0.05379318936181118
24214,NG049,908.215846864435,3379.4069806199705,0.621160029627654
24215,NG049,3508.063533160725,2817.286994622585,1.5292330909399654
24216,NG049,2018.9988657185238,3988.7234970770437,1.1454044880571999
24217,NG049,514.5022165022165,1695.4338624338625,6.27910741373203
24219,NG049,1772.9986288221583,136.38978015448603,3.610863545734247
24220,NG049,1395.0217630620714,474.91709712930816,3.3229514538312444
24221,NG049,3702.3511795859413,653.9324987963408,2.3731265960893695
24223,NG049,642.6480096684039,1382.8376765616738,0.035719460990926225
24224,NG049,311.56205533596835,676.9348390739696,5.5050483232642815
24225,NG049,2079.862960062647,2091.2795614722004,1.3408276384977522
24227,NG049,4005.9063006386427,132.754265560957,3.1851341211685167
24228,NG049,294.50204254867634,461.8398323518489,5.2689032110005245
24229,NG049,3053.491677122543,2592.4436637390213,1.4933683706669338
24230,NG049,390.02238962125966,790.0589035363047,5.628186432111883
24231,NG049,1136.070157883033,3478.411162997554,0.7823985347636944
24232,NG049,520.9670934292667,1414.684795259761,6.179372427517259
24233,NG049,217.5997433504433,242.6284414372375,5.017999294516795
24234,NG049,390.22366536147456,627.0846146499857,5.446027002014529
24235,NG049,1123.718940019518,5039.182418737332,0.776578055390696
24236,NG049,288.1624724906707,384.59458425031096,5.168025828013821
24240,NG049,2860.280385900942,133.6153904588271,3.334388615519536
24241,NG049,575.0100074682599,1206.6794622852876,6.12885937330005
24242,NG049,1619.107645091842,1441.2629288626265,1.278583477004861
24243,NG049,1329.7469828046567,3056.104346897362,0.9035874778177255
24244,NG049,2948.6018133736306,1045.4222704949,1.9769137439970739
24245,NG049,967.1770673009654,365.2908912830558,4.23776485379181
24249,NG049,1177.4869739478959,2597.705110220441,0.8128229512477959
24250,NG049,2005.9353205849268,2881.951818522685,1.2124206695381636
24251,NG049,271.1610197549939,409.03200529742855,5.214253228085409
24252,NG049,1040.48912379323,158.51723084443358,4.0022546854626
24254,NG049,5973.885515402843,134.59426836492892,3.043410359897677
24255,NG049,475.1715251865672,1007.4131296641791,5.875301394773947
24256,NG049,4937.801475015051,143.6748193859121,3.083332018132258
24258,NG049,597.9619418315493,1484.2140771975348,0.023166389046497017
24259,NG049,2692.9807675341863,125.36973974415527,3.382655861731215
24260,NG049,1556.9285104111052,1897.4179391350774,1.1232481914000843
24263,NG049,1457.2716193302247,720.9004874947011,2.104871611345468
24267,NG049,911.6503850830969,2750.9190312119986,0.6007933799649235
24269,NG049,2583.7593328038124,3669.601712117201,1.3000800105052661
24270,NG049,494.4029021652874,1557.731096247591,6.2071903234867545
24271,NG049,229.5806137359961,343.4925474914759,5.157826349953004
24272,NG049,1206.1307363927428,2792.2627534685166,0.8312151145032939
24273,NG049,269.5237311119721,608.0599573808602,5.441163921368987
24274,NG049,560.187214114572,1671.987802221738,0.04476665057552862
24275,NG049,730.2400290592082,1864.699382491827,0.31181481229135927
24277,NG049,258.94085964727003,374.6974337311226,5.176741561522623
24279,NG049,525.8059223689476,1060.6568627450981,5.9653083537730005
24281,NG049,3834.1607435230667,128.03091592025427,3.213726827488281
24282,NG049,611.5075612097936,1919.6350216034566,0.17704047155961583
24283,NG049,467.80285571142286,1501.686122244489,6.154165240221549
24285,NG049,2997.910386965377,136.849365502115,3.304029878723176
24286,NG049,6045.542151947551,149.15464712688006,3.0078368626644547
24287,NG049,4868.853404832666,459.9166558986949,2.57232095366886
24288,NG049,1882.3094769096083,397.5851389800832,3.079620699771179
24289,NG049,1036.3451881406068,544.9948407511866,4.4298666889610905
24290,NG049,3681.193487353117,931.9972117108146,2.1208403098932456
24291,NG049,611.0910841054025,1297.849115629888,6.231233412828477
24292,NG049,551.3971032614359,1207.7752422632072,6.101563787919158
24293,NG049,399.6846328741474,1099.848869867594,5.880309330713802
24294,NG049,1901.5535214020458,117.3768975177536,3.593455175008241
24295,NG049,1901.7363567776008,349.81515634168835,3.1790341515223286
24297,NG049,1323.244685200327,2522.8610997547016,0.9162112760823846
24298,NG049,896.7444444444444,1803.9084064327485,0.5069876963431356
24299,NG049,2195.8387427838356,1838.2738935214882,1.437237347074994
24300,NG049,3095.1810351457357,2902.097515957856,1.4607555231886147
24301,NG049,267.64766703749757,560.7160526143577,5.394228802398413
24302,NG049,5683.093922651934,133.63840179357834,3.0606435839308546
24303,NG049,698.7055214723927,1823.1786358715265,0.26293527468277805
24306,NG049,293.9084296661904,507.11059877906223,5.325467559577041
24308,NG049,3907.015039043671,3105.382531572351,1.542202121351458
24309,NG049,284.66156131068414,502.71577090875337,5.32418107020852
24310,NG049,2307.7398137951745,1136.0731804985485,1.788633815325407
24312,NG049,1121.442704475717,2027.5108454131837,0.7671750007195879
24313,NG049,410.16668555240796,954.0818130311615,5.7840496618452555
24314,NG049,356.208752266359,748.1208999505521,5.578716203762882
24315,NG049,1071.4515308360383,4441.126063689798,0.7463922886048822
24316,NG049,4251.331782004587,148.72285174693107,3.125791415064122
24318,NG049,992.4738519212746,3481.800562324274,0.6862972297141681
24319,NG049,339.35050896315647,541.8426267903792,5.3506234150971155
24320,NG049,853.9953271028037,2857.3749184959793,0.5547703020948626
24322,NG049,2995.3228564244405,1734.4403654345822,1.6589058926016087
24323,NG049,1766.4376644318086,2467.913604345243,1.161079563221823
24324,NG049,320.07535515750465,638.4951616224007,5.466118333896464
24326,NG049,650.9617956064948,1885.5390401146133,0.21784410032730536
24327,NG049,1442.5553456743482,3313.802921546405,0.956359953931511
24328,NG049,4821.93791290758,138.22533210201038,3.1037720115620298
24329,NG049,329.7060980080655,563.3694244164732,5.380202731272227
24330,NG049,2350.2547589733877,10646.899232881902,1.0836398686519688
24331,NG049,2937.906813063063,1118.8689470720722,1.924163605033822
24332,NG049,890.883780851641,3249.157919717928,0.6032342627875783
24334,NG049,4998.457135567273,5714.444463344106,1.4667803324450148
24335,NG049,5712.027380114214,154.05397793945085,3.0140875240216234
24338,NG049,3181.3540302782326,184.0183101472995,3.174179694638708
24339,NG049,4066.840378006873,251.48556701030927,2.934816853187347
24340,NG049,629.7441563184807,2341.216033601169,0.2761412943690915
24341,NG049,3536.3460205508604,142.7110719280112,3.2144327824292818
24342,NG049,2569.285523525253,1319.8019008718875,1.7387402657558704
24345,NG049,274.3034504998388,578.4885520799742,5.410894974113828
24346,NG049,1216.7425051782404,547.0451324539409,3.5677070727232896
24349,NG049,1059.2304913294797,4116.575746628131,0.7373471844579794
24351,NG049,3876.134909596662,159.5731050069541,3.1383150374299396
24353,NG049,4627.744801663468,140.2604766474728,3.113583174494034
24354,NG049,2248.427609067579,4635.604897348161,1.1767464715141174
24355,NG049,3264.5891126025354,287.55008699975144,2.9545929926151495
24356,NG049,2046.0744760791517,2897.3745512231776,1.2241718454677661
24357,NG049,813.3591998241371,2771.8762365355024,0.512209176353124
24358,NG049,1312.6745288099085,1845.2859450726978,0.9468375511982698
24359,NG049,2677.6137085295086,2926.62651921603,1.3831023603956147
24360,NG049,1275.9522475189726,4748.037478108581,0.8525183024414847
24362,NG049,7275.502721705602,246.0819913812656,2.785696379605668
24364,NG049,7549.996364603653,152.5652597978365,2.941635934757915
24367,NG049,1894.9205607476636,3449.415258806614,1.1347020356762505
24368,NG049,3898.215134931119,141.5692583506322,3.175933491053513
24369,NG049,714.6598212385614,2003.8957224941478,0.32018749397349155
24370,NG049,2535.476522298456,5081.070593910807,1.2196059317707806
24371,NG049,351.6826839287937,493.8609485870783,5.281561315465844
24372,NG049,4352.211984536082,4229.588365243005,1.4927626883392162
24374,NG049,3986.583103003501,1501.8101160862354,1.854559847084176
24376,NG049,500.9847123057539,1184.7262494750105,6.03043505256241
24379,NG049,298.4911087866109,564.6875,5.390305959177584
24380,NG049,299.0713260619977,476.87327784156145,5.285707984751245
24381,NG049,434.90918336214787,1246.371402420421,5.99894482220592
24382,NG049,405.5133883177042,916.0025985764321,5.7499322870645635
24383,NG049,2609.8187210180095,2465.888493475682,1.4270379408997727
24384,NG049,1486.0403403256564,139.12505500953498,3.730972394071595
24385,NG049,747.9421607857403,3437.302928337577,0.4906313970646572
24386,NG049,458.6661864284685,381.985736925515,5.015951445023693
24387,NG049,926.1645688742501,2679.763321962122,0.610346253920128
24388,NG049,339.32902917264465,405.9641319942611,5.160701987724222
24389,NG049,234.1780755176614,440.4981729598051,5.276769788249056
24390,NG049,538.2217206824953,1953.924347747585,0.09553672715727181
24392,NG049,873.6461556222581,2409.002770722697,0.5449249799425968
24394,NG049,4019.6774624717254,142.77267119062307,3.1608984438859853
24395,NG049,543.0918287259092,1685.2522891776403,0.027797464906207683
24396,NG049,483.70796296296294,892.6312037037037,5.775354052751879
24397,NG049,678.9361919821412,2381.0910612966236,0.3368752343624216
24398,NG049,3116.43229438132,1796.3030334618993,1.6609155157414837
24399,NG049,1179.2704763697986,3262.045565806816,0.81000321296039
24400,NG049,3408.9629858112276,3052.006257160483,1.489513648196378
24401,NG049,1276.3748013139768,4056.991840627318,0.8585757726697605
24402,NG049,429.28489250719053,464.9366743040998,5.190936159062726
24403,NG049,551.2655347246787,1722.8072161301734,0.04969086164886066
24404,NG049,885.0730806608358,2763.3960155490768,0.5777488240921359
24405,NG049,1512.965973125271,5801.465250686317,0.9380279423642122
24407,NG049,324.50629608621665,730.5465683494044,5.556745691347624
24411,NG049,3631.5168697670565,231.2169443753627,3.0177066389194147
24414,NG049,458.955194092406,1416.2679373316037,6.108167897035187
24415,NG049,7427.425549088746,150.0538680487701,2.9508019713485347
24416,NG049,322.21433657726084,869.0617137431759,5.671463252569436
24417,NG049,690.9137488618492,2221.2733217448886,0.3281911270513537
24418,NG049,417.9237731733915,1302.0056706652126,6.010609978202155
24419,NG049,246.78397306397306,393.6961616161616,5.211210374970486
24423,NG049,462.6612105899154,1421.2766121058992,6.114554710914753
24424,NG049,1067.101354659703,603.1899787824384,4.573614703401536
24425,NG049,2065.002220720286,460.15409867722315,2.8484615938445796
24426,NG049,365.31496253323667,857.5986826202562,5.680572099765217
24427,NG049,1539.7027295664807,582.4625735912532,2.7317330793781953
24428,NG049,1012.892552636158,943.886288498347,0.3982752898531471
24431,NG049,2072.7991137370755,213.17350301102147,3.375343798254757
24432,NG049,518.7287105897141,1954.2919241646591,0.07200672634070122
24433,NG049,275.7321047308686,420.2390156197325,5.226037694179831
24435,NG049,289.2269592476489,729.1673981191223,5.55065054058187
24436,NG049,1666.7556148543474,2520.780186791194,1.1100271461336895
24439,NG049,1202.8134120530244,4033.9659128884928,0.8200334600105519
24442,NG049,202.55142857142857,161.35460317460317,4.887863464289801
24443,NG049,4629.902265100671,126.69819630872483,3.1448009880848984
24445,NG049,527.8962223806129,1251.8526015680684,6.1019589116400175
24446,NG049,1408.5759793572602,3361.723621862538,0.9379302038337044
24447,NG049,203.58093457943926,252.95065420560746,5.050448293564748
24448,NG049,1800.993349718086,124.15996819430389,3.617372955838224
24449,NG049,3652.906764395304,1866.208025343189,1.7138224556261215
24451,NG049,1182.5151460020013,731.8522696261257,1.2280802506005057
24453,NG049,852.8783967391304,1584.5106754658384,0.40715684555700626
24454,NG049,513.8992601601298,1606.7390290868552,6.248605976619469
24455,NG049,392.6291460832745,1008.0786285579863,5.813085158548245
24456,NG049,3068.6081628975585,653.5770790161275,2.3768056724473903
24457,NG049,1793.193394620361,124.5943139257746,3.619539174392739
24458,NG049,334.8914844492734,748.4468287382861,5.574963239009806
24460,NG049,1931.9899341850562,1581.3752742289328,1.4103755498347796
24461,NG049,254.39969585603853,334.5612723355722,5.12355383320147
24462,NG049,216.09957924263674,293.4502103786816,5.0991384991939945
24463,NG049,278.13930727677155,520.9857006673022,5.347914251580058
24464,NG049,436.8392776861981,981.6188371047505,5.824489750110425
24466,NG049,3063.0854608002896,5277.821835958718,1.2981393627831048
24467,NG049,3135.451411960133,133.5215254706534,3.289717637349649
24469,NG049,438.10682046138413,1476.088891675025,6.110050521484643
24471,NG049,324.5405405405405,622.8556616961789,5.4490323200009705
24472,NG049,4670.367391057003,16819.01308453749,1.2605894978714
24473,NG049,288.3049645390071,704.0028038924625,5.528860498525011
24474,NG049,4103.432548072083,1277.0986610288935,1.9513816394811117
24475,NG049,2487.7879195835576,134.50511577813677,3.4063204991734866
24477,NG049,351.1815443922419,900.626189615709,5.708596738304847
24478,NG049,467.1379692785449,1085.740531248267,5.9291360592239135
24479,NG049,637.0185528756957,2030.9359925788497,0.23200806507258062
24480,NG049,2840.039261460102,125.93237125070742,3.3544664732343046
24481,NG049,2161.9588522275003,139.6009115419181,3.478423771126434
24482,NG049,3853.2423399390245,601.3488948170732,2.4308933728998525
24484,NG049,3820.82899113082,135.25840724316333,3.1984785197772525
24485,NG049,168.7998257671087,196.72587358435777,4.999216729027126
24487,NG049,509.9060223840824,1128.2915260259372,6.001296020806985
24488,NG049,4261.090363854458,120.84556177528988,3.189230505353851
24489,NG049,5091.636085626911,168.817999126256,3.0189031422129045
24490,NG049,1413.947949267007,111.88469774337013,3.786277780186432
24491,NG049,1840.5131498470948,2035.0013979903888,1.2541286486667031
24492,NG049,444.7922092253366,1131.4036636504084,5.940015626018772
24493,NG049,474.9679822943563,1202.6293618590926,6.01448153719191
24494,NG049,523.490241397021,1799.873822975518,0.03805852590804256
24496,NG049,351.63759424263196,666.1752056202879,5.494224006620504
24497,NG049,1867.4331210191083,1563.536093418259,1.3852555431682463
24499,NG049,175.75329842931936,171.34816753926702,4.94371350796261
24501,NG049,779.6716023268112,2349.75233562489,0.4427563153896842
24502,NG049,553.1255637313078,1701.315096131023,0.0453428439037939
24503,NG049,655.7153183635804,2206.7516148877266,0.28544687093459103
24505,NG049,202.5775474014459,182.21620515618605,4.928979103322682
24506,NG049,663.1903175832688,1636.9450813323006,0.1654095525716038
24507,NG049,1004.8440048490191,129.09786202336346,4.017766022157245
24509,NG049,190.277506827936,235.40977370269215,5.037536296122521
24510,NG049,245.29254799869835,212.00650829808006,4.931876622880775
24512,NG049,204.73439787092482,135.37928587269906,4.829422587517079
24514,NG049,509.6198191746486,1653.257183779429,6.259421128525739
24515,NG049,745.5974445447205,2473.1732769676532,0.41966976971581865
24516,NG049,274.4922039146301,651.5870839323234,5.481631790020649
24517,NG049,4121.2559874834515,2766.740281622337,1.6025310165488247
24518,NG049,1347.5392208575088,942.0472458744631,1.30643539315861
24522,NG049,1559.4027405792588,2845.7374649641856,1.0342995813076645
24523,NG049,1867.5265192376844,876.638529306005,1.9213007804206848
24524,NG049,1728.2772808586762,351.6918604651163,3.2768839079286907
24525,NG049,310.50535045478864,650.3303905831996,5.478843653718459
24526,NG049,328.352176088044,701.7988994497249,5.5299607996623585
24529,NG049,3344.500041949828,125.12450708952093,3.278895059941209
24530,NG049,1007.5508166969147,113.09765073603549,4.0092985562562005
24531,NG049,2386.8609841062485,2242.7602873938604,1.4086058720516337
24532,NG049,1264.4324645488393,1382.5733185455122,0.9508076828810281
24533,NG049,3842.5361792310023,126.20115046927036,3.2171049501014886
24534,NG049,512.1177810797425,1090.610004952947,5.975566428930842
24535,NG049,1253.8359439406431,753.877463838717,1.5379839236923134
24536,NG049,1196.8811618966254,763.985305425032,1.189360560106246
24537,NG049,277.11698165264175,497.0314526141537,5.320783251391512
24538,NG049,1514.6818181818182,1321.0795053003533,1.2417236529908746
24539,NG049,3129.503977574059,1275.2314569285552,1.859261694887291
24540,NG049,377.89647766323026,995.952892325315,5.794362439461848
24541,NG049,709.7239187850776,1019.5950808847805,6.14321659113136
24542,NG049,2589.0311614730876,121.6941255404801,3.410774756791522
24543,NG049,250.2385974650754,389.1647700989916,5.2027889522215975
24544,NG049,275.2602368526696,555.9786230429546,5.387192096835604
24546,NG049,1916.7308768656717,351.55519278606965,3.167595903412577
24547,NG049,369.6297575257113,1168.5759327377825,5.89557944120223
24548,NG049,461.0624187256177,1398.6382025718826,6.1026254086662135
24549,NG049,203.9892904953146,244.37843682421996,5.036283029565208
24550,NG049,3287.9187905468025,129.08700185356813,3.277598078048448
24551,NG049,1120.1986416558861,1245.9199223803364,0.7507892111200517
24552,NG049,4350.926051188299,149.29159049360146,3.1158068384949296
24553,NG049,3948.028708723509,3515.942952193199,1.5076542034098523
24554,NG049,196.1793439505586,320.76871880199667,5.156492619698611
24555,NG049,1675.1558654634946,411.9337161607875,3.1767743447892762
24556,NG049,1180.1522460054266,1166.590367802231,0.8570642947747373
24557,NG049,519.143372744244,1860.2102053515869,0.04910065666377004
24558,NG049,476.2796463844188,1495.5847779542787,6.161567050906592
24561,NG049,365.1142881100117,723.4642797249707,5.555582956333827
24562,NG049,552.3020815413728,1933.0510063650438,0.10771982831257759
24563,NG049,318.24432542718694,757.0445039530732,5.579455807982062
24564,NG049,412.2470930232558,700.4297195622435,5.535509373503647
24565,NG049,298.4958080067072,187.4219241249214,4.819452208158642
24566,NG049,1788.450448633935,1736.9233793729206,1.2921421143477823
24567,NG049,296.455704033655,537.3787428854243,5.360058406212409
24569,NG049,558.8591320491994,1590.6434207472732,0.015132845127330886
24570,NG049,227.547319505837,285.79315425592205,5.076119752478763
24571,NG049,320.17247186710557,727.5978718517952,5.553427180002607
24572,NG049,832.8615775519222,3420.021321254971,0.5621898514683622
24573,NG049,287.2309606769537,602.7461423593828,5.433173925880584
24574,NG049,2926.379797125951,133.10929839391378,3.3240544782151624
24575,NG049,888.3016494690065,699.1075544174136,5.643775899609076
24576,NG049,329.3675311021552,781.9561941475381,5.603655117354358
24577,NG049,351.5199674829794,1093.5366324560512,5.838324345525687
24578,NG049,5506.57540687161,142.69895117540688,3.050022319063039
24579,NG049,3228.6410497270003,6074.007867081547,1.2922083589995776
24580,NG049,234.12231298366294,252.41867297219835,5.015793012407301
24581,NG049,2308.808035714286,131.29226576994435,3.4546954889034778
24582,NG049,1055.461448702989,1295.7432007898753,0.6476045104189857
24583,NG049,349.28595844202573,775.9309166141945,5.603367902080658
24584,NG049,2975.0864032150034,120.68577169648837,3.343187622652393
24586,NG049,2847.4567505720825,126.76659038901602,3.3513655924671943
24587,NG049,5941.779796091002,129.750589911402,3.056075549369391
24588,NG049,340.78471731448764,795.1212014134276,5.6182066096807155
24589,NG049,390.06413432424995,1087.9617396091385,5.864952280671521
24591,NG049,3518.0836433788068,1906.3158329888383,1.6880274656572465
24593,NG049,2730.471083070452,1002.7396424815984,1.981635501880607
24594,NG049,1717.060485108996,1415.109303039607,1.3568650358326753
24595,NG049,177.5326696044829,177.3733746803765,4.952727008894227
24597,NG049,1224.0757769263516,2902.3187526607067,0.8418272187316841
24599,NG049,444.87065142714386,1248.524639310474,6.01019751932885
24601,NG049,255.48167194092827,365.2728111814346,5.16644700736895
24604,NG049,1619.0538413588904,239.35741000467507,3.54536835057909
24606,NG049,3342.592909613542,127.68284893005429,3.2733221277603497
24607,NG049,4345.156200463358,6411.725521277893,1.393855297950834
24608,NG049,317.62204400575774,604.380320789636,5.429906269434144
24609,NG049,247.99669589528528,426.19278180200786,5.251407272629232
24610,NG049,836.9011252813203,1916.5165041260316,0.451727412883269
24611,NG049,238.22018348623854,414.31305575158785,5.243066237834578
24612,NG049,2793.907976713308,1029.798386273108,1.9685656115026917
24613,NG049,1375.005790223066,2241.394494542003,0.9652581102041704
24614,NG049,864.7391069887834,1439.5806729939602,0.38271956163729326
24615,NG049,838.982408443947,1748.5565328642251,0.42512354206113895
24618,NG049,191.04182464454976,237.89609004739336,5.04065381618659
24621,NG049,542.1606757271688,2262.8104915534104,0.16230354418211898
24622,NG049,689.5838284981941,1556.8614703483631,0.17336930550454463
24623,NG049,519.0841852609121,1976.5748955462707,0.07764334931969118
24624,NG049,473.6451639547369,1116.2859502766994,5.956883906448603
24625,NG049,3011.794287048568,1422.1869551681195,1.7733774027844735
24627,NG049,262.35730719215763,463.0764229268781,5.287798158669841
24628,NG049,744.285969028625,1514.5493195682777,0.23355640500888114
24630,NG049,328.439706230751,700.496801705757,5.528701226633193
24631,NG049,3241.9879219060226,130.85688285903376,3.2800563904785034
24632,NG049,2815.843251088534,128.14429760904437,3.354007937502497
24633,NG049,633.991495393338,1991.1613040396883,0.22025785312325372
24635,NG049,603.1806771745476,2181.974605954466,0.21993694250344778
24636,NG049,2600.5348567348033,1967.4474694278317,1.5180878386353813
24637,NG049,534.4655325882702,1341.5792701018693,6.159682023423212
24638,NG049,303.6055064935065,430.6055064935065,5.221771391673126
24639,NG049,727.7735971456374,1862.3839333982053,0.3082474747922724
24640,NG049,958.3951187335092,3853.9823218997362,0.6687898125607717
24641,NG049,513.7292439929673,768.6199453018168,5.643824683178026
24643,NG049,367.07093041686477,909.9379457917261,5.723895171528408
24644,NG049,2395.400586827272,1171.2265462126477,1.7866091273727651
24645,NG049,772.8017998941239,2089.6104817363685,0.402613314173862
24646,NG049,647.7660898923824,2028.3574593796159,0.24443710974649063
24647,NG049,581.8473516103273,2139.692706947032,0.18704855357787847
24648,NG049,992.9666228934121,2678.827752243379,0.6681259267103195
24649,NG049,1256.7206716587248,2892.550941683685,0.8630263758082102
24650,NG049,506.0022302463891,1602.5845369583687,6.237550297678767
24651,NG049,562.0991310733081,1823.601762330192,0.09202155570164505
24652,NG049,1642.02043070127,2197.0958724461625,1.131538130283436
24653,NG049,379.49913827389634,603.9049449821026,5.418381935564495
24654,NG049,484.13183503243744,1667.8909870250232,6.233504804914634
24655,NG049,637.1142812353033,2053.5845743847,0.236560770486127
24657,NG049,3281.6979478409576,5294.762291577597,1.3267979711678952
24658,NG049,281.16124614857927,453.1939404313591,5.26533666247425
24659,NG049,2178.6024601888053,1514.4309144655288,1.5361371348639727
24660,NG049,1111.0581241743726,3085.8410132877457,0.7650232261979599
24661,NG049,373.30702490904,543.2366358802127,5.340184150080927
24662,NG049,252.21459600347524,249.68780770344628,4.991106259718332
24663,NG049,202.67719907407408,228.11388888888888,5.010993529475817
24664,NG049,257.6600315050838,367.46455678075324,5.167748309510478
24665,NG049,259.08970634246634,433.6578912081527,5.253798440012218
24666,NG049,608.3436769394261,1474.0046758767269,0.03229435831417766
24667,NG049,331.8762613892427,484.6178113059665,5.2789889625942195
24668,NG049,1447.971980413493,135.53522850924918,3.7526276386611244
24670,NG049,324.20933993732945,1068.9010411402,5.804028992305858
24673,NG049,243.76257995735608,255.59029850746268,5.0104791737576795
24674,NG049,236.0692878338279,488.0654302670623,5.3288865028974595
24675,NG049,2641.286604361371,3039.6411000107423,1.363940619904183
24676,NG049,238.1313706086096,461.6394111825829,5.298794707621563
24677,NG049,969.7715298609218,2851.6466321243524,0.6542368373529728
24678,NG049,1058.7010471793717,2017.332169800698,0.7058335350945786
24679,NG049,983.640374428561,1431.2451200928815,0.5596389206259722
24680,NG049,1172.9138616270582,2487.5041771433207,0.8102421106822159
24681,NG049,513.4371057036178,2113.007596240505,0.1003095761819011
24682,NG049,936.3212492616657,2565.889323685765,0.6140647224331861
24683,NG049,3092.036357400103,2042.0076316240782,1.5963843965722588
24684,NG049,325.4461884938238,1116.2753019859415,5.831384870736536
24685,NG049,1964.8359383785,4188.537051613629,1.12110632360021
24686,NG049,604.4112192860455,2632.180922577654,0.28574490539145153
24687,NG049,3287.474852849691,128.46169306599035,3.2790720697784863
24689,NG049,2664.561732644865,1093.8799770510614,1.899323849389609
24691,NG049,5581.496009122006,136.2697131830541,3.060234598949317
24692,NG049,873.2768460284184,3412.2398089913813,0.594662548962864
24695,NG049,497.44932614555256,1280.2559299191375,6.083861548641508
24696,NG049,921.1450381679389,3406.6996988584633,0.6319241396201651
24700,NG049,380.5552332327686,913.2689719192388,5.733731173377333
24701,NG049,593.9847104247104,1864.3630888030889,0.14206620173639486
24702,NG049,430.6809829782437,1125.6595648743096,5.92346940764485
24704,NG049,444.90028653295127,1277.9760028653295,6.02607516583396
24705,NG049,701.6185900314324,1791.526088908846,0.25898088469442043
24706,NG049,294.79385068280317,477.222912748385,5.288336437384837
24707,NG049,423.8295714753026,1122.023334423727,5.9150474587040955
24708,NG049,2437.37630189756,128.03581110001426,3.43045367615478
24710,NG049,1120.0941662226958,1424.2395666844254,0.7567745090555023
24712,NG049,327.8809800128949,614.1526756931012,5.439070499226034
24713,NG049,797.3438811574995,1416.4409100949856,0.2729558759521589
24716,NG049,812.3702437574316,3183.5781807372177,0.5345765079997408
24717,NG049,1315.4569160997733,2520.2509157509157,0.9111575361396641
24719,NG049,333.34830866807613,595.7221194503171,5.417342913047183
24720,NG049,309.70029148448884,562.838850718301,5.385185539622876
24721,NG049,280.5787578226473,426.2216908725942,5.230780171574645
24722,NG049,632.3819406115465,2038.1331272767413,0.2278547595572476
24724,NG049,4286.325048819457,130.21249778093377,3.164855908422518
24725,NG049,507.284335839599,1557.65664160401,6.222627895589377
24726,NG049,1843.6611672875642,620.6683519602625,2.4892866524415567
24727,NG049,417.5896537922754,186.5814488693216,4.674610271315839
24729,NG049,320.5003255738239,502.7173205274296,5.308362296326283
24730,NG049,2526.3015304012133,126.51165035157865,3.4139684171746
24731,NG049,296.3942470389171,634.5646603819192,5.4640307199219205
24732,NG049,3012.2797154259933,125.02195037306959,3.3276290270533395
24733,NG049,2502.6136172006745,717.0137015177065,2.2821798097325696
24734,NG049,340.5574768896139,663.4805872756933,5.491468966310116
24735,NG049,1001.5125735294117,3348.858455882353,0.6904778908229018
24736,NG049,259.17733517946533,286.9090424965385,5.045681286006126
24737,NG049,493.38300616134114,1505.8971199312223,6.185828258455992
24739,NG049,235.36050843743152,222.08667543282928,4.96203607380969
24741,NG049,406.2280142508907,815.1376336021001,5.658422008153907
24744,NG049,328.7364989783011,812.1601634718303,5.629024240990066
24745,NG049,516.4348850913376,1656.6617560400707,6.268856935816558
24746,NG049,249.7542552212715,337.17913331493236,5.131472258190998
24747,NG049,272.2724584103512,415.9489833641405,5.222671033835299
24748,NG049,649.7177049180328,1714.0515846994535,0.17158846566240268
24749,NG049,2026.8780402245088,782.466791393826,2.129718362464954
24750,NG049,593.3636166835041,1714.6923798527926,0.09990785301907643
24752,NG049,607.720137376445,1649.4264533422684,0.09749925109482926
24754,NG049,254.22780818105926,434.24487524348393,5.25747496744734
24756,NG049,399.146770882678,641.8989420495816,5.463771374259819
24757,NG049,286.9162652834383,332.7644806718538,5.09150800014225
24758,NG049,318.0,536.4619201190771,5.3514973591468005
24759,NG049,2090.3680997420465,2735.9416165090283,1.254083407964173
24760,NG049,233.3428,346.5,5.158759281267796
24761,NG049,209.46072703667642,351.7893541058098,5.18569206465023
24762,NG049,797.5502867677181,1893.372285948382,0.4004293499848583
24763,NG049,4518.716010585511,134.89943764472378,3.134427265253388
24765,NG049,375.9536602416858,769.1158493957855,5.6036258674659045
24766,NG049,463.4182625863771,1372.0825271470878,6.092962862922589
24767,NG049,666.0921617348091,2380.3141329719147,0.322497809208923
24768,NG049,1003.483468603161,1088.261426740709,0.4840197337920218
24770,NG049,1662.2436947264985,4132.636204825854,1.0241060276790224
24771,NG049,248.8241792277514,329.347098905637,5.12091209296622
24772,NG049,632.9945022580011,1916.347535833497,0.20272567297021396
24773,NG049,880.9822971370489,1044.2728273759105,0.18522936390235017
24774,NG049,283.55528455284554,350.86959349593496,5.122226601896103
24775,NG049,1146.8517994656609,357.84755618418984,3.9171253708694866
24776,NG049,734.3695931202669,2256.044089333847,0.3821506531746423
24777,NG049,1370.1556116846036,1866.4617834394905,0.9926245833861966
24778,NG049,3794.2095105305643,131.6275776032876,3.209695131988382
24779,NG049,720.8090315560391,2448.6985249667514,0.39069578667208815
24781,NG049,1078.3204041720992,1251.6238591916558,0.6797469439314778
24782,NG049,554.1951951951952,1552.1822276822277,6.278135167751022
24783,NG049,337.8941940412529,811.442704354469,5.631342395808143
24784,NG049,275.43412322274884,421.9522906793049,5.228492144677545
24785,NG049,6066.984372959561,136.83406607756933,3.0338162692893698
24788,NG049,305.8855727262003,583.6125987967441,5.409399727753594
24798,NG049,279.7413594470046,582.2298387096774,5.41355859337528
24799,NG049,458.7680706668103,1410.1556608854896,6.105241005852636
24801,NG049,1270.5968503937008,3035.7399446690783,0.8690482325919903
24802,NG049,4754.251796076264,730.2560099474994,2.3045490977311918
24805,NG049,256.0434676135668,176.34553691686054,4.849298422196567
24807,NG049,404.1866487304523,1261.0756684042374,5.9763414032467725
24808,NG049,1696.8797232156742,126.21264189084124,3.653148263177197
24809,NG049,5650.67858172384,137.76448544249064,3.053048094922111
24813,NG049,3084.066106746139,123.08778108913573,3.3207345895083282
24814,NG049,2045.8645316603443,127.39604610446455,3.5331365127412537
24815,NG049,8351.46439536496,433.32177874616224,2.5395219832727483
24816,NG049,334.7470917707885,653.2741634353009,5.48081350905637
24817,NG049,540.5470807453416,1043.6378881987578,5.965522825039603
24818,NG049,309.88575172742435,829.6449845127472,5.636802957190537
24819,NG049,263.12443907490507,405.6947704521919,5.215380354952585
24822,NG049,291.40358395013635,648.509544215037,5.477977857414614
24823,NG049,740.38717120443,2629.046954314721,0.4293755453195121
24824,NG049,3849.71,16356.16761904762,1.2064499337882622
24825,NG049,434.7018210609659,1147.014726840855,5.940688020323729
24827,NG049,2338.0913122354364,1595.4033460995768,1.5570081265594464
24828,NG049,515.9186094920899,1230.7838259783514,6.075667581476311
24829,NG049,336.6730564430245,698.3232645948301,5.527164814937921
24830,NG049,1393.8095837831354,2120.152572867938,0.9870870339627743
24831,NG049,305.5311346295841,568.2032980556239,5.392379370168226
24832,NG049,5983.095574699949,137.77372800235622,3.0358025965360524
24835,NG049,2382.286060279871,121.91079117330463,3.455033068329424
24839,NG049,249.35897435897436,231.35965209533492,4.962254289531904
24840,NG049,1464.2359719882988,123.29545253080401,3.7545898984372204
24841,NG049,359.74564733603876,1086.5352794868438,5.840420338865517
24842,NG049,310.51368896415465,429.2771662432966,5.215389534985184
24843,NG049,1052.2762710688771,3669.57557050704,0.7295625778749162
24844,NG049,451.2251152698671,744.2164361269324,5.59445040788914
24846,NG049,422.2411293721028,930.8280657395702,5.772489567189232
24848,NG049,490.17531285551763,1158.090443686007,6.0016920934621805
24849,NG049,4414.65741930607,137.33517272658554,3.1373683672530257
24850,NG049,221.1313711414214,164.02602297200286,4.868764043655598
24851,NG049,2540.6958896500646,1403.9639881503426,1.6902982216894635
24852,NG049,246.6992850759607,214.31099195710456,4.934457243855535
24853,NG049,1726.309539805173,512.8894020826335,2.8559745717896807
24854,NG049,282.0643157010915,577.5010355443604,5.4081411113356435
24858,NG049,5032.618033028605,544.8336036567384,2.4734573917368987
24861,NG049,496.1851965601966,1268.4706183456183,6.075857117664424
24862,NG049,2129.1818628655687,131.94101744900468,3.5012133618822157
24865,NG049,261.911723753829,412.9348370927318,5.225666186119131
24867,NG049,243.5992057059491,330.436456475928,5.127191415148694
24868,NG049,241.44918065748467,414.7307730974163,5.241473327028802
24871,NG049,842.0048697534204,2981.73340032465,0.5505702409552301
24872,NG049,1280.478111414417,1396.785967040744,0.9681332889967409
24873,NG049,182.22767231494458,203.84800611542872,4.994436544220766
24875,NG049,3249.967751490244,194.08160242882002,3.1429008275741754
24876,NG049,2271.8601444851447,7020.496336996337,1.1175381969426004
24877,NG049,3111.7074687053682,746.2965638914559,2.2645326104907997
24880,NG049,559.1892496111975,111.89298211508553,4.366695375967464
24881,NG049,275.87145732014085,405.694197551568,5.206499813747203
24883,NG049,282.2743760882182,407.7302669762043,5.204782073326925
24884,NG049,334.96032298482527,572.8011972713351,5.390065892054922
24885,NG049,6003.259157737353,146.92640584766175,3.0146781793661224
24886,NG049,310.3246736120269,470.68521693261243,5.271776705106872
24887,NG049,1216.7766252858544,2757.8952956550147,0.8389020672498456
24889,NG049,4565.1232308262315,140.44423860689145,3.118049483166948
24890,NG049,330.7672285789152,539.5874748886365,5.350820451240342
24891,NG049,13097.529754685238,324.0767244414883,2.60316720580305
24893,NG049,713.3908614081098,1964.1485777688117,0.31121110676743524
24894,NG049,571.0717545392756,1565.3817846392853,0.02116195599213299
24895,NG049,786.5596748257996,2665.9348758263354,0.4787628092779366
24897,NG049,604.8765787041791,1908.7660950816305,0.16633814289301718
24898,NG049,464.08966376089666,851.0038397675384,5.720706143622136
24902,NG049,322.3887037037037,541.955,5.356642811213451
24903,NG049,1075.6518498659518,2017.306434316354,0.7226931521966204
24904,NG049,3136.9067396170108,1428.8339550692199,1.7893065591949355
24906,NG049,1073.4255060439168,2352.039839782562,0.7284063651949999
24907,NG049,5749.172058300746,140.12024528972628,3.0424921432593774
24910,NG049,938.7448015122874,3249.8733459357277,0.6411925939453962
24911,NG049,389.188679245283,678.124142367067,5.507935230810408
24912,NG049,2506.6339196813806,132.98755393295718,3.4051905205701636
24913,NG049,853.0980315473863,3042.1993221222788,0.5632302184804374
24914,NG049,1539.7038706668739,886.8507176537645,1.6835858857642838
24915,NG049,2904.3562941420855,1581.972081429165,1.6927443871805872
24916,NG049,3379.2963999394947,8739.035773710482,1.2469875023654995
24918,NG049,270.44207289499866,772.3595007687438,5.582026923036405
24919,NG049,3796.18614489688,179.56213643574827,3.1041179313580605
24920,NG049,838.471664994985,3225.3767552657973,0.5589201621996994
24921,NG049,427.6215906194239,944.9242926331889,5.787850144498434
24922,NG049,707.4069740229347,1925.4495670489118,0.29624942968941403
24923,NG049,421.09859404014503,865.5824564506146,5.713459487842619
24924,NG049,741.7480692721741,2540.47531008659,0.42241789594095985
24925,NG049,465.1591719492869,1606.860736925515,6.190330118836375
24926,NG049,1789.8829160131957,153.58260775512412,3.58056814275891
24927,NG049,1447.2674213836478,2262.2674213836476,1.0114202868509976
24928,NG049,273.83742063986057,359.44366986182,5.143151297392078
24929,NG049,599.2528839402147,1761.0050155481995,0.12096676830509251
24932,NG049,444.35888062523634,925.0796672129081,5.781418471774924
24933,NG049,744.8688827331487,1384.0295475530932,0.1808774529337806
24935,NG049,608.988086495308,2022.1441860465115,0.19641856135077151
24936,NG049,509.0470649531087,1386.3999652657174,6.151923297392396
24937,NG049,1679.0662251655629,4580.360812970998,1.017619913433023
24938,NG049,426.43771043771045,1269.6390993265993,6.00281408514985
24941,NG049,675.1039964672113,1687.6314859792449,0.1966892286587667
24942,NG049,280.794081663863,713.09948004282,5.536053128623424
24943,NG049,580.1295784091861,2018.4563741513705,0.16077385361695132
24944,NG049,590.6818004423052,1609.7415116430336,0.06219550228709838
24945,NG049,392.4563629373318,908.1826220684352,5.7360758220984565
24946,NG049,308.74947301854974,446.6712689713322,5.240538445232007
24948,NG049,315.4029329013556,935.9532781993349,5.715837309430089
24950,NG049,522.222253090707,1336.4542297541325,6.142495649116332
24951,NG049,251.4848965353207,446.44446206295095,5.273878351752275
24952,NG049,4284.018505621331,2371.7594269226943,1.6741503656162766
24953,NG049,505.4934355907968,1266.759391654751,6.085252070687742
24954,NG049,3849.1908838500694,137.43868579361407,3.1904666801610366
24957,NG049,4468.990977267401,4320.735528474338,1.4967575697065059
24958,NG049,1020.8427848918541,3213.4830517593887,0.702217632449288
24960,NG049,3667.48717721182,1991.128760315911,1.6858393221938406
24964,NG049,1421.3407326407873,4224.975943138327,0.9248952790009791
24965,NG049,1203.5111111111112,2127.668093781855,0.8397639713589004
24966,NG049,355.54233378561736,777.5356852103121,5.606450426683671
24967,NG049,10991.09061252039,17470.949659710896,1.4706536514841675
24968,NG049,3653.3818181818183,16671.19246119734,1.188125538820077
24969,NG049,529.5891387148298,1432.535692345497,6.1979236881758535
24970,NG049,690.5779364926166,1347.2440884084547,0.08397349772460128
24971,NG049,544.6211147948611,1801.1807915457937,0.06433607155063593
24972,NG049,150.71673616376043,137.6219673995451,4.911923969987535
24975,NG049,754.9658387409562,2538.6613709256358,0.4359299958105547
24976,NG049,1198.0861032331254,3727.3757231990926,0.8189318078245347
24977,NG049,2584.1634394242897,131.23851917798055,3.3921969344276124
24978,NG049,460.91743907679086,1283.5878092198145,6.045882888423648
24979,NG049,1611.9877624221965,2272.9573794704083,1.1067260260603384
24980,NG049,2214.552706116512,835.3311643573452,2.0800685848619107
24981,NG049,3290.9582925396517,4662.963677305659,1.3564325813555185
24983,NG049,8234.308748528834,135.5023538642605,2.9564552056934885
24984,NG049,1162.0130072262368,2197.827126181212,0.80359043325571
24985,NG049,281.4212445862776,422.1903350809209,5.224880165998629
24986,NG049,278.22355238580406,301.0001698081168,5.049302152226944
24987,NG049,388.78914728682173,600.2790697674419,5.41188750290123
24989,NG049,348.1821993777898,613.8559448126606,5.43576472849179
24990,NG049,2463.8617501294475,127.08447370367631,3.426397439427854
24991,NG049,1391.2036256736894,2577.9175894169525,0.9568734864840173
24993,NG049,3230.46395471792,131.52310754494,3.2802065616824714
24994,NG049,1137.4332940519755,888.4819822613657,0.7729126160553199
24995,NG049,259.04000549903765,364.2227110255705,5.162114477685235
24996,NG049,439.5211357813834,1080.2356959863364,5.900793280502384
24997,NG049,1847.0381996703218,125.6300437181968,3.5992854960168117
24998,NG049,248.2676329842569,389.7175948401415,5.204953713296326
24999,NG049,2218.427302184593,124.61006585136407,3.4900905071027877
25000,NG049,5321.8182785402705,3454.129269071178,1.6205767480903255
25001,NG049,305.1409484956655,306.82794492605814,5.032147919691575
25002,NG049,1529.0772954527417,1509.6733592572018,1.186416304650702
25003,NG049,241.67455694633784,205.35977196678647,4.923849499836701
25004,NG049,750.8722296233499,1660.0095676395786,0.28869069640832296
25005,NG049,564.5210269182872,1528.9058338921352,6.2820101327410525
25009,NG049,329.1816623821765,523.0990329293671,5.3306840571770415
25010,NG049,339.7053824362606,510.6456825097052,5.310074866950687
25011,NG049,4285.441349758971,152.2596679164435,3.114924385514413
25012,NG049,342.55043911701875,370.80026109660577,5.102590360718313
25013,NG049,5555.976037445857,137.56168785804107,3.0587386605983973
25014,NG049,2443.0087360594794,128.4650557620818,3.428333919778291
25015,NG049,291.6422410911279,468.00895901584545,5.278340636307592
25016,NG049,282.5033196066896,403.8407429195731,5.199285575214734
25018,NG049,5436.376991735538,140.56522314049587,3.0588127044128886
25019,NG049,776.037827111497,1532.8442887262806,0.2845649503598243
25020,NG049,1381.5916951014979,1292.9118038285812,1.1153280613614407
25021,NG049,191.22318998366902,150.59793140990746,4.88102004986584
25022,NG049,787.0677926616191,1745.4684915550379,0.3577035378349934
25023,NG049,273.3643648595172,269.7163632766126,5.002321592407758
25024,NG049,384.7154288846259,680.0361742943272,5.510028363872335
25025,NG049,3807.260414648324,9701.071110249952,1.2731409833022114
25026,NG049,2759.4523640241737,524.9983114113047,2.585684421156141
25027,NG049,340.7260875177488,668.0340777074997,5.496276550063992
25028,NG049,1812.4098744769874,1722.2803347280335,1.308470123993991
25029,NG049,267.86558393862725,319.3093120052232,5.0882955594404855
25030,NG049,2764.969048307781,683.0345193327548,2.3369607142054116
25031,NG049,3170.1755922755324,3122.680171212423,1.448566091390684
25033,NG049,2114.835776024051,727.0856069146937,2.2431074619585067
25035,NG049,4001.221680005205,135.39931029995446,3.179507776435837
25036,NG049,292.9877543980683,374.9815453604691,5.150247303008081
25037,NG049,973.6754607878569,2237.86278761595,0.6321015135851995
25038,NG049,4584.704583672363,133.47876322213182,3.1324687063313887
25039,NG049,3879.7915353014237,132.4145409381867,3.1987550189238845
25041,NG049,244.3114924596984,294.69249436644134,5.072992138015014
25042,NG049,855.5325437473325,2320.456466069142,0.5194144855026227
25044,NG049,1174.388841872274,166.8170692012239,3.902401091605274
25046,NG049,404.2421494542401,878.4104953820319,5.716734398661958
25050,NG049,716.9265017017754,1829.3942599576856,0.28735666791074876
25051,NG049,3108.5649263721552,135.79445052939028,3.2887947777683784
25055,NG049,473.2710749730958,1040.6088724142055,5.900548239828325
25056,NG049,3374.459148781375,134.14245180065478,3.2544465830646803
25059,NG049,283.4105976896032,255.1319688598694,4.966040627062487
25060,NG049,570.0560920885767,995.4332260267291,5.950061641579786
25061,NG049,842.0733957878425,954.8610269775305,6.279858467977254
25062,NG049,278.40006667777965,404.216036006001,5.202711054727642
25063,NG049,3301.0526211541,2661.030899247326,1.5216907953046903
25064,NG049,294.67696578359784,347.87701406070846,5.107976517640717
25065,NG049,259.1338724168913,302.4334007187781,5.070425515475668
25066,NG049,1811.5525109048206,3161.913096969019,1.1225656865069844
25067,NG049,1646.4414268342116,2345.410214835833,1.1170623291015767
25068,NG049,5420.021047293014,3093.689996196272,1.660849849820685
25070,NG049,1218.6673984632273,2969.2191730698864,0.8374771115484283
25071,NG049,329.98497433504434,754.1468035464302,5.579216556512504
25072,NG049,965.9167839549613,915.8892505277973,0.22662842472945333
25073,NG049,4066.4583828304426,130.10437950423696,3.1853633606813156
25074,NG049,1951.5244767753861,6739.389124083239,1.0524239882170356
25075,NG049,1889.2108191871523,124.782489258294,3.5863422681351302
25076,NG049,3264.681360048573,4802.513236187006,1.3461667388084044
25077,NG049,1861.4042163951565,660.7666173011586,2.3788863803808806
25078,NG049,990.4081004263383,1788.0838465182378,0.6175876920009795
25079,NG049,418.69527679024884,1086.090739800237,5.8871384487995435
25081,NG049,556.9845846417356,1309.2514035588542,6.169500031440636
25083,NG049,1381.923673346088,1286.2232403584735,1.1181484046490684
25085,NG049,382.9439372784878,680.2847170013962,5.51026109676268
25086,NG049,3204.7262847514744,519.2204717775905,2.5620904351261338
25087,NG049,3038.2647397181477,130.97540983606558,3.3103699315054738
25089,NG049,6549.211597480214,131.52237118397673,3.023959900126067
25090,NG049,3761.2566517541795,130.80768777960913,3.2151927551109654
25091,NG049,876.3265860544399,117.78165450380867,4.104304256286417
25093,NG049,470.847024813298,977.8160684172489,5.846700135069276
25095,NG049,4849.026376830804,139.42308966797003,3.0991148166430578
25096,NG049,787.867033751402,1439.1585602120933,0.267894755643067
25097,NG049,530.7677027142735,1416.5546707766075,6.192035039721333
25098,NG049,777.1896941258256,2732.7904935696906,0.47472872966227114
25099,NG049,6045.837310335884,140.80715860459085,3.0259980580919064
25102,NG049,233.62574257425743,295.860198019802,5.085386115750225
25103,NG049,280.53609188408,574.5375370807028,5.405394636348095
25107,NG049,618.4635538261997,1700.362775616083,0.1274173397515374
25109,NG049,278.8341262289883,347.76673009831904,5.121654413967617
25110,NG049,152.61366734205194,183.48863510775465,4.997550017404783
25113,NG049,2209.365737740333,3702.0718297688486,1.2122799245114368
25115,NG049,764.4307321146887,2048.394451145959,0.3866847063704573
25117,NG049,251.45535493445462,358.5510759337126,5.160359894016519
25118,NG049,545.0173607171224,1414.8615681379779,6.208613396674971
25121,NG049,395.5170123136747,918.950259235256,5.746660272457576
25125,NG049,502.5257985257985,1457.4485667485667,6.176497721398697
25126,NG049,379.0279989384289,746.4006104033971,5.581486840185926
25127,NG049,519.8118912337662,911.4730113636364,5.81976176014034
25128,NG049,262.7095629965948,359.3088819523269,5.152174037118706
25129,NG049,454.8404384896468,1691.2042224928948,6.20616282640004
25130,NG049,2817.497144462129,134.17563898511375,3.3408325033797444
25131,NG049,471.0610687022901,1303.8885271665918,6.067515374869277
25132,NG049,734.9700057523215,2779.4192620593312,0.4368357128271491
25134,NG049,966.4817704638956,3264.0541920839837,0.6628257429244777
25135,NG049,224.54841025641025,356.10358974358974,5.178999826720467
25136,NG049,532.6243530977376,1667.7028685494604,0.009173099406677335
25138,NG049,841.8590814196242,1954.2412433310137,0.46319653291026847
25139,NG049,1997.717931695803,127.4079073541344,3.5476557664063653
25141,NG049,1844.3795890293181,2104.8810076519644,1.2439095141755072
25142,NG049,3385.3695726495725,133.30094017094018,3.254894593908306
25145,NG049,250.36719900328464,251.24544115981425,4.995830128860189
25146,NG049,184.34639077554888,207.3664507976623,4.9978783492981105
25147,NG049,5337.361089792786,131.17536454336147,3.086061107852766
25148,NG049,958.2368096566942,1499.625543513531,0.5361322629657636
25149,NG049,300.2819636363636,532.0110545454545,5.352491920631065
25150,NG049,283.48368331441543,704.1748013620885,5.528633988403127
25151,NG049,360.77875150060026,634.9253301320529,5.458699399372598
25153,NG049,677.4026920919798,2455.301626472238,0.34447322671329555
25154,NG049,2564.296432084414,1722.4782258785656,1.5752492342570252
25155,NG049,249.32548593504768,303.36134250875284,5.081448536780677
25156,NG049,265.22564204395024,413.6216574000529,5.22433720933901
25157,NG049,228.6753617066216,426.60904002534585,5.263843612186592
25158,NG049,2072.031648258284,1962.2392735768904,1.364049143044331
25159,NG049,691.7337102996354,982.2779157638852,6.074902146217606
25160,NG049,278.4824797843666,328.4211590296496,5.092503717209906
25161,NG049,203.98019407151403,282.8095174797288,5.095642200351199
25163,NG049,2232.564143746236,2522.1782774543262,1.3227185571744906
25165,NG049,947.0844748858448,3907.1729787805534,0.6618838080655574
25166,NG049,219.82600539336383,303.35056864814163,5.1100080358653255
25169,NG049,1141.095462434912,3754.9463178775104,0.7855434353196611
25170,NG049,447.5158930070769,1157.453760345448,5.959251225471038
25171,NG049,465.9989256763356,1288.1350717843538,6.053733637384792
25172,NG049,227.9467297408474,487.1173385438091,5.331485651925545
25173,NG049,1137.6680505755803,5164.170975655784,0.783788394465102
25174,NG049,252.93092298647855,469.939055457574,5.300712505615025
25176,NG049,435.25269883234193,1824.3479841374751,6.221965907292235
25178,NG049,458.08096054888506,1496.8688393367638,6.1410367776763355
25179,NG049,5556.614051247697,1737.5192597554849,1.8833033573976332
25180,NG049,239.92969126869272,305.04064158224793,5.093115794107458
25182,NG049,390.03625954198475,708.4903457566232,5.542611945157887
25183,NG049,431.4567096855031,1447.6957774714947,6.091033943306266
25184,NG049,1967.9420603674541,187.18503937007873,3.4596216999173555
25185,NG049,408.57962442702944,1509.8398639656957,6.090392123885483
25186,NG049,1406.8062905641539,2552.643534697953,0.9676133936249137
25187,NG049,639.7107149099808,2185.5704422303793,0.26337102663867296
25188,NG049,1505.9316722037652,3028.213953488372,0.9985987758153978
25190,NG049,334.60004436557233,1056.3139973380657,5.803946136468107
25191,NG049,4996.881179361179,138.8597542997543,3.0901634559760636
25192,NG049,342.6966902346552,1023.4036274208423,5.78923915388232
25193,NG049,286.06499169435216,196.06488787375415,4.85200808623711
25194,NG049,547.2171038824764,1863.8183630640083,0.08432115976973198
25195,NG049,258.714715261959,292.54205011389524,5.055193609363344
25196,NG049,2459.1140231449967,489.5892614023145,2.6891354119082505
25198,NG049,210.2015503875969,204.34278691624127,4.960455632042094
25203,NG049,933.5339278790228,5096.015251389427,0.6696738439204889
25204,NG049,5947.63638899219,187.5946913350688,2.9346735017464587
25205,NG049,2786.2791354404258,1818.0959052894536,1.5962354148461944
25206,NG049,482.6315630353724,1080.7216567570292,5.939700710281913
25207,NG049,422.3457471694582,841.9286984186394,5.6913630488961315
25208,NG049,4010.3108405208864,155.52232369355656,3.13344974125809
25209,NG049,2879.8562391269966,133.05646054088248,3.3321596258508253
25211,NG049,453.7377004248321,1445.9314786898726,6.115150465733487
25212,NG049,319.2836119613845,586.2160348481281,5.40939101179811
25213,NG049,1877.1184848797604,2869.7800598616986,1.1682005413399068
25214,NG049,343.57356225572306,523.072305974316,5.324814351017307
25215,NG049,281.55424808377416,373.05624527690816,5.156596099416293
25216,NG049,612.9188076268911,2126.664130337481,0.2215011823750034
25217,NG049,299.9761781460383,371.43720870015534,5.139313294838686
25218,NG049,3046.8027903791835,2395.75571342977,1.5220552238828748
25219,NG049,1039.1121621621621,3835.908671171171,0.7225226956906279
25220,NG049,676.2020885249792,2704.4743087694314,0.37028741379700875
25221,NG049,611.6212899185974,2475.2459611772074,0.2742545018876256
25223,NG049,261.9811457577955,484.48687454677304,5.31309416719685
25224,NG049,2138.595073787026,10267.272852744452,1.0498725243028402
25225,NG049,1593.4136471832849,3547.1236004584325,1.0169718041807903
25227,NG049,5271.445150917197,158.7664254914858,3.0288845978915058
25228,NG049,335.39527063672847,799.0034710923094,5.619988731940543
25229,NG049,887.9329443180694,2885.7835031154186,0.5862370030528973
25230,NG049,295.6586066026278,576.2058076625814,5.4036379545653475
25231,NG049,4766.779672815872,144.9640097459102,3.092557013573944
25232,NG049,480.672201184581,1691.7086124866491,6.237035222536175
25233,NG049,2845.6367207514945,3675.9249359521777,1.3487897603455987
25234,NG049,1730.6573759347382,2943.9830047586674,1.1051879264666575
25235,NG049,231.62113511224058,215.01207115628972,4.953750848905267
25236,NG049,948.181094890511,4401.106496350365,0.6703365517126044
25237,NG049,313.91522733638317,630.9169078517413,5.45873997530644
25238,NG049,527.7018684665404,1603.7746316569264,6.264416053109829
25239,NG049,562.3028584139695,1923.3220998776555,0.11759559482456683
25242,NG049,2164.0077427039905,669.9171275419042,2.3553099721954505
25243,NG049,4218.417823309099,151.62899317030184,3.122304283408797
25244,NG049,6926.8789185777405,4193.469598148537,1.6435316110509657
25245,NG049,10253.746366228528,5294.561861047361,1.6814493295889064
25246,NG049,301.37945408094663,666.0356326475729,5.49450252774645
25247,NG049,472.1783854166667,1617.643043154762,6.202363578027426
25248,NG049,1884.9465943167213,1863.7278309296016,1.3089599496131192
25249,NG049,794.2504685204883,2570.377146330345,0.47868411609481687
25250,NG049,287.5746208017335,426.2050379198267,5.226222640238511
25251,NG049,788.3872380952381,3103.688380952381,0.5091975501818501
25252,NG049,707.941458639256,2487.568379833578,0.38124004098362263
25253,NG049,1144.6883765003158,4189.220783322805,0.7875518765264455
25254,NG049,571.4810139264603,1421.3489630297565,6.244573578428125
25255,NG049,540.6759364856566,1708.4085446091763,0.03213698583468524
25256,NG049,3295.27904443234,4141.16286670298,1.3860773273421718
25257,NG049,2717.489941291585,186.56407045009786,3.2514181783868414
25258,NG049,825.8200678496869,3205.6901096033403,0.5472530194943873
25259,NG049,1817.8921244209132,3442.784827928524,1.1085024084039368
25260,NG049,586.7552747791952,2344.495951913641,0.22744810897662943
25261,NG049,688.0087164055204,2009.079381550275,0.2891406334680625
25262,NG049,5233.443176719441,162.49490417280944,3.0232994232499406
25263,NG049,6935.400376973219,152.35608261996387,2.963430683017351
25264,NG049,752.5789273488018,1673.4804868771396,0.29466040791005926
25265,NG049,475.69400462551147,1779.2807329656646,6.257515788482131
25266,NG049,436.4455816275587,1009.8590863704443,5.846544711051684
25267,NG049,393.34547616473895,1082.8793643930385,5.864328236974888
25268,NG049,328.39042721518985,737.4543117088608,5.563705648848286
25270,NG049,2033.1281790437436,2214.9592299866968,1.3022768517702799
25271,NG049,380.89090198123046,1045.7163712200208,5.830513419986524
25272,NG049,344.3335513407456,794.076146874708,5.618316867490943
25273,NG049,358.1306649724693,1159.3744176196526,5.880827149890268
25274,NG049,882.4163129367205,446.18396134003785,4.567695981400346
25277,NG049,3844.40340143109,1921.5253551799233,1.720941838383397
25280,NG049,541.28435828877,1905.9675802139038,0.08771709420091625
25281,NG049,3524.71849041124,233.28458619628756,3.0263186481047453
25282,NG049,1334.5962417096537,3480.473765659543,0.8969048113279062
25284,NG049,1151.597509519399,3658.356385715756,0.7918930999693926
25285,NG049,4438.470846120123,144.0611573871109,3.1201194809749384
25286,NG049,2042.5783622143842,1403.5847262689772,1.5325328033229901
25287,NG049,7549.641797918393,189.8114580455006,2.8707113697137903
25288,NG049,1531.2616663838453,3695.563719667402,0.9854206312888303
25290,NG049,768.3839015533589,1494.0209804317128,0.2602546755440983
25291,NG049,1260.7178799930832,2913.990316444752,0.8651632968629881
25293,NG049,139.94137780367026,175.21577337605592,5.000527468251732
25296,NG049,552.3232263413479,1496.482411465119,6.253592992200859
25297,NG049,860.6886423799319,3606.6786839783185,0.591015559802262
25298,NG049,4345.066376012101,149.6655396387579,3.115479451334516
25299,NG049,1329.6144227475163,7686.817631608998,0.8590710503724825
25300,NG049,4991.491628046046,182.24839288383913,2.997849995367731
25301,NG049,337.34593139781254,716.7094428219665,5.5453152813506446
25302,NG049,1472.0912698412699,3280.2547446514836,0.9719659819955575
25304,NG049,2586.2570573139437,2916.1399700598804,1.3650419129255327
25305,NG049,648.5128832048148,1692.274967086703,0.16356659416733282
25306,NG049,327.3479736897942,478.3046891576491,5.2728249337368105
25307,NG049,302.08663012392753,288.02824118207815,5.003378937894058
25308,NG049,342.81562224183585,576.22506619594,5.392171117142385
25310,NG049,2882.8289601554907,3356.4086865515437,1.3803928315127612
25311,NG049,3066.1718763836006,1902.4621446914018,1.6248601123137763
25312,NG049,473.23507329281375,1163.4620128709332,5.98813183782837
25313,NG049,4350.337936425221,141.611169011638,3.133084644976465
25314,NG049,644.7960047003526,1808.2905601253428,0.19121032691953482
25315,NG049,1591.9440532458764,1562.430114787306,1.2188227647796896
25316,NG049,2483.653294533361,139.73733804475853,3.3968427747344214
25317,NG049,4076.2622950819673,139.0867523260966,3.1637388743692467
25319,NG049,1347.150777021128,8511.217303998603,0.8621583249949383
25321,NG049,262.38891862955035,925.4740364025696,5.682994847882649
25322,NG049,2719.5318559556786,3724.6102262234535,1.3226844965587592
25323,NG049,3974.111911938147,155.29170488795702,3.1375764252321052
25324,NG049,2424.583657986467,154.10631535780192,3.3823932164755366
25325,NG049,315.06450648055835,549.6532402791626,5.368274988910489
25326,NG049,217.39652276992987,239.98439197866244,5.01382733687427
25327,NG049,687.8692730604765,2182.6084300549787,0.3188081533003603
25328,NG049,1951.7230975527991,166.55942004693262,3.499662752409141
25329,NG049,407.84419990829895,1145.3995414947271,5.915457466071935
25333,NG049,1208.098687273066,3959.626012475561,0.8232945462647777
25335,NG049,7342.195935383012,157.3392391870766,2.938826385504984
25336,NG049,2843.3410632063624,145.25759732105485,3.3126346104893196
25337,NG049,8699.174558436678,137.4164317925592,2.939694708799338
25338,NG049,6938.713531470606,188.8190662632734,2.892330429939273
25339,NG049,219.5173044114063,217.5325371679259,4.972743559630651
25340,NG049,343.0976304397357,801.5055821371611,5.624449071130872
25341,NG049,8676.722887612797,152.60270713699754,2.909315198317788
25342,NG049,911.6074699776104,2716.1719926725013,0.5991172258289821
25343,NG049,332.8718346754633,642.7067041816241,5.46964435757993
25344,NG049,2933.359726229618,725.5929007582366,2.2839490388224135
25345,NG049,1503.0464902609335,3558.6557331863287,0.9772248385016106
25346,NG049,410.0627700432069,946.3340134421508,5.777736648920678
25347,NG049,387.4276592657089,1259.394572630968,5.959354214095957
25348,NG049,729.4567928484714,3960.3529411764707,0.49764700330167305
25349,NG049,6640.0017276582375,151.09753416051515,2.977555040990775
25350,NG049,1800.0181559006678,1081.4208867882062,1.6271883787375723
25351,NG049,2885.4973647496513,483.45039528755234,2.645586447880839
25352,NG049,815.4126708270795,4003.637254127498,0.5679797253983282
25353,NG049,3922.1706480534326,7135.4391359287565,1.3361764837717676
25354,NG049,819.7127537600323,3354.488770486275,0.5485938369144436
25355,NG049,296.92763157894734,758.123947368421,5.576166908199293
25356,NG049,2670.7654078796795,4811.265653097924,1.2550959373908266
25359,NG049,225.63446168312177,239.54842501175364,5.00370607652017
25360,NG049,634.3000793860809,1639.594072505954,0.128535949204686
25361,NG049,1164.9674453280318,5173.968812127237,0.7974327264389854
25362,NG049,309.19751985735127,522.1468633490031,5.3373960662159305
25363,NG049,952.188605994944,4046.059407728422,0.667724247932016
25365,NG049,263.4074353448276,366.16691810344827,5.161322861635434
25366,NG049,400.20274973894885,1112.240080055691,5.888536121056535
25367,NG049,446.98935027742976,893.5911043493825,5.753941146672049
25368,NG049,755.5734729855855,3025.3443948978534,0.4744213964439953
25369,NG049,3499.194050306353,128.4857304095453,3.2512356833319904
25371,NG049,1418.1138091455805,1611.0784068988994,1.069134048251927
25372,NG049,3124.4349119562594,752.1634638578436,2.2583615187515615
25374,NG049,5152.556750555675,128.92593389259338,3.102797617229186
25375,NG049,1344.6488514688388,3657.101400201336,0.8988155238385169
25376,NG049,1319.0494798733605,2585.4326549072816,0.9111431276253454
25377,NG049,546.634633543982,1064.3143749546016,5.989406540760405
25379,NG049,526.5660111317254,1284.9205936920223,6.1196316911903645
25380,NG049,247.34996902928944,261.2915671179542,5.016106411459354
25382,NG049,509.94169934640524,1173.20348583878,6.032396153187231
25383,NG049,1653.643458790916,859.7032732700715,1.8364902973266441
25384,NG049,518.938552631579,970.6877631578948,5.878969556840148
25385,NG049,375.52074355724545,723.0872834811998,5.5566423972546914
25386,NG049,361.3308270676692,739.8472805390098,5.571543868320102
25387,NG049,386.4365377250096,591.324090386825,5.4006678602434315
25391,NG049,412.3375,1098.5479567307693,5.890014830428634
25392,NG049,565.7293551039586,895.2823916363209,5.836332291089861
25393,NG049,1821.5550415555904,5436.4370393602,1.0424838837358037
25394,NG049,3463.6181324892605,124.9039113723717,3.263924490900207
25395,NG049,731.1556013745704,1883.8430240549828,0.31696536571544426
25396,NG049,1691.1716290536697,3106.165750047411,1.0785766995402921
25398,NG049,1178.6392723519546,2727.0526383692427,0.8126931081385818
25399,NG049,325.51019158428835,996.1163502755664,5.760919141846336
25400,NG049,370.6665169548619,1141.2634179205031,5.881178281345363
25401,NG049,297.46546290775916,282.1938506089771,4.99816981324614
25402,NG049,16870.670129270544,149.4919975377039,2.7967259011539447
25403,NG049,2881.028030971283,129.48701362344408,3.3396494813238973
25404,NG049,1326.310848102042,797.2809223033054,1.5782992402529936
25407,NG049,1606.9872775585795,1070.2852081488043,1.4954798725814016
25408,NG049,1752.674783439056,123.80151422140372,3.6352267299624725
25409,NG049,1193.9943425877423,2876.182608695652,0.8221347526532725
25410,NG049,239.92388108461287,278.6311662855276,5.052228044891076
25411,NG049,361.41195879065384,866.4902026799542,5.68627389320548
25412,NG049,587.2441704636826,2341.036183328866,0.22748103847972595
25414,NG049,429.7903417786091,683.0508416935895,5.5152653559116755
25415,NG049,1769.9643855378235,3952.2851861869985,1.0686596697744069
25416,NG049,332.061198665593,716.5125963418843,5.544520132787408
25417,NG049,1166.6023930050621,1545.8986424298205,0.8167793732631851
25418,NG049,2335.886408404465,3001.8168089297437,1.2975081214922017
25419,NG049,680.0637475853188,3007.7903412749515,0.40052866927689834
25420,NG049,1283.5889132375619,1040.293726158591,1.0904381889038974
25421,NG049,271.15408031846385,305.53377824610703,5.063554507663206
25422,NG049,352.8524363552586,492.7181200322544,5.2793703106156356
25423,NG049,458.27865386309577,1266.927231080962,6.034129202191261
25424,NG049,704.7300040600893,713.1554337528759,5.60879710099287
25425,NG049,2638.596762892377,133.09522141255604,3.377253781874424
25427,NG049,2637.0392260520193,787.4624656375555,2.193159723606848
25430,NG049,344.2202706396938,419.06021049753963,5.177108568823698
25431,NG049,291.2965661717825,233.60433554968577,4.918031489204865
25432,NG049,339.54104820701434,521.5763825036122,5.324515864768786
25433,NG049,2696.0790306149806,251.03533322610048,3.1249553883221624
25434,NG049,1010.904247321932,1506.449257658335,0.6116731387804115
25436,NG049,355.90174741027516,784.4526525060165,5.612926163569101
25439,NG049,3125.784067991933,319.64928454816095,2.9127859076278653
25440,NG049,272.1481573396203,350.3676634818216,5.131284784376123
25441,NG049,322.4485443466486,610.3342360640938,5.43566456759585
25443,NG049,3428.143188405797,210.48048309178745,3.0843496459293682
25444,NG049,691.2492347190679,1679.3285276982324,0.21534658978709156
25445,NG049,2727.08219944082,1071.8899347623485,1.9261476192722307
25446,NG049,2443.65412311266,1807.297483546264,1.5198432621954632
25447,NG049,998.9017996870109,3813.049165362546,0.6957742831443479
25448,NG049,353.59189112020556,913.1808318264015,5.7193727545958986
25449,NG049,3614.2395658981695,142.51104152043627,3.2054296221127347
25450,NG049,298.8441824705279,501.89120963608406,5.317014710067781
25451,NG049,1201.7431995690815,2949.498922704013,0.8266372498535792
25452,NG049,2340.1078944862393,2121.05428054471,1.418161687669083
25455,NG049,665.2118588696504,1443.657383208102,0.09499754748061634
25456,NG049,2959.5381588361556,122.21565704746006,3.342329473555965
25457,NG049,780.8243436229815,1734.2381083159398,0.34704528679103824
25458,NG049,879.0985068289576,1039.2030288019248,0.17622397786884025
25460,NG049,539.4743467682217,1792.0604041045171,0.05545197099656837
25461,NG049,199.86858749121575,230.08362614195363,5.017589960506356
25462,NG049,3127.300645656204,121.66176564597583,3.31741686359357
25463,NG049,165.56802916906543,156.59252862534382,4.929072688803526
25464,NG049,327.3771030748405,770.3660800618836,5.593079045151746
25466,NG049,1371.7741087390893,1238.4420023135976,1.1245366048025736
25467,NG049,503.78815225160827,1672.450679056469,6.258682127154307
25469,NG049,363.0229141393719,941.6096508963473,5.745794416573936
25470,NG049,619.3267655091689,2209.5590128755366,0.24359098521740244
25471,NG049,247.43871661938766,462.7576053995892,5.2952384153959615
25472,NG049,187.46112600536193,317.895672156262,5.160659505825293
25474,NG049,504.4539763981529,1333.9932786044126,6.120552530219467
25477,NG049,1411.3597039816552,1540.533249947884,1.0773434133726765
25478,NG049,2925.276524440085,253.883276115743,3.074055290158402
25479,NG049,1153.3410473577478,1809.968865561255,0.7982807653011008
25480,NG049,498.3988868274583,1556.1807745825604,6.211387666378284
25481,NG049,8760.330571615903,159.01221910949513,2.894740197727371
25482,NG049,219.9245423057892,245.51113310242454,5.020153095927058
25483,NG049,5448.756787521079,131.3962057335582,3.0789458488810957
25484,NG049,207.5972923076923,314.3572923076923,5.137250466513273
25487,NG049,166.9119783197832,168.94525745257454,4.951224835394088
25488,NG049,1709.1462254997089,1428.0173685231903,1.346259131340601
25489,NG049,439.7044647733479,1213.6826187875479,5.98545789268061
25490,NG049,273.65840597758404,618.0348692403487,5.450223465236515
25491,NG049,3931.9388523956723,1133.0781491499226,2.00964507802433
25492,NG049,807.9957947051515,1549.5028194590461,0.3348317166114951
25493,NG049,267.7823270277274,686.7144337911376,5.512703381367736
25495,NG049,609.6248066811012,2005.4369007114135,0.1937035286939746
25496,NG049,230.1607804396147,177.42899481353422,4.884228533072819
25497,NG049,2526.2734239802226,2672.1719406674906,1.3798623257116456
25498,NG049,228.5877085877086,330.47008547008545,5.140636053283511
25500,NG049,2159.9269089828663,708.3711993661484,2.2812057775463885
25501,NG049,2817.8765152261753,194.93199960579483,3.214146951024243
25502,NG049,321.8230240549828,818.5325028636885,5.632007553143703
25503,NG049,335.70551534814075,701.4847766408784,5.53023139455845
25504,NG049,314.6675369886858,675.9622031580257,5.504155326898509
25505,NG049,254.79398332009532,514.6288721207308,5.349729555624904
25506,NG049,439.5819783197832,1621.510027100271,6.165508938606505
25507,NG049,3060.0489050530064,131.90528515050684,3.3048877360164743
25508,NG049,261.3979998304941,601.5986100516993,5.436194083864333
25510,NG049,408.3762115465655,1350.7080699536452,6.023979219407698
25512,NG049,947.292738707833,1541.500857632933,0.5288219082714941
25514,NG049,250.68480693900392,230.76713766088417,4.959664412297882
25516,NG049,270.4042672132675,640.8386285288364,5.471982375750967
25517,NG049,3240.372844151772,114.30743179680151,3.31794700499224
25518,NG049,318.3394136807818,775.8789576547231,5.595710081948347
25519,NG049,602.426548824438,2093.528745495109,0.20278124540716197
25520,NG049,215.12989384773428,243.30921127725145,5.021923493626187
25522,NG049,1367.0417566058802,127.50971343505769,3.798946537049388
25523,NG049,290.26592749032034,474.6180922210489,5.287382839044597
25524,NG049,1284.0590734209682,117.848829753126,3.846794738526621
25525,NG049,668.6917612008708,1402.2756961155037,0.08078125081600966
25526,NG049,238.42558773080415,562.9805266875189,5.403982947683499
25528,NG049,305.3408331868518,707.8432061873791,5.533715310242781
25530,NG049,306.6443308726103,634.1136664773803,5.4626998392407655
25532,NG049,3337.019475734288,1429.6572270765344,1.8155134208059474
25533,NG049,2789.3443248231315,129.98418948015996,3.354871688489119
25534,NG049,671.4573523337464,1304.9670590665014,0.033802542384136776
25535,NG049,398.2470511140236,1220.7310615989516,5.949535112266028
25537,NG049,1402.073527180784,116.93233881163084,3.7883777547645465
25538,NG049,900.6996777658431,1645.4583243823845,0.48542299992688287
25539,NG049,459.0803788668752,1325.2391379909627,6.065424566544342
25540,NG049,295.5705496857028,153.62364584726495,4.751519867948046
25541,NG049,1516.6635400170544,5132.425143135583,0.9484326191306749
25543,NG049,2150.299505321541,803.381202218558,2.1166092110808132
25544,NG049,558.991124260355,1738.6238377007608,0.0640648132783378
25545,NG049,1548.7797683856281,165.50004949025043,3.6744359197998024
25546,NG049,7086.189359783589,1400.9635071341431,2.025471371805164
25547,NG049,4478.209769026884,129.42430897387354,3.150428253721295
25548,NG049,3099.050693486901,129.18087436126206,3.3048685649567515
25549,NG049,373.1020186672455,772.3199479053615,5.606036708119494
25551,NG049,1125.9854227405249,980.1561588921282,0.7449125665202889
25552,NG049,814.4202351574975,511.20278705182176,4.900938578289047
25553,NG049,427.5804359107421,1235.4953295277633,5.985718738577023
25554,NG049,818.9690814308826,1593.9729462520222,0.3628155457559078
