cell_id	tricyclePosition	CCStage	tricycle_CC_stage
12620	3.32562623791474	G2	G2M
12621	3.706240971109281	NA	G2M
12623	0.7650285785988329	G1.S	G1
12626	1.0136824264857152	NA	G1
12628	3.505378726755942	G2	G2M
12632	4.068721162158175	G2.M	M
12633	3.455690535230663	NA	G2M
12634	3.7408250997964116	NA	G2M
12635	5.006873166282155	S	M
12638	2.89857338192154	NA	S
12640	2.048977814009502	NA	S
12643	3.4112874535644635	NA	G2M
12644	2.550168289567215	S	S
12648	3.747439804414098	NA	G2M
12649	3.748041670666349	NA	G2M
12650	3.645886888500574	NA	G2M
12651	2.0190174337096707	NA	S
12652	1.3769440270053226	NA	G1
12653	2.224365086071931	G1.S	S
12654	2.7081466834393164	S	S
12655	0.7914584823067328	S	G1
12656	1.7429647264027617	NA	S
12658	3.7669027142629603	NA	G2M
12659	0.7317884334899009	NA	G1
12660	3.633662370178159	NA	G2M
12661	2.0369368781856703	NA	S
12662	5.907815205008704	G2.M	G1
12663	3.089366367229446	NA	S
12665	3.5349778597491204	NA	G2M
12668	3.3459794298280987	NA	G2M
12670	3.7487926986142215	NA	G2M
12671	2.9153238772025425	S	S
12674	6.153105310897331	M.G1	G1
12675	1.4654977517644194	NA	G1
12677	3.064502565484523	S	S
12679	2.913064920086566	S	S
12681	1.4986437962389236	NA	G1
12682	0.7437853985703664	G1.S	G1
12683	0.8873541921509138	G1.S	G1
12684	2.99700269013585	S	S
12685	1.486314587890128	S	G1
12686	6.2480010583835774	NA	G1
12691	5.904511439805738	M.G1	G1
12692	6.187904628672638	NA	G1
12693	2.246627434954168	NA	S
12696	3.620378634521968	NA	G2M
12697	2.061031191254896	S	S
12699	0.338832390922134	G1.S	G1
12702	3.6698980189077215	NA	G2M
12703	2.5011503557202728	NA	S
12704	1.0798030735698476	NA	G1
12706	4.169145620798317	NA	M
12708	3.423121003488611	NA	G2M
12709	4.41783898183513	G2	M
12710	0.8474944574683884	G1.S	G1
12711	2.981491007232882	S	S
12712	2.3319799051650136	NA	S
12713	3.00541462173243	G2.M	S
12714	3.0810711860317928	S	S
12716	2.4835575206302516	S	S
12717	3.441325050332667	NA	G2M
12718	3.0960208665009126	G2	S
12719	3.6918781875701683	NA	G2M
12720	5.01627698367459	NA	M
12721	3.1586430380258874	S	G2M
12722	6.225370164037294	M.G1	G1
12723	3.749901494809081	NA	G2M
12726	2.98904957078543	S	S
12727	0.37928370901858594	M.G1	G1
12728	2.031798053311762	S	S
12729	4.210226338680111	NA	M
12730	2.0686459709448193	S	S
12731	3.337291554245478	M.G1	G2M
12733	6.180678990129838	NA	G1
12734	1.0309524463018558	G1.S	G1
12735	0.02805721916672317	M.G1	G1
12741	0.5601438920188494	G1.S	G1
12742	1.3592647628008445	G1.S	G1
12743	2.587810981870102	S	S
12745	2.5548559426602298	NA	S
12746	2.495897859934924	S	S
12750	3.3424011844804453	NA	G2M
12751	6.160513597201991	M.G1	G1
12754	3.4220609760887446	S	G2M
12755	2.5286378200788846	NA	S
12758	4.863688887301225	NA	M
12759	3.5040811514624624	NA	G2M
12760	2.0634010674375074	NA	S
12761	2.479026222778363	NA	S
12763	0.8316479857357743	G1.S	G1
12764	3.8531259969677567	G2	G2M
12766	3.3754704613168447	G2	G2M
12767	3.558558799038729	G2	G2M
12769	1.0843373534197962	G1.S	G1
12770	1.4056607070044593	G1.S	G1
12771	2.2007357167542567	S	S
12773	2.010788984287877	G1.S	S
12775	3.491283363019361	G2	G2M
12776	1.7569798152612823	G1.S	S
12778	2.827721576991772	S	S
12780	5.979539391277466	M.G1	G1
12781	4.186369767313099	G2.M	M
12783	2.319682334552169	NA	S
12785	2.1229323132688043	S	S
12786	0.6384762675843799	G1.S	G1
12787	6.229533035366293	M.G1	G1
12788	3.652247125031926	NA	G2M
12789	1.0753072165280082	G1.S	G1
12790	1.8630984625313742	NA	S
12792	2.259572373949864	S	S
12793	1.9479862635680263	NA	S
12794	2.6105293658494575	NA	S
12795	2.024734440045836	G1.S	S
12797	3.6832317200566025	NA	G2M
12802	3.6526016463491446	NA	G2M
12803	0.5973655251823159	NA	G1
12804	3.7651635791953404	NA	G2M
12806	1.3795473027613714	M.G1	G1
12807	2.6012826860186764	NA	S
12809	1.440132363289636	NA	G1
12811	2.751395104542108	G1.S	S
12812	3.547643446359696	G2	G2M
12813	0.07871555018580176	M.G1	G1
12818	6.094401752069044	NA	G1
12819	0.043624105590670426	G1.S	G1
12820	3.8941372536450465	S	G2M
12821	3.8828375141209848	G2.M	G2M
12822	4.149793502749061	G2.M	M
12824	0.799877037052541	M.G1	G1
12826	3.786747888250259	NA	G2M
12827	0.7234192320159746	G1.S	G1
12828	6.195634193159521	M.G1	G1
12830	2.9896347484227137	NA	S
12831	3.9607853227298264	NA	M
12833	3.315739167265313	NA	G2M
12834	1.232001524857725	G1.S	G1
12835	3.5903393418632352	NA	G2M
12836	0.26073734909762913	G1.S	G1
12837	2.693771338030392	NA	S
12838	4.006577887902452	NA	M
12839	6.199370077102996	NA	G1
12840	3.9523639476817776	G2	M
12842	0.3666673373354724	G1.S	G1
12844	1.841069454462743	G1.S	S
12845	2.003168410680531	G1.S	S
12847	6.1217348957406745	S	G1
12848	1.8840848381147912	G1.S	S
12849	0.3616467749122001	G1.S	G1
12850	6.071379835965193	G2.M	G1
12851	5.948001663340586	M.G1	G1
12852	6.053800236498446	G2.M	G1
12854	3.42981380673988	G2	G2M
12855	2.746018425458812	S	S
12856	3.5869982616881075	NA	G2M
12857	1.5409301219829485	G1.S	G1
12861	3.6502662699289	NA	G2M
12862	3.495475383899455	G2	G2M
12863	6.183399938927581	G2.M	G1
12864	6.192712353396677	M.G1	G1
12865	3.935259136495512	NA	M
12866	2.7327042523601217	G1.S	S
12868	6.260104757399534	M.G1	G1
12870	1.1532082708320666	G1.S	G1
12871	3.3908862181307864	G2	G2M
12872	3.7670701392398365	NA	G2M
12873	4.016911895626176	G1.S	M
12875	1.5227490647564492	G1.S	G1
12876	3.3101822687083793	NA	G2M
12878	0.8177727158929531	NA	G1
12879	2.8082595554022878	S	S
12880	5.958060169178852	NA	G1
12883	4.175733040326651	G2	M
12884	3.223392708966249	NA	G2M
12886	3.8569556835748973	NA	G2M
12887	2.844999004924681	NA	S
12888	1.9678584545809927	G1.S	S
12889	4.513345255434446	M.G1	M
12890	0.7382516132441609	G1.S	G1
12891	6.04301346100929	M.G1	G1
12892	6.178055929795981	M.G1	G1
12893	6.243949452765119	NA	G1
12895	2.2862740437587186	G1.S	S
12896	1.6134229185325644	S	S
12897	5.9919023822533894	NA	G1
12899	0.17229760349105339	NA	G1
12900	1.3633926979817739	NA	G1
12901	3.7449113913524146	NA	G2M
12903	3.0483143406811712	S	S
12904	1.9244973839210582	S	S
12906	3.9525371209178357	G2	M
12907	0.6727485958892789	G1.S	G1
12908	1.8365310305366387	G1.S	S
12909	2.086236371906266	G1.S	S
12912	3.724673654016232	G2.M	G2M
12913	1.6166748369514083	G1.S	S
12916	6.2535853104679555	G2.M	G1
12917	0.16730868899443122	NA	G1
12918	1.333856716632353	G1.S	G1
12919	0.8497871060022159	G1.S	G1
12920	3.4765420782129226	G2	G2M
12921	1.2150475548783262	G1.S	G1
12922	1.0508576462891268	G1.S	G1
12923	0.4157175428835937	G1.S	G1
12924	1.7607542500389157	G1.S	S
12926	2.9729016903704486	NA	S
12927	6.0700921213856995	NA	G1
12930	6.151733500949698	G2	G1
12932	6.1734887449197835	G2	G1
12933	2.5870924150241983	NA	S
12934	2.7383773988453424	S	S
12935	5.38728627459929	M.G1	M
12936	4.053732698570213	M.G1	M
12937	2.330521247518585	S	S
12938	6.217812337616413	G2	G1
12939	3.4784251839154456	G2	G2M
12940	3.709246742139013	NA	G2M
12941	1.4872142544716	NA	G1
12945	3.3638185335387925	G2	G2M
12946	2.41287235660475	G1.S	S
12949	4.04256211752863	NA	M
12950	0.08768047622138558	NA	G1
12951	5.524639540317508	NA	G1
12952	0.5119392516574417	G1.S	G1
12953	4.308008665471654	G2.M	M
12954	6.255142596413632	NA	G1
12955	3.66413227389589	NA	G2M
12956	3.3068216498787044	S	G2M
12957	1.5317189467512617	G1.S	G1
12958	1.9916533955337272	G1.S	S
12959	2.81166113464747	NA	S
12961	6.206419603613292	M.G1	G1
12963	5.119819569094126	NA	M
12964	4.640213024933345	G2.M	M
12965	5.98339243660734	M.G1	G1
12966	2.756620430080471	S	S
12967	5.970226496854697	M.G1	G1
12968	3.2661559775043774	NA	G2M
12970	1.2992115907595239	G1.S	G1
12971	3.896860153685342	NA	G2M
12972	2.8148562216070068	S	S
12974	2.8465140765480155	G2	S
12975	6.18251911676749	NA	G1
12976	5.879372391665032	NA	G1
12977	1.6347305179325144	S	S
12978	6.231396450985401	M.G1	G1
12979	3.5347620757651677	G2.M	G2M
12980	5.51587286648999	NA	G1
12981	3.782007611241081	G2	G2M
12982	5.58028309545976	NA	G1
12983	0.11832287731669891	S	G1
12984	2.1634099677525063	S	S
12985	1.1814920906820883	S	G1
12986	3.105320270262572	NA	S
12987	1.1740792683640113	NA	G1
12988	0.9213668427385013	G1.S	G1
12989	1.7815867108439762	NA	S
12990	1.073053662357883	G1.S	G1
12991	4.316943543316574	G2.M	M
12992	2.209083175383362	S	S
12993	0.4566267364968588	G1.S	G1
12994	3.5516311984462705	NA	G2M
12998	5.176873814429701	NA	M
12999	3.8009777349487934	NA	G2M
13000	1.4202161890370537	G1.S	G1
13001	6.160131091352454	S	G1
13002	6.067511759964375	NA	G1
13003	4.879109248037699	S	M
13005	4.639318507561097	G2.M	M
13006	2.683719542024457	S	S
13008	0.05236881818890807	G1.S	G1
13009	6.083370868155242	G2.M	G1
13010	6.107527086260319	NA	G1
13011	1.069332626090759	NA	G1
13012	1.1141096027428352	G1.S	G1
13013	6.2631823479090105	NA	G1
13014	2.9810277426276492	NA	S
13015	2.76176232992447	NA	S
13016	3.1046202149664057	NA	S
13017	3.5294004170966633	G2	G2M
13018	1.818929778383294	G1.S	S
13019	4.140863205799656	NA	M
13021	2.429944615751471	S	S
13022	5.537465677307109	M.G1	G1
13023	6.231085692539483	M.G1	G1
13024	2.9267616057459427	NA	S
13025	2.9359384063024905	NA	S
13027	4.055968567092213	NA	M
13028	3.5758104846301455	G2	G2M
13029	3.4373759906867325	G2	G2M
13030	0.3857252688963683	G1.S	G1
13031	2.778656462807557	S	S
13032	3.6089796072499127	NA	G2M
13036	6.215067158890403	M.G1	G1
13037	2.3405610971250375	S	S
13038	3.643643901009395	NA	G2M
13040	3.5889653511474293	G2	G2M
13042	4.41422183481621	NA	M
13043	2.8872766296683374	S	S
13045	6.020997661593842	NA	G1
13046	6.188472694588558	NA	G1
13047	3.596240337971724	G2	G2M
13049	1.7552228111485138	S	S
13050	6.1753700672589025	NA	G1
13051	6.194406324698255	M.G1	G1
13052	2.697459112312568	S	S
13053	4.314288650082686	NA	M
13054	6.190116824386599	M.G1	G1
13055	0.785255883528958	NA	G1
13056	6.205464364682183	NA	G1
13060	0.0062771767985410395	NA	G1
13062	2.9273953107979604	G1.S	S
13063	1.7691568859515967	S	S
13064	0.6769851624916886	NA	G1
13066	5.874051566594053	M.G1	G1
13067	2.3214270246565087	G1.S	S
13068	3.874025536654727	NA	G2M
13069	2.122282379921035	NA	S
13070	3.652461249801173	NA	G2M
13071	2.04256435946794	NA	S
13072	3.707633673145187	NA	G2M
13073	2.7525949932440614	NA	S
13075	0.8767567046625352	G1.S	G1
13078	3.0687406230702785	NA	S
13079	6.1065145237271015	NA	G1
13080	1.840844233279046	G1.S	S
13081	4.476906750143319	NA	M
13082	6.159894086674191	G2.M	G1
13083	6.068918193625452	NA	G1
13084	1.5850305940028249	G1.S	S
13085	1.0708852430495954	NA	G1
13086	2.6915243613600808	S	S
13087	0.00160518540189912	NA	G1
13088	3.762017241536419	G2.M	G2M
13089	3.7224160322243596	G2.M	G2M
13090	2.217227499574104	NA	S
13093	0.03824400845045216	S	G1
13096	5.856230351681203	M.G1	G1
13097	6.10883643633653	G2	G1
13099	0.014145681148827877	M.G1	G1
13100	3.5790527994838572	NA	G2M
13101	2.2450795105355645	S	S
13102	3.543241624439131	G2	G2M
13104	2.5395293847722598	S	S
13105	3.8817028549539088	NA	G2M
13106	3.628365136061973	G2	G2M
13107	3.259563558670067	NA	G2M
13108	4.1799888578879045	NA	M
13110	1.9534522316009741	NA	S
13111	4.067520739833246	NA	M
13112	6.1298494304880915	NA	G1
13113	3.537956038013653	G2.M	G2M
13114	5.332800040093993	G2.M	M
13115	6.273997715565678	M.G1	G1
13117	3.434663531514294	G2	G2M
13118	6.179251037186842	NA	G1
13119	3.9013239503927077	G2	G2M
13120	2.4395052949887575	NA	S
13121	5.901140730180828	M.G1	G1
13122	5.050394643731032	NA	M
13123	3.4329344492536027	NA	G2M
13126	4.017505418496349	NA	M
13128	3.7805875564161653	NA	G2M
13129	3.7143356959990768	G2	G2M
13130	0.010782175085643128	M.G1	G1
13131	1.3390941168636266	G1.S	G1
13132	4.764248674618025	NA	M
13134	1.8037448271228012	NA	S
13135	3.895731568739881	NA	G2M
13137	3.792105280545303	NA	G2M
13138	0.7747925046092871	G1.S	G1
13139	5.465016650975835	G2.M	M
13141	1.669858621233674	G1.S	S
13142	0.006772898676114673	NA	G1
13143	6.193893533975581	G2.M	G1
13144	5.658583966635428	M.G1	G1
13145	4.425486400600459	G2	M
13146	5.863695862812625	G2.M	G1
13148	5.48288627457505	NA	M
13152	1.7125742537414683	NA	S
13154	3.5908921136360887	G2	G2M
13156	5.540365954850568	NA	G1
13157	2.3871922826754033	S	S
13158	3.689357498867819	NA	G2M
13159	2.4214707854256323	G1.S	S
13160	0.3181704377777444	M.G1	G1
13161	2.4055902343751896	S	S
13162	6.1166649103707815	M.G1	G1
13163	2.5300789400279267	S	S
13164	0.3721170457291075	G1.S	G1
13165	3.9080655155947936	NA	G2M
13166	6.189506152272542	NA	G1
13167	3.75077821661897	G2.M	G2M
13169	6.140259040696841	G2.M	G1
13171	1.0714810341391205	NA	G1
13172	3.533066976785658	NA	G2M
13173	3.9942316297492324	G2.M	M
13174	0.12788844890556111	NA	G1
13175	3.7731929125740997	NA	G2M
13176	3.7629856778233814	NA	G2M
13177	0.7033845053500621	G1.S	G1
13178	6.073341897281965	G2.M	G1
13181	3.8322699443632966	G2	G2M
13182	3.657745300182957	G2	G2M
13183	3.7860206507288523	NA	G2M
13184	4.56362336241612	G2	M
13186	0.5391373727450737	G1.S	G1
13187	3.905681954186019	G2	G2M
13188	2.2342159234172914	S	S
13193	3.3417023607031187	NA	G2M
13194	0.12318803828019127	G1.S	G1
13195	0.7936145615843777	G1.S	G1
13196	5.839240335823637	NA	G1
13198	3.859927163606703	G2	G2M
13199	6.257143720878964	NA	G1
13200	0.11964291217543514	NA	G1
13201	3.7011073529170457	NA	G2M
13202	4.2955603465394425	M.G1	M
13203	0.7324544103380122	G1.S	G1
13204	3.6250196878519345	NA	G2M
13205	0.009377805069299082	M.G1	G1
13206	3.743247912273249	NA	G2M
13207	3.3462643648890626	M.G1	G2M
13208	4.057862235317726	G2.M	M
13209	2.3889851835784555	S	S
13210	2.5856861579340253	S	S
13216	3.3053956426187403	M.G1	G2M
13217	0.9741212189327815	G1.S	G1
13218	1.4826511755679188	G1.S	G1
13219	2.423561617007133	S	S
13220	1.0301179937147202	G1.S	G1
13221	3.6289106429765514	NA	G2M
13224	3.6863284253050232	G2.M	G2M
13225	2.084039912988694	NA	S
13226	2.553192142691347	S	S
13227	1.5656684762542952	NA	G1
13228	1.7472850807127907	S	S
13229	3.4305533949560503	NA	G2M
13230	3.7343460555526025	G2	G2M
13233	2.1908948650430595	NA	S
13234	1.9376065074763897	NA	S
13235	3.1925249676672345	NA	G2M
13236	3.6650017628576212	G2.M	G2M
13237	3.5712847317052407	G2.M	G2M
13238	3.6335422131300232	S	G2M
13239	0.9926287278660694	G1.S	G1
13240	3.6244965609051416	NA	G2M
13241	3.0731556970719063	M.G1	S
13242	0.9946279022370568	G1.S	G1
13243	1.5073245676546168	G1.S	G1
13244	3.5040464117486767	NA	G2M
13245	0.18905770759907542	NA	G1
13247	3.64018709706654	NA	G2M
13249	0.687449714561885	NA	G1
13250	3.820775451871218	NA	G2M
13251	0.6997798659481039	G1.S	G1
13253	1.6018147263608442	G1.S	S
13254	6.098279325992511	NA	G1
13255	1.6215691506438916	G1.S	S
13256	3.8100291202774135	NA	G2M
13257	3.808560471752751	NA	G2M
13258	0.6698387565498793	G1.S	G1
13259	1.1576824921726874	M.G1	G1
13260	1.7771121248460455	G1.S	S
13262	2.7436038184135554	S	S
13263	1.1791817269246054	G1.S	G1
13264	1.4889340603908634	G1.S	G1
13265	3.084238782532947	S	S
13268	1.1874461681674633	G1.S	G1
13269	0.13186735533064758	M.G1	G1
13270	1.8120945695659874	NA	S
13271	1.0587379897384912	G1.S	G1
13272	2.3814189637190197	NA	S
13273	0.6009814230099308	G1.S	G1
13274	1.6745271538918642	NA	S
13275	4.221599239419823	G2.M	M
13276	0.43109205369198333	G1.S	G1
13278	2.26965584069089	G1.S	S
13280	0.021194547009100107	M.G1	G1
13281	0.6500288706252266	S	G1
13282	1.719109282924849	G1.S	S
13283	1.269252095923275	G1.S	G1
13284	2.9885090305739594	S	S
13285	3.9228438782265074	NA	G2M
13286	6.192155470009342	NA	G1
13287	1.9400306184776022	S	S
13288	3.105453033688013	G2	S
13289	6.09866119143901	NA	G1
13290	1.436163501619761	G1.S	G1
13291	1.7592619810618937	NA	S
13293	0.19193903270068127	M.G1	G1
13294	1.5638211244367641	S	G1
13295	3.696253613184629	G2	G2M
13296	6.229772498176794	NA	G1
13297	4.031784420773751	NA	M
13300	6.048584759512279	NA	G1
13301	1.6104497053991147	NA	S
13304	2.439384816133538	NA	S
13305	4.36278390499853	G2.M	M
13306	3.549338610822062	M.G1	G2M
13307	5.49494464929899	G2.M	M
13308	1.4591742054681518	NA	G1
13309	4.248768784342449	NA	M
13310	1.0076195908763086	G1.S	G1
13312	0.9128543300343244	G1.S	G1
13313	3.984914481072623	NA	M
13314	2.2070576095098793	NA	S
13316	3.4394010456383173	G2	G2M
13318	2.414443340848529	G1.S	S
13320	5.663501900328349	NA	G1
13321	1.0796168708865155	S	G1
13324	4.895591918588044	G2.M	M
13325	0.8544396700947241	G1.S	G1
13326	5.536112421054881	G2.M	G1
13327	6.2155016137738865	M.G1	G1
13328	1.0774445116997293	G1.S	G1
13329	2.1448645288893395	NA	S
13330	0.3591765749397752	G1.S	G1
13331	4.098373872222583	G2	M
13332	3.7185945564253644	G2.M	G2M
13333	3.5834830031480367	NA	G2M
13334	3.428272547748691	M.G1	G2M
13336	4.5890154268877055	G2.M	M
13337	3.8923108991478506	NA	G2M
13338	3.6795046473040007	G2	G2M
13340	3.7002144097810854	S	G2M
13341	4.008104483244245	G2	M
13344	1.1205446710076958	G1.S	G1
13345	5.7694687037502845	G2.M	G1
13349	2.2635912876406508	S	S
13350	6.213774311664266	NA	G1
13352	4.201773144957898	G2.M	M
13353	5.992810288195097	NA	G1
13355	3.807673623241097	G2.M	G2M
13356	3.7653924957728866	NA	G2M
13359	0.143758699557509	M.G1	G1
13360	0.8413588197703482	NA	G1
13361	6.133632209532904	G2	G1
13362	3.8323018153277357	NA	G2M
13365	5.398956674502564	M.G1	M
13367	3.7173352260141588	NA	G2M
13368	1.8097372666212554	G1.S	S
13369	6.0745587713504685	NA	G1
13370	3.6924282167334437	G2	G2M
13371	0.9518461351170749	G1.S	G1
13372	0.6923070832962476	G1.S	G1
13373	2.8725718072006092	S	S
13374	2.087912750099331	NA	S
13375	3.6821059399492015	NA	G2M
13376	3.031755597620563	S	S
13378	5.027184636130583	NA	M
13379	0.8820838560396438	G1.S	G1
13381	3.602371436733674	NA	G2M
13382	5.570062368821259	NA	G1
13384	1.2045752694848506	S	G1
13385	3.1714982117670147	M.G1	G2M
13386	0.5875401748937574	G1.S	G1
13387	5.602780323426275	NA	G1
13388	0.41758780516250293	G1.S	G1
13389	6.102597366343135	M.G1	G1
13391	3.3242820976559355	G2	G2M
13393	0.2032789372124228	G1.S	G1
13394	2.31482934963601	S	S
13395	5.1075251291175965	NA	M
13396	4.180583802029872	NA	M
13397	6.102709789830814	NA	G1
13398	2.841737323742012	S	S
13399	3.8142284102804522	G2	G2M
13405	0.8909670043368036	NA	G1
13407	2.053826013507822	G1.S	S
13410	3.3356340840248286	NA	G2M
13411	3.063632301634839	S	S
13412	6.093546375257953	G2.M	G1
13414	3.874297431937107	NA	G2M
13415	1.6119120776745328	NA	S
13416	3.0271597980271396	S	S
13418	6.218652640584235	S	G1
13421	2.7387792235341766	NA	S
13422	1.1119501722399066	G2	G1
13423	2.359070744039664	NA	S
13424	0.5281649885803875	NA	G1
13425	6.15691285129431	M.G1	G1
13426	6.111783041144564	G2.M	G1
13432	3.592394195572643	G2.M	G2M
13433	6.145342542001949	NA	G1
13435	5.972952408050892	NA	G1
13437	3.075103348888152	NA	S
13439	1.2969846299267507	G1.S	G1
13440	6.141412370739507	NA	G1
13442	2.3679627063602844	G1.S	S
13444	1.1526742327208062	G1.S	G1
13445	5.573917613682555	M.G1	G1
13447	2.3115603382267587	S	S
13449	6.174871882095157	G2	G1
13450	1.819401391349906	S	S
13451	0.0187098692144001	NA	G1
13452	5.46043342290829	NA	M
13453	0.6233158083983898	G1.S	G1
13454	0.022636437758971634	M.G1	G1
13455	0.05204605732683876	S	G1
13456	1.9687248019542987	NA	S
13457	6.097733255708859	G2.M	G1
13459	6.259243786109916	NA	G1
13460	2.8249416110434304	S	S
13462	1.0381021467880034	G1.S	G1
13463	2.136770074777369	NA	S
13465	1.2416830620934107	NA	G1
13466	3.4632894315587652	G2	G2M
13470	4.116721439204989	G2.M	M
13471	2.26471922948374	G1.S	S
13472	0.8786439409632457	G1.S	G1
13473	0.09471289562032564	M.G1	G1
13474	2.072322420544533	NA	S
13475	3.8947140851792654	G2.M	G2M
13479	1.6445089492614526	NA	S
13482	6.2658613870141995	NA	G1
13486	1.0035302980056309	G1.S	G1
13488	3.699013261536486	NA	G2M
13489	1.5748698377104373	G1.S	S
13490	0.4257180672504007	G1.S	G1
13491	0.48951417323268903	G1.S	G1
13492	3.8137038147638567	NA	G2M
13493	3.4283321246164253	NA	G2M
13495	5.831942373643835	G2.M	G1
13496	6.184013349480488	NA	G1
13497	2.761345268887342	S	S
13498	6.047711871378387	M.G1	G1
13499	2.5984818541976717	NA	S
13500	0.7642470722564545	G1.S	G1
13502	3.404125940940963	G2	G2M
13503	5.644916827065511	M.G1	G1
13504	3.5038300375713924	NA	G2M
13505	6.1899636596306635	M.G1	G1
13508	1.7690317893604306	NA	S
13509	0.1679673263749674	G1.S	G1
13510	3.4969448033405865	NA	G2M
13513	6.182712161976873	NA	G1
13514	3.7792506948074056	G2	G2M
13515	0.02987209266324427	M.G1	G1
13516	6.203758997677641	NA	G1
13517	3.6785325704740592	G2	G2M
13518	0.12386885966674989	M.G1	G1
13519	1.0968294374247582	G1.S	G1
13520	1.8527963109530012	G1.S	S
13521	1.3164238509051498	G1.S	G1
13522	4.417164868261647	NA	M
13524	0.24385576293577402	G1.S	G1
13525	3.549291213692562	S	G2M
13526	3.6614647850029716	G2	G2M
13527	0.8326055621766267	G1.S	G1
13528	0.3965937534375732	G1.S	G1
13529	1.6339294866925314	S	S
13530	3.665520441155548	NA	G2M
13531	6.050184472058047	G2.M	G1
13532	3.7654300263664213	NA	G2M
13534	6.206980099762117	M.G1	G1
13535	1.0122576967184673	NA	G1
13536	1.5153613869001825	G1.S	G1
13537	2.5560345732231364	NA	S
13539	5.899528778874931	M.G1	G1
13541	2.9738817640001347	NA	S
13542	2.864277553620373	S	S
13543	2.3338666710173177	NA	S
13544	1.0294596569172643	G1.S	G1
13545	2.0438759861949136	S	S
13549	5.058433547014325	M.G1	M
13552	6.133636563264578	M.G1	G1
13553	3.4161578962389108	G2	G2M
13554	3.4138205019099406	NA	G2M
13556	3.6620634625816817	M.G1	G2M
13557	4.244911121735386	G2.M	M
13560	2.8868941085906377	S	S
13561	2.4896616769477675	S	S
13562	2.1534750487412917	NA	S
13565	2.7887644420643998	G2	S
13567	3.0570313792578805	S	S
13568	1.9126574404330274	G1.S	S
13570	1.4770027512005126	G1.S	G1
13571	3.7428396788671785	S	G2M
13572	3.2594683538826144	G2	G2M
13574	6.2809301999857645	NA	G1
13576	3.1539521853576398	S	G2M
13577	5.632121745750874	M.G1	G1
13578	0.2638471284443007	NA	G1
13579	4.737721034020482	NA	M
13580	3.276257601994467	S	G2M
13581	2.068503906847702	G1.S	S
13582	3.2617724042011096	NA	G2M
13583	0.46929493526749994	G1.S	G1
13585	3.578367816525907	G2	G2M
13586	0.6744225085927394	NA	G1
13587	0.7459915602193001	NA	G1
13588	6.078396757595649	G2.M	G1
13589	1.7179095806321218	G1.S	S
13590	0.20955384049381687	NA	G1
13591	4.8872880329808535	M.G1	M
13592	6.097028712822377	G2.M	G1
13594	3.205599095619826	NA	G2M
13595	3.417056431548068	G2	G2M
13596	6.201366481396511	M.G1	G1
13598	3.730875164650331	G2	G2M
13599	3.7624321501299742	G2	G2M
13600	3.819559684345647	G2	G2M
13601	0.4832548266407098	G1.S	G1
13602	3.743486107583235	NA	G2M
13603	2.6668525285393927	NA	S
13604	1.409795075104962	G1.S	G1
13605	0.24279277836319338	G1.S	G1
13606	3.6841148245413233	G2	G2M
13607	5.685696807552446	NA	G1
13608	3.1565492644103856	NA	G2M
13610	5.210739677741956	M.G1	M
13612	3.955308731011824	NA	M
13613	2.8942273372528646	G2	S
13614	1.6251728894898914	G1.S	S
13615	3.338908651828939	NA	G2M
13616	5.986514740709939	M.G1	G1
13617	6.249771309568793	NA	G1
13618	1.58178268133446	NA	S
13619	6.250865929161851	NA	G1
13620	0.22407201917784247	G1.S	G1
13625	4.126202593534694	NA	M
13626	3.0279312878528244	NA	S
13627	6.197453069311103	NA	G1
13628	3.0735642118039226	S	S
13630	3.7566712344827633	G2.M	G2M
13631	4.383511383543266	NA	M
13634	3.7876256212060233	NA	G2M
13635	6.065310171289553	M.G1	G1
13636	3.421119578719133	NA	G2M
13637	1.3162007227360049	G1.S	G1
13638	6.121730008600816	NA	G1
13639	4.082564533480655	G2.M	M
13641	6.147680503365121	NA	G1
13643	2.7050754239430463	NA	S
13644	1.2849848021282946	G1.S	G1
13645	2.8514904924581193	NA	S
13646	4.4975726422341	M.G1	M
13647	6.168365869071019	NA	G1
13648	2.0327540462114535	S	S
13649	3.4910841506543395	NA	G2M
13650	6.207530322694654	NA	G1
13651	0.20040168146263415	G1.S	G1
13652	5.395090798074643	G2	M
13653	3.3543119217487263	NA	G2M
13656	6.229830661780481	NA	G1
13657	6.106359818569612	NA	G1
13658	0.05218966849272815	NA	G1
13659	6.108500100732103	NA	G1
13660	1.401462064185085	G1.S	G1
13661	1.7084196772182731	G1.S	S
13662	3.1133246103477914	NA	S
13663	3.973613590761288	G2	M
13664	0.21883171861995523	S	G1
13665	6.176789064317543	NA	G1
13666	0.4984893609149829	G1.S	G1
13667	5.176351286849154	G2.M	M
13668	1.5543169351271304	G1.S	G1
13669	0.009885823678749845	NA	G1
13672	1.7115470032566709	NA	S
13673	5.020189275817138	G2.M	M
13674	4.072263989525443	M.G1	M
13675	6.281657787150114	NA	G1
13676	1.3285448582054724	NA	G1
13677	5.354204789097194	NA	M
13678	0.5015509350678203	G1.S	G1
13679	3.5159797259125085	G2	G2M
13681	6.2299318562621755	M.G1	G1
13682	1.2884256420104283	G1.S	G1
13684	6.099244818542671	G2.M	G1
13686	2.038040816470483	G1.S	S
13688	0.49998905112115105	G1.S	G1
13689	2.5647941408357715	S	S
13691	5.525017153084712	M.G1	G1
13693	0.8520565366213658	G1.S	G1
13694	0.04175608959885418	M.G1	G1
13695	0.4265695707891917	NA	G1
13696	2.438926198304163	S	S
13697	3.2338466410818794	NA	G2M
13698	1.425300358461802	G1.S	G1
13699	6.1424599968173546	M.G1	G1
13700	2.383584096894438	G1.S	S
13702	3.2489052139377543	S	G2M
13704	4.328126999479996	NA	M
13708	1.8604023458318728	G1.S	S
13709	1.9165910722282073	G1.S	S
13710	6.210611703551569	M.G1	G1
13711	0.11950359159679352	G1.S	G1
13712	3.530314804606783	NA	G2M
13713	1.5574118724010768	G1.S	G1
13714	1.215737803252128	NA	G1
13715	3.5130348543368712	G2	G2M
13716	3.4748816038764767	G2	G2M
13718	3.5177519770017085	S	G2M
13719	5.835754234742715	NA	G1
13721	6.22974664951536	NA	G1
13722	3.679773117161368	NA	G2M
13723	5.7675109625174334	M.G1	G1
13724	0.30801023730225424	G1.S	G1
13725	3.6228846350604744	NA	G2M
13726	3.613868309249619	NA	G2M
13727	3.162040211650916	G2	G2M
13729	0.31711855949514894	NA	G1
13730	3.5082530926838924	G2	G2M
13733	3.8601562962504237	NA	G2M
13736	2.185168298896432	S	S
13738	3.424135398439593	NA	G2M
13745	4.282101131460468	G2.M	M
13746	3.6221181030078355	NA	G2M
13748	1.3993986974290193	G1.S	G1
13749	5.976464289622825	M.G1	G1
13750	2.350489061182589	G1.S	S
13751	6.199528823948208	M.G1	G1
13752	0.27282383228428914	G1.S	G1
13753	0.4331510467118748	M.G1	G1
13754	1.2759977487616443	G1.S	G1
13757	0.024431859274290296	M.G1	G1
13758	3.3010197320426093	NA	G2M
13759	2.2976670791665184	S	S
13762	3.874442409352163	NA	G2M
13763	3.512233885158091	G2	G2M
13764	1.662685652518897	G1.S	S
13765	5.813378551243615	G2.M	G1
13766	1.3879665298245278	G1.S	G1
13767	6.128401386818386	NA	G1
13768	0.7813291746701908	NA	G1
13769	0.056437706779859334	M.G1	G1
13770	3.2089284767842874	NA	G2M
13771	5.665739874321428	M.G1	G1
13772	0.9199820863462388	G1.S	G1
13776	0.8595523254410122	G1.S	G1
13778	3.8219794571854706	G2	G2M
13781	2.108724006883607	S	S
13784	3.541338511901471	NA	G2M
13786	3.957135433751743	NA	M
13787	4.534807288780561	G2.M	M
13789	2.6167948871699505	S	S
13790	5.404059467605099	NA	M
13792	3.193504656567174	M.G1	G2M
13793	4.2496656870097445	G2	M
13795	0.10880389952957015	NA	G1
13803	0.00839929065345363	NA	G1
13805	3.512548972769906	G2	G2M
13806	2.713343427188183	G1.S	S
13807	4.000091380680757	NA	M
13808	0.9691964413985686	NA	G1
13809	3.676727438146104	NA	G2M
13810	6.274519148965601	G2	G1
13813	2.1603729616819995	G1.S	S
13814	6.197766343023031	NA	G1
13817	2.3108759146998423	NA	S
13818	2.0111493644265206	G1.S	S
13819	3.798440222474475	NA	G2M
13820	6.169228652675422	NA	G1
13821	1.5078749628136767	G1.S	G1
13822	4.406520608403971	NA	M
13823	1.005197454786767	G1.S	G1
13826	0.5923661058962573	NA	G1
13835	1.5894865414423265	NA	S
13839	5.549213850772109	M.G1	G1
13840	3.6635824063314204	NA	G2M
13844	6.1223467036832435	NA	G1
13845	3.7247839837378733	G2	G2M
13847	2.4321364406402592	NA	S
13849	1.6096890739192002	NA	S
13850	4.027293175713924	M.G1	M
13853	3.600597007672705	G2	G2M
13854	5.968412316273876	G2	G1
13855	6.139462759314757	NA	G1
13856	1.3737786011886046	G1.S	G1
13857	2.547117084024652	NA	S
13861	3.953872866294311	NA	M
13862	4.316889488891715	G2.M	M
13863	4.013088598337249	NA	M
13864	2.293512668712476	NA	S
13866	0.07600949879321006	M.G1	G1
13867	1.338640017406044	G1.S	G1
13868	3.765720674837576	NA	G2M
13869	3.196934549596972	G2	G2M
13872	3.741440988190823	M.G1	G2M
13873	2.0535273295760126	G1.S	S
13874	3.7418304223983907	NA	G2M
13875	1.6002702677876992	G1.S	S
13876	0.03910114547703241	G1.S	G1
13877	1.4246410772585838	G1.S	G1
13878	1.8033950656335784	S	S
13880	3.227692445254547	G2	G2M
13882	4.091213893649833	G2.M	M
13884	3.50989839114323	NA	G2M
13885	4.938285973308635	M.G1	M
13886	1.6297963714857568	NA	S
13887	1.241439001085629	G1.S	G1
13889	2.579489286920113	S	S
13890	6.122546228769524	NA	G1
13891	5.078443451560262	M.G1	M
13893	0.7319760826540908	G1.S	G1
13894	0.4142236365146097	S	G1
13897	5.346680075906616	M.G1	M
13899	3.115505226767857	NA	S
13901	4.239736981956202	NA	M
13902	6.242014872755058	M.G1	G1
13903	6.256847983721043	NA	G1
13904	3.7741641893204867	G2.M	G2M
13905	6.186651844441099	M.G1	G1
13906	2.461027373218196	G1.S	S
13907	3.6790329352010005	NA	G2M
13908	2.5219325006796915	S	S
13909	3.8837024887742193	G2.M	G2M
13910	1.3108173431119983	G1.S	G1
13912	0.009039546013669172	G2.M	G1
13913	3.178146710678888	M.G1	G2M
13914	2.2879612668080256	NA	S
13915	3.64507331827942	NA	G2M
13917	1.671525704464587	G1.S	S
13918	2.2996553749970836	G1.S	S
13919	2.2170807318883234	S	S
13920	0.5350113182868069	S	G1
13921	0.16676091159104622	M.G1	G1
13922	1.1034493399860381	G1.S	G1
13923	2.6937805480969756	NA	S
13925	6.192076974072842	NA	G1
13928	3.7401816457339847	G2.M	G2M
13929	0.08736671841658543	M.G1	G1
13930	3.1589063970673155	G2	G2M
13931	0.115514989525275	NA	G1
13935	2.5395188158286874	S	S
13936	2.6639381420492128	S	S
13938	5.2852286267800945	NA	M
13939	2.7403170613986276	NA	S
13941	5.231960327958618	NA	M
13944	1.946620000385472	G1.S	S
13945	5.175481348191215	NA	M
13946	1.5844712728301094	NA	S
13947	2.5316005989501082	NA	S
13949	6.166270391881829	NA	G1
13951	3.7838239582472015	G2	G2M
13952	3.07383087946626	NA	S
13954	5.555329097823738	M.G1	G1
13955	1.850890835847415	G1.S	S
13958	3.4189499835740955	G2	G2M
13959	0.03561090675619999	NA	G1
13960	3.5560487818084345	NA	G2M
13961	3.9110955898134856	G2.M	G2M
13963	5.868134949614288	M.G1	G1
13964	3.581481665740114	NA	G2M
13965	6.203761028857807	M.G1	G1
13966	2.3767350651404766	S	S
13967	1.3838964877879354	G1.S	G1
13968	3.7976523269448945	G2	G2M
13969	0.2681164220630993	G1.S	G1
13970	1.4169904860472382	G1.S	G1
13971	6.0019522225440465	M.G1	G1
13973	3.4586000035719526	NA	G2M
13974	6.244348929309347	G2.M	G1
13975	0.7585428639436358	G1.S	G1
13976	3.829575839129496	NA	G2M
13977	6.146576805229613	NA	G1
13978	3.807716778656099	G2.M	G2M
13979	4.358801544293441	G2	M
13980	3.620053745165436	NA	G2M
13981	3.5555891856022597	G2.M	G2M
13982	3.1372442521723567	NA	S
13983	6.1431097066679206	NA	G1
13984	1.4340305748272872	NA	G1
13985	6.166420175279055	G2.M	G1
13986	6.253901753723345	NA	G1
13987	2.567533961012268	S	S
13988	3.4336369077590594	G2.M	G2M
13989	2.7669887416430505	S	S
13990	2.6741509357965256	G1.S	S
13991	4.4631118080921635	NA	M
13992	3.787130911137226	NA	G2M
13993	4.6508827767732335	M.G1	M
13995	1.226511736395487	G1.S	G1
13997	2.85897437112426	G1.S	S
13998	6.2449831420647435	G2.M	G1
13999	2.3606888796669434	NA	S
14000	2.836407024394073	NA	S
14001	0.3469003689915397	M.G1	G1
14002	0.07608813431045647	NA	G1
14003	1.6439393050586704	G1.S	S
14004	3.293639744582662	NA	G2M
14006	6.131027709093204	NA	G1
14007	0.5901750946979942	NA	G1
14008	3.50484171789295	NA	G2M
14009	6.0063939669065505	M.G1	G1
14010	4.133485232019638	NA	M
14011	3.3220713270982847	NA	G2M
14012	3.7976858378528564	NA	G2M
14013	3.947812192782681	G2.M	M
14014	4.057836880673483	G2.M	M
14015	1.601284004143448	M.G1	S
14017	0.7721712174383373	NA	G1
14018	6.102825200559577	NA	G1
14019	2.6087032664193686	S	S
14020	3.892800722495725	M.G1	G2M
14022	1.5211691418882887	NA	G1
14023	3.4428700220480497	G2.M	G2M
14024	0.641011235482522	G1.S	G1
14025	0.2877792244798923	NA	G1
14026	2.722544240395352	S	S
14027	3.048306372736751	NA	S
14030	2.99064070355849	S	S
14033	3.3049230471835345	M.G1	G2M
14035	2.339889571787322	G1.S	S
14036	0.41125097015778034	NA	G1
14037	6.1029636914546685	NA	G1
14038	0.09724138266103616	M.G1	G1
14039	6.151748320536825	NA	G1
14042	6.043848366481788	S	G1
14043	3.3781505798215177	G2.M	G2M
14046	2.7002534541114613	M.G1	S
14047	0.2425499233472835	G1.S	G1
14048	1.525838437337401	G1.S	G1
14050	3.0942560006141315	S	S
14052	1.345432038106172	G1.S	G1
14054	0.6678092136923897	G1.S	G1
14055	3.7568714217668164	NA	G2M
14056	2.645260817927775	NA	S
14060	1.3520468422508982	NA	G1
14061	0.19035768960667884	NA	G1
14062	3.540814752879516	G2.M	G2M
14064	1.1854925789810804	G1.S	G1
14066	2.6878231416350387	G1.S	S
14068	6.2755967144996125	M.G1	G1
14069	3.495291171330501	NA	G2M
14070	2.995522076093428	NA	S
14072	1.451394163615047	G1.S	G1
14073	1.8600124277742092	G1.S	S
14074	0.5554157805880814	S	G1
14075	4.669610579464155	NA	M
14076	3.608940074227537	NA	G2M
14077	0.16399138983098532	M.G1	G1
14079	2.180158218745902	NA	S
14080	3.9078250599155298	NA	G2M
14082	1.5842942750892919	NA	S
14083	1.4635767113863112	NA	G1
14084	2.6195635358466838	S	S
14085	6.210113201666232	NA	G1
14086	3.9296794531428714	NA	M
14087	0.2069573025036774	NA	G1
14088	0.5465697863568895	M.G1	G1
14090	6.124552940596838	NA	G1
14091	5.961445619281376	M.G1	G1
14093	4.03725468705382	NA	M
14095	0.6462920041153626	NA	G1
14096	6.170647785396833	NA	G1
14097	2.3863000227708953	G1.S	S
14098	1.7932666390085237	S	S
14099	4.218333243204183	G2	M
14100	3.612680451701756	G2	G2M
14101	6.164644011146738	G2.M	G1
14103	6.213011999424987	NA	G1
14104	0.1763731809747902	G1.S	G1
14107	0.17089967196715572	NA	G1
14108	3.5320126914017496	S	G2M
14109	3.468098407000026	NA	G2M
14110	2.1843214494088903	NA	S
14111	0.6804933506178426	G1.S	G1
14112	2.956917691614886	S	S
14113	6.271590109786694	M.G1	G1
14114	5.697678671300691	NA	G1
14118	0.747000723585504	NA	G1
14119	3.6456910490025485	NA	G2M
14120	1.0352073126317651	G1.S	G1
14121	4.979610554696995	M.G1	M
14122	5.053568567885762	M.G1	M
14123	6.231353769995578	G1.S	G1
14127	3.9048883703906587	G2	G2M
14128	0.1528214415294951	NA	G1
14131	4.03752322413505	NA	M
14132	1.3151992447582304	NA	G1
14134	1.0772975675521173	G1.S	G1
14137	2.652792140082883	G1.S	S
14138	6.240625089296349	M.G1	G1
14140	2.089434095831198	G1.S	S
14141	3.7425223464222053	NA	G2M
14147	3.6519644004116003	NA	G2M
14148	1.7480479009627476	G1.S	S
14149	3.9218521714920698	G2	G2M
14150	3.689504536612815	G2	G2M
14151	6.281045659311068	M.G1	G1
14152	3.593674270973079	G2.M	G2M
14153	2.67778762469358	S	S
14154	3.9163190788614233	G2	G2M
14155	3.317558666307624	NA	G2M
14157	3.2524765421117454	S	G2M
14158	3.088482409361175	S	S
14159	0.1687407019943767	G1.S	G1
14160	0.018526802078448267	S	G1
14161	5.808357476755087	M.G1	G1
14163	3.7916642771175613	NA	G2M
14164	2.340370147218075	NA	S
14165	3.6995473910491956	NA	G2M
14166	3.38354796991157	G2	G2M
14168	0.2787662533539691	NA	G1
14169	5.867088573508887	NA	G1
14171	3.7362834629627786	G2.M	G2M
14172	3.23333360011702	G2	G2M
14173	3.448831826482896	G2	G2M
14175	6.24137262989758	M.G1	G1
14176	3.8629562951174607	NA	G2M
14177	1.1366472090073605	NA	G1
14178	1.6435627752319646	G1.S	S
14179	2.6183026366991125	NA	S
14180	6.15331437709816	NA	G1
14182	5.621541592480428	NA	G1
14184	2.5822568768400713	S	S
14185	3.7056971880764427	NA	G2M
14186	3.8025522204373754	G2.M	G2M
14187	6.220414486597208	NA	G1
14188	1.9235101924254794	G1.S	S
14189	6.179112082500141	G2.M	G1
14190	2.000837366670599	NA	S
14191	0.9006974426816374	S	G1
14192	0.3462784953440476	NA	G1
14193	5.607310931909266	NA	G1
14194	1.6488386064782383	NA	S
14195	0.42856912996495145	NA	G1
14196	1.5502930703604239	G1.S	G1
14199	6.049350883268882	G2.M	G1
14200	0.32040539533041057	G1.S	G1
14202	1.3153647965059874	G1.S	G1
14203	6.178563860317661	NA	G1
14204	3.3879303088926713	G2	G2M
14205	2.841854190484433	S	S
14206	2.7218601784721947	NA	S
14207	3.488856637507694	G2	G2M
14208	4.67787219629164	G2.M	M
14209	0.6107360685735618	G1.S	G1
14210	1.18908175906232	NA	G1
14211	6.184195828508481	NA	G1
14212	2.4524731967599718	NA	S
14213	6.1055086928279065	G2.M	G1
14214	2.7309775088496573	NA	S
14215	3.022866364635271	S	S
14216	3.0759613225293103	NA	S
14217	6.245576742639395	NA	G1
14218	0.013020725129587829	M.G1	G1
14219	2.8925237162539617	S	S
14220	2.0914503453224347	NA	S
14221	6.189567645735448	NA	G1
14223	4.047697855901193	G2	M
14224	3.6388957857080824	G2	G2M
14225	1.4805089225338952	G1.S	G1
14227	1.7107545476951018	NA	S
14228	2.0799614026745514	S	S
14229	6.1594662074325415	G2	G1
14230	1.8438920231721432	S	S
14231	1.681819473441036	G1.S	S
14232	3.069391116853949	NA	S
14233	3.668188767112567	NA	G2M
14234	1.0392727345676949	NA	G1
14235	3.73770184550619	NA	G2M
14236	1.4530208782111944	NA	G1
14238	1.2082728898383481	S	G1
14239	3.42497819938559	NA	G2M
14240	0.7113533218062599	G1.S	G1
14241	4.140107440036953	NA	M
14244	2.1013539817606994	S	S
14245	3.7427922232479127	NA	G2M
14246	6.052727206429108	NA	G1
14247	6.120169442622994	M.G1	G1
14248	5.498967783063701	NA	G1
14249	0.15166010041455022	G1.S	G1
14252	1.2700098450216297	G1.S	G1
14254	2.9723935083056445	S	S
14255	1.5614329620622724	G1.S	G1
14256	5.5539869064856475	G2.M	G1
14258	3.314342913150079	NA	G2M
14260	1.6948243305846677	S	S
14261	1.846449478713108	S	S
14262	4.857863337414438	G2.M	M
14263	3.62185710909942	G2.M	G2M
14265	3.7082499034344814	NA	G2M
14266	1.0345814540643272	G1.S	G1
14267	6.260206798373081	NA	G1
14268	5.041910877932107	G2.M	M
14269	4.241127275850213	NA	M
14270	2.232807317348263	G1.S	S
14271	6.257506813087816	G1.S	G1
14272	6.162449892948315	NA	G1
14273	3.7745620332019003	G2	G2M
14274	3.5933691349930337	NA	G2M
14276	0.9727834238046027	G1.S	G1
14277	2.0677417309432533	NA	S
14279	6.0860279137460624	M.G1	G1
14282	2.3893475951916305	S	S
14283	1.5995990199138095	S	S
14285	0.013381296113623412	NA	G1
14286	0.10383905195272272	NA	G1
14287	2.7898332136431034	G1.S	S
14289	2.0550524396597103	G1.S	S
14291	6.097189177146692	NA	G1
14293	3.935091540216634	NA	M
14294	4.357169683281288	NA	M
14295	4.041799698911938	NA	M
14296	2.0553614881020428	S	S
14298	4.411332798974052	NA	M
14299	5.952905394527432	NA	G1
14300	2.416459779633162	S	S
14303	4.047574688317493	NA	M
14304	6.128053800231472	NA	G1
14305	4.442308765613486	NA	M
14306	3.947566711400006	NA	M
14309	0.7968559669932673	G1.S	G1
14310	0.3383033937722117	NA	G1
14311	2.4105707280516087	S	S
14312	1.1613536379411362	G1.S	G1
14313	1.6736330857171247	G1.S	S
14315	5.865127490230886	G2	G1
14318	6.133460927884253	NA	G1
14320	3.5945194786892003	NA	G2M
14322	6.190913947006512	M.G1	G1
14323	6.083812809293942	M.G1	G1
14325	3.9794088359645188	G2	M
14326	1.5597833332436604	S	G1
14327	1.2367927936950662	G1.S	G1
14328	2.9072151129504573	NA	S
14329	0.2065851199185284	M.G1	G1
14331	4.510010605140248	NA	M
14332	6.2137921409599945	M.G1	G1
14333	6.195508201615451	NA	G1
14334	4.003687426308284	G2	M
14335	0.17336771052078825	G1.S	G1
14336	4.243854926167078	NA	M
14337	3.7262941451305536	G2	G2M
14338	6.209608965202798	S	G1
14339	5.808020892087531	NA	G1
14341	0.4247332094633481	G1.S	G1
14342	2.076294138065417	NA	S
14343	4.5963032404885595	NA	M
14344	3.6243266214956154	G2	G2M
14345	3.7475341594402907	NA	G2M
14347	2.081045909992763	NA	S
14348	6.272854992770624	M.G1	G1
14349	3.5956158877943176	G2	G2M
14351	3.4915651211331236	G2	G2M
14352	2.957189061362602	S	S
14353	6.236016830360985	M.G1	G1
14354	1.0207351393283242	G1.S	G1
14356	3.6985168183955692	NA	G2M
14357	2.6728414574841772	G2	S
14361	1.8048679766185098	G1.S	S
14362	2.137890888856416	G1.S	S
14363	0.5436753937049049	G1.S	G1
14365	2.7326328628216188	S	S
14366	2.891498522026617	S	S
14367	1.5772387182542127	S	S
14368	3.1210669375391737	S	S
14369	3.6687298301006552	NA	G2M
14370	2.753570347781384	S	S
14371	2.879560878740551	S	S
14372	1.8407040320580503	NA	S
14374	0.14759185040192238	M.G1	G1
14375	5.954013619843744	M.G1	G1
14376	2.922641780383367	NA	S
14379	1.726902932930252	S	S
14380	3.3298862995867204	S	G2M
14381	2.883945729279678	M.G1	S
14382	2.302407058932399	S	S
14383	3.783468043518858	G2	G2M
14386	0.8539221164247016	NA	G1
14387	6.169022408908483	NA	G1
14389	0.16159207304972342	G1.S	G1
14390	3.3541720558792556	G2	G2M
14392	5.825614877033746	M.G1	G1
14393	3.5167891521523322	NA	G2M
14394	3.102409004630356	S	S
14397	3.5650629660747843	NA	G2M
14399	3.224188104470863	NA	G2M
14402	3.7711780464856677	G2.M	G2M
14403	2.0861282484861126	S	S
14404	3.585854369083198	NA	G2M
14405	2.165683796217651	S	S
14406	0.6631968078798645	S	G1
14407	3.8305163648553124	G2	G2M
14408	1.7167550224676151	NA	S
14409	3.403695473246585	G2.M	G2M
14410	2.1777674337792483	NA	S
14412	6.173833740184238	NA	G1
14414	2.236138945969215	NA	S
14416	3.3272393094935566	G2.M	G2M
14417	2.9694217221282413	S	S
14418	1.885539829118154	G1.S	S
14419	3.1101027114459265	S	S
14420	0.5124458552474591	G1.S	G1
14421	2.0236024312432757	S	S
14423	2.4324934240839156	NA	S
14424	2.6803882017121103	NA	S
14425	6.040638307031641	G2.M	G1
14427	2.5283468850275583	NA	S
14428	1.0930159241719675	G1.S	G1
14429	0.03350264955001134	G1.S	G1
14431	1.3135983972156138	S	G1
14433	3.60398353062937	G2	G2M
14435	3.4637405249673203	G2	G2M
14436	3.9337670155766897	M.G1	M
14437	2.727239725632534	S	S
14438	1.9824562623140995	S	S
14439	2.2790987379137917	S	S
14440	0.9801489847454323	G1.S	G1
14441	2.7930733489514727	S	S
14442	2.437567739075129	S	S
14443	2.8047044826395227	S	S
14446	5.233564078155977	G2	M
14447	3.816334314026028	NA	G2M
14450	3.5187673083588162	G2.M	G2M
14454	2.4364026162654633	NA	S
14455	3.8252742280239644	NA	G2M
14456	1.719239009465679	G1.S	S
14457	6.240117842320945	NA	G1
14458	5.27647767249695	G2.M	M
14463	3.560522742857937	G2	G2M
14466	4.382977904442207	M.G1	M
14469	3.4091023102609865	G1.S	G2M
14470	2.1153643017569888	NA	S
14472	1.0149696634990473	G1.S	G1
14473	3.6296032121991413	NA	G2M
14474	2.016872028950243	G1.S	S
14476	6.142724613813258	NA	G1
14477	3.7485322010252253	NA	G2M
14478	3.595586137039237	G2	G2M
14479	2.177297929787743	S	S
14480	1.5596853449064036	G1.S	G1
14481	0.14834959902559083	G1.S	G1
14485	2.504780937935402	NA	S
14490	6.094044967888812	S	G1
14491	6.0035045360525885	M.G1	G1
14492	3.2491785851588606	S	G2M
14493	3.2726552592537663	G2	G2M
14494	0.2390907591298264	G1.S	G1
14495	4.211127577821206	G2	M
14499	5.910027986881222	G2.M	G1
14500	5.245902421573146	M.G1	M
14502	3.5766941887568042	G2	G2M
14503	3.732693830445171	G2.M	G2M
14504	2.328633230309108	NA	S
14506	4.1224534063162075	S	M
14507	3.7120994714260993	NA	G2M
14509	3.0285531909482573	NA	S
14511	3.788522608568569	G2.M	G2M
14516	3.893854879734634	G2.M	G2M
14517	3.476330512248599	NA	G2M
14518	3.298942805105267	NA	G2M
14520	1.4261333784319803	S	G1
14521	1.741165999384497	NA	S
14522	1.8344810139653462	G1.S	S
14523	3.3943268194664795	G2	G2M
14524	3.440105496612271	NA	G2M
14527	3.237886000023565	NA	G2M
14528	3.878991903580493	G2.M	G2M
14529	1.1326976791440133	S	G1
14532	2.5634794151506135	S	S
14533	6.276372572677545	M.G1	G1
14535	2.016503027188404	S	S
14537	1.6427128089847909	G1.S	S
14538	0.21598078616539096	M.G1	G1
14539	3.7184837799869155	NA	G2M
14541	0.9702385461075848	G1.S	G1
14542	0.09022434089592281	M.G1	G1
14543	3.704628160125472	NA	G2M
14544	3.439625687347672	S	G2M
14546	0.009442954072635361	M.G1	G1
14547	6.209045156768934	NA	G1
14548	0.001224143958426078	M.G1	G1
14550	4.681061003313733	G2.M	M
14554	3.6158148041816567	NA	G2M
14555	1.8847061156910705	G1.S	S
14556	0.3588819054945531	G1.S	G1
16107	3.358377397232837	G2	G2M
16108	5.938532337344464	G2	G1
16110	3.597756174190369	G2	G2M
16111	1.5385841250160135	NA	G1
16113	2.040497092072104	S	S
16114	3.6614051720446215	NA	G2M
16119	6.071276971040667	M.G1	G1
16120	1.5597591465831433	NA	G1
16122	4.193159090906281	G2.M	M
16123	0.25090626624011453	NA	G1
16127	3.4387707004347168	G2.M	G2M
16128	2.450965261805763	G1.S	S
16130	6.0211404314368595	G2	G1
16136	1.695164444677816	G1.S	S
16137	2.6557433107899433	S	S
16140	5.47398669739905	NA	M
16142	5.441238713747816	G2.M	M
16143	4.064810673784161	G2.M	M
16145	6.140285204130324	G2	G1
16146	2.2596409994872126	S	S
16147	3.665320601672065	G2	G2M
16148	2.6998529697988256	G1.S	S
16150	4.947924466147376	NA	M
16151	0.15805742125168284	G1.S	G1
16154	3.7391917701570185	G2	G2M
16155	1.0545497375086894	S	G1
16161	2.2228214084311886	NA	S
16164	6.039829765996517	M.G1	G1
16166	3.211961464889232	NA	G2M
16167	3.9418072578223295	S	M
16170	5.909574941446963	NA	G1
16174	3.4333661384208423	G2.M	G2M
16175	2.795895155683454	G2	S
16177	6.1648150491099765	NA	G1
16178	3.7464718176027865	NA	G2M
16179	6.2323619126163194	NA	G1
16180	5.940148338809168	G2.M	G1
16182	1.750147704987864	NA	S
16183	1.0125637856290537	G1.S	G1
16184	2.698427881514282	G1.S	S
16185	3.320619045649212	G2	G2M
16186	2.2237795245917287	NA	S
16187	4.334863289644874	NA	M
16191	6.198861186580471	NA	G1
16192	5.159805805542009	G2.M	M
16194	2.0675412281462844	S	S
16196	3.460778505128164	G2	G2M
16197	2.882489044602777	NA	S
16198	1.8250382441803181	G1.S	S
16199	1.6002638981299873	NA	S
16200	5.9790150760030345	NA	G1
16202	2.4747040298490806	S	S
16203	0.4228898339230212	G1.S	G1
16204	0.22125462452759978	G1.S	G1
16205	4.608850217910261	G2	M
16206	1.8207201755681512	G1.S	S
16209	3.9694274733839885	NA	M
16212	2.5903782404462694	S	S
16215	0.6570066642320582	G2	G1
16217	0.15159243253157395	M.G1	G1
16219	6.276724765009064	NA	G1
16221	1.819517857797945	S	S
16222	5.890864351921701	G2.M	G1
16223	3.881008024423897	NA	G2M
16225	1.7538331003532115	G1.S	S
16228	3.7592150278370857	NA	G2M
16230	1.6658697167693577	NA	S
16232	1.5481615382473093	G1.S	G1
16236	3.5285097976527267	S	G2M
16237	5.051838399487103	G2.M	M
16238	1.2313303383778247	NA	G1
16239	3.373128471400535	NA	G2M
16240	3.179541486724651	G2	G2M
16241	2.8253335791514007	G1.S	S
16242	3.769882035801536	NA	G2M
16244	0.6455660142669563	G1.S	G1
16245	6.016910236992679	M.G1	G1
16248	4.465324030326992	G2.M	M
16256	1.1689328337765927	NA	G1
16258	0.17662811022352623	G1.S	G1
16261	5.949751070260859	G2.M	G1
16267	4.364312534038243	S	M
16268	3.3123403111627376	G2.M	G2M
16269	0.17844112397417441	G2.M	G1
16270	2.207360997606407	NA	S
16271	2.0778604055945937	S	S
16272	5.698376891861826	M.G1	G1
16273	1.9282328483078741	G1.S	S
16275	1.1122483620828798	G1.S	G1
16276	3.713185772847628	NA	G2M
16280	2.0967463936651174	S	S
16281	3.3930358247705503	NA	G2M
16283	6.239065775078346	G1.S	G1
16284	6.15833461081915	NA	G1
16285	3.595315214274127	G2.M	G2M
16286	6.17123211004158	NA	G1
16287	3.6383693223657865	G2.M	G2M
16288	3.303902151750445	NA	G2M
16290	0.06416157442554633	NA	G1
16291	1.8324122911812808	G1.S	S
16292	5.2012339111642465	M.G1	M
16293	6.123273481246734	NA	G1
16294	2.112832192168889	G1.S	S
16295	2.9686236827675287	NA	S
16297	1.1253442578155182	G1.S	G1
16298	2.462264626037199	S	S
16299	3.0002940664963824	S	S
16300	6.131270446076012	M.G1	G1
16301	3.755201250877919	NA	G2M
16302	3.7004690447160544	G2.M	G2M
16303	5.936423434755397	M.G1	G1
16304	2.261124945082431	NA	S
16305	3.6315009715303357	G2.M	G2M
16306	4.041141998307256	NA	M
16307	5.355889253294238	NA	M
16308	2.278220320872743	G1.S	S
16309	2.938130629059885	S	S
16310	0.1437113157643684	NA	G1
16311	3.6892666906730125	NA	G2M
16313	3.5552200288730607	G2	G2M
16314	0.0121452852656254	NA	G1
16316	3.7812270874339617	NA	G2M
16317	5.142599012261762	M.G1	M
16319	3.5501229084972468	NA	G2M
16320	4.149059955644278	G2.M	M
16321	0.3205223724303934	NA	G1
16322	3.4328514181887155	NA	G2M
16323	2.5213616751824186	S	S
16324	5.267147121934621	M.G1	M
16325	2.892413419530618	S	S
16326	3.429956752041905	S	G2M
16328	1.0291281359900095	G1.S	G1
16329	6.043178982970414	G2.M	G1
16330	1.496277852070876	G1.S	G1
16331	3.6514565090814477	G2.M	G2M
16332	3.332546956785961	NA	G2M
16333	5.609841789610489	M.G1	G1
16334	0.017302165886590583	NA	G1
16335	2.5291145406490463	G1.S	S
16337	6.022386128624353	NA	G1
16338	0.3694963720470923	S	G1
16339	5.984865794200421	NA	G1
16340	0.1844773559694145	NA	G1
16341	3.617990174305445	NA	G2M
16342	0.8865464737491457	G1.S	G1
16344	0.16959860354301962	M.G1	G1
16345	6.171185788880889	M.G1	G1
16346	2.481676088416981	S	S
16352	2.1505336647607836	NA	S
16353	6.142488342514601	NA	G1
16354	1.8560692370144847	S	S
16355	3.9368282103749905	NA	M
16356	3.602801522597914	G2.M	G2M
16357	3.1459878011815636	G2	G2M
16358	4.609952219012948	G2.M	M
16361	2.8431314401767978	S	S
16362	2.1717615541472237	NA	S
16365	4.001365200469086	G2.M	M
16366	2.0563669579904817	G1.S	S
16367	1.52476895796005	G1.S	G1
16368	2.2187679701036047	S	S
16370	1.4677180361325195	G1.S	G1
16375	5.881915163352474	NA	G1
16378	0.09555655472150548	M.G1	G1
16380	5.05783328966735	NA	M
16381	3.2185101642718843	G2	G2M
16382	0.309158944687119	M.G1	G1
16384	0.09683220828339432	G1.S	G1
16385	2.7842716162390877	S	S
16387	6.222087098511865	M.G1	G1
16389	1.9281575283042935	NA	S
16390	0.2830105786443238	G1.S	G1
16391	3.5669145590886946	G2	G2M
16392	3.6798344703922954	NA	G2M
16394	0.9741112265055162	G1.S	G1
16395	6.2506040904693805	NA	G1
16396	1.8727573989770196	G1.S	S
16397	2.9588767827250333	S	S
16399	0.83899443939843	G1.S	G1
16401	3.5003866799423973	G2	G2M
16402	2.3335293753971307	NA	S
16406	0.09033445243913037	M.G1	G1
16409	0.8233927571112097	G1.S	G1
16410	4.404712541690525	NA	M
16411	5.771178757279243	G2.M	G1
16412	0.3263935498137326	NA	G1
16413	6.039130745900143	M.G1	G1
16414	3.818319790426969	G2.M	G2M
16418	3.5242325224472557	NA	G2M
16419	3.523066587003901	NA	G2M
16420	2.541704345851652	S	S
16423	5.114311249620546	M.G1	M
16424	3.647187853481331	G2.M	G2M
16426	0.748942973887444	NA	G1
16427	2.9449373081668693	S	S
16428	1.5319241057766708	G1.S	G1
16429	2.212596116201169	NA	S
16432	3.0353452348894066	NA	S
16433	3.4114419589099954	NA	G2M
16436	1.3039382443407501	G1.S	G1
16437	2.470178023824229	S	S
16438	0.7601911433435014	G1.S	G1
16442	5.6053578089087015	M.G1	G1
16443	2.9020970029482247	S	S
16444	5.747351575428601	M.G1	G1
16445	1.487751717896892	NA	G1
16446	3.692492357795371	NA	G2M
16447	2.642784001620566	S	S
16448	0.007147914636204482	NA	G1
16449	3.358823930893917	G2.M	G2M
16450	2.9889011713207947	S	S
16457	0.3394099271926396	NA	G1
16458	0.4515242639624923	M.G1	G1
16460	2.3918700112461195	S	S
16462	2.1160245480390443	G1.S	S
16463	5.798564471614128	M.G1	G1
16464	3.6195932166823996	NA	G2M
16465	1.501085783277918	NA	G1
16466	6.268186387030369	NA	G1
16467	1.767819751376226	G1.S	S
16468	2.2514617767647587	M.G1	S
16469	0.7775527183866415	NA	G1
16470	0.15309458040987461	M.G1	G1
16471	2.8595779367351266	S	S
16472	2.3518818427184813	NA	S
16473	1.8990536859661655	G1.S	S
16474	1.2753564005424898	G1.S	G1
16475	3.5859534001418814	NA	G2M
16476	2.279206311360612	NA	S
16477	3.324566098568906	NA	G2M
16479	1.436849020003667	G1.S	G1
16480	6.274216308661162	M.G1	G1
16481	2.46028587974556	G1.S	S
16484	3.3854170436329576	NA	G2M
16486	2.5257030307054795	G1.S	S
16487	3.5045292634659893	NA	G2M
16488	6.23534864348995	M.G1	G1
16489	0.26018811935504804	G1.S	G1
16490	2.929063667695571	NA	S
16491	1.0478078782529825	NA	G1
16492	2.07387946951731	S	S
16494	2.5469924369539756	G1.S	S
16495	3.5820793564297966	NA	G2M
16496	3.6360653794221673	G2.M	G2M
16499	6.2089620729899595	G2	G1
16500	3.5529216948234876	G2	G2M
16502	2.0251575418589876	G1.S	S
16503	0.32713949088968397	NA	G1
16504	3.5634168225996437	G2.M	G2M
16506	2.2377032572044517	G1.S	S
16507	2.173297264479018	G1.S	S
16510	2.9477692012093875	S	S
16511	0.14426764528934666	G1.S	G1
16512	3.0139711310580433	NA	S
16513	1.086170764008137	NA	G1
16515	3.4938537108360666	NA	G2M
16519	2.124422331146254	NA	S
16520	0.652808594277295	G1.S	G1
16522	1.788146002657416	G1.S	S
16523	1.4694646012262123	S	G1
16527	1.4035080227193881	G1.S	G1
16529	3.745755319406311	G2.M	G2M
16530	2.477711338214219	G1.S	S
16533	3.7226698334057327	M.G1	G2M
16534	3.5974662424451616	NA	G2M
16535	1.5416262183759335	S	G1
16536	3.2131398685459907	G2	G2M
16539	6.030617330421851	NA	G1
16540	3.532068787817107	NA	G2M
16542	6.2403539219792945	M.G1	G1
16543	5.22352903571589	M.G1	M
16545	1.300339594451783	G1.S	G1
16546	4.111711292862271	NA	M
16548	0.7967195112601979	G1.S	G1
16551	1.341119184417604	G1.S	G1
16553	6.229148175676199	NA	G1
16555	1.6679265911170524	G1.S	S
16558	3.8388033421174184	NA	G2M
16560	0.2632904619843197	G1.S	G1
16561	2.1143463043488504	G1.S	S
16562	2.6955846553319156	S	S
16563	1.2109908335741673	G1.S	G1
16564	5.533917062602202	G2.M	G1
16565	2.1466229197284745	G1.S	S
16566	4.721926619722744	M.G1	M
16567	4.097884738710761	G2.M	M
16568	2.318830900156741	G1.S	S
16569	5.957361206385354	NA	G1
16570	6.134410753662767	G2	G1
16574	2.2194277958453394	NA	S
16582	6.254544632449995	M.G1	G1
16583	9.801718856129093e-4	NA	G1
16584	4.54201206120063	M.G1	M
16585	0.5149209102284544	G1.S	G1
16587	3.4666385059367846	G2	G2M
16588	0.22860513730939705	S	G1
16589	0.3565343943726388	NA	G1
16590	1.5177956059129296	G1.S	G1
16594	2.7749573258115103	S	S
16595	4.4465335473909695	G2.M	M
16596	1.7564653769235463	S	S
16598	3.6020349561746903	NA	G2M
16599	0.6655095427426827	S	G1
16602	0.900343013497247	S	G1
16604	3.7623463680367735	NA	G2M
16606	6.2468363264693325	NA	G1
16607	2.2098085355688584	G1.S	S
16608	0.8729137637812455	NA	G1
16609	4.5719117687251565	NA	M
16610	3.8221641983281116	NA	G2M
16611	3.440689978575078	G2.M	G2M
16615	6.130587644560769	S	G1
16616	1.394277404560126	G1.S	G1
16617	5.283940350496781	G2.M	M
16618	2.361653218057929	NA	S
16619	6.2760664897474046	NA	G1
16620	0.23417400733548288	NA	G1
16621	4.054306190284253	G2.M	M
16622	2.9296814115061114	NA	S
16623	5.881997468027514	G2	G1
16624	5.935737345012843	G1.S	G1
16626	6.1242473839620395	NA	G1
16628	3.483634115624043	G2	G2M
16629	3.267340284612569	NA	G2M
16630	1.5541730099732285	NA	G1
16632	1.2222571428202023	G1.S	G1
16633	2.2300390418641447	NA	S
16634	4.941053458000674	G2.M	M
16635	6.266355704791371	NA	G1
16636	3.1231379400313446	NA	S
16637	6.197674260568358	NA	G1
16638	3.6299895254637	NA	G2M
16641	3.462261616714262	G2.M	G2M
16642	6.060111710959237	NA	G1
16643	0.1266987167243621	NA	G1
16644	2.1886396173442857	G1.S	S
16645	0.1329436147594394	NA	G1
16646	2.598543201876213	S	S
16647	3.835328353717212	NA	G2M
16649	3.6516424967533365	NA	G2M
16650	5.713890965035978	M.G1	G1
16652	4.077546939326416	M.G1	M
16653	1.7596803399774419	S	S
16658	3.5540860154678704	NA	G2M
16659	2.9187851690698174	NA	S
16660	2.7771570516001858	G1.S	S
16665	6.079644075129735	NA	G1
16666	3.3361170684964034	G2	G2M
16670	0.2859152385283582	M.G1	G1
16672	1.2394442449716103	G1.S	G1
16673	2.9631169577144174	NA	S
16677	2.6169689028953664	NA	S
16678	3.2887521513260483	G2	G2M
16679	3.2510627108126	G2	G2M
16680	4.134587438221821	G2.M	M
16681	6.009630923367442	M.G1	G1
16683	2.329750705589186	S	S
16684	3.4369118253114466	G2.M	G2M
16685	3.4945465217982132	G2.M	G2M
16686	2.4775232359893438	G1.S	S
16688	2.2332508155252486	G1.S	S
16690	2.098894662721305	G1.S	S
16692	3.7544879736549865	G2	G2M
16693	2.7145283113248055	G1.S	S
16694	2.968257767163983	NA	S
16695	5.958599628088901	G2	G1
16697	0.14667504549386348	G1.S	G1
16698	6.013709735102903	NA	G1
16701	0.8055505328207718	G1.S	G1
16702	1.7513673251104867	G1.S	S
16703	2.920105079731094	S	S
16704	2.836538505530481	NA	S
16707	0.13409874778513836	G1.S	G1
16710	5.70657452062647	NA	G1
16711	2.4506530327493907	NA	S
16712	2.6625664654659538	NA	S
16713	2.2929086513553156	G1.S	S
16714	3.514008220636737	NA	G2M
16715	1.9663284312559894	G1.S	S
16716	3.4940898129525	NA	G2M
16719	0.2413169558050834	G1.S	G1
16721	3.5745960309676192	NA	G2M
16722	1.4134832778834527	G1.S	G1
16725	2.718055631722417	S	S
16726	6.100179493285244	NA	G1
16727	3.287189480080069	G2.M	G2M
16730	2.0285710301483983	G1.S	S
16731	2.204465137127619	NA	S
16733	2.0165187582485276	G1.S	S
16735	4.231733827847952	G2.M	M
16737	2.526268230751539	NA	S
16738	0.297122126077798	G1.S	G1
16739	3.6336981013981013	NA	G2M
16741	1.7946839190259425	M.G1	S
16742	3.188804140402018	NA	G2M
16743	4.125701331270189	G2.M	M
16745	3.689245417003418	NA	G2M
16747	3.6614858900464786	NA	G2M
16749	3.530495258885332	NA	G2M
16750	6.128278265372218	M.G1	G1
16753	2.3988410667095605	G1.S	S
16755	5.881198452347942	G2	G1
16758	5.441476482148246	M.G1	M
16759	6.094245527808337	NA	G1
16762	3.673187043149254	G2	G2M
16763	3.591210806932873	NA	G2M
16764	0.2996382830363152	G1.S	G1
16765	2.7584844991479676	S	S
16767	1.430275991759299	NA	G1
16769	1.0336138933790238	G1.S	G1
16772	1.0952380265303656	NA	G1
16773	0.4316084111744994	G1.S	G1
16774	1.8450515199450928	G1.S	S
16776	3.488798081718818	G2	G2M
16777	4.351987381761936	NA	M
16778	3.799836793277522	NA	G2M
16779	0.9317521980575058	G1.S	G1
16782	3.7701903701203934	G2.M	G2M
16783	3.874530524998938	G2	G2M
16785	2.006502871934956	G1.S	S
16788	5.252092075585383	M.G1	M
16789	2.0691274891184976	NA	S
16790	3.692747068341979	G2	G2M
16791	2.447515323343751	S	S
16792	5.909299930031713	NA	G1
16794	2.615623754575455	NA	S
16795	1.6918076784943	G1.S	S
16797	0.8609984980166777	G1.S	G1
16800	3.8910544532004576	NA	G2M
16801	2.7377276505268124	S	S
16803	6.0779027070016545	M.G1	G1
16804	2.82818605296746	S	S
16805	0.03161818547126783	NA	G1
16806	3.8284672992465234	NA	G2M
16807	4.095908175146429	G2	M
16811	6.250878988351309	M.G1	G1
16812	2.2459075602841425	S	S
16813	5.9834542018028225	M.G1	G1
16814	3.7243636003207783	NA	G2M
16815	2.743347076294322	NA	S
16816	2.18519214126942	G1.S	S
16817	3.4070697540834214	NA	G2M
16818	0.9854572305273536	NA	G1
16819	3.759238140978211	G2	G2M
16820	0.1621800235724077	G1.S	G1
16821	6.1306636641116095	M.G1	G1
16826	3.2382544140299143	NA	G2M
16830	5.94801004817519	M.G1	G1
16833	3.663255041679324	NA	G2M
16835	2.2578700534597824	G1.S	S
16836	5.159937701915237	G2	M
16837	5.187589930096161	M.G1	M
16840	3.571180425273777	NA	G2M
16841	2.7067567327617255	S	S
16842	6.096782718264575	NA	G1
16843	3.4733743255335394	NA	G2M
16844	0.8769235969116036	NA	G1
16847	4.094465624420504	NA	M
16849	2.489344147104277	S	S
16854	5.677351512200065	NA	G1
16856	1.7840715065539303	S	S
16857	1.4751576470465853	G1.S	G1
16858	0.6643479272788604	NA	G1
16861	1.086871837890004	G1.S	G1
16863	0.6796489403078309	G1.S	G1
16864	3.6903948356211798	NA	G2M
16865	4.012647723462161	G2.M	M
16867	2.4719108865303125	NA	S
16868	0.5990459264195668	NA	G1
16869	4.083467571006846	G2.M	M
16870	3.431887398482	NA	G2M
16871	5.517960578077945	M.G1	G1
16874	3.459451499342101	G2	G2M
16875	1.4649536535303784	G1.S	G1
16876	4.998483966266443	G2.M	M
16877	4.910643057580213	NA	M
16878	1.7124624541210267	NA	S
16879	2.829922493294864	NA	S
16881	5.194148266802549	NA	M
16884	3.4933619684566954	G2.M	G2M
16885	2.962501652831103	NA	S
16886	3.138918945147717	NA	S
16888	1.6972861896310063	NA	S
16889	0.15405077255184815	M.G1	G1
16890	4.149446941089356	M.G1	M
16891	2.0361020871716913	G1.S	S
16892	0.9466577540598762	G1.S	G1
16897	3.364840547328319	NA	G2M
16898	2.8286605900667636	NA	S
16899	4.2171599289140325	NA	M
16900	2.126924090858103	G1.S	S
16901	3.907543821123218	NA	G2M
16902	3.5971036194830877	G2.M	G2M
16903	2.4480547796764336	M.G1	S
16904	6.225250425424486	G1.S	G1
16905	0.08523005571892925	G2.M	G1
16906	3.604864733001648	NA	G2M
16907	0.33467897711267236	G1.S	G1
16909	3.6395977877790564	NA	G2M
16910	3.4662436278116786	NA	G2M
16911	2.6091266984964574	NA	S
16913	3.1121608635967526	NA	S
16914	3.5891541461617593	G2.M	G2M
16916	1.9594353799949629	G1.S	S
16917	2.2314250048553865	S	S
16918	0.5185934474062713	M.G1	G1
16919	6.028616855614029	M.G1	G1
16920	3.729334209965189	NA	G2M
16921	4.403706406017967	M.G1	M
16922	1.6197489822663973	G1.S	S
16923	2.019404325776257	G1.S	S
16924	3.4316313422059976	NA	G2M
16928	6.084040505630477	M.G1	G1
16929	3.2004808999360423	S	G2M
16930	0.8744625739745299	G1.S	G1
16932	1.9859609794979738	G1.S	S
16933	3.6592793382307036	G2.M	G2M
16934	3.675740590435533	NA	G2M
16936	2.229599675524515	G1.S	S
16937	4.032244958488825	G2.M	M
16939	3.2863156181604793	NA	G2M
16942	3.9001950256072364	G2.M	G2M
16943	3.7640824946040516	NA	G2M
16944	5.578872783416484	G2.M	G1
16946	6.226766905429955	NA	G1
16950	3.364306536538663	G2	G2M
16951	3.6443246197470924	G2.M	G2M
16952	1.7763857123234712	S	S
16953	0.3217009406666693	G1.S	G1
16954	1.8026514838468979	G1.S	S
16955	0.45630931752428616	G1.S	G1
16956	1.8960491794162653	NA	S
16959	1.5651521246855093	NA	G1
16960	3.3931976546286378	NA	G2M
16961	5.067446582412703	G2.M	M
16963	6.086115195483929	M.G1	G1
16964	0.03926580935970386	NA	G1
16967	4.817971773444521	M.G1	M
16971	6.117076246102476	NA	G1
16972	1.1364282713827512	G1.S	G1
16974	0.18791257183367652	G1.S	G1
16977	5.9356218616258865	NA	G1
16978	5.80455935681192	NA	G1
16980	2.137488712948801	G1.S	S
16981	0.6481014507475616	G1.S	G1
16982	2.3720716051656225	S	S
16983	6.162759511262508	NA	G1
16989	5.253014179980698	M.G1	M
16991	3.6190296202655956	G2	G2M
16992	2.4010210415469113	G1.S	S
16994	3.8498703811293247	NA	G2M
16995	1.4588582374839134	G1.S	G1
16998	3.425263276371902	NA	G2M
16999	3.1447668116297898	S	G2M
17000	2.983846608938099	S	S
17001	2.201273635777868	G1.S	S
17002	1.4035516414390283	G1.S	G1
17006	0.208526613995538	NA	G1
17007	1.9038530871696877	NA	S
17008	1.7278806242907647	G1.S	S
17010	0.9150508250604085	NA	G1
17011	3.0312718929530567	NA	S
17014	1.6941161431233105	G1.S	S
17016	5.8329260019082145	M.G1	G1
17018	2.963657870479097	NA	S
17020	3.1971203544006763	G2	G2M
17021	1.3694131852240978	NA	G1
17025	1.901355414650283	G1.S	S
17026	3.541197200724466	NA	G2M
17028	1.974167423554489	G1.S	S
17029	1.9777127766267564	NA	S
17030	1.2787354038960128	G1.S	G1
17032	0.6614880643404297	G1.S	G1
17034	2.3991052288656483	NA	S
17037	6.189341171120401	G2	G1
17040	5.724938671871621	G2.M	G1
17041	6.02425237369304	M.G1	G1
17044	5.447725518348244	M.G1	M
17045	6.0384192194346555	M.G1	G1
17047	1.8341241143053795	G1.S	S
17048	0.023030288940826607	M.G1	G1
17050	6.04298272976035	M.G1	G1
17052	1.1809863580148374	G1.S	G1
17053	0.804227503602274	G1.S	G1
17054	2.5041280428750827	NA	S
17055	1.0182614532183007	NA	G1
17056	2.6068439870249174	NA	S
17058	0.5007297517031526	G1.S	G1
17059	2.655610169761705	G1.S	S
17061	2.419874663460865	G1.S	S
17062	0.21813681608213986	NA	G1
17063	2.695835778521006	S	S
17064	1.2974848920363875	G1.S	G1
17066	3.325652873436758	G2	G2M
17068	3.7682931024580406	G2.M	G2M
17071	0.5856442046721686	NA	G1
17072	3.3944476452657786	G2.M	G2M
17073	0.39741955205543344	NA	G1
17075	0.03078047578377843	M.G1	G1
17077	2.6400761482837916	S	S
17078	3.404125641605497	NA	G2M
17079	3.491613335510131	G2.M	G2M
17081	3.5233339089569067	NA	G2M
17083	3.397128728635294	NA	G2M
17084	0.8304685002212261	G1.S	G1
17085	2.738515953257536	S	S
17087	1.2593089611683057	NA	G1
17088	2.546661341063934	S	S
17089	0.9056619370295848	G1.S	G1
17090	6.2287153480004855	NA	G1
17093	4.366175426172858	NA	M
17094	3.191657388822928	NA	G2M
17095	3.512117147151791	G2.M	G2M
17096	3.741778992686203	G2	G2M
17097	1.8724000984098	G1.S	S
17098	0.7602014744325025	NA	G1
17099	0.35063359582549475	G1.S	G1
17100	3.665786397790383	NA	G2M
17101	3.3151810849069987	NA	G2M
17102	3.5071591653199827	G2	G2M
17103	1.5214293835584691	G1.S	G1
17104	1.1375190459530353	G1.S	G1
17106	1.9627562754363261	G1.S	S
17108	1.0022949733065587	NA	G1
17109	0.052651361223518836	M.G1	G1
17110	0.0028546156806657616	NA	G1
17111	0.24208478637631622	M.G1	G1
17113	1.3344192692631356	G1.S	G1
17114	3.4316526864941572	NA	G2M
17116	0.6396862288237084	G1.S	G1
17118	0.5695901124101765	NA	G1
17121	3.032081113097547	NA	S
17123	3.567021441327532	M.G1	G2M
17125	3.15802077666023	NA	G2M
17127	3.4596835935664934	NA	G2M
17129	6.152733382990804	G2.M	G1
17130	3.049292666041191	NA	S
17132	5.554530085282532	M.G1	G1
17133	3.8706372401605176	G2.M	G2M
17135	1.0274992113241501	S	G1
17136	0.3019591253469092	NA	G1
17139	3.4459444596431408	NA	G2M
17140	3.322723093619268	NA	G2M
17141	3.302889903793015	G1.S	G2M
17142	3.579708852013673	G2.M	G2M
17148	1.2831914550394306	G1.S	G1
17149	0.5999957985727529	G1.S	G1
17151	6.162693460423257	M.G1	G1
17152	2.874486975468892	S	S
17153	2.1773128431301627	G1.S	S
17154	3.076643757427593	NA	S
17155	0.2050923163090326	NA	G1
17156	0.7538075673498933	G1.S	G1
17157	2.6250752546601412	S	S
17159	4.24508585537116	NA	M
17160	3.9458337530836336	G2.M	M
17161	2.963558867520693	NA	S
17167	5.895790202275099	NA	G1
17169	0.09864479676227172	G1.S	G1
17170	6.012067825598188	NA	G1
17173	3.5121501685081764	NA	G2M
17174	3.4229517429209446	G2	G2M
17179	2.424093830893454	NA	S
17180	1.240963090184116	NA	G1
17181	2.0373756354205828	G1.S	S
17182	2.088761177532557	NA	S
17183	0.25388631552005536	NA	G1
17185	2.90694017436831	S	S
17186	3.2202925754615714	NA	G2M
17188	1.5906498727661988	G1.S	S
17191	2.4356331272438587	NA	S
17192	3.8331974274958247	G2.M	G2M
17193	2.700732482774982	G1.S	S
17194	0.9340468260364202	G1.S	G1
17196	2.2746356456078503	NA	S
17198	1.6938679703690498	G1.S	S
17199	6.127407464690666	NA	G1
17200	3.647789345321409	G2.M	G2M
17201	0.022177463555097154	G1.S	G1
17202	1.7094787836644953	G1.S	S
17205	1.6053293264048265	G1.S	S
17207	3.5015070849823298	NA	G2M
20013	1.6088521469936943	G1.S	S
20015	4.359482820583542	M.G1	M
20016	5.778336327617648	M.G1	G1
20017	3.6931740291770483	NA	G2M
20018	2.9248009386601104	G2	S
20019	3.394416482192227	G2	G2M
20020	6.260959514987302	M.G1	G1
20021	6.089153678164611	NA	G1
20023	0.04936550243270857	M.G1	G1
20024	4.987361408575368	G2.M	M
20026	6.235967011284801	M.G1	G1
20027	3.851055243844522	NA	G2M
20028	6.185224736834478	G2	G1
20029	5.859015806752223	G2.M	G1
20030	0.14335975629428183	NA	G1
20031	6.226605889037567	M.G1	G1
20032	5.887043349143552	NA	G1
20033	4.724500277566118	M.G1	M
20034	3.4802189327917947	S	G2M
20039	3.5623236514025156	G2	G2M
20040	5.841351981973214	M.G1	G1
20042	3.186994584679668	M.G1	G2M
20043	6.025868435582654	G2.M	G1
20044	4.356352500278023	M.G1	M
20046	5.829767648045379	M.G1	G1
20047	3.67037151258563	NA	G2M
20048	5.978567548840511	M.G1	G1
20049	5.674412468148662	NA	G1
20051	2.9151322292472828	G2	S
20052	0.5346862477761527	G1.S	G1
20053	4.153334226221398	M.G1	M
20054	6.157176448584278	NA	G1
20055	2.305698475496162	S	S
20057	1.9048419031900174	G1.S	S
20058	6.260505111952373	NA	G1
20062	0.7449113932963063	S	G1
20063	0.3469772236312563	G1.S	G1
20065	3.9516691162560016	NA	M
20068	0.5867002069290774	G1.S	G1
20072	6.103557576970588	M.G1	G1
20073	3.9758303837075624	NA	M
20076	1.7120363746581897	G1.S	S
20077	1.4250870391389063	G1.S	G1
20078	6.1575970139003555	NA	G1
20079	6.03516409827408	G2	G1
20081	4.259594127281324	G2.M	M
20082	3.3671461462766383	S	G2M
20083	0.6582308494596797	G1.S	G1
20084	6.188879990096002	M.G1	G1
20086	4.965907576863444	G2.M	M
20087	0.1306853121052322	NA	G1
20088	6.200677169544121	NA	G1
20089	6.137001073251074	NA	G1
20090	3.753093092000523	G2.M	G2M
20091	5.917714799101171	NA	G1
20092	3.8557779473140514	G2	G2M
20093	3.8279536257727136	G2.M	G2M
20094	6.22457535927716	M.G1	G1
20095	6.258549026862181	M.G1	G1
20096	1.8410938729937034	G1.S	S
20097	6.2020724229324236	NA	G1
20099	0.014636882323276357	NA	G1
20101	3.645548544982084	NA	G2M
20103	0.1970399881774127	G1.S	G1
20104	5.630494626044651	NA	G1
20105	3.370252891713948	S	G2M
20108	5.055597931619978	M.G1	M
20111	6.052871160730849	NA	G1
20112	3.7397386474502343	G2.M	G2M
20113	6.191418747030099	NA	G1
20115	3.7542297099215833	G2.M	G2M
20118	0.21068140202065624	G1.S	G1
20119	4.045146592201911	M.G1	M
20120	6.215800442103342	M.G1	G1
20123	2.420754942345279	NA	S
20125	3.5715710527807065	NA	G2M
20126	3.8379508187596727	G2	G2M
20130	5.9789888624579275	G1.S	G1
20131	3.993189061832499	NA	M
20134	2.9260843336475695	S	S
20136	4.782267430152857	NA	M
20142	3.650879761733641	NA	G2M
20144	0.08566753246811007	M.G1	G1
20145	5.7870890737724645	NA	G1
20146	3.661757915429477	G2.M	G2M
20147	0.8613482844912455	G1.S	G1
20152	4.446506824488095	NA	M
20153	2.090812790134698	S	S
20154	6.270545917524658	G2	G1
20155	0.7000167764982657	G1.S	G1
20156	1.44499767791692	G1.S	G1
20159	0.5764849562357154	G1.S	G1
20162	0.07737432089236973	G1.S	G1
20165	3.3372246410183832	NA	G2M
20168	3.773406780527373	G2.M	G2M
20170	0.46768018830451835	NA	G1
20172	6.111206729681981	M.G1	G1
20173	2.22417084640807	S	S
20174	3.2177191770939797	NA	G2M
20176	5.0509974742063894	G2.M	M
20177	0.10509671804629471	NA	G1
20179	5.907344883017957	M.G1	G1
20182	1.596892447401867	G1.S	S
20183	1.0880799139172619	G1.S	G1
20184	3.996524206995162	G2.M	M
20186	5.681562650568198	NA	G1
20190	1.2940779051834725	G1.S	G1
20192	1.688936462760266	G1.S	S
20197	3.842684715639913	G2.M	G2M
20204	2.629641690606334	S	S
20206	3.842429994258769	G2.M	G2M
20208	6.171790878454878	G2	G1
20209	6.040977683833314	M.G1	G1
20210	0.9348797006137167	G1.S	G1
20215	0.14446111835890366	M.G1	G1
20218	6.2131122575980315	G2	G1
20219	0.19592671891643895	NA	G1
20223	0.13621434197709967	NA	G1
20226	3.8920434190408195	G2	G2M
20230	1.9587316128120376	G1.S	S
20231	6.124710300892495	NA	G1
20233	6.197163252827765	G1.S	G1
20234	5.948664431348406	M.G1	G1
20235	6.091410874168359	M.G1	G1
20237	6.195873190646384	M.G1	G1
20238	1.9131649636249544	G1.S	S
20239	0.06891445052359993	NA	G1
20240	5.606872813369021	M.G1	G1
20243	5.664892443013501	G2.M	G1
20244	6.092728417574691	G2.M	G1
20245	6.140327563976005	M.G1	G1
20247	6.108201684799827	M.G1	G1
20249	6.222130520030558	M.G1	G1
20250	6.267367350780859	M.G1	G1
20251	5.616010936968668	M.G1	G1
20252	6.210537054997998	G2	G1
20254	0.3850727341338	M.G1	G1
20255	0.14163881318554883	NA	G1
20257	6.216238567012698	NA	G1
20263	6.252906807100867	NA	G1
20264	1.7060725385594393	G1.S	S
20265	3.71677657525798	G2	G2M
20268	6.192755965289874	G2	G1
20272	1.4599980998299549	G1.S	G1
20273	6.141438729896767	NA	G1
20274	6.231807078537801	M.G1	G1
20275	0.09187789851964791	M.G1	G1
20276	6.201833738790637	NA	G1
20280	3.093319063932878	NA	S
20281	6.219468701653749	NA	G1
20282	0.16375991824061764	M.G1	G1
20284	1.3940413018887072	NA	G1
20285	5.628599506441812	M.G1	G1
20286	3.8071730141969606	NA	G2M
20288	6.159115190061857	NA	G1
20291	0.5351659430857701	G1.S	G1
20292	0.23017007871854128	M.G1	G1
20293	5.904158766502927	M.G1	G1
20294	4.555293149073526	M.G1	M
20295	1.964809755550805	NA	S
20296	6.124771387344329	NA	G1
20297	0.0309249874761472	NA	G1
20298	3.6891971218498645	NA	G2M
20299	3.7016798965295328	NA	G2M
20300	6.217233947705899	S	G1
20305	0.9638108715681113	NA	G1
20307	3.7581735002010324	NA	G2M
20308	3.265369723676056	NA	G2M
20311	5.130610237705268	G2.M	M
20313	3.8387289859489955	G2.M	G2M
20314	3.7371934062142054	G2.M	G2M
20315	3.8004548208388043	NA	G2M
20317	6.22211010935323	M.G1	G1
20318	0.1277026661583113	M.G1	G1
20320	2.4419470461148958	S	S
20327	0.48778577366983006	G1.S	G1
20328	0.6353239670807508	G1.S	G1
20330	3.926209580225839	NA	G2M
20334	2.37897452575332	NA	S
20338	1.1236626386853275	G1.S	G1
20339	1.3662637329721894	S	G1
20340	5.646781258157637	M.G1	G1
20342	2.4526399905939	S	S
20344	0.3847297389561142	G1.S	G1
20345	6.174747689378976	NA	G1
20346	5.233420924005799	M.G1	M
20348	6.195659777752618	G1.S	G1
20354	3.4780056748573887	NA	G2M
20357	3.8317801441229604	NA	G2M
20359	4.548678241064072	NA	M
20361	6.125053929638274	NA	G1
20363	4.760886080333252	M.G1	M
20366	0.7475164609168056	NA	G1
20368	6.092839147082178	M.G1	G1
20369	3.745742950691684	NA	G2M
20370	6.035230916725289	NA	G1
20371	6.021365940497147	G2.M	G1
20374	5.944683596203285	NA	G1
20375	1.5199693429337484	NA	G1
20376	3.7854835555381894	NA	G2M
20378	1.2879497180048773	G1.S	G1
20379	1.99649727622608	NA	S
20380	2.3968923188904565	S	S
20381	6.0693974841166565	M.G1	G1
20382	3.18751677877113	NA	G2M
20383	3.96194619526689	G2.M	M
20384	5.830324498672624	NA	G1
20385	3.774766631774548	NA	G2M
20387	6.16433152201333	M.G1	G1
20388	6.1907545108609074	M.G1	G1
20391	1.940342637985038	S	S
20392	3.542686449080928	NA	G2M
20395	4.169990415263992	NA	M
20397	5.898120504905841	M.G1	G1
20399	5.818915768826605	NA	G1
20400	5.798397468919206	NA	G1
20401	5.99487329560933	M.G1	G1
20406	1.8154193124977505	G1.S	S
20407	4.109714919656655	G2.M	M
20408	0.008916967844366495	M.G1	G1
20409	1.5701701378924326	NA	G1
20411	4.30387680855788	NA	M
20414	5.553500978286157	NA	G1
20415	5.381540192191224	M.G1	M
20416	1.8761927292136382	M.G1	S
20418	1.6497980318228518	G1.S	S
20420	4.795545132877701	G2.M	M
20421	3.6427539486358995	M.G1	G2M
20423	3.9221038937122654	NA	G2M
20424	6.134043890023761	NA	G1
20425	6.195984547699951	NA	G1
20428	1.3719338664500098	G1.S	G1
20429	3.322857881172158	NA	G2M
20430	3.7225357929853273	NA	G2M
20431	3.692589591695285	NA	G2M
20434	3.771333245567428	NA	G2M
20438	3.178165678506952	M.G1	G2M
20439	6.0635829547336035	NA	G1
20440	6.206684761342037	M.G1	G1
20445	0.6007282592946719	G1.S	G1
20449	0.1505758201259037	NA	G1
20451	0.5984350450143454	G1.S	G1
20452	2.5983325565535056	NA	S
20456	4.399052688112159	NA	M
20457	2.418711096294937	NA	S
20458	5.84521697758808	M.G1	G1
20460	5.116954887958963	G2.M	M
20461	2.996520199273168	NA	S
20462	4.21763454798762	NA	M
20463	6.256350896075664	M.G1	G1
20464	1.3726636013833526	G1.S	G1
20465	4.073119250800299	M.G1	M
20466	6.195915451729068	M.G1	G1
20467	6.045804972848504	M.G1	G1
20470	5.970502593834667	M.G1	G1
20471	2.744724822911427	NA	S
20473	4.4113814858976506	M.G1	M
20474	4.367887858707766	NA	M
20475	5.842089054725155	NA	G1
20476	2.2313495098915093	NA	S
20478	1.141058983771797	NA	G1
20479	6.157857127108625	NA	G1
20480	0.7643110905253283	G1.S	G1
20483	1.6070873226318378	G1.S	S
20484	1.0124910978999713	G1.S	G1
20485	3.2162875717751325	NA	G2M
20486	5.2224370403799245	M.G1	M
20487	5.130233216943817	M.G1	M
20490	3.5263271910589697	G2.M	G2M
20491	0.21819478502625675	NA	G1
20493	3.5371103909625354	G2.M	G2M
20498	0.6996766964177359	G1.S	G1
20500	5.00852252315787	M.G1	M
20502	4.648302693032157	M.G1	M
20506	1.8825267619126087	S	S
20510	0.6038566079570027	G1.S	G1
20511	3.851547881155953	NA	G2M
20512	2.128783655820093	NA	S
20514	6.1822541681331336	NA	G1
20515	2.6704372310065025	S	S
20518	6.072829609451966	NA	G1
20521	1.0476778524434667	G1.S	G1
20522	6.0395539996928305	NA	G1
20524	2.2322355299338885	NA	S
20526	2.938971214459939	NA	S
20527	2.6580359178253175	G1.S	S
20530	6.170136497788077	M.G1	G1
20532	0.5311222535241816	G1.S	G1
20533	0.059342932431441425	M.G1	G1
20534	1.6794757908590014	G1.S	S
20536	1.2071212113679084	G1.S	G1
20537	0.42275687508010423	NA	G1
20542	4.9893696925932645	G2.M	M
20545	3.9933263180323966	G2.M	M
20549	3.617999887643527	G2.M	G2M
20550	0.2331160750762092	NA	G1
20551	3.7664454340349485	NA	G2M
20554	3.7446264107255804	NA	G2M
20557	3.6665501824921636	G2	G2M
20559	5.40935124589591	M.G1	M
20560	4.458286079119954	NA	M
20562	3.4427456616691225	NA	G2M
20565	1.530302593862539	S	G1
20568	0.7342413294360932	M.G1	G1
20569	1.8798865338919042	NA	S
20570	1.3216807056506745	G1.S	G1
20573	2.8607525793561783	G2	S
20575	5.7774988629581125	G2.M	G1
20577	2.991290592216496	S	S
20579	6.267754819862385	M.G1	G1
20580	1.7265833142521627	M.G1	S
20584	1.9499551362003018	NA	S
20587	3.5172475029058483	NA	G2M
20591	3.6778907781286807	NA	G2M
20593	5.587659660779432	G2.M	G1
20601	6.189594811360351	NA	G1
20603	0.41362482984944754	NA	G1
20604	5.054845626629011	NA	M
20606	2.9722809134195614	NA	S
20607	1.4481136231454577	G1.S	G1
20610	6.2285601211912445	NA	G1
20613	5.334194499896683	M.G1	M
20618	6.12461951737142	G2.M	G1
20621	3.4754348722304496	M.G1	G2M
20624	5.222318854961537	G2.M	M
20627	0.48667799531595624	G1.S	G1
20628	0.0367120452300211	M.G1	G1
20630	5.3923999728826315	NA	M
20631	6.240244264353427	M.G1	G1
20633	0.017201531083322445	NA	G1
20634	3.545706142378404	NA	G2M
20639	3.2156293519706267	G2.M	G2M
20640	2.4887335534559756	G1.S	S
20642	1.8621032081242452	G1.S	S
20643	0.11973149663015734	NA	G1
20645	2.7582160404276372	NA	S
20648	0.12064601578347241	G1.S	G1
20652	3.967786298222398	NA	M
20654	6.17749803712678	M.G1	G1
20657	6.174024436862489	M.G1	G1
20658	4.598442825243778	G2.M	M
20659	1.203835416203377	G1.S	G1
20661	3.6350628826334836	NA	G2M
20666	2.0415171127585445	S	S
20675	0.5707539526609354	NA	G1
20676	1.020732271484966	M.G1	G1
20677	3.7445633280832737	NA	G2M
20678	6.142789099816016	M.G1	G1
20679	6.021234871959733	NA	G1
20686	0.24991810318524152	NA	G1
20687	6.2490169251207455	G2.M	G1
20688	5.8983196233773745	M.G1	G1
20689	4.862441024827015	G2.M	M
20691	3.0816765755429936	NA	S
20693	6.147151150890958	NA	G1
20695	6.135697545066102	NA	G1
20697	6.171683594496397	NA	G1
20700	3.9305643927623404	M.G1	M
20701	3.329773481760965	G2.M	G2M
20702	4.281821873342652	G2	M
20703	6.132572561969591	M.G1	G1
20704	3.5441994371738974	NA	G2M
20705	1.729099833042118	G1.S	S
20709	4.29497719479778	NA	M
20710	5.218563248203137	M.G1	M
20711	3.7098687000662114	G2.M	G2M
20713	5.9614318891428875	M.G1	G1
20714	6.233562611161435	M.G1	G1
20715	3.820893260153611	G2.M	G2M
20717	0.027352713763118618	M.G1	G1
20719	3.9167518640676287	NA	G2M
20720	5.889976083122794	G2.M	G1
20722	3.6774873068829743	G2.M	G2M
20724	1.1054718169344333	G1.S	G1
20725	6.066951893297496	G2	G1
20726	6.257143815116882	NA	G1
20727	0.39937048016686466	G1.S	G1
20728	3.0344921727275533	NA	S
20729	0.12513464001291522	NA	G1
20730	0.00840796648287972	M.G1	G1
20731	3.641306508325364	NA	G2M
20732	6.140933472546556	NA	G1
20734	5.94669854037621	M.G1	G1
20735	5.519133433285717	G2.M	G1
20736	2.452659880575042	G1.S	S
20737	0.10684154833317795	M.G1	G1
20738	5.212000567927647	M.G1	M
20739	1.4563155329786799	M.G1	G1
20742	3.4252422405352294	G2.M	G2M
20743	3.782132759842288	G2	G2M
20744	0.1340448842391702	G1.S	G1
20745	6.066531467125376	M.G1	G1
20747	3.6271221101083513	NA	G2M
20749	6.163234507346307	NA	G1
20750	0.5966215222780755	G1.S	G1
20751	3.5583069141227752	NA	G2M
20752	3.5588708732587047	NA	G2M
20753	0.052621939225956066	G1.S	G1
20754	1.1653242469951064	G1.S	G1
20755	1.598757908117335	S	S
20760	2.06657113831991	S	S
20761	3.7570399918145374	NA	G2M
20762	3.7960112576484817	M.G1	G2M
20763	6.081897971685026	NA	G1
20766	6.133366347206573	M.G1	G1
20767	1.4403650873721847	G1.S	G1
20768	1.1532218646442496	G1.S	G1
20769	2.8425080329485497	NA	S
20772	6.132578206209092	NA	G1
20774	3.288158514145717	M.G1	G2M
20775	0.0615361017004301	M.G1	G1
20777	6.097835351908281	M.G1	G1
20778	0.38026011603619264	NA	G1
20779	5.498164499419882	G2.M	G1
20780	4.091731503094545	G2.M	M
20781	6.108563115487077	NA	G1
20784	0.19278736498196772	G1.S	G1
20785	1.9750191027286088	NA	S
20786	0.007013656196697315	NA	G1
20787	2.2515447407957607	G1.S	S
20789	6.021888707196222	M.G1	G1
20790	5.95252772443845	M.G1	G1
20791	3.7542862367110343	NA	G2M
20794	6.122671674408932	NA	G1
20795	6.224576881180703	NA	G1
20796	3.3290435329344987	NA	G2M
20798	0.7490764659848855	G1.S	G1
20799	6.1639104591505625	NA	G1
20801	6.184731953919875	M.G1	G1
20803	6.117867896597495	G2.M	G1
20804	6.214673649645819	M.G1	G1
20806	4.589145010579367	NA	M
20807	0.12012313841080456	NA	G1
20810	1.4311423411255604	S	G1
20813	5.06773800303506	NA	M
20817	4.50802419546625	M.G1	M
20819	2.5258091244621954	S	S
20820	0.6183718270413597	G1.S	G1
20821	3.644387623221141	NA	G2M
20822	2.254119332998638	NA	S
20823	1.4456420815197442	G1.S	G1
20824	4.949556625302573	G2.M	M
20825	2.1598299474093587	G1.S	S
20826	0.07663331714982412	M.G1	G1
20828	3.395772105717305	G2	G2M
20829	1.6092679366058396	G1.S	S
20830	1.6967280130669222	G1.S	S
20831	6.1450399873317645	NA	G1
20834	0.018221263996690207	NA	G1
20835	3.8456915290749776	NA	G2M
20837	3.8030891120595705	G2	G2M
20839	3.2546696831258366	NA	G2M
20840	6.226096590603824	G2.M	G1
20841	6.252351306379797	S	G1
20843	5.98775489838664	M.G1	G1
20846	3.7564518255233215	NA	G2M
20848	2.1885026043846842	NA	S
20850	3.6136950171383098	NA	G2M
20852	2.4274685220487386	S	S
20855	6.204147880363806	NA	G1
20858	5.180299549505729	G2	M
20859	6.154212250865202	NA	G1
20860	0.353301924260547	G1.S	G1
20861	5.540352458963381	M.G1	G1
20862	3.679786163198972	G2.M	G2M
20863	0.05055126118024874	NA	G1
20865	3.790886026043786	NA	G2M
20866	0.02367716949906617	NA	G1
20867	4.432693706493387	NA	M
20868	6.1446817918869066	NA	G1
20869	0.518624624141443	G1.S	G1
20870	3.7435675859897497	NA	G2M
20871	6.263288642442601	M.G1	G1
20877	5.610360254989583	NA	G1
20880	2.949625758132496	NA	S
20881	5.78817064799017	G2.M	G1
20882	3.7709708635549335	NA	G2M
20883	3.932055436373124	G2	M
20884	5.969024150824203	NA	G1
20885	4.065248204464535	G2.M	M
20887	6.108889068761495	NA	G1
20888	1.0110521421290974	NA	G1
20891	1.7065045519971378	NA	S
20895	5.141961674072996	M.G1	M
20896	6.225282631056599	NA	G1
20900	4.862544519227518	M.G1	M
20901	0.9690289163033934	S	G1
20903	2.4029901805936573	NA	S
20905	2.821646989675648	S	S
20906	4.131134219565512	G2.M	M
20907	3.8695331080059865	G2.M	G2M
20908	3.689476530736244	G2.M	G2M
20910	3.7470930347834135	S	G2M
20911	6.262107552748325	M.G1	G1
20914	6.118837888694009	G2.M	G1
20917	0.7950074305265281	G1.S	G1
20919	0.037856157988565564	M.G1	G1
20920	4.992125015964804	M.G1	M
20925	3.5192310612784032	NA	G2M
20927	0.2280445045866374	M.G1	G1
20929	6.07790328436904	M.G1	G1
20930	4.730251134352196	G2.M	M
20931	0.1827836598570253	G1.S	G1
20932	6.191034929946923	M.G1	G1
20933	1.3356180364354904	G1.S	G1
20934	4.675184186990195	G2	M
20935	3.7263648170002908	NA	G2M
20936	4.129683669430449	M.G1	M
20937	0.16221386054883583	M.G1	G1
20939	6.15052609059015	M.G1	G1
20940	3.8742866396414364	G2	G2M
20941	0.07072514932130723	NA	G1
20942	3.044519186280749	NA	S
20943	2.6864051185730484	NA	S
20944	5.176830547594701	M.G1	M
20945	3.9226552680023685	G2.M	G2M
20946	0.049445064003610394	NA	G1
20947	0.2627020048925527	NA	G1
20949	1.7131467084612246	S	S
20953	3.3964660462974274	G2	G2M
20958	0.21356463044804924	G1.S	G1
20959	0.7397136871838244	G1.S	G1
20961	2.618878114944682	S	S
20962	6.231061035076327	M.G1	G1
20963	3.08056807051894	S	S
20964	6.015701814511409	M.G1	G1
20965	2.413006767271733	NA	S
20967	2.7050082814445027	S	S
20969	0.34584143101044823	M.G1	G1
20972	6.0666091061022716	M.G1	G1
20974	0.49192780799105695	G1.S	G1
20975	0.30349257777617167	G1.S	G1
20976	0.15652147793309285	NA	G1
20978	0.3013715991650456	NA	G1
20981	3.799814211921965	NA	G2M
20982	4.442367993466217	NA	M
20983	6.2035197221478375	M.G1	G1
20984	6.15109633777094	M.G1	G1
20986	2.932404820766605	G2	S
20987	4.372389990474594	G2.M	M
20990	4.305670663229253	G2.M	M
20993	3.6033232186982658	G2.M	G2M
20994	0.8839819334239749	G1.S	G1
20996	4.903608673875872	NA	M
20997	1.0756309387385499	G1.S	G1
21001	5.900997594454806	NA	G1
21002	6.229232845319461	G2	G1
21008	1.5337814108259364	NA	G1
21009	6.122163734596886	NA	G1
21011	3.9990215547138503	G2.M	M
21012	6.167987100797778	M.G1	G1
21015	4.09573043158813	G2.M	M
21018	2.8824403500646216	NA	S
21019	1.3048348781636712	G1.S	G1
21020	6.275556249853657	M.G1	G1
21021	0.747012756787204	NA	G1
21025	3.6629500225950653	NA	G2M
21031	1.4676929263487994	NA	G1
21032	1.098800209019326	G1.S	G1
21033	2.2772088695892387	S	S
21035	0.5635782566577462	G1.S	G1
21036	3.7412071075337674	NA	G2M
21037	1.4126714997435008	G2.M	G1
21038	5.757976921891855	M.G1	G1
21039	0.0014729356670186127	M.G1	G1
21040	0.5427327682576341	G1.S	G1
21044	0.026566087445344243	M.G1	G1
21045	4.897044722945097	G2.M	M
21046	0.9507645906226413	M.G1	G1
21047	3.7317138282155007	NA	G2M
21048	3.9221425567913926	M.G1	G2M
21049	0.4636933904170853	NA	G1
21050	6.205895217143343	M.G1	G1
21052	6.226373855015562	NA	G1
21054	0.059702052439975783	M.G1	G1
21056	3.7022774925802016	G2.M	G2M
21059	1.505767437950893	G1.S	G1
21061	2.4779914182706313	NA	S
21066	3.8446627575905095	G2.M	G2M
21067	3.1174676615530914	NA	S
21068	4.208141577795406	NA	M
21070	1.3129889160691854	G1.S	G1
21071	6.2039154896907185	G2.M	G1
21073	6.217032196565488	M.G1	G1
21074	1.663337114042092	G1.S	S
21077	1.800178108215799	G1.S	S
21079	4.775510793632172	G2.M	M
21082	1.5020613203655582	G1.S	G1
21083	4.115628226304954	M.G1	M
21085	3.9935274995622434	G2.M	M
21086	0.872544033656615	NA	G1
21087	1.8798120129174758	NA	S
21088	0.8461309461305292	G1.S	G1
22225	2.2020515202870308	G1.S	S
22226	1.926550289834987	S	S
22229	3.63460027138585	NA	G2M
22230	3.581045871603057	NA	G2M
22231	3.4233160533720866	G2.M	G2M
22234	3.4513985359991333	G2	G2M
22237	3.246713449418896	G2	G2M
22240	2.5216713923661387	NA	S
22241	1.7190910857925632	G1.S	S
22246	2.3622632847466196	S	S
22247	1.6566521605174278	G1.S	S
22248	3.872866791301076	G2.M	G2M
22249	0.3284454754123667	G1.S	G1
22253	2.481914821776687	NA	S
22254	3.601011733039173	NA	G2M
22255	6.172028248793977	NA	G1
22256	3.651955935767564	G2.M	G2M
22257	2.7976506640768752	S	S
22262	0.9474645515484216	NA	G1
22264	3.0129289476558947	NA	S
22265	2.3875596481119445	NA	S
22266	3.1509012095383495	NA	G2M
22267	2.6273929801131994	NA	S
22270	3.6972984529151454	NA	G2M
22271	6.2323971057407235	M.G1	G1
22274	6.106210764853993	G1.S	G1
22276	2.150359032925005	NA	S
22277	0.11331900076613352	G1.S	G1
22278	2.268013522422589	G1.S	S
22280	3.361532119856757	NA	G2M
22285	2.2500354058661887	S	S
22286	2.698735835325459	G1.S	S
22287	3.5926315340710313	M.G1	G2M
22291	2.9848490171381687	S	S
22292	0.018177355615571496	NA	G1
22293	2.2722985259501134	S	S
22295	0.15797949743723455	G1.S	G1
22297	1.7293320648928672	G1.S	S
22298	3.4669205124724556	G2.M	G2M
22299	2.63875385035186	NA	S
22300	0.1616326680760761	NA	G1
22301	3.6731162176372294	NA	G2M
22304	3.330095853506084	NA	G2M
22307	4.171178855189874	G2	M
22309	3.5040276745025647	NA	G2M
22310	3.6674733604226595	NA	G2M
22314	2.8751204426613035	S	S
22317	3.5062299687857195	NA	G2M
22318	0.2619171221923847	G1.S	G1
22319	3.773194229469164	NA	G2M
22320	3.5597744189470943	G2	G2M
22321	4.478812746453524	S	M
22322	3.4416663398819827	G2.M	G2M
22324	3.566635498201788	G2.M	G2M
22325	0.21796426175637829	NA	G1
22326	1.011642463078515	NA	G1
22332	3.702677132634226	NA	G2M
22337	3.6702818903024537	NA	G2M
22338	2.5353361288470486	NA	S
22339	3.5407740668279106	NA	G2M
22340	3.634045892345257	NA	G2M
22344	3.109568634964912	S	S
22345	3.4227406593446092	NA	G2M
22346	5.295460841503218	M.G1	M
22347	3.5813111773445154	NA	G2M
22348	2.7025597477951147	NA	S
22349	6.235449618145299	M.G1	G1
22351	3.69358256677439	NA	G2M
22352	3.632010235388077	S	G2M
22355	0.20235392496488994	G1.S	G1
22356	5.718470206360205	S	G1
22357	3.2796705861968336	NA	G2M
22358	3.2455201379446534	NA	G2M
22359	3.547095788145411	G2.M	G2M
22363	2.8469322451541723	NA	S
22364	4.862479068587438	NA	M
22365	3.52087180451616	G2.M	G2M
22366	3.5078152170825145	NA	G2M
22367	3.6926039929248717	NA	G2M
22370	3.625510873542408	NA	G2M
22371	0.2905713489136434	NA	G1
22374	3.027150934271602	S	S
22375	6.237636956886638	M.G1	G1
22376	1.5163243832320843	G1.S	G1
22377	3.5929359193737236	G2.M	G2M
22378	2.6728289447096474	NA	S
22379	3.1354511581281437	NA	S
22380	3.5490248358870438	G2.M	G2M
22382	2.9683534406058345	G1.S	S
22383	1.3712764554063386	G1.S	G1
22384	2.2674516844723853	S	S
22392	3.8294560125025376	G2	G2M
22393	2.9889598399928	S	S
22395	3.5725966612884803	NA	G2M
22396	2.34386781905076	G1.S	S
22397	3.2131501981862707	G2.M	G2M
22398	2.891305171006134	NA	S
22399	3.377157583593978	NA	G2M
22400	3.4024509549341766	G2.M	G2M
22401	3.4139938123606464	G2	G2M
22402	0.5840108079467529	G1.S	G1
22403	3.134220690727828	NA	S
22404	2.5038842314640353	G1.S	S
22406	6.249367776777136	M.G1	G1
22408	6.069474531195735	NA	G1
22410	3.3232512136890646	NA	G2M
22411	3.4346617846011456	NA	G2M
22412	3.157472741925269	NA	G2M
22414	2.693814675100099	S	S
22415	3.12749591308546	S	S
22417	2.88240925177548	G1.S	S
22418	3.4860679260845435	NA	G2M
22419	4.097711060721853	NA	M
22420	3.03123836414178	NA	S
22421	6.161772942541521	NA	G1
22422	2.908894990848196	S	S
22423	0.3563197895122912	G1.S	G1
22424	3.093660958670614	S	S
22427	3.0573175155959134	G2	S
22429	2.2386412566366864	S	S
22430	3.4646513379480823	G2	G2M
22431	3.4894920861456185	M.G1	G2M
22432	6.26564118949722	NA	G1
22435	2.877467912391978	S	S
22437	3.022932720779744	NA	S
22438	3.402093134993578	G2	G2M
22440	2.817286170280466	S	S
22441	3.4834321473872323	G2	G2M
22442	3.214265471397703	NA	G2M
22443	3.56902344294685	NA	G2M
22444	2.992462769086843	S	S
22445	2.670159994851578	NA	S
22446	3.417759966160672	G2	G2M
22448	3.0015365608543627	G1.S	S
22449	3.3683340419580565	NA	G2M
22450	3.6077011787480386	NA	G2M
22451	3.2372748788406778	S	G2M
22452	2.958734941745447	S	S
22453	3.5170152697378634	NA	G2M
22454	3.6454157237636293	NA	G2M
22457	3.4643544412502285	NA	G2M
22458	2.7521348129802377	NA	S
22459	3.4238232537488686	G2.M	G2M
22460	3.505040498719668	G2	G2M
22461	2.9723806792482543	S	S
22462	1.8952587840572495	G1.S	S
22463	3.461152023881782	NA	G2M
22464	1.5257656963576347	NA	G1
22465	2.651304843369557	S	S
22467	3.3805469979823495	NA	G2M
22468	3.2072774442835525	S	G2M
22471	2.9230596923287204	S	S
22478	0.07661205031478505	M.G1	G1
22480	3.306824276496949	S	G2M
22481	2.7998681428251357	S	S
22483	3.4372854242262636	G2	G2M
22484	3.6580596207364766	NA	G2M
22485	6.134061550622242	G1.S	G1
22487	2.2048055005735443	S	S
22488	3.3411857617483256	NA	G2M
22489	0.2874228746215027	NA	G1
22492	2.916430817587365	NA	S
22495	3.4940583489770547	G2	G2M
22496	3.745368895294779	G2	G2M
22497	2.361156340452354	G1.S	S
22502	3.5800299592918234	G2	G2M
22504	0.04506871375959405	M.G1	G1
22505	3.100129469626137	NA	S
22506	1.8762296024360117	G1.S	S
22507	6.203533190507431	NA	G1
22508	3.5639306489741815	NA	G2M
22509	0.14011565116416402	M.G1	G1
22510	3.624920706510638	NA	G2M
22511	0.5956258376648883	G1.S	G1
22514	3.0748121839668427	S	S
22515	0.4971400876254022	NA	G1
22516	3.7278120350837582	G2	G2M
22517	1.705053748948246	G1.S	S
22518	1.1518920586362291	G1.S	G1
22519	3.373586508623008	NA	G2M
22523	3.4688594670667015	G2	G2M
22524	3.429991082440169	G2	G2M
22525	3.318151609436929	G2	G2M
22527	3.2383643133253734	S	G2M
22528	3.9466795645819333	NA	M
22530	3.16570699923781	G2	G2M
22533	3.4062946492079424	G2	G2M
22535	3.6057949992062177	NA	G2M
22536	6.1376148097428525	M.G1	G1
22541	2.8105899123812037	NA	S
22542	3.617873003923767	G2	G2M
22543	2.694138835752406	S	S
22544	3.1276053253902925	NA	S
22545	3.0371865458509006	NA	S
22550	3.196962947154581	NA	G2M
22551	2.868379976997027	S	S
22552	3.5838982949433302	NA	G2M
22553	3.1755623990391815	NA	G2M
22557	1.8137334977159403	NA	S
22558	3.593124733006762	NA	G2M
22559	1.7708529109092854	G1.S	S
22560	2.8168126508851916	NA	S
22561	2.970252251395257	NA	S
22562	3.484615009133659	G2.M	G2M
22563	2.360103453963014	G1.S	S
22564	3.5016501450298634	G2.M	G2M
22565	3.245556800667453	NA	G2M
22566	3.5203715266730664	NA	G2M
22569	0.17138501231418643	G1.S	G1
22570	3.6432048440733995	G2.M	G2M
22571	3.67058577586755	NA	G2M
22572	3.178063483111892	NA	G2M
22574	2.7277712897280715	S	S
22575	0.11232910333698164	NA	G1
22576	5.945285390320132	NA	G1
22577	3.590132191535501	NA	G2M
22578	0.16764898709086706	G1.S	G1
22579	3.4990960995876215	NA	G2M
22582	3.6606381863508526	NA	G2M
22583	3.1812363124216474	G2	G2M
22584	0.8305555375280347	NA	G1
22585	2.981484287758575	S	S
22586	3.092178002262669	NA	S
22587	3.618005202620539	NA	G2M
22588	2.2157932734189334	G1.S	S
22589	3.576097596201013	NA	G2M
22591	3.0514115249024822	NA	S
22593	0.14682787305827535	M.G1	G1
22595	3.529332732793589	NA	G2M
22596	3.3985673071088764	NA	G2M
22597	3.4834731318759387	G2.M	G2M
22598	3.4936106620612755	NA	G2M
22599	3.3800571654101046	S	G2M
22602	3.8098316936535532	G2.M	G2M
22603	3.542104528230069	NA	G2M
22604	3.090672261908702	G2	S
22605	2.2876119128721197	NA	S
22606	3.2597866419893924	S	G2M
22607	3.1496532740491676	NA	G2M
22608	2.848322108540681	G1.S	S
22609	2.362147082192446	S	S
22610	3.716893266189047	NA	G2M
22611	3.016616111542921	NA	S
22612	1.803862442498123	G1.S	S
22613	6.091989367269823	M.G1	G1
22614	3.166146493171476	NA	G2M
22615	3.359922761387295	G2	G2M
22616	3.2734529647776482	NA	G2M
22618	1.8565876257978677	G1.S	S
22620	1.225899421562314	G1.S	G1
22621	3.554546629097406	NA	G2M
22622	3.253032822057162	G2	G2M
22624	2.6334750572397088	NA	S
22625	3.31323798662322	G2	G2M
22629	3.349783954891422	NA	G2M
22630	2.1488153003269534	G1.S	S
22631	4.127242135140973	NA	M
22633	3.481254301720358	G2	G2M
22636	3.5430290152571082	NA	G2M
22637	0.12225983621865752	NA	G1
22638	2.6914925654916146	NA	S
22639	3.191322050034347	NA	G2M
22640	3.607588660361845	G2	G2M
22642	3.6809610326727475	G2.M	G2M
22643	2.9481539378384944	NA	S
22646	6.156022127041626	M.G1	G1
22647	2.8127564676205075	NA	S
22650	3.6909057432344174	NA	G2M
22651	3.238162375273286	G2	G2M
22653	1.668059178383502	G1.S	S
22654	3.7052239494944983	NA	G2M
22657	3.7894304792381224	NA	G2M
22658	2.911647594072755	NA	S
22659	3.341857631397706	G2	G2M
22660	3.6674993377794323	NA	G2M
22661	3.122663032743878	G2	S
22662	3.461176589198083	NA	G2M
22663	3.760123588883471	G2	G2M
22664	3.6851451823472097	NA	G2M
22668	1.1402198680203328	G1.S	G1
22670	3.0034913277139164	S	S
22671	3.0987594038186534	NA	S
22672	3.808456337734268	S	G2M
22673	2.250414855175905	NA	S
22674	3.1437278128340727	S	G2M
22675	3.303830535969167	G2.M	G2M
22676	2.3044802736108334	G1.S	S
22677	3.7008516296223593	G2.M	G2M
22678	3.548819640952213	NA	G2M
22680	3.4942076286454737	NA	G2M
22684	3.024032874620682	S	S
22685	2.891941174943591	G1.S	S
22686	3.445314917076512	NA	G2M
22687	3.5384666704755414	NA	G2M
22689	2.2436221687154885	S	S
22690	3.6230481878940055	NA	G2M
22691	1.8407929610927762	NA	S
22692	3.115094674585124	NA	S
22693	2.0309913801331456	G1.S	S
22694	3.606893481031633	NA	G2M
22695	2.7961911251254583	NA	S
22696	3.671849531863104	NA	G2M
22697	3.513855803403446	NA	G2M
22698	0.3715269737143724	NA	G1
22699	2.290188286633452	S	S
22700	3.65497477387933	NA	G2M
22701	2.9632811025425974	S	S
22702	4.011221606313262	NA	M
22703	3.6245620013739592	G2	G2M
22704	2.670367781939479	NA	S
22705	2.2052554263601425	G1.S	S
22706	3.60086487340121	G2	G2M
22709	3.4858894874871593	NA	G2M
22710	3.161066865411395	NA	G2M
22711	3.3708668360574334	G2	G2M
22713	3.5971849447671556	G2	G2M
22715	3.5143031817443435	NA	G2M
22716	2.0664503067685915	G1.S	S
22719	1.2335063609767767	G1.S	G1
22722	3.042529546750542	S	S
22726	2.9527005540742923	S	S
22727	3.433084994056645	NA	G2M
22731	3.528804379374331	NA	G2M
22732	3.5354858964195235	NA	G2M
22733	3.9572092960021554	NA	M
22736	3.104375642460239	NA	S
22737	2.654735757300635	NA	S
22738	3.4451960743862236	NA	G2M
22741	3.5692914110442344	G2.M	G2M
22742	3.441875687077326	NA	G2M
22743	2.9903660800242946	NA	S
22744	0.014746585154495692	M.G1	G1
22746	2.4062077631735184	G1.S	S
22747	3.5319540684545454	G2	G2M
22751	3.367044953781026	S	G2M
22752	3.0771997815715952	G2	S
22756	3.309125927683087	G2	G2M
22758	2.9666247364495226	NA	S
22760	2.3185479454177025	NA	S
22762	0.06486323092449278	NA	G1
22763	2.640749339948069	S	S
22764	3.012726822035836	NA	S
22766	3.4189440764764822	NA	G2M
22768	3.69288046856948	G2	G2M
22769	5.698223508467698	NA	G1
22772	3.411923419849223	NA	G2M
22774	2.408449140383441	NA	S
22775	2.7996741271361176	S	S
22776	2.6349488878456415	S	S
22777	2.77467127988472	S	S
22779	3.608928524323144	NA	G2M
22780	2.066812060606047	NA	S
22781	6.275903748187593	NA	G1
22783	3.2039426080781594	NA	G2M
22784	3.248437449008814	G2.M	G2M
22788	3.0168058592158093	NA	S
22789	3.308962016070014	G2.M	G2M
22790	2.865758525237534	G2	S
22791	3.377304658256883	NA	G2M
22792	3.142512167249817	S	G2M
22793	3.237819520854972	NA	G2M
22800	3.347019870906473	NA	G2M
22801	2.206736609662636	S	S
22805	2.3814419376774625	G1.S	S
22806	3.6476275170862738	NA	G2M
22807	3.3865406117143415	G2	G2M
22809	2.967655191009628	NA	S
22814	6.253189425503534	NA	G1
22815	3.4794193476878283	NA	G2M
22816	2.1469473443412643	G1.S	S
22817	2.9061007743786003	S	S
22820	3.111898205013095	S	S
22821	0.2614866502360829	M.G1	G1
22823	3.4021805302790873	G2	G2M
22824	3.3556622509072294	NA	G2M
22825	6.223173007194955	M.G1	G1
22826	2.1534351852353355	NA	S
22827	3.0829795724738673	S	S
22828	3.372621127914465	G2.M	G2M
22829	3.4346705087418603	G2	G2M
22830	3.546180793840585	NA	G2M
22833	3.4684864989523496	G2	G2M
22834	3.335014736048372	NA	G2M
22835	3.4313011138744987	NA	G2M
22836	3.603889846551273	NA	G2M
22837	3.31250891350819	G2	G2M
22842	6.138576989412261	NA	G1
22845	3.4691436607218584	NA	G2M
22846	3.416532176182322	NA	G2M
22849	3.665427010746588	G2	G2M
22854	3.68092132271181	NA	G2M
22856	3.452580216156904	NA	G2M
22857	3.4020631428678842	G2	G2M
22862	1.6788349563845548	G1.S	S
22863	3.42458944922091	NA	G2M
22864	3.5281706121191876	NA	G2M
22865	6.2020406450427155	M.G1	G1
22866	3.248461304658158	G2	G2M
22868	3.5950354075589623	NA	G2M
22872	3.5919659871406213	NA	G2M
22873	3.639358940320627	G2.M	G2M
22874	0.9307198155339805	G1.S	G1
22875	3.1361985810041397	G2	S
22876	2.7060739827054774	S	S
22877	3.657931208126864	NA	G2M
22878	2.8956965934466354	S	S
22879	3.2237584511704824	G2	G2M
22881	3.7993516094294977	G2.M	G2M
22882	1.0679320768860396	G1.S	G1
22883	3.5622198338602487	NA	G2M
22885	2.528613713646053	G1.S	S
22887	3.482942951668981	M.G1	G2M
22888	3.0741965315346347	S	S
22890	3.186980474578958	S	G2M
22892	2.98389999403024	NA	S
22893	3.2412502530874776	NA	G2M
22894	2.1568225711004527	NA	S
22897	3.421199260801515	NA	G2M
22898	2.9802731818706802	S	S
22899	3.6364945724646445	NA	G2M
22901	2.988738382129493	S	S
22902	3.615534594675498	NA	G2M
22903	3.3235042867973466	NA	G2M
22904	0.8357285058483042	G1.S	G1
22905	3.3718405472808697	NA	G2M
22906	3.1359123791673356	NA	S
22911	3.06413772914618	S	S
22916	3.452263675909229	NA	G2M
22917	3.083078299979134	M.G1	S
22918	3.577424406792421	NA	G2M
22919	2.6925496952822323	G1.S	S
22921	6.239265890645579	NA	G1
22922	3.6647304678652235	NA	G2M
22925	3.692844976403695	G2	G2M
22926	3.0730582385971257	S	S
22928	2.4233889517989438	NA	S
22929	3.3434099241421738	G2	G2M
22930	0.8446007367833366	NA	G1
22931	2.8515502849880976	G1.S	S
22932	3.50840995137832	G2.M	G2M
22934	3.4758062894954995	NA	G2M
22935	2.672856867084023	S	S
22938	3.012697312544944	NA	S
22942	2.792618930101417	NA	S
22943	3.558783292159563	NA	G2M
22944	2.290213584232005	S	S
22945	3.348636779513939	G2	G2M
22946	0.37096574138326854	NA	G1
22950	3.473847895047427	G2	G2M
22951	3.022833576906279	S	S
22957	2.386916749051058	S	S
22958	3.6158873247387335	G2.M	G2M
22959	3.1686816605622585	NA	G2M
22960	2.8627015400143487	NA	S
22963	3.500339032496766	G2	G2M
22964	3.3898474313596965	S	G2M
22965	3.508046653111703	NA	G2M
22966	3.078665688857889	NA	S
22967	3.3434801869133772	NA	G2M
22969	3.007022078079997	G1.S	S
22970	3.225303332277597	S	G2M
22971	0.1413595964286551	G1.S	G1
22972	0.09928018947837366	G1.S	G1
22976	3.4317428636507046	NA	G2M
22979	3.790687981542819	G2.M	G2M
22982	3.478336077700089	G2.M	G2M
22985	2.3633140961321306	NA	S
22988	2.8163769856895047	S	S
22989	3.3034126811292306	G2	G2M
22990	2.639626887102634	S	S
22991	4.995583891768503	NA	M
22992	3.830111608179122	G2	G2M
22993	3.430127116411379	NA	G2M
22994	3.3869735660030584	S	G2M
22995	3.017361059155895	NA	S
22997	3.633516738264168	NA	G2M
22998	3.469138208706376	NA	G2M
22999	3.7147528010591815	NA	G2M
24019	0.1573269486276925	M.G1	G1
24020	3.409740986331088	NA	G2M
24023	1.2558827727566895	G1.S	G1
24024	3.578449855757027	NA	G2M
24026	0.608058445051632	G1.S	G1
24027	5.6222488750192685	G2.M	G1
24028	0.1800932671292235	M.G1	G1
24031	3.5410539479549894	NA	G2M
24034	1.653023399552579	G1.S	S
24037	4.824440569496673	NA	M
24038	0.6742064518746962	S	G1
24040	6.101738307435102	NA	G1
24041	0.9968081351921765	G1.S	G1
24042	5.387311744524227	NA	M
24043	2.670246277558656	S	S
24046	0.7263213218019423	G1.S	G1
24047	1.5543771218619555	G1.S	G1
24048	5.538217772886811	M.G1	G1
24049	3.494315111533946	G2.M	G2M
24050	0.7391626803354013	G1.S	G1
24051	4.497973286964164	G2	M
24052	3.892144752580732	M.G1	G2M
24054	6.085143009822157	M.G1	G1
24055	3.7571101760509436	NA	G2M
24056	3.595793543944345	NA	G2M
24059	1.7951938710383628	NA	S
24061	1.826946316738456	G1.S	S
24062	3.5105744669133028	NA	G2M
24063	2.982416935887086	NA	S
24064	2.3531770634066786	S	S
24066	3.5262923112195237	G2	G2M
24067	0.07278151329912698	G2.M	G1
24068	3.832772849069306	NA	G2M
24069	0.7997576146992653	G1.S	G1
24070	0.023015937847064256	NA	G1
24072	5.7747910116260455	G2	G1
24074	4.405339145700001	NA	M
24075	5.729775546984917	NA	G1
24076	3.594882943890923	G2	G2M
24078	1.490129422353745	G1.S	G1
24079	1.9852013172716898	S	S
24080	1.1435597286870605	G1.S	G1
24081	1.4864862979823228	G1.S	G1
24082	2.0174525004809145	G1.S	S
24083	0.21423340277629976	NA	G1
24085	2.6549429949078647	NA	S
24086	5.24056336876272	NA	M
24087	2.7978201767972424	S	S
24088	5.8101614721717105	M.G1	G1
24089	0.40441964414239795	G1.S	G1
24090	5.585961428235679	M.G1	G1
24091	3.985226543165674	G2.M	M
24092	4.240481317396323	G2	M
24093	3.6380708183371793	NA	G2M
24094	6.175860431060993	M.G1	G1
24095	5.787792321601086	G2.M	G1
24096	1.458326504531031	G1.S	G1
24097	1.7505843122158051	G1.S	S
24098	1.388655125386487	S	G1
24099	0.09606819888344602	M.G1	G1
24100	0.9586558164703951	G1.S	G1
24101	5.90203529025822	M.G1	G1
24102	6.076483679081113	M.G1	G1
24103	6.1725616452553265	NA	G1
24104	1.2596611424988795	G1.S	G1
24107	3.300534015553677	G2.M	G2M
24108	4.11835255026735	G2.M	M
24109	5.985224321335783	NA	G1
24110	3.661937856123076	M.G1	G2M
24111	0.45627605842923	G1.S	G1
24112	2.329153665890591	G1.S	S
24117	6.231247479609449	NA	G1
24118	2.787850388436944	NA	S
24119	0.967357939853239	G1.S	G1
24120	3.5560650516350014	NA	G2M
24121	2.1000938724719775	NA	S
24122	1.4608268199413168	G1.S	G1
24123	2.374281241632764	NA	S
24124	3.4903950458326096	G2	G2M
24125	4.331328813822524	NA	M
24126	1.5101165517905364	G1.S	G1
24127	1.4474252242378627	G1.S	G1
24129	2.7091382694989496	NA	S
24130	3.524657212770306	M.G1	G2M
24132	3.119415408729723	NA	S
24133	3.501277942939962	G2	G2M
24134	1.5678579669275772	NA	G1
24135	6.230471487285316	M.G1	G1
24137	2.0489445784914313	NA	S
24138	4.810750805516	M.G1	M
24141	3.0776064756618906	NA	S
24142	3.4858691456878708	G2	G2M
24143	4.16156062923193	G2.M	M
24144	3.284087978966657	NA	G2M
24145	1.3751405691412428	G1.S	G1
24146	4.586844878552099	M.G1	M
24147	4.637998876259947	NA	M
24149	2.3367183326024406	NA	S
24150	0.3531282042611957	G1.S	G1
24151	5.66288015341986	M.G1	G1
24153	0.046052936643387436	NA	G1
24154	0.8352432634262481	G1.S	G1
24155	0.07113797645810482	M.G1	G1
24156	6.049039338330242	M.G1	G1
24157	6.098065308513323	M.G1	G1
24158	3.084172838636819	S	S
24160	4.238628863175774	NA	M
24161	1.5960369385006645	G1.S	S
24162	2.148202259355442	G1.S	S
24163	5.503159935355912	M.G1	G1
24164	3.468965234810284	NA	G2M
24166	3.8025744260695045	G2.M	G2M
24168	0.5463792282421341	NA	G1
24169	6.138602627715169	M.G1	G1
24170	0.22445149660560434	M.G1	G1
24172	1.5772255094341272	G1.S	S
24174	2.4630753457888535	G1.S	S
24175	3.4997364076670525	G2	G2M
24176	0.7701302836102524	G1.S	G1
24177	3.13592175419338	G2	S
24180	0.3409422763326261	G1.S	G1
24181	6.249229186312619	M.G1	G1
24182	0.0025435674637863436	G2	G1
24183	0.4674288032524312	G1.S	G1
24184	0.7376970254800377	G1.S	G1
24185	6.117366095609644	M.G1	G1
24186	0.2759011102340536	G1.S	G1
24189	1.679160347078479	G1.S	S
24190	3.145039408769011	S	G2M
24191	1.9656656347138797	G1.S	S
24192	3.1856517235962283	NA	G2M
24193	0.12352148899442295	M.G1	G1
24197	0.6087580638405828	M.G1	G1
24199	6.164344540378619	NA	G1
24200	3.519278229213677	G2.M	G2M
24201	3.9317030304949827	G2.M	M
24202	0.1726491121999957	M.G1	G1
24203	2.6819769765180035	S	S
24204	2.3264819844239195	NA	S
24206	2.461849287813731	NA	S
24207	2.3628087507471247	G1.S	S
24208	3.0760180417275573	G2.M	S
24209	2.172097913798093	S	S
24210	3.5909841783385983	NA	G2M
24211	1.5293942361088002	G1.S	G1
24213	1.7980665682289907	G1.S	S
24214	6.215983201553104	NA	G1
24215	2.7906195930867184	NA	S
24216	1.4837075925260805	G1.S	G1
24217	6.052710888889717	M.G1	G1
24219	3.7351448288397515	G2	G2M
24220	2.2680170348642656	NA	S
24221	2.6112354537030256	NA	S
24223	6.2795618715538755	M.G1	G1
24224	4.5031278781557225	G2.M	M
24225	1.694840607807323	NA	S
24227	2.746710074232093	NA	S
24228	4.969889775430621	G2.M	M
24229	2.3985664436752	NA	S
24230	6.031512248802498	M.G1	G1
24231	0.3638511994039278	NA	G1
24232	0.42510074728364644	M.G1	G1
24233	3.22386329834868	G2.M	G2M
24234	4.349472315648465	M.G1	M
24235	6.112567290802705	G2	G1
24236	5.8838939020522885	M.G1	G1
24240	2.9463249366514344	NA	S
24241	6.041958522663111	M.G1	G1
24242	2.2773276748507496	G1.S	S
24243	1.0216345388695711	G1.S	G1
24244	2.021284167194639	NA	S
24245	2.273953852882945	G1.S	S
24249	1.4685583339748118	G1.S	G1
24250	1.832867755512716	NA	S
24251	4.647969595098003	M.G1	M
24252	3.414714458456589	G2.M	G2M
24254	3.4059538777899965	NA	G2M
24255	5.976094092723256	M.G1	G1
24256	3.705588871129104	NA	G2M
24257	0.17320742092818384	M.G1	G1
24258	0.27128692899498963	NA	G1
24259	3.6319120099565856	NA	G2M
24260	1.9396385027263545	G1.S	S
24263	2.327396743702667	NA	S
24267	1.8990435964070802	G1.S	S
24269	2.0616276593074048	G1.S	S
24270	0.5979017093738258	G1.S	G1
24271	4.3235367009228565	G2.M	M
24272	1.7761877562714847	NA	S
24273	6.070321890882656	M.G1	G1
24274	0.765598789027543	G1.S	G1
24275	0.41069659056600616	M.G1	G1
24277	4.898372223259226	M.G1	M
24279	5.921415763591336	M.G1	G1
24281	3.5539300368533495	NA	G2M
24282	0.23835401438900616	NA	G1
24283	0.024665382608931467	M.G1	G1
24285	3.6774172242352527	G2	G2M
24286	3.59817225997301	NA	G2M
24287	3.2379164672613423	NA	G2M
24288	2.0397688731412624	S	S
24289	2.4851547780799037	G1.S	S
24290	2.591529267769273	S	S
24291	0.04558397170823395	M.G1	G1
24292	6.279418235304849	M.G1	G1
24293	6.107075229750517	M.G1	G1
24294	3.387332808538563	NA	G2M
24295	2.0713796685838513	G1.S	S
24297	1.5402263317366787	G1.S	G1
24298	1.6296902645976383	G1.S	S
24299	2.5373871233975818	S	S
24300	2.255272464326941	NA	S
24301	6.07588331599422	M.G1	G1
24302	3.6808345408344936	NA	G2M
24303	0.13681966072517918	M.G1	G1
24306	3.980555456957305	G2.M	M
24307	6.044979970424927	NA	G1
24308	2.066046017476168	S	S
24309	1.8587794015452488	G1.S	S
24310	2.57331531055792	G1.S	S
24312	2.125445988671839	G1.S	S
24313	6.000768710140317	M.G1	G1
24314	0.14585814904425853	M.G1	G1
24315	0.6018135625120221	G1.S	G1
24316	2.930262787248685	NA	S
24318	1.1605127778227318	G1.S	G1
24319	3.2089178254833763	NA	G2M
24320	0.011510880385771373	M.G1	G1
24322	2.9272726143013617	S	S
24323	1.7961032259338594	G1.S	S
24324	5.9348653009818015	M.G1	G1
24326	1.6388917903759208	NA	S
24327	0.9726593628716728	S	G1
24328	3.6766237021838064	G2.M	G2M
24329	4.6604382658385335	NA	M
24330	6.200922433292336	NA	G1
24331	2.7585467510078967	S	S
24332	0.301428101283494	G1.S	G1
24334	2.6186833085294805	S	S
24335	3.584357571225804	NA	G2M
24338	3.063909773056549	NA	S
24339	3.70431733109504	NA	G2M
24340	6.157281793095329	M.G1	G1
24341	3.786946981642432	G2.M	G2M
24342	2.5809069126020274	S	S
24343	6.0752084686094365	M.G1	G1
24345	5.6473712359907955	M.G1	G1
24346	2.139532879423078	G1.S	S
24349	0.007322581210594133	M.G1	G1
24351	3.001052425248265	S	S
24353	3.3889286935738094	NA	G2M
24354	1.935558597727485	G1.S	S
24355	1.979757352611755	S	S
24356	1.9452261405661386	G1.S	S
24357	1.3637939497286302	G1.S	G1
24358	2.0367212249195705	S	S
24359	2.3713461506968505	S	S
24360	6.2760168306770625	M.G1	G1
24362	4.341930798770589	G1.S	M
24364	3.683156122034074	NA	G2M
24366	5.7701428433616115	G2.M	G1
24367	2.060419966243981	G1.S	S
24368	2.9146769453869825	S	S
24369	0.176534676898598	M.G1	G1
24370	1.2640822093507356	G1.S	G1
24371	0.4051681131741856	M.G1	G1
24372	2.4428493515734693	S	S
24374	2.733446613508355	NA	S
24376	5.305990787070981	M.G1	M
24379	4.440644980248335	NA	M
24380	5.515486582796836	M.G1	G1
24381	1.2152754792401443	M.G1	G1
24382	5.9240870010917694	M.G1	G1
24383	2.342825500694556	S	S
24384	2.6736531112954807	NA	S
24385	0.37418733332368165	G1.S	G1
24386	5.6453322357465145	M.G1	G1
24387	1.1156069202624086	G1.S	G1
24388	3.822366656105481	M.G1	G2M
24389	4.951343941845831	NA	M
24390	0.015897276153664194	M.G1	G1
24392	1.0749144712797607	NA	G1
24393	4.167793261248763	G2.M	M
24394	3.1760325357270376	NA	G2M
24395	1.5917454265049928	NA	S
24396	1.9489181057135674	G1.S	S
24397	0.03288028668760869	M.G1	G1
24398	2.3614611918542967	G1.S	S
24399	1.6730379240948057	G1.S	S
24400	2.467016201646596	S	S
24401	1.0056664419042518	G1.S	G1
24402	3.5424375298025157	M.G1	G2M
24403	6.20771701862853	M.G1	G1
24404	6.264167366746033	M.G1	G1
24405	0.0640780480751183	M.G1	G1
24407	5.754419224416852	M.G1	G1
24411	2.9791327754100005	NA	S
24412	6.134676799209104	NA	G1
24414	6.189930879164666	NA	G1
24415	3.98159176521057	NA	M
24416	5.887876410899202	M.G1	G1
24417	6.1323055496068095	G2.M	G1
24418	0.4625974248798444	G1.S	G1
24419	4.877443483507645	M.G1	M
24422	6.015270864447003	NA	G1
24423	6.067699326009802	NA	G1
24424	1.0536343200186862	G1.S	G1
24425	2.513881684252708	NA	S
24426	5.742457882620706	M.G1	G1
24427	2.6919544101375275	S	S
24428	1.8350904536140065	G1.S	S
24431	2.2314620692733103	G1.S	S
24432	6.2757694222831555	M.G1	G1
24433	4.114296978642294	G2.M	M
24435	6.176259242693914	M.G1	G1
24436	0.7974491643155477	S	G1
24439	0.3590057927648248	G1.S	G1
24442	3.7975770756858007	G2.M	G2M
24443	3.978367079292948	G2.M	M
24445	0.6858130115283927	G1.S	G1
24446	0.733786754347485	G1.S	G1
24447	3.7407916589865002	G2.M	G2M
24448	3.4972436093250154	G2	G2M
24449	0.8727583580238335	S	G1
24450	0.9829818460334431	G1.S	G1
24451	2.1210455516428404	NA	S
24453	1.4174727748468952	G1.S	G1
24454	6.138979941732097	NA	G1
24455	4.074092403367986	NA	M
24456	2.6482329545489014	M.G1	S
24457	4.353984702634275	G2	M
24458	5.722779762662494	M.G1	G1
24460	1.4279299201829543	S	G1
24461	4.9095987671582115	G2.M	M
24462	3.2290564052084285	M.G1	G2M
24463	3.854662147098378	NA	G2M
24464	0.7118388446923242	G1.S	G1
24466	2.0072587225669554	NA	S
24467	3.553688955974732	G2	G2M
24469	6.054225877235618	G2	G1
24471	2.607442819873366	G1.S	S
24472	6.2303210083320995	NA	G1
24473	0.10114905486852277	NA	G1
24474	3.6176927668000314	G2	G2M
24475	3.7388108562909395	G2	G2M
24477	5.842689376875177	NA	G1
24478	6.103021282462138	M.G1	G1
24479	0.020201910745474512	M.G1	G1
24480	3.6753147552220513	NA	G2M
24481	3.477353521431495	NA	G2M
24482	3.3814574869115157	S	G2M
24484	4.057912338503611	G2.M	M
24485	4.126423504803586	G2.M	M
24487	5.886241649029592	M.G1	G1
24488	3.8047204849167886	G2.M	G2M
24489	3.905411758718518	NA	G2M
24490	3.9418150243487258	NA	M
24491	1.9311073317042995	G1.S	S
24492	6.067135663744196	M.G1	G1
24493	1.2960509976898331	G1.S	G1
24494	0.772793925380073	G1.S	G1
24496	5.733988790359155	M.G1	G1
24497	2.2574000673792773	S	S
24499	2.9501925275224816	NA	S
24501	0.7584455588643426	NA	G1
24502	6.264467829690446	M.G1	G1
24503	6.154331705081711	NA	G1
24505	4.146485186678992	M.G1	M
24506	1.1339810550613616	NA	G1
24507	2.3756302407653074	S	S
24509	5.061629036888298	G2.M	M
24510	3.9164196606553285	G2.M	G2M
24512	3.726044172883739	G2.M	G2M
24513	6.127477574032048	NA	G1
24514	0.2957055712757625	G1.S	G1
24515	0.07627302205669068	G1.S	G1
24516	0.02974667049013095	NA	G1
24517	1.6097323363700846	S	S
24518	2.5089909109191253	S	S
24522	2.3406938822840786	S	S
24523	1.9974009638131265	NA	S
24524	2.37077134429619	NA	S
24525	6.0516780969354516	M.G1	G1
24526	6.098708309140642	NA	G1
24527	6.062371378081098	NA	G1
24529	3.6246639397575056	NA	G2M
24530	3.788514484832743	G2	G2M
24531	1.7775780110943675	G1.S	S
24532	1.9796510793008844	G1.S	S
24533	3.500707921274577	NA	G2M
24534	0.7905443179774772	G1.S	G1
24535	1.3278441479696184	NA	G1
24536	2.2175735801184224	NA	S
24537	5.330335149144042	G2.M	M
24538	1.5055100969286996	NA	G1
24539	2.1652348676046813	S	S
24540	6.122547546437332	M.G1	G1
24541	1.8016347541333313	NA	S
24542	3.5839328298471473	G2	G2M
24543	0.28684551390615803	M.G1	G1
24544	3.6547238387594234	M.G1	G2M
24546	3.0325913836516087	S	S
24547	6.063187790781402	M.G1	G1
24548	6.027775806686218	G2.M	G1
24549	5.095258676439746	M.G1	M
24550	3.7235124717528696	G2	G2M
24551	1.7533047270696005	G1.S	S
24552	4.052058855871804	NA	M
24553	2.6517842576099113	S	S
24554	5.191907868901783	M.G1	M
24555	2.5438732954569416	NA	S
24556	2.3000352956971866	NA	S
24557	0.2870667468885124	G1.S	G1
24558	6.073905542169903	M.G1	G1
24561	1.434213652350904	G1.S	G1
24562	0.012762674144844973	G1.S	G1
24563	0.4386604297550096	M.G1	G1
24564	1.5800250934888196	G1.S	S
24565	3.8160683768878334	NA	G2M
24566	2.6122007922221884	G1.S	S
24567	6.073281534933397	M.G1	G1
24569	1.2937513722344867	G1.S	G1
24570	5.619937537066126	M.G1	G1
24571	6.282866086594695	M.G1	G1
24572	6.187479557088024	NA	G1
24573	5.547843448582787	M.G1	G1
24574	3.6295339055165443	G2	G2M
24575	1.5380950116151668	S	G1
24576	1.070899446695538	G1.S	G1
24577	6.1139738312736105	M.G1	G1
24578	3.809311278464756	NA	G2M
24579	4.204933214048523	NA	M
24580	3.431178597803103	M.G1	G2M
24581	2.1958974461133844	NA	S
24582	1.9990519056465264	G1.S	S
24583	0.2692304588584902	G1.S	G1
24584	3.6496652836281784	G2	G2M
24586	3.826674857516451	NA	G2M
24587	3.7153616896719686	NA	G2M
24588	5.929605682173947	M.G1	G1
24589	6.230595307536665	M.G1	G1
24591	2.3815983439259525	NA	S
24593	2.5478251950719266	G1.S	S
24594	2.2861636559681626	G1.S	S
24595	2.799875930571642	S	S
24597	0.5349916219841634	NA	G1
24599	6.148142140193463	M.G1	G1
24601	3.0302429235918527	M.G1	S
24604	3.268237381807629	G2	G2M
24606	3.5212995789505452	G2.M	G2M
24607	2.3069312841882814	G1.S	S
24608	6.208519510860833	M.G1	G1
24609	5.4421617827983715	M.G1	M
24610	1.7489935646943382	G1.S	S
24611	4.989596084907426	NA	M
24612	3.9285908257476287	NA	M
24613	1.8319416556241659	G1.S	S
24614	2.295898883965468	G1.S	S
24615	1.2062383795348677	G1.S	G1
24618	3.1742226902291337	NA	G2M
24621	0.8377578294009614	NA	G1
24622	0.9038001602119864	M.G1	G1
24623	0.8182229261973211	G1.S	G1
24624	5.9588738788381885	M.G1	G1
24625	2.6498417389165394	G1.S	S
24627	5.233852938492715	NA	M
24628	1.6931344194991902	NA	S
24629	5.659157109614825	NA	G1
24630	5.8706102888016884	NA	G1
24631	3.3402463598127277	G2	G2M
24632	3.006996429747874	NA	S
24633	0.0059474315196719274	NA	G1
24635	6.244559968203176	M.G1	G1
24636	2.455836334185042	S	S
24637	6.182770356878668	M.G1	G1
24638	4.794443280398876	G2.M	M
24639	1.5744450432684594	G1.S	S
24640	6.246003688324049	M.G1	G1
24641	6.093899942617526	M.G1	G1
24643	3.648555407290032	G2.M	G2M
24644	2.250157075283269	NA	S
24645	1.1328736829985038	NA	G1
24646	1.2157956901885032	G1.S	G1
24647	0.044305838435536565	NA	G1
24648	0.4578643485862331	NA	G1
24649	1.2328486808133472	G1.S	G1
24650	2.961530864747987	M.G1	S
24651	6.240772828677288	NA	G1
24652	2.5663118785864483	G1.S	S
24653	6.177955223562963	M.G1	G1
24654	6.1356317114001655	M.G1	G1
24655	1.1460218587938102	G1.S	G1
24657	2.306363829825626	G1.S	S
24658	4.906482965676755	G2.M	M
24659	1.8698030297318016	G1.S	S
24660	0.49397021910413186	G1.S	G1
24661	1.307419368387627	M.G1	G1
24662	3.9456349033072935	NA	M
24663	4.618614189624965	G2.M	M
24664	4.13760809537819	NA	M
24665	0.6436220743199883	G1.S	G1
24666	6.251551121419423	M.G1	G1
24667	4.4680224530074035	G2.M	M
24668	2.9433083034471568	NA	S
24670	0.25581361607993086	M.G1	G1
24673	4.173722733616608	G2.M	M
24674	4.045915196380948	M.G1	M
24675	2.491731302881712	NA	S
24676	4.40812449412931	NA	M
24677	0.7610431423093585	G1.S	G1
24678	2.056532299187	G1.S	S
24679	1.7938295713367554	NA	S
24680	1.4507055529584036	S	G1
24681	0.6715493875839581	NA	G1
24682	0.9451684868743752	NA	G1
24683	2.392500946697088	NA	S
24684	6.256520147667959	NA	G1
24685	2.0321885139089857	G1.S	S
24686	6.156217196824341	M.G1	G1
24687	3.0992562024052415	S	S
24689	2.0811869487608385	S	S
24691	3.7107234187996303	NA	G2M
24692	1.5297145982296696	G1.S	G1
24695	0.47735661076522046	M.G1	G1
24696	6.122974461827092	M.G1	G1
24700	5.902343785916789	S	G1
24701	0.7678929769314581	G1.S	G1
24702	0.09479525492993504	M.G1	G1
24704	6.21105261375023	M.G1	G1
24705	1.724458779851035	G1.S	S
24706	4.290965100438434	NA	M
24707	5.900425454792668	M.G1	G1
24708	2.9942215295543497	NA	S
24709	0.039533475663166416	M.G1	G1
24710	1.9942302348424004	NA	S
24712	5.430308522705656	G2.M	M
24713	1.4845181983157658	NA	G1
24716	0.29309511972274965	NA	G1
24717	1.6784765173908391	G1.S	S
24719	5.451506697061316	M.G1	M
24720	5.855557914024558	M.G1	G1
24721	0.08361569901792591	M.G1	G1
24722	0.16129046626836901	M.G1	G1
24724	3.4642022715593828	NA	G2M
24725	0.7858077960829971	NA	G1
24726	2.2852539744404066	NA	S
24727	3.5800043111003412	NA	G2M
24729	2.885979533268877	M.G1	S
24730	3.517609358506066	NA	G2M
24731	1.2214237731245359	NA	G1
24732	3.2610629963801325	NA	G2M
24733	2.7555975154731414	G1.S	S
24734	6.253369856287783	M.G1	G1
24735	1.483647162619986	G1.S	G1
24736	3.680543833416692	G2.M	G2M
24737	0.00824322179237732	M.G1	G1
24739	4.09267992106998	G2.M	M
24741	0.9051674147851219	NA	G1
24744	6.03637192126652	M.G1	G1
24745	0.4180356625740528	M.G1	G1
24746	2.9523063094215756	M.G1	S
24747	3.683530724646463	M.G1	G2M
24748	6.018808777437568	M.G1	G1
24749	2.4661222440341177	S	S
24750	1.491388550989285	G1.S	G1
24752	0.8112690971384848	G1.S	G1
24754	4.452865325067155	M.G1	M
24756	2.0529274719279553	G1.S	S
24757	2.9909233238830164	M.G1	S
24758	5.101091877003352	NA	M
24759	1.888028527311956	G1.S	S
24760	3.7644272711815763	G2.M	G2M
24761	6.027031260027363	M.G1	G1
24762	1.5121054898696697	G1.S	G1
24763	3.5610039863451575	NA	G2M
24765	6.141108844593811	M.G1	G1
24766	6.236278675309238	NA	G1
24767	1.2569015736748044	G1.S	G1
24768	1.9812144442683264	G1.S	S
24770	1.8043328591721794	G1.S	S
24771	2.568240790532675	NA	S
24772	1.4060139435206434	G1.S	G1
24773	1.924333630480327	S	S
24774	5.77812950216008	NA	G1
24775	2.569799282553288	G1.S	S
24776	0.3945254454534032	G1.S	G1
24777	1.7560442100956541	G1.S	S
24778	3.5269736293048686	NA	G2M
24779	0.03321336152460831	M.G1	G1
24781	2.131273716296087	G1.S	S
24782	0.12532357299920616	M.G1	G1
24783	0.41826265507006444	M.G1	G1
24784	0.34916482712796254	M.G1	G1
24785	3.615235178593316	NA	G2M
24788	4.492447912636157	NA	M
24798	5.342133757579108	M.G1	M
24799	6.170170823083102	M.G1	G1
24801	1.0406995431620207	G1.S	G1
24802	3.2657634955645656	NA	G2M
24805	4.271775243952863	NA	M
24806	6.030924257068322	NA	G1
24807	6.212221038991518	M.G1	G1
24808	2.233356202896259	NA	S
24809	2.3435854547516812	NA	S
24813	3.5841103268484793	NA	G2M
24814	3.50887681136573	G2	G2M
24815	3.6217717482225487	G2	G2M
24816	6.056015333791329	M.G1	G1
24817	2.090219710408028	M.G1	S
24818	6.260552236280773	M.G1	G1
24819	3.7845662337336385	M.G1	G2M
24822	5.653925013529943	M.G1	G1
24823	0.011512373056198304	M.G1	G1
24824	6.248440743396123	M.G1	G1
24825	0.5769153684975704	M.G1	G1
24827	2.716409084849543	NA	S
24828	0.16537931050988117	M.G1	G1
24829	6.088940653230885	M.G1	G1
24830	1.4158949004753452	G1.S	G1
24831	5.782184706369478	M.G1	G1
24832	3.587815890841892	NA	G2M
24835	3.62144015033572	NA	G2M
24839	3.1902089436138668	G2.M	G2M
24840	2.914947764982251	NA	S
24841	6.033901172414187	M.G1	G1
24842	6.161753817735588	M.G1	G1
24843	0.309359899726013	NA	G1
24844	6.185186979555222	NA	G1
24846	1.3546987514973505	G1.S	G1
24848	0.005821182333831165	M.G1	G1
24849	3.3948777874859184	NA	G2M
24850	3.611018567156801	M.G1	G2M
24851	2.7996463900474793	S	S
24852	3.4016965785242017	G2.M	G2M
24853	0.9486370495066084	S	G1
24854	5.139888357310963	G2.M	M
24858	3.3161985303541486	NA	G2M
24861	0.1843206114516535	M.G1	G1
24862	2.6011250345683607	S	S
24865	5.206770826636806	NA	M
24867	3.1099446582605363	M.G1	S
24868	3.2198393789408	M.G1	G2M
24871	5.388315315938058	M.G1	M
24872	2.11141632445438	S	S
24873	4.52078854906988	M.G1	M
24875	3.537447536377501	G2	G2M
24876	1.4355018566823354	G1.S	G1
24877	2.519523779831063	NA	S
24880	2.507934298211702	G1.S	S
24881	2.4147301700238195	M.G1	S
24883	5.194745284546233	M.G1	M
24884	5.952668493631054	M.G1	G1
24885	3.500728725889557	NA	G2M
24886	5.7731070222282845	M.G1	G1
24887	1.7932767683476636	NA	S
24889	3.52627805208839	G2	G2M
24890	5.5525952529649345	M.G1	G1
24891	3.4328703835881544	G2.M	G2M
24893	0.9519609201212736	NA	G1
24894	1.315407770355817	M.G1	G1
24895	1.3066405201089988	G1.S	G1
24897	0.6823832204658561	G1.S	G1
24898	0.682616189985899	M.G1	G1
24902	3.8231644905042947	M.G1	G2M
24903	1.882477333461571	NA	S
24904	2.5623462264746286	NA	S
24906	1.8661429396224716	G1.S	S
24907	3.642342779819583	NA	G2M
24910	0.5996652715966821	M.G1	G1
24911	4.924914824706288	M.G1	M
24912	2.8127369167377063	NA	S
24913	6.136931022319992	M.G1	G1
24914	2.0979342968613133	G1.S	S
24915	2.795154144002617	S	S
24916	1.680008624987329	G1.S	S
24918	5.180446330028981	M.G1	M
24919	2.506772435834229	NA	S
24920	0.32757083263437803	M.G1	G1
24921	0.02620494563766591	NA	G1
24922	1.2659626819635952	G1.S	G1
24923	0.14609901942605824	NA	G1
24924	0.2797035969619621	M.G1	G1
24925	0.40018958543681993	M.G1	G1
24926	2.0463049117993304	S	S
24927	1.986763768069964	G1.S	S
24928	4.341086393683684	M.G1	M
24929	0.7515250425910572	NA	G1
24932	6.138289020240524	M.G1	G1
24933	2.068966290069497	G1.S	S
24935	0.19956540211278262	M.G1	G1
24936	6.099169011435238	M.G1	G1
24937	1.8850487566545593	G1.S	S
24938	6.128217653219315	M.G1	G1
24941	1.4084585898981254	G1.S	G1
24942	4.823269165162903	M.G1	M
24943	0.656890930089733	G1.S	G1
24944	0.2189748563772123	M.G1	G1
24945	0.5174211622446288	NA	G1
24946	5.407892427084778	M.G1	M
24948	5.7341132074502585	NA	G1
24950	5.794837748288911	M.G1	G1
24951	4.105307497387694	M.G1	M
24952	2.9225315908009826	S	S
24953	6.228589354574148	M.G1	G1
24954	3.7512339764525473	NA	G2M
24957	2.493650161134266	NA	S
24958	0.6043229649609846	G1.S	G1
24960	2.3658369496928304	NA	S
24964	1.73906392223259	NA	S
24965	1.8689503293889553	G1.S	S
24966	0.20711242691685272	M.G1	G1
24967	2.2708907601729806	G1.S	S
24968	0.7622220986734657	G1.S	G1
24969	1.0564613363062263	G1.S	G1
24970	1.6250619349881865	G1.S	S
24971	0.853830038359564	NA	G1
24972	3.3063463561386275	M.G1	G2M
24975	5.772750339714557	M.G1	G1
24976	1.816360137406096	G1.S	S
24977	3.049765662601962	NA	S
24978	6.280175681672371	M.G1	G1
24979	1.5732011906441274	NA	S
24980	2.4936788334970728	G1.S	S
24981	1.9088853593797799	G1.S	S
24983	3.5402675145802	G2.M	G2M
24984	1.8430871746480617	G1.S	S
24985	5.716459385398766	M.G1	G1
24986	4.3782899633461545	NA	M
24987	5.470669009566453	M.G1	M
24989	5.819089273146726	G1.S	G1
24990	3.6590405288309444	G2	G2M
24991	1.4178776617387647	G1.S	G1
24992	0.20246754574657547	M.G1	G1
24993	3.757914896653957	G2	G2M
24994	2.2194922876332304	S	S
24995	5.218634105832209	M.G1	M
24996	1.5124270337742982	G1.S	G1
24997	1.951247216113449	S	S
24998	3.832630845331646	M.G1	G2M
24999	3.0829516917733755	S	S
25000	1.2637937683085971	NA	G1
25001	0.1329297624785127	M.G1	G1
25002	2.115442265384313	S	S
25003	4.5158810529582905	G2.M	M
25004	6.282771263871511	M.G1	G1
25005	1.5213890045080898	NA	G1
25009	4.473310015165876	G2.M	M
25010	5.911378217247774	G2.M	G1
25011	3.2490735317102035	G2	G2M
25012	4.44697137681662	NA	M
25013	3.6456817835404363	NA	G2M
25014	2.3979629032606637	NA	S
25015	6.016655522105943	M.G1	G1
25016	1.169704086660662	G1.S	G1
25018	4.939580072641023	G2	M
25019	2.3315262175767697	NA	S
25020	1.951361501156811	G1.S	S
25021	3.609580880098042	G2.M	G2M
25022	6.271255393487248	NA	G1
25023	4.778229215288489	M.G1	M
25024	4.916584795464956	M.G1	M
25025	1.4390692761009567	NA	G1
25026	2.0431786963372125	NA	S
25027	5.577973388583907	NA	G1
25028	1.561350466412432	NA	G1
25029	4.352418915974471	NA	M
25030	2.6742787390015486	S	S
25031	2.3574473123736586	NA	S
25033	2.5881633062912157	S	S
25035	3.5342068654696748	NA	G2M
25036	5.406833500041055	M.G1	M
25037	1.2406437948908853	G1.S	G1
25038	4.039667574157502	NA	M
25039	4.13513290351691	G2.M	M
25041	3.3867939485417367	G2.M	G2M
25042	0.9287541042982438	G1.S	G1
25043	5.8524527346980575	G2.M	G1
25044	2.714163442780947	NA	S
25046	6.092346477386605	M.G1	G1
25050	1.2588231781574686	NA	G1
25051	3.5687872866303283	G2	G2M
25055	5.779620503980917	M.G1	G1
25056	3.31133269730908	NA	G2M
25059	5.190355508124713	G2.M	M
25060	6.070747764389677	M.G1	G1
25061	1.2311104815184455	G1.S	G1
25062	5.991699567586092	NA	G1
25063	2.382842389803418	S	S
25064	3.785327090929236	M.G1	G2M
25065	4.51299476311724	M.G1	M
25066	1.674939193288972	G1.S	S
25067	2.073183515322862	NA	S
25068	2.7029299775702555	G2	S
25070	0.02609901769044394	NA	G1
25071	5.884836038617273	M.G1	G1
25072	2.2585504189925354	G1.S	S
25073	3.6836913254896473	G2.M	G2M
25074	0.14907904411378792	NA	G1
25075	3.5500336546377067	G2	G2M
25076	2.9774903376664863	NA	S
25077	2.663788718920075	S	S
25078	1.7537747041370577	G1.S	S
25079	0.8483392245754756	G1.S	G1
25081	5.911525457395507	M.G1	G1
25083	1.9278553547039967	NA	S
25085	5.539504825408721	M.G1	G1
25086	3.0635589392451132	G2	S
25087	3.7527450940828984	G2	G2M
25089	3.635408148829886	NA	G2M
25090	3.814009089703379	NA	G2M
25091	3.52972758265273	G2.M	G2M
25093	6.050193398324777	M.G1	G1
25095	3.8898164158548223	G2	G2M
25096	1.220692015070231	G1.S	G1
25097	1.3819048177660231	NA	G1
25098	6.120928529074893	M.G1	G1
25099	3.6389518472817204	NA	G2M
25102	2.0164162410163304	M.G1	S
25103	5.669065848577321	M.G1	G1
25107	0.28064306363532476	NA	G1
25109	5.125853711017266	M.G1	M
25110	3.5719736996882827	G2.M	G2M
25113	0.4550979257468365	NA	G1
25115	0.9880518146423213	G1.S	G1
25117	5.215755760400537	M.G1	M
25118	0.5249486373897293	M.G1	G1
25121	0.07005837716947247	M.G1	G1
25125	0.11931944401036822	M.G1	G1
25126	0.0737190615257825	M.G1	G1
25127	2.3331665632029917	M.G1	S
25128	5.764147381318301	G2.M	G1
25129	3.764856861384079	G2.M	G2M
25130	3.2697581261718986	S	G2M
25131	6.149067149623256	M.G1	G1
25132	0.6713412035698407	G1.S	G1
25134	6.164467151487649	M.G1	G1
25135	5.740917748930053	M.G1	G1
25136	0.5602072329270272	G1.S	G1
25138	2.146716566446923	NA	S
25139	3.254589569448862	NA	G2M
25141	1.8345555131871785	G1.S	S
25142	3.3847455406724634	NA	G2M
25145	4.939435394830011	M.G1	M
25146	3.141823991355644	NA	G2M
25147	3.6157755750971186	NA	G2M
25148	1.431724617506888	G1.S	G1
25149	5.0670130536535485	NA	M
25150	0.40914384064391246	M.G1	G1
25151	6.189906939530227	M.G1	G1
25153	0.7556243810406676	G1.S	G1
25154	2.341480245774052	S	S
25155	3.2403722065020135	M.G1	G2M
25156	3.929849514645442	M.G1	M
25157	5.764724231738109	M.G1	G1
25158	2.0615994673757534	G1.S	S
25159	1.7811102068815892	G1.S	S
25160	4.386628944875438	NA	M
25161	4.274600577838624	NA	M
25163	2.3569139916238844	NA	S
25165	0.5806877696978522	G1.S	G1
25166	2.6311560171650945	M.G1	S
25169	1.054002756675751	G1.S	G1
25170	6.0963630543535725	M.G1	G1
25171	1.0781419690609537	G1.S	G1
25172	5.946324554018194	M.G1	G1
25173	0.07093727017511874	NA	G1
25174	6.165720607542642	M.G1	G1
25176	6.080713040157469	M.G1	G1
25178	2.5780390020386355	M.G1	S
25179	3.5412691603242163	NA	G2M
25180	4.869892231271594	M.G1	M
25182	6.109692359996806	M.G1	G1
25183	6.058268117080258	NA	G1
25184	3.6118988486952928	G2.M	G2M
25185	6.227723297797343	M.G1	G1
25186	1.279665468165236	NA	G1
25187	1.0048952138799507	M.G1	G1
25188	1.7027636870723453	S	S
25190	1.2182038009479073	M.G1	G1
25191	3.4538509241144237	NA	G2M
25192	5.908123000036584	M.G1	G1
25193	3.4149601685511164	G2.M	G2M
25194	6.255822477184616	M.G1	G1
25195	3.9579117436473368	M.G1	M
25196	2.4377613678306322	NA	S
25198	3.7273760198451154	G2.M	G2M
25203	0.8394798177393563	G1.S	G1
25204	2.9404123228218886	S	S
25205	2.5484507517680646	S	S
25206	0.8614012420214809	M.G1	G1
25207	2.124436386712048	M.G1	S
25208	3.4891883283870198	G2	G2M
25209	3.3333273426855508	G2	G2M
25211	6.031710825483915	M.G1	G1
25212	4.062419549308716	NA	M
25213	2.3110963702267937	G1.S	S
25214	5.018531342813005	M.G1	M
25215	3.9875171924880086	M.G1	M
25216	1.2027376737632112	NA	G1
25217	4.821876055321175	M.G1	M
25218	2.61920032192716	NA	S
25219	0.39225428687111724	G1.S	G1
25220	1.2529998430106712	G1.S	G1
25221	0.9669206191062453	G1.S	G1
25223	3.2978861572263503	NA	G2M
25224	6.217428546987864	G1.S	G1
25225	1.3315249921582322	NA	G1
25227	3.3805485132779545	G2	G2M
25228	0.10366609708162128	M.G1	G1
25229	1.1802397132949027	G1.S	G1
25230	4.991001599017578	M.G1	M
25231	3.444250198337874	NA	G2M
25232	0.08833509662466019	M.G1	G1
25233	2.515711982490555	S	S
25234	2.2667963947721175	G1.S	S
25235	3.5020478433917166	M.G1	G2M
25236	0.15659194115474254	M.G1	G1
25237	2.5162799806284912	M.G1	S
25238	0.9453483048317443	G1.S	G1
25239	5.99366620932976	M.G1	G1
25242	2.792142542908	S	S
25243	2.6961456808403033	NA	S
25244	3.859964470615635	NA	G2M
25245	3.15562312762298	NA	G2M
25246	4.823311266357711	NA	M
25247	0.0655869217248008	M.G1	G1
25248	1.8220124073794104	S	S
25249	0.026498080359795614	M.G1	G1
25250	3.8628456910074602	M.G1	G2M
25251	1.5727516806197106	G1.S	S
25252	1.7880285688967805	G1.S	S
25253	6.115283274619559	M.G1	G1
25254	1.594668397937007	NA	S
25255	0.0015740451381990087	M.G1	G1
25256	2.510936695033269	NA	S
25257	2.524552793404335	S	S
25258	2.112913641246191	G1.S	S
25259	1.4069723797562796	G1.S	G1
25260	6.047545588614297	M.G1	G1
25261	1.1450665672426046	G1.S	G1
25262	3.56372402070631	NA	G2M
25263	3.54513248298577	NA	G2M
25264	2.5678494292734246	NA	S
25265	2.842638009111769	M.G1	S
25266	6.264130551358586	M.G1	G1
25267	6.018756621459038	M.G1	G1
25268	3.550798922085144	M.G1	G2M
25270	2.182021345811806	G1.S	S
25271	5.404125025878066	M.G1	M
25272	4.329620215439067	M.G1	M
25273	0.2384082389057208	M.G1	G1
25274	2.5025120445441535	S	S
25277	2.686629070617669	G1.S	S
25280	0.2150490754278453	M.G1	G1
25281	2.399401155907588	S	S
25282	0.6118814649218214	NA	G1
25284	0.9271175248314271	G1.S	G1
25285	3.641977062941627	NA	G2M
25286	2.5398285742999778	S	S
25287	3.754400155082515	NA	G2M
25288	2.317149320867275	G1.S	S
25290	1.6349084412251553	G1.S	S
25291	2.0344735876721916	G1.S	S
25292	6.2528805683891635	G2.M	G1
25293	0.9426811849405464	G1.S	G1
25296	6.00094903307145	M.G1	G1
25297	0.5343477717893456	G1.S	G1
25298	3.666779535862493	G2	G2M
25299	0.6948721829278391	G1.S	G1
25300	3.493756568846502	G2.M	G2M
25301	4.073964649552107	M.G1	M
25302	1.0842123135507962	G1.S	G1
25304	2.349348779448958	NA	S
25305	1.4302159091119353	G1.S	G1
25306	5.154242988677809	M.G1	M
25307	4.343673634707947	NA	M
25308	1.9233077378556762	NA	S
25310	2.310239844865493	NA	S
25311	2.679540556287477	S	S
25312	1.0502441011670034	G1.S	G1
25313	3.6753788982423035	NA	G2M
25314	1.9663679719786855	G1.S	S
25315	1.9418114592233848	S	S
25316	3.3874205690959696	NA	G2M
25317	2.858564985951377	M.G1	S
25319	0.021566527356797368	M.G1	G1
25321	6.223511954747783	M.G1	G1
25322	0.6951954706152158	NA	G1
25323	3.208617543343499	NA	G2M
25324	2.7215791512724903	NA	S
25325	0.08568895550735735	M.G1	G1
25326	3.1321305065093425	M.G1	S
25327	0.2319686324290038	S	G1
25328	2.596192167962036	G1.S	S
25329	6.080876007394876	NA	G1
25333	1.4545495090808442	S	G1
25335	3.624686715706622	G2	G2M
25336	3.279637658009185	NA	G2M
25337	3.5438028718060655	NA	G2M
25338	6.044619938510574	S	G1
25339	2.8541003486417678	NA	S
25340	2.0887516475803656	M.G1	S
25341	3.611112756929728	NA	G2M
25342	0.14249018592046123	M.G1	G1
25343	5.448028410595866	M.G1	M
25344	2.9349273674960594	S	S
25345	1.7974316991518893	NA	S
25346	6.15546494271422	NA	G1
25347	1.6047826206320241	G1.S	S
25348	0.391308657912404	M.G1	G1
25349	3.5691141305261014	NA	G2M
25350	2.280548834208047	G1.S	S
25351	3.1223132201244757	S	S
25352	6.2424546056872074	M.G1	G1
25353	2.7831617549821828	NA	S
25354	0.17059954376914277	NA	G1
25355	3.9860184676814296	M.G1	M
25356	1.573718443865387	NA	S
25359	3.1759603928236264	M.G1	G2M
25360	6.223545822052023	NA	G1
25361	1.0916909098077745	G1.S	G1
25362	3.968201372057707	G2.M	M
25363	0.8963459392111769	G1.S	G1
25365	5.26668993526361	M.G1	M
25366	6.140726993313336	M.G1	G1
25367	0.3001398658383497	M.G1	G1
25368	0.17461177001282677	M.G1	G1
25369	3.266719287320163	S	G2M
25371	1.8654022529015473	G1.S	S
25372	2.4267365777487	S	S
25374	3.5045931236901158	NA	G2M
25375	1.2415929288740226	G1.S	G1
25376	1.241253260090837	G1.S	G1
25377	5.649085608445804	M.G1	G1
25379	1.5842486174808603	NA	S
25380	4.553717995632896	M.G1	M
25382	0.22598150424984895	M.G1	G1
25383	2.5993380085925955	S	S
25384	5.999698656018099	M.G1	G1
25385	2.612014361478931	NA	S
25386	1.9208620392995366	G1.S	S
25387	5.898855165262235	M.G1	G1
25391	0.7011138145116823	G1.S	G1
25392	1.4171250968954896	M.G1	G1
25393	6.1959921985014095	NA	G1
25394	3.4489954119137956	G2.M	G2M
25395	0.048065520841837864	M.G1	G1
25396	1.8202066148744165	G1.S	S
25398	1.5002891313535227	NA	G1
25399	0.6634550601777367	G1.S	G1
25400	5.996588923550721	M.G1	G1
25401	3.2662462459006703	G2.M	G2M
25402	3.603938746806036	G2	G2M
25403	2.681166477021258	S	S
25404	2.5472881712675934	S	S
25407	2.2922475682981225	S	S
25408	3.3792820507046266	NA	G2M
25409	1.4509724509554864	G1.S	G1
25410	3.91215917115684	NA	G2M
25411	0.1942529614910904	M.G1	G1
25412	1.1262883560340278	G1.S	G1
25414	5.944449657691676	NA	G1
25415	1.6642557369260018	G1.S	S
25416	5.9120651232437185	M.G1	G1
25417	2.215536721649395	NA	S
25418	2.1280232501605276	NA	S
25419	6.178214619976572	NA	G1
25420	2.742967948901731	G1.S	S
25421	3.250393379396061	G2.M	G2M
25422	4.295497739665494	M.G1	M
25423	0.04179543916877469	M.G1	G1
25424	1.9382380296440112	NA	S
25425	3.240680945824892	G2	G2M
25427	2.5064596964689194	NA	S
25429	0.5065314357350866	M.G1	G1
25430	5.996876635726894	M.G1	G1
25431	4.719266140404937	NA	M
25432	4.781351525638708	NA	M
25433	2.66060929713315	NA	S
25434	1.4654624569104868	G1.S	G1
25436	1.6670474668451867	NA	S
25439	2.8487282346989566	S	S
25440	4.734036814554751	M.G1	M
25441	5.541789748652022	NA	G1
25443	2.3139622461947695	NA	S
25444	0.14897817657247248	NA	G1
25445	2.462597092367984	S	S
25446	2.8608738756761567	S	S
25447	0.7069514933848708	NA	G1
25448	5.98985029963752	M.G1	G1
25449	3.8048914930640665	G2	G2M
25450	6.007281880103937	M.G1	G1
25451	1.3958567975423049	G1.S	G1
25452	2.2493857933470722	G1.S	S
25455	1.4554734043672612	G1.S	G1
25456	3.6499868369259985	NA	G2M
25457	0.10249533746980104	M.G1	G1
25458	1.8558524544128052	NA	S
25460	0.040503046482937	NA	G1
25461	3.70088300290682	NA	G2M
25462	3.5527539660893668	G2	G2M
25463	3.738865130324469	G2.M	G2M
25464	6.013143736586265	NA	G1
25466	2.295068537436749	NA	S
25467	0.4401996501205645	G1.S	G1
25469	6.173913364069831	G2	G1
25470	6.245960897322973	M.G1	G1
25471	4.846700246267742	NA	M
25472	6.156852710041218	M.G1	G1
25474	0.3532341485308386	G1.S	G1
25477	1.9667571621105917	NA	S
25478	1.7015734881370443	G1.S	S
25479	1.3208426917635547	NA	G1
25480	0.17597638981663158	NA	G1
25481	5.05658789445162	NA	M
25482	5.873922465884757	M.G1	G1
25483	3.9975556162106978	G2.M	M
25484	5.4568100497932335	G2.M	M
25487	4.819936084317137	G2.M	M
25488	2.3137547276976336	G1.S	S
25489	1.3273866230949314	G1.S	G1
25490	4.885795203433916	NA	M
25491	3.026209119788064	NA	S
25492	1.2635174596439147	G1.S	G1
25493	0.7998101677131875	NA	G1
25495	6.188005811767294	NA	G1
25496	4.537146780900542	G2.M	M
25497	2.113439879522188	G1.S	S
25498	5.482846269169192	NA	M
25500	2.469606409841852	NA	S
25501	3.461353557533595	G2	G2M
25502	1.0509466098369615	NA	G1
25503	0.22945932860675272	G1.S	G1
25504	5.409758135977655	M.G1	M
25505	5.9978988309980945	NA	G1
25506	6.18156045848749	M.G1	G1
25507	3.9504663140889877	G2.M	M
25508	6.241839379810541	M.G1	G1
25510	6.210286109397687	NA	G1
25512	1.1757692668619055	G1.S	G1
25514	4.14931574959483	G2.M	M
25516	6.216751343259314	M.G1	G1
25517	3.9678669220189415	NA	M
25518	6.0854148612179495	NA	G1
25519	0.020266633028042564	G1.S	G1
25520	4.606021675037374	G2.M	M
25522	2.8239345629277333	G1.S	S
25523	5.964690337406426	NA	G1
25524	2.377213668579654	NA	S
25525	1.9652633435236853	G1.S	S
25526	6.025660766363059	NA	G1
25528	0.10737013779189439	M.G1	G1
25530	5.775322437521753	M.G1	G1
25532	4.782062128723205	NA	M
25533	3.955545149890124	NA	M
25534	1.436886536352693	G1.S	G1
25535	0.561958528074398	G1.S	G1
25537	3.5759091844086615	G2	G2M
25538	1.3097171690853333	G1.S	G1
25539	1.071596656239088	G1.S	G1
25540	3.7910218667663047	G2.M	G2M
25541	1.0416548250935636	G1.S	G1
25543	2.52599766713984	S	S
25544	0.9083491983480828	G1.S	G1
25545	2.3156326523328907	G1.S	S
25546	5.416353487758515	G2.M	M
25547	3.7636217390886726	NA	G2M
25548	3.7972169722206077	NA	G2M
25549	0.799146556164644	M.G1	G1
25551	1.8153475048349694	G1.S	S
25552	1.5976734593946074	NA	S
25553	0.16404902568920932	M.G1	G1
25554	0.33588295179616373	NA	G1
3438	0.03717947689185946	G1.S	G1
3439	1.0834157348544868	G1.S	G1
3440	3.834920372368909	NA	G2M
3441	5.497336613630587	G2.M	M
3442	0.9960709074959593	NA	G1
3443	6.179067970564997	NA	G1
3445	6.126181884673444	G2.M	G1
3446	3.9963699719363284	G2	M
3447	5.174141067780373	G2.M	M
3448	5.813267151172041	NA	G1
3449	0.7408664355261456	G1.S	G1
3451	6.085076015993818	G1.S	G1
3453	1.8818063443318265	NA	S
3454	4.906177935184566	NA	M
3455	1.9173659010596789	G1.S	S
3456	5.45185576150848	NA	M
3457	3.415534048265953	G2	G2M
3458	1.1140639337942047	G1.S	G1
3459	1.616946219958211	G1.S	S
3460	0.29802204893212025	M.G1	G1
3461	3.6155440534436436	NA	G2M
3462	0.6066919422225671	M.G1	G1
3463	1.0091863896956204	NA	G1
3464	3.0232045534368375	G2	S
3465	6.012309475798607	G2.M	G1
3466	3.953426833263921	G2.M	M
3467	2.9418884770063394	S	S
3469	4.101775570883955	NA	M
3470	5.733717277623884	NA	G1
3471	4.937614625026141	G2.M	M
3472	1.3654022803191472	NA	G1
3473	6.081897450187359	M.G1	G1
3476	5.4352166064772405	M.G1	M
3477	0.1452366794703174	M.G1	G1
3480	1.3541695294025011	NA	G1
3481	5.411920622805911	M.G1	M
3482	3.313558881648909	NA	G2M
3484	4.12718438017734	G2	M
3485	2.169050453506586	G1.S	S
3487	4.6632227928255	G2.M	M
3489	0.054279630555495895	M.G1	G1
3490	6.265339547286629	NA	G1
3491	0.24589361984879302	NA	G1
3492	4.007591949024723	NA	M
3493	4.498787795113097	G2.M	M
3496	1.8135564143771699	NA	S
3497	2.0869170229647787	G1.S	S
3502	0.2549403684363739	M.G1	G1
3503	5.2747902162255365	NA	M
3504	1.0429893275455313	G1.S	G1
3507	3.443122797329532	G2	G2M
3509	5.531436570283057	G2	G1
3510	3.272119974883583	NA	G2M
3511	2.58003746973492	NA	S
3513	3.744207651840127	NA	G2M
3514	6.027826758164661	NA	G1
3515	3.4777519449514087	G2.M	G2M
3516	1.7133367958565517	G1.S	S
3517	5.992966481813329	NA	G1
3519	0.0455909691655037	NA	G1
3520	3.6355853013219552	NA	G2M
3521	4.506173015723752	NA	M
3522	6.0888521439868795	NA	G1
3523	5.776673398792355	G2.M	G1
3524	1.98907764187575	NA	S
3526	0.752507242678452	NA	G1
3529	4.826097854591645	NA	M
3530	6.078495829563777	M.G1	G1
3532	6.045492416734418	G2.M	G1
3533	5.654024961490044	NA	G1
3534	3.7928824178690026	G2.M	G2M
3535	2.3979484943269607	G1.S	S
3536	3.792800152870487	G2.M	G2M
3537	3.6722291682473487	G2.M	G2M
3539	4.083538720703697	NA	M
3540	6.086638376348402	NA	G1
3541	2.535268589419967	NA	S
3542	5.902063158708079	M.G1	G1
3543	0.19795512116867597	G1.S	G1
3545	4.135339241740972	G2.M	M
3546	3.4720227956396985	G2	G2M
3547	0.49087623765546146	M.G1	G1
3551	5.3656991813749	M.G1	M
3552	0.44586981345164933	NA	G1
3554	3.7081841721133646	NA	G2M
3557	3.764747162725076	NA	G2M
3558	3.3948492306788056	NA	G2M
3561	0.7884867734951388	G1.S	G1
3562	1.1847483961988705	G1.S	G1
3563	4.534752665798982	G2.M	M
3564	0.13264829820378887	NA	G1
3565	4.570544610555095	G2.M	M
3566	0.19576174535804963	M.G1	G1
3568	0.5655008990513372	G1.S	G1
3569	1.8370357679052751	S	S
3570	5.0835355449437145	G2.M	M
3572	1.5127390705289832	G1.S	G1
3575	2.914595461106696	NA	S
3576	5.90991472465876	G2	G1
3577	5.50978111303527	M.G1	G1
3578	3.496659231185883	M.G1	G2M
3580	3.706125601494333	NA	G2M
3582	4.422935803906899	NA	M
3584	5.983318756406173	M.G1	G1
3585	1.677967325470889	NA	S
3586	3.678064104515002	NA	G2M
3587	0.2814231137409219	M.G1	G1
3589	3.5574247853534224	NA	G2M
3591	1.895204674278457	G1.S	S
3592	2.0333291733458587	G1.S	S
3594	3.0113365850043516	NA	S
3596	3.5096962431005294	NA	G2M
3597	3.5591233025422016	M.G1	G2M
3598	0.4021482795084787	G1.S	G1
3599	1.9310672883138607	NA	S
3600	2.803813260684526	S	S
3601	3.076234406578203	NA	S
3602	6.206768470435156	M.G1	G1
3604	0.9322623305008827	G1.S	G1
3605	5.767918940400611	M.G1	G1
3608	3.7465348269210117	NA	G2M
3610	6.047350815523657	NA	G1
3611	1.1170070701992028	G1.S	G1
3613	6.272051207020373	NA	G1
3614	3.5763740480234043	G2.M	G2M
3616	6.251744762948087	NA	G1
3618	6.170913415481321	NA	G1
3619	3.7104347819875496	M.G1	G2M
3621	6.143974845108551	M.G1	G1
3622	4.430448997706781	M.G1	M
3623	3.6471295689327743	NA	G2M
3626	0.3877099862914747	G1.S	G1
3627	4.87650887247089	NA	M
3630	1.0057271639542067	G1.S	G1
3632	6.244508802064775	G1.S	G1
3633	0.07917414484868825	NA	G1
3634	3.4314064791453815	NA	G2M
3636	0.016008260308321896	NA	G1
3637	0.678159816823695	G1.S	G1
3638	1.1732443459607336	NA	G1
3639	2.144259180450563	G1.S	S
3640	1.284030248819549	G1.S	G1
3643	1.574175125657719	G1.S	S
3644	5.649897675079035	M.G1	G1
3649	3.4575160409349763	NA	G2M
3650	3.593984194631749	NA	G2M
3651	6.006760125772334	M.G1	G1
3657	2.26053453429216	S	S
3666	5.427005789353137	M.G1	M
3667	0.21848762062553229	M.G1	G1
3670	5.956283791569805	M.G1	G1
3671	1.2846987939790704	NA	G1
3672	3.746040816493788	NA	G2M
3674	1.9587539201869022	G1.S	S
3675	0.11802371483150546	NA	G1
3676	2.9623040012184862	G2.M	S
3678	0.6615656831555705	G1.S	G1
3679	3.5135369087058375	G2	G2M
3683	5.470983665157097	M.G1	M
3684	1.7067769802132036	G1.S	S
3685	6.13176200447436	M.G1	G1
3688	1.689274381337627	NA	S
3689	3.025699602736134	NA	S
3692	3.4679189509150765	NA	G2M
3693	1.7285861118600958	NA	S
3695	3.55832161443195	NA	G2M
3699	0.44330146074097415	NA	G1
3700	1.1304149630726292	NA	G1
3702	5.689466056849359	S	G1
3703	0.225832254881556	G1.S	G1
3705	0.2894887888196787	NA	G1
3707	0.04994835740816795	NA	G1
3708	5.961598595003866	M.G1	G1
3709	6.1672319264891735	M.G1	G1
3710	1.4641687495970608	S	G1
3712	2.7216219023146735	NA	S
3714	3.830065274565551	NA	G2M
3715	3.6383581759425048	G2	G2M
3717	6.260525983683871	M.G1	G1
3718	0.9124419356053416	G1.S	G1
3720	0.8248375395226053	G1.S	G1
3723	0.4299982919520279	NA	G1
3724	1.504150911835288	G1.S	G1
3826	3.2804640190150556	NA	G2M
3829	0.7895092895290163	NA	G1
3831	4.01281072725037	G2	M
3832	0.09714285085773222	NA	G1
3835	6.161269806358053	M.G1	G1
3836	6.167374346968806	NA	G1
3837	5.775345944680948	M.G1	G1
3839	3.311662484945549	NA	G2M
3840	0.8009225662961016	G1.S	G1
3841	0.6933846682155295	G1.S	G1
3844	5.146603955046515	G2.M	M
3845	0.6938546062106302	G1.S	G1
3848	4.251961925862602	M.G1	M
3852	3.6437802402335664	NA	G2M
3853	3.1424516313789734	G2	G2M
3854	0.05644397461365603	M.G1	G1
3855	0.7800667126727618	G1.S	G1
3857	6.130173540143368	NA	G1
3859	0.28827534635128566	M.G1	G1
3860	0.015541649685759874	M.G1	G1
3861	6.012341487793862	NA	G1
3866	0.530597522369073	G1.S	G1
3867	1.0330189003788908	M.G1	G1
3869	0.1288645165070533	NA	G1
3871	0.9954657295657388	G1.S	G1
3872	1.1459403073824788	G1.S	G1
3874	6.257706756537763	M.G1	G1
3876	3.3969577015262846	M.G1	G2M
3877	6.26317042553298	M.G1	G1
3878	3.5843996421688056	NA	G2M
3879	1.6606386976114609	G1.S	S
3881	3.487290921156964	G2	G2M
3883	3.2888000281197622	NA	G2M
3884	3.2779949160365196	M.G1	G2M
3894	3.2858541030626562	G2	G2M
3900	1.243713999518508	NA	G1
3901	2.23910624533589	S	S
3902	3.3565930766523464	NA	G2M
3904	1.8850717581356027	G1.S	S
3905	0.31639647230762313	G1.S	G1
3906	1.317917832387574	S	G1
3907	3.162332412830385	NA	G2M
3909	3.832036041465094	NA	G2M
3910	0.39011555687033417	M.G1	G1
3911	3.7127607123079054	NA	G2M
3913	2.5638232318515035	NA	S
3916	0.6635089898360134	M.G1	G1
3917	4.538206120776302	M.G1	M
3919	1.499256765245759	NA	G1
3920	0.07112296359588638	NA	G1
3922	6.221524371154083	M.G1	G1
3926	0.5773194121431131	NA	G1
3927	5.230811873075659	NA	M
3929	0.15546476929084663	G1.S	G1
3930	5.472485943065541	M.G1	M
3931	0.07149962566912096	M.G1	G1
3933	6.26740432893108	NA	G1
3934	5.992777552316425	NA	G1
3935	0.15249769115305026	NA	G1
3936	4.068952964747585	G2.M	M
3940	0.9070919855057076	G1.S	G1
3941	3.390702012949539	NA	G2M
3942	6.0514468444371	NA	G1
3943	3.5921517998253374	G2.M	G2M
3948	3.9589413218511766	G2	M
3949	1.3785922831132167	S	G1
3950	0.8592601106906077	G1.S	G1
3952	5.3455639945003295	NA	M
3953	2.0829425876263636	G1.S	S
3955	2.92209330497314	S	S
3956	1.0250689064734502	NA	G1
3957	5.822597763515388	M.G1	G1
3958	1.0631655188352618	G1.S	G1
3961	2.144683179806577	G1.S	S
3962	1.6709748539946099	M.G1	S
3963	0.31830252559458255	S	G1
3964	3.925891830251334	NA	G2M
3965	0.9585825587775346	G1.S	G1
3966	6.00006588872424	M.G1	G1
3967	1.5624928423664757	NA	G1
3968	2.35956785735239	NA	S
3970	3.849176468400323	G2.M	G2M
3975	2.6030110656894774	NA	S
3976	3.5148755530586633	NA	G2M
3977	6.183339540366098	NA	G1
3978	6.252451922676664	NA	G1
3980	4.228385379486232	G2.M	M
3981	1.0849732358478572	NA	G1
3982	4.504181765817988	G2.M	M
3983	6.233549312517946	M.G1	G1
3984	2.4750569361515957	S	S
3985	5.691155670549457	NA	G1
3986	3.080466071192179	S	S
3987	0.532657303054854	NA	G1
3988	0.3146172472353883	NA	G1
3989	0.5107370058569175	S	G1
3990	3.078406388904692	G2	S
3991	6.060432620011146	G2.M	G1
3992	6.206210460243965	M.G1	G1
3993	1.5231025333457486	M.G1	G1
3994	0.3488638850752584	G1.S	G1
3995	0.9954783696237058	G1.S	G1
3996	0.3122826318083619	M.G1	G1
3997	2.962922080395062	S	S
3999	5.9593230478183346	NA	G1
4001	1.2161786514712225	NA	G1
4002	1.9302181122956688	NA	S
4004	6.264423690591009	NA	G1
4005	3.9839939826910085	G2	M
4006	6.269692539789329	NA	G1
4007	3.77919810676667	M.G1	G2M
4008	6.031420800111218	NA	G1
4009	1.2614260827315034	NA	G1
4010	1.5435199930008972	G1.S	G1
4012	4.148674108196465	G2.M	M
4013	2.145546105344686	S	S
4014	6.060081024982253	G2.M	G1
4015	5.843560484339484	G2.M	G1
4017	3.695349549629993	NA	G2M
4022	6.022670300588761	M.G1	G1
4023	5.9702251143251885	M.G1	G1
4024	5.806677423737802	M.G1	G1
4026	3.9306442314237136	G2.M	M
4030	0.004748557302246577	M.G1	G1
4033	1.6548368220108443	S	S
4034	5.744261655688348	NA	G1
4035	2.524244701004282	S	S
4037	0.09362632503088535	M.G1	G1
4042	3.5688341911957266	G2.M	G2M
4043	0.3920262107514565	NA	G1
4044	0.5736840028480247	NA	G1
4046	0.10337895807780284	M.G1	G1
4047	2.2940816787444986	S	S
4048	0.18729063991492065	NA	G1
4050	5.809654717771566	M.G1	G1
4051	2.665559994638608	S	S
4052	0.18647187868975176	NA	G1
4055	0.25889769027701753	S	G1
4058	0.17597608683735672	NA	G1
4060	2.9984902157808584	NA	S
4061	0.09770820792826788	NA	G1
4062	3.62752815904536	NA	G2M
4063	5.2010783391147	G2.M	M
4064	0.9030693635943926	G1.S	G1
4067	1.5481623361768302	G1.S	G1
4071	6.212973704336628	M.G1	G1
4073	1.6395306133566012	S	S
4074	6.27240951633789	G2.M	G1
4075	1.520933602757764	G1.S	G1
4077	6.272785984066832	NA	G1
4080	6.014960501588707	M.G1	G1
4082	3.3655345600555946	G2	G2M
4083	2.2092013983135828	S	S
4084	1.5208685824378185	G1.S	G1
4085	5.42551628715521	NA	M
4086	3.0103968404305044	M.G1	S
4087	3.901555211364338	NA	G2M
4089	4.398497581061451	NA	M
4090	1.2194294905545504	G1.S	G1
4091	4.2434895259065	NA	M
4092	3.7793120119999806	NA	G2M
4093	0.8012071584850031	M.G1	G1
4095	0.891798361387632	NA	G1
4096	3.6355220855399457	NA	G2M
4097	3.7367979085883682	NA	G2M
4098	3.7073093294237305	G2.M	G2M
4100	0.6983612642707714	M.G1	G1
4101	5.886128978597384	G2.M	G1
4102	3.559829728673893	NA	G2M
4103	0.1274799099368083	M.G1	G1
4104	0.19904876740780789	M.G1	G1
4105	2.484267343812333	S	S
4106	1.134359400415952	G1.S	G1
4107	6.171079486912711	NA	G1
4108	5.885008871152353	G2.M	G1
4109	5.505040690312765	M.G1	G1
4110	6.266871091824977	M.G1	G1
4111	0.3426189849830105	G1.S	G1
4112	3.6944953050212836	NA	G2M
4118	1.5472549022432687	G1.S	G1
4122	4.439212388466604	NA	M
4124	6.265393103131037	M.G1	G1
4126	1.0013442947475673	NA	G1
4127	2.081935158616053	S	S
4128	4.092693190891515	NA	M
4130	3.9936005154394834	NA	M
4132	1.6067925698361991	NA	S
4133	1.5767749994563693	G1.S	S
4134	0.49106530056819003	M.G1	G1
4135	1.2187594471636447	G1.S	G1
4136	3.5244248404520193	G2.M	G2M
4137	2.5658491753754205	NA	S
4138	1.6503452993794805	G1.S	S
4140	0.6927941116128541	NA	G1
4141	1.7315176978797955	NA	S
4152	3.6402916682464976	G2	G2M
4153	2.525536209460935	S	S
4155	3.740730817966675	G2.M	G2M
4157	1.9956370925255227	NA	S
4158	2.5305664499768508	NA	S
4159	3.7073863847447193	NA	G2M
4161	0.05009975150988311	M.G1	G1
4163	6.2207760776390755	NA	G1
4169	0.26257292034687235	M.G1	G1
4170	2.6928207202939505	NA	S
4171	3.6542323731204287	NA	G2M
4172	4.212030572044236	NA	M
4173	6.117630819415123	M.G1	G1
4178	2.4237565999978	G1.S	S
4180	0.09553126521644228	M.G1	G1
4181	3.9217071045249385	NA	G2M
4182	3.695512920750908	NA	G2M
4184	3.590571729631302	G2.M	G2M
4186	2.3324702949151077	S	S
4187	0.7182974360179396	M.G1	G1
4188	2.768775543455352	S	S
4189	0.6252925249166367	NA	G1
4190	3.7521979330913555	NA	G2M
4191	3.223694687514497	S	G2M
4192	2.389226294060745	S	S
4194	0.4770214516070728	NA	G1
4195	2.2404861679061434	S	S
4196	6.009132844579652	M.G1	G1
4203	0.0030845345334831915	M.G1	G1
4204	3.6185192099325243	NA	G2M
4205	5.435248213266559	G2.M	M
4206	1.321965581000788	NA	G1
4207	6.2140990432225065	NA	G1
4208	0.7728156954826125	G1.S	G1
4210	3.6358087982642924	NA	G2M
4211	6.094686125824558	NA	G1
4212	0.05369276335137593	M.G1	G1
4214	0.08089066672074217	M.G1	G1
4218	1.4777437982362336	G1.S	G1
4222	0.010001115416315593	M.G1	G1
4223	3.1989637330223966	G2	G2M
4224	6.2493427448053	M.G1	G1
4226	2.4500428683635174	S	S
4228	0.8795448754448051	G1.S	G1
4230	1.1556292370584889	NA	G1
4232	5.9216638681153695	M.G1	G1
4233	3.7745597174347063	G2.M	G2M
4236	0.7531893982921397	NA	G1
4237	1.0957664366961108	G1.S	G1
4240	1.874482740537979	G1.S	S
4244	5.721437893875382	M.G1	G1
4246	3.638514552823755	G2.M	G2M
4247	1.8329398696056005	NA	S
4248	3.9443442777175797	NA	M
4251	0.17013388331718332	M.G1	G1
4254	3.3503199694426318	M.G1	G2M
4256	2.5845479563007134	NA	S
4259	2.2929893125238205	S	S
4260	5.60619568489094	NA	G1
4261	6.10895116318528	NA	G1
4262	6.234174524623783	M.G1	G1
4263	3.6278532930661562	NA	G2M
4269	0.39774768866152715	NA	G1
4270	1.0727242601048164	NA	G1
4271	1.5925016581918507	G1.S	S
4273	4.789796596511635	NA	M
4275	1.303057070428685	NA	G1
4276	5.103171347423818	M.G1	M
4277	1.44652876470737	NA	G1
4279	2.7650886511187966	NA	S
4283	3.6511595294049353	NA	G2M
4286	5.251413896842687	M.G1	M
4288	6.237854777657073	NA	G1
4289	6.195447900170808	G2.M	G1
4293	1.3954562366442804	S	G1
4294	3.1254502149375005	NA	S
4295	1.0809875092709889	NA	G1
4296	6.221793810278926	NA	G1
4297	3.711032906321229	NA	G2M
4299	0.9828298069707945	G1.S	G1
4300	5.209853512677456	M.G1	M
4301	3.658162969430312	NA	G2M
4303	3.666126782752137	NA	G2M
4304	3.664054538239445	G2	G2M
4305	5.917557533192557	M.G1	G1
4307	2.823176361832092	NA	S
4309	0.0223334693412476	M.G1	G1
4310	1.4171595294230104	NA	G1
4311	2.453340233934306	NA	S
4314	1.0360656620785267	G1.S	G1
4315	0.08675238907928152	M.G1	G1
4317	0.4723050523997077	G1.S	G1
4322	5.773802375391346	G2.M	G1
4323	0.3904823875930756	G1.S	G1
4324	0.07159613226727989	M.G1	G1
4325	5.625048828580468	M.G1	G1
4326	3.6963287703000556	NA	G2M
4329	3.785212245972333	NA	G2M
4330	4.335291368795428	S	M
4331	5.724382954602617	G2.M	G1
4333	6.138415544146054	M.G1	G1
4335	0.7159506145241806	NA	G1
4337	4.29538734268375	G2.M	M
4338	4.037951484023228	G2.M	M
4339	0.46192607654794154	NA	G1
4341	3.9476420225131728	G2	M
4342	6.08663564888305	NA	G1
4343	6.0129742611411805	G2	G1
4344	1.3514971007953804	G1.S	G1
4345	0.8965517738226139	G1.S	G1
4347	0.5022915121652074	G1.S	G1
4349	0.8754447542741517	G1.S	G1
4350	6.270327696070594	M.G1	G1
4351	1.0903822983069726	NA	G1
4352	3.8158802309256377	NA	G2M
4354	6.228500416601995	NA	G1
4357	5.136855641753899	G2	M
4358	3.9602020021395328	NA	M
4359	6.222331306729023	M.G1	G1
4360	5.893012105931401	G2.M	G1
4361	2.203004143817726	M.G1	S
4362	6.13721801960806	NA	G1
4368	3.956672529677087	G2	M
4369	5.284625831707548	M.G1	M
4370	1.4409643462076331	G1.S	G1
4372	0.6791817674865157	NA	G1
4373	5.137455285446833	NA	M
4374	0.032069890658678955	M.G1	G1
4375	0.3883275429025797	G1.S	G1
4376	3.945872763334057	G2	M
4377	0.7867285859573108	NA	G1
4379	3.2858948493149507	NA	G2M
4381	4.603877170046565	NA	M
4384	2.7122940732521794	G2	S
4385	4.215457858101367	NA	M
4386	0.5468239293895547	G1.S	G1
4387	6.196274500998448	NA	G1
4388	0.09777162646241175	M.G1	G1
4389	0.564350259915753	NA	G1
4391	0.934493857223364	S	G1
4392	3.9687519125755815	NA	M
4393	1.5621636616832641	G1.S	G1
4395	6.217123826149578	G1.S	G1
4396	3.6500483538213206	NA	G2M
4397	2.9734289235911735	S	S
4398	5.467128925684296	G2.M	M
4400	6.234267633599232	M.G1	G1
4401	5.5472297407681905	M.G1	G1
4403	1.185087550440237	G1.S	G1
4404	3.7825379317154186	G2.M	G2M
4406	4.344129814380649	NA	M
4407	6.002470339782568	NA	G1
4408	0.7197259090497466	M.G1	G1
4411	2.0682420700202218	M.G1	S
4412	2.9275729555147945	NA	S
4413	0.13702147856989616	S	G1
4414	1.357761235342204	G1.S	G1
4415	0.9512144010274443	G1.S	G1
4417	4.896202161384835	NA	M
4418	0.5014679799546155	NA	G1
4419	3.9564722983633125	NA	M
4420	3.1597500789560167	G2.M	G2M
4421	3.831535180065318	NA	G2M
4422	0.12112593852465557	NA	G1
4423	4.578994881266246	G2.M	M
4424	3.359124152217521	M.G1	G2M
4425	3.014459967481423	G2	S
4426	0.23769120665776694	NA	G1
4427	5.750380761402885	M.G1	G1
4428	1.7616476064985855	G1.S	S
4429	0.24649409324764399	G2.M	G1
4432	3.5213816893899565	S	G2M
4433	0.3208986261110191	NA	G1
4436	0.5903992294130951	NA	G1
4437	6.05308008319128	NA	G1
4438	5.984610956602304	NA	G1
4439	4.538506571480352	NA	M
4440	0.0023067785504484123	NA	G1
4441	4.163767801364488	G2	M
4442	6.027512842152702	M.G1	G1
4443	2.3105854116030335	G1.S	S
4444	6.205349368351092	M.G1	G1
4445	3.634992949924897	G2	G2M
4446	0.9014514747284115	G1.S	G1
4447	1.2516083797673652	G1.S	G1
4455	5.978146954243364	NA	G1
4457	0.053551216507817294	NA	G1
4461	5.1340024692175765	NA	M
4462	1.1931130810364616	NA	G1
4465	3.712135990912838	G2.M	G2M
4466	1.0081005592161916	G1.S	G1
4467	3.6228793902430927	NA	G2M
4468	5.872564461856848	M.G1	G1
4470	5.076632949696981	M.G1	M
4471	6.247129412497189	M.G1	G1
4472	3.5907737809701126	M.G1	G2M
4473	3.8693018846597576	NA	G2M
4474	5.809591383047499	M.G1	G1
4477	2.4424012168094102	NA	S
4478	4.575010555709145	NA	M
4479	6.083423949188385	M.G1	G1
4480	4.141706186816417	NA	M
4481	6.002309991913799	NA	G1
4482	1.1322141125029366	G1.S	G1
4483	5.4543313331891685	M.G1	M
4484	2.693883085427473	NA	S
4485	4.566780690671209	NA	M
4486	3.177086740639076	G2	G2M
4487	3.1216293282802003	G2	S
4488	0.011344865210726985	G1.S	G1
4489	4.5976499028899696	NA	M
4491	6.174106873434186	NA	G1
4492	5.502904327522778	NA	G1
4494	1.907678950638267	G1.S	S
4497	1.5001165735437603	G1.S	G1
4498	4.108946913532607	G2.M	M
4501	3.3081155063765957	NA	G2M
4503	4.833387422736717	NA	M
4504	1.2189476784992161	S	G1
4505	1.9876114531676619	M.G1	S
4506	1.1297202491674692	G1.S	G1
4507	3.824412409952249	G2	G2M
4510	3.8893251250954703	NA	G2M
4512	2.9885000164984445	NA	S
4514	1.240420976031167	NA	G1
4515	5.939658790614639	M.G1	G1
4516	4.916912212055567	G2.M	M
4517	0.04615529549958518	NA	G1
4518	4.359140383938163	NA	M
4520	4.31235435790375	NA	M
4521	3.0289192600102517	NA	S
4522	6.100157968906398	M.G1	G1
4523	4.036480022859315	NA	M
4525	6.242391817683017	S	G1
4526	6.127349330736013	M.G1	G1
4527	0.26473684663208064	G1.S	G1
4528	0.988264562518458	G1.S	G1
4532	5.535858805658591	NA	G1
4533	1.4763452798488885	NA	G1
4535	5.7067278864348445	G2.M	G1
4536	1.1209101081720692	G1.S	G1
4537	0.21632258368188415	M.G1	G1
4540	4.929647828759535	G2.M	M
4541	0.12619033036215174	NA	G1
4542	2.3141119557160703	NA	S
4544	5.157393517301706	NA	M
4545	3.651947839083695	G2	G2M
4547	6.146526592810474	NA	G1
4548	3.2633364785522727	G2	G2M
4549	0.5526536502507094	G1.S	G1
4551	1.536740327466258	G1.S	G1
4552	6.152331325487463	NA	G1
4554	5.485253716349323	G2.M	M
4556	1.204023018758975	G1.S	G1
4558	0.8139743994598072	NA	G1
4559	3.8130041659735654	NA	G2M
4560	0.22507431577069917	G1.S	G1
4562	5.869642409121625	M.G1	G1
4564	5.879687136994064	G2.M	G1
4565	3.703541542434231	NA	G2M
4566	5.671352901133765	S	G1
4568	1.9783447608239941	S	S
4571	1.0811673055294726	S	G1
4575	4.9121195893098895	M.G1	M
4576	0.4835451701395096	G1.S	G1
4577	0.1227625458091483	M.G1	G1
4578	0.04727326154005955	NA	G1
4579	0.6754789735873535	S	G1
4580	0.7967799175076622	M.G1	G1
4581	0.7796443224493105	G1.S	G1
4584	6.050967822018209	NA	G1
4585	6.1470224987264945	G2	G1
4586	2.2682846315402494	NA	S
4587	5.848189803825711	M.G1	G1
4588	4.692355591962263	S	M
4589	5.956776396420483	M.G1	G1
4590	5.853648665298095	M.G1	G1
4591	6.027683941299618	NA	G1
4592	3.910692590908099	NA	G2M
4593	5.999982591594554	G2.M	G1
4594	4.054936018231052	G2.M	M
4595	4.075077251905189	NA	M
4596	3.285277024330201	S	G2M
4599	1.2486214060002025	G1.S	G1
4602	4.077651044175503	NA	M
4603	0.7170752524900332	G1.S	G1
4605	0.6199051621792596	M.G1	G1
4607	0.17193679975389148	G1.S	G1
4609	6.2385380859721495	NA	G1
4610	0.9644300742085435	M.G1	G1
4611	1.5816337978514048	G1.S	S
4615	1.3520754524732017	NA	G1
4616	1.4897346136716607	G1.S	G1
4617	3.6171127279189927	NA	G2M
4618	0.1874942404776978	G2	G1
4621	5.810369419084559	M.G1	G1
4626	6.088243257651786	S	G1
4627	1.0509946857786132	G1.S	G1
4628	4.1806028916556714	NA	M
4629	5.805568273340899	G2.M	G1
4630	6.110431346195822	NA	G1
4631	3.131727858499148	NA	S
4632	0.5502099179070932	G1.S	G1
4634	0.2994450909426302	NA	G1
4635	3.9825456458852626	NA	M
4636	0.04619490534706536	M.G1	G1
4637	4.345541773380882	NA	M
4638	5.826394609249747	NA	G1
4639	0.07290642325123621	M.G1	G1
4640	1.0468377291313888	S	G1
4641	5.889126753570685	G2.M	G1
4642	6.203541586068101	NA	G1
4643	1.4020727697305786	G1.S	G1
4644	5.4840098648464775	NA	M
4645	5.857957900796632	NA	G1
4646	6.091755552641459	M.G1	G1
4647	0.9335743462592577	G1.S	G1
4654	3.7979877991413873	NA	G2M
4655	1.0511429797146403	G1.S	G1
4656	1.0886356085782505	NA	G1
4658	0.7419279440143928	M.G1	G1
4662	5.889111227200589	M.G1	G1
4663	1.1267339871205395	G1.S	G1
4665	5.900142015995099	M.G1	G1
4667	5.719250717577119	NA	G1
4669	0.7962109350526289	G1.S	G1
4670	2.6770617838148705	NA	S
4673	3.6586308715561624	NA	G2M
4674	1.2326443290004312	G1.S	G1
4675	0.8415163284785636	G1.S	G1
4678	0.06197135298764026	NA	G1
4679	5.394189991027006	NA	M
4680	2.0720891716705814	G1.S	S
4681	4.0930739123045585	G2	M
4682	5.987784813054081	M.G1	G1
4683	5.97628623719733	G2	G1
4684	2.9995792735405504	NA	S
4685	0.3120912550134039	G1.S	G1
4686	5.257734748032533	G2.M	M
4687	0.7934719633846179	G1.S	G1
4688	6.223661568201152	NA	G1
4689	4.4587812699400216	NA	M
4690	6.141224195544554	M.G1	G1
4691	6.247591660952378	M.G1	G1
4692	0.812070816339673	G1.S	G1
4693	4.432792891243058	G2	M
4694	1.8742063328241352	NA	S
4695	1.1755039709387864	G1.S	G1
4696	1.2392447069829007	G1.S	G1
4698	5.950481963329159	M.G1	G1
4699	0.15941019548317312	G1.S	G1
4701	0.4462651035027182	NA	G1
4703	1.6686968302795466	S	S
4704	6.12877175760174	NA	G1
4708	0.22228875384470773	M.G1	G1
4709	3.777746282169972	NA	G2M
4711	4.858811162169465	G2.M	M
4712	0.6988592087320908	NA	G1
4713	4.599488698665439	NA	M
4715	2.944920132724016	NA	S
4719	2.7129730791010638	NA	S
4720	6.2390549128801	M.G1	G1
4721	3.379846773620096	M.G1	G2M
4722	0.9777158071437505	NA	G1
4724	1.0849449721939028	G1.S	G1
4726	6.249558576406841	NA	G1
4729	3.736133031601843	NA	G2M
4730	3.4218537190597402	NA	G2M
4734	3.9105453220845994	G2.M	G2M
4736	1.55817253507365	NA	G1
4738	4.308855212189466	NA	M
4739	3.5821312519506607	S	G2M
4740	3.8232166474380307	NA	G2M
4741	6.269733687905094	NA	G1
4742	1.0639426330716453	NA	G1
4744	2.244267464089934	NA	S
4746	1.1525095046468468	G1.S	G1
4747	5.885809984350206	M.G1	G1
4751	0.35947517898041964	NA	G1
4753	5.934803875664332	M.G1	G1
4754	1.439956782836358	S	G1
4756	3.3692162401220305	M.G1	G2M
4757	6.0451219480272105	NA	G1
4758	2.374407651758928	NA	S
4759	1.8218026826963534	S	S
4761	1.7568901956195364	M.G1	S
4762	1.475961726673736	NA	G1
4763	0.20084101426132397	M.G1	G1
4765	3.121484489769232	NA	S
4767	1.5129555893284243	NA	G1
4768	4.895770467448993	NA	M
4770	6.109840883589786	NA	G1
4771	2.4305778820151644	S	S
4774	1.7504656138347778	G1.S	S
4775	1.3803420026937778	S	G1
4776	3.149020183974141	NA	G2M
4777	6.158395650820183	NA	G1
4778	0.6882133744621453	G1.S	G1
4779	2.527289738149515	G1.S	S
4780	0.15471253336922597	M.G1	G1
4781	5.984746925318042	NA	G1
4782	3.425848311005844	NA	G2M
4783	2.35986441262769	S	S
4784	3.98206235937929	G2.M	M
4785	5.075475846816429	G2.M	M
4786	6.001565564872021	M.G1	G1
4788	3.0326179750404796	NA	S
4789	0.6328508349033856	G1.S	G1
4790	2.535227917641187	S	S
4791	0.3326319614358844	NA	G1
4792	3.799601706691264	NA	G2M
4793	3.4889146739815584	G2	G2M
4794	3.6964005306227317	NA	G2M
4795	2.341256103271456	NA	S
4796	2.1361306051253703	NA	S
4797	3.7836581661601096	G2	G2M
4798	4.492905798987984	G2.M	M
4800	4.04065267702307	NA	M
4801	3.999318483728083	NA	M
4803	3.7980504694484294	NA	G2M
4805	2.927956618465197	S	S
4806	5.3294863775047965	M.G1	M
4807	1.4370126714119813	G1.S	G1
4808	5.965145282610599	G2.M	G1
4809	0.14360149496599203	G1.S	G1
4811	6.005093250849625	NA	G1
4812	2.291174445493807	NA	S
4814	0.6034261455671245	G1.S	G1
4816	3.6235747845752315	M.G1	G2M
4817	1.951404032836306	G1.S	S
4818	1.1156348726220109	G1.S	G1
4819	5.094557047381197	NA	M
4820	0.5866067612322545	G1.S	G1
4821	3.8604263101609617	G2.M	G2M
4822	4.210568879785397	M.G1	M
4823	3.862882948943278	M.G1	G2M
4824	3.3919517665623724	NA	G2M
4825	6.017521265830957	M.G1	G1
4826	3.531635746762947	NA	G2M
4827	3.637996022740563	NA	G2M
4829	3.489970195283393	G2.M	G2M
4831	3.928173027687812	G2.M	M
4832	0.20594359437678136	G1.S	G1
4833	4.471304384433053	M.G1	M
4835	3.032169808341632	NA	S
4836	5.0804663909351095	M.G1	M
4838	6.113485014675156	G2.M	G1
4839	4.050507545888022	NA	M
4842	3.826781296827969	M.G1	G2M
4844	3.7817703097529853	NA	G2M
4847	5.699865443475255	M.G1	G1
4848	5.135682827803412	M.G1	M
4849	3.7068485420192263	NA	G2M
4850	0.38855350483241413	G1.S	G1
4851	5.75840840924927	M.G1	G1
4854	1.5714909916555777	M.G1	S
4857	0.468487645943113	G1.S	G1
4858	4.963750977575555	M.G1	M
4860	3.4888800793902246	NA	G2M
4861	3.779265020469061	NA	G2M
4863	3.3902898229004492	G2	G2M
4864	0.9446749397922133	NA	G1
4865	5.523805176532648	M.G1	G1
4866	3.8442280472517845	NA	G2M
4867	3.724338325596279	NA	G2M
4868	3.032735390110263	G2	S
4869	1.5995518525712098	G1.S	S
4870	0.3936527734597193	M.G1	G1
4871	4.297563513632028	NA	M
4873	2.0431467304536244	G1.S	S
4874	1.9943362817108605	G1.S	S
4875	4.075605222531399	NA	M
4876	1.4316168564985707	G1.S	G1
4877	0.24714015313822663	M.G1	G1
4878	1.0206627536886732	G1.S	G1
4879	2.8350320164769096	NA	S
4881	6.137849099502201	NA	G1
4882	5.688271108155143	M.G1	G1
4883	0.23367147503746633	G1.S	G1
4885	0.5270360689623178	G1.S	G1
4887	6.220727227301533	M.G1	G1
4889	4.041028926701868	G2.M	M
4890	1.1647658215064747	G1.S	G1
4892	3.4267293557082414	G2	G2M
4895	3.600322823969645	G2	G2M
4896	3.6109905921592813	NA	G2M
4902	5.922115692903954	M.G1	G1
4904	2.369772951606573	NA	S
4905	0.1757752122020193	G1.S	G1
4909	1.9479324671755631	NA	S
4910	0.007752467064569419	M.G1	G1
4912	2.2814942903994053	NA	S
4918	4.4392889136294515	G2.M	M
4926	1.1054445904377241	NA	G1
4927	2.080811285286761	S	S
4930	5.119469036079505	G2.M	M
4932	1.5627046591966622	NA	G1
4935	0.07949079712870506	M.G1	G1
4939	1.15979686836811	G1.S	G1
4945	3.59606296791031	NA	G2M
4947	0.6011465173614297	G1.S	G1
4948	3.251474741548555	G2	G2M
4950	0.8746411467353207	G1.S	G1
4951	6.255551788022373	NA	G1
4953	3.3977260374856635	G2	G2M
4957	1.2322165657377606	G1.S	G1
4960	3.475186755871653	G2.M	G2M
4962	0.17224406770830705	M.G1	G1
4964	0.4183070562505061	NA	G1
4968	6.034621827439745	G1.S	G1
4972	0.4003916966418097	NA	G1
4973	4.677042335175123	NA	M
4974	0.21396254150512867	NA	G1
4976	0.15790510076303424	NA	G1
4978	1.2456242288312709	G1.S	G1
4979	1.1701499515013534	NA	G1
4983	0.6164148715589153	M.G1	G1
4984	2.4149845327216095	S	S
