group	names	scores	logfoldchanges	pvals	pvals_adj	pct_nz_group	pct_nz_reference
1	Cenpa	13.968983	1.5061843	2.410464963468912e-44	4.820929926937824e-41	0.9435897435897436	0.7592629681554176
1	Dbf4	10.094658	0.81606156	5.833408898634734e-24	3.888939265756489e-21	0.9692307692307692	0.9397156018425796
1	Aspm	9.928176	1.4207997	3.139473909962975e-23	1.25578956398519e-20	0.7794871794871795	0.47085920288403765
1	Cenpe	9.892208	1.2010037	4.499905353539295e-23	1.4999684511797648e-20	0.9333333333333333	0.7684758662126978
1	Hmmr	9.676112	1.1438427	3.8092624344328558e-22	9.52315608608214e-20	0.8923076923076924	0.7097937111956739
1	Knstrn	9.075172	0.98726624	1.1349809011752566e-19	2.5221797803894593e-17	0.8461538461538461	0.7133987582615662
1	Mki67	8.936566	0.9993323	4.014493302452541e-19	7.299078731731893e-17	0.8974358974358975	0.7786901662327258
1	C330027C09Rik	8.249802	1.011396	1.586572742595612e-16	2.2665324894223028e-14	0.7794871794871795	0.5886240737031845
1	Peak1	7.9305563	0.6456692	2.1816662756835453e-15	2.29132251718635e-13	0.9692307692307692	0.9495293410775085
1	Tpx2	7.8558927	0.7471242	3.9693552451968495e-15	3.6085047683607726e-13	0.8923076923076924	0.8415782094932907
1	Pcf11	7.838835	1.061467	4.5474622590645896e-15	3.954315007882252e-13	0.7128205128205128	0.5271379931904666
1	Nup210l	7.231047	1.7334565	4.792843143656413e-13	3.195228762437609e-11	0.517948717948718	0.2866012417384338
1	4932443I19Rik	7.067781	1.371942	1.5743059268779442e-12	9.260623099282025e-11	0.5948717948717949	0.41698377728820346
1	Cep55	6.9467936	0.8893027	3.7368131704135625e-12	2.0925596282875408e-10	0.7538461538461538	0.5589825756058482
1	Trim59	6.8728366	0.654296	6.293757502772349e-12	3.4020310825796484e-10	0.8666666666666667	0.7963148407770879
1	Ckap2	6.512994	0.81369126	7.36675400461064e-11	3.2741128909380628e-09	0.7589743589743589	0.6278790306429001
1	Arntl	5.8193574	0.91995686	5.907429801426727e-09	1.8079612992825276e-07	0.6358974358974359	0.47766873623072303
1	Sh3pxd2a	5.682628	0.5123795	1.3264034341572211e-08	3.7363477018513275e-07	0.8923076923076924	0.8632084918886441
1	Arhgap11a	5.6782665	0.7661856	1.3606667855874478e-08	3.779629959965133e-07	0.7435897435897436	0.6144602443420789
1	Usp14	5.6141295	0.4587482	1.975539782440779e-08	5.412437760111723e-07	0.9692307692307692	0.9707590626877629
1	Ccna2	5.585814	0.68303126	2.3260802563740388e-08	6.202880683664104e-07	0.7435897435897436	0.6332866012417384
1	Cenpf	5.5323505	0.62588006	3.1596761863175054e-08	8.314937332414488e-07	0.8615384615384616	0.7190066092529541
1	Knl1	5.4244003	0.64242095	5.814949658573992e-08	1.3367700364537913e-06	0.8153846153846154	0.7035850190266373
1	Kif20b	5.4138246	0.67794	6.169267634571501e-08	1.386352277431798e-06	0.8461538461538461	0.7356298818345683
1	Gm42418	5.3667455	0.5161417	8.017013529423816e-08	1.7619809954777617e-06	1.0	0.9977969156819547
1	Ckap2l	5.2875733	0.74764884	1.2394953927037479e-07	2.6372242397952084e-06	0.676923076923077	0.548367714800721
1	Cdc20	5.2842593	0.8245057	1.2621425026737103e-07	2.657142110892022e-06	0.6666666666666666	0.5341478069297015
1	Ubald2	5.2639365	0.7948416	1.4100314516416658e-07	2.9375655242534703e-06	0.6358974358974359	0.5073102343280593
1	Kif20a	5.187543	1.0555067	2.1308706907344283e-07	4.261741381468857e-06	0.48717948717948717	0.31704386140596835
1	Pimreg	5.1605673	0.87478864	2.4620266061336613e-07	4.8753002101656655e-06	0.5641025641025641	0.4195874223913479
1	Gm26917	5.1043987	0.5350887	3.318475650898601e-07	6.506815001761963e-06	0.9179487179487179	0.8870418586020429
1	Gm23935	5.0102654	1.0336605	5.435508688327097e-07	1.0353349882527804e-05	0.5384615384615384	0.4017624674544362
1	Plk1	4.962309	0.80867624	6.966010658292176e-07	1.2781670932646194e-05	0.5743589743589743	0.39955938313639094
1	Lockd	4.9385257	0.523194	7.871542764597114e-07	1.4311895935631115e-05	0.8358974358974359	0.756258762267174
1	Rassf3	4.8860126	0.83784103	1.028986644476134e-06	1.807027041690745e-05	0.5743589743589743	0.4151812537552574
1	Cks2	4.8607917	0.58783484	1.1691729716405687e-06	2.0158154683458082e-05	0.7846153846153846	0.7560584818746244
1	Cdca8	4.843125	0.5570059	1.2781298702968412e-06	2.1588883956550712e-05	0.8358974358974359	0.7466453034247947
1	Anln	4.841931	0.4581282	1.2858360366366049e-06	2.1588883956550712e-05	0.8717948717948718	0.8437812938113358
1	Prkcg	4.7916837	1.0564656	1.6538741016226875e-06	2.711269019053586e-05	0.5076923076923077	0.3711195673943521
1	Frmd4a	4.7267184	0.35410163	2.2817713894693937e-06	3.593340770817943e-05	0.9230769230769231	0.937712797917084
1	Pttg1	4.7127314	0.6365713	2.444183593023077e-06	3.703308474277389e-05	0.7076923076923077	0.6304826757460444
1	Rlf	4.685147	0.44114006	2.797594750220649e-06	4.1141099267950716e-05	0.8153846153846154	0.7913078309633487
1	Ppp1r10	4.592938	0.5482102	4.370488984591149e-06	6.112572006421188e-05	0.676923076923077	0.595834167834969
1	Ppcdc	4.439492	1.266095	9.017128411401878e-06	0.00012022837881869172	0.4153846153846154	0.27698778289605447
1	mt-Rnr2	4.418487	0.35761818	9.939417507640823e-06	0.00013164791400848772	1.0	1.0
1	Birc5	4.370141	0.43305334	1.2416634782943162e-05	0.0001597165166401511	0.9384615384615385	0.8982575605848188
1	Vwce	4.317238	2.6476154	1.5799380992168216e-05	0.00019999216445782552	0.22564102564102564	0.0464650510715001
1	Gm38399	4.2890687	0.5158238	1.7942404418039803e-05	0.00022288701140422114	0.8	0.7598638093330663
1	Trib1	4.274326	0.59991884	1.9171651049286568e-05	0.0002338006225522752	0.7025641025641025	0.6461045463649109
1	Ect2	4.223104	0.53026843	2.409603608351131e-05	0.0002818249834328808	0.7230769230769231	0.6625275385539756
1	Kif2c	4.1051874	0.756834	4.039875719452627e-05	0.0004513827619500142	0.5025641025641026	0.3621069497296215
1	Smc4	4.083792	0.3533872	4.4306679545009265e-05	0.00048688658840669523	0.9384615384615385	0.9403164430202283
1	Prr11	4.0102983	0.56734437	6.064215111674053e-05	0.0006520661410402208	0.6717948717948717	0.5720008011215701
1	Poln	3.9748425	2.1599317	7.04258355575005e-05	0.0007413245848157948	0.2358974358974359	0.0759062687762868
1	Aurka	3.9706511	0.59057504	7.167644091329842e-05	0.0007466295928468586	0.5692307692307692	0.4454235930302423
1	Kif23	3.9125578	0.6006988	9.132366627186287e-05	0.0009318741456312538	0.5846153846153846	0.4594432205087122
1	Zfp608	3.845887	0.6894832	0.00012011719364627057	0.0012072079763444277	0.5743589743589743	0.4802723813338674
1	Spaca6	3.7826762	0.5551644	0.00015515123611761796	0.0015361508526496826	0.6256410256410256	0.5559783697176046
1	Pan3	3.7761698	0.4498137	0.00015925840656481465	0.0015537405518518503	0.7333333333333333	0.6709393150410575
1	Sox9	3.7382288	0.37818962	0.00018532124868273392	0.0017483136668182445	0.9333333333333333	0.9208892449429201
1	Gm26561	3.6690478	0.7527012	0.00024345543791473906	0.0022335361276581566	0.5692307692307692	0.5115161225716003
1	Pdgfc	3.628402	0.4854722	0.00028518093200208955	0.0026043920730784435	0.7538461538461538	0.7081914680552774
1	Eef2	3.5922399	0.28653556	0.00032784788587015347	0.0029320607701952216	1.0	0.9913879431203685
1	Bub1b	3.5889258	0.6964239	0.0003320433297893267	0.0029320607701952216	0.4717948717948718	0.35129180853194475
1	Cdk8	3.559538	0.38337946	0.00037150787486699605	0.003231402586989921	0.8358974358974359	0.8391748447826958
1	Scd2	3.559465	0.30514607	0.00037161129750384094	0.003231402586989921	0.9282051282051282	0.9220909272982175
1	Dnm3os	3.4569728	0.67271066	0.0005462799328527136	0.004552332773772613	0.49230769230769234	0.3985579811736431
1	Ccng1	3.422687	0.23172934	0.0006200543467341805	0.005124416088712236	0.9897435897435898	0.9827758862407371
1	C77080	3.4183981	0.63018084	0.0006299087431411898	0.005184434099927489	0.41025641025641024	0.2860004005607851
1	Rplp0	3.3670304	0.22355404	0.0007598232056026077	0.006006507554170812	1.0	0.9987983176447026
1	Gab2	3.2747242	0.4013456	0.0010576517217283892	0.008245673536409192	0.7435897435897436	0.7135990386541158
1	Fgfr1	3.2503073	0.30998957	0.0011528031320517042	0.008860272394810147	0.8358974358974359	0.8341678349689565
1	Serpinb8	3.2451415	0.8974768	0.001173923149309628	0.008961245414577311	0.36923076923076925	0.26096535149208894
1	Pxn	3.2204566	0.59697086	0.0012798658210838008	0.009732819932196204	0.4717948717948718	0.363709192870018
1	Gm28438	3.1205475	0.41312933	0.0018051513048230128	0.013176286896518341	0.7794871794871795	0.7788904466252754
1	Ttyh2	3.1133103	0.5475489	0.001850014130138096	0.013405899493754318	0.5435897435897435	0.48447826957740836
1	Errfi1	3.0865297	0.46762037	0.002025076520616368	0.01456889583177243	0.6871794871794872	0.6801522130983376
1	Kdm5b	3.0805109	0.5438984	0.0020664580099920985	0.014813319068043715	0.5230769230769231	0.43741237732825955
1	Acpp	3.0753691	0.4742631	0.0021024210339136984	0.015017293099383558	0.558974358974359	0.47526537152012815
1	Cebpb	3.0634532	0.47730598	0.0021879838635182835	0.015517616053321161	0.6461538461538462	0.5892249148808332
1	Mdm2	3.0520735	0.35384706	0.0022726653833451535	0.01602808904487509	0.7794871794871795	0.787903064290006
1	Gas2l3	3.009405	0.65561736	0.0026175998841035265	0.018304894294430257	0.4512820512820513	0.35349489284999
1	Abtb2	3.0022163	0.54076385	0.0026802161559562393	0.01861261219414055	0.558974358974359	0.4922892048868416
1	H2afz	2.9767761	0.20837134	0.00291296646628697	0.02002038808444653	1.0	0.995794111756459
1	Sv2a	2.9207053	3.0132458	0.0034924007697365094	0.02336054026579605	0.14358974358974358	0.021229721610254357
1	Cdkn3	2.8423376	0.4481044	0.004478404004979435	0.029270614411630296	0.5538461538461539	0.4724614460244342
1	Rin2	2.8354414	0.40185225	0.00457624027224229	0.02981264021004749	0.6102564102564103	0.5401562187061887
1	Id1	2.7908967	0.35367092	0.005256225114385937	0.033586102967322284	0.7435897435897436	0.7150010014019628
1	Gm19705	2.7762759	0.48211497	0.005498553771274837	0.03480097323591669	0.49743589743589745	0.4077708792309233
1	Lars2	2.7383592	0.60685325	0.006174660277849042	0.038834341370119756	0.47692307692307695	0.42098938513919487
1	Chd2	2.7063153	0.46585405	0.006803444229222597	0.04204589460140134	0.5538461538461539	0.515321450030042
1	Tns1	2.705511	0.44844997	0.006819938386337848	0.04204589460140134	0.558974358974359	0.4938914480272381
1	Plagl1	2.6934245	0.45585603	0.007072216586592553	0.04338783181958621	0.5538461538461539	0.5043060284398158
1	Ccnd1	2.6923037	0.22475488	0.007096032756461833	0.04340081196612742	0.9435897435897436	0.9287001802523533
1	Dlgap5	2.6708353	0.43224674	0.0075662762102756955	0.045717681028856164	0.5692307692307692	0.48608051271780495
1	Junb	2.6663516	0.7525115	0.007667945647781346	0.046192443661333404	0.3641025641025641	0.2833967554576407
1	Cep128	-2.6372318	-0.47122186	0.008358570216765613	0.04960575796300067	0.49230769230769234	0.5589825756058482
1	Ank2	-2.6388888	-0.32430303	0.00831782621223378	0.049510870310915354	0.6102564102564103	0.7166032445423594
1	Gtdc1	-2.649489	-0.5563591	0.008061362265346915	0.04812753591251889	0.13333333333333333	0.25355497696775486
1	Mmp16	-2.6511946	-0.57390904	0.008020760094094734	0.04802850355745349	0.2564102564102564	0.37212096935709993
1	Cavin3	-2.6531684	-0.2844437	0.007974006181312672	0.047891929016892924	0.841025641025641	0.8890446625275386
1	Capg	-2.6840672	-0.25076196	0.0072732496891085375	0.04408030114611235	0.8564102564102564	0.904666533146405
1	Bgn	-2.685383	-0.3149385	0.007244672996828918	0.04404056533026698	0.7897435897435897	0.8862407370318446
1	Pgp	-2.6882584	-0.31095517	0.007182578010043203	0.04379620737831221	0.6820512820512821	0.7536551171640297
1	Ecm1	-2.704902	-0.4226953	0.0068324578727277175	0.04204589460140134	0.3487179487179487	0.4658521930702984
1	Macrod2	-2.7116275	-0.539736	0.006695380502435631	0.04158621430084243	0.3487179487179487	0.4588423793310635
1	Cog5	-2.7322185	-0.35257208	0.006290942274100443	0.0391959020193174	0.441025641025641	0.5625876226717405
1	Cox7b2	-2.732852	-0.32900256	0.00627885438938111	0.0391959020193174	0.717948717948718	0.8251552173042259
1	Filip1l	-2.7359955	-0.28504154	0.0062191885368246495	0.038991777660342626	0.8358974358974359	0.8646104546364911
1	Gm17501	-2.770988	-0.49896127	0.005588649208224175	0.03525961645567303	0.4256410256410256	0.5355497696775485
1	Selenok	-2.780394	-0.29923296	0.005429297597747483	0.0344717307793491	0.5948717948717949	0.7340276386941719
1	Cped1	-2.7876556	-0.39143103	0.005309093344964509	0.033815881178117894	0.5128205128205128	0.6302823953534948
1	Sema3c	-2.7935283	-0.2738403	0.005213644925548291	0.03342080080479674	0.9230769230769231	0.9457240136190667
1	Cyp51	-2.8008876	-0.25351274	0.005096227245942712	0.032773165568763425	0.8717948717948718	0.8978569997997196
1	Rgs16	-2.8157034	-0.64445364	0.004867058746669231	0.03140037901076923	0.24102564102564103	0.3639094732625676
1	Adamts6	-2.821113	-0.7172816	0.004785733636424549	0.03097562224223009	0.23076923076923078	0.3468856398958542
1	Hist1h2bj	-2.8327365	-1.5581874	0.004615139849353387	0.0299684405802168	0.05128205128205128	0.17304225916282795
1	Thsd7a	-2.8601751	-0.45699307	0.004234072706932688	0.027764411193001232	0.4205128205128205	0.5429601442018827
1	G2e3	-2.8612227	-0.49662542	0.004220103120169986	0.027763836316907806	0.3384615384615385	0.46565191267774886
1	Fam83d	-2.8665595	-1.1876341	0.0041496022279265115	0.027390113715686545	0.10256410256410256	0.2231123573002203
1	Akap12	-2.871628	-0.8529148	0.0040836337011880145	0.027043931795947117	0.1794871794871795	0.2992189064690567
1	Gm5886	-2.895265	-0.503413	0.0037883856649785115	0.025171997773943598	0.6102564102564103	0.7139995994392149
1	Cd248	-2.911543	-0.3994917	0.0035964856772527243	0.02397657118168483	0.4564102564102564	0.5888243540957341
1	Steap1	-2.9287953	-0.31855148	0.0034027829096938927	0.02283746919257646	0.7692307692307693	0.8265571800520729
1	Lrrc4	-2.9473152	-0.97720146	0.003205463381927066	0.021585611999508862	0.14358974358974358	0.27077909072701783
1	Itpr2	-2.9624476	-0.45780697	0.0030520365089877015	0.020621868303970958	0.5538461538461539	0.6497095934308031
1	Rgs2	-2.9689784	-0.43494624	0.0029879165751067085	0.020257061526147178	0.5025641025641026	0.6258762267174044
1	Ophn1	-2.9690027	-0.4000537	0.002987679640486131	0.020257061526147178	0.5384615384615384	0.6553174444221911
1	Hist1h2al	-2.969295	-0.8465468	0.002984837761747353	0.020257061526147178	0.15384615384615385	0.2831964750650911
1	Anxa3	-2.9703429	-0.2929542	0.002974674603523509	0.020257061526147178	0.8512820512820513	0.8838373723212497
1	Kif18a	-2.9784088	-0.49273682	0.0028974926946472215	0.019982708238946358	0.4358974358974359	0.5435609853795313
1	Hist1h2af	-2.9795785	-3.400422	0.0028864531771803314	0.019975454513358696	0.020512820512820513	0.14500300420588824
1	2310002F09Rik	-3.0049455	-0.64508355	0.0026562837513694963	0.018510688162853634	0.28205128205128205	0.41017424394151814
1	Cntln	-3.0149853	-0.37656212	0.0025699178712438415	0.018034511377149766	0.5230769230769231	0.659523332665732
1	Arhgap24	-3.0516348	-0.33499944	0.002275988644372262	0.01602808904487509	0.7025641025641025	0.7961145603845383
1	Serpine1	-3.0684974	-0.44688588	0.0021513817270096395	0.01531232545914334	0.4717948717948718	0.6072501502102944
1	Prkdc	-3.091038	-0.40073496	0.0019945818605926	0.014401313072870755	0.3282051282051282	0.483276587222111
1	Ifitm3	-3.1172335	-0.38264403	0.0018255689819231258	0.013276865323077277	0.717948717948718	0.7947125976366913
1	Serpinf1	-3.130587	-0.35049424	0.001744571855817569	0.012780746196465706	0.7794871794871795	0.8407770879230924
1	Ralgapa2	-3.1431856	-0.4233251	0.0016711989568252968	0.012288227623715417	0.5641025641025641	0.6743440817144002
1	Anxa1	-3.145135	-0.2196012	0.001660102369429541	0.012251678003170044	0.9897435897435898	0.9949929901862608
1	Col4a6	-3.1477666	-0.3889137	0.001645229499429607	0.012186885180960052	0.37948717948717947	0.5337472461446024
1	Col5a2	-3.1557107	-0.34923038	0.0016010759273018453	0.011903910240162418	0.8666666666666667	0.8920488684157821
1	Magoh	-3.1607792	-0.32166928	0.0015734770960868399	0.01174236638870776	0.7282051282051282	0.8097336270779091
1	Plxna4	-3.1631186	-0.48333448	0.001560887494999079	0.01169204116104179	0.2717948717948718	0.421389945924294
1	Rpa3	-3.1657503	-0.36784747	0.0015468351047425544	0.011630339133402664	0.6615384615384615	0.7476467053875425
1	Nr3c2	-3.1779587	-1.3655729	0.0014831587565998768	0.011193650993206617	0.07179487179487179	0.20929301021430002
1	Adamts5	-3.1783974	-0.5029983	0.0014809165837570794	0.011193650993206617	0.49230769230769234	0.6114560384538353
1	Gm3375	-3.2494545	-0.5051097	0.0011562655475227243	0.008860272394810147	0.3230769230769231	0.4704586420989385
1	Slc25a5	-3.2610538	-0.2862003	0.001109990022154322	0.008571351522427197	0.8923076923076924	0.9429200881233727
1	Ereg	-3.2704842	-0.4666869	0.0010736355072472632	0.008322755870133822	0.4564102564102564	0.595834167834969
1	Hist1h3b	-3.2742126	-2.0000606	0.0010595690494285812	0.008245673536409192	0.046153846153846156	0.1852593631083517
1	Csf1	-3.316759	-0.47944143	0.0009106810544949529	0.007142596505842768	0.6205128205128205	0.7133987582615662
1	Gm12648	-3.3194883	-0.35674077	0.0009018258013589592	0.007100990561881569	0.8307692307692308	0.8944522331263769
1	Pdgfrl	-3.3681757	-0.5156797	0.0007566736717761305	0.006005346601397861	0.4307692307692308	0.5551772481474063
1	Nusap1	-3.3758516	-0.8269745	0.0007358759916101803	0.005863553718009405	0.4307692307692308	0.5201281794512317
1	Edn1	-3.3833814	-1.4027052	0.0007159914326331869	0.005727931461065495	0.10256410256410256	0.24294011616262767
1	Diaph3	-3.3843317	-0.3317163	0.0007135175200369404	0.005727931461065495	0.7948717948717948	0.8527939114760665
1	Ccl7	-3.3858912	-0.7091478	0.0007094749700595655	0.005721572339190044	0.3076923076923077	0.4542359303024234
1	Pclaf	-3.3882062	-0.2885032	0.0007035135361217657	0.005696465879528467	0.8923076923076924	0.8708191468055277
1	Hist1h4h	-3.3907404	-1.203926	0.0006970407264589202	0.005666997776088782	0.12307692307692308	0.26717404366112557
1	Hist1h1c	-3.4028757	-1.1663196	0.000666805933052245	0.005443313739202	0.15384615384615385	0.2952132986180653
1	Mettl15	-3.4127448	-0.48638985	0.0006431213113171505	0.0052714861583373	0.5333333333333333	0.6709393150410575
1	Dtl	-3.4242709	-0.49649733	0.0006164513509323737	0.005115778845911815	0.3487179487179487	0.5087121970759063
1	Prdx1	-3.4572165	-0.26484957	0.0005457861627846061	0.004552332773772613	0.9897435897435898	0.9975966352894051
1	Ext1	-3.4647462	-0.33435208	0.0005307320305932058	0.004459933030195007	0.8512820512820513	0.8930502703785299
1	Anxa2	-3.4693518	-0.19699584	0.0005217158243478222	0.004402665184369808	1.0	0.9991988784298017
1	Il1rl1	-3.4733238	-0.3314381	0.000514054799490291	0.004356396605849924	0.9384615384615385	0.9575405567794912
1	S100a11	-3.4770522	-0.27534425	0.0005069593046507688	0.004314547273623564	0.9692307692307692	0.9805728019226918
1	Ubb	-3.4856296	-0.32011044	0.000490980239185862	0.004196412300733863	0.8974358974358975	0.9244942920088124
1	Kif15	-3.4879446	-0.56315506	0.0004867489003022304	0.0041781021485169986	0.4307692307692308	0.5537752853995593
1	Sec23b	-3.5106313	-0.47582412	0.0004470440362076041	0.0038538278983414145	0.5538461538461539	0.6839575405567795
1	Pcdh7	-3.5170643	-0.37521502	0.0004363478563269543	0.003777903517982288	0.8153846153846154	0.8708191468055277
1	Wdpcp	-3.5734766	-0.80734265	0.00035227293493313855	0.0030901134643257764	0.19487179487179487	0.3462847987182055
1	Incenp	-3.588341	-0.6200924	0.00033278889741715766	0.0029320607701952216	0.48717948717948717	0.5760064089725616
1	Eml6	-3.588414	-0.76265836	0.0003326956158700974	0.0029320607701952216	0.28205128205128205	0.4265972361305828
1	Fmn1	-3.589535	-0.74814576	0.0003312683591065088	0.0029320607701952216	0.3076923076923077	0.45263368716202684
1	Hspa5	-3.6034734	-0.314834	0.0003139927523105238	0.002828763534329043	0.9538461538461539	0.963749248948528
1	Ankrd1	-3.6245763	-1.4715322	0.00028943562586487473	0.0026193269309038435	0.10256410256410256	0.25295413579010617
1	Galnt13	-3.6246982	-0.80695707	0.0002892992142036909	0.0026193269309038435	0.28205128205128205	0.4207891047466453
1	Hsp90aa1	-3.6994593	-0.25677764	0.00021605932658172114	0.0019913301989098724	0.9743589743589743	0.9729621470058082
1	Atxn1	-3.7024322	-0.48226893	0.00021354247812772567	0.0019772451678493116	0.38461538461538464	0.5597836971760465
1	Gm42826	-3.7093527	-0.44064227	0.00020778982201169425	0.00193292857685297	0.9846153846153847	0.9929901862607651
1	Ncam1	-3.7113996	-0.44865975	0.0002061164264664657	0.0019263217426772495	0.7487179487179487	0.806529140797116
1	Gm11867	-3.734744	-0.5650482	0.00018790609704795528	0.0017643764981028665	0.7076923076923077	0.7828960544762668
1	Naaladl2	-3.7527766	-0.51312876	0.0001748867427814775	0.0016576942443741944	0.7948717948717948	0.852994191868616
1	Setbp1	-3.7548478	-0.73835427	0.0001734468307906728	0.0016518745789587887	0.26666666666666666	0.4279991988784298
1	Ggct	-3.7602575	-0.57202554	0.00016973853036604934	0.0016242921566129124	0.41025641025641024	0.5583817344281995
1	Sec13	-3.7634254	-0.44117907	0.00016760175952453492	0.001611555380043605	0.6205128205128205	0.7574604446224714
1	Cpne4	-3.7636204	-0.42000106	0.00016747109592560552	0.001611555380043605	0.7538461538461538	0.8331664330062087
1	Sntg1	-3.7746103	-1.0664095	0.00016025798727278565	0.0015559027890561714	0.22564102564102564	0.37392349289004606
1	Cdkn2c	-3.7787771	-0.72130144	0.00015760032589201184	0.0015451012342354103	0.3333333333333333	0.48067294211896655
1	Cnn2	-3.7788017	-0.36264676	0.00015758490671721577	0.0015451012342354103	0.8461538461538461	0.8982575605848188
1	Ldb2	-3.7897916	-0.5784716	0.00015077372715224018	0.0015002360910670665	0.4512820512820513	0.5996394952934108
1	Fanca	-3.805436	-1.309034	0.00014155468226752867	0.0014155468226752866	0.1282051282051282	0.2880032044862808
1	Tubb5	-3.859923	-0.2857777	0.00011342283755030637	0.0011456852277808723	0.9846153846153847	0.9873823352693771
1	Hist1h2ac	-3.8633587	-1.4334373	0.0001118385840719145	0.0011354170971767969	0.11282051282051282	0.27518525936310834
1	Snx29	-3.9234748	-0.90741724	8.728093654686177e-05	0.0008951890927883258	0.26666666666666666	0.4221910674944923
1	Slpi	-3.9444313	-0.7402087	7.998960879453189e-05	0.0008246351422116689	0.3641025641025641	0.5261365912277188
1	Eif2b3	-3.9672642	-0.53808314	7.270242258629871e-05	0.0007533929801688986	0.5435897435897435	0.7021830562787903
1	Actb	-3.9735267	-0.24848114	7.08162270663236e-05	0.0007415311734693571	1.0	1.0
1	Spc25	-3.9794967	-0.80300033	6.906127999897487e-05	0.0007308071957563479	0.4	0.5183256559182856
1	Adam12	-3.9849553	-1.380736	6.749283662014791e-05	0.0007180089002143395	0.14871794871794872	0.30943320648908473
1	Pcdh9	-3.9953117	-0.66898125	6.460919322955453e-05	0.0006910074142198345	0.441025641025641	0.5816142599639496
1	Pmepa1	-4.0244803	-0.54765224	5.7101286719323056e-05	0.0006173112077764655	0.4666666666666667	0.6398958541958742
1	Psma2	-4.0367618	-0.34863973	5.4194057083992125e-05	0.0005890658378694796	0.8871794871794871	0.9058682155017024
1	Mcm3	-4.0632496	-0.58155847	4.839418970945887e-05	0.0005288982481908073	0.49743589743589745	0.6455037051872622
1	Ehbp1	-4.093978	-0.49716815	4.2403472322972346e-05	0.00046854665550245686	0.6615384615384615	0.7536551171640297
1	Maml3	-4.099802	-0.58076406	4.135039803130275e-05	0.000459448867014475	0.4564102564102564	0.6232725816142599
1	Zc3h12b	-4.119394	-0.7082464	3.7987047929544354e-05	0.00042682076325330735	0.37435897435897436	0.5313438814340076
1	Sh3rf3	-4.139205	-0.48297828	3.485114182415648e-05	0.0003937982127023331	0.6461538461538462	0.7656719407170038
1	Tagln	-4.1413007	-1.2348552	3.4534193070817646e-05	0.00039243401216838234	0.16923076923076924	0.3384738634087723
1	Ctgf	-4.1486354	-1.8510066	3.344629462986155e-05	0.0003822433671984177	0.11282051282051282	0.2811936711395954
1	Emp3	-4.1862597	-0.34973305	2.835888606499313e-05	0.00032596420764359924	0.9076923076923077	0.9341077508511917
1	Arl15	-4.2132597	-0.5790314	2.5171158992781394e-05	0.0002909960577200161	0.5025641025641026	0.6569196875625877
1	Hmgn5	-4.220716	-0.47395578	2.435274566415817e-05	0.0002831714612111415	0.7128205128205128	0.8151411976767474
1	Fam185a	-4.229976	-0.710905	2.337162695837091e-05	0.0002749603171573048	0.358974358974359	0.5225315441618266
1	Sox6	-4.236117	-1.0571784	2.2741858911187685e-05	0.00026913442498446963	0.18974358974358974	0.3719206889645504
1	Efna5	-4.2393823	-0.44458076	2.2413592988029e-05	0.00026682848795272617	0.7487179487179487	0.8463849389144803
1	Prim1	-4.2576337	-0.57602656	2.0660209463293128e-05	0.00024742765824303147	0.5897435897435898	0.6973763268576006
1	Thbs1	-4.2596564	-1.4635319	2.0474152740279708e-05	0.00024667653903951456	0.17435897435897435	0.3424794712597637
1	Mustn1	-4.2656994	-0.9060048	1.9927682383238908e-05	0.0002415476652513807	0.3128205128205128	0.47907069897857
1	Prmt1	-4.284341	-0.52510244	1.8328155376863375e-05	0.00022488534204740337	0.6564102564102564	0.7626677348287603
1	Snai2	-4.2871675	-0.5342136	1.809656109733445e-05	0.0002234143345349932	0.5282051282051282	0.6873623072301221
1	Dock4	-4.299937	-0.9045502	1.7084695082647263e-05	0.0002135586885330908	0.2	0.3863408772281194
1	Cd81	-4.3142896	-0.40570003	1.6011707549777218e-05	0.00020140512641229205	0.8102564102564103	0.877228119367114
1	Svep1	-4.368021	-1.0839256	1.2537746556251862e-05	0.0001597165166401511	0.24102564102564103	0.411175645904266
1	Rfx3	-4.3682404	-0.8404852	1.2525165670050716e-05	0.0001597165166401511	0.31794871794871793	0.4902864009613459
1	Hist1h4c	-4.3826904	-1.403729	1.1722257655948537e-05	0.00015223711241491605	0.17435897435897435	0.34968956539154816
1	Ptprk	-4.3897085	-0.51435757	1.1350269726787902e-05	0.00014836953891226014	0.6307692307692307	0.7702783897456439
1	Amotl2	-4.4055476	-0.6319071	1.0551690589867409e-05	0.00013883803407720274	0.6153846153846154	0.6949729621470058
1	Txn1	-4.4780912	-0.33409914	7.531335019287672e-06	0.00010109174522533789	1.0	0.9991988784298017
1	Cst3	-4.487741	-0.39070013	7.198230716009967e-06	9.727338805418875e-05	0.9384615384615385	0.9663528940516724
1	Hist1h2ab	-4.493565	-1.5448759	7.004058709218338e-06	9.529331577167806e-05	0.19487179487179487	0.3619066693370719
1	Cxcl5	-4.565987	-0.91963416	4.971496703373444e-06	6.810269456675951e-05	0.31794871794871793	0.4864810735029041
1	Hist1h3c	-4.5724688	-1.9029657	4.8201087362545e-06	6.648425843109655e-05	0.11794871794871795	0.3006208692169037
1	Ccnf	-4.587163	-1.2661968	4.493103237183627e-06	6.240421162755037e-05	0.18974358974358974	0.3749248948527939
1	Ptn	-4.5950336	-0.6591075	4.326793944129817e-06	6.09407597764763e-05	0.5384615384615384	0.7137993190466654
1	Hist1h1d	-4.6385064	-1.4321167	3.509362989861871e-06	4.977819843775704e-05	0.2358974358974359	0.4039655517724815
1	Atad2	-4.654784	-0.4853873	3.2432033371864843e-06	4.63314762455212e-05	0.7846153846153846	0.8337672741838574
1	Mecom	-4.662874	-0.72063386	3.1182321501550604e-06	4.486664964251885e-05	0.4461538461538462	0.6184658521930703
1	Acta2	-4.6716714	-1.3428216	2.987589707765775e-06	4.329840156182282e-05	0.4358974358974359	0.5605848187462448
1	Fgf10	-4.6734014	-0.7058314	2.962520968651992e-06	4.324848129418966e-05	0.39487179487179486	0.5874223913478871
1	Prkd1	-4.689119	-0.6209238	2.743842038739246e-06	4.064951168502586e-05	0.5384615384615384	0.7047867013819347
1	Ptchd4	-4.6940413	-0.8304302	2.6786025671049196e-06	3.997914279261074e-05	0.36923076923076925	0.5515722010815142
1	Dbi	-4.702253	-0.34537673	2.57306300717057e-06	3.8692676799557446e-05	0.9897435897435898	0.9885840176246745
1	Cct8	-4.7142663	-0.47215062	2.425829779956894e-06	3.703308474277389e-05	0.841025641025641	0.9140797115962347
1	Atad5	-4.7211385	-0.7124507	2.345283859397983e-06	3.608129014458435e-05	0.5076923076923077	0.6499098738233527
1	Pcolce	-4.7219667	-0.66935354	2.3357479136312975e-06	3.608129014458435e-05	0.5333333333333333	0.696775485679952
1	Sema3a	-4.7249885	-0.5968012	2.3012842423203675e-06	3.595756628625574e-05	0.6974358974358974	0.7929100741037453
1	Tmsb4x	-4.7287655	-0.2997138	2.2588908970398326e-06	3.585541106412432e-05	1.0	0.9995994392149009
1	Pak3	-4.731202	-0.66839886	2.2319394177399395e-06	3.571103068383903e-05	0.49743589743589745	0.6631283797316243
1	Tyms	-4.7563744	-0.5862554	1.9710067250703e-06	3.1790431049520966e-05	0.6	0.7360304426196675
1	Galnt18	-4.767121	-1.023288	1.8687726136414933e-06	3.0386546563276314e-05	0.28205128205128205	0.46785499699579414
1	Ror1	-4.824532	-0.5805751	1.4033243754780834e-06	2.319544422277824e-05	0.676923076923077	0.7943120368515922
1	Lxn	-4.8404684	-0.63009393	1.2953330373930428e-06	2.1588883956550712e-05	0.5743589743589743	0.7280192269176847
1	Kcnip4	-4.850776	-1.7820162	1.2297917861612875e-06	2.1022081814722863e-05	0.11282051282051282	0.3134388143400761
1	Psmb6	-4.8659334	-0.51252764	1.13917971038372e-06	1.981182105015165e-05	0.8307692307692308	0.9080712998197477
1	Pcna-ps2	-4.8858175	-0.8246597	1.0300054137637249e-06	1.807027041690745e-05	0.39487179487179486	0.5673943520929301
1	Polq	-4.8895946	-1.1010101	1.0104385025878131e-06	1.804354468906809e-05	0.16923076923076924	0.3847386340877228
1	Brca1	-4.8911057	-0.90212697	1.00271234614176e-06	1.804354468906809e-05	0.3230769230769231	0.5089124774684558
1	Ube2e2	-4.9781723	-0.5917218	6.418745317093591e-07	1.1886565402025167e-05	0.5743589743589743	0.7424394151812538
1	Col4a5	-5.001834	-0.5561161	5.678752902362959e-07	1.0614491406285904e-05	0.7846153846153846	0.8668135389545364
1	Cryab	-5.004319	-0.48979795	5.605974956588448e-07	1.0577311238846128e-05	0.9435897435897436	0.9679551371920689
1	Brinp1	-5.0298815	-1.1022879	4.907831909839702e-07	9.438138288153273e-06	0.24615384615384617	0.4476266773482876
1	Rad51ap1	-5.0445023	-1.026782	4.547034178997551e-07	8.82919258057777e-06	0.28717948717948716	0.47766873623072303
1	Ghr	-5.200141	-0.6214983	1.9913741524177384e-07	4.022978085692401e-06	0.6871794871794872	0.8091327859002604
1	Col11a1	-5.2021146	-0.806073	1.9703344886769502e-07	4.0210907932182654e-06	0.4564102564102564	0.6402964149809733
1	Tpm2	-5.258673	-0.63634336	1.450986164963129e-07	2.991724051470369e-06	0.6871794871794872	0.8145403564990987
1	Inhba	-5.303315	-1.1839751	1.1371826095902473e-07	2.4455539991188116e-06	0.22564102564102564	0.44141798517925096
1	Ccne2	-5.30641	-1.2290273	1.1180530324945341e-07	2.4305500706402917e-06	0.27692307692307694	0.46404966953735227
1	Maml2	-5.3832912	-0.79778856	7.313606752014463e-08	1.625245944892103e-06	0.5076923076923077	0.6843581013418786
1	Ndufa4	-5.4171143	-0.36611962	6.056870225452835e-08	1.3765614148756445e-06	1.0	0.99539355097136
1	Slit2	-5.4311013	-0.7121177	5.600732082790866e-08	1.3024958332071782e-06	0.6871794871794872	0.8087322251151612
1	Tpm1	-5.4331484	-0.6059859	5.536837234430939e-08	1.3024958332071782e-06	0.8153846153846154	0.8954536350891248
1	Pola1	-5.4379244	-0.72060347	5.390484295254634e-08	1.2834486417272938e-06	0.5743589743589743	0.7152012817945124
1	Pde4d	-5.4501815	-0.6752044	5.031843969737101e-08	1.2124925228282172e-06	0.6717948717948717	0.7856999799719607
1	Hist1h2ak	-5.471991	-1.7676965	4.450076749005922e-08	1.0853845729282737e-06	0.14358974358974358	0.36170638894452234
1	Timp1	-5.506691	-0.69359785	3.656412172359131e-08	9.028178203355879e-07	0.7282051282051282	0.819547366312838
1	Ubc	-5.515537	-0.48230815	3.477173603672033e-08	8.692934009180082e-07	0.9076923076923077	0.9525335469657521
1	Prdx4	-5.5178514	-0.6089645	3.431690839942386e-08	8.687824911246546e-07	0.7743589743589744	0.8652112958141398
1	Uqcrb	-5.5192895	-0.58749664	3.403734695839331e-08	8.687824911246546e-07	0.7435897435897436	0.8507911075505707
1	Bnc2	-5.525357	-0.6731132	3.288164431087849e-08	8.540686833994414e-07	0.5948717948717949	0.7626677348287603
1	Gm10801	-5.6085253	-1.532795	2.040581472560032e-08	5.51508506097306e-07	0.22564102564102564	0.451632285199279
1	Ndufa5	-5.7569265	-0.5380005	8.565920130295508e-09	2.447405751513002e-07	0.841025641025641	0.886040456639295
1	Cald1	-5.762482	-0.4747942	8.288569818301488e-09	2.402484005304779e-07	0.9794871794871794	0.9913879431203685
1	Slfn9	-5.7847304	-0.795233	7.262871310720909e-09	2.1361386208002672e-07	0.6871794871794872	0.7770879230923292
1	Hist1h2ai	-5.8002286	-2.2566857	6.622462238546929e-09	1.9768543995662473e-07	0.08205128205128205	0.32465451632285197
1	Adgrl2	-5.8177004	-0.9014006	5.9662722876323415e-09	1.8079612992825276e-07	0.38974358974358975	0.6054476266773483
1	Exoc4	-5.8302984	-0.5468763	5.532826259320092e-09	1.7290082060375286e-07	0.8358974358974359	0.9022631684358101
1	Cdc42ep3	-5.8343196	-0.68650573	5.401057921071555e-09	1.7146215622449381e-07	0.6717948717948717	0.7941117564590426
1	Adamts12	-5.837463	-0.81744003	5.300170492803988e-09	1.7097324170335446e-07	0.47692307692307695	0.6643300620869217
1	Fkbp3	-5.86071	-0.4831248	4.608923409915649e-09	1.5111224294805405e-07	0.9333333333333333	0.9677548567995193
1	Ebf1	-5.9297934	-0.6501177	3.0331610634661524e-09	1.0110536878220508e-07	0.7538461538461538	0.8620068095333467
1	Fbxl17	-5.997951	-0.7449403	1.9982302890794992e-09	6.77366199687966e-08	0.6102564102564103	0.7782896054476267
1	Ank3	-6.0418377	-0.67904365	1.5236873589805189e-09	5.254094341312134e-08	0.7589743589743589	0.8768275585820148
1	Brip1	-6.092791	-1.0451313	1.1095872081566587e-09	3.893288449672487e-08	0.39487179487179486	0.5938313639094732
1	Tanc2	-6.237391	-0.5995685	4.449282745363924e-10	1.5890295519156873e-08	0.8769230769230769	0.9232926096535149
1	Prc1	-6.2553506	-1.0815147	3.966241853217067e-10	1.4422697648062063e-08	0.676923076923077	0.7652713799319046
1	Pdia3	-6.2705317	-0.5540538	3.598171248185701e-10	1.332656017846556e-08	0.9179487179487179	0.9691568195473663
1	Cd63	-6.3142967	-0.5459027	2.713926881503481e-10	1.0241233515107477e-08	0.9743589743589743	0.9839775685960345
1	Fkbp11	-6.321144	-0.72064894	2.596335990435603e-10	9.98590765552155e-09	0.717948717948718	0.831163629080713
1	Nrg1	-6.340785	-0.9045124	2.2859759975282088e-10	8.964611755012585e-09	0.517948717948718	0.7003805327458442
1	Mms22l	-6.3800173	-1.2662668	1.7706786574105254e-10	7.082714629642101e-09	0.2512820512820513	0.5155217304225916
1	Hist1h4d	-6.4141326	-1.6583785	1.416268403629884e-10	5.780687361754629e-09	0.2512820512820513	0.48728219507310233
1	Lbh	-6.4248548	-1.0550117	1.3199561988375276e-10	5.499817495156365e-09	0.358974358974359	0.6082515521730423
1	Clspn	-6.428632	-1.0455167	1.2875771218553465e-10	5.4790515823631765e-09	0.49230769230769234	0.6489084718606049
1	Zfpm2	-6.487383	-0.80509204	8.734011029566563e-11	3.797396099811549e-09	0.676923076923077	0.819547366312838
1	Gm26870	-6.533804	-1.4495181	6.411978880386023e-11	2.91453585472092e-09	0.3384615384615385	0.5792108952533547
1	Aurkb	-6.5520315	-1.716582	5.6759589667400714e-11	2.639980914762824e-09	0.2205128205128205	0.45864209893851393
1	Cyr61	-6.6334696	-1.1587958	3.278868783923897e-11	1.561366087582808e-09	0.4256410256410256	0.6346885639895854
1	Hist1h2ae	-6.745977	-1.8134375	1.5200100068653977e-11	7.414682960319013e-10	0.3128205128205128	0.5263368716202683
1	Sorbs1	-6.8322883	-1.217856	8.35706646259346e-12	4.17853323129673e-10	0.37948717948717947	0.6078509913879431
1	Hist1h2an	-6.8358216	-2.0303423	8.15363061333545e-12	4.17853323129673e-10	0.15384615384615385	0.42679751652313236
1	Malat1	-6.847835	-0.5994356	7.497589318696186e-12	3.9460996414190454e-10	1.0	1.0
1	Wwox	-6.945673	-1.429121	3.766607330917573e-12	2.0925596282875408e-10	0.26666666666666666	0.5351492088924494
1	Gphn	-7.081159	-0.71024764	1.4295357703527442e-12	8.663853153652994e-11	0.8051282051282052	0.899058682155017
1	Cpa6	-7.0911255	-1.4271606	1.3302543347638812e-12	8.314089592274257e-11	0.3128205128205128	0.5728019226917684
1	Grik2	-7.1424694	-1.3006157	9.166907154171942e-13	5.914133647852866e-11	0.3230769230769231	0.5882235129180853
1	AW554918	-7.243426	-1.124336	4.3748999477280305e-13	3.017172377743469e-11	0.4564102564102564	0.6747446424994993
1	Rad51b	-7.4427567	-1.2580159	9.860566021914533e-14	7.043261444224666e-12	0.37948717948717947	0.6314840777087923
1	Hist1h1e	-7.5098176	-1.4037832	5.920985844419346e-14	4.3859154403106266e-12	0.6512820512820513	0.7636691367915082
1	Magi2	-7.657512	-1.0044888	1.8956934051061826e-14	1.4582256962355251e-12	0.6512820512820513	0.8253554976967755
1	Sgcd	-7.6654077	-0.82815725	1.78264372349603e-14	1.426114978796824e-12	0.7230769230769231	0.8563989585419587
1	Rbms3	-7.831573	-1.083444	4.818028730493602e-15	4.0150239420780017e-13	0.5230769230769231	0.7394352092930102
1	Ccne1	-7.8980494	-1.301983	2.8330236627197953e-15	2.6981177740188527e-13	0.36923076923076925	0.6483076306829562
1	Hist2h2ac	-7.924464	-1.6016731	2.29132251718635e-15	2.29132251718635e-13	0.47692307692307695	0.689765671940717
1	Hist1h1b	-7.953901	-1.866871	1.8072893793437525e-15	2.0080993103819472e-13	0.3487179487179487	0.5976366913679151
1	Opcml	-7.9568734	-1.2545421	1.7644073128061377e-15	2.0080993103819472e-13	0.4153846153846154	0.697176046465051
1	B3galt1	-8.009168	-1.2877866	1.1548755341893152e-15	1.443594417736644e-13	0.4205128205128205	0.6793510915281394
1	Fbxl7	-8.13169	-1.0468122	4.2334629716397966e-16	5.644617295519729e-14	0.6564102564102564	0.8365711996795514
1	Fbxo5	-8.411971	-2.2082748	4.0317665414250696e-17	6.202717756038569e-15	0.14358974358974358	0.47907069897857
1	Negr1	-8.458271	-1.1731249	2.7137192266761218e-17	4.5228653777935364e-15	0.558974358974359	0.7650710995393551
1	Rora	-8.9933195	-1.2706524	2.398731542567089e-19	4.797463085134178e-17	0.558974358974359	0.7965151211696375
1	Cdk1	-9.724629	-1.7423581	2.3676652636255595e-22	6.764757896073027e-20	0.358974358974359	0.673943520929301
1	Immp2l	-10.007762	-1.5263255	1.4090462885397913e-23	7.045231442698957e-21	0.4717948717948718	0.7426396955738033
1	Top2a	-10.426283	-1.6211939	1.8810393434871377e-25	1.8810393434871376e-22	0.764102564102564	0.87903064290006
2	Cenpa	13.29263	1.4443226	2.554386935047603e-40	5.108773870095206e-37	0.9513513513513514	0.7593443933639816
2	Knstrn	8.639466	0.90777683	5.647632521714768e-18	2.259053008685907e-15	0.8540540540540541	0.7133719768139116
2	Hmmr	8.601727	1.0376393	7.852559444850883e-18	2.6175198149502943e-15	0.9081081081081082	0.7095742554467319
2	Trib1	7.7613387	0.9727664	8.403770200731783e-15	1.292887723189505e-12	0.7837837837837838	0.6432140715570658
2	Cenpe	7.5660434	0.93093634	3.847632757495335e-14	5.496618224993336e-12	0.9135135135135135	0.7695382770337797
2	Dbf4	7.5553713	0.5804644	4.1766599565971994e-14	5.5688799421296e-12	0.9567567567567568	0.9402358584849091
2	Sox9	7.3131146	0.6770621	2.6101992816561095e-13	2.7475781912169575e-11	0.918918918918919	0.9214471317209674
2	Junb	6.81478	1.4357067	9.440803664805257e-12	7.552642931844205e-10	0.5297297297297298	0.27743353987607433
2	Peak1	6.5867696	0.5161742	4.4949966388271933e-11	3.2107118848765664e-09	0.972972972972973	0.949430341794923
2	Tpx2	6.411194	0.61401534	1.4438447712173024e-10	9.31512755624066e-09	0.918918918918919	0.8406955826504098
2	Aspm	6.306898	0.9186062	2.8468290230136627e-10	1.6746053076550957e-08	0.6864864864864865	0.47491505096941833
2	Arntl	6.2522635	0.9846083	4.045457948474021e-10	2.311690256270869e-08	0.6486486486486487	0.4775134919048571
2	Frmd4a	6.098857	0.49712312	1.0682969814931056e-09	5.9349832305172536e-08	0.9405405405405406	0.9370377773335998
2	Ckap2	5.952648	0.7721756	2.6383832696379245e-09	1.3530170613527817e-07	0.7621621621621621	0.628023186088347
2	4932443I19Rik	5.863648	1.0138882	4.528066233051784e-09	2.106077317698504e-07	0.5945945945945946	0.4173495902458525
2	Prkcg	5.7665753	0.9993352	8.089850630435448e-09	3.5954891690824214e-07	0.5621621621621622	0.3693783729762143
2	Pcf11	5.7108164	0.7941462	1.1243565964826747e-08	4.784496155245424e-07	0.6756756756756757	0.5288826703977614
2	Gm26917	5.3812838	0.5899245	7.395641469721203e-08	2.6413005249004297e-06	0.9135135135135135	0.8872676394163502
2	Nup210l	5.3712616	1.2479297	7.818759572439312e-08	2.6961239904963146e-06	0.4756756756756757	0.2886268239056566
2	Kif20a	5.3117037	1.0042033	1.0860515155196876e-07	3.5745267910029436e-06	0.5135135135135135	0.3164101539076554
2	Cdc20	5.3110037	0.8547451	1.0902306712558977e-07	3.5745267910029436e-06	0.6648648648648648	0.5344793124125524
2	C330027C09Rik	5.2297516	0.6632887	1.697378843720868e-07	5.222704134525747e-06	0.7243243243243244	0.5910453727763342
2	Ttyh2	5.079469	0.7689691	3.7849125507788923e-07	1.1132095737584977e-05	0.6378378378378379	0.4811113332000799
2	Prkca	4.982271	0.39474398	6.284221213294522e-07	1.793216707659478e-05	0.9675675675675676	0.9722166699980012
2	Dnm3os	4.979772	0.86988634	6.365919312191146e-07	1.793216707659478e-05	0.572972972972973	0.3957625424745153
2	Mki67	4.931511	0.5831809	8.159610001188114e-07	2.266558333663365e-05	0.8810810810810811	0.779532280631621
2	Ccna2	4.914665	0.5628743	8.893419853847931e-07	2.4365533846158717e-05	0.7675675675675676	0.632620427743354
2	Ppp1r10	4.8186927	0.5500068	1.445020800700339e-06	3.7533007810398414e-05	0.7081081081081081	0.5948430941435139
2	Pttg1	4.75721	0.6025248	1.962871419035739e-06	4.969294731736048e-05	0.7405405405405405	0.6294223465920448
2	mt-Rnr2	4.73889	0.41317892	2.1489215571009376e-06	5.305979153335648e-05	1.0	1.0
2	Ccnd1	4.6290708	0.40567654	3.6731000804315717e-06	8.254157484115892e-05	0.9783783783783784	0.9274435338796722
2	Sh3pxd2a	4.620148	0.42911226	3.834656471346269e-06	8.521458825213932e-05	0.9081081081081082	0.8626823905656607
2	Gm23935	4.6170993	0.66745085	3.89141147953314e-06	8.552552702270638e-05	0.5621621621621622	0.4011593044173496
2	Ank	4.592306	0.38119906	4.383744222885886e-06	9.42740693093739e-05	0.9243243243243243	0.9200479712172697
2	Anln	4.563689	0.450931	5.026244349207166e-06	0.00010581567050962454	0.9027027027027027	0.842694383369978
2	Rassf3	4.4023347	0.79411626	1.0709214092959368e-05	0.00021418428185918735	0.5621621621621622	0.4159504297421547
2	Spaca6	4.2593	0.613346	2.0506802698817594e-05	0.000406075300966685	0.6702702702702703	0.554467319608235
2	Birc5	4.228109	0.46748093	2.3566377417221188e-05	0.0004531995657157921	0.9675675675675676	0.8972616430141915
2	Socs1	4.2175617	0.92210436	2.4695811797850455e-05	0.00046595871316698975	0.4918918918918919	0.3499900059964022
2	Abtb2	4.1367598	0.6453552	3.5224481662685844e-05	0.0006290770867120106	0.6054054054054054	0.4907055766540076
2	Scd2	4.1367345	0.36945242	3.5228316855872597e-05	0.0006290770867120106	0.9675675675675676	0.9206476114331401
2	Mt2	4.09962	0.41709417	4.1382895871804046e-05	0.0007134982046862766	0.9243243243243243	0.8676793923645812
2	Lockd	3.9918754	0.43574616	6.555281302427727e-05	0.0010746362790865127	0.8432432432432433	0.7561463122126724
2	Cdkn3	3.9678822	0.5581942	7.25141698647315e-05	0.001160226717835704	0.6054054054054054	0.470717569458325
2	Cks2	3.947163	0.42219684	7.908271701814112e-05	0.001235667453408455	0.8540540540540541	0.7535478712772337
2	Usp14	3.8755083	0.3057551	0.00010640240028446225	0.0016121575800676097	0.9837837837837838	0.9702178692784329
2	Peli2	3.7998796	0.4759766	0.00014476646484117212	0.002113379048776235	0.745945945945946	0.6420147911253248
2	Errfi1	3.7615652	0.47548252	0.00016885333041878405	0.0024291217194438086	0.7405405405405405	0.6781930841495103
2	Nmnat2	3.7136037	0.5195883	0.0002043285987304247	0.00285774263958636	0.6162162162162163	0.5112932240655607
2	Cep55	3.7110546	0.45678118	0.00020639763962314667	0.002866633883654815	0.6810810810810811	0.5620627623425944
2	Ssfa2	3.684262	0.46011958	0.0002293661621975296	0.0031206280571092464	0.7513513513513513	0.6550069958025185
2	AC159301.1	3.5697944	1.903731	0.00035726162812406415	0.004608756301665682	0.22162162162162163	0.06995802518488907
2	Pbx1	3.5694194	0.43884873	0.0003577732376752677	0.004608756301665682	0.7783783783783784	0.7013791724965021
2	Ppp3ca	3.5435016	0.2868942	0.0003948507291261141	0.004968088313721148	0.9675675675675676	0.972416550069958
2	Tns1	3.525132	0.6072977	0.00042327198168311383	0.005258037039541787	0.5837837837837838	0.4931041375174895
2	H2afz	3.521808	0.25522414	0.0004286147141618809	0.005291539681010875	0.9945945945945946	0.9960023985608635
2	Snai1	3.5197084	0.72862357	0.00043202144377668087	0.005300414599065924	0.4594594594594595	0.34239456326204276
2	Mt1	3.5181088	0.30217326	0.00043463399712340584	0.005300414599065924	0.9891891891891892	0.9820107935238857
2	Plk1	3.4918911	0.5673374	0.0004796134518865015	0.005778475323933753	0.5297297297297298	0.4015590645612632
2	Ubald2	3.461475	0.49885282	0.0005372243478901478	0.006210686102776275	0.6108108108108108	0.5084949030581651
2	Kif23	3.4228108	0.52901256	0.0006197721682132358	0.007003075347042212	0.5837837837837838	0.45972416550069956
2	Pvt1	3.3911197	0.3183426	0.0006960770449003386	0.007691459059672249	0.9243243243243243	0.8998600839496302
2	Gdnf	3.3729248	0.50461847	0.0007437426790531513	0.008128335290198374	0.6216216216216216	0.5290825504697182
2	Trib2	3.3708754	0.7802371	0.0007492975146147468	0.008144538202334205	0.41621621621621624	0.2922246652008795
2	Gm28438	3.307868	0.42314753	0.0009400907301133112	0.0098438819907153	0.8324324324324325	0.7769338396961822
2	Ppcdc	3.2986207	0.9032967	0.0009716109518117743	0.010068507272660874	0.3891891891891892	0.27823306016390165
2	Ngf	3.2789264	0.3546677	0.0010420286053329892	0.010632944952377441	0.8378378378378378	0.7707375574655206
2	Pxn	3.233539	0.585405	0.0012226662100992935	0.0123501637383767	0.4810810810810811	0.3635818508894663
2	Mdm2	3.1914759	0.32605356	0.0014154792079461144	0.014084370228319546	0.827027027027027	0.7861283230061963
2	Timp3	3.1655333	0.2838003	0.0015479899231926333	0.015219453489723327	0.9621621621621622	0.9262442534479313
2	Zeb1	3.1183214	0.33206844	0.0018188427535763714	0.017488872630542034	0.8972972972972973	0.8496901858884669
2	Ect2	3.0992768	0.39642456	0.0019399363884192444	0.01856398457817459	0.7351351351351352	0.6622026783929642
2	C77080	3.0795324	0.45596007	0.0020732579502933694	0.019651734126003503	0.41081081081081083	0.2862282630421747
2	Vegfa	3.0720844	0.38977516	0.0021256951848590286	0.019972953167782942	0.6594594594594595	0.5776534079552269
2	Rlf	3.0718846	0.29599187	0.0021271195123688832	0.019972953167782942	0.7945945945945946	0.7921247251649011
2	mt-Rnr1	3.063137	0.30088	0.002190297215627239	0.02028052977432629	1.0	0.9984009594243454
2	Cdca8	3.056439	0.36806542	0.0022398309586438695	0.020643603305473452	0.8054054054054054	0.7479512292624425
2	Arl4c	3.0481412	0.47707188	0.0023026164593570753	0.021124921645477756	0.5675675675675675	0.4677193683789726
2	Tiam2	3.0445423	0.36161926	0.0023303466414914464	0.02128170448850636	0.745945945945946	0.6620027983210074
2	Trim59	3.0265474	0.30965903	0.002473640666567509	0.02228505105015774	0.8702702702702703	0.7963222066759944
2	Dlgap5	3.0106769	0.42621723	0.0026066611900964977	0.02320276097927765	0.6	0.48510893463921645
2	Add1	3.010252	0.24185656	0.0026103106101687357	0.02320276097927765	0.8864864864864865	0.846092344593244
2	Slc22a23	2.9761615	0.5159358	0.00291881055255304	0.025491795218803844	0.5837837837837838	0.49830101938836696
2	Chst11	2.8917353	0.40509322	0.0038312053514436622	0.032606002991009894	0.7081081081081081	0.668199080551669
2	Mmd	2.882313	0.39087924	0.00394767385047348	0.033313703379523045	0.7945945945945946	0.7525484709174496
2	Ckap2l	2.878689	0.40790004	0.003993319007328658	0.03355730258259377	0.6486486486486487	0.5496701978812712
2	Gab2	2.8757148	0.35645175	0.004031136943148057	0.03373336354098793	0.745945945945946	0.7135718568858684
2	Scamp5	2.8706162	0.5214107	0.004096724791749209	0.03399771611410132	0.43243243243243246	0.3256046372176694
2	Plagl1	2.8622937	0.46199724	0.0042058705352624156	0.03475022038113653	0.5783783783783784	0.5034979012592444
2	Rplp0	2.861069	0.2045336	0.0042221517763080885	0.03475022038113653	1.0	0.998800719568259
2	Bend6	2.821905	0.45290336	0.004773931479497381	0.03865531562346058	0.5675675675675675	0.4629222466520088
2	Gm38399	2.818806	0.32425156	0.004820265881611796	0.03887311194848223	0.8	0.7599440335798521
2	Gas7	2.765646	0.24984874	0.005681019219920868	0.04444762797010882	0.8918918918918919	0.8620827503497901
2	Zfp608	2.7276065	0.40017346	0.006379564509459095	0.04945398844541934	0.5675675675675675	0.4807115730561663
2	Cenph	-2.723158	-0.44170928	0.006466115831945827	0.04993139638568206	0.5405405405405406	0.6066360183889666
2	Gm42826	-2.7597475	-0.30185127	0.005784604755670345	0.04501637942155911	0.9945945945945946	0.9926044373375974
2	Hist1h2al	-2.765171	-0.97946733	0.00568929638017393	0.04444762797010882	0.17297297297297298	0.28223066160303817
2	Ube2e2	-2.7699447	-0.33727914	0.0056065819238749984	0.04414631436122046	0.6432432432432432	0.7395562662402558
2	Selenok	-2.7812915	-0.3814996	0.005414310475426269	0.04280087332352782	0.6486486486486487	0.7317609434339396
2	Serpinf1	-2.7943628	-0.32297283	0.005200210632871596	0.04127151295929838	0.8108108108108109	0.8394963022186688
2	Gm5886	-2.803935	-0.5935729	0.005048306968995171	0.04022555353781013	0.6648648648648648	0.711772936238257
2	Filip1l	-2.8102584	-0.29253826	0.0049501755250403595	0.039601404200322876	0.8324324324324325	0.8646811912852289
2	Rbbp7	-2.8118079	-0.17597438	0.004926392207471482	0.03956941532105608	1.0	0.9944033579852088
2	Ube2c	-2.8346515	-0.6362125	0.004587571148657528	0.03729732641184982	0.572972972972973	0.6100339796122327
2	Capg	-2.8419993	-0.24961326	0.00448315827973937	0.036597210446852	0.8972972972972973	0.9030581651009394
2	Lrpap1	-2.8440237	-0.36992058	0.004454772288049644	0.03651452695122659	0.6594594594594595	0.7257645412752348
2	Col11a1	-2.8730156	-0.43860593	0.004065740223188714	0.033881168526572615	0.5675675675675675	0.6358185088946632
2	Pdgfrl	-2.8849123	-0.43156224	0.00391522760106518	0.03317989492428119	0.44324324324324327	0.554467319608235
2	Ereg	-2.8952594	-0.43051732	0.003788453903752214	0.03237994789531807	0.518918918918919	0.5932440535678593
2	H1f0	-2.9539177	-0.34472045	0.0031376754640054924	0.02693283660090551	0.8378378378378378	0.8752748350989407
2	Rpa3	-2.9629653	-0.38795942	0.003046909420088187	0.02626646051800161	0.6702702702702703	0.7471517089746152
2	Hist1h2af	-2.9672391	-2.6868582	0.003004872140384016	0.026016209007653817	0.016216216216216217	0.1449130521686988
2	Glipr1	-2.9731374	-0.35911077	0.0029477245714459787	0.02563238757779112	0.6162162162162163	0.6981810913451929
2	Itpr2	-2.9861088	-0.46172336	0.002825521393133459	0.024785275378363676	0.5513513513513514	0.6496102338596842
2	Macrod2	-2.988733	-0.685418	0.002801368029548969	0.024681656648008535	0.3567567567567568	0.4583250049970018
2	Gstp1	-2.9972806	-0.29208484	0.002723998511921834	0.02410618152143216	0.8108108108108109	0.8658804717169698
2	Hist1h3b	-3.0216987	-1.8115249	0.002513605857103675	0.022543550287925335	0.05405405405405406	0.18468918648810714
2	Ndufa4	-3.0324707	-0.22701149	0.0024256065068471943	0.021951190107214427	0.9945945945945946	0.9956026384169498
2	Cfap69	-3.0411432	-0.39158344	0.0023568167361602446	0.02142560669236586	0.6864864864864865	0.7523485908454927
2	Thsd7a	-3.0651865	-0.48654288	0.0021753432002625914	0.02023575070011713	0.41081081081081083	0.543074155506696
2	Actb	-3.0666862	-0.17067139	0.0021644605962283813	0.020228603703068986	1.0	1.0
2	Cd81	-3.0948782	-0.30697098	0.001968937936828556	0.018751789874557678	0.827027027027027	0.8764741155306816
2	Fkbp3	-3.127094	-0.2340756	0.0017654345068209396	0.017057338230154005	0.9675675675675676	0.9664201479112533
2	Kcnip4	-3.1539865	-1.2536426	0.001610565590035723	0.01563655912656042	0.1837837837837838	0.31041375174895064
2	Rfx3	-3.159085	-0.5245901	0.0015826531196762898	0.015440518240744291	0.372972972972973	0.487907255646612
2	Ccdc80	-3.1647084	-0.8681817	0.0015523842559517793	0.015219453489723327	0.25405405405405407	0.3785728562862283
2	Cryab	-3.1823285	-0.32723612	0.0014609602362637894	0.014464952834294944	0.9513513513513514	0.9676194283429942
2	Csf1	-3.2073464	-0.47667024	0.001339655665558991	0.013396556655589911	0.6432432432432432	0.7123725764541275
2	Ndufa5	-3.2216425	-0.31210458	0.0012745810791822032	0.01280986009228345	0.8594594594594595	0.885268838696782
2	Prkd1	-3.2710786	-0.44669867	0.0010713817735776793	0.010876972320585576	0.5783783783783784	0.7029782130721567
2	Ifitm3	-3.2842999	-0.3693951	0.0010223612411577928	0.010485756319567106	0.7243243243243244	0.7943234059564261
2	Net1	-3.2886486	-0.49246192	0.0010066965423390025	0.010378314869474253	0.35135135135135137	0.5030981411153308
2	Ank3	-3.3051438	-0.3619952	0.0009492765668536503	0.00988829757139219	0.8216216216216217	0.8742754347391565
2	Hist1h4c	-3.311392	-1.0831392	0.0009283302813840299	0.009771897698779262	0.22162162162162163	0.34759144513292023
2	Emp3	-3.3446827	-0.2575905	0.0008237674339176433	0.008717115702832205	0.9351351351351351	0.9330401758944633
2	Msmo1	-3.3455324	-0.6013283	0.0008212473526677947	0.008717115702832205	0.5459459459459459	0.6156306216270238
2	Slpi	-3.3464322	-0.73923445	0.0008185868287452308	0.008717115702832205	0.42162162162162165	0.5236857885268839
2	Kif18b	-3.3486066	-1.0148486	0.0008121902086975838	0.008717115702832205	0.24864864864864866	0.36757945232860284
2	Ptn	-3.354405	-0.50764513	0.0007953585949233222	0.008598471296468348	0.6270270270270271	0.7101738956626025
2	Hist1h4h	-3.375699	-1.4454882	0.00073628424138556	0.008091035619621538	0.12972972972972974	0.26664001599040577
2	Fam83d	-3.393569	-1.8557111	0.0006898818563852171	0.007665353959835746	0.08108108108108109	0.22366580051968818
2	Hist1h3c	-3.4128385	-1.1653606	0.0006429002112925492	0.007183242584274292	0.15135135135135136	0.2990205876474116
2	Kif18a	-3.4134133	-0.65824556	0.0006415455075811476	0.007183242584274292	0.42162162162162165	0.5438736757945233
2	Uqcrb	-3.4346824	-0.33735424	0.0005932487168830878	0.006741462691853271	0.827027027027027	0.8474915050969418
2	Mecom	-3.4413555	-0.55998874	0.0005788075287915039	0.0066149431861886165	0.5243243243243243	0.6152308614831101
2	Ankrd1	-3.4442546	-1.516403	0.0005726360200774267	0.0065820232192807665	0.10810810810810811	0.2524485308814711
2	Pgp	-3.4626245	-0.41207004	0.0005349343501465414	0.006210686102776275	0.7027027027027027	0.7527483509894064
2	Insig1	-3.4640741	-0.5545379	0.0005320599254105521	0.006210686102776275	0.4702702702702703	0.5898460923445933
2	Ralgapa2	-3.4689727	-0.48661438	0.0005224525008718472	0.006146500010257025	0.572972972972973	0.6737957225664601
2	Psmb6	-3.4791949	-0.3776195	0.0005029227871960603	0.005951748960900122	0.8648648648648649	0.9066560063961623
2	Psma2	-3.4829938	-0.34231505	0.0004958399028613984	0.005902855986445218	0.8594594594594595	0.9068558864681191
2	Gm12648	-3.4862428	-0.338609	0.0004898560793246917	0.005866539872151996	0.8864864864864865	0.8922646412152708
2	Cald1	-3.5152097	-0.2433782	0.0004394068809441366	0.00532614401144408	0.9945945945945946	0.990805516689986
2	Ctgf	-3.5398777	-1.5109884	0.00040031242730683114	0.005003905341335389	0.13513513513513514	0.2800319808115131
2	Inhba	-3.5434268	-0.86813253	0.00039496302094083123	0.004968088313721148	0.3081081081081081	0.43793723765740555
2	Acta2	-3.5664952	-0.925908	0.0003617873696807561	0.004608756301665682	0.4540540540540541	0.5596642014791126
2	Cope	-3.567245	-0.48421484	0.00036075410937544937	0.004608756301665682	0.5459459459459459	0.6612032780331801
2	Efna5	-3.5840154	-0.38418958	0.0003383522388723344	0.004422905083298489	0.7783783783783784	0.8450929442334599
2	Thbs1	-3.6037848	-1.3181585	0.0003136168219590471	0.004126537131040094	0.20540540540540542	0.340995402758345
2	Hist1h1d	-3.6212797	-1.1233171	0.0002931492438999743	0.0038827714423837656	0.2756756756756757	0.4021587047771337
2	Lxn	-3.6625433	-0.46843097	0.0002497236343486295	0.0033296484579817265	0.6432432432432432	0.7251649010593644
2	Steap1	-3.663218	-0.44876328	0.00024906639513322756	0.0033296484579817265	0.7513513513513513	0.8271037377573456
2	Sema3c	-3.6654673	-0.3710063	0.0002468872962358782	0.0033296484579817265	0.9297297297297298	0.9454327403557865
2	Fgf10	-3.6898355	-0.6020931	0.00022439911023965805	0.0030739604142418914	0.4594594594594595	0.5846492104737158
2	Diaph3	-3.7074306	-0.35214576	0.00020937281633854091	0.002887900915014358	0.8486486486486486	0.8506895862482511
2	Bnc2	-3.7251756	-0.4372305	0.00019517935081958407	0.0027490049411209028	0.6810810810810811	0.7591445132920248
2	Fmn1	-3.7390966	-0.8958278	0.0001846827385911832	0.0026196133133501165	0.32972972972972975	0.4515290825504697
2	Pdia3	-3.7598157	-0.31002977	0.00017003852036106661	0.0024291217194438086	0.9675675675675676	0.9672196681990806
2	Hspa5	-3.7846339	-0.31453657	0.00015393507863001942	0.002230943168551006	0.972972972972973	0.9630221866879872
2	Mettl15	-3.8063276	-0.55491877	0.00014104548419594166	0.002074198296999142	0.5567567567567567	0.6697981211273236
2	Hist1h2ac	-3.8172746	-1.4072148	0.0001349339655277898	0.0019990217115228117	0.10810810810810811	0.27503497901259244
2	Sgo1	-3.848016	-0.62459576	0.00011907830900873158	0.0017772881941601727	0.4756756756756757	0.5980411752948231
2	Prdx4	-3.872959	-0.4117419	0.00010752196123299986	0.0016168715974887195	0.8162162162162162	0.8634819108534879
2	Fbxl17	-3.901051	-0.44746944	9.577597088474185e-05	0.0014622285631258297	0.6810810810810811	0.7753347991205277
2	Hist1h2ab	-3.9200957	-1.3073322	8.851383842100717e-05	0.001361751360323187	0.21081081081081082	0.36098340995402756
2	Mms22l	-3.9247444	-0.7522246	8.682190283927148e-05	0.001346076013011961	0.3783783783783784	0.5102938237057766
2	Snx29	-3.9526615	-0.9458063	7.728674674141843e-05	0.0012171141219121013	0.2702702702702703	0.42174695182890265
2	Brinp1	-3.9595096	-0.8787589	7.510384881057372e-05	0.001192124584294821	0.2864864864864865	0.4457325604637218
2	Hist1h4d	-3.9699566	-1.0475459	7.188572970001877e-05	0.0011594472532261092	0.3567567567567568	0.4829102538476914
2	G2e3	-3.9710813	-0.9169863	7.154716640099496e-05	0.0011594472532261092	0.31891891891891894	0.466120327803318
2	Cxcl5	-3.9925752	-0.82116914	6.535959263997958e-05	0.0010746362790865127	0.33513513513513515	0.48550869478313013
2	Gm17501	-4.0231667	-0.8277761	5.7420849818356875e-05	0.0009570141636392813	0.4	0.5362782330601639
2	Fkbp11	-4.0490594	-0.48278934	5.142391523318905e-05	0.0008642674829107404	0.772972972972973	0.828902658404957
2	Polq	-4.0652046	-1.1077545	4.7990312464198646e-05	0.0008133951265118415	0.22162162162162163	0.38237057765340793
2	Ptprk	-4.094022	-0.4993996	4.2395473257421604e-05	0.0007247089445713094	0.6972972972972973	0.7675394763142115
2	Ldb2	-4.1049438	-0.68713975	4.044136143289675e-05	0.0007033280249199434	0.4540540540540541	0.599240455726564
2	Col5a2	-4.1053686	-0.4591989	4.036709800086964e-05	0.0007033280249199434	0.8810810810810811	0.8914651209274436
2	Tanc2	-4.1059685	-0.39235395	4.026247579339459e-05	0.0007033280249199434	0.9081081081081082	0.9220467719368379
2	Arl15	-4.1785727	-0.5856283	2.9334408641189044e-05	0.0005333528843852553	0.5297297297297298	0.655606636018389
2	Adamts5	-4.1903696	-0.68155706	2.7850056953482436e-05	0.000511010219329953	0.4648648648648649	0.6122326604037578
2	Timp1	-4.2076144	-0.52164364	2.580804962116307e-05	0.0004779268448363531	0.7513513513513513	0.8185088946632021
2	Ebf1	-4.20774	-0.4726702	2.5793785852627582e-05	0.0004779268448363531	0.8054054054054054	0.859884069558265
2	Zc3h12b	-4.222935	-0.61472845	2.4114104542084902e-05	0.0004593162769920934	0.34054054054054056	0.5322806316210273
2	Prim1	-4.2437797	-0.61782473	2.197863797480037e-05	0.00042676966941359944	0.6108108108108108	0.6963821706975815
2	Amotl2	-4.252777	-0.64725304	2.1113589208295848e-05	0.00041399194526070294	0.6054054054054054	0.6951828902658405
2	Kif11	-4.4492216	-0.9289479	8.61820756194138e-06	0.00017410520327154302	0.42162162162162165	0.5446731960823505
2	Sntg1	-4.450496	-1.3332201	8.5672107597407e-06	0.00017410520327154302	0.1945945945945946	0.37477513491904857
2	Ccne1	-4.45502	-0.6722089	8.388540148705525e-06	0.00017295959069495926	0.518918918918919	0.6422146711972816
2	Slit2	-4.497033	-0.6010457	6.890826560521611e-06	0.00014355888667753357	0.7567567567567568	0.8059164501299221
2	Ptchd4	-4.588982	-0.7795808	4.454124231262904e-06	9.476860066516818e-05	0.3621621621621622	0.5514691185288827
2	Zfpm2	-4.59628	-0.56617147	4.301003613693873e-06	9.350007855856246e-05	0.7567567567567568	0.816310213871677
2	Cdkn2c	-4.6372185	-1.0676732	3.5312888335047757e-06	8.025656439783581e-05	0.32432432432432434	0.4807115730561663
2	Tyms	-4.6442914	-0.5988479	3.412452903612974e-06	7.844719318650515e-05	0.6486486486486487	0.7339596242254647
2	Gphn	-4.6444416	-0.47190556	3.4099754108724917e-06	7.844719318650515e-05	0.8486486486486486	0.8972616430141915
2	Incenp	-4.646191	-0.9340068	3.3811984793189494e-06	7.844719318650515e-05	0.4810810810810811	0.5760543673795723
2	Brca1	-4.6643357	-0.88491255	3.0961519497914487e-06	7.371790356646306e-05	0.32432432432432434	0.5084949030581651
2	Hist1h2ai	-4.6690598	-1.9043698	3.025815493968849e-06	7.291121672214093e-05	0.13513513513513514	0.32220667599440334
2	Pak3	-4.7156715	-0.68561083	2.409148657012286e-06	5.875972334176307e-05	0.5243243243243243	0.6618029182490506
2	Cst3	-4.742289	-0.42117772	2.11316874293597e-06	5.2829218573399247e-05	0.9351351351351351	0.9664201479112533
2	Cd63	-4.8013225	-0.43845895	1.576212876605273e-06	4.0415714784750586e-05	0.972972972972973	0.9840095942434539
2	Slfn9	-4.869778	-0.6731241	1.1172364988883094e-06	2.9400960497060776e-05	0.7513513513513513	0.7745352788327003
2	Galnt18	-4.878451	-1.0112877	1.0692241256709994e-06	2.8512643351226653e-05	0.2756756756756757	0.4677193683789726
2	Nusap1	-4.8892474	-1.2445405	1.0122211463311063e-06	2.735732827921909e-05	0.3783783783783784	0.5218868678792724
2	Mis18bp1	-5.0425043	-0.8662663	4.5947812795817073e-07	1.331820660748321e-05	0.4648648648648649	0.6240255846492104
2	Pcdh9	-5.136453	-0.9884024	2.7997239143922944e-07	8.357384819081475e-06	0.42162162162162165	0.5820507695382771
2	Atad5	-5.189488	-0.82894105	2.108730738336417e-07	6.390093146473991e-06	0.4972972972972973	0.6500099940035978
2	Ubb	-5.236025	-0.5515713	1.6407182236678573e-07	5.127244448962054e-06	0.8648648648648649	0.9256446132320607
2	Grik2	-5.248421	-0.9442249	1.534080555031124e-07	4.870097000098807e-06	0.41081081081081083	0.584449330401759
2	Ubc	-5.260368	-0.45002598	1.437673427914673e-07	4.637656219079591e-06	0.9351351351351351	0.9514291425144913
2	Brip1	-5.317202	-0.9305814	1.0537504348455634e-07	3.572035372357842e-06	0.41621621621621624	0.5926444133519888
2	Ccnf	-5.374611	-1.7390556	7.674825027184728e-08	2.69292106217008e-06	0.16216216216216217	0.3755746552068759
2	Nrg1	-5.4009285	-0.79955035	6.62968669034386e-08	2.41079516012504e-06	0.5243243243243243	0.6997801319208475
2	Cpa6	-5.4009786	-0.98387307	6.627839387972125e-08	2.41079516012504e-06	0.3621621621621622	0.5704577253647811
2	Tubb5	-5.537965	-0.46535498	3.0600666712284825e-08	1.1547421400862198e-06	0.972972972972973	0.9878073156106336
2	Snai2	-5.539964	-0.8208318	3.025333484242011e-08	1.1547421400862198e-06	0.518918918918919	0.6873875674595243
2	Exoc4	-5.596998	-0.48858294	2.180949552405769e-08	8.552743342767722e-07	0.8864864864864865	0.9002598440935439
2	Sorbs1	-5.62584	-1.0498025	1.846073077959319e-08	7.384292311837275e-07	0.4540540540540541	0.6046372176693984
2	Clspn	-5.686573	-0.93730235	1.296140122719416e-08	5.29036784783435e-07	0.518918918918919	0.6476114331401159
2	Hist1h2ak	-5.69642	-2.150685	1.2234911476921446e-08	5.097879782050602e-07	0.13513513513513514	0.36158305016989806
2	Ccne2	-5.711266	-1.4878922	1.12138795288335e-08	4.784496155245424e-07	0.2594594594594595	0.4643214071557066
2	Cdc42ep3	-5.813887	-0.71226305	6.10385853050673e-09	2.7744811502303324e-07	0.6594594594594595	0.7943234059564261
2	Opcml	-5.8656225	-0.943681	4.4745067459230066e-09	2.106077317698504e-07	0.5297297297297298	0.6923845692584449
2	Rbms3	-5.903712	-0.78848773	3.5541281166545825e-09	1.7337210325144303e-07	0.6	0.7361583050169898
2	Wwox	-5.938777	-1.2868298	2.871562744825384e-09	1.435781372412692e-07	0.32432432432432434	0.5324805116929842
2	Spc25	-6.021154	-1.3942133	1.7317818877792144e-09	9.114641514627445e-08	0.32432432432432434	0.5208874675194883
2	Cyr61	-6.080087	-1.1045418	1.2011726855031357e-09	6.492825327043977e-08	0.4702702702702703	0.632620427743354
2	Hist1h2ae	-6.363707	-1.6796987	1.969413905189722e-10	1.1935841849634678e-08	0.3081081081081081	0.5260843493903657
2	Atad2	-6.3719797	-0.73170173	1.8660336637811824e-10	1.166271039863239e-08	0.7513513513513513	0.8348990605636618
2	AW554918	-6.528311	-0.9980559	6.651554479349466e-11	4.434369652899644e-09	0.4918918918918919	0.6729962022786328
2	Hist1h2an	-6.53096	-2.0460496	6.534940970664424e-11	4.434369652899644e-09	0.16756756756756758	0.42574455326803917
2	Hist2h2ac	-6.622134	-1.3878012	3.540488885160926e-11	2.6225843593784638e-09	0.5297297297297298	0.6873875674595243
2	Rora	-6.7501984	-0.92955697	1.4764319223047043e-11	1.135716863311311e-09	0.6972972972972973	0.7909254447331601
2	Rad51b	-6.9272985	-1.1528383	4.2895305754832255e-12	3.574608812902688e-10	0.3945945945945946	0.630421746951829
2	Gm10801	-7.0106997	-2.196373	2.371287978776092e-12	2.0619895467618192e-10	0.17297297297297298	0.4531281231261243
2	Aurkb	-7.2264643	-2.0835712	4.95731379523789e-13	4.5066489047617183e-11	0.1837837837837838	0.45952428542874274
2	B3galt1	-7.290971	-1.1516427	3.077290400207467e-13	2.9307527621023494e-11	0.4594594594594595	0.677393563861683
2	Magi2	-7.300743	-0.9664014	2.86182429487951e-13	2.8618242948795097e-11	0.6756756756756757	0.8241055366779932
2	Hist1h1e	-7.3456054	-1.3752884	2.0482954542238483e-13	2.2758838380264982e-11	0.6108108108108108	0.7649410353787728
2	Hist1h1b	-7.411687	-1.7216833	1.247028201010916e-13	1.4670920011893126e-11	0.3621621621621622	0.5966420147911253
2	Rad51ap1	-7.4749193	-1.955854	7.725132612348475e-14	9.656415765435593e-12	0.2	0.4805116929842095
2	Sgcd	-7.8890777	-0.8711731	3.04428466203805e-15	5.073807770063417e-13	0.745945945945946	0.855286827903258
2	Fbxo5	-8.085272	-2.241865	6.202550169265099e-16	1.1277363944118363e-13	0.15675675675675677	0.4779132520487707
2	Cdk1	-8.211761	-1.4903722	2.1796674985514558e-16	4.359334997102911e-14	0.44324324324324327	0.6701978812712373
2	Prc1	-8.273119	-1.5018462	1.304990092721817e-16	2.8999779838262605e-14	0.6432432432432432	0.7663401958824705
2	Negr1	-8.403583	-1.2253463	4.330601793090715e-17	1.0826504482726787e-14	0.5459459459459459	0.7651409154507296
2	Gm26870	-8.53877	-2.1888998	1.3565873186282336e-17	3.875963767509239e-15	0.2648648648648649	0.5814511293224065
2	Immp2l	-8.968948	-1.3616322	2.993591176349909e-19	1.4967955881749546e-16	0.4756756756756757	0.7419548271037377
2	Top2a	-11.000401	-1.7952956	3.804365131183293e-28	2.536243420788862e-25	0.8054054054054054	0.8772736358185089
2	Malat1	-13.179562	-1.157192	1.1505678685533733e-39	1.1505678685533732e-36	1.0	1.0
3	Cenpa	9.2012205	1.0998986	3.539055268715424e-20	2.359370179143616e-17	0.9119496855345912	0.7615828196460529
3	Sox9	6.182333	0.57647794	6.316116419594139e-10	5.741924017812854e-08	0.9371069182389937	0.9208590176973553
3	Pvt1	5.470708	0.51561207	4.482420803830748e-08	2.716618668988332e-06	0.9433962264150944	0.8993835752634719
3	Knstrn	5.413891	0.62769365	6.166985032121191e-08	3.5239914469263946e-06	0.8616352201257862	0.713859614237423
3	Mt2	5.0211186	0.57373494	5.137140462976947e-07	2.2831735391008653e-05	0.9245283018867925	0.8679657983694572
3	Hmmr	4.9264145	0.6333179	8.375219874368594e-07	3.489674947653581e-05	0.8742138364779874	0.711672300656194
3	Prkca	4.7918067	0.37746283	1.6528604950785136e-06	6.481805863052996e-05	0.9685534591194969	0.9721614635116326
3	Gm26917	4.75271	0.5350869	2.007083874837954e-06	7.433643980881311e-05	0.9308176100628931	0.8868562338437065
3	Peak1	4.7012434	0.40803528	2.585817719461107e-06	9.073044629688094e-05	0.9622641509433962	0.9498906343209386
3	Trib1	4.574272	0.64031655	4.778778183581531e-06	0.00016199248079937396	0.7421383647798742	0.6452575064625174
3	Kif20a	4.556095	0.8802548	5.211332031435088e-06	0.0001708633452929537	0.5094339622641509	0.31755816265659176
3	Nup210l	4.537488	0.95517457	5.692831609852946e-06	0.00018363972935009503	0.4779874213836478	0.28952077947902166
3	Ssfa2	4.3752646	0.57993364	1.2128520511957137e-05	0.00036204538841663097	0.7547169811320755	0.6553986876118513
3	Ccnd1	4.361336	0.33035874	1.2927064027506021e-05	0.00038020776551488296	0.9371069182389937	0.9290117319546629
3	Frmd4a	4.237538	0.36987117	2.2598444121978546e-05	0.0006026251765860946	0.9433962264150944	0.9369655995227679
3	Socs1	4.1811776	0.84540015	2.900030025920821e-05	0.0007073243965660539	0.5157232704402516	0.3499701729966196
3	Spaca6	4.131244	0.6851847	3.6080478934495084e-05	0.0008694091309516888	0.6415094339622641	0.5559753430105389
3	Pttg1	4.0954814	0.5422418	4.212916936983291e-05	0.0009912745734078333	0.7547169811320755	0.62954861801551
3	Pdgfc	4.050926	0.5568471	5.101533294737299e-05	0.0011777634055354777	0.779874213836478	0.7076953668721416
3	Mki67	4.049931	0.5109848	5.123270814079327e-05	0.0011777634055354777	0.9056603773584906	0.7792801749850865
3	4932443I19Rik	3.9875748	0.70655704	6.675214564213553e-05	0.0014511336009159898	0.5723270440251572	0.4189699741499304
3	Peli2	3.9322636	0.5767335	8.414972532694171e-05	0.0017678892744981624	0.710691823899371	0.6436667329488964
3	Cdc20	3.90809	0.688893	9.30286148254457e-05	0.0019181157695968185	0.660377358490566	0.5352952873334659
3	Tiam2	3.8190327	0.49408448	0.00013397597250461554	0.0027065853031235463	0.7547169811320755	0.6621594750447405
3	Rplp0	3.722312	0.24835737	0.00019740691045477647	0.003833143892325757	0.9937106918238994	0.9990057665539869
3	Srgap3	3.7173107	0.5296238	0.0002013548706520932	0.0038722090510017924	0.710691823899371	0.5885862000397694
3	Cdkn3	3.691443	0.56065613	0.0002229853251837988	0.004167950003435492	0.6352201257861635	0.4704712666534102
3	mt-Rnr2	3.6602514	0.32947356	0.00025196784128272916	0.004666071134865355	1.0	1.0
3	Arntl	3.6445212	0.61110705	0.0002678900183539027	0.004915413180805554	0.6163522012578616	0.47941936766752835
3	Agl	3.6357553	0.38969606	0.00027716731456952715	0.005039405719445948	0.9937106918238994	0.980910717836548
3	Plxna2	3.6058006	0.6927486	0.0003111919688660048	0.005607062502090176	0.559748427672956	0.42990654205607476
3	Ccng1	3.5968735	0.26090106	0.0003220651293875956	0.005751163024778493	0.9811320754716981	0.9830980314177769
3	Pbx1	3.5750124	0.47509572	0.0003502112874772523	0.0060906310865609095	0.7610062893081762	0.7023265062636707
3	Mt1	3.531613	0.33285043	0.00041303321318838723	0.0070603968066390976	0.9937106918238994	0.9819049512825612
3	Aspm	3.492032	0.45730054	0.0004793607362296061	0.00805648296184212	0.6415094339622641	0.4774309007755021
3	Tns1	3.443712	0.53510374	0.0005737865929770726	0.009406337589788075	0.6163522012578616	0.49254324915490155
3	Mdm2	3.3782365	0.37822744	0.0007295229732638795	0.01176649956877225	0.8301886792452831	0.7862398091071784
3	Gm28153	3.3568594	0.32710582	0.0007883314457143378	0.012513197551021234	1.0	0.995227679459137
3	Fgf7	3.351643	0.5607142	0.0008033352800355671	0.012650949291898694	0.6792452830188679	0.62954861801551
3	Abtb2	3.2685552	0.5522091	0.0010809812195677574	0.016503530069736753	0.610062893081761	0.4911513223304832
3	Tpx2	3.2568314	0.3468744	0.0011266333718170135	0.017070202603288082	0.8742138364779874	0.8425134221515211
3	Usp14	3.2353199	0.27261385	0.0012150649282838882	0.017868601886527766	0.9748427672955975	0.9705706899980115
3	Trps1	3.2192938	0.45422536	0.0012850668910699271	0.01876010059956098	0.8176100628930818	0.78484788228276
3	Errfi1	3.1610787	0.41199052	0.00157186074512434	0.02183139923783806	0.779874213836478	0.6772718234241399
3	Dbf4	3.1523933	0.27998748	0.0016193795896475936	0.022183282049967036	0.9622641509433962	0.94014714655001
3	Vegfa	3.1166844	0.5412149	0.00182897269892802	0.024549969113127786	0.6540880503144654	0.5782461722012329
3	Fmnl2	3.0900908	0.34066722	0.0020009526947920987	0.02598639863366362	0.89937106918239	0.8643865579638099
3	Rlf	3.0428464	0.32845995	0.0023435193938511124	0.029664802453811548	0.8301886792452831	0.7910121296480414
3	Junb	3.024965	0.86111563	0.0024866190643476845	0.031082738304346057	0.39622641509433965	0.28295883873533506
3	Rassf3	3.0085087	0.6077229	0.002625332460498201	0.03241151185800248	0.5283018867924528	0.41777689401471463
3	Dusp4	2.9967043	0.5715626	0.0027291525829409953	0.03348653476001221	0.5220125786163522	0.40405647245973353
3	Cenpe	2.9803019	0.4118494	0.0028796444938524297	0.03511761577868817	0.8427672955974843	0.7725193875521973
3	Snhg20	2.9153104	0.32330146	0.0035533488285464186	0.04255507579097507	0.7358490566037735	0.6504275203817856
3	Wfdc8	2.8829894	1.090897	0.003939205496082296	0.04634359407155642	0.25157232704402516	0.11751839331875125
3	Ppp3ca	2.8774772	0.26687527	0.004008688626109825	0.0468852470890038	0.9748427672955975	0.9721614635116326
3	Chst11	2.8687112	0.36874804	0.004121478007182436	0.047647144591704466	0.7547169811320755	0.6669317955856034
3	Arl4c	2.8667214	0.45709753	0.0041474782143654815	0.04767216338351129	0.5786163522012578	0.4678862596937761
3	Slc7a11	2.8531692	0.8215144	0.004328555562246481	0.04946920642567407	0.34591194968553457	0.21674289123086102
3	Dtl	-2.8706741	-0.55826896	0.004095974162254674	0.04762760653784505	0.37735849056603776	0.5066613640882879
3	Pbk	-2.896461	-0.46977058	0.003773974832218125	0.04466242404991864	0.5723270440251572	0.6472459733545437
3	Cst3	-2.9082117	-0.31316835	0.0036350219905213785	0.043274071315730696	0.9371069182389937	0.9661960628355538
3	Opcml	-2.9512882	-0.45640886	0.0031645136512204585	0.03812667049663203	0.6352201257861635	0.6882083913302843
3	Wdpcp	-2.9681747	-0.8150319	0.0029957391035583076	0.03631198913404009	0.2138364779874214	0.34460131238814873
3	Col11a1	-3.0187535	-0.5268381	0.002538168997781682	0.031530049661884246	0.5408805031446541	0.6363094054483993
3	Gen1	-3.0292134	-0.8494322	0.0024519133828388453	0.0308416777715578	0.22641509433962265	0.3541459534698747
3	Exoc4	-3.0665627	-0.31203344	0.0021653536558609732	0.027584123004598386	0.8553459119496856	0.9011731954662955
3	Timp1	-3.067181	-0.4470227	0.0021608783288119826	0.027584123004598386	0.7610062893081762	0.8178564326903957
3	Hist1h4h	-3.0797117	-1.4605026	0.002072011280233546	0.026735629422368335	0.1320754716981132	0.2658580234639093
3	Psma2	-3.0901446	-0.3058272	0.002000590411861806	0.02598639863366362	0.8930817610062893	0.9055478226287532
3	2610020C07Rik	-3.0935864	-0.59026754	0.0019775291309048243	0.02598639863366362	0.46540880503144655	0.5545834161861205
3	Dbi	-3.0947697	-0.25101584	0.0019696583431113	0.02598639863366362	0.9874213836477987	0.9886657387154504
3	Mastl	-3.0990987	-0.68517154	0.0019411029084867274	0.025881372113156366	0.3270440251572327	0.45317160469278184
3	Insig1	-3.125504	-0.5795911	0.0017750061571593263	0.02398656969134225	0.4716981132075472	0.5891827401073773
3	Ptchd4	-3.1366093	-0.6125524	0.0017091369100540519	0.023253563402095945	0.4528301886792453	0.5476237820640286
3	Cope	-3.1588738	-0.49124008	0.0015838012136494045	0.0218455339813711	0.5660377358490566	0.6599721614635117
3	Zfpm2	-3.1662414	-0.4300911	0.001544226105470544	0.02159756790867894	0.7735849056603774	0.8154702724199642
3	Pdia3	-3.1672094	-0.2913957	0.0015390946905060258	0.02159756790867894	0.9559748427672956	0.9675879896599722
3	Kif4	-3.1844723	-0.59781045	0.0014501819421806673	0.020569956626676135	0.42138364779874216	0.5420560747663551
3	Eif2b3	-3.1876452	-0.47999093	0.0014343640748104257	0.02049091535443465	0.5849056603773585	0.6997414993040366
3	Cdkn2d	-3.1987236	-1.0134513	0.0013803743421588277	0.019861501326026296	0.18867924528301888	0.33446013123881485
3	H1f0	-3.2004178	-0.39639238	0.0013722858153351416	0.019861501326026296	0.8679245283018868	0.8741300457347385
3	Gm12648	-3.2355351	-0.36029354	0.0012141497323629508	0.017868601886527766	0.8805031446540881	0.89242394114138
3	Emp3	-3.2383585	-0.29425555	0.0012021966610232966	0.017868601886527766	0.89937106918239	0.9341817458739312
3	Hist1h2ac	-3.245968	-1.3117614	0.0011705195175001546	0.01760179725564142	0.12578616352201258	0.2736130443428117
3	Lin54	-3.280252	-0.5415479	0.001037144181364667	0.015956064328687184	0.48427672955974843	0.6050904752435872
3	Kpna2	-3.308163	-1.1911023	0.0009391011799546161	0.014559708216350636	0.12578616352201258	0.27500497116723005
3	Fam83d	-3.3493037	-1.9399964	0.0008101494993309765	0.012658585927046509	0.06918238993710692	0.22330483197454762
3	Kcnip4	-3.3576932	-1.2367845	0.0007859581675979325	0.012513197551021234	0.15723270440251572	0.3105985285344999
3	Magi2	-3.3896108	-0.4274849	0.0006999193777605079	0.011380802890414763	0.7547169811320755	0.820839133028435
3	Lxn	-3.4452448	-0.48291588	0.0005705427012704241	0.009406337589788075	0.6163522012578616	0.7255915689003778
3	Id3	-3.4725642	-0.45770887	0.0005155117098715193	0.008591861831191988	0.779874213836478	0.8602107774905547
3	Ccne2	-3.520938	-1.0195625	0.00043002309194610917	0.007288526982137444	0.3584905660377358	0.4601312388148737
3	Fkbp3	-3.5336566	-0.2580501	0.00040985309731291717	0.0070603968066390976	0.9748427672955975	0.9661960628355538
3	B3galt1	-3.5770023	-0.58994013	0.00034755722949353834	0.0060906310865609095	0.5849056603773585	0.6723006561940744
3	Il1rl1	-3.5786424	-0.32390127	0.00034538358394530053	0.0060906310865609095	0.9622641509433962	0.9566514217538278
3	Hist1h3b	-3.7059364	-3.684135	0.00021061116276322763	0.003973795523834483	0.012578616352201259	0.18532511433684629
3	Tmsb4x	-3.7091093	-0.2559405	0.00020798961730705238	0.003961706996324807	1.0	0.9996023066215948
3	Ube2c	-3.7265337	-0.8372835	0.00019413121645429955	0.003806494440280384	0.5408805031446541	0.6108570292304634
3	Pcna-ps2	-3.7827322	-0.70654887	0.0001551162704271361	0.0030716093153888334	0.4339622641509434	0.564923444024657
3	Depdc1a	-3.8025227	-0.9701463	0.000143230120492553	0.0028646024098510597	0.3081761006289308	0.44740505070590575
3	Grik2	-3.821641	-0.6457309	0.00013256657155865704	0.00270544023589096	0.4528301886792453	0.5822231059852854
3	Hist1h2al	-3.9302468	-1.7323099	8.48586851759118e-05	0.0017678892744981624	0.1069182389937107	0.2837542254921456
3	Ubb	-3.933124	-0.42743155	8.384894258057807e-05	0.0017678892744981624	0.8867924528301887	0.9246371047922052
3	Polq	-3.9439604	-1.0422907	8.014689148888181e-05	0.0017235890642770281	0.20125786163522014	0.3821833366474448
3	Rora	-3.989484	-0.56299454	6.621718626372757e-05	0.0014511336009159898	0.6981132075471698	0.7904155895804335
3	G2e3	-3.999191	-0.9878029	6.35593629853858e-05	0.0014124302885641289	0.3018867924528302	0.46589779280174987
3	Prim1	-4.0019336	-0.5791368	6.282689474498597e-05	0.0014118403313479995	0.5786163522012578	0.6969576456551998
3	Pclaf	-4.0440154	-0.40454122	5.254344619307899e-05	0.0011941692316608861	0.8553459119496856	0.8721415788427123
3	Cep128	-4.1048927	-0.7494697	4.045023252519887e-05	0.0009631007744094969	0.39622641509433965	0.5615430503082124
3	Snai2	-4.1891637	-0.5948455	2.7998413041115974e-05	0.000691318840521382	0.5283018867924528	0.6862199244382581
3	Cd63	-4.1994357	-0.41903266	2.6758110640408284e-05	0.0006689527660102071	0.9811320754716981	0.9836945714853847
3	AW554918	-4.2048674	-0.6670488	2.612354417946791e-05	0.0006613555488472889	0.5220125786163522	0.6711075760588586
3	Gm17501	-4.2065344	-0.95061815	2.593166444177477e-05	0.0006613555488472889	0.4025157232704403	0.5354941340226685
3	Rbms3	-4.207395	-0.59358966	2.5833154944764184e-05	0.0006613555488472889	0.6289308176100629	0.7345396699144959
3	Acta2	-4.2315683	-1.2722745	2.3206748276228168e-05	0.0006107039020060045	0.4339622641509434	0.5597534301053887
3	Msmo1	-4.2438836	-0.764888	2.1968432073058596e-05	0.0005937414073799621	0.4716981132075472	0.6176178166633526
3	Ddias	-4.256898	-1.1373147	2.0728283544925144e-05	0.0005678981793130177	0.2578616352201258	0.4309007755020879
3	Kif14	-4.2608776	-1.6083648	2.0362569060967106e-05	0.0005656269183601974	0.12578616352201258	0.3185523961026049
3	Kif15	-4.303363	-0.84351665	1.6822508879230444e-05	0.00047387348955578717	0.42138364779874216	0.5531914893617021
3	Sgo2a	-4.328988	-0.89168626	1.497959363988876e-05	0.0004279883897111074	0.44025157232704404	0.572877311592762
3	Hist1h4d	-4.3454447	-1.1880836	1.3899392485893939e-05	0.0004028809416201141	0.32075471698113206	0.48339630145158086
3	Mustn1	-4.3861547	-1.0696182	1.1537198939093196e-05	0.00034961208906343015	0.29559748427672955	0.4784251342215152
3	Ndc80	-4.42337	-0.71277314	9.717326668596323e-06	0.0002989946667260407	0.5849056603773585	0.6736925830184928
3	Rrm2	-4.478681	-0.6675749	7.5105694387927975e-06	0.0002347052949622749	0.6289308176100629	0.7072976734937363
3	Diaph3	-4.480859	-0.48246115	7.43432262129418e-06	0.0002347052949622749	0.8050314465408805	0.8520580632332472
3	Tyms	-4.563597	-0.65902853	5.028448163754428e-06	0.00016761493879181426	0.6477987421383647	0.7335454364684828
3	Kif20b	-4.6318154	-0.75792575	3.6247315607171882e-06	0.00012499074347300647	0.6477987421383647	0.7426923841718035
3	Hist1h3c	-4.705277	-2.4955711	2.5352146148511874e-06	9.054337910182811e-05	0.09433962264150944	0.30005965400676077
3	Ccne1	-4.710198	-0.7916364	2.4747653758958677e-06	8.999146821439519e-05	0.4968553459119497	0.6422748061244781
3	Cyr61	-4.773038	-0.9115825	1.8146749299365008e-06	6.847829924288682e-05	0.5094339622641509	0.6305428514615231
3	Negr1	-4.7850575	-0.65391576	1.7093833697076738e-06	6.574551421952592e-05	0.6666666666666666	0.7601908928216345
3	Hist1h1d	-4.8570404	-1.6855632	1.1915340844680275e-06	4.76613633787211e-05	0.20754716981132076	0.4036587790813283
3	Ccnf	-4.9222736	-1.6149828	8.554448822441624e-07	3.4916117642618875e-05	0.15723270440251572	0.3746271624577451
3	Sgo1	-4.957579	-0.9257063	7.137692083242854e-07	3.037315780103342e-05	0.4339622641509434	0.5987273811891032
3	Mms22l	-4.9777193	-1.096481	6.433784897907469e-07	2.7972977816989e-05	0.29559748427672955	0.5122290713859614
3	Sgcd	-5.0798182	-0.60138226	3.777966099090471e-07	1.717257317768396e-05	0.7861635220125787	0.8534499900576655
3	Nusap1	-5.0831256	-1.3622378	3.712744179586921e-07	1.717257317768396e-05	0.3522012578616352	0.52197255915689
3	Wwox	-5.137845	-1.2166963	2.779067900628369e-07	1.32336566696589e-05	0.34591194968553457	0.5307218134818056
3	Hist1h4c	-5.1476326	-1.9615096	2.637942240667859e-07	1.2868010930087115e-05	0.11949685534591195	0.35016901968582226
3	Hist1h2ae	-5.198561	-1.5223142	2.0083707162841846e-07	1.0041853581420922e-05	0.3522012578616352	0.523563332670511
3	Hist1h2ai	-5.2071924	-2.5940046	1.9171907267648707e-07	9.831747316742927e-06	0.09433962264150944	0.3225293298866574
3	Kif18b	-5.2336516	-1.828649	1.661935179593651e-07	8.747027261019215e-06	0.13836477987421383	0.37045138198448996
3	Kif11	-5.2463703	-1.2488171	1.5512496166132568e-07	8.385133062774361e-06	0.389937106918239	0.5450387751043945
3	Pola1	-5.3175464	-0.80247426	1.0517594645978746e-07	5.84310813665486e-06	0.5534591194968553	0.7148538476834361
3	Tubb5	-5.4248614	-0.5042171	5.7999513765893435e-08	3.411736103876084e-06	0.9748427672955975	0.9876715052694373
3	Hist1h2ak	-5.4707613	-2.3481555	4.481060727085076e-08	2.716618668988332e-06	0.1320754716981132	0.3605090475243587
3	Sorbs1	-5.5113373	-1.0523442	3.5611729496949285e-08	2.2975309352870507e-06	0.39622641509433965	0.6056870153111951
3	Brip1	-5.596926	-1.0945529	2.181857312039177e-08	1.4545715413594514e-06	0.41509433962264153	0.5917677470670113
3	Brca1	-5.7658176	-1.3063734	8.126286343767201e-09	5.604335409494622e-07	0.27672955974842767	0.5090475243587195
3	Spc25	-5.7916584	-1.3985381	6.969482153627515e-09	4.978201538305367e-07	0.29559748427672955	0.5207794790216743
3	Smc4	-5.8851523	-0.58973855	3.976873949367927e-09	2.9458325550873533e-07	0.9182389937106918	0.9409425333068204
3	Hist1h2ab	-5.8875995	-2.584872	3.918457061980288e-09	2.9458325550873533e-07	0.1069182389937107	0.3634917478623981
3	Rad51ap1	-5.9011784	-1.6018165	3.609143635045293e-09	2.8873149080362343e-07	0.2578616352201258	0.4772320540862995
3	Slfn9	-5.9655514	-0.91789687	2.438093106400763e-09	2.031744255333969e-07	0.6666666666666666	0.7770928614038576
3	Kif18a	-5.976065	-1.3978589	2.285916901684893e-09	1.987753827552081e-07	0.34591194968553457	0.5456353151720024
3	Incenp	-6.2849154	-1.3574235	3.2803199301535667e-10	3.124114219193873e-08	0.3836477987421384	0.5786438655796381
3	Hist1h2an	-6.352784	-2.272334	2.1145238218182492e-10	2.114523821818249e-08	0.15723270440251572	0.4247365281368065
3	Atad5	-6.4165115	-1.1181765	1.3943219979526394e-10	1.4677073662659363e-08	0.4088050314465409	0.6520182938954067
3	Gm10801	-6.541574	-2.3008263	6.087475918419845e-11	6.763862131577606e-09	0.16981132075471697	0.4517796778683635
3	Mis18bp1	-6.6176167	-1.3681567	3.6503583207321715e-11	4.294539200861378e-09	0.44654088050314467	0.6237820640286339
3	Rad51b	-6.7677937	-1.2748843	1.3076121298854983e-11	1.634515162356873e-09	0.4025157232704403	0.6289520779479022
3	Aurkb	-6.813398	-2.167424	9.53201271789035e-12	1.2709350290520466e-09	0.18238993710691823	0.45814277192284747
3	Cdkn2c	-6.9079943	-1.9827076	4.915538226733751e-12	7.022197466762501e-10	0.20125786163522014	0.4837939948299861
3	Hist1h1e	-7.055966	-1.4344488	1.7140566020903027e-12	2.6370101570620044e-10	0.6163522012578616	0.7639689799164844
3	Hist1h1b	-7.077101	-1.80845	1.4720120305822282e-12	2.4533533843037136e-10	0.34591194968553457	0.5959435275402665
3	Fbxo5	-7.2204747	-2.206935	5.180638255129261e-13	9.419342282053202e-11	0.18238993710691823	0.47544243388347585
3	Atad2	-7.289553	-0.91766334	3.1098423688275906e-13	6.21968473765518e-11	0.7358490566037735	0.8349572479618215
3	Prc1	-7.3053107	-1.4322733	2.766272073410351e-13	6.147271274245224e-11	0.6918238993710691	0.764167826605687
3	Hist2h2ac	-7.3548675	-1.7476037	1.9111665191450696e-13	4.777916297862674e-11	0.5157232704402516	0.6870153111950686
3	Gm26870	-7.40265	-1.972176	1.3349352761877116e-13	3.8141007891077475e-11	0.2893081761006289	0.5790415589580433
3	Cdk1	-7.943071	-1.5661186	1.972363106468199e-15	6.574543688227329e-13	0.4339622641509434	0.669317955856035
3	Clspn	-7.9931655	-1.5397367	1.3151734366309788e-15	5.260693746523915e-13	0.37735849056603776	0.6514217538277988
3	Immp2l	-8.360554	-1.3595088	6.242442943768601e-17	3.1212214718843005e-14	0.5157232704402516	0.7393119904553589
3	Top2a	-11.37186	-2.067449	5.7744324793470476e-30	5.7744324793470475e-27	0.779874213836478	0.8777092861403858
3	Malat1	-12.044818	-1.1215284	2.0653277388377092e-33	4.130655477675418e-30	1.0	1.0
4	Cenpa	8.012543	1.089044	1.123605631526934e-15	5.61802815763467e-13	0.8923076923076924	0.7629497825227363
4	Pttg1	5.0627666	0.7664353	4.1321595337673376e-07	2.3612340192956213e-05	0.7846153846153846	0.6294978252273626
4	Trps1	4.444161	0.56795007	8.823545765367071e-06	0.0003601447251170233	0.8461538461538461	0.7843020956899961
4	Frmd4a	4.412048	0.40399954	1.023975246859804e-05	0.0004095900987439216	0.9384615384615385	0.9371293001186239
4	Sox9	4.0622993	0.40206864	4.8591695657676e-05	0.0015184904893023748	0.8923076923076924	0.9221035982601818
4	Trib1	3.9116066	0.57281846	9.168414727069641e-05	0.0026195470648770402	0.7230769230769231	0.6463028865164097
4	C330027C09Rik	3.6936033	0.5360508	0.00022109863604888883	0.005789225355464463	0.7384615384615385	0.592131277184658
4	Ccng1	3.626945	0.34244874	0.00028679431775564704	0.007169857943891176	1.0	0.9826018189007513
4	Abtb2	3.584216	0.6692712	0.00033809203946384887	0.008347951591699971	0.6	0.49209173586397786
4	Vegfa	3.4519968	0.5399922	0.0005564544578823837	0.012229768305107334	0.6846153846153846	0.5778964017398182
4	Mt2	3.4248946	0.43644238	0.0006150380278284853	0.013370391909314898	0.9307692307692308	0.8681296955318307
4	Mt1	3.3941154	0.2652466	0.0006885063851674107	0.014806588928331414	0.9615384615384616	0.9827995255041518
4	Ssfa2	3.3634849	0.5897525	0.0007696508575127661	0.015869089845624042	0.7153846153846154	0.6569790431000395
4	Peli2	3.3461678	0.49833915	0.0008193678176240904	0.016387356352481806	0.7230769230769231	0.6437327006722025
4	Timp3	3.2118134	0.37750724	0.0013189997895450812	0.024654201673739835	0.9461538461538461	0.9270462633451957
4	Prkca	3.1613452	0.25195152	0.0015704218610882864	0.028815080019968558	0.9615384615384616	0.9723210755239226
4	4932443I19Rik	3.130003	0.5411688	0.0017480456793145624	0.03149631854620833	0.5538461538461539	0.4203242388295769
4	Arhgap24	3.0974743	0.43517706	0.0019517725716242627	0.03454464728538518	0.8384615384615385	0.791419533412416
4	Pdzrn3	3.0864437	0.3881331	0.0020256626501199923	0.03548980647666571	0.8384615384615385	0.7953736654804271
4	Fmnl2	3.0842495	0.36828777	0.0020406638724082787	0.03548980647666571	0.8538461538461538	0.8657572162910241
4	Ank	3.0513651	0.30604282	0.0022780335739141307	0.038940744853233	0.9538461538461539	0.9193357058125742
4	Zeb1	3.0276434	0.38687772	0.0024646879492504193	0.04177437202119355	0.8538461538461538	0.8513246342427837
4	Gsta4	3.0148633	0.46097735	0.002570951729363877	0.04284919548939795	0.7846153846153846	0.7022538552787663
4	Gm42418	3.0116608	0.30625224	0.0025982277384591847	0.042945913032383216	1.0	0.9978252273625939
4	Efna5	-2.98785	-0.35132566	0.0028094739248641343	0.04495158279782615	0.7923076923076923	0.8440094899169632
4	Kpna2	-2.9885914	-1.1761701	0.002802667333896009	0.04495158279782615	0.11538461538461539	0.27441676551996835
4	Prim1	-3.0043366	-0.47582304	0.0026616062550244447	0.043278150488202355	0.6	0.6957295373665481
4	Ebf1	-3.0090513	-0.3791388	0.0026206479763621884	0.042961442235445714	0.8	0.8594306049822064
4	Gm26668	-3.0219798	-1.7288373	0.0025112734171049817	0.04220627591773079	0.08461538461538462	0.24080664294187426
4	Nrg1	-3.0556648	-0.5138776	0.002245622173784023	0.03871762368593143	0.6384615384615384	0.6949387109529458
4	Ptprk	-3.1156216	-0.44170797	0.0018355766712339961	0.03277815484346422	0.6384615384615384	0.7682878608145512
4	Dtl	-3.1437023	-0.6020729	0.0016682508497056453	0.03033183363101173	0.34615384615384615	0.5067220245156189
4	Tubb5	-3.1742144	-0.28079233	0.0015024265367219888	0.02782271364299979	1.0	0.9869513641755635
4	H3f3b	-3.2320364	-0.28613314	0.0012291143258094264	0.023190836336026914	0.9846153846153847	0.99644128113879
4	Gm12185	-3.2618961	-0.9297623	0.001106696830910006	0.02107993963638107	0.2076923076923077	0.3695136417556346
4	Cxcl5	-3.2723634	-0.80418706	0.001066524014813008	0.02051007720794246	0.33076923076923076	0.48398576512455516
4	Mcm3	-3.3131945	-0.5754081	0.0009223679949647087	0.01791005815465454	0.5461538461538461	0.6423487544483986
4	Fam83d	-3.3271904	-2.374908	0.0008772641025551966	0.017201256912846994	0.05384615384615385	0.2228153420324239
4	Prr11	-3.33831	-0.7068896	0.0008428965484843587	0.016691020762066508	0.46923076923076923	0.5784895215500198
4	Hist1h4c	-3.3469388	-1.5185206	0.0008170924673877424	0.016387356352481806	0.2	0.34677738236457095
4	Adamts5	-3.355271	-0.6309364	0.0007928724644042902	0.01618107070212837	0.4307692307692308	0.6115065243179122
4	Fancd2	-3.364997	-1.8764843	0.0007654448452304508	0.015869089845624042	0.07692307692307693	0.2500988533017003
4	Iqgap3	-3.368318	-1.1336633	0.0007562828968616987	0.015869089845624042	0.25384615384615383	0.3930407275603005
4	E2f8	-3.3806534	-0.7911738	0.0007231369361165594	0.015385892257799134	0.3230769230769231	0.48655595096876236
4	Hist1h2ac	-3.465785	-1.7513795	0.0005286858006030309	0.01174857334673402	0.1	0.2734282325029656
4	H1f0	-3.477913	-0.48545077	0.0005053342775885249	0.011355826462663482	0.8153846153846154	0.8754448398576512
4	Knl1	-3.4901593	-0.57948154	0.00048273290686518845	0.010971202428754283	0.5923076923076923	0.7107552392249901
4	Mustn1	-3.4959414	-0.90144044	0.0004723924732744653	0.010859597086769318	0.3153846153846154	0.47686832740213525
4	Ube2c	-3.5021684	-0.79705584	0.0004614879247007137	0.01073227731862125	0.4846153846153846	0.6119019375247133
4	Mms22l	-3.514563	-0.69957346	0.000440478192813999	0.010364192772094093	0.33076923076923076	0.5100830367734283
4	Grem2	-3.5164905	-0.52495897	0.00043729249343968195	0.010364192772094093	0.6615384615384615	0.7690786872281534
4	Galnt13	-3.5359125	-0.9918214	0.0004063690926803596	0.009792026329647218	0.25384615384615383	0.41973111901937527
4	Brinp1	-3.5437407	-0.9566654	0.00039449286480811285	0.009621777190441777	0.27692307692307694	0.4442467378410439
4	Cyr61	-3.648502	-0.7599588	0.00026377362462683037	0.006677813281691908	0.5	0.6300909450375642
4	B3galt1	-3.6612527	-0.609143	0.0002509850637619304	0.006435514455434114	0.5076923076923077	0.6737841043890866
4	Rbms3	-3.6915574	-0.56791675	0.00022288517618538183	0.005789225355464463	0.6384615384615384	0.7336892052194544
4	Rora	-3.727911	-0.60427386	0.000193073567487776	0.005148628466340693	0.7153846153846154	0.7894424673784104
4	Pclaf	-3.735087	-0.42182884	0.00018765045293071166	0.005071633862992207	0.8384615384615385	0.872479240806643
4	Spdl1	-3.7367177	-0.83089155	0.00018643805685207628	0.005071633862992207	0.33076923076923076	0.5003954132068011
4	Hist1h2ai	-3.8377132	-2.051243	0.00012418537696435499	0.0034495938045654164	0.14615384615384616	0.3198892843020957
4	Snai2	-3.8672173	-0.6495377	0.00011008435551355905	0.0031009677609453255	0.5538461538461539	0.6846579675761171
4	Il1rl1	-3.912259	-0.4826116	9.143676482842794e-05	0.0026195470648770402	0.9153846153846154	0.9578884934756821
4	Pola1	-3.9465666	-0.59760284	7.927985283240783e-05	0.0023317603774237593	0.6	0.7127323052589957
4	Naaladl2	-3.9477232	-0.64747286	7.889797982297569e-05	0.0023317603774237593	0.7384615384615385	0.8536971134835903
4	Depdc1a	-3.99914	-1.1972742	6.357303673719155e-05	0.001926455658702774	0.27692307692307694	0.44741004349545277
4	Hist1h4h	-4.0529294	-2.4676127	5.058029075563564e-05	0.0015563166386349428	0.06153846153846154	0.2669039145907473
4	G2e3	-4.1309443	-1.1676778	3.612759887722203e-05	0.0011469079008641916	0.27692307692307694	0.4655990510083037
4	Hist1h3c	-4.165845	-2.2515957	3.102013021394558e-05	0.00100064936174018	0.09230769230769231	0.298932384341637
4	Ect2	-4.212162	-0.78070694	2.5293813677499412e-05	0.0008293053664753905	0.5692307692307692	0.6672597864768683
4	Ccnf	-4.2368326	-1.6593466	2.266950392072155e-05	0.0007556501306907183	0.17692307692307693	0.37287465401344405
4	Kif4	-4.243771	-0.9718551	2.1979444884779004e-05	0.0007450659282975934	0.36923076923076925	0.5427046263345195
4	Hist1h2ab	-4.255632	-1.7770977	2.084592330921382e-05	0.0007188249416970282	0.16153846153846155	0.36061684460260973
4	Amotl2	-4.261088	-0.72431695	2.034339919839349e-05	0.0007138034806453856	0.5846153846153846	0.6947410043495452
4	Mastl	-4.27372	-1.1472288	1.922384355176764e-05	0.0006865658411345586	0.25384615384615383	0.4543297746144721
4	Crim1	-4.279769	-0.6670633	1.8708735550250585e-05	0.0006803176563727485	0.7307692307692307	0.830367734282325
4	Rad51ap1	-4.299903	-1.0688548	1.708729426515339e-05	0.0006328627505612366	0.27692307692307694	0.47548438117833136
4	Hist1h1d	-4.3598895	-1.8682269	1.3012817848333456e-05	0.0004910497301257908	0.2230769230769231	0.40213523131672596
4	Kif20b	-4.372432	-0.7865664	1.2286990478070781e-05	0.00047257655684887625	0.6230769230769231	0.7427837089758798
4	Lin54	-4.380498	-0.836315	1.1840851644065586e-05	0.0004643471232966897	0.4230769230769231	0.6059707394226967
4	Cdkn2c	-4.493829	-1.238176	6.995392056843109e-06	0.0002914746690351295	0.2923076923076923	0.47983392645314354
4	Tyms	-4.5528665	-0.736323	5.291990821673485e-06	0.0002251910987946164	0.5538461538461539	0.7354685646500593
4	Kif18a	-4.5558314	-1.0081671	5.217874744634226e-06	0.0002251910987946164	0.34615384615384615	0.5444839857651246
4	Ncapg2	-4.717911	-0.8434876	2.3827898937676337e-06	0.00010590177305633928	0.5	0.6553973902728352
4	Ccne1	-4.752841	-0.90846014	2.0057798871573265e-06	9.117181305260576e-05	0.45384615384615384	0.6425464610517991
4	Kif18b	-4.763842	-1.8540021	1.8994117669929626e-06	8.83447333485099e-05	0.13076923076923078	0.3693159351522341
4	Ccne2	-4.7711663	-1.2722226	1.8316233648056363e-06	8.722016022883982e-05	0.23076923076923078	0.46283115856069595
4	Hist1h2ae	-4.8100104	-1.3930434	1.5092226270648187e-06	7.36206159543814e-05	0.3230769230769231	0.5233293792012653
4	Sgcd	-4.8172755	-0.60301507	1.4553172971766125e-06	7.276586485883063e-05	0.7769230769230769	0.8533017002767892
4	Brip1	-4.8413234	-0.999917	1.2897725697416521e-06	6.614218306367447e-05	0.4153846153846154	0.5907473309608541
4	Sorbs1	-4.874445	-1.070098	1.0911478690229704e-06	5.742883521173528e-05	0.4076923076923077	0.6041913799920917
4	AW554918	-4.9094048	-0.86280483	9.13531442884236e-07	4.9380077993742485e-05	0.5	0.6708185053380783
4	Rrm2	-4.9204354	-0.8272166	8.635179680975023e-07	4.797322044986124e-05	0.5692307692307692	0.7083827599841834
4	Nusap1	-5.1418786	-1.5641216	2.720047776071273e-07	1.600028103571337e-05	0.3230769230769231	0.5217477263740609
4	Ddias	-5.1792107	-1.5611292	2.2282650655894348e-07	1.3504636761148089e-05	0.17692307692307693	0.4319889284302096
4	Hist1h2ak	-5.3324537	-2.4893408	9.689448365418362e-08	6.055905228386476e-06	0.1	0.3600237247924081
4	Hist1h4d	-5.3353004	-1.7463567	9.538655405685542e-08	6.055905228386476e-06	0.26153846153846155	0.48398576512455516
4	Sgo2a	-5.3436327	-1.2630359	9.110213351975563e-08	6.055905228386476e-06	0.35384615384615387	0.5743376828786081
4	Brca1	-5.4000015	-1.318681	6.66403302947318e-08	4.5958848479125375e-06	0.25384615384615383	0.5083036773428232
4	Rad51b	-5.4722643	-1.0571091	4.443220868324213e-08	3.173729191660152e-06	0.4	0.6277184657967576
4	Hist1h2an	-5.5315685	-2.031045	3.173797392193048e-08	2.3509610312541097e-06	0.16153846153846155	0.42309213127718465
4	Atad2	-5.589005	-0.7366776	2.2837439323345473e-08	1.7567261017958056e-06	0.7615384615384615	0.8337287465401344
4	Polq	-5.6152472	-2.370103	1.9628139264631092e-08	1.5702511411704873e-06	0.1076923076923077	0.38355081059707397
4	Kif11	-5.6353216	-1.4690622	1.7473173504346147e-08	1.4560977920288454e-06	0.33076923076923076	0.5456702253855279
4	Wwox	-5.674522	-1.2942256	1.3907637250231715e-08	1.2093597608897145e-06	0.2692307692307692	0.5316330565440885
4	Gm10801	-5.7377405	-2.400791	9.59478678344012e-09	8.722533439491018e-07	0.19230769230769232	0.44958481613285883
4	Spc25	-5.836275	-1.6206521	5.338072282129348e-09	5.083878363932712e-07	0.2692307692307692	0.5201660735468565
4	Mis18bp1	-5.8396554	-1.2962266	5.230887738549902e-09	5.083878363932712e-07	0.4153846153846154	0.6235666271253459
4	Immp2l	-5.843955	-0.9787363	5.097578417661131e-09	5.083878363932712e-07	0.5923076923076923	0.736061684460261
4	Fbxo5	-5.8695745	-1.7347975	4.369147007690923e-09	4.854607786323249e-07	0.2	0.47330960854092524
4	Smc4	-6.1277566	-0.71830165	8.912668768859248e-10	1.0485492669246173e-07	0.9153846153846154	0.9408857255832345
4	Aurkb	-6.1644664	-2.1015506	7.072126878608679e-10	8.840158598260849e-08	0.16923076923076924	0.4568999604586793
4	Sgo1	-6.1809235	-1.3583614	6.372778642609173e-10	8.497038190145565e-08	0.33076923076923076	0.6004349545274812
4	Clspn	-6.2654023	-1.2829361	3.718635171611169e-10	5.312335959444527e-08	0.4153846153846154	0.6488730723606169
4	Hist2h2ac	-6.270859	-1.5561142	3.590626836579748e-10	5.312335959444527e-08	0.4846153846153846	0.6868327402135231
4	Atad5	-6.271511	-1.1700095	3.575612483927411e-10	5.312335959444527e-08	0.34615384615384615	0.6522340846184262
4	Negr1	-6.5164385	-1.1036894	7.199629843527413e-11	1.309023607914075e-08	0.5769230769230769	0.7619612495057335
4	Slfn9	-6.674396	-1.136933	2.482523260277295e-11	4.96504652055459e-09	0.5692307692307692	0.7789640173981811
4	Hist1h1b	-6.6923356	-1.8409642	2.1963630840756526e-11	4.880806853501451e-09	0.3230769230769231	0.5950968762356663
4	Incenp	-6.7384744	-1.604836	1.600580375249201e-11	4.001450938123002e-09	0.2846153846153846	0.5800711743772242
4	Prc1	-6.8114786	-1.4667763	9.66007758559596e-12	2.7600221673131314e-09	0.6538461538461539	0.7647291419533413
4	Hist1h1e	-7.0731	-1.5944371	1.5150992170828427e-12	5.050330723609476e-10	0.5923076923076923	0.7637406089363384
4	Gm26870	-7.264239	-2.2258248	3.751450443568873e-13	1.5005801774275492e-10	0.25384615384615383	0.5782918149466192
4	Cdk1	-8.080684	-1.8487036	6.44045828958675e-16	4.2936388597244997e-13	0.3923076923076923	0.6690391459074733
4	Top2a	-9.762708	-1.9281294	1.6275044236108365e-22	1.6275044236108364e-19	0.7769230769230769	0.8772241992882562
4	Malat1	-10.780018	-1.1704917	4.278046876506389e-27	8.556093753012778e-24	1.0	1.0
5	Cenpa	6.037368	0.82751167	1.5664841558473402e-09	1.56648415584734e-07	0.9322033898305084	0.76232741617357
5	Mt2	4.7904205	0.5906816	1.6643222974014625e-06	7.43266182043968e-05	0.923728813559322	0.8684418145956607
5	Pttg1	4.7103415	0.71542776	2.473023986864135e-06	0.00010093975456588305	0.7966101694915254	0.6295857988165681
5	Trps1	4.3482127	0.6235857	1.3725131699873248e-05	0.0004652587016906186	0.847457627118644	0.7844181459566075
5	Rplp0	4.286506	0.3474014	1.8150534472156898e-05	0.0006050178157385633	1.0	0.9988165680473373
5	Sox9	4.1618485	0.41769952	3.156817479973272e-05	0.0009865054624916476	0.923728813559322	0.921301775147929
5	Ccng1	4.05519	0.3857995	5.0093514819836667e-05	0.0014733386711716665	1.0	0.9826429980276135
5	Tmem241	4.02429	0.6764865	5.7147431639833346e-05	0.0016097868067558691	0.7203389830508474	0.5264299802761341
5	Pbx1	3.928108	0.5599066	8.561674403675174e-05	0.0022574437091557077	0.7796610169491526	0.7023668639053254
5	Socs1	3.8722765	0.8979522	0.00010782355721725195	0.002662310054746962	0.5423728813559322	0.3506903353057199
5	Akr1b3	3.8244963	0.45484748	0.00013103972557655636	0.0031199934661084844	0.9067796610169492	0.7875739644970414
5	Timp3	3.7988808	0.4515977	0.0001453509233699831	0.0034200217263525433	0.940677966101695	0.9272189349112426
5	Ssfa2	3.782747	0.52933544	0.0001551071013411349	0.0035844368688552225	0.7542372881355932	0.6562130177514793
5	Ppp3ca	3.763007	0.3539628	0.00016788256752809538	0.003815512898365804	0.9661016949152542	0.9723865877712031
5	Tns1	3.5745597	0.6513263	0.0003508177911291663	0.00723335651812714	0.6440677966101694	0.4928994082840237
5	Knstrn	3.4040184	0.4269067	0.0006640228965236984	0.012893648476188319	0.8135593220338984	0.7161735700197238
5	Ttyh2	3.3581967	0.6449184	0.0007845277824966827	0.015041160269067945	0.635593220338983	0.4832347140039448
5	Gstm1	3.3287265	0.4809888	0.000872440279460582	0.016307294943188447	0.864406779661017	0.7662721893491125
5	Apbb2	3.3052871	0.46423256	0.0009487912658697798	0.01725075028854145	0.8135593220338984	0.7372781065088757
5	Gm26917	3.2786148	0.41459587	0.0010431790593495528	0.01874136505528274	0.923728813559322	0.8873767258382643
5	Gm28438	3.2604601	0.4357069	0.0011123155726944056	0.019687001286626645	0.847457627118644	0.7773175542406312
5	Dcaf6	3.238824	0.57981145	0.0012002363446137559	0.021056777975679928	0.6271186440677966	0.5116370808678501
5	Mt1	3.198007	0.3475106	0.0013838083188571755	0.02287286477449877	1.0	0.9818540433925049
5	Arhgap24	3.1303315	0.44489598	0.0017460909883361233	0.0277215970944803	0.8728813559322034	0.7907297830374753
5	Eef2	3.1302693	0.27746534	0.0017464606169522588	0.0277215970944803	1.0	0.9915187376725838
5	Slc22a23	3.088489	0.5728776	0.0020117717678896935	0.03143393387327646	0.6271186440677966	0.49842209072978305
5	Fmnl2	2.995913	0.34660572	0.002736245529333896	0.040897809395755894	0.8898305084745762	0.8648915187376726
5	Gm26816	2.9954777	0.83093435	0.002740153229515645	0.040897809395755894	0.3813559322033898	0.2203155818540434
5	Srgap3	2.9877682	0.49416402	0.002810225789852741	0.041632974664485047	0.6864406779661016	0.590138067061144
5	Pdcd4	2.9838824	0.7767963	0.0028461614157146214	0.04185531493697972	0.423728813559322	0.26272189349112424
5	9130019P16Rik	2.9573033	1.0436252	0.0031034266643190324	0.04465362106933859	0.3728813559322034	0.22011834319526627
5	Hist1h3b	-2.9628367	-3.2484946	0.003048181931028679	0.04417654972505332	0.025423728813559324	0.18362919132149902
5	Parpbp	-2.97008	-1.3001463	0.0029772227478619055	0.043463105808203	0.19491525423728814	0.33254437869822484
5	Msmo1	-3.014285	-0.48680732	0.0025758559521193093	0.0390281204866562	0.4491525423728814	0.6169625246548324
5	Cdc6	-3.0166478	-0.9639525	0.0025558665310002654	0.03902086306870634	0.2457627118644068	0.3913214990138067
5	2700099C18Rik	-3.0176735	-0.68954116	0.002547231169466418	0.03902086306870634	0.3220338983050847	0.4806706114398422
5	Crim1	-3.031445	-0.45252585	0.002433862891098518	0.03773430838912431	0.8305084745762712	0.827810650887574
5	Prr11	-3.0932453	-0.72121644	0.001979804797503134	0.031178028307135973	0.4830508474576271	0.5779092702169625
5	Tyms	-3.163128	-0.5058172	0.001560837022574858	0.02517479068669126	0.6949152542372882	0.7317554240631163
5	Hist1h2ac	-3.1709306	-1.6217525	0.0015195137744140725	0.02470754104738329	0.11016949152542373	0.2727810650887574
5	Diaph3	-3.1884015	-0.35429546	0.00143061784030818	0.023452751480461966	0.8135593220338984	0.8514792899408284
5	Efna5	-3.2081726	-0.44226146	0.0013358134268876885	0.02226355711479481	0.7627118644067796	0.8445759368836292
5	Hist1h1c	-3.2107837	-1.5615308	0.001323734875460184	0.022247644965717378	0.1271186440677966	0.29368836291913214
5	Brca1	-3.2224412	-0.8017916	0.0012710321232761858	0.02154291734366417	0.3728813559322034	0.504930966469428
5	Fanca	-3.224804	-0.8988823	0.0012605899669289274	0.02154291734366417	0.1016949152542373	0.28619329388560155
5	Ccne2	-3.2269487	-0.95674103	0.001251178244207984	0.02154291734366417	0.3135593220338983	0.4603550295857988
5	Iqgap3	-3.229871	-1.1641395	0.0012384608628049228	0.0215384497879117	0.2457627118644068	0.39289940828402364
5	Prim1	-3.276905	-0.5655629	0.0010495164430958334	0.01874136505528274	0.6271186440677966	0.6948717948717948
5	Amotl2	-3.3059711	-0.5949799	0.0009464785154126578	0.01725075028854145	0.5932203389830508	0.6942800788954635
5	Cdkn2d	-3.3260531	-1.3457566	0.0008808515769372332	0.016312066239578392	0.16101694915254236	0.3339250493096647
5	Ncapg	-3.3510778	-0.70734847	0.0008049768039113388	0.015188241583232807	0.423728813559322	0.5674556213017752
5	Fam83d	-3.3563936	-2.2749338	0.000789660914126067	0.015041160269067945	0.0423728813559322	0.22268244575936882
5	Sorbs1	-3.4122252	-0.7840344	0.000644348489652141	0.012634284110826295	0.4830508474576271	0.6019723865877712
5	Cep128	-3.5308518	-0.80167234	0.0004142236706535176	0.008202448923832031	0.4067796610169492	0.5599605522682446
5	Anxa5	-3.532686	-0.3099192	0.0004113607850613121	0.008202448923832031	0.9491525423728814	0.9431952662721893
5	Ccna2	-3.538375	-0.70527464	0.00040259811283545186	0.008133295208797006	0.5423728813559322	0.6396449704142012
5	Id3	-3.545214	-0.5074022	0.0003922946168073081	0.008006012587904246	0.788135593220339	0.8593688362919132
5	Hist1h2al	-3.5751193	-2.1199248	0.0003500683142527002	0.00723335651812714	0.1016949152542373	0.2824457593688363
5	Rpa3	-3.576052	-0.5781267	0.0003488225132597263	0.00723335651812714	0.6440677966101694	0.7467455621301775
5	Gen1	-3.665488	-1.3801032	0.00024686728607258604	0.005252495448352894	0.1694915254237288	0.3544378698224852
5	Cfap69	-3.6779227	-0.613784	0.00023514113583666512	0.005056798620143336	0.635593220338983	0.7526627218934911
5	Gas2l3	-3.6831453	-1.2541198	0.00023037374253628818	0.005008124837745395	0.16101694915254236	0.36173570019723866
5	Hist1h2ab	-3.6846375	-1.9153049	0.0002290283832386012	0.005008124837745395	0.2033898305084746	0.3591715976331361
5	Dtl	-3.7036936	-0.88061625	0.00021248289187956616	0.004721842041768137	0.3220338983050847	0.5069033530571992
5	Ckap2l	-3.7400339	-0.9241717	0.00018399545855030445	0.0041347294056248195	0.423728813559322	0.5562130177514792
5	Ube2c	-3.7814412	-0.9082563	0.00015592300379520217	0.0035844368688552225	0.4915254237288136	0.611439842209073
5	Gm17501	-3.8400085	-1.0744876	0.00012303004445542834	0.002964579384468153	0.4067796610169492	0.5343195266272189
5	Zmynd19	-3.8502982	-0.7734235	0.00011797410394911463	0.0028774171694906005	0.3898305084745763	0.5773175542406311
5	Wwox	-3.8748255	-0.9493494	0.00010670111011069202	0.002662310054746962	0.3644067796610169	0.5287968441814596
5	Hist1h3c	-3.8873847	-2.3335876	0.00010133015403886449	0.0025653203554142907	0.1016949152542373	0.2982248520710059
5	Gm10801	-3.8957157	-1.4211813	9.790915236819979e-05	0.0025104910863640974	0.2711864406779661	0.44714003944773173
5	Spdl1	-3.8973944	-1.0080359	9.723317677989988e-05	0.0025104910863640974	0.3050847457627119	0.5005917159763313
5	Pbk	-3.9276419	-0.7146422	8.57828609479169e-05	0.0022574437091557077	0.5	0.6483234714003945
5	Pclaf	-3.9716294	-0.52379835	7.138272284286751e-05	0.0019292627795369599	0.8050847457627118	0.8731755424063117
5	Cdkn2c	-3.9974003	-1.0854906	6.404198282612542e-05	0.0017545748719486418	0.288135593220339	0.4794871794871795
5	Hist1h2ai	-4.0084047	-2.123031	6.113025897533286e-05	0.0016980627493148018	0.11864406779661017	0.3201183431952663
5	H3f3b	-4.02715	-0.3311368	5.64569946712586e-05	0.0016097868067558691	0.9915254237288136	0.9962524654832348
5	Cks2	-4.047854	-0.72235936	5.168941487182478e-05	0.0014982439093282544	0.6440677966101694	0.7597633136094675
5	H1f0	-4.055781	-0.56866735	4.9967083437496513e-05	0.0014733386711716665	0.8389830508474576	0.8747534516765286
5	Mms22l	-4.0699873	-0.9357933	4.701566267496426e-05	0.0014247170507564928	0.3050847457627119	0.5102564102564102
5	Fmn1	-4.0965667	-1.181479	4.193229504411819e-05	0.0012902244628959442	0.2457627118644068	0.45187376725838263
5	Cep55	-4.1765213	-0.9518362	2.9600089458587854e-05	0.0009396853796377096	0.3898305084745763	0.570414201183432
5	Hist1h4d	-4.267201	-1.4055953	1.979406763160116e-05	0.0006385183106968116	0.2966101694915254	0.4826429980276134
5	Depdc1a	-4.2805996	-1.3872278	1.8639054015862122e-05	0.0006111165251102335	0.2542372881355932	0.447534516765286
5	Il1rl1	-4.3517256	-0.5137644	1.3507016669121281e-05	0.0004652587016906186	0.9322033898305084	0.9573964497041421
5	AW554918	-4.3886256	-0.82366765	1.1406926748533775e-05	0.0004002430438082026	0.5	0.670414201183432
5	Hist1h4c	-4.392014	-2.1497695	1.1230546030152982e-05	0.0004002430438082026	0.1271186440677966	0.34812623274161736
5	Ccne1	-4.460125	-0.9154117	8.19119246954863e-06	0.0002978615443472229	0.4915254237288136	0.6412228796844182
5	Tubb5	-4.4705076	-0.44675404	7.80341047569732e-06	0.0002890152028036044	0.9915254237288136	0.9871794871794872
5	Hist1h2ak	-4.489284	-2.19812	7.146293148763597e-06	0.0002696714395759848	0.1440677966101695	0.35838264299802763
5	Brip1	-4.5009103	-1.0185297	6.766298883424507e-06	0.0002602422647470964	0.4406779661016949	0.5897435897435898
5	Gm26870	-4.513159	-1.2746193	6.386920765172311e-06	0.00025046748098714945	0.3983050847457627	0.5741617357001972
5	Arhgap11a	-4.5453334	-0.9160151	5.4848384796503925e-06	0.00021939353918601568	0.4152542372881356	0.6240631163708087
5	Negr1	-4.7503495	-0.8240395	2.0306514655276417e-06	8.46104777303184e-05	0.635593220338983	0.7601577909270217
5	G2e3	-4.7573752	-1.5540872	1.961263245280743e-06	8.345801043747842e-05	0.2627118644067797	0.46548323471400394
5	Kif14	-4.7850423	-2.754725	1.7095122187011264e-06	7.43266182043968e-05	0.06779661016949153	0.3183431952662722
5	Pola1	-4.7864723	-0.8222487	1.697382623227408e-06	7.43266182043968e-05	0.5847457627118644	0.7128205128205128
5	Hist1h1d	-4.830491	-2.0568914	1.3619670766644972e-06	6.334730589137197e-05	0.1694915254237288	0.4029585798816568
5	E2f8	-4.884582	-1.2580928	1.0364858062969093e-06	4.935646696651949e-05	0.2288135593220339	0.4883629191321499
5	Ndc80	-5.0083065	-0.97752726	5.491098995267842e-07	2.6785848757404103e-05	0.4491525423728814	0.6761341222879684
5	Nusap1	-5.0344195	-1.7728767	4.792991288558649e-07	2.3964956442793244e-05	0.3389830508474576	0.5209072978303747
5	Kif18b	-5.0720344	-2.0631416	3.935854255581377e-07	2.0183867977340396e-05	0.1016949152542373	0.36942800788954633
5	Fbln2	-5.077412	-0.6952857	3.8261003769695526e-07	2.013737040510291e-05	0.8135593220338984	0.8844181459566075
5	Ccnf	-5.116426	-2.4523144	3.11379327569415e-07	1.6831315003752163e-05	0.11864406779661017	0.373767258382643
5	Atad5	-5.158735	-1.0398161	2.486239858845625e-07	1.3812443660253474e-05	0.4491525423728814	0.649112426035503
5	Hist1h2an	-5.2429485	-2.2395394	1.5803052567478837e-07	9.030315752845048e-06	0.17796610169491525	0.42209072978303747
5	Kif15	-5.319919	-1.334846	1.0381335832721495e-07	6.106668136894996e-06	0.3220338983050847	0.5544378698224852
5	Mastl	-5.3235254	-1.6981349	1.0177532863590888e-07	6.106668136894996e-06	0.1864406779661017	0.4554240631163708
5	Ncapg2	-5.350757	-1.0427712	8.758700544811702e-08	5.474187840507313e-06	0.4661016949152542	0.6558185404339251
5	Immp2l	-5.4262357	-0.96691906	5.755501176627884e-08	3.7132265655663766e-06	0.576271186440678	0.736094674556213
5	Hist1h2ae	-5.5321164	-1.8843665	3.1638946518499525e-08	2.109263101233302e-06	0.2966101694915254	0.5234714003944774
5	Aurkb	-5.553162	-1.8855706	2.8054744269160915e-08	1.9348099495973044e-06	0.17796610169491525	0.4560157790927022
5	Smc2	-5.636754	-0.82365674	1.732851387056012e-08	1.2377509907542944e-06	0.7033898305084746	0.8402366863905325
5	Kif18a	-5.657396	-1.5597605	1.5368709678473457e-08	1.138422939146182e-06	0.3050847457627119	0.5449704142011834
5	Polq	-5.686213	-2.7592435	1.2988731729890898e-08	9.991332099916077e-07	0.09322033898305085	0.38323471400394477
5	Sgo1	-5.779908	-1.4290869	7.47413883462717e-09	5.979311067701735e-07	0.4067796610169492	0.5980276134122288
5	Rad51ap1	-5.7874002	-1.8632804	7.148417402632952e-09	5.957014502194126e-07	0.19491525423728814	0.47692307692307695
5	Knl1	-5.795918	-1.1110153	6.794852496326415e-09	5.908567388109926e-07	0.5169491525423728	0.7122287968441815
5	Ddias	-5.851314	-2.267216	4.877037944174416e-09	4.4336708583403787e-07	0.13559322033898305	0.43234714003944774
5	Rrm2	-5.959527	-1.0970646	2.5296932075056077e-09	2.409231626195817e-07	0.5169491525423728	0.7092702169625247
5	Slfn9	-6.04486	-1.0989635	1.495401041182221e-09	1.56648415584734e-07	0.6101694915254238	0.7775147928994083
5	Fbxo5	-6.065284	-2.0274541	1.3172102237757703e-09	1.4635669153064116e-07	0.17796610169491525	0.47317554240631166
5	Ect2	-6.1119447	-1.2722176	9.842432995333538e-10	1.1579332935686514e-07	0.4406779661016949	0.6700197238658777
5	Mis18bp1	-6.1629267	-1.4321945	7.141255501310816e-10	8.926569376638519e-08	0.3813559322033898	0.6238658777120316
5	Hist1h1e	-6.197433	-1.4886662	5.739149056402997e-10	7.652198741870663e-08	0.6440677966101694	0.762130177514793
5	Spc25	-6.4072366	-2.0351858	1.4818072814211294e-10	2.1168675448873277e-08	0.2288135593220339	0.5205128205128206
5	Hist1h1b	-6.5255523	-2.0367496	6.775136217344355e-11	1.0423286488222085e-08	0.3389830508474576	0.5940828402366863
5	Incenp	-6.549489	-1.7794995	5.773424570373632e-11	9.622374283956053e-09	0.3135593220338983	0.578698224852071
5	Kif11	-6.5717783	-2.0383942	4.971787184139713e-11	9.039613062072207e-09	0.2796610169491525	0.5463510848126233
5	Clspn	-6.6852756	-1.5070328	2.304904970267839e-11	4.6098099405356776e-09	0.4067796610169492	0.6485207100591716
5	Hist2h2ac	-6.752392	-1.8476458	1.4542767843677664e-11	3.2317261874839256e-09	0.4745762711864407	0.6865877712031558
5	Kif20b	-7.0297155	-1.4746162	2.0695498724458825e-12	5.173874681114706e-10	0.5254237288135594	0.7447731755424063
5	Sgo2a	-7.3407373	-2.1143432	2.1242020081363316e-13	6.069148594675233e-11	0.2288135593220339	0.5767258382642998
5	Atad2	-7.5788302	-1.2133347	3.486850175261808e-14	1.1622833917539359e-11	0.6440677966101694	0.8362919132149902
5	Smc4	-7.84546	-1.0077066	4.3136887420447846e-15	1.7254754968179138e-12	0.9067796610169492	0.941025641025641
5	Prc1	-8.11035	-1.9096048	5.047440821468321e-16	2.523720410734161e-13	0.576271186440678	0.7662721893491125
5	Cdk1	-8.291896	-2.0731065	1.1145793170729228e-16	7.430528780486151e-14	0.3559322033898305	0.6692307692307692
5	Top2a	-9.072543	-1.8598552	1.162709239748623e-19	1.1627092397486228e-16	0.788135593220339	0.8767258382642998
5	Malat1	-9.566914	-0.96510863	1.1014425403895009e-21	2.2028850807790016e-18	1.0	1.0
6	Ppp3ca	4.9916224	0.50818336	5.987425745037406e-07	2.9206954853841003e-05	0.9734513274336283	0.9722167487684729
6	Cenpa	4.892177	0.7178885	9.972659308726811e-07	4.335938829881222e-05	0.9026548672566371	0.7631527093596059
6	Arhgap24	4.6627107	0.62757003	3.120715549135302e-06	0.00011558205737538156	0.8584070796460177	0.7911330049261084
6	Sox9	4.5986047	0.51255614	4.253300319975233e-06	0.0001492386077184292	0.9823008849557522	0.92
6	Eef2	4.531895	0.3779609	5.8456858745103035e-06	0.0001981588432037391	1.0	0.9915270935960591
6	Apbb2	4.519068	0.6736977	6.211254901537596e-06	0.00020036306133992243	0.8407079646017699	0.7367487684729064
6	Tanc2	4.321035	0.48217565	1.5529919678854427e-05	0.00045014259938708483	0.9292035398230089	0.9213793103448276
6	Pdzrn3	4.2473717	0.55993044	2.1629290514007076e-05	0.0005925833017536186	0.8407079646017699	0.7954679802955665
6	Prkca	4.2138104	0.43193504	2.510978494797992e-05	0.0006695942652794645	0.9823008849557522	0.9718226600985221
6	Dclk1	3.9726276	0.4613592	7.108409745286935e-05	0.001733758474460228	0.9646017699115044	0.9257142857142857
6	Ccng1	3.956244	0.3274283	7.613737870479458e-05	0.0018127947310665376	0.9823008849557522	0.9830541871921182
6	Ssfa2	3.9441152	0.61698794	8.009519826609736e-05	0.0018579267950330773	0.7522123893805309	0.6563546798029557
6	Pbx1	3.7531946	0.61913866	0.00017459529707179586	0.0036374020223290805	0.7610619469026548	0.7028571428571428
6	Mt1	3.6736891	0.3662647	0.00023907349273689764	0.004903370752623024	1.0	0.981871921182266
6	Ank	3.672419	0.39593905	0.00024026516687852814	0.004903370752623024	0.9557522123893806	0.9194088669950738
6	Peak1	3.6263163	0.36480764	0.0002874932059253663	0.005637121684811105	0.9734513274336283	0.9497536945812808
6	Nqo1	3.5455728	0.58053184	0.0003917608943247435	0.0073226335387802525	0.672566371681416	0.5129064039408867
6	Rgs2	3.5312846	0.5498187	0.00041354649577091313	0.0076582684402020955	0.7522123893805309	0.6183251231527094
6	Maml3	3.522553	0.5997023	0.0004274115510073404	0.007771119109224371	0.7256637168141593	0.6145812807881773
6	Nrp2	3.420028	0.40833372	0.0006261467738106413	0.011161409882574271	0.9646017699115044	0.8967487684729064
6	Trps1	3.3847523	0.48313624	0.000712424968290747	0.01221205463049115	0.831858407079646	0.7848275862068965
6	Col4a5	3.3839903	0.44997612	0.0007144051958837324	0.01221205463049115	0.9026548672566371	0.8628571428571429
6	Cebpd	3.3375382	0.75841874	0.0008452411046121434	0.013856411551018745	0.5398230088495575	0.3895566502463054
6	Fmnl2	3.2499998	0.4127116	0.0011540507679907055	0.01819377210628873	0.9203539823008849	0.8642364532019704
6	Gsta4	3.2314887	0.49545687	0.0012314714034029385	0.018945713898506744	0.8230088495575221	0.7016748768472907
6	Sox4	3.2282186	0.66663975	0.0012456381630999184	0.019017376535876616	0.6814159292035398	0.5978325123152709
6	Srgap3	3.2091677	0.5979503	0.0013311984403156353	0.020169673338115687	0.7168141592920354	0.5895566502463054
6	Scd2	3.1404262	0.37203285	0.0016870227207165323	0.02393718303668747	0.9646017699115044	0.9213793103448276
6	Timp3	3.1403308	0.3740877	0.0016875714040864665	0.02393718303668747	0.9646017699115044	0.9266995073891625
6	Ankrd12	3.1255665	0.32101718	0.0017746295495171256	0.02481999369954022	0.9203539823008849	0.8819704433497537
6	Fgfr1	3.0716527	0.39277568	0.0021287720330270916	0.028962884803089683	0.831858407079646	0.8342857142857143
6	Ophn1	3.0308206	0.46616462	0.002438901191009298	0.03273692873837984	0.7610619469026548	0.6484729064039408
6	Ranbp3l	2.979701	1.0899642	0.002885298722779611	0.03747141198415079	0.35398230088495575	0.20374384236453202
6	Cd34	2.9723663	0.40168256	0.0029551374981862857	0.03813080642821014	0.8584070796460177	0.8086699507389162
6	Abtb2	2.9565861	0.69025785	0.0031106542622433746	0.039626168945775475	0.5752212389380531	0.4930049261083744
6	Slc22a23	2.9483943	0.64980435	0.0031942944892403304	0.04017980489610479	0.5929203539823009	0.4993103448275862
6	Rplp0	2.937948	0.28686756	0.003303924029905844	0.04104253453299185	1.0	0.9988177339901478
6	Fgf7	2.8981001	0.6034522	0.0037543069072212515	0.04578423057586892	0.6991150442477876	0.6295566502463055
6	Nt5c2	-2.8888922	-0.51308906	0.003866015007149319	0.046860787965446286	0.4778761061946903	0.6358620689655172
6	Psma2	-2.9081018	-0.3446581	0.0036362993859942985	0.04461717038029814	0.8672566371681416	0.9060098522167488
6	Tmeff2	-2.9338522	-0.6906249	0.003347836815301678	0.04133131870742812	0.34513274336283184	0.48610837438423643
6	Gm26904	-2.9463303	-0.59955776	0.003215687382921079	0.04019609228651349	0.504424778761062	0.6508374384236453
6	Immp2l	-2.9506485	-0.47423095	0.0031710751452922576	0.040140191712560225	0.6460176991150443	0.7343842364532019
6	Kpna2	-2.9598882	-1.5252769	0.0030775072224963943	0.03945522080123583	0.11504424778761062	0.2738916256157635
6	Fam83d	-2.9865594	-2.371803	0.0028213613795951063	0.03688054090973995	0.061946902654867256	0.22206896551724137
6	Gm42826	-3.013389	-0.4436644	0.002583474242006954	0.033993082131670446	0.9911504424778761	0.9927093596059113
6	Cenph	-3.016723	-0.5670938	0.0025552318263576844	0.03384413015043291	0.45132743362831856	0.6076847290640394
6	Hist1h4c	-3.0174851	-1.2480315	0.0025488161907797654	0.03384413015043291	0.18584070796460178	0.3466009852216749
6	Cyr61	-3.0540943	-0.538725	0.002257411148552139	0.030505556061515393	0.45132743362831856	0.6307389162561576
6	Gm11867	-3.075209	-0.57915664	0.002103551532854386	0.028815774422662824	0.7079646017699115	0.7816748768472906
6	Cd63	-3.081432	-0.35576293	0.002060074097898207	0.02841481514342355	0.9734513274336283	0.9838423645320197
6	Hist1h4h	-3.0927355	-1.7433654	0.001983207221813213	0.02754454474740574	0.09734513274336283	0.26541871921182264
6	Gm26668	-3.1369333	-2.1933084	0.001707248781902411	0.024045757491583258	0.07079646017699115	0.2405911330049261
6	Cnn2	-3.151412	-0.39467114	0.0016248309590535723	0.023378862720195282	0.8672566371681416	0.8969458128078818
6	Inhba	-3.151412	-0.8583493	0.0016248309590535723	0.023378862720195282	0.2743362831858407	0.43684729064039407
6	Gm21992	-3.153063	-0.5958023	0.0016156687594569687	0.023378862720195282	0.46017699115044247	0.5980295566502463
6	Dhx40	-3.169288	-0.7083938	0.0015281288184188213	0.022472482623806196	0.37168141592920356	0.5475862068965517
6	Mms22l	-3.1786547	-0.7553831	0.0014796026164021116	0.021920038761512765	0.34513274336283184	0.5091625615763546
6	Vgll3	-3.184211	-0.61870676	0.0014514910114615332	0.021664044947187062	0.5575221238938053	0.6805911330049261
6	Sorbs1	-3.191387	-0.5815209	0.0014159152080376457	0.021291958015603695	0.45132743362831856	0.6025615763546798
6	Pimreg	-3.2386646	-0.94808203	0.0012009069702940817	0.0186187127177377	0.25663716814159293	0.42876847290640396
6	Iqgap3	-3.2474597	-1.109654	0.0011644014148024788	0.01819377210628873	0.23008849557522124	0.3931034482758621
6	Ccne2	-3.2494283	-0.91190434	0.0011563722215381426	0.01819377210628873	0.3008849557522124	0.4604926108374384
6	Acta2	-3.280735	-1.2299769	0.0010353693866808774	0.016565910186894038	0.4424778761061947	0.5584236453201971
6	Pdia3	-3.301659	-0.3421057	0.0009611477318011636	0.01550238277098651	0.9557522123893806	0.967487684729064
6	Ubb	-3.3330295	-0.40264946	0.0008590583698821399	0.01396842877857138	0.9026548672566371	0.9239408866995074
6	Erdr1	-3.3427453	-0.4437928	0.0008295397538114624	0.01371140088944566	0.9469026548672567	0.9611822660098522
6	Mki67	-3.3575733	-0.59448713	0.0007862990792996987	0.013104984654994978	0.672566371681416	0.7856157635467981
6	Fkbp11	-3.3617961	-0.4875876	0.0007743726306739017	0.013014666061746248	0.7433628318584071	0.828768472906404
6	H3f3b	-3.37764	-0.27336547	0.0007311070808812268	0.012391645438664861	0.9911504424778761	0.9962561576354679
6	Parpbp	-3.386975	-1.3505964	0.000706678396608636	0.01221205463049115	0.1504424778761062	0.3333990147783251
6	2010300F17Rik	-3.401009	-1.526079	0.0006713761080610575	0.0117785282115975	0.1592920353982301	0.3341871921182266
6	Kif14	-3.4180913	-1.6480535	0.0006306196583654464	0.011161409882574271	0.1415929203539823	0.31645320197044335
6	Cavin2	-3.4219966	-0.33549204	0.0006216308229219482	0.011161409882574271	0.9911504424778761	0.9795073891625615
6	Aurka	-3.526522	-1.1398484	0.00042105629971893554	0.007725803664567625	0.2920353982300885	0.4535960591133005
6	Cep128	-3.55024	-0.83089215	0.0003848798839935564	0.007261884603652007	0.39823008849557523	0.56
6	Aspm	-3.551161	-1.0783315	0.00038353581514696187	0.007261884603652007	0.3185840707964602	0.48610837438423643
6	2610020C07Rik	-3.5514784	-0.78879184	0.000383073361172509	0.007261884603652007	0.3805309734513274	0.5556650246305419
6	Dlgap5	-3.5543044	-0.87447727	0.00037898041909132686	0.007261884603652007	0.3185840707964602	0.4930049261083744
6	Trim59	-3.6273959	-0.5274737	0.0002862942379838685	0.005637121684811105	0.7079646017699115	0.8009852216748768
6	Tyms	-3.6433349	-0.6105392	0.0002691282314712045	0.0053825646294240895	0.584070796460177	0.7341871921182266
6	Rpa3	-3.661846	-0.6011053	0.0002504043986032223	0.005058674719257016	0.6106194690265486	0.7473891625615764
6	Gas2l3	-3.7778652	-1.4609475	0.00015817842821279267	0.0033300721729008984	0.1592920353982301	0.361576354679803
6	Birc5	-3.7786272	-0.4357629	0.00015769525294796668	0.0033300721729008984	0.8849557522123894	0.9000985221674876
6	H1f0	-3.7895498	-0.5341883	0.00015092060499640985	0.003245604408524943	0.8495575221238938	0.8744827586206897
6	Hist1h3c	-3.812982	-2.2542136	0.00013730001662026926	0.0029847829700058535	0.09734513274336283	0.298128078817734
6	AW554918	-3.8575928	-0.7010101	0.00011450922853788662	0.0025166863414920137	0.49557522123893805	0.670344827586207
6	Hist1h1d	-3.881311	-1.7574779	0.00010389488572193742	0.0023087752382652763	0.23008849557522124	0.4013793103448276
6	Pclaf	-3.8973453	-0.46992803	9.72528713229539e-05	0.00218545778253829	0.831858407079646	0.872512315270936
6	Pola1	-3.9227781	-0.7091231	8.753373448052206e-05	0.0019894030563755013	0.5486725663716814	0.7134975369458129
6	Ccna2	-3.941956	-0.79984546	8.081981558393886e-05	0.0018579267950330773	0.5221238938053098	0.64
6	Mastl	-3.9460201	-1.0748463	7.946093426695506e-05	0.0018579267950330773	0.23893805309734514	0.45399014778325125
6	E2f8	-3.9604669	-1.0119485	7.48033369776924e-05	0.0018024900476552384	0.2743362831858407	0.4870935960591133
6	Tpx2	-3.9729452	-0.55790573	7.098937352781344e-05	0.001733758474460228	0.7964601769911505	0.8445320197044335
6	Polq	-3.9803116	-1.4100844	6.882500947167794e-05	0.0017206252367919484	0.168141592920354	0.3812807881773399
6	Wwox	-3.9944408	-0.8914468	6.484710128061883e-05	0.001641698766597945	0.3274336283185841	0.5294581280788178
6	Gen1	-4.008602	-1.3902866	6.107926851058645e-05	0.001566135090015037	0.13274336283185842	0.35507389162561576
6	Anln	-4.035527	-0.587711	5.44798603078845e-05	0.0014150613066982987	0.7433628318584071	0.8470935960591133
6	Ube2c	-4.136369	-1.0922434	3.528443362057866e-05	0.0009285377268573332	0.48672566371681414	0.6114285714285714
6	Gm10801	-4.2171764	-1.6333255	2.473806073703838e-05	0.0006685962361361725	0.24778761061946902	0.44748768472906403
6	Ncapg	-4.2584214	-0.89632946	2.0587576356977452e-05	0.0005718771210271514	0.36283185840707965	0.5686699507389162
6	Ddias	-4.2635965	-1.3424207	2.01162416555694e-05	0.0005666546945230817	0.20353982300884957	0.43054187192118226
6	Lin54	-4.275313	-0.9208649	1.9086904023576403e-05	0.0005453401149593258	0.4247787610619469	0.6053201970443349
6	Cdkn2c	-4.327131	-1.2578452	1.5106410999317237e-05	0.00044430620586227167	0.26548672566371684	0.4798029556650246
6	Cenpe	-4.3572946	-0.8444231	1.3167988003150595e-05	0.00039307426875076403	0.6548672566371682	0.7773399014778325
6	Kif4	-4.362502	-1.0856904	1.2858342664600431e-05	0.00038964674741213425	0.37168141592920356	0.5420689655172414
6	Il1rl1	-4.424544	-0.4860309	9.664619755826771e-06	0.00029737291556390064	0.9557522123893806	0.9568472906403941
6	Kif18b	-4.4264174	-1.7059381	9.581107098040778e-06	0.00029737291556390064	0.12389380530973451	0.36866995073891623
6	Prim1	-4.462201	-0.8367951	8.11220540980839e-06	0.0002575303304701076	0.5752212389380531	0.6959605911330049
6	Hist1h2ab	-4.524529	-2.2856057	6.053019061148839e-06	0.00019845964134914226	0.13274336283185842	0.3605911330049261
6	Mcm3	-4.5249734	-0.87311083	6.040310590132395e-06	0.00019845964134914226	0.4336283185840708	0.6445320197044335
6	Hist1h2ai	-4.53869	-2.6127155	5.660479261220592e-06	0.00019518894004208937	0.07964601769911504	0.3207881773399015
6	Kif18a	-4.621148	-1.2130755	3.816222462794412e-06	0.00013629365938551473	0.3274336283185841	0.5442364532019704
6	Tubb5	-4.6446443	-0.5112718	3.406632917915686e-06	0.00012387756065147947	0.9734513274336283	0.9875862068965517
6	Fbxo5	-4.684238	-1.3795847	2.8100345462586343e-06	0.0001060390394814579	0.23893805309734514	0.4715270935960591
6	Ccnf	-4.7042093	-1.9173477	2.54851464082065e-06	9.80197938777173e-05	0.12389380530973451	0.3733990147783251
6	Diaph3	-4.7551703	-0.6400518	1.9827917166003366e-06	7.775653790589556e-05	0.7345132743362832	0.8532019704433498
6	Hist1h2ak	-4.7553926	-2.4096503	1.980611428586563e-06	7.775653790589556e-05	0.11504424778761062	0.35881773399014777
6	G2e3	-4.796193	-1.4629861	1.617094709460549e-06	6.600386569226731e-05	0.22123893805309736	0.46620689655172415
6	Kif15	-4.828071	-1.2124853	1.3786172197608257e-06	5.744238415670107e-05	0.336283185840708	0.5538916256157635
6	Rrm2	-4.875921	-0.8740053	1.083022035098326e-06	4.608604404673727e-05	0.5221238938053098	0.7089655172413794
6	Spdl1	-4.8961143	-1.3139719	9.775019210956635e-07	4.335938829881222e-05	0.25663716814159293	0.5014778325123153
6	Ncapg2	-4.897988	-0.97885454	9.682309873629225e-07	4.335938829881222e-05	0.48672566371681414	0.6551724137931034
6	Dbf4	-4.9424076	-0.50792897	7.716361485474117e-07	3.5890053420809846e-05	0.9380530973451328	0.9408866995073891
6	Hist1h4d	-4.969587	-1.7142928	6.709570293666412e-07	3.1950334731744815e-05	0.24778761061946902	0.48354679802955663
6	Ndc80	-5.0200715	-1.015611	5.16522636028049e-07	2.5826131801402447e-05	0.5221238938053098	0.6742857142857143
6	Hist1h2ae	-5.0280094	-1.8349674	4.95597911378587e-07	2.5415277506594205e-05	0.3185840707964602	0.5227586206896552
6	Brca1	-5.046901	-1.3904428	4.4903316848789674e-07	2.3633324657257725e-05	0.25663716814159293	0.5073891625615764
6	Cenpf	-5.1438065	-1.3059548	2.692271621634671e-07	1.4552819576403628e-05	0.6371681415929203	0.7263054187192118
6	Hist2h2ac	-5.1631427	-1.4513761	2.4283771683129274e-07	1.3490984268405154e-05	0.5575221238938053	0.6845320197044334
6	Depdc1a	-5.2151833	-1.7065253	1.8363564964924558e-07	1.0493465694242603e-05	0.17699115044247787	0.449064039408867
6	Atad2	-5.3008165	-0.7633248	1.1528593953066892e-07	6.78152585474523e-06	0.7699115044247787	0.8333004926108374
6	Atad5	-5.3854337	-1.1316855	7.227017630913281e-08	4.380010685401988e-06	0.4247787610619469	0.6494581280788178
6	Cks2	-5.400992	-0.9824932	6.627344583305181e-08	4.142090364565738e-06	0.5929203539823009	0.7607881773399015
6	Cdca8	-5.4859266	-0.99397266	4.113077584831478e-08	2.6535984418267597e-06	0.5929203539823009	0.7534975369458128
6	Cep55	-5.5068507	-1.3281577	3.653098834972077e-08	2.435399223314718e-06	0.3008849557522124	0.572216748768473
6	Pbk	-5.861957	-1.1691638	4.574428449131367e-09	3.154778240780253e-07	0.39823008849557523	0.6504433497536946
6	Ckap2l	-5.883707	-1.6167527	4.011780793806658e-09	2.865557709861899e-07	0.2920353982300885	0.5590147783251231
6	Hist1h1e	-5.932445	-1.4495026	2.9845614821730434e-09	2.2107862830911434e-07	0.6460176991150443	0.7619704433497537
6	Gm26870	-5.9810247	-1.9256535	2.217383495602087e-09	1.7056796120016054e-07	0.3185840707964602	0.5757635467980295
6	Prr11	-6.0696425	-1.5958512	1.2819529244235341e-09	1.0255623395388272e-07	0.3008849557522124	0.581871921182266
6	Smc2	-6.167151	-0.9195538	6.953145982579749e-10	5.794288318816457e-08	0.6814159292035398	0.8405911330049262
6	Hist1h2an	-6.176613	-2.8623486	6.549148751732669e-10	5.694911958028408e-08	0.09734513274336283	0.4236453201970443
6	Clspn	-6.225383	-1.3918582	4.80382113193459e-10	4.367110119940537e-08	0.40707964601769914	0.6482758620689655
6	Nusap1	-6.328257	-2.3090177	2.4794614882408745e-10	2.3613918935627375e-08	0.23893805309734514	0.5229556650246305
6	Incenp	-6.4180493	-1.7139158	1.380313328234004e-10	1.380313328234004e-08	0.2743362831858407	0.5793103448275863
6	Rad51ap1	-6.521432	-2.1837375	6.96393885256287e-11	7.3304619500661796e-09	0.11504424778761062	0.47842364532019704
6	Cdk1	-6.529751	-1.5100144	6.587928300747993e-11	7.319920334164437e-09	0.4336283185840708	0.667192118226601
6	Aurkb	-6.538038	-2.6171668	6.23312048546714e-11	7.319920334164437e-09	0.11504424778761062	0.45714285714285713
6	Sgo2a	-6.7341022	-1.7707728	1.6494542141235013e-11	2.0618177676543764e-09	0.24778761061946902	0.5759605911330049
6	Arhgap11a	-6.9286103	-1.7461339	4.2499415170880175e-12	5.66658868945069e-10	0.3008849557522124	0.6264039408866995
6	Hist1h1b	-6.9800477	-2.2465572	2.9508005394063474e-12	4.2154293420090674e-10	0.2920353982300885	0.5948768472906404
6	Ect2	-7.1116886	-1.564969	1.1463175127885316e-12	1.7635654042900489e-10	0.34513274336283184	0.6719211822660098
6	Mis18bp1	-7.1128635	-1.8511826	1.1365983963684086e-12	1.7635654042900489e-10	0.3274336283185841	0.6248275862068966
6	Brip1	-7.168714	-1.8819978	7.570560754376673e-13	1.3764655917048497e-10	0.23893805309734514	0.594088669950739
6	Slfn9	-7.288448	-1.4245186	3.135458425460722e-13	6.270916850921443e-11	0.5398230088495575	0.7789162561576355
6	Spc25	-7.32801	-2.660955	2.335950629406152e-13	5.191001398680338e-11	0.1592920353982301	0.5217733990147784
6	Smc4	-7.4613023	-0.95327795	8.567156630190059e-14	2.1417891575475148e-11	0.911504424778761	0.9408866995073891
6	Kif11	-7.5162635	-2.5196466	5.6363852978555005e-14	1.6103957993872858e-11	0.18584070796460178	0.5481773399014779
6	Sgo1	-7.5207725	-2.0073268	5.445361800470146e-14	1.6103957993872858e-11	0.23008849557522124	0.6017733990147783
6	Knl1	-7.6988335	-1.6721042	1.3731384678437511e-14	5.492553871375004e-12	0.4247787610619469	0.7140886699507389
6	Kif20b	-7.75551	-1.6662962	8.798937221060833e-15	4.399468610530416e-12	0.504424778761062	0.745024630541872
6	Prc1	-8.473724	-2.0624797	2.3766988599776967e-17	1.5844659066517978e-14	0.5221238938053098	0.7672906403940887
6	Malat1	-8.589966	-0.8528863	8.699532653563775e-18	8.699532653563774e-15	1.0	1.0
6	Top2a	-10.361625	-2.3039143	3.706120484767949e-25	7.412240969535898e-22	0.6814159292035398	0.8790147783251232
7	Mt2	5.710123	0.7382372	1.1289443746402516e-08	8.063888390287511e-07	0.9702970297029703	0.8677019854531158
7	Sox9	5.0834365	0.54042417	3.7066694337455866e-07	1.808131431095408e-05	0.9405940594059405	0.9209750344014154
7	Mt1	4.8365455	0.4953029	1.3211510186045417e-06	5.1809843866844774e-05	0.9801980198019802	0.982307843522705
7	Limd2	4.1582327	0.7592779	3.207190337224794e-05	0.0009163400963499411	0.7425742574257426	0.5804993119716926
7	Tanc1	4.0412617	0.58644664	5.3164416532548316e-05	0.0014368761225013059	0.801980198019802	0.7100452132887753
7	Timp3	4.0242543	0.52196646	5.715613515367336e-05	0.0015241636040979564	0.9504950495049505	0.9270689994102614
7	Ppp3ca	3.9713204	0.39695325	7.147539265427781e-05	0.0018565037053059172	0.9801980198019802	0.9720857086691567
7	Trps1	3.9430084	0.545488	8.046583706899749e-05	0.0020371097992151264	0.8316831683168316	0.7849420090426578
7	Maml3	3.8760862	0.7168199	0.00010615008861371014	0.0025890265515539058	0.7524752475247525	0.6143109887949676
7	Cd34	3.6557293	0.51331395	0.0002564517746148582	0.0055505391634658565	0.8415841584158416	0.8091212895616277
7	Prkca	3.6491547	0.35953388	0.00026310476112056193	0.00559797364086302	0.9801980198019802	0.9718891291527423
7	Peak1	3.622218	0.40448588	0.00029208783189761716	0.006022429523662209	0.9900990099009901	0.9494790642815019
7	Arhgap24	3.5668688	0.5358658	0.0003612722463905373	0.0072984292200108545	0.8613861386138614	0.7912325535679182
7	Ccnd1	3.3954875	0.29210034	0.0006850647380646816	0.013174321885859262	0.9207920792079208	0.9294279536072342
7	Tiam2	3.3852563	0.5529843	0.0007111179629577266	0.013417320055806163	0.7722772277227723	0.6628661293493218
7	Pdzrn3	3.3708992	0.50965184	0.0007492327778888308	0.014004350988576277	0.8415841584158416	0.7955573029290348
7	Pttg1	3.2433276	0.6119449	0.0011814224764734097	0.021286891467989365	0.7326732673267327	0.6314134067230195
7	Rplp0	3.1613102	0.2819949	0.0015706110139550413	0.027798425025752943	1.0	0.9988205229015137
7	Bnc2	3.1250482	0.45748448	0.0017777594492399478	0.03038905041435808	0.8316831683168316	0.7548653430312562
7	Srgap3	3.0954616	0.49566278	0.0019650686930871193	0.03330624903537491	0.7227722772277227	0.5897385492431688
7	Mxd4	3.0837207	0.6007897	0.002044293595353698	0.03407155992256164	0.7029702970297029	0.5492431688618046
7	Ophn1	3.0683236	0.5633842	0.0021526334007884456	0.03558071736840406	0.7227722772277227	0.6494987222331433
7	Chst11	2.9582963	0.4758044	0.0030934472828637286	0.04910233782323379	0.7326732673267327	0.6683703558089247
7	Nrp2	2.9510505	0.3484082	0.0031669515334715693	0.049873252495615264	0.9108910891089109	0.8979752309809318
7	Tubb4b	-2.9849644	-0.45227787	0.0028361129963862053	0.045377807942179285	0.7326732673267327	0.8533516807548653
7	Il1rl1	-3.0111294	-0.38358018	0.002602778239352809	0.04198029418310982	0.9405940594059405	0.957145665421663
7	Hist1h1c	-3.0292103	-1.4999766	0.0024519399445685174	0.03986894218810597	0.1188118811881188	0.2932966384902693
7	Cntln	-3.0505784	-0.639089	0.0022840106648600762	0.03744279778459141	0.5742574257425742	0.6559858462748182
7	Polq	-3.0870752	-1.0149595	0.002021363990795805	0.033972504046988324	0.2079207920792079	0.37998820522901516
7	E2f8	-3.1340046	-0.81	0.0017243810895246985	0.029730708440081008	0.3069306930693069	0.48594456457637114
7	Hist1h4c	-3.1509113	-1.3445102	0.0016276189312437158	0.02830641619554288	0.16831683168316833	0.3465696874385689
7	Plk1	-3.155574	-1.0540812	0.0016018258205691418	0.028102207378405995	0.2376237623762376	0.4094751326911736
7	2700099C18Rik	-3.2347736	-0.9137964	0.0012173916730383095	0.02173913701854124	0.32673267326732675	0.48004717908393946
7	Aspm	-3.293209	-1.0225345	0.0009905080190780885	0.0180092367105107	0.31683168316831684	0.48574798505995676
7	Brca1	-3.3362472	-0.8830835	0.0008491761395764052	0.01558121357020927	0.33663366336633666	0.5052093571849813
7	Bub1b	-3.368048	-1.4177734	0.000757024595153571	0.014018973984325389	0.1782178217821782	0.3593473560055042
7	Fam83d	-3.3888793	-3.844617	0.0007017890556070687	0.013367410582991786	0.0297029702970297	0.22233143306467465
7	Hist1h1d	-3.454359	-1.6299297	0.0005516025446509531	0.010710729022348604	0.24752475247524752	0.40062905445252606
7	Mms22l	-3.4568412	-0.8116369	0.000546546538886381	0.010710729022348604	0.31683168316831684	0.5093375270296835
7	Birc5	-3.469488	-0.4437714	0.0005214517746043594	0.01032577771493781	0.8811881188118812	0.90013760566149
7	Fbln2	-3.5558996	-0.56040084	0.0003766879272310734	0.0075337585446214675	0.7821782178217822	0.8848044033811677
7	Ddias	-3.569586	-1.0712093	0.00035754591327649666	0.007296855372989727	0.22772277227722773	0.4295262433654413
7	Pola1	-3.6398625	-0.6403358	0.0002727835367369225	0.0056829903486858855	0.5643564356435643	0.7127973265185767
7	H1f0	-3.645364	-0.56539804	0.00026701359940527116	0.005621338934847814	0.801980198019802	0.875368586593277
7	Cep128	-3.6540856	-0.87417376	0.0002581000711011623	0.0055505391634658565	0.38613861386138615	0.5598584627481816
7	Lin54	-3.6890395	-0.7426345	0.00022510224664687393	0.004947302124107119	0.39603960396039606	0.60546491055632
7	Kif18b	-3.6981974	-1.6012928	0.00021713608598915163	0.004825246355314481	0.16831683168316833	0.3672105366620798
7	Pbk	-3.7177541	-0.6700351	0.00020100184494703806	0.004516895392068271	0.46534653465346537	0.6485158246510714
7	Kif23	-3.7258718	-1.2000784	0.0001946412471239017	0.004423664707361403	0.2871287128712871	0.46766266954983293
7	Gm10801	-3.7329834	-1.4763337	0.00018922505325143422	0.0043500012241709015	0.24752475247524752	0.447021820326322
7	Ccnb1	-3.812049	-1.4823295	0.0001378196096814329	0.0032051072018937886	0.18811881188118812	0.3943385099272656
7	2610020C07Rik	-3.825668	-0.98646843	0.00013041788416290434	0.0030686560979506904	0.38613861386138615	0.5551405543542363
7	Atad5	-3.8316057	-0.7756655	0.00012730971193095918	0.0030311836174037898	0.45544554455445546	0.648319245134657
7	Ckap2	-3.871088	-0.9041274	0.00010835066103712813	0.0026108593020994727	0.49504950495049505	0.6355415765677216
7	Dlgap5	-3.8942006	-1.140514	9.852314191103837e-05	0.0024326701706429226	0.297029702970297	0.4930214271672892
7	Hist1h4d	-3.936769	-1.5270853	8.258602316088556e-05	0.002064650579022139	0.32673267326732675	0.48142323569884016
7	Iqgap3	-3.9653828	-1.4769425	7.327822565836236e-05	0.0018789288630349321	0.16831683168316833	0.3939453508944368
7	Prim1	-4.000068	-0.7916163	6.332418676410573e-05	0.0016664259674764666	0.5742574257425742	0.6956949085905249
7	Mki67	-4.0820856	-0.7703186	4.463331436532877e-05	0.0012228305305569526	0.6732673267326733	0.7853351680754865
7	Tpx2	-4.1077814	-0.61694	3.994782253680092e-05	0.001109661737133359	0.7524752475247525	0.8452919205818754
7	Hist1h2ai	-4.1270695	-2.4370162	3.6741525996181194e-05	0.0010349725632727098	0.0891089108910891	0.3200314527226263
7	Gas2l3	-4.225893	-1.928089	2.379950491544952e-05	0.0006898407221869425	0.12871287128712872	0.3617063102024769
7	G2e3	-4.238036	-1.4213052	2.2548332722906513e-05	0.0006631862565560739	0.25742574257425743	0.4649105563200315
7	Diaph3	-4.2906346	-0.6552057	1.7816311279039142e-05	0.0005318301874340043	0.7425742574257426	0.8527619422056222
7	Gm26870	-4.336558	-1.35053	1.4473136184644604e-05	0.0004385798843831698	0.37623762376237624	0.5740121879300177
7	Aurka	-4.371109	-1.4813656	1.236169824930431e-05	0.00038035994613244033	0.22772277227722773	0.4544918419500688
7	Brip1	-4.372317	-0.9979421	1.229349900627913e-05	0.00038035994613244033	0.39603960396039606	0.5901317082759976
7	Pclaf	-4.4338045	-0.6280631	9.258451955278475e-06	0.00029391910969138013	0.7920792079207921	0.8732062119127187
7	Kif14	-4.4384675	-2.2196999	9.060170034648997e-06	0.00029226354950480637	0.0594059405940594	0.3176724985256536
7	Ccnf	-4.458762	-1.8792875	8.243435000885067e-06	0.00027027655740606777	0.1188118811881188	0.3729113426380971
7	Rrm2	-4.5758004	-0.87337655	4.744025569508314e-06	0.00015813418565027715	0.5247524752475248	0.7084725771574601
7	Parpbp	-4.6103854	-2.4657073	4.019233277365822e-06	0.00013624519584290925	0.06930693069306931	0.3345783369372911
7	Trim59	-4.6294723	-0.7626451	3.6659859743077964e-06	0.00012641330945888953	0.6435643564356436	0.8020444269707097
7	Hist1h2ak	-4.6390996	-2.6112862	3.4993006154046318e-06	0.00012278247773349585	0.10891089108910891	0.3583644584234323
7	Mastl	-4.643796	-1.6163324	3.420651823887887e-06	0.00012216613656742455	0.2079207920792079	0.45409868291724004
7	Acta2	-4.6764355	-1.6155386	2.919045956291949e-06	0.0001061471256833436	0.33663366336633666	0.5602516217810104
7	Rad51ap1	-4.6881423	-1.2974015	2.7569599536829986e-06	0.00010210962791418513	0.18811881188118812	0.4761155887556517
7	Tyms	-4.761874	-0.8963277	1.918031119227276e-06	7.237853280102928e-05	0.5544554455445545	0.7344210733241596
7	Cdkn2c	-4.7730446	-1.5021077	1.814613997664057e-06	6.97928460640022e-05	0.22772277227722773	0.48004717908393946
7	Tubb5	-4.8575444	-0.54346067	1.1885040069398153e-06	4.754016027759261e-05	0.9900990099009901	0.9872223314330647
7	Hist1h2ab	-4.8774033	-2.7846107	1.0749158729000499e-06	4.387411726122652e-05	0.0891089108910891	0.36091999213681936
7	Cdca8	-4.8897142	-0.93634623	1.0098250239921084e-06	4.207604266633785e-05	0.594059405940594	0.7530961273835266
7	Ncapg2	-4.891425	-1.0309454	1.0010856062875759e-06	4.207604266633785e-05	0.44554455445544555	0.6555926872419894
7	Kif18a	-4.938254	-1.3522023	7.882524552820801e-07	3.427184588182957e-05	0.297029702970297	0.5443286809514448
7	Spdl1	-4.953282	-1.4776074	7.297215484033569e-07	3.2432068817926974e-05	0.24752475247524752	0.5010811873402792
7	Ncapg	-4.9966555	-1.2723578	5.833314429418884e-07	2.6515065588267655e-05	0.33663366336633666	0.5687045409868292
7	Hist1h2ae	-5.0406666	-1.9434636	4.639133748155685e-07	2.157736627049156e-05	0.3069306930693069	0.5225083546294476
7	Ube2c	-5.049623	-1.3722597	4.4268288789629933e-07	2.1080137518871397e-05	0.43564356435643564	0.6121486141144092
7	Ndc80	-5.114767	-1.0347211	3.1412799851157027e-07	1.5706399925578512e-05	0.4158415841584158	0.6760369569490859
7	Fbxo5	-5.1311374	-1.8314549	2.8799685510966145e-07	1.4769069492803151e-05	0.21782178217821782	0.4713976803617063
7	Dbf4	-5.13533	-0.6195654	2.816488649734249e-07	1.4769069492803151e-05	0.8811881188118812	0.9420090426577551
7	Hist2h2ac	-5.1570673	-1.5194046	2.508474320573261e-07	1.3559320651747357e-05	0.5346534653465347	0.684686455671319
7	Aurkb	-5.2241907	-2.0421815	1.7491822305489387e-07	9.717679058605216e-06	0.18811881188118812	0.4548850009828976
7	Slfn9	-5.2768903	-1.0224308	1.3139466236470802e-07	7.508266420840458e-06	0.5643564356435643	0.7778651464517398
7	Nusap1	-5.2944674	-1.81917	1.1936363970386974e-07	7.021390570815866e-06	0.26732673267326734	0.52172203656379
7	Ccna2	-5.3089924	-1.201666	1.1023282012192366e-07	6.680776977086282e-06	0.4158415841584158	0.6418321210929822
7	Hist1h2an	-5.3460264	-2.4444244	8.990619361780006e-08	5.619137101112504e-06	0.13861386138613863	0.4220562217416945
7	Kif15	-5.415397	-1.4886875	6.115280452903974e-08	3.945342227679983e-06	0.2871287128712871	0.5543542362885787
7	Clspn	-5.543908	-1.2549089	2.9579443995380156e-08	1.9719629330253437e-06	0.37623762376237624	0.648319245134657
7	Anln	-5.6477966	-0.9181824	1.625172525680014e-08	1.1208086384000097e-06	0.693069306930693	0.8478474542952624
7	Ckap2l	-5.7409844	-1.6228315	9.412768865428505e-09	6.972421381798892e-07	0.26732673267326734	0.5588755651661097
7	Arhgap11a	-5.7471566	-1.3258696	9.075655809158857e-09	6.972421381798892e-07	0.31683168316831684	0.6253194417141734
7	Cep55	-5.8729506	-1.6194379	4.28106609630279e-09	3.4248528770422313e-07	0.27722772277227725	0.5720463927658738
7	Incenp	-5.908609	-1.6809947	3.450091631541717e-09	2.8750763596180973e-07	0.3069306930693069	0.5779437782583055
7	Kif4	-5.943663	-1.734334	2.787220487380451e-09	2.4236699890264795e-07	0.22772277227722773	0.5445252604678592
7	Hist1h1e	-6.0820026	-1.5718528	1.186906701097248e-09	1.0790060919065892e-07	0.6336633663366337	0.7619422056221742
7	Cks2	-6.21578	-1.2804765	5.107036440157426e-10	4.8638442287213577e-08	0.5247524752475248	0.7617456261057598
7	Cenpf	-6.251908	-1.6602066	4.0546883369386064e-10	4.0546883369386064e-08	0.5346534653465347	0.7281305287988992
7	Atad2	-6.277033	-1.0525831	3.450949882023502e-10	3.6325788231826336e-08	0.6633663366336634	0.8352663652447415
7	Cdk1	-6.323124	-1.5684756	2.5632791686033535e-10	2.8480879651148376e-08	0.42574257425742573	0.6667977196776096
7	Sgo1	-6.3405337	-1.670658	2.2897080921837742e-10	2.6937742260985578e-08	0.297029702970297	0.5995675250638883
7	Hist1h1b	-6.508527	-2.335315	7.589142761673224e-11	9.48642845209153e-09	0.33663366336633666	0.5932769805386279
7	Cenpe	-6.5968843	-1.4464083	4.1988873403504555e-11	5.598516453800608e-09	0.5544554455445545	0.7790446235502261
7	Knl1	-6.692621	-1.4927118	2.1920773854806707e-11	3.131539122115244e-09	0.42574257425742573	0.7133870650678199
7	Depdc1a	-6.760483	-3.3570259	1.3753260133867098e-11	2.115886174441092e-09	0.06930693069306931	0.450560251621781
7	Mis18bp1	-6.897246	-1.9093248	5.3020456061061846e-12	8.83674267684364e-10	0.31683168316831684	0.6243365441321015
7	Malat1	-6.9094224	-0.6781347	4.8663074413083176e-12	8.83674267684364e-10	1.0	1.0
7	Smc2	-6.949911	-1.1420805	3.655161372537601e-12	7.310322745075201e-10	0.6633663366336634	0.84057401218793
7	Ect2	-7.0211945	-1.7177509	2.1997974198706903e-12	4.888438710823757e-10	0.38613861386138615	0.6703361509730686
7	Spc25	-7.0849967	-2.7587137	1.3904754426966246e-12	3.4761886067415615e-10	0.1485148514851485	0.5211322980145469
7	Sgo2a	-7.1182733	-2.2757502	1.0928745155322207e-12	3.122498615806345e-10	0.21782178217821782	0.5757814035777472
7	Kif11	-7.2391696	-2.5859826	4.514409075153625e-13	1.5048030250512083e-10	0.16831683168316833	0.5476705327304895
7	Prr11	-7.2421885	-2.2631662	4.415018257203704e-13	1.5048030250512083e-10	0.21782178217821782	0.5828582661686652
7	Kif20b	-7.909431	-1.8872664	2.5856760605327234e-15	1.2928380302663617e-12	0.45544554455445546	0.7454295262433654
7	Smc4	-8.357759	-1.1895384	6.392057800429692e-17	4.261371866953128e-14	0.8811881188118812	0.9414193041085119
7	Prc1	-8.955665	-2.3923533	3.3769445147195153e-19	3.3769445147195155e-16	0.42574257425742573	0.7686259091802634
7	Top2a	-10.191998	-2.4420025	2.152938115322678e-24	4.305876230645356e-21	0.6633663366336634	0.878907017888736
8	Tanc2	5.484626	0.7403271	4.143460343767237e-08	2.5111880871316584e-06	0.9772727272727273	0.9205882352941176
8	Arhgap24	5.1586585	0.83640355	2.487256087722768e-07	1.243628043861384e-05	0.9318181818181818	0.7901960784313725
8	Timp3	4.937028	0.6856629	7.932207897050697e-07	3.4487860421959555e-05	0.9886363636363636	0.9264705882352942
8	Prkca	4.8749	0.54975	1.0886374032142675e-06	4.632499588145819e-05	1.0	0.9715686274509804
8	Ppp3ca	4.799312	0.59698373	1.592115332951344e-06	6.498429930413649e-05	1.0	0.971764705882353
8	Sox9	4.3863077	0.5249333	1.1529090312205298e-05	0.0003660028670541364	0.9772727272727273	0.9203921568627451
8	Fbxl7	4.3056955	0.66463363	1.6646195667123298e-05	0.000512190635911486	0.8977272727272727	0.8286274509803921
8	Pdgfc	4.2340198	0.698118	2.2955053770270998e-05	0.0006653638773991593	0.8181818181818182	0.7080392156862745
8	Maml3	4.182085	0.8967313	2.8884807718468254e-05	0.00079911868025264	0.7272727272727273	0.6150980392156863
8	Plpp3	4.176773	0.63904846	2.956739116934768e-05	0.00079911868025264	0.9090909090909091	0.8127450980392157
8	Frmd4a	3.9080887	0.48821372	9.302915526127e-05	0.0021634687270062794	0.9772727272727273	0.9364705882352942
8	Pvt1	3.859599	0.48317704	0.00011357314822042899	0.0025522055779871686	0.9318181818181818	0.9001960784313725
8	Pdzrn3	3.8220208	0.6365563	0.00013236255933440926	0.0028465066523528874	0.8295454545454546	0.7958823529411765
8	Zeb1	3.8049364	0.55708617	0.00014184066200941537	0.0029861192001982184	0.9090909090909091	0.850392156862745
8	Trps1	3.750094	0.68993527	0.00017676826676927616	0.0036075156483525743	0.8636363636363636	0.7845098039215687
8	Zfp608	3.6420963	0.8602029	0.0002704268375641525	0.005273519126711283	0.625	0.48137254901960785
8	Ssfa2	3.6385071	0.6799887	0.0002742229945889867	0.005273519126711283	0.7727272727272727	0.6564705882352941
8	Ror1	3.5969448	0.6044057	0.00032197685094178207	0.006018258896108076	0.8522727272727273	0.7888235294117647
8	Fmnl2	3.589623	0.5444499	0.0003311567228987693	0.006132531905532765	0.9431818181818182	0.8641176470588235
8	Slit2	3.5214648	0.6619323	0.00042916966680235386	0.007529292400041295	0.8522727272727273	0.8033333333333333
8	Nrp2	3.4694579	0.45571858	0.00052150977421534	0.009069735203745044	0.9431818181818182	0.8974509803921569
8	Ehbp1	3.4536297	0.57109374	0.0005530962041726	0.009454635968762393	0.8522727272727273	0.7484313725490196
8	Ank	3.3994694	0.45704156	0.0006751674348390655	0.011159792311389513	0.9659090909090909	0.9194117647058824
8	Sh3rf3	3.3631113	0.5904781	0.0007706930990766649	0.01243053385607524	0.8636363636363636	0.7594117647058823
8	Ccnd1	3.320508	0.35131714	0.0008985380813224315	0.014056624151673401	0.9545454545454546	0.9288235294117647
8	Ngf	3.317493	0.5294079	0.0009082918076139644	0.014056624151673401	0.8863636363636364	0.7711764705882352
8	Cdk8	3.3146935	0.43999007	0.0009174366104514491	0.014056624151673401	0.8977272727272727	0.8380392156862745
8	Bnc2	3.2674243	0.6024503	0.0010853088564847684	0.01632043393210178	0.8977272727272727	0.753921568627451
8	Zfpm2	3.2385676	0.537836	0.0012013159615895824	0.01779727350503085	0.8977272727272727	0.8127450980392157
8	Peak1	3.2161353	0.38238516	0.0012992957782997658	0.018967821581018476	0.9886363636363636	0.9496078431372549
8	Cxcl1	3.1790593	1.0861845	0.00147753872262764	0.02081040454405127	0.48863636363636365	0.3241176470588235
8	Flrt2	3.162944	0.47852415	0.0015618239092166774	0.021691998739120522	0.875	0.7876470588235294
8	Cpne4	3.1466134	0.4601305	0.0016517325162873297	0.022782517466032135	0.8863636363636364	0.8292156862745098
8	Itpr2	3.079173	0.57502264	0.0020757606567731106	0.02767680875697481	0.7386363636363636	0.6445098039215686
8	2610035D17Rik	3.0591815	0.8140479	0.002219426751847722	0.029202983576943713	0.5340909090909091	0.38529411764705884
8	Peli2	3.0307553	0.557185	0.002439428278716194	0.03146483451446498	0.75	0.643921568627451
8	Cpa6	3.028925	0.63947594	0.0024542570921282686	0.03146483451446498	0.7045454545454546	0.5605882352941176
8	Ldb2	2.9900544	0.55303276	0.0027892785183844643	0.03508526438219452	0.6931818181818182	0.5923529411764706
8	Mast4	2.9834144	0.41634032	0.002850517887468951	0.03563147359336189	0.9431818181818182	0.8696078431372549
8	Zc3h12b	2.9784613	0.6345673	0.002896995809619899	0.03598752558534036	0.6477272727272727	0.5233333333333333
8	Spaca6	2.901474	0.6610244	0.003714116824387191	0.045294107614477934	0.6477272727272727	0.5570588235294117
8	Ttyh2	2.894798	0.65435195	0.0037940247568237022	0.04598817887059033	0.6022727272727273	0.48470588235294115
8	Adgrl2	2.868992	0.6604062	0.004117821282171918	0.0495114401652494	0.7045454545454546	0.5954901960784313
8	Ccnb1	-2.8677359	-1.0519599	0.004134205253798325	0.0495114401652494	0.2159090909090909	0.3933333333333333
8	Selenok	-2.9234037	-0.5558819	0.0034622733184535757	0.04248188120801933	0.6022727272727273	0.7309803921568627
8	Timp1	-2.9616282	-0.57248735	0.003060170779387884	0.03777988616528252	0.7159090909090909	0.817843137254902
8	Ccdc122	-2.996443	-1.8931637	0.0027314929407717173	0.034575860009768575	0.11363636363636363	0.2884313725490196
8	H2afz	-3.0167217	-0.34336415	0.0025552425615958407	0.032550860657271856	1.0	0.9958823529411764
8	Pcna-ps2	-3.035134	-0.78126574	0.002404287521248899	0.031224513262972712	0.3977272727272727	0.5637254901960784
8	Fkbp11	-3.0539055	-0.5291698	0.002258832996474882	0.02952722871208996	0.75	0.8282352941176471
8	Ckap2	-3.0647087	-0.66820246	0.002178820573184577	0.02885855063820632	0.48863636363636365	0.6352941176470588
8	Prdx1	-3.0909455	-0.37730068	0.001995202583866419	0.026781242736462	1.0	0.9972549019607844
8	Lin54	-3.1058404	-0.6728008	0.0018973903797654288	0.02564041053737066	0.4659090909090909	0.6037254901960785
8	Tyms	-3.1107218	-0.60486853	0.0018663071438670136	0.02539193393016345	0.6022727272727273	0.7331372549019608
8	Hist1h2al	-3.1429882	-1.1484393	0.0016723254976424252	0.022908568460855143	0.07954545454545454	0.2817647058823529
8	Kpna2	-3.172168	-2.1388457	0.0015130540052236746	0.021161594478652793	0.07954545454545454	0.27372549019607845
8	Gm6634	-3.1803155	-0.72500145	0.0014711479597846926	0.02081040454405127	0.4659090909090909	0.6307843137254902
8	Hmmr	-3.1812127	-0.71697885	0.0014665987351246605	0.02081040454405127	0.625	0.7182352941176471
8	Dlgap5	-3.1840842	-0.8907774	0.001452128191014961	0.02081040454405127	0.3068181818181818	0.4923529411764706
8	Ndufa4	-3.2023888	-0.3744101	0.0013629291295807748	0.019752596080880792	1.0	0.9954901960784314
8	Id3	-3.2293434	-0.5667175	0.0012407483167802117	0.018246298776179583	0.7386363636363636	0.8598039215686275
8	Id2	-3.254324	-0.87185985	0.001136626119478079	0.016964568947434016	0.3977272727272727	0.5576470588235294
8	Diaph3	-3.311571	-0.48425266	0.0009277371940104445	0.014056624151673401	0.75	0.8523529411764705
8	Hist1h4c	-3.3123965	-1.6152629	0.0009250036814096094	0.014056624151673401	0.14772727272727273	0.34647058823529414
8	Plk1	-3.317852	-1.2572135	0.00090712552590602	0.014056624151673401	0.2159090909090909	0.40941176470588236
8	Kif2c	-3.3217282	-1.3464288	0.0008946178158042868	0.014056624151673401	0.17045454545454544	0.3707843137254902
8	H3f3b	-3.3576198	-0.27246976	0.0007861666717946062	0.0125786667487137	1.0	0.996078431372549
8	Fam83d	-3.3765705	-4.0341444	0.000733955478501014	0.011934235422780715	0.011363636363636364	0.22215686274509805
8	E2f8	-3.3954854	-0.9401312	0.0006850702768747066	0.011230660276634535	0.2840909090909091	0.4858823529411765
8	Anxa5	-3.415764	-0.43645918	0.0006360331262051982	0.010600552103419971	0.9431818181818182	0.9433333333333334
8	Cst3	-3.4328485	-0.41313466	0.0005972757037485393	0.010038247121824192	0.9545454545454546	0.9654901960784313
8	Gas2l3	-3.4407806	-1.7498846	0.0005800387617911289	0.009831165454086932	0.17045454545454544	0.3603921568627451
8	Msmo1	-3.4603775	-0.8109139	0.0005394189126930334	0.009300326080914368	0.42045454545454547	0.6164705882352941
8	Iqgap3	-3.5272074	-1.4893624	0.00041996760197822826	0.007433054902269526	0.19318181818181818	0.39294117647058824
8	Wwox	-3.5292172	-1.0004754	0.00041679064711368046	0.007433054902269526	0.32954545454545453	0.5284313725490196
8	Gen1	-3.538621	-1.5333823	0.0004022229664237552	0.007247260656283877	0.13636363636363635	0.353921568627451
8	Aurka	-3.555777	-1.102148	0.0003768634725432844	0.006852063137150625	0.25	0.4535294117647059
8	Actb	-3.576307	-0.3275072	0.00034848225739689883	0.0063941698604935565	1.0	1.0
8	Cd63	-3.599816	-0.45092556	0.0003184423543950555	0.00600834630934067	0.9659090909090909	0.983921568627451
8	Hist1h4h	-3.622966	-3.291527	0.00029124397820398554	0.005547504346742582	0.045454545454545456	0.2654901960784314
8	Polq	-3.6391532	-1.2948081	0.00027353602120335104	0.005273519126711283	0.14772727272727273	0.38058823529411767
8	Rpa3	-3.6474082	-0.6642536	0.00026489882733177173	0.00524552133330241	0.5795454545454546	0.7472549019607844
8	2610020C07Rik	-3.6569555	-0.8355812	0.00025522873451896483	0.005104574690379296	0.3181818181818182	0.5558823529411765
8	Prim1	-3.7088904	-0.7580279	0.00020816940235630557	0.004205442471844557	0.5454545454545454	0.6958823529411765
8	Pimreg	-3.7862368	-1.4852581	0.0001529459062779176	0.0031535238407818062	0.22727272727272727	0.4284313725490196
8	Prdx4	-3.7865958	-0.6160103	0.0001527252564098899	0.0031535238407818062	0.7954545454545454	0.8629411764705882
8	Hist1h3c	-3.8118274	-2.908569	0.00013794311845323931	0.0029349599670901983	0.06818181818181818	0.29764705882352943
8	Cep128	-3.8292348	-1.006657	0.00012854225070026384	0.002794396754353562	0.3522727272727273	0.56
8	Hist1h2ai	-3.8416893	-2.4273803	0.00012219044303683456	0.0026855042425677927	0.09090909090909091	0.31941176470588234
8	Hist1h2ab	-3.850698	-2.120822	0.00011778162121216288	0.0026173693602702863	0.13636363636363635	0.3594117647058824
8	Ncapg	-3.8667057	-0.94825685	0.00011031540805558194	0.0025071683648995894	0.3522727272727273	0.567843137254902
8	Parpbp	-3.882821	-2.1332593	0.0001032515611922504	0.0023735991078678255	0.10227272727272728	0.3333333333333333
8	Psma2	-4.016338	-0.5820516	5.9109550705804824e-05	0.0013908129577836427	0.8409090909090909	0.9062745098039215
8	Tpx2	-4.063212	-0.6789543	4.840202536616647e-05	0.001152429175384916	0.7386363636363636	0.8452941176470589
8	Ubb	-4.0703187	-0.6386383	4.694889423003996e-05	0.0011312986561455413	0.8295454545454546	0.9250980392156862
8	Fbxo5	-4.079435	-1.3401974	4.5145286829044364e-05	0.00110110455680596	0.25	0.47019607843137257
8	Kif14	-4.0843883	-2.667983	4.4193125034272265e-05	0.001091188272451167	0.06818181818181818	0.3168627450980392
8	Brca1	-4.091459	-1.1445928	4.286683101882373e-05	0.0010716707754705932	0.25	0.5062745098039215
8	Clspn	-4.1148243	-0.94513744	3.874747819360545e-05	0.000980948815027986	0.45454545454545453	0.6462745098039215
8	Aspm	-4.129755	-1.61696	3.6315003423057716e-05	0.0009311539339245568	0.2727272727272727	0.486078431372549
8	Atad5	-4.132985	-0.91622615	3.580817459069194e-05	0.0009300824569010894	0.42045454545454547	0.6484313725490196
8	Brip1	-4.1339903	-1.0521605	3.565186930912159e-05	0.0009300824569010894	0.375	0.59
8	Fkbp3	-4.1699896	-0.5181984	3.04613765409366e-05	0.0008123033744249761	0.9318181818181818	0.9670588235294117
8	Kif18a	-4.1785316	-1.2550455	2.9339720692595342e-05	0.00079911868025264	0.3409090909090909	0.5429411764705883
8	G2e3	-4.1871457	-1.3193603	2.8248462433596943e-05	0.0007957313361576605	0.19318181818181818	0.4654901960784314
8	2700099C18Rik	-4.20886	-1.266996	2.5666235514845146e-05	0.0007333210147098613	0.22727272727272727	0.48137254901960785
8	Hist1h1d	-4.2457566	-2.2350554	2.1785710464037077e-05	0.0006407561901187375	0.17045454545454544	0.4015686274509804
8	Acta2	-4.2490587	-1.6334227	2.1467081558335382e-05	0.0006407561901187375	0.3409090909090909	0.5596078431372549
8	Rad51ap1	-4.262697	-1.1467319	2.0197399841196366e-05	0.0006120424194301929	0.20454545454545456	0.4750980392156863
8	Kif18b	-4.363122	-2.2444456	1.2821943293121453e-05	0.0004006857279100454	0.10227272727272728	0.367843137254902
8	Birc5	-4.4006643	-0.6650967	1.0791987460137918e-05	0.00034812862774638445	0.8522727272727273	0.9005882352941177
8	Hist1h2ae	-4.4007006	-1.6829478	1.0790202380268426e-05	0.00034812862774638445	0.3068181818181818	0.5219607843137255
8	Cenph	-4.430993	-1.082734	9.380018888617461e-06	0.00031266729628724873	0.38636363636363635	0.6080392156862745
8	Tubb5	-4.434833	-0.52524835	9.214357262864697e-06	0.0003123510936564304	0.9772727272727273	0.9874509803921568
8	Hist1h2ak	-4.4609623	-2.4316835	8.159243299032374e-06	0.0002813532172080129	0.09090909090909091	0.3580392156862745
8	H1f0	-4.4688945	-0.76064974	7.862494513994575e-06	0.0002758770004910377	0.7613636363636364	0.8758823529411764
8	Mastl	-4.4870195	-1.5362202	7.2226430899765485e-06	0.00025795153892773384	0.18181818181818182	0.453921568627451
8	Hist1h4d	-4.513328	-1.793369	6.381817213186998e-06	0.0002320660804795272	0.23863636363636365	0.48254901960784313
8	Kif23	-4.544805	-1.5946549	5.4986129252621494e-06	0.0002036523305652648	0.19318181818181818	0.4688235294117647
8	Anln	-4.561889	-0.7329429	5.069534987255179e-06	0.00019130320706623317	0.7840909090909091	0.8458823529411764
8	Mki67	-4.5661244	-0.95729756	4.9682350654059166e-06	0.00019108596405407373	0.625	0.7858823529411765
8	Ddias	-4.6558175	-1.9011428	3.226974951439672e-06	0.00012654803731135969	0.1590909090909091	0.43019607843137253
8	Aurkb	-4.6885147	-1.8742201	2.751949653664481e-06	0.00011007798614657924	0.19318181818181818	0.4541176470588235
8	Ube2c	-4.846258	-1.403313	1.2581172303762771e-06	5.242155126567821e-05	0.38636363636363635	0.6125490196078431
8	Spdl1	-4.9822154	-1.6593714	6.286037341176574e-07	2.793794373856255e-05	0.2159090909090909	0.5009803921568627
8	Dbi	-5.0001254	-0.6302915	5.729304358954058e-07	2.6042292540700264e-05	0.9545454545454546	0.9892156862745098
8	Hist2h2ac	-5.128653	-1.5458621	2.91822563401558e-07	1.3573142483793397e-05	0.4659090909090909	0.6854901960784314
8	Malat1	-5.135867	-0.48861462	2.808458201147855e-07	1.3373610481656452e-05	1.0	1.0
8	Cdkn2c	-5.147999	-1.8320372	2.632804241062678e-07	1.2842947517378917e-05	0.17045454545454544	0.4803921568627451
8	Prr11	-5.1900635	-1.6100904	2.1022233735324095e-07	1.0780632684781588e-05	0.3522727272727273	0.5796078431372549
8	Sgo1	-5.3615894	-1.4577801	8.249291842095752e-08	4.3417325484714486e-06	0.3181818181818182	0.5984313725490196
8	Ckap2l	-5.3819757	-1.7094418	7.367270373865607e-08	3.982308310197625e-06	0.2727272727272727	0.5580392156862745
8	Depdc1a	-5.4095044	-2.2851183	6.319934550125187e-08	3.5110747500695484e-06	0.125	0.44862745098039214
8	Hist1h1b	-5.444822	-1.9920788	5.1857260482307604e-08	2.963272027560434e-06	0.36363636363636365	0.592156862745098
8	Hist1h2an	-5.4462576	-2.8958118	5.1440649799143876e-08	2.963272027560434e-06	0.10227272727272728	0.42196078431372547
8	Rrm2	-5.5284853	-1.2124207	3.2300789101579726e-08	2.018799318848733e-06	0.4431818181818182	0.7094117647058824
8	Atad2	-5.5299926	-0.9702037	3.202444329559232e-08	2.018799318848733e-06	0.7045454545454546	0.8341176470588235
8	Slfn9	-5.6022425	-1.2037996	2.11596556692435e-08	1.4106437112829e-06	0.6022727272727273	0.7766666666666666
8	Nusap1	-5.6507316	-2.3486614	1.5976625523880343e-08	1.1018362430262305e-06	0.23863636363636365	0.5215686274509804
8	Ndc80	-5.6776147	-1.3755047	1.3658608080598559e-08	9.75614862899897e-07	0.4090909090909091	0.6754901960784314
8	Kif15	-5.7111015	-1.6899617	1.1224737001946093e-08	8.314620001441551e-07	0.22727272727272727	0.5547058823529412
8	Cenpe	-5.724525	-1.3528384	1.0372365884600042e-08	7.978742988153879e-07	0.6136363636363636	0.7774509803921569
8	Pclaf	-5.8093367	-0.90911794	6.272089080114861e-09	5.017671264091889e-07	0.7727272727272727	0.8733333333333333
8	Smc2	-5.850827	-0.94648755	4.891341849741476e-09	4.076118208117896e-07	0.75	0.8386274509803922
8	Kif4	-5.852658	-1.894855	4.837792324195929e-09	4.076118208117896e-07	0.20454545454545456	0.5441176470588235
8	Ncapg2	-5.8603024	-1.426836	4.620245312617701e-09	4.076118208117896e-07	0.32954545454545453	0.6570588235294118
8	Mis18bp1	-5.871896	-1.6525849	4.308401722752918e-09	4.076118208117896e-07	0.3522727272727273	0.6229411764705882
8	Cdca8	-5.872003	-1.2535129	4.3056036274359555e-09	4.076118208117896e-07	0.5340909090909091	0.7537254901960785
8	Cenpf	-5.8867908	-1.6118889	3.937672147184204e-09	4.076118208117896e-07	0.5227272727272727	0.7278431372549019
8	Cks2	-5.9007883	-1.3149383	3.617689481827305e-09	4.019654979808117e-07	0.5227272727272727	0.7611764705882353
8	Cep55	-5.9178367	-1.7954648	3.262034945661682e-09	3.8376881713666845e-07	0.25	0.571764705882353
8	Pbk	-5.9375772	-1.4430932	2.8926500391481658e-09	3.615812548935207e-07	0.36363636363636365	0.6498039215686274
8	Arhgap11a	-5.971028	-1.6947566	2.357632030237931e-09	3.143509373650575e-07	0.32954545454545453	0.624313725490196
8	Ccna2	-6.0377145	-1.5544853	1.563122366899368e-09	2.2330319527133829e-07	0.3522727272727273	0.6423529411764706
8	Spc25	-6.054763	-2.4431334	1.4062449206576103e-09	2.1634537240886314e-07	0.20454545454545456	0.5192156862745098
8	Dbf4	-6.200483	-0.7754557	5.6290208920465e-10	9.381701486744167e-08	0.9090909090909091	0.9413725490196079
8	Cdk1	-6.3790073	-1.7198762	1.7823937733509525e-10	3.240715951547187e-08	0.375	0.6670588235294118
8	Incenp	-6.602648	-2.2670443	4.0387836480171405e-11	8.07756729603428e-09	0.25	0.5782352941176471
8	Kif11	-6.7443833	-2.5957212	1.5367808580884094e-11	3.415068573529799e-09	0.17045454545454544	0.5466666666666666
8	Sgo2a	-6.767713	-2.2732918	1.3083389767250112e-11	3.270847441812528e-09	0.19318181818181818	0.5752941176470588
8	Hist1h1e	-6.9571486	-1.9608558	3.4722832637655913e-12	9.920809325044547e-10	0.5454545454545454	0.7631372549019608
8	Ect2	-6.9982085	-1.8944575	2.592557501632658e-12	8.641858338775527e-10	0.3522727272727273	0.6701960784313725
8	Knl1	-7.3560834	-1.9106505	1.893846417316845e-13	7.575385669267381e-11	0.3977272727272727	0.7131372549019608
8	Prc1	-7.3795204	-1.9904919	1.588604491293169e-13	7.575385669267381e-11	0.5	0.7664705882352941
8	Smc4	-7.5518003	-1.1530752	4.2928288685128144e-14	2.861885912341876e-11	0.875	0.9413725490196079
8	Kif20b	-8.249891	-2.2644484	1.5853901042834079e-16	1.5853901042834078e-13	0.4318181818181818	0.7450980392156863
8	Top2a	-8.656183	-2.1243744	4.878229443445427e-18	9.756458886890854e-15	0.7954545454545454	0.876078431372549
9	Srgap3	4.8516836	0.88276035	1.2241765541483885e-06	4.9966389965240345e-05	0.7608695652173914	0.5892857142857143
9	Nrp2	4.591015	0.5538738	4.410962559661076e-06	0.0001575343771307527	0.9456521739130435	0.8973704866562009
9	Timp3	4.5454335	0.6135708	5.482227881936231e-06	0.00018617937146193412	0.967391304347826	0.9268053375196232
9	Fbxl7	4.4973946	0.6381353	6.879132715131647e-06	0.00022190750693973054	0.9239130434782609	0.8281004709576139
9	Ssfa2	4.4923725	0.70095193	7.0434022336790385e-06	0.00022360007091044566	0.8478260869565217	0.6550235478806907
9	Arhgap24	4.385057	0.6450577	1.1595544737723176e-05	0.00035678599192994387	0.8695652173913043	0.7912087912087912
9	Flrt2	4.1512165	0.625687	3.307124109746783e-05	0.0009448926027847951	0.8804347826086957	0.7874803767660911
9	Adamts12	4.1086907	0.70538485	3.979084776068781e-05	0.0011053013266857726	0.8260869565217391	0.6542386185243328
9	Maml3	3.9608507	0.6733214	7.46832371748151e-05	0.0018670809293703774	0.8152173913043478	0.6134222919937206
9	Zeb1	3.8425083	0.5019859	0.00012178328162941152	0.0029145783544244947	0.9239130434782609	0.8500784929356358
9	Tanc1	3.786006	0.58242005	0.00015308797048275795	0.0035192636892588036	0.8478260869565217	0.7093799058084772
9	Chst11	3.7716434	0.58563775	0.0001621759129346248	0.0036858162030596543	0.782608695652174	0.6675824175824175
9	Col4a5	3.7655683	0.5154099	0.0001661707159307481	0.003692350717147753	0.9239130434782609	0.8626373626373627
9	Ror1	3.5759397	0.53530014	0.0003489721945576037	0.007049943324396035	0.8804347826086957	0.7882653061224489
9	Pdlim5	3.4731188	0.45128313	0.0005144476628804747	0.009989275007387858	0.9565217391304348	0.8706828885400314
9	Frmd4a	3.3995147	0.4385699	0.0006750553757168106	0.012736893881449256	0.9782608695652174	0.9364207221350078
9	Pan3	3.34073	0.53200734	0.0008355847615406207	0.015473791880381865	0.7934782608695652	0.6711145996860283
9	Tubb2a	3.3223288	0.5705371	0.0008926940908983648	0.016379708089878254	0.6956521739130435	0.5364992150706437
9	Zfp36l1	3.2727797	0.5109111	0.0010649547879113541	0.019188374556961336	0.8695652173913043	0.7813971742543171
9	Bnc2	3.2695138	0.49832132	0.0010773248692000346	0.01923794409285776	0.8043478260869565	0.7554945054945055
9	Pdzrn3	3.2032492	0.5034235	0.001358863818633335	0.023632414237101478	0.9021739130434783	0.7945447409733124
9	Csgalnact1	3.17031	0.5021719	0.0015227642767684582	0.026030158577238602	0.8369565217391305	0.6870094191522763
9	Col11a1	3.130523	0.62312	0.0017449532370718429	0.029575478594438015	0.75	0.6312794348508635
9	Ube2e2	3.111806	0.4568295	0.0018594667055799059	0.0309911117596651	0.8260869565217391	0.734497645211931
9	Fgf10	3.106995	0.5032789	0.0018899958227536501	0.031193980367286035	0.7608695652173914	0.5769230769230769
9	Ophn1	3.1049933	0.5581736	0.0019028328024044481	0.031193980367286035	0.7608695652173914	0.6489403453689168
9	Galnt18	3.1019032	0.7436976	0.0019228086118265816	0.031265180680107016	0.5869565217391305	0.45859497645211933
9	Dusp4	3.088313	0.7440749	0.002012962756115449	0.032467141227668535	0.5652173913043478	0.40482731554160123
9	Peli2	3.0206788	0.5420301	0.002522086888844705	0.04035339022151528	0.75	0.6438383045525903
9	Ppp3ca	2.9943767	0.36372328	0.0027500620158906587	0.043651778030010455	0.9891304347826086	0.9719387755102041
9	Tanc2	2.9630527	0.37031054	0.003046042781909304	0.04796917766786305	0.9239130434782609	0.9215070643642073
9	H3f3b	-3.126906	-0.22861682	0.0017665638345646822	0.029690148480078695	1.0	0.9960753532182104
9	Trim59	-3.1816876	-0.54032964	0.0014641964367143334	0.025244766150247126	0.7608695652173914	0.7996467817896389
9	Diaph3	-3.2146268	-0.46441206	0.001306141992326111	0.02291477179519493	0.7934782608695652	0.8516483516483516
9	Tubb5	-3.236118	-0.35535443	0.0012116725123806048	0.021445531192577076	0.9891304347826086	0.9872448979591837
9	Gm10801	-3.281348	-1.2465924	0.0010331218444548788	0.01878403353554325	0.2608695652173913	0.44642857142857145
9	Hist1h1c	-3.3591309	-2.157716	0.0007818802802087422	0.014614584676798919	0.09782608695652174	0.29336734693877553
9	Id2	-3.4186182	-0.93456656	0.0006294000097219938	0.011988571613752264	0.40217391304347827	0.5576923076923077
9	Lin54	-3.4495907	-0.7863589	0.0005614369623161444	0.010796864659925855	0.4891304347826087	0.603414442700157
9	Polq	-3.4876218	-1.1906681	0.00048733682422974375	0.00955562400450478	0.15217391304347827	0.38069073783359497
9	Plk1	-3.5089376	-1.3963504	0.00044990061024737334	0.00890892297519551	0.21739130434782608	0.4095368916797488
9	Tyms	-3.5281463	-0.65371794	0.000418480984376735	0.0083696196875347	0.6086956521739131	0.7331240188383046
9	Cdkn2c	-3.5795918	-1.1269469	0.00034413143730425207	0.007023090557229634	0.2826086956521739	0.4786106750392465
9	Pimreg	-3.6407995	-1.4514494	0.0002717925899358763	0.005603970926512913	0.25	0.4281789638932496
9	Cntln	-3.669279	-0.73560613	0.00024323545840782348	0.005067405383496323	0.532608695652174	0.6565934065934066
9	Kif15	-3.6936147	-0.90549564	0.00022108869305800338	0.004654498801221124	0.3695652173913043	0.5523940345368917
9	Brip1	-3.7034473	-0.95882314	0.00021268936148746473	0.004525305563563079	0.45652173913043476	0.5886970172684458
9	Ccnb1	-3.7059405	-1.6690737	0.0002106076677878479	0.004525305563563079	0.1956521739130435	0.3938383045525903
9	Hist1h3c	-3.759739	-2.648749	0.00017009075918822194	0.0036976251997439553	0.07608695652173914	0.29768445839874413
9	Kif2c	-3.762829	-1.6079091	0.00016800195763022277	0.003692350717147753	0.15217391304347827	0.37127158555729983
9	Hist1h2al	-3.7667973	-3.0490773	0.00016535512325544332	0.003692350717147753	0.06521739130434782	0.28218210361067503
9	Hist1h1d	-3.7979105	-1.706894	0.00014592100202016016	0.003393511674887446	0.1956521739130435	0.40129513343799056
9	Hist1h2ak	-3.8226326	-1.9194448	0.00013203452340437334	0.003106694668338196	0.14130434782608695	0.35733908948194665
9	Hmmr	-3.8412442	-0.839848	0.0001224122908858288	0.0029145783544244947	0.5869565217391305	0.7189952904238619
9	Parpbp	-3.8675814	-2.2948873	0.00010992012163232402	0.0026809785763981468	0.11956521739130435	0.33320251177394034
9	Cep128	-3.9010122	-1.0087448	9.579129403133654e-05	0.002365217136576211	0.358695652173913	0.5600470957613815
9	Kif14	-4.007696	-2.5580425	6.131398757242388e-05	0.0015522528499347817	0.08695652173913043	0.31671899529042385
9	Hist1h2ab	-4.0202327	-2.1334565	5.814073318336009e-05	0.0014907880303425664	0.13043478260869565	0.3596938775510204
9	2700099C18Rik	-4.022796	-1.2907473	5.7511307513491585e-05	0.0014907880303425664	0.2608695652173913	0.4809654631083202
9	Hist1h4d	-4.0298195	-1.629034	5.581975061545872e-05	0.0014689408056699665	0.30434782608695654	0.4815541601255887
9	Gen1	-4.04204	-1.6931757	5.29882372734588e-05	0.001413019660625568	0.10869565217391304	0.35459183673469385
9	Gas2l3	-4.058369	-2.1042602	4.941665689370972e-05	0.001335585321451614	0.13043478260869565	0.36126373626373626
9	Hist1h2ai	-4.085514	-2.9014494	4.397936457971784e-05	0.0012049140980744616	0.08695652173913043	0.3196624803767661
9	G2e3	-4.1393476	-1.465518	3.4829521986720884e-05	0.0009811132954005884	0.25	0.46467817896389324
9	Slfn9	-4.1714787	-0.8024043	3.026290862065223e-05	0.0008771857571203544	0.6413043478260869	0.7760989010989011
9	Hist1h2an	-4.2668552	-1.7595955	1.982478477195454e-05	0.0005830819050574864	0.18478260869565216	0.4207221350078493
9	Aurka	-4.3439007	-1.7382382	1.3997493671088793e-05	0.0004178356319727998	0.22826086956521738	0.45408163265306123
9	Ccnf	-4.344357	-2.247035	1.39684193655713e-05	0.0004178356319727998	0.13043478260869565	0.37225274725274726
9	Iqgap3	-4.453148	-1.9639336	8.462051706778565e-06	0.00026443911583683014	0.14130434782608695	0.3940345368916798
9	Ncapg	-4.504242	-1.2127826	6.661025319718766e-06	0.00021839427277766448	0.3804347826086957	0.5675039246467818
9	Hist1h2ae	-4.5179725	-1.824086	6.243457234899979e-06	0.00020811524116333267	0.33695652173913043	0.521585557299843
9	Cks2	-4.5450473	-0.935051	5.492291458127057e-06	0.00018617937146193412	0.6521739130434783	0.7590266875981162
9	Kif4	-4.5828676	-1.3441502	4.5864224739415274e-06	0.0001609271043488255	0.34782608695652173	0.5417974882260597
9	Kif18a	-4.6105747	-1.4923906	4.015576082074688e-06	0.00014602094843907957	0.358695652173913	0.542778649921507
9	Prr11	-4.6117334	-1.3324677	3.993249659661926e-06	0.00014602094843907957	0.391304347826087	0.5790816326530612
9	Pbk	-4.625253	-1.0542847	3.7414105089146222e-06	0.0001411853022231933	0.44565217391304346	0.6485478806907379
9	Ckap2	-4.6391945	-1.1492605	3.4976988501148456e-06	0.000134526878850571	0.44565217391304346	0.6361852433281004
9	Rrm2	-4.7544465	-0.99181426	1.989908273922287e-06	7.803561858518773e-05	0.5434782608695652	0.7078100470957613
9	Kif18b	-4.7641034	-2.5169668	1.8969511327111189e-06	7.587804530844475e-05	0.08695652173913043	0.3683281004709576
9	Depdc1a	-4.8955793	-1.935184	9.801652144905468e-07	4.084021727043945e-05	0.17391304347826086	0.44799843014128726
9	Spdl1	-4.89874	-1.6843436	9.645325011511675e-07	4.084021727043945e-05	0.2608695652173913	0.500392464678179
9	Ube2c	-4.9233913	-1.474484	8.50570152817748e-07	3.6981310992076e-05	0.45652173913043476	0.6114599686028257
9	Clspn	-4.9341373	-1.1131948	8.050583995126109e-07	3.5780373311671594e-05	0.3804347826086957	0.6477629513343799
9	Aurkb	-4.936104	-1.9650185	7.969873694080575e-07	3.5780373311671594e-05	0.1956521739130435	0.4542778649921507
9	Cenph	-4.945831	-1.2185482	7.581973372338022e-07	3.526499242947918e-05	0.391304347826087	0.6081240188383046
9	Ddias	-4.967006	-1.9960212	6.799443052789509e-07	3.237830025137861e-05	0.14130434782608695	0.43072998430141285
9	Pclaf	-5.0860157	-0.6853835	3.656638248192529e-07	1.783725974728063e-05	0.8152173913043478	0.8726452119309263
9	Rad51ap1	-5.11295	-1.7635474	3.171663118094742e-07	1.585831559047371e-05	0.17391304347826086	0.47586342229199374
9	Hist1h1e	-5.201584	-1.4237062	1.9759733275520376e-07	1.0133196551548911e-05	0.7065217391304348	0.7604003139717426
9	Kif23	-5.3818717	-2.2714741	7.371539020440992e-08	3.8797573791794695e-06	0.18478260869565216	0.46919152276295134
9	Atad2	-5.41604	-0.9491142	6.093356000003356e-08	3.29370594594776e-06	0.6847826086956522	0.8345761381475667
9	H1f0	-5.4309993	-0.8703562	5.6039340829575154e-08	3.1132967127541755e-06	0.782608695652174	0.8755886970172685
9	Malat1	-5.434195	-0.4793837	5.5044379693526964e-08	3.1132967127541755e-06	1.0	1.0
9	Aspm	-5.4569154	-2.3910763	4.844774275645704e-08	2.849867220968061e-06	0.20652173913043478	0.48744113029827313
9	Tpx2	-5.469592	-0.9704033	4.510720152920751e-08	2.73376978964894e-06	0.6521739130434783	0.8469387755102041
9	Mastl	-5.5109944	-2.2698529	3.568118018809334e-08	2.230073761755834e-06	0.14130434782608695	0.45486656200941916
9	Ncapg2	-5.624526	-1.3244673	1.860181399637734e-08	1.2001170320243445e-06	0.43478260869565216	0.6554160125588697
9	Nusap1	-5.6470003	-2.3571072	1.6327144172010436e-08	1.0884762781340292e-06	0.2608695652173913	0.5213893249607535
9	Ndc80	-5.67253	-1.3431531	1.4070383498708466e-08	9.703712757729975e-07	0.43478260869565216	0.6752354788069074
9	Fbxo5	-5.7511907	-2.2550116	8.861702780514492e-09	6.329787700367494e-07	0.14130434782608695	0.4723312401883831
9	Hist1h1b	-5.7561774	-2.0712218	8.603999726277384e-09	6.329787700367494e-07	0.358695652173913	0.592425431711146
9	Spc25	-5.7673445	-2.1574175	8.053039571250948e-09	6.194645824039191e-07	0.22826086956521738	0.5190345368916798
9	Hist2h2ac	-5.8449516	-1.8189923	5.067154542386537e-09	4.053723633909229e-07	0.5	0.6850470957613815
9	Dbf4	-5.9014893	-0.6982256	3.6023530131346283e-09	3.0019608442788567e-07	0.9347826086956522	0.9409340659340659
9	Cep55	-5.9707737	-1.8861581	2.361310092961637e-09	2.0533131243144668e-07	0.2826086956521739	0.5714285714285714
9	Cenpf	-6.1381736	-1.7691638	8.347556061771e-10	7.588687328882728e-08	0.5978260869565217	0.7266483516483516
9	Incenp	-6.249071	-1.9791812	4.129003052016801e-10	3.9323838590636196e-08	0.2717391304347826	0.5781004709576139
9	Cdk1	-6.28187	-1.6935587	3.345243784264433e-10	3.345243784264433e-08	0.4673913043478261	0.6656200941915228
9	Kif11	-6.2931075	-2.3495371	3.1117303422891097e-10	3.2755056234622206e-08	0.25	0.5455259026687598
9	Ckap2l	-6.316038	-2.196447	2.683534963642208e-10	2.9817055151580095e-08	0.25	0.5586734693877551
9	Mki67	-6.427568	-1.3914722	1.2966153556850953e-10	1.5254298302177592e-08	0.5760869565217391	0.7868916797488226
9	Ect2	-6.4503236	-1.643151	1.1161164034947509e-10	1.3951455043684386e-08	0.43478260869565216	0.6689560439560439
9	Birc5	-6.5787444	-1.0134797	4.7443804288359535e-11	6.325840571781271e-09	0.8478260869565217	0.9007064364207221
9	Sgo1	-6.7903557	-2.123234	1.1185736740404526e-11	1.5979623914863609e-09	0.2717391304347826	0.5994897959183674
9	Anln	-6.8587275	-1.2225436	6.94766630180052e-12	1.0688717387385414e-09	0.75	0.8465463108320251
9	Arhgap11a	-6.867998	-2.1578257	6.510906655455785e-12	1.0688717387385414e-09	0.34782608695652173	0.6242150706436421
9	Sgo2a	-6.954876	-2.5083272	3.528718823548789e-12	6.415852406452343e-10	0.2391304347826087	0.5747645211930926
9	Cenpe	-7.1465063	-1.7727482	8.90142204167821e-13	1.780284408335642e-10	0.5760869565217391	0.7782574568288854
9	Ccna2	-7.3502517	-2.1156213	1.9783370959163786e-13	4.396304657591953e-11	0.31521739130434784	0.6432496075353218
9	Mis18bp1	-7.3712864	-2.3061662	1.6898910087250819e-13	4.224727521812704e-11	0.25	0.625
9	Smc2	-7.5763664	-1.3538941	3.553671120474598e-14	1.0153346058498852e-11	0.6956521739130435	0.8396781789638933
9	Cdca8	-7.747489	-1.7931495	9.372763250976687e-15	3.1242544169922287e-12	0.5	0.7545133437990581
9	Prc1	-7.789067	-2.1099908	6.750602567980096e-15	2.7002410271920383e-12	0.5217391304347826	0.766287284144427
9	Smc4	-8.12341	-1.1479532	4.532649970412959e-16	2.2663249852064795e-13	0.9347826086956522	0.9403453689167975
9	Knl1	-8.21689	-2.2176385	2.0884869943154904e-16	1.3923246628769937e-13	0.34782608695652173	0.7142857142857143
9	Kif20b	-9.600231	-2.8826318	7.976561584205791e-22	7.976561584205791e-19	0.358695652173913	0.7466640502354788
9	Top2a	-9.850717	-2.4887934	6.805727629061155e-23	1.3611455258122309e-19	0.7065217391304348	0.8777472527472527
10	Tanc2	5.677637	0.68513393	1.3656798351815247e-08	9.104532234543498e-07	0.9791666666666666	0.9204634721131186
10	Arhgap24	4.9365897	0.7174611	7.950041169276152e-07	3.3829962422451715e-05	0.9166666666666666	0.7902592301649647
10	Fgd4	4.8933268	0.9005423	9.914568438001628e-07	4.1310701825006784e-05	0.7708333333333334	0.5905341712490181
10	Pdlim5	4.84205	0.63001436	1.285062359612367e-06	4.759490220786545e-05	0.9791666666666666	0.8701885310290652
10	Tenm4	4.459318	0.62933505	8.222086643501158e-06	0.00026101862360321135	0.9270833333333334	0.843872741555381
10	Ank	4.2688975	0.48196477	1.9644145272293934e-05	0.0005777689785968804	0.9583333333333334	0.9194815396700707
10	Pdzrn3	4.187667	0.58735156	2.8183649249796758e-05	0.0007913424898989295	0.8645833333333334	0.7951688923802043
10	Col4a5	3.9639566	0.5311277	7.371764315885801e-05	0.0017706787785957965	0.90625	0.8629222309505106
10	Itpr2	3.9245107	0.6503508	8.690619406494888e-05	0.0020448516250576206	0.8020833333333334	0.6431657501963864
10	Bnc2	3.9150534	0.5871977	9.038423528685611e-05	0.0021019589601594447	0.8645833333333334	0.7543205027494109
10	Trps1	3.8773956	0.581569	0.00010558057865940058	0.0023725972732449568	0.8645833333333334	0.7843676355066771
10	Col11a1	3.8494017	0.63558567	0.00011840665505622175	0.0026312590012493725	0.7916666666666666	0.6304006284367636
10	Cd34	3.8340635	0.5602373	0.00012604353363285736	0.0027400768181055947	0.9166666666666666	0.8077376276512176
10	Ppp3ca	3.7961996	0.43354085	0.00014693120847136131	0.0031598109348679854	0.9895833333333334	0.9719167321288296
10	Ror1	3.7560315	0.55094427	0.00017262900339848976	0.003634294808389258	0.8854166666666666	0.7880989787902593
10	Flrt2	3.7454736	0.5553752	0.00018005380806559	0.0037511210013664582	0.8958333333333334	0.7871170463472114
10	Ccng1	3.7398336	0.3614806	0.00018414217678833843	0.003796745913161617	0.9895833333333334	0.9829143754909663
10	Prkca	3.707197	0.3624627	0.00020956600981674942	0.004233656763974736	0.9791666666666666	0.9719167321288296
10	Pak3	3.6511748	0.6042106	0.00026104358355837824	0.005220871671167564	0.78125	0.6545561665357423
10	Mxd4	3.638519	0.5849092	0.00027421041351980834	0.0053766747748982035	0.71875	0.549096622152396
10	Timp3	3.6083584	0.50419426	0.00030814051777050354	0.005925779187894299	0.9895833333333334	0.9263550667714061
10	Plpp3	3.572111	0.5049936	0.0003541154430779727	0.006745056058628051	0.90625	0.8126472898664572
10	Zfp36l1	3.546146	0.5127353	0.00039090956141907263	0.007239065952205049	0.8541666666666666	0.781618224666143
10	Pde4d	3.358408	0.4642774	0.0007839279700951147	0.013874831329117075	0.8333333333333334	0.7804399057344855
10	Sox9	3.3506358	0.4108597	0.0008062626870844261	0.014144959422533791	0.96875	0.9204634721131186
10	Gas7	3.3321338	0.4409858	0.000861828475985852	0.014859111654928482	0.90625	0.8623330714846819
10	Dclk1	3.3060656	0.39726213	0.0009461591618983227	0.015864423505704023	0.9375	0.9263550667714061
10	Trib1	3.288389	0.5815807	0.0010076253994837066	0.016654965280722422	0.7604166666666666	0.6461115475255302
10	Fbxl7	3.2772465	0.48318902	0.0010482485606074473	0.017044692042397516	0.9270833333333334	0.8279654359780048
10	Srgap3	3.2682705	0.60068893	0.00108206913478962	0.017452727980477742	0.7083333333333334	0.5901413982717989
10	Gm26561	3.2509031	0.48111296	0.001150390077109493	0.01840624123375189	0.7083333333333334	0.5100157109190888
10	Magi2	3.234155	0.51688987	0.0012200320793760988	0.019365588561525378	0.8645833333333334	0.8179497250589159
10	Pdgfc	3.2270706	0.51949185	0.001250646050442673	0.019695213392798002	0.7916666666666666	0.7083660644147682
10	Gphn	3.1974604	0.40389687	0.0013864347971843831	0.0214951131346416	0.9583333333333334	0.894344069128044
10	Maml3	3.1851828	0.5476158	0.0014466254313621652	0.022255775867110233	0.7395833333333334	0.6146897093479968
10	Ankrd12	3.1760006	0.38729686	0.0014932062487184737	0.022797041965167537	0.9583333333333334	0.8813825608798115
10	Rplp0	3.1536813	0.25225553	0.001612251181778168	0.024063450474301012	0.9895833333333334	0.9990180675569521
10	Ehbp1	3.1094205	0.44290853	0.0018745469102009731	0.027365648324101797	0.8333333333333334	0.7486252945797329
10	Pvt1	2.957999	0.3486132	0.003096431188506886	0.04423473126438408	0.9166666666666666	0.9004320502749411
10	Nrp2	2.9451714	0.43966174	0.003227758649591857	0.04546138943087123	0.9791666666666666	0.896700706991359
10	Frmd4a	2.9392219	0.33988374	0.0032903753943889003	0.04601923628515945	0.96875	0.9365671641791045
10	Cst3	-2.947682	-0.38472977	0.0032016638314022786	0.04541367136740821	0.9375	0.9658287509819324
10	Id3	-2.9702764	-0.46749413	0.0029753188414061195	0.042810343041814664	0.8333333333333334	0.8582089552238806
10	Tyms	-2.9927335	-0.56158876	0.0027649111211961517	0.04007117566950944	0.6041666666666666	0.7333071484681853
10	Serpinf1	-3.1346288	-0.5282113	0.0017207168706557638	0.02530465986258476	0.7395833333333334	0.8403377847604084
10	Slfn9	-3.1459088	-0.564405	0.001655715623837522	0.024529120353148474	0.7083333333333334	0.7749410840534171
10	Hist1h4d	-3.1539564	-1.2609597	0.0016107320402478742	0.024063450474301012	0.3645833333333333	0.4805577376276512
10	Rad51ap1	-3.1734214	-0.92030895	0.0015065371645083187	0.022826320674368464	0.3229166666666667	0.47329143754909664
10	Hist1h1d	-3.2169597	-1.4055517	0.0012955676603359251	0.02024324469274883	0.23958333333333334	0.40062843676355064
10	Cyp51	-3.2851906	-0.47940177	0.0010191340659969992	0.01670711583601638	0.8541666666666666	0.897682639434407
10	Fkbp3	-3.3043804	-0.33085343	0.0009518654103422413	0.015864423505704023	0.9791666666666666	0.9662215239591516
10	Cenph	-3.3069942	-0.7637186	0.0009430284598063356	0.015864423505704023	0.4791666666666667	0.6066378633150039
10	Acta2	-3.3223667	-1.2539598	0.0008925728609996067	0.01525765574358302	0.4270833333333333	0.5583267871170463
10	Cdkn2d	-3.3383584	-1.6570121	0.000842749814852256	0.01465651851916967	0.14583333333333334	0.33346425765907306
10	Trim59	-3.3804524	-0.54807895	0.0007236661216820672	0.0129226093157512	0.71875	0.800471327572663
10	Ddias	-3.4199328	-1.0959477	0.0006263662406974098	0.01128587821076414	0.2604166666666667	0.42871170463472114
10	Cd63	-3.4502308	-0.42264205	0.0005601074962570409	0.010183772659218925	0.9895833333333334	0.983503534956795
10	Mastl	-3.5342813	-1.1293676	0.00040888571200730267	0.007502490128574361	0.2604166666666667	0.45286724273369994
10	Hist1h2ak	-3.551614	-1.5771949	0.0003828759515120358	0.007156559841346464	0.15625	0.3572270227808327
10	Hist1h3c	-3.5611746	-2.2317765	0.0003691993683934274	0.006966025818743913	0.09375	0.29752553024351924
10	Knstrn	-3.6266887	-0.68639374	0.0002870791091935243	0.005574351634825715	0.625	0.7201492537313433
10	Plk1	-3.6484234	-1.5038528	0.00026385448147325834	0.005224841217292244	0.22916666666666666	0.4094658287509819
10	Hist1h4c	-3.7266963	-2.0416088	0.00019400596489024637	0.003959305405923395	0.14583333333333334	0.34681853888452474
10	Hist1h2ab	-3.7575102	-1.7919945	0.00017161233824333086	0.003634294808389258	0.14583333333333334	0.3595836606441477
10	Fbxo5	-3.836918	-1.2043421	0.00012458804661463264	0.002738198826695223	0.28125	0.4699528672427337
10	Diaph3	-3.8792872	-0.549042	0.00010476302654621305	0.0023725972732449568	0.7708333333333334	0.8521209740769835
10	Iqgap3	-3.8935592	-1.5084937	9.878407177295849e-05	0.002270898201677207	0.16666666666666666	0.3937549096622152
10	Ckap2	-3.9618587	-0.9622268	7.436850870102346e-05	0.0017706787785957965	0.5	0.6353102906520032
10	Parpbp	-3.9644725	-2.250412	7.355842152710791e-05	0.0017706787785957965	0.11458333333333333	0.33346425765907306
10	Kif14	-3.9841783	-2.494873	6.771402106302984e-05	0.0016719511373587616	0.09375	0.31677140612725846
10	Gen1	-4.023005	-1.6887914	5.7460224805335434e-05	0.0014365056201333859	0.11458333333333333	0.35467399842890807
10	Pbk	-4.0255156	-0.8833611	5.6850582317271015e-05	0.0014365056201333859	0.4791666666666667	0.648075412411626
10	Hist1h2ai	-4.037243	-2.568853	5.408306552886949e-05	0.0013867452699710126	0.09375	0.3197172034564022
10	Fkbp11	-4.0509305	-0.6666813	5.101439707570556e-05	0.0013250492746936509	0.7604166666666666	0.8281618224666143
10	Cep128	-4.104442	-1.0903254	4.052919233604257e-05	0.0010665576930537519	0.3854166666666667	0.5597014925373134
10	Kif18b	-4.1143465	-1.8867358	3.882778623459161e-05	0.001035407632922443	0.13541666666666666	0.3676355066771406
10	Kif23	-4.159639	-1.4430274	3.187512416366017e-05	0.0008614898422610858	0.25	0.46818538884524746
10	Ccnf	-4.1781063	-1.8095975	2.939459659320696e-05	0.0008053314135125194	0.125	0.3725451688923802
10	Bub1b	-4.1852255	-2.2062745	2.848832963636146e-05	0.0007913424898989295	0.13541666666666666	0.35997643362136683
10	Ccnb1	-4.2077513	-2.0014665	2.5792463427103515e-05	0.0007369275264886718	0.17708333333333334	0.394344069128044
10	Atad2	-4.259165	-0.6980398	2.0519193198600308e-05	0.000594759223147835	0.75	0.8334642576590731
10	Clspn	-4.2781487	-0.9349551	1.884541879609262e-05	0.0005625498148087349	0.4270833333333333	0.6470934799685781
10	Rrm2	-4.366739	-0.870286	1.261154829320719e-05	0.00038216813009718753	0.5625	0.7075805184603299
10	Brip1	-4.426372	-1.0895072	9.583127571509334e-06	0.00029486546373874874	0.375	0.5903377847604084
10	Tubb4b	-4.4472127	-0.66699237	8.69917701196285e-06	0.00027184928162383905	0.8020833333333334	0.851924587588374
10	Hist1h2ae	-4.4817405	-1.670137	7.403669961775717e-06	0.00023882806328308763	0.3333333333333333	0.5217989002356638
10	Ncapg	-4.5386567	-1.1681452	5.661365122991103e-06	0.00018561852862265913	0.375	0.5677533385703064
10	G2e3	-4.542715	-1.5278146	5.553430157281442e-06	0.0001851143385760481	0.20833333333333334	0.46563236449332285
10	Hist1h2an	-4.6264906	-1.9036285	3.719141296056187e-06	0.0001260725863069894	0.16666666666666666	0.42124901806755694
10	Pimreg	-4.634641	-1.9500679	3.575575567908832e-06	0.0001232957092382356	0.1875	0.42949725058915944
10	Pclaf	-4.6448894	-0.6542811	3.4025882130405684e-06	0.0001193890601066866	0.8020833333333334	0.8729379418695994
10	Kif2c	-4.7469606	-2.3203444	2.0649632100529416e-06	7.374868607331934e-05	0.09375	0.3725451688923802
10	Aspm	-4.8245797	-2.0261083	1.4029867749419824e-06	5.101770090698118e-05	0.2708333333333333	0.48644933228593873
10	Kif18a	-4.847209	-1.5068504	1.252105883263757e-06	4.724927861372668e-05	0.3333333333333333	0.543401413982718
10	Rpa3	-4.8738613	-0.89914364	1.0943771296615783e-06	4.209142806390686e-05	0.6354166666666666	0.7464650432050275
10	Hist1h1e	-4.8744464	-1.3147675	1.0911413457428572e-06	4.209142806390686e-05	0.65625	0.7613904163393559
10	Dlgap5	-4.8759594	-1.6346445	1.0828090730195413e-06	4.209142806390686e-05	0.25	0.49371563236449334
10	Arhgap11a	-4.88834	-1.2950017	1.016898247829646e-06	4.150605093182228e-05	0.4375	0.6227415553809897
10	Cdc20	-5.016376	-1.4313041	5.265525550319783e-07	2.2893589349216448e-05	0.2708333333333333	0.5441869599371564
10	Aurka	-5.043648	-2.0513747	4.5674010391424575e-07	2.0299560173966478e-05	0.1875	0.4550274941084053
10	Sgo2a	-5.090178	-1.4976352	3.5772752402779605e-07	1.6260342001263457e-05	0.3541666666666667	0.5728593872741555
10	Tubb5	-5.1339226	-0.55807495	2.8376456056914e-07	1.3198351654378605e-05	0.9895833333333334	0.987234878240377
10	Sgo1	-5.170239	-1.4060937	2.3379455778450028e-07	1.1133074180214299e-05	0.3854166666666667	0.5976040848389631
10	Malat1	-5.227706	-0.5215573	1.7162633519810198e-07	8.372016351126925e-06	1.0	1.0
10	Spdl1	-5.264435	-1.7641454	1.4062123554112631e-07	7.031061777056316e-06	0.22916666666666666	0.5011783189316575
10	Hist1h1b	-5.3615537	-1.8097178	8.250916134814422e-08	4.2312390434945754e-06	0.40625	0.5917124901806756
10	Depdc1a	-5.3689823	-2.3787596	7.918227210210512e-08	4.167488005373954e-06	0.17708333333333334	0.4481539670070699
10	H3f3b	-5.405814	-0.48981017	6.451458340856976e-08	3.487274778841609e-06	0.9895833333333334	0.996268656716418
10	Hist2h2ac	-5.4080496	-1.6238437	6.371472347359573e-08	3.487274778841609e-06	0.5416666666666666	0.684406912804399
10	Dbf4	-5.4087033	-0.6595753	6.348273860819061e-08	3.487274778841609e-06	0.9166666666666666	0.9412804399057345
10	Kif15	-5.4197426	-1.5339854	5.968492442194893e-08	3.487274778841609e-06	0.2708333333333333	0.5543990573448547
10	Ncapg2	-5.5903883	-1.2270705	2.2656226147982453e-08	1.3731046150292395e-06	0.3958333333333333	0.6563236449332286
10	Nusap1	-5.598195	-2.1096766	2.1659498376173617e-08	1.353718648510851e-06	0.25	0.5217989002356638
10	Cdk1	-5.623644	-1.4082383	1.8697071222553958e-08	1.2062626595196102e-06	0.46875	0.6657501963864886
10	Aurkb	-5.774034	-2.4543347	7.739586603760083e-09	5.337645933627643e-07	0.13541666666666666	0.4556166535742341
10	Incenp	-5.7825284	-1.71735	7.3586167965153836e-09	5.256154854653845e-07	0.3125	0.5775726630007856
10	Mki67	-5.7948747	-1.2073278	6.837227298597256e-09	5.064612813775746e-07	0.65625	0.7855459544383346
10	Kif4	-5.795356	-1.8014431	6.817640068925876e-09	5.064612813775746e-07	0.25	0.5437941869599372
10	H1f0	-5.807702	-0.91130024	6.333603494075037e-09	5.064612813775746e-07	0.7708333333333334	0.8758837391987431
10	Ube2c	-5.8299184	-1.7396975	5.5454452842434094e-09	4.6212044035361743e-07	0.375	0.6131186174391202
10	Ndc80	-5.878925	-1.3956454	4.129393573506369e-09	3.5907770204403215e-07	0.4791666666666667	0.6745875883739199
10	Hmmr	-6.090255	-1.4448333	1.1273106651714672e-09	1.0248278774286065e-07	0.5	0.720738413197172
10	Ect2	-6.201921	-1.4724357	5.57780923158896e-10	5.312199268179962e-08	0.3958333333333333	0.6698743126472899
10	Mis18bp1	-6.2582183	-1.7559205	3.894005742059286e-10	3.894005742059286e-08	0.3645833333333333	0.6231343283582089
10	Tpx2	-6.271218	-1.0240599	3.582348826895607e-10	3.770893501995376e-08	0.7395833333333334	0.8454438334642577
10	Spc25	-6.3313327	-2.4156024	2.4305284563451573e-10	2.7005871737168415e-08	0.19791666666666666	0.519835035349568
10	Anln	-6.431443	-1.1019316	1.2639783915416317e-10	1.4870334018136842e-08	0.6875	0.8478004713275726
10	Prr11	-6.521753	-2.0661814	6.949039916548888e-11	8.68629989568611e-09	0.2708333333333333	0.5815003927729773
10	Birc5	-6.672762	-1.0234941	2.510336344172776e-11	3.3471151255637017e-09	0.84375	0.9008248232521603
10	Cenpe	-6.829239	-1.6110522	8.536638863212212e-12	1.2195198376017446e-09	0.5416666666666666	0.7790652003142183
10	Cks2	-6.85204	-1.5144233	7.280434373516635e-12	1.1200668266948669e-09	0.5416666666666666	0.7611940298507462
10	Knl1	-7.0256777	-1.6674889	2.1302995402251805e-12	3.550499233708634e-10	0.46875	0.7122937941869599
10	Cdca8	-7.0355134	-1.5082557	1.9852888723198816e-12	3.550499233708634e-10	0.5520833333333334	0.753731343283582
10	Cep55	-7.0717955	-2.3990498	1.529419856581166e-12	3.058839713162332e-10	0.21875	0.5728593872741555
10	Kif11	-7.4016004	-2.9343834	1.3455277891310724e-13	2.990061753624606e-11	0.15625	0.5475255302435192
10	Ccna2	-7.4042487	-2.0484524	1.3189515829575105e-13	2.990061753624606e-11	0.2916666666666667	0.6439512961508248
10	Cenpf	-7.524237	-2.1205764	5.302901074862854e-14	1.5151145928179584e-11	0.4479166666666667	0.7295758051846033
10	Ckap2l	-7.5407104	-2.869837	4.674186833605182e-14	1.5151145928179584e-11	0.15625	0.5606834249803614
10	Prc1	-7.580466	-1.9965551	3.443167908797801e-14	1.3772671635191203e-11	0.5729166666666666	0.7655145326001571
10	Smc2	-7.8948298	-1.3830248	2.9071211834753393e-15	1.4535605917376696e-12	0.65625	0.8405341712490181
10	Smc4	-7.8994036	-1.1138306	2.802411803405362e-15	1.4535605917376696e-12	0.8958333333333334	0.9410840534171249
10	Top2a	-8.752323	-2.0333295	2.0900461258014088e-18	2.090046125801409e-15	0.7083333333333334	0.877847604084839
10	Kif20b	-9.083195	-2.4981294	1.0543380780134499e-19	2.1086761560268998e-16	0.3958333333333333	0.746268656716418
11	Pdzrn3	6.414547	0.9627564	1.4124209341655273e-10	1.9067618138571103e-08	0.9493670886075949	0.7940888627911529
11	Tanc2	6.3956614	0.8538552	1.5985407352629942e-10	1.9981759190787427e-08	0.9493670886075949	0.9211195928753181
11	Csgalnact1	5.888088	0.96139365	3.906884125468886e-09	3.5517128413353514e-07	0.8734177215189873	0.6868271677431983
11	Ube2e2	5.5179777	0.9433835	3.4292332484206107e-08	2.286155498947074e-06	0.8481012658227848	0.7343902916422
11	Ppp3ca	5.4964046	0.73626894	3.8761302521892166e-08	2.500729194960785e-06	0.9873417721518988	0.9720101781170484
11	Col11a1	5.264437	1.1172056	1.4061957759073015e-07	7.401030399512113e-06	0.7848101265822784	0.6310432569974554
11	Magi2	4.8975434	0.9304972	9.704225833829058e-07	4.34214967392848e-05	0.8607594936708861	0.8181640242708945
11	Dclk1	4.896219	0.6656438	9.76983676633908e-07	4.34214967392848e-05	0.9367088607594937	0.9264043844196516
11	Ror1	4.878468	0.8135875	1.0691292435979504e-06	4.648388015643262e-05	0.8607594936708861	0.7888040712468194
11	Adgrl2	4.820902	0.9048864	1.429104918357149e-06	5.496557378296727e-05	0.7848101265822784	0.5944411822274418
11	Fmnl2	4.5745525	0.6485292	4.7723857561663275e-06	0.0001704423484345117	0.9620253164556962	0.8639655509884517
11	B3galt1	4.533753	0.81577516	5.794477377450452e-06	0.00020331499570001586	0.7974683544303798	0.6676453317674692
11	Itpr2	4.389857	0.906642	1.1342532169823024e-05	0.0003544541303069695	0.759493670886076	0.6443531023683695
11	Bnc2	4.364537	0.78686637	1.2739238551179245e-05	0.00038603753185391653	0.8607594936708861	0.7547465257388921
11	Gphn	4.3181734	0.53689104	1.5732564414379283e-05	0.0004495018404108366	0.9113924050632911	0.8952828342141319
11	Fbxl7	4.1070223	0.7289516	4.0079240326714916e-05	0.0010410192292653225	0.8227848101265823	0.8299080054805246
11	Ranbp3l	4.077615	1.600819	4.550005227893018e-05	0.001166668007152056	0.45569620253164556	0.20317087492660013
11	Trps1	4.018989	0.6994546	5.8448379773729087e-05	0.0014654397142889104	0.8987341772151899	0.7841064787629674
11	Adamts12	4.0183077	0.7022519	5.861758857155641e-05	0.0014654397142889104	0.810126582278481	0.6549226854570366
11	Zfpm2	4.004872	0.692259	6.205108251226385e-05	0.0015182945636884454	0.8734177215189873	0.813270698766882
11	Timp3	3.7929258	0.55763376	0.0001488825882708447	0.0033246816473249063	0.9746835443037974	0.9267958504599726
11	Opcml	3.7765758	0.72047806	0.00015899919498271614	0.0034565042387546987	0.7974683544303798	0.6848698375415933
11	Efna5	3.712727	0.51304	0.00020503798636600378	0.004227587347752655	0.8734177215189873	0.8422391857506362
11	Srgap3	3.6631846	0.7404108	0.0002490988348442083	0.00503229969382239	0.7215189873417721	0.5903307888040712
11	Airn	3.6284785	0.53217196	0.00028509650294163906	0.005701930058832781	0.9746835443037974	0.8943041691133294
11	Prkca	3.6087978	0.39526203	0.00030761927340598196	0.006091470760514494	0.9620253164556962	0.9722059111372089
11	Mast4	3.6042938	0.52695954	0.0003130026776807412	0.00613730740550473	0.9113924050632911	0.8702290076335878
11	Cpa6	3.5552058	0.87211233	0.0003776834763921183	0.0071261033281531765	0.6835443037974683	0.5611665688001566
11	Flrt2	3.5298858	0.64021987	0.00041573919130782227	0.007770826005753687	0.8481012658227848	0.7882168721863378
11	Ank3	3.5100157	0.49108508	0.00044808009391329105	0.008297779516912797	0.8987341772151899	0.8719906048150323
11	Pdlim5	3.4952173	0.5057942	0.00047367575028511204	0.008691298170369028	0.8860759493670886	0.8719906048150323
11	Cped1	3.4402628	0.7645528	0.0005811495369464442	0.010377670302615076	0.7215189873417721	0.6243883343119985
11	Arhgap24	3.4261835	0.59632593	0.0006121265684281987	0.010834098556251304	0.8227848101265823	0.7921315325895478
11	Tanc1	3.2938309	0.5042051	0.0009883196575088732	0.016480867775672012	0.810126582278481	0.7103151301624584
11	Glis3	3.247619	0.76867074	0.0011637498504693247	0.018770158878537495	0.6708860759493671	0.5678214914856137
11	Fbxl17	3.1973953	0.51975083	0.001386747124494344	0.021667923820224123	0.8734177215189873	0.7704051673517323
11	Mxd4	3.187063	0.7568454	0.0014372546783974855	0.022283018269728457	0.6582278481012658	0.5505969857114895
11	Ssfa2	3.1630676	0.5841415	0.0015611603618117806	0.023834509340637872	0.7721518987341772	0.6566842826384811
11	Tiam2	3.1586394	0.58769274	0.0015850742014417245	0.024016275779420067	0.759493670886076	0.6635349383440986
11	Maml3	3.1437654	0.71494734	0.0016678906911325702	0.025081063024549925	0.7341772151898734	0.6151888823644549
11	Maml2	3.1317298	0.6680499	0.001737796467396503	0.02593726070741049	0.7468354430379747	0.6766490506948523
11	Snx29	3.0357108	0.7633966	0.0023996940596327666	0.034562657986034556	0.569620253164557	0.41397533763945976
11	Sox6	3.0166357	0.90320116	0.0025559681590242396	0.03651383084320342	0.5189873417721519	0.3626932863574085
11	Plpp3	2.979053	0.44439366	0.002891406778863212	0.040439255648436534	0.8734177215189873	0.8134664317870425
11	Gab2	2.96891	0.4890959	0.002988581573288687	0.04122181480398189	0.7848101265822784	0.7136425915051869
11	Ank	2.9524841	0.4418932	0.003152282661588207	0.04288819947739057	0.9493670886075949	0.9197494617341946
11	Col4a5	2.9364746	0.45737696	0.0033196596108063313	0.04486026501089637	0.8987341772151899	0.8631826189078098
11	Gas7	2.9220169	0.48925582	0.0034777267772414795	0.046680896338811805	0.8734177215189873	0.8629868858876493
11	Dip2c	2.9095273	0.47088182	0.003619758705138725	0.04826344940184967	0.759493670886076	0.7110980622431005
11	Acpp	-2.9653523	-1.0500629	0.00302336493452516	0.04141595800719398	0.31645569620253167	0.48091603053435117
11	Hspa5	-2.9747763	-0.43365985	0.0029320225739684577	0.04072253574956192	0.9240506329113924	0.9639851242904678
11	1600019K03Rik	-2.9907858	-1.3895105	0.0027826059016479846	0.039191632417577255	0.21518987341772153	0.3863769817968291
11	E2f8	-3.0077415	-0.86889166	0.002631969113386523	0.03733289522534075	0.3037974683544304	0.4852221569778822
11	Cdkn2d	-3.035408	-1.3738242	0.002402104730029402	0.034562657986034556	0.13924050632911392	0.33294186729301234
11	Cryab	-3.0509255	-0.45665768	0.0022813716871787236	0.033304696163193044	0.9367088607594937	0.9675083186533568
11	Gas2l3	-3.1000516	-1.4040792	0.0019348694968776006	0.02845396318937648	0.16455696202531644	0.36014875709532196
11	Dbi	-3.1092484	-0.47829944	0.0018756388117347929	0.027787241655330263	0.9493670886075949	0.9892346838911724
11	Malat1	-3.1673443	-0.26545966	0.0015383798871456264	0.023667382879163482	1.0	1.0
11	Rad51ap1	-3.2236993	-1.0123221	0.0012654616897153565	0.019928530546698527	0.27848101265822783	0.47347817576825213
11	Clspn	-3.2289224	-0.72762144	0.0012425763322652607	0.019723433845480327	0.4430379746835443	0.646114699549814
11	Prdx4	-3.2403145	-0.55266	0.0011939795572212856	0.01910367291554057	0.7848101265822784	0.8629868858876493
11	Brca1	-3.2532206	-0.9333001	0.0011410494086577577	0.018553648921264352	0.31645569620253167	0.5047954589939323
11	Cd63	-3.2548478	-0.44444638	0.0011345311594531066	0.018553648921264352	0.9746835443037974	0.9837541593266784
11	Hist1h4c	-3.2613575	-1.5772364	0.0011088008814697339	0.018327287297020396	0.13924050632911392	0.3462517126639264
11	Hist1h3c	-3.2936795	-2.3288991	0.0009888520665403207	0.016480867775672012	0.08860759493670886	0.2969269915834801
11	Hist1h1d	-3.2949283	-1.4712689	0.000984467622304758	0.016480867775672012	0.20253164556962025	0.4006654922685457
11	Hist1h2ae	-3.3008704	-1.350568	0.0009638537588820883	0.016476132630463047	0.3670886075949367	0.5206498336269328
11	Eif4a3	-3.3531	-0.64854854	0.0007991182453181148	0.013777900781346806	0.5822784810126582	0.7612057154041887
11	Ddias	-3.3559763	-1.3104588	0.0007908530997768157	0.013753966952640273	0.22784810126582278	0.4286553141514974
11	Gen1	-3.4124448	-1.5875751	0.0006438293940738035	0.011295252527610588	0.13924050632911392	0.3534938344098649
11	Cenph	-3.4426851	-0.85088277	0.0005759696249306596	0.010377670302615076	0.4050632911392405	0.6073595615580348
11	Mastl	-3.4898431	-1.2526213	0.00048330428070478596	0.008787350558268835	0.24050632911392406	0.4525347426110785
11	Tubb4b	-3.5582335	-0.637499	0.0003733573277288661	0.007111568147216498	0.7341772151898734	0.8528087688393032
11	Cdkn1a	-3.5969136	-0.56511956	0.0003220153052984662	0.006192602024970504	0.9113924050632911	0.9359953024075162
11	Slfn9	-3.5981247	-0.75149715	0.0003205198388739367	0.006192602024970504	0.6708860759493671	0.7752984928557448
11	Hsp90aa1	-3.6931977	-0.47645772	0.00022145170289549398	0.004519422508071306	0.9367088607594937	0.9735760422783324
11	Rrm2	-3.7155657	-0.7752583	0.000202749650724062	0.004223951056751291	0.5316455696202531	0.7075748678802114
11	Dlgap5	-3.7234378	-1.3470677	0.00019652822928043195	0.00413743640590383	0.3037974683544304	0.4920728126834997
11	Bub1b	-3.750007	-2.012696	0.00017682974991969197	0.0037623351046742973	0.12658227848101267	0.35936582501467995
11	Kif2c	-3.7532995	-1.9023987	0.00017452208317056823	0.003753163078936951	0.13924050632911392	0.37091407320414954
11	Hist1h2ak	-3.7888763	-2.0016327	0.00015133028216571473	0.003325940267378346	0.11392405063291139	0.35721276179291445
11	Kif18b	-3.791715	-1.9088738	0.00014961067412962078	0.0033246816473249063	0.12658227848101267	0.3669994128009395
11	Ccnf	-3.8223712	-1.8567958	0.0001321744821986561	0.0030039655045149116	0.12658227848101267	0.37169700528479155
11	Kif23	-3.936595	-1.4115725	8.26458935941619e-05	0.001899905599865791	0.22784810126582278	0.46780191818359756
11	Hist1h1e	-3.9466248	-1.1931998	7.926066831662342e-05	0.0018432713562005448	0.7088607594936709	0.7602270503033862
11	Fbxo5	-3.9512799	-1.4294568	7.773434872744892e-05	0.0018290434994693862	0.24050632911392406	0.46995498140536307
11	Lin54	-3.956957	-0.88828844	7.591058491957032e-05	0.0018073948790373886	0.379746835443038	0.6048150322959484
11	Brip1	-3.9739506	-0.98650306	7.069024759036026e-05	0.0017033794600086808	0.3670886075949367	0.5897435897435898
11	Trim59	-4.004115	-0.7866945	6.225007711122627e-05	0.0015182945636884454	0.6075949367088608	0.8019181835975729
11	Hist1h2ab	-4.1342726	-2.5915658	3.5608064100506846e-05	0.0009370543184343907	0.10126582278481013	0.35956155803484047
11	Tyms	-4.143394	-0.8565895	3.4220351945647885e-05	0.0009125427185506103	0.5189873417721519	0.7341945586220395
11	Hist1h2an	-4.1958885	-1.9999261	2.7180414561441637e-05	0.0007346057989578821	0.16455696202531644	0.42043452730475633
11	Rpa3	-4.255195	-0.86269504	2.0886654948546385e-05	0.0005722371218779831	0.5443037974683544	0.7475044039929536
11	Cep128	-4.2559524	-1.2817483	2.081610595968084e-05	0.0005722371218779831	0.34177215189873417	0.5597964376590331
11	H3f3b	-4.2988334	-0.35402295	1.7169935021853696e-05	0.0004836601414606675	1.0	0.99608533959679
11	Kif14	-4.3245697	-3.6767519	1.52829766739169e-05	0.00044298483112802605	0.0379746835443038	0.3168917596398512
11	Ccnb1	-4.3291492	-1.9573567	1.496863580932981e-05	0.0004402539943920532	0.11392405063291139	0.39459776864357016
11	Tubb5	-4.3596544	-0.5812491	1.3026795258828712e-05	0.0003888595599650361	0.9746835443037974	0.9874730867097279
11	Cks2	-4.3864126	-0.9990252	1.1523538916286472e-05	0.0003545704281934299	0.620253164556962	0.7592483852025836
11	Parpbp	-4.4531	-3.540235	8.463930981315446e-06	0.0002686962216290618	0.05063291139240506	0.33372479937365435
11	Ckap2	-4.4703584	-1.1571174	7.808860623134795e-06	0.00025189872977854176	0.43037974683544306	0.635936582501468
11	Plk1	-4.4980626	-1.9902388	6.857543003339285e-06	0.00022483747551932083	0.12658227848101267	0.41045214327657076
11	Aurkb	-4.519636	-1.844256	6.194606730876053e-06	0.00020648689102920176	0.17721518987341772	0.453904873752202
11	Kif18a	-4.5225124	-1.3921429	6.110992519941608e-06	0.00020648689102920176	0.27848101265822783	0.5435505969857115
11	Ncapg	-4.5256157	-1.3072845	6.021988793334785e-06	0.00020648689102920176	0.31645569620253167	0.5680172245057741
11	Aurka	-4.690177	-1.8749183	2.7296909057558188e-06	9.926148748202977e-05	0.16455696202531644	0.4544920728126835
11	Ncapg2	-4.7056565	-1.1376715	2.5305038509582026e-06	9.37223648503038e-05	0.43037974683544306	0.6549226854570366
11	Knstrn	-4.744753	-1.0493144	2.08761012403385e-06	7.877774052957925e-05	0.5316455696202531	0.7212761792914465
11	Pimreg	-4.8262763	-2.2328122	1.3910938932670518e-06	5.455270169674713e-05	0.12658227848101267	0.42963397925229985
11	Ndc80	-4.827942	-1.2116264	1.3795144631907344e-06	5.455270169674713e-05	0.4810126582278481	0.6739087884126052
11	Pbk	-4.8364573	-1.197002	1.3217357357633475e-06	5.3948397378095814e-05	0.4050632911392405	0.6486592288119005
11	Aspm	-4.866584	-1.9203454	1.1354365860609827e-06	4.730985775254094e-05	0.189873417721519	0.48698375415932665
11	H1f0	-4.867114	-0.7936369	1.132397741831975e-06	4.730985775254094e-05	0.8481012658227848	0.8743394010569583
11	Kif4	-4.8965216	-1.6641326	9.75480243844739e-07	4.34214967392848e-05	0.2911392405063291	0.542180465844588
11	Hist1h4d	-4.9433765	-2.2177725	7.678094730328032e-07	3.656235585870491e-05	0.20253164556962025	0.48267762771579564
11	Ckap2l	-5.1310625	-1.7332306	2.8811133914342543e-07	1.4054211665532947e-05	0.2911392405063291	0.5572519083969466
11	Pclaf	-5.1706133	-0.812606	2.333272463540931e-07	1.1666362317704655e-05	0.810126582278481	0.8725778038755138
11	Ube2c	-5.24979	-1.6471531	1.5227265662673622e-07	7.808854185986473e-06	0.31645569620253167	0.6132315521628499
11	Kif15	-5.2751856	-1.6368688	1.3262170035779964e-07	7.1687405598810616e-06	0.24050632911392406	0.5539244470542181
11	Cep55	-5.3641653	-1.6884828	8.132443783951384e-08	4.518024324417436e-06	0.25316455696202533	0.5711489528283421
11	Spdl1	-5.4033375	-2.0772767	6.541225320824765e-08	3.737843040471294e-06	0.16455696202531644	0.5012722646310432
11	Incenp	-5.4115124	-1.7864411	6.24946456511134e-08	3.676155626536082e-06	0.3037974683544304	0.5768252104129967
11	Depdc1a	-5.449625	-2.516976	5.047616482368753e-08	3.059161504465911e-06	0.10126582278481013	0.44842434918770796
11	Cdk1	-5.4750204	-1.5049889	4.374607734426719e-08	2.7341298340166995e-06	0.4177215189873418	0.6658837345860247
11	Arhgap11a	-5.6716385	-1.7050948	1.414382831337566e-08	9.75436435405218e-07	0.3291139240506329	0.6238011352515169
11	Mis18bp1	-5.731286	-1.7691417	9.967200890732484e-09	7.11942920766606e-07	0.34177215189873417	0.6226267371305539
11	Sgo2a	-5.7711396	-1.9323665	7.873726364734402e-09	5.832389899803261e-07	0.25316455696202533	0.5736934820904287
11	Ect2	-5.777763	-1.5074912	7.570042737117116e-09	5.823109797782397e-07	0.3670886075949367	0.6694069289489136
11	Hist1h1b	-5.811977	-2.0784857	6.1739344800787225e-09	4.939147584062978e-07	0.26582278481012656	0.5932667841064788
11	Anln	-5.8373346	-1.0812703	5.304245093013636e-09	4.42020424417803e-07	0.7088607594936709	0.8469367782344882
11	Hmmr	-5.848916	-1.5257268	4.947865232224052e-09	4.302491506281785e-07	0.4430379746835443	0.7208847132511255
11	Kif11	-6.0384564	-2.464659	1.5559542082959682e-09	1.4818611507580648e-07	0.22784810126582278	0.5451164611469955
11	Nusap1	-6.210284	-2.9260416	5.288888671729451e-10	5.288888671729451e-08	0.16455696202531644	0.5222156977882169
11	Sgo1	-6.2990365	-1.9514054	2.995014046101086e-10	3.152646364316932e-08	0.20253164556962025	0.5997259737717753
11	Prr11	-6.2997556	-2.2396877	2.981152566334716e-10	3.152646364316932e-08	0.22784810126582278	0.5811313368565277
11	Cenpe	-6.3680706	-1.6542766	1.9142107395966867e-10	2.2520126348196312e-08	0.5569620253164557	0.7780387551379918
11	Spc25	-6.412655	-2.8838043	1.4300713603928325e-10	1.9067618138571103e-08	0.12658227848101267	0.5198669015462909
11	Mki67	-6.424274	-1.5345362	1.3250040679680225e-10	1.9067618138571103e-08	0.5443037974683544	0.7868467410452143
11	Birc5	-6.435439	-1.1036189	1.231170056444145e-10	1.9067618138571103e-08	0.8227848101265823	0.9009590917987864
11	Ccna2	-6.5186276	-1.9098352	7.095348134879928e-11	1.290063297250896e-08	0.31645569620253167	0.6423957721667646
11	Knl1	-6.610597	-1.7871511	3.8277263305432705e-11	7.65545266108654e-09	0.43037974683544306	0.7120767273439029
11	Dbf4	-6.736251	-0.9281709	1.6252549190542812e-11	3.611677597898403e-09	0.8987341772151899	0.9414758269720102
11	Smc2	-6.9495597	-1.4081439	3.664285336175234e-12	9.160713340438084e-10	0.5822784810126582	0.8410647876296731
11	Cenpf	-7.111282	-2.1021276	1.1497002454251419e-12	3.284857844071834e-10	0.35443037974683544	0.730084165198669
11	Top2a	-7.174071	-1.7946904	7.279986245211486e-13	2.426662081737162e-10	0.6835443037974683	0.8776668623996868
11	Smc4	-7.350024	-1.2043165	1.9817127596654894e-13	7.926851038661957e-11	0.8734177215189873	0.9412800939518496
11	Prc1	-7.3617187	-2.1281025	1.8155701768919262e-13	7.926851038661957e-11	0.4810126582278481	0.7662947739283618
11	Kif20b	-7.6114745	-2.1461205	2.7098619572138347e-14	1.8065746381425565e-11	0.3670886075949367	0.7455470737913485
11	Tpx2	-7.7236924	-1.5760441	1.1300732055442596e-14	1.1300732055442596e-11	0.5822784810126582	0.8475239772949696
11	Cdca8	-7.842647	-2.0566783	4.411462446931077e-15	8.822924893862154e-12	0.3924050632911392	0.7555294578195342
12	Tanc2	4.975509	0.67088914	6.507635664398188e-07	3.253817832199094e-05	0.9620253164556962	0.9209238598551576
12	Mxd4	4.22821	0.84829825	2.3555777111557518e-05	0.0008412777539841971	0.7341772151898734	0.5494225875905265
12	Itpr2	4.016983	0.70624745	5.894793457375451e-05	0.0019327191663526069	0.7848101265822784	0.6439616363280486
12	Cd34	3.9086635	0.6037753	9.280809243586427e-05	0.002770390818981023	0.9240506329113924	0.8079859072225485
12	Ngef	3.6986856	0.74372846	0.00021671883653737463	0.005937502370886976	0.7341772151898734	0.5717361518888237
12	Cebpd	3.5542974	0.90111893	0.00037899042978658984	0.009594694424976957	0.5949367088607594	0.38970444313955765
12	Magi2	3.5292423	0.57992196	0.0004167513407659701	0.010290156562122718	0.8987341772151899	0.817576825210413
12	Gstm1	3.492606	0.5626342	0.0004783318313018574	0.011666630031752619	0.8734177215189873	0.7668819729888432
12	Ccnd1	3.4693296	0.37220517	0.0005217587076623285	0.012276675474407727	0.9240506329113924	0.9293403797220591
12	Ssfa2	3.4482107	0.5941767	0.0005643134215776265	0.012828900015256536	0.810126582278481	0.6560970835779996
12	Ppp3ca	3.343903	0.39807767	0.0008260859477987557	0.01856372916401698	0.9746835443037974	0.9722059111372089
12	Plpp3	3.2943985	0.49350962	0.0009863254865684898	0.020793148517435748	0.8734177215189873	0.8134664317870425
12	Dclk1	3.2897432	0.4007727	0.0010027882589032449	0.020793148517435748	0.9493670886075949	0.926208651399491
12	Ccng1	3.2881536	0.38771442	0.0010084677030956339	0.020793148517435748	1.0	0.982775494225876
12	Prl2c2	3.2832334	0.79195243	0.0010262361974356347	0.020943595866033362	0.7848101265822784	0.5946369152476023
12	Ank	3.2330856	0.47850642	0.0012246087757971785	0.02473957122822583	0.9620253164556962	0.9195537287140341
12	Ube2e2	3.2247212	0.52750826	0.0012609537286169573	0.025219074572339146	0.810126582278481	0.7349774907026816
12	Arhgap24	3.1826727	0.5544672	0.0014592247194981321	0.02861224940192416	0.8734177215189873	0.7913486005089059
12	Mmp14	3.15951	0.577209	0.0015803467246023768	0.030686344167036445	0.8354430379746836	0.7361518888236446
12	Gphn	3.1474745	0.4075242	0.0016468746949692688	0.031670667210947474	0.9113924050632911	0.8952828342141319
12	Sox9	3.1432357	0.3917251	0.0016709130375742265	0.03182691500141384	0.9620253164556962	0.920728126834997
12	Apbb2	3.0256813	0.55070895	0.002480736969755961	0.04551810953680663	0.8481012658227848	0.7373262869446076
12	Flrt2	3.0187552	0.4796291	0.002538155947525895	0.04614828995501627	0.810126582278481	0.7888040712468194
12	Lbh	2.9960465	0.6159548	0.0027350461625198414	0.049280111036393535	0.7088607594936709	0.5971814445096888
12	Mastl	-3.0372248	-1.0897255	0.002387673892728713	0.04421618319867987	0.27848101265822783	0.45194754355059696
12	Brip1	-3.0461946	-0.76612777	0.002317578095203732	0.04331921673278004	0.4177215189873418	0.5889606576629477
12	Kif18b	-3.1149635	-1.5843124	0.0018396767851319691	0.03471088273833904	0.189873417721519	0.36602074770013704
12	Hist1h3c	-3.202202	-2.4105506	0.0013638132746305106	0.027006203458029912	0.10126582278481013	0.2967312585633196
12	Kif2c	-3.2933388	-1.5656574	0.00099005095793013	0.020793148517435748	0.17721518987341772	0.37032687414366805
12	Malat1	-3.2936795	-0.37046316	0.0009888520665403207	0.020793148517435748	1.0	1.0
12	Tyms	-3.3070395	-0.67186844	0.0009428756319059385	0.020497296345781273	0.6708860759493671	0.7318457623801136
12	Cdkn2c	-3.3095753	-1.1069813	0.0009343760254312415	0.020497296345781273	0.27848101265822783	0.4781757682521041
12	Cdc20	-3.3189616	-1.2285771	0.0009035286568857494	0.020078414597461097	0.43037974683544306	0.5408103347034645
12	Hist1h2ak	-3.4481351	-1.8211404	0.0005644716006712875	0.012828900015256536	0.1518987341772152	0.35662556273243295
12	Ccnf	-3.4603598	-1.780216	0.0005394539560042718	0.012545440837308647	0.16455696202531644	0.37110980622431006
12	Hist1h2ab	-3.4765208	-1.958893	0.0005079649397381436	0.012094403327098657	0.1518987341772152	0.35877862595419846
12	Ddias	-3.476975	-1.3080846	0.0005071052701587113	0.012094403327098657	0.21518987341772153	0.42885104717165784
12	Fbxo5	-3.5407102	-1.2169831	0.0003990517561356339	0.009976293903390847	0.26582278481012656	0.4695635153650421
12	Diaph3	-3.575189	-0.53873295	0.00034997471965968923	0.008973710760504853	0.759493670886076	0.8520258367586612
12	Iqgap3	-3.643239	-1.6933904	0.0002692286213948434	0.0069929512050608674	0.17721518987341772	0.3928361714621257
12	Parpbp	-3.6779072	-2.2152395	0.00023515535715263518	0.006188298872437768	0.10126582278481013	0.33294186729301234
12	Kif18a	-3.685931	-1.2494221	0.0002278680843419821	0.006076482249119523	0.3924050632911392	0.541788999804267
12	Rad51ap1	-3.686915	-1.307173	0.00022698909851180573	0.006076482249119523	0.26582278481012656	0.4736739087884126
12	Filip1l	-3.7064066	-0.5864817	0.00021022078937251853	0.005839466371458849	0.7848101265822784	0.8647484830690938
12	Atad2	-3.8642306	-0.68937963	0.00011143989859579172	0.0031391520731208935	0.7468354430379747	0.8332354668232531
12	Tubb4b	-3.87778	-0.6490542	0.00010541396354964269	0.0030118275299897907	0.7974683544303798	0.8518301037385007
12	Kif14	-3.8791425	-2.9604325	0.00010482532157022359	0.0030118275299897907	0.0759493670886076	0.31630456057936973
12	Hist1h4d	-3.879748	-1.6845434	0.00010456469984180568	0.0030118275299897907	0.2911392405063291	0.48130749657467214
12	Pbk	-3.944808	-0.9802849	7.986395561022067e-05	0.0024201198669763836	0.5189873417721519	0.6468976316304561
12	Bub1b	-3.949766	-2.0880265	7.82276372267078e-05	0.00240700422236024	0.11392405063291139	0.35956155803484047
12	Slfn9	-3.987273	-0.82342887	6.68371400283567e-05	0.002088660625886147	0.569620253164557	0.7768643570170288
12	Plk1	-3.989014	-1.9580656	6.634854761555626e-05	0.002088660625886147	0.17721518987341772	0.40966921119592875
12	Hist1h2an	-3.997643	-2.0695407	6.397631943116141e-05	0.002063752239714884	0.20253164556962025	0.4198473282442748
12	Hist2h2ac	-4.051235	-1.269551	5.094797185844483e-05	0.0016982657286148276	0.5569620253164557	0.6836954394206303
12	Clspn	-4.055285	-0.9581618	5.007324633319929e-05	0.0016973981807864166	0.4050632911392405	0.6467018986102956
12	Kif23	-4.0987716	-1.5245051	4.153486022471011e-05	0.0014322365594727623	0.22784810126582278	0.46780191818359756
12	Spdl1	-4.107136	-1.4112502	4.005955070295759e-05	0.0014055982702792136	0.27848101265822783	0.49951066744959877
12	Rrm2	-4.2764277	-0.92366475	1.8991608436770765e-05	0.0006906039431553005	0.5443037974683544	0.7073791348600509
12	Hist1h2ae	-4.2975087	-1.6160712	1.7272833255571767e-05	0.0006397345650211765	0.2911392405063291	0.5218242317478958
12	Cdk1	-4.388532	-1.1705836	1.141182658894411e-05	0.0004306349656205325	0.5063291139240507	0.6645136034449012
12	Ncapg2	-4.5611925	-1.1071584	5.086392657360048e-06	0.00019563048682154032	0.3924050632911392	0.6555098845175181
12	Cenph	-4.561533	-1.1172209	5.078146573044391e-06	0.00019563048682154032	0.379746835443038	0.6077510275983559
12	Knstrn	-4.6731453	-1.0533205	2.966215953501021e-06	0.00011864863814004084	0.5443037974683544	0.721080446271286
12	Pclaf	-4.788921	-0.7297781	1.6768051858355682e-06	6.844102799328849e-05	0.8481012658227848	0.8719906048150323
12	Ncapg	-4.7987614	-1.458378	1.596499289098835e-06	6.652080371245146e-05	0.31645569620253167	0.5680172245057741
12	H3f3b	-4.820713	-0.46636683	1.4304613733776129e-06	6.087069673947289e-05	1.0	0.99608533959679
12	Dlgap5	-4.8424373	-1.7403667	1.2825609975940213e-06	5.576352163452267e-05	0.20253164556962025	0.49363867684478374
12	Pimreg	-4.890655	-2.4703681	1.0050095802755425e-06	4.466709245669078e-05	0.13924050632911392	0.4294382462321394
12	Aspm	-4.91026	-2.349028	9.095568882139331e-07	4.1343494918815146e-05	0.22784810126582278	0.48639655509884516
12	Ccnb1	-4.9173374	-2.8435893	8.772920935289859e-07	4.0804283419952835e-05	0.08860759493670886	0.3949892346838912
12	Hist1h1e	-4.9430737	-1.4145619	7.690033820871548e-07	3.661920867081689e-05	0.6455696202531646	0.7612057154041887
12	Aurka	-4.9491296	-2.352031	7.454615719392958e-07	3.636397911899004e-05	0.16455696202531644	0.4544920728126835
12	H1f0	-4.9765687	-0.84439784	6.472124838655514e-07	3.253817832199094e-05	0.8354430379746836	0.8745351340771188
12	Spc25	-5.002154	-1.9227656	5.669332963730405e-07	2.9838594545949502e-05	0.25316455696202533	0.5179095713446858
12	Kif15	-5.09242	-1.6700244	3.5352168399327215e-07	1.910928021585255e-05	0.27848101265822783	0.5533372479937365
12	Kif4	-5.1463904	-1.7813138	2.6554612274844234e-07	1.4752562374913465e-05	0.26582278481012656	0.5425719318849089
12	Depdc1a	-5.207855	-2.497555	1.9103609631789302e-07	1.0916348361022458e-05	0.12658227848101267	0.448032883147387
12	Ndc80	-5.3467174	-1.3918147	8.956362787975857e-08	5.268448698809328e-06	0.45569620253164556	0.6743002544529262
12	Sgo1	-5.3695016	-1.6715738	7.895448231944313e-08	4.7851201405723105e-06	0.3291139240506329	0.5977686435701702
12	Hist1h1b	-5.4807734	-2.034286	4.234705748392823e-08	2.6466910927455142e-06	0.3291139240506329	0.5922881190056762
12	Hmmr	-5.5678606	-1.439922	2.5788612468013668e-08	1.6637814495492689e-06	0.4810126582278481	0.7202975141906439
12	Aurkb	-5.569942	-2.9542837	2.548239608323926e-08	1.6637814495492689e-06	0.12658227848101267	0.454687805832844
12	Sgo2a	-5.670957	-2.0233893	1.4200193268127472e-08	9.793236736639636e-07	0.2911392405063291	0.5731062830299471
12	Ckap2	-5.710924	-1.7101871	1.123643553630439e-08	8.026025383074564e-07	0.379746835443038	0.63671951458211
12	Arhgap11a	-5.9813066	-1.8218138	2.2135463620383207e-09	1.6396639718802375e-07	0.3037974683544304	0.624192601291838
12	Mis18bp1	-6.021009	-1.8889378	1.7333340287001481e-09	1.3333338682308832e-07	0.3291139240506329	0.6228224701507145
12	Ccna2	-6.0605216	-1.7155252	1.3568088415148719e-09	1.0854470732118975e-07	0.3291139240506329	0.6422000391466041
12	Ube2c	-6.087999	-2.1163247	1.1433071061639021e-09	9.527559218032518e-08	0.31645569620253167	0.6132315521628499
12	Tubb5	-6.2637625	-0.81886935	3.757973291095742e-10	3.2678028618223843e-08	0.9620253164556962	0.9876688197298884
12	Ect2	-6.2715216	-1.7306157	3.575371608899802e-10	3.250337826272548e-08	0.34177215189873417	0.6697983949892347
12	Incenp	-6.2750034	-2.2733448	3.4962673303162886e-10	3.250337826272548e-08	0.24050632911392406	0.5778038755137992
12	Cks2	-6.2883635	-1.5507547	3.2082991351575286e-10	3.208299135157528e-08	0.5569620253164557	0.7602270503033862
12	Cep55	-6.3069086	-2.2869291	2.8466342361467904e-10	2.996457090680832e-08	0.21518987341772153	0.5717361518888237
12	Dbf4	-6.462954	-0.9587438	1.0267845100822718e-10	1.140871677869191e-08	0.8607594936708861	0.9420630260324917
12	Ckap2l	-6.48324	-2.5370288	8.977330809393523e-11	1.0561565658110026e-08	0.189873417721519	0.5588177725582306
12	Kif11	-6.486192	-2.7578442	8.803269981427355e-11	1.0561565658110026e-08	0.17721518987341772	0.5458993932276375
12	Prr11	-6.5130644	-2.4002419	7.363302355782653e-11	9.81773647437687e-09	0.21518987341772153	0.5813270698766883
12	Nusap1	-6.79359	-3.7611835	1.0937700586428369e-11	1.5625286552040527e-09	0.12658227848101267	0.5228028968486984
12	Tpx2	-6.85214	-1.3044511	7.275329038414593e-12	1.119281390525322e-09	0.6962025316455697	0.8457623801135251
12	Anln	-6.8558493	-1.3532296	7.08901887526722e-12	1.119281390525322e-09	0.6835443037974683	0.8473282442748091
12	Cdca8	-6.9646983	-1.720225	3.291077759105509e-12	5.983777743828198e-10	0.5063291139240507	0.7537678606380896
12	Prc1	-7.02533	-2.0764706	2.135605540075833e-12	4.271211080151666e-10	0.569620253164557	0.7649246427872383
12	Knl1	-7.0478873	-1.9502033	1.8165462137886666e-12	4.036769363974815e-10	0.379746835443038	0.7128596594245449
12	Birc5	-7.1331954	-1.2322453	9.806502780493842e-13	2.4516256951234604e-10	0.7848101265822784	0.901546290859268
12	Mki67	-7.1376615	-1.7731414	9.4931968828263e-13	2.4516256951234604e-10	0.5569620253164557	0.7866510080250538
12	Cenpe	-7.753668	-2.2008886	8.927577648019792e-15	2.9758592160065973e-12	0.5443037974683544	0.7782344881581523
12	Cenpf	-7.845372	-2.644429	4.316713013768058e-15	1.7266852055072232e-12	0.4177215189873418	0.7291055000978665
12	Top2a	-8.174721	-2.1054108	2.9655078526237757e-16	1.4827539263118879e-13	0.7215189873417721	0.8770796633392053
12	Smc2	-8.209919	-1.70036	2.213370444345454e-16	1.4755802962303025e-13	0.5822784810126582	0.8410647876296731
12	Kif20b	-8.470462	-2.6330264	2.4442240772109468e-17	2.4442240772109468e-14	0.3924050632911392	0.7451556077510276
12	Smc4	-8.471748	-1.3996207	2.4173672470236745e-17	2.4442240772109468e-14	0.8860759493670886	0.9410843609316891
13	Mxd4	5.538807	0.99848354	3.045394846438575e-08	1.8845690784754942e-06	0.7934782608695652	0.5478806907378336
13	Tanc2	5.327722	0.6500602	9.945220406475139e-08	5.375794814310886e-06	0.9456521739130435	0.9211145996860283
13	Magi2	5.020559	0.7328904	5.152140620405708e-07	2.5132393270271745e-05	0.9130434782608695	0.8171114599686028
13	Prkca	4.9306254	0.522729	8.19667165795599e-07	3.642965181313773e-05	0.9782608695652174	0.9719387755102041
13	Timp3	4.7080226	0.6215394	2.501313773044746e-06	9.696947002737737e-05	0.9565217391304348	0.9270015698587127
13	Gas7	4.706407	0.606139	2.5212062207118116e-06	9.696947002737737e-05	0.9565217391304348	0.8614599686028257
13	Ank	4.632979	0.5346003	3.6044142778378936e-06	0.00013106961010319614	0.9565217391304348	0.9195447409733124
13	Ppp3ca	4.52331	0.4895223	6.0879897172189596e-06	0.00020637253278708338	0.9782608695652174	0.9721350078492935
13	Pdzrn3	4.4835935	0.65065485	7.339638887769245e-06	0.00024465462959230816	0.9130434782608695	0.7943485086342229
13	Fbxl17	4.341232	0.57655007	1.4168624989178582e-05	0.00044979761870408193	0.8695652173913043	0.7702119309262166
13	Trps1	4.224856	0.5827043	2.3909377312682225e-05	0.0007137127556024544	0.9239130434782609	0.783359497645212
13	Ophn1	4.1895638	0.75661767	2.794911308044143e-05	0.0008185600019841169	0.7934782608695652	0.6483516483516484
13	Mast4	4.1405764	0.47389424	3.464341171699826e-05	0.0009758707525915005	0.9130434782608695	0.8700941915227629
13	Cpa6	4.106478	0.7968506	4.017369843050517e-05	0.0011159360675140327	0.7391304347826086	0.559850863422292
13	Srgap3	4.0862865	0.73794675	4.383325085703059e-05	0.0012009109823843997	0.7717391304347826	0.5890894819466248
13	Fbxl7	4.040916	0.63708115	5.3242812754480683e-05	0.0014011266514337023	0.8913043478260869	0.8286891679748822
13	Galnt18	3.9367256	0.8226557	8.26009432091209e-05	0.002117972902797972	0.6521739130434783	0.4574175824175824
13	Ror1	3.8976762	0.6059026	9.71201495238137e-05	0.0024280037380953424	0.8804347826086957	0.7882653061224489
13	Maml3	3.8454933	0.689056	0.00012031019091374048	0.0029343949003351336	0.7391304347826086	0.6147959183673469
13	Prkdc	3.7734344	0.7334464	0.00016101561134379986	0.0038337050319952343	0.6630434782608695	0.4740973312401884
13	Ngef	3.6944225	0.6629602	0.0002203871792535892	0.005066371936864119	0.75	0.5710361067503925
13	Ssfa2	3.6727555	0.62768215	0.00023994897081355444	0.005392111703675381	0.7717391304347826	0.6563971742543171
13	Dock4	3.6145325	0.74721366	0.00030089000012005214	0.006541086959131568	0.5869565217391305	0.37558869701726844
13	Svep1	3.6091597	0.8950199	0.0003071904018971148	0.006605974427486494	0.5869565217391305	0.40149136577708006
13	Arhgap24	3.6036465	0.53763187	0.00031378378530560845	0.006605974427486494	0.8478260869565217	0.7916012558869702
13	Dclk1	3.5869663	0.44427964	0.0003345476997631717	0.006928597760012973	0.9347826086956522	0.9264128728414442
13	Ankrd12	3.5858073	0.4487965	0.0003360369913606292	0.006928597760012973	0.9347826086956522	0.8818681318681318
13	Zfp36l1	3.5739732	0.42173132	0.00035160506431997454	0.0071756135575505005	0.8586956521739131	0.7815934065934066
13	Csgalnact1	3.5469334	0.5674798	0.00038974300993482755	0.007717683365046089	0.782608695652174	0.6879905808477237
13	Cd34	3.5314822	0.49611947	0.0004132376095306241	0.008024031253021828	0.9021739130434783	0.8080847723704867
13	Cpne4	3.5052502	0.48076195	0.0004561782262701047	0.008772658197502014	0.8804347826086957	0.8292778649921507
13	Itpr2	3.4521894	0.58259505	0.0005560573067534232	0.010202886362448132	0.7391304347826086	0.6444270015698587
13	Hivep2	3.4060464	0.5240308	0.0006591097433362578	0.011875851231283926	0.8152173913043478	0.658359497645212
13	Tanc1	3.3816757	0.5013101	0.0007204516521838232	0.01286520807471113	0.8043478260869565	0.7101648351648352
13	Nrp2	3.35137	0.44382563	0.0008041274046281844	0.014107498326810252	0.9782608695652174	0.8967817896389325
13	Bnc2	3.2695138	0.51961434	0.0010773248692000346	0.01834150623216368	0.8152173913043478	0.755298273155416
13	Fgd4	3.2691627	0.5756168	0.0010786628696725646	0.01834150623216368	0.7391304347826086	0.591248037676609
13	Lgr4	3.2682495	0.5699883	0.0010821488676976572	0.01834150623216368	0.6956521739130435	0.5125588697017268
13	Sox6	3.2349944	0.929803	0.0012164513709031605	0.020444560855515305	0.5217391304347826	0.3622448979591837
13	Adamts12	3.2229846	0.5302477	0.0012686240146683554	0.021143733577805923	0.7934782608695652	0.6548273155416012
13	Tiam2	3.1902208	0.5674707	0.0014216407201638386	0.02349819372171634	0.7608695652173914	0.6632653061224489
13	Gphn	3.18541	0.43468532	0.0014454907010696867	0.023515326177789585	0.9239130434782609	0.8950156985871272
13	Nmnat2	3.1367035	0.58923143	0.0017085881446626005	0.027120446740676197	0.6630434782608695	0.5123626373626373
13	Il16	3.1295748	0.71601766	0.0017505945188996755	0.027568417620467328	0.5543478260869565	0.37421507064364207
13	Psd3	3.1236753	0.89061415	0.0017860742572427075	0.027907410269417305	0.4673913043478261	0.3010204081632653
13	Plpp3	3.1035888	0.41527104	0.001911888969795123	0.029641689454187953	0.8369565217391305	0.8139717425431711
13	Negr1	3.0924218	0.5198548	0.001985305947401721	0.030543168421564938	0.8260869565217391	0.756083202511774
13	2610035D17Rik	3.089507	0.66771287	0.002004889509935643	0.030609000151689204	0.5543478260869565	0.3848116169544741
13	Fbxl20	3.02103	0.768674	0.002519163680861348	0.03759945792330369	0.4891304347826087	0.3161302982731554
13	Mmp14	2.9788904	0.44187847	0.00289294292496449	0.04254327830830132	0.8586956521739131	0.7354788069073783
13	Ube2e2	2.9494276	0.4024865	0.0031836308644350372	0.045594276765287586	0.8043478260869565	0.7348901098901099
13	Zmynd19	2.9486551	0.5725096	0.0031915993735701313	0.045594276765287586	0.6956521739130435	0.570839874411303
13	Mid1	2.9440548	0.59164315	0.00323942576361925	0.04594930161162057	0.6956521739130435	0.5718210361067504
13	L3mbtl3	2.9191573	0.5926811	0.0035097904830662108	0.04904998306430266	0.5869565217391305	0.4118916797488226
13	Gm12648	2.911783	0.3820715	0.003593723487213401	0.049568599823633125	0.9456521739130435	0.8910910518053375
13	Slc6a6	2.908236	0.42004636	0.003634737924401523	0.04979093047125374	0.8152173913043478	0.7702119309262166
13	Mastl	-2.9172258	-0.96910626	0.0035315987806297912	0.04904998306430266	0.30434782608695654	0.4519230769230769
13	Fam83d	-2.9374177	-2.6723123	0.003309578388188659	0.04661378011533323	0.043478260869565216	0.2217425431711146
13	Rad51b	-2.9704273	-0.64463645	0.002973858000585279	0.043099391312830124	0.5108695652173914	0.6240188383045526
13	Hist1h4c	-2.9716213	-1.4970596	0.0029623188491355347	0.043099391312830124	0.18478260869565216	0.34595761381475665
13	Rrm2	-2.9823318	-0.5483214	0.0028606183558718495	0.04237953119810147	0.6413043478260869	0.7060439560439561
13	Hist1h2ae	-3.022224	-1.1033568	0.0025092479406259266	0.03759945792330369	0.41304347826086957	0.5202119309262166
13	Cenph	-3.0628889	-0.64325637	0.002192114995562957	0.03321386356913571	0.4673913043478261	0.6067503924646782
13	Slfn9	-3.1554205	-0.6069272	0.001602669058215008	0.02564270493144013	0.6413043478260869	0.7760989010989011
13	H2afz	-3.1639187	-0.34161022	0.0015566025604319355	0.02510649291019251	1.0	0.9958791208791209
13	Ddias	-3.1852696	-0.99605656	0.0014461925599340594	0.023515326177789585	0.2608695652173913	0.42857142857142855
13	Ccnf	-3.2986956	-1.3816104	0.0009713520559587942	0.016893079234065987	0.18478260869565216	0.37127158555729983
13	Cdkn2c	-3.35281	-0.976479	0.0007999562350661899	0.014107498326810252	0.29347826086956524	0.478414442700157
13	Hist1h2ai	-3.4441829	-1.9138206	0.0005727882238423893	0.010414331342588895	0.11956521739130435	0.31907378335949765
13	Ccnb1	-3.462935	-1.2962296	0.0005343174566418213	0.009894767715589285	0.1956521739130435	0.3938383045525903
13	Hist1h2ab	-3.4724514	-1.934107	0.000515728095679391	0.00963977748933441	0.18478260869565216	0.358712715855573
13	Rad51ap1	-3.4827406	-1.0867599	0.0004963089098104479	0.00936431905302732	0.30434782608695654	0.47350863422291994
13	Tubb4b	-3.4902205	-0.4983794	0.0004826222426162351	0.009192804621261621	0.8478260869565217	0.8510596546310832
13	2610020C07Rik	-3.538049	-0.8843342	0.00040309523060816555	0.007903828051140501	0.3804347826086957	0.554945054945055
13	Hist1h4d	-3.5656154	-1.373925	0.00036300339238663586	0.007260067847732717	0.33695652173913043	0.4809654631083202
13	Trim59	-3.5703912	-0.54603755	0.00035644844861642774	0.007200978759927833	0.7608695652173914	0.7996467817896389
13	Lockd	-3.6060696	-0.7112973	0.0003108699033427778	0.006605974427486494	0.6739130434782609	0.7607927786499215
13	G2e3	-3.6248217	-1.1872101	0.00028916090988572986	0.0063551848326534035	0.2717391304347826	0.4642857142857143
13	Kif2c	-3.629492	-1.6431206	0.0002839793618242684	0.006310652484983743	0.17391304347826086	0.3708791208791209
13	Hist1h1d	-3.688909	-1.6827854	0.00022521763613993125	0.005118582639543893	0.20652173913043478	0.4010989010989011
13	Dlgap5	-3.7095575	-1.134589	0.00020762173669053798	0.0048284124811753025	0.31521739130434784	0.4923469387755102
13	Fbxo5	-3.7123668	-1.2389038	0.000205330050675618	0.0048284124811753025	0.29347826086956524	0.4695839874411303
13	Spdl1	-3.7954173	-1.098276	0.00014739537454694273	0.0035516957722154874	0.30434782608695654	0.49960753532182106
13	Hist2h2ac	-3.8736215	-1.1648316	0.00010722992246228248	0.0026476524064761105	0.6086956521739131	0.6830847723704867
13	Kif14	-3.9123197	-2.3151495	9.14137617037489e-05	0.0023142724481961746	0.08695652173913043	0.31671899529042385
13	Gen1	-4.011102	-1.9540703	6.0435931590966105e-05	0.0015697644569082105	0.11956521739130435	0.3543956043956044
13	Hist1h1b	-4.0573854	-1.3715209	4.9625097399638295e-05	0.0013233359306570212	0.45652173913043476	0.5906593406593407
13	H1f0	-4.074417	-0.6112573	4.6129735789036685e-05	0.0012467496159199105	0.8586956521739131	0.8742150706436421
13	Kif18b	-4.1580997	-1.7707793	3.20906189185537e-05	0.0009168748262443914	0.11956521739130435	0.36773940345368916
13	Cdc20	-4.187211	-1.3001254	2.824032006845204e-05	0.0008185600019841169	0.358695652173913	0.542386185243328
13	Hist1h2an	-4.229035	-1.9122174	2.3469614645764893e-05	0.0007112004438110573	0.20652173913043478	0.42032967032967034
13	Plk1	-4.247506	-1.931982	2.1616343956021106e-05	0.0006651182755698802	0.18478260869565216	0.41012558869701726
13	Iqgap3	-4.2537217	-1.8239667	2.1024672663742626e-05	0.000657021020741957	0.15217391304347827	0.3938383045525903
13	Cep128	-4.351064	-1.1533844	1.3547834724053828e-05	0.00043702692658238154	0.358695652173913	0.5600470957613815
13	Aurka	-4.379087	-1.5640583	1.1917747292446429e-05	0.000390745812867096	0.20652173913043478	0.45447409733124017
13	H3f3b	-4.562711	-0.36735544	5.049733277224232e-06	0.0001741287336973873	1.0	0.9960753532182104
13	Kif18a	-4.5815334	-1.3925538	4.615791471312539e-06	0.00016195759548465048	0.33695652173913043	0.543171114599686
13	Knstrn	-4.6201262	-0.886039	3.835066786052841e-06	0.0001369666709304586	0.5434782608695652	0.7215463108320251
13	Pclaf	-4.685583	-0.6360173	2.791638513860187e-06	0.00010339401903185878	0.8695652173913043	0.8716640502354788
13	Kif15	-4.70121	-1.2756075	2.5862435139047994e-06	9.759409486433206e-05	0.31521739130434784	0.5533751962323391
13	Parpbp	-4.715783	-3.1977386	2.4078257109882485e-06	9.631302843952993e-05	0.05434782608695652	0.33437990580847726
13	Cdk1	-4.805822	-1.210153	1.5411711738346911e-06	6.290494587080371e-05	0.5543478260869565	0.6640502354788069
13	Aspm	-4.8247495	-1.7694838	1.4017929574393243e-06	5.840803989330518e-05	0.22826086956521738	0.4870486656200942
13	Arhgap11a	-4.911031	-1.3005738	9.059895097441391e-07	3.8552745095495285e-05	0.42391304347826086	0.6228414442700158
13	Ncapg	-4.925077	-1.3847412	8.432707368970156e-07	3.666394508247894e-05	0.358695652173913	0.5678963893249608
13	Rpa3	-4.9538727	-0.96320796	7.275084205567635e-07	3.306856457076198e-05	0.5869565217391305	0.7472527472527473
13	Tubb5	-4.953978	-0.55964804	7.271144357752195e-07	3.306856457076198e-05	0.9782608695652174	0.9874411302982732
13	Kif23	-5.0027547	-1.9255046	5.651684715155846e-07	2.691278435788498e-05	0.1956521739130435	0.46899529042386184
13	Pbk	-5.059573	-1.1651839	4.2019633229940407e-07	2.1009816614970203e-05	0.43478260869565216	0.6487441130298273
13	Pimreg	-5.13711	-1.9997927	2.789955631003048e-07	1.4307464774374605e-05	0.11956521739130435	0.4305337519623234
13	Ube2c	-5.3040185	-1.4728944	1.1328089467921718e-07	5.962152351537746e-06	0.3804347826086957	0.6128335949764521
13	Ckap2	-5.4009748	-1.3184651	6.62797340162345e-08	3.682207445346361e-06	0.391304347826087	0.6371664050235479
13	Depdc1a	-5.458355	-2.0243711	4.805660033078365e-08	2.746091447473351e-06	0.11956521739130435	0.4489795918367347
13	Ndc80	-5.4923477	-1.3086854	3.9662550311011445e-08	2.3330911947653787e-06	0.4782608695652174	0.6744505494505495
13	Sgo1	-5.535155	-1.5573574	3.1095389794845656e-08	1.8845690784754942e-06	0.34782608695652173	0.598116169544741
13	Hist1h1e	-5.541862	-1.5035231	2.99272356426342e-08	1.8845690784754942e-06	0.6304347826086957	0.7617739403453689
13	Mis18bp1	-5.57747	-1.5406594	2.440419827739248e-08	1.6269465518261653e-06	0.40217391304347827	0.6222527472527473
13	Spc25	-5.6098123	-2.0471923	2.0254637820288876e-08	1.3968715738130259e-06	0.2391304347826087	0.5188383045525903
13	Cks2	-5.6120243	-1.2104871	1.9997316191850817e-08	1.3968715738130259e-06	0.6304347826086957	0.7594191522762951
13	Incenp	-5.6353416	-1.6586013	1.7471150614511186e-08	1.2941593047786065e-06	0.30434782608695654	0.5775117739403454
13	Aurkb	-5.658448	-2.3257055	1.5274766015920627e-08	1.1749820012246636e-06	0.13043478260869565	0.4554552590266876
13	Ncapg2	-5.6983056	-1.3565617	1.2100408258406239e-08	9.68032660672499e-07	0.391304347826087	0.6562009419152276
13	Nusap1	-5.7634115	-2.2305408	8.243057169906129e-09	6.869214308255106e-07	0.22826086956521738	0.521978021978022
13	Cep55	-5.811275	-1.688731	6.199882134434061e-09	5.391201856029619e-07	0.2608695652173913	0.5718210361067504
13	Ect2	-5.872799	-1.4160638	4.2849801101911566e-09	3.8954364638101424e-07	0.42391304347826086	0.6691522762951334
13	Anln	-5.8998737	-0.9652185	3.6377990880700146e-09	3.4645705600666806e-07	0.75	0.8465463108320251
13	Sgo2a	-5.9559546	-1.8550324	2.5855806558062515e-09	2.585580655806251e-07	0.2608695652173913	0.5743720565149136
13	Kif4	-6.030331	-1.9699721	1.63624005383714e-09	1.7223579514075158e-07	0.22826086956521738	0.5439560439560439
13	Ckap2l	-6.0435348	-1.8978806	1.5077368304801098e-09	1.6752631449779e-07	0.22826086956521738	0.5590659340659341
13	Tpx2	-6.4775386	-1.0888917	9.323084547090307e-11	1.0968334761282713e-08	0.7391304347826086	0.8453689167974883
13	Dbf4	-6.5239625	-0.834799	6.847377498454675e-11	8.559221873068345e-09	0.9130434782608695	0.9413265306122449
13	Kif11	-6.5662427	-2.4178288	5.1600655465238157e-11	6.880087395365088e-09	0.20652173913043478	0.5463108320251178
13	Ccna2	-6.5770235	-1.7411762	4.799588290168714e-11	6.85655470024102e-09	0.33695652173913043	0.6428571428571429
13	Knl1	-6.6687827	-1.6241333	2.579337713381782e-11	3.9682118667412034e-09	0.5	0.7115384615384616
13	Prr11	-6.900832	-2.2969239	5.169884633571148e-12	8.616474389285247e-10	0.21739130434782608	0.582221350078493
13	Hmmr	-6.968677	-1.7815509	3.1993549367140497e-12	5.817008975843727e-10	0.45652173913043476	0.7213500784929356
13	Mki67	-7.0859656	-1.5799389	1.3807797651258e-12	2.7615595302516e-10	0.6195652173913043	0.7861067503924647
13	Cdca8	-7.382594	-1.6867428	1.5523475486839318e-13	3.449661219297627e-11	0.5	0.7545133437990581
13	Kif20b	-7.42203	-1.8687478	1.1533883380708417e-13	2.883470845177104e-11	0.5	0.7441130298273155
13	Birc5	-7.511928	-1.1855081	5.826290224075443e-14	1.664654349735841e-11	0.8695652173913043	0.9003139717425431
13	Smc2	-7.524394	-1.327621	5.296533349101059e-14	1.664654349735841e-11	0.6956521739130435	0.8396781789638933
13	Cenpf	-7.7472076	-2.213203	9.393515143170015e-15	3.757406057268006e-12	0.41304347826086957	0.7299843014128728
13	Prc1	-7.9115176	-2.176256	2.54270136276969e-15	1.271350681384845e-12	0.5652173913043478	0.765502354788069
13	Top2a	-8.002891	-1.8477913	1.2153207054056562e-15	8.102138036037708e-13	0.8043478260869565	0.8759811616954474
13	Cenpe	-8.296393	-2.1291363	1.0731970543514772e-16	1.0731970543514772e-13	0.4891304347826087	0.7798273155416012
13	Smc4	-8.389909	-1.2518696	4.865209189994795e-17	9.73041837998959e-14	0.8804347826086957	0.9413265306122449
14	Tanc2	6.0136094	0.73307735	1.814372950108684e-09	1.0672782059462847e-07	0.96	0.9207940251572327
14	Nrp2	5.7533426	0.7228326	8.749587761715863e-09	4.4869680829312115e-07	0.96	0.8970125786163522
14	Magi2	5.253068	0.8313634	1.4958617655549877e-07	6.503746806760816e-06	0.88	0.8176100628930818
14	Ank	5.122143	0.67553145	3.020833645846567e-07	1.1846406454300264e-05	0.97	0.9192216981132075
14	Ssfa2	4.811481	0.7230189	1.4981608219927685e-06	4.97117413493595e-05	0.85	0.6546776729559748
14	Maml3	4.8096943	0.97284526	1.511613064122449e-06	4.97117413493595e-05	0.78	0.6137971698113207
14	Ube2e2	4.7555914	0.68307173	1.978662919140114e-06	6.183321622312857e-05	0.84	0.7340801886792453
14	Fbxl17	4.5372586	0.69424623	5.699022208771421e-06	0.0001651890495296064	0.86	0.7702437106918238
14	Plpp3	4.4532557	0.62183356	8.457787600368913e-06	0.00023824753803856094	0.87	0.8132861635220126
14	Ppp3ca	4.253699	0.50782377	2.1026804718335572e-05	0.000568292019414475	1.0	0.9716981132075472
14	Ror1	4.086536	0.59960014	4.3786127485639284e-05	0.0011227212175804946	0.89	0.7879323899371069
14	Tanc1	4.0488834	0.70540524	5.146260550683222e-05	0.0013028507723248663	0.82	0.7097091194968553
14	Frmd4a	4.039141	0.47019416	5.364722499058811e-05	0.0013411806247647026	0.98	0.9363207547169812
14	Arhgap24	3.9938028	0.6253024	6.502193941898344e-05	0.001605479985653912	0.9	0.7904874213836478
14	Sox9	3.9351492	0.46297082	8.314500797999311e-05	0.002003494168192605	0.99	0.9200078616352201
14	Prkdc	3.8698888	0.8294194	0.00010888503862498198	0.0025322102005809763	0.63	0.4744496855345912
14	Prkca	3.8544164	0.43027025	0.00011600605186243854	0.0026372277288484016	1.0	0.971501572327044
14	Csgalnact1	3.8249884	0.5694922	0.0001307782415966918	0.002926129460858719	0.81	0.6873034591194969
14	Cped1	3.8165274	0.6573518	0.00013534302004222724	0.0029745718690599395	0.77	0.6230345911949685
14	Zeb1	3.7699754	0.5300262	0.00016326364164817678	0.003445960461777745	0.93	0.8498427672955975
14	Gas7	3.769335	0.53170305	0.0001636831219344429	0.003445960461777745	0.92	0.8620283018867925
14	Pdzrn3	3.6984787	0.5359958	0.00021689553808982494	0.004472072950305669	0.9	0.7944182389937107
14	Flrt2	3.682703	0.5340414	0.00023077403893986815	0.0047096742640789415	0.85	0.7879323899371069
14	Mxd4	3.6554997	0.7665749	0.0002566814107558094	0.005133628215116187	0.67	0.5499213836477987
14	Hivep2	3.6309934	0.64829457	0.0002823324159720254	0.005521702145948169	0.74	0.6595911949685535
14	Lbh	3.6291394	0.6414125	0.0002843676605163307	0.005521702145948169	0.75	0.5959119496855346
14	Itpr2	3.6039925	0.5733349	0.00031336607757161583	0.006026270722531074	0.73	0.6444575471698113
14	Metrn	3.5757444	0.4980173	0.0003492327144251639	0.006652051703336455	0.89	0.7845911949685535
14	Tenm4	3.4954834	0.47380987	0.0004732038751838657	0.008603706821524832	0.88	0.8447327044025157
14	Cpa6	3.4833481	0.6341546	0.0004951838845408939	0.008922232153889981	0.71	0.5601415094339622
14	Fgfr1	3.45092	0.5143866	0.0005586787872141601	0.00980138223182737	0.91	0.8327437106918238
14	Eef2	3.4410772	0.3157192	0.000579403282832393	0.010076578831867702	1.0	0.9915487421383647
14	Timp3	3.384008	0.420531	0.0007143594649499088	0.012211272905126646	0.96	0.9268867924528302
14	Psd3	3.379963	0.9079069	0.0007249563321496524	0.012287395460163601	0.48	0.30051100628930816
14	Dclk1	3.350771	0.42867833	0.0008058694962910281	0.013544025147748372	0.95	0.9261006289308176
14	Bnc2	3.3075223	0.5245158	0.0009412521941263867	0.015101776173818844	0.89	0.7537342767295597
14	Ldb2	3.306747	0.69491535	0.0009438610108636777	0.015101776173818844	0.7	0.5919811320754716
14	Phactr1	3.291915	1.1820322	0.0009950766436820015	0.01567049832570081	0.4	0.22150157232704404
14	Rora	3.2877688	0.5200262	0.0010098471655660465	0.015778861961969474	0.83	0.7867531446540881
14	Ypel5	3.268184	0.5658459	0.0010823999186009572	0.016781394086836546	0.72	0.5878537735849056
14	Gm38399	3.263903	0.48066217	0.001098888146905993	0.01690597149086143	0.85	0.7596305031446541
14	Adgrl2	3.2310367	0.5848188	0.001233421087221641	0.018688198291236986	0.72	0.5949292452830188
14	Limd2	3.1827319	0.6023822	0.0014589270612476413	0.021577514151721666	0.69	0.581564465408805
14	Dip2c	3.1304154	0.520603	0.0017455923205725865	0.02529843942858821	0.78	0.7104952830188679
14	Fbxl7	3.111471	0.45583338	0.00186157736163607	0.02659396230908671	0.87	0.8290094339622641
14	Cebpd	3.0226817	0.6754274	0.002505456572294443	0.034321322908143055	0.54	0.389937106918239
14	Ophn1	3.0031643	0.5309676	0.002671882528124948	0.03635214323979521	0.75	0.6489779874213837
14	Svep1	2.9954786	0.7279349	0.0027401458824645245	0.037028998411682765	0.56	0.40172955974842767
14	Vegfa	2.986748	0.46099645	0.0028196211764946553	0.03784726411402222	0.72	0.5778301886792453
14	Nmnat2	2.9448476	0.6084346	0.0032311368147096586	0.04251495808828498	0.63	0.5127751572327044
14	Mbd5	2.9369261	0.4850326	0.0033148310196048966	0.043331124439279695	0.78	0.6924135220125787
14	Mt2	2.914476	0.34673613	0.003562862903321012	0.045677729529756565	0.93	0.8685141509433962
14	Srgap3	2.885419	0.5728656	0.003908932749278072	0.04948016138326674	0.69	0.5904088050314465
14	Adam12	-2.9063857	-1.2301487	0.003656303648850444	0.04657711654586553	0.14	0.30660377358490565
14	Mmd	-2.9238133	-0.5033124	0.0034577206466285685	0.044615750279078305	0.68	0.7555031446540881
14	Leprot	-2.9322405	-0.44050732	0.003365259865562024	0.043704673578727586	0.75	0.8262578616352201
14	Anxa5	-2.947949	-0.38338876	0.0031988992541735375	0.04236952654534487	0.93	0.9435927672955975
14	2700099C18Rik	-2.9540503	-0.8625364	0.0031363295115819445	0.041817726821092596	0.33	0.47995283018867924
14	Hist1h1d	-3.0357945	-1.2978423	0.0023990286031010635	0.033090049697945705	0.25	0.4005503144654088
14	Fbxo5	-3.0393002	-0.8729509	0.0023712845819060203	0.03293450808202806	0.31	0.4695361635220126
14	Gas2l3	-3.0407834	-1.4124314	0.002359635405493562	0.03293450808202806	0.21	0.360062893081761
14	Ubald2	-3.0638065	-0.80850667	0.002185401566422969	0.030780303752436185	0.36	0.5151336477987422
14	Pcf11	-3.0696719	-0.7079255	0.002142940202417788	0.03039631492791189	0.39	0.5369496855345912
14	Alyref	-3.1249208	-0.45302597	0.0017785287451320248	0.025590341656575893	0.83	0.8726415094339622
14	Hist1h4d	-3.1529667	-1.0797307	0.0016162021314078436	0.023594191699384575	0.34	0.4811320754716981
14	2610020C07Rik	-3.18108	-0.76869464	0.0014672709623170734	0.021577514151721666	0.4	0.5548349056603774
14	Fkbp11	-3.213744	-0.4747717	0.0013101643100688375	0.019554691195057275	0.81	0.8272405660377359
14	Tyms	-3.2262163	-0.57810825	0.001254385184055077	0.018862935098572585	0.61	0.7332940251572327
14	Actg1	-3.2561498	-0.3402234	0.001129341298241167	0.017241851881544534	0.98	0.9740566037735849
14	Arntl	-3.300612	-0.91405505	0.0009647421280513988	0.015313367111926966	0.3	0.4872248427672956
14	Kif20a	-3.3190508	-1.5596957	0.0009032401045098991	0.014686830967640637	0.14	0.3270440251572327
14	Igfbp7	-3.3200958	-0.90669405	0.0008998658430879745	0.014686830967640637	0.31	0.49233490566037735
14	G2e3	-3.3221183	-1.134291	0.000893368180710678	0.014686830967640637	0.33	0.4634433962264151
14	Hist1h2ae	-3.347164	-1.1608229	0.0008164288803232213	0.013607148005387024	0.38	0.5210298742138365
14	Hist2h2ac	-3.3975253	-1.003327	0.0006799832633252293	0.011723849367676368	0.59	0.6835691823899371
14	Hist1h2ai	-3.4643364	-1.9255553	0.0005315414738789211	0.009407813696972054	0.13	0.3191823899371069
14	Kif18a	-3.4807527	-0.99613667	0.000500007111281608	0.008928698415743	0.41	0.5420597484276729
14	Kif14	-3.5255182	-2.0482044	0.0004226553223727066	0.0077551435297744335	0.13	0.3162342767295597
14	Kif18b	-3.5336082	-1.4826276	0.00040992821448673956	0.007591263231235918	0.18	0.3669418238993711
14	Gen1	-3.552182	-1.4270116	0.00038205070471099576	0.007141134667495248	0.15	0.3541666666666667
14	Acta2	-3.5644855	-1.3475266	0.00036457042362648284	0.006878687238235526	0.4	0.5589622641509434
14	Hist1h3c	-3.6379375	-2.4921124	0.0002748301631847076	0.00544218144920213	0.1	0.297562893081761
14	Cep128	-3.663354	-0.84509176	0.0002489341464836564	0.005028972656235482	0.37	0.5601415094339622
14	Hist1h2an	-3.758784	-1.4765078	0.00017074114128131802	0.003557107110027459	0.23	0.4202044025157233
14	Bub1b	-3.7813354	-1.775828	0.00015598939982773756	0.0033546107489836035	0.16	0.3596698113207547
14	H1f0	-3.807325	-0.58174217	0.00014047812858099078	0.0030538723604563215	0.83	0.8748034591194969
14	Tubb4b	-3.823303	-0.5674651	0.00013167582573864235	0.002926129460858719	0.78	0.8523977987421384
14	Ncapg2	-3.854349	-0.7942026	0.00011603802006932966	0.0026372277288484016	0.5	0.6544811320754716
14	Actb	-3.906935	-0.34375274	9.347433812122696e-05	0.002199396191087693	1.0	1.0
14	Timp1	-3.9241602	-0.70993114	8.703282992564987e-05	0.0020722102363249966	0.73	0.8178066037735849
14	Parpbp	-3.9761732	-1.984193	7.003317132394713e-05	0.001708126129852369	0.11	0.33372641509433965
14	Cenpa	-4.0944576	-0.7970432	4.231575460798606e-05	0.0010991105092983393	0.66	0.7682783018867925
14	Ccnf	-4.126785	-1.7837173	3.6787059184087026e-05	0.0009680805048443954	0.14	0.3724449685534591
14	Mastl	-4.1337624	-1.4599451	3.568724223488502e-05	0.0009516597929302673	0.25	0.45322327044025157
14	Cdk1	-4.3805456	-1.0356599	1.1838249810865928e-05	0.0003243356112566008	0.54	0.6645047169811321
14	Atad2	-4.3824334	-0.7309261	1.1736108556427994e-05	0.0003243356112566008	0.69	0.8347091194968553
14	Ccnb1	-4.487605	-1.9330735	7.2028227707022e-06	0.0002057949363057771	0.15	0.39504716981132076
14	Prim1	-4.633531	-0.9121307	3.59480363232472e-06	0.00010572951859778588	0.53	0.6965408805031447
14	Depdc1a	-4.6407113	-1.6678269	3.472119071132164e-06	0.00010364534540693026	0.2	0.4479166666666667
14	Trim59	-4.679746	-0.73046273	2.8723014347520826e-06	8.703943741672977e-05	0.76	0.7997248427672956
14	H2afz	-4.730613	-0.4759923	2.2384278831537814e-06	6.887470409703943e-05	0.99	0.9960691823899371
14	H3f3b	-4.7829294	-0.35820195	1.7275883297528152e-06	5.4844073960406835e-05	1.0	0.9960691823899371
14	Hist1h1b	-4.7870083	-1.4527485	1.6928595062025647e-06	5.460837116782467e-05	0.38	0.592374213836478
14	Spdl1	-4.8090878	-1.4796649	1.5162081111554647e-06	4.97117413493595e-05	0.25	0.5009827044025157
14	Hist1h1e	-4.8353133	-1.2561687	1.3293623278535241e-06	4.584008027081117e-05	0.68	0.7610062893081762
14	Ddias	-4.8965287	-1.9751363	9.75444838350605e-07	3.4226134678968594e-05	0.17	0.43062106918238996
14	Kif15	-4.9209003	-1.3066918	8.614708928869573e-07	3.076681760310562e-05	0.31	0.5538522012578616
14	Cdc20	-4.9936776	-1.4859365	5.924021429800401e-07	2.1541896108365093e-05	0.29	0.5440251572327044
14	Kif2c	-5.0036893	-2.3186843	5.624338124462437e-07	2.083088194245347e-05	0.08	0.37303459119496857
14	Pimreg	-5.008813	-2.0448034	5.476673473966125e-07	2.0666692354589152e-05	0.16	0.43022798742138363
14	Pbk	-5.099861	-1.129714	3.3990311136382773e-07	1.3073196590916452e-05	0.47	0.6483883647798742
14	Tubb5	-5.1231537	-0.5588182	3.004670258416646e-07	1.1846406454300264e-05	0.98	0.9874213836477987
14	Plk1	-5.1274686	-2.28674	2.936639844910804e-07	1.1846406454300264e-05	0.13	0.4115566037735849
14	Ndc80	-5.174459	-1.126449	2.2857247799705802e-07	9.523853249877417e-06	0.5	0.6743317610062893
14	Iqgap3	-5.190066	-2.4114864	2.102194487599386e-07	8.945508457869727e-06	0.1	0.3952437106918239
14	C330027C09Rik	-5.290957	-1.312046	1.2167798483370897e-07	5.407910437053732e-06	0.36	0.6004323899371069
14	Incenp	-5.3253403	-1.4571617	1.0076431583027074e-07	4.580196174103216e-06	0.35	0.5770440251572327
14	Ube2c	-5.4499283	-1.6057693	5.03901030669703e-08	2.3437257240451306e-06	0.43	0.6122248427672956
14	Aurka	-5.457412	-2.1823938	4.8312503745009246e-08	2.3005954164290115e-06	0.16	0.45577830188679247
14	Dlgap5	-5.5567856	-1.7859883	2.747876679461378e-08	1.3404276485177453e-06	0.19	0.4950864779874214
14	Cenph	-5.578292	-1.3818454	2.428915637049064e-08	1.214457818524532e-06	0.36	0.6090801886792453
14	Ect2	-5.819176	-1.3157613	5.913834989587774e-09	3.112544731361987e-07	0.44	0.6692216981132075
14	Aurkb	-5.851975	-2.5248234	4.857694850209002e-09	2.625781000112974e-07	0.15	0.45558176100628933
14	Rpa3	-5.948248	-1.129173	2.7102803537241412e-09	1.5057113076245231e-07	0.53	0.748624213836478
14	Knstrn	-6.008789	-1.2042962	1.8691407709996874e-09	1.0680804405712499e-07	0.5	0.7226808176100629
14	Tpx2	-6.074016	-1.0025803	1.2475035128740328e-09	7.560627350751713e-08	0.67	0.8468946540880503
14	Ckap2	-6.2079077	-1.6290917	5.369460987793456e-10	3.35591311737091e-08	0.4	0.6373820754716981
14	Spc25	-6.2488303	-2.3260746	4.1353728196630265e-10	2.6679824642987268e-08	0.22	0.5196540880503144
14	Kif23	-6.254797	-2.5707183	3.9803323559102965e-10	2.653554903940198e-08	0.13	0.47071540880503143
14	Aspm	-6.30263	-2.8689995	2.926368515312495e-10	2.0181851829741346e-08	0.17	0.4886006289308176
14	Mis18bp1	-6.330103	-1.6902053	2.449978781426669e-10	1.749984843876192e-08	0.35	0.623624213836478
14	Sgo1	-6.3333387	-1.7508578	2.399118185358559e-10	1.749984843876192e-08	0.3	0.5994496855345912
14	Ncapg	-6.365598	-1.8736502	1.94529876506327e-10	1.4963836654332847e-08	0.27	0.5699685534591195
14	Pclaf	-6.374127	-0.9718728	1.8400840889467504e-10	1.4720672711574002e-08	0.74	0.8742138364779874
14	Kif4	-6.3958354	-2.026505	1.596720635653544e-10	1.3306005297112867e-08	0.22	0.5446147798742138
14	Sgo2a	-6.5581775	-1.9849566	5.4469320390070054e-11	4.736462642614787e-09	0.24	0.5752751572327044
14	Cep55	-6.7843986	-2.1302397	1.165712688490367e-11	1.0597388077185155e-09	0.24	0.5727201257861635
14	Nusap1	-6.8508387	-2.9045393	7.341826117988113e-12	6.992215350464869e-10	0.18	0.5233883647798742
14	Kif11	-6.8828287	-2.3836534	5.867565397571089e-12	5.867565397571089e-10	0.19	0.5471698113207547
14	Ckap2l	-7.2129064	-2.5101542	5.477000521470505e-13	5.765263706811058e-11	0.19	0.5603380503144654
14	Knl1	-7.341304	-1.7418326	2.115228362000512e-13	2.3502537355561247e-11	0.45	0.7128537735849056
14	Arhgap11a	-7.3837433	-2.1503713	1.538997924497192e-13	1.810585793526108e-11	0.27	0.6261792452830188
14	Ccna2	-7.4515657	-1.9981446	9.223878240285435e-14	1.1529847800356793e-11	0.32	0.6436713836477987
14	Dbf4	-7.7202935	-1.0048344	1.1606197615567077e-14	1.5474930154089436e-12	0.87	0.9422169811320755
14	Top2a	-7.7991724	-1.6948909	6.23143730011571e-15	8.902053285879585e-13	0.81	0.8759827044025157
14	Cks2	-7.8645678	-1.7711924	3.7037337692334694e-15	5.698051952666877e-13	0.48	0.7625786163522013
14	Cdca8	-7.922042	-1.7339503	2.3364181971620012e-15	3.894030328603335e-13	0.51	0.7547169811320755
14	Prr11	-7.9228845	-2.7434068	2.320631621812426e-15	3.894030328603335e-13	0.18	0.5835298742138365
14	Smc2	-8.065136	-1.4067932	7.315423272967073e-16	1.4630846545934146e-13	0.65	0.8408018867924528
14	Kif20b	-8.143611	-2.021554	3.8366144346668533e-16	8.52580985481523e-14	0.46	0.7452830188679245
14	Prc1	-8.378494	-2.2181578	5.3608913276854136e-17	1.3402228319213534e-14	0.51	0.7669025157232704
14	Hmmr	-8.473992	-2.275993	2.371234754930899e-17	6.7749564426597114e-15	0.42	0.7224842767295597
14	Cenpf	-8.486532	-2.4349217	2.1289532930848202e-17	6.7749564426597114e-15	0.39	0.730935534591195
14	Anln	-8.662695	-1.5425287	4.60740605530947e-18	1.842962422123788e-15	0.69	0.847877358490566
14	Birc5	-8.813374	-1.4287803	1.2143475027916818e-18	6.071737513958408e-16	0.77	0.9023191823899371
14	Mki67	-9.032381	-2.104563	1.6797658851772437e-19	1.1198439234514958e-16	0.48	0.7891116352201258
14	Smc4	-9.042494	-1.3641418	1.5313788714049466e-19	1.1198439234514958e-16	0.84	0.9422169811320755
14	Cenpe	-9.624074	-2.5499017	6.327417557549063e-22	1.2654835115098125e-18	0.43	0.7814465408805031
15	Tanc2	7.0064526	0.7533369	2.4443599406001847e-12	2.1255303831305955e-10	0.967741935483871	0.9204186413902053
15	Magi2	5.962708	0.7867048	2.48091443125859e-09	1.3782857951436612e-07	0.9193548387096774	0.816350710900474
15	Arhgap24	5.74712	0.67484844	9.077643453792441e-09	4.5388217268962207e-07	0.9193548387096774	0.7894944707740916
15	Prkca	5.7155933	0.52658397	1.0932198304484535e-08	5.205808716421206e-07	0.9838709677419355	0.9717614533965245
15	Nrp2	5.443263	0.61364657	5.231327530366112e-08	2.274490230593962e-06	0.9838709677419355	0.8961295418641391
15	Fbxl17	5.288786	0.63472676	1.231308311305628e-07	4.828660044335797e-06	0.8548387096774194	0.7699447077409163
15	Ppp3ca	5.2702465	0.5573831	1.3624078743877112e-07	5.240030286106582e-06	1.0	0.9715639810426541
15	Dclk1	5.141986	0.52425206	2.7184979136885894e-07	1.006851079143922e-05	0.967741935483871	0.9255529225908373
15	Gas7	4.9368353	0.5520391	7.940040049525486e-07	2.6466800165084955e-05	0.9354838709677419	0.8613744075829384
15	Pdzrn3	4.9283395	0.6066349	8.293147085694294e-07	2.7190646182604243e-05	0.8870967741935484	0.7942338072669827
15	Flrt2	4.9227257	0.61984503	8.534695832880604e-07	2.72181901832505e-05	0.8629032258064516	0.7873222748815166
15	Zfp36l1	4.9196005	0.59971184	8.672101213804485e-07	2.72181901832505e-05	0.8790322580645161	0.780608214849921
15	Timp3	4.911711	0.5950638	9.028491307368393e-07	2.777997325344121e-05	0.9838709677419355	0.9261453396524486
15	Itpr2	4.7967715	0.73600036	1.6124347888431582e-06	4.742455261303406e-05	0.7903225806451613	0.6425750394944708
15	Fbxl7	4.7566276	0.59699315	1.968540993366243e-06	5.705915922800704e-05	0.9112903225806451	0.8278041074249605
15	Gphn	4.658012	0.47785988	3.19277627671701e-06	8.993735990752142e-05	0.9354838709677419	0.8945497630331753
15	Galnt18	4.421669	0.8234914	9.794143644107781e-06	0.00025113188831045593	0.6290322580645161	0.45675355450236965
15	Rora	4.4126267	0.550763	1.0212400129949461e-05	0.0002585417754417585	0.8870967741935484	0.7851500789889415
15	Lbh	4.38374	0.6985586	1.166590073536497e-05	0.00029111312556991554	0.7096774193548387	0.5961690363349131
15	Bnc2	4.381434	0.5766914	1.179008158558158e-05	0.00029111312556991554	0.8306451612903226	0.7545418641390206
15	Maml3	4.375092	0.6768561	1.2138117901332431e-05	0.0002960516561300593	0.75	0.6137440758293838
15	Sh3rf3	4.3526077	0.56195116	1.3452764116169514e-05	0.0003241629907510726	0.8709677419354839	0.7584913112164297
15	Cdc6	4.2425833	0.86725837	2.2096128597061527e-05	0.000513863455745617	0.5645161290322581	0.3836887835703002
15	Srgap3	4.127704	0.63032305	3.664029860231038e-05	0.0008423057149956409	0.75	0.5884676145339652
15	Mmp14	3.9498932	0.48119903	7.818607805876258e-05	0.001718375341950826	0.8225806451612904	0.7355845181674565
15	Apbb2	3.9142096	0.48972458	9.070082320381167e-05	0.001971757026169819	0.8467741935483871	0.7363744075829384
15	Ank	3.8751884	0.42029148	0.00010654229244923563	0.0022912320956824865	0.9516129032258065	0.919431279620853
15	Frmd4a	3.857407	0.36108202	0.00011459618037332077	0.002438216603687676	0.9516129032258065	0.9368088467614534
15	Mxd4	3.839262	0.7040823	0.00012340471600950402	0.0025979940212527163	0.6854838709677419	0.5489731437598736
15	Col27a1	3.8150785	0.92707956	0.0001361396869789265	0.0028070038552355982	0.5080645161290323	0.34755134281200634
15	Mast4	3.7704437	0.4311439	0.0001629576205884649	0.0033028977525768007	0.8870967741935484	0.8704581358609794
15	Sox9	3.762433	0.3974876	0.00016826838628424974	0.00333204725315346	0.9758064516129032	0.9200236966824644
15	Fgfr1	3.7203166	0.51396686	0.0001989731278595538	0.0038560725793869103	0.9274193548387096	0.8319510268562401
15	Fmnl2	3.7169485	0.44146693	0.00020164345872999905	0.0038560725793869103	0.9596774193548387	0.8631516587677726
15	Chst11	3.7159472	0.5380289	0.00020244381041781279	0.0038560725793869103	0.782258064516129	0.6668641390205371
15	Tenm4	3.6692188	0.46969277	0.00024329282362477747	0.0045904306344297634	0.8951612903225806	0.8441943127962085
15	Zfpm2	3.5998845	0.45220783	0.0003183584434125472	0.005895526729861986	0.9032258064516129	0.8120063191153238
15	Gm38399	3.5932395	0.47602352	0.0003265922214547327	0.005938040390086049	0.8467741935483871	0.7592812006319115
15	Atad5	3.5719993	0.59813887	0.0003542664783523356	0.006326187113434564	0.6935483870967742	0.6433649289099526
15	Gstm1	3.5202944	0.46651724	0.0004310679935011785	0.007432206784503077	0.8306451612903226	0.7669826224328594
15	Gxylt2	3.5111308	0.638455	0.0004462048050185355	0.0076274325644194105	0.6048387096774194	0.4863744075829384
15	Gsta4	3.4706833	0.5757317	0.0005191358253963781	0.008580757444568233	0.7983870967741935	0.7020142180094787
15	Mt1	3.4405222	0.29306707	0.0005805927831454085	0.009462787036445538	0.9838709677419355	0.9822274881516587
15	Immp2l	3.4299324	0.46567145	0.0006037315503873785	0.00973760565140933	0.8306451612903226	0.7300552922590837
15	Ranbp3l	3.4172187	1.051125	0.0006326444779631725	0.01012231164741076	0.3790322580645161	0.2028041074249605
15	Cpa6	3.3669703	0.6170592	0.0007599886153327674	0.011692132543581037	0.6774193548387096	0.5602290679304898
15	Insig1	3.3630865	0.43917182	0.000770762328575187	0.011767363795041022	0.7338709677419355	0.5819510268562401
15	Satb2	3.300792	0.5518545	0.0009641237657156773	0.014498101740085373	0.7016129032258065	0.6092022116903634
15	Csgalnact1	3.2683246	0.44892734	0.0010818618745769065	0.01602758332706528	0.8064516129032258	0.6868088467614534
15	Rplp0	3.2632573	0.2798388	0.001101394558353645	0.016196978799318307	1.0	0.9988151658767772
15	Tanc1	3.187005	0.4527419	0.0014375432103559244	0.020555730159310597	0.7419354838709677	0.7110979462875198
15	Slit2	3.1867318	0.44594303	0.001438901111151742	0.020555730159310597	0.8790322580645161	0.8023301737756714
15	Prkdc	3.1695879	0.5269828	0.0015265524992580338	0.021500739426169493	0.6048387096774194	0.47432859399684046
15	Ldb2	3.1068685	0.57939976	0.0018908042462137938	0.025551408732618835	0.6693548387096774	0.592219589257504
15	Zeb1	3.1038647	0.3927901	0.0019101070943048698	0.025639021400065368	0.9354838709677419	0.8493285939968405
15	Hivep2	3.096734	0.44290417	0.0019566538047256937	0.026088717396342585	0.7419354838709677	0.6591627172195893
15	Scd2	3.084445	0.32343134	0.0020393232156134737	0.027010903518059255	0.9274193548387096	0.9221958925750395
15	Ccne2	3.074007	0.53049207	0.0021120452445740697	0.02779006900755355	0.5887096774193549	0.4537914691943128
15	Uap1l1	3.0185091	0.44359803	0.0025402164223636064	0.032989823667059825	0.6532258064516129	0.518562401263823
15	Cd34	2.986133	0.3656317	0.002825296600196308	0.03645544000253301	0.8870967741935484	0.8078593996840442
15	Slc6a6	2.9789114	0.36152843	0.002892744052440503	0.03708646221077568	0.8467741935483871	0.7691548183254344
15	Cavin3	2.9725394	0.32155752	0.0029534736099097497	0.03762386764216242	0.9274193548387096	0.8862559241706162
15	Fgd4	2.95934	0.51852643	0.0030829869561615707	0.03902515134381735	0.7096774193548387	0.5910347551342812
15	Eml6	2.9371288	0.7777623	0.003312664394384398	0.04140830492980497	0.5241935483870968	0.4186413902053712
15	Ank3	2.894709	0.36938593	0.003795100781229342	0.047130082819729885	0.8790322580645161	0.8722353870458136
15	Ophn1	2.892858	0.48572737	0.003817536708398121	0.047130082819729885	0.6935483870967742	0.6498815165876777
15	Mastl	-2.884089	-0.7743498	0.003925478371163058	0.04787168745320802	0.3225806451612903	0.4524091627172196
15	Hist1h2ab	-2.8877301	-1.2226517	0.003880326160024792	0.04761136392668456	0.23387096774193547	0.358609794628752
15	Tm4sf1	-2.949873	-0.32495457	0.0031790459634820165	0.039987999540654295	0.9435483870967742	0.955173775671406
15	Kif18a	-3.070123	-0.75252223	0.0021397062707452282	0.027970016611048736	0.4274193548387097	0.542259083728278
15	Hist1h3c	-3.1112683	-1.7782105	0.0018628556275206481	0.02534497452409045	0.1532258064516129	0.2971958925750395
15	Anxa5	-3.1170335	-0.3497074	0.0018268077328969085	0.025024763464341213	0.9112903225806451	0.9441153238546603
15	Hist1h2an	-3.1207354	-0.9288227	0.0018040003060629305	0.02488276284224732	0.27419354838709675	0.4200236966824645
15	Eif4a3	-3.125105	-0.4422642	0.0017774169420309458	0.024686346417096473	0.6854838709677419	0.7602685624012638
15	Hist1h2ae	-3.1623359	-0.95311123	0.0015650890154028294	0.021889356858780833	0.4112903225806452	0.5209320695102686
15	Cavin2	-3.1762633	-0.33082268	0.0014918540125686858	0.021161049823669304	0.9758064516129032	0.9798578199052133
15	Ccnf	-3.2315488	-1.2813447	0.001231213303335796	0.017843671062837622	0.23387096774193547	0.3712480252764613
15	Parpbp	-3.2470844	-1.1577356	0.0011659379464063872	0.01702099191834142	0.1693548387096774	0.3333333333333333
15	Id2	-3.2811296	-0.72046214	0.0010339226769694317	0.015431681745812413	0.4274193548387097	0.5580568720379147
15	Mustn1	-3.3528912	-1.1107666	0.0007997216419172901	0.012116994574504396	0.3387096774193548	0.4761058451816746
15	Iqgap3	-3.3776207	-0.98772365	0.0007311583132606604	0.01133578780249086	0.21774193548387097	0.39375987361769355
15	Alyref	-3.3967977	-0.41848272	0.0006817935395400539	0.010653024055313341	0.8629032258064516	0.8720379146919431
15	Pttg1	-3.401774	-0.638727	0.0006694998548127385	0.010543304800200607	0.5	0.636650868878357
15	Psrc1	-3.405051	-0.8658333	0.0006615169042841171	0.010500268321970112	0.3225806451612903	0.47195892575039494
15	2700099C18Rik	-3.439885	-0.9458177	0.0005819614027414005	0.009462787036445538	0.3387096774193548	0.48045023696682465
15	Hist1h2ak	-3.473475	-1.3575554	0.000513765406507184	0.008562756775119735	0.1935483870967742	0.35742496050552924
15	Ndufa5	-3.476661	-0.41444162	0.0005076994214188649	0.008532763385191006	0.8387096774193549	0.8854660347551343
15	Hist2h2ac	-3.505851	-0.93979067	0.0004551498036203816	0.007714403451192909	0.6290322580645161	0.6830568720379147
15	Cep128	-3.5438406	-0.8120876	0.00039434337531153024	0.00685814565759183	0.4274193548387097	0.5596366508688784
15	Gas2l3	-3.55704	-1.5724479	0.0003750570315263943	0.006579947921515689	0.20967741935483872	0.36078199052132703
15	Timp1	-3.5581324	-0.5944909	0.00037350107548364943	0.006579947921515689	0.8225806451612904	0.815955766192733
15	Usp14	-3.5875652	-0.40576422	0.0003337802036689729	0.0060140577237652775	0.9274193548387096	0.9717614533965245
15	Acta2	-3.5935125	-1.3268148	0.0003262499566009002	0.005938040390086049	0.4435483870967742	0.558649289099526
15	G2e3	-3.6635447	-1.0417286	0.00024874889205003586	0.00464951200093525	0.3064516129032258	0.46465244865718797
15	Kif18b	-3.7387652	-1.2853411	0.00018492624742614565	0.0036260048514930522	0.18548387096774194	0.367693522906793
15	Ddias	-3.7645874	-1.1221644	0.0001668243265996296	0.00333204725315346	0.25806451612903225	0.4296998420221169
15	Hsp90aa1	-3.7696242	-0.37675306	0.00016349343875255164	0.0033028977525768007	0.9596774193548387	0.9733412322274881
15	Hist1h1e	-3.8321617	-0.9618889	0.0001270222330272202	0.002646296521400421	0.7903225806451613	0.7586887835703001
15	Cdkn2d	-4.0350966	-1.7087756	5.457978349030229e-05	0.0012128840775622732	0.12903225806451613	0.334913112164297
15	Rpa3	-4.0398912	-0.6190769	5.347603571399708e-05	0.0012017086677302716	0.6451612903225806	0.7468404423380727
15	Ubald2	-4.0757265	-1.0586138	4.587093732808308e-05	0.001042521302910979	0.3467741935483871	0.5161927330173776
15	Ccnb1	-4.3073053	-1.6650839	1.6525529338365077e-05	0.00038883598443211945	0.20161290322580644	0.3949447077409163
15	H3f3b	-4.340895	-0.28577828	1.4190326345391757e-05	0.000337864912985518	1.0	0.9960505529225908
15	C330027C09Rik	-4.4870887	-0.9166254	7.220296899050974e-06	0.0001875401791961292	0.41935483870967744	0.6001184834123223
15	Bub1b	-4.5061445	-1.7700485	6.601618126362726e-06	0.0001737267927990191	0.13709677419354838	0.3611769352290679
15	Hist1h1b	-4.5572424	-1.2366619	5.182962566451546e-06	0.00013821233510537457	0.43548387096774194	0.5920221169036335
15	Kif14	-4.6073995	-2.379127	4.077360442798063e-06	0.00011019893088643414	0.08064516129032258	0.3183254344391785
15	Spdl1	-4.623815	-1.2353501	3.7674550182706863e-06	0.00010321794570604621	0.3064516129032258	0.5007898894154819
15	H2afz	-4.6460266	-0.42844903	3.383896692961136e-06	9.399713036003157e-05	1.0	0.9958530805687204
15	Tubb4b	-4.7448845	-0.64748335	2.0862532862966225e-06	5.960723675133207e-05	0.7661290322580645	0.8530805687203792
15	Ncapg	-4.8820963	-1.094066	1.049639315358095e-06	3.133251687636104e-05	0.3951612903225806	0.5683254344391785
15	Cdk1	-4.8976626	-0.9608148	9.698346001536416e-07	2.9388927277383076e-05	0.5	0.6660742496050553
15	Ndc80	-4.918751	-0.95805	8.70982085864016e-07	2.72181901832505e-05	0.532258064516129	0.6743680884676145
15	Pbk	-4.9514914	-0.95494163	7.364694010168672e-07	2.4965064441249736e-05	0.46774193548387094	0.6492890995260664
15	Dlgap5	-4.973247	-1.3803345	6.584058605660702e-07	2.270365036434725e-05	0.28225806451612906	0.4942733017377567
15	Pimreg	-5.037211	-1.660334	4.7236469171504515e-07	1.657419970929983e-05	0.18548387096774194	0.43088467614533965
15	Kif2c	-5.0492268	-2.2137492	4.4360227142482197e-07	1.5842938265172213e-05	0.12903225806451613	0.3732227488151659
15	Cdc20	-5.121565	-1.3961458	3.0301064728702715e-07	1.1018568992255532e-05	0.3387096774193548	0.5440363349131122
15	Aurka	-5.1715703	-1.7861491	2.3213488677010104e-07	8.75980704792834e-06	0.22580645161290322	0.4555687203791469
15	Sgo2a	-5.3427362	-1.3259873	9.15539565848342e-08	3.6621582633933678e-06	0.3548387096774194	0.5740521327014217
15	Kif15	-5.3501096	-1.2876939	8.790098571892681e-08	3.5877953354664004e-06	0.3548387096774194	0.5539099526066351
15	Aurkb	-5.3609724	-1.8482674	8.277514269736107e-08	3.448964279056711e-06	0.21774193548387097	0.45537124802527645
15	Cenpa	-5.435313	-0.9498314	5.4700251687989956e-08	2.327670284595317e-06	0.6129032258064516	0.7699447077409163
15	Pclaf	-5.6064186	-0.7587262	2.065562460991128e-08	9.180277604405014e-07	0.7580645161290323	0.8744075829383886
15	Arhgap11a	-5.684552	-1.2958043	1.3115591582182393e-08	5.961632537355633e-07	0.4112903225806452	0.6244075829383886
15	Sgo1	-5.6964164	-1.3235148	1.2235190754779263e-08	5.69078639757175e-07	0.3790322580645161	0.5989336492890995
15	Lockd	-5.725758	-0.99751043	1.0297282126071146e-08	5.023064451742022e-07	0.6048387096774194	0.7630331753554502
15	Depdc1a	-5.8569317	-2.1687796	4.7149681794836686e-09	2.417932399735215e-07	0.18548387096774194	0.44944707740916273
15	Tpx2	-5.942803	-0.8937704	2.8018919839322577e-09	1.4746799915432935e-07	0.6854838709677419	0.8473538704581358
15	Mis18bp1	-5.9531198	-1.3752404	2.63078869516946e-09	1.4220479433348435e-07	0.4032258064516129	0.6236176935229067
15	Tubb5	-6.0037017	-0.6154454	1.928689066785232e-09	1.1021080381629897e-07	0.9838709677419355	0.9873617693522907
15	Incenp	-6.0382624	-1.4968925	1.5578242040771178e-09	9.163671788688928e-08	0.33064516129032256	0.5785939968404423
15	Plk1	-6.1088104	-2.7592814	1.0037643770984443e-09	6.083420467263298e-08	0.12096774193548387	0.41311216429699843
15	Trim59	-6.2395897	-0.95197	4.3872044344174334e-10	2.7420027715108957e-08	0.6693548387096774	0.8021327014218009
15	H1f0	-6.410027	-0.88015383	1.454936485124365e-10	9.386687000802355e-09	0.8064516129032258	0.8755924170616114
15	Ube2c	-6.4338164	-1.591398	1.244392566344936e-10	8.295950442299572e-09	0.3629032258064516	0.6147314375987362
15	Kif4	-6.5145593	-1.7493417	7.290328687430421e-11	5.0278128878830484e-09	0.25	0.5454186413902053
15	Knstrn	-6.5669017	-1.1901658	5.137301381821386e-11	3.6695009870152754e-09	0.5483870967741935	0.7225513428120063
15	Ect2	-6.591085	-1.3437912	4.366238415560351e-11	3.2342506781928525e-09	0.4274193548387097	0.6706161137440758
15	Spc25	-6.6445193	-2.1013567	3.042081884531138e-11	2.3400629881008758e-09	0.22580645161290322	0.5209320695102686
15	Cep55	-6.7659526	-1.7815194	1.3243477556523113e-11	1.059478204521849e-09	0.2903225806451613	0.5730647709320695
15	Dbf4	-6.9219165	-0.7775934	4.455732928324526e-12	3.7131107736037716e-10	0.8790322580645161	0.9423380726698263
15	Kif23	-7.18481	-2.9244015	6.730071230340078e-13	6.118246573036435e-11	0.12903225806451613	0.47235387045813587
15	Cks2	-7.212908	-1.3613789	5.476950687751598e-13	5.216143512144379e-11	0.5806451612903226	0.7614533965244866
15	Aspm	-7.272593	-2.9208996	3.5265209606084533e-13	3.526520960608453e-11	0.14516129032258066	0.4907187993680885
15	Ccna2	-7.2938027	-1.6485478	3.0132660570806387e-13	3.171859007453304e-11	0.3870967741935484	0.643562401263823
15	Kif11	-7.345022	-2.1968882	2.057252669390538e-13	2.28583629932282e-11	0.20967741935483872	0.5483807266982622
15	Nusap1	-7.4015512	-2.613804	1.3460261848545182e-13	1.5835602174759037e-11	0.18548387096774194	0.5248815165876777
15	Ckap2	-7.548534	-1.7837051	4.4018579772064234e-14	5.502322471508029e-12	0.3387096774193548	0.6400078988941548
15	Prr11	-7.702525	-2.257183	1.3340314518165468e-14	1.7787086024220624e-12	0.28225806451612906	0.5829383886255924
15	Smc4	-7.861281	-1.0022274	3.8022513968362406e-15	5.431787709766057e-13	0.8709677419354839	0.9419431279620853
15	Ckap2l	-7.8721743	-2.5710783	3.4853076097068887e-15	5.362011707241368e-13	0.24193548387096775	0.5608214849921012
15	Anln	-7.9798923	-1.1926792	1.4646095698777818e-15	2.441015949796303e-13	0.7096774193548387	0.8481437598736177
15	Prc1	-8.073289	-1.8051903	6.842956559514511e-16	1.2441739199117294e-13	0.5483870967741935	0.7671800947867299
15	Top2a	-8.259049	-1.5842068	1.4683688170619903e-16	2.9367376341239806e-14	0.7580645161290323	0.8775671406003159
15	Smc2	-8.333906	-1.248136	7.821787086138967e-17	1.7381749080308818e-14	0.6935483870967742	0.8406398104265402
15	Knl1	-8.397596	-1.791436	4.557096804544591e-17	1.1392742011361477e-14	0.4032258064516129	0.7152448657187994
15	Mki67	-8.574679	-1.6541334	9.936320317116899e-18	2.8389486620333998e-15	0.5725806451612904	0.7883096366508688
15	Kif20b	-8.765477	-1.9227307	1.8598699826811116e-18	6.199566608937038e-16	0.47580645161290325	0.7462480252764613
15	Cdca8	-9.016233	-1.8152347	1.946674951673054e-19	7.786699806692217e-17	0.4274193548387097	0.7578988941548184
15	Hmmr	-9.774479	-2.365641	1.4490078971821173e-22	7.245039485910586e-20	0.3467741935483871	0.7257109004739336
15	Cenpe	-9.838443	-2.2343752	7.689193362822011e-23	5.1261289085480076e-20	0.5161290322580645	0.781003159557662
15	Birc5	-9.850368	-1.4990908	6.829388231387634e-23	5.1261289085480076e-20	0.7661290322580645	0.903041074249605
15	Cenpf	-10.136169	-2.7409172	3.817763056719785e-24	7.63552611343957e-21	0.4032258064516129	0.7322274881516587
16	Tanc2	7.2233915	0.76244205	5.070672301253706e-13	3.4970153801749695e-11	0.9776119402985075	0.9200633161851999
16	Itpr2	5.961851	0.9221074	2.493965439710467e-09	9.975861758841867e-08	0.7985074626865671	0.6420656905421448
16	Mxd4	5.826835	0.99210787	5.648836666799946e-09	2.1316364780377157e-07	0.7388059701492538	0.5472892758211317
16	Rora	5.7966824	0.82782614	6.763966208934771e-09	2.505172669975841e-07	0.8656716417910447	0.7855164226355362
16	Ank	5.551515	0.57780117	2.8320440267508714e-08	9.936996585090777e-07	0.9626865671641791	0.9190740007914523
16	Magi2	5.1157885	0.6172377	3.1243268827819655e-07	9.61331348548297e-06	0.9104477611940298	0.816383062920459
16	Gm11884	4.8821626	0.5820675	1.049287407622908e-06	3.1322012167848e-05	0.9104477611940298	0.8777206173328057
16	Ppp3ca	4.789337	0.5176073	1.6733304201430695e-06	4.780944057551627e-05	1.0	0.9715077166600712
16	Timp3	4.6443872	0.52694046	3.4108712498332174e-06	9.474642360647827e-05	0.9701492537313433	0.926394934705184
16	Fbxl17	4.604651	0.556707	4.131581294819052e-06	0.0001131940080772343	0.8507462686567164	0.7698852394143253
16	Gm12648	4.474193	0.5170265	7.670038525872384e-06	0.00020184311910190485	0.9328358208955224	0.8909774436090225
16	Snai2	4.3834133	0.6078996	1.168342209369523e-05	0.00029957492547936484	0.8208955223880597	0.6776810447170558
16	Ldb2	4.2560234	0.678427	2.08095118236606e-05	0.0004970200016993517	0.7388059701492538	0.5902255639097744
16	Tenm4	4.255322	0.56332433	2.0874840071372773e-05	0.0004970200016993517	0.9029850746268657	0.8438860308666403
16	Maml3	4.2363887	0.6093577	2.2714334387815387e-05	0.0005265323708952994	0.753731343283582	0.6133755441234665
16	Sox9	4.235658	0.42690706	2.2788305403244082e-05	0.0005265323708952994	0.9477611940298507	0.9206569054214484
16	Srgap3	4.2057977	0.59802026	2.601629202565241e-05	0.000591279364219373	0.7238805970149254	0.5888405223585279
16	Csgalnact1	4.189202	0.60103714	2.7993725110686123e-05	0.000629072474397441	0.7985074626865671	0.6867827463395331
16	Hivep2	4.16425	0.6362786	3.1237792621895174e-05	0.0006941731693754483	0.7388059701492538	0.6590819153146023
16	Nrp2	4.0589485	0.4559742	4.929416747933292e-05	0.0010600896232114607	0.9104477611940298	0.8979026513652553
16	Prkca	4.0043697	0.3842221	6.218308988220523e-05	0.0013091176817306364	0.9925373134328358	0.9715077166600712
16	Gphn	3.9992273	0.3953885	6.35496476944044e-05	0.0013208555258539187	0.8955223880597015	0.8955282944202612
16	Gas7	3.997328	0.47204286	6.406149300391506e-05	0.0013208555258539187	0.8731343283582089	0.8628808864265928
16	Plpp3	3.9116905	0.47955242	9.165234586986833e-05	0.0018330469173973665	0.8507462686567164	0.8134151167392165
16	Dclk1	3.8175504	0.41465294	0.00013478325565083202	0.002617150595161787	0.9776119402985075	0.925207756232687
16	Apbb2	3.7725255	0.51935995	0.0001616033496120149	0.0031077567233079788	0.7910447761194029	0.737633557578156
16	Ror1	3.6927607	0.4257246	0.00022183263954463094	0.0041080118434190915	0.8731343283582089	0.7876929165017807
16	Lbh	3.6861575	0.5534783	0.0002276654152129573	0.004174660663407611	0.7313432835820896	0.5953700039572616
16	Arhgap24	3.6839955	0.49277818	0.00022960633648741861	0.004174660663407611	0.8432835820895522	0.7912544519192719
16	Medag	3.6684515	0.5639868	0.000244023934396831	0.004357570257086268	0.7164179104477612	0.611199050257222
16	Opcml	3.5070226	0.53976256	0.0004531504464678391	0.007746161478082719	0.7686567164179104	0.684408389394539
16	Airn	3.497673	0.36437234	0.00046933619957668476	0.007954850840282792	0.9253731343283582	0.8947368421052632
16	Ank3	3.4733052	0.38833976	0.0005140902335625436	0.008640171992647792	0.9328358208955224	0.870795409576573
16	Gas5	3.4679	0.23918813	0.000524542487283189	0.00874237478805315	1.0	1.0
16	Galnt18	3.447798	0.64139766	0.0005651764009468089	0.009189860177996893	0.5895522388059702	0.45745943806885636
16	Efna5	3.441224	0.3793019	0.0005790888131821532	0.009340142148099246	0.8656716417910447	0.8421052631578947
16	Ophn1	3.3517005	0.48740166	0.0008031687134287979	0.012850699414860766	0.7164179104477612	0.649188761377127
16	Fbxl20	3.3246155	1.0468332	0.0008854056016540002	0.014054057169111114	0.44029850746268656	0.31598733676296004
16	Cd34	3.2937906	0.40069574	0.0009884610578768163	0.015566315872075848	0.8582089552238806	0.8084685397704788
16	Chst11	3.2742145	0.55137664	0.0010595610364239258	0.01637669560994695	0.7611940298507462	0.667194301543332
16	Trps1	3.250139	0.38648653	0.0011534858061099966	0.017345651219699196	0.8582089552238806	0.7839335180055401
16	Fmnl2	3.2350626	0.36515808	0.0012161604113873222	0.01815164793115406	0.9029850746268657	0.8644637910565889
16	Gxylt2	3.2210965	0.6671214	0.0012770114006506311	0.01877957942133281	0.5895522388059702	0.48654531064503365
16	Ranbp3l	3.2134123	1.2727728	0.0013116789447665373	0.01914859773381806	0.35074626865671643	0.203205381875742
16	Vcan	3.1626315	0.29572165	0.0015635009550840765	0.02265943413165328	0.9552238805970149	0.9513256826276217
16	Fgfr1	3.1569633	0.41955698	0.0015942143878047812	0.022938336515176707	0.8507462686567164	0.8337950138504155
16	Zfp36l1	3.1425588	0.37291038	0.0016747805441366928	0.023925436344809894	0.8656716417910447	0.7807677087455481
16	Cpa6	3.1082277	0.59025663	0.0018821292433194186	0.026508862581963645	0.6567164179104478	0.5605461020973487
16	Grik2	3.0989072	0.50678915	0.001942357776206768	0.027165843023870883	0.6791044776119403	0.5755836960823111
16	Bnc2	3.086928	0.36326957	0.0020223659076126946	0.02808841538350965	0.8059701492537313	0.7550455085081124
16	Mast4	3.0026636	0.3120262	0.0026762808582738848	0.036165957544241685	0.8880597014925373	0.870399683419074
16	Fbxl7	2.9942489	0.360346	0.002751214569090045	0.03668286092120061	0.835820895522388	0.8296398891966759
16	Cped1	2.969881	0.52787614	0.0029791500325502987	0.039199342533556565	0.6865671641791045	0.6242580134546893
16	Ccl7	2.9387932	0.69871193	0.003294927362680883	0.042515191776527524	0.5522388059701493	0.44598337950138506
16	Prkdc	2.9259374	0.5588763	0.003434199995919261	0.04402820507588796	0.582089552238806	0.47467352592006334
16	Dip2c	2.9066243	0.4089025	0.0036535158469623826	0.046247036037498516	0.7761194029850746	0.7101305896319746
16	Ubald2	-2.8934762	-0.70703757	0.003810029697412795	0.04762537121765994	0.417910447761194	0.5146418678274634
16	Parpbp	-2.894908	-0.9291264	0.0037926962787489457	0.04762537121765994	0.1865671641791045	0.333201424614167
16	Rnf169	-2.9095755	-0.6252749	0.00361920058055076	0.0461044659942772	0.4701492537313433	0.5726157499010684
16	Eif4a3	-2.9541035	-0.43044734	0.0031357884752344065	0.04072452565239489	0.6567164179104478	0.7611792639493471
16	Cavin2	-2.9559443	-0.35253146	0.003117134811917445	0.04072452565239489	0.9477611940298507	0.9806094182825484
16	Acta2	-2.986915	-1.171183	0.002818079194164073	0.03732555224058375	0.4701492537313433	0.5581717451523546
16	Ddias	-2.9948332	-0.7964142	0.002745949553641943	0.03668286092120061	0.29850746268656714	0.4289671547289276
16	Hist1h1d	-3.0068126	-0.99722874	0.002640025142015733	0.03591870941518004	0.26865671641791045	0.4010684606252473
16	Actg1	-3.0695724	-0.31667995	0.0021436533164251007	0.029365113923631517	0.9402985074626866	0.9750692520775623
16	Mad1l1	-3.07901	-0.26109633	0.002076897593273267	0.02864686335549334	0.9776119402985075	0.9833795013850416
16	Pmepa1	-3.1159122	-0.54456085	0.001833769131966959	0.0260109096732902	0.5298507462686567	0.6361297981796596
16	Rpa3	-3.2259467	-0.46356475	0.0012555674851847443	0.01860099978051473	0.7014925373134329	0.7455480807281362
16	Hsp90aa1	-3.253616	-0.36468133	0.0011394618895760628	0.017264574084485798	0.917910447761194	0.9744756628413138
16	Timp1	-3.2707376	-0.53353125	0.0010726735624515254	0.01637669560994695	0.753731343283582	0.8177681044717056
16	Cdkn2c	-3.27103	-0.8503324	0.0010715659193310776	0.01637669560994695	0.3582089552238806	0.4782350613375544
16	Tm4sf1	-3.2720232	-0.38319284	0.001067807841807355	0.01637669560994695	0.9029850746268657	0.9562722595963593
16	2610020C07Rik	-3.4600112	-0.7131655	0.0005401530233259659	0.008854967595507638	0.4253731343283582	0.5552037989711119
16	Hist1h2ab	-3.4623485	-1.3977109	0.0005354831321250682	0.008850960861571375	0.208955223880597	0.3595172140878512
16	Gas2l3	-3.5184762	-1.2417936	0.00043403284981966103	0.007483324996890707	0.20149253731343283	0.3612979817965968
16	Hist1h1b	-3.6279554	-0.887009	0.000285674426383252	0.004968250893621773	0.4701492537313433	0.5914127423822715
16	Iqgap3	-3.6284814	-1.0428616	0.0002850932048057688	0.004968250893621773	0.22388059701492538	0.3939453897902651
16	Mastl	-3.663806	-0.9103031	0.0002484951269664079	0.004398143840113415	0.2835820895522388	0.45370003957261573
16	Kif20a	-3.67	-1.4015975	0.00024255038537914143	0.004357570257086268	0.14925373134328357	0.32805698456667987
16	Hist1h2ae	-3.7097657	-0.9807712	0.00020745120098777136	0.003877592541827502	0.3880597014925373	0.5217649386624456
16	Kif18b	-3.7470183	-1.3329114	0.0001789489413122015	0.003376395119098142	0.19402985074626866	0.36782746339533046
16	Hist1h2ak	-3.7671494	-1.4607375	0.0001651220917098722	0.003145182699235661	0.1865671641791045	0.35793430945785515
16	Il1rl1	-3.8360746	-0.46831483	0.0001250164756596705	0.0024513034443072648	0.9029850746268657	0.9582508903838544
16	Prim1	-3.9048827	-0.64024657	9.427111343990561e-05	0.0018667547215822893	0.5522388059701493	0.6970716264345074
16	Cep128	-3.9808784	-0.78296655	6.866107387159257e-05	0.0013870924014463145	0.3880597014925373	0.5609418282548476
16	Spdl1	-3.9876862	-0.99859464	6.672084827600487e-05	0.001361649964816426	0.34328358208955223	0.5001978630787495
16	Ncapg2	-4.016115	-0.7134783	5.916535483476573e-05	0.001258837336909909	0.48507462686567165	0.6559161060546103
16	Kif18a	-4.063331	-0.9145199	4.837729908699367e-05	0.001051680414934645	0.3805970149253731	0.5437277404036407
16	Gen1	-4.072681	-1.3755213	4.6475062365372555e-05	0.0010214299420961	0.16417910447761194	0.3551642263553621
16	2700099C18Rik	-4.234519	-0.9366542	2.2904158133945523e-05	0.0005265323708952994	0.2835820895522388	0.48219232291254455
16	Cenph	-4.262451	-0.7952353	2.0219671799403976e-05	0.0004931627268147311	0.44029850746268656	0.6086268302334784
16	Usp14	-4.2819104	-0.46045125	1.8529572047272112e-05	0.00045752029746350895	0.9402985074626866	0.9715077166600712
16	Kif15	-4.3173513	-0.872251	1.579125470606426e-05	0.00039478136765160645	0.373134328358209	0.5538187574198654
16	Hist1h1e	-4.347066	-0.9681373	1.379706279135827e-05	0.0003492927288951461	0.6716417910447762	0.7617728531855956
16	Cdk1	-4.417978	-0.83481514	9.962858586456166e-06	0.00025877554770016017	0.5671641791044776	0.6646220815195885
16	Rrm2	-4.507443	-0.7240969	6.561351682019893e-06	0.00017496937818719716	0.5373134328358209	0.7093391373169766
16	Tyms	-4.59536	-0.67788607	4.320033451916787e-06	0.00011675766086261586	0.6194029850746269	0.7338741590819153
16	Kif14	-4.73356	-2.1155171	2.206153631716523e-06	6.214517272440911e-05	0.08208955223880597	0.3187574198654531
16	Ccnf	-4.8492045	-1.8302554	1.2395744997537836e-06	3.59296956450372e-05	0.1417910447761194	0.3739612188365651
16	G2e3	-4.864252	-1.4636595	1.1489050937083377e-06	3.379132628553934e-05	0.26119402985074625	0.46616541353383456
16	Alyref	-4.97005	-0.67192614	6.693568091734657e-07	2.0283539671923204e-05	0.7761194029850746	0.8743569449940641
16	Bub1b	-5.2415133	-2.177699	1.5926504235898038e-07	4.977032573718137e-06	0.1044776119402985	0.3624851602690938
16	Pttg1	-5.2612643	-1.0801339	1.430680213208583e-07	4.541841946693914e-06	0.47761194029850745	0.6375148397309062
16	Aurkb	-5.2734776	-1.5209489	1.338625908538619e-07	4.318148092060061e-06	0.20149253731343283	0.4562722595963593
16	Pimreg	-5.332206	-1.7209116	9.702701385420393e-08	3.181213568990293e-06	0.1791044776119403	0.4315393747526712
16	Pbk	-5.36005	-0.9312495	8.319882748723869e-08	2.7732942495746233e-06	0.43283582089552236	0.6505738029283735
16	Lockd	-5.3708024	-0.87831914	7.838707158900377e-08	2.6571888674238567e-06	0.6044776119402985	0.7633557578155916
16	Tubb4b	-5.384856	-0.7469355	7.250259346570216e-08	2.5000894298517984e-06	0.7388059701492538	0.8539770478828651
16	Tubb5	-5.7381296	-0.57864445	9.57278326376017e-09	3.418851165628632e-07	0.9552238805970149	0.9881282152750297
16	Plk1	-5.7396784	-2.2460983	9.485663280268725e-09	3.418851165628632e-07	0.14925373134328357	0.41294024535021767
16	C330027C09Rik	-5.854037	-1.2341417	4.797818560404841e-09	1.845314830924939e-07	0.3582089552238806	0.6020973486347447
16	Kif23	-5.902977	-1.7661419	3.5700018685844737e-09	1.400000732778225e-07	0.20149253731343283	0.47111199050257224
16	Ncapg	-6.002493	-1.3205774	1.9431057225305662e-09	7.931043765430882e-08	0.3208955223880597	0.5706371191135734
16	Ccnb1	-6.071535	-2.5577157	1.2669340393999763e-09	5.2788918308332345e-08	0.1044776119402985	0.39790265136525527
16	H3f3b	-6.094617	-0.399664	1.09699741573263e-09	4.668074109500553e-08	1.0	0.9960427384250099
16	Spc25	-6.2148194	-1.6578659	5.138370500777818e-10	2.2340741307729645e-08	0.23880597014925373	0.521171349426197
16	Trim59	-6.218764	-0.8891291	5.010868075430964e-10	2.2270524779693175e-08	0.664179104477612	0.8025326474079937
16	Kif2c	-6.2261267	-2.972725	4.781073243327053e-10	2.173215110603206e-08	0.06716417910447761	0.37534626038781166
16	H2afz	-6.275067	-0.56906956	3.4948442601488095e-10	1.6255089582087488e-08	0.9701492537313433	0.9966363276612584
16	Sgo1	-6.297477	-1.4351022	3.0252957529009313e-10	1.4406170251909196e-08	0.3656716417910448	0.5997229916897507
16	Aurka	-6.3605	-2.2945995	2.0109831584629016e-10	9.809673943721472e-09	0.1791044776119403	0.45726157499010683
16	Mis18bp1	-6.4666486	-1.4332426	1.0020043691350424e-10	5.010021845675212e-09	0.3880597014925373	0.6244558765334388
16	Depdc1a	-6.5260777	-2.3389146	6.751437124764165e-11	3.4622754485970073e-09	0.14925373134328357	0.4509299564701227
16	Kif4	-6.527655	-1.7006338	6.680721537470164e-11	3.4622754485970073e-09	0.27611940298507465	0.5453106450336367
16	Ckap2	-6.6615024	-1.417227	2.7104227650044226e-11	1.4650933864888772e-09	0.3805970149253731	0.6394934705184012
16	Pclaf	-6.7934213	-0.8755974	1.0950506102217706e-11	6.08361450123206e-10	0.753731343283582	0.8747526711515631
16	Sgo2a	-6.88537	-1.7849275	5.763757486359799e-12	3.2935757064913135e-10	0.29850746268656714	0.57597942223981
16	Ndc80	-6.922272	-1.3681982	4.44456556937373e-12	2.6144503349257234e-10	0.4552238805970149	0.6766917293233082
16	Ect2	-6.9258075	-1.3978426	4.33495791425359e-12	2.6144503349257234e-10	0.44776119402985076	0.6705579738820736
16	Cdc20	-7.025966	-1.9552665	2.1258969750957748e-12	1.3286856094348593e-10	0.2462686567164179	0.5468935496636328
16	Cenpa	-7.0922327	-1.275158	1.319655464385184e-12	8.513906221839898e-11	0.5522388059701493	0.7718638702018203
16	Incenp	-7.1334295	-1.811747	9.78983004753275e-13	6.526553365021835e-11	0.291044776119403	0.5801345468935497
16	Cep55	-7.234991	-1.8363574	4.655596783828768e-13	3.325426274163406e-11	0.26865671641791045	0.5741986545310646
16	Dlgap5	-7.2985106	-2.32266	2.909702005164761e-13	2.1553348186405635e-11	0.16417910447761194	0.4978235061337554
16	Top2a	-7.3926506	-1.3228319	1.4393011238157124e-13	1.1071547106274711e-11	0.8059701492537313	0.8765334388603087
16	Nusap1	-7.419736	-2.493631	1.1735420751680894e-13	9.388336601344715e-12	0.20149253731343283	0.5251286110011871
16	Knl1	-7.449392	-1.4431357	9.377141149748273e-14	7.814284291456895e-12	0.47761194029850745	0.7138899881282152
16	Cks2	-7.5004063	-1.386774	6.362029084174503e-14	5.532199203630003e-12	0.5970149253731343	0.7613771270280966
16	Arhgap11a	-7.540698	-1.7109841	4.6746316871843977e-14	4.249665170167635e-12	0.30597014925373134	0.6276216857934309
16	Aspm	-7.5614133	-2.9479218	3.987131198034573e-14	3.7972678076519736e-12	0.14925373134328357	0.49129402453502174
16	Tpx2	-7.7133756	-1.0985328	1.225328590046928e-14	1.225328590046928e-12	0.6791044776119403	0.8478432924416304
16	Knstrn	-7.8707137	-1.4391713	3.5262338402775317e-15	3.711825095028981e-13	0.4925373134328358	0.724376731301939
16	Kif11	-7.894848	-2.4000733	2.9066970645902004e-15	3.229663405100223e-13	0.208955223880597	0.5490700435298773
16	Ccna2	-7.9064765	-1.6970184	2.6477619574138e-15	3.1150140675456466e-13	0.3358208955223881	0.6454293628808865
16	Prr11	-8.026212	-2.194917	1.0052891525166124e-15	1.2566114406457655e-13	0.2537313432835821	0.5842896715472893
16	H1f0	-8.076437	-1.0896487	6.668660943670256e-16	8.891547924893676e-14	0.7686567164179104	0.8767313019390581
16	Smc4	-8.373232	-1.0252566	5.605897265155793e-17	8.008424664508277e-15	0.8731343283582089	0.9420261179263949
16	Ube2c	-8.444699	-2.2664523	3.048293850924766e-17	4.689682847576564e-15	0.26865671641791045	0.6177285318559557
16	Dbf4	-8.712101	-1.0140927	2.9829301101508893e-18	4.971550183584815e-16	0.8283582089552238	0.9438068856351405
16	Smc2	-8.747426	-1.2979299	2.182750127626316e-18	3.968636595684211e-16	0.6716417910447762	0.8415116739216463
16	Anln	-8.818308	-1.3547242	1.1620195865961506e-18	2.3240391731923013e-16	0.6417910447761194	0.8502176493866245
16	Ckap2l	-8.855094	-2.7883065	8.361362039519357e-19	1.8580804532265238e-16	0.15671641791044777	0.5637119113573407
16	Cdca8	-9.052811	-1.7344775	1.393342997827364e-19	3.48335749456841e-17	0.5	0.7566284131381085
16	Kif20b	-9.068793	-1.9210461	1.2034244233785964e-19	3.4383554953674185e-17	0.48507462686567165	0.7465373961218836
16	Prc1	-9.1121235	-2.017701	8.078514282447047e-20	2.6928380941490154e-17	0.5149253731343284	0.7685001978630788
16	Mki67	-10.080462	-2.0139415	6.740809551685545e-24	2.6963238206742182e-21	0.4626865671641791	0.7916501780767708
16	Hmmr	-10.081894	-2.3172204	6.64329248114739e-24	2.6963238206742182e-21	0.3358208955223881	0.7267510882469331
16	Cenpf	-10.308041	-2.6245353	6.480916852695829e-25	4.320611235130552e-22	0.3805970149253731	0.7334784329244163
16	Cenpe	-10.61068	-2.3558362	2.6580908255762685e-26	2.6580908255762684e-23	0.44029850746268656	0.7835377918480412
16	Birc5	-11.169939	-1.6441168	5.722018541142223e-29	1.1444037082284445e-25	0.7611940298507462	0.9034428175702414
17	Tanc2	5.6594987	0.6584465	1.5181560667894527e-08	7.590780333947264e-07	0.963963963963964	0.9206224148118968
17	Timp3	5.2448735	0.68396103	1.5638947125254282e-07	6.6548711171294814e-06	0.990990990990991	0.9261374827654126
17	Csrp2	4.6516504	0.7204327	3.2928897419515884e-06	0.0001079635980967734	0.8288288288288288	0.6832775260980894
17	Prkca	4.5097265	0.42715943	6.491124884370203e-06	0.00019670075407182433	0.9819819819819819	0.971833760094544
17	Lbh	4.455308	0.68461967	8.377285486471541e-06	0.00024285612544116847	0.7567567567567568	0.5954303722670868
17	Mast4	4.450055	0.52860147	8.584826960965667e-06	0.00024528077031330474	0.918918918918919	0.8698050029545007
17	Rora	4.435385	0.63186985	9.190769403887473e-06	0.00025889491278556265	0.9009009009009009	0.7851093165255072
17	Trps1	4.366201	0.62295467	1.2642605569643435e-05	0.000351183488045651	0.8648648648648649	0.7841244829623794
17	Magi2	4.2410607	0.5854876	2.2246578204905155e-05	0.0006012588704028421	0.9279279279279279	0.8164270238329723
17	Plpp3	4.2360964	0.57251346	2.2743930128332193e-05	0.0006065048034221918	0.8828828828828829	0.812881623005712
17	Ppp3ca	4.1741185	0.42516026	2.9914180417840266e-05	0.0007847889160996503	0.972972972972973	0.9722276935197951
17	Chst11	3.973132	0.6445919	7.093373931060202e-05	0.0017514503533481978	0.7837837837837838	0.6671262556627929
17	Insig1	3.9167917	0.7020937	8.973527218767521e-05	0.0021114181691217694	0.7297297297297297	0.5824305692337994
17	Msmo1	3.8811746	0.6365225	0.00010395323192867616	0.0023897294696247394	0.7207207207207207	0.610793775851881
17	Galnt18	3.8740318	0.7747189	0.00010704942319821203	0.002432941436323001	0.6306306306306306	0.45715974000393933
17	Fgf7	3.8307276	0.6444991	0.00012776489557602815	0.00280801968298963	0.7477477477477478	0.628520779988182
17	Dtl	3.8090115	0.72107565	0.00013952352094268443	0.0030005058267243965	0.6396396396396397	0.49970454993106167
17	Ebf1	3.7959752	0.48191267	0.00014706414421350228	0.0031290243449681337	0.9009009009009009	0.8570021666338389
17	Gas7	3.7544327	0.49349496	0.00017373452073649192	0.003657568857610356	0.918918918918919	0.8619263344494781
17	Fbxl17	3.733293	0.52579033	0.00018899248770069414	0.0038967523237256525	0.8468468468468469	0.7703368130785897
17	Ophn1	3.689092	0.6056342	0.00022505585209570285	0.0045465828706202594	0.7477477477477478	0.6488083513886154
17	Ank	3.6765044	0.47146547	0.00023645188980798805	0.004729037796159761	0.9369369369369369	0.9198345479613945
17	Cdc6	3.665422	1.0118235	0.00024693108272958115	0.004889724410486755	0.5225225225225225	0.38506992318298205
17	B3galt1	3.6522577	0.57873297	0.00025994477786522033	0.005047471414858648	0.7837837837837838	0.6671262556627929
17	Flrt2	3.62468	0.47787246	0.0002893193197575345	0.005563833072260279	0.8558558558558559	0.7876698837896395
17	Maml3	3.5582504	0.7468063	0.00037333333121884765	0.0071111110708351934	0.6936936936936937	0.615324010242269
17	Srgap3	3.523402	0.59402764	0.0004260445975580937	0.007889714769594328	0.7297297297297297	0.5893244041756943
17	Vcan	3.5164194	0.38500136	0.0004374092342165492	0.008025857508560535	0.990990990990991	0.9505613551309828
17	Cyp51	3.4970415	0.393415	0.0004704486057241673	0.008553611013166679	0.9279279279279279	0.8961985424463266
17	Ldb2	3.3925283	0.55925137	0.000692507517244666	0.012043608995559408	0.6846846846846847	0.5920819381524522
17	Mxra8	3.3897738	0.95631045	0.0006995030505304899	0.01206039742293948	0.42342342342342343	0.2499507583218436
17	Nr1h5	3.339263	0.59241647	0.000840010221817004	0.014359149090888956	0.7207207207207207	0.5808548355327949
17	Ccne1	3.244583	0.5093797	0.0011762276162543927	0.019603793604239878	0.7387387387387387	0.6356115816427024
17	Itpr2	3.1765196	0.51709825	0.0014905367362744132	0.024636970847510962	0.7567567567567568	0.6436872168603506
17	Nrp2	3.1496787	0.38816333	0.0016345008816199462	0.02679509641999912	0.8558558558558559	0.8991530431357101
17	Gphn	3.1292758	0.35616067	0.0017523775290008948	0.02826415369356282	0.9369369369369369	0.8946228087453221
17	Ube2e2	3.1229339	0.46459255	0.001790579618153684	0.028421898700852127	0.7927927927927928	0.7348828048059878
17	Dclk1	3.0840178	0.3406716	0.0020422542415784173	0.032161484119345156	0.9369369369369369	0.9263344494780382
17	Pak3	3.032674	0.49259022	0.002423972908688461	0.03787457669825721	0.7567567567567568	0.6547173527673823
17	Sox9	3.0242503	0.34418783	0.0024925021838857623	0.03864344471140717	0.9819819819819819	0.9200315146740201
17	Ror1	2.973643	0.4493111	0.0029428708416042084	0.04492932582601845	0.8018018018018018	0.7896395509158952
17	Atad5	2.9697676	0.47795668	0.0029802514939599595	0.04515532566605999	0.7117117117117117	0.6430963167224739
17	Gm11884	2.9402041	0.3926684	0.003279961196434694	0.04851470144087348	0.9279279279279279	0.8774867047468978
17	Sorbs1	2.9394033	0.46939933	0.0032884481258529364	0.04851470144087348	0.7027027027027027	0.5970061059680913
17	Hivep2	2.9384105	0.4223761	0.0032989996979793964	0.04851470144087348	0.7567567567567568	0.6590506204451447
17	Mdm2	-2.9451687	-0.5095297	0.003227786086811119	0.04851470144087348	0.7027027027027027	0.7894425842032696
17	2610020C07Rik	-3.0117266	-0.63698965	0.0025976647956099793	0.039964073778615064	0.4144144144144144	0.5548552294662202
17	Gm12603	-3.1249838	-0.47629228	0.001778148543116686	0.028421898700852127	0.7117117117117117	0.839669095922789
17	Cdkn2d	-3.1411908	-1.3083138	0.0016826234221223502	0.027359730441013825	0.17117117117117117	0.3334646444750837
17	Prkg2	-3.2767408	-0.5474587	0.001050127198882172	0.01764919661986844	0.5855855855855856	0.7218830017727004
17	Pttg1	-3.3347466	-0.6517026	0.0008537712720249854	0.01447069952584721	0.4594594594594595	0.6371873153437069
17	Kif20a	-3.4172554	-1.7047431	0.0006325591166053365	0.011097528361497131	0.16216216216216217	0.32696474295844
17	Cdk1	-3.4245262	-0.73591185	0.0006158726000666236	0.01090040000117918	0.5765765765765766	0.6639747882607839
17	Cdkn3	-3.4369538	-0.9433977	0.0005882961906002695	0.010505289117861956	0.3153153153153153	0.4790230451053772
17	Ddias	-3.481283	-1.1241665	0.0004990181742727461	0.008991318455364794	0.26126126126126126	0.4291904668111089
17	Hist1h1b	-3.5318258	-1.0581712	0.0004127010617736508	0.007714038537825248	0.4864864864864865	0.5905062044514477
17	Hist1h1d	-3.5365021	-1.3555746	0.0004054631433721458	0.007650247988153695	0.22522522522522523	0.40141816033090405
17	Cenph	-3.6586316	-0.7560773	0.0002535654551465425	0.004971871669540049	0.46846846846846846	0.6072483750246208
17	Prim1	-3.7216341	-0.6861193	0.00019793761125135988	0.004039543086762447	0.5585585585585585	0.6962773291313767
17	Hist1h3c	-3.7373288	-2.1822188	0.0001859856436288269	0.0038747009089338934	0.0990990990990991	0.2980106362024818
17	Hist1h4d	-3.82272	-1.2481511	0.00013198754937506795	0.002869294551631912	0.3063063063063063	0.48217451250738624
17	Hist1h2ae	-3.8307595	-1.2099965	0.00012774826353183317	0.00280801968298963	0.36036036036036034	0.5217648217451251
17	Hist1h2ab	-3.8521235	-1.7432364	0.00011709795057412651	0.0026314146196432927	0.16216216216216217	0.3598581839669096
17	Hist1h2ai	-3.8941464	-2.1014001	9.854507595682147e-05	0.0022917459524842204	0.11711711711711711	0.31987394130391966
17	Usp14	-3.9288669	-0.4211273	8.534710143422431e-05	0.0020320738436720074	0.963963963963964	0.9708489265314162
17	Parpbp	-3.9491737	-1.859756	7.8421447882964e-05	0.001889673442962988	0.12612612612612611	0.33385857790033485
17	Hist2h2ac	-3.9662135	-1.0772471	7.30234620108245e-05	0.0017810600490445001	0.5675675675675675	0.6842623596612173
17	Gen1	-4.106568	-1.8115479	4.015814447986836e-05	0.001003953611996709	0.14414414414414414	0.35473704943864487
17	Kif18b	-4.1319675	-1.8079169	3.596712756962339e-05	0.0009105601916360352	0.16216216216216217	0.3677368524719322
17	Spdl1	-4.1546125	-1.1452161	3.25839203454355e-05	0.0008354851370624487	0.3063063063063063	0.5002954500689384
17	Gas2l3	-4.1718445	-1.9767767	3.0214373269836534e-05	0.0007847889160996503	0.15315315315315314	0.3616308843805397
17	Ccnf	-4.259766	-1.7006949	2.0464079368657787e-05	0.0005606597087303504	0.15315315315315314	0.3726610202875714
17	Ccnb1	-4.455276	-1.7346197	8.378536327720313e-06	0.00024285612544116847	0.17117117117117117	0.39511522552688594
17	Kif15	-4.5011744	-1.0082247	6.757896949305099e-06	0.00020172826714343577	0.32432432432432434	0.554067362615718
17	Cdc20	-4.5099187	-1.3107778	6.4852473404971105e-06	0.00019670075407182433	0.36036036036036034	0.5430372267086863
17	Ubald2	-4.530706	-1.3055838	5.878689480491669e-06	0.00018370904626536464	0.3153153153153153	0.5164467205042348
17	Hist1h1e	-4.5819216	-1.1001492	4.607226070567284e-06	0.0001462611450973741	0.6846846846846847	0.7610793775851881
17	Kif2c	-4.602805	-1.9140905	4.168384410663429e-06	0.0001344640132472074	0.12612612612612611	0.3726610202875714
17	Iqgap3	-4.6808615	-1.8933934	2.8567182479800967e-06	9.522394159933655e-05	0.15315315315315314	0.3947212921016348
17	Bub1b	-4.681598	-2.1361907	2.8464693772845175e-06	9.522394159933655e-05	0.10810810810810811	0.36123695095528857
17	Tubb4b	-4.688805	-0.67046076	2.748051911006552e-06	9.476041072436386e-05	0.7567567567567568	0.8530628323813275
17	Pimreg	-4.7119946	-1.5007695	2.4530402856579807e-06	8.607158897045546e-05	0.18018018018018017	0.4303722670868623
17	Kif14	-4.7400527	-3.0205207	2.136627968345978e-06	7.630814172664208e-05	0.06306306306306306	0.3181012408902895
17	Incenp	-4.8392487	-1.195156	1.303308557932183e-06	4.7393038470261195e-05	0.3783783783783784	0.5769155012802837
17	Plk1	-4.846231	-1.8364432	1.258288642886912e-06	4.6603283069885634e-05	0.16216216216216217	0.41146346267480793
17	Aurkb	-4.859812	-1.6770252	1.1749737532284208e-06	4.43386321972989e-05	0.23423423423423423	0.4544022060271814
17	Sgo2a	-4.8646803	-1.2143089	1.146419273869228e-06	4.409304899497031e-05	0.35135135135135137	0.573567067165649
17	2700099C18Rik	-4.9046855	-1.5483187	9.357713621205676e-07	3.669691616159089e-05	0.25225225225225223	0.4819775457947607
17	Sgo1	-4.969482	-1.1956484	6.713209201331479e-07	2.6852836805325912e-05	0.3963963963963964	0.5979909395312192
17	Trim59	-5.180654	-0.8258938	2.2110933496179222e-07	9.02487081476703e-06	0.6846846846846847	0.8014575536734292
17	Dlgap5	-5.225688	-1.5738064	1.7350889875043019e-07	7.229537447934591e-06	0.23423423423423423	0.49478038211542247
17	Cep128	-5.2953844	-1.2552133	1.1876619341365422e-07	5.163747539724097e-06	0.2972972972972973	0.5621429978333662
17	Pbk	-5.31204	-1.0768347	1.0840476930473656e-07	4.817989746877181e-06	0.4144144144144144	0.6499901516643687
17	H2afz	-5.375107	-0.51750153	7.6537363457692e-08	3.4789710662587274e-06	1.0	0.9958636990348632
17	Pclaf	-5.389776	-0.7810925	7.054544667025878e-08	3.281183566058548e-06	0.7387387387387387	0.8745322040575143
17	Kif4	-5.465623	-1.5225995	4.612844089031073e-08	2.1965924233481297e-06	0.3153153153153153	0.5432341934213119
17	Ncapg	-5.5014963	-1.3593668	3.765819481617106e-08	1.836985112983954e-06	0.3063063063063063	0.5698246996257632
17	C330027C09Rik	-5.694956	-1.366199	1.2340383904381364e-08	6.328402002246854e-07	0.32432432432432434	0.601733307071105
17	Ndc80	-5.719587	-1.219099	1.0678344319107682e-08	5.620181220582991e-07	0.46846846846846846	0.6753988575930667
17	H1f0	-5.802608	-0.8538726	6.529135198821899e-09	3.529262269633459e-07	0.7927927927927928	0.8757140043332676
17	Ube2c	-5.812825	-1.5758011	6.142712472875646e-09	3.41261804048647e-07	0.40540540540540543	0.6131573764033879
17	Aurka	-5.8451433	-2.3798542	5.061320006099061e-09	2.8921828606280344e-07	0.17117117117117117	0.4561749064408115
17	Ect2	-5.849211	-1.2443999	4.939096245522498e-09	2.8921828606280344e-07	0.44144144144144143	0.6696868229269254
17	Depdc1a	-5.937293	-2.449288	2.8976645909135954e-09	1.7561603581294516e-07	0.16216216216216217	0.44928107149891666
17	Lockd	-6.0347915	-1.0878488	1.5916791899368799e-09	9.947994937105499e-08	0.5315315315315315	0.7642308449871972
17	Mis18bp1	-6.211692	-1.5810987	5.24170836203954e-10	3.3817473303480906e-08	0.3963963963963964	0.6232026787472917
17	Ckap2	-6.228764	-1.5039762	4.701296794018089e-10	3.134197862678726e-08	0.3783783783783784	0.6383691156194603
17	Dbf4	-6.302368	-0.73306555	2.9313162178410474e-10	2.0215973916145153e-08	0.9009009009009009	0.9416978530628324
17	Arhgap11a	-6.4584174	-1.7017318	1.058036633140393e-10	7.557404522431379e-09	0.38738738738738737	0.6243844790230451
17	Kif23	-6.5382357	-2.7026393	6.224887128913689e-11	4.611027502899029e-09	0.14414414414414414	0.4711443766003545
17	Ckap2l	-6.63961	-2.0128052	3.1451494590564695e-11	2.419345737735746e-09	0.2702702702702703	0.5593854638566083
17	Cks2	-6.769202	-1.3685985	1.2949457180139724e-11	1.0359565744111778e-09	0.5675675675675675	0.7612763442978137
17	Knstrn	-6.8021927	-1.3165159	1.0303862005964529e-11	8.586551671637107e-10	0.4774774774774775	0.7236557021863305
17	H3f3b	-6.848027	-0.48668873	7.487526782848696e-12	6.51089285465104e-10	1.0	0.9960606657474886
17	Cenpa	-6.857412	-1.3658253	7.011916978307925e-12	6.374469980279932e-10	0.5315315315315315	0.7713216466417175
17	Aspm	-6.9201584	-2.7435539	4.5113908472352505e-12	4.296562711652619e-10	0.12612612612612611	0.49025014772503445
17	Ccna2	-6.9247065	-1.6419629	4.368801050697526e-12	4.296562711652619e-10	0.36036036036036034	0.643490250147725
17	Kif11	-6.9494658	-2.2343616	3.666725681815631e-12	3.8597112440164537e-10	0.21621621621621623	0.5473704943864487
17	Smc4	-7.0498147	-0.8819691	1.791560456339934e-12	1.9906227292665935e-10	0.9279279279279279	0.940516052787079
17	Smc2	-7.2445235	-1.146362	4.339613527587253e-13	5.1054276795144154e-11	0.6576576576576577	0.8410478629111681
17	Tpx2	-7.3033943	-1.1499518	2.8059699553081804e-13	3.5074624441352254e-11	0.6756756756756757	0.8471538310025606
17	Cep55	-7.393206	-2.2531068	1.4333025057084467e-13	1.9110700076112623e-11	0.22522522522522523	0.5737640338782746
17	Kif20b	-7.398747	-1.6601869	1.3747542482117777e-13	1.9110700076112623e-11	0.5405405405405406	0.7441402402993894
17	Nusap1	-7.476804	-2.9954457	7.615209490774513e-14	1.1715706908883867e-11	0.15315315315315314	0.5247193224345086
17	Spc25	-7.5484223	-2.9664104	4.4056294967331826e-14	7.342715827888638e-12	0.15315315315315314	0.5217648217451251
17	Anln	-7.635223	-1.2201154	2.254302401756052e-14	4.098731639556458e-12	0.7117117117117117	0.8477447311404372
17	Top2a	-7.710589	-1.5606788	1.2523854570197498e-14	2.5047709140394996e-12	0.7297297297297297	0.8778806381721489
17	Cdca8	-7.760235	-1.5613127	8.477218345995126e-15	1.8838262991100283e-12	0.5405405405405406	0.7545794760685444
17	Knl1	-7.857221	-1.7714006	3.927492830555928e-15	9.81873207638982e-13	0.4144144144144144	0.7142012999803034
17	Prc1	-8.098021	-1.9641372	5.586050137082997e-16	1.5960143248808563e-13	0.5315315315315315	0.7669883789639551
17	Prr11	-8.170312	-2.7089605	3.0759288908795783e-16	1.0253096302931927e-13	0.1981981981981982	0.584006302934804
17	Mki67	-9.331807	-2.0528197	1.0408077602417139e-20	4.1632310409668555e-18	0.4774774774774775	0.7898365176285208
17	Birc5	-9.396091	-1.4821994	5.662785298053088e-21	2.831392649026544e-18	0.7387387387387387	0.9032893441008469
17	Hmmr	-9.509413	-2.475901	1.917426441452942e-21	1.2782842943019614e-18	0.32432432432432434	0.7252314358873351
17	Cenpf	-9.675295	-2.71369	3.8398460311361696e-22	3.8398460311361697e-19	0.32432432432432434	0.7331101043923577
17	Cenpe	-10.101355	-2.532169	5.448444533450424e-24	1.0896889066900848e-20	0.45045045045045046	0.7817608824108726
18	Gm11884	7.5039077	0.8798904	6.194304596687432e-14	5.386351823206463e-12	0.9463087248322147	0.8765628100813654
18	Rora	7.0904136	0.8924853	1.3371162560310762e-12	8.356976600194225e-11	0.912751677852349	0.7838856916054773
18	Tanc2	7.0085254	0.69106	2.408430814860795e-12	1.416724008741644e-10	0.959731543624161	0.9204207183965073
18	Ank	6.692349	0.6447262	2.196167416147259e-11	1.0980837080736295e-09	0.959731543624161	0.919031553879738
18	Itpr2	6.1377215	0.8165733	8.371339281853284e-10	3.4880580341055346e-08	0.8120805369127517	0.641198650525898
18	Mast4	6.1051993	0.6236861	1.0267246662883598e-09	4.190712923625958e-08	0.9060402684563759	0.8698154395713436
18	Ppp3ca	5.8058667	0.5322678	6.4033919543479834e-09	2.462843059364609e-07	0.9798657718120806	0.9720182575907919
18	Gphn	5.7698755	0.5595052	7.933004090574378e-09	2.99358644927335e-07	0.9530201342281879	0.8938281405040682
18	Gm12648	5.6512194	0.62309885	1.5931371307830766e-08	5.493576313045091e-07	0.9261744966442953	0.8910498114705299
18	Prkca	5.6413126	0.49625582	1.6875852085935897e-08	5.720627825740983e-07	0.9865771812080537	0.9716213534431435
18	Plpp3	5.5999384	0.6355444	2.1442800227020293e-08	6.993831274631276e-07	0.9060402684563759	0.8116689819408612
18	Fbxl17	5.526985	0.66450536	3.25780365013034e-08	1.0024011231170276e-06	0.8590604026845637	0.7693986902163128
18	Ext1	5.433525	0.5703516	5.5251451127056905e-08	1.6742863977896032e-06	0.9798657718120806	0.8888668386584639
18	Flrt2	5.426338	0.63584024	5.752192351295063e-08	1.7023688114219213e-06	0.8859060402684564	0.7862671164913674
18	Tenm4	5.425228	0.64671046	5.788053958834533e-08	1.7023688114219213e-06	0.912751677852349	0.8434213137527287
18	Mxd4	5.3578806	0.82196254	8.420392975762052e-08	2.4406936161629136e-06	0.7248322147651006	0.5471323675332407
18	Maml3	5.3222504	0.83985895	1.0249146134544949e-07	2.928327467012842e-06	0.7651006711409396	0.6126215518952173
18	Negr1	5.1648	0.6697521	2.4069593146951374e-07	6.685998096375382e-06	0.8456375838926175	0.754713236753324
18	Bnc2	5.0731716	0.6291876	3.9123923902398114e-07	1.0574033487134626e-05	0.8456375838926175	0.7537209763842032
18	Timp3	5.0072947	0.56196445	5.520040257696264e-07	1.4526421730779642e-05	0.9798657718120806	0.925977376463584
18	Arhgap24	4.8892765	0.6326973	1.0120728316016893e-06	2.5622097002574413e-05	0.8456375838926175	0.7910299662631475
18	Immp2l	4.8839207	0.627826	1.0399685246735142e-06	2.5999213116837853e-05	0.8187919463087249	0.7299067275253026
18	Sgcd	4.795095	0.5068333	1.6259774774712386e-06	4.014759203632688e-05	0.912751677852349	0.849573328041278
18	Zfp521	4.7712307	0.74274004	1.8310382351557389e-06	4.465946915013997e-05	0.6711409395973155	0.5028775550704505
18	Msmo1	4.766985	0.6156951	1.8700334122656655e-06	4.506104607869073e-05	0.8053691275167785	0.6074617979757888
18	Zfpm2	4.7571063	0.60079396	1.963879694424999e-06	4.675904034345235e-05	0.87248322147651	0.812462790236158
18	Magi2	4.715038	0.59377086	2.416656269954119e-06	5.620130860358416e-05	0.8993288590604027	0.8164318317126414
18	Fmnl2	4.545156	0.4937542	5.489452140131866e-06	0.0001219878253362637	0.9261744966442953	0.8636634252827942
18	Gas7	4.5026717	0.5034677	6.710443448319987e-06	0.0001458792053982606	0.9395973154362416	0.8608850962492558
18	Kcnq1ot1	4.4813604	0.48299354	7.416874758283264e-06	0.00015950268297383363	0.9530201342281879	0.9170470331414964
18	Airn	4.473313	0.44119403	7.701689273229304e-06	0.00016386572921764478	0.9261744966442953	0.894621948799365
18	Ank3	4.437322	0.48126644	9.108494779212122e-06	0.0001878040160662293	0.9261744966442953	0.8708076999404644
18	Dclk1	4.434242	0.4775058	9.239683180387375e-06	0.00018856496286504847	0.9865771812080537	0.924786664020639
18	Zmynd19	4.355767	0.6823474	1.3260199515085974e-05	0.0002625782082195242	0.6912751677852349	0.5695574518753721
18	Csgalnact1	4.345111	0.6050521	1.3920534057383714e-05	0.0002729516481839944	0.7785234899328859	0.6870410795792816
18	Adgrl2	4.3406153	0.67049354	1.4208418460627562e-05	0.00027589162059470996	0.7114093959731543	0.5939670569557451
18	Nrp2	4.313893	0.48479572	1.6040475090260497e-05	0.00030847067481270184	0.9328859060402684	0.8972018257590791
18	Sh3rf3	4.2779574	0.48988247	1.886161615903432e-05	0.000356901064451907	0.825503355704698	0.75927763445128
18	Cfap69	4.277319	0.55315673	1.891575641595107e-05	0.000356901064451907	0.8187919463087249	0.7479658662433022
18	Ror1	4.2428265	0.5295292	2.2072197702939297e-05	0.0003976972559088162	0.8590604026845637	0.7878547330819607
18	Pcdh7	4.239247	0.4772506	2.2427085940465635e-05	0.0004004836775083149	0.9194630872483222	0.8672355626116293
18	Ldb2	4.2354455	0.6111782	2.2809926279014605e-05	0.00040371550936309035	0.7248322147651006	0.590196467553086
18	Grik2	4.220183	0.6491526	2.4410397762328102e-05	0.0004282525923215456	0.7248322147651006	0.5739233974995038
18	Sox9	4.202812	0.38698396	2.6361954977305713e-05	0.0004584687822140124	0.9664429530201343	0.9200238142488589
18	Zfp36l1	4.103941	0.45498574	4.06171275271704e-05	0.0006884258902910237	0.8590604026845637	0.7807104584242905
18	Pvt1	4.083545	0.33508632	4.435381820030542e-05	0.0007454423226942088	0.8791946308724832	0.9013693193093868
18	Opcml	4.02763	0.5871126	5.634190062032868e-05	0.0009236377150873555	0.7919463087248322	0.6834689422504465
18	Tanc1	4.001185	0.4789497	6.302608499187296e-05	0.0010165497579334348	0.7986577181208053	0.7092677118475889
18	Ebf1	3.9950523	0.46915713	6.467997924991001e-05	0.0010348796679985602	0.8926174496644296	0.8569160547727723
18	Ophn1	3.9883091	0.61807716	6.654590034610635e-05	0.0010489478364935983	0.7718120805369127	0.6473506648144474
18	Ube2e2	3.9800954	0.48465863	6.888763044105635e-05	0.0010763692256415055	0.8120805369127517	0.7338757690017861
18	Sorbs1	3.948128	0.65222126	7.876467209444574e-05	0.0012211577068906316	0.697986577181208	0.5963484818416352
18	Ccne2	3.942162	0.71330184	8.075042413272498e-05	0.0012423142174265382	0.5771812080536913	0.4534629886882318
18	Slit2	3.916799	0.5255121	8.97325072296244e-05	0.0013699619424370137	0.87248322147651	0.802143282397301
18	Cdc6	3.9005656	0.91619223	9.596821798827882e-05	0.0014540639089133155	0.5100671140939598	0.3844016669974201
18	Prkd1	3.8440955	0.49457884	0.00012099784221317166	0.0017925606253803208	0.785234899328859	0.6959714229013694
18	Fbxl7	3.8295548	0.47847432	0.00012837524154330504	0.0018878711991662505	0.8791946308724832	0.8283389561420916
18	Efna5	3.787126	0.43211454	0.00015239977958141096	0.002208692457701608	0.8657718120805369	0.8420321492359595
18	Mbd5	3.7705874	0.4724719	0.00016286372302520323	0.0023433629212259457	0.7986577181208053	0.691010121055765
18	Srgap3	3.7240794	0.49961072	0.0001960291812222332	0.002741666870241024	0.7449664429530202	0.5878150426671959
18	Dip2c	3.718918	0.47204107	0.00020007792636480656	0.0027788600884000913	0.7583892617449665	0.7104584242905339
18	Galnt18	3.7067637	0.6531503	0.00020992452630073078	0.0028955107075962867	0.610738255033557	0.45643976979559436
18	Nrg1	3.630453	0.51589745	0.0002829242109869162	0.0038756741231084414	0.7919463087248322	0.6906132169081167
18	Junos	3.6236823	0.43468437	0.00029043848493330506	0.003924844390990609	0.8523489932885906	0.7525302639412582
18	Pan3	3.6009	0.45554328	0.0003171176518078916	0.004256612775944853	0.7651006711409396	0.6705695574518754
18	Wwox	3.5690436	0.576759	0.00035828679400670195	0.0047152985766689	0.6577181208053692	0.5211351458622743
18	Pdzrn3	3.5563898	0.41505414	0.00037598597048251224	0.004914849287353101	0.8993288590604027	0.7934113911490375
18	Trps1	3.5415995	0.40720925	0.00039770889478015175	0.005165050581560413	0.8523489932885906	0.7838856916054773
18	Prkdc	3.5319982	0.4939262	0.0004124322151642301	0.005321706002119098	0.610738255033557	0.47350664814447313
18	Hivep2	3.52803	0.48312753	0.00041866469949748995	0.005367496147403717	0.7181208053691275	0.6594562413177217
18	Pdlim5	3.5223136	0.36230564	0.0004277977170870402	0.0054496524469686645	0.912751677852349	0.8710061520142885
18	Ngef	3.5194278	0.47667652	0.0004324789070546597	0.005474416544995693	0.7315436241610739	0.5695574518753721
18	Mecom	3.4864058	0.53070545	0.0004895575548645218	0.006157956664962538	0.697986577181208	0.6094463187140305
18	Ptprk	3.4546328	0.41073442	0.0005510426385252371	0.006845250168015367	0.8456375838926175	0.762651319706291
18	Ralgapa2	3.440786	0.42955592	0.0005800272674476345	0.007160830462316474	0.7718120805369127	0.6671958721968645
18	Eml6	3.4288538	0.65387416	0.0006061362221918232	0.00743725426002237	0.5771812080536913	0.4165509029569359
18	Cped1	3.3349774	0.48745048	0.0008530630739183498	0.010207318981177781	0.738255033557047	0.6225441555864258
18	Scd2	3.317551	0.33158147	0.0009081038026014242	0.010746790563330463	0.9463087248322147	0.9216114308394523
18	Tcf4	3.2991252	0.45341805	0.0009698662200308001	0.011410190823891764	0.7651006711409396	0.7062909307402262
18	Psd3	3.2734015	0.65484387	0.0010626138992999102	0.01228455374913191	0.4563758389261745	0.2994641794006747
18	Nr1h5	3.2550037	0.5254336	0.0011339087610060309	0.012958957268640353	0.6510067114093959	0.5818614804524708
18	Gm26917	3.2419338	0.36277166	0.0011872161029497154	0.01349109207897404	0.9261744966442953	0.8870807699940464
18	Vcan	3.2248678	0.2687922	0.0012603081182762643	0.014160765373890612	0.959731543624161	0.9511807898392538
18	Peak1	3.1954257	0.25495747	0.0013962468677722664	0.01560052366225996	0.9798657718120806	0.9493947211748363
18	Slc6a6	3.1881554	0.33186793	0.0014318354073815209	0.01590928230423912	0.825503355704698	0.7693986902163128
18	Apbb2	3.1850197	0.40788394	0.0014474412267636292	0.015959413117752636	0.7986577181208053	0.737249454256797
18	Mxra8	3.1840487	0.8568235	0.0014523065937154897	0.015959413117752636	0.38926174496644295	0.2496527088708077
18	Trib1	3.1453104	0.39412054	0.0016591070648301265	0.01803377244380572	0.7516778523489933	0.6451676920023814
18	Etv1	3.1431737	0.5801184	0.0016712664428906742	0.01806774532854783	0.5838926174496645	0.4431434808493749
18	Pola1	3.139261	0.44082892	0.0016937450694412396	0.018212312574636985	0.738255033557047	0.7090692597737647
18	Peli2	3.123971	0.4148579	0.0017842798072839538	0.019083206495015548	0.738255033557047	0.6429847191903155
18	Limd2	3.1192536	0.4916257	0.0018130977194527195	0.01928827361119914	0.6845637583892618	0.5806707680095257
18	Dtl	3.107821	0.5793785	0.001884722129775494	0.01983918031342625	0.5838926174496645	0.5002976781107362
18	Gpr149	3.0933912	0.3924849	0.0019788305008488945	0.020720738228784234	0.8523489932885906	0.7948005556658068
18	Chst11	3.091088	0.42049968	0.001994244744656527	0.020773382756838824	0.7516778523489933	0.6671958721968645
18	Gulp1	3.0676675	0.56472075	0.0021573645680160237	0.022356109513119417	0.6577181208053692	0.5731295892042072
18	Fgfr1	3.0529604	0.43894547	0.0022659583468620558	0.023240598429354418	0.8590604026845637	0.8334987100615201
18	Col11a1	3.0378091	0.5142583	0.0023830475841695067	0.024316812083362314	0.697986577181208	0.6314744989085136
18	Adamts12	3.0258214	0.43565366	0.002479586385922345	0.02517346584692736	0.7651006711409396	0.6540980353244692
18	Gm26804	2.934859	0.42421624	0.003336992959021489	0.033104593412154194	0.6174496644295302	0.4929549513792419
18	Lbh	2.9342484	0.40134168	0.003343563934627574	0.033104593412154194	0.697986577181208	0.5959515776939869
18	Cpne4	2.9031136	0.3450664	0.0036947248836992574	0.03604609642633422	0.8590604026845637	0.8293312165112126
18	Ranbp3l	2.8897386	0.9535303	0.003855624353699933	0.03689592682966443	0.33557046979865773	0.20321492359595159
18	B3galt1	2.8821352	0.4325431	0.003949902810572911	0.03743983706704181	0.7248322147651006	0.6679896804921611
18	Ehbp1	2.8797486	0.32246327	0.003979922648996457	0.037546440084872235	0.8187919463087249	0.7481643183171264
18	Gxylt2	2.8723118	0.5163305	0.004074806284105481	0.03826109186953503	0.5838926174496645	0.48640603294304424
18	Cpa6	2.8322139	0.499347	0.004622690092470464	0.04300176830205083	0.6308724832214765	0.5610240127009327
18	Gm38399	2.8055747	0.36632857	0.005022695782471718	0.04597612079117393	0.8523489932885906	0.7586822782298075
18	Rbms3	2.8048253	0.3540609	0.005034385226633545	0.04597612079117393	0.8053691275167785	0.729112919230006
18	E2f8	2.796223	0.51458603	0.005170370710195631	0.047003370092687555	0.5771812080536913	0.4796586624330224
18	Lncenc1	-2.8051584	-0.47785345	0.005029186884892238	0.04597612079117393	0.5771812080536913	0.6808890652907323
18	Slc25a5	-2.8172016	-0.21887548	0.004844411215932551	0.044855659406782884	0.9664429530201343	0.9402659257789244
18	Tagln	-2.849363	-0.9146793	0.00438068521314405	0.04094098330041168	0.20134228187919462	0.3359793609843223
18	Hist1h2ae	-2.8840775	-0.85897994	0.003925620022190209	0.03738685735419247	0.4429530201342282	0.5205397896408017
18	Wnt5b	-2.891237	-0.6869178	0.003837286861472871	0.03689592682966443	0.30201342281879195	0.43619765826552886
18	Ptgr1	-2.89601	-0.4506031	0.003779405472699794	0.036515994905312016	0.5369127516778524	0.6596546933915459
18	Prmt1	-2.901532	-0.3943998	0.0037134288524613207	0.03605270730544972	0.6711409395973155	0.7612621551895218
18	Spata7	-2.9182372	-0.4491844	0.003520165679257384	0.03451142822801357	0.8791946308724832	0.9287557054971225
18	Tm4sf1	-2.9200685	-0.27999946	0.003499543817786794	0.03447826421464821	0.9395973154362416	0.9553482833895615
18	G2e3	-2.990774	-0.85635036	0.002782713412609283	0.02782713412609283	0.38926174496644295	0.462988688231792
18	Cdkn2c	-3.0088112	-0.74789244	0.0026227211186678713	0.026359006217767548	0.3691275167785235	0.47826949791625323
18	Wtap	-3.02177	-0.36547142	0.00251301339683171	0.025383973705370808	0.8993288590604027	0.9394721174836277
18	Magoh	-3.0661137	-0.39103448	0.002168608922205824	0.022356793012431177	0.7181208053691275	0.8092875570549712
18	Gm14399	-3.1099298	-0.57541984	0.0018713174441852283	0.019802300996669082	0.6308724832214765	0.7160150823576107
18	Parpbp	-3.1491675	-1.0474827	0.0016373628988184787	0.01789467648981944	0.19463087248322147	0.33339948402460806
18	Alyref	-3.2304733	-0.41314194	0.0012358546041161714	0.013964458803572558	0.8187919463087249	0.8733875769001787
18	Pdlim1	-3.2601652	-0.36801252	0.0011134737063175507	0.012798548348477596	0.825503355704698	0.8962095653899583
18	Prim1	-3.2941859	-0.4948182	0.000987072031503057	0.011477581761663453	0.6040268456375839	0.6959714229013694
18	Dbi	-3.2974327	-0.2833689	0.0009757310632857338	0.011412059219716185	0.9798657718120806	0.9888866838658464
18	Ddx39	-3.3335624	-0.44720942	0.0008574147944189337	0.010207318981177781	0.6644295302013423	0.7529271680889066
18	Fkbp3	-3.344551	-0.33887988	0.0008241586933090608	0.00992962281095254	0.9261744966442953	0.96765231196666
18	Fbxo5	-3.355734	-0.762873	0.0007915465418393841	0.009594503537447079	0.33557046979865773	0.47033141496328634
18	1700061I17Rik	-3.4176984	-0.47132415	0.0006315304224213617	0.007701590517333679	0.8389261744966443	0.9156578686247271
18	Usp14	-3.4585178	-0.3218503	0.0005431564303277984	0.00678945537909748	0.9664429530201343	0.9708275451478467
18	Ccnf	-3.568988	-1.2753961	0.00035836269182683636	0.0047152985766689	0.22818791946308725	0.3720976384203215
18	Hsp90aa1	-3.5921867	-0.32934934	0.0003279149037036379	0.004372198716048506	0.959731543624161	0.973407422107561
18	Vgll4	-3.6273727	-0.49073443	0.00028631971808484093	0.0038955063685012373	0.7315436241610739	0.8025401865449494
18	Psrc1	-3.7302675	-0.8803943	0.00019127652476212618	0.0026940355600299465	0.3221476510067114	0.47271283984917645
18	Cep128	-3.7362337	-0.6995531	0.000186797077516909	0.002649603936410057	0.4228187919463087	0.5604286564794602
18	Mastl	-3.7453632	-0.96819454	0.00018013295111776772	0.002573327873110967	0.3087248322147651	0.4534629886882318
18	Frmd8	-3.823117	-0.7701164	0.00013177518919844415	0.0019237253897583086	0.4899328859060403	0.6090494145663822
18	Ndufa5	-3.8789766	-0.45763013	0.00010489685694358145	0.0015656247305012156	0.8187919463087249	0.8862869616987498
18	Mad1l1	-3.897652	-0.43864328	9.712989357136212e-05	0.0014605999033287537	0.9731543624161074	0.9835284778725938
18	Hist1h1e	-3.9880872	-0.8526588	6.660818761734349e-05	0.0010489478364935983	0.697986577181208	0.7612621551895218
18	Hist1h1b	-4.010148	-0.9290641	6.068071412537689e-05	0.000986678278461413	0.46308724832214765	0.5919825362175035
18	Tyms	-4.04045	-0.5751862	5.334867378712019e-05	0.0008817962609441355	0.6442953020134228	0.7334788648541377
18	Gm28153	-4.0766354	-0.4179189	4.569203532536877e-05	0.0007615339220894795	1.0	0.9952371502282199
18	Cdkn2d	-4.127639	-1.6177404	3.665070902098084e-05	0.0006265078465124929	0.15436241610738255	0.3351855526890256
18	Bub1b	-4.1682916	-1.397289	3.068909880951299e-05	0.0005291223932674653	0.174496644295302	0.3611827743599921
18	Kif15	-4.248321	-0.85727787	2.1537865417613152e-05	0.00039159755304751185	0.40939597315436244	0.5532843818217901
18	Iqgap3	-4.262973	-1.2732614	2.0172520640481034e-05	0.0003701379934033217	0.20134228187919462	0.39511807898392537
18	Ubald2	-4.265165	-1.0196298	1.997546463929094e-05	0.0003699160118387211	0.3691275167785235	0.5163722960904942
18	Trim59	-4.265276	-0.58021843	1.9965536035416022e-05	0.0003699160118387211	0.6912751677852349	0.802143282397301
18	Cdkn3	-4.361594	-1.0614942	1.2911829972930339e-05	0.0002582365994586068	0.30201342281879195	0.4806509228021433
18	Kif20a	-4.3996105	-1.6464876	1.0844526166841806e-05	0.00021908133670387486	0.12751677852348994	0.32923199047430046
18	2700099C18Rik	-4.4444537	-1.0584091	8.811548572931263e-06	0.00018357392860273464	0.31543624161073824	0.48184163524508833
18	Kif14	-4.460465	-2.0811	8.178198119988067e-06	0.0001721725919997488	0.12080536912751678	0.31831712641397103
18	Kif18b	-4.5112467	-1.5099863	6.444778022165262e-06	0.00014164347301462115	0.16778523489932887	0.3691208573129589
18	Gas2l3	-4.5654135	-1.9181956	4.985112242906772e-06	0.0001120249942226241	0.174496644295302	0.36257193887676126
18	Spdl1	-4.624575	-1.1097404	3.7536725971959282e-06	8.531074084536201e-05	0.33557046979865773	0.5008930343322088
18	Depdc1a	-4.6695013	-1.316968	3.019318467438834e-06	6.940961994112262e-05	0.26174496644295303	0.4485016868426275
18	Cdk1	-4.7216425	-0.89390856	2.339477832748856e-06	5.504653724114955e-05	0.5570469798657718	0.6652113514586228
18	Rpa3	-4.937033	-0.72961175	7.931999113670437e-07	2.0338459265821632e-05	0.6375838926174496	0.7475689620956539
18	Incenp	-5.003049	-1.1151422	5.64306022108518e-07	1.4657299275545923e-05	0.44966442953020136	0.5763048223853939
18	Cenph	-5.0671225	-0.9078782	4.038748028460769e-07	1.076999474256205e-05	0.436241610738255	0.6092478666402064
18	Kif4	-5.122316	-1.1114465	3.018057963391472e-07	8.268651954497185e-06	0.348993288590604	0.543957134352054
18	Ccnb1	-5.206258	-1.6862326	1.9268694839769156e-07	5.427801363315255e-06	0.1610738255033557	0.3971025997221671
18	Aurkb	-5.5812907	-1.7179209	2.387400946816853e-08	7.460627958802665e-07	0.2348993288590604	0.456042865647946
18	C330027C09Rik	-5.5952487	-1.1260937	2.203056851508852e-08	6.993831274631276e-07	0.4161073825503356	0.6011113316134153
18	Pimreg	-5.596109	-1.8622931	2.1921594402477018e-08	6.993831274631276e-07	0.20134228187919462	0.43163326056757295
18	Cdc20	-5.6293807	-1.3568426	1.80858030226128e-08	6.0286010075376e-07	0.3288590604026846	0.5453462988688231
18	Tubb5	-5.671754	-0.5572411	1.4134299377588101e-08	4.95940329038179e-07	0.9798657718120806	0.9874975193490771
18	Mis18bp1	-5.6950355	-1.171252	1.2334621287264249e-08	4.40522188830866e-07	0.4563758389261745	0.6231395118078984
18	H1f0	-5.70028	-0.7079858	1.196106690325764e-08	4.349478873911869e-07	0.8322147651006712	0.8751736455645962
18	Kif2c	-5.7123513	-2.3670144	1.1142584869116751e-08	4.1268832848580563e-07	0.12080536912751678	0.37467751538003574
18	Aurka	-6.0399604	-2.0026083	1.5415195561716377e-09	6.045174730084854e-08	0.21476510067114093	0.45703512601706686
18	Pttg1	-6.040016	-1.163137	1.5409894344930178e-09	6.045174730084854e-08	0.42953020134228187	0.6394125818614804
18	Sgo1	-6.197383	-1.2829885	5.740975445084752e-10	2.4429682745041497e-08	0.3825503355704698	0.5999206191704703
18	Tubb4b	-6.2028217	-0.7840194	5.545966562661611e-10	2.4112898098528745e-08	0.7248322147651006	0.8547330819607065
18	Pbk	-6.3391824	-1.1309212	2.3098794241982842e-10	1.0266130774214598e-08	0.4161073825503356	0.6517166104385791
18	Ccna2	-6.3511977	-1.1804472	2.1364493636528927e-10	9.711133471149513e-09	0.4161073825503356	0.6439769795594364
18	Dlgap5	-6.36202	-1.7578013	1.9911756814212025e-10	9.261282239168385e-09	0.24161073825503357	0.496527088708077
18	Ect2	-6.414633	-1.164575	1.4116269131134956e-10	6.722032919588074e-09	0.48322147651006714	0.670172653304227
18	Sgo2a	-6.4911656	-1.5230017	8.517477693962142e-11	4.154867167786411e-09	0.348993288590604	0.5753125620162731
18	Aspm	-6.6973715	-2.2808042	2.1220188337733328e-11	1.088214786550427e-09	0.22818791946308725	0.48997817027187934
18	Arhgap11a	-6.7668834	-1.4881123	1.315858654238254e-11	6.925571864411863e-10	0.42953020134228187	0.624925580472316
18	Ncapg	-6.792385	-1.5190691	1.1029451536637163e-11	5.961865695479548e-10	0.3087248322147651	0.571740424687438
18	Kif23	-6.8772984	-2.386907	6.0998245672205586e-12	3.388791426233644e-10	0.20134228187919462	0.47191903155387976
18	Spc25	-6.9082947	-2.0139036	4.905149110610671e-12	2.802942348920383e-10	0.2684563758389262	0.5211351458622743
18	Knl1	-7.0826716	-1.2607598	1.4140142132528918e-12	8.569783110623586e-11	0.5234899328859061	0.7132367533240722
18	Cep55	-7.1516013	-1.6925597	8.577147309640895e-13	5.533643425574771e-11	0.30201342281879195	0.574121849573328
18	Ndc80	-7.229688	-1.3410516	4.841050794896384e-13	3.22736719659759e-11	0.44966442953020136	0.6775153800357214
18	Pclaf	-7.3695726	-0.9456069	1.7117587304649727e-13	1.1805232623896363e-11	0.7248322147651006	0.8759674538598928
18	Plk1	-7.424378	-3.5313377	1.1331139377668942e-13	8.093670984049244e-12	0.08053691275167785	0.41575709466163924
18	H2afz	-7.432869	-0.6856032	1.062671283076439e-13	7.871639133899549e-12	0.9865771812080537	0.9962294105973407
18	H3f3b	-7.4370313	-0.4618541	1.029730691572155e-13	7.871639133899549e-12	1.0	0.9960309585235165
18	Top2a	-7.446189	-1.241231	9.607534936582112e-14	7.686027949265689e-12	0.7986577181208053	0.8769597142290136
18	Dbf4	-7.4980245	-0.7776103	6.478675390552575e-14	5.3988961587938126e-12	0.9060402684563759	0.9418535423695178
18	Ckap2	-7.6368823	-1.6365416	2.2254435330992593e-14	2.0231304846356904e-12	0.3959731543624161	0.6398094860091288
18	Ube2c	-7.913322	-1.956742	2.5061008549372557e-15	2.3867627189878626e-13	0.348993288590604	0.6163921412978766
18	Ckap2l	-7.9198985	-2.1306288	2.3770436505766327e-15	2.377043650576633e-13	0.2550335570469799	0.5620162730700535
18	Knstrn	-8.021406	-1.3576559	1.0454167755981135e-15	1.100438711155909e-13	0.4899328859060403	0.7251438777535225
18	Nusap1	-8.180604	-2.7250974	2.824242993568138e-16	3.138047770631265e-14	0.18791946308724833	0.5264933518555269
18	Kif11	-8.266572	-2.4249413	1.3786609900760442e-16	1.6219541059718165e-14	0.22818791946308725	0.5495137924191308
18	Lockd	-8.306698	-1.3798118	9.840248671813091e-17	1.2300310839766363e-14	0.5234899328859061	0.7662234570351261
18	Prr11	-8.338138	-2.1722257	7.546982831686444e-17	1.0062643775581925e-14	0.2684563758389262	0.5848382615598333
18	Smc4	-8.514791	-0.9587182	1.6689236751186135e-17	2.3841766787408765e-15	0.8993288590604027	0.9414566382218694
18	Anln	-8.600203	-1.1778396	7.95754297707693e-18	1.2242373810887584e-15	0.7181208053691275	0.8485810676721571
18	Tpx2	-8.661778	-1.1834083	4.644597709996887e-18	7.740996183328145e-16	0.7046979865771812	0.8475888073030363
18	Cks2	-8.8121805	-1.5832163	1.2273500580856936e-18	2.2315455601558067e-16	0.5369127516778524	0.7636435800754118
18	Kif20b	-9.136099	-1.7991595	6.474578800333493e-20	1.2949157600666986e-17	0.5033557046979866	0.7467751538003572
18	Smc2	-9.150057	-1.3119113	5.690356394697347e-20	1.2645236432660771e-17	0.6174496644295302	0.8436197658265528
18	Cdca8	-9.630121	-1.7404428	5.96589555200471e-22	1.4914738880011774e-19	0.4966442953020134	0.7574915657868625
18	Cenpa	-9.907532	-1.8421333	3.8606454041789317e-23	1.1030415440511233e-20	0.4697986577181208	0.7749553482833895
18	Prc1	-10.203396	-2.201701	1.9145822439729457e-24	6.381940813243152e-22	0.5033557046979866	0.769597142290137
18	Mki67	-10.271521	-1.9005877	9.469981904515497e-25	3.787992761806199e-22	0.5436241610738255	0.7902361579678507
18	Cenpe	-11.169575	-2.3525612	5.745548691451839e-29	2.8727743457259193e-26	0.48322147651006714	0.7832903353840047
18	Hmmr	-11.208368	-2.555518	3.7096982326926897e-29	2.4731321551284598e-26	0.3221476510067114	0.7283191109347092
18	Cenpf	-11.278019	-2.8076897	1.6849746584790662e-29	1.684974658479066e-26	0.3624161073825503	0.7350664814447311
18	Birc5	-12.7066965	-1.933723	5.427937024153448e-37	1.0855874048306895e-33	0.6241610738255033	0.9079182377455844
19	Rora	5.8474483	0.7552767	4.991703317309905e-09	2.3217224731673978e-07	0.8783783783783784	0.7849206349206349
19	Gm11884	5.1357965	0.5900397	2.809511230633322e-07	9.687969760804559e-06	0.9121621621621622	0.8775793650793651
19	Pcdh7	4.93131	0.5859419	8.167983760978392e-07	2.6348334712833522e-05	0.9459459459459459	0.866468253968254
19	Apbb2	4.583781	0.5818117	4.566427336985886e-06	0.00013607104512330145	0.8108108108108109	0.736904761904762
19	Efna5	4.581053	0.51418823	4.6264155341922495e-06	0.00013607104512330145	0.8783783783783784	0.8416666666666667
19	Lbh	4.487454	0.6474661	7.207945822259384e-06	0.00020892596586259083	0.7297297297297297	0.5950396825396825
19	Plpp3	4.368325	0.47809207	1.2520283505655638e-05	0.00035268404241283494	0.8716216216216216	0.8126984126984127
19	Ube2e2	4.118348	0.48451206	3.815979828062831e-05	0.0010042052179112715	0.8108108108108109	0.7339285714285714
19	Itpr2	4.0235243	0.55291325	5.7333664274493025e-05	0.0014514851715061526	0.7635135135135135	0.6426587301587302
19	Magi2	3.92948	0.45532182	8.512974200660928e-05	0.002076335170892909	0.8783783783783784	0.817063492063492
19	Fbxl17	3.8959603	0.45105466	9.78103639052569e-05	0.0023288181882204022	0.8040540540540541	0.7710317460317461
19	Mxd4	3.8827362	0.6255917	0.00010328755712753843	0.0024138935841058803	0.6554054054054054	0.5492063492063493
19	Gm12648	3.881539	0.40279508	0.00010379742411655284	0.0024138935841058803	0.9121621621621622	0.891468253968254
19	Adgrl2	3.8129687	0.56577206	0.0001373074963191383	0.0031206249163440525	0.7162162162162162	0.5938492063492063
19	Mast4	3.7888312	0.43695605	0.00015135767939343473	0.003363503986520772	0.8986486486486487	0.8700396825396826
19	Gas7	3.72491	0.40750152	0.00019538483727309927	0.004270995113049139	0.8851351351351351	0.8625
19	Timp3	3.5711486	0.39954588	0.00035541920906512935	0.007180186041719785	0.9527027027027027	0.9267857142857143
19	Fbxl20	3.4239573	0.81805617	0.0006171631232433758	0.012101237710654428	0.4527027027027027	0.31527777777777777
19	Malat1	3.3881826	0.32441	0.0007035739742018718	0.013661630567026638	1.0	1.0
19	Tanc2	3.240017	0.33800715	0.0011952257869357083	0.022766205465442065	0.9459459459459459	0.9208333333333333
19	Cdc6	3.1902387	0.7874322	0.0014215533980890566	0.02657109155306648	0.4864864864864865	0.38511904761904764
19	Ldb2	3.1600878	0.522258	0.0015772164801904343	0.028939751930099712	0.7094594594594594	0.5906746031746032
19	Pdia3	3.1390963	0.26256573	0.0016946980877280758	0.03018328542100778	0.9797297297297297	0.9668650793650794
19	Mrps6	3.133556	0.2723987	0.001727019691533483	0.030298591079534788	0.9459459459459459	0.9432539682539682
19	Negr1	3.0642338	0.39172065	0.002182282630007171	0.037952741391429054	0.7837837837837838	0.756547619047619
19	Flrt2	3.0513716	0.35229707	0.002277984134927671	0.039275588533235706	0.8108108108108109	0.7884920634920635
19	Ebf1	3.035308	0.31402183	0.0024029028273318503	0.04072716656494662	0.8581081081081081	0.8579365079365079
19	Pdlim5	3.010892	0.35904515	0.002604815037433206	0.04377840399047406	0.9121621621621622	0.871031746031746
19	Gpr149	2.9995053	0.3534713	0.0027041839656612716	0.04460144574553386	0.831081081081081	0.7954365079365079
19	Vegfa	2.9970832	0.4747898	0.002725762869917254	0.04460144574553386	0.6756756756756757	0.5777777777777777
19	Hspa5	2.9951622	0.28391054	0.0027429889133503325	0.04460144574553386	0.9662162162162162	0.9632936507936508
19	Neat1	2.9697442	0.31849736	0.0029804788558050123	0.04730918818738115	0.9054054054054054	0.8823412698412698
19	Fbxl7	2.9614756	0.40025523	0.0030616876727322887	0.048215553901295886	0.8445945945945946	0.8293650793650794
19	Mbd5	2.9561303	0.39988995	0.00311525490951533	0.04867585796117703	0.7702702702702703	0.6918650793650793
19	Eml6	2.9486134	0.49140963	0.0031920300426226816	0.049488837870119096	0.5472972972972973	0.4174603174603175
19	Ncapg2	-2.97083	-0.45056602	0.0029699623085061174	0.04730918818738115	0.5472972972972973	0.6545634920634921
19	Cdkn2c	-2.9765372	-0.7301657	0.002915237662518534	0.04701996229868603	0.3716216216216216	0.4781746031746032
19	Hist1h2ae	-2.99867	-0.7511331	0.002711607271024889	0.04460144574553386	0.40540540540540543	0.5216269841269842
19	Cep128	-3.0392332	-0.5571535	0.0023718108673616246	0.04054377551045512	0.43243243243243246	0.5601190476190476
19	Gm26737	-3.1372588	-0.7407423	0.0017053556262869396	0.03018328542100778	0.23648648648648649	0.3867063492063492
19	Gm37768	-3.138261	-0.6123192	0.0016995348057609362	0.03018328542100778	0.4527027027027027	0.575
19	Gm26904	-3.151151	-0.5145479	0.0016262838649253799	0.029568797544097816	0.527027027027027	0.6511904761904762
19	Gm14399	-3.1693306	-0.44462445	0.001527904585760246	0.02829452936593048	0.5878378378378378	0.7172619047619048
19	Syn1	-3.2118428	-0.55276054	0.001318865732483274	0.024884259103457998	0.6418918918918919	0.707936507936508
19	Hist2h2ac	-3.2703629	-0.6666487	0.0010740962095401793	0.020655696337311142	0.5878378378378378	0.6845238095238095
19	Iqgap3	-3.5163033	-1.0452018	0.0004376007213797441	0.008665360819400872	0.25	0.39365079365079364
19	Hist1h1b	-3.52769	-0.7692618	0.00041920281400089965	0.008384056280017992	0.4594594594594595	0.5920634920634921
19	Tubb5	-3.6001859	-0.29495943	0.00031798973123450266	0.006489586351724544	0.9932432432432432	0.9871031746031746
19	Parpbp	-3.6058931	-1.3454262	0.00031108111284833517	0.006414043563883199	0.17567567567567569	0.3339285714285714
19	Fbxo5	-3.6132987	-0.81222045	0.00030232613120735705	0.0062984610668199385	0.32432432432432434	0.47063492063492063
19	Gen1	-3.617085	-1.1959076	0.0002979395654639968	0.006272411904505196	0.1891891891891892	0.3549603174603175
19	Ccnf	-3.64409	-1.1940082	0.0002683395763203754	0.005709352687667562	0.20945945945945946	0.3726190476190476
19	Kif18a	-3.6859338	-0.8202073	0.00022786558703946638	0.004900335205149815	0.41216216216216217	0.5432539682539682
19	Hist1h1e	-3.7235181	-0.7579108	0.0001964657752002604	0.004270995113049139	0.6824324324324325	0.7617063492063492
19	Rpa3	-3.7949839	-0.5664143	0.00014765301526973568	0.0033180452869603526	0.6486486486486487	0.7472222222222222
19	Bub1b	-3.836995	-1.2309453	0.00012454909337887506	0.002863197548939657	0.1891891891891892	0.3607142857142857
19	Kif15	-3.9083214	-0.720222	9.293958652663394e-05	0.0022395081090755167	0.3716216216216216	0.5543650793650794
19	Cenph	-3.9588792	-0.6809214	7.53022737975979e-05	0.0018593154024098245	0.44594594594594594	0.6089285714285714
19	Hist1h4d	-3.9698763	-1.0886635	7.190998515894485e-05	0.0017977496289736212	0.3310810810810811	0.48273809523809524
19	Kif18b	-4.068737	-1.2713759	4.726870125511078e-05	0.0012120179809002763	0.18243243243243243	0.3686507936507937
19	G2e3	-4.097162	-1.050723	4.182467787757193e-05	0.0010863552695473228	0.2905405405405405	0.4658730158730159
19	Gas2l3	-4.1210766	-1.481782	3.77106273406112e-05	0.0010042052179112715	0.18243243243243243	0.3623015873015873
19	Gm12603	-4.135414	-0.50709856	3.543150575891021e-05	0.00095760826375433	0.75	0.839484126984127
19	Il1rl1	-4.29015	-0.45125884	1.7855240263097023e-05	0.0004891846647423842	0.9324324324324325	0.9575396825396826
19	Cdkn2d	-4.3254514	-1.7338262	1.522197634092024e-05	0.00042283267613667334	0.14189189189189189	0.335515873015873
19	2700099C18Rik	-4.3948293	-1.0367762	1.1085982193670544e-05	0.00031674234839058695	0.2905405405405405	0.48253968253968255
19	Mastl	-4.654328	-1.1916624	3.2503901113632853e-06	9.849667004131167e-05	0.25	0.45515873015873015
19	Kif20a	-4.6875134	-1.9938399	2.765443872937326e-06	8.509058070576387e-05	0.11486486486486487	0.32956349206349206
19	Incenp	-4.715994	-0.96427596	2.405334025201156e-06	7.516668828753613e-05	0.39864864864864863	0.5777777777777777
19	Cdk1	-4.8886037	-0.8881449	1.0155381859036395e-06	3.223930748900443e-05	0.5337837837837838	0.6658730158730158
19	Depdc1a	-4.95091	-1.3577784	7.386730610590607e-07	2.421878888718232e-05	0.23648648648648649	0.4492063492063492
19	Ubald2	-5.0020247	-1.1360918	5.673137131397167e-07	1.8910457104657226e-05	0.3108108108108108	0.5180555555555556
19	Ccnb1	-5.1095157	-1.7380149	3.229857981013806e-07	1.0948671122080698e-05	0.16891891891891891	0.3968253968253968
19	Mis18bp1	-5.1569834	-1.022071	2.5096032298933276e-07	8.805625368046764e-06	0.4594594594594595	0.623015873015873
19	Pimreg	-5.4069047	-1.6144834	6.41231868585676e-08	2.290113816377414e-06	0.1891891891891892	0.43194444444444446
19	Sgo1	-5.40877	-1.1293671	6.345901264708156e-08	2.290113816377414e-06	0.42567567567567566	0.5986111111111111
19	Sgo2a	-5.4180965	-1.2348039	6.02368643344132e-08	2.230994975348637e-06	0.3918918918918919	0.5740079365079365
19	Aurka	-5.4276457	-1.6215898	5.710221299855236e-08	2.1548004905114097e-06	0.23648648648648649	0.45634920634920634
19	Ndc80	-5.620495	-0.9821368	1.9041108449593008e-08	7.323503249843465e-07	0.527027027027027	0.6751984126984127
19	Trim59	-5.6252	-0.7612629	1.8529315157921135e-08	7.266398101145544e-07	0.6756756756756757	0.8025793650793651
19	Aurkb	-5.6779294	-1.6979841	1.3633496595661616e-08	5.453398638264646e-07	0.22297297297297297	0.45634920634920634
19	Usp14	-5.7042384	-0.5509819	1.1686442125846142e-08	4.769976377896384e-07	0.9594594594594594	0.971031746031746
19	Kif4	-5.7052126	-1.2892416	1.1619782253426235e-08	4.769976377896384e-07	0.32432432432432434	0.5446428571428571
19	Kif11	-5.7490335	-1.3458315	8.97551341130175e-09	3.819367409064574e-07	0.33783783783783783	0.5462301587301587
19	Cdc20	-5.753961	-1.4872309	8.717625954277619e-09	3.7902721540337475e-07	0.3310810810810811	0.5452380952380952
19	Ect2	-5.8047137	-1.0300068	6.4476058483495275e-09	2.8656025992664566e-07	0.4527027027027027	0.671031746031746
19	Tubb4b	-5.81237	-0.73003376	6.159458153414927e-09	2.799753706097694e-07	0.7432432432432432	0.8541666666666666
19	Pbk	-5.857304	-1.0120506	4.7044171634716455e-09	2.240198649272212e-07	0.39864864864864863	0.6521825396825397
19	Plk1	-5.949678	-2.0760148	2.6867087748103934e-09	1.3105896462489724e-07	0.14189189189189189	0.41388888888888886
19	Pttg1	-5.9688597	-1.1466845	2.389174525818462e-09	1.194587262909231e-07	0.40540540540540543	0.640079365079365
19	Cdkn3	-5.9821954	-1.5303141	2.2015027241140614e-09	1.1289757559559289e-07	0.22297297297297297	0.48293650793650794
19	Kif2c	-6.0342007	-2.5460448	1.597514302346195e-09	8.407970012348395e-08	0.10135135135135136	0.3751984126984127
19	H3f3b	-6.160428	-0.41664067	7.254848188230123e-10	3.921539561205472e-08	1.0	0.996031746031746
19	Kif23	-6.221816	-1.922025	4.914333820957941e-10	2.7301854560877453e-08	0.21621621621621623	0.4714285714285714
19	Spc25	-6.3151364	-1.7363722	2.6992338286126245e-10	1.5424193306357853e-08	0.2905405405405405	0.520436507936508
19	Dlgap5	-6.380199	-1.7316073	1.768580777304082e-10	1.0403416337082835e-08	0.22972972972972974	0.49682539682539684
19	Cep55	-6.507039	-1.4796453	7.66465246858081e-11	4.645243920352006e-09	0.3108108108108108	0.5738095238095238
19	Arhgap11a	-6.5445952	-1.4145052	5.965665438845473e-11	3.7285408992784205e-09	0.41216216216216217	0.6253968253968254
19	Ncapg	-6.663111	-1.4385753	2.6809054051006272e-11	1.7296163903875014e-09	0.28378378378378377	0.5724206349206349
19	H1f0	-6.8085766	-0.8699396	9.856922962454226e-12	6.571281974969485e-10	0.7702702702702703	0.876984126984127
19	Smc2	-7.078376	-0.90009004	1.4585356133435102e-12	1.005886629892076e-10	0.722972972972973	0.8404761904761905
19	Ckap2l	-7.123839	-1.760031	1.0496159275753757e-12	7.497256625538398e-11	0.27702702702702703	0.5613095238095238
19	H2afz	-7.1333604	-0.6174058	9.79476297452223e-13	7.255379981127578e-11	1.0	0.9958333333333333
19	Nusap1	-7.1941633	-2.2362506	6.284486904042091e-13	4.8342206954169934e-11	0.23648648648648649	0.525
19	Ube2c	-7.2387915	-1.7389039	4.5270088898692797e-13	3.621607111895424e-11	0.38513513513513514	0.6152777777777778
19	Knl1	-7.2540755	-1.3014556	4.044141514790416e-13	3.3701179289920135e-11	0.4797297297297297	0.714484126984127
19	Aspm	-7.3419394	-2.4905467	2.1052079288328254e-13	1.8306155902894134e-11	0.18243243243243243	0.49126984126984125
19	Kif20b	-7.4162726	-1.3718793	1.2046230487689472e-13	1.0951118625172248e-11	0.5675675675675675	0.7448412698412699
19	Prr11	-7.473735	-1.8169837	7.795006767395111e-14	7.423815968947725e-12	0.30405405405405406	0.5837301587301588
19	Cks2	-7.5046377	-1.2964137	6.159877610209961e-14	6.159877610209961e-12	0.6216216216216216	0.7611111111111111
19	Dbf4	-7.558731	-0.81578183	4.070201988026585e-14	4.284423145291142e-12	0.8851351351351351	0.9424603174603174
19	Ckap2	-7.5804186	-1.5870787	3.444416063027958e-14	3.827128958919954e-12	0.3716216216216216	0.6404761904761904
19	Ccna2	-7.6104026	-1.4820299	2.7324342798029345e-14	3.2146285644740403e-12	0.35135135135135137	0.6458333333333334
19	Pclaf	-7.732677	-1.025233	1.0530837986416668e-14	1.3163547483020834e-12	0.6824324324324325	0.8771825396825397
19	Smc4	-7.9222407	-0.9007235	2.33267808087299e-15	3.1102374411639866e-13	0.8986486486486487	0.941468253968254
19	Prc1	-8.050668	-1.6211189	8.234346822341599e-16	1.1763352603345142e-13	0.5675675675675675	0.7676587301587302
19	Cdca8	-8.108464	-1.3647336	5.12635905372147e-16	7.88670623649457e-14	0.5472972972972973	0.7559523809523809
19	Top2a	-8.121605	-1.380791	4.600596196662509e-16	7.667660327770848e-14	0.75	0.8783730158730159
19	Lockd	-8.127674	-1.3470614	4.3760661509381454e-16	7.667660327770848e-14	0.4864864864864865	0.7672619047619048
19	Tpx2	-8.231379	-1.1257801	1.8507085741774822e-16	3.7014171483549645e-14	0.7297297297297297	0.8468253968253968
19	C330027C09Rik	-8.39764	-1.913852	4.555393177948874e-17	1.0123095950997499e-14	0.2702702702702703	0.6053571428571428
19	Anln	-9.210547	-1.3298821	3.244669172455822e-20	8.111672931139554e-18	0.6891891891891891	0.8494047619047619
19	Knstrn	-9.339614	-1.6876742	9.66856315732554e-21	2.7624466163787258e-18	0.42567567567567566	0.726984126984127
19	Cenpa	-10.269144	-1.9542655	9.706242036392957e-25	3.2354140121309853e-22	0.4594594594594595	0.7751984126984127
19	Mki67	-10.276076	-1.9044846	9.033091318003147e-25	3.2354140121309853e-22	0.5202702702702703	0.7908730158730158
19	Hmmr	-10.784772	-2.4012437	4.062479567942663e-27	2.0312397839713314e-24	0.35135135135135137	0.7273809523809524
19	Cenpf	-11.085809	-2.6825488	1.470159686630525e-28	9.801064577536833e-26	0.33783783783783783	0.7357142857142858
19	Cenpe	-11.44389	-2.4634664	2.523145133850086e-30	2.523145133850086e-27	0.47297297297297297	0.783531746031746
19	Birc5	-11.834849	-1.7197968	2.5780468690701636e-32	5.156093738140327e-29	0.7094594594594594	0.9053571428571429
20	Rora	6.1389856	0.7819843	8.30501045110194e-10	4.051224610293629e-08	0.8614457831325302	0.7851453604141776
20	Plpp3	5.7667727	0.63052475	8.080394888853697e-09	3.758323204117999e-07	0.8855421686746988	0.8120270808442851
20	Malat1	5.3815765	0.5149506	7.383621807449625e-08	2.7346747434998615e-06	1.0	1.0
20	Ccne2	4.753576	0.8712142	1.9984992633197532e-06	6.149228502522318e-05	0.5963855421686747	0.4524093986459578
20	Gm26870	4.63378	0.945303	3.5904856178573646e-06	0.00010560251817227543	0.7048192771084337	0.5657108721624851
20	Snhg18	4.5039506	0.44762602	6.670174251118731e-06	0.00019333838409039798	0.891566265060241	0.8661887694145759
20	Ccne1	4.4204965	0.5866776	9.847450004700325e-06	0.0002773929578788824	0.7108433734939759	0.6354042214257268
20	Opcml	4.410647	0.5859686	1.0306216240580254e-05	0.0002862837844605626	0.7891566265060241	0.6831939466348068
20	Brinp1	4.4007454	0.76017976	1.0787969298109291e-05	0.0002955608026879258	0.5783132530120482	0.43548387096774194
20	Galnt18	4.326034	0.8227485	1.5181793011694476e-05	0.00041031873004579667	0.5903614457831325	0.4565909996017523
20	Maml2	4.1195974	0.5786021	3.795350832371772e-05	0.0009844617324346165	0.7590361445783133	0.6750298685782556
20	Gm10801	4.042832	1.0052491	5.280945328868916e-05	0.0013039371182392385	0.5662650602409639	0.4390681003584229
20	Adamts5	3.9936917	0.6297942	6.50524371609868e-05	0.001586644808804556	0.6686746987951807	0.6049382716049383
20	Ebf1	3.9065506	0.41558933	9.362305351991506e-05	0.0022291203219027395	0.9096385542168675	0.8562325766626842
20	Gm11884	3.8844032	0.40366307	0.00010258155343360489	0.002358196630657584	0.8975903614457831	0.877937076861808
20	Lxn	3.8778722	0.47345367	0.00010537403410304679	0.0023948644114328817	0.8072289156626506	0.7194344882516925
20	Gm12648	3.669987	0.33641565	0.0002425627593106391	0.005053390818971648	0.9036144578313253	0.8916766228594185
20	Timp3	3.614026	0.3931078	0.00030147873386178416	0.006216056368284209	0.9337349397590361	0.9273197929111907
20	Zfp36l1	3.5015774	0.42510232	0.0004625125899222822	0.008894472883120811	0.8192771084337349	0.7817602548785344
20	Cpa6	3.4469595	0.565269	0.000566933583292475	0.010798734919856667	0.6566265060240963	0.5599362803663879
20	Ext1	3.385047	0.30530694	0.0007116609560894787	0.013427565209235447	0.891566265060241	0.8914774990043808
20	Flrt2	3.3607402	0.377031	0.0007773394130592293	0.014529708655312699	0.7951807228915663	0.7889287136598965
20	Pmepa1	3.3546567	0.45191464	0.00079463507504471	0.014715464352679815	0.7168674698795181	0.6306252489048187
20	Snai2	3.3109415	0.4745186	0.0009298268288594335	0.01690594234289879	0.7349397590361446	0.6796097172441259
20	Chst11	3.2442622	0.39464933	0.001177552836438114	0.021027729222109177	0.7349397590361446	0.667463162086818
20	Magi2	3.2297783	0.37394002	0.0012388628216409986	0.02192677560426546	0.8734939759036144	0.817005177220231
20	Col4a5	3.2263546	0.3219872	0.0012537786663687374	0.021996116953837498	0.8855421686746988	0.8630027877339705
20	Fkbp11	3.1383183	0.363953	0.0016992029677325394	0.029046204576624605	0.9096385542168675	0.824173636001593
20	Sox4	3.1100085	0.46884423	0.0018708193394007231	0.03144234183866762	0.7048192771084337	0.5961768219832736
20	Fn1	3.0742462	0.44273233	0.002110352100081125	0.03485335281336456	0.927710843373494	0.8904818797291916
20	Immp2l	3.0720341	0.34946156	0.002126054521615238	0.03485335281336456	0.8313253012048193	0.7291915571485464
20	Lbh	3.03801	0.46535537	0.002381462097057154	0.0387229609277586	0.6626506024096386	0.5967741935483871
20	Pcdh9	3.01394	0.50923884	0.0025787880532853174	0.041061234934720275	0.6626506024096386	0.5734767025089605
20	Sgcd	3.012992	0.3078095	0.0025868578008873774	0.041061234934720275	0.8795180722891566	0.850457984866587
20	Col3a1	2.9928987	0.60658944	0.002763414874891784	0.04320817205428872	0.6445783132530121	0.5774591796097173
20	Efna5	2.992688	0.3285264	0.002765323011474478	0.04320817205428872	0.8795180722891566	0.8414974113898845
20	Itm2b	2.9867363	0.42205727	0.002819727616407983	0.04371670723113152	0.8072289156626506	0.7365591397849462
20	Zfp521	2.978441	0.448231	0.0028971882006198425	0.04457212616338219	0.5963855421686747	0.504778972520908
20	Atad5	2.973016	0.44506803	0.0029488902405612203	0.04502122504673618	0.6686746987951807	0.6437674233373158
20	Cdc6	2.949473	0.6055265	0.0031831644440587434	0.04822976430392035	0.4759036144578313	0.38510553564317007
20	Spdl1	-2.9375696	-0.62738794	0.0033079579063557164	0.049743727915123555	0.4036144578313253	0.4992035045798487
20	Hist1h1e	-3.0326903	-0.60014254	0.0024238428404301745	0.03909423936177701	0.6987951807228916	0.7614496216646754
20	Psrc1	-3.083437	-0.5985635	0.002046244647851455	0.03410407746419091	0.3373493975903614	0.4727200318598168
20	Serpinb8	-3.113985	-1.4721739	0.001845788339412764	0.03128454812564007	0.13855421686746988	0.26921545201115094
20	Ube2z	-3.1786628	-0.32146657	0.0014795610881977697	0.025509673934444303	0.7530120481927711	0.8377140581441657
20	Dlgap1	-3.213951	-0.3411029	0.001309219549303071	0.02276903564005341	0.891566265060241	0.9555953803265631
20	Sh3pxd2a	-3.259352	-0.37892842	0.001116670479263018	0.020120188815549875	0.7951807228915663	0.8665870171246516
20	Cdk1	-3.311152	-0.5863331	0.0009291270438343043	0.01690594234289879	0.5843373493975904	0.6646754281162883
20	1700061I17Rik	-3.5041056	-0.3825236	0.00045814376725494463	0.008894472883120811	0.8433734939759037	0.9157706093189965
20	Alyref	-3.5283597	-0.41987678	0.0004181435758284884	0.008198893643695852	0.7891566265060241	0.8745519713261649
20	Parpbp	-3.5312564	-1.2305858	0.00041359049830933686	0.00818991085761063	0.18674698795180722	0.3341298287534847
20	4930556J24Rik	-3.5576963	-0.44250977	0.00037412136187929464	0.007482427237585893	0.6265060240963856	0.7839506172839507
20	Ccnf	-3.5737867	-1.151809	0.00035185541988114785	0.007108190300629249	0.24096385542168675	0.37216248506571087
20	Kif14	-3.5976722	-1.3738173	0.00032107780593611934	0.006552608284410599	0.1686746987951807	0.31740342493030665
20	Cmss1	-3.6927137	-0.469885	0.00022187368183520766	0.004671024880741214	0.6385542168674698	0.7757865392273995
20	Iqgap3	-3.6988235	-0.97515917	0.00021660122825095126	0.004608536771296835	0.23493975903614459	0.3946634806849861
20	Mad1l1	-3.700298	-0.34580374	0.000215346311291858	0.004608536771296835	0.963855421686747	0.9838709677419355
20	Aurkb	-3.7355602	-0.9142191	0.00018729780099720555	0.0040716913260262074	0.3132530120481928	0.45420151334129827
20	Mt2	-3.7948656	-0.48127732	0.00014772344143056313	0.003246669042429959	0.8072289156626506	0.8717642373556352
20	2610020C07Rik	-3.8122466	-0.7115533	0.0001377094663581485	0.003060210363514411	0.40963855421686746	0.5565511748307447
20	Kif18a	-3.8619134	-0.8336557	0.00011250241787345025	0.0025281442218752868	0.40963855421686746	0.5438072481083234
20	Prim1	-3.895885	-0.5340506	9.784077794443294e-05	0.002275366928940301	0.5481927710843374	0.6981282357626444
20	Kif15	-3.899572	-0.6945266	9.63629132069529e-05	0.002267362663693009	0.40963855421686746	0.553763440860215
20	Gen1	-3.936809	-1.1356776	8.257227258642497e-05	0.0019896933153355414	0.18072289156626506	0.3558343289526085
20	Tubb4b	-4.082992	-0.4719515	4.445950375437356e-05	0.0011114875938593389	0.8072289156626506	0.8524492234169654
20	Mis18bp1	-4.0997148	-0.782993	4.136597254400139e-05	0.0010472398112405415	0.5421686746987951	0.620868180007965
20	Tm4sf1	-4.1169376	-0.37450385	3.839400756495004e-05	0.0009844617324346165	0.9397590361445783	0.9553962564715253
20	Cdkn2d	-4.260856	-1.620658	2.0364540433313508e-05	0.0005359089587714082	0.1566265060240964	0.33572281959378736
20	G2e3	-4.3145523	-1.0158561	1.5992672622493397e-05	0.00042647126993315725	0.30120481927710846	0.4661489446435683
20	Mt1	-4.49871	-0.4039544	6.836706131808533e-06	0.0001953344609088152	0.963855421686747	0.9828753484667463
20	Depdc1a	-4.6361237	-1.182314	3.550034334291719e-06	0.00010560251817227543	0.26506024096385544	0.4490242931103146
20	2700099C18Rik	-4.6517663	-1.0230345	3.2910357621511347e-06	9.972835642882225e-05	0.2891566265060241	0.483273596176822
20	Dlgap5	-4.755893	-1.1323081	1.9757066314784097e-06	6.149228502522318e-05	0.3313253012048193	0.49442453205894066
20	Bub1b	-4.843061	-1.5055214	1.2785407598215852e-06	4.058859554989159e-05	0.15060240963855423	0.36260454002389486
20	Kif18b	-4.8607316	-1.6056968	1.1695284249962786e-06	3.772672338697673e-05	0.16265060240963855	0.3699721226602947
20	Usp14	-4.9599338	-0.469839	7.051721688177837e-07	2.3120398977632252e-05	0.9397590361445783	0.9717244125846276
20	Gas2l3	-5.0271397	-1.909454	4.978498895207033e-07	1.6594996317356776e-05	0.1566265060240964	0.36379928315412186
20	Gm12603	-5.0593734	-0.5970796	4.206370045919004e-07	1.4258881511589844e-05	0.7048192771084337	0.8412982875348467
20	Incenp	-5.085023	-1.0497901	3.675814717341743e-07	1.2675223163247387e-05	0.42771084337349397	0.5774591796097173
20	Kif2c	-5.298307	-1.7579384	1.1688146672565924e-07	4.101104095637166e-06	0.14457831325301204	0.3747510951812027
20	Ccnb1	-5.3304615	-1.7556922	9.796360278938279e-08	3.498700099620814e-06	0.1746987951807229	0.39745121465551575
20	Kif4	-5.3779426	-1.1279088	7.534184439944629e-08	2.739703432707138e-06	0.3493975903614458	0.5446037435284747
20	Pbk	-5.4620028	-0.910225	4.7079335121206224e-08	1.7765786838191028e-06	0.4578313253012048	0.6511350059737157
20	H3f3b	-5.503427	-0.37355268	3.7247915893543467e-08	1.4326121497516718e-06	0.9939759036144579	0.9962166467542811
20	Kif11	-5.534528	-1.2671835	3.1206763235312857e-08	1.2237946366789357e-06	0.3674698795180723	0.5459976105137395
20	Kif20a	-5.627463	-2.5089455	1.828796899350811e-08	7.315187597403243e-07	0.08433734939759036	0.331342094782955
20	Ndc80	-5.627647	-0.927351	1.826844146138705e-08	7.315187597403243e-07	0.5301204819277109	0.6756272401433692
20	Ect2	-5.6352577	-0.9255465	1.7479671357550953e-08	7.283196398979564e-07	0.5060240963855421	0.6700517722023098
20	Sgo1	-5.672284	-1.1191186	1.4090599776351436e-08	5.995999904830398e-07	0.40963855421686746	0.5997610513739546
20	Smc2	-5.678262	-0.6760437	1.3607010457243718e-08	5.916091503149442e-07	0.7289156626506024	0.8407009159697332
20	Ubald2	-5.723242	-1.2760502	1.0451049510039779e-08	4.644910893351013e-07	0.3072289156626506	0.5189167662285942
20	Ncapg	-5.7314053	-1.1291469	9.960195925537763e-09	4.527361784335347e-07	0.3614457831325301	0.5708880923934687
20	Spc25	-6.016398	-1.4345746	1.7834065978599585e-09	8.492412370761706e-08	0.3072289156626506	0.5207088809239346
20	Plk1	-6.142462	-2.037807	8.125225027344496e-10	4.051224610293629e-08	0.1566265060240964	0.41437674233373156
20	Arhgap11a	-6.2050853	-1.1957548	5.466721663000447e-10	2.8034470066668956e-08	0.40963855421686746	0.6262445240939865
20	Sgo2a	-6.2423487	-1.403526	4.310483685105836e-10	2.2686756237399137e-08	0.39156626506024095	0.5746714456391876
20	Trim59	-6.351795	-0.83985454	2.1281637233974538e-10	1.1503587694040292e-08	0.6325301204819277	0.8044603743528475
20	Ccna2	-6.445836	-1.1454215	1.1496484617676418e-10	6.386935898709122e-09	0.4397590361445783	0.6439665471923537
20	Pimreg	-6.4983735	-2.0856633	8.119297525387342e-11	4.639598585935624e-09	0.16265060240963855	0.4336917562724014
20	Cep55	-6.527105	-1.3863466	6.705321393386701e-11	3.944306701992177e-09	0.35542168674698793	0.5732775786539227
20	Top2a	-6.6787653	-1.0054334	2.4096342861683577e-11	1.4603844158596106e-09	0.7951807228915663	0.8773397052966946
20	Nusap1	-6.7374916	-1.980214	1.611442795082946e-11	1.0071517469268413e-09	0.30120481927710846	0.52389486260454
20	Aurka	-6.8186545	-2.1309376	9.189695024804004e-12	5.928835499873551e-10	0.18072289156626506	0.4589804858622063
20	Kif20b	-6.8302155	-1.1734039	8.47870903326985e-12	5.652472688846567e-10	0.6204819277108434	0.7437275985663082
20	Ckap2	-6.838748	-1.3363113	7.98882505699279e-12	5.509534522063992e-10	0.4397590361445783	0.6391875746714456
20	Cdc20	-6.9395566	-1.7670058	3.933319322163623e-12	2.809513801545445e-10	0.30120481927710846	0.5469932297889287
20	Cdkn3	-6.9737654	-1.8743515	3.085684244754674e-12	2.2856920331516104e-10	0.1927710843373494	0.48486658701712465
20	Cks2	-7.045132	-1.1374512	1.8528558891433323e-12	1.4252737608794864e-10	0.6204819277108434	0.7616487455197133
20	Prc1	-7.1444926	-1.327067	9.032898398258303e-13	7.226318718606642e-11	0.608433734939759	0.7670250896057348
20	Ube2c	-7.248646	-1.6010593	4.209592176146367e-13	3.507993480121973e-11	0.3855421686746988	0.616089207487057
20	Dbf4	-7.2650523	-0.72959775	3.728942021258107e-13	3.2425582793548755e-11	0.8855421686746988	0.942652329749104
20	Prr11	-7.289122	-1.6172025	3.11981401033036e-13	2.836194554845782e-11	0.3433734939759036	0.5834328952608523
20	Pclaf	-7.37226	-0.90962	1.6775906367727387e-13	1.5977053683549893e-11	0.7048192771084337	0.8771405814416567
20	Knl1	-7.441257	-1.2428964	9.973178815234121e-14	9.973178815234121e-12	0.5060240963855421	0.7144563918757467
20	Ckap2l	-7.5989223	-1.8296593	2.986076415862045e-14	3.1432383324863635e-12	0.28313253012048195	0.562126642771804
20	Lockd	-7.9509892	-1.2550529	1.85028353399553e-15	2.0558705933283666e-13	0.5240963855421686	0.7670250896057348
20	H1f0	-7.952174	-0.95890754	1.832664949775215e-15	2.0558705933283666e-13	0.7831325301204819	0.8769414575866189
20	Pttg1	-7.9997606	-1.5406115	1.2466128736175337e-15	1.5582660920219172e-13	0.3313253012048193	0.6433691756272402
20	Tpx2	-8.037683	-1.0115811	9.155351709580857e-16	1.2207135612774476e-13	0.7048192771084337	0.848068498606133
20	Smc4	-8.355356	-0.9021698	6.523540005057326e-17	9.319342864367609e-15	0.8795180722891566	0.9422540820390283
20	Kif23	-8.365653	-2.87335	5.97827404991433e-17	9.197344692175893e-15	0.12048192771084337	0.4755077658303465
20	C330027C09Rik	-8.374502	-1.767351	5.545800814818651e-17	9.197344692175893e-15	0.29518072289156627	0.6057347670250897
20	Cdca8	-8.400362	-1.3423474	4.451032608088665e-17	8.092786560161209e-15	0.5421686746987951	0.7568697729988052
20	Aspm	-8.698285	-3.2003398	3.3693630021997844e-18	6.738726004399569e-16	0.13855421686746988	0.49382716049382713
20	H2afz	-8.953994	-0.7969023	3.4284698683829177e-19	7.618821929739817e-17	0.9698795180722891	0.9968140183193946
20	Knstrn	-9.31196	-1.5677356	1.2549466494604859e-20	3.1373666236512145e-18	0.4036144578313253	0.7287933094384708
20	Anln	-9.440631	-1.2707492	3.705416711820434e-21	1.0586904890915526e-18	0.6686746987951807	0.8506571087216248
20	Mki67	-9.950574	-1.6786895	2.5073364463657818e-23	8.357788154552605e-21	0.5481927710843374	0.7909199522102748
20	Cenpf	-10.24618	-2.273794	1.231142043987848e-24	4.924568175951392e-22	0.4819277108433735	0.7323775388291517
20	Cenpe	-10.345645	-1.9469228	4.379570161395073e-25	2.1897850806975366e-22	0.5421686746987951	0.7823576264436479
20	Hmmr	-11.256638	-2.3648005	2.1479985197659065e-29	1.431999013177271e-26	0.3855421686746988	0.7275985663082437
20	Cenpa	-11.343462	-2.0854063	7.991877988199742e-30	7.991877988199742e-27	0.4397590361445783	0.7769812823576264
20	Birc5	-12.198889	-1.6570984	3.1509598689573855e-34	6.301919737914771e-31	0.6807228915662651	0.9070091596973318
21	Ccne2	7.496529	1.2734022	6.552992659675163e-14	1.008152716873102e-11	0.6631578947368421	0.4491796718687475
21	Malat1	6.6394196	0.59355557	3.149203812247176e-11	3.3579476744682693e-09	1.0	1.0
21	Clspn	6.187881	0.7990675	6.09782994613539e-10	4.7230434663836866e-08	0.7263157894736842	0.6398559423769508
21	Hspa5	5.9609766	0.5279182	2.507346751167371e-09	1.729204655977497e-07	0.9789473684210527	0.9627851140456183
21	Plpp3	5.947924	0.6134339	2.715645314471457e-09	1.7912638990685946e-07	0.8894736842105263	0.8115246098439376
21	Slfn9	5.9177723	0.711687	3.2633165420812023e-09	2.0395728388007515e-07	0.8052631578947368	0.7725090036014406
21	Cdc6	5.883376	1.0354619	4.01980727610553e-09	2.4362468340033514e-07	0.5789473684210527	0.38075230092036816
21	Ccne1	5.834546	0.70750624	5.3937258769688934e-09	3.1727799276287606e-07	0.7736842105263158	0.6326530612244898
21	Gm26870	5.7957335	0.96465194	6.802328595793637e-09	3.779071442107576e-07	0.7473684210526316	0.5634253701480593
21	Rora	5.755243	0.6589893	8.651731361245186e-09	4.67661154661902e-07	0.8631578947368421	0.7847138855542217
21	Fkbp11	5.343652	0.5900178	9.109247314844912e-08	4.2368592162069356e-06	0.8789473684210526	0.8249299719887955
21	Pola1	4.8446646	0.5493512	1.268257673675089e-06	4.985315966931348e-05	0.7947368421052632	0.7066826730692277
21	Ext1	4.825567	0.41161525	1.3960573846875911e-06	5.3694514795676585e-05	0.9157894736842105	0.8905562224889956
21	Ebf1	4.7828307	0.47778744	1.7284352601149187e-06	6.476711156058213e-05	0.9	0.8563425370148059
21	Ghr	4.7445364	0.5047686	2.089843255663272e-06	7.463725913083114e-05	0.8631578947368421	0.8023209283713485
21	Rrm2	4.736715	0.5451931	2.1721057144933405e-06	7.621423559625756e-05	0.7578947368421053	0.7028811524609844
21	Dtl	4.6850715	0.6776285	2.7986216084317964e-06	9.650419339419987e-05	0.631578947368421	0.49779911964785917
21	Atad5	4.631923	0.57428885	3.6228451862670446e-06	0.00012076150620890149	0.7526315789473684	0.6404561824729892
21	Immp2l	4.6121097	0.5322719	3.98602328916064e-06	0.00013068928816920133	0.8315789473684211	0.7286914765906363
21	Zmynd19	4.5714464	0.6350108	4.843686256422657e-06	0.00015624794375556958	0.6842105263157895	0.5688275310124049
21	Pcna-ps2	4.449926	0.58289224	8.589988583759921e-06	0.0002684371432424975	0.6842105263157895	0.5562224889955982
21	Gm10801	4.436306	0.8312637	9.151581563802716e-06	0.00028158712504008357	0.6	0.4371748699479792
21	Acta2	4.352512	0.93967175	1.3458645810591006e-05	0.0004017506212116718	0.6947368421052632	0.5506202480992397
21	Sema3c	4.3322296	0.39145586	1.4760672807998861e-05	0.00043413743552937826	0.9789473684210527	0.943577430972389
21	Sorbs1	4.2862616	0.55206937	1.8170489829992116e-05	0.000519156852285489	0.7105263157894737	0.5950380152060825
21	Pdia3	4.2526555	0.33613795	2.112505186161216e-05	0.0005950718834256948	0.9842105263157894	0.9665866346538615
21	Mcm3	4.1943254	0.52281857	2.7368475503013062e-05	0.0007396885271084612	0.6947368421052632	0.6378551420568227
21	Pmp22	4.1825805	0.47037846	2.8821885039619693e-05	0.0007685836010565252	0.8105263157894737	0.7074829931972789
21	Adamts1	4.1786327	0.56445926	2.9326690231029467e-05	0.0007717550060797228	0.7	0.5674269707883153
21	Lox	4.137698	0.5252993	3.508075331722076e-05	0.0008995064953133528	0.8894736842105263	0.8421368547418968
21	Cdkn1a	4.1136656	0.39449158	3.894258082704459e-05	0.0009735645206761148	0.9631578947368421	0.9345738295318127
21	Setbp1	4.0974545	0.65196925	4.1771840887834214e-05	0.0010065503828393786	0.5631578947368421	0.41656662665066024
21	Fgf10	4.067969	0.5326258	4.742475287645511e-05	0.0011291607827727407	0.7052631578947368	0.5754301720688275
21	Igfbp7	4.0080104	0.6934482	6.1232458198771e-05	0.0014240106557853723	0.5947368421052631	0.48479391756702683
21	Gm11884	4.002582	0.40166023	6.265495863927269e-05	0.0014403438767648894	0.9157894736842105	0.8771508603441377
21	Atad2	3.9967341	0.38265032	6.422235820273503e-05	0.00145959905006216	0.8526315789473684	0.8311324529811924
21	Snhg18	3.9906642	0.39940152	6.588849295023635e-05	0.0014806402910165473	0.8947368421052632	0.8659463785514205
21	Bgn	3.9866672	0.45550963	6.70079547085648e-05	0.001489065660190329	0.9	0.881952781112445
21	Adgrl2	3.96979	0.50122535	7.19360455664654e-05	0.0015638270775318566	0.7105263157894737	0.5930372148859544
21	Efna5	3.8676386	0.3998126	0.00010989441801554582	0.0022894670419905377	0.8736842105263158	0.8415366146458584
21	Cyp51	3.791494	0.36315972	0.0001497439032023007	0.003025129357622236	0.9263157894736842	0.8957583033213286
21	Mms22l	3.5489953	0.49269542	0.00038670398600162335	0.007030981563665879	0.6368421052631579	0.5006002400960384
21	Anxa5	3.5432463	0.35972774	0.00039523353793720725	0.007121325007877608	0.968421052631579	0.9423769507803121
21	Rad51b	3.5360167	0.44973058	0.0004062090984912153	0.007253733901628844	0.7263157894736842	0.618047218887555
21	Ccdc80	3.5334752	0.70141	0.00041013456945699755	0.007259018928442434	0.5	0.36934773909563823
21	Ggct	3.5149696	0.4957717	0.0004398044724553954	0.007582835731989575	0.6631578947368421	0.5486194477791116
21	Fn1	3.4988818	0.46931982	0.00046721346203838093	0.00798655490663899	0.9	0.8913565426170468
21	Lxn	3.4626107	0.41903087	0.0005349616672447061	0.00891602778741177	0.7947368421052632	0.7194877951180472
21	Pcolce	3.445092	0.45940092	0.000570864943693313	0.009358441699890377	0.8	0.6864745898359343
21	Kcnq1ot1	3.4274254	0.3361449	0.0006093339349584442	0.009907868861112914	0.9578947368421052	0.9165666266506602
21	B3galt1	3.4025042	0.4404594	0.0006677130269149475	0.010728837877747173	0.7631578947368421	0.6660664265706282
21	Ncam1	3.4013445	0.4056034	0.0006705523673591983	0.010728837877747173	0.8526315789473684	0.8025210084033614
21	Tagln	3.3829377	0.75642705	0.0007171491656323156	0.011293687647753002	0.4473684210526316	0.3277310924369748
21	Tpm2	3.3662086	0.36441997	0.0007620908324301701	0.011836518129058313	0.8578947368421053	0.8079231692677071
21	Insig1	3.365715	0.42505044	0.0007634554193242612	0.011836518129058313	0.6947368421052632	0.5814325730292117
21	Snai2	3.3617918	0.36980134	0.000774384868945769	0.011913613368396445	0.7736842105263158	0.6778711484593838
21	Gm12648	3.358831	0.34596676	0.000782729496612126	0.011950068650566808	0.9157894736842105	0.891156462585034
21	Lpl	3.2819707	0.41455176	0.0010308434419192794	0.01561884002907999	0.6736842105263158	0.5584233693477391
21	Sntg1	3.2584066	0.7053501	0.0011203970350075183	0.016598474592703975	0.46842105263157896	0.3645458183273309
21	Zfpm2	3.2518435	0.35390624	0.0011465918796686272	0.016756012281472946	0.868421052631579	0.812124849939976
21	Mustn1	3.2424917	0.65124464	0.001184893449626795	0.01717236883517094	0.5736842105263158	0.4689875950380152
21	Prss23	3.2203097	0.44919324	0.0012805218440190163	0.018424774734086564	0.7578947368421053	0.6530612244897959
21	Cd63	3.212932	0.23537563	0.0013138735333921886	0.018769621905602694	0.9842105263157894	0.98359343737495
21	Prkd1	3.2032597	0.37420928	0.001358813472690179	0.01913821792521379	0.7631578947368421	0.696078431372549
21	Pcdh7	3.1693327	0.32711065	0.001527893926050609	0.020930053781515193	0.8894736842105263	0.8679471788715486
21	Fbxl17	3.1281514	0.3044255	0.0017590955402957862	0.023612020675111225	0.8315789473684211	0.7697078831532613
21	Rad51ap1	3.0546715	0.4752884	0.002253071699973002	0.02984200927116559	0.5789473684210527	0.46638655462184875
21	Serpinf1	3.0125525	0.32908222	0.0025906058232648436	0.03408691872716899	0.8736842105263158	0.8371348539415766
21	Dscc1	3.0035465	0.83268553	0.002668528131787999	0.03479921725229695	0.3	0.16906762705082032
21	Cst3	2.9987843	0.2401168	0.0027105911761059615	0.03479921725229695	0.9578947368421052	0.9655862344937975
21	Fbxl7	2.9964156	0.30176866	0.0027317385543053105	0.03479921725229695	0.8947368421052632	0.8273309323729492
21	Gm42826	2.9766269	0.30162504	0.002914384935950657	0.036343628449230204	0.9947368421052631	0.9925970388155262
21	Sned1	2.9704583	0.5481251	0.0029735578719859235	0.036710591012171896	0.5631578947368421	0.4459783913565426
21	Rbms3	2.9632287	0.33090594	0.003044302600048029	0.03735340613555864	0.7894736842105263	0.7290916366546618
21	Slpi	2.9352727	0.5111237	0.0033325454862489527	0.04039449074241155	0.6263157894736842	0.5160064025610244
21	Timp1	2.9012718	0.358951	0.003716514784499427	0.04477728656023406	0.8473684210526315	0.8149259703881553
21	Svep1	2.8780038	0.47685945	0.004002002041628898	0.04792816816322034	0.5157894736842106	0.4005602240896359
21	Sgcd	2.8725755	0.27691492	0.004071407088833851	0.04798126279027768	0.8789473684210526	0.8503401360544217
21	Mxd4	2.8724523	0.38769603	0.004072997096069201	0.04798126279027768	0.6631578947368421	0.5480192076830732
21	Ctgf	2.8696887	0.8654137	0.004108761285408016	0.04805568754863176	0.37894736842105264	0.27090836334533813
21	Itgae	-2.8720326	-0.35798705	0.004078407337173603	0.04798126279027768	0.3	0.4275710284113646
21	Rplp0	-2.9432425	-0.18078212	0.003247937958868778	0.03960899949839973	1.0	0.9987995198079231
21	Tnnt2	-2.9754424	-0.44209954	0.0029256620901630314	0.036343628449230204	0.3631578947368421	0.492797118847539
21	Ccnd1	-2.9803526	-0.23674	0.002879167108752415	0.036215938474873144	0.8947368421052632	0.9305722288915567
21	Serpinb8	-2.9851887	-1.2328299	0.002834033356598899	0.03587383995694809	0.15263157894736842	0.2693077230892357
21	Pif1	-2.9982414	-2.1951537	0.002715424195288412	0.03479921725229695	0.04736842105263158	0.17366946778711484
21	Mis18bp1	-3.0002155	-0.5548806	0.0026978872311112486	0.03479921725229695	0.5842105263157895	0.6196478591436575
21	Agl	-3.0591376	-0.36724344	0.00221975229291584	0.02959669723887787	0.9473684210526315	0.982593037214886
21	Acpp	-3.1424625	-0.5636673	0.0016753320400843823	0.022639622163302463	0.37894736842105264	0.48219287715086034
21	Sgo2a	-3.1510737	-0.6191871	0.001626714065484221	0.022132164156247906	0.5105263157894737	0.5710284113645459
21	Hmgn5	-3.1726885	-0.36824217	0.00151034533235417	0.020832349411781657	0.7578947368421053	0.8133253301320528
21	Cdkn2d	-3.1881838	-1.1109216	0.0014316949050732167	0.019884651459350235	0.22105263157894736	0.33413365346138457
21	Smc2	-3.197955	-0.29571855	0.0013840596294837338	0.01935747733543684	0.8368421052631579	0.8371348539415766
21	Aurkb	-3.2047648	-0.8163468	0.0013517283598638314	0.01913821792521379	0.3684210526315789	0.452781112444978
21	Fbxo36	-3.2515473	-0.5497093	0.001147786841280897	0.016756012281472946	0.38421052631578945	0.5004001600640257
21	B4galnt2	-3.2626507	-0.7225109	0.0011037547523027416	0.01647395152690659	0.2789473684210526	0.41596638655462187
21	Top2a	-3.277776	-0.37837106	0.001046283877228921	0.015733592138780766	0.8789473684210526	0.8745498199279712
21	Armc3	-3.39525	-0.59327686	0.0006856594071201471	0.010883482652700747	0.3736842105263158	0.507202881152461
21	Cep55	-3.4511619	-0.6780642	0.0005581785885711522	0.009226092373076896	0.5052631578947369	0.5686274509803921
21	Ube2z	-3.464042	-0.40701485	0.0005321236718214434	0.00891602778741177	0.7631578947368421	0.837735094037615
21	Cd34	-3.4894564	-0.40832707	0.00048400410523099195	0.00820345941069478	0.7263157894736842	0.8129251700680272
21	Dlgap1	-3.5167215	-0.3659967	0.00043691213398653906	0.007582835731989575	0.9263157894736842	0.9545818327330933
21	Mt2	-3.5239756	-0.41730776	0.0004251233733833654	0.007458304796199393	0.8210526315789474	0.8715486194477791
21	Ect2	-3.5727813	-0.54896325	0.00035320977740097817	0.006480913346806939	0.6157894736842106	0.6666666666666666
21	Trim59	-3.5866976	-0.3930153	0.00033489238354012646	0.006201710806298638	0.7473684210526316	0.8009203681472589
21	Alyref	-3.5919778	-0.3916103	0.0003281777723907238	0.006134163969920071	0.8157894736842105	0.8739495798319328
21	Extl3	-3.60128	-0.54557014	0.0003166542886232245	0.005974609219306122	0.5473684210526316	0.6532613045218087
21	Ankrd6	-3.639303	-0.5194081	0.00027337694694052494	0.005207179941724285	0.37894736842105264	0.5230092036814726
21	Cog4	-3.6415484	-0.43217883	0.0002710031731159206	0.005207179941724285	0.7684210526315789	0.8315326130452181
21	Pbk	-3.6750808	-0.55003875	0.00023777425700656672	0.004616975864205179	0.5631578947368421	0.6480592236894758
21	4930556J24Rik	-3.6897864	-0.42219418	0.00022444230172440947	0.0044008294455766565	0.7157894736842105	0.781312525010004
21	Trib1	-3.7178905	-0.54766434	0.00020089330543957647	0.003978085256229237	0.5578947368421052	0.6516606642657062
21	Lncenc1	-3.735508	-0.4886784	0.00018733668860242763	0.003746733772048552	0.5578947368421052	0.6824729891956782
21	Depdc1a	-3.8273454	-1.0089488	0.00012953266354623572	0.0026435237458415453	0.3368421052631579	0.44717887154861946
21	Gm12603	-3.8341308	-0.3964603	0.00012600904476193185	0.002598124634266636	0.7789473684210526	0.8391356542617047
21	Tubb4b	-3.8871064	-0.41403893	0.00010144626478514823	0.002135710837582068	0.8105263157894737	0.8525410164065627
21	2700099C18Rik	-3.9190595	-0.87313724	8.88951259869307e-05	0.0018913856592963978	0.3736842105263158	0.4809923969587835
21	1700061I17Rik	-3.929028	-0.40817657	8.528990461648079e-05	0.0018341914971286193	0.8578947368421053	0.9155662264905963
21	2610020C07Rik	-3.9730716	-0.6572178	7.095172783544907e-05	0.0015593786337461336	0.4263157894736842	0.5566226490596239
21	Pimreg	-4.0334	-0.98852456	5.497556578803314e-05	0.0012935427244243091	0.2894736842105263	0.430172068827531
21	Ndc80	-4.0987372	-0.6064237	4.154098964221035e-05	0.0010065503828393786	0.6157894736842106	0.6730692276910765
21	Wtap	-4.104931	-0.43087852	4.0443609755136505e-05	0.0009986076482749755	0.9	0.9397759103641457
21	Bub1b	-4.1281247	-1.2408458	3.65734099058154e-05	0.0009259091115396304	0.20526315789473684	0.36154461784713887
21	Kif20b	-4.15196	-0.64970815	3.296401565873064e-05	0.0008562081989280685	0.7263157894736842	0.740296118447379
21	Mt1	-4.2014565	-0.35096008	2.6520338894511642e-05	0.0007265846272468944	0.9842105263157894	0.9821928771508603
21	Kif4	-4.230646	-0.8062389	2.3302116295943244e-05	0.0006472810082206457	0.42105263157894735	0.5428171268507404
21	Ccnb1	-4.3000546	-1.3007414	1.707560115511695e-05	0.0004949449610178826	0.24736842105263157	0.39575830332132855
21	Aurka	-4.366305	-1.1971155	1.263660113634615e-05	0.0003829273071620045	0.33157894736842103	0.4545818327330932
21	H3f3b	-4.4705043	-0.27018312	7.803537094937552e-06	0.0002477313363472239	0.9947368421052631	0.9961984793917567
21	Mad1l1	-4.673672	-0.41488487	2.9586164779606674e-06	0.0001002920839986667	0.9736842105263158	0.98359343737495
21	Kif11	-4.761586	-1.0247852	1.9207705579226697e-06	6.98462021062789e-05	0.4368421052631579	0.54421768707483
21	Kif20a	-4.780487	-1.7120948	1.7487120121357176e-06	6.476711156058213e-05	0.1368421052631579	0.33053221288515405
21	Gas2l3	-4.844196	-1.6130469	1.2712555715674937e-06	4.985315966931348e-05	0.17894736842105263	0.36394557823129253
21	Smc4	-5.0223193	-0.50377584	5.105126858732399e-07	2.0837252484622037e-05	0.8842105263157894	0.9423769507803121
21	Arhgap11a	-5.03362	-0.933128	4.813034914865886e-07	2.0054312145274524e-05	0.5210526315789473	0.6230492196878752
21	Kif23	-5.0620446	-1.3183112	4.1478384627713477e-07	1.7650376437324883e-05	0.32105263157894737	0.4695878351340536
21	Kif2c	-5.144851	-1.5335345	2.677326319770527e-07	1.1640549216393596e-05	0.1736842105263158	0.374749899959984
21	Ube2c	-5.2842607	-1.0343853	1.2621327342605374e-07	5.609478818935722e-06	0.4789473684210526	0.6136454581832733
21	Spc25	-5.335312	-1.2051646	9.538045532277635e-08	4.33547524194438e-06	0.3684210526315789	0.5194077631052421
21	Nusap1	-5.3782206	-1.4412134	7.522568440755335e-08	3.5821754479787306e-06	0.3894736842105263	0.521608643457383
21	Ccna2	-5.419377	-0.87364084	5.980706001760217e-08	2.9174175618342524e-06	0.5105263157894737	0.6422569027611045
21	Knl1	-5.4815807	-0.81083	4.215420442203933e-08	2.1077102211019665e-06	0.6105263157894737	0.711484593837535
21	Gm28153	-5.6610365	-0.5298765	1.5046131824234615e-08	7.715965038069034e-07	1.0	0.9951980792316927
21	Cks2	-5.703279	-0.8414192	1.1752443784660939e-08	6.185496728768916e-07	0.6842105263157895	0.7599039615846338
21	Cdkn3	-5.8057756	-1.1371981	6.406867255333727e-09	3.661067003047844e-07	0.25263157894736843	0.4839935974389756
21	Prr11	-5.944297	-1.196858	2.7764590435563216e-09	1.7912638990685946e-07	0.43157894736842106	0.5812324929971989
21	Cdc20	-6.001319	-1.3463247	1.95720892666963e-09	1.3980063761925928e-07	0.35789473684210527	0.5460184073629452
21	Ubald2	-6.1767282	-1.2868985	6.544354154552182e-10	4.847669744112727e-08	0.3	0.5202080832332934
21	Prc1	-6.186795	-1.0899208	6.139956506298792e-10	4.7230434663836866e-08	0.6894736842105263	0.7647058823529411
21	Cdca8	-6.188547	-0.85923636	6.072119318804405e-10	4.7230434663836866e-08	0.6684210526315789	0.7531012404961985
21	Tpx2	-6.2871456	-0.7065868	3.2335614869233547e-10	2.8117925973246564e-08	0.7789473684210526	0.84593837535014
21	Ckap2	-6.2911673	-1.1098753	3.1508717424064667e-10	2.8117925973246564e-08	0.49473684210526314	0.6380552220888356
21	Plk1	-6.4257655	-1.92798	1.312075599560627e-10	1.2495958091053588e-08	0.1631578947368421	0.41536614645858344
21	Ckap2l	-6.469562	-1.3832357	9.82872278215136e-11	9.828722782151359e-09	0.37894736842105264	0.5598239295718287
21	Gm14399	-6.63752	-0.8968344	3.190050290744856e-11	3.3579476744682693e-09	0.4842105263157895	0.7222889155662265
21	Dbf4	-6.7360935	-0.6095259	1.627016673644561e-11	1.914137263111248e-09	0.8947368421052632	0.9425770308123249
21	Dlgap5	-6.879599	-1.579084	6.002133443154872e-12	7.50266680394359e-10	0.24210526315789474	0.49859943977591037
21	C330027C09Rik	-7.138333	-1.3201689	9.446956053466048e-13	1.2595941404621397e-10	0.39473684210526316	0.6034413765506202
21	Aspm	-7.24231	-2.1812532	4.4110534142795737e-13	6.301504877542248e-11	0.24736842105263157	0.4913965586234494
21	Anln	-8.032601	-0.94396186	9.542712862726924e-16	1.5904521437878206e-13	0.7210526315789474	0.8495398159263705
21	Knstrn	-8.107068	-1.2005669	5.185562878948184e-16	9.428296143542154e-14	0.5210526315789473	0.725890356142457
21	H2afz	-8.427019	-0.6490118	3.5458099101841884e-17	7.091619820368377e-15	0.9947368421052631	0.9959983993597439
21	H1f0	-8.588018	-0.96953726	8.848173430211105e-18	1.9662607622691343e-15	0.7947368421052632	0.8769507803121248
21	Pttg1	-8.613137	-1.5598124	7.108789695976499e-18	1.777197423994125e-15	0.3473684210526316	0.6442577030812325
21	Mki67	-8.905428	-1.3468684	5.318028916714449e-19	1.5194368333469854e-16	0.5894736842105263	0.790516206482593
21	Cenpf	-9.450705	-1.8842595	3.3655780301141215e-21	1.1218593433713739e-18	0.5368421052631579	0.7314925970388155
21	Cenpe	-9.69609	-1.6566015	3.132749652562231e-22	1.2530998610248923e-19	0.6473684210526316	0.7795118047218887
21	Lockd	-10.353214	-1.5906993	4.0466697742072055e-25	2.0233348871036028e-22	0.46842105263157896	0.7703081232492998
21	Birc5	-10.453762	-1.1839442	1.4082602256371271e-25	9.388401504247514e-23	0.7894736842105263	0.9039615846338536
21	Hmmr	-11.087865	-2.102941	1.4367543981209235e-28	1.4367543981209234e-25	0.46842105263157896	0.7260904361744698
21	Cenpa	-13.149177	-2.3829532	1.7203819040836158e-39	3.440763808167231e-36	0.41578947368421054	0.7795118047218887
22	Slfn9	10.1738825	1.1986123	2.5935996988932517e-24	2.5935996988932515e-21	0.9041916167664671	0.7693686516630154
22	Ccne2	9.844316	1.5014752	7.253132578296501e-23	4.8354217188643337e-20	0.7844311377245509	0.44612626966739694
22	Atad2	8.82673	0.8818845	1.0778035574668206e-18	5.389017787334103e-16	0.9221556886227545	0.828918542123083
22	Hist1h2an	8.406258	1.3832973	4.233023450406521e-17	1.6932093801626084e-14	0.7305389221556886	0.4060944035052778
22	Clspn	7.9291453	0.98636514	2.2065951003861593e-15	6.304557429674741e-13	0.8143712574850299	0.6373232423819957
22	Ccne1	7.824795	0.9558113	5.0848502713356825e-15	1.2712125678339206e-12	0.8203592814371258	0.6317466640111532
22	Hist1h2ae	6.340076	0.97480327	2.296520595056765e-10	4.1754919910123e-08	0.7365269461077845	0.5110535749850628
22	Pola1	6.3113756	0.7521029	2.765660401273068e-10	4.60943400212178e-08	0.8263473053892215	0.7060346544513045
22	Cdc6	6.135629	1.0149809	8.482275278868398e-10	1.304965427518215e-07	0.6347305389221557	0.3798048197570205
22	Rrm2	6.081931	0.74379086	1.1874352325750828e-09	1.651827596153701e-07	0.8263473053892215	0.7008564031069509
22	Brip1	6.0389204	0.79634196	1.5514892553972794e-09	1.8252814769379758e-07	0.7425149700598802	0.5811591316470822
22	Hist2h2ac	5.913957	0.80324453	3.339844943071992e-09	3.710938825635547e-07	0.844311377245509	0.6763592909778928
22	Atad5	5.637957	0.70017004	1.7207941216250935e-08	1.811362233289572e-06	0.8203592814371258	0.6387173869747063
22	Hist1h1b	5.595839	0.80750906	2.1955757162358733e-08	2.195575716235873e-06	0.7724550898203593	0.5821549492133041
22	Hist1h2ak	5.4923553	0.93633395	3.966087767921005e-08	3.777226445639052e-06	0.5868263473053892	0.34574785899223265
22	Mms22l	5.2943945	0.84185153	1.1941148700576168e-07	1.0383607565718407e-05	0.6706586826347305	0.5000995817566222
22	Rad51ap1	5.2726	0.7940836	1.345044762927629e-07	1.120870635773024e-05	0.6407185628742516	0.46484763991236805
22	Ncapg2	5.2450027	0.67055523	1.562800895251608e-07	1.2502407162012862e-05	0.7724550898203593	0.6474805815574587
22	Efna5	5.220504	0.53759193	1.784371308631635e-07	1.3217565249123221e-05	0.9041916167664671	0.8406691894045011
22	Mcm3	5.1572213	0.6634914	2.506414080098566e-07	1.7902957714989757e-05	0.7604790419161677	0.635929097789285
22	Rad51b	5.130359	0.6522051	2.8918979071487753e-07	1.994412349757776e-05	0.7544910179640718	0.6176060545708026
22	Pcna-ps2	5.107882	0.7798229	3.257897081392329e-07	2.171931387594886e-05	0.6946107784431138	0.55646285600478
22	Sntg1	4.984127	1.0807612	6.22421488998739e-07	3.7722514484772055e-05	0.5449101796407185	0.36247759410476
22	Plpp3	4.8622103	0.5494139	1.1608227684239226e-06	6.828369226023073e-05	0.9161676646706587	0.8109938259310894
22	Gm12648	4.5926957	0.44192135	4.375568744453955e-06	0.00024308715246966419	0.9341317365269461	0.8906592312288388
22	Gm26870	4.5524945	0.83808494	5.301358668166369e-06	0.0002865599280089929	0.7005988023952096	0.5658235411272655
22	Dtl	4.4890547	0.6328293	7.154000762007971e-06	0.00037652635589515636	0.6826347305389222	0.4967138020314678
22	Malat1	4.469256	0.40819487	7.849223192221687e-06	0.0004025242662677788	1.0	1.0
22	Gm10801	4.4368005	0.8461719	9.130580654125897e-06	0.0004565290327062948	0.6047904191616766	0.43776140211113324
22	Tyms	4.344608	0.4850455	1.3952462717002116e-05	0.0006644029865239102	0.8502994011976048	0.7269468233419637
22	Mdm2	4.3116803	0.51929915	1.6201871463063407e-05	0.0007535754168866702	0.8263473053892215	0.7862975502887871
22	Rora	4.2482667	0.5423703	2.154310361771567e-05	0.0009469177295034755	0.844311377245509	0.785700059749054
22	Btg2	4.1774483	1.0843126	2.9479797001931476e-05	0.0012283248750804782	0.40718562874251496	0.2296355307707628
22	Sgcd	4.160354	0.42743027	3.177547775014746e-05	0.0012710191100058982	0.8982035928143712	0.8498307110137423
22	Mast4	4.1228833	0.40694562	3.741590466890118e-05	0.0014672903791725954	0.9101796407185628	0.8695478988249352
22	Polq	4.1091504	0.6870306	3.971174102689663e-05	0.0014985562651659106	0.5508982035928144	0.3708424616610237
22	Diaph3	4.0763016	0.42767218	4.575771210189947e-05	0.0016947300778481285	0.9281437125748503	0.8480382393945429
22	E2f8	4.064249	0.61940986	4.818740025239089e-05	0.0017240808135899296	0.6347305389221557	0.47739494124676357
22	Sema3a	4.0405903	0.5081838	5.331686421049529e-05	0.0018385125589825962	0.8682634730538922	0.7866958773152758
22	Pcdh7	4.0216317	0.44936982	5.779637543611403e-05	0.001894963129052919	0.9101796407185628	0.8673571001792472
22	Fbxo5	3.9979992	0.5790507	6.388013904639485e-05	0.002028165846518103	0.6526946107784432	0.46026687910774744
22	B3galt1	3.997973	0.5113556	6.388722416532025e-05	0.002028165846518103	0.7724550898203593	0.6662019518024298
22	Brinp1	3.9812465	0.71817166	6.85547935836477e-05	0.0021423372994889907	0.5868263473053892	0.4351722764389564
22	Ebf1	3.9770715	0.45157966	6.976919320127703e-05	0.0021467444061931394	0.9101796407185628	0.8562039434375622
22	Hist1h1e	3.9675398	0.43986657	7.261840072625958e-05	0.0022005575977654414	0.874251497005988	0.7556263692491536
22	Ext1	3.9537017	0.3703981	7.695134643695127e-05	0.002263274895204449	0.9281437125748503	0.8902609042023502
22	Cyp51	3.940021	0.39834118	8.147443180193157e-05	0.002327840908626616	0.9341317365269461	0.8956383190599482
22	Immp2l	3.8629007	0.5163791	0.00011204855753168328	0.0031124599314356466	0.8263473053892215	0.7293367855008962
22	Dhx40	3.7337103	0.59391564	0.00018867956922209136	0.004900768031742633	0.6347305389221557	0.5407289384584744
22	Gphn	3.7051675	0.33553433	0.00021125106439262359	0.005348128212471483	0.9221556886227545	0.8946425014937264
22	Brca1	3.6404934	0.60693944	0.0002721159731259759	0.006636974954292095	0.6167664670658682	0.49810794662417845
22	Dscc1	3.598533	1.0176136	0.0003200174298926669	0.007619462616492069	0.33532934131736525	0.16849233220474008
22	Hist1h2ai	3.580441	0.5745775	0.00034301488067927494	0.008070938368924115	0.48502994011976047	0.30989842660824535
22	Fbxl17	3.5722747	0.38821805	0.00035389401096959535	0.008230093278362683	0.8802395209580839	0.7683728340967935
22	Kcnip4	3.5054998	0.8211394	0.00045575059626422776	0.010477025201476501	0.4431137724550898	0.3013343955387373
22	Hist1h2ab	3.489745	0.53164357	0.00048348163855165726	0.01098821905799221	0.5149700598802395	0.3503286197968532
22	4930471E19Rik	3.3077755	0.8517715	0.0009404017218874682	0.02022369294381652	0.40119760479041916	0.26090420235012945
22	Col11a1	3.3045456	0.44081295	0.0009513046113823014	0.020240523646431943	0.7604790419161677	0.6291575383389763
22	Kcnq1ot1	3.2686508	0.34467688	0.0010806161033718876	0.022749812702566055	0.9640718562874252	0.9165504879506075
22	Adgrl2	3.2166858	0.4170566	0.0012968059057483197	0.027016789703089992	0.718562874251497	0.5933081059549891
22	Lxn	3.1971757	0.3976688	0.001387803129696354	0.028322512850946002	0.7844311377245509	0.7201752638916551
22	Galnt13	3.171075	0.5893558	0.0015187585798585217	0.030681991512293366	0.5269461077844312	0.4118701453893647
22	Inhba	3.1080816	0.53454715	0.001883060450808251	0.037288325758579224	0.5508982035928144	0.42939653455486954
22	Hist1h4h	3.0691144	0.7543223	0.002146943447977381	0.04209693035249767	0.39520958083832336	0.25731925911173076
22	Gm6634	3.023005	0.37339872	0.0025027813213515907	0.04813041002599213	0.718562874251497	0.6249751045608445
22	Dclk1	-3.035005	-0.30242595	0.0024053171369049177	0.04670518712436734	0.9221556886227545	0.9267078271260705
22	Cdca8	-3.1607294	-0.4463231	0.0015737463446263808	0.031474926892527615	0.7784431137724551	0.7490539733120892
22	Trib1	-3.2096484	-0.5032085	0.0013289739328342881	0.027401524388335836	0.5688622754491018	0.650866361282613
22	Bub1b	-3.327758	-1.0811069	0.0008754788539621049	0.019032148999176192	0.23353293413173654	0.35988846843258315
22	Ckap2l	-3.3356092	-0.7919946	0.0008511271983050386	0.01870609227044041	0.5149700598802395	0.5544712208723361
22	H2afz	-3.3868654	-0.20951743	0.0007069609871638671	0.015710244159197046	0.9880239520958084	0.9962158932483569
22	Nusap1	-3.4053774	-1.0603039	0.0006607269431808184	0.014847796475973448	0.47305389221556887	0.5182234614618602
22	Tubb4b	-3.5994782	-0.438472	0.000318856423521081	0.007619462616492069	0.8023952095808383	0.8526190001991635
22	Mt1	-3.6406248	-0.32877424	0.0002719772408721463	0.006636974954292095	0.9760479041916168	0.9824736108344951
22	C330027C09Rik	-3.6742878	-0.67197806	0.0002385137281811541	0.005962843204528853	0.5029940119760479	0.5988846843258315
22	Anln	-3.723811	-0.36986527	0.00019623796057584547	0.005031742578867833	0.8622754491017964	0.8442541326428998
22	Kdm5b	-3.758104	-0.93393064	0.00017120564592877218	0.004505411734967689	0.30538922155688625	0.4451304521011751
22	Cxcl1	-3.8044236	-1.4874512	0.0001421347520399298	0.003790260054398128	0.17964071856287425	0.3318064130651265
22	Mki67	-3.8451502	-0.5351289	0.00012047864410382612	0.0032561795703736794	0.8263473053892215	0.7817167894841665
22	Prr11	-3.8590407	-0.8064612	0.00011383295683179379	0.0031187111460765425	0.5029940119760479	0.5781716789484167
22	Plk1	-3.9055703	-1.2793604	9.400341083846668e-05	0.00264798340390047	0.2874251497005988	0.4100776737701653
22	Ubald2	-3.9425945	-0.90080976	8.060489440446798e-05	0.002327840908626616	0.40718562874251496	0.5156343357896833
22	Cdkn3	-3.960135	-0.74192417	7.490742474057003e-05	0.0022360425295692545	0.32335329341317365	0.4805815574586736
22	Kif20a	-4.0310583	-1.5231271	5.552623991094488e-05	0.0018508746636981628	0.16766467065868262	0.3286197968532165
22	Eef2	-4.0345507	-0.27182293	5.4706863276650964e-05	0.0018508746636981628	0.9880239520958084	0.9918342959569807
22	Aurka	-4.0587606	-1.2585051	4.9333805356932636e-05	0.001731010714278338	0.3413173652694611	0.4536944831706831
22	Ckap2	-4.0638285	-0.75570446	4.827426278051803e-05	0.0017240808135899296	0.562874251497006	0.6351324437363075
22	Cdc20	-4.1094656	-1.0545303	3.9657597185945284e-05	0.0014985562651659106	0.4431137724550898	0.5423222465644294
22	Kif23	-4.1608005	-1.0313603	3.171342680024865e-05	0.0012710191100058982	0.32335329341317365	0.46883091017725553
22	Ube2c	-4.20066	-0.92932075	2.6613763083252424e-05	0.0011325005567341456	0.5449101796407185	0.6108344951204939
22	Mt2	-4.2458243	-0.5279816	2.1779107778579934e-05	0.0009469177295034755	0.8023952095808383	0.8719378609838677
22	Cebpb	-4.2957416	-0.7698894	1.741104762698615e-05	0.0007914112557720977	0.4311377245508982	0.5966938856801434
22	Zeb1	-4.3765903	-0.5094598	1.2055017236477137e-05	0.0005880496212915677	0.8023952095808383	0.8530173272256523
22	H1f0	-4.7303677	-0.5556666	2.241136593405399e-06	0.0001280649481945942	0.8203592814371258	0.8757219677355108
22	Aspm	-5.019786	-1.6014725	5.172912840513915e-07	3.2330705253211974e-05	0.3473053892215569	0.4869547898824935
22	Trim59	-5.0608797	-0.6223608	4.173259700581372e-07	2.6924256132783045e-05	0.7485029940119761	0.800637323242382
22	Knstrn	-5.230613	-0.77030706	1.6894874667037882e-07	1.2996057436182987e-05	0.6287425149700598	0.7213702449711213
22	Cenpe	-5.4094315	-0.9354115	6.322506576927586e-08	5.747733251752351e-06	0.8083832335329342	0.7735510854411471
22	Cenpf	-6.055594	-1.2732807	1.399002796522912e-09	1.74875349565364e-07	0.6766467065868264	0.7259510057757419
22	Birc5	-6.0751305	-0.5489093	1.2388706971152758e-09	1.651827596153701e-07	0.8922155688622755	0.9000199163513244
22	Pttg1	-6.9760766	-1.3670448	3.0353761135869667e-12	6.070752227173933e-10	0.4491017964071856	0.6395140410276837
22	Hmmr	-7.4897923	-1.3501703	6.898261065701162e-14	1.5329469034891474e-11	0.5808383233532934	0.7211710814578769
22	Lockd	-8.009653	-1.214219	1.1503265320339805e-15	3.834421773446602e-13	0.6047904191616766	0.764389563831906
22	Cenpa	-10.548115	-1.8772333	5.182654613946396e-26	1.0365309227892793e-22	0.5568862275449101	0.7731527584146585
23	Slfn9	12.180352	1.4283347	3.955710231686708e-34	7.911420463373415e-31	0.9872611464968153	0.7670443251838601
23	Atad2	10.96292	1.101653	5.760993466218295e-28	5.7609934662182955e-25	0.9554140127388535	0.8280659908566885
23	Ccne2	10.628687	1.5873528	2.1917628323416005e-26	1.461175221561067e-23	0.8152866242038217	0.4458358179288412
23	Hist1h1b	10.45129	1.5828934	1.4454598743406305e-25	7.227299371703152e-23	0.8980891719745223	0.5786126018684158
23	Clspn	10.344261	1.2442322	4.443283751696904e-25	1.7773135006787617e-22	0.8980891719745223	0.6350626118067979
23	Hist1h1e	9.619955	1.371497	6.58601775426703e-22	2.195339251422343e-19	0.9426751592356688	0.753726893261777
23	Rrm2	9.5729065	1.106391	1.0394154013679844e-21	2.9697582896228126e-19	0.9044585987261147	0.6986682568077917
23	Hist1h2an	9.482869	1.5873654	2.4738642480520843e-21	6.18466062013021e-19	0.7579617834394905	0.40588352216259194
23	Hist1h2ae	9.448645	1.575932	3.432461578537608e-21	6.864923157075215e-19	0.8280254777070064	0.5086463923673226
23	Hist1h2ak	9.328414	1.559254	1.0746706308757456e-20	1.9539466015922646e-18	0.7452229299363057	0.34128403895845755
23	Ccne1	9.087817	1.1748943	1.0104752595217544e-19	1.6841254325362572e-17	0.8471337579617835	0.6312860266348639
23	Hist2h2ac	9.062683	1.4003135	1.2728034983583208e-19	1.9581592282435705e-17	0.89171974522293	0.6752136752136753
23	Hist1h1d	8.449057	1.5416155	2.936656281599836e-17	4.195223259428337e-15	0.7197452229299363	0.3875968992248062
23	Rad51ap1	8.374711	1.2123318	5.5359730334253894e-17	7.38129737790052e-15	0.7834394904458599	0.46074339097594913
23	Pcna-ps2	8.11109	1.1425209	5.016760358305948e-16	6.270950447882435e-14	0.821656050955414	0.552772808586762
23	Hist1h4d	7.744202	1.1992999	9.618386639793531e-15	1.1315748987992389e-12	0.7643312101910829	0.46948916716358574
23	Ncapg2	7.414433	0.91605455	1.2214612335018486e-13	1.3571791483353874e-11	0.8535031847133758	0.6451997614788313
23	Brca1	7.2808375	1.0539049	3.3175460098833654e-13	3.492153694614069e-11	0.7707006369426752	0.4935400516795866
23	Hist1h2ab	7.138043	1.3099445	9.466909375105486e-13	9.466909375105485e-11	0.6496815286624203	0.3464519976147883
23	Atad5	7.095567	0.8799822	1.2882212872099561e-12	1.2268774163904342e-10	0.8535031847133758	0.6380441264162194
23	Fbxo5	7.078658	1.0218401	1.455571577303845e-12	1.323246888458041e-10	0.7515923566878981	0.45756310872589945
23	Brip1	7.0260906	0.89982	2.1240029680618263e-12	1.8469591026624576e-10	0.8280254777070064	0.5788113695090439
23	Mcm3	6.8082466	0.81082314	9.879528097491298e-12	8.232940081242748e-10	0.8535031847133758	0.6332737030411449
23	Hist1h2ai	6.787144	1.2903192	1.1437490007989783e-11	9.149992006391826e-10	0.5987261146496815	0.3066984694891672
23	Top2a	6.5688133	1.0136063	5.071785947611114e-11	3.901373805854704e-09	0.9936305732484076	0.8709998012323593
23	Pola1	6.226599	0.6969009	4.76668987555939e-10	3.530881389303252e-08	0.8726114649681529	0.7048300536672629
23	Prim1	6.1777115	0.7120978	6.503750700828182e-10	4.6455362148772726e-08	0.8662420382165605	0.687934804213874
23	Dscc1	6.093382	1.7906946	1.1054985683637972e-09	7.62412805768136e-08	0.43312101910828027	0.1657722122838402
23	Sgcd	5.7721353	0.5906498	7.827330197539605e-09	5.21822013169307e-07	0.9044585987261147	0.8497316636851521
23	Hist1h4c	5.7491117	1.0495117	8.971357259911398e-09	5.787972425749288e-07	0.5987261146496815	0.3351222420989863
23	H3f3b	5.7253847	0.36694494	1.0319960991985174e-08	6.449975619990734e-07	0.9936305732484076	0.996223414828066
23	Pclaf	5.5179567	0.57902026	3.4296378264845384e-08	2.01743401557914e-06	0.9681528662420382	0.8686145895448221
23	Cyp51	5.389691	0.54214424	7.057905017151705e-08	3.921058342862059e-06	0.9426751592356688	0.8954482210296164
23	Ncapg	5.3401537	0.6726385	9.28678394019656e-08	4.887781021156085e-06	0.7452229299363057	0.5585370701649771
23	Pcdh7	5.283312	0.57142866	1.268691590777955e-07	6.50611072193823e-06	0.9044585987261147	0.8676207513416816
23	Tyms	5.277847	0.5748164	1.3071066597634747e-07	6.535533298817373e-06	0.8726114649681529	0.7264957264957265
23	Hist1h1c	5.272652	1.1645976	1.3446615734546527e-07	6.559324748559281e-06	0.5095541401273885	0.2830451202544226
23	Diaph3	5.178989	0.5095376	2.230914542694236e-07	1.0623402584258266e-05	0.910828025477707	0.8487378254820115
23	Rad51b	5.118982	0.69766915	3.0718936926955344e-07	1.4287877640444347e-05	0.7707006369426752	0.6173722917908965
23	Timp1	5.064467	0.61720395	4.0954492122021645e-07	1.8615678237282567e-05	0.9044585987261147	0.8133571854502087
23	Smc2	5.023073	0.56937504	5.085114349476974e-07	2.260050821989766e-05	0.9808917197452229	0.8326376465911349
23	Hist1h4h	5.0139017	1.1208587	5.333724069373404e-07	2.3136143670442286e-05	0.47770700636942676	0.25501888292585967
23	Prkg2	5.0043244	0.57716626	5.605829588465571e-07	2.3136143670442286e-05	0.8535031847133758	0.7147684356986682
23	Ddias	5.002999	0.8747599	5.644532521072595e-07	2.3136143670442286e-05	0.5923566878980892	0.4203935599284436
23	Cdc6	5.0021873	0.7546561	5.66835519925836e-07	2.3136143670442286e-05	0.6178343949044586	0.3808387994434506
23	Msmo1	4.989363	0.656594	6.057867215600439e-07	2.4231468862401753e-05	0.7707006369426752	0.6082289803220036
23	Hist1h3c	4.934794	1.0712097	8.023542726309904e-07	3.146487343650943e-05	0.5031847133757962	0.2872192407076128
23	E2f8	4.8899646	0.7435406	1.0085422114804124e-06	3.879008505693894e-05	0.6687898089171974	0.4766448022261976
23	Hist1h2ac	4.812967	1.1747458	1.4870594466592406e-06	5.611545081732984e-05	0.4713375796178344	0.2627708209103558
23	Aurkb	4.7544208	0.66604847	1.990163072494632e-06	7.202549305364648e-05	0.6624203821656051	0.4430530709600477
23	Hist1h2al	4.7517424	0.9723074	2.0167138055021018e-06	7.202549305364648e-05	0.4840764331210191	0.27191413237924866
23	Mms22l	4.566824	0.7080145	4.951700531723967e-06	0.0001737438783061041	0.6560509554140127	0.5008944543828264
23	Cenph	4.5203166	0.5829663	6.1747158787973195e-06	0.0002094729649587305	0.7770700636942676	0.5988869012124826
23	Polq	4.5201545	0.74690485	6.17945246628255e-06	0.0002094729649587305	0.5859872611464968	0.3701053468495329
23	Junos	4.5123086	0.5341903	6.412578568627179e-06	0.0002123780142225091	0.8471337579617835	0.7525342874180083
23	Hist1h2bj	4.5101714	1.3690658	6.4775294337865274e-06	0.0002123780142225091	0.36942675159235666	0.16219439475253428
23	Mecom	4.4893394	0.58719397	7.1444442496205165e-06	0.00023046594353614568	0.7643312101910829	0.6072351421188631
23	Kif15	4.3903465	0.5718138	1.131702858000442e-05	0.000348216264000136	0.732484076433121	0.5434307294772411
23	Cdk1	4.289811	0.54024684	1.7882503856911454e-05	0.0005259559957915133	0.821656050955414	0.6571258199165176
23	Hsp90aa1	4.2784753	0.3888751	1.8817782502925486e-05	0.0005454429710992893	0.9936305732484076	0.9723712979526933
23	Brinp1	4.182594	0.69376296	2.8820218234859456e-05	0.0008118371333763228	0.5987261146496815	0.43510236533492347
23	Sorbs1	4.175235	0.52574784	2.976788181451052e-05	0.0008268856059586256	0.7452229299363057	0.5947127807592923
23	Ebf1	4.102539	0.45826134	4.0864093657390715e-05	0.0011044349637132627	0.9171974522292994	0.8560922281852514
23	Immp2l	4.065231	0.47915438	4.798498248286752e-05	0.0012627626969175664	0.8343949044585988	0.72927847346452
23	Ank3	4.0092006	0.39897445	6.0924674344251414e-05	0.001561949807412472	0.9235668789808917	0.8708010335917312
23	Mdm2	4.0062246	0.5001122	6.169701739279264e-05	0.001561949807412472	0.8726114649681529	0.7849334128403895
23	Ubc	3.9924808	0.36986256	6.538565117880378e-05	0.0016270360338752573	0.9808917197452229	0.9499105545617174
23	Gm12648	3.9355037	0.397282	8.30224057684853e-05	0.002024936726060617	0.9171974522292994	0.8912741005764262
23	Pgp	3.926765	0.4581767	8.609602906235172e-05	0.002074603109936186	0.8152866242038217	0.7489564698867024
23	B3galt1	3.9224362	0.47925842	8.765809198258174e-05	0.002087097428156708	0.7898089171974523	0.6658715961041543
23	Fanca	3.8786347	0.9239024	0.00010504432179334005	0.0024428912044962806	0.445859872611465	0.2768833233949513
23	Incenp	3.87179	0.54523706	0.0001080390356439639	0.0024836559918152623	0.7070063694267515	0.5684754521963824
23	Nppb	3.860941	0.84037316	0.00011295115762835629	0.002567071764280825	0.5222929936305732	0.374080699662095
23	Mast4	3.856423	0.36889756	0.00011505835665741215	0.002585581048481172	0.9299363057324841	0.8690121248260784
23	Col11a1	3.8364296	0.54030776	0.00012483599119696447	0.0027741331377103217	0.7388535031847133	0.6300934207910952
23	Cfap69	3.8285565	0.42820114	0.000128896970972136	0.002832900460926066	0.821656050955414	0.7477638640429338
23	Gpr149	3.8140283	0.45379248	0.00013671980541252326	0.0029721696828809404	0.8662420382165605	0.7942754919499105
23	Gen1	3.8019078	0.70507485	0.00014358615633443267	0.0030878743297727456	0.5159235668789809	0.34506062413039157
23	Gm6634	3.7629492	0.54809535	0.00016792137018612594	0.003572795110343105	0.732484076433121	0.6247266944941363
23	Gm26870	3.7405748	0.6873377	0.00018359979452413382	0.0038652588320870276	0.6815286624203821	0.5666865434307294
23	Wwox	3.7051876	0.6194784	0.0002112344457230782	0.004400717619230795	0.6369426751592356	0.5215662890081495
23	Sema3a	3.6864657	0.42630503	0.00022739011671758	0.0046692981858725635	0.8535031847133758	0.7873186245279269
23	Gm11884	3.6848965	0.36163676	0.0002287956111077556	0.0046692981858725635	0.9044585987261147	0.877757901013715
23	Smc4	3.664281	0.41505337	0.0002480345117278049	0.004960690234556097	0.9872611464968153	0.9387795666865434
23	Mmd	3.651944	0.44682115	0.0002602627207445858	0.005153717242467045	0.8471337579617835	0.7511429139336117
23	Dtl	3.6494007	0.48729873	0.00026285272896631873	0.005153975077770956	0.6687898089171974	0.4975154044921487
23	Rora	3.6201546	0.439105	0.0002944269052961435	0.0057170272873037584	0.8407643312101911	0.7859272510435301
23	Plpp3	3.616827	0.39441714	0.00029823648611336604	0.005735317040641655	0.8980891719745223	0.8117670443251839
23	AW554918	3.6087377	0.42720917	0.00030769055887619836	0.0058387977285339785	0.7961783439490446	0.6624925462134764
23	Slit2	3.6057346	0.45023105	0.0003112711422817485	0.0058387977285339785	0.8980891719745223	0.8012323593718943
23	Cpne4	3.561365	0.40608692	0.0003689318129667869	0.006769391063610769	0.9044585987261147	0.8278672232160604
23	Sntg1	3.542589	0.7272008	0.00039621960675974223	0.007203992850177131	0.5095541401273885	0.3639435499900616
23	Cep128	3.5026023	0.50912315	0.0004607368239110264	0.008301564394793268	0.6624203821656051	0.5531703438680183
23	Erdr1	3.414323	0.4054966	0.0006394072442606264	0.011217670951940813	0.9808917197452229	0.9602464718743788
23	Ndc80	3.4065855	0.3758006	0.0006578097482717231	0.0114401695351604	0.8152866242038217	0.6664678990260385
23	Tmsb4x	3.3862133	0.2293102	0.0007086429945379125	0.012126699588342704	1.0	0.9996024647187438
23	Eif4a3	3.3859155	0.38942844	0.0007094119259180482	0.012126699588342704	0.8343949044585988	0.7561121049493142
23	Insig1	3.3753915	0.44125175	0.0007371078630396471	0.012493353610841477	0.7133757961783439	0.5815941164778374
23	Zfpm2	3.3651648	0.37956688	0.0007649797790330076	0.012856803008958112	0.8726114649681529	0.8123633472470682
23	Tnc	3.3153572	0.56545323	0.000915261181484903	0.015254353024748384	0.5477707006369427	0.40985887497515405
23	Plaur	3.3058069	0.40321675	0.0009470335405956157	0.01565344695199365	0.7770700636942676	0.6795865633074936
23	Ghr	3.2698781	0.361372	0.0010759377885613882	0.017494923391242083	0.8407643312101911	0.8034188034188035
23	Stambp	3.2611125	0.3924541	0.0011097597929938538	0.017810448651640373	0.8280254777070064	0.7219240707612801
23	Cyr61	3.2602468	0.46756965	0.0011131530407275233	0.017810448651640373	0.732484076433121	0.6235340886503677
23	Grik2	3.2454479	0.47006732	0.001172660134794547	0.018613652933246776	0.7006369426751592	0.5744384814152256
23	Pcdh9	3.2422554	0.50047064	0.0011858766744399867	0.01867522321952735	0.6878980891719745	0.5728483402902007
23	Tmeff2	3.1926103	0.47186506	0.0014099313465524123	0.02169125148542173	0.6242038216560509	0.47863247863247865
23	Ereg	3.1694243	0.46883047	0.001527412034396352	0.023319267700707663	0.6942675159235668	0.5873583780560525
23	Ctgf	3.107821	0.61895996	0.001884722169141133	0.028341686754002	0.42038216560509556	0.2703239912542238
23	Fbxl7	3.0624504	0.3573602	0.0021953291949521254	0.03276610738734515	0.8789808917197452	0.8282647584973166
23	Eif2b3	3.0567958	0.46732384	0.002237165558889679	0.03314319346503228	0.7834394904458599	0.693500298151461
23	Gm10801	3.04546	0.66359335	0.0023232468270524545	0.03416539451547727	0.5605095541401274	0.4394752534287418
23	Inhba	3.0274146	0.55791503	0.0024665544028269278	0.03600809347192595	0.5477707006369427	0.42973563903796463
23	Acta2	3.0200286	0.7110555	0.0025275079138307307	0.03663054947580769	0.6369426751592356	0.5533691115086464
23	Nrg1	3.0160515	0.38674867	0.002560896768268953	0.036847435514661186	0.7643312101910829	0.6913138541045518
23	Cryab	3.010776	0.3542721	0.0026058105609367134	0.03699363468908864	1.0	0.9660107334525939
23	Actb	3.0085304	0.19020003	0.0026251453006687253	0.03699363468908864	1.0	1.0
23	Ldb2	3.008368	0.4098929	0.0026265480629252933	0.03699363468908864	0.6751592356687898	0.5915324985092427
23	Cavin2	3.0021725	0.2712926	0.0026806017237612887	0.037233888599145865	0.9872611464968153	0.9795269330153051
23	Fkbp11	3.0021455	0.3179411	0.002680839979138502	0.037233888599145865	0.8726114649681529	0.8254820115285232
23	Adamts5	2.967272	0.51769334	0.003004549534671854	0.040878224961521825	0.6942675159235668	0.6042536275094414
23	Zmynd19	2.9529061	0.4283883	0.0031479774246338456	0.042258433876293765	0.6751592356687898	0.5698668256807792
23	Tubb5	2.952879	0.26784125	0.0031482533237838853	0.042258433876293765	1.0	0.986881335718545
23	Col28a1	2.9343467	0.7520824	0.003342507535012497	0.04456676713349996	0.3630573248407643	0.22381236334724708
23	Ext1	2.9283135	0.30662516	0.0034080634098909656	0.045139912713787624	0.9299363057324841	0.8902802623732856
23	Cdkn2c	2.9184656	0.4007971	0.0035175879587431113	0.0459815419443544	0.6114649681528662	0.4708805406479825
23	Lxn	2.9070213	0.3551203	0.0036488824879655096	0.047082354683425934	0.7898089171974523	0.7201351619956271
23	Mustn1	2.899392	0.47788826	0.0037388715246194026	0.047929846344861554	0.5859872611464968	0.46929039952295765
23	Efna5	2.897417	0.2919512	0.003762492938071632	0.047929846344861554	0.8980891719745223	0.8409858874975153
23	Prc1	2.8901935	0.23929474	0.0038500488621295206	0.04873479572315849	0.9426751592356688	0.7563108725899423
23	Pdlim1	2.887542	0.22853467	0.0038826471104483834	0.048838328433313	0.9171974522292994	0.8934605446233354
23	Ppp3ca	-2.9074814	-0.243967	0.0036435210861161292	0.047082354683425934	0.9872611464968153	0.971774995030809
23	Mxd4	-2.925148	-0.63672507	0.0034429243879027997	0.04530163668293158	0.46496815286624205	0.5549592526336712
23	Kif23	-2.96876	-0.93376225	0.002990039485411462	0.040878224961521825	0.42038216560509556	0.4655138143510237
23	Prkca	-2.9823685	-0.24409144	0.002860274303156921	0.03945205935388857	0.9745222929936306	0.9719737626714371
23	Cdc20	-3.1089842	-0.81805694	0.0018773169543434523	0.028341686754002	0.4840764331210191	0.5408467501490757
23	Tiam2	-3.2000232	-0.52532923	0.0013741653968200815	0.021304889873179557	0.5987261146496815	0.6670642019479229
23	Sox9	-3.2005103	-0.32852784	0.0013718453536924519	0.021304889873179557	0.9044585987261147	0.9218843172331544
23	Ccng1	-3.2832973	-0.29206055	0.0010260037744312617	0.016819734007069865	0.9808917197452229	0.9831047505466111
23	Hmmr	-3.455446	-0.6221224	0.0005493831143539638	0.009723594944317942	0.7643312101910829	0.7151659709799245
23	Aspm	-3.4858015	-1.1542453	0.0004906651974234137	0.008761878525418102	0.40764331210191085	0.4847942754919499
23	Nupr1	-3.5716999	-0.48498473	0.0003546717433029351	0.00656799524635065	0.6751592356687898	0.7706221427151659
23	Ankrd12	-3.6048148	-0.367243	0.00031237567847656783	0.0058387977285339785	0.8789808917197452	0.8829258596700457
23	Glipr1	-3.6778622	-0.5527599	0.0002351968895501149	0.004751452314143735	0.5923566878980892	0.6984694891671636
23	Ubald2	-3.910938	-0.9061248	9.193836324198254e-05	0.0021632556056937068	0.39490445859872614	0.5158020274299344
23	Mt2	-3.990641	-0.47915614	6.589495937194792e-05	0.0016270360338752573	0.8598726114649682	0.8700059630292188
23	Zeb1	-4.0291667	-0.48960394	5.597488908739329e-05	0.0014538932230491763	0.8152866242038217	0.8525144106539455
23	Plk1	-4.077757	-1.4468315	4.547226387096345e-05	0.0012125937032256922	0.2802547770700637	0.41005764261578215
23	Cenpf	-4.1141725	-0.9435349	3.885707868861249e-05	0.0010645774983181503	0.7388535031847133	0.7239117471675611
23	Knstrn	-4.250014	-0.62439525	2.137572837523154e-05	0.0006107350964351868	0.732484076433121	0.717948717948718
23	Pttg1	-4.3429737	-0.83055013	1.4056701977962804e-05	0.0004196030441182926	0.5414012738853503	0.6362552176505665
23	Klf9	-4.3757367	-0.48912725	1.2102298149516218e-05	0.0003667363075610975	0.7770700636942676	0.8201152852315643
23	Gas5	-4.4182124	-0.29825774	9.952051216968182e-06	0.0003110016005302557	1.0	1.0
23	Mt1	-4.4361496	-0.40651086	9.158212572462895e-06	0.00029073690706231414	0.9745222929936306	0.9825084476247267
23	C330027C09Rik	-4.806609	-0.9204712	1.5351177663651944e-06	5.6856213569081276e-05	0.46496815286624205	0.5998807394156231
23	Peli2	-5.361121	-0.90125	8.270709448002117e-08	4.47065375567682e-06	0.45222929936305734	0.6517590936195587
23	Cdkn3	-5.4841657	-1.3636333	4.154256936432722e-08	2.373861106532984e-06	0.2611464968152866	0.4822102961637845
23	Lockd	-5.5306454	-0.8316129	3.190547280514197e-08	1.9336650184934528e-06	0.6815286624203821	0.7616775988869012
23	Cenpa	-9.454867	-1.667433	3.234321269188846e-21	6.864923157075215e-19	0.5796178343949044	0.7720135161995627
24	Hist1h1b	11.296232	1.8561	1.3696950125303912e-29	2.7393900250607825e-26	0.9407407407407408	0.5788640411636652
24	Hist1h2an	11.022925	1.8767081	2.9627105589183405e-28	2.9627105589183404e-25	0.8518518518518519	0.4049079754601227
24	Atad2	10.610549	1.1523371	2.661805187636051e-26	1.7745367917573672e-23	0.9925925925925926	0.8276271521868197
24	Hist1h1e	10.561932	1.6380491	4.473613130294493e-26	2.2368065651472466e-23	0.9555555555555556	0.7542054225212745
24	Hist2h2ac	9.607774	1.6073714	7.41342395517218e-22	2.965369582068872e-19	0.9185185185185185	0.675440332475757
24	Slfn9	9.4421835	1.1804589	3.6509232893881424e-21	1.2169744297960474e-18	0.9259259259259259	0.7696417969523056
24	Hist1h2ak	8.8011875	1.5432788	1.3537616503997513e-18	3.867890429713575e-16	0.7481481481481481	0.34296457549970316
24	Hist1h2ae	8.747853	1.4517481	2.174493179393949e-18	5.436232948484872e-16	0.8518518518518519	0.5094003562240254
24	Rrm2	8.703254	1.0449709	3.2250278077404923e-18	7.166728461645539e-16	0.9185185185185185	0.6991886008311894
24	Clspn	8.6528015	1.1386712	5.025030535650756e-18	1.0050061071301513e-15	0.9111111111111111	0.635859885216703
24	H3f3b	8.501825	0.6117866	1.8663297355090978e-17	3.3933267918347233e-15	1.0	0.9960419552740946
24	Ccne1	8.077745	1.0456038	6.597515182561129e-16	1.0995858637601881e-13	0.8666666666666667	0.6317039382545023
24	Brip1	7.9369583	1.0948992	2.0719999003131977e-15	3.1876921543279967e-13	0.8666666666666667	0.5788640411636652
24	Top2a	7.864556	1.2392508	3.704097579340654e-15	4.965281928959682e-13	0.9851851851851852	0.8717593508806649
24	Hist1h2ai	7.863886	1.5401592	3.723961446719761e-15	4.965281928959682e-13	0.6666666666666666	0.3061547595487829
24	Ccne2	7.7494454	1.2380713	9.229470592557204e-15	1.0858200697126122e-12	0.7925925925925926	0.4480506629724916
24	Hist1h1d	7.732502	1.5199302	1.0545309788310188e-14	1.1717010875900209e-12	0.6888888888888889	0.3898674055016822
24	Hist1h2ab	7.2353797	1.4063876	4.642288377105549e-13	4.8866193443216305e-11	0.6592592592592592	0.34751632693449436
24	Brca1	7.098173	1.0634501	1.2641679655477018e-12	1.2641679655477018e-10	0.7777777777777778	0.4945576885018801
24	Rad51ap1	7.0370955	1.0314283	1.9628849558181108e-12	1.8339231529970855e-10	0.762962962962963	0.4626954284583416
24	Atad5	7.033282	0.90395176	2.017315468296794e-12	1.8339231529970855e-10	0.8888888888888888	0.6380368098159509
24	E2f8	7.009846	1.0925769	2.385802017650965e-12	2.0746104501312738e-10	0.7481481481481481	0.47536117158123886
24	Fbxo5	6.6401486	1.0309558	3.133672873879773e-11	2.6113940615664773e-09	0.725925925925926	0.45952899267761727
24	Pclaf	6.580934	0.68876797	4.6750216645890664e-11	3.740017331671253e-09	0.9555555555555556	0.8693845240451217
24	Kif15	6.2975836	0.86908805	3.0232156109367093e-10	2.325550469951315e-08	0.8	0.5424500296853354
24	Ncapg2	6.216768	0.820064	5.075005634479056e-10	3.759263432947449e-08	0.8296296296296296	0.6467445082129428
24	Hist1h4c	6.2091985	1.3383265	5.325555848109517e-10	3.803968462935369e-08	0.6148148148148148	0.33584009499307343
24	Tyms	6.189926	0.7545865	6.019246337396188e-10	4.1512043706180605e-08	0.8888888888888888	0.7266970116762319
24	Hist1h3c	6.147975	1.2916825	7.84783439270212e-10	5.231889595134747e-08	0.5777777777777777	0.28616663368296064
24	Incenp	5.886226	0.81222725	3.951139957577223e-09	2.5491225532756275e-07	0.8222222222222222	0.5660003958044726
24	Mcm3	5.877143	0.73413384	4.174078104181949e-09	2.6087988151137177e-07	0.837037037037037	0.6346724717989314
24	Smc2	5.6061945	0.65672404	2.0682379237092176e-08	1.253477529520738e-06	0.9777777777777777	0.8333663170393826
24	Fancd2	5.562584	1.2382978	2.6580903523382684e-08	1.5272958417011235e-06	0.5111111111111111	0.2386700969720958
24	Immp2l	5.522438	0.68674153	3.343276862278551e-08	1.8573760345991952e-06	0.8814814814814815	0.7284781318028893
24	Mms22l	5.495538	0.8037831	3.8952051495806484e-08	2.1055162970706207e-06	0.762962962962963	0.49871363546408076
24	Hist1h2al	5.4336743	1.0349315	5.520524442635626e-08	2.8310381757105774e-06	0.5481481481481482	0.2711260637245201
24	2610020C07Rik	5.4240675	0.79915524	5.825788988994294e-08	2.912894494497147e-06	0.762962962962963	0.5462101721749456
24	Pcna-ps2	5.2784476	0.7654351	1.302830151610068e-07	6.355269032244235e-06	0.725925925925926	0.5565010884622996
24	Polq	5.2696557	0.8786023	1.366800222186523e-07	6.50857248660249e-06	0.6296296296296297	0.36987927963585987
24	Pola1	5.1227546	0.6219002	3.0110410875759e-07	1.4004842267794886e-05	0.8666666666666667	0.7057193746289333
24	Ptchd4	5.1134386	0.7372397	3.16346522817465e-07	1.4379387400793865e-05	0.7555555555555555	0.5390856916683159
24	Kif11	5.0411816	0.6420174	4.626656576559793e-07	2.02958839266975e-05	0.8074074074074075	0.5331486245794578
24	Hist1h4d	5.035709	0.8851657	4.7608414716838853e-07	2.02958839266975e-05	0.674074074074074	0.4731842469819909
24	Cdkn1a	5.0353594	0.54329187	4.769532722773913e-07	2.02958839266975e-05	0.9777777777777777	0.9344943597862656
24	Prim1	4.971749	0.6098402	6.635162585521994e-07	2.7646510773008306e-05	0.8296296296296296	0.6896892934890164
24	Cdk1	4.7887197	0.58699834	1.6784889692752944e-06	6.582309683432528e-05	0.8518518518518519	0.6570354245002968
24	Ncapg	4.7817035	0.6529272	1.738159832443923e-06	6.685230124784319e-05	0.7555555555555555	0.5590738175341381
24	Pbk	4.768195	0.5739004	1.8588354341727404e-06	7.014473336500907e-05	0.837037037037037	0.6398179299426083
24	Prc1	4.726419	0.5639125	2.2851379661307372e-06	8.46347394863236e-05	0.9481481481481482	0.7569760538294082
24	Cenph	4.6379466	0.60046357	3.5188758642163957e-06	0.00012795912233514166	0.7777777777777778	0.5996437759746686
24	Lin54	4.567058	0.5954278	4.946170070221772e-06	0.000176648931079349	0.7777777777777778	0.5966752424302395
24	Timp1	4.5295615	0.60058916	5.910626470470205e-06	0.00020423635018089042	0.9037037037037037	0.8137739956461508
24	Rad51b	4.5291247	0.61311984	5.922854155245822e-06	0.00020423635018089042	0.8	0.6172570750049475
24	Gm21992	4.509736	0.687285	6.49083933186785e-06	0.00022002845192772375	0.7185185185185186	0.5917276865228577
24	Aurkb	4.4998083	0.60992175	6.801469113672079e-06	0.00022671563712240266	0.6962962962962963	0.44310310706510986
24	Sgcd	4.486533	0.5309846	7.239140158072336e-06	0.00023518475918619166	0.9481481481481482	0.8488026914704137
24	Hist1h4a	4.4850197	1.3537554	7.2907275347719414e-06	0.00023518475918619166	0.3925925925925926	0.16999802097763705
24	Hist1h2ac	4.427377	1.0257884	9.53859225648409e-06	0.0003018030747343856	0.48148148148148145	0.26340787650900455
24	Gm10801	4.424699	1.1404796	9.657698391500338e-06	0.0003018030747343856	0.6148148148148148	0.4385513556303186
24	Ghr	4.4003024	0.59366006	1.0810005802849071e-05	0.0003326155631645868	0.9037037037037037	0.8018998614684346
24	Cdc6	4.384465	0.70896316	1.1627095029615688e-05	0.00034197338322399076	0.6074074074074074	0.38214921828616666
24	Hist1h4h	4.3811173	1.0404644	1.1807217415808919e-05	0.00034223818596547585	0.4740740740740741	0.25608549376607953
24	Ddias	4.3773327	0.7837713	1.2014040763650073e-05	0.0003432583075328592	0.6148148148148148	0.42054225212744906
24	Sema5a	4.217535	0.6271511	2.4698726661400614e-05	0.0006745466182670295	0.6814814814814815	0.48486047892341183
24	Hist1h3b	4.096515	1.1122749	4.1941601829015426e-05	0.0011184427154404114	0.3851851851851852	0.17454977241242825
24	Mmd	4.0868497	0.4848538	4.372698748084957e-05	0.0011507101968644623	0.8888888888888888	0.7504452800316643
24	Cep128	4.082483	0.6245378	4.455706922326831e-05	0.0011573264733316445	0.6962962962962963	0.5527409459726895
24	Tmeff2	4.057621	0.6499525	4.957511883128356e-05	0.0012711568931098349	0.6518518518518519	0.4785276073619632
24	Trmt61b	3.983501	0.6846049	6.79073778852253e-05	0.0017191741236765898	0.5925925925925926	0.3983772016623788
24	Prkg2	3.9745927	0.5334353	7.049981498203631e-05	0.0017624953745509079	0.8	0.7168018998614685
24	Hist1h2af	3.9507205	1.2010326	7.791626814072472e-05	0.0019238584726104868	0.34074074074074073	0.13496932515337423
24	Dhx40	3.8975904	0.62162024	9.715452655694018e-05	0.0023696225989497605	0.6814814814814815	0.5400752028497922
24	Hist1h2ad	3.8901377	1.554831	0.00010018734544392643	0.0024141529022632872	0.2962962962962963	0.1027112606372452
24	Sema3a	3.8690896	0.44048014	0.00010924254229506467	0.002601012911787254	0.8740740740740741	0.7870571937462894
24	Gm26870	3.8183467	0.94308865	0.00013434904658261588	0.003135103977045864	0.6888888888888889	0.566989906985949
24	Rpa3	3.8175025	0.45314837	0.00013480947101297215	0.003135103977045864	0.837037037037037	0.7419354838709677
24	Diaph3	3.8113887	0.42840216	0.00013818820839369545	0.003176740422843574	0.9333333333333333	0.8484068869978231
24	Hist1h2ao	3.7602384	1.401895	0.00016975149558061086	0.0038146403501260868	0.2962962962962963	0.1046902830001979
24	Galnt13	3.7402964	0.66904837	0.00018380333762774335	0.004084518613949852	0.5851851851851851	0.4110429447852761
24	Smc4	3.708011	0.44206303	0.00020889369754375763	0.004591070275686981	0.9925925925925926	0.9388482089847615
24	Kcnip4	3.7034402	0.8095557	0.00021269531683720512	0.0046238112355914155	0.4740740740740741	0.3014051058776964
24	Tagln	3.6613147	0.9950277	0.000250924358025698	0.005396222753240817	0.4962962962962963	0.3277261033049673
24	Negr1	3.633658	0.44335908	0.0002794312843910899	0.005945346476406168	0.8962962962962963	0.7536117158123887
24	Eif4a3	3.6270494	0.43566966	0.0002866784425501348	0.005972467553127808	0.8592592592592593	0.7557886404116366
24	Nppb	3.620965	0.886947	0.00029350629417553654	0.006051676168567764	0.5259259259259259	0.37462893330694635
24	Acta2	3.6143274	0.9734642	0.0003011284342351592	0.006145478249697126	0.6592592592592592	0.55313675044528
24	Brinp1	3.582915	0.54563564	0.0003397810719584645	0.0068642640799689795	0.6074074074074074	0.43558282208588955
24	Pcdh9	3.5783443	0.5449356	0.0003457775506612886	0.006915551013225772	0.7185185185185186	0.5725311696022165
24	Hist1h1c	3.5669324	0.83466953	0.0003611845836426634	0.007152169973122047	0.45185185185185184	0.2855729269740748
24	Dscc1	3.54996	1.1728151	0.00038528981104941397	0.00755470217743949	0.34074074074074073	0.16940431426875124
24	Tubb5	3.544836	0.32381308	0.0003928572250274871	0.007628295631601691	0.9925925925925926	0.9871363546408074
24	Malat1	3.5163352	0.36273122	0.00043754827481918066	0.008414389900368859	1.0	1.0
24	Kif4	3.465767	0.48509818	0.0005287212586549408	0.010070881117236969	0.7111111111111111	0.5337423312883436
24	Id3	3.4368875	0.41759363	0.0005884398502293569	0.010998875705221624	0.8962962962962963	0.8567187809222244
24	Knl1	3.4280665	0.44856024	0.0006078965135976154	0.011257342844400286	0.9333333333333333	0.7017613299030279
24	Plaur	3.4233212	0.46703497	0.0006186093448776929	0.011350630181242072	0.762962962962963	0.6803878883831387
24	Sntg1	3.3654168	0.63467246	0.0007642813157933248	0.013896023923514996	0.5185185185185185	0.36433801701959234
24	Crim1	3.3498707	0.37781876	0.0008084928047116029	0.014567437922731583	0.9037037037037037	0.8258460320601623
24	Zfp382	3.3200598	0.8999166	0.0008999820288747754	0.015651861371735225	0.37777777777777777	0.20779734811003364
24	1600019K03Rik	3.309288	0.7624656	0.0009353352974693596	0.01612647064602344	0.5259259259259259	0.37997229368691865
24	Fkbp11	3.303029	0.39379367	0.0009564650727637096	0.01631931765061211	0.9037037037037037	0.8248565208786859
24	Grik2	3.2850957	0.4669571	0.0010194771652316118	0.01699128608719353	0.7037037037037037	0.5749059964377597
24	Serpine1	3.2234359	0.53210974	0.0012666268656954878	0.020764374847467015	0.7111111111111111	0.599247971502078
24	Spc25	3.200437	0.36188784	0.0013721934179985072	0.022132151903201728	0.7185185185185186	0.508410845042549
24	Ier3	3.1673946	0.45007995	0.0015381149191578526	0.024609838706525642	0.837037037037037	0.7179893132792401
24	Ubc	3.1623871	0.35141104	0.0015648134332812587	0.024838308464781883	0.9851851851851852	0.9499307342172967
24	Efna5	3.13048	0.32924947	0.0017452084083108919	0.027268881379857685	0.9259259259259259	0.8404907975460123
24	Gm26668	3.0935948	0.85235584	0.001977474152212838	0.030422679264812895	0.3925925925925926	0.23273302988323769
24	Cdkn2c	3.0841913	0.48741305	0.002041062146478525	0.031161254144710302	0.6074074074074074	0.4716010290916287
24	Ccnf	3.0758653	0.47390378	0.002098926414859663	0.03180191537666156	0.5333333333333333	0.36354640807441124
24	Mecom	3.0699556	0.44319627	0.002140906704922199	0.03219408578830374	0.7185185185185186	0.6091430833168415
24	Ctgf	3.0629103	0.79808587	0.0021919574864928027	0.03271578338048959	0.42962962962962964	0.27073025925192956
24	Ccna2	3.0496058	0.35975933	0.002291417842148783	0.03394693099479678	0.8222222222222222	0.6324955471996834
24	Id1	3.0353992	0.41103473	0.0024021755582621625	0.03506825632499507	0.8592592592592593	0.7122501484266772
24	Pcdh7	3.0071893	0.37053198	0.002636755372926291	0.03793892622915526	0.8740740740740741	0.8685929150999406
24	Il1rl1	3.0035212	0.33778852	0.0026687503081145236	0.03795977692860526	0.9777777777777777	0.9562636057787453
24	Mustn1	3.002677	0.6872062	0.0026761642734666707	0.03795977692860526	0.5703703703703704	0.47021571343756186
24	B3galt1	2.9950495	0.4400842	0.0027440037950426928	0.0386479407752492	0.762962962962963	0.6671284385513556
24	Gen1	2.9717886	0.42970026	0.002960704161178096	0.041046876863332644	0.5185185185185185	0.3457352068078369
24	Ncam1	2.9702165	0.41612303	0.0029758985725916163	0.041046876863332644	0.8592592592592593	0.8028893726499109
24	Mdm2	2.9166498	0.39654386	0.003538127077020239	0.047718172681972065	0.8518518518518519	0.7858697803285177
24	Ndc80	2.9156308	0.3352076	0.0035497013188812154	0.047718172681972065	0.837037037037037	0.6665347318424698
24	Cntln	2.9151652	0.3851444	0.0035550038648069185	0.047718172681972065	0.7407407407407407	0.6520878685929151
24	Plxna4	2.9080327	0.53858393	0.0036371041253872886	0.04849472167183052	0.5555555555555556	0.4120324559667524
24	Medag	-2.9045973	-0.58942866	0.0036772582846747643	0.048705407744036616	0.5259259259259259	0.6162675638234713
24	Mmp14	-2.950595	-0.44064397	0.003171626339761919	0.043446936161122184	0.674074074074074	0.7393627547991293
24	Cdk8	-2.9883244	-0.37369123	0.002805115806055708	0.03923238889588403	0.8	0.8400949930734217
24	Aspm	-3.018252	-1.0618821	0.002542374276823092	0.03684600401192886	0.4074074074074074	0.4844646744508213
24	Cmss1	-3.0361853	-0.42829412	0.0023959217462637093	0.03506825632499507	0.6888888888888889	0.7735998416782109
24	Sh3pxd2a	-3.116244	-0.3736649	0.001831705615991019	0.0283985366820313	0.8296296296296296	0.865228577082921
24	Gm42418	-3.159709	-0.37961486	0.0015792685729201922	0.02487037122708964	1.0	0.997823075400752
24	Dclk1	-3.2098985	-0.31302077	0.0013278182264080062	0.02159054026679685	0.9333333333333333	0.9263803680981595
24	Fgfr1	-3.2639601	-0.46195585	0.0010986660031862485	0.018159768647706586	0.8296296296296296	0.8343558282208589
24	Fmnl2	-3.291908	-0.40049314	0.0009951014143003386	0.01672439351765275	0.8444444444444444	0.8660201860281022
24	Prkca	-3.3011658	-0.26860297	0.0009628397413861144	0.01631931765061211	0.9851851851851852	0.9716999802097763
24	Gstm1	-3.320671	-0.49250963	0.0008980131178430912	0.015651861371735225	0.7555555555555555	0.7688501880071245
24	Tanc1	-3.3249214	-0.5302225	0.0008844344797155451	0.015651861371735225	0.6296296296296297	0.7140312685533347
24	Cd34	-3.3415737	-0.4303847	0.0008330489201947563	0.014875873574906362	0.7481481481481481	0.8113991688106076
24	Lockd	-3.4553447	-0.55677986	0.0005495895373916156	0.010369613913049353	0.7851851851851852	0.7585592717197704
24	Peli2	-3.6271367	-0.66412807	0.0002865815273316812	0.005972467553127808	0.5259259259259259	0.6489214328121907
24	Zfp36l1	-3.768885	-0.5226193	0.00016397855109381677	0.0037267852521321995	0.7333333333333333	0.7842865624381555
24	Ankrd12	-4.215177	-0.42927137	2.495822487588009e-05	0.0006745466182670295	0.8962962962962963	0.8824460716406095
24	Sox9	-4.271917	-0.4205782	1.9379964861740484e-05	0.000538332357270569	0.9333333333333333	0.9210370077181872
24	Zeb1	-4.318293	-0.5546305	1.572405647297187e-05	0.00044293116825272884	0.8148148148148148	0.8523649317237285
24	Gas5	-4.3852806	-0.27962348	1.1583637860535359e-05	0.00034197338322399076	1.0	1.0
24	Cdkn3	-4.395732	-1.2188687	1.1040012964156071e-05	0.0003345458473986688	0.3037037037037037	0.48011082525232535
24	Pttg1	-4.85594	-1.0252138	1.1981702797109811e-06	4.7926811188439244e-05	0.5111111111111111	0.636651494161884
24	Tanc2	-4.880016	-0.5465373	1.0607732325209451e-06	4.3296866633507965e-05	0.9259259259259259	0.9214328121907778
24	Mt1	-5.4662514	-0.52983636	4.596527766023286e-08	2.419225140012256e-06	0.9925925925925926	0.9819908964971304
24	Mt2	-5.561623	-0.76267177	2.6727677229769664e-08	1.5272958417011235e-06	0.8074074074074075	0.8713635464080745
24	Cenpa	-7.766389	-1.4155858	8.075537812835369e-15	1.009442226604421e-12	0.6814814814814815	0.768454383534534
25	Hist1h1b	9.654509	1.7899165	4.704099718726807e-22	9.408199437453614e-19	0.8899082568807339	0.5818074424099232
25	Hist1h1e	9.582477	1.6378019	9.474561490308706e-22	9.474561490308706e-19	0.963302752293578	0.7550698956487497
25	Hist2h2ac	8.760036	1.5894697	1.9518760401573574e-18	1.3012506934382383e-15	0.8990825688073395	0.6771017916912778
25	Hist1h2ak	8.625182	1.640695	6.399084147126784e-18	3.199542073563392e-15	0.7706422018348624	0.3445560149635755
25	Hist1h2ae	8.4636345	1.5740615	2.59170786680337e-17	1.036683146721348e-14	0.8440366972477065	0.511321126205946
25	Atad2	7.649726	0.92981744	2.0140786571335225e-14	6.713595523778408e-12	0.9541284403669725	0.8292971057294743
25	Hist1h1d	7.501267	1.5875304	6.32040029349597e-14	1.805828655284563e-11	0.7247706422018348	0.39062807639299074
25	Hist1h2ai	7.3551664	1.7299527	1.90689222068748e-13	4.7672305517186995e-11	0.6605504587155964	0.30813152195314036
25	H3f3b	7.2875295	0.5400781	3.1569059161416824e-13	6.647690599848085e-11	1.0	0.9960622169718448
25	Top2a	7.2805815	1.2490364	3.323845299924043e-13	6.647690599848085e-11	0.9908256880733946	0.8722189407363654
25	Slfn9	7.1017127	0.9951835	1.2322006795969782e-12	2.240364871994506e-10	0.9724770642201835	0.7694428037015161
25	Hist1h2an	6.9312787	1.4485109	4.170534771661929e-12	6.950891286103216e-10	0.7247706422018348	0.409923213230951
25	Ccne2	6.4915886	1.1868997	8.49360582242586e-11	1.3067085880655168e-08	0.7431192660550459	0.4508761567237645
25	Tyms	6.4622455	0.9167419	1.0316053078596393e-10	1.4737218683709131e-08	0.9174311926605505	0.7269147469974404
25	Hist1h4d	6.3347917	1.2060454	2.3766233225173335e-10	3.0027001964651484e-08	0.7522935779816514	0.47253396337861786
25	Ccne1	5.9822574	0.8639479	2.200663133458567e-09	2.5890154511277255e-07	0.8807339449541285	0.6326048434731246
25	Hist1h3c	5.964936	1.3796272	2.4473003491669023e-09	2.7192226101854474e-07	0.6055045871559633	0.28706438275251034
25	Pcna-ps2	5.7242794	0.93881285	1.0387372223414103e-08	1.0934076024646425e-06	0.7889908256880734	0.556014963575507
25	Pclaf	5.638739	0.6656169	1.7129983434982388e-08	1.7129983434982387e-06	0.9541284403669725	0.8698562709194724
25	Ncapg2	5.5261183	0.8022847	3.2739369323598225e-08	3.1180351736760213e-06	0.8440366972477065	0.6473715298287065
25	Cdk1	5.393106	0.76720333	6.925012946932029e-08	6.295466315392754e-06	0.8623853211009175	0.6578066548533176
25	Smc4	5.314352	0.60811114	1.0703755265163387e-07	9.307613274055119e-06	0.9724770642201835	0.9395550305178185
25	Brip1	5.2078066	0.8366582	1.9108613630042243e-07	1.592384469170187e-05	0.7798165137614679	0.5822012207127387
25	Prc1	5.1924887	0.7025498	2.0750151187022598e-07	1.660012094961808e-05	0.963302752293578	0.7576294546170506
25	Rad51ap1	5.012392	0.86983895	5.375752776148671e-07	4.1351944431912854e-05	0.7064220183486238	0.4654459539279386
25	Hist1h2ab	4.9353185	1.0959533	8.002001602334242e-07	5.927408594321661e-05	0.5963302752293578	0.3504626895058082
25	Hist1h4c	4.856726	1.137512	1.1934236143780016e-06	8.524454388414296e-05	0.5779816513761468	0.3380586729671195
25	Kif15	4.666289	0.76661074	3.0668880208123063e-06	0.00019168050130076913	0.7706422018348624	0.5443985036424493
25	Smc2	4.6054053	0.56264424	4.116629748531905e-06	0.00024949271203223664	0.9174311926605505	0.8354006694231148
25	Tubb5	4.585693	0.46611252	4.524836012919697e-06	0.00026616682428939393	1.0	0.987005316007088
25	Rrm2	4.566109	0.67310536	4.968597470716368e-06	0.0002839198554695067	0.8532110091743119	0.7017129356172475
25	Cenph	4.557804	0.72866917	5.1691211214924896e-06	0.0002871733956384717	0.7981651376146789	0.6001181334908446
25	2610020C07Rik	4.446056	0.7216367	8.746128338491136e-06	0.00046032254413111244	0.7064220183486238	0.5485331758220122
25	Hist1h1c	4.4300594	1.0236119	9.420717328640341e-06	0.00048311370916104317	0.5229357798165137	0.284898602087025
25	Hist1h2ac	4.3799696	1.0477377	1.1869584029009332e-05	0.0005803795105301047	0.4954128440366973	0.2642252411892105
25	Hist1h3b	4.2982426	1.4781424	1.721575940749648e-05	0.0007825345185225672	0.4036697247706422	0.1752313447529041
25	Hist1h2al	4.2304115	1.0373739	2.3326409878722668e-05	0.0010367293279432298	0.5045871559633027	0.2734790313053751
25	Clspn	4.2205553	0.6860044	2.4370132065728577e-05	0.0010595709593795035	0.7522935779816514	0.6406772986808427
25	Ddias	4.152595	0.8766248	3.2872638704849216e-05	0.0013988356895680517	0.5963302752293578	0.4219334514668242
25	Kif11	4.1278734	0.6212567	3.6613389333917214e-05	0.0015255578889132172	0.7522935779816514	0.535735380980508
25	Ndc80	4.1168213	0.6033375	3.841339066844991e-05	0.0015678934966714248	0.8348623853211009	0.6674542232722976
25	Incenp	4.07578	0.65715533	4.5860370736683016e-05	0.0018344148294673205	0.7431192660550459	0.569009647568419
25	Cep128	4.069026	0.6719083	4.721009381656072e-05	0.0018352611015263923	0.7247706422018348	0.5528647371529829
25	Mcm3	4.0665374	0.5898475	4.77167886396862e-05	0.0018352611015263923	0.8165137614678899	0.6361488481984643
25	Fkbp3	4.053773	0.3764304	5.0398162121138475e-05	0.0019018174385335275	0.9724770642201835	0.9663319551092735
25	Aurkb	4.0045233	0.681483	6.214264895867459e-05	0.002301579591062022	0.6605504587155964	0.44516637133293957
25	Mms22l	3.9571483	0.68587595	7.584986455723121e-05	0.0026823513354646404	0.6605504587155964	0.5022642252411892
25	Brca1	3.9499094	0.6976064	7.818075702312612e-05	0.0026958881732112457	0.6697247706422018	0.49832644221303407
25	Ubc	3.9370801	0.44818425	8.24790975772152e-05	0.0027719673690958587	0.981651376146789	0.9501870446938374
25	Spc25	3.9239275	0.56276906	8.711697047954633e-05	0.0028562941140834863	0.7522935779816514	0.5087615672376452
25	Eif4a3	3.8997228	0.5097003	9.630285894986725e-05	0.003106543837092492	0.8899082568807339	0.755660563102973
25	Lin54	3.8664699	0.654593	0.00011042213802663126	0.0034759150138369806	0.7339449541284404	0.5985430202795826
25	Plaur	3.8646924	0.53551537	0.00011122928044278338	0.0034759150138369806	0.8348623853211009	0.6792675723567632
25	Hist1h4h	3.739145	1.1623976	0.00018464714158572128	0.005595367926840038	0.44036697247706424	0.2579247883441622
25	Cct8	3.7222762	0.43338743	0.00019743489917995195	0.005893579079998565	0.9357798165137615	0.9108092144122859
25	Pdlim1	3.6518598	0.42362022	0.0002603480122896554	0.007545968987882993	0.926605504587156	0.8934829690884032
25	Prim1	3.5887792	0.49060842	0.00033223014439686787	0.00922861512213522	0.8623853211009175	0.6897026973813742
25	Hist1h2ao	3.5599535	1.6403096	0.0003709206877322482	0.009856396297007599	0.30275229357798167	0.10553258515455799
25	Psma2	3.5574005	0.40421838	0.00037454305928628874	0.009856396297007599	0.9357798165137615	0.9045087615672377
25	Atad5	3.520011	0.55739665	0.0004315291046880429	0.01115416066735784	0.7889908256880734	0.6414648552864737
25	Hist1h2bj	3.497422	1.146767	0.0004697779751152636	0.01174444937788159	0.3577981651376147	0.16440244142547747
25	Cyr61	3.4131744	0.5639609	0.0006421082105521295	0.015444948992602339	0.7614678899082569	0.6239417208111833
25	Fbxo5	3.4103954	0.58088845	0.0006486878576892983	0.015444948992602339	0.6330275229357798	0.46288639495963774
25	Rad51b	3.388162	0.5536614	0.0007036270555708757	0.016257480505225727	0.7614678899082569	0.6190194920259894
25	Slc25a5	3.3867724	0.3358234	0.000707200401977319	0.016257480505225727	0.981651376146789	0.9401456979720417
25	Polq	3.3772392	0.8402031	0.0007321735660813354	0.016453338563625516	0.5412844036697247	0.37310494191770033
25	Magoh	3.3666718	0.42201963	0.0007608115758335073	0.016906923907411275	0.8807339449541285	0.8050797401063201
25	4930471E19Rik	3.354101	0.9374241	0.0007962330091111161	0.017499626573870684	0.43119266055045874	0.2618625713723174
25	Anxa5	3.3253076	0.36657214	0.0008832106757061801	0.019200232080569132	0.9724770642201835	0.9427052569403426
25	Knl1	3.3207185	0.4909403	0.0008978600318020285	0.019308817888215667	0.8440366972477065	0.7048631620397716
25	Cyp51	3.276963	0.375884	0.001049301597097129	0.022090559938886926	0.9357798165137615	0.896042528056704
25	Pbk	3.2309127	0.50795287	0.0012339561646325969	0.02528546772738197	0.7706422018348624	0.6422524118921047
25	E2f8	3.2297494	0.6110421	0.0012389879186417165	0.02528546772738197	0.6238532110091743	0.47942508367788933
25	Anxa1	3.1619182	0.2941796	0.0015673356479705492	0.03134671295941098	1.0	0.9946839929119905
25	Galnt13	3.095703	0.65762824	0.0019634696604209152	0.03849940510629246	0.5504587155963303	0.4126796613506596
25	Actb	3.0809345	0.2621247	0.00206351996198871	0.03968307619209058	1.0	1.0
25	Ubb	3.0351107	0.3335325	0.002404474999543768	0.04494345793539753	0.9541284403669725	0.9228194526481591
25	Fbxl7	-3.0354984	-0.49041912	0.0024013851003576773	0.04494345793539753	0.7981651376146789	0.8304784406379209
25	Maml3	-3.0604463	-0.7618255	0.0022100741141704463	0.04209664979372279	0.5412844036697247	0.6186257137231739
25	Dcaf6	-3.0866544	-0.8291294	0.0020242273914970596	0.039305386242661354	0.3944954128440367	0.5168340224453633
25	Mast4	-3.109211	-0.39954215	0.0018758771186068964	0.0371460815565722	0.8348623853211009	0.8716282732821422
25	Ubald2	-3.1824064	-0.89647657	0.001460566522445801	0.029506394392844464	0.4036697247706422	0.5144713526284702
25	Mxd4	-3.264586	-0.8556871	0.0010962421870973215	0.02283837889786086	0.42201834862385323	0.5550305178184682
25	Gdnf	-3.2996488	-0.7354994	0.0009680593975877088	0.020597008459312952	0.3853211009174312	0.5355384918291002
25	Fgfr1	-3.377756	-0.52701724	0.0007307983485460291	0.016453338563625516	0.7889908256880734	0.835203780271707
25	Ankrd12	-3.4046755	-0.4639304	0.0006624274840222035	0.015586529035816553	0.8165137614678899	0.8842291789722386
25	Pdzrn3	-3.4725711	-0.53922063	0.0005154984202444099	0.012573132201083168	0.7064220183486238	0.7983855089584564
25	Ppp3ca	-3.4816518	-0.37993878	0.0004983310755429873	0.012304471001061414	0.963302752293578	0.972435518802914
25	Prkca	-3.5071814	-0.344157	0.00045288021000969086	0.011465321772397237	0.963302752293578	0.9722386296515062
25	Ssfa2	-3.517878	-0.6863981	0.0004350122660269558	0.01115416066735784	0.5229357798165137	0.6613506595786572
25	Medag	-3.5654147	-0.6941109	0.0003632812584468313	0.0098184123904549	0.43119266055045874	0.6178381571175429
25	Dclk1	-3.5800538	-0.39739895	0.0003435234168035794	0.009411600460372038	0.9174311926605505	0.9267572356763142
25	Sox9	-3.6082656	-0.45388842	0.00030825079554429416	0.008683121001247724	0.8807339449541285	0.9222287851939358
25	Adamts12	-3.6481757	-0.7460228	0.0002641089145759048	0.007545968987882993	0.5412844036697247	0.6597755463673951
25	Srgap3	-3.6543806	-0.86349463	0.00025780375897736953	0.007545968987882993	0.45871559633027525	0.5951959047056508
25	Pvt1	-3.8128576	-0.4655079	0.00013736922008111713	0.004226745233265142	0.8715596330275229	0.9013585351447135
25	Chst11	-3.935109	-0.7816175	8.315902107287575e-05	0.0027719673690958587	0.5321100917431193	0.6725733412088994
25	Fam185a	-3.9552739	-1.0707822	7.644701306074225e-05	0.0026823513354646404	0.3394495412844037	0.5201811380192951
25	Mt2	-3.9938269	-0.6107024	6.501536407907072e-05	0.0023641950574207534	0.7889908256880734	0.8714313841307344
25	Nrp2	-4.320573	-0.6109788	1.5562456127706333e-05	0.0007238351687305272	0.7981651376146789	0.9003740893876747
25	Tiam2	-4.3292336	-0.8019473	1.4962910782872259e-05	0.0007125195610891552	0.46788990825688076	0.6692262256349675
25	Zeb1	-4.3794527	-0.615592	1.1897779965867147e-05	0.0005803795105301047	0.8256880733944955	0.8519393581413665
25	Mt1	-4.470325	-0.5012657	7.810084708986617e-06	0.00042216674102630366	0.963302752293578	0.9826737546761174
25	Fmnl2	-4.7043242	-0.6822076	2.547078916478651e-06	0.0001643276720308807	0.7798165137614679	0.8672967119511715
25	Peli2	-4.709786	-0.9805149	2.4797718959255535e-06	0.0001643276720308807	0.46788990825688076	0.6495373104941917
25	Tanc2	-4.777811	-0.5914265	1.7721395432704474e-06	0.0001222165202255481	0.8990825688073395	0.9220318960425281
25	Cenpa	-6.333143	-1.2486358	2.4021601571721187e-10	3.0027001964651484e-08	0.6788990825688074	0.7680645796416617
26	Hist1h1e	7.4470572	1.6314512	9.54451884834465e-14	1.9089037696689298e-10	0.9130434782608695	0.7573744872045322
26	Hist2h2ac	7.176152	1.6536413	7.170072521585443e-13	7.170072521585443e-10	0.9420289855072463	0.6782574721625317
26	Hist1h1b	7.0587034	1.5490143	1.680633894926869e-12	1.1204225966179126e-09	0.8985507246376812	0.5840984567298301
26	Hist1h2ae	6.6898503	1.6100167	2.233993020468707e-11	1.1169965102343534e-08	0.855072463768116	0.5137722211369408
26	Hist1h2an	6.6237826	1.5743198	3.501215705702008e-11	1.4004862822808033e-08	0.782608695652174	0.4116038288728267
26	H3f3b	6.0915203	0.6210997	1.1184325734585258e-09	3.728108578195086e-07	1.0	0.9960929869115062
26	Top2a	6.007045	1.2592435	1.8893540524173972e-09	5.398154435478278e-07	0.9855072463768116	0.8732174252783746
26	Hist1h4d	5.955461	1.362671	2.5933957579333855e-09	6.483489394833464e-07	0.7971014492753623	0.4741160382887283
26	Hist1h2ak	5.8649974	1.5421335	4.491392358101294e-09	9.980871906891766e-07	0.6956521739130435	0.34889626880250046
26	Slfn9	5.7683845	0.99020916	8.003504217394924e-09	1.6007008434789848e-06	0.9420289855072463	0.77143973432311
26	Brip1	5.5854344	1.0782136	2.331165566543062e-08	3.9906617948597315e-06	0.855072463768116	0.5827310021488572
26	Atad2	5.580782	0.85305053	2.3943970769158392e-08	3.9906617948597315e-06	0.9565217391304348	0.8302402813049423
26	Hist1h2ai	5.454473	1.4896568	4.911834222760154e-08	7.556668035015621e-06	0.6666666666666666	0.31080289118968546
26	H1f0	5.381487	0.78479123	7.387301319660873e-08	1.0553287599515533e-05	0.927536231884058	0.8732174252783746
26	Rpa3	5.220263	0.84593016	1.78669270311883e-07	2.3822569374917734e-05	0.927536231884058	0.7419417855049815
26	Hist1h1d	5.188099	1.3767657	2.1245161330245135e-07	2.655645166280642e-05	0.6811594202898551	0.3938269193201797
26	Hist1h2ac	5.1311345	1.4854947	2.8800096710106876e-07	3.388246671777279e-05	0.5942028985507246	0.2647001367454581
26	Cdk1	4.915252	0.8975447	8.866832993983843e-07	9.852036659982049e-05	0.8840579710144928	0.6591131080289119
26	Hist1h2ab	4.7951736	1.3801475	1.6253416725471544e-06	0.00017108859711022678	0.6376811594202898	0.35182652861887087
26	Clspn	4.7069755	0.86878437	2.514190799493167e-06	0.0002514190799493167	0.8260869565217391	0.6405547958585661
26	Hist1h4c	4.678129	1.2209729	2.8950418650278745e-06	0.0002757182728597976	0.6376811594202898	0.33912873608126587
26	Aurkb	4.6583047	0.90529317	3.188238319845983e-06	0.00028983984725872576	0.7681159420289855	0.4453994920882985
26	Pclaf	4.5810304	0.66268516	4.6269021355218844e-06	0.0004023393161323378	0.9855072463768116	0.8700918148075796
26	Hist1h3c	4.563553	1.2086325	5.0295149453194375e-06	0.00041912624544328643	0.6086956521739131	0.289509669857394
26	Ccne2	4.5254416	0.9137558	6.026951774913952e-06	0.00048215614199311613	0.7681159420289855	0.4528228169564368
26	Rrm2	4.395815	0.73853713	1.103578957111358e-05	0.00084890689008566	0.8840579710144928	0.7024809533111936
26	Incenp	4.373482	0.8618416	1.2228014868856565e-05	0.0009057788791745604	0.7971014492753623	0.5696425083024028
26	Ccne1	4.315992	0.74761796	1.5888782751811184e-05	0.0011004040779858848	0.8695652173913043	0.6346942762258253
26	Cep128	4.3150616	0.9305868	1.595585913079533e-05	0.0011004040779858848	0.7681159420289855	0.553623754639578
26	Ncapg2	4.2883997	0.8057081	1.799650423913626e-05	0.0011997669492757508	0.855072463768116	0.6487595233444032
26	Knl1	4.042578	0.70978713	5.2866622322201934e-05	0.0034107498272388345	0.9565217391304348	0.7044344598554405
26	2610020C07Rik	3.9447112	0.8763447	7.989623144121034e-05	0.004993514465075646	0.6956521739130435	0.5499120922055089
26	Prim1	3.9337065	0.683593	8.364586745390843e-05	0.0050694465123580865	0.8115942028985508	0.6917366673178356
26	Tyms	3.9153388	0.6446592	9.027734151421452e-05	0.005310431853777324	0.9130434782608695	0.7284625903496776
26	Hist1h4h	3.8824062	1.1735263	0.00010342791461389514	0.0059101665493654365	0.5217391304347826	0.25825356514944325
26	Spc25	3.8450232	0.7031201	0.00012054100890940342	0.006696722717189079	0.8115942028985508	0.5098652080484469
26	Pcna-ps2	3.7395093	0.7012537	0.0001843797179170697	0.009966471238760525	0.7391304347826086	0.5585075210001954
26	Kif4	3.718431	0.71269244	0.00020046406068850448	0.010550740036237079	0.7681159420289855	0.5352607931236569
26	Ubc	3.7112699	0.51207536	0.00020622204175386476	0.010575489320711014	1.0	0.9501855831217034
26	Plaur	3.6456475	0.634808	0.00026671939923708583	0.013335969961854292	0.8405797101449275	0.6804063293612034
26	Hist1h3b	3.637839	1.4166911	0.0002749350498912792	0.013411465848355082	0.42028985507246375	0.17679234225434656
26	Wnt5b	3.5493581	0.90393084	0.00038617161632909056	0.017961470526934448	0.6376811594202898	0.4295760890798984
26	Sgo1	3.4760487	0.5914789	0.0005088600478091678	0.02212434990474643	0.7971014492753623	0.5909357296346943
26	Prc1	3.4318283	0.5909149	0.000599527016536892	0.025511787937740085	0.9420289855072463	0.7595233444032038
26	Hist1h2bj	3.4190435	1.6194217	0.0006284164611765735	0.026184019215690562	0.391304347826087	0.1654620042977144
26	Atad5	3.3824294	0.5878881	0.0007184774707006916	0.02829617871144842	0.855072463768116	0.6417268997851143
26	Brca1	3.381256	0.67276776	0.0007215525571419347	0.02829617871144842	0.7101449275362319	0.4991209220550889
26	Ddias	3.33032	0.6893984	0.0008674628915247429	0.03273444873678275	0.6521739130434783	0.4225434655206095
26	Stambp	3.2485142	0.564343	0.0011600939990757733	0.041937580577673404	0.855072463768116	0.7233834733346357
26	Tubb5	3.2419195	0.42455912	0.001187274986752836	0.041937580577673404	1.0	0.9871068568079703
26	Trps1	-3.2400181	-0.7233196	0.001195221046463692	0.041937580577673404	0.7246376811594203	0.786677085368236
26	Plpp3	-3.2791004	-0.58904934	0.0010413861549871668	0.03856985759211729	0.8115942028985508	0.8144168782965423
26	Ppp3ca	-3.3721936	-0.44533762	0.0007457201617746202	0.028681544683639242	0.9855072463768116	0.972064856417269
26	Medag	-3.3872035	-0.9045056	0.0007060901884766321	0.02829617871144842	0.4782608695652174	0.6157452627466302
26	Timp3	-3.4827645	-0.6140616	0.0004962645393505288	0.02205620174891239	0.8985507246376812	0.9279156085172885
26	Mt2	-3.5391626	-0.6865313	0.0004013983876592975	0.018245381257240796	0.7971014492753623	0.8706778667708537
26	Cenpa	-3.5874693	-0.85522425	0.00033390310908501444	0.015900148051667354	0.782608695652174	0.7659699159992186
27	Hist1h1e	7.5011997	1.8342222	6.323639671675477e-14	1.2647279343350955e-10	0.9333333333333333	0.7574102964118564
27	Hist1h1b	6.849766	1.7157166	7.39710168317011e-12	7.39710168317011e-09	0.9	0.5846333853354134
27	H3f3b	6.741656	0.72464424	1.5659168703561755e-11	1.0439445802374503e-08	1.0	0.9960998439937597
27	Hist1h2ae	6.648631	1.8597777	2.9583165310088454e-11	1.4791582655044226e-08	0.8333333333333334	0.5146255850234009
27	Hist2h2ac	6.358026	1.6449627	2.0436298481573535e-10	8.174519392629414e-08	0.9166666666666666	0.6790171606864275
27	Top2a	6.3221335	1.4134282	2.5797589067006356e-10	8.599196355668786e-08	1.0	0.8732449297971919
27	H1f0	5.8021746	0.9588664	6.54604222338266e-09	1.8702977781093315e-06	0.9666666666666667	0.8728549141965679
27	Hist1h2an	5.7550983	1.6501212	8.659130864150668e-09	2.1647827160376667e-06	0.7333333333333333	0.4128315132605304
27	Hist1h4d	5.7089763	1.511351	1.1365779373815947e-08	2.5257287497368774e-06	0.7833333333333333	0.4748439937597504
27	Atad2	5.620763	0.8869261	1.9011595005774285e-08	3.802319001154857e-06	0.9333333333333333	0.8307332293291732
27	Hist1h2ab	5.3037157	1.7043006	1.1346901999659494e-07	2.063073090847181e-05	0.6666666666666666	0.35198907956318254
27	Slfn9	4.975961	0.9527944	6.492460420256798e-07	0.00010820767367094664	0.9166666666666666	0.7720358814352574
27	Hist1h1d	4.757314	1.6614609	1.9618589668286877e-06	0.00030182445643518274	0.65	0.39469578783151327
27	Tyms	4.7063365	0.8715004	2.522078066459776e-06	0.00036029686663711084	0.8833333333333333	0.7291341653666147
27	Prim1	4.4909406	0.89215165	7.090937087759208e-06	0.0009454582783678944	0.8333333333333334	0.6916926677067082
27	Ccne1	4.347892	0.82108945	1.3745223299213961e-05	0.0017181529124017452	0.85	0.6353354134165367
27	Incenp	4.3059745	0.93537194	1.6625220084578675e-05	0.00195590824524455	0.8	0.5700078003120125
27	Brca1	4.2519627	0.92732376	2.119049792654598e-05	0.0023544997696162205	0.75	0.49902496099843996
27	Prc1	4.130415	0.8033626	3.621088493957763e-05	0.0038116720989029088	0.9333333333333333	0.7599453978159126
27	Hist1h2ai	4.1040163	1.532375	4.0603912621971955e-05	0.004045553369538795	0.5666666666666667	0.312597503900156
27	Hist1h2ak	4.0772705	1.3370464	4.556748706870291e-05	0.004142498824427537	0.5833333333333334	0.35081903276131043
27	Clspn	3.9957762	0.8107456	6.448264094654673e-05	0.005107465584708184	0.8	0.641185647425897
27	Pclaf	3.9957328	0.61398065	6.44944421058289e-05	0.005107465584708184	0.95	0.8707098283931357
27	Rrm2	3.9949958	0.73500466	6.469537485046438e-05	0.005107465584708184	0.8666666666666667	0.703003120124805
27	Brip1	3.9702442	0.8525453	7.179901102777136e-05	0.005318445261316397	0.7333333333333333	0.5846333853354134
27	Smc2	3.9479632	0.67602086	7.88188831268191e-05	0.005629920223344222	0.95	0.8358034321372855
27	Hist1h3c	3.78064	1.4072384	0.00015642573622094556	0.01039853196159784	0.5333333333333333	0.2909516380655226
27	Kif15	3.773184	0.7634291	0.00016117724540476653	0.01039853196159784	0.7666666666666667	0.546606864274571
27	Rad51ap1	3.7481723	0.82301617	0.00017812785639150796	0.011132991024469248	0.7	0.46782371294851793
27	Stambp	3.68198	0.69291455	0.00023142964628586427	0.014026039168840258	0.85	0.7236739469578783
27	Birc5	3.6662014	0.6938883	0.0002461802227323254	0.014067441298990022	1.0	0.8985959438377535
27	Knl1	3.3939323	0.6512141	0.0006889669878748271	0.03724145880404471	0.8833333333333333	0.7057332293291732
27	Iqgap3	3.376593	0.9686302	0.0007338950647378017	0.03777314150997749	0.6	0.3870904836193448
27	Lin54	3.368617	0.72230583	0.0007554628301995498	0.03777314150997749	0.7166666666666667	0.6000390015600624
27	Hist1h2al	3.3025115	1.1717253	0.0009582317855765792	0.04674301393056483	0.5	0.27574102964118563
27	Ncapg2	3.284999	0.70491517	0.001019827893429362	0.04856323302044581	0.8	0.6497659906396256
27	Vegfa	-3.2763293	-1.0777704	0.001051658843271147	0.048914364803309164	0.4	0.5826833073322933
27	Sox9	-3.371478	-0.5635885	0.0007476597609130164	0.03777314150997749	0.8666666666666667	0.921996879875195
27	Tanc1	-3.5474277	-0.87060726	0.0003890125146198229	0.02161180636776794	0.5	0.7143135725429017
27	Ccng1	-3.671273	-0.53111553	0.00024134541787627234	0.014067441298990022	0.9666666666666667	0.983229329173167
27	Ankrd12	-3.8685498	-0.72113144	0.00010948460052714542	0.007550662105320374	0.7333333333333333	0.8845553822152886
27	Mt2	-3.9888406	-0.88419074	6.639705260120638e-05	0.005107465584708184	0.7	0.8716848673946958
27	Cenpa	-4.0935693	-1.0635368	4.247831038015735e-05	0.004045553369538795	0.6166666666666667	0.7679407176287052
28	Hist1h1e	6.6546664	1.6618873	2.8394286813824632e-11	5.678857362764926e-08	0.96	0.7574931880108992
28	Hist2h2ac	6.112627	1.5965424	9.80041844419813e-10	9.80041844419813e-07	0.94	0.6792526274815103
28	Top2a	5.9365807	1.4785728	2.9102805782851104e-09	1.9401870521900735e-06	1.0	0.873491630984819
28	2610020C07Rik	5.7579246	1.3403912	8.515431066876645e-09	4.257715533438322e-06	0.9	0.5484624367458155
28	Slfn9	5.68003	1.1817791	1.3467138091310223e-08	5.386855236524089e-06	0.98	0.7717010509926041
28	Brip1	5.625759	1.2017357	1.8469373595239544e-08	6.1564578650798475e-06	0.9	0.5833008952899961
28	Hist1h1b	5.402843	1.4239178	6.559293527786929e-08	1.8740838650819797e-05	0.88	0.585441806150253
28	Hist1h1d	5.3649387	1.5231446	8.097660404752722e-08	2.0244151011881807e-05	0.78	0.3939275982872713
28	Hist1h2an	5.2819204	1.4220384	1.278366965027556e-07	2.8408154778390137e-05	0.78	0.41300116776956014
28	Atad2	5.150514	0.88867766	2.5977344341480373e-07	5.195468868296075e-05	0.96	0.8306734137796808
28	Hist1h4d	4.9500365	1.2474678	7.419964298374012e-07	0.00013490844178861843	0.82	0.4750875827170105
28	Hist1h2ae	4.8040185	1.2755485	1.5551233896949524e-06	0.0002591872316158254	0.8	0.5155702608018684
28	Hist1h2ak	4.764834	1.3057361	1.8900926411735081e-06	0.0002907834832574628	0.74	0.3497469832619696
28	Cenph	4.725222	0.95383346	2.2986382258316444e-06	0.00032837688940452064	0.88	0.6015959517321915
28	Cep128	4.603541	1.0358934	4.153676377053105e-06	0.0005538235169404139	0.82	0.5539120280264694
28	Hist1h2ai	4.5594697	1.5193491	5.128290252715338e-06	0.0006410362815894172	0.64	0.3123783573374854
28	Smc2	4.526405	0.81692004	5.999559621792968e-06	0.0006744390083296722	1.0	0.8355391202802647
28	Hist1h2ab	4.523938	1.3869828	6.0699510749670496e-06	0.0006744390083296722	0.68	0.35247177890229664
28	Ndc80	4.3305287	0.8967387	1.4875178188646232e-05	0.001565808230383814	0.9	0.6687427014402492
28	Kif11	4.175735	0.9072859	2.9702573728004058e-05	0.0029702573728004056	0.84	0.5373686259244842
28	H3f3b	4.0789113	0.44842252	4.5247055758910024e-05	0.004107412137554428	1.0	0.9961074347995329
28	Prim1	4.068902	0.8799476	4.723523958187592e-05	0.004107412137554428	0.86	0.691708836123005
28	Smc4	4.053484	0.70551234	5.046042522197854e-05	0.004205035435164878	1.0	0.9396652393927598
28	Prc1	4.0277247	0.8542122	5.631923904783156e-05	0.004505539123826525	0.96	0.7600233553912028
28	Birc5	4.0016804	0.7889339	6.289416387541073e-05	0.004838012605800825	1.0	0.8987933047878552
28	Aurkb	3.8294766	1.0185119	0.00012841612257422997	0.009512305375868887	0.7	0.4472557415336707
28	Pclaf	3.7685173	0.6515003	0.0001642201336106842	0.0117300095436203	0.94	0.8709614636045154
28	H1f0	3.751534	0.70878947	0.00017575587926619613	0.01212109512180663	0.98	0.872907746204749
28	Rpa3	3.7262015	0.6944506	0.0001943869891891687	0.012959132612611248	0.86	0.7432853250291942
28	Gadd45g	3.7135353	0.8716871	0.00020438393905962296	0.013186060584491803	0.74	0.4534838458544181
28	Hist1h4a	3.6605933	1.670826	0.00025163197172145416	0.015726998232590883	0.46	0.17302452316076294
28	Hist1h2ac	3.6160953	1.1955466	0.0002990802789676453	0.018126077513190623	0.56	0.2662514597119502
28	Polq	3.578239	1.0675986	0.00034591720457148936	0.020348070857146433	0.64	0.37407551576488907
28	Ccnf	3.564102	0.9504339	0.0003651039217512653	0.020863081242929443	0.64	0.3653172440638381
28	Tyms	3.551151	0.72220945	0.00038355007563502464	0.021308337535279148	0.86	0.7296613468275593
28	Pbk	3.5428019	0.74216557	0.00039590003259419197	0.021400001761848215	0.84	0.6430517711171662
28	Incenp	3.521881	0.7245954	0.00042849610902441243	0.02255242679075855	0.84	0.570066173608408
28	Cdk1	3.4881046	0.8172459	0.0004864578325782302	0.02494655551683232	0.84	0.6603736862592449
28	Hist1h2al	3.4185114	1.2966815	0.0006296469478964141	0.031482347394820705	0.52	0.27598287271311794
28	Cdca8	3.373966	0.687676	0.0007409352107417155	0.036143181011790995	0.96	0.7479564032697548
28	Hist1h4c	3.365522	1.1761093	0.0007639902283594211	0.03638048706473433	0.58	0.3407940833008953
28	Iqgap3	3.3397624	0.80817086	0.0008385010225917045	0.03811368284507748	0.64	0.3871156091864539
28	Vegfa	-3.3437474	-1.1804329	0.0008265499981066377	0.03811368284507748	0.34	0.5829116387699494
28	Plpp3	-4.1627364	-1.0301121	3.1445624270349344e-05	0.0029948213590808895	0.66	0.8158816660179058
29	Hist1h1b	5.6100535	1.8915579	2.022641332105625e-08	4.04528266421125e-05	0.9090909090909091	0.5862269641125121
29	Hist1h1e	5.384035	1.8607434	7.283420374483368e-08	7.283420374483368e-05	0.9090909090909091	0.7584869059165859
29	Hist1h2ae	5.250593	1.8941544	1.5161026173030136e-07	0.0001010735078202009	0.8787878787878788	0.516003879728419
29	H1f0	4.563386	1.0570067	5.0335140600132916e-06	0.0023517508514536095	1.0	0.8731328806983512
29	Hist1h4d	4.530681	1.6965303	5.8793771286340245e-06	0.0023517508514536095	0.7878787878787878	0.47643064985451017
29	Hist1h2ak	4.4482493	1.6137788	8.657309153664425e-06	0.0024432931369625906	0.7575757575757576	0.35092143549951504
29	Pclaf	4.4393296	0.9047362	9.023951029928316e-06	0.0024432931369625906	0.9696969696969697	0.8709990300678953
29	Spc25	4.422132	1.275162	9.773172547850363e-06	0.0024432931369625906	0.8484848484848485	0.5117361784675073
29	H3f3b	4.265662	0.58346033	1.9931000024896985e-05	0.004429111116643775	1.0	0.9961202715809894
29	Hist2h2ac	3.975459	1.447122	7.024363139812955e-05	0.01291309946102502	0.8484848484848485	0.6806983511154219
29	Brip1	3.9728358	1.0842644	7.10220470356376e-05	0.01291309946102502	0.8484848484848485	0.5846750727449078
29	Rad51ap1	3.9398394	1.1052192	8.153614889475068e-05	0.013589358149125113	0.7878787878787878	0.4684772065955383
29	Slfn9	3.718252	0.9242154	0.00020060616124539462	0.030862486345445327	0.9393939393939394	0.7726479146459748
29	Rpa3	3.6039312	0.9078083	0.0003134400943729836	0.044777156338997655	0.8787878787878788	0.7435499515033948
29	Atad2	3.540912	0.83782685	0.0003987466572163384	0.049819011707596506	0.9696969696969697	0.8310378273520853
29	2610020C07Rik	3.5292525	1.2388581	0.00041673531797050783	0.049819011707596506	0.7272727272727273	0.5507274490785645
29	Hist1h2ai	3.5040681	1.5306065	0.0004582081407843266	0.049819011707596506	0.6060606060606061	0.3136760426770126
29	Top2a	3.4954402	1.1176851	0.00047328061122216676	0.049819011707596506	1.0	0.8739088263821533
29	Peak1	-3.5185258	-0.89899904	0.0004339515962149241	0.049819011707596506	0.8181818181818182	0.9511154219204656
30	Hist1h1e	6.467137	2.0277488	9.987707326787759e-11	1.9975414653575517e-07	0.9714285714285714	0.7580050456045022
30	Hist2h2ac	5.739199	1.8469965	9.512532728422667e-09	9.512532728422668e-06	0.9428571428571428	0.679992237531535
30	Top2a	5.4533916	1.5475353	4.941814983672642e-08	3.294543322448428e-05	1.0	0.8738598874442073
30	Hist1h1b	5.235865	1.5332398	1.642140505855136e-07	8.21070252927568e-05	0.9714285714285714	0.5856782456821269
30	Hist1h2ae	5.155241	1.7157325	2.5330516974709606e-07	0.00010132206789883842	0.8571428571428571	0.5160100912090044
30	Incenp	4.9546432	1.3726406	7.246314475503121e-07	0.00024154381585010401	0.8857142857142857	0.5705414321754317
30	Hist1h2ai	4.8696027	1.9242637	1.118227399835382e-06	0.0003194935428101091	0.7428571428571429	0.3126334174267417
30	Hist1h1d	4.8038692	1.8002226	1.5562837927931457e-06	0.0003890709481982864	0.7428571428571429	0.395303706578692
30	H3f3b	4.743288	0.661566	2.102768919205128e-06	0.000445832639898023	1.0	0.9961187657675141
30	Hist1h2ak	4.731455	1.5136995	2.229163199490115e-06	0.000445832639898023	0.7714285714285715	0.35066951290510384
30	Hist1h4d	4.544842	1.4376554	5.497649713407112e-06	0.0009995726751649294	0.8	0.47622744032602365
30	Hist1h2an	4.4575934	1.5665239	8.288486913252466e-06	0.0013814144855420775	0.7428571428571429	0.4143217543178731
30	Ndc80	4.3166714	1.0244342	1.5839977076828976e-05	0.002436919550281381	0.9714285714285714	0.6689307199689501
30	Hist1h2ab	4.0038567	1.6045494	6.231811783684531e-05	0.008902588262406473	0.6857142857142857	0.35338637686784397
30	Kif11	3.979964	1.1348466	6.892573148184091e-05	0.009131063410852368	0.8285714285714286	0.5383271880457986
30	Radil	3.9526174	1.4466575	7.730098073208666e-05	0.009131063410852368	0.6571428571428571	0.3124393557151174
30	Hist1h3c	3.9437284	1.5595598	8.022452086083604e-05	0.009131063410852368	0.6571428571428571	0.2912866291480691
30	Aurkb	3.9379532	1.1926403	8.21795706976713e-05	0.009131063410852368	0.7714285714285715	0.44750630700562777
30	Cenph	3.746641	0.9637988	0.0001792182582925985	0.01792182582925985	0.8571428571428571	0.6025616145934407
30	Birc5	3.7216725	0.8130983	0.00019790760587075113	0.01884834341626201	1.0	0.8990879099553658
30	Mis18bp1	3.5925267	0.86495197	0.00032748698693686973	0.029298817009749543	0.9142857142857143	0.6163399961187658
30	Hist1h2al	3.5851097	1.4493539	0.00033693639561211975	0.029298817009749543	0.6285714285714286	0.27595575392974964
30	Timp1	3.5464964	1.014583	0.00039039018416128915	0.031212754386953402	0.9714285714285714	0.8150591888220454
30	Ncapg2	3.5433824	0.83605874	0.0003950295441881437	0.031212754386953402	0.9714285714285714	0.6493304870948962
30	Pbk	3.5363052	0.88771635	0.0004057658070303942	0.031212754386953402	0.9142857142857143	0.6431205123229187
30	Hist1h2af	3.4785547	1.9018009	0.0005041255387305053	0.03734263249855595	0.4857142857142857	0.13797787696487482
30	Anln	3.4202948	0.71173334	0.0006255331840518362	0.0446809417179883	0.9142857142857143	0.8443625072773142
30	Ncapg	3.3996859	0.9155776	0.000674633285985621	0.04652643351624972	0.8571428571428571	0.562196778575587
30	Pclaf	3.3851917	0.67863566	0.0007112859205445223	0.04741906136963482	0.9714285714285714	0.8709489617698428
30	Kif15	3.355184	0.9310084	0.0007931220373317617	0.04982437875040262	0.7714285714285715	0.5476421502037648
30	Prc1	3.3537686	0.88463354	0.0007971900600064419	0.04982437875040262	0.9428571428571428	0.7607219095672424
30	Gas5	-3.8242643	-0.5483787	0.00013116312944513032	0.01380664520475056	1.0	1.0
31	Hist1h1e	6.6456356	1.7282969	3.019109069632895e-11	6.03821813926579e-08	0.9583333333333334	0.7575875486381323
31	Hist1h2ae	5.9796395	1.6255945	2.23632164229913e-09	2.23632164229913e-06	0.875	0.5149805447470817
31	H1f0	5.806484	0.991537	6.379830589091978e-09	4.2532203927279855e-06	1.0	0.8727626459143969
31	Hist1h1b	5.6803813	1.529885	1.3439466008568843e-08	6.719733004284422e-06	0.8958333333333334	0.5854085603112841
31	Hist1h2ab	5.5821133	1.7460917	2.3761342761664818e-08	9.504537104665926e-06	0.75	0.3519455252918288
31	Hist1h4d	5.3593884	1.6699482	8.350415244202499e-08	2.7834717480674995e-05	0.7916666666666666	0.4754863813229572
31	Hist2h2ac	5.2648478	1.4664787	1.4030561935150772e-07	4.008731981471649e-05	0.9166666666666666	0.6795719844357977
31	Hist1h2ak	5.147265	1.5522034	2.643120741170343e-07	6.607801852925857e-05	0.7291666666666666	0.35
31	Hist1h2ai	5.0625024	1.6019325	4.1378862153108693e-07	9.195302700690822e-05	0.7083333333333334	0.31186770428015564
31	H3f3b	5.034281	0.6348041	4.796464693958109e-07	9.592929387916219e-05	1.0	0.9961089494163424
31	Hist1h1d	4.806812	1.4672067	1.5335625897792605e-06	0.0002788295617780474	0.75	0.3943579766536965
31	Slfn9	4.667978	1.0333638	3.0417877915724703e-06	0.0005069646319287451	0.9375	0.7721789883268483
31	Top2a	4.4951615	1.1618913	6.951718607479113e-06	0.001069495170381402	0.9791666666666666	0.8737354085603113
31	2610020C07Rik	4.4577904	1.0128835	8.280877180040954e-06	0.0011829824542915648	0.8333333333333334	0.5492217898832685
31	Rad51ap1	4.3733187	1.1078001	1.2237190589627923e-05	0.0016316254119503899	0.7708333333333334	0.467704280155642
31	Prc1	4.358893	0.9407382	1.3072195577917469e-05	0.0016340244472396836	0.9791666666666666	0.7599221789883268
31	Pclaf	4.154031	0.7442706	3.266693584843286e-05	0.0038431689233450425	0.9375	0.871011673151751
31	Hist1h3b	4.0424504	1.781273	5.289551155651696e-05	0.005877279061835218	0.5	0.17704280155642024
31	Hist1h1c	3.6951234	1.4244875	0.000219780030277194	0.0219780030277194	0.5625	0.2873540856031128
31	Sgo1	3.681424	0.85329896	0.0002319349823535388	0.0220250304946382	0.8125	0.5916342412451362
31	Hist1h3c	3.6702902	1.4809177	0.00024227533544102017	0.0220250304946382	0.5625	0.29124513618677045
31	Ndc80	3.605617	0.78929204	0.0003114120198884529	0.026158011796983828	0.875	0.6690661478599221
31	Smc4	3.5960324	0.6622252	0.0003231076588496602	0.026158011796983828	1.0	0.9396887159533074
31	Hist1h2an	3.5929341	1.0918537	0.00032697514746229787	0.026158011796983828	0.6458333333333334	0.4143968871595331
31	Ppp3ca	-3.7200534	-0.60812193	0.00019918059875948945	0.020966378816788363	0.9791666666666666	0.9721789883268482
32	Hist1h1e	6.1177635	1.9931848	9.489774962473948e-10	1.8979549924947897e-06	0.9393939393939394	0.7582929194956353
32	H1f0	5.0019555	1.114644	5.675164770640996e-07	0.0005675164770640995	0.9090909090909091	0.8737148399612027
32	Hist1h2ae	4.55196	1.7283651	5.314849749406923e-06	0.002750273643093363	0.7878787878787878	0.5165858389912706
32	Hist1h2ak	4.544731	1.7148296	5.500547286186726e-06	0.002750273643093363	0.7272727272727273	0.3511154219204656
32	Hist1h1b	4.410764	1.4868098	1.0300652163268155e-05	0.004120260865307262	0.8484848484848485	0.5866149369544132
32	Top2a	4.2931786	1.3082647	1.7613318321405594e-05	0.0058711061071351975	0.9696969696969697	0.8741028128031038
32	Tyms	4.183988	0.8875876	2.864391982373746e-05	0.00766786901933438	0.9393939393939394	0.7295829291949564
32	Pclaf	3.9936478	0.81520474	6.506449899088594e-05	0.014458777553530209	0.9393939393939394	0.8711930164888457
32	Hist2h2ac	3.7775984	1.207289	0.00015834791998190823	0.031669583996381645	0.8787878787878788	0.6805043646944714
32	H3f3b	3.6155906	0.5015342	0.0002996636403105337	0.04994394005175561	1.0	0.9961202715809894
32	Ank3	-3.6761613	-1.0116893	0.00023676978830277615	0.043049052418686576	0.7575757575757576	0.8731328806983512
32	Vcan	-4.1684227	-0.85326195	3.0671476077337524e-05	0.00766786901933438	0.8787878787878788	0.9518913676042677
33	Hist1h1e	5.589624	2.177802	2.2756188718733137e-08	4.551237743746627e-05	1.0	0.7584671956647958
33	Hist1h4d	5.0121646	1.8635349	5.382109041953009e-07	0.0005382109041953009	0.9523809523809523	0.4764853880394813
33	Hist1h1b	4.713909	1.826648	2.4300876685489303e-06	0.001620058445699287	1.0	0.5866073156570544
33	Hist1h4c	4.6058044	1.9704152	4.108741032607055e-06	0.0020543705163035275	0.9047619047619048	0.3408167215018386
33	Atad2	4.5532484	1.1762425	5.28237957403911e-06	0.002112951829615644	1.0	0.8312366944068125
33	Hist2h2ac	4.191853	1.5688028	2.766852753787676e-05	0.009222842512625586	1.0	0.6804722275982195
33	Hist1h2ae	3.7922814	1.6974381	0.0001492696901871601	0.04264848291061717	0.9047619047619048	0.516740855428682
33	Top2a	3.7465868	1.427142	0.00017925701801739543	0.04481425450434886	1.0	0.8742016644087478
34	Spc25	4.981853	1.5935853	6.297827520193783e-07	0.0012595655040387565	0.9565217391304348	0.5119070667957406
35	Birc5	4.9637127	1.0981108	6.915822218413642e-07	0.0013831644436827285	1.0	0.8991270611057226
35	Top2a	4.189818	1.2960553	2.791785942887348e-05	0.025737786531906677	1.0	0.8739088263821533
35	Kif4	4.1156635	1.2285581	3.8606679797860015e-05	0.025737786531906677	0.8484848484848485	0.5363724539282251
35	Prc1	4.0266438	1.1363915	5.657860371698288e-05	0.028289301858491437	0.9696969696969697	0.7606207565470418
36	Cenpf	8.630805	2.0227869	6.092142396493902e-18	1.2184284792987804e-14	0.9846153846153847	0.7210618778059731
36	Prc1	8.4133415	1.9230686	3.984925105418669e-17	3.984925105418669e-14	0.9692307692307692	0.759320710521179
36	Top2a	7.9294124	1.6561317	2.2018519285299874e-15	1.4062762046271441e-12	1.0	0.8731212180363068
36	Birc5	7.8989534	1.1820276	2.812552409254288e-15	1.4062762046271441e-12	1.0	0.8984969744290455
36	Nusap1	7.6117377	1.8458506	2.7043525123679238e-14	1.0817410049471695e-11	0.8923076923076924	0.5120046847550264
36	Kif20b	7.381398	1.5022068	1.566356328125529e-13	5.22118776041843e-11	0.9538461538461539	0.7370681241460082
36	Spc25	7.235978	1.5404828	4.621865989583314e-13	1.3205331398809469e-10	0.8769230769230769	0.5092719109896545
36	Aurkb	7.0841823	1.5651156	1.3986766451147542e-12	3.4966916127868854e-10	0.8615384615384616	0.444466133125122
36	Cdk1	6.972888	1.300903	3.105002764615797e-12	6.900006143590661e-10	0.9384615384615385	0.6585984774546164
36	Ube2c	6.8793855	1.4470822	6.01113381442919e-12	1.2022267628858379e-09	0.8769230769230769	0.6053093890298653
36	Cenpe	6.696589	1.4396759	2.13340517803266e-11	3.878918505513927e-09	0.9384615384615385	0.7725941830958423
36	Arhgap11a	6.4975004	1.2183789	8.166538996199333e-11	1.3610898326998888e-08	0.9384615384615385	0.6152644934608628
36	Anln	6.456083	1.0107193	1.0744781840545444e-10	1.6530433600839144e-08	0.9692307692307692	0.8432559047433145
36	Smc4	6.40329	0.95242447	1.520641624160054e-10	2.1723451773715056e-08	0.9692307692307692	0.9398789771618192
36	Hmmr	6.3488717	1.2956526	2.1689978107453731e-10	2.891997080993831e-08	0.9384615384615385	0.7138395471403475
36	Prr11	6.285245	1.239739	3.273368496086509e-10	4.091710620108136e-08	0.8923076923076924	0.5717353113410111
36	Kif11	6.193493	1.3474591	5.884540276338124e-10	6.922988560397791e-08	0.8153846153846154	0.536794846769471
36	Malat1	5.9910293	0.7681114	2.085172063287422e-09	2.3168578480971356e-07	1.0	1.0
36	Mis18bp1	5.8751926	1.2290097	4.223513122780559e-09	4.4458032871374305e-07	0.8615384615384616	0.6152644934608628
36	Sgo2a	5.8353167	1.1925579	5.3688442697816785e-09	5.176175109296904e-07	0.8615384615384616	0.5650985750536794
36	Pclaf	5.8332753	0.90155584	5.4349838647617496e-09	5.176175109296904e-07	1.0	0.869998048018739
36	Smc2	5.720897	0.8938841	1.0596297547475902e-08	9.632997770432638e-07	0.9692307692307692	0.8354479796993949
36	G2e3	5.489058	1.2633877	4.0408307654308344e-08	3.367358971192362e-06	0.7692307692307693	0.45695881319539333
36	Kif4	5.4810996	1.0710355	4.226909053469326e-08	3.381527242775461e-06	0.8615384615384616	0.5342572711301972
36	Cks2	5.460557	1.0796777	4.746425216025482e-08	3.6510963200196015e-06	0.9384615384615385	0.7548311536209252
36	Depdc1a	5.3635545	1.332106	8.159992219184086e-08	6.044438680877101e-06	0.7230769230769231	0.43958617997267224
36	Cdca8	5.3205953	0.9493038	1.0342826970544582e-07	7.387733550388987e-06	0.9076923076923077	0.7479992192074956
36	Dlgap5	5.296803	1.1871622	1.1784772177659997e-07	8.127429088041376e-06	0.7846153846153846	0.48545773960569977
36	Pbk	5.237843	0.9235978	1.6246405150700903e-07	1.0830936767133935e-05	0.9538461538461539	0.6410306461057974
36	Mki67	5.2025504	1.0257646	1.9657185262699754e-07	1.268205500819339e-05	0.9076923076923077	0.7815732968963498
36	Cep55	5.063172	1.1029631	4.1233757000205736e-07	2.5449418018893612e-05	0.7846153846153846	0.5635369900448955
36	Ndc80	5.054672	0.97517157	4.311316122041487e-07	2.5449418018893612e-05	0.8615384615384616	0.6685535818856139
36	Aurka	5.054005	1.3026977	4.3264010632119145e-07	2.5449418018893612e-05	0.7230769230769231	0.4466133125121999
36	Spdl1	4.994462	1.1122298	5.900004501778304e-07	3.371431143873316e-05	0.7846153846153846	0.4924848721452274
36	Lockd	4.900626	0.9179134	9.553170397953718e-07	5.307316887752066e-05	0.9076923076923077	0.757368729260199
36	Kif23	4.8575416	1.1885318	1.1885212200840814e-06	6.424439027481521e-05	0.7076923076923077	0.4610579738434511
36	Ccnb1	4.783623	1.3247361	1.7216335897060544e-06	9.06122941950555e-05	0.6461538461538462	0.3870778840523131
36	Incenp	4.7739143	0.9676966	1.8067908434294408e-06	9.265594068868927e-05	0.8153846153846154	0.5695881319539332
36	Aspm	4.755122	1.2619913	1.983262393785378e-06	9.916311968926888e-05	0.7230769230769231	0.4794065976966621
36	Fkbp3	4.744622	0.61626005	2.088959347434345e-06	0.00010190045597240707	0.9846153846153847	0.9662307241850479
36	C330027C09Rik	4.685579	0.8852014	2.7916969125323036e-06	0.00012984636802475832	0.8	0.59320710521179
36	Kif18a	4.5573673	0.9895327	5.179879785048617e-06	0.00023544908113857352	0.8	0.536209252391177
36	Ndufa5	4.4929075	0.66820747	7.025737267618525e-06	0.00031225498967193445	0.9538461538461539	0.8834667187195003
36	Ckap2	4.4599895	0.96429485	8.196355916843272e-06	0.00035636330073231617	0.8153846153846154	0.630489947296506
36	Kif14	4.443948	1.3275125	8.832308103948517e-06	0.00037584289804036244	0.5846153846153846	0.30919383173921533
36	Ect2	4.3904047	0.8539818	1.1313991319730025e-05	0.00047141630498875105	0.8461538461538461	0.6625024399765762
36	Tpx2	4.3631954	0.7099922	1.2817622843806976e-05	0.0005231682793390602	0.9076923076923077	0.8426703103650205
36	Pimreg	4.3570704	0.97538066	1.3181483780104196e-05	0.0005272593512041678	0.7076923076923077	0.42143275424555926
36	Kif18b	4.3129444	1.2778662	1.610946890074872e-05	0.0006317438784607341	0.6153846153846154	0.36014054265079054
36	Ckap2l	4.27836	0.9691087	1.8827525372071142e-05	0.0007241355912335055	0.7384615384615385	0.5508491118485263
36	Gen1	4.2655263	1.0823659	1.9943138672250707e-05	0.0007386347656389151	0.6307692307692307	0.3466718719500293
36	Knl1	4.2599845	0.84341675	2.0444095439580595e-05	0.0007434216523483852	0.8923076923076924	0.7054460277181339
36	Kif15	4.180608	0.8613923	2.9073120343882647e-05	0.0010383257265672375	0.8	0.5459691586960765
36	Cdc20	4.100939	0.92354894	4.114772440861499e-05	0.0014188870485729306	0.7384615384615385	0.5365996486433731
36	Rpa3	4.028395	0.6506	5.615884999573176e-05	0.0019036898303637884	0.8923076923076924	0.7425336716767519
36	Sgo1	4.0102696	0.8490405	6.064938562095847e-05	0.0020216461873652824	0.8	0.5910599258247121
36	Il1rl1	3.956102	0.62529093	7.618270173901885e-05	0.002457506507710285	1.0	0.9562756197540504
36	Cenph	3.8486407	0.73443437	0.00011877506086333988	0.0037706368528044407	0.8307692307692308	0.6014054265079055
36	2700099C18Rik	3.8096814	0.85206974	0.0001391459937447467	0.0043483123045233345	0.676923076923077	0.4745266445442124
36	Cdkn2c	3.7472215	0.7336301	0.00017880422721634084	0.005501668529733564	0.7384615384615385	0.4717938707788405
36	Knstrn	3.725971	0.6495219	0.0001945648559424483	0.0058959047255287365	0.8769230769230769	0.7163771227796213
36	Tubb5	3.721054	0.49075696	0.00019839292592602165	0.0059221768933140784	1.0	0.9871169236775327
36	Fbxo5	3.7162206	0.8402706	0.00020222500141069488	0.005947794159138084	0.7230769230769231	0.46320515323052897
36	Mastl	3.7048454	0.87089777	0.00021151974379797698	0.006131007066608028	0.6923076923076923	0.4462229162600039
36	Dbf4	3.6973453	0.5093063	0.0002178660275548704	0.006224743644424868	0.9846153846153847	0.9402693734140152
36	Ccna2	3.613468	0.6523529	0.00030212865946751687	0.008510666463873716	0.8461538461538461	0.6347843060706617
36	Hist1h1b	3.601926	0.8421142	0.00031586824538101034	0.008774117927250288	0.8153846153846154	0.5853991801678704
36	Kif2c	3.5463412	0.9784522	0.00039061998355377335	0.010701917357637626	0.5846153846153846	0.3646300995510443
36	Ncapg	3.5352576	0.67468166	0.0004073777325954437	0.011010208989066047	0.8	0.5611946125317196
36	Plk1	3.3477945	0.858895	0.0008145739047871022	0.019867656214319566	0.6153846153846154	0.4034745266445442
36	Tubb4b	3.3417528	0.538188	0.0008325120579812385	0.020060531517620203	0.9384615384615385	0.8498926410306461
36	Gas2l3	3.3324192	1.02633	0.0008609449763831236	0.020498689913883896	0.5692307692307692	0.3544797969939489
36	S100a11	3.310252	0.44650143	0.000932120572379342	0.02193224876186687	1.0	0.9798945930119071
36	Kpna2	3.30171	1.0891778	0.0009609737774912848	0.022348227383518254	0.5076923076923077	0.26742143275424557
36	Cenpa	3.2689176	0.61735684	0.001079597880935689	0.024260626537880654	0.8769230769230769	0.7647862580519227
36	H1f0	3.2137077	0.5160225	0.0013103298578301063	0.029118441285113473	0.9384615384615385	0.8731212180363068
36	Ccnf	3.2007074	0.8437814	0.001370906798333298	0.029962905454152637	0.5846153846153846	0.3652156939293383
36	Cavin2	3.1979156	0.48836955	0.001384247696857409	0.029962905454152637	1.0	0.9795041967597111
36	Uqcrb	3.1960406	0.5542548	0.0013932751036180976	0.029962905454152637	0.9384615384615385	0.8455982822564904
36	Rbbp7	3.1767485	0.33942434	0.0014893617015579196	0.031688546841657866	1.0	0.9945344524692563
36	Tm4sf1	3.1094966	0.3919563	0.0018740638118968644	0.039042996081184674	0.9538461538461539	0.9549092328713644
36	Pttg1	3.0981214	0.6206289	0.0019475163069302172	0.04015497540062303	0.8	0.6312707398008979
36	Cdkn3	3.0687456	0.76764625	0.0021495952339555167	0.04256624225654488	0.6615384615384615	0.4731602576615265
36	Trim59	3.037578	0.51991594	0.0023848753458808724	0.046762261683938676	0.8923076923076924	0.7977747413624829
36	Fam83d	3.027453	0.9629042	0.002466241306877137	0.04742771743994494	0.4461538461538462	0.21569392933827836
36	Tenm4	-3.013661	-0.5872003	0.0025811613470317265	0.049164978038699556	0.8153846153846154	0.8457934803825883
36	Dclk1	-3.0303698	-0.52289927	0.0024425458774451456	0.04742771743994494	0.8769230769230769	0.9271910989654499
36	Pdgfc	-3.082621	-0.7300933	0.002051862922221634	0.04103725844443268	0.6	0.7113019715010735
36	Trib1	-3.0887878	-0.87423	0.00200974911124876	0.0406009921464396	0.5692307692307692	0.6492289674019129
36	Apbb2	-3.0897462	-0.6967803	0.002003276076461882	0.0406009921464396	0.6153846153846154	0.740581690415772
36	Fbxl7	-3.1412892	-0.62839967	0.001682058588034877	0.03541175974810267	0.7846153846153846	0.8303728284208471
36	Nrp2	-3.2754593	-0.56359845	0.0010549031340641507	0.023975071228730698	0.8769230769230769	0.8984969744290455
36	Ror1	-3.2755842	-0.6915716	0.0010544363896233574	0.023975071228730698	0.7538461538461538	0.7903572125707593
36	Maml3	-3.3567948	-1.0530192	0.0007885163114294955	0.019469538553814704	0.46153846153846156	0.6189732578567245
36	Rplp0	-3.3854206	-0.44546446	0.0007106930210429549	0.017767325526073872	0.9846153846153847	0.9990240093695101
36	Prkca	-3.3947957	-0.46799007	0.000686798283378296	0.017387298313374582	0.9384615384615385	0.9724770642201835
36	Pdzrn3	-3.4035876	-0.72741956	0.0006650708424615393	0.017053098524654853	0.6923076923076923	0.7977747413624829
36	Timp3	-3.4607558	-0.6439053	0.000538661331421142	0.013991203413536156	0.8769230769230769	0.9281670895959399
36	Gm11884	-3.4822562	-0.6716233	0.0004972075770371469	0.013084409922030181	0.8307692307692308	0.8791723599453445
36	Fmnl2	-3.5180488	-0.6270788	0.00043473228385992294	0.011592860902931278	0.8461538461538461	0.8657036892445833
36	Gas7	-3.997978	-0.733567	6.388591565546416e-05	0.0020946201854250544	0.7538461538461538	0.8645325004879953
36	Mxd4	-4.1389813	-1.5158241	3.4885104003592545e-05	0.0012240387369681595	0.3230769230769231	0.555143470622682
36	Ank	-4.2689433	-0.7233769	1.964012673371292e-05	0.0007386347656389151	0.8461538461538461	0.9211399570564123
36	Eef2	-4.696621	-0.55459404	2.6450073528607812e-06	0.00012595273108860863	0.9846153846153847	0.9918016787038845
36	Ppp3ca	-5.5678515	-0.8256072	2.5789927009293276e-08	2.242602348634198e-06	0.9692307692307692	0.9722818660940855
37	Prc1	17.743277	2.318305	1.942661774180062e-70	3.885323548360124e-67	0.9900497512437811	0.75275716863846
37	Top2a	16.908192	1.9979242	3.9153482792896726e-64	3.9153482792896724e-61	1.0	0.8696611189091639
37	Cenpf	16.510366	2.1940734	3.0899879579439084e-61	2.0599919719626057e-58	0.9900497512437811	0.7136555043112092
37	Kif20b	15.322846	1.7828625	5.380835789330055e-53	2.6904178946650276e-50	0.9701492537313433	0.7304992981752557
37	Nusap1	15.160787	2.0538487	6.4294712328862414e-52	2.5717884931544965e-49	0.9104477611940298	0.5009023460998596
37	Cenpe	14.864261	1.7902467	5.623218089339085e-50	1.874406029779695e-47	0.9850746268656716	0.7661920994585923
37	Smc4	13.810222	1.1587983	2.2115045932857278e-43	6.318584552244937e-41	0.9950248756218906	0.9380389011429717
37	Birc5	13.756641	1.1895523	4.646123600177743e-43	1.1615309000444358e-40	0.9800995024875622	0.8965309805494285
37	Hmmr	13.711371	1.5701333	8.680131279774918e-43	1.9289180621722042e-40	0.9701492537313433	0.7064367355123321
37	Ube2c	13.642637	1.731832	2.2333394885851543e-42	4.466678977170309e-40	0.9104477611940298	0.596551032684981
37	Mis18bp1	13.218971	1.5144007	6.819036224190418e-40	1.2398247680346217e-37	0.9054726368159204	0.6067776218167235
37	Spc25	13.209917	1.5887709	7.690915192599583e-40	1.2818191987665972e-37	0.9054726368159204	0.49809504712251856
37	Cks2	12.791269	1.383378	1.83451908073829e-37	2.822337047289677e-35	0.9502487562189055	0.7493483055945458
37	Sgo2a	12.732935	1.4960028	3.879766747478902e-37	5.54252392496986e-35	0.8955223880597015	0.5556446761580108
37	Prr11	12.642058	1.419799	1.237710400102649e-36	1.6502805334701989e-34	0.9353233830845771	0.561259274112693
37	Ckap2l	12.495752	1.4934605	7.87475492456631e-36	9.843443655707888e-34	0.8905472636815921	0.5396029677160618
37	Kif23	12.347837	1.6619633	5.003817368692793e-35	5.886843963167991e-33	0.8258706467661692	0.4495688790856226
37	Smc2	12.260132	1.0807898	1.4825932088232586e-34	1.6473257875813986e-32	0.9651741293532339	0.8319631040705835
37	Kif11	12.222618	1.4491929	2.353794241165909e-34	2.4776781485956936e-32	0.8955223880597015	0.5259675155404051
37	Incenp	11.9906	1.3861073	3.9801378735345924e-33	3.980137873534592e-31	0.8805970149253731	0.5602566673350712
37	Cdk1	11.930295	1.384191	8.228106321504454e-33	7.8362917347661464e-31	0.8905472636815921	0.652897533587327
37	Ndc80	11.831229	1.3062892	2.691707448419296e-32	2.447006771290269e-30	0.9104477611940298	0.6613194305193503
37	Cdca8	11.827243	1.2285172	2.822624804684088e-32	2.454456351899207e-30	0.9353233830845771	0.7425305795067174
37	Mki67	11.70834	1.2930555	1.1552016503757608e-31	9.626680419798006e-30	0.9751243781094527	0.775416081812713
37	Ckap2	11.669769	1.3119638	1.8191541466677728e-31	1.4553233173342182e-29	0.9104477611940298	0.6216162021255264
37	Aspm	11.458477	1.6627874	2.1323245066079357e-30	1.640249620467643e-28	0.8159203980099502	0.46901945057148586
37	Tpx2	11.26935	1.0154217	1.8593665304045472e-29	1.3773085410404053e-27	0.9800995024875622	0.8379787447363144
37	Dlgap5	11.2547245	1.4480579	2.1951066834858368e-29	1.5679333453470262e-27	0.8159203980099502	0.4760376980148386
37	G2e3	11.032577	1.3943187	2.6612987179260988e-28	1.8353784261559302e-26	0.8009950248756219	0.4471626228193303
37	Aurkb	10.913769	1.413099	9.906204042270668e-28	6.604136028180445e-26	0.8159203980099502	0.4349308201323441
37	Plk1	10.850775	1.5070212	1.9774123663916047e-27	1.2757499138010354e-25	0.7661691542288557	0.3916182073390816
37	Sgo1	10.780408	1.1993546	4.259912322261649e-27	2.6624452014135306e-25	0.8805970149253731	0.5821134950872268
37	Dbf4	10.7056465	0.8035138	9.576009096148546e-27	5.803641876453664e-25	0.9900497512437811	0.9388409865650692
37	Knl1	10.568059	1.1239314	4.190805169917173e-26	2.465179511715984e-24	0.9402985074626866	0.6984158812913576
37	Cep55	10.496563	1.2332965	8.958285214004283e-26	5.119020122288161e-24	0.8557213930348259	0.554642069380389
37	Kif4	10.4483385	1.2128772	1.4911438214911764e-25	8.248080309911252e-24	0.8557213930348259	0.5255664728293563
37	Ccnb1	10.446154	1.5371398	1.5258948573335815e-25	8.248080309911252e-24	0.736318407960199	0.37637858431923
37	Kif18a	10.181544	1.2617986	2.3972545916123197e-24	1.2617129429538525e-22	0.8109452736318408	0.5285742931622218
37	Ect2	10.143383	1.0680664	3.5460146145091596e-24	1.8184690330816202e-22	0.9154228855721394	0.6547022257870463
37	Anln	9.819335	0.91583264	9.295470303819128e-23	4.647735151909564e-21	0.9601990049751243	0.8401844796470824
37	Aurka	9.811314	1.452705	1.0064963819537081e-22	4.821444847832287e-21	0.746268656716418	0.4381391618207339
37	Malat1	9.810713	0.7355997	1.0125034180447804e-22	4.821444847832287e-21	1.0	1.0
37	Cdc20	9.307074	1.2277608	1.3140327593431652e-20	6.111780276014722e-19	0.8109452736318408	0.528173250451173
37	Ccnf	9.252365	1.2897081	2.1957996003989754e-20	9.980907274540797e-19	0.7114427860696517	0.35412071385602567
37	Depdc1a	9.081851	1.1431724	1.067438477741866e-19	4.7441710121860714e-18	0.7562189054726368	0.4305193503108081
37	Spdl1	9.06881	1.1677197	1.2032358765398413e-19	5.231460332781919e-18	0.7562189054726368	0.485662723080008
37	Kif18b	8.988668	1.1947287	2.5024286735953396e-19	1.0481601448934365e-17	0.7213930348258707	0.34890715861239224
37	Tubb5	8.988092	0.6642284	2.5155843477442476e-19	1.0481601448934365e-17	0.9950248756218906	0.9869661118909164
37	Arhgap11a	8.90346	0.9798735	5.413230088222697e-19	2.209481668662325e-17	0.8606965174129353	0.6095849207940646
37	Pclaf	8.888138	0.7815148	6.214161384545848e-19	2.485664553818339e-17	0.9701492537313433	0.8676559053539202
37	Ncapg	8.793202	0.98872924	1.453562652782837e-18	5.700245697187597e-17	0.845771144278607	0.5528373771806697
37	Kif14	8.7120285	1.3899705	2.9848525691036074e-18	1.148020218886003e-16	0.6318407960199005	0.2997794265089232
37	Gas2l3	8.545981	1.3177911	1.274484617018314e-17	4.809375913276656e-16	0.6567164179104478	0.3450972528574293
37	Cdkn2d	8.484092	1.3538215	2.1740935223038016e-17	8.05219823075482e-16	0.6368159203980099	0.3176258271505915
37	Lockd	8.442977	0.8488393	3.09356637186785e-17	1.1249332261337636e-15	0.9203980099502488	0.75275716863846
37	Trim59	8.356735	0.77566653	6.447779871909047e-17	2.3027785256818024e-15	0.9154228855721394	0.7942650892320032
37	Ccna2	8.269941	0.9046243	1.3402496852008237e-16	4.702630474388855e-15	0.8606965174129353	0.6284339282133548
37	Pbk	8.016477	0.8572492	1.0882198760320263e-15	3.752482331144918e-14	0.8656716417910447	0.6360537397232805
37	Kpna2	7.853143	1.3494306	4.0573779805112024e-15	1.3753823662749839e-13	0.572139303482587	0.25827150591538
37	Fbxo5	7.8063602	0.94609797	5.886327267501669e-15	1.962109089167223e-13	0.7562189054726368	0.4547824343292561
37	Cenpa	7.790245	0.8566495	6.687923494746241e-15	2.1927618015561447e-13	0.9104477611940298	0.7603769801483858
37	Pimreg	7.7292924	1.043154	1.0814582776592678e-14	3.4885750892234446e-13	0.7064676616915423	0.41367555644676157
37	Kif2c	7.5866137	1.0800953	3.2837489090878076e-14	1.0261715340899398e-12	0.6467661691542289	0.3561259274112693
37	2700099C18Rik	7.522923	0.9576825	5.356499820804099e-14	1.6481537910166459e-12	0.7562189054726368	0.46581110888309607
37	Knstrn	7.3764973	0.7162756	1.6250823994561103e-13	4.829894499412913e-12	0.8805970149253731	0.7118508121114899
37	Parpbp	7.2631416	1.1406648	3.78201577317499e-13	1.0805759351928542e-11	0.6069651741293532	0.31822739121716465
37	Pttg1	7.2120595	0.8464497	5.511186240688008e-13	1.5524468283628192e-11	0.8258706467661692	0.6256266292360136
37	Iqgap3	7.164796	1.0392303	7.790246429202177e-13	2.163957341445049e-11	0.6467661691542289	0.3791858832965711
37	Kif15	7.0663304	0.81293786	1.59084478842321e-12	4.3584788723923564e-11	0.8159203980099502	0.5383998395829156
37	Ndufa5	6.8671412	0.5750478	6.550112412236362e-12	1.7703006519557736e-10	0.9402985074626866	0.8820934429516744
37	Tubb4b	6.822784	0.63053375	8.929296640007427e-12	2.3811457706686475e-10	0.9502487562189055	0.8470022057349108
37	Fam83d	6.722469	1.3171114	1.7867086489438972e-11	4.701864865641835e-10	0.48756218905472637	0.20774012432324043
37	Bub1b	6.5746264	0.8872958	4.877551932640584e-11	1.250654341702714e-09	0.6318407960199005	0.3446962101463806
37	Hsp90aa1	6.5718884	0.47303075	4.9681077131655505e-11	1.2577487881431773e-09	1.0	0.9719270102265891
37	H1f0	6.377671	0.58007586	1.7980138443464607e-10	4.4950346108661516e-09	0.9701492537313433	0.8700621616202125
37	Cavin2	6.2749543	0.51319313	3.49736882507281e-10	8.635478580426691e-09	0.9900497512437811	0.9793463003809906
37	Fkbp11	6.266645	0.58517957	3.689103178070793e-10	8.997812629440958e-09	0.8855721393034826	0.824543813916182
37	Prim1	6.0519896	0.6565914	1.430677066754047e-09	3.366298980597757e-08	0.8407960199004975	0.6873872067375175
37	Cdkn3	6.031192	0.80875176	1.6275495404293519e-09	3.784998931231051e-08	0.6915422885572139	0.4668137156607179
37	C330027C09Rik	6.0144525	0.6482483	1.8049561502306444e-09	4.149324483288838e-08	0.7810945273631841	0.5883296571084821
37	Il1rl1	5.9331584	0.4574321	2.9716204215510513e-09	6.677798700114722e-08	0.9601990049751243	0.9566873872067375
37	Mastl	5.896606	0.78237826	3.7105456860844725e-09	8.245657080187717e-08	0.6666666666666666	0.44054541808702624
37	Cep128	5.888849	0.68534917	3.8889512627004876e-09	8.547145632308764e-08	0.7661691542288557	0.548024864648085
37	Ddias	5.766151	0.833503	8.110244666861477e-09	1.7630966667090169e-07	0.6517412935323383	0.4164828554241027
37	Acta2	5.6428766	0.962636	1.6723215144445613e-08	3.558130881796939e-07	0.736318407960199	0.5486264287146582
37	Gm10801	5.6208057	0.77164066	1.9006868285521175e-08	4.001445954846563e-07	0.681592039800995	0.4335271706436736
37	Gm17501	5.5641522	0.80972713	2.634300474278734e-08	5.431547369646874e-07	0.7014925373134329	0.5245638660517346
37	Mustn1	5.5591326	0.8960367	2.7111836855680894e-08	5.533027929730794e-07	0.6616915422885572	0.46520954481652294
37	Anxa5	5.4285336	0.42502376	5.6818930568196575e-08	1.1251273379840905e-06	0.9751243781094527	0.942049328253459
37	Cdkn2c	5.415565	0.6573801	6.10954684415491e-08	1.197950361599002e-06	0.6766169154228856	0.46701423701624223
37	Kif20a	5.3911886	0.87827396	6.999310923378903e-08	1.34620125975856e-06	0.5323383084577115	0.3150190495287748
37	Fbln2	5.391165	0.504471	7.000246550744512e-08	1.34620125975856e-06	0.9353233830845771	0.8806897934630038
37	Rpa3	5.387995	0.5077782	7.124818624979279e-08	1.3571083095198627e-06	0.8855721393034826	0.7387206737517545
37	Fkbp3	5.316667	0.38355246	1.0568520821389081e-07	1.97542445259609e-06	0.9800995024875622	0.9659113695608582
37	Gm26870	5.107079	0.71545064	3.271766367159368e-07	6.003241040659391e-06	0.746268656716418	0.5630639663124123
37	Adam12	5.089067	0.911255	3.5982912244528316e-07	6.54234768082333e-06	0.4925373134328358	0.29576899939843593
37	Ubald2	5.079341	0.714897	3.787469605462725e-07	6.824269559392298e-06	0.6766169154228856	0.50551433727692
37	1600019K03Rik	5.0538116	0.92491335	4.3307868131477665e-07	7.733547880621012e-06	0.5572139303482587	0.37677962703027873
37	H2afz	5.017115	0.32462242	5.245312342118347e-07	9.283738658616543e-06	0.9950248756218906	0.9959895728895127
37	Diaph3	4.9770327	0.42646214	6.456650362777381e-07	1.1132155797892036e-05	0.9303482587064676	0.8474032484459595
37	Pif1	4.947445	1.0516541	7.519405578104259e-07	1.2853684748896169e-05	0.373134328358209	0.1608181271305394
37	Timp1	4.8987403	0.5479536	9.645307224517844e-07	1.6347978346640414e-05	0.900497512437811	0.8127130539402446
37	Cald1	4.8796234	0.36302572	1.0628857398829781e-06	1.786362588038619e-05	0.9900497512437811	0.9909765390014037
37	Tm4sf1	4.871242	0.3778854	1.1089898406148651e-06	1.8390673385850338e-05	0.9850746268656716	0.9536795668738721
37	Gm12185	4.8705935	0.7433999	1.1126357398439454e-06	1.8390673385850338e-05	0.5572139303482587	0.3577300982554642
37	Gen1	4.8542385	0.6846853	1.2085021084103491e-06	1.9491969490489503e-05	0.5572139303482587	0.3418889111690395
37	Filip1l	4.742876	0.44954056	2.1070502115362807e-06	3.371280338458049e-05	0.9303482587064676	0.8608381792660919
37	Steap1	4.715546	0.46341386	2.4106343305758613e-06	3.826403699326764e-05	0.8905472636815921	0.821736514938841
37	9930111J21Rik2	4.6803627	0.76398706	2.8636809612267046e-06	4.5097337972074086e-05	0.4925373134328358	0.28754762382193705
37	Amotl2	4.648013	0.48556268	3.3514790217927517e-06	5.2366859715511746e-05	0.8159203980099502	0.6869861640264688
37	Uqcrb	4.6295686	0.4126936	3.664282686263923e-06	5.6810584283161594e-05	0.9104477611940298	0.8441949067575697
37	Ccdc80	4.5737553	0.74258065	4.790590917115125e-06	7.258471086538067e-05	0.5522388059701493	0.3669540806095849
37	Actb	4.5616994	0.25466934	5.074126853642553e-06	7.630265945327148e-05	1.0	1.0
37	Vgll3	4.527885	0.52630025	5.957704681706543e-06	8.761330414274327e-05	0.8059701492537313	0.672749147784239
37	Rad51ap1	4.3987026	0.5359676	1.0889993261515844e-05	0.00015446798952504744	0.6666666666666666	0.4626027671947062
37	Eif2b3	4.306505	0.50190884	1.65854109599744e-05	0.00023035292999964445	0.7810945273631841	0.6928012833366753
37	Lin54	4.303983	0.49256322	1.6775422741273276e-05	0.00023138514125894177	0.7810945273631841	0.5941447764186886
37	Eif4a3	4.2923837	0.42438656	1.7676516089544918e-05	0.0002388718390479043	0.8557213930348259	0.7545618608381792
37	Cenph	4.2851067	0.4868628	1.826514056064099e-05	0.0002451696719549126	0.7412935323383084	0.5987567675957489
37	Tpm2	4.275116	0.41910535	1.910376690049958e-05	0.00025471689200666107	0.9104477611940298	0.805694806496892
37	Cd63	4.2476897	0.3668656	2.159861084747569e-05	0.0002860743158606052	0.9950248756218906	0.9831562061359534
37	Psma2	4.2204075	0.36186033	2.4386093471992133e-05	0.0003208696509472649	0.9502487562189055	0.9033487066372569
37	Crim1	4.213899	0.45700794	2.509992131329887e-05	0.0003281035465790702	0.900497512437811	0.8249448566272308
37	Erdr1	4.1947346	0.4320195	2.731913569667991e-05	0.0003547939700867521	0.9651741293532339	0.9606978143172248
37	Hist1h3c	4.1752815	0.8055607	2.9761773013460278e-05	0.00038402287759303587	0.4577114427860697	0.2871465811108883
37	Tyms	4.116058	0.44030383	3.8540729204933e-05	0.0004817591150616625	0.845771144278607	0.726288349709244
37	Ubb	4.1061873	0.36751348	4.02243092364872e-05	0.0004965964103270025	0.9552238805970149	0.922197714056547
37	Magoh	4.075543	0.3727038	4.590709594300079e-05	0.0005632772508343655	0.8756218905472637	0.8038901142971726
37	Prss23	4.0568824	0.6010212	4.973207259530419e-05	0.0006028130011552022	0.7512437810945274	0.6530980549428514
37	Pdia3	4.039711	0.31977907	5.351707993345941e-05	0.0006447840955838483	0.9900497512437811	0.966312412271907
37	Hspa5	3.9940085	0.3363819	6.496550164213451e-05	0.000778029959786042	0.9800995024875622	0.9627030278724684
37	Blvrb	3.9301019	0.34896302	8.490984149443923e-05	0.0009930975613384704	0.8805970149253731	0.8185281732504511
37	Prmt1	3.8434281	0.3771703	0.00012132752953567282	0.0014107852271589864	0.845771144278607	0.7551634249047523
37	Polq	3.8240473	0.5094837	0.00013127875347572487	0.0015176734505864147	0.5522388059701493	0.36956085823140167
37	Sec13	3.769771	0.36941314	0.0001633973935799743	0.001867398783771135	0.845771144278607	0.7485462201724483
37	Glis3	3.7318256	0.3978034	0.0001900970226054748	0.0021601934386985774	0.7114427860696517	0.5636655303789854
37	Ptchd4	3.6717856	0.4435354	0.00024086167126083512	0.0026911918576629622	0.6716417910447762	0.5396029677160618
37	Fam185a	3.6525488	0.4395795	0.0002596502236506872	0.002885002485007636	0.6865671641791045	0.5095247643874072
37	Pcf11	3.648466	0.42252037	0.0002638107206711476	0.002915035587526493	0.6865671641791045	0.5279727290956487
37	Psrc1	3.6254828	0.4891455	0.00028842214874617915	0.003152154631105783	0.6019900497512438	0.46300380990575496
37	Hmgn5	3.616669	0.3522867	0.0002984186573446575	0.00322614764696927	0.8756218905472637	0.8087026268297574
37	Serpinb8	3.561168	0.5764989	0.0003692089647882636	0.003927754944555995	0.417910447761194	0.2588730699819531
37	Usp14	3.5467103	0.27533525	0.00039007342635943854	0.004127761125496704	0.9850746268656716	0.9701223180268699
37	Inhba	3.54013	0.5190613	0.000399930271492901	0.004209792331504221	0.582089552238806	0.4273110086224183
37	Ncam1	3.537656	0.37441438	0.0004036953925307816	0.004227176885139074	0.8955223880597015	0.8006817726087828
37	Cope	3.5333812	0.39426875	0.00041028027054468535	0.004273752818173806	0.7512437810945274	0.6532985762983757
37	Kcnip4	3.5216134	0.65068483	0.0004289290815164829	0.004399272630938286	0.4527363184079602	0.29997994786444754
37	Hist1h4d	3.5042498	0.46821532	0.00045789549785904007	0.0046724030393779595	0.6119402985074627	0.47302987768197313
37	Dbi	3.4751904	0.23930264	0.000510490720674988	0.005169876513546663	0.9950248756218906	0.9883697613795869
37	Anxa3	3.4622939	0.3123306	0.0005355919856015361	0.005382834026146092	0.9353233830845771	0.8804892721074794
37	Gm30624	3.4483166	0.8304484	0.0005640925039716633	0.0056128607360364504	0.39800995024875624	0.2646881892921596
37	2010300F17Rik	3.4381096	0.57294565	0.0005857902361641169	0.005799903328357592	0.46766169154228854	0.32484459594946863
37	Tagln	3.4161592	0.5069086	0.000635111285788961	0.006257254047181881	0.472636815920398	0.3264487667936635
37	Rbbp7	3.4092665	0.205612	0.0006513781279509238	0.006386060077950234	0.9950248756218906	0.9945859234008422
37	Hist1h1b	3.3521564	0.41854718	0.0008018470617102214	0.0077473146058958595	0.7412935323383084	0.5821134950872268
37	Fam198b	3.3366902	0.36239883	0.0008478243104853026	0.008152156831589447	0.7761194029850746	0.6577100461199118
37	4921524L21Rik	3.335105	0.55827963	0.0008526718895183441	0.008159539612615733	0.527363184079602	0.38219370362943655
37	Pcolce	3.317117	0.36604264	0.0009095151251689968	0.008662048811133303	0.7711442786069652	0.6873872067375175
37	Actg1	3.3087835	0.21969636	0.0009370227666797377	0.008881732385589931	0.9751243781094527	0.9741327451373571
37	Prdx4	3.279772	0.27431205	0.0010389096931898334	0.009755020593331769	0.8606965174129353	0.8618407860437136
37	Ddx39	3.270622	0.32218236	0.0010731124168303215	0.009982441086793688	0.8258706467661692	0.7473430920393022
37	Pard3b	3.2420669	0.4883465	0.0011866614001697477	0.010936971430135924	0.5522388059701493	0.4038500100260678
37	Mettl15	3.2402177	0.44754687	0.0011943846466503057	0.0109576573087184	0.7711442786069652	0.6615199518748747
37	Col5a2	3.236183	0.3081553	0.0012113968245383968	0.011012698404894517	0.9104477611940298	0.8903148185281733
37	Slpi	3.2025845	0.52094245	0.0013620028208577606	0.01232581738332815	0.6218905472636815	0.5159414477641869
37	Gm37768	3.177584	0.374578	0.0014850769750976026	0.013319076009843969	0.7064676616915423	0.5660717866452777
37	Gm44686	3.159596	0.4806498	0.0015798807875770072	0.014043384778462285	0.4427860696517413	0.3015841187086425
37	Eda2r	3.143289	0.3563248	0.0016706077915778226	0.014760127211874145	0.7910447761194029	0.6998195307800281
37	Ddit3	3.1424725	0.38579917	0.0016752744385477155	0.014760127211874145	0.6318407960199005	0.5307800280729897
37	Mad1l1	3.1306086	0.30685693	0.0017444448979414787	0.01530214822755683	1.0	0.9825546420693804
37	Ncapg2	3.1200416	0.3038462	0.0018082553483956048	0.01579262313009262	0.8208955223880597	0.6446761580108281
37	S100a7a	3.1059442	0.38068223	0.001896725428725552	0.016472618335312574	0.6666666666666666	0.5329857629837578
37	Catsperd	3.1050315	0.45836174	0.0019025874177286024	0.016472618335312574	0.7761194029850746	0.6962101463805895
37	Cntln	3.0600495	0.36066297	0.002213003971606614	0.019039963426053078	0.7512437810945274	0.6504912773210347
37	Ecm1	3.059353	0.41844556	0.002218155739135184	0.019039963426053078	0.5920398009950248	0.45618608381792664
37	Lox	3.0509233	0.29170844	0.0022813874485051342	0.019448701211708785	0.8805970149253731	0.8423902145578505
37	Ly6c1	3.050419	0.6059837	0.002285222392375782	0.019448701211708785	0.39800995024875624	0.27311008622418287
37	Tmem196	3.0432622	0.6599086	0.0023402823024288345	0.019832900868040973	0.3582089552238806	0.22578704632043312
37	Rad51b	3.02782	0.30826724	0.00246324746667353	0.020732481628739842	0.7611940298507462	0.616402646881893
37	Ereg	3.0055811	0.32734266	0.0026507382611031536	0.02199782789297223	0.7064676616915423	0.5859234008421897
37	Cst3	3.0023391	0.22890377	0.002679136297543373	0.022123685453282547	0.9701492537313433	0.9651092841387607
37	Id2	2.9872088	0.33835497	0.002815372492481874	0.02307682370886782	0.6716417910447762	0.550230599558853
37	Grem2	2.9801722	0.3063187	0.0028808635779991047	0.023421655105683777	0.8905472636815921	0.7613795869260076
37	Psmb6	2.9759214	0.27054226	0.0029210972437612873	0.023652609261224998	0.9253731343283582	0.9043513134148787
37	Macrod2	2.9728475	0.38643697	0.002950511575207607	0.02379444818715812	0.572139303482587	0.44996992179667133
37	Gm26737	2.9520974	0.43597424	0.003156232536629343	0.025249860293034745	0.5124378109452736	0.37718066974132747
37	Fmn1	2.9389608	0.40000558	0.0032931479011829904	0.02624022232018319	0.5671641791044776	0.44235011028674553
37	Nupr1	2.9366312	0.30816776	0.003317984541852283	0.026333210649621294	0.8606965174129353	0.7639863645478243
37	Hist1h1e	2.913864	0.37182176	0.003569853976784266	0.028220189539796568	0.8656716417910447	0.7551634249047523
37	Ankrd1	2.9099014	0.564446	0.003615428546366355	0.0284679413099713	0.373134328358209	0.24222979747343093
37	Tnnt2	2.8948913	0.38740432	0.003792898076049413	0.02963201621913604	0.6019900497512438	0.48345698816924004
37	S100a11	2.8679934	0.19229622	0.004130841636786442	0.03202202819214296	0.9701492537313433	0.9805494285141367
37	Lrrc17	2.820898	0.45272323	0.0047889431606361315	0.03652701861156633	0.5223880597014925	0.4046520954481652
37	Spp1	2.7886925	0.39121187	0.005292128882901868	0.03994059534265561	0.5771144278606966	0.47142570683777824
37	Wdpcp	2.7874196	0.4387378	0.005312963042512844	0.039947090545209354	0.4577114427860697	0.3358732705033086
37	Fancd2	2.7135944	0.54779226	0.006655760548630535	0.0489642537123082	0.3582089552238806	0.2412271906958091
37	Wwox	2.7134264	0.31117713	0.0066591385048739155	0.0489642537123082	0.6368159203980099	0.5205534389412473
37	Junos	-2.7183256	-0.30220443	0.006561324745107916	0.04860240551931789	0.7562189054726368	0.7553639462602767
37	Prdm10	-2.7649887	-0.5582534	0.005692477294628336	0.04232325126117722	0.46766169154228854	0.514337276919992
37	mt-Atp8	-2.769912	-0.21638072	0.005607144747549668	0.04184436378768409	0.9502487562189055	0.955283737718067
37	Slc44a1	-2.7739227	-0.55919147	0.0055384848423691985	0.04148677784546216	0.5174129353233831	0.5490274714257068
37	Idi1	-2.816575	-0.45214573	0.004853869559600717	0.03677173908788422	0.5223880597014925	0.6049729296170042
37	Scd1	-2.8199372	-0.47362062	0.004803302947420972	0.03652701861156633	0.5870646766169154	0.6246240224583918
37	Plxna2	-2.8352835	-0.6472985	0.004578502630828387	0.03508431134734396	0.34328358208955223	0.43753759775416085
37	Ube2e2	-2.8402789	-0.3256867	0.004507410681459304	0.034672389857379256	0.7263681592039801	0.7365149388409865
37	Gm10701	-2.8563216	-0.39767385	0.00428580775993269	0.03309504061724085	0.7611940298507462	0.7800280729897734
37	CT010467.1	-2.885357	-0.7426136	0.003909700657248467	0.0304256860486262	0.3283582089552239	0.41347503509123723
37	Nup210l	-2.9055305	-1.102909	0.003666311940407293	0.028755387767900337	0.19900497512437812	0.2991778624423501
37	Ccne2	-2.9646819	-0.7337156	0.0030299605901120395	0.024337032852305537	0.39303482587064675	0.45959494686184077
37	Ypel5	-2.9848793	-0.45448434	0.0028369017493680344	0.02315838162749416	0.5174129353233831	0.5933426909965911
37	Magi2	-3.0013304	-0.37273368	0.0026880277825738295	0.022123685453282547	0.8208955223880597	0.8187286946059755
37	Spaca6	-3.017133	-0.49784097	0.002551779185624866	0.021264826546873884	0.48756218905472637	0.5614597954682173
37	Mxd4	-3.0207834	-0.638194	0.002521217080248581	0.021098050880741265	0.5174129353233831	0.5536394626027672
37	Mt1	-3.0273397	-0.22318599	0.002467165313820041	0.020732481628739842	0.9800995024875622	0.982354120713856
37	Agl	-3.1637506	-0.30196285	0.0015575014337580065	0.013906262801410772	0.9850746268656716	0.9811509925807098
37	Pcdh7	-3.182291	-0.32234064	0.0014611489191572009	0.013163503776190999	0.8805970149253731	0.8682574694204933
37	Peak1	-3.2368314	-0.2548382	0.0012086477142937513	0.011012698404894517	0.945273631840796	0.9504712251854822
37	Zfp608	-3.2665393	-0.70649964	0.0010887070262813208	0.010080620613715934	0.40298507462686567	0.4870663725686786
37	Zfp36l1	-3.2756653	-0.3678996	0.0010541338006658833	0.009851717763232555	0.7711442786069652	0.7834369360336876
37	Selenow	-3.2963912	-0.35911205	0.0009793554088922082	0.00923920197068121	0.7661691542288557	0.7816322438339683
37	Ptgs2	-3.357488	-0.32258564	0.0007865416961952545	0.0076363271475267435	0.8955223880597015	0.8764788449969921
37	Pdzrn3	-3.3790543	-0.40187827	0.0007273562826049294	0.007096158854682239	0.7761194029850746	0.7972729095648686
37	Ssfa2	-3.459556	-0.502119	0.0005410666496926982	0.005410666496926981	0.6417910447761194	0.6591136956085824
37	Tanc2	-3.474494	-0.31412005	0.0005118177748411197	0.005169876513546663	0.9253731343283582	0.9213956286344496
37	Gm38399	-3.5227423	-0.43411103	0.0004271065805335252	0.004399272630938286	0.7512437810945274	0.7617806296370564
37	Prkdc	-3.5243273	-0.7345322	0.00042455952685281384	0.004399272630938286	0.39800995024875624	0.48064968919189893
37	Trps1	-3.5710385	-0.44518152	0.00035556871663516707	0.003802873974707669	0.7910447761194029	0.7856426709444556
37	Pdpn	-3.6100886	-0.44743437	0.000306092572877839	0.003291317987933753	0.6766169154228856	0.7082414277120513
37	Dclk1	-3.6188064	-0.35917994	0.0002959650583815011	0.0032170115041467513	0.8905472636815921	0.9280128333667536
37	Slc6a6	-3.6275961	-0.36718488	0.00028607224418254697	0.0031436510349730435	0.7611940298507462	0.7714056547022258
37	Flrt2	-3.7214987	-0.43672457	0.0001980438005323897	0.002225211241936963	0.8059701492537313	0.7884499699217967
37	Sox4	-3.7252214	-0.6864141	0.0001951439553056265	0.0022050164441313734	0.5522388059701493	0.60156406657309
37	Itpr2	-3.8151853	-0.5787439	0.00013608077388531692	0.0015641468262680108	0.5671641791044776	0.6492881491878885
37	Trib1	-3.955799	-0.6211098	7.627923776733819e-05	0.0008974027972628022	0.6069651741293532	0.6498897132544617
37	Fmnl2	-3.9760447	-0.390756	7.007098083527277e-05	0.0008292423767487902	0.8606965174129353	0.8656506917986766
37	Ccnd1	-3.983898	-0.30854365	6.779401772207321e-05	0.0008070716395484905	0.9054726368159204	0.9302185682775216
37	Insig1	-4.057363	-0.64818966	4.9629937625876756e-05	0.0006028130011552022	0.47761194029850745	0.589933827952677
37	Plpp3	-4.1063313	-0.47290424	4.019923700135734e-05	0.0004965964103270025	0.7960199004975125	0.815119310206537
37	Metrn	-4.132557	-0.47799775	3.587496873745454e-05	0.0004512574683956546	0.7213930348258707	0.7892520553438941
37	Maml3	-4.132701	-0.76521534	3.585247733785185e-05	0.0004512574683956546	0.5572139303482587	0.6194104672147583
37	Csrp2	-4.1347184	-0.5772653	3.5539000261136476e-05	0.0004512574683956546	0.5970149253731343	0.6899939843593342
37	Gm11884	-4.169806	-0.4590158	3.0485917323832058e-05	0.0003908450938952828	0.8706467661691543	0.8788851012632846
37	Cebpd	-4.2992764	-1.1792148	1.71356756438095e-05	0.0002331384441334626	0.2537313432835821	0.39843593342690997
37	Srgap3	-4.300549	-0.74538755	1.7037539708027394e-05	0.0002331384441334626	0.4925373134328358	0.5963505113294566
37	Apbb2	-4.3445945	-0.54650676	1.395331625916839e-05	0.00019515127635200548	0.6865671641791045	0.741126930018047
37	Eef2	-4.3849416	-0.2797549	1.1601699209766646e-05	0.00016340421422206546	0.9950248756218906	0.9915781030679768
37	Tenm4	-4.423703	-0.4898241	9.702325090771742e-06	0.00013860464415388203	0.8656716417910447	0.8445959494686184
37	Gsta4	-4.433742	-0.62270516	9.26114523297308e-06	0.00013325388824421695	0.6368159203980099	0.7070382995789052
37	Ier3	-4.466548	-0.54513025	7.949188143318223e-06	0.00011520562526548147	0.6517412935323383	0.7238820934429516
37	Pbx1	-4.4942145	-0.6176412	6.9827272827143644e-06	0.00010193762456517319	0.6517412935323383	0.7062362141568077
37	Gpr149	-4.535402	-0.5410197	5.749392292488344e-06	8.517618211093843e-05	0.7860696517412935	0.7968718668538199
37	Gm28438	-4.552189	-0.59211713	5.3090606389834885e-06	7.92397110296043e-05	0.7313432835820896	0.7808301584118709
37	Tanc1	-4.5884533	-0.6275055	4.465423877703219e-06	6.817441034661403e-05	0.6766169154228856	0.7132544616001604
37	Nrp2	-4.5992846	-0.43511507	4.239446384837135e-06	6.522225207441746e-05	0.900497512437811	0.8981351513936234
37	Gas7	-4.862716	-0.46246818	1.157858156426817e-06	1.8826961893118974e-05	0.8557213930348259	0.8634449568879086
37	Mast4	-4.86519	-0.4720978	1.1434700704083739e-06	1.874541099030121e-05	0.8606965174129353	0.8712652897533587
37	Ngef	-4.9846215	-0.8433507	6.208322250199556e-07	1.0797082174260098e-05	0.417910447761194	0.5805093242430319
37	Frmd4a	-4.9956927	-0.38024276	5.862489281107791e-07	1.0285068914224195e-05	0.9601990049751243	0.9362342089432525
37	Limd2	-5.1617875	-0.8403831	2.446026016833518e-07	4.529677808950959e-06	0.44776119402985076	0.5891317425305795
37	Gm42418	-5.385809	-0.4737139	7.211945416520899e-08	1.3607444182114905e-06	1.0	0.997794265089232
37	Ppp3ca	-5.4309354	-0.40964702	5.605946933782819e-08	1.1211893867565637e-06	0.9850746268656716	0.9717264888710647
37	Prkca	-5.5226283	-0.38291335	3.33965501839874e-08	6.746777814946949e-07	0.9751243781094527	0.9719270102265891
37	Arhgap24	-5.598759	-0.6999729	2.1589139183279864e-08	4.4977373298499717e-07	0.746268656716418	0.7944656105875276
37	mt-Rnr2	-5.7160535	-0.4751233	1.090264370971474e-08	2.3446545612289764e-07	1.0	1.0
37	Fgfr1	-5.9336147	-0.68824	2.9633693576217324e-09	6.677798700114722e-08	0.7611940298507462	0.8371766593142169
37	Cd34	-6.158068	-0.712358	7.363756538839531e-10	1.7532753663903643e-08	0.6915422885572139	0.8145177461399639
37	Sox9	-6.2597523	-0.5746057	3.8558965243732433e-10	9.291316926200586e-09	0.8955223880597015	0.9223982354120713
37	Ank	-6.633754	-0.60587734	3.272556729610346e-11	8.500147349637262e-10	0.900497512437811	0.9209945859234009
37	Gm26917	-7.278848	-0.84162295	3.366825024947613e-13	9.758913115790181e-12	0.8557213930348259	0.8895127331060758
37	Scd2	-7.3751044	-0.77220625	1.6421641298003906e-13	4.829894499412913e-12	0.835820895522388	0.9258070984559855
37	Timp3	-7.5012364	-0.7701132	6.321862293000004e-14	1.9157158463636376e-12	0.8955223880597015	0.928814918788851
37	Rplp0	-7.7131057	-0.52990144	1.2279219068003265e-14	3.8981647834930997e-13	1.0	0.9987968718668538
38	Prc1	23.374655	2.21299	7.739242667448523e-121	1.5478485334897046e-117	0.9945205479452055	0.7443499896330085
38	Top2a	22.2614	1.9901466	8.747244822142769e-110	8.74724482214277e-107	1.0	0.8652291105121294
38	Cenpf	20.94949	2.0859647	1.896539164784791e-97	1.2643594431898608e-94	0.9753424657534246	0.7053701015965167
38	Nusap1	20.745451	2.1353261	1.3475710607864322e-95	6.737855303932161e-93	0.9232876712328767	0.4860045614762596
38	Kif20b	19.271217	1.631546	9.370498623460407e-83	3.748199449384163e-80	0.9863013698630136	0.7211279286750985
38	Cenpe	18.562653	1.6686782	6.444188874904407e-77	2.148062958301469e-74	0.9780821917808219	0.7592784573916649
38	Birc5	18.331993	1.2161044	4.597512166492524e-75	1.3135749047121494e-72	0.9972602739726028	0.8923906282396848
38	Ube2c	17.783213	1.7087529	9.53563083088934e-71	2.383907707722335e-68	0.8931506849315068	0.5871863985071533
38	Mis18bp1	17.75226	1.5381627	1.6555690658737588e-70	3.6790423686083532e-68	0.9260273972602739	0.5950653120464441
38	Sgo2a	17.045362	1.5623776	3.783921414401119e-65	7.567842828802238e-63	0.8904109589041096	0.5444743935309974
38	Kif11	16.830414	1.5386868	1.4607836958847678e-63	2.6559703561541233e-61	0.8876712328767123	0.5139954385237404
38	Hmmr	16.770302	1.4356027	4.024596512121413e-63	6.707660853535688e-61	0.9671232876712329	0.6976985278872071
38	Spc25	16.70903	1.5963295	1.1265270819943682e-62	1.7331185876836433e-60	0.8657534246575342	0.48724860045614765
38	Smc4	16.482592	1.0433538	4.8940968075520624e-61	6.991566867931517e-59	0.9972602739726028	0.9359319925357661
38	Prr11	16.377392	1.4583129	2.773852108357326e-60	3.698469477809768e-58	0.8849315068493151	0.5523533070702882
38	Cdk1	15.957969	1.3567563	2.5075995170375682e-57	3.13449939629696e-55	0.9232876712328767	0.6423387932821895
38	Cks2	15.806104	1.3111823	2.8240001133003087e-56	3.322353074470951e-54	0.9424657534246575	0.7431059506531205
38	Cdca8	15.698675	1.2308034	1.5443455301514264e-55	1.7159394779460296e-53	0.9397260273972603	0.7356417167737922
38	Incenp	15.16528	1.3589869	6.004174024628439e-52	6.320183183819409e-50	0.8684931506849315	0.5502799087704748
38	Aspm	15.11896	1.5690552	1.2144550937158064e-51	1.2144550937158064e-49	0.8356164383561644	0.45573294629898403
38	Cep55	15.050458	1.3302935	3.4285442555710713e-51	3.26528024340102e-49	0.873972602739726	0.5430230147211279
38	Sgo1	15.011948	1.2852039	6.132031128061784e-51	5.574573752783441e-49	0.8821917808219178	0.5718432510885341
38	Mki67	14.961822	1.226631	1.3040750279574043e-50	1.1339782851803516e-48	0.9561643835616438	0.7700601285506946
38	Tpx2	14.714017	0.99704087	5.240231921551498e-49	4.366859934626248e-47	0.9780821917808219	0.8332987766950031
38	G2e3	14.428499	1.506881	3.4244944297321973e-47	2.7395955437857577e-45	0.7890410958904109	0.4360356624507568
38	Ckap2l	14.212808	1.3076534	7.630360287398254e-46	5.869507913383272e-44	0.8438356164383561	0.5312046444121916
38	Kif18a	14.186929	1.3340219	1.1038769504822868e-45	8.176866299868791e-44	0.8246575342465754	0.5179348952933859
38	Aurka	13.983144	1.4873114	1.975645420613841e-44	1.411175300438458e-42	0.7698630136986301	0.42587601078167114
38	Kif23	13.972324	1.4339914	2.2999488060025675e-44	1.586171590346598e-42	0.7835616438356164	0.4399751192204022
38	Knl1	13.866635	1.1293703	1.0089993961781674e-43	6.726662641187783e-42	0.9232876712328767	0.691478332987767
38	Anln	13.862612	0.9880464	1.06718666009668e-43	6.885075226430194e-42	0.9698630136986301	0.8353721749948165
38	Smc2	13.829104	0.9295502	1.701262568479175e-43	1.0632891052994843e-41	0.9753424657534246	0.8266639021356003
38	Arhgap11a	13.750652	1.2207485	5.047223125902823e-43	3.058923106607772e-41	0.8849315068493151	0.5992121086460709
38	Aurkb	13.710457	1.3614148	8.790214881992467e-43	5.170714636466156e-41	0.7917808219178082	0.42380261248185774
38	Ccnb1	13.016572	1.4222444	9.849448071029217e-39	5.6282560405881236e-37	0.7150684931506849	0.36574746008708275
38	Ect2	12.9892435	1.0576571	1.4081225012824275e-38	7.822902784902376e-37	0.8986301369863013	0.6471076093717603
38	Depdc1a	12.929349	1.3341119	3.074102403861128e-38	1.6616769750600695e-36	0.7561643835616438	0.41944847605224966
38	Plk1	12.899828	1.4066479	4.5110370713332676e-38	2.3742300375438253e-36	0.736986301369863	0.38109060750570184
38	Ccnf	12.781145	1.5105267	2.0897077326884985e-37	1.0716449911223069e-35	0.6904109589041096	0.3435620982790794
38	Kif18b	12.646532	1.4369338	1.1692265653363803e-36	5.846132826681902e-35	0.6986301369863014	0.33796392286958327
38	Ckap2	12.580495	1.0508068	2.703323223646938e-36	1.3186942554375306e-34	0.8767123287671232	0.6143479162347086
38	Dlgap5	12.286369	1.1904659	1.072141268418628e-34	5.105434611517276e-33	0.7753424657534247	0.4675513166079204
38	H1f0	12.0635195	0.8137302	1.645963866308341e-33	7.655645889806238e-32	0.9671232876712329	0.8668878291519801
38	Fbxo5	11.991048	1.1528016	3.958646580126975e-33	1.799384809148625e-31	0.7753424657534247	0.44308521667012235
38	Ndc80	11.984089	1.0044191	4.305511841507034e-33	1.9135608184475707e-31	0.863013698630137	0.6564379017209205
38	Dbf4	11.958627	0.7054334	5.852138915855407e-33	2.5444082242849595e-31	0.9835616438356164	0.9375907111756169
38	Ccna2	11.937098	0.97735304	7.582280609066654e-33	3.226502386836874e-31	0.8767123287671232	0.6193240721542609
38	Trim59	11.898262	0.8508645	1.2083790062706285e-32	5.034912526127619e-31	0.9287671232876712	0.7891353929089778
38	Gas2l3	11.799622	1.4096674	3.920687322603298e-32	1.600280539838081e-30	0.6547945205479452	0.3346464855898818
38	Kif4	11.690997	1.0949497	1.4171348052469214e-31	5.668539220987685e-30	0.7890410958904109	0.5193862741032552
38	Kif14	11.441761	1.4743127	2.5858414965559563e-30	1.0140554888454732e-28	0.6219178082191781	0.2892390628239685
38	Parpbp	11.434366	1.2902352	2.815837841606088e-30	1.08301455446388e-28	0.6493150684931507	0.30520422973253164
38	Spdl1	11.349681	1.0848963	7.44336855826735e-30	2.808818323874472e-28	0.7506849315068493	0.47688160895708065
38	Cdkn2d	11.094428	1.3846701	1.3351097481356618e-28	4.9448509190209695e-27	0.6301369863013698	0.30727762803234504
38	Kif2c	10.861992	1.2286724	1.7489305645205818e-27	6.35974750734757e-26	0.6547945205479452	0.3456354965788928
38	Lockd	10.52102	0.8271754	6.912119108738336e-26	2.4253049504345037e-24	0.9068493150684932	0.7480821065726726
38	Malat1	10.506939	0.5881436	8.025629440755045e-26	2.7674584278465673e-24	1.0	1.0
38	Tubb5	10.353842	0.59625834	4.0202336093856735e-25	1.362791054029042e-23	1.0	0.9863155712212316
38	Cdkn2c	10.273125	1.0453457	9.313799143121011e-25	3.104599714373671e-23	0.7205479452054795	0.45656230561890937
38	Pclaf	10.185141	0.68982637	2.3102477578669305e-24	7.57458281267846e-23	0.958904109589041	0.865021770682148
38	Cenpa	10.1292515	0.81840026	4.097730241237743e-24	1.3218484649154008e-22	0.9342465753424658	0.7534729421521874
38	Knstrn	10.0898	0.7824818	6.129460364411544e-24	1.945860433146522e-22	0.8958904109589041	0.704955421936554
38	Pbk	10.011565	0.8083257	1.355898239489987e-23	4.23718199840621e-22	0.8438356164383561	0.6298984034833092
38	Fam83d	9.940707	1.6795288	2.7685467853596374e-23	8.518605493414269e-22	0.4931506849315068	0.1978021978021978
38	Cdc20	9.913089	0.98809505	3.651785012185313e-23	1.106601518844034e-21	0.7616438356164383	0.522289031722994
38	Pimreg	9.438991	1.0428133	3.763869204137079e-21	1.1070203541579642e-19	0.6575342465753424	0.40742276591333193
38	Mastl	9.432901	0.9508793	3.988979546205868e-21	1.1562259554219906e-19	0.6931506849315069	0.4308521667012233
38	Pttg1	9.164474	0.7797786	4.9789213667112264e-20	1.402513061045416e-18	0.8301369863013699	0.6184947128343354
38	Kif15	9.00603	0.80074316	2.1364970613311081e-19	5.934714059253079e-18	0.7671232876712328	0.532656023222061
38	Iqgap3	8.883089	1.015377	6.502905106824474e-19	1.7816178374861575e-17	0.6328767123287671	0.37113829566659756
38	Tubb4b	8.866072	0.61248946	7.577157223514627e-19	2.047880330679629e-17	0.9315068493150684	0.8449098071739581
38	2700099C18Rik	8.437787	0.8283533	3.2340185599224274e-17	8.510575157690598e-16	0.6904109589041096	0.4609164420485175
38	C330027C09Rik	8.425572	0.7556766	3.589899653393095e-17	9.32441468413791e-16	0.7945205479452054	0.5807588637777317
38	Kpna2	8.375936	1.3228447	5.478682668639428e-17	1.4047904278562636e-15	0.4958904109589041	0.25336927223719674
38	Bub1b	8.310388	0.98638976	9.539025064166243e-17	2.414943054219302e-15	0.5780821917808219	0.33900062201948994
38	Ubald2	8.082681	0.84557325	6.335853934593098e-16	1.5839634836482745e-14	0.6876712328767123	0.49885963093510266
38	Il1rl1	7.9770637	0.51879317	1.4985575989657247e-15	3.700142219668456e-14	0.9780821917808219	0.9552145967240306
38	Pif1	7.8352203	1.4686204	4.680221096508043e-15	1.1415173406117179e-13	0.3972602739726027	0.15177275554634045
38	Acta2	7.777827	1.1662489	7.378102871897606e-15	1.7778561137102666e-13	0.6986301369863014	0.5450964130209414
38	Ndufa5	7.667661	0.49718317	1.7516087026068017e-14	4.170496910968575e-13	0.9205479452054794	0.8816089570806552
38	Cep128	7.4608674	0.69299805	8.595472241537011e-14	1.9759706302383935e-12	0.7424657534246575	0.5424009952311839
38	Fkbp3	7.383558	0.39404964	1.5411495493126198e-13	3.502612612074136e-12	0.9835616438356164	0.965166908563135
38	Gen1	6.9396696	0.8043972	3.9301815805965815e-12	8.362088469354428e-11	0.5506849315068493	0.3350611652498445
38	Timp1	6.7885838	0.59283215	1.1323960169002041e-11	2.3348371482478434e-10	0.8876712328767123	0.8106987352270371
38	Ncapg	6.712035	0.6203269	1.919284728082905e-11	3.83856945616581e-10	0.7424657534246575	0.5506945884304375
38	Fbln2	6.673181	0.49648717	2.5031755215455904e-11	4.956783210981367e-10	0.9315068493150684	0.8791208791208791
38	Cdkn3	6.582424	0.63870347	4.6283842884008866e-11	8.987153958059975e-10	0.6602739726027397	0.46153846153846156
38	Cavin2	6.5127077	0.38665783	7.38080220694629e-11	1.3926041899898662e-09	0.989041095890411	0.9790586771718848
38	Cald1	6.419523	0.38414222	1.3670217760078442e-10	2.5315218074219336e-09	0.9972602739726028	0.9904623678208584
38	Prim1	6.2762117	0.51418084	3.4692215046948253e-10	6.250849558008694e-09	0.8	0.6852581380883268
38	H3f3b	6.1191816	0.26253903	9.405714112842774e-10	1.6647281615650926e-08	0.9972602739726028	0.9960605432303545
38	Mustn1	5.975816	0.7366093	2.289413045265348e-09	3.913526573103159e-08	0.6082191780821918	0.46257516068836824
38	Hist1h4d	5.9518948	0.6440941	2.6505616982985202e-09	4.42396783720232e-08	0.6301369863013698	0.46692929711797637
38	Rpa3	5.9516587	0.43129528	2.6543807023213917e-09	4.42396783720232e-08	0.8328767123287671	0.7377151150736057
38	Hsp90aa1	5.89847	0.34710014	3.668877892370769e-09	6.064260979125238e-08	1.0	0.9709724238026125
38	Tagln	5.876524	0.8038256	4.189711606092099e-09	6.868379682118195e-08	0.4904109589041096	0.32013269749118806
38	Filip1l	5.8635483	0.42137906	4.530791514449837e-09	7.367140673902174e-08	0.8876712328767123	0.8617043334024466
38	Mettl15	5.8459516	0.48978797	5.036809016932832e-09	8.123885511181988e-08	0.7917808219178082	0.6562305618909392
38	Cd63	5.819402	0.363347	5.9058443085217976e-09	9.449350893634876e-08	0.9917808219178083	0.9829981339415301
38	H2afz	5.7342634	0.3032081	9.793690305127298e-09	1.5302641101761402e-07	1.0	0.9956458635703919
38	Kif20a	5.700067	0.70617664	1.1976048318857784e-08	1.8424689721319668e-07	0.4958904109589041	0.3103877254820651
38	Hist1h1b	5.687218	0.5178276	1.29125514274876e-08	1.9713818973263508e-07	0.7616438356164383	0.5751606883682355
38	Ddias	5.642619	0.5518419	1.6748263576303403e-08	2.5376156933793035e-07	0.6	0.4123989218328841
38	Cenph	5.5745516	0.4972961	2.481681831879199e-08	3.704002734148058e-07	0.7424657534246575	0.5938212730665561
38	Hist1h1e	5.418609	0.58685267	6.006448136440435e-08	8.768537425460488e-07	0.8356164383561644	0.7536802819821687
38	Uqcrb	5.2946887	0.34932283	1.1921932838546278e-07	1.715386019934716e-06	0.8904109589041096	0.8434584283640888
38	Col5a2	5.2718906	0.39900807	1.3502539691777173e-07	1.928934241682453e-06	0.9068493150684932	0.8899025502799087
38	Amotl2	5.257574	0.46465155	1.4596801444638308e-07	2.0704682900196184e-06	0.7835616438356164	0.6850507982583455
38	Gm17501	5.1749544	0.67176735	2.27966472314165e-07	3.1538399830092556e-06	0.6301369863013698	0.5239477503628447
38	1600019K03Rik	5.1743927	0.7002411	2.2865339876817102e-07	3.1538399830092556e-06	0.5205479452054794	0.3734190337963923
38	Tyms	5.1230884	0.3984484	3.00571225795344e-07	4.089404432589715e-06	0.8164383561643835	0.7244453659547999
38	Psrc1	5.092208	0.50414944	3.539174405385348e-07	4.750569671658186e-06	0.6219178082191781	0.4567696454488907
38	2010300F17Rik	4.9317894	0.7703955	8.147978256892253e-07	1.0650951969793794e-05	0.4575342465753425	0.32075471698113206
38	Gm26870	4.860605	0.55733997	1.1702765239505288e-06	1.4907981196822024e-05	0.6821917808219178	0.5616835994194485
38	Catsperd	4.858648	0.4371578	1.1819027034853016e-06	1.4960793715003818e-05	0.810958904109589	0.690856313497823
38	Tpm2	4.854407	0.38854364	1.2074751991647579e-06	1.5188367285091293e-05	0.852054794520548	0.8065519386274104
38	Fmn1	4.8390937	0.5208905	1.3043258531631833e-06	1.630407316453979e-05	0.5753424657534246	0.43748704126062615
38	Magoh	4.823653	0.35283557	1.4095225015153226e-06	1.7509596292115807e-05	0.8712328767123287	0.8017831225378396
38	Ncam1	4.734999	0.3756738	2.1905612497997827e-06	2.6878052144782608e-05	0.8575342465753425	0.8003317437279701
38	Cox7b2	4.7275147	0.33863774	2.272848007691917e-06	2.771765863038923e-05	0.873972602739726	0.8171262699564587
38	Anxa3	4.6837854	0.31565225	2.816248872913099e-06	3.353567062503348e-05	0.9232876712328767	0.8795355587808418
38	2610020C07Rik	4.6780586	0.39726245	2.8960360851973424e-06	3.4272616392867953e-05	0.6904109589041096	0.5413642960812772
38	Psma2	4.668218	0.3112714	3.038229709842044e-06	3.5743878939318164e-05	0.9424657534246575	0.9023429400787891
38	Hist1h3c	4.649045	0.7666148	3.3347562089334013e-06	3.8776234987597695e-05	0.42191780821917807	0.284055567074435
38	Crim1	4.634946	0.38938814	3.570311236263443e-06	4.1275274407669866e-05	0.8767123287671232	0.8241758241758241
38	Hist1h4c	4.6023073	0.6086054	4.17835805599598e-06	4.775266349709692e-05	0.4767123287671233	0.3329877669500311
38	Cst3	4.5645223	0.27409357	5.006327195086859e-06	5.656866887103796e-05	0.9808219178082191	0.9641302094132282
38	Fkbp11	4.5455666	0.3519976	5.47877036888592e-06	6.155921762793169e-05	0.8767123287671232	0.8231391250259175
38	Wdpcp	4.537357	0.5793816	5.696361523119613e-06	6.364649746502362e-05	0.4767123287671233	0.33029234916027367
38	Psmb6	4.5291114	0.3317676	5.92322640545577e-06	6.581362672728633e-05	0.9534246575342465	0.9015135807588638
38	Actb	4.435075	0.20440234	9.20403684228611e-06	9.950310099768768e-05	1.0	1.0
38	Alyref	4.362386	0.31489334	1.2865157625128712e-05	0.00013759526871795412	0.936986301369863	0.8668878291519801
38	Tnnt2	4.303235	0.40971658	1.683222676842171e-05	0.0001781188017822403	0.6246575342465753	0.477710968277006
38	Ppih	4.2972	0.5542601	1.7296903500662563e-05	0.000182072668428027	0.5232876712328767	0.3972631142442463
38	Diaph3	4.2545037	0.29789189	2.095129796173184e-05	0.00021599276249208082	0.9178082191780822	0.8455318266639021
38	F3	4.2035623	0.41579917	2.6274702654201926e-05	0.0002654010369111305	0.6794520547945205	0.5658303960190753
38	Cyr61	4.1418014	0.37068138	3.4458890557419415e-05	0.000346320508114768	0.7205479452054795	0.6197387518142236
38	Prdx4	4.13361	0.30131155	3.571093312466576e-05	0.0003571093312466576	0.9041095890410958	0.8585942359527265
38	Hmgn5	4.121577	0.31405035	3.762880912369027e-05	0.00037441601118099767	0.8876712328767123	0.8055152394775036
38	Adam12	4.1097426	0.62160593	3.96099941619741e-05	0.0003902462479012226	0.41643835616438357	0.29483723823346464
38	Tm4sf1	4.09809	0.25156748	4.1657293870860315e-05	0.0004084048418711796	0.9671232876712329	0.9539705577441426
38	Pard3b	4.085205	0.5015606	4.403787251004634e-05	0.0004275521602917121	0.5315068493150685	0.4003732116939664
38	Hist1h4h	4.059381	0.72681755	4.920298754981388e-05	0.00047310564951744117	0.3726027397260274	0.25336927223719674
38	Anxa5	4.0561914	0.23392762	4.987938735149607e-05	0.00047731471149757007	0.9643835616438357	0.9417375077752437
38	AC124595.1	3.9757645	0.39265803	7.015350244702496e-05	0.0006681285947335711	0.5041095890410959	0.37010159651669083
38	Vgll3	3.9715602	0.3682791	7.140345392365585e-05	0.0006768099897976858	0.7643835616438356	0.6713663694795771
38	9930111J21Rik2	3.9635682	0.6388912	7.383774118491553e-05	0.0006933121238020238	0.40273972602739727	0.28737300435413643
38	Ctgf	3.941894	0.6904697	8.084071854472176e-05	0.0007555207340628202	0.3835616438356164	0.2666390213560025
38	Cntln	3.9274867	0.3250312	8.583816042540195e-05	0.0007947977817166847	0.7424657534246575	0.6477296288617044
38	Prss23	3.9179907	0.41876784	8.9290179278294e-05	0.0008229509610902673	0.7287671232876712	0.6514617458013684
38	Cnn2	3.8989985	0.25650966	9.65913996067334e-05	0.0008861596294195725	0.9260273972602739	0.8940493468795355
38	Ccdc80	3.8736997	0.5325217	0.00010719549928853282	0.0009700950161858174	0.473972602739726	0.3665768194070081
38	Gm10801	3.8662696	0.50185394	0.0001105128010112077	0.00099561081992079	0.5452054794520548	0.43541364296081275
38	Polq	3.8533483	0.39709634	0.00011651345502919232	0.0010449637222349087	0.5013698630136987	0.3671988388969521
38	Glipr1	3.8059042	0.31350324	0.000141287130085355	0.0012503285848261504	0.7643835616438356	0.6900269541778976
38	Naaladl2	3.7596922	0.32566956	0.00017012254974393078	0.0014753783581794605	0.9013698630136986	0.8469832054737715
38	Nrg1	3.7188444	0.28594172	0.00020013622157994556	0.0017032869921697496	0.7753424657534247	0.6873315363881402
38	Fn1	3.696409	0.2647871	0.00021867054769008818	0.0018531402346617643	0.9095890410958904	0.8903172299398715
38	Ndufa4	3.6826723	0.20175053	0.0002308017412868176	0.001947694019298039	0.9972602739726028	0.9954385237404105
38	Cxcl5	3.6469715	0.3991587	0.00026534947946276296	0.002215458537884648	0.5780821917808219	0.47273481235745385
38	Ptn	3.646482	0.31992352	0.00026585502454615776	0.002215458537884648	0.7726027397260274	0.7022600041467966
38	Hist1h4a	3.6197336	0.82803893	0.0002949065604691933	0.0024372443013982916	0.27945205479452057	0.16794526228488493
38	Gm12185	3.6150036	0.3992967	0.000300343448473784	0.0024719625388788806	0.4794520547945205	0.35683184739788515
38	Rad51ap1	3.5693355	0.2702532	0.0003578880493856824	0.0028978789423941896	0.6191780821917808	0.45925772340866683
38	Pcf11	3.563808	0.30374363	0.0003655132806320647	0.00294768774703278	0.6410958904109589	0.5260211486626581
38	Dbi	3.5503252	0.20129666	0.00038475577140967455	0.003090407802487346	0.9945205479452055	0.9881816296910636
38	Hist1h2ab	3.4678323	0.47215018	0.0005246746779652806	0.004099020921603755	0.4547945205479452	0.3481235745386689
38	Ddx39	3.454476	0.25710163	0.0005513630553748784	0.004290763076847303	0.821917808219178	0.7449720091229525
38	Eif2b3	3.4351215	0.27353194	0.000592288257895355	0.0045736545011224325	0.7726027397260274	0.6904416338378603
38	Lrrc17	3.411508	0.35912994	0.0006460458198530245	0.004894286514038064	0.5123287671232877	0.4014099108438731
38	Ankrd1	3.4102213	0.59125775	0.0006491015978947279	0.004898879984111154	0.3452054794520548	0.2398921832884097
38	Ifi27l2a	3.387659	0.45794535	0.0007049181222466276	0.00530013625749344	0.42191780821917807	0.317644619531412
38	Lin54	3.3695006	0.2733542	0.0007530453599119765	0.0056407892128237935	0.7041095890410959	0.5936139332365747
38	AW554918	3.3589897	0.28617692	0.0007822800462060605	0.0058162085219781445	0.7479452054794521	0.660377358490566
38	Adam19	3.3579023	0.26513785	0.0007853637095186311	0.005817508959397267	0.7561643835616438	0.6767572050590919
38	Hist2h2ac	3.3493848	0.38687453	0.0008099122890985679	0.005977212465672087	0.7561643835616438	0.6761351855691479
38	Eif4a3	3.3234155	0.239039	0.0008892235343050036	0.006514458126776583	0.810958904109589	0.7545096413020941
38	Rad51b	3.2952535	0.27767208	0.0009833295383364447	0.007151487551537779	0.7232876712328767	0.6143479162347086
38	Gadd45g	3.2705889	0.39276865	0.0010732378010489317	0.007777085514847331	0.5260273972602739	0.4509641302094132
38	Pdgfrl	3.2500563	0.30967164	0.0011538213307618309	0.008300872883178639	0.6410958904109589	0.5436450342110719
38	Stambp	3.244384	0.24033909	0.0011770491157417247	0.008407493683869461	0.7972602739726027	0.7196765498652291
38	Grem2	3.2064178	0.26778588	0.0013439868043100384	0.009531821307163395	0.8410958904109589	0.7607298362015343
38	Brip1	3.1742506	0.25161517	0.0015022386578041522	0.010616527616990477	0.7013698630136986	0.5776487663280117
38	Mapt	3.154443	0.2613606	0.0016080477097427251	0.01132427964607553	0.7232876712328767	0.6298984034833092
38	Hist1h3b	3.150112	0.6601472	0.0016320799655183853	0.011453192740479899	0.27123287671232876	0.1731287580344184
38	Myl9	3.1457624	0.78539586	0.0016565449948053737	0.011584230732904712	0.2602739726027397	0.16483516483516483
38	Steap1	3.1287274	0.22429912	0.00175565066640214	0.012192018516681528	0.8575342465753425	0.8218950860460295
38	Rrm2	3.0746505	0.22940536	0.0021074938462195313	0.014434889357668023	0.8164383561643835	0.6964544889073191
38	Rpl22l1	3.0494423	0.22721505	0.0022926665107867476	0.015543501768045748	0.8931506849315068	0.8488492639436036
38	Kcnip4	3.0324798	0.39472705	0.002425533032835832	0.016278745186817663	0.4	0.2987766950031101
38	Fancd2	3.0114398	0.52618545	0.002600119335907365	0.01727654043792269	0.33972602739726027	0.23864814430852166
38	Gm42826	2.9854343	0.24008353	0.0028317596256564313	0.01856891557807496	1.0	0.9921210864607091
38	March1	2.952651	0.9603684	0.0031505791125183806	0.020582341304122617	0.2	0.10906075057018454
38	S100a11	2.9346557	0.1837369	0.003339181220288438	0.021612823432287626	0.9945205479452055	0.9790586771718848
38	Kctd4	2.9205382	0.2686364	0.0034942726581012	0.022256513745867516	0.5287671232876713	0.41530167945262286
38	Ggct	2.917965	0.2677212	0.0035232399409669763	0.02236977740296493	0.6410958904109589	0.546133112170848
38	Rasgrp3	2.9118576	0.6391852	0.0035928628355058603	0.022667904324958108	0.25205479452054796	0.16068836823553806
38	Id3	2.9100273	0.2336151	0.0036139714499537927	0.02272938018838863	0.8876712328767123	0.8554841385030064
38	Col8a1	2.899933	0.25426936	0.003732421867617006	0.02334112703932788	0.6958904109589041	0.6104084594650633
38	Kansl1l	2.8920863	0.41041917	0.0038269288143264707	0.023843793235678944	0.4301369863013699	0.34003732116939667
38	Gm11867	2.8719523	0.25617328	0.004079444760869533	0.025259719881545094	0.8301369863013699	0.7762803234501348
38	Brca1	2.870122	0.2373148	0.004103134621442369	0.025327991490384994	0.6164383561643836	0.49326145552560646
38	Slpi	2.8544462	0.29272795	0.004311193448373974	0.026449039560576527	0.6027397260273972	0.5137880986937591
38	Wwox	2.8491	0.23623386	0.004384308308463596	0.02681534133616878	0.6136986301369863	0.5183495749533485
38	Pdia3	2.835164	0.1508155	0.004580216022266795	0.027928146477236553	0.9698630136986301	0.967032967032967
38	Cdc42ep3	2.8235838	0.2175554	0.004748999704217206	0.028869299113782405	0.8301369863013699	0.7864399751192204
38	Serpinb8	2.8049903	0.5250563	0.005031808063506875	0.0303120967681137	0.3424657534246575	0.2591747874766743
38	Immp2l	2.7892964	0.21159852	0.005282268782664052	0.03172533803401833	0.810958904109589	0.7265187642546133
38	Ereg	2.7733488	0.26194257	0.005548261331114036	0.03302536506615497	0.6684931506849315	0.5846983205473771
38	Nupr1	2.771917	0.22560015	0.005572721704686978	0.03307253237202954	0.810958904109589	0.7644619531411985
38	Serpinf1	2.7703404	0.191729	0.005599771626665394	0.03313474335304967	0.8712328767123287	0.8359941944847605
38	Ubb	2.737847	0.17949215	0.006184280210043473	0.03637811888260867	0.947945205479452	0.9216255442670537
38	Bgn	2.7104282	0.20283741	0.006719640865629851	0.03929614541304006	0.9123287671232877	0.8803649181007671
38	Siglecg	2.7092502	0.56697327	0.0067435467903857816	0.0393209725386926	0.26575342465753427	0.1793489529338586
38	Gm12603	2.6898775	0.1963899	0.0071478267815315395	0.04155713245076477	0.915068493150685	0.8310180385652084
38	Gm4117	2.6763763	0.31962484	0.007442303292511006	0.0430190941763642	0.3452054794520548	0.2546133112170848
38	Actg2	2.6559162	0.90240645	0.00790932652615778	0.045345142869602784	0.18356164383561643	0.10138917686087498
38	Gm26688	2.6557713	0.24848202	0.007912727430745685	0.045345142869602784	0.6273972602739726	0.5637569977192619
38	Gm11728	2.6374314	0.3810807	0.008353650984173141	0.04759915090696947	0.33972602739726027	0.251088534107402
38	Actg1	2.6334627	0.12339075	0.008451913033930513	0.04800899453715133	0.9753424657534246	0.9740825212523325
38	Id2	2.6325927	0.21874414	0.008473587535807209	0.04800899453715133	0.6383561643835617	0.548621190130624
38	Ctsl	-2.6415453	-0.11689047	0.008252879265935124	0.04715931009105785	0.9972602739726028	0.9954385237404105
38	Lss	-2.6700516	-0.67883664	0.0075839588645726045	0.04371157847015911	0.2219178082191781	0.29421521874352063
38	Cytip	-2.6816137	-0.49557626	0.007326802252673305	0.04247421595752641	0.2821917808219178	0.3543437694381091
38	Pvt1	-2.7264664	-0.1516971	0.006401647283621485	0.03754631837901164	0.9287671232876712	0.898610823139125
38	Ranbp3l	-2.7479775	-1.3131403	0.005996411004247819	0.035377056072258516	0.13424657534246576	0.2125233257308729
38	Snhg20	-2.7774081	-0.2999435	0.0054794312748104035	0.03271302253618151	0.6301369863013698	0.6547791830810699
38	4932443I19Rik	-2.7854545	-0.5042481	0.005345273663105953	0.03200762672518535	0.3698630136986301	0.4277420692515032
38	Atxn1	-2.8116956	-0.40141413	0.004928111032225994	0.029777105934900266	0.5150684931506849	0.5560854240099523
38	n-R5-8s1	-2.8194158	-1.0823305	0.00481111588798066	0.029158278108973694	0.11232876712328767	0.19635081899232842
38	Dcaf6	-2.86773	-0.45318413	0.004134283819483362	0.025441746581436074	0.4794520547945205	0.5168981961434792
38	Metrn	-2.8776064	-0.20372824	0.0040070461361506144	0.02488848531770568	0.7698630136986301	0.7878913539290898
38	Ccng1	-2.899752	-0.16998968	0.003734580326292461	0.02334112703932788	0.9835616438356164	0.9829981339415301
38	Mmp14	-2.913253	-0.2849562	0.0035768455357333604	0.022638262884388357	0.7424657534246575	0.737300435413643
38	Setbp1	-2.920919	-0.5199258	0.003490007208329965	0.022256513745867516	0.36164383561643837	0.4264980302716152
38	Pdlim5	-2.923166	-0.20782734	0.003464917192649725	0.022211007645190545	0.8794520547945206	0.871656645241551
38	Pdpn	-2.9289832	-0.28030547	0.0034007271445437967	0.021869627939188403	0.7123287671232876	0.7066141405764047
38	Ypel5	-2.9329884	-0.3551121	0.0033571652962293636	0.021659130943415247	0.5589041095890411	0.5927845739166494
38	Gxylt2	-2.9507844	-0.45567888	0.003169680560834883	0.020582341304122617	0.4301369863013699	0.49367613518556913
38	Snord104	-2.9517448	-0.2799864	0.003159838516385126	0.020582341304122617	0.7452054794520548	0.7615591955214597
38	Alcam	-2.9857423	-0.31860662	0.002828908547178972	0.01856891557807496	0.7534246575342466	0.7298362015343147
38	Camk1d	-3.0013094	-0.6048475	0.00268821228013145	0.01774397544641221	0.2273972602739726	0.3110097449720091
38	Zfp521	-3.0068185	-0.44114202	0.0026399721962023226	0.017483259577498824	0.4547945205479452	0.5117147003939457
38	Itpr2	-3.013542	-0.3725501	0.0025821728605790553	0.017214485737193704	0.6383561643835617	0.6466929297117976
38	Mbd5	-3.0136507	-0.31253502	0.0025812476827136092	0.017214485737193704	0.6712328767123288	0.6958324694173751
38	Mt1	-3.041251	-0.1550316	0.00235597313276223	0.015865138941159797	0.9835616438356164	0.9821687746216048
38	Uap1l1	-3.042882	-0.42659068	0.002343241635891447	0.01583271375602329	0.4821917808219178	0.52477710968277
38	Ngf	-3.0607326	-0.25841084	0.0022079624100231022	0.01502015244913675	0.7671232876712328	0.7735849056603774
38	Cped1	-3.0645745	-0.4085894	0.002179799072490826	0.014879174556251372	0.6109589041095891	0.6269956458635704
38	Dusp4	-3.112635	-0.5978574	0.001854252852325503	0.012744005857907238	0.3424657534246575	0.41260626166286546
38	Cebpd	-3.1165855	-0.59689575	0.0018295861248320165	0.01261783534366908	0.3287671232876712	0.397677793904209
38	Socs1	-3.120355	-0.7832824	0.001806332342905969	0.012500569847100133	0.29315068493150687	0.3597346050176239
38	Nmnat2	-3.1327505	-0.45386693	0.0017317651401784835	0.01206804975734135	0.4794520547945205	0.5177275554634045
38	Ttyh2	-3.2430973	-0.5378772	0.0011823778105882388	0.008415500431233016	0.4328767123287671	0.4907733775658304
38	Ldb2	-3.2454352	-0.42422712	0.0011727125748676633	0.00840654175532375	0.5534246575342465	0.5971387103462575
38	Gstm1	-3.2601686	-0.30153224	0.001113459927182963	0.0080394218569167	0.7589041095890411	0.7692307692307693
38	Cyp51	-3.298298	-0.22471048	0.0009727284615781334	0.007100207748745499	0.9095890410958904	0.8959154053493676
38	Insig1	-3.3254814	-0.43623936	0.000882659704876533	0.006490144888798036	0.5452054794520548	0.5886377773170226
38	Prune2	-3.3642452	-0.35963655	0.0007675334843230531	0.005727861823306366	0.6821917808219178	0.6867095168981961
38	Slc6a6	-3.4163468	-0.26467675	0.0006346737352700668	0.004826416237795185	0.7698630136986301	0.7710968277006013
38	Pxn	-3.4179053	-0.5448078	0.0006310506494843292	0.004817180530414727	0.27123287671232876	0.37507775243624303
38	Slc44a1	-3.426024	-0.45120597	0.000612486090237424	0.00469338000181934	0.4794520547945205	0.5529753265602322
38	Akr1b3	-3.4282894	-0.2726959	0.0006073976707685984	0.004672289775143065	0.7780821917808219	0.7912087912087912
38	Slc22a23	-3.4389634	-0.53614813	0.0005839461547006823	0.004526714377524669	0.4547945205479452	0.5048724860045615
38	Ier3	-3.4855378	-0.34040067	0.0004911488894461912	0.0038521481525191467	0.7013698630136986	0.7225793074849679
38	Gm26561	-3.5034425	-0.48326948	0.0004592856037361691	0.003616422076662749	0.4547945205479452	0.5181422351233672
38	Fgd4	-3.510728	-0.48395503	0.0004468817575845672	0.003532662115293021	0.5561643835616439	0.5967240306862949
38	Sox6	-3.514316	-0.7654443	0.00044088798574962466	0.0034991109980128943	0.28493150684931506	0.37113829566659756
38	Gdf11	-3.5149684	-0.9214614	0.00043980630396037526	0.0034991109980128943	0.2054794520547945	0.2991913746630728
38	Zfp608	-3.533417	-0.5871612	0.00041022498695863683	0.0032817998956690946	0.42191780821917807	0.48849263943603566
38	Pcdh7	-3.5907016	-0.29134226	0.00032978906685827145	0.0026812119256770035	0.8876712328767123	0.8673025088119428
38	Slfn9	-3.5982223	-0.366706	0.00032039966989594456	0.0026155075093546496	0.8082191780821918	0.7710968277006013
38	Spaca6	-3.6102374	-0.45897847	0.00030591684562377195	0.0025075151280637047	0.4958904109589041	0.5633423180592992
38	Cdk8	-3.6249166	-0.23869097	0.0002890548211233634	0.0023987951960445096	0.8575342465753425	0.8376529131246112
38	Gm38399	-3.647497	-0.32972586	0.00026480749050153944	0.002215458537884648	0.7506849315068493	0.7621812150114037
38	Itgb8	-3.7396307	-1.3330042	0.00018429075158581524	0.0015751346289385917	0.10684931506849316	0.2204022392701638
38	Fbxl20	-3.7508304	-0.92636657	0.00017624991328261976	0.0015128747921254915	0.23013698630136986	0.3259382127306656
38	Mdm2	-3.7538931	-0.34465054	0.00017410918203684687	0.0015009412244555763	0.7616438356164383	0.7895500725689405
38	Sox4	-3.7592754	-0.48855567	0.0001704062003697277	0.0014753783581794605	0.5534246575342465	0.6031515654157164
38	Cd9	-3.7605257	-0.24400902	0.0001695565803195419	0.0014753783581794605	0.9315068493150684	0.9191374663072777
38	Ube2e2	-3.7690976	-0.340949	0.0001638387761656701	0.0014371822470672815	0.7232876712328767	0.7370930955836617
38	Gm28438	-3.7790105	-0.35126415	0.00015745274094235327	0.0013872488188753592	0.7424657534246575	0.7816711590296496
38	Zfp36l1	-3.8096192	-0.33143696	0.00013918101246766887	0.0012371645552681678	0.7726027397260274	0.783744557329463
38	Olfr1033	-3.8247876	-0.3013032	0.00013088490632381247	0.00116861523503404	0.852054794520548	0.8867924528301887
38	Rora	-3.8945403	-0.38283297	9.838511709105582e-05	0.0008944101553732347	0.8	0.7866473149492017
38	Rin2	-3.8970957	-0.56078345	9.73532005875949e-05	0.0008890703250008667	0.4821917808219178	0.547377151150736
38	Plxna2	-3.935207	-0.70988345	8.31250808733107e-05	0.0007732565662633553	0.3506849315068493	0.44018245905038356
38	Hmgcs1	-3.9673195	-0.5820627	7.268550155709131e-05	0.0006857122788404841	0.4684931506849315	0.5378395189715944
38	Trib1	-4.0616283	-0.4960207	4.873166417479449e-05	0.000470837335022169	0.6328767123287671	0.649388347501555
38	Zmynd19	-4.0893373	-0.5364297	4.326077019213356e-05	0.00042205629455740063	0.5178082191780822	0.577234086668049
38	Col27a1	-4.1138024	-0.8473027	3.8919485661736384e-05	0.0003853414421954097	0.2493150684931507	0.3591125855276799
38	Fgfr1	-4.2136927	-0.33824927	2.512293028333998e-05	0.0002550551297801013	0.8410958904109589	0.8337134563549657
38	Magi2	-4.227502	-0.3977949	2.363004133898255e-05	0.00024112287080594436	0.8246575342465754	0.8183703089363467
38	Plxna4	-4.2418184	-0.8431428	2.217161538557713e-05	0.0002274011834418167	0.3315068493150685	0.42214389384200707
38	Fbxl17	-4.2579107	-0.37614396	2.0634612988109202e-05	0.0002138301864052767	0.7479452054794521	0.7737922454903587
38	Csrp2	-4.26757	-0.41288322	1.9761366475206677e-05	0.00020584756745006954	0.6383561643835617	0.6900269541778976
38	Tanc1	-4.282775	-0.4187547	1.8457700500600457e-05	0.00019327435079162782	0.6794520547945205	0.7142857142857143
38	Ngef	-4.312459	-0.56406516	1.614487541053166e-05	0.0001717539937290602	0.4876712328767123	0.5807588637777317
38	Maml3	-4.367841	-0.59039134	1.2548084367861368e-05	0.00013492563836410074	0.5671232876712329	0.6207754509641302
38	Galnt18	-4.4358177	-0.7782034	9.172344056732543e-06	9.950310099768768e-05	0.3698630136986301	0.4677586564379017
38	Trps1	-4.4362707	-0.41690007	9.153070388561423e-06	9.950310099768768e-05	0.7808219178082192	0.786232635289239
38	Nqo1	-4.4918156	-0.59334433	7.061853094274998e-06	7.760278125576922e-05	0.42191780821917807	0.523533070702882
38	Tenm4	-4.509829	-0.37633458	6.4879823308388595e-06	7.169041249545701e-05	0.8164383561643835	0.8476052249637155
38	Vegfa	-4.57516	-0.5764243	4.758556955243148e-06	5.4074510855035775e-05	0.5068493150684932	0.5861496993572465
38	Pdzrn3	-4.61637	-0.4010891	3.905097737444764e-06	4.488618089016971e-05	0.7972602739726027	0.7963922869583246
38	Pbx1	-4.653648	-0.48387042	3.2611338504475796e-06	3.8141916379503854e-05	0.673972602739726	0.7064068007464234
38	Prkdc	-4.683731	-0.7248622	2.816996332502813e-06	3.353567062503348e-05	0.38904109589041097	0.4841385030064275
38	Gphn	-4.703267	-0.29562187	2.560314050980676e-06	3.0847157240731033e-05	0.8986301369863013	0.8952933858594236
38	Gpr149	-4.706003	-0.4265639	2.5262037716619354e-06	3.0620651777720427e-05	0.7534246575342466	0.7997097242380261
38	Ccne1	-4.7820444	-0.53390837	1.7352117839971164e-06	2.1422367703668104e-05	0.5835616438356165	0.6419241136222268
38	Ophn1	-4.8633776	-0.5404357	1.1539942973823575e-06	1.4794798684389198e-05	0.5835616438356165	0.6560232220609579
38	Scd1	-4.8689594	-0.5842138	1.1218755476558323e-06	1.4475813518139773e-05	0.5589041095890411	0.628032345013477
38	Gsta4	-4.9011445	-0.5668149	9.527996183598798e-07	1.2374021017660777e-05	0.6410958904109589	0.7091022185361808
38	Pdgfc	-4.9715314	-0.526202	6.642605689576248e-07	8.740270644179274e-06	0.6657534246575343	0.7132490151358076
38	Agl	-4.998751	-0.41077882	5.770278248065489e-07	7.642752646444355e-06	0.9753424657534246	0.9817540949616421
38	Adgrl2	-5.076007	-0.62559736	3.8544971937682557e-07	5.139329591691008e-06	0.5232876712328767	0.602944225585735
38	Tns1	-5.099674	-0.7126038	3.4023817977459437e-07	4.5978132401972215e-06	0.37534246575342467	0.5054945054945055
38	Csgalnact1	-5.1603117	-0.5495927	2.4653900413751217e-07	3.377246632020715e-06	0.6328767123287671	0.6939664109475431
38	Ptgs2	-5.178416	-0.4170064	2.237779021000497e-07	3.1297608685321637e-06	0.8328767123287671	0.8805722579307484
38	Fbxl7	-5.212685	-0.44237444	1.8612658607514274e-07	2.6215012123259543e-06	0.8273972602739726	0.8299813394153017
38	Fmnl2	-5.30761	-0.4020673	1.1107203240375934e-07	1.609739600054483e-06	0.852054794520548	0.8664731494920174
38	Cdc6	-5.469859	-1.1576619	4.503937094127107e-08	6.623436903128098e-07	0.26301369863013696	0.39747045407422765
38	Gm42418	-5.48867	-0.3976553	4.0497144452049435e-08	5.999576955859175e-07	0.9972602739726028	0.9979266017001867
38	Flrt2	-5.5785565	-0.4894342	2.4252246238580783e-08	3.646954321591095e-07	0.7643835616438356	0.7910014513788098
38	Ccne2	-5.715942	-1.0480758	1.0909797310369207e-08	1.691441443468094e-07	0.34794520547945207	0.46527057847812564
38	Chst11	-5.7352242	-0.6343243	9.738349367084736e-09	1.5302641101761402e-07	0.5835616438356165	0.6761351855691479
38	Gas7	-5.779116	-0.44345096	7.509397968725743e-09	1.1919679315437687e-07	0.8575342465753425	0.8635703918722787
38	Rplp0	-5.959941	-0.31750482	2.5232926673792982e-09	4.2767672328462685e-08	1.0	0.998755961020112
38	Mxd4	-5.99508	-0.8953895	2.033852768732739e-09	3.506642704711619e-08	0.4328767123287671	0.5612689197594858
38	mt-Rnr2	-6.0477614	-0.33986026	1.4687207757648394e-09	2.5542970013301553e-08	1.0	1.0
38	Apbb2	-6.116862	-0.5900288	9.543595176084996e-10	1.6743149431728062e-08	0.6958904109589041	0.7422765913331951
38	Ssfa2	-6.265356	-0.68989086	3.719740049556111e-10	6.642392945635913e-09	0.5753424657534246	0.6647314949201741
38	Frmd4a	-6.2821374	-0.39438447	3.339492388885492e-10	6.071804343428167e-09	0.9287671232876712	0.9377980510055982
38	Srgap3	-6.3334236	-0.8198649	2.397799475599867e-10	4.399632065320857e-09	0.5041095890410959	0.5990047688160896
38	Tanc2	-6.4438066	-0.43536064	1.1651345588194108e-10	2.1778216052699267e-09	0.9178082191780822	0.921832884097035
38	Prkca	-6.5148826	-0.32342693	7.27466101843283e-11	1.3856497177967294e-09	0.9835616438356164	0.9711797636325938
38	Arhgap24	-6.5470676	-0.6241481	5.8677778539809e-11	1.12841881807325e-09	0.7671232876712328	0.7945262284884926
38	Mast4	-6.6085386	-0.48391667	3.881324121502746e-11	7.610439453926953e-10	0.8767123287671232	0.8704126062616628
38	Dclk1	-6.751578	-0.43284523	1.4624570287231568e-11	2.954458643885165e-10	0.9342465753424658	0.9259796806966618
38	Plpp3	-6.760494	-0.5878926	1.3752183172338036e-11	2.806567994354701e-10	0.7643835616438356	0.8181629691063653
38	Airn	-6.8476806	-0.4653357	7.50568705991239e-12	1.5636848041484144e-10	0.8849315068493151	0.8963300850093303
38	Limd2	-6.871276	-0.89316	6.36301782508513e-12	1.339582700017922e-10	0.4383561643835616	0.5946506323864814
38	Gm26917	-7.0447245	-0.6025568	1.8582864052506817e-12	3.996314850001466e-11	0.8575342465753425	0.8905245697698528
38	Eef2	-7.1475506	-0.36937317	8.833992568434961e-13	1.9204331670510784e-11	0.9835616438356164	0.9923284262906904
38	Nrp2	-7.169461	-0.5183593	7.52938682359615e-13	1.6548102909002527e-11	0.8767123287671232	0.8998548621190131
38	Gm11884	-7.1810226	-0.59320754	6.919192470000621e-13	1.5375983266668047e-11	0.8438356164383561	0.8811942774206926
38	Sox9	-7.3608685	-0.48849577	1.8271756099476815e-13	4.106012606624004e-12	0.915068493150685	0.921832884097035
38	Peak1	-7.5115376	-0.42149517	5.84369718459168e-14	1.3589993452538792e-12	0.9397260273972603	0.951067800124404
38	Cd34	-7.582015	-0.65983	3.40228695125706e-14	8.005381061781317e-13	0.7534246575342466	0.8140161725067385
38	Scd2	-8.810219	-0.6362449	1.2490172009562143e-18	3.330712535883238e-17	0.8876712328767123	0.9249429815467551
38	Ppp3ca	-9.206953	-0.5773082	3.3551457048188613e-20	9.586130585196745e-19	0.9616438356164384	0.9730458221024259
38	Ank	-9.820883	-0.70289266	9.153872560607678e-23	2.7324992718231875e-21	0.8767123287671232	0.9234916027368858
38	Timp3	-10.61696	-0.8383039	2.4852427731936974e-26	8.875867047120347e-25	0.8767123287671232	0.9313705162761766
39	Top2a	19.759665	1.9042135	6.624271764180634e-87	1.3248543528361267e-83	1.0	0.8667486674866749
39	Prc1	19.123308	1.9135743	1.6153211211300725e-81	1.6153211211300726e-78	0.9870967741935484	0.7476424764247642
39	Cenpf	18.20736	1.927096	4.511928205917328e-74	3.0079521372782188e-71	0.9774193548387097	0.7082820828208282
39	Nusap1	16.5786	1.8243935	9.952036501131485e-62	4.457909843512172e-59	0.8935483870967742	0.4928249282492825
39	Cenpe	16.571796	1.6015804	1.1144774608780431e-61	4.457909843512172e-59	0.9870967741935484	0.7611726117261173
39	Kif20b	16.339798	1.4983913	5.142366901329016e-60	1.7141223004430054e-57	0.964516129032258	0.7255022550225503
39	Spc25	15.3971195	1.545893	1.7112391525657328e-53	4.889254721616379e-51	0.867741935483871	0.491389913899139
39	Prr11	15.310987	1.4654915	6.4575593366678315e-53	1.6143898341669578e-50	0.8935483870967742	0.5555555555555556
39	Kif11	14.913609	1.5052433	2.6882129577119223e-50	5.973806572693162e-48	0.8741935483870967	0.5190651906519065
39	Mis18bp1	14.883106	1.3976084	4.243335560544937e-50	8.486671121089874e-48	0.8870967741935484	0.6012710127101271
39	Smc4	14.739625	1.025138	3.587719544663287e-49	6.523126444842341e-47	0.9967741935483871	0.9366543665436654
39	Birc5	14.587502	1.0703876	3.3732813517326033e-48	5.622135586221005e-46	0.9967741935483871	0.8936039360393604
39	Ube2c	14.18365	1.4544848	1.1566995060646041e-45	1.7795377016378526e-43	0.864516129032258	0.5924559245592456
39	Cdk1	13.971674	1.2903167	2.3210500382973905e-44	3.315785768996272e-42	0.9064516129032258	0.6465764657646577
39	Sgo2a	13.760148	1.4013602	4.426184099319603e-43	5.901578799092805e-41	0.8580645161290322	0.550430504305043
39	Knl1	13.32163	1.176764	1.7328379873524001e-40	2.1660474841905002e-38	0.9387096774193548	0.6931119311193112
39	Aurkb	13.241892	1.4431256	5.026662733733596e-40	5.913720863215995e-38	0.7806451612903226	0.42865928659286595
39	Kif18a	12.942005	1.3620738	2.6073566333024023e-38	2.8970629258915585e-36	0.8161290322580645	0.5219352193521936
39	Hmmr	12.574034	1.1595521	2.9336518365734828e-36	3.0880545648141925e-34	0.9419354838709677	0.7023370233702337
39	Ndc80	12.561832	1.1022291	3.423113270226373e-36	3.4231132702263725e-34	0.8935483870967742	0.6568265682656826
39	H1f0	12.524701	0.93909144	5.46970142157718e-36	5.209239449121123e-34	0.9612903225806452	0.8683886838868389
39	Anln	12.511777	0.9605935	6.436838276612504e-36	5.851671160556823e-34	0.9612903225806452	0.8374333743337433
39	Ckap2l	12.467684	1.2138997	1.1203496152887119e-35	9.742170567727929e-34	0.8548387096774194	0.534030340303403
39	Incenp	12.452902	1.2179128	1.3485133586993618e-35	1.1237611322494681e-33	0.8387096774193549	0.5557605576055761
39	Sgo1	12.416102	1.1806018	2.1372138484930541e-35	1.7097710787944432e-33	0.8612903225806452	0.576670766707667
39	Depdc1a	12.294443	1.3614265	9.70231785120598e-35	7.463321424004601e-33	0.7741935483870968	0.4220992209922099
39	Cdca8	12.280658	1.0432554	1.1505853813111743e-34	8.522854676379069e-33	0.932258064516129	0.7384173841738417
39	Mki67	11.997939	1.071436	3.6425471392838635e-33	2.6018193852027595e-31	0.9483870967741935	0.7726527265272652
39	Cks2	11.946514	1.0468198	6.770603436271357e-33	4.669381680187143e-31	0.9258064516129032	0.7464124641246412
39	Ccnb1	11.757787	1.4902251	6.440024316478294e-32	4.293349544318863e-30	0.7	0.37064370643706435
39	Ect2	11.660197	1.0569981	2.0357070093500272e-31	1.3133593608709854e-29	0.9064516129032258	0.6494464944649446
39	Kif4	11.539574	1.1506362	8.333730976922822e-31	5.208581860576763e-29	0.8032258064516129	0.5215252152521526
39	Arhgap11a	11.274316	1.0518544	1.7574037042192454e-29	1.06509315407227e-27	0.864516129032258	0.6037310373103731
39	G2e3	11.266436	1.2766685	1.9219414351311574e-29	1.130553785371269e-27	0.7387096774193549	0.44321443214432144
39	Aspm	11.244712	1.2778974	2.45898269549219e-29	1.4051329688526799e-27	0.7709677419354839	0.46412464124641245
39	Cep55	11.154904	1.1166759	6.77657776539599e-29	3.764765425219995e-27	0.8096774193548387	0.550840508405084
39	Iqgap3	11.132261	1.33794	8.73896641644188e-29	4.723765630509124e-27	0.6903225806451613	0.37043870438704385
39	Smc2	11.0945635	0.8371895	1.3330974556340455e-28	7.016302398073924e-27	0.9580645161290322	0.8294382943829438
39	Ccnf	10.856308	1.4553996	1.8612313855361107e-27	9.544776336082619e-26	0.6516129032258065	0.34993849938499383
39	Kif23	10.845769	1.2263736	2.088726402202786e-27	1.0443632011013928e-25	0.7419354838709677	0.44649446494464945
39	Aurka	10.376669	1.2352358	3.16631532635451e-25	1.5445440616363463e-23	0.7129032258064516	0.43337433374333745
39	Dbf4	10.214749	0.66739035	1.7031946012938383e-24	8.110450482351611e-23	0.9903225806451613	0.9376793767937679
39	Kif14	10.087536	1.4588314	6.272416097938735e-24	2.917402836250575e-22	0.603225806451613	0.2941779417794178
39	Plk1	9.933262	1.2359601	2.9833411823473114e-23	1.3560641737942325e-21	0.6741935483870968	0.3890938909389094
39	Ckap2	9.903131	0.89644295	4.0344598008475496e-23	1.7930932448211333e-21	0.8516129032258064	0.6189011890118902
39	Kif18b	9.759668	1.2507807	1.6770231254676881e-22	7.291404893337774e-21	0.6387096774193548	0.3458384583845838
39	Tpx2	9.754154	0.7391072	1.7706977033796723e-22	7.534883844168818e-21	0.9387096774193548	0.8374333743337433
39	2700099C18Rik	9.585607	1.0704465	9.191614873320275e-22	3.8298395305501147e-20	0.7290322580645161	0.46104961049610493
39	Fam83d	9.572681	1.7798269	1.0416800854699092e-21	4.2517554508975885e-20	0.4967741935483871	0.2009020090200902
39	Pbk	9.467485	0.84668416	2.866605113751304e-21	1.1466420455005214e-19	0.867741935483871	0.6307913079130791
39	Pclaf	9.396332	0.67580765	5.6498519748529766e-21	2.21562822543254e-19	0.967741935483871	0.8655186551865519
39	Cdkn2d	9.321522	1.3167562	1.1468395796513865e-20	4.410921460197641e-19	0.5935483870967742	0.3132431324313243
39	Ccna2	9.088369	0.8480385	1.0053547396501436e-19	3.7937914703779e-18	0.8225806451612904	0.6256662566625666
39	Parpbp	9.064456	1.2429962	1.252277285615315e-19	4.638064020797463e-18	0.5870967741935483	0.3130381303813038
39	Fbxo5	8.993889	0.9690917	2.386345804040172e-19	8.677621105600626e-18	0.7161290322580646	0.45059450594505945
39	Trim59	8.969838	0.6897016	2.9695060711766855e-19	1.0605378825631019e-17	0.9	0.7925379253792538
39	Cdkn2c	8.852656	1.0172701	8.546077381565349e-19	2.998623642654508e-17	0.6967741935483871	0.46104961049610493
39	Spdl1	8.845011	0.93210423	9.151954603647373e-19	3.155846415050818e-17	0.7225806451612903	0.4817548175481755
39	Lockd	8.796871	0.775407	1.4068412433654153e-18	4.768953367340391e-17	0.8774193548387097	0.7517425174251743
39	Malat1	8.5055485	0.56570214	1.8073949511417572e-17	6.023554912233361e-16	1.0	1.0
39	Tubb5	8.503652	0.5493199	1.8371842482311752e-17	6.023554912233361e-16	1.0	0.986469864698647
39	Gas2l3	8.436702	1.2140832	3.2641864561904243e-17	1.0529633729646531e-15	0.5838709677419355	0.34276342763427636
39	Cdc20	8.297523	0.8745742	1.0630533246558297e-16	3.3747724592248564e-15	0.7612903225806451	0.525010250102501
39	Kif2c	8.181904	1.0618602	2.793930581503619e-16	8.73103306719881e-15	0.5967741935483871	0.35280852808528085
39	Hist1h1e	7.975677	0.8983906	1.5154778215384234e-15	4.6630086816566877e-14	0.8741935483870967	0.7521525215252153
39	Il1rl1	7.8354416	0.5449905	4.671973171709784e-15	1.4157494459726617e-13	0.9838709677419355	0.9551045510455105
39	Bub1b	7.826682	1.0682743	5.009143572491454e-15	1.4952667380571505e-13	0.5838709677419355	0.3413284132841328
39	Kif15	7.807813	0.78712195	5.818878765223772e-15	1.711434930948168e-13	0.7419354838709677	0.5369003690036901
39	Ncapg	7.752243	0.7615516	9.028340516826844e-15	2.6169102947324185e-13	0.7548387096774194	0.552070520705207
39	Tubb4b	7.739729	0.5708651	9.962895536999467e-15	2.846541581999847e-13	0.932258064516129	0.8458384583845838
39	Ubald2	7.632754	0.85814196	2.297917891081419e-14	6.473008143891322e-13	0.6935483870967742	0.5006150061500615
39	Pimreg	7.407951	0.9039998	1.2826577950995147e-13	3.5568587523301625e-12	0.6290322580645161	0.41205412054120544
39	Dlgap5	7.4063478	0.8269222	1.2982534446005093e-13	3.5568587523301625e-12	0.6774193548387096	0.47724477244772445
39	Mastl	7.2609696	0.9159089	3.8432488065439443e-13	1.0248663484117185e-11	0.632258064516129	0.43767937679376795
39	Knstrn	7.1628323	0.57631534	7.902693166591136e-13	2.0796560964713516e-11	0.8612903225806452	0.7093070930709308
39	Kpna2	6.889538	1.2045126	5.5973931102077355e-12	1.4170615468880344e-10	0.47096774193548385	0.25768757687576876
39	H3f3b	6.7756405	0.31654772	1.2385616624369104e-11	3.096404156092276e-10	1.0	0.9958999589995899
39	Cenpa	6.624905	0.5734019	3.47470808853996e-11	8.47489777692673e-10	0.9193548387096774	0.7564575645756457
39	H2afz	6.3543873	0.36712828	2.0925899974037536e-10	4.923741170361773e-09	1.0	0.9956949569495694
39	Hist2h2ac	6.3251553	0.7630322	2.52977995064474e-10	5.883209187545908e-09	0.8032258064516129	0.6740467404674046
39	Prim1	6.3080072	0.5679912	2.82651082866755e-10	6.4977260429139085e-09	0.8064516129032258	0.6861418614186142
39	C330027C09Rik	6.235211	0.6063084	4.511702358800087e-10	1.0253868997272924e-08	0.7483870967741936	0.5861008610086101
39	Cenph	6.1759257	0.5629695	6.577697180740463e-10	1.4781341979192053e-08	0.7709677419354839	0.5936859368593685
39	Ncapg2	6.0246625	0.54314756	1.694630871839638e-09	3.724463454592611e-08	0.7935483870967742	0.6424764247642476
39	Ddias	5.9619355	0.6717942	2.4926718029072255e-09	5.36058452238113e-08	0.6161290322580645	0.4134891348913489
39	Gen1	5.912114	0.7863387	3.3774407316037845e-09	7.13408015931175e-08	0.5258064516129032	0.33907339073390735
39	Pif1	5.9115667	1.3090464	3.3886880756730814e-09	7.13408015931175e-08	0.3548387096774194	0.15723657236572366
39	2610020C07Rik	5.7622786	0.5832627	8.298597264367067e-09	1.7288744300764722e-07	0.7032258064516129	0.542230422304223
39	Hist1h4c	5.708605	0.9137987	1.1390593564680358e-08	2.32461093156742e-07	0.5032258064516129	0.3329233292332923
39	Hist1h1b	5.6499453	0.60553074	1.604987585416864e-08	3.2423991624583105e-07	0.7451612903225806	0.5783107831078311
39	Filip1l	5.53116	0.42817518	3.181200216055472e-08	6.237647482461711e-07	0.9354838709677419	0.8589585895858959
39	Ubb	5.5015564	0.40587884	3.7645295714319926e-08	7.309766158120374e-07	0.9516129032258065	0.9216892168921689
39	Cep128	5.4180255	0.5329274	6.026086626790783e-08	1.1588628128443813e-06	0.6967741935483871	0.5475604756047561
39	Rpa3	5.39771	0.471503	6.749698699080784e-08	1.2856568950630066e-06	0.8483870967741935	0.7378023780237802
39	Pttg1	5.2288876	0.5069526	1.705329850767846e-07	3.1580182421626777e-06	0.7645161290322581	0.6250512505125051
39	Hsp90aa1	5.1956277	0.3188901	2.0403024099965124e-07	3.743674146782592e-06	0.9806451612903225	0.972529725297253
39	Cdkn3	5.1182165	0.5632265	3.0843809158320647e-07	5.50782306398583e-06	0.6129032258064516	0.466789667896679
39	Col5a2	5.1059375	0.42198974	3.291587962987126e-07	5.825819403517037e-06	0.9290322580645162	0.8886838868388683
39	Tyms	5.0517945	0.46413395	4.3767820950190704e-07	7.678565078980825e-06	0.8193548387096774	0.7252972529725297
39	AW554918	5.007292	0.47181365	5.520126547116655e-07	9.600220081942008e-06	0.7774193548387097	0.6594915949159491
39	Cntln	4.99335	0.4576381	5.934081593116858e-07	1.0231175160546308e-05	0.7741935483870968	0.6467814678146782
39	Rad51b	4.914531	0.49840206	8.899506455890695e-07	1.5212831548531102e-05	0.7451612903225806	0.6141861418614186
39	Acta2	4.8288884	0.7390316	1.3729723085570177e-06	2.2882871809283628e-05	0.6580645161290323	0.5494054940549405
39	F3	4.817098	0.5005527	1.456611751712812e-06	2.4076227301038215e-05	0.6838709677419355	0.566830668306683
39	Wwox	4.7976427	0.44345096	1.6054392613374146e-06	2.6318676415367455e-05	0.6774193548387096	0.5153751537515375
39	Id2	4.7534914	0.5457531	1.999334805361185e-06	3.2509509030263175e-05	0.6645161290322581	0.5479704797047971
39	Kansl1l	4.643505	0.7633316	3.425477236201985e-06	5.480763577923176e-05	0.4774193548387097	0.3380483804838048
39	Hist1h2ab	4.549845	0.731164	5.368536244153781e-06	8.454387786068946e-05	0.4870967741935484	0.34727347273472736
39	Fbln2	4.4993005	0.33736232	6.817745967605399e-06	0.00010652728074383437	0.9096774193548387	0.8810988109881098
39	Gm26668	4.414811	0.7795287	1.0109819543956659e-05	0.0001543483899840711	0.3774193548387097	0.22796227962279622
39	Psrc1	4.378677	0.5328673	1.1940198297862711e-05	0.00018091209542216228	0.5838709677419355	0.46104961049610493
39	Hist1h4d	4.2568216	0.5956579	2.073536745469407e-05	0.00030719062895843063	0.5774193548387097	0.47211972119721196
39	Mettl15	4.2394586	0.41698325	2.2405970868095248e-05	0.000329499571589636	0.7806451612903226	0.6584665846658466
39	Polq	4.236369	0.56334406	2.2716335104301774e-05	0.0003316253299898069	0.5064516129032258	0.3683886838868389
39	Hist1h3c	4.204908	0.8053786	2.611884248949743e-05	0.00037853394912315113	0.4129032258064516	0.2861828618286183
39	Gm17501	4.197419	0.49417493	2.6997405343187983e-05	0.00038845187544155367	0.6290322580645161	0.5252152521525215
39	Lin52	4.0113316	0.43733016	6.037722772449084e-05	0.0008503834890773359	0.6	0.46330463304633046
39	Diaph3	3.9561918	0.26782823	7.615405498178524e-05	0.0010576952080803507	0.9064516129032258	0.8470684706847068
39	Hist1h2ai	3.940686	0.5944095	8.124890561232626e-05	0.0011206745601700175	0.43548387096774194	0.3079130791307913
39	Amotl2	3.9159708	0.39433098	9.004112710462166e-05	0.0012250493483621995	0.7548387096774194	0.6879868798687987
39	Timp1	3.9130378	0.37580177	9.114223185017671e-05	0.0012316517817591449	0.864516129032258	0.8130381303813038
39	Tm4sf1	3.8886356	0.21666475	0.00010080937205503941	0.001344124960733859	0.9451612903225807	0.9555145551455515
39	Wdpcp	3.8486688	0.58172715	0.00011876141855274533	0.0015524368438267363	0.45483870967741935	0.3333333333333333
39	Gm12603	3.793881	0.30975425	0.0001483108367162057	0.0019014209835410988	0.896774193548387	0.8331283312833129
39	Pcf11	3.7886016	0.39029604	0.00015149767176683717	0.0019119390921369	0.6419354838709678	0.5272652726527265
39	Gm26870	3.7803502	0.39323372	0.0001566079827165601	0.0019575997839570013	0.6806451612903226	0.5631406314063141
39	Lin54	3.737783	0.34881872	0.00018565016874168237	0.0023062132762941908	0.7032258064516129	0.5949159491594916
39	Kif20a	3.6494808	0.4824294	0.00026277090166492947	0.003143495561286857	0.44516129032258067	0.3157031570315703
39	Hist1h1c	3.6467042	0.6324947	0.00026562537492873944	0.003143495561286857	0.4	0.2829028290282903
39	Gm10801	3.5842319	0.37705538	0.00033807166131356804	0.003977313662512565	0.5580645161290323	0.4358343583435834
39	Slc9a9	3.578268	0.7075108	0.00034587849335552243	0.004045362495386227	0.34838709677419355	0.23267732677326775
39	Brip1	3.5720894	0.32229936	0.00035414453016044276	0.004117959653028405	0.7032258064516129	0.5789257892578926
39	1600019K03Rik	3.5658324	0.47836822	0.00036270320312702353	0.004193100614185243	0.4935483870967742	0.3767937679376794
39	Prdx4	3.5502484	0.2832214	0.00038486771997469743	0.004406663171780232	0.8935483870967742	0.8597785977859779
39	Ndufa5	3.5335696	0.2590012	0.0004099880955888293	0.004658955631691242	0.9161290322580645	0.8823288232882329
39	Magoh	3.517673	0.2724164	0.0004353486400550053	0.004892999543289066	0.8612903225806452	0.8031980319803198
39	Catsperd	3.5175946	0.3446635	0.00043547695935272683	0.004892999543289066	0.8032258064516129	0.6927019270192702
39	Crim1	3.4753795	0.32330406	0.0005101313030841207	0.005668125589823563	0.8709677419354839	0.8251332513325134
39	Kctd4	3.466385	0.4273331	0.0005275074423926765	0.0058288115181511215	0.5290322580645161	0.41656416564165644
39	Rbms3	3.4493346	0.30483478	0.0005619699095539624	0.006175493511582004	0.8032258064516129	0.7267322673226733
39	Hist1h2al	3.4360385	0.51297957	0.0005902872199972784	0.006416165434753027	0.3903225806451613	0.27121771217712176
39	Gm30624	3.4299378	0.52789724	0.0006037195150922688	0.0065266974604569605	0.38064516129032255	0.26281262812628126
39	Vgll3	3.4139824	0.30747187	0.0006402069539707223	0.00688394574162067	0.7580645161290323	0.6728167281672817
39	Nrg1	3.404323	0.3070284	0.000663282214103615	0.00709011432051731	0.8032258064516129	0.6865518655186552
39	Hist1h2ae	3.3864908	0.4175205	0.0007079267107193855	0.0074327818137504805	0.6193548387096774	0.511890118901189
39	2010300F17Rik	3.385083	0.58272654	0.0007115676314991443	0.0074327818137504805	0.4290322580645161	0.3241082410824108
39	Naaladl2	3.3843203	0.28722772	0.0007135470541200461	0.0074327818137504805	0.8741935483870967	0.8493234932349324
39	Fkbp3	3.334968	0.20328239	0.0008530917546961625	0.008794760357692397	0.9774193548387097	0.9657646576465765
39	Fancd2	3.2742946	0.6627816	0.0010592609208762427	0.010753917978439012	0.34516129032258064	0.23944239442394424
39	Fam198b	3.2106295	0.34119675	0.0013244454894584259	0.013378237267256827	0.6903225806451613	0.6605166051660517
39	Adam12	3.2070708	0.54583865	0.0013409395028569687	0.013476778923185615	0.3935483870967742	0.2976629766297663
39	Eif2b3	3.1972942	0.31029975	0.001387233117766991	0.013872331177669908	0.7741935483870968	0.6912669126691267
39	Fkbp11	3.1740456	0.257944	0.001503300764741981	0.014666348924312012	0.8612903225806452	0.8247232472324724
39	Gm42826	3.132808	0.27731466	0.0017314268165058177	0.016489779204817312	1.0	0.992209922099221
39	Steap1	3.0810115	0.28059655	0.002062985876247916	0.019462130907999208	0.867741935483871	0.8216482164821648
39	Hes1	3.0755172	0.54778343	0.002101378110191679	0.01973124986095473	0.4258064516129032	0.3329233292332923
39	Tpm2	3.0627685	0.27451402	0.0021929961680988838	0.020495291290643775	0.8483870967741935	0.8072980729807298
39	Uqcrb	3.059464	0.23482864	0.002217333995536715	0.020626362749178742	0.8774193548387097	0.8448134481344813
39	Hist1h4a	2.9679945	0.85109735	0.002997498447408085	0.027374415044822693	0.2645161290322581	0.17015170151701517
39	Hist1h2af	2.9188378	0.8319994	0.003513391052352869	0.03151023365338896	0.23225806451612904	0.13448134481344814
39	Usp14	2.8983264	0.18911937	0.003751599079098035	0.033496420349089596	0.9774193548387097	0.9702747027470274
39	Hist1h2an	2.8952565	0.35812876	0.003788487362867188	0.033675443225486115	0.5064516129032258	0.4108241082410824
39	Anxa2	2.878128	0.12284148	0.004000427808127998	0.03540201600113272	1.0	0.999179991799918
39	1600010M07Rik	2.8756838	0.2663483	0.004031532773191419	0.03552011253913144	0.7064516129032258	0.6174661746617466
39	Cyr61	2.8704827	0.3171817	0.0040984560252983375	0.03595136864296787	0.6935483870967742	0.6225912259122591
39	Hist1h4h	2.8680387	0.5653763	0.004130251786670533	0.03605754526428896	0.34838709677419355	0.2562525625256253
39	Snai2	2.8536084	0.27971533	0.00432257868404575	0.037424923671391774	0.7451612903225806	0.6773267732677327
39	Klf9	2.8374183	0.22214478	0.004547998247415307	0.039206881443235406	0.864516129032258	0.8159081590815909
39	Anxa3	2.8346026	0.19087262	0.004588271343534447	0.03938430337797808	0.867741935483871	0.8835588355883559
39	Hmgn5	2.8094573	0.21131384	0.00496251030942269	0.04241461802925376	0.867741935483871	0.8077080770807709
39	Serpinb8	2.7773705	0.71295315	0.0054800664544612104	0.046050978608917735	0.3387096774193548	0.2603526035260353
39	Rad51ap1	2.770566	0.29809582	0.005595895007902853	0.04682757328788999	0.5709677419354838	0.46412464124641245
39	Psmb6	2.754239	0.19011556	0.005882876314343925	0.04902396928619937	0.9032258064516129	0.9052890528905289
39	Ror1	-2.744717	-0.24464384	0.006056314308664708	0.04984620830176714	0.7645161290322581	0.7915129151291513
39	Trps1	-2.7485688	-0.29382056	0.0059856083148599965	0.04946783731289253	0.7870967741935484	0.7857728577285773
39	Tanc2	-2.7489793	-0.20332305	0.005978115167783586	0.04946783731289253	0.9354838709677419	0.9206642066420664
39	Dusp4	-2.781555	-0.5049574	0.005409917553343341	0.0456533126864417	0.33225806451612905	0.41246412464124643
39	Plxna2	-2.8011081	-0.5069758	0.0050927457968209	0.04315886268492288	0.36774193548387096	0.43808938089380894
39	Magi2	-2.8080494	-0.27714714	0.0049842570675551826	0.042419209085576025	0.8354838709677419	0.8177531775317753
39	Ccng1	-2.8667872	-0.16032065	0.004146617705393231	0.03605754526428896	0.9838709677419355	0.9829848298482985
39	Col27a1	-2.921145	-0.6658018	0.0034874751339653842	0.031418694900589045	0.27741935483870966	0.35608856088560886
39	Pdgfc	-2.941676	-0.33944127	0.003264415049180337	0.029542217639641058	0.6967741935483871	0.7107421074210742
39	Slc22a23	-2.9513154	-0.4585307	0.003164235265807801	0.028765775143707283	0.432258064516129	0.505740057400574
39	Zfp521	-3.0202599	-0.48646012	0.0025255781753188056	0.023170441975401888	0.45483870967741935	0.511070110701107
39	Maml3	-3.0251482	-0.39889947	0.00248511287777702	0.022904266154626915	0.5580645161290323	0.6207462074620747
39	Dip2c	-3.0372713	-0.3137472	0.002387305580287094	0.022104681298954574	0.6935483870967742	0.7129971299712997
39	Dnmbp	-3.088911	-0.31615654	0.002008915338126795	0.019041851546225542	0.635483870967742	0.6978269782697827
39	Fgd4	-3.1458304	-0.43912235	0.001656160283573765	0.015848423766256125	0.5387096774193548	0.5973759737597376
39	Mbd5	-3.156428	-0.3466617	0.0015971420944293215	0.015357135523358862	0.6709677419354839	0.6955719557195572
39	Cdk8	-3.1632328	-0.25075096	0.001560275664401055	0.015075127192280727	0.8064516129032258	0.8411234112341124
39	Zfp608	-3.1662047	-0.5528205	0.001544420309541306	0.014994371937294233	0.42258064516129035	0.48769987699877
39	Itpr2	-3.183529	-0.38345116	0.0014549160164614619	0.014263882514328058	0.5935483870967742	0.6494464944649446
39	Gpr149	-3.1878307	-0.30364963	0.0014334450263949036	0.014122611097486734	0.7580645161290323	0.7988929889298892
39	Ext1	-3.1894143	-0.230617	0.0014256136424394853	0.014114986558806785	0.8709677419354839	0.8927839278392784
39	Chst11	-3.1946938	-0.38127562	0.0013997930104856478	0.013928288661548733	0.6258064516129033	0.6724067240672407
39	Tenm4	-3.3089623	-0.30169874	0.0009364240444337426	0.009555347392181047	0.8451612903225807	0.8454284542845428
39	mt-Rnr2	-3.3225715	-0.25275004	0.0008919183383121629	0.00914788039294526	1.0	1.0
39	Rplp0	-3.338214	-0.1913192	0.0008431879587579583	0.008737699054486615	0.9935483870967742	0.999179991799918
39	Lbh	-3.3874488	-0.4488674	0.0007054587693367672	0.0074327818137504805	0.5516129032258065	0.6018860188601886
39	Cped1	-3.4030132	-0.41594478	0.0006664707461286272	0.00709011432051731	0.5516129032258065	0.6305863058630586
39	Fbxl7	-3.4365468	-0.32683098	0.0005891805130254647	0.006416165434753027	0.832258064516129	0.8296432964329643
39	Vcan	-3.4898489	-0.20892808	0.00048329400497040554	0.005399933016429112	0.9419354838709677	0.9520295202952029
39	Plxna4	-3.5497596	-0.62908965	0.0003855830275307703	0.004406663171780232	0.3193548387096774	0.4218942189421894
39	Fbxl17	-3.6477602	-0.34706533	0.0002645364627859471	0.003143495561286857	0.7516129032258064	0.7732677326773267
39	Fgf7	-3.6619751	-0.5106532	0.00025027804520835674	0.0030153981350404427	0.5838709677419355	0.6340713407134071
39	Mxd4	-3.6676457	-0.5782397	0.000244794095983188	0.0029672011634325813	0.4838709677419355	0.5565805658056581
39	Tanc1	-3.6927323	-0.40189886	0.00022185746088024426	0.002705578791222491	0.6645161290322581	0.7148421484214842
39	Ube2e2	-3.6936123	-0.3774212	0.00022109083183040497	0.002705578791222491	0.7032258064516129	0.7382123821238212
39	Ssfa2	-3.7072408	-0.4205016	0.00020952967303203415	0.002586786086815236	0.5741935483870968	0.6637966379663797
39	Eef2	-3.7877803	-0.21178408	0.00015199915782488355	0.0019119390921369	0.9870967741935484	0.9920049200492005
39	Zmynd19	-3.7894228	-0.5423023	0.00015099774356965668	0.0019119390921369	0.5096774193548387	0.577080770807708
39	Gm42418	-3.7965791	-0.31284496	0.00014670648797102055	0.0018929869415615554	0.9935483870967742	0.9981549815498155
39	Adgrl2	-3.834923	-0.5322819	0.00012560364393824548	0.001631216155042149	0.5419354838709678	0.6008610086100861
39	Pvt1	-3.8495684	-0.25107184	0.00011832618361231224	0.0015524368438267363	0.9096774193548387	0.9001640016400164
39	Fmnl2	-3.8593059	-0.33218646	0.0001137095853409137	0.0015060872230584596	0.8419354838709677	0.8669536695366954
39	Pdzrn3	-3.8997808	-0.3814974	9.62798031530519e-05	0.0012923463510476766	0.7838709677419354	0.7972529725297253
39	Csrp2	-3.922834	-0.43461442	8.751344563051446e-05	0.0011988143237056776	0.6258064516129033	0.6902419024190242
39	Ngef	-3.981337	-0.52166	6.852868498831613e-05	0.0009584431466897361	0.4838709677419355	0.5799507995079951
39	Ccne1	-4.013248	-0.47922963	5.9888973429647225e-05	0.0008494889848176912	0.5870967741935483	0.6410414104141041
39	Gm11884	-4.0895247	-0.35260177	4.32257968948959e-05	0.0006175113842127985	0.8806451612903226	0.8784337843378434
39	Csgalnact1	-4.276023	-0.48532963	1.9026173188177555e-05	0.0002839727341519038	0.6193548387096774	0.6941369413694137
39	Gas7	-4.35535	-0.38449416	1.328544652812426e-05	0.00019978115079886106	0.8161290322580645	0.8661336613366134
39	Rin2	-4.426719	-0.59859186	9.56772155799513e-06	0.00014719571627684814	0.43548387096774194	0.549610496104961
39	Mast4	-4.4665685	-0.3365707	7.94842561055242e-06	0.00012323140481476622	0.8806451612903226	0.8702337023370234
39	Prkca	-4.5570016	-0.2875262	5.188898292239585e-06	8.236346495618389e-05	0.9709677419354839	0.972119721197212
39	Srgap3	-4.7154803	-0.60248876	2.411413648999906e-06	3.8893768532256554e-05	0.4838709677419355	0.5992209922099221
39	Plpp3	-4.8313913	-0.44311607	1.3558220845274913e-06	2.2786925790378005e-05	0.7645161290322581	0.8175481754817548
39	Scd2	-4.85595	-0.3680064	1.198108643346544e-06	2.0306926158416e-05	0.8806451612903226	0.9249692496924969
39	Apbb2	-5.1203675	-0.5349952	3.049407248507932e-07	5.494427474789067e-06	0.6774193548387096	0.7429274292742928
39	Gm26917	-5.1662	-0.46543747	2.3890093961501974e-07	4.3436534475458134e-06	0.8612903225806452	0.8899138991389914
39	Nrp2	-5.2400527	-0.4360424	1.6053094521320982e-07	3.000578415200184e-06	0.8612903225806452	0.9005740057400574
39	Frmd4a	-5.3425307	-0.33701572	9.165789000653901e-08	1.729394151066774e-06	0.9516129032258065	0.9362443624436244
39	Ppp3ca	-5.615825	-0.39031276	1.9562637359811375e-08	3.873789576200272e-07	0.964516129032258	0.9727347273472735
39	Cd34	-5.6320543	-0.51543725	1.780755859936376e-08	3.5615117198727517e-07	0.7580645161290323	0.8130381303813038
39	Flrt2	-5.7377977	-0.5664441	9.591551896011198e-09	1.9776395661878758e-07	0.7258064516129032	0.7931529315293153
39	Sox9	-5.9787517	-0.47392666	2.248543110712197e-09	4.888137197200428e-08	0.8806451612903226	0.9239442394423945
39	Cdc6	-6.1596184	-1.4200578	7.292052237664277e-10	1.6204560528142837e-08	0.22258064516129034	0.3985239852398524
39	Ccne2	-6.4626923	-1.2771006	1.0285632533857425e-10	2.4489601271089104e-09	0.2967741935483871	0.46719967199671997
39	Ccnd1	-6.469086	-0.4538646	9.85973682017104e-11	2.375840197631576e-09	0.8935483870967742	0.931529315293153
39	Peak1	-6.6634445	-0.43529686	2.6748288286640085e-11	6.604515626330885e-10	0.9387096774193548	0.9510045100451004
39	Timp3	-6.9230127	-0.58991414	4.421375935722769e-12	1.1336861373648127e-10	0.8870967741935484	0.9300943009430094
39	Ank	-7.1305504	-0.51657486	9.996854228667191e-13	2.59658551393953e-11	0.9161290322580645	0.9204592045920459
39	Arhgap24	-7.3604956	-0.7595754	1.8322900158843474e-13	4.952135178065804e-12	0.7129032258064516	0.7976629766297663
40	Top2a	14.751377	1.7303451	3.0145078691316388e-49	6.029015738263278e-46	1.0	0.8693729903536977
40	Prc1	14.467782	1.6796699	1.9361498648532558e-47	1.9361498648532558e-44	0.9952830188679245	0.7520096463022508
40	Cenpf	12.249474	1.4910352	1.690900704267143e-34	1.1272671361780953e-31	0.9716981132075472	0.7138263665594855
40	Nusap1	11.807062	1.556127	3.5888420503382506e-32	1.7944210251691253e-29	0.8679245283018868	0.5018086816720257
40	H1f0	11.6232195	1.0484958	3.140742595919697e-31	1.2562970383678788e-28	0.9575471698113207	0.8703778135048231
40	Prr11	11.277727	1.2816052	1.6905752630098836e-29	5.635250876699612e-27	0.8679245283018868	0.5633038585209004
40	Spc25	10.973648	1.369468	5.11654545947084e-28	1.4618701312773828e-25	0.8349056603773585	0.5002009646302251
40	Birc5	10.723156	0.9462975	7.925223338926182e-27	1.9813058347315454e-24	0.9858490566037735	0.8961012861736335
40	Kif11	10.318014	1.2445538	5.8419200099958325e-25	1.2982044466657406e-22	0.8349056603773585	0.5277331189710611
40	Knl1	10.205269	1.0728126	1.8780058785487808e-24	3.7560117570975615e-22	0.9245283018867925	0.6985530546623794
40	Anln	10.171839	0.91932726	2.6486143276052955e-24	4.81566241382781e-22	0.9622641509433962	0.8398311897106109
40	Mis18bp1	10.161327	1.1592788	2.9503256704089483e-24	4.91720945068158e-22	0.8679245283018868	0.6077170418006431
40	Ube2c	10.073842	1.2020079	7.21050119105048e-24	1.1093078755462276e-21	0.8443396226415094	0.5986736334405145
40	Smc4	10.02674	0.82056797	1.1629263527132537e-23	1.661323361018934e-21	0.9811320754716981	0.9385048231511254
40	Sgo1	9.993754	1.1143124	1.6231422924187853e-23	2.1641897232250474e-21	0.8773584905660378	0.5815916398713826
40	Kif20b	9.919942	1.0870295	3.409557938988617e-23	4.261947423735771e-21	0.9528301886792453	0.7307073954983923
40	Cdca8	9.78217	0.9818822	1.3429873481392225e-22	1.5799851154579086e-20	0.9386792452830188	0.7419614147909968
40	Smc2	9.701615	0.86887014	2.967628423679707e-22	3.297364915199675e-20	0.9716981132075472	0.8313906752411575
40	Cenpe	9.522595	1.0717369	1.6890731305936952e-21	1.777971716414416e-19	0.9716981132075472	0.7662781350482315
40	Incenp	9.510211	1.0826209	1.9027621912911936e-21	1.9027621912911935e-19	0.8301886792452831	0.5616961414790996
40	Mki67	9.323091	1.0010178	1.1299951349564919e-20	1.0761858428157064e-18	0.9622641509433962	0.7755225080385852
40	Aurkb	9.292587	1.2305484	1.5058298414591982e-20	1.368936219508362e-18	0.7594339622641509	0.4364951768488746
40	Hmmr	9.283153	1.018773	1.6453668907614046e-20	1.4307538180533953e-18	0.9386792452830188	0.7071945337620579
40	Hist1h1e	8.95578	1.2034369	3.373416737891214e-19	2.811180614909345e-17	0.8820754716981132	0.7542202572347267
40	Kif18a	8.893204	1.0758168	5.937174249143602e-19	4.749739399314882e-17	0.7830188679245284	0.5291398713826366
40	Cdk1	8.7690115	0.9660329	1.802421606927782e-18	1.386478159175217e-16	0.8679245283018868	0.6533360128617364
40	Ckap2l	8.694941	1.0084635	3.470120356542353e-18	2.570459523364706e-16	0.8207547169811321	0.5418006430868167
40	Ect2	8.478089	0.885153	2.2892303130590518e-17	1.6351645093278942e-15	0.8820754716981132	0.6555466237942122
40	H3f3b	8.162469	0.45998973	3.2824607440047654e-16	2.263766030348114e-14	1.0	0.9959807073954984
40	Depdc1a	8.068054	1.0703759	7.142745545258405e-16	4.761830363505604e-14	0.7028301886792453	0.4320739549839228
40	Sgo2a	8.061172	0.95816666	7.556683858007726e-16	4.875279908392082e-14	0.7971698113207547	0.5590836012861736
40	Kif23	8.019734	0.9919132	1.0597377281772885e-15	6.623360801108054e-14	0.7358490566037735	0.452572347266881
40	Ccnf	7.899077	1.2173008	2.809762323961759e-15	1.7028862569465204e-13	0.6320754716981132	0.3567122186495177
40	Kif4	7.855393	0.90607244	3.985204956491561e-15	2.344238209700918e-13	0.7783018867924528	0.5281350482315113
40	Arhgap11a	7.795111	0.89630437	6.435188945462704e-15	3.6772508259786877e-13	0.8443396226415094	0.6097266881028939
40	Cks2	7.57339	0.8153757	3.636081786031635e-14	2.020045436684242e-12	0.910377358490566	0.7506028938906752
40	Tpx2	7.4500637	0.66561544	9.329521543786604e-14	5.042984618263029e-12	0.9622641509433962	0.8384244372990354
40	Hist1h1b	7.4366493	0.99174744	1.0327113769464702e-13	5.435323036560369e-12	0.8018867924528302	0.5791800643086816
40	Ccnb1	7.3608932	1.140359	1.8268388980796112e-13	9.368404605536467e-12	0.6273584905660378	0.38022508038585207
40	Ndc80	7.355953	0.78580314	1.8956909506326653e-13	9.478454753163327e-12	0.839622641509434	0.6637861736334405
40	Cdkn2c	7.2503953	1.0220952	4.1555640856732543e-13	2.0271044320357338e-11	0.6933962264150944	0.4658360128617363
40	Cep55	7.1216145	0.848814	1.0667018949920729e-12	5.079532833295585e-11	0.8018867924528302	0.5562700964630225
40	Aurka	7.0954647	1.0133476	1.2891745581727707e-12	5.996160735687306e-11	0.6650943396226415	0.4409163987138264
40	Kif18b	7.012053	1.0213304	2.3484586235592944e-12	1.0674811925269521e-10	0.6132075471698113	0.35269292604501606
40	Tubb5	6.9601054	0.53679067	3.400184865432726e-12	1.4783412458403157e-10	1.0	0.9867363344051447
40	Pclaf	6.952637	0.59221786	3.5851947557882944e-12	1.5256147896971466e-10	0.9575471698113207	0.8679662379421221
40	Hist1h2ae	6.943882	0.9823195	3.8146964074911595e-12	1.5894568364546498e-10	0.7311320754716981	0.5092443729903537
40	Fam83d	6.711111	1.4575566	1.9314779645043405e-11	7.883583528589145e-10	0.46226415094339623	0.20819935691318328
40	Ccna2	6.6925	0.6964483	2.1938991881254543e-11	8.775596752501817e-10	0.8207547169811321	0.6296221864951769
40	Mastl	6.6720157	0.8878973	2.5231356897055167e-11	9.894649763551046e-10	0.6650943396226415	0.44011254019292606
40	G2e3	6.509617	0.9513283	7.53426203879351e-11	2.897793091843658e-09	0.660377358490566	0.45237138263665594
40	Lockd	6.4317303	0.6727715	1.2615941924701013e-10	4.760732801773967e-09	0.910377358490566	0.7528135048231511
40	Plk1	6.403263	0.9651594	1.5209070095034605e-10	5.6298445214289855e-09	0.6273584905660378	0.3967041800643087
40	Hist2h2ac	6.4005475	0.9207922	1.548207243392971e-10	5.6298445214289855e-09	0.7877358490566038	0.6772508038585209
40	Dbf4	6.2186713	0.48468184	5.013821192092856e-10	1.7906504257474485e-08	0.9716981132075472	0.9395096463022508
40	Ncapg	6.0160537	0.6921454	1.7872051512441944e-09	6.270895267523489e-08	0.7452830188679245	0.5564710610932476
40	Kif15	5.9720416	0.7001588	2.343025162490448e-09	8.079397112036027e-08	0.7452830188679245	0.5407958199356914
40	Rpa3	5.96743	0.62346536	2.4101977508655795e-09	8.170161867340947e-08	0.8820754716981132	0.7385450160771704
40	Bub1b	5.913328	0.90895367	3.3526311581787324e-09	1.1175437193929108e-07	0.5754716981132075	0.34646302250803857
40	Hist1h2ai	5.9051347	0.985586	3.5235901931419265e-09	1.1552754731612874e-07	0.5330188679245284	0.3062700964630225
40	Gen1	5.8717046	0.9076639	4.313374191810225e-09	1.3914110296162016e-07	0.5707547169811321	0.3408360128617363
40	Kif2c	5.8544507	0.85957575	4.7858876133043295e-09	1.5193294010489935e-07	0.5801886792452831	0.3583199356913183
40	Tubb4b	5.8318596	0.5447699	5.4812998576049315e-09	1.712906205501541e-07	0.9575471698113207	0.8464630225080386
40	Dlgap5	5.812499	0.70217174	6.154697093147015e-09	1.893752951737543e-07	0.6886792452830188	0.4807073954983923
40	Malat1	5.6463313	0.39936417	1.6390766036599866e-08	4.892765981074587e-07	1.0	1.0
40	Pbk	5.590357	0.5853775	2.26603246912059e-08	6.613525524180476e-07	0.7971698113207547	0.6384646302250804
40	C330027C09Rik	5.589163	0.6219932	2.2816663058422642e-08	6.613525524180476e-07	0.7641509433962265	0.5886254019292605
40	Kif14	5.5377536	0.86526686	3.0637587978399304e-08	8.753596565256943e-07	0.5235849056603774	0.30365755627009644
40	Trim59	5.4763713	0.50562	4.3413633206449325e-08	1.2229192452520937e-06	0.8773584905660378	0.7956189710610932
40	Aspm	5.456894	0.78265643	4.845361283488113e-08	1.3459336898578091e-06	0.6650943396226415	0.4746784565916399
40	Hist1h4c	5.399234	0.98947483	6.692615499007715e-08	1.833593287399374e-06	0.5188679245283019	0.33561093247588425
40	Parpbp	5.333029	0.9260296	9.658799377642885e-08	2.610486318281861e-06	0.5188679245283019	0.32134244372990356
40	Hist1h2ab	5.324507	0.9361057	1.0122700247446583e-07	2.699386732652422e-06	0.5377358490566038	0.3478697749196141
40	2700099C18Rik	5.275041	0.8060106	1.3272642710214165e-07	3.447439664990692e-06	0.6132075471698113	0.4712620578778135
40	Gas2l3	5.169155	0.9364709	2.3515444390200373e-07	5.878861097550093e-06	0.5377358490566038	0.3494774919614148
40	Hist1h2ak	5.158831	0.85152626	2.484961393491965e-07	6.135707144424604e-06	0.5330188679245284	0.34586012861736337
40	Hist1h1d	5.125635	0.8127606	2.965363268900711e-07	7.151671810933694e-06	0.5754716981132075	0.390072347266881
40	Cep128	5.125471	0.6481508	2.9679438015374834e-07	7.151671810933694e-06	0.7169811320754716	0.5496382636655949
40	Brip1	5.1180267	0.57076186	3.0874880666899426e-07	7.264677803976335e-06	0.7641509433962265	0.5787781350482315
40	H2afz	5.0687943	0.32523575	4.0034322198490056e-07	9.310307488020943e-06	1.0	0.9957797427652733
40	Spdl1	5.0501127	0.6357393	4.415490201883407e-07	1.0150552188237719e-05	0.6509433962264151	0.4895498392282958
40	Pimreg	4.948839	0.6802654	7.465743786828875e-07	1.6776952329952527e-05	0.6179245283018868	0.41680064308681675
40	Hist1h4d	4.9111247	0.80691	9.055544277422377e-07	2.0123431727605285e-05	0.6132075471698113	0.47266881028938906
40	Knstrn	4.899209	0.5226759	9.622333465302932e-07	2.091811622891942e-05	0.8584905660377359	0.71241961414791
40	Pif1	4.887176	1.31069	1.0229273348448555e-06	2.1998437308491514e-05	0.35377358490566035	0.16117363344051447
40	Cdc20	4.765605	0.61987007	1.8828771479807193e-06	4.006121591448339e-05	0.6886792452830188	0.5327572347266881
40	Cdkn2d	4.5492687	0.872208	5.383267389872998e-06	0.00011099520391490717	0.4858490566037736	0.3233520900321543
40	Ubald2	4.532577	0.59302485	5.826842703634807e-06	0.00011891515721703688	0.6462264150943396	0.5064308681672026
40	Kpna2	4.471803	0.87508225	7.756274111752124e-06	0.00015512548223504247	0.42924528301886794	0.26366559485530544
40	Iqgap3	4.461924	0.7549802	8.12269958977179e-06	0.00016084553643112455	0.5377358490566038	0.3832395498392283
40	Acta2	4.4455366	0.7687969	8.767268823053286e-06	0.00017190723182457425	0.6886792452830188	0.5502411575562701
40	Hist1h4h	4.334454	0.85790616	1.4612237896391944e-05	0.00027850609639420824	0.42452830188679247	0.25482315112540194
40	Hist1h3c	4.3343134	0.92299587	1.4621570060695932e-05	0.00027850609639420824	0.4386792452830189	0.28758038585209006
40	Prim1	4.3092175	0.4487814	1.6383324490558527e-05	0.00030911933001053827	0.8160377358490566	0.6881028938906752
40	Fbxo5	4.2174716	0.54251194	2.470568439963395e-05	0.0004533153100850266	0.6179245283018868	0.460008038585209
40	Tyms	4.174326	0.41513458	2.9886937675999785e-05	0.0005385033815495457	0.8207547169811321	0.7270900321543409
40	Cenph	4.1254683	0.4865887	3.699809645622391e-05	0.0006548335655968833	0.7264150943396226	0.5990755627009646
40	Tagln	3.8976374	0.73856103	9.713569893201659e-05	0.0016604392979831894	0.4716981132075472	0.32616559485530544
40	2610020C07Rik	3.874625	0.48254973	0.00010678905636462306	0.0017947740565482867	0.6462264150943396	0.5478295819935691
40	Pmepa1	3.853181	0.45876575	0.00011659318587281326	0.0019271600970712937	0.7311320754716981	0.6292202572347267
40	Il1rl1	3.840188	0.33352408	0.00012294009324322815	0.0020154113646430843	0.9764150943396226	0.9559887459807074
40	Id2	3.791377	0.5073987	0.000149814233276258	0.002411077394241362	0.6556603773584906	0.5506430868167203
40	Fbln2	3.7899258	0.34274492	0.00015069233714008512	0.002411077394241362	0.8867924528301887	0.882636655948553
40	Ckap2	3.7305334	0.38574448	0.0001910748939770091	0.0029855452183907673	0.7594339622641509	0.627411575562701
40	Fkbp3	3.677087	0.23856446	0.00023591248779197423	0.003601717370869835	0.9811320754716981	0.9658360128617364
40	Amotl2	3.6103437	0.42782986	0.0003057914280010472	0.004564051164194734	0.7264150943396226	0.6905144694533762
40	Cntln	3.5507174	0.38235638	0.0003841829228379752	0.005649748865264341	0.7311320754716981	0.6511254019292605
40	Dbi	3.5339553	0.21973683	0.0004093902680751875	0.00597650026387135	0.9905660377358491	0.9885450160771704
40	Hist1h2an	3.4843016	0.439325	0.0004934230239776987	0.007117654269508813	0.5566037735849056	0.41057073954983925
40	AW554918	3.4834824	0.35688195	0.0004949358659555148	0.007117654269508813	0.7547169811320755	0.6627813504823151
40	Polq	3.481703	0.5341679	0.000498235798865617	0.007117654269508813	0.5141509433962265	0.3707797427652733
40	Ncapg2	3.4743288	0.37612984	0.0005121330853423881	0.007264299082870754	0.7594339622641509	0.6469051446945338
40	Ddias	3.4574733	0.53212285	0.0005452664224395188	0.00752091617157957	0.5424528301886793	0.42061897106109325
40	Mustn1	3.4285612	0.535189	0.0006067895796898622	0.008312186023148798	0.5801886792452831	0.4682475884244373
40	Hist1h3b	3.40089	0.89535844	0.0006716683774713242	0.009076599695558435	0.3113207547169811	0.17443729903536978
40	Rad51ap1	3.3849943	0.42410168	0.0007117972752994221	0.009554325842945263	0.6132075471698113	0.46442926045016075
40	Id3	3.3607175	0.31553096	0.0007774025781805665	0.01022898129184956	0.910377358490566	0.8555064308681672
40	Gm12185	3.3454306	0.65741223	0.0008215492326816891	0.010739205655969792	0.4716981132075472	0.3609324758842444
40	Hist1h2af	3.326515	1.0886228	0.0008793932059037182	0.011347009108435073	0.2688679245283019	0.13484726688102894
40	Rad51b	3.2986565	0.34397078	0.0009714874537806372	0.012375636353893467	0.7358490566037735	0.6171623794212219
40	Lin54	3.2882621	0.35801578	0.00100807929037758	0.012760497346551648	0.6886792452830188	0.5976688102893891
40	Hist1h2bj	3.2310236	0.8570195	0.0012334781283271667	0.0155154481550587	0.2971698113207547	0.1629823151125402
40	Filip1l	3.1614006	0.26599282	0.0015701237472214647	0.019626546840268308	0.8820754716981132	0.8627411575562701
40	Psmb6	3.1515214	0.2947565	0.0016242225424185914	0.020176677545572563	0.9292452830188679	0.9041398713826366
40	Cenpa	3.058371	0.3214081	0.00222543845863231	0.026493314983717972	0.9056603773584906	0.7602491961414791
40	Wwox	3.0269072	0.35852075	0.002470696961191705	0.029067023072843586	0.6226415094339622	0.5209003215434084
40	Crim1	3.002935	0.37071773	0.0026738955950427485	0.031091809244683126	0.8490566037735849	0.8269694533762058
40	Actg1	2.9961693	0.20809698	0.0027339456601405696	0.03160630820971757	0.9811320754716981	0.9738745980707395
40	Serpinf1	2.9504955	0.27828446	0.003172647140681671	0.036052808416837175	0.8584905660377359	0.837620578778135
40	Timp1	2.9170184	0.3616635	0.0035339488024352054	0.039049158037958075	0.8254716981132075	0.8157154340836013
40	Hist1h1c	2.9004672	0.65546626	0.003726068126588535	0.040945803588885006	0.3915094339622642	0.28557073954983925
40	Itpr2	-2.857743	-0.415161	0.004266657300978601	0.04612602487544433	0.5943396226415094	0.6483118971061094
40	Sh3rf3	-2.8595924	-0.32754093	0.004241857108344791	0.0461071424820086	0.7264150943396226	0.7626607717041801
40	Agl	-2.8889728	-0.32652265	0.0038650267541960152	0.042240729554054814	0.9905660377358491	0.9809083601286174
40	Gxylt2	-2.9175568	-0.5448286	0.003527852978619777	0.039049158037958075	0.3915094339622642	0.49336816720257237
40	Zfp36l1	-2.9233627	-0.30622157	0.0034627291896309046	0.03868971161598776	0.7688679245283019	0.7835610932475884
40	Hivep2	-2.9283257	-0.4100088	0.0034079283697340695	0.03829132999701202	0.6084905660377359	0.6633842443729904
40	Tanc1	-2.936449	-0.37890336	0.0033199324098355707	0.037513360563113794	0.660377358490566	0.7140273311897106
40	Galnt18	-2.9817953	-0.6416492	0.002865635419455333	0.03275011907948952	0.37735849056603776	0.46442926045016075
40	Prl2c3	-2.9909253	-0.7004782	0.002781334441797881	0.031969361399975645	0.33490566037735847	0.44694533762057875
40	Cdc6	-3.0228808	-0.8207359	0.0025038091455520653	0.02928431749183702	0.2971698113207547	0.39188102893890675
40	Nup210l	-3.0340943	-0.92032874	0.0024125896808772722	0.02855135717014523	0.18396226415094338	0.300040192926045
40	Sox4	-3.061789	-0.5044206	0.0022001851004470577	0.026349522161042607	0.5141509433962265	0.6032958199356914
40	Dtl	-3.0683439	-0.6190832	0.0021524874682630995	0.0259335839549771	0.4339622641509434	0.5056270096463023
40	Lbh	-3.0701232	-0.43297285	0.002139705562601537	0.0259335839549771	0.5188679245283019	0.6022909967845659
40	Plxna4	-3.0817347	-0.7784397	0.0020579815891281494	0.02509733645278231	0.32547169811320753	0.41961414790996787
40	Col11a1	-3.0858316	-0.50385445	0.0020298378200886095	0.024905985522559626	0.5754716981132075	0.6358520900321544
40	Fbxl17	-3.0881023	-0.36226842	0.002014390684853496	0.024869020800660443	0.7028301886792453	0.77491961414791
40	Tanc2	-3.3121173	-0.28678653	0.0009259266902397965	0.011870855003074315	0.9198113207547169	0.9216237942122186
40	Scd2	-3.3386884	-0.30626962	0.000841749427862672	0.010931810751463272	0.8915094339622641	0.9236334405144695
40	Pdzrn3	-3.3607411	-0.3809764	0.0007773366940437729	0.01022898129184956	0.7783018867924528	0.7972266881028939
40	Adgrl2	-3.3810847	-0.5575208	0.0007220026595176819	0.009626702126902425	0.5141509433962265	0.6008842443729904
40	Tenm4	-3.4259393	-0.38230842	0.0006126773242413923	0.008335745908046154	0.8207547169811321	0.8464630225080386
40	Vcan	-3.4604464	-0.25129378	0.0005392806645705533	0.007490009230146573	0.9528301886792453	0.9513665594855305
40	Cd34	-3.463794	-0.36928397	0.000532614098843241	0.007449148235569805	0.7924528301886793	0.8104903536977492
40	Mbd5	-3.469553	-0.45169336	0.0005213251162227476	0.007342607270742924	0.6179245283018868	0.697347266881029
40	Prkca	-3.58492	-0.25812438	0.0003371815665739761	0.004995282467762608	0.9669811320754716	0.9722668810289389
40	Maml3	-3.6619172	-0.5866539	0.0002503348593234157	0.003764433974788206	0.5377358490566038	0.6203778135048231
40	Gm26917	-3.6699703	-0.391374	0.0002425786258214908	0.003675433724568042	0.8679245283018868	0.8890675241157556
40	Ank3	-3.678047	-0.3508867	0.00023502670529037018	0.003601717370869835	0.8584905660377359	0.8729903536977492
40	Gas7	-3.7039623	-0.3658283	0.0002122577567556921	0.003290817934196777	0.839622641509434	0.8641479099678456
40	Chst11	-3.735473	-0.52953	0.00018736275415718795	0.002950594553656503	0.6037735849056604	0.672427652733119
40	Rin2	-3.7821767	-0.6645525	0.00015546284521917312	0.0024676642098281445	0.4339622641509434	0.547427652733119
40	Mxd4	-3.8329074	-0.72203195	0.000126637631302114	0.0020591484764571383	0.44339622641509435	0.5568729903536977
40	Ccng1	-3.8540938	-0.29196024	0.00011615900983879197	0.0019271600970712937	0.9716981132075472	0.9835209003215434
40	Nmnat2	-3.8949687	-0.70639867	9.821143726419286e-05	0.001664600631596489	0.4009433962264151	0.519895498392283
40	Apbb2	-4.0719986	-0.5079519	4.6611413409880376e-05	0.0008036450587910409	0.6745283018867925	0.7417604501607717
40	Sox9	-4.1187963	-0.38093078	3.8085642991570285e-05	0.0006623590085490484	0.8962264150943396	0.922427652733119
40	Ssfa2	-4.1221676	-0.5744673	3.75324076144631e-05	0.0006584632914818088	0.5613207547169812	0.66258038585209
40	Limd2	-4.1490192	-0.671775	3.339025550181725e-05	0.0005962545625324509	0.4716981132075472	0.5884244372990354
40	Pdgfc	-4.212251	-0.5466364	2.5283821490812666e-05	0.000459705845287503	0.6132075471698113	0.7140273311897106
40	Frmd4a	-4.2276554	-0.34519604	2.361392455026255e-05	0.0004372948990789361	0.9245283018867925	0.9377009646302251
40	Trps1	-4.255935	-0.52623355	2.0817707037936713e-05	0.00038911601940068625	0.75	0.787379421221865
40	Peak1	-4.3462996	-0.33093163	1.3845339640202903e-05	0.00026884154641170687	0.9339622641509434	0.9509646302250804
40	Ccne2	-4.491281	-1.0553027	7.079611492758962e-06	0.00014302245439917096	0.32547169811320753	0.46262057877813506
40	Mast4	-4.676013	-0.46135253	2.9250589781032286e-06	6.093872871048393e-05	0.8254716981132075	0.8727893890675241
40	Arhgap24	-4.735593	-0.5935615	2.1841568787754322e-06	4.5982250079482785e-05	0.7122641509433962	0.7960209003215434
40	Plpp3	-4.9014096	-0.5420644	9.51515253555904e-07	2.0912423155074815e-05	0.7783018867924528	0.8159163987138264
40	Flrt2	-5.032461	-0.5719883	4.842221656483437e-07	1.100504921928054e-05	0.7216981132075472	0.7920016077170418
40	Ccnd1	-5.12203	-0.35650745	3.022638590399612e-07	7.196758548570504e-06	0.9292452830188679	0.9292604501607717
40	Gm11884	-5.21003	-0.53334874	1.8881007781458737e-07	4.780001969989554e-06	0.8632075471698113	0.8792202572347267
40	Timp3	-5.2549314	-0.5409887	1.4807968914438825e-07	3.7969151062663656e-06	0.8773584905660378	0.9296623794212219
40	Srgap3	-5.321066	-0.87889576	1.0316095438539137e-07	2.7147619575102994e-06	0.4481132075471698	0.5984726688102894
40	Ank	-5.6815176	-0.5227538	1.3350486997547468e-08	4.0456021204689295e-07	0.8820754716981132	0.9218247588424437
40	Ppp3ca	-6.9647174	-0.5896842	3.290641579929287e-12	1.462507368857461e-10	0.9528301886792453	0.9730707395498392
41	Top2a	10.04341	1.6061913	9.821826411697625e-24	1.964365282339525e-20	1.0	0.8718706879558447
41	Spc25	9.770226	1.5396824	1.5111549180338029e-22	1.511154918033803e-19	0.9130434782608695	0.504829489453972
41	Prc1	9.493483	1.4785763	2.2344094704703515e-21	1.489606313646901e-18	0.9652173913043478	0.7573427951902227
41	H1f0	8.931341	1.0844474	4.2087518109702205e-19	2.1043759054851102e-16	0.9565217391304348	0.8720678099743742
41	Nusap1	8.5507145	1.5157682	1.2232934043417919e-17	4.893173617367167e-15	0.8347826086956521	0.5095604178986792
41	Cenpf	8.5164	1.4074795	1.6458874017953804e-17	5.486291339317934e-15	0.9391304347826087	0.7194953676325646
41	Ckap2l	8.073191	1.3146017	6.848437929128584e-16	1.9566965511795953e-13	0.8521739130434782	0.5464222353636902
41	Depdc1a	7.898287	1.5340736	2.8276253678198517e-15	7.069063419549629e-13	0.7304347826086957	0.4366252710427755
41	Kif11	7.8028703	1.3045928	6.051464288588402e-15	1.3447698419085338e-12	0.8173913043478261	0.5340035481963336
41	Arhgap11a	7.611786	1.1834017	2.7033453518644575e-14	5.042501127192357e-12	0.8695652173913043	0.6136408436822393
41	Mis18bp1	7.6084805	1.1088978	2.7733756199557964e-14	5.042501127192357e-12	0.8608695652173913	0.6128523556081215
41	Anln	7.194327	0.8659213	6.276968603151742e-13	1.0461614338586237e-10	0.9478260869565217	0.8424995071949537
41	Knl1	7.1602025	1.0591836	8.055810567889716e-13	1.2393554719830333e-10	0.9043478260869565	0.7033313621131481
41	Cenpe	6.9377947	1.0697553	3.982679575753754e-12	5.689542251076792e-10	0.9304347826086956	0.7711413364872857
41	Prr11	6.925612	1.1286247	4.340952021132873e-12	5.787936028177164e-10	0.8	0.5706682436428149
41	Ube2c	6.9038906	1.1291822	5.059730308652501e-12	6.324662885815626e-10	0.8347826086956521	0.6035876207372364
41	Kif18a	6.6673484	1.1736885	2.6046643611699718e-11	3.064311013141143e-09	0.7478260869565218	0.5347920362704514
41	Sgo2a	6.631146	1.1461455	3.330903705569158e-11	3.7010041172990647e-09	0.7913043478260869	0.5637689729942834
41	Sgo1	6.5786686	1.0871584	4.746794293941781e-11	4.996625572570296e-09	0.7913043478260869	0.589197713384585
41	Kif20b	6.4006166	0.96831614	1.5475071584798497e-10	1.5475071584798496e-08	0.8782608695652174	0.7366449832446285
41	Ect2	6.3701124	0.9304027	1.8888985273181646e-10	1.7989509783982518e-08	0.8260869565217391	0.6611472501478415
41	Kif4	6.150947	1.0166512	7.702157844983024e-10	7.001961677257295e-08	0.7565217391304347	0.5334121821407452
41	Dbf4	6.141944	0.6112113	8.151768909758324e-10	7.088494704137673e-08	0.9652173913043478	0.9402720283855707
41	Cdk1	6.118145	0.91845256	9.4671027416753e-10	7.889252284729417e-08	0.8521739130434782	0.6577961758328406
41	Smc4	6.0997605	0.6870452	1.06227600703653e-09	8.350252403295687e-08	0.9826086956521739	0.9392864182929234
41	Aspm	6.0962977	1.0797399	1.0855328124284393e-09	8.350252403295687e-08	0.7565217391304347	0.4762467967671989
41	Incenp	6.012875	0.91723615	1.8226155809209016e-09	1.3500856154969641e-07	0.8260869565217391	0.5669229252907549
41	Aurkb	5.819807	1.1507763	5.891562797939292e-09	4.208259141385208e-07	0.6869565217391305	0.4443130297654248
41	Gas2l3	5.716237	1.2680771	1.0890873893671627e-08	7.510947512876985e-07	0.6086956521739131	0.3514685590380445
41	Mki67	5.6446195	0.8259625	1.655467964155766e-08	1.0703913344131256e-06	0.9043478260869565	0.7804060713581707
41	Hist1h1e	5.644242	1.0006721	1.6591065683403447e-08	1.0703913344131256e-06	0.8521739130434782	0.7573427951902227
41	Smc2	5.622426	0.69030017	1.8829408740923218e-08	1.1411762873286797e-06	0.9304347826086956	0.8350088704908338
41	Aurka	5.5671153	1.0911437	2.5899084289050496e-08	1.523475546414735e-06	0.6869565217391305	0.44470727380248376
41	Hmmr	5.514921	0.8368579	3.489361431997649e-08	1.9939208182843706e-06	0.8956521739130435	0.7125960969840331
41	Birc5	5.4597363	0.72096395	4.76841820475681e-08	2.6491212248648944e-06	0.991304347826087	0.8976936723832052
41	Il1rl1	5.3792415	0.59589374	7.480026627702794e-08	4.043257636596105e-06	0.9739130434782609	0.9564360339049872
41	Ncapg2	5.3593144	0.76727605	8.353825108715557e-08	4.3967500572187145e-06	0.808695652173913	0.6479400749063671
41	Cdkn2c	5.2557764	1.047424	1.474013871799839e-07	7.4467966959484575e-06	0.6521739130434783	0.4711216242854327
41	Hist1h1b	5.2500467	0.95140696	1.5206050265497423e-07	7.4467966959484575e-06	0.7913043478260869	0.5836782968657599
41	Ccnf	5.249323	1.148711	1.526593322669434e-07	7.4467966959484575e-06	0.6	0.36270451409422433
41	Kif15	5.106812	0.8460731	3.276394488296702e-07	1.560187851569858e-05	0.7304347826086957	0.5450423812339839
41	Hist2h2ac	5.086539	0.9698643	3.6465725770470445e-07	1.6960802683939742e-05	0.8	0.6790853538340232
41	Cep55	4.975697	0.8296404	6.501328695484918e-07	2.9551494070385992e-05	0.7478260869565218	0.5621919968460477
41	Iqgap3	4.806491	1.0818461	1.5360246371920744e-06	6.826776165298108e-05	0.591304347826087	0.38497930218805443
41	Pclaf	4.7789774	0.57248133	1.7618915487357708e-06	7.660398037981612e-05	0.9652173913043478	0.869505223733491
41	Kif2c	4.768148	0.97750854	1.8592715297944884e-06	7.911793743806334e-05	0.6	0.3621131480386359
41	Ndc80	4.6443677	0.6330329	3.411192340335899e-06	0.00014213301418066247	0.8	0.668046520796373
41	Fbxo5	4.638733	0.87116516	3.5055167918453895e-06	0.00014308231803450568	0.6695652173913044	0.4618568894145476
41	Ncapg	4.6282816	0.8136932	3.6871258095359696e-06	0.00014740996435599478	0.7304347826086957	0.5604178986792825
41	Hist1h2ab	4.6242833	1.0891536	3.758954091077867e-06	0.00014740996435599478	0.5739130434782609	0.35068007096392667
41	Cks2	4.592205	0.69498956	4.385867852061573e-06	0.00016868722507929127	0.8608695652173913	0.7547802089493396
41	Hist1h2ai	4.577693	1.0346268	4.70132333241433e-06	0.00017740842763827662	0.5391304347826087	0.31046717918391487
41	Cdca8	4.4741545	0.61902225	7.671426996826799e-06	0.0002841269258084	0.8521739130434782	0.7476838162822788
41	Parpbp	4.4556756	1.0486386	8.362941201370955e-06	0.0003041069527771256	0.5304347826086957	0.32485708653656614
41	H3f3b	4.42791	0.37522164	9.515055931860334e-06	0.0003398234261378691	1.0	0.9960575596294106
41	Hist1h4d	4.3878675	0.87959576	1.1446760342841848e-05	0.0004016407137839245	0.6695652173913044	0.4740784545633747
41	Hist1h2ak	4.3725677	0.985237	1.227936226392264e-05	0.0004234262849628496	0.5565217391304348	0.34890597279716146
41	Hist1h2an	4.311087	0.85275424	1.6245393080456603e-05	0.0005506912908629357	0.6260869565217392	0.4117878967080623
41	Plk1	4.2825346	0.87096965	1.8477646143226753e-05	0.0006159215381075585	0.6	0.4017346737630593
41	2700099C18Rik	4.2675185	0.8862182	1.9765942118013338e-05	0.0006480636760004373	0.6521739130434783	0.47309284447072736
41	Kif23	4.2548003	0.8212413	2.092355250585242e-05	0.0006658924871120956	0.6260869565217392	0.4604770352848413
41	Tubb4b	4.253919	0.5201256	2.100613017458926e-05	0.0006658924871120956	0.9391304347826087	0.8490045338064262
41	G2e3	4.2472453	0.8840923	2.1641505831143107e-05	0.0006658924871120956	0.6173913043478261	0.4573230829883698
41	Malat1	4.225272	0.4378622	2.3865230901905227e-05	0.0007231888152092493	1.0	1.0
41	Tubb5	4.2117987	0.3748334	2.5334547869455693e-05	0.0007562551602822594	0.9826086956521739	0.9873841908141139
41	Trim59	4.1621227	0.49609658	3.153027598208249e-05	0.0009273610582965437	0.8608695652173913	0.7975556869702346
41	Hist1h2ae	4.0685005	0.7768981	4.7316628544406544e-05	0.0013714964795480157	0.6782608695652174	0.5146855903804455
41	Lockd	4.0019517	0.5513539	6.282217363044364e-05	0.001794919246584104	0.8521739130434782	0.7571456731716932
41	Hist1h1d	3.966379	0.89898676	7.297282714722421e-05	0.002055572595696457	0.5739130434782609	0.39365267100335105
41	Pbk	3.9329154	0.5979877	8.392176434359426e-05	0.0022992264203724458	0.7565217391304347	0.6424206583875419
41	Kif18b	3.91047	0.8912304	9.211667689903443e-05	0.00248963991619012	0.5391304347826087	0.35935343977922335
41	Mastl	3.865485	0.8210617	0.00011086872548024455	0.0029564993461398546	0.5826086956521739	0.44628424995071947
41	Brca1	3.8436692	0.6424751	0.0001212084195554552	0.0031896952514593475	0.6956521739130435	0.49753597476838163
41	Kif14	3.8163757	1.01151	0.00013542621879961405	0.0035175641246653	0.48695652173913045	0.3086930810171496
41	Bub1b	3.8093243	0.8307392	0.00013934714917719968	0.003573003825056402	0.5391304347826087	0.35166568105657403
41	H2afz	3.776931	0.3697494	0.0001587726501859847	0.0039788554360139835	1.0	0.9958604376108812
41	Fam83d	3.7763329	1.2443808	0.00015915421744055935	0.0039788554360139835	0.40869565217391307	0.2142716341415336
41	Pif1	3.7548635	1.4322121	0.00017343600601337102	0.004282370518848667	0.3652173913043478	0.16459688547210724
41	Pimreg	3.7282941	0.67292523	0.00019278027407436233	0.00470195790425274	0.6173913043478261	0.42065838754188845
41	Cdkn2d	3.5737264	0.9358006	0.00035193667338887766	0.008379444604497086	0.4956521739130435	0.3262369406662724
41	Diaph3	3.5325189	0.37555456	0.0004116209269565565	0.00968519828133074	0.8956521739130435	0.8495958998620146
41	Ccnb1	3.5076494	0.7897222	0.00045208431679924656	0.010513588762773177	0.5478260869565217	0.38675340035481964
41	F3	3.398004	0.5901126	0.0006787944293998649	0.015427146122724203	0.6869565217391305	0.5712596096984033
41	Lin54	3.2646224	0.5133436	0.001096101146071834	0.023401770292625156	0.6956521739130435	0.599250936329588
41	Gen1	3.2636464	0.8624422	0.0010998832037533823	0.023401770292625156	0.4956521739130435	0.34693475261186674
41	2610020C07Rik	3.250362	0.67285746	0.001152582669625692	0.024264898307909306	0.6608695652173913	0.5493790656416322
41	Ckap2	3.2456398	0.5238063	0.0011718701634131194	0.02441396173777332	0.7391304347826086	0.6303962152572442
41	Ubald2	3.1912735	0.66774726	0.0014164713162720507	0.028907577883103074	0.6	0.5101517839542677
41	Gm26870	3.1526473	0.6215354	0.001617971769687098	0.03235943539374196	0.7130434782608696	0.5669229252907549
41	Cenpa	3.1444309	0.4818421	0.0016641017706532045	0.03295251030996445	0.8782608695652174	0.7636506997831658
41	Cdkn1a	-3.0083106	-0.3977056	0.00262704511457724	0.04956688895428754	0.8956521739130435	0.9365267100335107
41	Snai1	-3.0201786	-1.3415984	0.002526256568382893	0.04811917273110273	0.21739130434782608	0.34949733885274986
41	Ank	-3.0780706	-0.37921986	0.002083454816788014	0.040066438784384886	0.8695652173913043	0.9213483146067416
41	Vcan	-3.0797706	-0.38300958	0.0020716006886473447	0.040066438784384886	0.8869565217391304	0.9528878375714568
41	Trps1	-3.1302648	-0.50690323	0.0017464875550555227	0.034244854020696526	0.7217391304347827	0.7873053420067021
41	Ngf	-3.1664672	-0.4955092	0.0015430280509935628	0.031172283858455812	0.6695652173913044	0.775478020894934
41	Srgap3	-3.2044322	-0.6673241	0.0013532915617482588	0.02790291879893317	0.43478260869565216	0.595899862014587
41	Metrn	-3.2696278	-0.48717046	0.0010768911901587572	0.023401770292625156	0.6173913043478261	0.7904592943031736
41	Mxd4	-3.2812438	-0.7797519	0.0010335033658864323	0.0227143596898117	0.40869565217391307	0.5554898482160457
41	Timp3	-3.2935526	-0.4260039	0.0009892981356076076	0.021984403013502393	0.8869565217391304	0.9284447072738025
41	Ccne2	-3.3926208	-0.9223056	0.0006922739361261367	0.01555671766575588	0.28695652173913044	0.46087127932190025
41	Gas7	-3.472014	-0.49806365	0.0005165696255947115	0.011875163806774978	0.7652173913043478	0.8653656613443722
41	Flrt2	-3.6228669	-0.5538268	0.00029135566755871304	0.007020618495390675	0.6608695652173913	0.7920362704514095
41	Hbegf	-3.9569035	-0.89994997	7.592763128038323e-05	0.0021091008688995344	0.3652173913043478	0.5412970628819239
41	Sox9	-4.2487564	-0.50897795	2.149606488835697e-05	0.0006658924871120956	0.8782608695652174	0.9223339246993889
41	Plpp3	-5.6249447	-0.9120762	1.855675730201913e-08	1.1411762873286797e-06	0.6347826086956522	0.8184506209343584
42	H1f0	6.3639765	1.2088028	1.965961855348307e-10	2.2443938272144488e-07	0.9591836734693877	0.8731270675228644
42	Hist1h2ae	6.343612	1.7936124	2.2443938272144488e-10	2.2443938272144488e-07	0.8571428571428571	0.5150807550107025
42	Hist1h1b	6.1947846	1.6802099	5.836471946057104e-10	3.890981297371402e-07	0.8979591836734694	0.5853278848024908
42	Hist1h1e	6.10154	1.6534905	1.0505129718158007e-09	5.252564859079004e-07	0.9183673469387755	0.757929558279821
42	H3f3b	5.6262126	0.6563512	1.842095298940381e-08	7.368381195761524e-06	1.0	0.9961081922553026
42	Hist1h4d	5.4758515	1.6785274	4.3541232676291567e-08	1.4513744225430523e-05	0.7959183673469388	0.47538431601478887
42	Hist1h1d	5.43565	1.6341817	5.4597015052938895e-08	1.559914715798254e-05	0.7551020408163265	0.39424012453784785
42	Top2a	5.3777676	1.3373406	7.541515346250452e-08	1.8853788365626128e-05	0.9795918367346939	0.873710838684569
42	Hist2h2ac	5.23699	1.5796828	1.6321660752326956e-07	3.627035722739324e-05	0.8571428571428571	0.6800934033858728
42	Prc1	4.9317164	1.1186694	8.151017741212531e-07	0.00016302035482425062	0.9183673469387755	0.7604592333138743
42	Hist1h2ak	4.753181	1.7176862	2.0024085967911855e-06	0.0003640742903256701	0.6530612244897959	0.35065187779723683
42	Hist1h2an	4.6776175	1.3798871	2.902274317527168e-06	0.000483712386254528	0.7142857142857143	0.4136991632613349
42	Sgo1	4.3040156	1.0872625	1.677298651749566e-05	0.0024660585958302364	0.8163265306122449	0.5915547771940066
42	Hist1h2ab	4.2640533	1.6073033	2.0075130064379514e-05	0.002676684008583935	0.6326530612244898	0.35298696244405525
42	Ccna2	4.1779485	0.8817902	2.9415046728468695e-05	0.003676880841058587	0.8979591836734694	0.6349484335473827
42	Nusap1	4.1035347	1.0410929	4.0688553299225055e-05	0.0047868886234382416	0.7959183673469388	0.5141078030745281
42	Gm42418	4.071958	0.877195	4.661960458293266e-05	0.005179956064770296	1.0	0.9978595057404164
42	Hist1h2af	3.9926567	2.3592455	6.533710876750175e-05	0.006877590396579132	0.4489795918367347	0.13738081338781863
42	Hist1h2ai	3.9215014	1.4991391	8.799895011398452e-05	0.008799895011398452	0.5918367346938775	0.3129013426736719
42	Cdk1	3.83439	0.7999778	0.00012587633923031075	0.011988222783839118	0.9183673469387755	0.6596614127262114
42	Mis18bp1	3.7587304	0.823619	0.00017077774727291897	0.014850238893297302	0.8571428571428571	0.6160731659856004
42	Ube2c	3.7256682	0.87807554	0.00019479844933806165	0.016233204111505136	0.8367346938775511	0.6065382370110917
42	Cenpf	3.6958644	0.8603963	0.00021913986641930886	0.017531189313544707	0.9183673469387755	0.7225141078030746
42	Kif11	3.614455	0.9136071	0.0003009800741883867	0.02229482031025087	0.8163265306122449	0.5376532399299475
42	Gm12603	3.4177115	0.6142698	0.0006315000463345291	0.04510714616675208	0.8571428571428571	0.8367386651099435
42	Kif20b	3.3981137	0.7876682	0.0006785218209887305	0.0453537790824306	0.9387755102040817	0.7378867483946293
42	Aurkb	3.3973951	0.8741681	0.000680306686236459	0.0453537790824306	0.7142857142857143	0.44716870986573265
42	Trps1	-3.6765063	-0.9805183	0.00023644996651433098	0.018188458962640847	0.6326530612244898	0.7873127067522865
42	Mxd4	-3.778855	-1.6232307	0.00015755103759860955	0.014322821599873596	0.32653061224489793	0.5543880132321464
42	Selenok	-4.2976427	-1.2014202	1.7262410170811654e-05	0.0024660585958302364	0.46938775510204084	0.7312706752286438
43	Ube2c	4.369621	1.2344096	1.2446253507935022e-05	0.020032880735559335	0.96875	0.6064778898370831
43	Top2a	4.196948	1.3194876	2.70536071723464e-05	0.020032880735559335	1.0	0.873933281613654
43	H3f3b	4.1730924	0.70108277	3.0049321103339003e-05	0.020032880735559335	1.0	0.9961210240496509
43	H1f0	4.0331545	0.9328482	5.503306769708922e-05	0.025848720907667346	0.9375	0.873545384018619
43	Smc4	3.986331	0.87146467	6.710287884610042e-05	0.025848720907667346	1.0	0.9398758727695888
43	Knl1	3.9277868	1.0615953	8.573113917283653e-05	0.025848720907667346	0.96875	0.706167571761055
43	Kif11	3.914823	1.092664	9.047052317683571e-05	0.025848720907667346	0.875	0.5382079131109387
43	Hist1h2ae	3.857463	1.5448551	0.00011457010288667731	0.028642525721669327	0.75	0.5168735453840186
43	Spc25	3.7552917	0.99857956	0.00017313971012449883	0.038475491138777525	0.875	0.5116369278510473
43	Kif15	3.7260492	1.0741159	0.0001945044466534638	0.03890088933069276	0.875	0.5471295577967417
43	Birc5	3.6556067	0.86774206	0.0002565743790554234	0.04664988710098608	1.0	0.8991466252909232
43	Mis18bp1	3.6033373	0.90172863	0.00031415740068298475	0.048080069064709026	0.90625	0.6165632273079907
43	Ncapg	3.585401	0.9446713	0.00033656048345296317	0.048080069064709026	0.875	0.5622575640031032
43	Trib1	-3.6097896	-1.5237534	0.00030644546067374933	0.048080069064709026	0.34375	0.6501163692785105
49	Gm23935	5.282114	2.31531	1.277017885935277e-07	0.0002554035771870554	0.7586206896551724	0.404923434774181
49	Cenpa	4.96023	1.4530429	7.040972977431266e-07	0.0007040972977431266	0.9655172413793104	0.7650707501453771
49	Smc4	4.42873	1.0588297	9.478949034643159e-06	0.006319299356428772	0.9310344827586207	0.9402985074626866
49	Gm26561	4.2621317	2.105391	2.0248625864967247e-05	0.007407029114469351	0.7586206896551724	0.5123085869354526
49	Ckap2l	4.188654	1.5937942	2.8061392977065868e-05	0.007407029114469351	0.7241379310344828	0.5522388059701493
49	Pimreg	4.173859	1.3905389	2.9948317925411416e-05	0.007407029114469351	0.7931034482758621	0.422950184144214
49	Sesn3	4.1478124	2.149533	3.3566730819311924e-05	0.007407029114469351	0.6206896551724138	0.2543128513277767
49	Cenpf	4.075951	1.6822189	4.58266477751408e-05	0.007407029114469351	0.8620689655172413	0.723589842992828
49	Knstrn	3.803674	1.140047	0.00014256577622661295	0.015840641802956995	0.9310344827586207	0.7171932545066874
49	Rassf3	3.7563052	1.4567276	0.00017244035719241627	0.018151616546570135	0.7241379310344828	0.4194611358790463
49	Peak1	3.7235448	1.125525	0.00019644486477713347	0.019644486477713347	0.8620689655172413	0.9507656522581895
49	Kif20b	3.63434	1.1600947	0.00027869313651602873	0.022424805724399546	0.8275862068965517	0.7392905601860825
49	Ect2	3.6220317	1.1145236	0.0002922984170744741	0.022484493621113395	0.7931034482758621	0.6640821864702462
49	Aspm	3.5920064	1.9216902	0.00032814165058527527	0.022630458661053465	0.6551724137931034	0.4814886605931382
49	Dbf4	3.548181	0.8602436	0.0003879014341680258	0.024243839635501613	0.896551724137931	0.9410738515216127
49	Ube2c	3.5123127	1.1317174	0.0004442251385373512	0.026922735668930376	0.7931034482758621	0.6076759061833689
49	Cyb5r3	3.4244752	0.5745011	0.0006159879010801893	0.03422155006001052	1.0	0.9881760031013762
49	Hmmr	3.3751173	1.0663133	0.0007378424136713859	0.03795614521711148	0.7931034482758621	0.7162240744330297
49	Arhgap11a	3.3713253	1.1406238	0.0007480747143808154	0.03795614521711148	0.7931034482758621	0.6183368869936035
49	Sgo1	3.3380055	0.9219235	0.0008438206985263342	0.040885182589979696	0.8620689655172413	0.5921690250048459
49	Ptgr1	3.2745986	1.1655065	0.0010581223161457405	0.04702765849536625	0.8620689655172413	0.6549718937778639
49	Zfpm2	-3.2867205	-1.1275004	0.0010136139913525214	0.04607336324329643	0.4827586206896552	0.8160496220197713
49	Mettl15	-3.3266296	-1.3694048	0.0008790314256845634	0.040885182589979696	0.3793103448275862	0.6673773987206824
49	Sgcd	-3.3270648	-0.8838019	0.0008776598851988202	0.040885182589979696	0.7241379310344828	0.8521031207598372
49	Serpine1	-3.3672845	-1.7939074	0.0007591229043422296	0.03795614521711148	0.27586206896551724	0.6039930219034697
49	Efna5	-3.3717604	-1.027678	0.0007468938580528817	0.03795614521711148	0.6551724137931034	0.8437681721263811
49	Ptgs2	-3.4398298	-1.1284937	0.0005820803024968749	0.03326173157124999	0.6896551724137931	0.8782709827485947
49	Tpm1	-3.4586031	-0.91877276	0.0005429842968706767	0.03194025275709863	0.7586206896551724	0.893196355882923
49	Ext1	-3.5550191	-0.94665635	0.00037795164191994354	0.024243839635501613	0.7586206896551724	0.8922271758092654
49	Cog5	-3.566768	-1.9864486	0.0003614111244835195	0.024094074965567966	0.20689655172413793	0.5599922465594107
49	Fbxl7	-3.6003985	-1.2381078	0.00031772970628752114	0.022630458661053465	0.5862068965517241	0.8311688311688312
49	Amotl2	-3.610345	-1.5466402	0.0003057902214578533	0.022630458661053465	0.41379310344827586	0.6935452607094398
49	Satb2	-3.632848	-1.8575188	0.00028031007155499433	0.022424805724399546	0.3448275862068966	0.6129094785811203
49	Ccne1	-3.632848	-1.7488438	0.00028031007155499433	0.022424805724399546	0.3793103448275862	0.6392711765846094
49	Pde4d	-3.6801546	-1.1810738	0.00023309252654809095	0.02119022968619009	0.5172413793103449	0.7829036635006784
49	Grem2	-3.6952605	-1.3658873	0.00021966149303892626	0.020920142194183453	0.4482758620689655	0.7681721263810816
49	B3galt1	-3.8037362	-1.6154692	0.00014252998691080844	0.015840641802956995	0.3103448275862069	0.6716417910447762
49	Cald1	-3.8161068	-0.82045007	0.00013557387587608113	0.015840641802956995	1.0	0.9908897073076177
49	Sema3a	-3.9151335	-1.4260314	9.035418016608364e-05	0.012047224022144486	0.5517241379310345	0.7906571040899399
49	Ptprk	-4.0328093	-1.3910202	5.511396065115322e-05	0.007873422950164745	0.3448275862068966	0.7673967823221555
49	Sorbs1	-4.0644507	-2.1695044	4.8145689244050784e-05	0.007407029114469351	0.1724137931034483	0.6016669897266912
49	Gphn	-4.07104	-1.07166	4.6803676164424194e-05	0.007407029114469351	0.7586206896551724	0.8962977321186276
49	Fbln2	-4.076013	-1.3882351	4.581440519376146e-05	0.007407029114469351	0.5517241379310345	0.8846675712347354
49	Hist1h1e	-4.111571	-1.8925318	3.9297611973124784e-05	0.007407029114469351	0.4482758620689655	0.7611940298507462
49	Ror1	-4.1346335	-1.5166132	3.5552128763527355e-05	0.007407029114469351	0.4482758620689655	0.7918201201783291
50	Cenpa	10.506116	1.3578962	8.095959430082507e-26	1.6191918860165015e-22	0.9097222222222222	0.7620935765265662
50	Dbf4	9.403127	0.8454473	5.296522163437356e-21	5.296522163437356e-18	0.9375	0.9409199048374306
50	Aspm	9.174403	1.7388781	4.5408112721279094e-20	3.02720751475194e-17	0.75	0.4748215701823949
50	Cenpf	8.463124	1.3242354	2.6030773882561013e-17	7.437363966446004e-15	0.8819444444444444	0.7198651863600317
50	Hmmr	8.144655	1.1437837	3.8036315500687656e-16	7.60726310013753e-14	0.8541666666666666	0.7127279936558287
50	Gm42418	8.034343	0.9916227	9.408203318350052e-16	1.568033886391675e-13	1.0	0.9978191911181602
50	Smc4	7.837472	0.7703731	4.5970789278203256e-15	5.674534963905941e-13	0.9305555555555556	0.9405233941316415
50	Cenpe	7.8314342	1.1213384	4.8233547193200505e-15	5.674534963905941e-13	0.8819444444444444	0.7716098334655036
50	Kif20b	7.343179	1.0232205	2.0857885102457156e-13	1.8137291393441006e-11	0.8611111111111112	0.7363203806502776
50	Ubald2	7.2545905	1.2302727	4.0287943067304427e-13	3.3573285889420354e-11	0.6875	0.507137192704203
50	Plk1	7.12371	1.3325672	1.0506000246167034e-12	8.404800196933627e-11	0.6597222222222222	0.39888977002379067
50	Anln	7.1042714	0.77803373	1.209591455060113e-12	9.304549654308561e-11	0.9236111111111112	0.8425852498017447
50	Trim59	7.076707	0.7832213	1.4762015333924824e-12	1.054429666708916e-10	0.8402777777777778	0.7977795400475813
50	Knstrn	7.0576916	0.8570338	1.692914546964843e-12	1.167527273768857e-10	0.8055555555555556	0.7159000793021412
50	Cdc20	6.7434826	1.2044228	1.5463437335638932e-11	9.096139609199371e-10	0.7152777777777778	0.5340999206978588
50	Pimreg	6.571524	1.2694614	4.980279179170701e-11	2.6211995679845798e-09	0.625	0.41931007137192705
50	Mki67	6.5599284	0.91363746	5.3833536764233676e-11	2.7606941930376245e-09	0.8611111111111112	0.7809278350515464
50	Knl1	6.4484587	0.8572243	1.1299321084883194e-10	5.511863943845461e-09	0.8472222222222222	0.703806502775575
50	Ccna2	6.156341	0.9190436	7.444485082653722e-10	3.236732644632053e-08	0.7430555555555556	0.63441712926249
50	Ckap2	6.112639	0.89857686	9.799690399624774e-10	4.03610949827644e-08	0.75	0.6294607454401269
50	Arhgap11a	6.1112003	0.9145255	9.88846827077728e-10	4.03610949827644e-08	0.7569444444444444	0.6153846153846154
50	Peak1	6.091056	0.6389479	1.1216831067573194e-09	4.486732427029278e-08	0.9166666666666666	0.951229183187946
50	Aurka	6.067357	1.1090659	1.3003228310521337e-09	5.0993052198122894e-08	0.6527777777777778	0.44429024583663757
50	Ckap2l	5.944066	0.9660444	2.780375546820197e-09	1.0110456533891625e-07	0.6944444444444444	0.549167327517843
50	Tpx2	5.893734	0.63683814	3.775649483725218e-09	1.279881180923803e-07	0.8472222222222222	0.8433782712133228
50	Nup210l	5.85085	1.5712578	4.8906685799785036e-09	1.617429726891228e-07	0.5138888888888888	0.289056304520222
50	mt-Rnr2	5.8224115	0.5594859	5.800457045978629e-09	1.8126428268683217e-07	1.0	1.0
50	Cks2	5.734838	0.80766606	9.760556770925026e-09	2.749452611528177e-07	0.8055555555555556	0.7557494052339413
50	Gas2l3	5.729393	1.2479109	1.0079068514773787e-08	2.7613886341845994e-07	0.5625	0.35130848532910386
50	Usp14	5.692575	0.51674235	1.2513767487898201e-08	3.293096707341632e-07	0.9722222222222222	0.9706582077716098
50	Gm26561	5.4971714	1.2718735	3.8593170607941594e-08	8.975155955335255e-07	0.6041666666666666	0.5111022997620935
50	Lockd	5.4021215	0.7015217	6.585729027812168e-08	1.4799391073735209e-06	0.8333333333333334	0.757137192704203
50	Mt2	5.1427026	0.66199493	2.70814151599054e-07	4.793170824762017e-06	0.8819444444444444	0.869349722442506
50	Tubb4b	5.0836525	0.56496364	3.702446906273769e-07	6.275333739447066e-06	0.8680555555555556	0.8505154639175257
50	Ect2	4.9507976	0.6744136	7.391000039634443e-07	1.2216528991131313e-05	0.7916666666666666	0.6611816019032514
50	C330027C09Rik	4.913669	0.76492184	8.938757947819457e-07	1.4417351528741059e-05	0.6944444444444444	0.5929817605075337
50	Cep55	4.8918886	0.7974383	9.987297206462164e-07	1.58528527086701e-05	0.6666666666666666	0.563441712926249
50	Gm28438	4.885484	0.6788326	1.0317496137960137e-06	1.6248025414110453e-05	0.7916666666666666	0.7785487708168121
50	Serpinb8	4.7322874	1.2895038	2.220037931289715e-06	3.313489449686141e-05	0.4513888888888889	0.2597145122918319
50	Kif2c	4.72388	1.0443062	2.313871006914294e-06	3.402751480756315e-05	0.5347222222222222	0.362609040444092
50	4932443I19Rik	4.6381407	1.1454985	3.515578741560975e-06	4.986636512852447e-05	0.5486111111111112	0.42010309278350516
50	Prr11	4.4755487	0.6853411	7.621534149311761e-06	0.0001002833440698916	0.6944444444444444	0.5723632038065027
50	Mt1	4.4108562	0.4728875	1.0296271431639498e-05	0.00013285511524696128	0.9861111111111112	0.9821570182394924
50	Gm26917	4.408176	0.5648364	1.0424487282808547e-05	0.00013364727285651983	0.8888888888888888	0.8881839809674861
50	Cmss1	4.2396874	0.62295216	2.2383109946072292e-05	0.0002696760234466541	0.7916666666666666	0.7708168120539255
50	Birc5	4.160522	0.44803742	3.175213671797513e-05	0.0003690772433854927	0.9305555555555556	0.8988897700237907
50	Pcf11	4.0749516	0.744703	4.602392192847246e-05	0.0005171227182974434	0.625	0.53152260111023
50	Cdca8	4.06835	0.5783488	4.734728078327555e-05	0.0005260808975919506	0.8194444444444444	0.7480174464710547
50	Actg1	4.0304594	0.35802245	5.5667895802176274e-05	0.0005966662935161564	0.9791666666666666	0.9740285487708168
50	Gm23935	4.016748	1.1851476	5.900674739599096e-05	0.0006244100253544017	0.5	0.4042426645519429
50	Kif23	3.9220934	0.7784327	8.77829901285468e-05	0.0009049792796757401	0.5763888888888888	0.460943695479778
50	Junb	3.5944269	1.2468517	0.000325106344549906	0.002982627014219321	0.4097222222222222	0.28291038858049167
50	Gm15564	3.5883048	1.441176	0.00033283515431560437	0.0030120828444851074	0.3263888888888889	0.17367168913560665
50	Scd2	3.5422328	0.32236964	0.00039675513897737967	0.003562531054365947	0.9236111111111112	0.922283901665345
50	Lars2	3.5158818	0.9422457	0.0004382960289541484	0.0038447020083697226	0.5	0.42089611419508327
50	Gsta4	3.4407787	0.4902989	0.0005800427534626908	0.004936534072022901	0.7708333333333334	0.7024187153053132
50	Agl	3.3135378	0.32105157	0.0009212363969866071	0.007253829897532339	0.9861111111111112	0.9811657414750198
50	Leprot	3.2930834	0.32851768	0.000990950814289165	0.0077721632493267835	0.7916666666666666	0.8257335448057097
50	Cyb5r3	3.2402685	0.2529619	0.0011941717089401385	0.009199579948337281	0.9861111111111112	0.9883029341792229
50	Gm28153	3.2398453	0.28422427	0.0011959453932838466	0.009199579948337281	0.9930555555555556	0.9954401268834259
50	Cd34	3.179554	0.38995382	0.0014750184393050834	0.01113221463626478	0.8125	0.809674861221253
50	Bub1b	3.079313	0.92035913	0.002074784933483624	0.015135139564808579	0.4375	0.3534892942109437
50	Ccnd1	3.0225203	0.26530346	0.0025067930746953426	0.01803448255176505	0.9236111111111112	0.929421094369548
50	Cdkn3	2.9978337	0.6094871	0.002719058788202143	0.01914830132536721	0.5416666666666666	0.47363203806502774
50	Adh7	2.960903	0.6081693	0.003067385721982658	0.021154384289535574	0.5972222222222222	0.5459952418715305
50	Ube2c	2.9526083	0.4906226	0.0031510149621085406	0.021508634553641916	0.6736111111111112	0.6068596352101506
50	Kif20a	2.9242823	0.9225015	0.003452513486639196	0.023327793828643216	0.4166666666666667	0.3207771609833466
50	Sgo2a	2.8410258	0.46477175	0.004496868605676981	0.029105945667812175	0.6458333333333334	0.5666137985725614
50	Parpbp	2.7363272	0.68270826	0.006212923558726637	0.03858958732128346	0.4375	0.32632831086439335
50	Ccl2	-2.6390767	-0.5944277	0.00831321655133723	0.04904552537662082	0.4652777777777778	0.5846550356859636
50	Mid1	-2.646525	-0.48844916	0.008132350265581179	0.04812041577266969	0.4513888888888889	0.5775178429817605
50	Hist1h4a	-2.6482177	-1.84949	0.008091738779027467	0.04802218859956953	0.04861111111111111	0.17942109436954798
50	Hist1h1c	-2.6535783	-0.89072376	0.007964330791829167	0.04740673090374504	0.1597222222222222	0.2936161776367962
50	Srgap3	-2.6565406	-0.3370844	0.00789469452282893	0.04713250461390406	0.4305555555555556	0.5969468675654243
50	S100a7a	-2.6680796	-0.4063362	0.007628615208259811	0.0456803305883821	0.3888888888888889	0.542426645519429
50	Brca1	-2.679111	-0.5115553	0.007381791139788304	0.04433508192065047	0.375	0.5055511498810468
50	Adgrd1	-2.6872363	-1.0509084	0.007204594484976395	0.04340117159624334	0.09722222222222222	0.23473433782712133
50	Gm17501	-2.6916094	-0.4731786	0.007110816931957502	0.04296566122028702	0.3888888888888889	0.5354877081681205
50	Ddit3	-2.6988037	-0.4531204	0.006958920181237174	0.04217527382567984	0.3888888888888889	0.5388580491673275
50	Gm28187	-2.699622	-1.0001559	0.006941831535251933	0.04217527382567984	0.13194444444444445	0.2678429817605075
50	Rnf169	-2.7043898	-0.35298714	0.006842993757875934	0.04172557169436545	0.4097222222222222	0.5745440126883425
50	Prdx4	-2.7068162	-0.34250653	0.006793184641360692	0.041548529916579154	0.7569444444444444	0.8647898493259318
50	Hspa5	-2.7095811	-0.2477798	0.006736822783734141	0.041330201127203314	0.9444444444444444	0.9639175257731959
50	Hist1h3b	-2.7114713	-1.5256302	0.006698531952803961	0.04122173509417822	0.04861111111111111	0.1837827121332276
50	2010300F17Rik	-2.7165215	-0.88254225	0.006597190314157291	0.040723397000970926	0.2013888888888889	0.3340602696272799
50	Lox	-2.7176218	-0.3781582	0.006575294053049842	0.0407138950653241	0.8055555555555556	0.844964314036479
50	Timp3	-2.7412925	-0.37189874	0.006119798416186522	0.038129585147579574	0.8680555555555556	0.9292228390166535
50	Fgd4	-2.7505465	-0.4601893	0.0059495951987647835	0.037184969992279895	0.4583333333333333	0.5977398889770024
50	Lxn	-2.7532268	-0.3705869	0.005901101582472783	0.03699750208446886	0.5694444444444444	0.7266058683584457
50	Ndufa4	-2.7558506	-0.25547338	0.005853974252006809	0.03681744812582899	1.0	0.9954401268834259
50	Pdgfrl	-2.7619727	-0.45844567	0.005745327243515116	0.03624812141019	0.4166666666666667	0.5543219666931007
50	Macrod2	-2.788239	-0.4203028	0.005299541405457566	0.033541401300364336	0.3055555555555556	0.45896114195083265
50	2410006H16Rik	-2.8095682	-0.24531405	0.004960801239897153	0.031497150729505735	0.9166666666666666	0.9417129262490087
50	Tanc1	-2.8110635	-0.40675595	0.004937804596104496	0.03145098468856367	0.5555555555555556	0.7162965900079302
50	Anxa3	-2.8156621	-0.29930392	0.004867682053441475	0.03110339970250144	0.8194444444444444	0.88441712926249
50	Prmt1	-2.8232796	-0.40362802	0.004753508035028537	0.030471205352747034	0.6805555555555556	0.760904044409199
50	Thbs1	-2.827568	-0.7857781	0.00469030394749416	0.03016272635044476	0.2013888888888889	0.3400079302141158
50	Zfp36l1	-2.8372734	-0.38812745	0.004550063445934859	0.029355248038289417	0.6180555555555556	0.7876685170499603
50	Tenm4	-2.8418722	-0.38335374	0.004484947924017945	0.029105945667812175	0.7847222222222222	0.8471451229183188
50	Tpm1	-2.8420978	-0.33006456	0.004481773914840249	0.029105945667812175	0.8055555555555556	0.8949246629659001
50	Gm10701	-2.8493485	-0.46615127	0.0043808855493608165	0.02863323888471122	0.6736111111111112	0.7823156225218081
50	Steap1	-2.8500538	-0.36701176	0.004371182204669128	0.02863323888471122	0.7013888888888888	0.8279143536875495
50	Anxa1	-2.856289	-0.16193543	0.004286248257101145	0.028199001691454905	1.0	0.9946471054718478
50	Flrt3	-2.8565428	-0.75633335	0.0042828213373846645	0.028199001691454905	0.20833333333333334	0.35289452815226013
50	Cped1	-2.8615365	-0.4413989	0.004215928208051883	0.02792005435795949	0.4861111111111111	0.6298572561459159
50	Cd63	-2.8726244	-0.31895423	0.004070778655245681	0.027048363157778612	0.9652777777777778	0.9841395717684377
50	Nr3c2	-2.877195	-1.3713125	0.004012277686986263	0.026748517913241752	0.0625	0.20816812053925457
50	Ccdc80	-2.877336	-0.7100261	0.004010484305190949	0.026748517913241752	0.22916666666666666	0.3782712133227597
50	Cdc6	-2.8801572	-0.83331543	0.0039747691564383575	0.026676303063344682	0.2569444444444444	0.3917525773195876
50	Nppb	-2.9055772	-0.7113346	0.0036657644355136206	0.024685282394031116	0.22916666666666666	0.3828310864393339
50	Tagln	-2.9390662	-0.5009072	0.0032920290236449472	0.02231884083827083	0.18055555555555555	0.3364393338620143
50	Tmem241	-2.943298	-0.51837873	0.00324735651334464	0.02209086063499755	0.3680555555555556	0.5354877081681205
50	Psmb6	-2.95337	-0.3906737	0.0031432489431945892	0.021508634553641916	0.8194444444444444	0.9076130055511499
50	Cdkn2c	-2.9545832	-0.6558746	0.0031309168536991943	0.021508634553641916	0.3472222222222222	0.4787866772402855
50	Kif15	-2.9611003	-0.51139045	0.003065419452992986	0.021154384289535574	0.4097222222222222	0.5531324345757336
50	Nfkbia	-2.9627368	-0.46782762	0.0030491716757369888	0.021154384289535574	0.375	0.5291435368754956
50	Gm30624	-2.972019	-1.3870848	0.0029584847383280362	0.02061661838556123	0.13194444444444445	0.2737906423473434
50	Pclaf	-2.9742196	-0.33744234	0.002937348591114859	0.02054089923856545	0.8333333333333334	0.8727200634417129
50	Adam12	-2.9915423	-1.0035628	0.002775720560437291	0.019478740774998535	0.1597222222222222	0.3074940523394132
50	Gas7	-2.9985673	-0.40170142	0.00271252173494161	0.01914830132536721	0.7430555555555556	0.8665741475019826
50	Itsn1	-3.0044358	-0.5356085	0.0026607400218194932	0.01887049660864889	0.4166666666666667	0.5880253766851705
50	Ssbp2	-3.005931	-0.8875753	0.0026476908791722626	0.018844774940727844	0.18055555555555555	0.33287073750991275
50	Polq	-3.0092883	-0.6951196	0.0026186047163166406	0.018704319402261717	0.2222222222222222	0.3810467882632831
50	Il1rl1	-3.0179498	-0.3437843	0.0025449110856717006	0.01824309021986882	0.9236111111111112	0.9577716098334655
50	Zeb1	-3.023169	-0.41179913	0.002501423801681281	0.01803448255176505	0.7361111111111112	0.8546788263283108
50	Gpr149	-3.0257084	-0.4097981	0.0024805145814072145	0.01797474334353054	0.6875	0.7995638382236321
50	Dmd	-3.0784104	-1.8965707	0.0020810816901611798	0.015135139564808579	0.0625	0.2127279936558287
50	Gm26339	-3.0799901	-2.2683983	0.0020700738402820856	0.015135139564808579	0.027777777777777776	0.18061062648691514
50	Mettl15	-3.0828397	-0.5448565	0.0020503553373578016	0.015076142186454422	0.5416666666666666	0.669310071371927
50	Chac1	-3.0913036	-2.2154055	0.001992797213586371	0.014706990506172479	0.041666666666666664	0.19270420301348137
50	Apbb2	-3.122197	-0.4223992	0.0017950680704105508	0.013296800521559635	0.5902777777777778	0.7432593180015861
50	Fgf10	-3.1392941	-0.58038515	0.0016935540740206055	0.012591480104242419	0.4513888888888889	0.5838620142743854
50	Magoh	-3.1444287	-0.4192334	0.0016641138185551241	0.012418759839963612	0.6805555555555556	0.8102696272799366
50	Gm12185	-3.146855	-0.8762797	0.0016503669520035085	0.012362299265943883	0.2152777777777778	0.369746233148295
50	Serpinf1	-3.1668863	-0.42767993	0.0015408048546836795	0.011584998907396086	0.7430555555555556	0.841197462331483
50	Sh3rf3	-3.179808	-0.42838424	0.001473726645155962	0.01113221463626478	0.6319444444444444	0.7648691514670896
50	Cst3	-3.2039583	-0.40309185	0.001355520778155933	0.01030814279966489	0.8958333333333334	0.9672878667724029
50	Edil3	-3.221676	-0.6861203	0.0012744309176244077	0.009728480287209218	0.2638888888888889	0.43338620142743856
50	Cct8	-3.2221277	-0.35377374	0.0012724246898980116	0.009728480287209218	0.875	0.9123711340206185
50	Ank2	-3.2401557	-0.4629652	0.0011946444536555393	0.009199579948337281	0.5555555555555556	0.7170896114195083
50	Itpr2	-3.2665348	-0.5352848	0.0010887238526099945	0.008472559164280113	0.5069444444444444	0.6500793021411578
50	Tnnt2	-3.2784126	-0.6619372	0.0010439268652855996	0.008155678635043746	0.3263888888888889	0.4926645519429025
50	Mustn1	-3.316472	-0.8454703	0.000911617218354234	0.007206460224144142	0.3333333333333333	0.47680412371134023
50	Mms22l	-3.326262	-0.6975726	0.0008801917456232376	0.0069856487747876	0.3611111111111111	0.5097145122918318
50	Sox9	-3.3266852	-0.3716884	0.0008788562126669236	0.0069856487747876	0.7986111111111112	0.9248612212529739
50	Wdpcp	-3.327447	-0.97796965	0.0008764569865381052	0.0069856487747876	0.1736111111111111	0.34536082474226804
50	Hist1h4h	-3.3301554	-1.4961591	0.0008679754969219105	0.006971690738328599	0.10416666666666667	0.2662569389373513
50	Adam19	-3.338168	-0.4449709	0.0008433279399285838	0.006801031773617612	0.5208333333333334	0.68695479777954
50	Chst11	-3.3545597	-0.5488936	0.0007949142293600828	0.006436552464454111	0.5277777777777778	0.6736716891356067
50	Dlc1	-3.359243	-0.78379107	0.0007815631501148813	0.006354171952153507	0.2916666666666667	0.45043616177636797
50	Iqsec2	-3.3592713	-0.84818923	0.0007814833564269767	0.006354171952153507	0.19444444444444445	0.366375892149088
50	Ccl7	-3.3605125	-1.0235555	0.0007779799113876709	0.006354171952153507	0.3055555555555556	0.4528152260111023
50	Hivep2	-3.3844373	-0.52226	0.0007132432448227302	0.005870314772203541	0.5347222222222222	0.6647501982553529
50	Plxna4	-3.385481	-0.7786654	0.0007105359841681544	0.005870314772203541	0.25	0.4204996034892942
50	4921524L21Rik	-3.3892052	-0.801828	0.0007009552493739078	0.005817056011401724	0.20833333333333334	0.3929421094369548
50	Hes1	-3.3983462	-1.0480218	0.0006779455366165605	0.005649546138471338	0.1736111111111111	0.34318001586042823
50	Cd248	-3.4104779	-0.5841424	0.0006484914522626499	0.005426706713494978	0.4097222222222222	0.5888183980967486
50	Pdlim5	-3.415415	-0.42388347	0.0006368486514173706	0.00535166933964177	0.7569444444444444	0.8754956383822363
50	Slfn9	-3.4154716	-0.528823	0.0006367167217498644	0.00535166933964177	0.7847222222222222	0.7733941316415543
50	Thsd7a	-3.435644	-0.60252184	0.000591147396459979	0.005009723698813381	0.3611111111111111	0.5434179222839016
50	Fkbp3	-3.4617128	-0.30967698	0.0005367496593558132	0.004587603926118062	0.9722222222222222	0.9662965900079302
50	Atxn1	-3.4706845	-0.5436003	0.000519133528458568	0.004456081789343931	0.3680555555555556	0.5584853291038858
50	Setbp1	-3.4784997	-0.6968303	0.0005042293140697972	0.004346804431636183	0.2361111111111111	0.42724028548770815
50	Ankrd1	-3.4784997	-1.8375006	0.0005042293140697972	0.004346804431636183	0.08333333333333333	0.2519825535289453
50	Fam185a	-3.4833522	-0.59411347	0.0004951764951942073	0.00430588256690615	0.3263888888888889	0.5218080888183981
50	Adamts1	-3.502283	-0.6448395	0.0004612891383052836	0.004028726098736102	0.3958333333333333	0.5773195876288659
50	Anxa5	-3.5167847	-0.41089988	0.00043680803361705435	0.0038447020083697226	0.8472222222222222	0.9460745440126883
50	Incenp	-3.5188725	-0.67772865	0.0004333850875212319	0.00383526626124984	0.4166666666666667	0.5771213322759714
50	Col8a1	-3.5203114	-0.5655989	0.00043104062430145135	0.003831472216012901	0.4513888888888889	0.6211340206185567
50	Sox6	-3.5232737	-0.99232316	0.0004262510253649739	0.003805812726472981	0.19444444444444445	0.36994448850118955
50	Snhg20	-3.5419226	-0.57002497	0.0003972222125618031	0.003562531054365947	0.4722222222222222	0.6582077716098335
50	F3	-3.591126	-0.71987253	0.0003292523739998992	0.0029932033999990836	0.4166666666666667	0.5783108643933387
50	AC124595.1	-3.5914083	-0.98589814	0.00032889608792893374	0.0029932033999990836	0.20833333333333334	0.3844171292624901
50	Tex14	-3.635082	-0.73161095	0.0002778922847929401	0.0025612192146814757	0.3333333333333333	0.5120935765265662
50	Aurkb	-3.6437433	-0.7592908	0.0002687013559225678	0.0024879755178015533	0.2777777777777778	0.45459952418715305
50	Lrrc4	-3.682903	-1.5082399	0.00023059285946623823	0.0021450498554998905	0.09027777777777778	0.27101506740681996
50	Ereg	-3.6888561	-0.6467436	0.00022526464638536863	0.0021052770690221365	0.4375	0.594964314036479
50	Cxcl1	-3.6993232	-1.3306521	0.00021617528875821014	0.002029814917917466	0.1527777777777778	0.3318794607454401
50	Ldb2	-3.704627	-0.6634779	0.00021170192656601102	0.0019971879864718023	0.4305555555555556	0.598731165741475
50	Dock4	-3.7124703	-1.0446087	0.00020524611861709953	0.0019454608399725075	0.2013888888888889	0.3844171292624901
50	C530008M17Rik	-3.729793	-0.68240666	0.00019163702765974245	0.0018251145491404044	0.3541666666666667	0.5394528152260111
50	Bgn	-3.7363667	-0.4955432	0.0001866982793714415	0.0017865864054683396	0.7638888888888888	0.8860031720856463
50	Nr1h5	-3.7519968	-0.6077494	0.00017543168933534893	0.0016868431666860475	0.3958333333333333	0.5892149088025377
50	Fgf7	-3.75558	-0.60504454	0.00017294059074571958	0.0016709235820842473	0.4444444444444444	0.6363996827914353
50	Galnt13	-3.7817051	-0.861796	0.00015575777752590325	0.001512211432290323	0.2222222222222222	0.4210943695479778
50	Pak3	-3.7850907	-0.60139686	0.0001536525126022201	0.0014990489034362939	0.5069444444444444	0.6611816019032514
50	Prss23	-3.802865	-0.61116725	0.00014303233833525862	0.001402277826816261	0.4652777777777778	0.6623711340206185
50	Ndufa5	-3.8047833	-0.4400563	0.0001419283120601726	0.0013983084932036708	0.8194444444444444	0.8862014274385408
50	Cntln	-3.8100874	-0.5984577	0.00013891762412394695	0.0013754220210291776	0.4791666666666667	0.6593973037272006
50	Col4a6	-3.870266	-0.76817495	0.00010871670209763876	0.0010817582298272511	0.3333333333333333	0.5335051546391752
50	Nr1d1	-3.877319	-0.94724196	0.00010561376595681831	0.001056137659568183	0.1736111111111111	0.37727993655828707
50	Ctgf	-3.8805354	-1.3184536	0.00010422674379095094	0.0010475049627231248	0.08333333333333333	0.2803330689928628
50	Tnc	-3.892131	-1.047639	9.936755077948657e-05	0.0010037126341362278	0.22916666666666666	0.41931007137192705
50	Dip2c	-3.8962502	-0.59097993	9.76934943184973e-05	0.0009918121250608862	0.5347222222222222	0.7168913560666138
50	Kcnq1ot1	-3.899805	-0.4407488	9.627020135706691e-05	0.0009823489934394582	0.8402777777777778	0.9203013481363996
50	Fbln2	-3.917184	-0.4800647	8.958928724968946e-05	0.0009188644846121996	0.8194444444444444	0.8846153846153846
50	Gm10801	-3.9283283	-1.0577751	8.55383634336223e-05	0.0008864079112292467	0.25	0.4486518636003172
50	Col11a1	-3.9287515	-0.6687985	8.538799542853772e-05	0.0008864079112292467	0.4513888888888889	0.6385804916732751
50	Hist1h2al	-3.9409678	-1.557874	8.115351514712389e-05	0.0008497750277185748	0.08333333333333333	0.2839016653449643
50	Hist1h3c	-4.0108232	-1.7455161	6.0507377438134236e-05	0.0006369197625066762	0.10416666666666667	0.299167327517843
50	Mmp16	-4.0279202	-1.1796961	5.627238037915568e-05	0.000598642344459103	0.18055555555555555	0.373116574147502
50	Rgs16	-4.0299516	-1.3117518	5.5788298443760626e-05	0.0005966662935161564	0.1736111111111111	0.36459159397303725
50	Hbegf	-4.0324626	-0.8320599	5.519537047649762e-05	0.0005966662935161564	0.3541666666666667	0.5426249008723235
50	Inhba	-4.0328293	-0.8992291	5.510926434808363e-05	0.0005966662935161564	0.22916666666666666	0.43913560666137985
50	Eml6	-4.0331397	-0.783439	5.5036504727308315e-05	0.0005966662935161564	0.20833333333333334	0.42724028548770815
50	Cald1	-4.046851	-0.33382565	5.191117568405704e-05	0.0005704524800445829	0.9791666666666666	0.9912767644726408
50	Tpm2	-4.0557947	-0.52178156	4.996408421012382e-05	0.000552089328288661	0.6527777777777778	0.8142347343378271
50	Ltbp1	-4.0712276	-1.0352484	4.676605628777176e-05	0.0005225257685784555	0.2638888888888889	0.45043616177636797
50	Plk2	-4.084149	-0.7710306	4.423863281354127e-05	0.0004998715572151557	0.3958333333333333	0.577716098334655
50	Fanca	-4.095011	-1.6401943	4.22148238354426e-05	0.00047971390722093867	0.08333333333333333	0.2876685170499603
50	Zfp697	-4.095152	-0.8989248	4.2189127720812197e-05	0.00047971390722093867	0.22916666666666666	0.4423076923076923
50	Naaladl2	-4.116453	-0.6609554	3.847477866331151e-05	0.00044223883521047713	0.7222222222222222	0.8544805709754163
50	Timp1	-4.1592803	-0.63690674	3.1925181552845115e-05	0.0003690772433854927	0.6666666666666666	0.8203806502775575
50	Galnt18	-4.1644154	-0.9528194	3.121516755681604e-05	0.00036508967902708817	0.2708333333333333	0.4662965900079302
50	Acta2	-4.1754465	-1.0054955	2.9740220054168524e-05	0.00034988494181374734	0.3819444444444444	0.5608643933386201
50	Edn1	-4.1912174	-3.118425	2.774614492441839e-05	0.00032835674466767325	0.041666666666666664	0.24325931800158604
50	Zfp521	-4.2093587	-0.8247418	2.5609672026605657e-05	0.0003048770479357816	0.2986111111111111	0.5136796193497224
50	Tyms	-4.213647	-0.6056444	2.5127999633477243e-05	0.00030093412734703286	0.5416666666666666	0.7363203806502776
50	Ophn1	-4.2752643	-0.7075801	1.9091074615256916e-05	0.00023140696503341716	0.4513888888888889	0.6566217287866772
50	Prkdc	-4.3305335	-0.9586443	1.4874845748462177e-05	0.0001814005579080753	0.2708333333333333	0.48334655035685964
50	Fkbp11	-4.331775	-0.6119932	1.4791208363234904e-05	0.0001814005579080753	0.6805555555555556	0.8310864393338621
50	Efemp1	-4.3380666	-0.59456056	1.4374168914579149e-05	0.00017745887548863145	0.5763888888888888	0.7644726407613005
50	Eif2b3	-4.351383	-0.72099864	1.3528148913889939e-05	0.0001680515393029806	0.5	0.7018239492466296
50	Top2a	-4.3551636	-0.6953318	1.3296758873633268e-05	0.00016620948592041584	0.8541666666666666	0.8752973830293418
50	Clspn	-4.389132	-0.7796581	1.1380393658239587e-05	0.00014314960576401997	0.5208333333333334	0.6465107057890563
50	Rad51ap1	-4.403267	-1.064724	1.0663288611653303e-05	0.00013497833685637093	0.2916666666666667	0.475614591593973
50	Hist1h2ab	-4.405524	-1.6048888	1.055285330752533e-05	0.00013443125232516344	0.1527777777777778	0.3614195083267248
50	Lbh	-4.427671	-0.7414689	9.525600109830975e-06	0.0001237090923354672	0.375	0.6052735923869944
50	Snai2	-4.4568996	-0.72547275	8.315343633270625e-06	0.00010869730239569444	0.4722222222222222	0.6873513084853291
50	Ccne1	-4.5031977	-0.77278626	6.693864283733961e-06	8.866045408919155e-05	0.4791666666666667	0.6423473433782713
50	Grem2	-4.5103636	-0.65282726	6.4716618407927905e-06	8.628882454390388e-05	0.6111111111111112	0.7708168120539255
50	Hist1h1d	-4.510674	-1.523833	6.462200119975732e-06	8.628882454390388e-05	0.19444444444444445	0.4034496431403648
50	Kcnip4	-4.51674	-1.9447188	6.279902304490039e-06	8.48635446552708e-05	0.09027777777777778	0.3120539254559873
50	Cpne4	-4.536235	-0.62649447	5.726739009084731e-06	7.791481645013241e-05	0.6875	0.8342585249801745
50	Brip1	-4.5410314	-0.89520335	5.597976351070447e-06	7.668460754891023e-05	0.4166666666666667	0.591197462331483
50	Hist1h4c	-4.554827	-1.7885025	5.242863025137769e-06	7.231535207086579e-05	0.13194444444444445	0.34912767644726406
50	Hist1h2ae	-4.6042566	-1.1677176	4.139418791677953e-06	5.7491927662193795e-05	0.3263888888888889	0.5237906423473434
50	Cdk1	-4.616219	-0.82977074	3.907947305227203e-06	5.4656605667513335e-05	0.5277777777777778	0.66593973037272
50	Svep1	-4.6181374	-1.1710944	3.871998628343182e-06	5.453519194849553e-05	0.18055555555555555	0.41118160190325137
50	Airn	-4.656761	-0.64447063	3.2122289231889145e-06	4.588898461698449e-05	0.7152777777777778	0.9006740681998414
50	Hmgn5	-4.668385	-0.65719324	3.035768721359415e-06	4.368012548718582e-05	0.6527777777777778	0.8158207771609833
50	Pvt1	-4.6771593	-0.5673193	2.90876589538675e-06	4.215602746937318e-05	0.7708333333333334	0.9044409199048374
50	Amotl2	-4.6899962	-0.76080215	2.732103545684805e-06	3.9884723294668685e-05	0.5	0.69746233148295
50	Atad5	-4.7290993	-0.77208614	2.2551805845990233e-06	3.341008273480034e-05	0.4513888888888889	0.6500793021411578
50	Adgrl2	-4.7721524	-0.85840213	1.8226747982834668e-06	2.7408643583210026e-05	0.3680555555555556	0.6038858049167327
50	Col5a2	-4.7949204	-0.66228443	1.6273947729247054e-06	2.4657496559465233e-05	0.7708333333333334	0.8945281522601111
50	Csf1	-4.8082933	-0.7922411	1.5222428689135454e-06	2.324034914371825e-05	0.5763888888888888	0.7137192704203014
50	Hist1h2ak	-4.8442087	-1.8573539	1.2711736207819747e-06	1.955651724279961e-05	0.13194444444444445	0.3598334655035686
50	AW554918	-4.853801	-0.7744917	1.2111728855649898e-06	1.8777874194806042e-05	0.4583333333333333	0.6724821570182395
50	Glis3	-4.8659606	-0.925221	1.1390209024733254e-06	1.779720160114571e-05	0.3541666666666667	0.5755352894528152
50	Fn1	-4.9107633	-0.6384872	9.072262718232415e-07	1.4515620349171863e-05	0.8472222222222222	0.8929421094369548
50	Hist1h4d	-4.937537	-1.3259062	7.911527433449875e-07	1.2864272249511991e-05	0.2708333333333333	0.4843378271213323
50	Ubc	-4.9389195	-0.4945045	7.855653093341729e-07	1.2864272249511991e-05	0.8888888888888888	0.9526169706582077
50	Ehbp1	-4.9735937	-0.7242717	6.572302320096858e-07	1.095383720016143e-05	0.5694444444444444	0.7553528945281522
50	Arl15	-5.0353518	-0.81616735	4.769716644089538e-07	8.016330494268131e-06	0.4236111111111111	0.6576130055511499
50	Adamts12	-5.0863047	-0.84518605	3.651072944071151e-07	6.241150331745557e-06	0.4097222222222222	0.6643536875495638
50	Hsp90aa1	-5.1094394	-0.46332365	3.231160876133782e-07	5.5709670278168655e-06	0.9513888888888888	0.9736320380650277
50	Pde4d	-5.1205835	-0.72320294	3.045916056609671e-07	5.297245315842905e-06	0.6111111111111112	0.7862807295796986
50	Cfap69	-5.1303453	-0.75150466	2.892111924557093e-07	5.073880569398409e-06	0.5347222222222222	0.7561459159397304
50	Gm11867	-5.1511946	-0.8843257	2.5883227638764235e-07	4.622004935493613e-06	0.5833333333333334	0.785685963521015
50	Adamts6	-5.1539316	-2.0232987	2.55081306554744e-07	4.596059577562955e-06	0.09722222222222222	0.3495241871530531
50	Satb2	-5.153988	-0.89176553	2.5500452217931035e-07	4.596059577562955e-06	0.375	0.6181601903251388
50	Junos	-5.1691666	-0.7602159	2.351404240187546e-07	4.314503193004671e-06	0.5833333333333334	0.7603092783505154
50	Wwox	-5.17921	-1.1511503	2.2282718559370286e-07	4.126429362846349e-06	0.2916666666666667	0.5317208564631245
50	Erdr1	-5.1805363	-0.6713256	2.2124887605342663e-07	4.126429362846349e-06	0.9375	0.9615384615384616
50	Serpine1	-5.197323	-1.013944	2.0217883264599598e-07	3.8146949555848298e-06	0.375	0.6086439333862014
50	Pcna-ps2	-5.2274547	-1.0198984	1.7185958905825527e-07	3.273515982062005e-06	0.3194444444444444	0.5678033306899286
50	Zc3h12b	-5.254624	-1.0828618	1.4832738138379019e-07	2.8524496419959655e-06	0.2777777777777778	0.5325138778747026
50	Cdc42ep3	-5.259533	-0.7427273	1.4442184761843884e-07	2.8043077207463856e-06	0.6180555555555556	0.7944091990483743
50	Trabd2b	-5.2655706	-1.0573462	1.3975473654873268e-07	2.740288951935935e-06	0.3472222222222222	0.577716098334655
50	Ptchd4	-5.2715235	-1.0666784	1.3529605571600443e-07	2.6791298161585032e-06	0.3055555555555556	0.5515463917525774
50	Hist1h2ai	-5.2726235	-2.6594079	1.3448714613875676e-07	2.6791298161585032e-06	0.06944444444444445	0.3225614591593973
50	Col4a5	-5.279677	-0.67675376	1.294118545038723e-07	2.6143808990681275e-06	0.7430555555555556	0.8671689135606662
50	Snx29	-5.283542	-1.5088868	1.2670970784460752e-07	2.58591240499199e-06	0.16666666666666666	0.4234734337827121
50	Csgalnact1	-5.284022	-0.859936	1.2637823642970167e-07	2.58591240499199e-06	0.4791666666666667	0.6956780333068993
50	Trps1	-5.3357925	-0.778009	9.51280391854137e-08	1.9818341496961187e-06	0.5972222222222222	0.7912371134020618
50	Mecom	-5.3520436	-0.93247944	8.696652848163119e-08	1.8308742838238144e-06	0.3680555555555556	0.6189532117367169
50	Prkca	-5.3523536	-0.54222596	8.681746320234536e-08	1.8308742838238144e-06	0.9513888888888888	0.9726407613005551
50	Pcdh9	-5.358617	-1.124221	8.386139766071333e-08	1.8034709174346952e-06	0.3402777777777778	0.5830689928628073
50	Atad2	-5.372413	-0.6986452	7.768981699356615e-08	1.6889090650775251e-06	0.7222222222222222	0.8350515463917526
50	Sema3a	-5.392388	-0.78470796	6.952740954753492e-08	1.5280749351106577e-06	0.625	0.7940126883425852
50	Ngf	-5.398341	-0.78017133	6.725993008751958e-08	1.4946651130559906e-06	0.5555555555555556	0.7793417922283902
50	Gm42826	-5.4204316	-0.7851549	5.9455238888931566e-08	1.3512554292938993e-06	0.9652777777777778	0.9934575733544806
50	Cxcl5	-5.4389677	-1.3334113	5.359013544273062e-08	1.2319571366144972e-06	0.2222222222222222	0.4875099127676447
50	Rfx3	-5.4987793	-1.2759455	3.824290510859445e-08	8.975155955335255e-07	0.2152777777777778	0.49147501982553526
50	Ext1	-5.57219	-0.67224574	2.5155710713376698e-08	5.989454931756356e-07	0.7916666666666666	0.8943298969072165
50	Cog5	-5.5779734	-1.073878	2.4333671649792874e-08	5.863535337299488e-07	0.2847222222222222	0.5658207771609833
50	Maml3	-5.580795	-1.056102	2.3942197219391337e-08	5.839560297412521e-07	0.3819444444444444	0.6237113402061856
50	Pdzrn3	-5.6288414	-0.8568873	1.814238836162508e-08	4.479602064598785e-07	0.5625	0.8031324345757336
50	Pcdh7	-5.6482806	-0.70733213	1.6206068191677397e-08	4.051517047919349e-07	0.7569444444444444	0.8719270420301348
50	Ralgapa2	-5.667324	-1.0088415	1.450447291798334e-08	3.672018460248947e-07	0.4444444444444444	0.6766455194290246
50	Gm26870	-5.6756186	-1.3275639	1.38188154594737e-08	3.543286015249667e-07	0.3263888888888889	0.5771213322759714
50	Ncam1	-5.687807	-0.79550004	1.28681213383851e-08	3.3423691788013245e-07	0.6458333333333334	0.8088818398096749
50	Ror1	-5.6957912	-0.81659794	1.228011018987914e-08	3.274696050634437e-07	0.6388888888888888	0.7942109436954797
50	Zfpm2	-5.6971736	-0.8582636	1.2180986280869626e-08	3.274696050634437e-07	0.6527777777777778	0.8187946074544012
50	Sema3c	-5.73117	-0.6899644	9.974003550412987e-09	2.7613886341845994e-07	0.8541666666666666	0.94746233148295
50	Mast4	-5.7369256	-0.769461	9.641046308881978e-09	2.749452611528177e-07	0.6944444444444444	0.8758921490880254
50	Ghr	-5.7380824	-0.8264901	9.575444680162289e-09	2.749452611528177e-07	0.5763888888888888	0.8110626486915147
50	Prim1	-5.754672	-0.96058726	8.681027321167686e-09	2.5532433297552015e-07	0.4652777777777778	0.6998413957176843
50	Bnc2	-5.7739697	-0.9019982	7.742543848806914e-09	2.3112071190468397e-07	0.5138888888888888	0.7632831086439333
50	Prkd1	-5.798035	-0.9386745	6.709634211643739e-09	2.0332224883768903e-07	0.4444444444444444	0.7057890563045203
50	Pola1	-5.815725	-0.92656785	6.037170027120456e-09	1.8575907775755247e-07	0.5	0.7159000793021412
50	Ccne2	-5.8339505	-1.727749	5.413019198479337e-09	1.7184187931680435e-07	0.2013888888888889	0.46431403647898495
50	Cyr61	-5.8400726	-0.9772511	5.2178043818115925e-09	1.6831627038101912e-07	0.375	0.634020618556701
50	Plpp3	-5.849411	-0.82712895	4.933160667018245e-09	1.617429726891228e-07	0.6319444444444444	0.8195876288659794
50	Hist1h2an	-5.894524	-2.1257346	3.757632203035975e-09	1.279881180923803e-07	0.1597222222222222	0.4238699444885012
50	Rad51b	-5.899941	-1.0629897	3.636320201333209e-09	1.275901825029196e-07	0.3819444444444444	0.6288659793814433
50	Grik2	-5.9214673	-1.1014733	3.1908164834956723e-09	1.1395773155341686e-07	0.2777777777777778	0.5868358445678034
50	Ptprk	-5.950414	-0.8885749	2.6746517277495705e-09	9.906117510183594e-08	0.5208333333333334	0.7720063441712927
50	Opcml	-6.0038776	-1.090542	1.926598801662295e-09	7.270184157216208e-08	0.4722222222222222	0.6927042030134813
50	Nrg1	-6.055649	-0.98278415	1.3985299019257202e-09	5.37896116125277e-08	0.4513888888888889	0.7004361617763679
50	Pdia3	-6.1389055	-0.6172897	8.309207137209991e-10	3.535832824344677e-08	0.9236111111111112	0.96847739888977
50	Cpa6	-6.170758	-1.3761129	6.796344206612425e-10	3.020597425161078e-08	0.2847222222222222	0.570975416336241
50	Exoc4	-6.193159	-0.7923306	5.897018439550766e-10	2.68046292706853e-08	0.7291666666666666	0.904639175257732
50	Ebf1	-6.2075477	-0.7813482	5.381778944432408e-10	2.5031529974104225e-08	0.7222222222222222	0.8618160190325139
50	Maml2	-6.2443376	-1.0952349	4.256001952762311e-10	2.0266675965534813e-08	0.4236111111111111	0.6849722442505948
50	Sorbs1	-6.4963927	-1.3696321	8.226866220908785e-11	4.1134331104543926e-09	0.3194444444444444	0.6072561459159397
50	Brinp1	-6.5881414	-2.06144	4.453655623600059e-11	2.4073814181621942e-09	0.125	0.4490483743061063
50	Arhgap24	-6.6319284	-1.0237874	3.313294608987375e-11	1.8407192272152085e-09	0.5486111111111112	0.7995638382236321
50	Fbxo5	-6.6547246	-1.8670022	2.8383125943711715e-11	1.6218929110692408e-09	0.1597222222222222	0.47521808088818396
50	Slit2	-6.7925453	-1.1445827	1.1017227158920639e-11	6.677107369042811e-10	0.625	0.8092783505154639
50	Ptgs2	-6.8269935	-0.9187614	8.671271734224161e-12	5.419544833890101e-10	0.7222222222222222	0.8816415543219667
50	Efna5	-6.8635855	-0.9442562	6.715322223849358e-12	4.3324659508705534e-10	0.6458333333333334	0.848334655035686
50	Rbms3	-6.9313817	-1.1127793	4.167501160247627e-12	2.7783341068317514e-10	0.4861111111111111	0.7383029341792229
50	Fbxl17	-7.0785127	-1.0780802	1.4570980973340638e-12	1.054429666708916e-10	0.5416666666666666	0.7785487708168121
50	Hist1h1b	-7.3802795	-1.8896443	1.5795766366090723e-13	1.435978760553702e-11	0.2847222222222222	0.5969468675654243
50	Ube2e2	-7.4226274	-1.2233104	1.1481961746351732e-13	1.0935201663192126e-11	0.4513888888888889	0.7442505947660587
50	Negr1	-7.594586	-1.2085787	3.087786476753289e-14	3.087786476753289e-12	0.5138888888888888	0.764274385408406
50	Sgcd	-7.6029367	-0.99862266	2.894848814635417e-14	3.047209278563597e-12	0.6944444444444444	0.855868358445678
50	Tanc2	-7.668081	-0.95842457	1.7458899600196832e-14	1.939877733355204e-12	0.7916666666666666	0.9252577319587629
50	Rora	-7.8886786	-1.2350903	3.0540304376272693e-15	4.072040583503026e-13	0.5138888888888888	0.7954004758128469
50	Hist2h2ac	-7.9105434	-1.7638963	2.562672735880591e-15	3.660961051257987e-13	0.3611111111111111	0.6909199048374306
50	Hist1h1e	-7.961327	-1.6043404	1.7020370859496371e-15	2.6185185937686727e-13	0.5	0.7668517049960349
50	Ank3	-8.11585	-1.1054606	4.823961975784024e-16	8.770839955970954e-14	0.6666666666666666	0.8782712133227597
50	Gphn	-8.214031	-1.0023661	2.138835790091728e-16	4.752968422426062e-14	0.7569444444444444	0.8994845360824743
50	Immp2l	-8.423767	-1.4782853	3.6456825361613626e-17	9.114206340403406e-15	0.4097222222222222	0.7416732751784298
50	Magi2	-8.569093	-1.4118816	1.0430361356125148e-17	3.4767871187083826e-15	0.5277777777777778	0.8271213322759714
50	B3galt1	-8.913518	-1.852048	4.943859150849387e-19	1.977543660339755e-16	0.3125	0.6798176050753371
50	Fbxl7	-9.003263	-1.4335141	2.1910621471572325e-19	1.0955310735786162e-16	0.5625	0.8374306106264869
