,avg_Pearson,avg_Pearson,avg_Pearson,avg_Pearson_pval,avg_Pearson_pval,avg_Pearson_pval,avg_Pearson_fdr,avg_Pearson_fdr,avg_Pearson_fdr
channel,FUCCI angle,Hoechst,Segmentation,FUCCI angle,Hoechst,Segmentation,FUCCI angle,Hoechst,Segmentation
genes,,,,,,,,,
1110032A03Rik,-0.006698149123141201,-0.01337376605603518,0.017844728057855242,0.6399979892992872,0.3841466516742339,0.35689112215081065,0.7528907215565512,0.6379578322447098,0.5296416121280647
1190007I07Rik,0.02912254304988312,0.02428986621849842,0.0281976353464169,0.49094187752176377,0.19907313645272942,0.942654634632359,0.6308734438152335,0.42843639941575873,0.9740764557867709
1500011K16Rik,0.0369575499539394,0.09125324709304884,0.0738757613759787,0.18933578916994487,6.55950162734353e-05,0.023220114745054702,0.3243343423355903,0.00047658879011167835,0.06229242321029098
1600010M07Rik,0.06810915937409344,0.06257002713122495,0.08540097412847986,3.210293709050042e-05,0.006929730636553969,8.512448642520154e-05,0.00014082892214228957,0.03254873480805652,0.00036650820544183995
1600019K03Rik,0.08619149610851838,0.16669656528385673,0.18611326141245355,0.0010386994619201873,3.475875897041712e-18,6.832614377611604e-30,0.0036963922178027075,6.829361797708716e-17,1.162377689849779e-28
1700003G18Rik,0.02450632853483014,0.025032108972006223,0.029008494706766218,0.8607577371021372,0.8166607602009708,0.8734397869243528,0.9096644267102132,0.9224629639517038,0.9355558995279729
1700007G11Rik,0.001621461696734161,0.027739758470472463,0.0099368941645117,0.13261252623844735,0.5344539976834326,0.09239963312972262,0.2440204804377824,0.7584570974246068,0.1923843107700941
1700010K24Rik,0.015342268903721378,0.02334663652109296,0.03700826352842042,0.07244065119139491,0.2299522343869892,0.18619436567497108,0.15196196753683594,0.46829688608737213,0.33997531428872335
1700020G17Rik,0.045983530197474226,0.06661526152276022,0.07136825569523253,0.12612510481467018,0.004172447069505943,0.06909639932549412,0.2339687782133842,0.021088998775220254,0.15251499534662072
1700030F04Rik,0.05316627039676932,0.0066630752041987405,-0.00788128713142178,0.15403095542406825,0.13096154421475814,0.6067832694933081,0.27547843950842976,0.3268181649008723,0.7530806592021039
1700030N03Rik,0.02548765641154662,-0.00827072368817382,0.03187284862630828,0.7411219866085746,0.6118186241761134,0.22422356225332615,0.8218324096335148,0.8091803246294762,0.389052007003048
1700056E22Rik,0.06876513024360886,0.0260886505278032,0.0177972156882693,0.0011368326164210574,0.28264073237046533,0.7047328239710682,0.003994663727726385,0.5318875138057637,0.8193380119861844
1700061I17Rik,0.13561531859187043,0.03945179379854027,0.0719409683868505,3.211903709025699e-14,0.21070113820347683,0.003149758188581562,2.5031316615032687e-13,0.44371071416061747,0.010412115339031467
1700111N16Rik,-2.7495044901100497e-05,-0.01176901910328874,-0.0185809046881651,0.04343537348715889,0.44005283131423684,0.45243035629299366,0.10115583641834165,0.6858924018808497,0.6199806945272359
1700123J17Rik,0.05405100806402267,0.03296505951552526,0.0507996071678154,0.0022125541063422096,0.012774143321409703,0.4838587705189903,0.0074733970420033475,0.0548305536411278,0.6444222101719417
1810019N24Rik,0.014650309617649118,-0.0088016443975732,0.00690359576181602,0.6051228237050226,0.2890204292446873,0.13537923550033779,0.7289692047223718,0.5382957260298248,0.26229726878190446
1810024B03Rik,0.03462472651706564,-0.010745147435064458,0.0029058394927100593,0.9831068366922109,0.9719328011027631,0.32323877419151864,0.9873535184921772,0.9854178759888013,0.49935558139221314
1810030O07Rik,0.03505169907817284,-0.008845789056302558,-0.010405631527542399,0.0001468411851917387,0.8642477795490004,0.6194457773267188,0.000598957465913671,0.9467368886739799,0.7594954959412872
1810043G02Rik,0.015247711034579536,-0.031173217473648603,-0.0076471735080900615,0.004444384575201067,0.9712076642604971,0.6403485284069833,0.013932396589675256,0.9854178759888013,0.7694110225045148
2010001A14Rik,0.044376278897541484,-0.018854336989922844,-0.00907450618442074,0.011879811374657899,0.9759641910939743,0.9521331799035128,0.03347946841949044,0.9885838752064694,0.9768697188797898
2010001K21Rik,0.05502308728653764,0.0311736792793283,0.026742488008727576,0.18231553394174682,0.20069917494765344,0.5427391458494245,0.3151551051409378,0.4300696606021145,0.704298705544137
2310001H17Rik,0.060939924017197576,-0.0016815559636203404,0.02934919376988222,0.007682658716886306,0.9436001653886362,0.16037748283839018,0.02261035635032995,0.9787311166978219,0.3023332277831815
2310010J17Rik,-0.035346707068542135,-0.006051951459771001,0.0060065918775895205,0.746804610492348,0.6606753837451891,0.4426044165521841,0.8255090583493071,0.8314750424812187,0.6125328979070405
2310014F06Rik,0.010208965227271102,0.013197435240873159,0.0320756001739255,0.6979685537556212,0.43346654320097566,0.8904623150492904,0.7922425813580891,0.6798533155468066,0.9460984179408977
2310033P09Rik,0.07780505707546326,0.0350061459590705,0.08348120372466157,9.736654611659914e-07,0.19857878709166737,6.783650678054265e-05,4.993615140906463e-06,0.42843639941575873,0.0002991302899884906
2310039L15Rik,0.05311853007076016,0.05640573952261786,0.037250597746583444,0.19850380124264447,0.0582514071337951,0.26210405088658145,0.33403233140348493,0.17978033838859328,0.43579874968627075
2410003L11Rik,-0.026850336628472284,0.00629465344689565,0.0020564983229982388,0.1894856551996459,0.3206073321492499,0.9804306849634059,0.3243343423355903,0.5726597033907856,0.987509606876499
2410006H16Rik,0.0034108549598228,0.02429559777401186,0.02668779501572572,0.27298397036677197,0.11069376219430993,0.03760362483187509,0.41942773350692186,0.2919254957055037,0.09503089971098869
2410012E07Rik,0.028167870036135162,-0.00223416820104588,0.02469456337901836,0.08833860723339113,0.1762392567934388,0.2667536804438619,0.17731274401522393,0.39911325199163494,0.44085681808704674
2410022M11Rik,0.0018200563315439004,0.014507507771919581,-0.02463753465966742,0.7170993381846573,0.19173900587188472,0.16514532882837735,0.8047896836424754,0.42321924428099444,0.30923185733635755
2500002B13Rik,0.01429736385912378,-0.00659808083694496,-0.015699161647994682,0.26733314423283616,0.9612672273632193,0.7765651733743986,0.41298974109059405,0.9823939796129604,0.87434093370241
2500004C02Rik,0.0067556522209052325,0.016351212708345483,-0.0017696289392621794,0.483009724760193,0.5645310923985567,0.366409779821331,0.6252383834603952,0.7809129984047136,0.5380438345797439
2700033N17Rik,0.06725206395364114,0.0347593337154419,0.0212712629555104,0.004754376617474551,0.24120506209994924,0.5620757092170865,0.014705887763585362,0.4806872308991846,0.7180362768844648
2700069I18Rik,-0.007893930694813141,0.0096553576016698,-0.00728310804400394,0.8260441403704478,0.06337995232717052,0.36419277780748116,0.8870912823839683,0.1917896605128045,0.5364824974038398
2700099C18Rik,0.32462789262693104,0.13051639766188533,0.11959944206803519,2.04326025719324e-110,1.7078916659756108e-13,1.7018006113963329e-12,4.385150859668569e-109,2.647232082262197e-12,1.2560909274591979e-11
2900009J06Rik,-0.0013500574633363003,0.016418439580547763,-0.0087170850864564,0.45461687345771495,0.6267152188761091,0.3172117309963963,0.6034163068254161,0.8193699440788869,0.4948470411829009
2900093K20Rik,0.053231442036005404,0.009488510942628639,-0.019014960214457248,0.23743084984103632,0.3363113030095435,0.5400061467775081,0.3807080868140755,0.5886502731471934,0.7020583175718769
4430402I18Rik,0.00394354449079166,-0.00786542837156122,-0.00262362409797038,0.6325290329538029,0.9088026666737623,0.07673402177805885,0.7465126911764426,0.9640910418326224,0.16778050216362397
4833418N02Rik,0.01693720337581836,0.010536776500794282,0.02054659975903208,0.758497481112679,0.37160224222861843,0.40478900844901444,0.8357851391407483,0.6251430717848416,0.5762054806910692
4930412B13Rik,-0.0176193132536148,-0.00800126941107872,-0.01103535791632238,0.7163981451613781,0.988821626938764,0.13169779440073928,0.8046500905798087,0.9930929946577218,0.2570902835926951
4930431P19Rik,0.039458820199564745,0.007582639873022599,0.002709552296931819,0.3783106904250693,0.23797795790150358,0.6563143457514877,0.5314636587542515,0.47698168286292747,0.7818603862709866
4930467D21Rik,0.09228199547318047,0.043718034899273985,0.05130282139185212,1.7087563425190513e-06,0.163850766600667,0.03885656826821686,8.668054901142096e-06,0.37968740765436954,0.09766650943092346
4930512B01Rik,0.02924402783564714,-0.00113666891960424,0.015666236111811317,0.8872409164759354,0.20801979599121956,0.4649210277961676,0.9264320683167353,0.44034539515592,0.627845918466267
4930556J24Rik,0.13471349071631258,0.04116200123961146,0.04868478851452081,1.6149705932139214e-12,0.5678706401289081,0.16619533883527968,1.1733770716319897e-11,0.7823706892840186,0.31078082798286216
4930556M19Rik,-0.007386871495771138,0.00922471283699664,0.00218750625751322,0.03030351521918,0.8333956492414508,0.251106791315511,0.07468799245716626,0.9293260836865099,0.4230603549337414
4930597O21Rik,0.005914958111657339,0.02328011345763716,0.03888759950191526,0.3779234710610524,0.1987776940122786,0.12474559526239802,0.5314548811796049,0.42843639941575873,0.24718764970318924
4932411K12Rik,0.006711080694435159,-0.0062092647021624,0.03827789894999224,0.08181863689004916,0.872624788641364,0.85191997526745,0.16702741710275074,0.9467368886739799,0.9198361962059542
4933404O12Rik,0.0799421303028899,0.007402450663638161,-0.0035707217007901193,6.571686526951337e-05,0.04148924433620426,0.0638695236849335,0.00028207700631068043,0.1384629087296769,0.14301442301843054
4933421O10Rik,0.04113502167663058,-0.0211384679973771,0.01639812714461562,0.3999980374861107,0.6428519159506827,0.014797366296158548,0.5532413631769301,0.8273228368528611,0.04161759270794592
4933424L21Rik,0.02454231231847416,-0.0031677787031341603,0.03209758848062248,0.5552152299537843,0.9338465464964971,0.04774099870921337,0.6836056891310935,0.9721760689273236,0.11345603611474045
5033421B08Rik,0.015230807089836002,0.0035047767014953386,0.016421456515850703,0.6680205602860504,0.8601903802685575,0.062393107206027885,0.7718903887250126,0.9467368886739799,0.1401584292309322
5730409E04Rik,0.13101145653589094,0.04298364991070868,0.0182507118723341,3.099971692742892e-20,0.03411965761935294,0.01987119667127867,3.0030975773446764e-19,0.12111176177861921,0.054353567365556354
6720427I07Rik,-0.03847235863633702,-0.027500326602195924,0.0011644093039554805,0.5201182915571757,0.6522655600433716,0.306135183226534,0.6555637006383856,0.8302102703106782,0.48309969489023735
9030624G23Rik,0.040516945552556964,0.0013113939960912,0.03454049119428452,0.24257579334706955,0.2105962583900811,0.008956518307657356,0.38717761066265677,0.44371071416061747,0.026415101562752667
9130019P16Rik,0.04338848652608858,0.012661454182345221,0.015037142146583901,0.23255194914919405,0.27813476681881544,0.20651008244829072,0.37564553460120986,0.5278884349826497,0.36698288536989243
9330111N05Rik,-0.00758861737862952,0.00687838762128712,-0.01353307088561452,0.03021333185801184,0.7121198618383229,0.1137233188327862,0.07459751848128587,0.8615847417731659,0.22925437828285658
9430018G01Rik,0.01970179159274472,-0.014285151882050678,0.02163757691076876,0.4719464898485126,0.10905733854694936,0.06165801036483614,0.6173769155996252,0.2892300138269855,0.13873052332088132
9630002D21Rik,0.026313782639000895,0.009503373884372,0.00693484876660144,0.04605184929899583,0.48704110941867396,0.9165688361809665,0.10583579863607773,0.7297769577218584,0.964474248487216
9630013D21Rik,0.08577730395340068,0.02428930985490562,0.039813233413046566,0.0005930381112033965,0.006159262021622441,0.5183656312700348,0.002223892917012737,0.0298339254172337,0.6796241124264083
9930104L06Rik,-0.01548139824348524,-0.0016682447727580205,0.022437027138433503,0.6923423811141681,0.6613469310102127,0.6209997734858206,0.7903581191933424,0.8314750424812187,0.7595670990138106
A330015K06Rik,0.09641504493529247,0.022685964889192667,0.01111977427775436,1.4908810224764932e-07,0.333889625226356,0.5014879461355057,8.352526210259871e-07,0.5856817055025848,0.6612246548762103
A330069E16Rik,0.048283424298026414,0.023169657480354995,0.043905526559422814,0.347970782886074,0.032530192562212824,0.12210725694226164,0.5061723067008064,0.1169577799595023,0.24299518321605562
A430018G15Rik,0.0167021635713526,0.00726031045667052,0.0075750594238719465,0.26254340235402107,0.6452525064486831,0.3227984315432474,0.40921569417190995,0.8273228368528611,0.49935558139221314
AC079680.1,0.008870038231184343,-0.003483381397672279,0.008295031073662881,0.9815857309884403,0.8690517251715697,0.8259927045172122,0.987039732273517,0.9467368886739799,0.906855517691319
AC107452.3,0.00732690092811928,0.00081019662959534,0.0010042626178403402,0.88214338050832,0.691785097024957,0.3388094789389556,0.9238663782350648,0.8515791449937229,0.5142395932857874
AC107453.3,0.08372117360101375,-0.0157994521876181,0.01185356831625198,7.33542110812551e-05,0.13573970052967888,0.8798241890935903,0.0003110307734296379,0.33278889672917755,0.9388142577520587
AC122459.2,0.00568710735396354,0.01249369005328778,0.004072718741154299,0.29271493787403646,0.6125129900263234,0.8923205191519433,0.44336301664959926,0.8091803246294762,0.9461332709378202
AC124426.2,0.045020572902670995,0.01592135520080176,0.0685232324892716,0.022612889575800616,0.5837977996469463,0.029066983645826824,0.058852576414630334,0.7910232240991528,0.0753688516467071
AC124595.1,0.07400966170112028,0.05346453744473776,0.048914074386321685,0.0002948572597264869,0.09740331428841267,0.047644535379633327,0.0011619375065492915,0.2664267126124229,0.11342001169724998
AC126549.1,0.016113468415134596,0.0011707839605520592,0.02695202246065232,0.22888279274286039,0.14446406809236514,0.9774976144447949,0.3726405685117405,0.3474609913600851,0.987509606876499
AC127254.1,0.060210227215924804,0.02213389162727706,0.014657308234768579,0.147974860171411,0.8778970092116761,0.748743306793602,0.2663547483085398,0.9486183794347701,0.8512607277726771
AC131029.2,0.027163338079621957,-0.023155495509171405,-0.016771627802499682,0.3737073616149506,0.19826272717530377,0.31943132133722335,0.5276536128065344,0.42843639941575873,0.4967744629491935
AC139845.1,0.06923340329011354,0.010984426463488978,0.04775229557094365,0.06109709994370548,0.6676582765690038,0.49026024583650163,0.13338099283484997,0.8368223682064333,0.6494997233786711
AC147639.2,-0.002616152527995999,0.00518034184949556,0.024324288318223298,0.3767297374820156,0.7142091993093548,0.6048258935962226,0.5308464482701128,0.8624412592384305,0.7519894131610789
AC153564.1,0.041191490175470316,0.013681021840042223,0.009776086686486921,0.11756881752123645,0.5773761710128353,0.3497480390067725,0.22014563817734878,0.7865622642215871,0.5234962601013387
AC154452.1,0.01509594986560056,0.004806985792711701,0.0427246303885307,0.00042212675140947695,0.2408206458718078,0.14481518447390587,0.0016267039177243656,0.4806872308991846,0.27826058173705054
AC154838.3,0.013283651152798559,0.023626410204390876,0.0073024098864512416,0.6232957348302622,0.5846200315743559,0.2852865975976871,0.7387404843570229,0.7910232240991528,0.4619273192649909
AC158232.1,0.0022469231571183397,-0.01876519941571654,0.005713931031416061,0.9945873011849048,0.6389581400228133,0.4803129271652511,0.9953007784454392,0.8273228368528611,0.6417974457811545
AC159301.1,0.12330678324599371,0.02761324582326282,0.0703774647657646,1.952130952549807e-14,0.20763763281755437,0.004769056815430689,1.5385438863316275e-13,0.44034539515592,0.014718659861782769
AC164426.2,0.015134851181563432,-0.012014502496895318,0.01519124347546108,0.9760149879298511,0.35744626130293533,0.5491858091915662,0.9859094193788142,0.6140856336423581,0.7074438221019722
AC165249.1,-0.03541953071571696,0.02013176775671458,0.01882504020679506,0.3425631596521778,0.04140640720403934,0.6046413164766908,0.49986988254684944,0.1384629087296769,0.7519894131610789
AU041133,0.033267920903559775,-0.006725839433139878,0.029774533497535022,0.0107066932645352,0.7687099629989029,0.2854346589293349,0.03060622357382501,0.8966140454711284,0.4619273192649909
Aamdc,-0.016773569567707,0.018660731671405962,0.007197277601942362,0.47870341500262925,0.3989061029666607,0.3721717933674373,0.6217444082518198,0.6525122398242462,0.5419411813649009
Abcb4,0.025710087876049705,-0.0037594519294335375,0.01960666159541824,0.2860423343905616,0.06295583207084546,0.293562425160297,0.4360973294806923,0.19092040378006395,0.4707121644811659
Abhd1,0.05111088584277999,-0.015346717259232378,-0.00815250663512944,0.03273067037186147,0.21685932562341537,0.2804507370999703,0.07885886903065069,0.45219545477528317,0.4570429652505358
Abhd15,0.00180495620173112,0.0285948579965975,-0.0019153426644304187,0.004937100355015337,0.4063091155151404,0.8034149012591862,0.015237289812492026,0.656105888647909,0.8909092108557749
Acacb,0.03284784215496666,-0.007831230726883564,0.0187663883474955,0.18226834075314155,0.3853659965438313,0.9571299911111694,0.3151551051409378,0.6384626664829509,0.9810406595151221
Acads,0.024661017659701762,-0.003130604731082559,0.0164570390980548,0.47543498181323884,0.06885693174809558,0.28282369106376765,0.6192640519416136,0.20568612374431122,0.459392891898971
Aco1,0.036873193283294345,0.026049100464926277,0.059300305133990316,0.5639661134412619,0.8656938520438853,0.06576518626692918,0.6913292866876629,0.9467368886739799,0.14678509196781078
Acp6,0.011108063714551381,0.01097363363307218,0.0014489368249845202,0.8883080303216119,0.22212274135162796,0.9133707932809351,0.9268434572166406,0.4585533705836727,0.9630780473370404
Acpp,0.05989016166107765,0.07928929260484399,0.08745877128144243,0.0006062489314680123,0.00011517751649087557,0.0024913432041998164,0.0022673384970452472,0.0008074001784159368,0.00837451510809336
Acta2,0.038100944620373514,0.09546745061014164,0.196570053877324,1.4915908545803756e-05,2.0462311559903776e-11,5.646284944543697e-56,6.777749974396169e-05,2.571614831177096e-10,3.1506269990553826e-54
Actb,0.08184766670098688,0.043062301252741464,0.19257805787719487,7.019713725713249e-07,0.40481568925819367,1.874729682655431e-74,3.7233842765665333e-06,0.656105888647909,2.1793732560869385e-72
Actg2,0.04356715985727582,0.0551472783706735,0.08538470885796362,0.31419356680024124,0.0058922814030315,9.70347563954475e-10,0.4662766230705708,0.02874032362667462,5.9110692214694e-09
Actn2,0.04220976222036414,0.04575288406635986,0.025481397302870756,0.2642729018607614,0.08030666094745448,0.9438813415550478,0.41145167198187743,0.23339123337853956,0.9746221106360412
Actn3,0.0319333905438,0.03616522409744146,0.04098362234692932,0.2403697833779177,0.3467321143366666,0.33914009019564473,0.38453652272040734,0.6031063584783666,0.5142395932857874
Actr3b,0.10361058187444834,0.00920752792331236,0.01740326971797662,3.011159974827978e-07,0.7111974215724934,0.47192535907907185,1.6472816332882466e-06,0.8615847417731659,0.6353781233833109
Acy1,0.00916467391740224,0.01082238210854124,0.0110145853696508,0.609558633446954,0.7468232474684242,0.41645379553519735,0.7324154122812239,0.8791716710704234,0.5861676587729726
Adamts5,0.12267824916657406,0.11310509160509899,0.11565851798413096,2.5781615255380985e-16,4.881692942473936e-13,1.449167143816655e-18,2.1797183806822106e-15,6.948940464031775e-12,1.4038806705723846e-17
Adamts6,0.08028136445358418,0.04870098650509466,0.07432076030827563,0.00014055996377832373,0.3487542884136928,0.0039029496782498384,0.0005767092631492988,0.6049922302846951,0.012318133034295303
Adamts7,0.059601803827819225,0.0015279092503590014,0.03636781101417244,0.005490448059987938,0.36379966946860504,0.3290349423415208,0.01661426256764246,0.6189030962301268,0.5057757356738625
Adap2os,0.02387516734049174,0.03388333657097932,0.008186331282348538,0.7291314755619576,0.7176809589643371,0.4279484741078959,0.8142160721704654,0.8634672293057611,0.5952025138389977
Add1,-0.00787822791955476,-0.006648016275604821,-0.004604331041495399,0.3787150754498993,0.07540484509756043,0.26919517201988896,0.5314965093084603,0.22098688846869077,0.44388565599024243
Adgrl2,0.24196352512531405,0.0634027092117294,0.10260934406319244,1.54081209052035e-64,0.015865695453850366,7.314561663961002e-10,2.4150931081751552e-63,0.06567550492024113,4.495072035782202e-09
Adh5,0.027189558230383097,0.06299979625661786,0.07362081285119339,0.19165218981808596,5.9293702517207855e-05,0.0001755188123870004,0.32565960946520045,0.0004330613351387694,0.0007374962146983903
Adh7,0.027146003209069465,0.011298062196842278,0.017423626787565656,0.5119607846327294,0.3677114573219931,0.019972198098988397,0.6489746486672486,0.6240358673530175,0.054522928274146405
Afp,0.0008795017537147207,0.000979852310858087,0.033102593937504324,0.9690613223902593,0.12403827084586841,0.10924005297670197,0.9821666292714483,0.31644521565699657,0.22126929575330045
Aga,0.01653092940056226,0.04567154753945977,0.0437524813819512,0.2687048643601343,0.015182251797640182,0.003212358298154088,0.4146496524141453,0.06341090196918579,0.010571363070587876
Agl,0.031264933894629685,-0.00526490783013442,-0.06064937655206202,9.170465705064412e-06,0.07573347611541047,0.09403300610092398,4.3218917765421804e-05,0.22148469429978535,0.1954933584363472
Agrp,-0.04214459176166568,-0.01573615913152176,-0.005959671206133021,0.2309546869152459,0.7316116472187318,0.020299954556056012,0.3744974482142901,0.8729923061722025,0.05520163081032775
Ak1,0.05201753608046548,0.03065855893950222,0.04152674772187572,0.06404882902746578,0.22266743867612396,0.00341239001631202,0.1378828958230166,0.4588199068732539,0.011174375757641474
Ak8,0.05440235495806565,-0.026132888587180943,-0.0022276849663967605,0.0698346318031102,0.49553509099670656,0.00021897440834628447,0.14805366468896464,0.73239075965333,0.0009091348203662703
Akr1b3,-0.018109329845403418,-0.019682997103321963,-0.01385359424767563,0.5000011630621157,0.1313445623538608,0.45528180187613276,0.6387377495161642,0.3271886865779211,0.6214462951244669
Alcam,0.044786254151915936,0.004224520544691498,0.08521749381628119,0.00011128114124946265,0.17313807005458742,4.459677383988868e-09,0.00046201545250892977,0.3959468979117204,2.670064356508357e-08
Aldh16a1,0.0405265051681014,0.0030123556448794996,0.026179490709835558,0.8214223416271917,0.4159928153506138,0.2497313579864211,0.8834881777717289,0.6652809835373789,0.4212518070024878
Aldh1b1,0.08868231969580384,0.032617522508641625,0.02288238798538768,1.0574918207099695e-05,0.3127129803167967,0.4452124852431979,4.8847718208291635e-05,0.5650707351579422,0.6152254844673986
Alkbh4,0.008784881371602502,0.01008176972183416,0.033348989941225524,0.20503511313593992,0.6619912066128458,0.7117540995972974,0.3429544158568779,0.8314750424812187,0.8246652565932142
Alox8,0.010742010820441562,0.00593353253638138,0.006278881777266559,0.2648336384918708,0.20644393936785072,0.17241730330193586,0.41186502307264183,0.4392487324655256,0.3192302431700083
Alyref2,-0.006468097779929939,-0.00494373128519026,-0.0072828194486964,0.25544623063972527,0.3506035509820587,0.8955670342662372,0.40219807194403695,0.6060619003964955,0.9486074508742603
Amacr,0.0191662613521618,0.0081420106274694,-0.00808290454198136,0.7329430964563647,0.5518552873868577,0.09526302499738273,0.8164345786267394,0.7702939327484486,0.19732642063036532
Amotl2,0.10588710263923203,0.14454187900105636,0.17551178012247795,1.7116622702523347e-07,1.3908056100952265e-19,1.039362825368177e-31,9.551075468008028e-07,2.8957818299743893e-18,1.9332148551848093e-30
Ampd2,0.048671874082330514,0.04069657730817082,0.03603708908845434,0.03166686511138757,0.4572554755471826,0.024391370362798714,0.0768265684006707,0.704830263412508,0.06468814003061636
Ampd3,0.019858164466537757,-0.003962655300643021,0.03158070233444802,0.3270471589939828,0.19463917076293533,0.003312344663115812,0.4822735589816131,0.4269208226639855,0.010872284247168372
Ankrd24,0.02585981084700652,0.005531508287782562,0.01016745173323176,0.4558182004019933,0.6471578259099481,0.00919177935260332,0.6044357315216546,0.8279644761859584,0.02699480462501396
Ankrd33b,-0.0038973212697032203,-0.015754658521942837,0.005158724162908838,0.9984326259765406,0.038026967887537906,0.011560092958065704,0.9984326259765406,0.13121555542942137,0.03304575753381487
Ankrd35,0.07518887173724942,0.006581288031470621,0.02332413231087848,0.0021814445255402,0.9772452787883307,0.813647489154844,0.007404173024643745,0.9885838752064694,0.8986842813705521
Ankrd37,0.0450750578250726,0.015498278623802703,0.01978643610699654,0.02466260829844662,0.5426744308602292,0.051609285547535175,0.06301160911416306,0.7623674028701105,0.11979193567189945
Ankrd39,0.03161980854661546,0.02611659825553826,0.010838766227575021,0.48773330421770156,0.771665522611405,0.6081749575437609,0.6282437298095047,0.8980522239829958,0.753724000831484
Anks1b,0.01864892139062126,0.04532004506126172,0.05311799020324574,0.1335768092103919,0.0035458417656199065,0.004512875164464343,0.24486156221878672,0.01838828722319617,0.014021070945273403
Ano3,0.028886532664508257,0.01587730114024446,0.0379856532093119,0.39692836775474066,0.7012134076539507,0.4560000175204274,0.5509602716595654,0.8542429168551936,0.6218182057096737
Anp32a,0.04002346831016336,0.04569484559596422,0.001991469153562761,0.0746212334242044,0.2508361788911587,0.12793778417432006,0.15560032978589708,0.4949313572180572,0.2527949134889185
Anp32b,0.13947201090824643,0.029061418966523377,-0.025943328933533617,7.919832462990719e-13,0.22637979005047748,0.1860779232063298,5.93987434724304e-12,0.46357236229854787,0.33997531428872335
Anxa1,0.01161553773727954,0.0737944114678871,0.13476832974864378,0.01872514511084883,0.0038837976734082597,1.7494936918953285e-27,0.05042492335534927,0.019845779320163084,2.624240537842993e-26
Anxa2,0.06924955289123852,0.053348841969535675,0.09406337840168957,7.950045918268983e-05,0.49176359172149275,1.8223443504667598e-16,0.0003360701229086434,0.73239075965333,1.5988492886170628e-15
Anxa3,0.06417138630014821,0.16131172719039075,0.20419492153735627,0.0809270061428932,1.286990758570149e-27,1.3060969326147492e-42,0.16553251256500884,4.378907580988678e-26,3.795844210411615e-41
Anxa5,0.0418047947534793,0.037803075620429574,0.12984695870376298,0.005463396899910397,0.16622841554482484,2.1758686583838133e-26,0.0165683449464674,0.3839215888825011,3.129213173655072e-25
Anxa8,0.03235167561286102,-0.004028700258059799,0.07818517007875823,0.004220932354136332,0.11897472540666258,7.859863889670456e-12,0.013351928875329216,0.3090684207491514,5.4279753099456854e-11
Ap1m1,0.05559137355202828,0.0496781794636769,0.0294750251907532,0.1810118800078992,0.001688080733614149,0.4853048089209254,0.31406912016295946,0.009457319772657583,0.6453767478023746
Ap1s2,0.029710852836054534,-0.011312269148014762,0.01470378161328698,0.09159276982760695,0.18961324214686,0.4203919341249057,0.18299430289127172,0.4205253939505083,0.5897188312133744
Ap2m1,0.03171795470072972,-0.017751969984622418,0.0353956300852169,0.1309148405184893,0.4000437143509958,0.18356308068742794,0.24188900996462595,0.6534671914749873,0.3364921124296478
Apln,0.025918280832461123,0.01800760176588604,0.0302688766231834,0.5890351565164325,0.05105098947634037,0.9446415794686455,0.7151471221413606,0.1629659732711552,0.9746856533718642
Arfgap2,0.030518166613313517,0.02340850162169466,0.03893158529639652,0.5122244078328908,0.14082018474512983,0.28037801587383376,0.6489746486672486,0.34164201342514106,0.4570429652505358
Arhgap11a,0.4980819843897307,0.14897195125556112,0.1631174586979851,4.018120917232245e-290,1.4317397814008049e-15,8.915240265538667e-23,1.751649587355932e-288,2.4657740679680526e-14,1.1204288441825622e-21
Arhgap19,0.2459103185984933,0.06635848182556094,0.04983799305210154,2.8484413499048702e-58,0.0002346203807027475,0.001656813412371519,4.319104003388363e-57,0.0015569128570557171,0.005893649794166851
Arhgap24,0.2592362536921519,0.10582823014376805,0.22242742039613242,4.297734792874024e-77,2.3897749628900723e-07,8.025589815781423e-54,7.311390287877151e-76,2.2678476688650686e-06,4.146554738153735e-52
Arhgap4,0.01609774050817034,0.01834005325279974,0.01727753126554788,0.4627316705932505,0.9421184747396237,0.523889274371234,0.6112790534825611,0.9785966286387008,0.6842935746702916
Arhgef10l,0.02928890775383088,0.0021429953873678374,0.00978186506578614,0.2071026647505366,0.7017651489003957,0.9352662692571243,0.344759209220762,0.8542429168551936,0.9714791106579959
Arhgef25,0.0780777702128372,0.013275468053318643,0.038274485149209635,0.00024772230351654845,0.028888513625012456,0.0020406361214799994,0.0009817403789931394,0.10594203313188372,0.007063740420507691
Arhgef39,0.1254049310692373,0.02307525462315552,0.04090141367844918,1.9421388073396226e-12,0.19087026741250596,0.4258778370989369,1.3893762237121916e-11,0.4226413064134061,0.5935060766763406
Arhgef9,0.028334655844436802,0.02972141582048606,0.00905954098290616,0.11291378301895427,0.28027939461037293,0.5904374522982881,0.21401457515141467,0.5311221131957393,0.7413683581963204
Arl3,0.03763086717630439,0.0145016743391154,0.042145758950573466,0.24093168949528196,0.09100239485386342,0.05755775609211531,0.3849939368223577,0.25529742588631293,0.1316279831942637
Arl8b,0.014632232312614162,0.029972213774808798,0.0121543490512291,0.8319930949539807,0.3183264764169568,0.20260213703371854,0.8904826004544155,0.5700454872935234,0.3627642243143949
Armc3,0.09210675693327014,0.0064888813776775205,0.0035809352010170202,1.606232327967736e-05,0.8088533516697809,0.4492642763684891,7.228045475854813e-05,0.9184702369837578,0.6174436013752983
Armcx4,0.018635521372628038,0.005712405088803501,0.0359531885222319,0.6564399752519885,0.46962365576935405,0.3773611755809588,0.7620454927562121,0.7159836063368841,0.5476619871151105
Arrb1,0.0586085565240817,0.03256397271666548,0.045740855445611295,0.004479183463475237,0.771874277100797,0.2574154747564564,0.014010002088672546,0.8980522239829958,0.43056904950270575
As3mt,-0.024478144766032738,0.016396673596098782,-0.0017344649611662991,0.8166637135148789,0.22510717795594043,0.6659667218850819,0.8792556958048919,0.46248087370918545,0.7899860348891915
Asb13,-0.0015769641681572404,-0.02173103023307586,-0.02865300496647096,0.8899230260179789,0.30983497192531856,0.6455113174705823,0.927583896352744,0.564255595085926,0.7733828971117077
Asgr1,0.01720404803288928,-0.00661453500050536,0.013630507689048901,0.2719315333460116,0.9034894006018409,0.6362601649810988,0.41916518123501234,0.9599144812182544,0.7684700693927556
Aspm,0.5420372352897631,0.10622471343475388,0.11810308070257747,0.0,3.722948009991312e-10,1.082609173431559e-13,0.0,4.292159069370149e-09,8.298020862291346e-13
Atad2,0.3509736660850026,0.1453513686712964,0.1482068147930286,4.023686800870418e-152,2.318482494672632e-31,1.0636491057346621e-34,1.0023291227168274e-150,9.240808800195204e-30,2.2481674280300815e-33
Atad5,0.2638840548480284,0.11181698040011741,0.1245745915888837,2.1425063300219306e-82,3.045728092480285e-12,7.161637338424479e-19,3.6898720128155467e-81,4.085375662509613e-11,7.187398623814495e-18
Atf5,0.05468389403611577,0.06866254485252857,0.06137685459780608,0.05841335976255203,0.0036451442646482373,0.0021495147016838243,0.1287308639316905,0.018833245367349226,0.00736963616920185
Atg10,0.08719710649394369,-0.0234591421739433,0.017736703383206504,2.9257351207233426e-06,0.9175068016098191,0.29530844476762474,1.4576430333603796e-05,0.9655225711666031,0.47209946373494693
Atg4a,0.03652657308126765,0.05801981129539392,0.11473851716598249,0.07967880259709213,0.00027637086654659155,4.141231658884482e-08,0.16368049408980961,0.001801576443142501,2.310807265657541e-07
Atg4c,0.05049332140938904,0.0012247138326642603,0.029189559542358003,0.030810280050782166,0.9785892997701532,0.7792988844690336,0.07553662683803361,0.9892261399850462,0.8760047895522175
Atpaf1,0.01245802103833808,0.023516097916316158,0.0490908800059396,0.057492521133534084,0.7924556382385906,0.0009809127220611858,0.1277102977408918,0.910053656932392,0.0036587519980624448
Aurka,0.4658313039411281,0.1742131483204654,0.17547705579593842,1.205066642921642e-263,5.882702960125536e-27,6.093130757950054e-27,4.5434269375018666e-262,1.9084582859011913e-25,8.947281481410868e-26
B230206L02Rik,-0.0044380366692027984,-0.0156981815802254,0.027300929708590584,0.251426441971112,0.6535112248939396,0.22594916813086846,0.39686364551871756,0.8302185198790412,0.39009788309722954
B230217C12Rik,0.036140612551748656,-0.00205522988260374,0.02366159377671596,0.1588820114903948,0.6846093844209015,0.1384021826899902,0.2816269453991115,0.8459079639213086,0.26778230908812245
B230312C02Rik,0.0372981196731643,-0.00992520447951932,-0.0025243674507061803,0.766674320222074,0.6886708640569454,0.41248136890748716,0.8421343911100734,0.8501733233269371,0.5835816527646497
B230377A18Rik,0.040691139266598106,0.01227972294601328,0.0217629974765619,0.07612273878492619,0.9838161256068855,0.7596567990080499,0.1582581529135202,0.9904050457277018,0.8601633397859008
B4galnt2,0.10167583497802975,0.047380870206642556,0.07029991299758358,3.0037797555803146e-05,0.0037445108575229233,0.0005793396594547678,0.00013260356832387783,0.019275249617138297,0.0022574827512273775
BC055324,0.1732132354990572,0.09985107258085003,0.08120902242663604,6.32365597072676e-25,6.730367851809041e-07,1.0103026074097193e-06,6.5344445030843186e-24,6.1365118648847135e-06,5.124989590314758e-06
BC065403,-0.0181161530100239,0.0183337771311784,0.025967139151722017,0.6693089894353557,0.47252719036007285,0.29341445995099175,0.7718903887250126,0.7183701200578544,0.4707121644811659
Bag6,0.0239325099453956,0.02971462065366708,0.04091121573819782,0.0949964887450045,0.10410542839692853,0.03523583161915071,0.18850654594492358,0.27976558424323356,0.08953367050767803
Bambi,0.0621048931213415,0.01359145804226736,0.021557270583843942,0.0001557036749464351,0.7166881366062787,0.06945108490921513,0.0006277648166192975,0.863367832958341,0.15305570844921818
Bap1,0.0558492516162483,0.00878646165530656,0.0182488675746981,0.07779853386243635,0.6717142855745354,0.4792163710817192,0.1607836366490351,0.8382820653484219,0.641561264547983
Bbc3,0.011808592892899043,-0.03575201901998446,0.046147571313739824,0.14189567584708074,0.8285311084324416,0.24278158522700405,0.2577401924566115,0.9268651934749447,0.4130247699898423
Bbs7,0.007380097016645419,-0.0015979593309718195,0.00775051891083646,0.6962728966037157,0.9957949600281175,0.28665995209853967,0.7922425813580891,0.9972246728206919,0.46283638099243385
Bgn,0.019969680604738436,0.01751755881717738,0.0373682467455348,0.4094201041980112,0.12842151058831067,0.0008814863599020439,0.5588464240276181,0.3234262970058837,0.0033144837521923215
Bhlhb9,0.09622387851242684,0.00797382813553516,0.0276175036868191,5.005933845088832e-05,0.8233270905837838,0.24381265957268855,0.00021620054841792324,0.9264969428096956,0.4137696594937963
Bicral,0.04485343856119178,0.02400382592431352,0.012287845972785259,0.23708975302451624,0.9223631537960719,0.4251790262436122,0.3807080868140755,0.9681689989055834,0.5931247416098391
Birc5,0.6302825780250194,0.20170712772601332,0.19836375727563688,0.0,1.9540166071642111e-53,6.953738526557196e-56,0.0,1.7036582293712966e-51,3.730948170979726e-54
Bloc1s5,0.00855078174496712,-0.00388469843084874,0.03093842189391576,0.8277013586810433,0.590983339057757,0.9173471553283438,0.8875117345541468,0.7969097354443486,0.964474248487216
Blvrb,0.0017168524451923392,0.03968023711290044,0.10074465058438498,0.026461172582764265,0.0015058637110288043,2.4781503660009867e-12,0.06687198505970317,0.008574203579123193,1.7912019484825784e-11
Bnip1,0.027739721724909037,0.01013329636332776,0.04658779170473764,0.34929514048868826,0.51756751799993,0.08271399845660278,0.5075695010226251,0.7466460058013468,0.17806485778851985
Bnip3,0.054693711501156914,0.040839831537731644,0.03717420678072986,0.217457397692604,0.0026204782396026358,0.541492054787803,0.3573063248306037,0.014020836918561859,0.7033346521685151
Bola1,0.05614681966931556,0.03933243521321436,0.03500407659332009,0.056471116135877304,0.08830275418754516,0.08359137153239461,0.12584218372132402,0.2498627628633377,0.17939994351952382
Bpifc,0.04562559692056834,0.00929422534472028,0.02514770936705868,0.009447829449709467,0.9512316374203292,0.7158574482060712,0.027343821747603126,0.9805803642232243,0.8260464255862011
Brap,0.0281498764419092,0.01807552854499282,0.0532137561082065,0.23114143577957258,0.1599797598671545,0.1001138505274069,0.3744974482142901,0.3739481852377834,0.20652601877942323
Btg2,0.09784356609876368,0.0246394827691868,0.03222992818418786,1.4317162580464948e-07,0.02388900988039797,0.026355467787833008,8.053403951511533e-07,0.08982525278478481,0.06910879241358467
Btk,0.02241691959189568,0.012289761881508321,0.00354664567835434,0.32940912685834994,0.1427391856681305,0.3327767452781501,0.4847317847757365,0.3453126573623038,0.5090170610340125
Bub1,0.4538405097459822,0.1264884415188054,0.12493063470154293,2.265945087669294e-232,2.3628624386087005e-19,5.452451741091506e-18,7.709739993411379e-231,4.847342796851672e-18,5.1393041748801696e-17
C130013H08Rik,0.04452603622130904,-0.00033156195204262146,0.001639532297472559,0.027848169077748605,0.7548410581900107,0.6321927844898365,0.06974541447658761,0.8854167803464046,0.7655459499681614
C130026I21Rik,0.07735538438503572,0.04298116437462146,0.008661792671657979,0.006927663184648114,0.654237757630217,0.9406951708919311,0.02058154990337817,0.8302185198790412,0.9734938897583412
C1galt1c1,0.06598870830705275,0.03660390910810156,0.06425815177758235,0.00864210999727665,0.21211442630131383,0.0032130881304152396,0.025116132179585263,0.4449618416395982,0.010571363070587876
C230038L03Rik,0.05168118892840532,-0.017034126663468617,0.0004472666447213593,0.4636507107452169,0.6521433053904422,0.050947570100879545,0.6119136627148322,0.8302102703106782,0.11904834219552254
C230062I16Rik,-0.06837305508875732,-0.01785380264811918,-0.03730815772520178,0.08235066750554489,0.1882025748655337,0.2222382165262079,0.16746236322191707,0.41872821680609174,0.38704408496137327
C230088H06Rik,0.00463415470962916,-0.02127934662959014,0.01669505112519782,0.8585776697400609,0.8603477725734614,0.7240825930842468,0.908048407344492,0.9467368886739799,0.8313540883559871
C77080,0.014336138812727522,0.030668505643150924,0.0456274189931207,0.3965786078842546,0.7390933551944013,0.040894143238334284,0.5509602716595654,0.8758527307641097,0.1015077043015593
CT010467.1,0.0602426018670482,-0.00032712553586492014,0.04082884886465058,0.03096983328051213,0.6273581560078998,0.039511842032178536,0.07579459197599021,0.8194425352350376,0.0991349274008796
CT030159.3,0.03534507231033286,0.0339976343102828,0.04015528857724486,0.04455927867261029,0.45016099159138145,0.34797830224204696,0.1032561357945039,0.6969751201664562,0.5225293128392416
Cad,0.04035437726276614,0.004565662234461342,0.008656107467554661,0.04290048563870138,0.8978740504050259,0.23081245220966776,0.10007721984279,0.9594543004654597,0.39751033436109445
Cald1,0.025274050115276718,0.13212040174965406,0.15801137597116413,0.7752082125546171,1.9293406916070293e-10,1.2942300191387965e-26,0.8493008268333844,2.2808731057557675e-09,1.8806779965610635e-25
Caln1,0.07681010138314123,0.03724676146793886,0.02635667287786418,0.0030353405774599883,0.37496581871927764,0.3115141575093934,0.009857409794534328,0.6286986984535965,0.48937190284414833
Camk1d,0.05147503025852066,0.014682575482443842,0.055079310545816385,0.06583705576702223,0.3748550750461281,0.023785447343584905,0.14129645045384,0.6286986984535965,0.06332194474103234
Camta2,0.03415734544368326,-0.017928651861645502,-0.0007479586963393986,0.023679536272517634,0.6699615858000981,0.44951534686747174,0.06139954107836822,0.8382030602611094,0.6174436013752983
Caprin2,0.05968630330037809,-0.01975871244444528,0.01217652171258688,0.10213851189521396,0.9904996446151562,0.3708068362430752,0.19844460180198256,0.9933479541611379,0.5416497765016648
Car12,0.01825596192644964,0.02297001394093408,0.027747095053978422,0.5013980875494025,0.2266353771237345,0.4902675331309969,0.6399362599555504,0.46357236229854787,0.6494997233786711
Casp2,0.0033746285851648794,0.03136028860136922,0.0437468625936996,0.07375909157647274,0.7833187805001389,0.2250303665975193,0.1540328334568555,0.9053153636570285,0.389052007003048
Catsperd,0.07648102375089244,0.067223186483849,0.124795505074957,0.05772259306103291,0.0004925593748756021,2.229046652443198e-08,0.12781431320657288,0.0030403554334135618,1.2849256529579592e-07
Cavin2,0.05040668299171014,0.14616132411169355,0.1508246431662607,0.004208327392305175,3.077104403951641e-22,1.1000403137462031e-24,0.013342310709694816,7.804655715477345e-21,1.5193626115603497e-23
Cbx2,0.0699732327555556,-0.00415570752280158,0.00416002383095226,0.010105803360367753,0.7839576769159071,0.6094628479841677,0.029127263817588876,0.9053153636570285,0.753724000831484
Ccdc122,0.04527511314086038,0.006826764936554741,0.0110981515402131,0.026402216077753206,0.6584265706766181,0.6838076051339894,0.06684408607707028,0.8314750424812187,0.8043099571348358
Ccdc130,0.015317457680282979,0.0010770390566989193,-0.00872844602712004,0.49303809185326897,0.5402753038043311,0.9828417056859162,0.6315777209690635,0.7611294953205057,0.9892237946838768
Ccdc141,0.0432284086291984,0.01618376452533802,0.016245324958715078,0.4046098038414153,0.42480319294390945,0.7660841542368297,0.5566377478883376,0.673409606996311,0.8653339232067834
Ccdc181,0.00237776121990558,-0.002767622116509961,0.022751372496816143,0.9435529385200773,0.5801714360278661,0.13385977449419792,0.9664143533300351,0.7890976722560806,0.260438473388293
Ccdc28a,0.02626251231802264,0.0027063944114218007,0.0040125860489865816,0.3807471947139314,0.8726725700301629,0.40446165511201326,0.5328326814358023,0.9467368886739799,0.5762054806910692
Ccdc34os,0.03816813263771318,0.0185351179756092,0.012231548647311243,0.3310540727229726,0.7148599448645114,0.47652405887162963,0.4866390215474676,0.8624412592384305,0.6391837135826186
Ccdc51,0.03688246990484182,0.03626545547393314,0.01616354732544158,0.10035833774430913,0.04830271698338719,0.017018699985059373,0.19591095530924973,0.1556172983644922,0.04738739816199167
Ccdc73,0.00782203829734044,-0.03690856472430064,0.025772469564606097,0.3161569251422997,0.026822164859913268,0.9400073842444586,0.46820790294394043,0.09898656079253705,0.9734938897583412
Ccdc74a,0.037786273980039795,0.007031622145405,0.024772726275628962,0.0010875464087574034,0.5704079831714832,0.0593088721319905,0.003850576751818725,0.7831881265002156,0.13463885236952733
Ccdc77,0.23404896035275807,0.1189340914220635,0.11223618035341285,4.6144358576330785e-59,7.484628668348861e-10,2.646055822897489e-10,7.152375579331273e-58,8.558243436349722e-09,1.7010358861483857e-09
Ccdc90b,0.0162925108096103,0.017685699985736363,0.009877830110853341,0.27300385808192473,0.523441261359386,0.9797343484236808,0.41942773350692186,0.7496925663206812,0.987509606876499
Ccl2,0.05977491567092358,0.00887572718210928,0.044294123073835054,9.796916048532696e-06,0.2567676527486127,0.5480010310713099,4.570801969131475e-05,0.5012003224052854,0.7074438221019722
Ccl7,0.10677709876865167,0.019473831529451202,0.0387862127408549,1.1631530724120999e-07,0.8067717975285127,0.6770246545012512,6.622851167407672e-07,0.9184702369837578,0.7990265592464005
Ccl8,0.058818851306518184,0.03498664816199262,0.0429084941637749,0.052012688152972844,0.5978908794962279,0.0007650949163582351,0.11701257221352412,0.8014578094111696,0.002924129885807501
Ccna2,0.47226452445238937,0.1985760782489598,0.18244893126922976,1.8645626585947843e-281,2.73457223957933e-40,2.2945072630184783e-38,7.882014874968861e-280,1.5258913096852662e-38,5.715781485554959e-37
Ccnb1,0.41934637993873497,0.1859879398540783,0.19379145377675963,5.510296909843059e-246,6.466742527197039e-32,1.7375475905483797e-38,1.921716047307767e-244,2.7336684319514754e-30,4.407052525118164e-37
Ccnb2,0.17951964795219558,0.006533643230121319,-0.01026206966621906,2.3667633916364364e-27,0.7532726968040104,0.609358283111144,2.5794022901037725e-26,0.8845247576107699,0.753724000831484
Ccne2,0.4159802734744118,0.12412711988139054,0.15804073245721034,2.4060998701020383e-194,2.3532720455489354e-13,3.476842022903668e-18,6.850019017943558e-193,3.492355854830601e-12,3.3220511109250803e-17
Ccnf,0.3991579488066529,0.2073633743015686,0.1740071276944481,1.0510542365931396e-217,1.4015273359913928e-45,6.718567471831604e-37,3.3323196819259764e-216,8.886957425945422e-44,1.5364592824926374e-35
Ccng1,0.0949037820277167,-0.00046673687799936027,0.060053676373950225,1.4468649591411743e-12,0.1537061322881977,0.05517694266973309,1.0623034831589147e-11,0.3621960380777632,0.12735995550934173
Ccsap,0.18189272696751196,0.07217196949016648,0.06464239386368807,9.465104895646178e-28,7.994518108141415e-06,1.013152433642175e-05,1.0563057063541135e-26,6.521843719799575e-05,4.8736125687270144e-05
Ccser1,0.04372435993293944,0.02691649870099202,0.04309175615283032,0.22819994121953904,0.5019548836030181,0.12393425910880353,0.37240293089933735,0.7386361420107703,0.24592929083468124
Cd180,0.022207155820720824,0.012867535726993501,0.0146725269973077,0.06768675835503347,0.9635887149143509,0.9644095094384333,0.14459881761909907,0.9833257185848716,0.9841633252864773
Cd59a,0.03308234008465946,-0.03606190576038934,0.012141615897226721,0.9204412952485924,0.07508181143217657,0.3673481906436156,0.9504186579361854,0.22050342515344487,0.538854601417291
Cd63,0.10147509160362582,0.09208794497953357,0.13227131609046264,3.924501345011379e-12,6.361149256835975e-13,4.741098080324596e-21,2.7237210827317782e-11,8.785943775530877e-12,5.291065457642249e-20
Cd82,-0.01213501091421452,-0.02110167079608276,0.0036047398601297596,0.9042929809038763,0.04045240017051908,0.9255028904162603,0.936517229666598,0.13630700057457515,0.9670985259405865
Cd9,0.01779819279104434,0.04476599654000682,0.007563420248697479,0.3659155174613257,0.03294586456532124,0.6040950680613016,0.5208695376107647,0.11814776624324713,0.7519894131610789
Cdc20,0.417193730261297,0.10009143569237364,0.1437595563122139,6.801214238756034e-212,1.6220065035299406e-08,6.250316746789157e-19,2.0625421441444927e-210,1.7012774980633586e-07,6.318254972297735e-18
Cdc6,0.28324365001218416,0.030863938948017255,0.11346147458836334,1.7237403792576545e-90,0.0018591967786495585,3.583236312352843e-08,3.163970827716353e-89,0.010374318024864536,2.0155704256984743e-07
Cdca8,0.5596971685850712,0.20541264293771627,0.19060277066268316,0.0,9.290517780546707e-52,3.5049631064246704e-47,0.0,6.821195949401398e-50,1.2223558833656038e-45
Cdh12,-0.01875456108711682,-0.03158436687018684,-0.013452435848545718,0.746398165800105,0.5803686105625367,0.5461586286929024,0.8255090583493071,0.7890976722560806,0.70676371709332
Cdh19,0.038771193149436625,0.012530695641441958,0.04291113749725918,0.003038484739533879,0.0038195492661423584,0.7463185357564638,0.009857409794534328,0.019589232449516873,0.8506362059181619
Cdh23,0.025021772474833857,0.05149186292064954,0.03848215532320362,0.4729286513552087,0.015480005703034372,0.024654478513877264,0.617729839551045,0.06446151628577,0.065138252891778
Cdk1,0.5201538901389918,0.29531893274033216,0.3007941685003118,0.0,4.169751716823908e-131,2.3501012636185517e-131,0.0,1.9389345483231174e-128,1.0927970875826265e-128
Cdk4,0.09036636522910653,0.06689078326702284,0.06281407825441172,0.0001838624576707964,2.2723309464555106e-05,6.254390036074698e-05,0.0007349230041569084,0.0001741704214453537,0.00027964340065141677
Cdk5,-0.04234219259068312,-0.01142398986179006,-0.02137126015094446,0.18501043613997686,0.28970548935040913,0.23549736610545205,0.3194177703159254,0.538852210191761,0.40408219645400445
Cdk8,0.07233073163362856,0.06210381598822033,0.06666865165398853,0.016868993982541998,0.0221365454006584,0.0017580275120097587,0.04596141915165251,0.0857791134275513,0.006208730074059781
Cdkal1,0.12849375936859253,0.04213071961513272,0.07755804063277097,2.9757095529434373e-22,0.002994836785493113,1.9398480917328117e-10,2.9864135441410757e-21,0.015765272889671295,1.2586456223103592e-09
Cdkn1a,0.11056768021054175,0.08493807724952553,0.1476043449744274,7.77750912053916e-07,8.266524179583165e-11,3.843072222472218e-28,4.094198197415897e-06,9.941207957343548e-10,5.956761944831938e-27
Cdpf1,0.028743985551123376,0.019048291639008598,0.003288182632525119,0.04439179394014228,0.40404169691092334,0.9780304961099683,0.103039188929282,0.656105888647909,0.987509606876499
Cebpzos,0.06293633773476583,0.04443325806617882,0.05544050125324982,0.0019235584965679468,0.0053679083145347665,0.03812454689297015,0.006560792427169403,0.026602336621582942,0.095999535948905
Cenpa,0.5759068752614346,0.08921353873583841,0.05883307607696601,0.0,9.69375388936292e-08,0.0022298866090423764,0.0,9.59062884798672e-07,0.007624244655916948
Cenpe,0.6706451895706761,0.1992520582157776,0.2136951848998426,0.0,6.12842177684028e-36,4.556592527392252e-49,0.0,2.947982199549031e-34,1.6727490988716291e-47
Cenpf,0.7144245058655632,0.23774749080780594,0.263227809975948,0.0,6.618475853102982e-58,2.2202335973745475e-74,0.0,6.5948384393419e-56,2.382481437182687e-72
Cenps,0.1082416240485341,0.06217734439914385,0.07234722309821007,3.446528464518551e-10,8.462044764767888e-05,0.0004079651435895544,2.2894796228587517e-09,0.0006116348418057618,0.0016362593215009165
Cep170b,0.01514611836982958,0.028122526607645155,0.014911698892979058,0.2821089810144717,0.14829349132803774,0.11438352109389392,0.4310427475522322,0.3548360555790954,0.23018871526870618
Cep55,0.5046861843765303,0.1908639367057638,0.18830720680524743,0.0,7.995333819767172e-31,2.7810847579733877e-33,0.0,3.098191855159779e-29,5.622627880250545e-32
Cep78,0.03602138275542972,0.030267276142020183,0.03804162180652374,0.1279963842971848,0.7223580905368204,0.004687290416932376,0.2371247756900037,0.8664570389500125,0.014498381666564667
Cep95,0.052731681403372956,0.03886555988230636,0.01204810789823844,0.0024317491915121945,0.5555387016300523,0.01701662311966195,0.00815454356288344,0.7742022864874354,0.04738739816199167
Cfap65,0.030905745823506144,0.030373867475835405,0.009649151822812499,0.46526957881096387,0.09113843590780205,0.35850940459911845,0.6126009915968819,0.25529742588631293,0.5309136087216244
Cfap69,0.11629549378251558,0.02804088696139026,0.09751106901763833,1.7945215001629388e-14,0.01604281903365683,3.1602667977274194e-12,1.4223622117768747e-13,0.06621222648506295,2.249271521851913e-11
Cfap97,0.04049934021174702,0.015422302862017057,0.031792084146077995,0.0032012396341595892,0.4427499448275718,0.4344297975164598,0.010313462562708145,0.6885576065044177,0.6030144950601606
Cgnl1,-0.01930752765026922,-0.0012833833224581205,0.042313592334375476,0.9421401642595186,0.000652244442270061,0.004587939497138,0.9658069303077044,0.003938878774747771,0.0142226124411278
Cgref1,0.021400507476254958,0.0007581918707055991,0.0218633627430044,0.6393770843079041,0.9661814315721573,0.8021072605804618,0.7528907215565512,0.9843747435616632,0.8907344102828259
Chac1,0.09396162397573143,-0.01200735902176622,0.01712397728774418,1.4191023895811141e-07,0.2938549589297392,0.4287701349395477,8.01476855654111e-07,0.5435745188819366,0.5957513329090329
Chac2,0.08778702531282526,0.00826264458749314,0.03142441819991334,1.691595503490197e-05,0.038396833608559784,0.07740923815230699,7.587703303436736e-05,0.13160585475169753,0.1689919987832054
Chchd5,0.05202195981807876,0.01080317874213152,-0.0088220956323312,0.19191618323430185,0.17383793253109234,0.8415009540599758,0.3256971722771911,0.3968967526691879,0.9149601176256167
Chchd6,0.09406971071328432,0.02796115398819124,0.015000794309861001,9.91185456406513e-05,0.2949719790635312,0.07972818227730036,0.0004139831472117023,0.5435745188819366,0.17297171738232348
Chd2,0.038016397777070624,0.03129291086677352,0.07899554332161259,0.1427751576449398,0.16115214480235107,1.1892825311260396e-05,0.25866408430479354,0.3753042437383635,5.6430242548327384e-05
Chst12,0.04554617845246106,0.02074266949889534,0.034544514670773144,0.18555327916354813,0.5924351412324775,0.4609620370423563,0.3195639807816662,0.797728785732921,0.626136359955294
Chst3,-0.0006388812699454195,0.0281474091044079,-0.0033248326909032207,0.9000258189791451,0.294796926812348,0.08540259210802519,0.9341785844314787,0.5435745188819366,0.1824450474589512
Cited2,0.18829728814648078,0.026629384350055317,0.08985261768389025,4.4992005853053884e-37,2.366415046784595e-05,2.6636089297408912e-14,5.654400735586501e-36,0.0001794102712100277,2.0874912679710915e-13
Ckap2,0.4453996662668661,0.1280034621111923,0.12000101588337386,1.2139197960115806e-228,2.620513776484631e-15,9.236926809684747e-17,4.031947893895607e-227,4.351924664519119e-14,8.155387911082419e-16
Ckap2l,0.5279094776186647,0.16566503544412253,0.16279667969821124,0.0,6.17563060190934e-27,4.3690587668842275e-31,0.0,1.9579556112871655e-25,7.915372701043504e-30
Cks2,0.4960313307854663,0.19081286315741575,0.2204329927387721,2.6720976457620326e-294,8.134735492799729e-36,1.0280125329331953e-45,1.2853711089096674e-292,3.6606309717598778e-34,3.41447019867097e-44
Clhc1,-0.01484125382436088,0.0011356333794684803,0.004215081339730401,0.5020233426475543,0.8103463754185547,0.6023193230972798,0.640148595057896,0.9184702369837578,0.7517902188502275
Clip3,0.08174465152100281,0.06366411184240417,0.0789293165143135,0.0012725681765742586,2.2270349583017246e-05,0.003066887124061464,0.004438081515802727,0.00017164164457629316,0.010162250684241668
Cluap1,0.02861609748167306,-0.013518497332070922,0.04151723240092054,0.0423949917937823,0.6440656393629999,0.3657474328506488,0.0992298885106146,0.8273228368528611,0.537637164200901
Cmss1,0.04889807612184176,-0.0203449144693631,-0.0002090168994992014,0.005938206087922407,0.24054487588779394,0.04050185396323279,0.017853011837611548,0.4806872308991846,0.10089301121198167
Cmtm3,0.02646988550598504,0.037743190615810794,0.047909600365378405,0.2021797387183675,0.2836733406964073,0.4246335186884464,0.3389912686443782,0.5318875138057637,0.5929567152856684
Cnih2,-0.004178944791455421,0.009905779136596038,0.0269222864662187,0.9237703678617308,0.9476151703636235,0.40898347048642514,0.9517427349830978,0.9790559095631394,0.5805044115274367
Cnn2,0.012228856526451401,0.0448165674785367,0.09627887123087606,0.7358157322419139,0.0003634075366773539,5.334810661498784e-12,0.818228752439304,0.0023200773317037667,3.702517847159604e-11
Cntnap2,0.006000927865944661,-0.01398586615834268,0.03844933427655564,0.2514892205294239,0.8939173474896892,0.10687480136566192,0.39686364551871756,0.9573981090037339,0.2176501429271509
Cntnap5a,0.04120895895632612,0.00412439185311346,0.03866424285242066,0.3632649332926553,0.7213697334404489,0.1435407670272155,0.5181539692671311,0.8660161601974408,0.27695625173300914
Cntnap5b,0.067072961225979,0.0057672582256865996,-0.0040034057228894,0.08404805350463852,0.22639564046882027,0.3113933999467355,0.16992323860720396,0.46357236229854787,0.48937190284414833
Coa4,0.09722560911333664,0.0269332936665288,0.01121616623405922,4.100715650943921e-06,0.08825182509424612,0.6185881454039164,2.0071923975672874e-05,0.2498627628633377,0.7594954959412872
Coasy,0.002019739724547659,-0.0006347314864484817,0.0092330852153831,0.5330933009041066,0.4177921412673997,0.27073951269471197,0.6673638102916601,0.6660800423634544,0.44590510060108995
Cobl,0.10871921439186757,0.07303171765662639,0.07977868582591637,5.533832300334631e-07,0.033445051863273484,0.008712946218318578,2.9577379536271305e-06,0.11963037781863209,0.02580585981858687
Cog2,0.00878962620378718,0.045591555977530084,0.0229442902144408,0.9553997891284299,0.11347820448083627,0.6370757663735077,0.9735447084252445,0.2981207066869428,0.7687895277604181
Cog4,0.1302574257943943,0.032437239748390315,0.05925815746104181,8.465388206771023e-18,0.009262726371806244,1.2233514045791561e-07,7.618849386093921e-17,0.04181716274650392,6.640370464544447e-07
Cog8,0.01665909996294878,-0.0102935637071975,0.013077329114357477,0.9184548380200476,0.8796355320649897,0.7469744460571672,0.9490699992873824,0.9497612749463318,0.8506362059181619
Col11a1,0.18064858816286516,0.031605759852703696,0.07063485042386092,2.1166036283329945e-38,0.5389037566679693,5.9204812854369085e-05,2.733946353263451e-37,0.7609015592629728,0.0002664216578446609
Col13a1,0.0418620042815714,0.07032084456522412,0.053050265346245316,0.0030971613638401375,0.00036422719400940854,0.010405165338020172,0.010024454994331767,0.0023200773317037667,0.03005218560359863
Col3a1,0.1252319011884709,0.028724426859420844,0.09293251278219147,3.2522504187736855e-13,0.11429373187247223,3.0093972099611625e-06,2.4657007251028756e-12,0.2991365027431496,1.4886911730127027e-05
Col4a5,0.1691964338616203,0.02670726188597286,0.1078029032417944,1.3675972535182665e-25,0.2286686394914532,6.928915100281859e-15,1.4237299766104341e-24,0.46704648915165037,5.555078485570801e-14
Col4a6,0.12298176624876542,0.023755016153271878,0.1095592082961843,2.936094740518165e-13,0.20486116629226658,1.438972694047665e-06,2.238170580886798e-12,0.43764368603018666,7.2468119429476276e-06
Col5a2,0.07242409879598057,0.1141426258874143,0.11870628610362219,1.4044211816172813e-05,4.5709691619323956e-15,1.7879056205931107e-23,6.423500158544614e-05,7.501767036347873e-14,2.288191138282009e-22
Commd7,0.0195301367398741,0.04316814040358588,0.02421877722929714,0.8036550902865096,0.014492896402169634,0.10022803922126848,0.8717720458395652,0.06126542570008072,0.20652601877942323
Commd9,0.008549305369962379,0.0180550847103366,0.01573494130608756,0.2155992791682317,0.03573874530785431,0.15117957851888952,0.35528224096481176,0.12432805412582733,0.28693266943381074
Comtd1,-0.01129113575198692,-0.0046369874372965796,-0.014589422426711221,0.4201269186108192,0.19767064216188987,0.4454320711914498,0.5701138632899735,0.42843639941575873,0.6152254844673986
Cope,0.039758596267998575,0.005935452792996881,0.06615120725361759,0.0010493969221173397,0.1284431315707954,1.4168230310811646e-08,0.003724958540340175,0.3234262970058837,8.26974112283776e-08
Coq9,0.013245792888220798,0.0199771279559769,-0.008651661066160901,0.22824695764798095,0.0019505398567153354,0.874143699454702,0.37240293089933735,0.010797631349674179,0.9355558995279729
Cpa6,0.22326685202417096,0.007279207837830382,0.10201724617635129,1.2236841839795063e-56,0.6758015285798982,4.632673204272137e-06,1.8159994006929908e-55,0.8405569027316803,2.2596430489369336e-05
Cped1,0.1380176130049781,0.049620807507285244,0.10680017260851023,4.809069453328835e-16,0.05189622427760784,1.7082078477546236e-10,4.041356558670919e-15,0.16453462015287032,1.1187558439519719e-09
Cphx3,-0.022389564835628057,0.01912559008796294,0.0189530917500865,0.8338390961467276,0.9000674362623184,0.6961410087323978,0.8906627405242611,0.9594543004654597,0.8133305755290577
Cpne4,0.10849107462933168,0.0046802502001838,0.09837347736507789,3.126692543618512e-08,0.015557295241552374,4.8532900675049444e-11,1.8098490034638273e-07,0.06459055613680226,3.2706954802750713e-10
Crim1,0.07826967794957458,0.12444583231900128,0.12784504817901704,1.0004502290564945e-05,1.3785506346685028e-14,3.523651178428104e-23,4.6366381047634875e-05,2.1853160629120014e-13,4.468630358097459e-22
Crlf1,0.0006581498630902412,0.03062958186071682,0.02814795304970466,0.007517008126506748,0.1240828193293026,0.0001935688983503418,0.022216581221349393,0.31644521565699657,0.0008084689017925953
Crtc2,0.011227592041949902,0.04395516008414617,0.0466018830459068,0.8797982572889049,0.5116115526894262,0.35468374174636375,0.9225312822005717,0.7432470618166972,0.5294641671155637
Cry2,0.06241340632317279,-0.006294354800603702,0.02280986375101764,0.032403701036650225,0.013339418147431316,0.4788124066863667,0.07834170354614742,0.05708125250204505,0.641561264547983
Cryab,0.10948386246412023,0.129909490870811,0.21111489923597881,1.1751751274145007e-12,3.982387558018006e-18,1.738091979212305e-51,8.720049482676749e-12,7.715875893659887e-17,7.347388821215653e-50
Cryz,0.05331442970219229,0.08639340282016472,0.08603201145990053,0.11285958348504847,2.0322436385233425e-07,0.0021501375776811133,0.21401457515141467,1.968736024819488e-06,0.00736963616920185
Csf1,0.05531785694113502,0.06623632700077067,0.10235997910173569,0.0009691442507356954,0.0006310990172620149,2.9075904558892817e-10,0.0034665544353238336,0.003827752735132656,1.8605911403511688e-09
Csrp1,0.0036074209526027793,-0.0019207519220932404,0.09421731955576478,0.07552956581459695,0.007733364397583133,6.024079528687001e-22,0.1572593198677056,0.03596014444876157,7.121687239422344e-21
Cst3,0.0917014357388113,0.10384962186413293,0.13063529989409223,3.806431651398486e-12,5.341984229457568e-13,9.83007803133625e-23,2.6549860768504444e-11,7.527341414235664e-12,1.2243713262244704e-21
Ctgf,0.034211888960152204,0.12498803067630504,0.12700492393159565,0.0021964490219148905,7.80423891753486e-15,4.3413940713684857e-16,0.007437005790221535,1.251369343673693e-13,3.648340198529541e-15
Cth,0.00121721279166968,0.03024593241292258,0.04075833957621072,0.6695249966718747,0.5686559910538069,0.3487537781579942,0.7718903887250126,0.7823706892840186,0.522870494437191
Ctss,0.03276765014370308,0.01507737854389668,0.01720179595912818,0.5839658297565211,0.9173023097479894,0.1463968670457469,0.7108484576879118,0.9655225711666031,0.2804791695204619
Cul4b,-0.0073134027704617,0.0028914177186882403,0.00723004136609498,0.25977497670424937,0.9296262134128258,0.2073676794097779,0.4058074944036147,0.9715252386885198,0.36803805696773556
Cx3cr1,0.0561931844403014,0.02490920667617138,-0.01690993005355372,0.029406628073562983,0.40473451457836446,0.08327930182455633,0.07286366991584434,0.656105888647909,0.17900558712674278
Cxcl1,0.12870165469164077,0.0566244040473937,0.033458952779592696,6.979262955513518e-13,0.04017622281231653,0.5617340042765159,5.262741525914247e-12,0.13570419085516117,0.7180362768844648
Cxcl5,0.12690791238317162,0.10114795472982277,0.1032569764511208,1.485853324797382e-10,3.6012410093092056e-12,1.317041016381287e-12,1.0013359362764966e-09,4.7845059123679443e-11,9.772724563041997e-12
Cyb5r3,0.00867480253018844,0.07812222100640058,0.11078433903442,1.2121010524634724e-08,1.6663838819917726e-09,4.2146311669637566e-57,7.256999863461563e-08,1.859684412302818e-08,2.4497543657976836e-55
Cyfip2,0.04246505824278584,0.05258689322098836,0.08538173723909016,0.35654516140867826,0.01961981940180911,0.002978709040197327,0.513292569829831,0.0784230603596668,0.009940906964294907
Cyp4f13,0.008338917680292037,0.006765232467348381,0.010253877864925159,0.6956575962588438,0.9494174223845906,0.9177962831724928,0.79219783410701,0.9796133907000768,0.964474248487216
Cyp51,0.16071362074714965,0.01963776557161786,0.04809898844748938,1.9137248191979902e-21,0.5648331449025494,0.16067938535242174,1.9068900877008544e-20,0.7809129984047136,0.3023559652446784
Cyr61,0.12706492497196198,0.11057551645475597,0.11098342195521715,2.6139583530902887e-18,2.497786262399643e-13,1.2827631289780645e-18,2.3833149689940868e-17,3.667801932681581e-12,1.2513668286184614e-17
Cytip,0.03653366868742588,0.00947406386864976,0.04963743262911362,0.3893534489777732,0.8460518037620048,0.014442006756740254,0.5426054558681255,0.9367002113079339,0.04070020085990435
D1Ertd622e,0.06734599178102754,0.03058031551151048,0.0800386352636697,0.0024930756787440527,0.5614504845658461,3.7429409735433035e-06,0.008300335493670532,0.7801030139137005,1.8385220627087706e-05
Dab1,-0.01345062175176554,-0.00018692114399008005,-0.004573918778011899,0.9594832881705391,0.09217065262433863,0.22506449437380624,0.9762794945280102,0.2576714637494036,0.389052007003048
Dbf4,0.4689222782819746,0.14399005249586969,0.16884949552746134,2.088914242567884e-251,2.7052106937058536e-22,7.1460854737473466e-43,7.471885559954354e-250,6.988460958740122e-21,2.1210189863569254e-41
Dbr1,0.0975693841317843,0.08603180560574446,0.08482645299047244,6.792062336291472e-06,2.947404463664512e-06,1.300576562054039e-05,3.2448379997008914e-05,2.551301568065495e-05,6.150184081577575e-05
Dcaf11,0.010911891668633258,-0.02038383900082266,-0.01641028875836808,0.39503572146628696,0.16833495323337178,0.4193620519444354,0.5499748816821061,0.38814423100917955,0.5891340004657476
Dclk1,0.18488827517840817,0.15606022751818044,0.24027046961856505,6.2474527399501465e-31,1.3101463369412386e-19,2.135190877456225e-61,7.323694598512987e-30,2.7691729394439816e-18,1.5676796179218072e-59
Dctn3,0.045070177220774964,0.042398709385937115,0.03735716817938718,0.7115410377078011,0.11070149622094011,0.5267160082601204,0.8004836674212763,0.2919254957055037,0.6873422184498298
Dctn6,0.0031623430843551402,0.007605618972207957,-0.00866860548466704,0.5859861762169138,0.14282824609179162,0.641820359078445,0.7126858899935439,0.3453126573623038,0.7705158355545877
Dcxr,0.00998665360100882,0.0034222372377238795,0.03960149901782226,0.0183113973742125,0.4188109652544892,0.006559111513428264,0.04950464987795822,0.6662566310744876,0.019635108500498773
Ddit3,0.04497496205224268,0.04376319578235548,0.08863822498492761,0.07846296901942126,0.1035624047302995,0.001199587172981967,0.16191692571315483,0.27943821005564373,0.004380691377774461
Def6,0.00711950660461382,-0.0025463578015312406,0.03304781167870484,0.8872496367535185,0.4819834614035161,0.6208683134206088,0.9264320683167353,0.7245333282951563,0.7595670990138106
Dhcr7,0.02266288224679766,0.01193401814063386,0.0212911855198892,0.08726980877816014,0.612805403427313,0.6903309907213795,0.17592685440105982,0.8091803246294762,0.8099341733022072
Dhodh,0.0229334739659263,0.0076367791794692596,0.01570465062191894,0.03708139866466356,0.955554475245137,0.7860597661284643,0.08797372642381916,0.9814484012788073,0.8820141427335512
Dhx35,0.007897007072611581,-0.0011845609252323613,0.019564381918372422,0.7045192677323762,0.8089546815835476,0.6857276212908664,0.7968988174837051,0.9184702369837578,0.805210464394578
Dhx40,0.07181620273736469,0.03229922994502578,0.08659689493551673,6.730155985399006e-05,0.48361157620503226,0.0002705989171816621,0.00028711215901014106,0.7261982226114316,0.001103758741135727
Dis3l,0.01986803875619732,0.015695113358640336,0.01666828229873542,0.3523690277077026,0.9268625692007114,0.2495860878780104,0.5109368913278048,0.9707006636899342,0.4212518070024878
Dlgap1,0.1639604100181071,0.05993082768527146,0.0774926969583985,9.295231518456047e-19,0.15650616784563892,0.006100571049739925,8.761383762328505e-18,0.3675523638799096,0.018380770225458306
Dlx2,0.007113618460919101,0.012570948881237099,0.02411966662060596,0.26030215827698405,0.8653429674290398,0.33726308223990714,0.40617618657314625,0.9467368886739799,0.513626637254007
Dnah2,0.03295307736153016,0.03734116039455366,0.02656996293365992,0.25805496142840406,0.14971758809838895,0.8290600765403914,0.4045871873941818,0.35724023110771913,0.9078012612039607
Dnah7a,0.03765747096084678,-0.0200068273344404,-0.01615675893369106,0.3281587710915596,0.009779747687330113,0.6224778231014039,0.4834017800134379,0.043726756486620215,0.7597170281946268
Dnajb1,0.0651148547276072,0.01210734216869722,0.010198991882460479,0.003523267190928099,0.30054803507241334,0.00017185149244471233,0.01129875340539011,0.5502158909790245,0.0007242683745026395
Dnajb4,0.110136447119946,0.02335531045022202,0.07700086356965744,1.1854078552825003e-08,0.7953084198019447,6.379837170463266e-05,7.127775681547793e-08,0.9108827960785819,0.0002843409857123405
Dnajc14,-0.02157583627931528,0.02226691902286953,0.035900916790219575,0.890347553560089,0.2573371633060261,0.34292420266169155,0.927583896352744,0.5012003224052854,0.5182873918884721
Dnal1,0.006964569707108019,0.00255155647216132,0.035677242443158216,0.9385138543298105,0.8255942948206086,0.3339155755314816,0.9633751484842425,0.9267776417960677,0.510199592405714
Dnm3,0.02088186915475972,-0.01101336410220786,0.02546659326811394,0.8528829568904064,0.7377675779399381,0.6105754355990789,0.9054579336850205,0.8755354487163339,0.7537408794473894
Dnpep,-0.00450620582183588,-0.004500913486015162,0.025546481425854462,0.6030761280969983,0.1320633847568566,7.48683931611302e-05,0.727131545976934,0.3278085796010943,0.0003246034884095466
Dock3,0.049491131788286916,0.015236242473825563,0.003918771039087681,0.09603634652253096,0.9685038023584508,0.7924046198574949,0.18954391484547356,0.9847130567667499,0.8843235557609642
Dpp7,0.007348330412445941,0.0018848900884653602,-0.00298548374337694,0.30796419963295774,0.7340769620248044,0.8250212949810638,0.4604609415733934,0.8737520153793534,0.906855517691319
Dpy19l3,0.07069067562902702,0.0363820013299554,0.04590313429371986,0.02217063505760467,0.044149387245996125,0.0011343986039325208,0.05791767023475377,0.1452556490758599,0.004175424940595953
Dpyd,0.013446671314385377,-0.017836550990139904,0.020373021222023578,0.40199831199467345,0.5102560290093344,0.9081239415162381,0.5535909627172453,0.7430137374405236,0.9582699685439879
Draxin,0.07479056586120841,0.039974232006051366,0.01191314381424272,0.00053736875934707,0.8658840471673441,0.9964445311586576,0.0020260254575382775,0.9467368886739799,0.997124792069085
Dscaml1,0.08259784020331294,0.05386579673786396,0.05818483361177203,4.524358623697675e-06,0.12671272850114784,0.0022798847718604395,2.2068112867336563e-05,0.32022510191866166,0.0077495672337674236
Dtnbos,-0.00433498710095332,0.0027537024586150203,-0.00803327010611298,0.5407496886623402,0.2926020442354191,0.8754669824360299,0.6741249469919255,0.5435151154572698,0.9358440157074803
Dync2h1,0.0742459567712491,0.0506907218903677,0.08644875907566524,0.0011534828910013672,0.002623253358956735,4.262564789235913e-07,0.004042986514941978,0.014020836918561859,2.1861315738912127e-06
Dynlt1a,0.05552982169232642,0.030102967352927563,0.03586637297883678,2.3993462816765867e-05,0.06826562907364561,0.02357997152110015,0.0001065951612400904,0.20479688722093684,0.06311199412169156
Dysf,0.01018285565215046,0.0280756667596525,0.03588156210826974,0.1553710096845134,0.798947097866348,0.42703461062842524,0.2772097330194644,0.9130826266031401,0.5945242333599333
Dzank1,0.00906534245343836,0.01192444661200886,0.031926207987929424,0.8552036885920069,0.9596491751850538,0.46218183060226137,0.9065419039406153,0.9814593837119868,0.6271825425001504
E230025N22Rik,-0.019786867104190982,0.0033994617636816807,0.01600388487652444,0.06144501643250037,0.008901182716064248,0.70703803767873,0.13393093425521566,0.04057892120558702,0.8212473460131793
E330009J07Rik,0.03668818839445268,0.0369741951915159,0.05051266731006784,0.20161329422108892,0.8188097916137718,0.19075238627292704,0.33885607884146873,0.9241421191757376,0.3473884841393384
Eaf2,0.006353953339585582,-0.0070164760495506195,0.00993435659396576,0.44329773974236764,0.7889549403863738,0.11451682322328464,0.5925150442897481,0.9088291840123794,0.23018871526870618
Ebf1,0.18487059037789638,0.07162069800101087,0.15390952375914582,4.905865223269377e-44,1.088753351996341e-06,1.6320581417391762e-38,6.912810087334123e-43,9.798780167967071e-06,4.216150199492871e-37
Ebpl,0.003444663804859699,0.01644806470106534,-0.013787192546271799,0.06917650011949548,0.44649788546543856,0.7878061805347705,0.14688160984276438,0.6936130848822792,0.8820141427335512
Eci3,0.012569918894200524,0.0281998500329109,-0.008349014153467699,0.10625273158020196,0.36952034401835593,0.36472698960680966,0.20501045719831498,0.6248253089764927,0.5367026904024256
Ecm1,-0.004728303191025419,0.031693990187239715,0.03851062403550189,0.004522827844923324,0.02893470582311663,0.0034205471540966043,0.014114865422076146,0.10594203313188372,0.011174855456591951
Ect2,0.4903537471713054,0.19697603794087198,0.19428515789402645,7.634813867112021e-293,6.387491246760929e-36,5.114466320522463e-40,3.435666240200409e-291,2.9701834297438317e-34,1.398956964142909e-38
Edem2,-0.0236086705603801,-0.00964147955418374,0.0036264928788042813,0.9443747807664449,0.5959148123066174,0.14878837565224887,0.9665464557367502,0.8008681726086042,0.2835516175339988
Edil3,0.07111000691554006,0.06964359363536607,0.12051270722687657,0.002333372082422961,0.00018586261051521528,3.8868756724141104e-10,0.007843503746939833,0.0012525523752112335,2.4534803452568705e-09
Egr1,0.08529623950199097,0.08059977430287968,0.12071064406982257,3.0797000984226553e-07,0.0007283041089213276,1.1505703812901952e-12,1.6781959520701578e-06,0.004360447347404516,8.583131988769103e-12
Eid2,0.07378900629602744,0.01394084208149968,0.002976197362668599,0.0005054933374793797,0.9168281739676712,0.640058234194237,0.0019204135575814946,0.9655225711666031,0.7694110225045148
Eif2b3,0.10844717488732114,0.08381476821148444,0.1116708092692793,9.440004013222558e-07,0.00306784885460658,2.930707520222491e-07,4.877335406831655e-06,0.01608890658712849,1.5312123560713015e-06
Eif4a3,0.1326213669559722,0.09488328315400921,0.08301844982885308,1.9266820224275894e-17,3.1346329818693966e-11,1.9878655213452467e-11,1.7010895071433464e-16,3.835800885708604e-10,1.3593492168022643e-10
Elmo2,0.05058838507449668,-0.00021249640821567882,0.01036967580319156,0.1355290663224828,0.08571224371867854,0.7610359533287414,0.24811423559037205,0.24401751017868686,0.8610260785836125
Elp2,0.02257161151375668,-0.013209688209318882,0.028649611658723,0.09855368460712828,0.020911484106344636,0.21791475440068372,0.19336482422917575,0.08217329669957962,0.38217878229016905
Emid1,0.05626192139110257,-0.00464615823991796,0.013978231099375179,0.19503898662469543,0.9546299742795836,0.4542102629727576,0.3289956304007861,0.9814484012788073,0.6205909077835424
Enah,0.02894628409393666,-0.02070577420611066,0.03838113742708142,0.014318848498740731,0.00518296037121053,0.2971852751610137,0.039554046843056086,0.025914801856052647,0.4732573731159978
Eno1,-0.02051175136017728,-0.0042223814724205,0.06107745586625883,0.026623245590324262,0.0033298147684286757,7.983173863487057e-10,0.06715990524141473,0.017332431350589563,4.884441903317738e-09
Enox2,0.03806243090440506,0.03291407664972634,0.07116795403872794,0.0025203973215880476,0.01719808628822052,0.0005397615420712329,0.008371319675274587,0.07035580754272032,0.002109152244227927
Eps8l2,0.07376484529471336,0.024777736474910824,0.0658149304914952,0.00015344478606066987,0.8100210567059524,0.020591018698630507,0.0006222542923099839,0.9184702369837578,0.05588418498947385
Eral1,0.02817189925387086,0.04447433387240518,0.037118451056413405,0.4416033765782259,0.25760618721475964,0.6806830064409093,0.5917739772590059,0.5012003224052854,0.8019871570819835
Ercc1,0.09738652534514491,0.07305111449902393,0.06713540265646804,4.051436145685002e-06,0.0004016059894469853,0.019427653602169328,1.990054022264288e-05,0.0025236052039574078,0.053546425701371414
Erdr1,0.05546497823662572,0.07778208763938743,0.213772160981738,5.619556341486295e-06,2.425960650130477e-15,4.921848421326233e-68,2.711449302274488e-05,4.077367598713272e-14,4.904270391250068e-66
Ereg,0.050770717386696286,0.06949658660894216,0.06779199114420698,0.005858323037408552,0.0019799542029562953,5.660366101682454e-05,0.017650886905367022,0.010917138787051509,0.00025554079973614966
Etfdh,0.0885413836249604,0.03107908639289856,0.03239865450877342,0.00010748780040327615,0.5986516397178773,0.02366134259902845,0.0004475984524255828,0.8014578094111696,0.06311199412169156
Exoc6,-6.694913884386011e-05,-0.0049946105985953036,0.026383114690979904,0.06817250841074651,0.5094507188185934,0.05835497801923203,0.14541383674769326,0.7426815815743688,0.1329316188761614
Extl3,0.033392498126589884,0.048530024703095344,0.06449092630633396,0.10995128897321153,0.08159971173713654,0.0006439105678961305,0.20979684454509762,0.2356761860730962,0.002481368072417409
F3,0.09117039627476019,0.04794408707571047,0.056553763797842715,7.369266053846703e-06,3.255057187975814e-07,2.7717766576351782e-08,3.5085754761488565e-05,3.0681113359636898e-06,1.5846837858201122e-07
F8a,0.013503703161259359,-0.022095323262207478,0.00804582466663508,0.0023296450564142634,0.14355374010629204,0.026936472070871437,0.007843503746939833,0.3464662066579194,0.07023622156797318
Fads2,-0.0012587691221677987,0.011826618649522879,0.020548022793752778,0.16188594175849658,0.9299174489021351,0.951000965146538,0.28586188449759836,0.9715252386885198,0.9768697188797898
Fam110b,0.04836639684565908,0.01983035186850748,0.03131389251614106,0.04179302935987753,0.8009767753252542,0.6593798241818611,0.09815029622395481,0.9143720143852124,0.7848420262232904
Fam169a,0.011019276294838959,0.00656171778099026,0.0055647694223826625,0.24688024728642133,0.23083480283049082,0.5724292873618707,0.3931483390006367,0.4684788439915159,0.7279296771830535
Fam171a2,0.020405866752718542,0.010388823289193277,0.02127927382004202,0.2874598911484295,0.5014103198961508,0.833042436540426,0.43730266974052256,0.7386139347995042,0.9093068849560988
Fam217b,0.0245307253793689,-0.015431238258940942,-0.0067939369813586805,0.13149110093106833,0.43204378819783723,0.6025100105193938,0.24263238862280465,0.6787174375405213,0.7517902188502275
Fam219a,0.006558786039054382,0.03949968501591546,0.0413357428740681,0.9216801922870183,0.05153098528051357,0.032775447793434755,0.9509939853849042,0.16403529847912424,0.08373946826344593
Fam227b,0.0776032294564941,-0.01629644317224726,-0.010276069905288902,0.023088755026947853,0.4951242252467223,0.9747371617876124,0.05997916808676398,0.73239075965333,0.987509606876499
Fam229b,-0.01471295133414972,-0.029311889874747983,0.014448591681207757,0.31069263889121257,0.048822542048051795,0.11230213266974384,0.4635467713938412,0.1569295994401665,0.2267170406284988
Fam46b,0.05813972082381606,-0.0037736589129972603,0.00365309295484906,0.45671225380642244,0.8641858555945209,0.9075508426253874,0.6050461482050895,0.9467368886739799,0.9582699685439879
Fam46d,0.03349502626941704,0.0009655068190738799,0.0017100730256392617,0.8752024866161179,0.2866834424841602,0.20121864075163848,0.9207398370042885,0.5360903515622031,0.36126126621433163
Fancc,0.023763826874953282,0.01842128285784758,0.05525667973532479,0.9859072363616553,0.7991927505967269,0.14578507320875866,0.9894536652694311,0.9130826266031401,0.2797388956344131
Farsb,0.0326539298129691,0.009344973110485918,-0.019495308150062802,0.42102751113162556,0.932129108650897,0.5217793618232686,0.5707807366653233,0.9718386446696573,0.6821763915121459
Fas,0.00747430869904442,0.02177661403125054,0.04122666011666748,0.24843289830809004,0.0007484750870292435,3.087107625037168e-08,0.3943741023795018,0.004462063018828182,1.757761280378306e-07
Fbln5,0.027327521881063778,0.07585684299729437,0.118255291906748,0.005550118586451577,0.00012403400535152982,4.893736212176883e-12,0.016758474952597295,0.0008608330222158413,3.4305336763752524e-11
Fbp1,0.02537423303489092,0.00489295900471804,-0.0009940859619956004,0.021905380544472337,0.08477790059678647,0.8026187481903313,0.057649467331187046,0.24234666256663345,0.8907344102828259
Fbxl14,0.051520770930430324,-0.02366665879193492,0.0262278578106105,0.00392460371369723,0.6913086505614476,0.6458717384481286,0.012471121140336302,0.8515791449937229,0.7733828971117077
Fbxl7,0.2551601158053635,0.02461467534925566,0.14968184070601664,7.306151089098876e-77,0.05663757933593053,5.009517609076016e-32,1.227961538469028e-75,0.1767548616859577,9.572982280357591e-31
Fbxo18,0.040713527933051004,0.03960574074386798,0.02284545108373092,0.09942142117301632,0.2880496878702399,0.2990862666462564,0.19479337434881708,0.5379241159022552,0.4751997061179131
Fbxo36,0.03233970825527056,0.0103610018321483,-0.005009384791978599,0.0346344947311755,0.494799616281725,0.8465037660894164,0.08301567036080726,0.73239075965333,0.9165073562438262
Fbxw4,0.011275785725487701,0.015177378720151518,0.0133044282235043,0.47773778622057794,0.26992495621625473,0.6329841586895453,0.621103645645579,0.5173016563090236,0.7658394634621991
Fem1a,0.04287345960725634,0.01572527854947502,0.061158241412442235,0.17270256916908647,0.371330866405786,0.01012113636686452,0.3015270137557893,0.6251430717848416,0.02929250048086308
Fermt3,-0.013497892977663462,0.003440265789261801,0.02744593056766336,0.1497359558901988,0.9311052545814479,0.5651687950768589,0.26883096327777006,0.9715252386885198,0.7206677048740568
Fgd3,0.043836122116378023,0.04014503231789792,0.06652720895674849,0.4644932387693941,0.40079084716073304,1.1138137642000637e-05,0.6124461891146548,0.6539219085254065,5.302969969484945e-05
Fgd4,0.13675257046968514,0.10677785116835041,0.16762955463465137,7.808756417489846e-17,1.6643678471256303e-06,2.971705000393343e-22,6.765972175402694e-16,1.4694893333799077e-05,3.573731444438547e-21
Fgf14,0.06885905888159473,0.07094028844982267,0.09937377284487066,0.012662556764813307,0.130512335531825,1.7605502072723664e-06,0.035541784078298916,0.3262808388295625,8.771312639803397e-06
Fgf20,0.05359056947758477,0.03202119236610388,0.027688693400168118,0.03758317491701065,0.5751187712215043,0.3034985747033141,0.08901278269818312,0.7856161210166562,0.4805681177197766
Fgf7,0.1112777792811179,0.00984790507744624,0.08156416310539591,1.536489754699658e-09,0.2613770903290769,1.4891781538674032e-07,9.654969404531634e-09,0.5057157295548714,7.959400477567155e-07
Fgfr1,0.1949153513001489,0.14822979563838282,0.16806227727583806,8.35707097560978e-44,5.580238078761598e-20,6.026906328859613e-34,1.1658114010975644e-42,1.2163175187300671e-18,1.2364021071704648e-32
Fgfr2,-0.00856246418208656,0.024970165399320364,0.07129757676323219,0.7618000377939578,0.04198730541848091,1.0980339454636382e-05,0.8382440606800303,0.13928286747533897,5.2457443627458054e-05
Fh1,0.049000857614117745,0.037759523468690714,0.07023842519880641,8.891580253582026e-07,0.012477196431623757,5.25712446630124e-10,4.611061135221906e-06,0.05405493485128926,3.2739681386117097e-09
Filip1l,0.09310382645834436,0.08857431554746563,0.114645451232442,1.7282600198404278e-08,8.721437598916952e-08,5.431809000424229e-18,1.0215774269819478e-07,8.690289607492249e-07,5.1393041748801696e-17
Fkbp14,0.005971872751226301,0.027002615431463962,0.01652402516443388,0.23737451988561714,0.3041014566572651,0.5201680464710778,0.3807080868140755,0.5552637853885927,0.6813468777719752
Fkbpl,0.016942011895109937,0.01673452463338848,0.037143168512210376,0.7100866525216387,0.7824631274470905,0.20244736253021944,0.7994922358899806,0.9053153636570285,0.3627642243143949
Flot1,0.061319806479257076,0.012660264973913083,-0.0091107155350433,0.0006742507061219544,0.48448679065502587,0.9727533361185337,0.0024883061773548314,0.7267301859825388,0.987509606876499
Fmnl2,0.15126022560875368,0.1127299479886156,0.19836705040425484,2.0738341402130814e-18,6.911777322214984e-16,2.518854087529777e-49,1.9286657503981657e-17,1.2052411705612379e-14,9.496760681362268e-48
Fn1,0.009845038628651678,0.01659722319192792,0.0678784494157207,0.00012027536013097547,0.001906910536199214,8.597363950444628e-09,0.0004964027437358307,0.01059816811951356,5.081916402911125e-08
Fndc7,0.017887621579409436,0.02370640001463278,0.005666823334746142,0.8700443560681366,0.12438749067918892,0.4168303351274472,0.9167008132288901,0.31664333849903015,0.5861676587729726
Fos,0.050690930232643275,0.01217489241320722,0.04233858472946158,0.10864061927942774,0.33409932524436475,0.06681942603417956,0.20846446202861305,0.5856817055025848,0.1481925267371709
Fosl2,0.0745226939567247,0.004959399891763899,0.05959752964054884,0.0009418227313658514,0.6980296018953656,0.005584519426868689,0.003377487687031781,0.8533791887693823,0.016972559042444057
Foxc1,-0.0037328370074700004,0.013764202984106997,0.031775936879409925,0.008519415664239947,0.4951129482862463,0.610682631210999,0.024811241861408616,0.73239075965333,0.7537408794473894
Foxp4,0.01624649126922098,0.032598175537892335,0.06017964002575764,0.03322633923066985,0.23781741289244826,0.0006311271246711326,0.07977752706847581,0.47698168286292747,0.0024388430440892795
Frmd5,-0.009043645698222903,0.05368559445160388,0.06462249188009912,0.09343963781844168,0.08302008579211113,0.03562906247219635,0.1861661906719927,0.23780907531826495,0.0903682584522071
Frmd8os,0.0037964650914645197,0.01962952371235738,0.02241632842673574,0.3702675333986526,0.815521252716986,0.5182587950967351,0.5238572100315622,0.9219223237764955,0.6796241124264083
Fyco1,-0.0455735106322404,0.01579669171673568,0.024237971791783237,0.42232973231022447,0.23616093847101327,0.0792081776581098,0.5714354767922047,0.47538890211697477,0.172111227154304
Gabarapl1,0.0653446883608739,-0.00115950948677722,-0.02485607218339746,0.0310788963144765,0.5769399257263115,0.03134954952255932,0.07580325646125803,0.7865622642215871,0.08024334235590871
Gabrb1,0.00870074396441772,0.01068365946778346,0.00727938981102772,0.26586884123505317,0.9012965757207555,0.8044509568488741,0.4124487187180663,0.9594543004654597,0.8913495510755992
Gadd45b,0.006167982178496579,0.02391164592603252,-0.0036011640306810393,0.11395911548218302,0.28860188414330984,0.05345657617570499,0.21541052316754106,0.5382347972993546,0.12366819861543692
Gadd45g,0.03911418811979,0.05629058427628779,0.06464383281525835,0.06083447933899827,0.027215840043514974,0.0002463797112428625,0.13301582864875014,0.1001743980493493,0.001010881462305274
Gadd45gip1,0.0815767577915664,0.046622443979594155,0.06070145445929524,0.002994847344871481,0.002179246581627799,0.0036374515133992115,0.009784103152448985,0.011875191333479609,0.011691808435926036
Gal3st2,0.032454617738007965,0.029482036708559624,-0.010702421773686402,0.3379248756348446,0.8245625083510124,0.592876874547934,0.495173530998538,0.9267776417960677,0.7437619064697554
Galnt13,0.10753201305673565,0.035196141643066864,0.0183972777392956,5.829063936562667e-11,0.07855051690525419,0.14391381564888023,3.9860510742671175e-10,0.22876403148816202,0.2772925039090994
Galnt17,0.0169289696637215,-0.023215787078123624,-0.01451964097328042,0.9921876286897153,0.5565629722782226,0.0512033714169513,0.9936335250194998,0.7748556350580046,0.11944599185058036
Galnt18,0.2103355828113071,-0.011447202172388019,0.06548165023137448,6.873309785779593e-54,0.10532523102737766,7.387587350428693e-05,9.987778282460971e-53,0.2809344116313419,0.0003220526360577509
Gas2l3,0.3837058706305224,0.1462154973364799,0.15485922721476958,4.703426478954859e-180,4.7218276617608635e-17,2.7518856320325205e-19,1.215051840396672e-178,8.667038931784743e-16,2.8436151531002714e-18
Gas5,0.10608760133209882,-0.021902484680281,0.07127317888806398,2.046325284955922e-12,0.010034623227493485,0.0022753914086522404,1.4564407002619953e-11,0.04472300128547416,0.0077495672337674236
Gcm1,0.07520298105599899,0.016710772263722102,0.05004293844201983,0.007559874008062393,0.7449027333316016,0.11763054613590418,0.0222960343366745,0.8776514467885003,0.2357681204879114
Gdf11,0.08776490952182707,0.08828741770171097,0.12614356070766344,5.8064402799180754e-05,6.334615761002006e-08,2.88329587800259e-28,0.0002499995120520282,6.35740214863151e-07,4.519323314397318e-27
Gemin2,0.06902031787523641,-0.003596791745855701,0.03127446183569868,0.004705641622032912,0.010091586364127105,0.10073386743840425,0.014587489028302028,0.04480561342665718,0.20726216087990254
Gfm1,0.017533682140645025,-0.02215236021212702,0.01897808433436256,0.0776277307718009,0.7440544809929857,0.17022323634181213,0.16066867125617545,0.8773930693028021,0.3166152195957706
Gfod2,0.0008122997209621001,0.025348383299566957,0.0371570187761648,0.5338960395669693,0.018754740266530196,0.04480188199093532,0.6673700494587116,0.07539729876602197,0.108882622608632
Ghr,0.10311900235627422,0.008217692459706383,0.04096318728130586,1.3721186560634676e-09,0.21122774924024199,0.0006202855809944267,8.700479660038806e-09,0.4437691418526168,0.002403606626353403
Git1,0.060976788779242466,0.051202458278645877,0.07417158919376395,0.016669178004547973,0.1976700780500761,0.0007883237018483181,0.04550587733139808,0.42843639941575873,0.0029964892754179937
Gjb3,0.04058107200096758,-0.0204705566107331,0.0009179184041386398,0.05734295097177461,0.1707705114810129,0.6129100550218787,0.1275812067075368,0.39181720973028455,0.755308769218658
Glipr1,0.0456319048521628,0.0944646529027373,0.13727326487030397,0.007325700182007393,2.257215971033961e-09,3.9670082012641836e-19,0.02169713748174164,2.479382897316831e-08,4.039398861871194e-18
Glipr2,-0.00626212878954642,0.01338050435414478,0.09369987914111177,0.2665963736719294,0.49246694773155253,2.8773489564301146e-12,0.4125394464166778,0.73239075965333,2.058411176523082e-11
Glp2r,0.15633841533954312,0.010430591333169998,0.03361496720238122,1.909029849751062e-16,0.02661471790264928,0.5334489095001461,1.6238394148797144e-15,0.09848151584667308,0.6948284115338038
Gm10060,0.01000426618409132,0.01718362839051788,0.04945381214418674,0.49426622467156345,0.47727441430425377,0.3573864433081022,0.6319902689430165,0.7213410703731679,0.5298130588892696
Gm10086,0.021018699190767383,-0.007467803646337259,0.007891748759620499,0.526243181061702,0.9450543470910151,0.35541052409324975,0.6613596734964633,0.9787311166978219,0.5294641671155637
Gm10095,-0.005690844463096941,0.02126619995882962,0.019171735742710177,0.19304751911258908,0.26996100773689546,0.46326044862136173,0.3261171615125018,0.5173016563090236,0.6276680311765334
Gm10130,0.04994297519501418,-0.012513486834169859,0.040543282764474456,0.0014507562613086831,0.4197798294499379,0.042318923391915515,0.005009418278528744,0.6669622574973387,0.10430194016205326
Gm10138,0.031107421152828756,0.0009431459286058195,0.012684371069195783,0.3213896788324821,0.7976856908312608,0.6543838972935303,0.47543860230255836,0.9128560612876201,0.780226954465363
Gm10240,-0.03288287065714998,0.007823948084410417,-0.022586910331034656,0.4013617404752369,0.4982092926689907,0.26327491297017724,0.5532605019396792,0.7346743797814398,0.4372244090397586
Gm10288,0.014472489341281522,0.0009232941789264398,0.006527520456857399,0.42195607982339983,0.2725595741144365,0.6844063774286262,0.5714354767922047,0.5208501450542998,0.8043360543495649
Gm10330,0.05098527902266178,-0.0029185478235069,0.00310584127845316,0.004392349466980654,0.25688055926078746,0.8007569744432241,0.01380028717666219,0.5012003224052854,0.8907344102828259
Gm10563,0.014128238635926021,0.012587580944611418,0.013687753130336442,0.5947381419340212,0.5301832870882957,0.5785897566296033,0.7189425545909528,0.7567947088254224,0.7310984696542542
Gm10701,0.0709796804804515,0.01528965430001864,0.11038085050529718,0.0005066037198494552,0.25728011731654793,1.439664901047298e-15,0.0019204135575814946,0.5012003224052854,1.1813720805652827e-14
Gm10801,0.17565378322291375,0.11123091626384056,0.11655213134204505,2.17780899845071e-37,2.2632063400942926e-13,1.9567604737689543e-15,2.7871959200355417e-36,3.394809510141439e-12,1.596304597022042e-14
Gm11033,0.012237836298678579,0.004113049781984901,-0.011211217911696263,0.43050536880809,0.8583909005609214,0.0762192446132882,0.5808075333532743,0.9467368886739799,0.16691655609974418
Gm11290,0.030521851099128576,0.007746882790867901,0.03862110325806774,0.07184051113848595,0.8089469780378693,0.3963292070661416,0.15092998951534323,0.9184702369837578,0.5687511784423914
Gm11437,0.03322754151462204,0.014366747771170538,0.007629541678131102,0.07915185794797246,0.6348186459826538,0.7398194133007073,0.1630972552989979,0.8253234027453887,0.8456123737522032
Gm11483,0.007924265132016798,-0.0158609853276213,-0.003947571682934396,0.005430438907109922,0.09458199703395562,0.1585749987295485,0.01650427510984388,0.2623099122512288,0.2997454244278051
Gm11560,0.01714887479019008,0.00438619119533238,-0.0014465142554873592,0.44872406749669924,0.4342288918653797,0.04938833836126562,0.5972996890819613,0.6798533155468066,0.11618335921410715
Gm11645,0.07248244742507925,0.012591468379971198,0.015765259815846384,0.019629575130650657,0.18484933989757651,0.6697973343896508,0.05215858534715746,0.4132449185210244,0.7925082964152357
Gm11728,0.08885917980062245,0.06463007427518608,0.06007117252740379,0.0024859330522709463,0.05057835043364382,0.2036583962963107,0.008296355521334856,0.16182752030947967,0.3633036609122166
Gm11808,-0.0037322530278524,-0.004429481366507122,-0.008699058847033581,0.8865063450599221,0.45002226243032206,0.8745268050067934,0.9264320683167353,0.6969751201664562,0.9355558995279729
Gm11810,0.02012975545640316,-0.0005157549546822603,-0.029596848956612083,0.03612768734732853,0.944445723508874,0.4159945872407919,0.08615063905901418,0.9787311166978219,0.5861676587729726
Gm11867,0.07870604137798516,0.04555861891925666,0.1108595115971482,0.0018657723989452652,0.08180706333500506,1.8660655187630487e-16,0.006379295334629031,0.23578688709159518,1.6269758741715332e-15
Gm11884,0.20768780401011083,0.01928237442326734,0.11218786435569097,6.834414825892007e-37,0.8435956273313685,5.269983980567452e-16,8.512507751892276e-36,0.9354657393698403,4.402172247240476e-15
Gm11960,-0.00017470483961942019,-0.00477207935206322,-0.002094540807728161,0.7196717931431331,0.8266042690483286,0.28857991587543136,0.8063792381001371,0.9267776417960677,0.4653976677991061
Gm12165,-9.045368665359932e-05,0.03103596337929506,0.01809764266637518,0.2726788923170238,0.38630241668078724,0.22155037721788187,0.41942773350692186,0.6392548888134024,0.38632847027368156
Gm12258,0.05357282515577798,-0.008382586029868359,0.02352550371496888,0.06006657013815635,0.8829387703737138,0.8433518913469926,0.13174978827472972,0.9525905527233803,0.915904937681077
Gm12353,0.040241175880085,0.01341464531972886,0.01930312491515068,0.35540103067286893,0.9023684890399162,0.3886751046561827,0.5121740059800125,0.9594543004654597,0.560705037223759
Gm12648,0.16154897618288946,0.006567129866958515,0.1056574736628529,1.7098128494276348e-17,0.42822389276392697,1.6230531718322507e-07,1.5289672595843272e-16,0.6765258554990692,8.608970246030379e-07
Gm12718,0.04451737729139034,0.0614504836536923,0.07607840290391242,0.20214593817300017,0.38403284506305485,0.004307613886406194,0.3389912686443782,0.6379578322447098,0.0134432245448247
Gm12865,0.05987167769824546,0.039602682998745795,0.007891935336125403,0.0060492489806784466,0.02964509394471104,0.37034837339804383,0.01814774694203534,0.10769506784602058,0.5415471497801585
Gm12868,0.06266057392996689,0.018741951094356564,0.10356446826199028,0.014826906491820446,0.29679174728105,1.1188163365260724e-06,0.04079592614613318,0.5462064478325392,5.654886918311127e-06
Gm12976,0.0031067893894024786,-0.008545141169763801,0.03443633362619492,0.7698640661930175,0.1525026836717305,0.08593248993869568,0.8443084688201725,0.3611905665909407,0.1831188327390018
Gm13056,0.0235761236077995,0.028177308404631625,0.013793586164039556,0.016245039280866375,0.6252416693025817,0.8302646923355415,0.0444349603858992,0.8182102520423091,0.9083209171628563
Gm13196,-0.006494982771226282,0.005506023698763119,0.0010384682058434207,0.0632615132915599,0.4294154147333914,0.4744359492587128,0.13682141246779236,0.6776408411233947,0.6376090069517383
Gm13215,-0.043748113236364586,-0.015834934707054982,0.0018794982846429605,0.09608515574362687,0.36016842310989805,0.6169503654246615,0.18954391484547356,0.6157291056842007,0.7589468781017662
Gm13544,0.026632021353175217,0.018234355742594723,0.01347268760371774,0.04932652312495042,0.804066491797059,0.8368349951249318,0.11170535675211987,0.916399310504001,0.9120193892181874
Gm13771,-0.026766395153907763,0.01171213981615248,0.01085643420460206,0.8689001493992486,0.6157151887248918,0.9344260585420481,0.916187232359752,0.8097662472725401,0.9714791106579959
Gm14044,0.0009409764168512195,-0.0265130071163374,-0.00994240556195778,0.17846998854375817,0.4050668094533806,0.918681114693625,0.3100443761127555,0.656105888647909,0.964474248487216
Gm14064,-0.02165236963767462,0.022726092882013837,-0.0019065597954892207,0.13669642788567446,0.1323488924066286,0.12904020711924838,0.24959622630957573,0.327933756495998,0.25389434263942384
Gm14094,0.00450793884937174,-0.011451320918706641,-0.007382638708736501,0.6319317838420934,0.2932698021277061,0.6942811008742431,0.7465126911764426,0.5435745188819366,0.811837498507602
Gm14137,0.0780376353928536,0.04246367558688459,0.05979667291973095,0.0007399129808536009,0.7621496117242487,0.02647742881811716,0.0027091302054875937,0.8919452251303077,0.06929833621252052
Gm14325,0.062007217911534615,-0.0011761550200231814,0.024980671163376638,0.005054783762739198,0.3328290656706554,0.02120713472968138,0.01546364769522189,0.5856817055025848,0.05722234612747684
Gm14399,0.1483484180551055,0.030132053017868005,0.04513330893738242,2.697428857356369e-19,0.043492059834795586,0.003636506486992811,2.5951125903531967e-18,0.1437711456624167,0.011691808435926036
Gm14401,0.051780552703499017,0.03155567289350072,0.0037958333537043394,0.1650686960667913,0.3956775464335895,0.3231604274792863,0.2903793581502823,0.6491733495426794,0.49935558139221314
Gm14471,-0.00439057297321252,-0.02162181493629966,0.0259353878837582,0.35990672635463067,0.9557376879830307,0.24452468900632163,0.5165328017126644,0.9814484012788073,0.4144738045732912
Gm14539,0.00889060834578596,-0.0094291514082328,0.014009403341504861,0.4437466559777187,0.6436802917471932,0.44680965118789995,0.5925150442897481,0.8273228368528611,0.6165177679595653
Gm14661,0.02155859622352094,0.01614196994913564,0.03018504001707838,0.8579645801588951,0.6449778231849714,0.010642721325142159,0.908048407344492,0.8273228368528611,0.030674785637548163
Gm14681,0.0340135508898535,0.01255621019257468,0.014358982439505018,0.3054188556440155,0.6817461130772389,0.2435290921891134,0.45812828346602325,0.8445961174845904,0.4137696594937963
Gm15128,0.014190344945206879,0.009212028197532598,0.04361381386078902,0.850635225427595,0.9809363227383637,0.3077807480153295,0.9051381689332532,0.9901310619543536,0.4851459248377228
Gm15404,0.029751885394488437,0.0184381949246642,0.038457501415374865,0.5662636073967772,0.724828870810166,0.7208046133185204,0.6935362004552276,0.8671837691082174,0.8289550169656521
Gm15564,0.07875570296242822,0.06511894680405414,0.0406912135263364,1.2373007444613138e-08,0.004617968120952019,0.01244809461466886,7.376215976596294e-08,0.023256554255335984,0.03536678612517935
Gm15614,0.022768035971223018,0.027517650262342364,0.038771799830961094,0.0952525211167591,0.2347079733109145,0.6621181214733882,0.1887461178378962,0.4736513233722544,0.7867587559245115
Gm15706,0.038955231881507596,0.02418159225885286,-0.0010440820213147982,0.003017640207950389,0.11468715092658006,0.6935722063183128,0.00983553292077288,0.29960407404977374,0.8117547147485582
Gm15738,0.02697623059901848,0.013425377010255101,0.017993134795118722,0.5638339049325488,0.6552477350443185,0.19275859068726833,0.6913292866876629,0.8302185198790412,0.349955723847654
Gm15818,0.00830295260302752,0.017240732038128682,0.01473367596401256,0.6137692934340313,0.34075063602561645,0.6644328514699612,0.7349426303351705,0.5949902893865167,0.7888373002558263
Gm15950,0.06144483700588695,0.05172783707309723,0.059687663647162006,0.04993986409110841,0.28098073085193953,0.10234310501350659,0.1129110379369469,0.5311221131957393,0.21026308025602605
Gm16061,0.003743269095710741,0.0020213323075210995,-0.0018868200498028808,0.4754248229386595,0.8984838049280642,0.2214741207734385,0.6192640519416136,0.9594543004654597,0.38632847027368156
Gm16073,0.02002439216411996,0.0029530042262163004,0.018682666502616598,0.6807256150552397,0.8295832768141644,0.3266991467209786,0.7802894272818893,0.9272986147081405,0.5039756603553792
Gm16365,0.033203604717114935,0.02194914821724292,0.02922523274781048,0.40531995259154385,0.532124059642198,0.7401381421874123,0.557065353561777,0.7567947088254224,0.8456123737522032
Gm16379,0.043506429485531906,0.01788236193280612,-0.006860999815015143,0.005001373718391796,0.4878755700506494,0.9801744329276485,0.015364024318060642,0.7302429401509184,0.987509606876499
Gm16541,-0.013403504385367018,0.024936838027985818,0.029397356791301336,0.09424332744845759,0.09625698112394858,0.6195741034990572,0.18727840710911448,0.26537250724883055,0.7594954959412872
Gm16552,0.005113966225307322,0.020080868142470835,0.026764233230509582,0.2571974983589106,0.8886929812174075,0.950960678275945,0.40404336735436963,0.9543700606607263,0.9768697188797898
Gm16599,0.023604483625446402,0.02771518049990026,-0.004638189155003619,0.5773110430426196,0.3703229888207401,0.45421010777015025,0.7039763155982992,0.6251430717848416,0.6205909077835424
Gm16759,0.003924260070172359,-0.007926140277572819,-0.0099530964302611,0.6209560656003426,0.43004197811609907,0.6299137769812388,0.7387404843570229,0.6778627790643595,0.7639351402354422
Gm16897,0.04927224487087168,0.05316470428114992,0.03731185477586776,0.010831724064383612,0.4063623568399952,0.8623747864028883,0.030837255244520693,0.656105888647909,0.9278304126666903
Gm17106,0.008167067328121658,-0.003115953877700859,0.0124741365682098,0.7062155183439499,0.06226139628711115,0.5385399173013968,0.7977090267933685,0.1901721361370901,0.7008052095479931
Gm17114,-0.016814007124455483,0.001479032529289278,-0.005254959576134861,0.19281518132673903,0.30014898611964097,0.0009799298185807941,0.3261171615125018,0.5502074055675417,0.0036587519980624448
Gm17251,0.019112585687228976,0.01498042716646068,0.02669131119464128,0.018760240302097685,0.6691066537229295,0.4599773864638427,0.05042492335534927,0.8378849030013346,0.6256060972143516
Gm17268,0.0353099280379662,-0.02898059450302478,0.02254093851423416,0.03044149890234802,0.7180085921108837,0.31048514474926503,0.07489575126768164,0.8634672293057611,0.4888564073648134
Gm17484,0.019673954389677138,0.013346734890936499,0.0025801336713764597,0.6143497000131314,0.5118292134463824,0.9348154713184358,0.735006716568026,0.7432470618166972,0.9714791106579959
Gm17501,0.09959177510061211,0.12921314273752954,0.12949899632534703,1.3114703664930242e-07,2.5280218922256616e-13,3.4345274066992875e-13,7.436996590478736e-07,3.6735318121404146e-12,2.6038944197529925e-12
Gm17514,0.006297827778599699,0.00468601883604264,0.024676179733300437,0.16136041779263513,0.6762982366583628,0.5696246466875298,0.28529503526074274,0.8405569027316803,0.7252395794071003
Gm17771,-0.0224228844540705,0.0041067319665734426,-0.01897976469240676,0.4001173989535812,0.8710033697000442,0.5834394795201969,0.5532413631769301,0.9467368886739799,0.7345650486738942
Gm18014,0.00634023286676564,-0.02978310681883082,-0.010522080978053822,0.6426077975079896,0.6239310818898947,0.98731164183649,0.7539427060753957,0.8172618396585944,0.9922908792232735
Gm19426,0.0018526257034479794,-0.00468917286423602,0.02019053985822738,0.4158824226499173,0.8136938735860347,0.9728858996785019,0.5660058337528142,0.9206025577068275,0.987509606876499
Gm19705,0.09527683364512282,0.054844498658547944,0.06692909378514554,7.5373884888890346e-06,0.6589198412131693,0.020989330391979897,3.576413925850409e-05,0.8314750424812187,0.05674441065273635
Gm19810,0.013564312594547424,-0.03648560714082496,0.01094334358315336,0.07352941958705175,0.14981041949678545,0.4167916203546021,0.15378341877651755,0.35724023110771913,0.5861676587729726
Gm2000,0.010619902384120458,-0.025539392802965417,-0.009793317579969919,0.620225118793313,0.35956375227640125,0.6432533378174979,0.7387404843570229,0.6156103222894976,0.7715721463933015
Gm20005,0.02911095102632384,0.01484211024671346,0.01193896169779122,0.5318508445314083,0.6217199678739677,0.042158502864311935,0.6670374207667382,0.815130972917467,0.1040904628242746
Gm20033,0.032364713845930065,0.04778612751773979,0.035321972875819986,0.8796318824684505,0.0004453818997312315,0.001847783280722448,0.9225312822005717,0.002761367778333635,0.0064765268256477765
Gm20400,0.044830602296745105,0.0258935246104599,0.039576263007440084,0.04861394053234404,0.6611605766412612,0.04327304082092202,0.11063041931911897,0.8314750424812187,0.10598981733372868
Gm20472,0.10781931014078154,0.04314667115244027,0.06906458721166184,2.178337666617131e-12,0.062334695128410555,0.025205265839618626,1.5425284492035014e-11,0.1901721361370901,0.06634216197409054
Gm20541,0.01084154931994726,0.028477613923079743,0.009532743066626602,0.46636720650601327,0.4942420500039735,0.3713076226928891,0.6126009915968819,0.73239075965333,0.5418139473395192
Gm20560,-0.03338107004046244,0.00412097678414848,-0.0016007576052790595,0.34190490710633964,0.741492526904956,0.5742434224742569,0.49943177530193067,0.8758527307641097,0.7287998808385747
Gm20744,0.03494921113208738,0.008820373320955779,0.05146630185596823,0.3856293685179703,0.5222727519639335,0.06295360219135977,0.5390310311448583,0.7496925663206812,0.14119015282467343
Gm20754,0.0383036319965248,-0.019486376021689282,0.038859422925085416,0.06875177573357982,0.45562029264899806,0.20283591036933907,0.1464255376310593,0.7030866241652127,0.3627642243143949
Gm21399,-0.02049361202107898,0.01023398608463896,0.03108848361973076,0.3861229363390877,0.5231287770672263,0.0049270946450045835,0.5391806768698971,0.7496925663206812,0.015172841125345242
Gm23935,0.09128785315419023,0.026662742634845638,0.029299485307099783,1.261765047086271e-12,0.04960189377064722,0.019460959018347893,9.313027728493905e-12,0.15906814209207557,0.053546425701371414
Gm24049,0.03619356559928766,-0.028773576525319776,0.01736541386019704,0.465950396095663,0.5388049502771467,0.8253948964928295,0.6126009915968819,0.7609015592629728,0.906855517691319
Gm24949,0.0597670092729928,0.03034844329660394,0.06909359787173339,3.804625614630109e-06,0.04678633369612707,0.02735061330197493,1.8754249937840996e-05,0.15195412207739833,0.07118303275420713
Gm26510,-0.007300078250255422,0.00449925319086902,0.015261665094984259,0.4897273786343328,0.9179067045628764,0.6063008694695738,0.6302303442757328,0.9655225711666031,0.7530806592021039
Gm26518,0.05435096980188464,0.0152057778325134,0.033645126154343986,0.08352032201412783,0.4092302773331596,0.08181668602502126,0.1693265811394433,0.6576915171425779,0.17651052595519076
Gm26531,0.04102498529810612,0.018255892261198458,0.06033435065002594,0.002798399985093174,0.340786552845754,0.004005231729352545,0.009185336421658773,0.5949902893865167,0.012567719157271826
Gm26542,-0.027394273251417085,0.002711767867396961,0.013071541840662481,0.607880624069955,0.6969749029719515,0.45917646715615135,0.7316595949763479,0.8533791887693823,0.6255382535965148
Gm26559,-0.01685107998850616,0.015552177209226619,0.026848867400205235,0.8802072663863518,0.8345752237452511,0.5851896834383573,0.9225312822005717,0.9297217446342405,0.7357671859095902
Gm26561,0.10251062197883198,0.054611430216017776,0.03684171747687558,1.862434804759176e-10,0.00010070021625281354,3.264225404772498e-05,1.2490848810764666e-09,0.0007167183758809943,0.00014881027580580504
Gm26569,-0.00990042795739212,-0.0010150829442002005,-0.013178153508180399,0.3395713662176141,0.45927317772099907,0.7095458046800469,0.49706406702368483,0.707159031921406,0.8227900228833462
Gm26668,0.1348741375226641,0.09567701905668471,0.06774226431238993,7.619705298140754e-15,1.3203902247832075e-06,2.770611624294277e-05,6.144213231737776e-14,1.1807335663926759e-05,0.00012672141691444315
Gm26669,0.01261833669640132,-0.0002401075855383794,-0.007814277212427122,0.62426188568484,0.30109744477375816,0.3382085317703851,0.7392574962057316,0.5504992601040533,0.5139443374942126
Gm26688,0.05129764396433918,-0.0074258133356257415,0.018509011730322343,0.08339271443491016,0.9668840053978218,0.9897930864755783,0.1693265811394433,0.9843747435616632,0.9933534932614617
Gm26694,0.0208559404878038,-0.016960415013105978,0.0340904184961099,0.7810250715449252,0.9112147498573699,0.2580284219189327,0.850514471116466,0.9644496024666397,0.43107742344540256
Gm26718,0.0193022597092502,0.01278608958754146,-0.012381829138198918,0.13211514551995895,0.8277884886579931,0.2391164180392782,0.2434618599740327,0.9267776417960677,0.40778411144840226
Gm26759,-0.03578851460712554,-0.006046923835792,-0.00443317152334496,0.013110182643815875,0.31320104635950047,0.5451053762579956,0.03657740957624629,0.5651823620941906,0.7060557101948968
Gm26763,0.011676430472462302,0.01972224238418412,-0.0078540281151485,0.9038281944173667,0.21932527446335137,0.8019753313430578,0.936517229666598,0.45597430383960535,0.8907344102828259
Gm26787,0.03903348446829054,0.05691350995884655,0.05091853930460767,0.04488871961381585,0.0596800635678225,0.04650603882809782,0.10384703791255906,0.18378297721216866,0.11166252007779082
Gm26804,0.03843621675917322,-0.005423663103223,0.055556070608789976,0.541707452344464,0.33419543912548927,0.00040818512106259423,0.6747159785897565,0.5856817055025848,0.0016362593215009165
Gm26848,0.04597280130669932,0.030337317701953075,0.02254050800480862,0.2317293905335016,0.5127339531266215,0.16082302954233074,0.375014500921386,0.7435175307813274,0.3023559652446784
Gm26854,-0.001647204954860219,0.031175782806121776,0.07792305639967853,0.6645191183524748,0.3143953498101017,0.0004419664976004442,0.7686601742136835,0.5651823620941906,0.0017565335161043296
Gm26861,0.010350308460687779,-0.009167058794839,0.014767127145620862,0.6150970967991941,0.832407454011565,0.0003224709107907383,0.7350975738344101,0.9293260836865099,0.0013115070570060639
Gm26870,0.2094566522058666,0.13259568295641197,0.13872509890601653,4.304043374185317e-57,1.324213943412448e-20,1.7237263540534722e-22,6.456065061277976e-56,3.078797418433941e-19,2.090955012090951e-21
Gm26904,0.08567577312191649,0.030278280037788617,0.01530231412511654,0.0007945194626479239,0.11937138558885055,0.285836648215867,0.002886340235400661,0.30941574109947045,0.46204185893526595
Gm26910,-0.003991218437095279,-0.012834960011337621,0.00655228923381324,0.04413403817925921,0.22947291917542212,0.3701409266917631,0.10261163876677766,0.4680039798972425,0.5415471497801585
Gm26916,0.01293365508801338,0.03412538908414334,-0.004558551384326381,0.6525896062819655,0.1776000387477916,0.6936284014195566,0.7605367592007869,0.40089329134817037,0.8117547147485582
Gm26917,0.122327005100301,0.11401982750535562,0.17592403045921173,8.242782059570521e-15,8.447115571555955e-12,3.114432094560027e-61,6.608437340862573e-14,1.0910857613259774e-10,2.1723163859556186e-59
Gm26991,0.048821128657881865,0.0025305218150976187,0.015692097899259,0.10304061813332317,0.840248261869758,0.8547587705717115,0.19991886272042533,0.9339811357038346,0.922187536695698
Gm27042,0.02279093484571998,-0.01060236848500168,-0.0016587725064659206,0.9529417015885636,0.8678535860085106,0.7476479734400973,0.9724606245179562,0.9467368886739799,0.8507087462878757
Gm27477,-0.0120649868551272,0.002769768329878281,-0.01294570276770968,0.9580581623335017,0.6733583844626363,0.182313942111124,0.9755409755147699,0.8394414176276833,0.33508293708171016
Gm28153,0.10285167099478972,0.049458107763576654,0.0031534413338561405,2.0309629264337103e-09,0.017263200618698574,0.5439617162787673,1.27049026115472e-08,0.07041568673416525,0.7052291767740524
Gm28156,0.02666472133115466,-0.018088115053768637,0.01935975561276444,0.547023596631157,0.6502592921858836,0.26387859357667603,0.6780941072256345,0.8291697555752355,0.43770587162837465
Gm28177,0.049056598900000165,-0.006010011014738241,0.0351558462018407,0.028656147473171772,0.22126746066617456,0.7090398318480636,0.07138451022334753,0.457979181408559,0.8227900228833462
Gm28187,0.0338157051083653,-0.017095335666197236,0.07091807518110849,0.05195784521280356,0.7138033034868658,0.004438035719067999,0.11701257221352412,0.8624412592384305,0.013819329973437183
Gm28321,-0.015133252932103103,0.026773564425649453,0.03985855990122594,0.16745037285015849,0.04643817492097098,0.05841367911905873,0.29382801273707054,0.15135807012793112,0.1329316188761614
Gm28438,0.08750645618807694,0.06925178860753428,0.08883135932028019,1.03484630887536e-09,4.863415397145873e-07,5.1087102470943836e-12,6.591829227767704e-09,4.463463473038482e-06,3.5633253973483325e-11
Gm28652,0.035203495496847745,-0.0102280240655934,0.0273942251247632,0.7220825931903366,0.2571110693637716,0.22473074640979018,0.8084311536922307,0.5012003224052854,0.389052007003048
Gm28727,0.03507787383933062,0.011795691292796558,0.01150524660124572,0.2990312619387057,0.035366525559890616,0.6500280806844531,0.4505174762515448,0.12396056069358646,0.7770258548027523
Gm29103,0.05733052198671616,0.0226519170771657,0.02794426739547804,0.30480713024146616,0.00261478731888233,0.002144758508604453,0.457702848963235,0.014020836918561859,0.00736963616920185
Gm29585,0.05423886084696574,0.0064383984984692,0.06357601517604504,0.0005812117497304231,0.95661645081213,0.2180747746974728,0.0021854188433259847,0.9814484012788073,0.38217878229016905
Gm29736,-0.0010648183773337803,0.0004053088942896594,0.0012861918570176208,0.4233750002172437,0.4888574388975606,0.8481041913783846,0.5722946950610999,0.730928325039761,0.9165073562438262
Gm32647,0.017433888018773935,0.03385288719182522,0.054750351281693546,0.06353236796093696,0.020486581982203093,0.009312265651083186,0.13719450976084685,0.08118972120787873,0.027291198704329927
Gm3355,-0.01212672552717286,0.032548481506861,0.029502542128212385,0.7196165973051614,0.3123745773846855,0.3378914547895124,0.8063792381001371,0.5650707351579422,0.5139443374942126
Gm3375,0.02509338758151398,0.03582981337527028,0.07328663995704683,0.052944534098012336,0.4961356758941913,3.8979551264930205e-06,0.118563001992448,0.73239075965333,1.907946456651847e-05
Gm340,0.041975797454319,0.028443913537491483,0.057398880244043424,0.2551397314986359,0.019448384995137083,0.02963592327788782,0.4021694072775108,0.07796119847188572,0.07670150829805845
Gm34224,0.024482711427168742,0.04286470201328706,0.052502421120259955,0.013012118760071165,0.40547454163096275,0.009078648131193955,0.036376564469537624,0.656105888647909,0.0267188062088936
Gm34314,0.025115870056730005,0.04385944244023672,0.015690034899362583,0.4791220350327643,0.0624364432622131,0.583196647562516,0.6217444082518198,0.1901721361370901,0.7345650486738942
Gm3448,0.033700853272687306,0.015197877379413461,0.06728653194877336,0.4831591235629433,0.4312980153993037,0.0008432684666390872,0.6252383834603952,0.6783097310958609,0.0031966291058737133
Gm35188,-0.013608042889690461,0.02473571279505598,0.02668154592857564,0.6775904629095613,0.28081218885391246,0.4206238258475323,0.778615070641547,0.5311221131957393,0.5897188312133744
Gm35721,0.0127688196569903,0.0319759947329146,0.026605632540099077,0.9749330437069811,0.44199957858532346,0.7646591326900962,0.9858504501352915,0.6881578260340695,0.8644242221253519
Gm36298,-0.0026791688201718202,-0.00221790512796836,0.0026259391383160998,0.9692297202468376,0.9568852904791557,0.9273229198953623,0.9821666292714483,0.9814484012788073,0.968135646691732
Gm36535,0.060729034259175016,0.044975667482483064,0.028586536901011976,0.002970838581956411,0.28148423038054327,0.08613971224063287,0.009728450285984023,0.5313538584314721,0.1831188327390018
Gm37065,-0.018545314609609398,-0.018603826838837743,-0.0203599115065215,0.36183758296605684,0.22127452922535396,0.4090579473343873,0.5177060802437429,0.457979181408559,0.5805044115274367
Gm37240,0.030820486799790374,-0.011722076790869099,0.0084537834606036,0.25895070458342007,0.9074473424198325,0.0003853600731964955,0.4050221534524327,0.9633858772265346,0.001553691624592807
Gm37245,0.007655164710198481,0.012231623306604659,0.02301252241096968,0.6800433092653613,0.7945416545616951,0.9751963230008183,0.7801483687707064,0.9107523484910145,0.987509606876499
Gm37291,-0.002585460342802681,0.00626114647052794,-0.016502545440220222,0.7388492284824411,0.8912823726073221,0.9481470236953319,0.8206167784498449,0.9556794079840234,0.9768575317983663
Gm37401,0.04396746594036978,0.016845049485937142,0.02066593784287534,0.568313414680915,0.31392680739778545,0.7874636662301354,0.6954361521753302,0.5651823620941906,0.8820141427335512
Gm37676,0.033843798086234014,0.032920143564592726,0.01776848944363866,0.7041784649463215,0.05374683816337695,0.40615948301374355,0.7968988174837051,0.1692479441036362,0.5775662373131215
Gm3788,-0.01457303453735476,-0.01413887496754378,0.017604792930753378,0.3446571855152918,0.9896617942757717,0.9475434114288382,0.5023999726163344,0.9932217287875551,0.9768575317983663
Gm38037,0.12043274909502459,0.01999290623411884,0.02611922681745868,6.385474399104929e-10,0.1404843072994407,0.49819160780897787,4.162493825584755e-09,0.34142092105003446,0.6574998040619906
Gm40117,0.01641844988419686,0.006073618562915822,-0.030255919435820962,0.8094030951328773,0.5632507465324812,0.03977435112435439,0.8752847424111349,0.7802728812441025,0.09943587781088596
Gm40323,0.04199129304916146,-0.015735647549169417,0.011194900153265441,0.05878045317223743,0.507908749931322,0.8802645513546185,0.12933553970862965,0.7426815815743688,0.9388142577520587
Gm4149,0.00728841005835708,-0.009568936424940461,0.034434740992629845,0.02456034239429829,0.29760593154503495,0.0240194590217965,0.06298102507361418,0.5469832338673567,0.06382313397220213
Gm4204,0.0262026364535552,0.00015275122886985944,0.0227950603301001,0.10533586347177981,0.6430241736999263,0.48412507258795334,0.2035228941040621,0.8273228368528611,0.6444222101719417
Gm42418,0.18537930053653415,0.040032424354261756,0.10841637712305068,4.021498214394718e-26,0.057055283615924,9.306933251831599e-07,4.249992431121691e-25,0.17731444118306874,4.738383900111343e-06
Gm42573,-0.033910240407686844,0.00962214682468514,-0.0138736100494879,0.5321954475364729,0.1364171789149115,0.9285774159666935,0.6670374207667382,0.3338630957654413,0.968135646691732
Gm42826,0.1021067830154457,0.043833697766570104,0.12668513002817386,9.006959143663884e-11,0.03535278919272718,4.398718346123978e-28,6.129125856298106e-10,0.12396056069358646,6.74309021191533e-27
Gm42884,0.0177150550678531,0.015071556081200279,0.023313238649107015,0.024486528977401275,0.5521820306440491,0.19184355790901775,0.06290738107453919,0.7702939327484486,0.3489201607341327
Gm43154,0.04459646464074616,0.10229027848515951,0.11245720756178054,0.2078203400555636,7.5534766086065235e-06,1.2074119517297347e-07,0.3455415666001326,6.272083255360774e-05,6.579451846339765e-07
Gm4332,-0.019383520769712042,0.00719376136297948,0.0070026524136835395,0.7679732999777863,0.4732488461169664,0.47584772818805177,0.8428975243658631,0.7183701200578544,0.6388908381350648
Gm43780,0.0162810622318212,0.018033777872705038,0.03399267385055962,0.647151726034362,0.1503427108747972,0.8708349743513657,0.7567281289337259,0.35780942015663036,0.9351922934720209
Gm44275,0.06994548191740527,0.043715675756510516,0.0485278598384231,0.006225701897842844,0.033751516291724196,0.7350014853795555,0.018597118088845326,0.12041781387968094,0.842503756864815
Gm44511,0.0023075175497121823,-0.02262796167924624,0.030766916004716854,0.22535583847361135,0.05821339906797055,0.0006155852626397437,0.36984869961257394,0.17978033838859328,0.00239203744117672
Gm44686,0.04199068190269048,0.0011780279949164195,0.0010581089191381177,0.47221589171670253,0.126234953443638,0.09475424862919954,0.6173769155996252,0.31959666071483667,0.19669966791329369
Gm45051,0.019011913726026446,0.01765467738833682,0.02203953560028156,0.3775906285920817,0.7781188975520015,0.5824881012755958,0.5314548811796049,0.902576233309778,0.7345650486738942
Gm45184,0.029317986866684142,0.023077168274933956,0.03263117175723852,0.166286750695361,0.2078902914910647,0.21365391938548586,0.2921536740806406,0.44034539515592,0.3763222443721626
Gm45251,0.00486083057859796,0.0211501943768335,0.031132299694299082,0.6881676897099394,0.371108215234429,0.40478951331702356,0.7875257810872562,0.6251430717848416,0.5762054806910692
Gm4540,0.03771771789915376,0.05998602360357073,0.030562020609126724,0.3985451848089793,0.008983863911221699,0.04291836102144263,0.5526546051774615,0.0408224435053885,0.1055927929892636
Gm45499,0.048177805080634004,0.04503154697406156,0.02467103520665998,0.10758360389451058,0.021159213631401722,0.38181491854664407,0.20727433818393115,0.08268096082858656,0.5519500635985166
Gm45589,0.06809444479973742,0.02322955216108556,-0.0014809229016009215,0.03656298330586346,0.7427749378392273,0.04085007182437299,0.08689158724306563,0.87662524389655,0.1015077043015593
Gm46209,-0.01720044054975304,-0.007645488534528977,-0.003600587468670819,0.903792253579321,0.13782417288554524,0.7152539882629265,0.936517229666598,0.3367157989060168,0.8260464255862011
Gm5069,-0.0038627130103319604,-0.01729516011919634,0.00697141753217258,0.9748765425128363,0.8021970383994393,0.8904854643415044,0.9858504501352915,0.9150162457622387,0.9460984179408977
Gm5070,-0.004351095637950441,0.01738388977868604,-0.00353861530953344,0.618274350425664,0.940026856769473,0.8389712450558697,0.7378038655635597,0.9771516134079097,0.9136337914542844
Gm5525,0.0057664962788312405,0.00438929193251914,0.01877462358907754,0.04889236838372743,0.16900332748937888,0.05305747642642789,0.11090220145577198,0.3890423132800059,0.122948803346955
Gm5611,0.018748884966902482,-0.00649093160821884,-0.03253229417141858,0.15990398592276975,0.04142479774277302,0.8891312514713261,0.2830787568049033,0.1384629087296769,0.9460984179408977
Gm5622,0.02118314928230948,0.03424657446482226,0.00708596149773464,0.963464601578303,0.36172040310742976,0.6830428919973041,0.9796159760945573,0.6172104621068506,0.8040884677942947
Gm5687,-0.004158436195079321,-0.0038709227257972406,-0.0147216483812781,0.9290336714145021,0.5749379054889252,0.12862181982421422,0.955753666388813,0.7856161210166562,0.25342858567059157
Gm5805,0.040456991835229515,0.0033257924495870596,0.0157690150698092,0.6628299632575982,0.7699920560056398,0.9030132500648268,0.7679798992893269,0.8973591630140916,0.9550811395156108
Gm5886,0.08971928858216216,0.09401457621980777,0.12560623154513828,8.626059949315057e-07,0.00042787566800121015,1.0130073505603728e-10,4.490057324363621e-06,0.002664672128846822,6.729263114436762e-10
Gm5905,-0.03710801990756276,-0.017820674109952715,0.006976503950071799,0.8513889958721788,0.0008918188907715974,0.09921504354965771,0.9052497326537267,0.005205386412662672,0.20504442333595926
Gm6136,0.02847805601621724,0.0102535122085434,0.010696741279195959,0.3039788061277098,0.3719489244311244,0.19631314998538824,0.456950899297581,0.6251430717848416,0.35473684485701634
Gm6285,0.02024125815602722,0.0036937345392013404,0.01140803461001354,0.5882290486536855,0.5653922067302944,0.9303391929631155,0.7147905251497311,0.7809129984047136,0.969248076313328
Gm6483,0.005829712874496301,1.4805762187100612e-05,0.02375241871091956,0.8939415268638583,0.2149278260136978,0.2236715851959814,0.9299391722409264,0.44951172007362583,0.389052007003048
Gm6563,0.020026484573064305,0.01721825500241178,0.02116791392234624,0.31616619682666086,0.1046007129313872,0.836418403908556,0.46820790294394043,0.28007292617905016,0.9120193892181874
Gm6977,-0.01522036325760832,0.011676727687775678,0.019779670388892102,0.5510635740985412,0.8329135632713263,0.6015881479027515,0.6802996981955619,0.9293260836865099,0.7517902188502275
Gm7065,0.00870765589225738,0.020803616996118,0.0011518258030245997,0.8329324179835246,0.03406395974390581,0.09533907348019084,0.8904826004544155,0.12111176177861921,0.19732642063036532
Gm7117,0.013089795124139,0.00636877183445968,0.013251366682093622,0.3028764557211415,0.6999086327358659,0.037692179781908766,0.455784957638611,0.8534725023308853,0.0950824426686487
Gm7135,0.024215650157953357,-0.018318884705443343,-0.0088060160960225,0.7788272441303844,0.2665763528513342,0.0024685961820883387,0.8494636478200831,0.5129296720380844,0.008338236498821388
Gm7289,0.012985140193138461,0.01269881622184052,0.015375809886332543,0.8521697862313593,0.038179541461225236,0.0302696052607938,0.9053898338101647,0.13121555542942137,0.07790793235942316
Gm7312,0.014613154009701378,-0.01094136460394186,0.005455001974987302,0.6540896446378099,0.6492291223014046,0.45309681380817846,0.7610133897162176,0.8290910089330678,0.6202846469699793
Gm7363,-0.012081205085151519,-0.014225150441621762,0.011944884344912539,0.7038293382234349,0.5938287605113459,0.0038792391753703867,0.7968988174837051,0.7988342535326206,0.012271062697600204
Gm7434,0.016530601026613637,0.02206522380401458,0.02993940092646074,0.21314110180606577,0.24415360912665265,0.2905045439565048,0.35270680547978855,0.48464815023691055,0.4674208060199818
Gm7467,0.00751667311661558,-0.01685944362843702,0.020978449407070297,0.23335040724370523,0.13869719355797425,0.01070031956314493,0.3763281134161489,0.3382562675058987,0.030777207815643665
Gm7618,-0.010841393500346219,-0.0195403123550458,0.006234643969526103,0.3674780725005579,0.573303568073387,0.3994265827903508,0.5214973663665089,0.784846395939524,0.5709017243776019
Gm7638,0.0451650006300419,0.011939142683176382,0.00280753214461244,0.5076219662549214,0.03866295899272312,0.2726999282743705,0.6443427142180304,0.13219320537953128,0.44754870581499634
Gm7730,0.013691257512849359,-0.009030008900350123,0.03456367517773576,0.41035424096831885,0.5265189506142853,0.5309170655670907,0.5595739649567985,0.7532738657066145,0.6921769219309267
Gm7809,0.02127611538655104,-0.007956328141752522,-0.01638990065710946,0.32452522783069676,0.5870625149563489,0.38946331333837375,0.47956853053370974,0.7935583414380879,0.5612616963915613
Gm7860,0.005056521375981639,0.023900836609931243,-0.018841026907690142,0.8150042754628233,0.23751586958518617,0.4814680083814651,0.878617437612549,0.47698168286292747,0.6427252360690372
Gm7967,0.1407314775615373,0.011415210696899658,0.052862338538125844,5.7467595432999515e-15,0.26707892373787623,7.335457303579563e-05,4.6881459432183815e-14,0.5131888410665804,0.00032078253725684923
Gm8091,-0.00700232902928704,-0.01611758336708196,-0.00748440415418726,0.8575329539194396,0.9544967990423114,0.002485236354604603,0.908048407344492,0.9814484012788073,0.008374165977472033
Gm8557,0.01616602270708272,0.010143446161869438,0.01228902357692568,0.5201414234090249,0.5082183091691336,0.937281339075677,0.6555637006383856,0.7426815815743688,0.972847818460245
Gm8606,0.015516089357465002,0.013242632431492518,0.01342464324090048,0.3686674955683973,0.9338446355265936,0.8481168368305463,0.522123001337984,0.9721760689273236,0.9165073562438262
Gm8739,-0.0007300491080005217,-0.0008017689515857802,0.01011862280300398,0.5531901933815833,0.18590785944861568,0.5128796735635641,0.6817140633986826,0.4149463422893102,0.6736978762911224
Gm8960,-0.0102457832518741,-0.013060823555343881,-0.03106664690898876,0.6485465875706161,0.13188865208215506,0.08813278532170024,0.7577240281918002,0.3278085796010943,0.18571787843470064
Gm9294,-0.010009957776562942,0.006409898965546302,0.010013961413776879,0.40922895304609824,0.1218808945851391,0.2376017545463015,0.5588464240276181,0.3131194253154126,0.4061451286603224
Gm9573,0.04412390781457888,0.06214298066522204,0.058129519869295876,0.19768647213433732,0.012373963298360853,0.003590298494458502,0.3330587302263292,0.05394274625379185,0.011620571693200951
Gm9625,-0.03186544720964578,-0.0182821690235196,0.00536898825422724,0.29062053853873937,0.5321975694320713,0.8925529638381157,0.4411486956055946,0.7567947088254224,0.9461332709378202
Gm9687,-0.0014365560113091401,0.015042866791047979,-0.00925233028784376,0.0352727452408524,0.7642742255831767,0.5599246103894021,0.08440047960718541,0.8936819318428596,0.7172587984327052
Gm973,0.014024003245319739,0.029446305672197054,0.04891491835165118,0.8732775128725294,0.7750296115502463,0.7961568690061133,0.9194129286469273,0.9002217386449572,0.8878008251507019
Gm9750,0.03479327053732538,0.010366006555066701,-0.02909125481737642,0.6344818109605992,0.8754715758491945,0.3564151992653748,0.7481843840152459,0.9485384479374313,0.5294986187169306
Gm9844,0.0772930494700669,0.04342912483001744,0.011806746949351523,0.01081051335158394,0.09993159141886403,0.23396998266322216,0.030837255244520693,0.2728073777481709,0.40195581996945184
Gmcl1,0.01372876528812358,-0.006333467952172561,0.018992171935036557,0.5960798369581426,0.49465183342309293,0.2726622411510205,0.7199405823000943,0.73239075965333,0.44754870581499634
Gmppb,0.00657280946821662,0.01857597822997446,0.026723969572640262,0.9815642831816533,0.46537136676745683,0.37629193246462095,0.987039732273517,0.7138139045892367,0.5467992143626522
Gmpr2,0.029488130551185838,-0.0013049490681804007,0.0178636590566806,0.30789767806173374,0.09715560647874902,0.0016603615549158227,0.4604609415733934,0.2662712594063946,0.005893649794166851
Gnb5,-0.004749693333288179,0.01968693329425454,-0.005584162739443359,0.6944537625120741,0.9437630230944589,0.8457967577039783,0.7914730381571433,0.9787311166978219,0.9165073562438262
Gpank1,0.014014503347624583,-0.006627654783006641,0.0014563070951671407,0.09807461603147143,0.8498606953727534,0.8217555566139643,0.19269590051253893,0.9400505794080731,0.9047742710943016
Gprc5b,0.12921595265432267,0.03466936039433978,0.0733412234381205,1.3909974332160426e-09,0.4383785070296882,0.0014698153418411927,8.780277915549228e-09,0.6840469992241779,0.005270931624340524
Gpt2,0.01976096754713138,-0.014565145378196559,-0.0225434503369907,0.002781212589543656,0.24335725843485928,0.029802083886771073,0.009150451798144811,0.4842844158582435,0.07698871670749194
Gramd1c,0.03200849766244374,-0.00930982447583798,0.015267818276519522,0.008177467090964799,0.9719964138785595,0.713180637227921,0.023965476033394738,0.9854178759888013,0.8256323559609542
Grem2,0.07067095037540158,0.08497423346907795,0.1016604516133075,0.0006276206433350242,0.00011197017048343743,2.611628023432307e-16,0.0023347487932062904,0.0007888807465878546,2.2628702439056326e-15
Grhpr,0.012642745479255962,0.02200220659087028,0.05024313802952064,0.022166293226333202,0.617591958832734,0.3361348565688337,0.05791767023475377,0.8104805104154882,0.5130285830563709
Gria1,0.033298290178923655,-0.01463728606061642,0.005335039088077082,0.6559751331498849,0.19982400709017498,0.4800373728321159,0.7620454927562121,0.4288530613704524,0.6417974457811545
Grin1,0.06369694430402714,0.0408431302819394,0.03976691928751462,0.029203794816508585,0.5986206486599591,0.23366670173334064,0.07248984656410938,0.8014578094111696,0.4019297767176451
Grm3,0.0104635178444492,0.00408475014103934,-0.00786047131388276,0.2277838483912526,0.835937356943002,0.7440197236373995,0.37240293089933735,0.929930313345684,0.8493514848397482
Grm8,0.03947955736589856,0.02223453490186572,-0.03382586582453935,0.07990424120083178,0.31753902901202113,0.3975142645027467,0.16368049408980961,0.5693662538197551,0.5687511784423914
Gsap,0.08171562043455508,0.04435416731632145,0.07471641076522148,0.0003782001078272865,0.10505737648434212,0.0059106707247441655,0.001469607661334442,0.2807567819840177,0.017924751436995894
Gsta4,0.0792416189275939,0.05306627911269766,0.06641195077814285,9.741459953103712e-05,1.1377681715556744e-10,1.6338326415807212e-08,0.00040808818722461496,1.3565697430086886e-09,9.496652229187941e-08
Gstm1,0.07833288333716662,0.09143044090431421,0.11147211109635849,5.4695264935075415e-06,3.703736181768504e-07,1.8657952213206108e-10,2.6493018952927154e-05,3.4216635586536845e-06,1.2162543615618001e-09
Gstm2,0.01664906975411202,0.00994996241056632,0.0011291051846946212,0.23265787949494288,0.9170655030459005,0.3446845776856224,0.37564553460120986,0.9655225711666031,0.5198216063475062
Gsto2,0.06368334156826097,0.030434397130398798,0.02029540802522354,0.019354815182052065,0.012443944614823248,0.06982022233208678,0.05162517625040656,0.05405493485128926,0.15338458291852133
Gstp1,0.0737242080808717,0.07564785408039479,0.14129851483259673,4.003565717547573e-05,0.0010677232207343763,2.0636791347636098e-20,0.00017453044299933952,0.006154850797208492,2.240676829340762e-19
Gtpbp3,-0.020521745693920304,0.008335644342840443,-0.008470058126169761,0.08920372643653376,0.8843695432246127,0.3457877338248526,0.17879195169391465,0.9533968414206605,0.5203601819694383
Gucd1,0.02379546914534548,0.0234864887716147,0.018224035696842816,0.5771922174132882,0.6056229770132497,0.21255353790194045,0.7039763155982992,0.8053804127106611,0.3748573772101226
Gxylt2,0.09301024035989504,0.07797459385972678,0.038727160849857487,5.322810356595157e-08,1.8296664534777112e-09,0.0004178001838092529,3.055687426934257e-07,2.025702144921752e-08,0.0016700036000398505
H1f0,0.46147544678407915,0.12434704990781234,0.12542503987078624,2.9201202096025037e-264,2.8618288863847045e-14,1.5759783263633815e-20,1.1315465812209702e-262,4.48567561405243e-13,1.7310943033676512e-19
H2-K1,0.00878967437979256,-0.012274490680935418,0.02035990889556082,0.09619863205060594,0.006898259554896307,0.08438930373259661,0.18954391484547356,0.03254873480805652,0.1808342222841356
H2-T23,0.023383173703721262,0.06215206053198698,0.060291478963263215,0.5387192910885598,0.05742412701185396,0.01809147243456822,0.6721944642831313,0.17801479373674728,0.04997545355687657
H3f3b,0.3302086272797441,0.0977863671391252,0.12057640214467773,2.257464805493895e-137,1.5509578039943693e-17,8.153543083701603e-50,5.248605672773305e-136,2.923765049421818e-16,3.249769314789639e-48
Hadhb,-0.02391199880696962,0.0005227862088730773,-0.021387890446394157,0.4006239677749352,0.3071961149733341,0.10506298009459626,0.5532413631769301,0.5601811508337269,0.21490155019349236
Hirip3,0.2574052229924443,0.12373345008338413,0.09070213012633983,1.6581107138162078e-68,2.6503045199111455e-11,3.41477850197923e-08,2.7536481497304878e-67,3.2718361108637596e-10,1.928589477838472e-07
Hist1h1b,0.518225254314076,0.22593333588328232,0.19342036209113986,0.0,1.686237719671275e-67,4.435251213813273e-59,0.0,2.1384560172194804e-65,2.946274020604531e-57
Hist1h1d,0.398570534068324,0.12359744979890427,0.0945008022609177,2.0162265740028008e-206,3.702837064696008e-23,6.328480374578321e-20,5.9843320653912925e-205,9.933572510097943e-22,6.688053123133907e-19
Hist1h1e,0.4865869006930583,0.18725294059515626,0.1536332686771203,0.0,1.2476642131239181e-57,2.1412570092961886e-47,0.0,1.1603277182052437e-55,7.659111610174829e-46
Hist1h2ab,0.3728086505234784,0.14969875537392024,0.10781496551430218,2.78799140466738e-187,2.5020720162230163e-30,1.640230633011173e-24,7.479323095213453e-186,9.433487736840832e-29,2.2214774107287246e-23
Hist1h2ac,0.26385277463305823,0.12010828217841356,0.1127291620854208,1.0918869809240346e-82,1.027270354120894e-12,3.4634188577183953e-10,1.9039779229862854e-81,1.391303052425871e-11,2.1961224120532553e-09
Hist1h2ae,0.43764132060370303,0.15407071890020413,0.13939554362020815,3.716203164216015e-294,1.5246832247022902e-37,3.5620339680430544e-37,1.728034471360447e-292,7.877529994295166e-36,8.56730583693114e-36
Hist1h2ag,0.21628289841285717,0.08606933260396299,0.09197402898109194,2.440519568132314e-52,1.7401767444621255e-05,5.994370184668096e-08,3.509819378911936e-51,0.00013637902014183512,3.30519620854229e-07
Hist1h2ai,0.3801124943399673,0.13374802947459627,0.1057720314596771,3.437645932819485e-200,1.0687409886641718e-23,2.0285889217125158e-21,9.990658492256628e-199,2.923320939581411e-22,2.3007167038934633e-20
Hist1h2ak,0.3969253498023028,0.1616991047883824,0.14868774535200274,3.0946589508812526e-223,3.334058369318435e-33,9.723563828304733e-31,1.0039649387161273e-221,1.4534410703747552e-31,1.739021992369885e-29
Hist1h2an,0.43646078367508245,0.1808625418900997,0.16754458723454013,5.869589263395784e-275,1.3616064347350176e-36,4.713991440532617e-32,2.339450577839177e-273,6.78371777305482e-35,9.133358416031946e-31
Hist1h2bc,0.04239720155036184,0.0330322973119166,-0.01777641292961648,0.11514076061653807,0.07639190045387596,0.046032317072061915,0.2164708370081814,0.22294288939991,0.1110987583313605
Hist1h2bf,0.15454803429000497,0.06311000804951468,0.0334756830949099,5.556369889780267e-24,0.047359264322538036,0.7682922079278381,5.6993647031202e-23,0.1532857859163354,0.8671259142874873
Hist1h3b,0.2535985500963338,0.08883589313806128,0.07429852957927018,2.4462269108846887e-86,7.15727210873025e-13,2.5759439675327025e-05,4.4318007021871957e-85,9.788622148704606e-12,0.00011820532351013552
Hist1h3c,0.31718642739900343,0.1323300377450846,0.10961488147720214,3.658097097342592e-128,2.4525427463424674e-22,8.464191094103584e-19,8.365648279988388e-127,6.455277605939136e-21,8.43396184019607e-18
Hist1h3e,0.19765031518689363,0.07317227270539768,0.0597495714129081,9.306433027004386e-55,1.5316281701693185e-05,0.0016853027535286614,1.3665762181759072e-53,0.00012139893735148859,0.00596699832784894
Hist1h4c,0.30354183721282035,0.12203634038386993,0.08887686345922967,2.039743166099588e-126,6.582423631726755e-15,7.145071153472044e-18,4.589422123724073e-125,1.0677303449138166e-13,6.600910105359935e-17
Hist1h4d,0.3696527454689645,0.15277209423435525,0.12272232901582258,8.516061145463979e-184,2.923106289235515e-28,3.015099761794259e-24,2.2414915656457078e-182,1.0455726342265496e-26,4.0057753978123726e-23
Hist2h2ac,0.4480689130547324,0.19522563737540866,0.16360490707266603,7.595877928717964e-280,1.1950157861565785e-52,3.0930171737133436e-42,3.116544032518106e-278,9.806158951108394e-51,8.629517914660229e-41
Hist2h4,0.12650971782393153,0.06262096564788437,0.06922693078743308,9.986097779102196e-17,0.14442651382514277,0.066748438935791,8.546384295612002e-16,0.3474609913600851,0.1481925267371709
Hmgcs1,0.06062091074030125,-0.0015847815656750198,0.056174801508101724,0.02953393471186109,0.46625988749228364,0.00957209605761928,0.07304935979263515,0.7138221075124643,0.027876981211646966
Hmgn5,0.144770146763238,0.07586238505858199,0.05798753171502158,1.64984081224482e-12,0.01767841924656483,0.06796788895329398,1.186354604681198e-11,0.071482303910023,0.15050032553943665
Hmmr,0.6379023442753997,0.17647121202341648,0.19167725538538055,0.0,2.249275158462663e-26,5.384222698790785e-36,0.0,6.821171404468293e-25,1.1555370253558684e-34
Hook2,0.007676073319015442,0.020506641344382102,-0.005612939861441639,0.6595652086906081,0.4896024381492883,0.37767084702848486,0.7648324739180369,0.7312584595484553,0.5476619871151105
Hoxa1,0.00854843517928892,0.02126743188843246,0.01213006005771242,0.1388562948965821,0.5029019235707777,0.3136555227979821,0.25254828080929864,0.7388531701083098,0.49139735359082837
Hoxb5,0.042091215037703036,-0.001942815538567761,0.020024094676668342,0.2271334851883022,0.5439184643111428,0.9763244098157542,0.37189109370619905,0.7633463357284146,0.987509606876499
Hs3st1,0.009704832314817561,0.009576470554201659,0.037724515137057275,0.9922089608259235,0.7930406366301881,0.8286430123012334,0.9936335250194998,0.910053656932392,0.9078012612039607
Hsd17b11,0.03993238299409772,0.01056361978519198,0.003606136574214179,0.44222028254022117,0.47947251197361973,0.8436830429535369,0.5920319521531752,0.7230963829223778,0.915904937681077
Hspa12b,0.006317099840396958,-0.0019416889244425397,-0.00849165732360744,0.6010863308961774,0.5755553230673998,0.24551833722804325,0.7253593698963386,0.7856161210166562,0.41565301023436935
Hspa1b,0.0095750067147953,0.01875200920706368,-0.00330208354214582,0.36378389265515754,0.47454075990812394,0.31748251029297225,0.5183641779917719,0.7195482174693836,0.4948470411829009
Hspa5,0.02625323217255664,0.054732264121273924,0.10609154859842504,1.4056836298678748e-15,2.3914897547964133e-10,1.3222665352449222e-25,1.1603128187370918e-14,2.8034690823033585e-09,1.863193754208754e-24
Ica1l,0.05184789099460554,-0.00594611783055852,0.0221362066755129,0.004686330393040828,0.9243892903294587,0.44969369103749324,0.014559979728935312,0.96956621053353,0.6174436013752983
Id3,0.056366810522407815,0.0751613164264355,0.07688680952580515,2.5681707317764077e-07,1.2852003900410152e-20,1.604986172422303e-22,1.4160467078371892e-06,3.0387365154359597e-19,1.963996237306239e-21
Id4,0.07319073463554,0.02390339315830748,0.02357858556481552,0.00035346301228672956,0.044055316055998744,0.25849666562639784,0.001381178997591002,0.1452556490758599,0.4313431202737141
Idi1,0.04925013563752596,-0.01303889938040852,-0.017100161831392062,0.03649891832624313,0.7242695360357122,0.7204553659688411,0.08688735676639789,0.8671837691082174,0.8289550169656521
Ids,0.05471030192160549,0.04226337231079732,0.03298259633406052,0.2512160243697694,0.022271915131775497,0.10339023380006933,0.39686364551871756,0.08600201207538088,0.21179056703538432
Ier3,0.08081085098589857,0.012648985067437482,0.07817883823850542,0.0004567917881973078,0.023577139771501273,4.1196880177272585e-09,0.0017458206699595734,0.08937529886207683,2.487863543172955e-08
Ier5l,0.0804841186895793,-0.012762496070052021,0.05368811665538895,8.258216567107129e-05,0.5485281734484874,0.4160061363012393,0.0003480426619672038,0.767085754909772,0.5861676587729726
Ifi27,0.006686772806106941,0.025428302633872562,0.08392918455345982,0.2571635455844686,0.5317028057017439,1.115715759928482e-15,0.40404336735436963,0.7567947088254224,9.209606420711433e-15
Ifi27l2a,-0.013185519702000523,-0.0033086785038705007,-0.002474492607529058,0.0798532160179132,0.010210155215213512,0.03964331926724831,0.16368049408980961,0.04493112468524558,0.0992862304808104
Ifitm3,0.04415812174747814,0.03856792419609998,0.09534345877076268,0.027986266730571592,0.0001600043772312457,1.410887059951438e-07,0.06996566682642898,0.0010888102743296963,7.569951725508676e-07
Igfbp4,0.0332706486072521,0.01482478335903584,0.04307638556483156,0.031082052111712975,0.3771655447890744,0.06586915238125415,0.07580325646125803,0.6308704256364014,0.14678509196781078
Igfbp7,0.05312934723470399,0.07578333309444166,0.08069151079991548,0.0004282123465212007,0.00023549004504570345,0.00015808443356533474,0.0016410885258161402,0.0015569128570557171,0.0006702972183089421
Igip,0.0646103681351115,-0.0011707869857858003,-0.00592730932592362,0.04847760713743829,0.0726418739131025,0.7720155594188444,0.11050042803386668,0.21514949916938003,0.8699206020915088
Ikbkg,0.0027542337750503815,0.026008716477129663,0.039082902727873604,0.5528503008120279,0.7529382988887725,0.2828806409614452,0.6817140633986826,0.8845247576107699,0.459392891898971
Il15ra,-0.0018467471073459192,0.0270937411955941,0.00477969672148428,0.5898816623560608,0.8992797651873823,0.7811827094541948,0.7155521034666998,0.9594543004654597,0.8774153620681172
Il18rap,0.03378278448008288,-0.0334122723056528,0.0007913462686966591,0.020015720198442756,0.5686909526408566,0.33020972287482847,0.05308351649587005,0.7823706892840186,0.5067574955009744
Il1rl1,0.17782768126480325,0.13045496890412753,0.16446705624615482,1.1969792649637207e-28,5.831350325838757e-21,4.0068583022241746e-38,1.3914883955203253e-27,1.4025402938870804e-19,9.806258476496005e-37
Immp2l,0.2748466120057273,0.09044229067564795,0.11153784502110771,8.758118109856059e-108,1.7717823353376676e-08,6.017026624126454e-16,1.8511476914013945e-106,1.8445047446239151e-07,4.9962810361050015e-15
Inca1,-0.0183847200260734,0.01939900914431024,-0.01347274983688038,0.466216858113052,0.45128550648556043,0.8103310625304277,0.6126009915968819,0.6979415538219034,0.8964407868595929
Incenp,0.5144804649337157,0.2693079338864007,0.23812629445158667,0.0,1.785925889766607e-85,7.94195206488528e-68,0.0,3.1142082702805213e-83,7.386015420343309e-66
Inpp1,0.024956475233368854,-0.011393466468473399,0.03169656152297188,0.27598122012101983,0.6390556062986227,0.0484284407214584,0.42307011216354135,0.8273228368528611,0.11450453357022793
Inpp4b,0.029435256862893545,0.03246884783082108,0.02623567973271266,0.1916606016995911,0.006722123066586622,0.0053803378346946274,0.32565960946520045,0.031895788020028355,0.01642356953916631
Insig2,0.06021533702845958,0.04146107539865126,0.04829773734562198,2.2617782712111264e-05,0.22220937527925644,0.022450357425881976,0.00010112758616472824,0.4585533705836727,0.0603434462603186
Ipp,0.015369886400105417,-0.007367322380623859,0.02807613895966334,0.362294819671754,0.25134813523210797,0.29577158868314285,0.5178291736087057,0.4952410291649585,0.47209946373494693
Irak1bp1,0.07373496504823748,0.06742958628507263,0.07854579332873493,0.0046034400014930985,1.9895513318271044e-07,1.0189932366796269e-07,0.01433437232607784,1.9408560195096578e-06,5.596439232945195e-07
Isg20,0.00511726541687812,0.0274103800078431,0.0042720351598347596,0.9539186380762017,0.10041808896560406,0.5073035560364708,0.9727459796171795,0.27360006661526887,0.6682610582350111
Itgae,0.02704528809992718,0.01903913716802868,0.016562645375119877,0.11563354458525263,0.19932274066009134,0.579948037890335,0.2168128960973487,0.42843639941575873,0.732151595345717
Itgb3,0.03295639954844441,0.012843589050192358,0.018208411444855223,0.10128914933565991,0.6175224592785036,0.05731186884757641,0.19734408285369495,0.8104805104154882,0.13128088184297057
Itgb3bp,0.21316175205448604,0.10275473258597945,0.1118511661384102,1.227169203364521e-43,3.456853636012716e-09,3.545720928051485e-09,1.6949515234589173e-42,3.7382254435951465e-08,2.150556823752966e-08
Itgbl1,0.06010423222379656,0.03917236279567948,0.10273414029816277,0.0009300082414386001,0.5685237259083443,4.0341955338916856e-07,0.003352355288906582,0.7823706892840186,2.084334359177371e-06
Itm2b,0.03373477196453108,0.0117522998384473,0.043065045542059865,0.054645226775152995,0.13288632189907515,0.0011408913959203844,0.122087884533699,0.3286815940588827,0.0041882723613393055
Itpk1,0.08948176764009938,0.04650536011646024,0.05102964800281214,0.00015562500982863677,0.1123065235625044,0.0412690159283074,0.0006277648166192975,0.29559924598055404,0.10225626504438512
Itpkc,0.0015353439751624406,0.01806673673702714,0.006872067577114639,0.6264421797733357,0.1262211373510609,0.11956792415488128,0.7412102127089086,0.31959666071483667,0.23862268125330383
Jam2,0.048498150302185745,0.026180799911044002,0.034875329336054486,0.07019575077368208,0.39513395030502957,0.521348794861698,0.1481438310579221,0.6491733495426794,0.6821763915121459
K230015D01Rik,0.08449852318548919,0.01642689044862966,-0.0051552754947048205,0.015692717055566383,0.01868003802451274,0.9216985472709069,0.04300852709727918,0.0753140261392927,0.9666215404808685
Kansl1l,0.09917608192100888,0.03790996200508512,0.06692249394569288,2.8166435142451575e-06,0.44999601345121243,0.06026463640254678,1.4091983594471209e-05,0.6969751201664562,0.1358144875307799
Kat14,0.010183248460436223,0.05601851609271188,0.07092530245649484,0.980066162884087,0.11770386118053373,0.0002438808758549935,0.987039732273517,0.3069100679380272,0.0010035805953324953
Katnb1,0.01127548686145162,-0.037630170459749424,0.010679694323922226,0.8922274658665266,0.030830763908505622,0.033118296314237544,0.9288487424506005,0.11171146922692297,0.08446073740102628
Kazald1,0.017028234864750903,0.00577114103582516,0.01089972422080714,0.19084735074190165,0.08873797667852366,0.5611827943499808,0.32506966335159077,0.25007975245765757,0.7180362768844648
Kcnd3,0.03728264388458426,0.024157069379530542,0.01706467128726482,0.6976258402659121,0.8711903619540513,0.4864605742136465,0.7922425813580891,0.9467368886739799,0.6462976200267018
Kcng3,-0.021252281138938,0.04077077714326266,-0.00356941132910056,0.2660959475600428,0.6302951174509074,0.6299975731787729,0.4124487187180663,0.8216062061815353,0.7639351402354422
Kcnip4,0.11731046419190425,0.10984770400301518,0.10773596905069356,4.779935793518512e-14,1.962456567767902e-11,4.334624275062753e-11,3.704450239976847e-13,2.4887517382147487e-10,2.935340225103175e-10
Kcnq1ot1,0.09092354614327339,0.041054935419070834,0.1694596216009458,2.8801818369121874e-11,2.1828403471405417e-05,2.4249745677664734e-49,1.9792382573854687e-10,0.000169170126903392,9.396776450095084e-48
Kctd15,0.08038527113163414,0.07783971608634674,0.11604286773982338,1.4765059576625282e-05,5.439281463248381e-08,3.157630062338194e-08,6.731130101108584e-05,5.538538424256564e-07,1.7906072914478783e-07
Kdm5b,0.15152533151520628,0.07612749822146529,0.0881516434963259,8.058087591089229e-19,1.0621864270296696e-05,1.6463851610759436e-06,7.646960673176512e-18,8.565029281539821e-05,8.261537049283961e-06
Kif11,0.5930550719301466,0.2856783328143412,0.27181779596973377,0.0,5.396331098739725e-89,1.3459081505790567e-84,0.0,1.254646980456986e-86,1.877541870057784e-82
Kif18a,0.427097670074692,0.16797408918077866,0.16007482179716132,2.134983197404827e-212,2.7832193578133505e-27,5.599960264548053e-29,6.618447911954964e-211,9.244264295594343e-26,8.979246631085672e-28
Kif20a,0.3080758974533226,0.028710285643940802,0.025270778002476357,2.4037727162894395e-102,0.24953664884458276,0.0003784348067668037,4.7903756274625256e-101,0.49306462484163305,0.0015301929143179452
Kif20b,0.6362956756590752,0.274475524082969,0.27556902065639166,0.0,1.6699289265480057e-85,1.500454099781278e-88,0.0,3.1142082702805213e-83,2.616416836493603e-86
Klf12,0.010835676825434157,-0.00947628418164992,0.01191892577656744,0.045330753673190005,0.5413670044304587,0.29795870339329467,0.10452297747785133,0.7612973499803325,0.47394799456516085
Klf2,0.07350920615819018,0.05795631152281918,0.07168007592828943,0.06300316820704079,0.0016392875771545146,0.011980581952481865,0.13647425411307748,0.009220992621494145,0.0341777337908225
Klhdc4,-0.0031500569580783988,-0.03832478472144198,-0.0058932165135556595,0.5919386016248954,0.7832971411898403,0.37185947617039317,0.7168006504051468,0.9053153636570285,0.5419411813649009
Klhl1,-0.004966985604472319,0.00574937597163772,-0.02421276166123594,0.11502741340356501,0.875922939348258,0.5854491586807492,0.2164708370081814,0.9485384479374313,0.7357671859095902
Klhl42,0.06376317388482441,0.033922390722356435,0.02124608218888928,0.0026093163485683387,0.2322617485522242,0.08990037344281757,0.008625583664106238,0.4695726655512359,0.18830483626536113
Klk8,0.04348568986881518,0.029344155080201502,0.044101188503496265,0.408739866589843,0.1725841968957904,0.26180091841271647,0.5588464240276181,0.39532833279084995,0.43579874968627075
Kmt2b,-0.01509090373886068,0.01033578204506398,0.01598992662716368,0.6406317465861121,0.7411054112627358,0.553451088416707,0.7528907215565512,0.8758527307641097,0.7121277935277044
Kmt5b,0.052637518458755084,0.01014556137756554,0.06295762567951418,0.20627618412765228,0.019730310574061816,0.13134832605156588,0.3437936402127538,0.07863938071661782,0.2569858553182811
Knl1,0.5453737456938043,0.20044695070756174,0.17273135295487235,0.0,1.9677911674429934e-45,1.2886232799456662e-39,0.0,1.1935081211230328e-43,3.4569797606234697e-38
Kpna2,0.280498210544871,0.14215826319897734,0.13146179360837779,2.9263554250121194e-84,6.986759829054153e-17,4.793925534378638e-17,5.233674125502444e-83,1.2657831118870835e-15,4.3145329809407743e-16
Kyat3,0.02296254185469568,-0.009739623133011339,-0.029008900879175757,0.14658770479776895,0.916651793175967,0.4112473159140744,0.265226781054329,0.9655225711666031,0.5826875210797902
L2hgdh,-0.004290322990673079,-0.0009232729268451794,0.02357987154980678,0.38009685027842144,0.3432061360302194,0.3734717972449324,0.5328326814358023,0.598465699702695,0.5432671086096775
L3mbtl2,0.045936096006753434,-7.644626056352057e-05,-0.004902359958535201,0.005300481553547555,0.5225847434319175,0.3147177388995384,0.016179806930413213,0.7496925663206812,0.49163633344328794
Lancl2,-0.002074071612118341,-0.00557565217691074,0.01087970659130626,0.2294578362075132,0.4056613098963424,0.7225562919879818,0.3727804610630621,0.656105888647909,0.8302850307440154
Lef1,0.04188870808256566,0.0041356380892675,0.03294421848517002,0.08363155154485766,0.2829534142010563,0.15218271901990071,0.1693265811394433,0.5318875138057637,0.288444148142339
Lgals3,0.00990815318537556,0.030127283189052147,0.11258285662728626,0.2922939167573901,0.5903003426786857,2.072023734659199e-20,0.4432065368223469,0.7969097354443486,2.240676829340762e-19
Lin37,0.02389003895566136,-0.0217281202971378,-0.02241391135152828,0.1380205881511786,0.5270217153617603,0.19963680829140887,0.25168460192273745,0.7532738657066145,0.35888317985375695
Liph,0.02084905953592964,-0.021318523081190636,0.039652765719602065,0.8464014532266303,0.9103012240393301,0.7365485202764998,0.901320631489427,0.9642142805883565,0.8433433468025135
Lipt2,0.0018572902003246004,0.00899815199872174,0.012595140227115059,0.8330321101025177,0.951760439539961,0.5565612423144822,0.8904826004544155,0.9805803642232243,0.7149198278349013
Lmf1,0.04170295942010098,0.01963885771008714,0.0357909539753426,0.12351921071698284,0.18952671229831736,0.019666397184199512,0.22943981218400938,0.4205253939505083,0.05400516549598094
Lmnb2,0.017773440331684442,-0.019841742059065817,-0.02887504692197636,0.19040181975144027,0.035016914878821,0.000456549349253725,0.32506966335159077,0.12335504105039215,0.0018042106011584881
Lncenc1,0.10994120786816812,0.02902526375266678,0.031294594007204524,1.3720748636902386e-05,0.2659630927298845,0.4483026403774699,6.29619879884172e-05,0.5124565115444598,0.6174428159671795
Lockd,0.39692140364575035,0.11614548203422423,0.15848403607239067,9.61904013119104e-190,3.758829386433793e-13,2.700117517092842e-24,2.6310903888257845e-188,5.40573916914963e-12,3.6217922464851094e-23
Lox,-0.0341871797447721,0.05758579481738638,0.07519618382633833,0.04288980048225502,0.01763078948507706,2.169406976116339e-05,0.10007721984279,0.071482303910023,0.00010054228344459446
Lppos,0.0730950045842754,0.037374673737031086,0.04694251731643576,0.000995413801066032,0.7335525898731827,0.27256449978724834,0.0035514124104529783,0.8737520153793534,0.44754870581499634
Lrrc17,0.030351350621620345,-0.00550326032342688,0.0697902465420113,0.39639765187051024,0.6784465831308947,0.167272210649477,0.5509602716595654,0.84202222728434,0.3123758150683004
Lrrc20,0.0563832287600341,0.029313267197141564,0.0244813718434907,0.33529467399365015,0.2443064798959737,0.17172882470182177,0.49183603598437636,0.48464815023691055,0.31856610433383165
Lrrc24,0.015110377251027502,0.03474371831835628,0.02858163775729276,0.9789957489660984,0.35699530263346957,0.4114316905115364,0.987039732273517,0.6140671358491863,0.5826875210797902
Lrrc51,-0.031255275444372836,-0.0025935957816064616,0.01393803827601138,0.11459602445490975,0.4676098104959181,0.32695195170008473,0.21602899204675555,0.7144750116558661,0.5039756603553792
Lrrc75a,0.020116297762048724,0.0021675948281215996,0.0023956497331700595,0.9465024108814413,0.03620630127324673,0.974172752338959,0.9673046616700444,0.12564126934372932,0.987509606876499
Ltbp1,0.05576020517981389,0.027509542541010477,0.09233109926931694,9.326940513208477e-06,0.3437729028366228,7.492639660779498e-05,4.380835695597921e-05,0.5987056172997364,0.0003246034884095466
Ltbp4,0.07654416976613485,0.05591742768413416,0.049003181333063084,2.5441117715718467e-06,0.09503916929538982,0.4407046313891768,1.2812404048168687e-05,0.26305484358545395,0.6105093950227425
Lxn,0.14591268257376902,0.047938967440560844,0.07615768780779783,1.3359848639114688e-14,0.18435935592254749,0.00022477829572121297,1.0649707915179995e-13,0.41281107786830457,0.0009304620846619943
Ly6a,0.007035401227190879,0.01634433597864788,0.06879589178468794,0.010262491095030059,0.3669824450698206,2.202148217376093e-07,0.02951788675786996,0.6235572605023139,1.1636351375907763e-06
Ly6c1,0.05568885748789352,0.0015178837633945403,0.037214721276237074,0.11555515305738123,0.02244066838382698,0.0001867294734705624,0.2168128960973487,0.08600201207538088,0.0007822450915658696
Lysmd3,0.0524334649950219,0.04676958503523182,0.0732328290825762,3.0478423508416428e-05,0.00161176385486543,0.0015994557078606647,0.00013412429272631203,0.009102876832134715,0.005706497985845593
Lyz2,-0.004419771463174021,0.02336489941729328,0.07729721913662402,0.18616963458445535,0.05240033139523033,6.765477850101974e-05,0.3198357638489103,0.16575615033185107,0.0002991302899884906
M1ap,0.051899048073384434,0.020659459708336197,0.015718070761909057,0.00022064419076263346,0.12333610159287797,0.6180372624725854,0.0008794247031824962,0.3162754811067367,0.7594954959412872
Mad1l1,0.20157038928736964,0.08301909712930725,0.10593139982691047,1.358401957622994e-34,2.3577363475848044e-05,5.645385908274543e-10,1.6478006355513712e-33,0.0001794102712100277,3.5001392631302168e-09
Mad2l1bp,0.040535987435627516,0.031993564811070505,0.05690632116209045,0.025800328844609883,0.0709352176559729,0.009346098414512422,0.06555821263794315,0.21144151416684226,0.027332929325460855
Maff,0.0090415110987944,0.00914944448012232,0.09309978278329631,0.3124470791037992,0.010136332556570943,2.424308636826091e-12,0.46516934402326565,0.04480561342665718,1.7614117439439567e-11
Magi2,0.31186700633519504,0.01957252340673862,0.1572280042731705,4.251279691611308e-115,0.26387677414880567,1.2237055593211365e-25,9.266461202809023e-114,0.5091398339385669,1.7419074033193726e-24
Maml2,0.15035595337109672,0.01983637756987424,0.11518404789939551,4.3499353578273545e-23,0.10193232805368296,3.8171328375788705e-12,4.397217263890695e-22,0.2771844008477344,2.689343590112386e-11
Maml3,0.25755587921866263,0.11017859395465637,0.1646562133722066,8.630599643368565e-68,3.68301498395975e-08,5.097845347963731e-29,1.3999635468022266e-66,3.777798457811655e-07,8.36646383577577e-28
Man2c1os,-0.02753543164589014,-0.027880185697178185,-0.01581716456473798,0.07313279072320951,0.6033462759367767,0.3292074322522345,0.15318354813645235,0.8038854392853902,0.5057757356738625
Maoa,0.015972800545299738,-0.019973928401755,-0.000837356935757802,0.4375539095733739,0.8708112307022104,0.10799778142418798,0.5880421039064129,0.9467368886739799,0.21961647971828313
Map1a,0.23105749994117392,0.1382927712234972,0.13705234229982272,1.580701468687406e-58,3.2420353656493295e-20,4.111655328473589e-17,2.4231632404603643e-57,7.414162844394778e-19,3.7245189501432835e-16
Mapk10,0.03181380946685168,0.03192772737631154,0.04188769850156475,0.5937802475109171,0.016327730410689925,0.21499641506813363,0.7184071511515432,0.06699171742033072,0.37773299624690987
Marcksl1,0.09026679259478035,0.010297352697291722,-0.01530210415215498,0.0001280966446848476,0.9204215788708503,0.17254451853059946,0.0005271233608712755,0.9668585109373766,0.3192302431700083
Mars,0.03969855903970508,0.017949475036371558,0.025857044722424838,0.06760804817157948,0.7730236249312693,0.27839812391771646,0.14459881761909907,0.8986399639826006,0.4547604014815158
Mcm2,0.11922223970486519,-0.0038414121537092005,0.01774789086141812,1.1488725716608772e-10,0.5120146425848359,0.041422539798271305,7.779986589645261e-10,0.7432470618166972,0.10245468620317105
Mdga2,0.015070064389281518,-0.008074348767242601,-0.0026587622040286597,0.06399831523135635,0.31625964278385865,0.7714774510996578,0.1378828958230166,0.5678020613687037,0.8699206020915088
Mdm2,0.14302202193752303,0.019297899777542683,0.07381042968131345,1.6277748200883998e-12,0.016266165714622673,4.1271976965619426e-08,1.1765522663333254e-11,0.06693599165751808,2.310807265657541e-07
Mecom,0.16188402436269902,0.025812311063584243,0.11625219524521216,8.012152001666967e-27,0.02124770000795325,1.284850427310911e-14,8.597655417173398e-26,0.0827948086902089,1.0183899693742731e-13
Med24,0.005547476228603481,-0.00173399097704228,0.02278904782677854,0.3099210236312622,0.3121475892461927,0.13500122342396426,0.46289060810022575,0.5650707351579422,0.2619286601897498
Med7,0.06232879431626888,0.048742564307608954,0.08173563546472032,0.0005223902870533856,0.014730874010938741,7.0378406036303515e-06,0.001974890109592067,0.061803083459636365,3.3971583536554815e-05
Medag,0.10904766161340325,0.03865450083488808,0.07500316788750874,3.215471888774301e-07,0.0026606292184212592,0.0020258870343099586,1.7453631458521985e-06,0.014166327327090292,0.007030130380254708
Mei4,0.02071003033541938,0.028330636343281777,0.03877053557760346,0.4911315842174505,0.4695592118777159,0.5979973535104302,0.6308734438152335,0.7159836063368841,0.7495115077691376
Mettl15,0.15898170375161785,0.05684511574193294,0.10512610605107675,2.3289016858358236e-17,0.13493348561575755,4.06108218848926e-07,2.0305111573381088e-16,0.33148497570717467,2.090483266768457e-06
Mettl7a1,0.0541417428194218,0.0001317916880642006,0.01941958923786278,0.023793408619037004,0.3270871716477264,0.04340770379286913,0.061580343271904675,0.5797796752840894,0.10604859332933876
Mfap3l,0.07124379853328998,0.047870609652962505,0.06213589400024938,0.012759099272813613,0.256896079950905,0.003028979465058242,0.03574085037264054,0.5012003224052854,0.010084549770301307
Mfn2,0.01720127897955116,0.00419642917176948,0.05811955244382192,0.3673528089670446,0.6549386481413925,0.01201560317548364,0.5214973663665089,0.8302185198790412,0.034207686591427915
Mfsd11,0.06475098503164073,0.002083167936154001,0.00627404535395234,0.005011205064313687,0.18705389310247691,0.2614313074883889,0.015364024318060642,0.416837349645296,0.4357188458139815
Mfsd13b,-0.0035429353555429797,0.027768661909467102,0.02067625666315202,0.7138335085492424,0.3280664713611959,0.9188432087738423,0.8024155877729195,0.5807775730315586,0.964474248487216
Mfsd6,0.02773621472586672,-0.00710277222434316,0.01889191439371128,0.8277080764551576,0.5607202135172333,0.34574646912129015,0.8875117345541468,0.7798651025488937,0.5203601819694383
Mgst3,-0.025759463632357604,-0.013737011008399119,0.05293803465000596,0.653712569825667,0.025345941751736326,0.003646233090023173,0.7610133897162176,0.09428690331645914,0.011693092323177761
Mid1,0.06934481142409973,0.06922968894572844,0.134668573541347,9.890897846130338e-06,0.008889461991496891,4.6106020200832433e-14,4.599267498450607e-05,0.04057892120558702,3.5534750375779697e-13
Mid1ip1,0.028364132464399623,0.01925596750829372,0.00945894626391776,0.14718415109342056,0.9161003843685402,0.18555731517989904,0.26561693502628936,0.9655225711666031,0.3397013840891852
Midn,0.06169724508014374,0.012824939428469257,0.06449156612655674,0.018946457413527604,0.23495821919254484,0.0007859551745324539,0.05072995794984838,0.4736513233722544,0.0029956488209638608
Mier2,0.038014033280167434,0.00846339737206558,-0.0089164382409341,0.008084206206097374,0.6158867300044194,0.06657466362250748,0.0237420371736965,0.8097662472725401,0.14812066308356928
Mipep,-0.0003752220582409413,0.006194718408937658,0.00925772355255108,0.20592331681073234,0.3821804374987645,0.006360138769350763,0.3437936402127538,0.6362072915403061,0.01908041630805229
Mir6236,0.028733570799642855,0.04087196473470176,0.0581365731569055,6.647739433930381e-05,7.890438196875216e-06,3.5440142161300898e-12,0.00028446615062370804,6.51074702193854e-05,2.5095938230971953e-11
Mis18bp1,0.555640231955085,0.2709509636367661,0.2710396383137786,0.0,8.510121939697222e-84,2.1128912942137362e-85,0.0,1.3190689006530693e-81,3.2749815060312912e-83
Mki67,0.6003202968637547,0.1459760809234211,0.09634343380724077,0.0,1.0587268751976075e-18,1.1735220112718061e-14,0.0,2.1404695520299455e-17,9.354646889852398e-14
Mkrn1,0.02011505203863016,-0.025399542508508392,0.0015576131004157198,0.31407490668160376,0.12050089939649418,0.25146748995667173,0.4662766230705708,0.3101453037972498,0.42315699455917616
Mlh1,0.022157223524052323,0.010454977644868779,0.009286359143457542,0.206139034184489,0.39246530664753126,0.5538771727437701,0.3437936402127538,0.647150239684759,0.7121277935277044
Mllt1,0.007600141124474621,0.0042031705728793585,0.03830538568146642,0.6115749014552668,0.959364850547933,0.6034464384707793,0.7341948315853714,0.9814593837119868,0.7519894131610789
Mlph,0.06328619270634231,-0.02097644775800326,0.011826333327500521,0.04793457210381128,0.6813083592182824,0.9049554741072688,0.10944145349397175,0.8445961174845904,0.9563733987724545
Mmachc,0.02504230299421028,0.013972095592888898,0.02535484724592784,0.19077711439024297,0.5320557089224337,0.7159069021747076,0.32506966335159077,0.7567947088254224,0.8260464255862011
Mnat1,0.037173273056410674,0.04654838159599704,0.046456416064643145,0.5634627843263781,0.001162081541764579,0.0036929368772005977,0.6913292866876629,0.006643867830990114,0.011761751013001904
Mogs,-0.00923288966718876,0.01714814444958008,0.02618315975999318,0.06229093832722913,0.7077765565410773,0.05592388234618878,0.13535180524374554,0.8590917840020252,0.12831219715942985
Mrpl48,0.00480225584612044,-0.0030595924604673204,0.01723753678730112,0.6154795456907463,0.9467784055706208,0.6760747217581448,0.7350975738344101,0.9790559095631394,0.7985810642274445
Mrpl55,0.08111338245839556,0.04756541568091653,0.06149633897299388,8.354909679058248e-07,3.4860259126908923e-06,4.36939120120665e-09,4.3766439142127565e-06,2.9834393547262544e-05,2.6272847955531363e-08
Mrps34,0.04066856662512254,0.03334616104949918,0.034014436824725165,0.04219280518217584,0.020198763347691027,0.19944508173671147,0.09892262727585764,0.08027713638184895,0.35888317985375695
Msh5,0.1029994207954303,0.024611890887632125,0.04959841237292338,2.2132038222171152e-08,0.09659619391194467,0.130319550022616,1.2918072518798645e-07,0.26578242703582405,0.2556902563734871
Msmo1,0.15951278917945108,-0.007001680205212321,0.03849770516148758,3.906446153921753e-27,0.6449755086059524,0.04851348104998842,4.224412701333989e-26,0.8273228368528611,0.11451151618398282
Mt1,0.09691567816318743,0.02090067598043362,-0.01215182328080332,1.1945597523222194e-11,0.1761790787332628,0.22473553157262804,8.249558685591564e-11,0.39911325199163494,0.389052007003048
Mt2,0.12446672403127428,0.04338328847721972,0.026507678839732297,3.2740215093516854e-12,0.2304306215418789,0.6512142622672024,2.2951055304249253e-11,0.4684788439915159,0.7771119725087658
Mtfmt,0.028720937183925977,-0.020498283838523416,-0.0329913337322762,0.7077631121306367,0.5912556101683877,4.990097877784639e-05,0.7987868461059247,0.7969097354443486,0.000226012549984077
Mtss1l,0.01852512736670034,0.01853573413470334,0.008448688711211603,0.5032711568351373,0.606784553641988,0.08107329430949574,0.6403912995984399,0.8061566212672127,0.17534456676239776
Mtus2,-0.006994717637174181,0.04105927182415478,0.033385706643532805,0.0506635106259462,0.05989234357858417,0.967056044896512,0.11436180796633487,0.18403043896943816,0.9854223393941813
Mtx1,0.044553603302456266,0.0651022642470934,0.05910292595996054,0.1091133738229131,0.03889294021081178,0.011421113226227504,0.20879719682162384,0.13265440487550717,0.0327155091387831
Mustn1,0.033430648503690305,0.09383263529147326,0.1497254647012217,8.146746891720857e-06,2.1729621502560024e-11,2.7931332543499855e-45,3.8524447165934224e-05,2.7065019639349315e-10,9.061443929809836e-44
Mvp,0.05688425817762934,0.00845140766736418,0.018919273715365406,0.24749034970682207,0.6550562573780456,0.75660155834809,0.39367051065110237,0.8302185198790412,0.8573998163246023
Mxd4,0.2579539057325956,0.09202654431390996,0.10063319166383564,9.007899689910259e-67,4.9319499653170834e-09,8.434943234056327e-09,1.4279568258437285e-65,5.292361693551793e-08,5.007125877237692e-08
Myc,0.10131645121958777,0.01084292810053138,0.050688584418206964,0.00026372503797687926,0.47681109977331804,1.3417028540072389e-05,0.0010421995126848344,0.7213410703731679,6.323227977500332e-05
Myh3,0.01123860068158752,-0.0019624091371341,0.006455614081826081,0.942267549927445,0.7918402318873243,0.2647135216861318,0.9658069303077044,0.910053656932392,0.4385693144324868
Myl12a,0.027477122439640834,0.056558167190817646,0.13808150878501776,0.03177679422462986,0.012649631013616887,3.2434647593350817e-31,0.07695942351277545,0.0546323073188717,5.953464920095314e-30
Myl9,-0.00910805423023506,0.023493870325814698,0.11065484379381867,0.45849549059866923,0.01733230663247693,2.8398516427680007e-16,0.606832266968827,0.0704914511729018,2.4454278034946672e-15
Mylk4,0.02304322123011942,0.014424418324160582,-0.0024903520035271195,0.29905317778417956,0.9389608334643784,0.05088760420700204,0.4505174762515448,0.9767713368253601,0.11904834219552254
Myo3a,0.07373463833463592,-0.03256110313988708,0.09158633888254328,0.00038400021454224,0.08047424878556632,3.2509368656033553e-22,0.0014880008313511801,0.23339205209119543,3.876117032065539e-21
Mypop,0.0152096586861275,0.0132014123263436,0.0226541592787678,0.40780518711209335,0.6996949692414126,0.6800861699421703,0.5588464240276181,0.8534725023308853,0.8019612908447401
Naaladl2,0.0712249463998953,0.020504074624744777,0.09248962509343402,0.0001438122543729134,0.0056662367902309985,3.4445761503991083e-18,0.0005883228587982821,0.02773473797323594,3.313919813659832e-17
Nabp1,0.0024601764351521605,-0.0057361097625365206,-0.02430067733068688,0.8452312167427439,0.17613435541479477,6.4582526538627e-05,0.9007620682628936,0.39911325199163494,0.0002869191863738365
Nagpa,0.003620933845260239,0.015356624075709618,0.023483578700709478,0.08230198830844399,0.19264818646482543,0.047523149549476784,0.16746236322191707,0.42321924428099444,0.11332443354106002
Nat9,-0.0039030001792321606,0.0263942751883879,0.01244762844090228,0.6465039142294912,0.3116203811524954,0.006024905448762814,0.7566048325085069,0.5650707351579422,0.018192084634251354
Natd1,0.00729261193673376,0.0084179280543329,0.031900299671454,0.8832016590724411,0.329613770286746,0.7510391140145958,0.9242808060060429,0.5827771984157296,0.853175540757623
Naxe,0.02497288226077132,0.010080753342081519,0.03122852786236378,0.08786736896493645,0.03818890000311475,0.0010508216833102582,0.1768758725917552,0.13121555542942137,0.003898660234621836
Ndst2,0.01512056518859728,0.02550526466793216,0.04026788229066082,0.14232340765474055,0.29919004508986863,0.33064282307120574,0.2581809540680924,0.5491712011846931,0.5068645474553098
Ndst3,0.025349979635121377,0.025926811044178766,0.002737407293460102,0.9752499076607185,0.16356740572227885,0.6679513420594949,0.9858504501352915,0.37968740765436954,0.7909950103336124
Ndufa9,0.04609214799654197,0.029349079622018874,0.0300972928476241,0.018151823508784897,0.11400675705792832,6.2348841191629496e-06,0.04916853164030084,0.2989462896537782,3.0200219952195538e-05
Ndufc2,0.06277505928942895,0.05580910554729425,0.11539364310507223,2.8566171598052642e-05,8.471210538719846e-10,3.392924095233326e-16,0.00012650733136280456,9.530111856059826e-09,2.903760191932816e-15
Neat1,0.05123770734021046,0.00014719480529056043,0.1086778236863973,0.0006634490988258842,0.01367831627151059,1.222619599093325e-19,0.002454937646849094,0.05835245014910481,1.2728017468173047e-18
Neb,-0.0061274982661669196,0.00948981149321684,0.0073765111402294805,0.923111422397078,0.09392661995313915,0.8731846347013037,0.9517427349830978,0.2610112247701775,0.9355558995279729
Negr1,0.23238379898044642,0.10341265682765284,0.1443149701548363,6.929624631403147e-84,2.1947285129600375e-07,5.286691445608217e-28,1.2236489064313153e-82,2.111480190054657e-06,8.01623322459072e-27
Nemp2,0.031976744338120124,-0.00720690497223078,0.002416599149516782,0.16398149399490153,0.37808494993746306,0.007274266220970378,0.28883104055920156,0.63165090438654,0.021729339139729503
Nfkb2,0.04663222067795576,-0.00600225241886008,0.02816631057830816,0.06898086523352612,0.7515705202080165,0.3922374384010733,0.14668949237922094,0.8840142290810987,0.5646761884102139
Ngef,0.09716689702154116,0.04448816918850816,0.08146411608954014,8.376802330428717e-07,0.000992741629471646,8.820497275242827e-09,4.3766439142127565e-06,0.005746367523290232,5.191811687326474e-08
Nkain2,-0.01519827521245164,-0.0015009560778357605,0.028412394257495942,0.12936237422360952,0.2836449515517282,0.9802606638786826,0.23933754912723515,0.5318875138057637,0.987509606876499
Nlgn1,0.0492217516988375,0.00725044473723242,0.019629915149687798,0.4672620865685453,0.4813579494257343,0.8783355101767802,0.612792396804983,0.7243736132134836,0.9381914522944934
Nlrp12,0.025179810236789002,0.0036367618150677196,0.012088516971419019,0.9297319356132985,0.8727624651145076,0.5488680509197443,0.9557671703614969,0.9467368886739799,0.7074438221019722
Nmnat1,0.03207409192668588,0.03329255077424016,0.0035365725962487617,0.6735197312265622,0.9309698751862941,0.9609064990393051,0.7752145421295827,0.9715252386885198,0.9819927321725876
Nnmt,0.05100289328924888,0.05216774015792678,0.05777243438751038,0.10772322235365597,0.0007583331787129253,0.0034357403396602063,0.20727433818393115,0.0045015948268277905,0.011198265826696235
Nop9,0.017408551710660823,-0.013686885048741698,0.047848447846434716,0.8545930681871775,0.022435343775116003,0.06837692177890643,0.9065419039406153,0.08600201207538088,0.15116609489948413
Npas3,0.18374354776111512,0.04828424366218174,0.078441168661642,7.705602046365921e-34,0.00038577481238850745,2.4610613897031387e-08,9.187448593743983e-33,0.002446163014918036,1.4128315385332834e-07
Nphs1,0.02820674760628858,0.040127148341935,0.02272311593677564,0.29779114603711854,0.0029853891888790072,0.5752033468123805,0.44958728216642896,0.015765272889671295,0.7287998808385747
Nppb,0.0952511716350531,0.0070890181886826805,0.05165661302042104,5.051449011393187e-07,0.5380006668436808,0.0027867428457225385,2.7102966811128826e-06,0.7609015592629728,0.009344966994670531
Nr1d1,0.04985454383344971,0.02459906824811738,0.05485847298690769,0.011925044604380453,0.08259970394103441,0.01983052196032018,0.03353918794982002,0.2370917427937099,0.054348876492429574
Nr2c1,0.03931345939889342,0.0002445764175493789,0.039106632157074696,0.006088478317824424,0.9020093928696912,0.2911381249447864,0.018226238741126766,0.9594543004654597,0.46790055794697816
Nr2f6,0.08587321332696214,0.0337136170781117,0.0688886283834449,0.0007121969449781898,0.002203761451517853,0.005271445565491354,0.0026214109188511204,0.011962051458628034,0.01612646176285184
Nr3c2,0.1261274150837496,0.0039061209290859405,0.05725122743266784,2.0087789899660555e-18,0.014443459194554266,0.006231171745081921,1.8807024771829847e-17,0.06124202302858116,0.018733802983597586
Nr6a1os,0.0210567693030894,-0.0133948600672056,0.018929685155027638,0.0007504161910962663,0.6137009200415668,0.4649070719897115,0.0027403942057049515,0.8091803246294762,0.627845918466267
Nrg1,0.12907506109988276,0.11128851512207752,0.11758643499812474,2.1966475035512513e-18,5.428304499316046e-13,5.503042442887804e-18,2.0160021496407865e-17,7.572484776545884e-12,5.152177320690259e-17
Nrg3,0.017609208483074658,-0.011673594634818322,0.0049058667570846,0.7777257688515895,0.5836846175704302,0.10267403446472077,0.8494636478200831,0.7910232240991528,0.2106327618798316
Nsfl1c,-0.007155443211200879,-0.00376316226924776,0.004561740149106539,0.48763982366596115,0.16971418010092265,0.0442062189298737,0.6282437298095047,0.3900350597047564,0.10781062134121294
Nsun3,0.052184988593842296,-0.010807882510803737,0.03723135449985384,0.13276813236722354,0.8419761580699423,0.09204902059306597,0.2440204804377824,0.9351566405315044,0.191940782851012
Nsun4,0.03724510591023785,-0.006879966318767082,0.0421209407767643,0.17595490685625373,0.4145171683622804,0.36408058929633524,0.3060562282599426,0.6646568389257255,0.5364824974038398
Nsun7,0.029201038164394438,-0.017400556579805458,0.00740430403090026,0.7361126052410943,0.7666858267071407,0.9224993312873543,0.818228752439304,0.8957510286905035,0.9666215404808685
Nt5c2,0.0363327804432527,0.08574186615063671,0.05920955248130748,0.18616756760498102,0.00020183300164877904,0.06978755022998272,0.3198357638489103,0.0013536396024040709,0.15338458291852133
Nthl1,0.025593092258433658,0.02490875237082974,-0.02046493881137124,0.4623484138715338,0.0005408941495024202,0.14839671647205474,0.6112790534825611,0.0033239970861492344,0.2831920923098719
Nudt16l1,-0.0007599654414254204,0.023305115449572082,0.02262203033301278,0.27938958753265447,0.7082118649479061,0.21003907696780527,0.4278248898002777,0.8590917840020252,0.371361866121785
Nudt2,0.00954400614000082,0.022127788391381357,0.05387136131698387,0.1566475406033797,0.056146343764988074,0.0036686162938752093,0.2790846987761363,0.17561468509452546,0.011711029130333906
Nup133,0.07471613234779799,0.04453627924211689,0.05738752269315717,4.666567301637478e-09,0.13497022666786754,0.0019282952927008145,2.8181218120278278e-08,0.33148497570717467,0.006724929833294091
Nupr1,0.05512773538082322,0.02789989311190618,0.00486869978309794,0.25898190744055194,0.04563240216864603,0.2552116842398032,0.4050221534524327,0.14978164947120287,0.42739531754444837
Nusap1,0.6630988305197318,0.31160961757027317,0.3333696799410101,0.0,2.2319355741970967e-104,3.60161116646748e-119,0.0,6.2271002520099e-102,1.2560618943055338e-116
Nwd1,-0.01625116394062176,-0.0011861727821155996,0.0105967777547505,0.5027719066341448,0.9864991701250493,0.9895176140024942,0.6403912995984399,0.9921891437090438,0.9933534932614617
Nxt1,0.1946015185413153,0.157533942591787,0.16433891637272538,9.910804970508934e-43,9.577020978473654e-32,7.013597296552769e-33,1.316721231796187e-41,3.92939537205022e-30,1.3977097469558731e-31
Olfr1033,0.0552297026741287,-0.0237179576379053,0.04889582727062108,0.039485542362150225,0.06274885749160272,0.046395260501837635,0.09317458781406265,0.19070731198428278,0.11158860068976466
Olfr889,0.02528377128538708,0.0003977026834784604,-0.012516496090642218,0.5459090784159304,0.8856882949099207,0.41660217646091463,0.6775295056852517,0.9540812134357833,0.5861676587729726
Opcml,0.20457103733208268,0.08361168909529376,0.1622825369035243,4.3021139897534085e-45,0.0011442243773503607,1.1561862613539572e-18,6.123927567046943e-44,0.006568695499603923,1.1358308694287115e-17
Orc1,0.046984998935143726,0.02320805881011384,0.03656266467215844,0.0008802805487102675,0.029185801678296736,0.0013590273452597653,0.003181324780960682,0.10630337687003641,0.004924267913343825
Ostm1,0.0453577885060024,-0.01403864210724728,0.012496204008440742,0.03576690308027842,0.3491173802001287,0.9598465697869895,0.08543635239210341,0.6049922302846951,0.9816612645548756
P3h1,0.06241145709928646,0.01435524903348934,3.824105614260026e-05,0.026182984288765383,0.39482445622964596,0.3043531141386869,0.06640956924150493,0.6491733495426794,0.48137482338261706
Palld,0.028584763813576698,0.025287912710753403,0.11737084532110728,4.345269320774471e-05,2.077141756323682e-06,1.5892767362102292e-52,0.0001882500218161611,1.8110079687947102e-05,7.390136823377566e-51
Paqr5,0.052236067419134925,0.006877296621131741,0.024187976034406655,0.35875455640816917,0.19593803484560693,0.009562695948422476,0.5154094811425294,0.4284225056577142,0.027876981211646966
Pard3b,0.10953491305592941,0.05629736586348879,0.09679847447751695,3.8877237447167174e-09,0.0213777862766803,1.7075362836979596e-06,2.378673080649044e-08,0.0830696709079917,8.537681418489797e-06
Parp6,0.03134027596444824,0.035887995103604894,0.0472209636661773,0.5175315721861322,0.6938905757656453,0.0863743311414073,0.6539461442025856,0.8516080949550262,0.1831188327390018
Parpbp,0.36944851156910563,0.1487059923360689,0.13335689834753636,7.179957787389378e-154,1.2172250231365077e-21,1.6100501814714912e-17,1.8210983842560333e-152,3.03219447727755e-20,1.4679869301651832e-16
Parvaos,0.07671726717522995,0.08303876465058688,0.040967473314553124,0.00016885232269366776,0.0008048159522573303,0.049477632176980174,0.0006768649142461681,0.004737207820248843,0.11619746950654436
Patl2,0.016907959180587462,-0.02314939099417184,0.03160975602227946,0.9268718088890289,0.8879644024540853,0.511146988166731,0.9542333383027272,0.9543700606607263,0.6720547111145991
Paxx,0.02077311309356738,-0.02011760211884922,0.00530026728611494,0.14879746504813027,0.0009826510964295715,0.3222661352478168,0.2674902883275022,0.005711659497996884,0.49935558139221314
Pcdh10,0.0904656131399536,0.029934092746210155,0.08037169854973643,2.4127470110781877e-06,0.7932797468313898,0.007662396893341818,1.219486261034084e-05,0.910053656932392,0.022839836893615035
Pcdh7,0.1910677753500979,0.04930608532474536,0.14559341019913646,7.701401669763262e-32,0.0015356792484128388,1.3506849301930227e-36,9.104623160440466e-31,0.008708425006243537,2.9908023454274076e-35
Pcdh9,0.10654592456997478,0.08296808447636245,0.10239007823350159,2.2704276070433977e-14,1.3473921067566306e-06,2.3308656634873954e-15,1.7793519729356965e-13,1.1972050884875794e-05,1.8904404654447188e-14
Pced1b,0.02097412819048938,-0.020689298790124617,-0.00537046193092384,0.38878277147564877,0.5702970793181447,0.9956207586350452,0.54235196620853,0.7831881265002156,0.997124792069085
Pcgf1,0.00585019249917442,0.01289969667999456,0.03448427071198614,0.9876748467907672,0.77835068721983,0.20316329070268385,0.9905150332660821,0.902576233309778,0.36288449491708574
Pck2,-0.0038549020092108997,0.034021835574841376,0.030190770322841797,0.49359319362476106,0.6823367916882677,0.040462913812698516,0.6317087202812308,0.8445961174845904,0.10089301121198167
Pcna-ps2,0.1981191075066889,0.07620537427982911,0.07716130041576638,2.2747787716344873e-42,1.2098803713637576e-08,1.2203270695582701e-10,2.9936947041793487e-41,1.278623574282153e-07,8.0299823680839e-10
Pcolce,0.04192733176169498,0.04319081017211483,0.06309297954275937,0.03855223414316531,0.0022633920704409186,0.02364982577349007,0.091153163779179,0.012238108287849154,0.06311199412169156
Pcx,0.0085578004810066,-0.0187228829452041,-0.006389412867463281,0.5035908642720348,0.6401015206985552,0.3609415229349099,0.6403912995984399,0.8273228368528611,0.5333828649302959
Pde10a,0.09115689349499126,0.0631939073739758,0.05158088075870254,2.8332003891147155e-10,0.020706027670153445,0.005491464482693238,1.8910595898636495e-09,0.08182693654352423,0.016726185487679186
Pde12,0.027169093676402356,-0.01941990395255856,-0.01913322565825028,0.29413186648922246,0.5995475968289311,0.16508611792472117,0.4445438285508833,0.801887725384812,0.30923185733635755
Pde4d,0.12792438203412926,0.01924993007730788,0.12907193881669918,2.3272635011621977e-17,0.008046637710891846,3.34069421590008e-14,2.0305111573381088e-16,0.037292556832870846,2.6035019168606765e-13
Pde6a,0.0314598105283979,0.010343949669181961,-0.016310224601958558,0.0038676371353685095,0.9588329169275362,0.8608625928884407,0.012318159369495596,0.9814593837119868,0.927737972455271
Pde7b,0.01218978755295342,-0.008894476472985479,-0.027452235071432678,0.9792913323071593,0.9022320125339169,0.003988926809604659,0.987039732273517,0.9594543004654597,0.012561067492998868
Pdgfra,0.08942948419249577,0.03046984136442434,0.11127098121147198,2.655687457567933e-09,0.08559035120345626,6.673960390300515e-10,1.6320193847168577e-08,0.24401751017868686,4.1195463471102735e-09
Pdgfrl,0.0458705681297601,0.00811176437926566,0.01055268703145866,0.009245427957788899,0.32644856080202456,0.020011555355813157,0.026813663203982357,0.579383896079929,0.05452367133077999
Pdhb,0.03214046778646018,-0.0036539079693855793,-0.025286026983433362,0.28729943195021457,0.8704064240665164,0.11826514934447509,0.43730266974052256,0.9467368886739799,0.23669997609116608
Pdlim1,0.08862878703692642,0.0813149184512181,0.07251238544318281,0.0003729811659463687,0.008103658694122327,0.002947050202837179,0.001453376330992135,0.03743246317318095,0.009858837009491282
Pdpn,0.05846819076378305,-0.0013182092884955199,0.04839253772819284,0.028607598541835994,0.257594790758226,0.0022979403467612795,0.07138451022334753,0.5012003224052854,0.007780647533330061
Pdzrn3,0.2040418209905051,0.03980260154264204,0.13821553221918487,1.3505060465605957e-36,0.01475181093343948,2.1406774257928098e-20,1.66721764155047e-35,0.061803083459636365,2.2971115453699766e-19
Peak1,0.16554879185219834,0.127982473975837,0.19318030247824966,2.3048611442854506e-28,2.3910578233565086e-16,1.649050463271815e-50,2.6354764723591832e-27,4.22218438428143e-15,6.765957047835828e-49
Peli3,0.035266810790186745,-0.0102115732380383,0.013549546715779542,0.03269968535750062,0.04606393884062294,0.8121035970550905,0.07885886903065069,0.15048991728962297,0.8976897923073307
Pex14,-0.00662825800442626,0.03481262230341756,0.07458859595107674,0.4157636713823313,0.4794228466436289,8.611182797581537e-07,0.5660058337528142,0.7230963829223778,4.4002197811817744e-06
Pex16,0.010731315024980839,0.010523241241802839,-0.0005195696574560399,0.19309876373428422,0.8235528380530628,0.017684498326749117,0.3261171615125018,0.9264969428096956,0.049086388936980946
Pfkfb4,0.01715081241594246,0.005442440157195439,0.00386270909736244,0.778005133820943,0.023773385039167524,0.3216279064563685,0.8494636478200831,0.08963208683686134,0.4990777858805718
Pfn1,0.0366508235084501,0.016416277538948042,0.08066927277252081,0.0033081318696171168,0.00040872627700057655,5.299455120311746e-29,0.010633281009483589,0.0025568302978287187,8.596209177714983e-28
Pglyrp3,0.029105276683666657,0.02930462855553056,0.04303092166270706,0.37575130292953923,0.11799652151054155,0.6144032130450123,0.5300031017054674,0.3070991557970251,0.7564805668118201
Pgp,0.11324477902893546,0.13973598522888248,0.1504960146977334,6.123374084865189e-15,2.0004496979429206e-13,6.989544582557577e-18,4.9663411909226386e-14,3.0666234380553565e-12,6.500276461778547e-17
Phex,0.0940173557066412,0.040826887278960056,0.08277764790286328,0.001301699457863927,0.07303332472484565,0.0007074841028278639,0.0045283559693770035,0.21585061015076204,0.002718843866239312
Phf7,0.019791463405528537,-0.00586211881043352,-0.01074397676308644,0.33240099459891964,0.7065890447828219,0.00042605882027266874,0.48810461838472935,0.8586164786341782,0.0016981487265153512
Phgdh,0.056444511934215125,0.04262032630751844,0.03724286670721259,0.01389516442465067,0.000696723902158102,0.0036566834218323425,0.03845983010394382,0.004189352773752381,0.01169970957214706
Phkg1,0.028074931953469003,0.0071510331073473595,0.02588958323904264,0.01839718162232081,0.7321870954992666,0.12278437331550401,0.04964036433875732,0.8729923061722025,0.243994587998758
Pianp,-0.02960775899348474,-0.0059197395666955996,0.0114386658479835,0.05762851993633464,0.9820338535728329,0.6359135112579165,0.12780887966802357,0.9901310619543536,0.7684700693927556
Pih1d1,0.02202960901397388,0.000794408476133402,0.0205798641140366,0.0011109110425481497,0.008509834337964633,0.27773116168136097,0.00392334406165739,0.03905006217585744,0.45420277906857975
Pik3ip1,0.06279759500612501,0.03498944162096978,0.04764262111582594,0.022075549457687988,0.7374122125720697,0.23642251843542905,0.057886074235854776,0.8755354487163339,0.4051712693088741
Pim3,0.039280072897366264,0.04218748423980584,-0.0012880262865422015,0.5819787629693585,0.025220663733817043,0.09022993520020249,0.7090483618709651,0.09407172702854218,0.1887117835146664
Pinlyp,-0.018748460569780558,-0.02563322348684328,0.006371370683999081,0.17510190571469664,0.32276831845696285,0.958430010182045,0.3049527571435728,0.575782358372715,0.9813317069844691
Pja1,0.042397841127007285,-0.02064435935765134,-0.0096373392248902,0.021943990790580875,0.022567667724706243,0.14086132318594152,0.057649467331187046,0.08601611059006886,0.2721628058786543
Pla2g10,0.021632631814628378,0.04583968023479954,0.048707673303541275,0.07004399851271828,0.013968585558592369,0.17658377805652037,0.1481438310579221,0.05940907577511084,0.3258391142709602
Pla2g6,-0.00018011439403968003,0.03012898992271194,0.00720295786473554,0.9662297963606765,0.7410784950589187,0.7554109361847208,0.9811624569888645,0.8758527307641097,0.856746549575354
Platr14,0.00088726269874102,0.02716136485497806,0.0024757786010430193,0.8971225001716178,0.1839315428147613,0.9854477255171422,0.9318584420993349,0.412515276891627,0.9911316345323816
Platr25,0.10983307748454303,0.05335862303524712,0.07207736138459324,2.2096708029303032e-15,0.1766688448693825,2.187607478576816e-05,1.8132298647575135e-14,0.3994376638456865,0.00010105008055015425
Platr3,0.025992135926719163,0.01641022630439102,0.015505986771377638,0.7619308021091602,0.2849729410786504,0.23684507290963427,0.8382440606800303,0.5336070507445869,0.4053973947348955
Plekhm3,-0.019435933917285,0.01756799162760672,0.04054138245036536,0.03995578714324848,0.3693630420931194,0.9168842711137113,0.09399379943479197,0.6248253089764927,0.964474248487216
Plekhn1,0.05011661290381962,0.02065890025909692,0.02720025856781812,0.18543941047299117,0.6621998367000961,0.651021662820298,0.3195639807816662,0.8314750424812187,0.7771119725087658
Plin3,0.02721743683563794,0.026847890963195637,0.04977985670775048,0.6717628352576062,0.3335174454623187,0.009664577292274549,0.7738308465601657,0.5856817055025848,0.028087677755672905
Plk1,0.45637034899558626,0.12539954106331944,0.15680578412877438,1.616631024741173e-256,2.0658802045247104e-13,1.0201215242035167e-19,5.934737577668253e-255,3.132503136208664e-12,1.0699770874164704e-18
Plk2,0.08651949957518548,0.0381227430228693,0.08089797368223416,0.003725844847758469,0.00017391179211664304,3.1297982318859237e-06,0.011920994409685928,0.0011777036407898886,1.5427804005232735e-05
Plp1,-0.009442478887117082,0.00884155166626074,0.017021011168423177,0.22954725165101816,0.571344491194493,0.3806819431826526,0.3727804610630621,0.7837026206650126,0.5508831024271788
Plpp3,0.2994272193925972,0.03279908218016086,0.1217000339953552,6.41871636936812e-98,4.2858861987064045e-05,6.3019331190736384e-24,1.2265903198997982e-96,0.00031633921942832984,8.216071683278249e-23
Plxna4,0.1759998905334255,0.029196588089888544,0.11167441665918902,4.375830384767706e-28,0.12020862032743657,5.943305500483408e-11,4.922809182863669e-27,0.30996492672231796,3.9860149871030544e-10
Pms2,0.06985756189752712,0.0005570794384931602,0.034748317619851074,0.013156568120518033,0.8504256854573392,0.12943807137750613,0.03663355794036458,0.9400505794080731,0.25431846418538173
Pmvk,0.01399028923211012,0.00976002330251046,-0.003149294764464361,0.6789701670274892,0.2940541980754177,0.4980549577311433,0.7795583399204506,0.5435745188819366,0.6574998040619906
Polr1b,-0.01476911051806642,0.03729954535481328,0.038949048929434085,0.7401612274904635,0.31419084271724923,0.3971035240261697,0.8214199780025431,0.5651823620941906,0.5687511784423914
Polr1e,0.054087435224771385,0.051208204055290155,0.03198457402667098,0.08466924420422971,0.006906822905449281,0.008937903617285088,0.17093139748900207,0.03254873480805652,0.026415101562752667
Pop4,0.1293968895291664,0.07984023694399409,0.0716047521701483,7.508208467514761e-14,0.00021966382212020312,1.6199225033543762e-05,5.786713155902262e-13,0.00146617718592193,7.583194269058237e-05
Ppargc1b,0.10150679298695184,0.025239562132586924,0.06337326840830139,7.482613039578787e-07,0.35538866967795196,0.19629013350955013,3.953880753868336e-06,0.6120582644453617,0.35473684485701634
Ppbp,0.05177593344861399,0.09710692739211021,0.08963255611604756,0.2509565862819829,5.87500816023884e-06,3.709306643543085e-07,0.39686364551871756,4.907566696726456e-05,1.9307771521427627e-06
Ppif,0.05452394934919565,0.01426079235300266,0.028966671089557382,0.0009331300283146748,0.13442033187173988,0.00016103308976523473,0.0033549391481932254,0.33148497570717467,0.0006807307885530377
Ppih,0.07611055814539996,0.04230842060458802,0.04346731939126392,0.00014833399801754684,0.34728293952152867,0.021890878046792718,0.0006032825866894398,0.6033122050218337,0.058953233349953366
Ppm1e,-0.01402329700596056,0.0016168724086014572,0.01673327502741604,0.15781876367578568,0.03550668475793631,0.32818267546271945,0.280455000417479,0.1241399128754916,0.5053143844045184
Ppp1r15a,0.05284998116650354,0.01820675268914832,0.040416613350835906,0.4500033111186734,0.4353590326187286,0.08876043059864162,0.597861541914809,0.6808585767972269,0.18647710946551968
Ppp1r16b,0.06912092510514029,0.0372413989842878,0.05797043442324438,0.024641542497294607,0.1787021645045975,0.07006501015587235,0.06301160911416306,0.40272943373814785,0.15368032887962568
Ppp2r1a,0.06585950562054396,0.007875597404667043,0.014768174002440498,8.847200233525622e-05,0.6931460733717774,0.3140481339961048,0.00037174229896892296,0.8516080949550262,0.49139735359082837
Ppp3ca,0.3035052232514514,0.16275782796135257,0.2856385327205736,2.392665137681214e-96,4.645082658108134e-28,1.1791211531353646e-100,4.5104971176558026e-95,1.6199725770152118e-26,2.7414566810397228e-98
Ppp4r1l-ps,0.03576374134659996,0.02322404233860122,0.06909480211056682,0.2358701978037386,0.611015003176782,0.003721937239180168,0.37951433210636143,0.8091803246294762,0.011827112639308279
Pqlc3,0.01685293428081499,0.0060738953841984805,0.0088056074422172,0.9775279717691762,0.6307815389393723,0.6396974838487693,0.986723242125905,0.8216062061815353,0.7694110225045148
Prc1,0.7417261510326011,0.39004671272156,0.3823083578199638,0.0,2.3849609721509376e-185,1.2041315398610039e-185,0.0,1.663510278075279e-182,8.398817490530501e-183
Prcd,0.0231319744408103,0.016789551467725976,-0.03217122968257417,0.4198368985435121,0.08136057185708073,0.012689981766493413,0.5701138632899735,0.23547302435814857,0.03598074098426486
Prdm16,0.04782524269244208,0.03043828985028462,0.05236959773947277,0.0011163228339008575,0.6597005158887059,0.33108778247238996,0.0039325008921507485,0.8314750424812187,0.506989524203056
Prdx1,0.07755986878198796,0.07212526542664024,0.16100863271522403,3.7028776428021965e-05,2.336675537132418e-07,7.045111766873276e-32,0.00016192834832943773,2.232645461849125e-06,1.3280987722686785e-30
Prkab1,0.07298827513125086,0.01051050634125798,0.04395867569084234,4.2452979866385845e-05,0.4072104310107286,0.18285525752048193,0.0001844919218492469,0.6566792491634608,0.3356356371593056
Prkca,0.215437436363209,0.1438013216438907,0.2832589750163298,1.4397690226965168e-43,4.603151439659887e-20,3.378997000976367e-98,1.9690958692761185e-42,1.0192692473532608e-18,6.733858309088617e-96
Prkd3,-0.0033723976833586605,-0.01684073371510068,0.03641351259626754,0.6136088257497236,0.10977963981615815,0.7468382112339341,0.7349426303351705,0.2905931642192422,0.8506362059181619
Prl2c2,0.04304373975071406,-0.03061320955088668,-0.010339062731275819,0.5617929448386336,0.6431605277938421,0.29671891549413637,0.6904856018060739,0.8273228368528611,0.4730547281306517
Prl2c3,0.046846523269008594,0.013084609935121222,0.01950363879502674,0.17507710587543393,0.4338832729251571,0.8612334583007712,0.3049527571435728,0.6798533155468066,0.927737972455271
Prmt1,0.06920868020379492,0.07482986561999584,0.09363657956575126,0.00034269226851139884,4.9744430527314545e-06,4.551528054005663e-10,0.0013428531308241612,4.205665490036593e-05,2.847256338716547e-09
Proc,0.0572063333547008,0.02386065356342562,0.010732096448356241,0.15539642381449545,0.9792992164449563,0.9918531073921382,0.2772097330194644,0.9892269420280334,0.9947053089949912
Prodh,0.01569876589569902,0.01937501350954274,0.0014272751140898203,0.24968884867637436,0.5824054882662025,0.34391940046437186,0.39581357261766165,0.7910232240991528,0.5192289649867952
Prr11,0.5706552222697961,0.20519561320210372,0.20252656921231274,0.0,1.2923203132220365e-39,1.0905546988651241e-44,0.0,6.933795526710541e-38,3.3807195664818846e-43
Prss12,-0.00565390765127362,0.00488098992917612,0.023449685628308337,0.7817612942414593,0.984015335755265,0.04469561528808724,0.850514471116466,0.9904050457277018,0.10881393250764695
Prss23,-0.019484065063961158,0.07863277762152873,0.10089523423380573,0.030773522524899195,4.859515112871804e-12,3.6755755962493436e-13,0.07553662683803361,6.335536058370249e-11,2.7715826793339645e-12
Prss41,-0.010795217295057943,-0.00199224539267486,0.00977605391510936,0.6943811787291654,0.9998280417481452,0.7866453376349548,0.7914730381571433,0.9998280417481452,0.8820141427335512
Prune2,0.08452157288875446,0.04809043686126079,0.14968229598073365,4.3601743951538613e-07,0.026531601400910383,4.2128322321136185e-16,2.357536155519239e-06,0.09843506370816486,3.561758159877877e-15
Psmb4,0.04294230294674724,0.01768233366899686,0.08618187801101836,0.045261258325412196,0.03905695847364972,5.616804244294386e-15,0.10452297747785133,0.132888919684735,4.529157179647785e-14
Ptcra,0.012598395587701422,0.00787809399326728,-0.020244499314614924,0.547336175438039,0.8942578752916597,0.9685195556729586,0.6780941072256345,0.9573981090037339,0.9854739461442577
Ptges3-ps,-0.0338619951084448,-0.0006172285365527205,0.01515147718542544,0.05827337095756073,0.916308325140102,0.1681354271406128,0.12862555773069181,0.9655225711666031,0.31356807601758674
Ptgr1,0.04982758164925066,0.02604899654300725,0.11503153876107956,0.18796274988937683,0.011209070567658673,2.152188305058085e-08,0.32251910958878316,0.04901772238835062,1.2457687491933728e-07
Ptgr2,-0.015696735050266163,-0.020747582585063602,-0.0058465312443227195,0.4465839914155796,0.14821005286726296,0.5581082572860528,0.5955876367349269,0.3548360555790954,0.715589171795996
Ptgs2,0.10498424120916054,-0.0055357563924756,0.0976662139551919,1.93190293434591e-08,0.005950527746806808,4.677318431659549e-21,1.1323548711817415e-07,0.028923296887789187,5.2619832356169924e-20
Ptms,0.1534848783351272,0.17600631522305557,0.17933124810884746,7.6248644197705405e-34,2.5999648118411907e-47,4.179552216292265e-52,9.169556780672332e-33,1.727119482151648e-45,1.8807984973315192e-50
Ptn,0.02934210817028604,0.010972587362932499,0.004462150708233479,0.07078947799498694,0.006494114738748966,0.04839206786817344,0.14917118097130935,0.031238931243292443,0.11450453357022793
Ptrh2,0.1054319758104462,0.11700511567653674,0.08367884399757623,7.742427743052656e-16,1.62401806217207e-15,1.15898901449124e-08,6.42898017949908e-15,2.7628112155244362e-14,6.793233929475966e-08
Pttg1,0.36770517277578124,0.03632425193866022,0.031371184666913084,2.1690708898301993e-137,0.02109025126074339,0.08626364361433983,5.128565917479878e-136,0.08264297895712648,0.1831188327390018
Pwwp2b,0.03136381724725172,0.014864924581375238,0.00896068217699808,0.36689783964523803,0.5358226156250651,0.6241455881918037,0.5214973663665089,0.7588553794893054,0.7607167922617281
Pxdn,0.09285725546127271,0.08340038782806065,0.10158573455671885,1.7756639870321333e-08,2.7173798505121635e-05,9.93981825065748e-11,1.0451693088227114e-07,0.00020490512926834962,6.634471990271379e-10
Pycr1,0.001523881325560242,0.0070536776042444795,0.012893969123369181,0.7305105931389775,0.023745756419017234,0.1497671416618964,0.8145981434283562,0.08963208683686134,0.28463918612853606
Pzp,0.03801254943197964,-0.007129656530358361,0.006939312685864341,0.5126667117070308,0.8684343595443065,0.9761088488358307,0.6489746486672486,0.9467368886739799,0.987509606876499
Rab10os,0.009890087608291739,0.012079136454902259,0.01133642873689188,0.11069790346297521,0.8777488510238165,0.8064356439808891,0.21067336334358858,0.9486183794347701,0.8928394629788415
Rab13,0.019184322589845,0.007067338897968521,0.06659757655827428,0.2667459359626117,0.15291815678511395,8.653081989024873e-22,0.4125394464166778,0.36156072663598976,1.0143738970327477e-20
Rab24,0.014038731331935558,-0.0031648134095576,-0.0008594314555808016,0.46739147684623794,0.4081296838886885,0.17767584690054322,0.612792396804983,0.6566792491634608,0.3274211445525202
Rab26os,0.04264195868342945,0.02613141400383176,0.0560285867057956,0.66934830377768,0.1392704645206546,0.0020079831885916753,0.7718903887250126,0.3390616021052586,0.0069853779253999685
Rab32,0.05480642200371766,0.09816193434597595,0.07996406088032346,5.06345764294657e-06,0.00023774916378295653,0.003051037628271734,2.4611579832440642e-05,0.0015644343560246433,0.010133803551045402
Rab8b,0.010974346655296199,0.0029592640910436592,0.0184997724994446,0.9089784468978652,0.6010946313925285,0.11939244478068532,0.9406713155953427,0.802418192146007,0.23861384021354734
Rabggta,0.0018180400360363203,0.0160615556425455,0.022332540113093997,0.5311358963707495,0.3989913552473706,0.7145103571776236,0.6669078086743435,0.6525122398242462,0.8260464255862011
Rad51ap1,0.3342126882203881,0.17745530932669876,0.16330113757683284,3.601206479472088e-142,7.349043766427018e-44,1.0044996279052629e-36,8.81347901555011e-141,4.2716316892357046e-42,2.2601241627868415e-35
Rad51b,0.21778431978584187,0.13388542407221715,0.11871176241612787,1.1622922757587381e-67,2.911231665967726e-17,5.628308640749848e-20,1.8636755456131492e-66,5.414890898699971e-16,5.993504239577128e-19
Ranbp3l,0.15048975518888383,0.05415427476991678,0.05426912165883754,1.1235027163133717e-26,0.007054294736001922,0.0013654789837560756,1.1964017475245446e-25,0.03302262133128416,0.004934826897253175
Rapgef4,0.04171964342512208,-0.010569716262364378,-0.009793818403474559,0.11115840285353372,0.7153007433253507,0.6254782514151986,0.21126154220801024,0.8624412592384305,0.7607167922617281
Rarb,0.0019945949922000597,0.005352496057391442,0.04931495982060784,0.44741094621688415,0.006516851856863718,0.04938585943724807,0.5961206016929832,0.03124057848908896,0.11618335921410715
Rassf3,0.12039061204126104,0.02755869494879446,0.029640897943536006,9.27416975834012e-13,0.07350382639954041,0.00020168105563142302,6.918431450740358e-12,0.21678189815509274,0.0008398360376293586
Rbbp7,0.07684107544034428,0.05029581317389464,0.03789929398214777,0.006934285630528845,0.2729545472787818,0.00036514269021613543,0.02058154990337817,0.5208913727139544,0.0014807385257311306
Rbl2,0.02415645815973358,0.01017272278661682,0.043301941068161355,0.7462025219858391,0.2722882176496412,0.028346887712030068,0.8255090583493071,0.5208501450542998,0.07363856305080436
Rbm38,0.03304300996566036,-0.003565040011252081,0.00919465564738058,0.34738181859006245,0.4630551176746939,0.3474734569121152,0.5058430448153832,0.7121961291689062,0.5223334831814662
Rbm43,0.030958330878714142,0.01509679927987218,0.06680150217347691,0.09575957230159943,0.6751524674789813,0.03393983537664264,0.18948170689465418,0.8405569027316803,0.08639793859565052
Rbx1-ps,0.025194407581133615,-0.020239242064691583,-0.00798211541752018,0.059859781318482214,0.5476536649714099,0.8626494947875967,0.13150298415635067,0.767085754909772,0.9278304126666903
Rcan1,-0.01053597586811634,-0.0011827901096031401,-0.006543100750851241,0.7538080336577191,0.8118363758331926,0.6750092791886626,0.8312744718992238,0.9192465456877464,0.797998258023885
Rcor2,0.09769065714612586,0.046156100999669,0.04570222177923823,6.654705051123187e-10,0.0001466368756807953,9.186130168091994e-05,4.288094712137716e-09,0.001002737458699556,0.00039429697183041023
Rdh10,0.10616743530762822,0.11498399356203204,0.16730941360698162,2.818396718894242e-06,1.0759766778623997e-07,1.6881355806641462e-21,1.4091983594471209e-05,1.057033426491583e-06,1.9302861762512164e-20
Reep6,0.041540656904516304,0.035519782835396516,-0.012455587599298639,0.6324577930182695,0.23133743143005475,0.8279713131845656,0.7465126911764426,0.4684788439915159,0.9078012612039607
Rfc3,0.16963201601351444,0.07942611656018665,0.09138923328615405,9.864027636681209e-28,7.934243682649116e-06,1.813410916688843e-05,1.092088774061134e-26,6.51074702193854e-05,8.43236076260312e-05
Rfesd,0.024182394153007603,-0.024816229260841264,0.004410425135111519,0.7822294383099828,0.8211278492285008,0.3141821051270774,0.850514471116466,0.9260091751606779,0.49139735359082837
Rftn2,0.04320089527196423,0.0558013461278752,0.050497545000591434,0.12166107982707187,0.006300258362618667,0.05935691341022173,0.22664067086337164,0.030411281715754468,0.13463885236952733
Rgs16,0.11073132112790403,0.028572771229462057,0.0415748224890497,4.593565308737485e-08,0.405895177173877,1.270987389254075e-07,2.647943638714377e-07,0.656105888647909,6.872199255850522e-07
Rhob,0.040751699204944036,0.005435536404634421,0.07381457958319457,0.9463040670763878,0.6981583826999394,1.1480824421176233e-07,0.9673046616700444,0.8533791887693823,6.280686300996409e-07
Rilpl1,0.01418491268942848,-0.00244923513084388,-0.00861904525943806,0.07694563167421328,0.7195743319204645,0.6286731335149868,0.15949354559513748,0.8646048174238139,0.7639351402354422
Rnase4,0.02091370725440914,0.0222069069049798,0.05419394780866652,0.8102206749056262,0.41764464641786386,0.04300793188131799,0.8754901948050725,0.6660800423634544,0.10562687495499753
Rnd3,0.10346222556763048,-0.014195843228065963,0.0685367506979299,2.7611838392131056e-07,0.0878978840668793,0.0017835670574315055,1.5164769510638906e-06,0.24973024088247786,0.006283020315951894
Rnf138,0.04025027900820728,0.0035071422696801788,0.041345429490093455,0.21649511436450108,0.12371802384504088,0.003785768897556682,0.35614467516330073,0.31644521565699657,0.012002608209299026
Rnf166,0.0020670488668053403,0.00872544703698658,0.027959506602475835,0.6402928733171737,0.0458120549290998,0.10572607524153822,0.7528907215565512,0.15001834888754514,0.21594125177444484
Rnf169,0.043217811069135866,-0.008095295066897979,0.08202741681346261,0.5706663394764871,0.1058244560439625,5.9411070932442006e-05,0.697703368597458,0.2817273209567322,0.0002664901734751016
Rnf25,0.02184450667125714,0.01078255964632906,0.01663674414304144,0.6901647296543248,0.683097602885864,0.08807732554647241,0.7885174429711574,0.844788258888103,0.18571787843470064
Rnf26,0.10226277006605378,0.02423307161567008,0.04119792709491886,9.791440784917892e-10,0.12927158407951683,0.0482193250795089,6.265623805027733e-09,0.3243414744441115,0.11439788858148794
Rnh1,0.03370575349954052,0.0296800252422637,0.02281718334874652,0.35509405378730424,0.2737866129899196,0.0035260918828424297,0.5121740059800125,0.521183624733233,0.011439298085035323
Rny1,0.00606581616427746,0.01416233127823526,-0.004179447329283901,0.8655224235659967,0.19171445918320137,0.6220778308490748,0.9140074041442585,0.42321924428099444,0.7597170281946268
Robo1,0.030726526889897,-0.011392876640537461,0.00852155932353848,0.576423038167247,0.9623004978860544,0.3366412486357267,0.7039763155982992,0.982730010652303,0.5132399364446325
Rora,0.29671038168073893,0.02219600086074256,0.12731958092869045,2.6472861075052165e-101,0.004104220440584928,4.360437157929832e-24,5.201357915450391e-100,0.020819590962239908,5.738499844634072e-23
Rpa2,0.18008495475170092,0.039793278400861345,0.1080753362330158,1.5521043964620788e-28,0.012717717227013191,1.3969178378749562e-07,1.789409614102975e-27,0.05475683806075124,7.523939705928819e-07
Rpgrip1l,0.01576791190763416,0.0010523347548276802,0.01887804767392822,0.8395573688017111,0.6718274903652586,0.3520956024059031,0.8960769383162106,0.8382820653484219,0.5264451933078615
Rpl10-ps3,0.014847707429986978,-0.0031317597408351003,-0.0005888735065639403,0.10041314196854018,0.22117642255804895,0.001522716901236484,0.19591095530924973,0.457979181408559,0.005446641223653578
Rpl13a-ps1,-0.013230766077276801,0.0056206219930686595,0.01881885684574434,0.6216924481025714,0.20380445501622405,0.6671232963857784,0.7387404843570229,0.43605401034912966,0.7906856401513687
Rpl17-ps3,0.03742446762298736,0.0030978454683041586,-0.00016090540717819888,0.029203519006935488,0.6598194002142914,0.7892123323116003,0.07248984656410938,0.8314750424812187,0.8821724387617647
Rpl17-ps4,0.009703250973067061,0.01205806060660268,-0.014047530131992378,0.910253315523998,0.10378256294174244,0.5761752209217013,0.9412923462979816,0.27949165116550334,0.7293688141431699
Rpl19-ps9,0.0060168761894145596,-0.013211895310673521,-0.00326384217426536,0.12168735661409703,0.8910649016481741,0.549219827481316,0.22664067086337164,0.9556794079840234,0.7074438221019722
Rpl22l1,0.008065043038771378,-0.00839139825803698,0.01245870782202686,0.20399956677640843,0.4309608492747079,0.7187333110009527,0.3416319275547296,0.6783097310958609,0.8279380419870594
Rpl27-ps2,0.03909606321586864,0.0157545032960058,0.011720246952283719,0.35058761705982994,0.5227220525981233,0.12190586639079419,0.508917508635237,0.7496925663206812,0.24294097659308272
Rpl39-ps,-0.01979031776426734,0.004790314339546359,0.0035678476622829206,0.48457496635846753,0.36831400108892975,0.2085154153294542,0.626489414337407,0.6242989447376148,0.36925345747025157
Rplp0,0.09622005713081679,0.16324823009554254,0.13316903267675992,9.513347626407223e-17,2.5839467167321487e-24,9.833631180081909e-30,8.192049344961775e-16,7.356338101717035e-23,1.6527609031583448e-28
Rps10-ps1,0.0026625869568252594,-0.00476870158084162,0.05463123624809988,0.6566155428623419,0.006673769385630867,0.00773103338506311,0.7620454927562121,0.031774431033976314,0.02299529119864187
Rps12-ps10,-0.0162301567187066,0.0019067548751991203,0.04340926527306403,0.5156411952156219,0.3260766349240427,0.0014179018062131937,0.6521482024712534,0.579383896079929,0.00509786860739022
Rps12-ps19,0.00589014914497988,0.01981398387250846,0.021596668153247362,0.8069844522263554,0.5980651288072121,0.569793963462496,0.8740243096706256,0.8014578094111696,0.7252395794071003
Rps12-ps4,0.041595303041721945,-0.009034752958365519,0.00378878875260018,0.0016059531837223373,0.3818932006793089,0.37991251747854,0.005517991850474533,0.6362072915403061,0.5503405627025579
Rps15a-ps5,0.014259666710356642,-0.01600220396453172,0.0237179478885816,0.1818451923781953,0.39494113996247127,0.08619448058080958,0.31512303523923285,0.6491733495426794,0.1831188327390018
Rps15a-ps8,0.019866913263178538,-0.00270716818866198,-0.018735381557081602,0.5212205914541201,0.07135989451684754,0.26540868088555725,0.6562298962802325,0.21192051954514826,0.43919941854727446
Rps24-ps3,0.03915326044765768,0.0029304900040311222,0.028534398402021516,0.14680499483791912,0.06557492200768646,0.001207674377299275,0.2652758650244782,0.19757454902963847,0.004398709546560023
Rps6-ps1,0.01940273226317822,-0.0012055304325248998,-0.0051121426235784,0.1529210525335892,0.19246656710614266,0.36852954856560594,0.27384450357427076,0.42321924428099444,0.5400196641271222
Rps6-ps2,0.015746763718120442,0.01593943209994214,0.0144870915206629,0.010470617352050559,0.8878488332900193,0.79052110759666,0.030054549806811787,0.9543700606607263,0.8829278983965899
Rps6ka2,0.062399560932256716,0.02159336303190472,0.032789285239193645,0.11002821812293268,0.4732127160148266,0.08478198944680539,0.20979684454509762,0.7183701200578544,0.1813970479728428
Rpsa-ps10,0.033333835262038744,0.01434122639862304,0.006662681414839699,0.04554599666187701,0.20992390210492853,0.1745137803588093,0.10484598241471689,0.4437027930854171,0.3224459915238927
Rpusd1,0.028984404497687355,-0.0050861051641314615,0.016540776857182936,0.1020092507149614,0.3580978018702471,0.6388214606938641,0.19844460180198256,0.6144482578216417,0.7694110225045148
Rrm2,0.25124246518477666,0.14223303238713542,0.13455168097161724,3.021348274675856e-99,1.6287758577672576e-26,3.227807656460258e-27,5.85386228218447e-98,5.049205159078498e-25,4.790203915704319e-26
Rtkn,0.01482195412327712,-0.004951161495451599,0.01136768959120972,0.11330882602160629,0.0224390386993746,0.9316788628881203,0.2144719298509373,0.08600201207538088,0.9699194132305432
Rtp3,0.0234626419129569,0.018537976745670905,0.0010570602662880915,0.3614138758240811,0.5632489852318976,0.21462181620533652,0.5176307564420873,0.7802728812441025,0.3775503576373827
Rtp4,-0.0013872650652076994,0.00895037884712596,0.010005493668259638,0.6219957914582654,0.6986086262183762,0.0553379141252443,0.7387404843570229,0.8533791887693823,0.1273867825160327
Rufy2,0.04750906857696911,0.027427238718701064,0.04267744106775996,0.05208946763053655,0.18112419449166242,0.11724646905470221,0.11701257221352412,0.4068731905247489,0.23533643788677638
Rundc3b,0.01828115509327254,0.01083792932976012,0.00741770597069642,0.48248697004731633,0.6336922672242817,0.43704425452816037,0.6252383834603952,0.8246275305763741,0.6060404921140992
Runx2os1,0.03500361681997073,0.012278426234427223,-0.00481535363215262,0.133299189486089,0.3336160989404839,0.3971178082178897,0.24467417017512386,0.5856817055025848,0.5687511784423914
Rwdd3,0.054398386037099976,0.02860563313559624,0.0154008548907522,0.40859700311425534,0.005055536073738799,0.8194786106992433,0.5588464240276181,0.025368607276495054,0.903693803893632
Rxfp1,0.01156314631970844,0.051163066265643375,0.07692171656404977,0.23563274814393406,0.03439460404359287,1.5007268269228279e-05,0.37951433210636143,0.12177784934216256,7.048868429486011e-05
S100a11,0.07902112414464924,0.049224534746861046,0.14337813009476988,6.940699475578052e-05,9.614886061159422e-05,1.0056811869643517e-23,0.0002951913344033958,0.0006878341566829433,1.299004866495621e-22
S100a7a,0.07453621512270805,0.1704128225356612,0.20188554729065036,0.006769252087680172,3.1110348586588736e-24,6.15438073990779e-37,0.020177578338277435,8.679787255658258e-23,1.4551459546053165e-35
S1pr2,0.024683853498331156,0.038647907119965866,0.0350238075634706,0.62229286533868,0.421576249386774,0.05955864654368983,0.7387404843570229,0.6690544572179178,0.13476782975975515
Samd9l,0.0071964574906174805,-0.0067001423518921605,-0.0135114614279397,0.5510671390401326,0.09704496256938779,0.1480523112689338,0.6802996981955619,0.2662712594063946,0.28292188249337347
Sap18,0.042112943576009566,0.0018890362051289997,0.0426463367272409,0.6974809494787768,0.5725679328114452,0.16911712719535174,0.7922425813580891,0.7846092988919117,0.31497782701938004
Sap30,0.11652137999985554,0.08566700983919112,0.0941111610281647,2.4216067897072362e-09,2.780858770904309e-05,2.180995622100102e-06,1.508098871268569e-08,0.00020856440781782316,1.0827362607934669e-05
Sapcd2,0.29643627901764186,0.08887578986851843,0.10613584607814344,4.189983527524637e-106,6.001912822755375e-08,4.1028126372159754e-11,8.723920926711744e-105,6.067151005611412e-07,2.7919139653250176e-10
Sart3,0.03788875812831944,0.0182461231905018,0.026633573538717398,0.35271127336822655,0.5845495767879492,0.1948555705105954,0.5109368913278048,0.7910232240991528,0.35301755956140335
Scamp5,0.0732884115752095,0.029573612148427204,0.014166014580949121,0.00011385749336180542,0.768557696530995,0.09122853880569479,0.00047130920842646456,0.8966140454711284,0.19051468807476682
Scd1,0.061834207665609285,0.0748625760455349,0.14807633619140134,9.600628319221748e-08,9.045728627448541e-07,1.2797832850481421e-51,5.488883813653418e-07,8.194020412526437e-06,5.579055258256744e-50
Scd2,0.13419386669650657,0.12353875609341029,0.14006709243712054,7.609892078247288e-18,1.8843166593055613e-16,1.1880017922707492e-22,6.893376265685044e-17,3.3700278714503307e-15,1.4666039824935357e-21
Scnm1,0.02020399554755244,0.05814605861103432,0.05204727274476676,0.06647929928392152,0.014752994116171262,0.08663082056948865,0.14245564132268895,0.061803083459636365,0.18338390697183107
Scnn1a,0.027044042484408844,0.009269299048097899,0.03071574699223726,0.4087130946228413,0.8658108794907555,0.942045820284607,0.5588464240276181,0.9467368886739799,0.9740764557867709
Sdcbp,-0.0005673134554235584,0.021263596779264517,0.050731697182076985,0.10436385852814471,0.24458229230593911,0.0018636673633225694,0.20220497589828038,0.48464815023691055,0.006515829503345825
Sdhaf3,0.014044535201756381,-0.020079700318645578,0.022944084284373834,0.46824384539844155,0.8602675847525567,0.0579816819536798,0.6133334876345784,0.9467368886739799,0.1323804358844244
Sdhaf4,0.12088324086235454,0.08872757299151501,0.10143566618219206,6.419362818173198e-10,1.4170147398531467e-05,7.92356136755423e-05,4.165121456442609e-09,0.000112956317834008,0.00034220953893926166
Sdhb,0.0338505408820415,0.06162852212417884,0.11620456106279442,0.20920953302871104,0.008206286574141245,1.0497581541770088e-10,0.3474372602083951,0.03778141838589781,6.94034419467738e-10
Sec13,0.03222940925924746,0.07049374491039827,0.1286087533893455,0.013337902995272646,0.002055646819261989,1.0690528268289334e-18,0.0370644913912457,0.011289871310513679,1.0576799244158597e-17
Sec23b,0.073056587135538,0.03885850171328244,0.035612682405099745,0.000730515058650748,0.18079636323843568,0.38284213036539966,0.0026817592284678776,0.4067918172864803,0.5528620826705305
Selenok,0.060142537157047184,0.039468037039004346,0.0161260213778121,0.2824710016324926,0.20653289181772366,0.08954361042164133,0.4311236841108612,0.4392487324655256,0.18783960381682654
Selenom,0.04789424277056244,0.027831041456064836,0.0473387604094757,0.01919579480652886,0.23138489140512863,0.00046422486959773785,0.05129910681055126,0.4684788439915159,0.0018242075861657585
Selenow,0.0009602740359751387,0.01085555122083686,-0.004084148222065659,0.9354189575153842,0.10428537907274657,0.16357170367988558,0.9609053355920184,0.27976558424323356,0.3071097262899601
Selp,0.035525765738638575,0.0225970212607687,0.01113056480326169,0.5499156094348495,0.04773667550567223,0.9229676644591518,0.6800818042212899,0.1541496813203999,0.9666215404808685
Sema3a,0.08684259930217891,0.06095955172212934,0.09920741491975676,2.5497697372767416e-09,0.00029142513933112373,5.153299329460547e-17,1.5738622935845376e-08,0.0018821206915135074,4.608238823459912e-16
Sema3c,0.09748667678147387,0.02085584089138564,0.11699764939306853,2.5276982777841193e-09,0.05297962728435313,1.548916555263784e-25,1.567172932226154e-08,0.16720945715310545,2.160738594592979e-24
Sept1,0.03523092365405624,-0.007892099426117263,0.02256077157094672,0.5443671299563798,0.26174228948987577,0.28488479421394025,0.6768200947318626,0.5057209055933195,0.4619273192649909
Serf1,0.00506283687486668,0.026687571441573243,0.013361641966097178,0.8127528693173588,0.12587534467620434,0.5991808264253111,0.8771291729497587,0.31959666071483667,0.7496477604155238
Serhl,-0.00681027014672568,0.02466648456745394,0.037652397740063,0.7523880620650062,0.024006281477603548,0.302246837244152,0.8303649893834523,0.09002355554101331,0.4796750147390126
Serpina1a,0.01326914983681134,0.008016893275780982,0.015244225654764899,0.07675215479407278,0.0516211441092011,0.0036268735433565647,0.15932924990733857,0.16403529847912424,0.011691808435926036
Serpinb8,0.18477886788716202,0.037334744572382284,0.0008835352106672399,2.327680033971866e-35,0.17551071617704056,0.016644955992996244,2.8483453047287306e-34,0.39911325199163494,0.04662593094423646
Serpinb9b,0.0003902050691299404,0.04419184451700078,0.0920524772369522,0.44385535575827006,0.0002836353823824114,5.11463403330185e-08,0.5925150442897481,0.001840331899644018,2.8313152684349526e-07
Serpine1,-0.006264947794313159,0.02650818701983526,0.04683898043901914,0.014399814924849885,0.00039590165197258783,2.248068636224897e-05,0.039699094506256104,0.0024990172149400905,0.0001035001896875819
Serpine3,-0.03734880915715486,-0.023218238904775,-0.02676465599628698,0.8236471219579048,0.9481752930607894,0.3142125013641713,0.885198563275252,0.9790559095631394,0.49139735359082837
Serpinf1,0.006350612773617761,0.06347024943401222,0.07731610189750325,0.2743102622475486,0.0418264764673552,3.17545444466772e-10,0.4209711945383172,0.13925521401422553,2.0227209818773832e-09
Setdb2,0.0411904948402865,0.026494435558299702,0.0381149411701263,0.13849487191735296,0.3889746158628681,0.2298773449485301,0.25221977326985295,0.6429142051287926,0.3963892412894926
Sgo1,0.49685066129656164,0.2476624245359166,0.2313695953982043,1.026461464838429e-303,1.8196962832754899e-68,2.8848333015744492e-58,5.30338423499855e-302,2.538476315169308e-66,1.7497141111723288e-56
Sgo2a,0.515992487707633,0.21973699341589584,0.223339426027538,0.0,3.252967535510127e-52,1.2708781507421234e-61,0.0,2.5210498400203483e-50,9.849305668251457e-60
Sgsh,0.01146168333095814,-0.00395824163412518,0.01334307204166888,0.4862405419574549,0.8232387887026301,0.6303149436637949,0.6280607000283793,0.9264969428096956,0.7639351402354422
Sgta,0.06829919537404586,0.07541864075667404,0.068450890678217,0.0003276978957014416,0.00026754153378964675,0.0008625216014944089,0.0012877142662070734,0.0017522086367913485,0.003251939551580271
Sgtb,0.06776068798811134,0.024799726027450196,0.019668798758134636,0.01147226870232971,0.04203447111621341,0.1465729853623059,0.03246209906642991,0.13928286747533897,0.2804791695204619
Sh3bgrl2,0.034785665380493005,0.01376262991745288,0.01829698250267782,0.9694935114743973,0.13466666427391402,0.25234151129892535,0.9821666292714483,0.33148497570717467,0.4236057861155245
Sh3bp1,0.10465399487548295,0.03698912443949966,0.044274527470624936,1.639569374344305e-06,0.06842967946016162,0.35570734848680857,8.34744261755586e-06,0.20484850396335938,0.5294641671155637
Sh3bp4,-0.006988362220784539,-0.021602889944667397,0.006626727386321802,0.35527798928814464,0.3916474182001031,0.950584331347732,0.5121740059800125,0.646565856081827,0.9768697188797898
Sh3d21,0.0008992682367738203,0.01440523159327064,0.0062375644937581794,0.6866333286159642,0.5197288877877041,0.9652987462693247,0.7864150192276437,0.7489894612229826,0.9843506952088509
Sh3gl3,0.05990389154400588,0.06418930240708094,0.07772486083511376,0.0026012385893334263,0.034961124443360206,0.004044559045251784,0.008619306014537125,0.12335504105039215,0.012650582663960176
Shroom4,0.02082614921467852,0.023384899473713437,0.04925242534349928,0.020634176422116766,0.7372528755493708,0.04620104661179621,0.054516432024342594,0.8755354487163339,0.11131340245847272
Sin3b,-0.054966708332465794,0.024101861641343182,0.07961128975552371,0.011438409751722625,0.39601901108302523,2.830106002105668e-12,0.03243207643018915,0.6491733495426794,2.0350504499677354e-11
Six1,0.034142864475189744,0.00175539243290264,0.03458277966942562,0.8667679328636091,0.9096295904064796,0.3202952192781796,0.9146303073712062,0.9642142805883565,0.49756328607245054
Skida1,0.05602899461342996,0.006482366256594381,0.0014925390845869787,0.0580212160896703,0.4553628189581247,0.7890283772811628,0.1282719436530746,0.7030866241652127,0.8821724387617647
Slc11a2,0.06605722400981767,-0.00943467277937202,0.00985308796262246,0.0013250155238131239,0.09330926467664695,0.08107276157296159,0.0045980016311425575,0.260332848447845,0.17534456676239776
Slc17a9,0.006839539615985499,0.001547645799591741,-0.017483279408188925,0.44996126952850923,0.628838016357618,0.024572083677137837,0.597861541914809,0.8206071401486222,0.06504375091007075
Slc1a1,0.03301343329062894,0.00484710429868376,0.016994995661539423,0.5904837570292054,0.8104923739978538,0.1715207442757336,0.7156601573029902,0.9184702369837578,0.31856610433383165
Slc24a5,0.05461168289851929,0.02591449261715164,0.02186626247137154,0.018903608810784806,0.037090339881072465,0.0011620466148379895,0.05071256594431693,0.12838963804986625,0.004254737605509174
Slc25a10,0.06725886016094221,-0.011328910661819699,0.0061709907259228204,0.0020424698554613817,0.6467251490390231,0.574566048363069,0.006949379142362506,0.8279644761859584,0.7287998808385747
Slc25a22,0.02793986474187792,-0.017786826351471018,0.008382839228168399,0.3570762001447657,0.9766074248731755,0.4518170986090606,0.513527112579328,0.9885838752064694,0.6197491175611008
Slc25a28,0.04852226167444688,0.00905924856034304,0.012884697415906499,0.060642178272920004,0.29436968518830137,0.46779324947011114,0.1328035144281372,0.5435745188819366,0.6305039449379759
Slc25a30,-0.02142704728143414,0.0336918434909345,0.022729555346957378,0.29355827900584297,0.05597871409891094,0.3558182886935422,0.44415813363682316,0.17548383408535,0.5294641671155637
Slc25a5,0.0740145281239923,0.07586694232772659,0.12609649673959872,9.628046320525405e-06,0.00014662357657147158,1.4914708827874117e-21,4.5070887976956173e-05,0.001002737458699556,1.7195056871805285e-20
Slc29a3,0.06469675599005312,0.04243216004451086,0.02527182124935618,0.03147668972749369,0.3250795602842151,0.043307667297652584,0.07649822677674861,0.5784260033118368,0.10598981733372868
Slc2a10,0.022754327021148955,-0.02215531344546756,-0.0046863052296352015,0.8401925701201458,0.19758957928761817,0.498100075897579,0.8960769383162106,0.42843639941575873,0.6574998040619906
Slc2a6,0.05462541632964901,-0.03969570563287254,0.012983671137716122,0.013444487903368704,0.10308743989698661,0.8467309072376756,0.0372864028333983,0.27869569507034175,0.9165073562438262
Slc35e3,0.030405931946261323,-0.0049857633526547394,0.01204243366101802,0.7085775654613671,0.7028263585885502,0.47232051179103474,0.7987868461059247,0.8547888144995882,0.6353781233833109
Slc5a4b,0.04551369599887277,0.02961590968609184,0.05637312865726039,0.3131935478279771,0.4077792844862663,0.003444378403013409,0.4657835812580256,0.6566792491634608,0.011200251450358288
Slc7a11,0.05732106376955833,0.03594815621145998,0.054319951957669775,0.12295420161263299,0.0021231154963701556,0.04568965469385575,0.22869481499949737,0.011614690656613203,0.11062546485732772
Slc9a5,0.04764616194142932,0.02137629999379932,0.03158327822174668,0.017056711754125497,0.09040011445545164,0.6089665929759088,0.046382286348937755,0.2542503219059577,0.753724000831484
Slc9b1,0.03409604463161601,0.04209283826376402,0.04040405594975024,0.23995776826757167,0.4163371316330694,0.21846314753678442,0.38431812483727035,0.6652809835373789,0.3823790348981358
Slfn9,0.38169820754374695,0.140548935152575,0.15233178757501706,2.2650117939419435e-191,3.0536833341373757e-25,5.898220786601229e-30,6.319382905098023e-190,8.874767189836749e-24,1.0158046910257672e-28
Slit2,0.15007352953066264,0.03144418466960962,0.12988056818948443,7.405084360457126e-26,3.6033034583107305e-05,9.75930520962757e-22,7.76698697957721e-25,0.00026880258418949035,1.1345192306192048e-20
Slpi,-0.0025350881075546805,0.041387577796578943,0.09492499475704026,0.1518608959237983,0.5329579238887809,4.495331152824209e-10,0.27229556531323734,0.7571041790477082,2.8247689000854825e-09
Slu7,0.01290379538943152,0.015343795616059303,0.03088326988913992,0.020217459093338136,0.535621976159673,0.0022832058301637355,0.053516803482365656,0.7588553794893054,0.0077495672337674236
Slurp1,0.049486953268332176,0.004309059671138959,0.052449956073509885,0.04628195633310846,0.6087577142466799,1.660087495701943e-05,0.10618968599454982,0.8080085740952602,7.745224269244851e-05
Smc4,0.5607363187324192,0.22651810892901758,0.18615920720028714,0.0,1.912871421309218e-61,1.419662394158687e-53,0.0,2.052658179020276e-59,7.07296085661203e-52
Smim14,-0.04657442460250022,-0.00842417405099594,-0.006780145258460861,0.43988989451789223,0.46564204528760245,0.950987469648064,0.5900446181273651,0.7138139045892367,0.9768697188797898
Smim20,0.02046251661759192,0.034243171113022275,0.006319952565771558,0.12047583492074738,0.06355156774774534,0.39699717492346975,0.22498499292428728,0.19189272079676353,0.5687511784423914
Smim26,0.06287904304235643,0.05958663858292605,0.06167447896335334,0.0016730974026446352,0.00010638728440439455,0.0004595333098315739,0.0057345721785977055,0.0007533515824575147,0.0018108727887430666
Smoc1,0.04716510592169258,0.025940852340974617,-0.02198784214579158,0.13606378391957127,0.6475335078988391,0.04745933064116597,0.24876668226448484,0.8279644761859584,0.11332443354106002
Smpdl3b,0.005216502517077058,-0.011552144218552478,0.02162411789163936,0.4004669647724472,0.5400602173006834,0.6974340654496441,0.5532413631769301,0.7611294953205057,0.8141594320520951
Snapc5,-0.00618572003042694,0.016999067501952198,-0.02997189195433516,0.07012018486966638,0.9874367890017764,0.2517794270504588,0.1481438310579221,0.9924166575342062,0.42317144666914464
Sned1,0.16161044715325087,0.047038552124832204,0.06866010086308452,2.9678955287568265e-20,5.000575533492779e-05,0.005961091116394891,2.8952547291019388e-19,0.0003671475194327593,0.0180384427491776
Snhg10,0.05894963284576288,0.0175259278053052,0.04189321564285746,0.027006907705193095,0.4715387052583434,0.3489551471835304,0.06788222747521508,0.7181184430517348,0.522870494437191
Snhg20,0.0566788242609937,0.005077193059315979,0.04479674398903244,0.04787926660496289,0.642972874566547,0.0011117857385146424,0.10944145349397175,0.8273228368528611,0.004113902135883094
Snord104,0.00644272081855434,0.015094586460350723,0.00967414696749162,0.816856904489706,0.5482907390972674,0.2085818813523715,0.8792556958048919,0.767085754909772,0.36925345747025157
Snrnp35,0.07213531144291378,0.021107360796172238,0.026300765292255786,0.0042606864007670095,0.25871965964933835,0.7295938774319123,0.013416834151399498,0.5026656339983663,0.8369929761657217
Sntg1,0.10351026971302484,0.07539502590881422,0.0856342254533918,4.3722339296314916e-10,5.311429914532357e-06,5.245253213684748e-06,2.877012420677326e-09,4.463520922152192e-05,2.549522032435618e-05
Snx1,0.02093503770091924,0.016973581050999324,0.05673296325764734,0.022283110814648212,0.21341600990116413,0.00995795995436456,0.05810269081576496,0.4470200207389249,0.028880154129601997
Sod3,0.01687900069696236,0.023059702977479862,0.004836815892140079,0.00499595051115682,0.9311320746426889,0.19291466067300786,0.015364024318060642,0.9715252386885198,0.349955723847654
Sorbs1,0.20225310452616907,0.10727822302416694,0.1318054071882717,3.4822697786675933e-43,1.118319587514177e-08,3.4439749639842074e-14,4.6709291742704733e-42,1.1908823088414328e-07,2.6690805970877607e-13
Sorbs3,0.03630461124064816,0.00898032156144146,-0.00479536240747234,0.6420636366197912,0.9955755259572056,0.8884414963799322,0.7539383611823306,0.9972246728206919,0.9460884637022943
Sox4,0.16279403790406444,0.06607898727299921,0.12550962307197622,2.0485261711433807e-21,0.004027498093659055,1.2614507512886789e-11,2.0267333395354726e-20,0.020504962922096286,8.668590138166044e-11
Sox6,0.16279117126572057,0.0766676669382756,0.10968132674871163,1.5053171648262088e-23,0.0032825177271381283,4.0256422661317695e-07,1.5327864561551541e-22,0.017150233068755388,2.084334359177371e-06
Sox9,0.2713755455361112,0.10088777962513307,0.22556742631385399,2.485524395657685e-68,3.5372041761715355e-07,2.5903684688206595e-65,4.079184155226436e-67,3.289599883839528e-06,2.2584775087530124e-63
Sp100,0.02711661788486066,0.024860547313432776,0.0013590698715897,0.5221351828748582,0.8662248949045085,0.9968113956690267,0.6567886204782931,0.9467368886739799,0.997124792069085
Spag1,-0.01249319313156276,0.006997775952822818,-0.005632469427381541,0.6120921785905282,0.7309502321360607,0.6254536838557263,0.7341948315853714,0.8729923061722025,0.7607167922617281
Spata7,0.06897049144634222,0.054593335763812846,0.1155856271649592,0.0004122407467699042,0.0008518718560395646,1.1171032954477602e-17,0.0015930078718670814,0.0049931144503159355,1.0252362481247535e-16
Spc25,0.5958719932120324,0.3105772473270773,0.28983603797146595,0.0,1.1581859207938972e-111,4.081042068433331e-108,0.0,4.0391733987687165e-109,1.1386107370928994e-105
Spdl1,0.3542466839380697,0.16417489517193734,0.1741314707747335,1.0787683049185275e-138,2.5902216495396397e-21,2.037702434319121e-28,2.5946237678643895e-137,6.33922666861017e-20,3.2302214725854243e-27
Spg11,0.02017411874384018,0.0184559998176001,0.01423872134310214,0.4355206570681814,0.8648530466284046,0.4918154643184054,0.5864394947974064,0.9467368886739799,0.6509322321861248
Spink10,0.028468927564938757,0.017867452739166838,0.02549610886944338,0.3628128314769681,0.6922514339948973,0.42242201091787784,0.5180387921293453,0.8515791449937229,0.5910518608128783
Spink6,0.011612907392939622,0.0321700397816144,0.020517203604833358,0.7881743242502137,0.19255366869097112,0.12619910782426116,0.8563108896643677,0.42321924428099444,0.24971312824800612
Spint2,-0.01013640413449642,0.040965659055499544,0.03706578375842276,0.15858744493354054,0.47624533584183415,0.025072914594993917,0.281462449977467,0.7213410703731679,0.0661185555009764
Spp1,0.0340789357551148,0.008061849428848,0.0336759703319444,0.01062666141033101,0.9575277950827648,0.0021326586444490115,0.030439820672303407,0.9814484012788073,0.007364006952986066
Sppl2b,0.05924357679907708,0.011703372525857939,0.038274561683520336,0.008267948695454299,0.8881668166371304,0.8167411133568654,0.02417984995840408,0.9543700606607263,0.9013875420354646
Sra1,0.03136402214906294,0.03349821819115778,0.05630391480843946,0.00117028103689549,0.1760592430785472,0.0002680328567466972,0.004091584076363931,0.39911325199163494,0.0010964980503273976
Srpx2,0.05432728608658448,-0.03843312658375306,0.01379036232163268,0.10817863528484246,0.6031081345609558,0.1879654262020267,0.2078639066423626,0.8038854392853902,0.342760483074284
Srrm4,-0.015202654159705961,-0.00416674611992864,0.018050929961893277,0.9508812175500441,0.5487824970608979,0.8700019241267585,0.971068300499496,0.767085754909772,0.9350174762379261
St6galnac3,-0.005925556619390039,-0.00820218040715396,0.007393273771711581,0.47658201335296546,0.9823235768780111,0.4661012210216958,0.6201790192419653,0.9901310619543536,0.628830950991553
Steap1,0.04246677564481684,0.14891548832321236,0.1418748704732865,0.011211529432850299,5.934806039160607e-26,2.183001071430188e-29,0.03185353066970706,1.7615009414104356e-24,3.6253410650537047e-28
Stk4,0.01683856247425828,0.00037224649258671834,0.07649492072122716,0.8091153012625749,0.15876582158424188,7.802705337324461e-09,0.8752847424111349,0.3722324724538108,4.6516127972511206e-08
Stpg2,0.03106163422368934,0.010620589680102679,0.01187011204164036,0.16925313701760902,0.16383539187393478,0.5475972329918473,0.2962460804762416,0.37968740765436954,0.7074438221019722
Stx1a,0.010118232804973103,0.0004029505329862626,-0.03832050984667978,0.7756338733947897,0.7903720693416525,0.13065388967935052,0.8493008268333844,0.909710426346209,0.2559862023914241
Sulf2,0.06699673912861694,0.04625620225584248,0.06871905712272805,0.3684167845671663,0.15061794811538148,0.030713612962975343,0.522123001337984,0.35780942015663036,0.07890513827504715
Suox,0.047999955748826796,-0.006499228027763901,0.04022932993555915,0.16252647634037304,0.5216654082484867,0.055442948181674535,0.2866301321047034,0.7496925663206812,0.12741830760038877
Svep1,0.13893977669189136,0.02697189777867186,0.05247937286150393,7.390961945895309e-16,0.5056765053304237,0.07885258840194276,6.173887373966441e-15,0.7409860556049802,0.17160586711499243
Syce3,0.07411605656674719,0.06042529020376146,0.06766758991357312,0.015610762757035825,0.005377676650384509,0.0018100383259316924,0.04286813788595467,0.026602336621582942,0.006360210238475343
Syn3,0.08933299241858425,0.012469332419167721,-0.0027710243913429597,5.899147877709868e-07,0.4103023184045402,0.8843110787236548,3.14095850740659e-06,0.6586556204537786,0.942409438364781
Sytl3,0.053712153022317397,0.007994315005869139,0.0321191995743135,0.10478211991935743,0.6766633704427791,0.4634394782163651,0.20273378264563607,0.8405569027316803,0.6276680311765334
Taf8,0.022446806571700523,0.01809233219351932,0.01216591527557396,0.6095121785383315,0.5407020285753557,0.8262461383409795,0.7324154122812239,0.7611294953205057,0.906855517691319
Tagln,0.015356423361489116,0.07169184682600066,0.16592059689135394,0.011843421904178952,1.1295051335169637e-05,3.4007571728045447e-46,0.033444480883258375,9.055515294575658e-05,1.157086891722522e-44
Tanc2,0.2947810642839538,0.11035727844820724,0.2205787198492113,4.191530684773832e-103,2.4286040046241515e-09,7.821215429994919e-59,8.474181601825355e-102,2.6467988956646027e-08,4.959361602201323e-57
Tas1r1,0.10355357448424103,0.05079359844072774,0.0555812658830376,4.87000379168701e-10,0.160644469707851,0.0818654554071745,3.1895095255414926e-09,0.37474755057266246,0.17651052595519076
Tbc1d7,-0.033419490518037005,0.02926314473457974,-0.008428536273560421,0.09355017896850673,0.11955203186567354,0.5636195933695405,0.1861661906719927,0.30941574109947045,0.7193498012355983
Tbcc,0.01906180235117718,0.01102420534801728,0.020167972716641103,0.22577958332689727,0.8277162315447495,0.05022740167766708,0.3701087176745261,0.9267776417960677,0.1177600425888161
Tdpx-ps1,0.0023520628362867003,-0.0006352862305334404,0.01447236946322808,0.4297776807783047,0.7798096395390279,0.2898699530091766,0.5803870906928703,0.9035169826884917,0.4669383192237891
Tecr,0.02720228950085052,0.013644952262895063,0.01559022764978928,0.6510093830835004,0.5031616570630066,0.6618048330889131,0.759964928369442,0.7388531701083098,0.7867587559245115
Tefm,-0.01352267562973738,0.02803218746296728,0.0318234216309548,0.6888914134489189,0.020847065076204308,0.037549877029617505,0.7877078047223294,0.08215157000368646,0.09503089971098869
Tenm3,0.04942243869584672,0.01024593996337478,-0.00493278861398772,0.09115195434999511,0.08242281362944397,0.36252304093472854,0.18243468625285966,0.23707180415066872,0.5351530604274565
Tenm4,0.12649475557306894,0.05188323041204508,0.19099787564826015,2.794185891550297e-12,0.0006187519746706465,1.2257553035097071e-52,1.9686309690468e-11,0.0037692532954827587,5.896305684124281e-51
Terb1,0.038539058994850425,0.07925981559535177,0.06186404360678346,0.054698872998969084,9.595730721770473e-05,0.014159302235438837,0.122087884533699,0.0006878341566829433,0.03998426440979186
Terf2,0.02058858739454968,-0.0025946744534890995,0.0379722756071591,0.10016668895021576,0.2595995527873121,0.016840850386167283,0.19591095530924973,0.5029741335254172,0.047080132843092905
Terf2ip,-0.025516911070544556,0.00838938895733178,0.013910680656725983,0.7500242815522244,0.6157251767070056,0.2046004918883588,0.8284116173914118,0.8097662472725401,0.3645181177321335
Tex14,0.043147547396969396,0.020652868349546098,0.05810897458906363,0.34071221720544426,0.35021253521257506,0.07835388044152787,0.498211261007961,0.6060619003964955,0.17078697377489277
Tex21,0.02154004454117466,0.0018162579695181606,-0.0010486019642494803,0.07163642321835273,0.8432711640117685,0.20516596081776986,0.15072822079879647,0.9354657393698403,0.3650593307918226
Tfb1m,0.06643506587434866,0.0375594066062288,0.03678703114455471,0.0006269055264188987,0.03929519784316427,0.24064399070276746,0.0023347487932062904,0.1330504878427528,0.4098881160321864
Tfec,-0.021601186940375938,-0.00786078883114098,0.029186856883324182,0.5598804264574129,0.9691835318571668,0.9279899307218296,0.6887417944515793,0.9847130567667499,0.968135646691732
Tgds,-0.016705296193079623,-0.01184102059648174,0.003878111213990601,0.15728428076800863,0.12013899142078345,0.4601231940802327,0.2798616985604235,0.30996492672231796,0.6256060972143516
Tgfb3,0.07083231489852032,0.041289325115374656,0.05126289349765063,5.636704642721158e-06,0.09378960007646245,0.27623064652891915,2.711449302274488e-05,0.2610112247701775,0.4522790515350261
Tgfbi,0.09561597924157322,0.10596841843989749,0.10443083997663882,3.261797380768005e-06,8.055140360280636e-11,2.0750223805169776e-12,1.619290870523618e-05,9.771235480514337e-10,1.5155268171838657e-11
Tgm2,-0.004898046252358861,-0.01156229691262824,0.0294045209575519,0.40095126750672133,0.7115694512953253,0.008314870239160181,0.5532413631769301,0.8615847417731659,0.02467924251835841
Thbs1,0.05409077787848056,0.0727028942251365,0.10687280982805539,0.00262202640460687,0.00011642937031895042,4.5591668221264774e-08,0.008647108355618402,0.0008120948579746792,2.533879568472684e-07
Thsd7a,0.08211913193230606,0.0218159755531052,0.05562492217805194,1.2480636327806866e-05,0.029173033371080324,7.074928347095069e-05,5.746035537059597e-05,0.10630337687003641,0.0003103624227735101
Tigar,0.014535098332969199,0.030048440219864338,-0.015518181229137418,0.03954075697915777,0.25952037563982266,0.9384695525474224,0.09317458781406265,0.5029741335254172,0.972934847509262
Timmdc1,0.05762658575235756,0.004972260128181459,0.03771647058640892,0.024020048760085195,0.5094955366069326,0.35601246505691664,0.06182281922568053,0.7426815815743688,0.5294641671155637
Timp1,0.09343561117676395,0.1355155695645682,0.19152983753898709,1.9826713666189876e-13,3.580320972286606e-20,1.7589480835755434e-42,1.5196849211173011e-12,8.055722187644863e-19,5.007617503240578e-41
Timp3,0.3062248733925787,0.1328269023229391,0.17028028557764588,2.0777405625084927e-94,9.329855914429244e-18,1.0526339252054069e-32,3.8645974462657965e-93,1.7828971233738075e-16,2.0682032755796376e-31
Tm7sf3,0.11788538709088647,0.017345520937654603,0.017633720074399242,4.046443828951521e-09,0.6420727828355477,0.13454252882308704,2.464973424186625e-08,0.8273228368528611,0.261402267003073
Tmc1,0.04127970576264708,0.026195651300230542,0.0010221040798508003,0.03318182352927578,0.3619198265257375,0.9615785463424764,0.07977752706847581,0.6172104621068506,0.9819927321725876
Tmed8,0.01774055786693122,0.024929169871067337,0.043801954020590464,0.6434935968122519,0.9252181535123913,0.48737098214242347,0.7543475357589005,0.9697064794513794,0.6468910752508855
Tmeff2,0.07295836043157902,0.003573633724926159,0.03258306704856886,1.5669183631548934e-05,0.4810986379959613,0.017938730495935456,7.073951833660441e-05,0.7243736132134836,0.04965184333696421
Tmem108,-0.03742582488587666,-0.002078860913287281,0.005467025810488239,0.5334126512367032,0.15475688631480136,0.9684812687789818,0.6673638102916601,0.36405709343869797,0.9854739461442577
Tmem116,0.011637182468483099,-0.018561420766962742,0.01567158194785016,0.3604341530917011,0.6136762256455733,0.3182190457000968,0.5167581126032097,0.8091803246294762,0.4954414829817355
Tmem120a,0.075230850993658,0.04552933880527802,0.02390334345383894,0.001564314191658027,0.10296878318439552,0.005034182417502578,0.005388193326822092,0.27869569507034175,0.015434471367947464
Tmem151a,0.020653292354206283,-0.008797408902147641,0.02482850721322332,0.06163168184029588,0.9475080785561129,0.396907488607717,0.1341282311500979,0.9790559095631394,0.5687511784423914
Tmem170,0.03384947793073666,0.0025446752609696198,0.01034648983304624,0.21423134740531194,0.8764631250117196,0.924402782458321,0.35367186938510076,0.9485384479374313,0.9666730746097135
Tmem196,0.05874357001490478,0.0316309571945756,0.0590990838747605,0.22892685821832373,0.6007002480655824,0.4002681311276536,0.3726405685117405,0.802418192146007,0.5715189794504367
Tmem205,0.05491297558457159,-0.0157514835055707,-0.0024039707355732994,0.0053173408424745305,0.8447753966196048,0.7186308153958315,0.0161958307319912,0.9360299271519846,0.8279380419870594
Tmem241,0.021262960798789098,0.037951512947554,0.0053626476430338,0.41857558671709577,0.15339182290787026,0.6246108956316806,0.569115929308332,0.3620669931581709,0.7607167922617281
Tmem267,0.0036807028219333613,0.0170387724308284,0.0300851239613318,0.35367893908473846,0.50461679698465,0.832666738231538,0.5112768083142074,0.7402107589837925,0.9093068849560988
Tmem43,0.03152667130397664,0.007194403769458799,0.00772931314292478,0.03130370072240292,0.06231323733404263,0.020950233959588078,0.07621058029276104,0.1901721361370901,0.05674441065273635
Tmem47,0.08549061875922236,0.06074318139780788,0.04259981813218584,2.3443983409192174e-07,0.03229806624515704,0.0005238055334203543,1.3029624245347843e-06,0.11642326204649632,0.0020525525818016694
Tmem79,0.0250970220386789,0.01057949651180554,0.03241315085630843,0.743223860690966,0.2182316800457479,0.01525142466268248,0.8235085668497995,0.45437790099077363,0.04280832475742869
Tmprss9,0.032759888469127786,0.05283576383056352,0.0848570715119289,0.2581237252909117,0.009491339932803423,0.0014129583555707746,0.4045871873941818,0.04271102969761541,0.005093221979383025
Tmsb4x,0.05494679681138086,0.04637613069652336,0.13967805352768886,0.026822014956353498,0.2108818662999924,4.3563210755216125e-30,0.06753918928540277,0.44371071416061747,7.596334875440812e-29
Tnnt2,0.09556135264225972,0.08290482714013216,0.07350995869673696,4.318373169095626e-09,0.0001265214458571514,1.0756053384154895e-05,2.619187204734086e-08,0.000873749588963991,5.156252395496934e-05
Tnr,0.027136042012387264,-0.0035489295029971224,0.006212511722762961,0.5073687983737295,0.31889472485083087,0.5575852365811816,0.6443427142180304,0.570330950213986,0.7155762695775054
Top2a,0.7690365353558498,0.40594131980652826,0.3690872011609182,0.0,2.358824597626983e-228,6.089381028061303e-195,0.0,3.290560313689641e-225,8.494686534145519e-192
Tor3a,0.007495231268613301,-0.0024319420578317796,-0.01316115377632246,0.43693244477191373,0.9649561205761251,0.8398783713363384,0.5877731537674249,0.9840013071664434,0.913908212179557
Tpm1,0.0165315035161288,0.0023698771702191403,0.07735423086246071,0.2654322212792457,0.6955214160574402,2.226781608257618e-07,0.4123362457511668,0.8525943544816601,1.1722114503846707e-06
Tpm2,0.055862096260458585,0.05313545540409446,0.06075278139719744,0.008368820826661696,0.00034826036782320844,2.01066283716196e-12,0.02442365073889763,0.0022388166502920544,1.476249819916281e-11
Tpm3-rs7,0.019820872505959118,0.017014384505850404,0.01972958650175584,0.11423792528217397,0.4647996523773281,0.6990869369577073,0.2156453393350916,0.7138139045892367,0.8147253776574784
Tpt1-ps3,0.00748565719393116,0.01488539057405088,0.01808572566214272,0.08812300972538765,0.3816794322104562,0.2112588527134988,0.17713486825204003,0.6362072915403061,0.3730456956143428
Tpt1-ps5,-0.003183896934905,-0.0001270876868201598,0.01999241591204114,0.6987869677243048,0.4188581114353589,0.4216260685320584,0.7925266829068335,0.6662566310744876,0.5905304875524312
Tpx2,0.488418534524415,0.11702806532871432,0.11495342212263085,2.6139820478004093e-298,1.7379106261154942e-18,8.752079749031227e-21,1.3023231988148467e-296,3.463407604901592e-17,9.689802579284574e-20
Trappc11,0.015097591658364839,0.022029566223685997,0.04762502258229326,0.4330316730042544,0.7292719292990919,0.6981479090521063,0.5836513853535602,0.8717517920927448,0.8143113153241541
Trappc6a,0.03822534746724214,0.04079032445440584,0.03512502164497674,0.00022640865329072817,0.05512007669913897,0.0010412303314304109,0.0008998292630785351,0.17318132206148393,0.0038733768329211288
Trappc6b,0.02074736152132736,-0.0006516657004940168,0.00540980506981352,0.7782667601292443,0.2065571100339676,0.19851342905314465,0.8494636478200831,0.4392487324655256,0.35823145606804896
Trim41,0.00956755097209024,-0.006203452144787499,0.008082554794601517,0.6206991755735962,0.5623680985733107,0.7048068920311263,0.7387404843570229,0.7802728812441025,0.8193380119861844
Trmt44,0.0115402364941702,0.00616619479867402,0.032165063331358525,0.30726972015514065,0.7851608322116624,0.9588208721289114,0.46040951623675747,0.905954806398072,0.9813317069844691
Trmt5,0.00566848317967328,-0.007409863338006061,0.035686412860445646,0.19222906025286418,0.24786082597825693,0.7540402309610723,0.32583176069592407,0.4904480173612318,0.8558878130111439
Trmt61b,0.03978786456857358,0.03871654870861026,0.06053262185306111,0.017154057618983875,0.5147666939742397,0.01769924991777879,0.04655624587253406,0.7456900707103472,0.049086388936980946
Trmu,0.01294002721853756,0.01087351799863622,0.008258918669499338,0.02400249762394705,0.6356730044912624,0.46438984668643024,0.06182281922568053,0.8256646566716118,0.627845918466267
Trnp1,0.0886277421290613,0.040753258321161404,0.049334547675418075,4.975202957806907e-07,0.022560777420201544,0.0009228739515477378,2.679694257197157e-06,0.08601611059006886,0.0034607773183040168
Trp53i13,0.03779667455985284,-0.0016992998561533809,0.02393019308937972,0.6524213930612188,0.3596576434881294,0.7369430392489348,0.7605367592007869,0.6156103222894976,0.8433433468025135
Trp53inp2,0.048129450214054736,-0.01950006346874032,0.10692768224275917,0.0008708103061927871,0.039211015633402894,2.5969413856693957e-39,0.0031552737068543846,0.1330504878427528,6.835345722658127e-38
Trpc5,-0.0046042719185300385,-0.02386718060181366,-0.00875488977528488,0.43917379130395656,0.25294767064500645,0.030132781222718355,0.5896510479971313,0.4976897045836164,0.07769913087928301
Trps1,0.20356646014015464,0.10835639498981871,0.20657500594448247,7.484567534817533e-40,3.276161852953322e-10,2.94879838449152e-45,9.757917486981737e-39,3.808538154058236e-09,9.34903124174016e-44
Tsacc,0.02179615686302146,0.01416896759815336,0.020282207615398697,0.11008694638495446,0.19916942540621996,0.7999828551246551,0.20979684454509762,0.42843639941575873,0.8907344102828259
Tsen54,-0.003805594727777163,0.028623209723775717,0.03226850848721192,0.24619775631648552,0.5162585774631739,0.7789806383243777,0.3925095657845683,0.7463530127917586,0.8760047895522175
Tspo,0.034750673863296375,0.00850654477590996,0.061159680140073024,0.49249283996937876,0.010149515299515174,2.534831323090369e-10,0.6314591100710325,0.04480561342665718,1.6370785628291966e-09
Tssc4,0.11723112035733725,0.007541978830669363,0.0229738977853922,1.3266523411673701e-08,0.046838905013104865,0.004009057365581335,7.875234110333963e-08,0.15195412207739833,0.012567719157271826
Ttc12,0.0107781539213839,-0.0020373791641266612,0.0024181905603801604,0.7293246287520624,0.025071432765239654,0.44836528499982287,0.8142160721704654,0.0937658142292475,0.6174428159671795
Ttc32,0.06516633507799417,-0.01341524821961094,0.035785806311736924,0.019554435385305404,0.5175164352299706,0.25305902604307967,0.05205808656965847,0.7466460058013468,0.4242996890986732
Ttc33,0.04565733061273907,-0.0106574118599089,0.01519422363635196,0.048810482329692734,0.24100187641193935,0.5988715584155563,0.11089677988586541,0.4806872308991846,0.7496477604155238
Tti2,0.028679952336962224,0.01633345420063958,0.025135025344551882,0.21571617067899324,0.33159205038526746,0.8214355582154031,0.35528224096481176,0.5855327978322128,0.9047742710943016
Ttll1,0.01244645260982696,0.01632512261987814,0.036220828072724684,0.8758578951288106,0.6496032062823247,0.2670423019953796,0.9207398370042885,0.8290910089330678,0.44085681808704674
Ttll11,0.05016949846202308,0.08002306694276243,0.08861063360467437,0.6229742433593967,3.92225372169838e-05,4.6977339244032965e-05,0.7387404843570229,0.00029103957137070427,0.00021346380535969376
Ttll12,0.03819240804209108,0.0148027534635503,0.03724060094860604,0.021935398830885935,0.9674392641025378,0.30281938336496284,0.057649467331187046,0.9843747435616632,0.48003754522059455
Tuba3a,0.01905530223512996,0.01855583298246588,-0.0004806773994175402,0.21390926486855916,0.03560805326792148,0.001309366231347745,0.353558559824218,0.12418308577187616,0.00475668201231798
Tubb2a,0.05844496220793911,0.007106413058461219,0.01026248525438796,0.025422841690122315,0.12887669068873056,0.2957813127629703,0.06483521783861175,0.32393330362302547,0.47209946373494693
Tubb2b,0.061831957644568204,-0.0111637431540894,0.04582296545436856,0.0038121014814961685,0.8663792123301246,0.0004487716167697383,0.01216906536999349,0.9467368886739799,0.0017785125153232525
Tubb4b,0.3175792748801194,0.1416638474551535,0.16947832939928012,4.706193567669493e-105,1.0225927349854359e-19,2.6094285214905852e-30,9.654617686616092e-104,2.194641331237974e-18,4.6077883385814766e-29
Tubb5,0.3278668601500381,0.2118751971708391,0.20728148125348103,1.703525304584485e-124,1.901658220328657e-51,3.637960016578262e-65,3.772091745865645e-123,1.3264066086792383e-49,2.9852671900745147e-63
Tubgcp6,0.07747337650628053,0.049986903656868656,0.0321098378970997,0.00015716179257539928,0.03168825237792923,0.21988211502005175,0.0006318175811028299,0.11452101571816393,0.3843803890388123
Tuft1,0.030147801307977763,0.03696010060400944,0.0794335984284695,0.4080106404600843,0.15081859430257968,0.055234962783621326,0.5588464240276181,0.35780942015663036,0.12735995550934173
Tusc2,0.026890507597745677,0.0038851796434945405,-0.013587022486033598,0.28094619785844127,0.14575142911493655,0.04575691270442874,0.429736782908471,0.3499539477028167,0.11062546485732772
Txk,0.023094647793449156,0.032043212429844405,0.03490231193860036,0.5496141629513691,0.2167904332862251,0.05144748999166749,0.6800818042212899,0.45219545477528317,0.11976901962129556
Txndc15,0.055406571082941204,0.027585121914051998,0.01793252303480126,0.052949641750032334,0.6128052261344816,0.2752031015398533,0.118563001992448,0.8091803246294762,0.45112611827038224
U90926,0.00526420498002244,0.06372013148826498,0.05407584135145595,0.07940675209362107,0.0005875297684859477,0.014008415591834198,0.1633811492191761,0.0035947545045521795,0.03963841734403388
Uap1l1,0.03313312315070098,-0.0012784623896225783,0.02158578594114428,0.21100115356950408,0.04073675858057605,0.03101349763940929,0.3495802959969812,0.1369344053491653,0.0795290978069411
Ubb,0.12376903558889132,0.11162517756455843,0.1666462519210629,1.9023512920484268e-17,3.8380645956117945e-12,2.2246474678575314e-34,1.690305765864685e-16,5.051037840451371e-11,4.631915250240681e-33
Ubc,0.10587749829132823,0.036710509423242096,0.058149510374902,2.114464470364268e-18,3.473851122491384e-07,5.728796915752933e-17,1.9534290967934794e-17,3.2523639703862283e-06,5.090236749984293e-16
Ube2c,0.5396756341820569,0.2367110189186583,0.25878937061256024,0.0,5.156376332525223e-62,1.1097406995885535e-81,0.0,5.994287486560571e-60,1.4073529781145746e-79
Ube2l6,0.0030182212620858393,0.007060912824162338,0.02098961636103142,0.8966946820191746,0.36337299549942664,0.9523604427788631,0.9318584420993349,0.6189030962301268,0.9768697188797898
Ube2s,0.08789209526498902,0.015238838373465641,0.016091940213412162,3.074228623599501e-08,0.7414894032868982,0.059873057496370986,1.7868953874672097e-07,0.8758527307641097,0.13515034823209957
Ube2z,0.10577802313055426,0.03648835878594286,0.0015426761221162004,6.500313767827477e-06,0.00543776890380101,0.026936069783374633,3.116129795917296e-05,0.0268045498968283,0.07023622156797318
Ubiad1,-0.01008915669483484,-0.00887162784902198,-0.005481280211533137,0.8054700743964953,0.9002401018787984,0.5774088113159123,0.8730619687514459,0.9594543004654597,0.7302677169407956
Uckl1,0.014429486083292259,-0.004236079754790919,-0.0091728543958955,0.8129949968631096,0.6429636186349357,0.11066237380457387,0.8771291729497587,0.8273228368528611,0.22373045138750805
Uhmk1,0.0428924732590734,0.030645084842729937,0.044368193989888824,0.12002170927150269,0.3541231071287289,0.047516302343459084,0.22443737859751509,0.6106325518474374,0.11332443354106002
Upf3b,0.09199459149892396,0.0386020858245236,0.0451647211153859,3.612340904237533e-06,0.06709290111141888,0.0008600714161786974,1.7869558728409074e-05,0.2017124936431667,0.0032514895001877586
Uqcrb,0.0845030729870659,0.09082219835107669,0.09880345377193046,2.3606424380517328e-05,1.9686051020186357e-06,6.79744099830477e-05,0.00010521074124863154,1.727172400827671e-05,0.0002991302899884906
Urgcp,0.02982490677261998,-0.022725794936817055,0.029033853794728243,0.16841002043535253,0.7563402751828419,0.294821196421462,0.2951406765167296,0.8858897429723462,0.47209946373494693
Usf1,-0.02149425045234052,0.02031017762695906,-0.009089547167729957,0.4920810036794363,0.5162943780244065,0.5104458733042232,0.6314591100710325,0.7463530127917586,0.6717660313767844
Usp14,0.18320578417892647,0.04028208892455426,0.0719864967044911,2.335384694073506e-37,0.6611367488442399,0.00010718463159886163,2.9616924074841282e-36,0.8314750424812187,0.00045725553847220785
Uxt,0.02405196979520732,-0.01381045057192884,0.010377590834499021,0.32541803315434026,0.32351379225956406,0.9776461150938243,0.48037900132307376,0.5763751471291084,0.987509606876499
Vamp7,-0.01993791896131098,0.02426751252357818,0.009402492520965502,0.08189731419231648,0.6053385595187207,0.13177028872313762,0.16702741710275074,0.8053804127106611,0.2570902835926951
Vangl2,-0.0043365705112714,0.03309069877175068,0.0475478553820039,0.7904034424982651,0.7553017696144956,0.10928641202438998,0.8580644375759375,0.8854167803464046,0.22126929575330045
Vasp,0.05034517062519657,0.05534870568414886,0.030997007221223283,0.04680169070971622,0.10246862762460063,0.04507535873804183,0.1072058432513204,0.2781006527943928,0.10935673989490148
Vbp1,0.17054622685155646,0.00825154483788138,0.035429931962642505,2.414478173167618e-28,0.09552872233846918,0.05151355682636368,2.738371586641323e-27,0.2638862725983456,0.11976901962129556
Vegfa,0.16399299702679448,0.07199637467987208,0.14564942623982186,2.268160492776712e-21,2.9628018209792845e-06,3.0498773431236896e-19,2.2282280897348687e-20,2.551301568065495e-05,3.1283668335717255e-18
Vgll3,0.03651496460870266,0.11613684873637378,0.11729199602445986,0.027489574040714716,1.9255621443903693e-11,1.8144243557936187e-14,0.0689711435014335,2.464366230664739e-10,1.430012416006835e-13
Vgll4,0.03771191770193168,0.0192572589025128,0.029922486541467636,0.06296765672417444,0.0053674812085841225,0.0002400384857204664,0.13647425411307748,0.026602336621582942,0.0009906913833729308
Vps53,-0.01905204213234356,-0.0156726142983283,0.005914052649765,0.779572331050586,0.37709622613433297,0.10904621638857319,0.8496120326684121,0.6308704256364014,0.22126929575330045
Vtcn1,0.0292503035808881,0.035102788371102624,0.032325874073462504,0.6748819579541903,0.6941063827697955,0.3061362941096558,0.7761420703595181,0.8516080949550262,0.48309969489023735
Wdr19,-0.018886788457607405,-0.008450702926108961,0.00732868073388694,0.5380696060332743,0.8350834021696798,0.4835504115907171,0.6719848705608036,0.9297217446342405,0.6444222101719417
Wdr37,0.03455625221508222,0.00609032837537974,0.030646706230247837,0.5202215172807835,0.9184576716402023,0.3397177363997798,0.6555637006383856,0.9655225711666031,0.5145561805403831
Wdr38,0.0050446250852235405,-0.0015756937946345014,-0.03074666460979164,0.09704723867057079,0.13020607526519212,0.23786420796808844,0.1909462594435067,0.3260995960411903,0.4061451286603224
Wdr78,0.0575861252130758,0.052080012772410055,0.028135106415870283,0.000425252176577082,0.002981644577172998,0.3422937687813384,0.0016342335711433318,0.015765272889671295,0.5178956696854307
Wdr83,0.030399781271403102,0.0011576907295610408,0.01777640110703132,0.14752051526384255,0.6710943970080194,0.6381423835138063,0.26587999844064647,0.8382820653484219,0.7694110225045148
Wnt5b,0.09764709125342848,0.0371629485723417,0.07218794640971828,9.651028643809352e-07,0.3847034240671849,0.010798732145873537,4.967964929193375e-06,0.6381228021090641,0.03099636078908145
Wrb,0.0030082246174060203,0.046522275717846145,0.0197489530874198,0.3533011504260398,0.8571833344953306,0.12833753168660558,0.5112604822036572,0.9467368886739799,0.25322610566168996
Wrnip1,0.01919707421500594,0.04819759275282818,0.047021458771289736,0.7088875379778743,0.19518035554867905,0.14412248341147493,0.7987868461059247,0.4274357864841558,0.2773115370469069
Wtap,0.12105766839858556,0.08877173080721691,0.10197030031880308,6.670369552214226e-10,9.55701258726196e-06,3.7389556621987e-16,4.288094712137716e-09,7.751181720482811e-05,3.1803921638824306e-15
Xab2,0.024781114860959963,-0.02079829098398516,0.010313103215798819,0.19052684345781282,0.31156204458938824,0.903048045176409,0.32506966335159077,0.5650707351579422,0.9550811395156108
Xaf1,0.040204419135893024,-0.030506248423966698,-0.00424194746411454,0.010045866137320128,0.4273793974876106,0.8006793495611249,0.029014458098471176,0.6759572103120373,0.8907344102828259
Xkr6,0.012500631830996239,-0.015277941836169817,0.004458526942642959,0.7049269826343312,0.3106090780581576,0.19876067885065943,0.7968988174837051,0.5649278538345891,0.35823145606804896
Xrcc2,0.08998902875229536,0.0685915190766972,0.0808277691765321,2.443849895637861e-07,0.010254054047789781,0.0011219250676483047,1.3528454779423874e-06,0.04498240690775706,0.004140437749654458
Ypel2,0.0326076394795172,-0.009752655884702198,0.01962121504888898,0.0006595957042060011,0.2738549081931611,0.9387600750877897,0.002447170232360031,0.521183624733233,0.972934847509262
Zbtb11os1,0.0216579951703213,0.03314805847995678,-0.02213383821659628,0.966392269464301,1.773301771693894e-05,0.04663900766243645,0.9811624569888645,0.00013819865762642358,0.11178937403625232
Zc3h3,0.0242417203124834,-0.01021089502143934,0.03875477285029562,0.7333279763579243,0.4958505827925159,0.6110974441971309,0.8164345786267394,0.73239075965333,0.7537408794473894
Zc3h8,0.041606153034835155,0.00755077481472122,0.014898421172953619,0.169909765258767,0.3536236710982625,0.8720116404218179,0.29702270994483704,0.6105260163144507,0.9355558995279729
Zc3hav1l,0.02393978508392854,-0.005052739967307679,0.039401698940125116,0.6635622717097989,0.4363978849675721,0.08812888188857108,0.7681903477470285,0.6817189804364648,0.18571787843470064
Zdhhc16,0.01108646466858592,-0.0020046080691144995,-0.0007198635597072997,0.6444935133190275,0.08863012651520508,0.28257106766349804,0.7548853493535209,0.25007975245765757,0.459392891898971
Zfas1,0.09049537334769087,0.018034777645597543,0.04356452318686166,0.00046479615678398327,0.1073029677460272,1.5562162694376788e-07,0.0017715591221684607,0.28511931429658655,8.285960671242603e-07
Zfp2,0.01176125113309906,-0.00751535547980464,0.01191040919833122,0.7291344106186665,0.4904252880593015,0.9241687565924325,0.8142160721704654,0.7317040394039847,0.9666730746097135
Zfp212,-0.00194102381234226,0.0120491518202319,-0.00021173596101959903,0.28780651889120523,0.05707109970695187,0.0049558433633969615,0.437353043413106,0.17731444118306874,0.015227756590173485
Zfp334,0.0380161406665223,0.02826112645656878,0.060706977682571016,0.0031192600634665627,0.46667079716943904,0.08845085446556378,0.010072610621610774,0.7138221075124643,0.18610700147731746
Zfp335,0.030920821716132196,0.00999230550754264,0.0276657455744716,0.0656396806788487,0.16003373948885785,0.8925355124254661,0.14108991455623104,0.3739481852377834,0.9461332709378202
Zfp36l2,0.11708958970189262,0.07359592534975246,0.12356330800772045,3.8032610097729944e-10,0.0007795908677451593,9.221822086559918e-13,2.514478250537122e-09,0.004608174832646175,6.916366564919938e-12
Zfp382,0.07038314557720998,0.05217948131906476,0.01184577195280476,0.004237804473678777,0.022629758652873765,0.15964264673460035,0.01337497113299071,0.0860177474680079,0.3013551991810115
Zfp442,0.06584272548753958,0.003212587644987299,0.016141842213241338,0.0239023390036423,0.724163699639654,0.06540006818875417,0.06174770909274261,0.8671837691082174,0.146206883210436
Zfp51,-0.010351615185712792,0.03089060348956988,0.019153841767115383,0.5448856894970879,0.28227217468182964,0.8481799261009173,0.6768615644242544,0.5318875138057637,0.9165073562438262
Zfp595,0.04887351549899446,-0.003695293956676919,-0.004310663015494759,0.3808130346892436,0.0713997449363582,0.997124792069085,0.5328326814358023,0.21192051954514826,0.997124792069085
Zfp605,0.010831059331885119,0.02373937917778904,0.010721414987794919,0.372552369922285,0.277212996070479,0.18160602446821011,0.5265557811971505,0.5268557622865371,0.3342221690410991
Zfp606,0.01666349071308252,-0.010879969500206218,0.030155617543114903,0.24849809031654632,0.7380857976275331,0.70197112249892,0.3943741023795018,0.8755354487163339,0.8174037695208626
Zfp651,0.06917083406075594,0.06852150533549654,0.09836208599663505,0.0007754693270631301,0.009646113238506553,0.0001307340846506693,0.0028244901077103565,0.04326793558751331,0.0005560184392917186
Zfp692,0.07350209065048524,0.04924418113452396,0.08586599900582045,0.0013933630328997362,0.00925572850198736,0.00010236052857974375,0.004823179729268318,0.04181716274650392,0.00043801514530289123
Zfp7,0.013095990912390021,0.005223391059797479,0.0574085410811193,0.8799548549912225,0.22413964881841483,0.24871301311183266,0.9225312822005717,0.4611722862856765,0.42055109489818976
Zfp780b,0.02067685485882982,-0.01790186919717862,0.01855283302448164,0.2108422680580246,0.42721063570953477,0.35988783129731433,0.3495802959969812,0.6759572103120373,0.5323897398300673
Zfp788,0.053858568257341186,0.014652287615270602,0.0545266010824472,0.10906577790635004,0.9975455559043351,0.13203476649327792,0.20879719682162384,0.9982611552988147,0.25724650734374677
Zfp830,0.06919879674978549,0.019586947738914277,0.04297412417646418,0.0024835635338209612,0.006656678636403863,2.4934539425125704e-07,0.008296355521334856,0.031774431033976314,1.3076572367688104e-06
Zfp85,0.01508800004495072,-0.009141344384185398,0.0248261957044235,0.7763589991863937,0.07457635546600852,0.6212659928134465,0.8494280814627603,0.21948104614996178,0.7595670990138106
Zfp850,0.081364370670975,0.022585958461386644,0.0389621635471196,0.025507296654781096,0.7872837075734581,0.6492455521068607,0.06493189568142269,0.90765353063221,0.776756042186167
Zfp862-ps,-0.0011738648224018599,-0.0015722460471351799,0.026061218085434695,0.8328928560762676,0.19686409874839145,0.4232815039997199,0.8904826004544155,0.42843639941575873,0.591661020119849
Zfp869,0.0028169347186691,0.0010633117675681203,-0.00958087681366826,0.3113061279970979,0.8272321971989546,0.10614930882615725,0.46396586384182853,0.9267776417960677,0.21648872194808388
Zfp930,-0.004047849353895779,-0.01896486600145784,0.02581324129985202,0.4737325683732897,0.6908428029700076,0.1577973449551278,0.6182010597574735,0.8515791449937229,0.29868018482008585
Zfp943,0.0381347493444141,0.00108627744584548,0.0384078529632811,0.09169391951326089,0.19757886673066472,0.14939268856297172,0.18299430289127172,0.42843639941575873,0.2843148711396256
Zfp976,0.005371844602062284,-0.01377090627061082,0.0069146465338452996,0.9820868447280585,0.1659406390897744,0.02571341888235047,0.987039732273517,0.38389252326738854,0.06755220214854785
Zfpm2,0.1770862436212441,0.07648000558083715,0.15739336896065903,3.3930702866091054e-43,2.8291638788325858e-08,2.656420626854464e-36,4.595468980407478e-42,2.9234693414603387e-07,5.79016683509684e-35
Zfyve1,-0.0005754211848408207,0.00985070088124,0.02251961087448246,0.7659776290480623,0.005598130173074389,0.6922411643008732,0.8420321454074444,0.027497857716333708,0.8114927934451414
Zmat5,0.02959680260718512,0.0125604086712599,0.005488816654220361,0.5423233990825482,0.5091052050639606,0.5748600444658246,0.6748805902945181,0.7426815815743688,0.7287998808385747
Zw10,0.083899094620372,0.037778780963210024,0.056024371201719214,1.0599638697691272e-06,0.007719394803082608,0.0007248420601872168,5.416298894974111e-06,0.03596014444876157,0.0027778974559372737
Zyg11a,0.0209930697738488,0.0054792185068397985,0.02787087620638526,0.48675010090053716,0.41532389409191683,0.830836910609179,0.6281372717449115,0.6651858005260894,0.9083209171628563
mt-Atp8,0.0933837203168104,0.045537482656893,0.12639990598367107,6.522171174507617e-19,1.6457804322221285e-05,6.533010342806304e-37,6.231800540026113e-18,0.0001297098137259813,1.5189249047024655e-35
mt-Nd6,0.09778813626941016,0.05728104043043507,0.11412751073979766,1.497825430565105e-05,3.603786898994288e-06,1.2556509132260356e-13,6.783982063760785e-05,3.065416295181117e-05,9.571765158198468e-13
mt-Rnr1,0.13691686410828274,0.05009518868689938,0.13546310677191203,1.529087056180039e-12,7.836009179271973e-10,1.554047773171612e-24,1.1167939494089814e-11,8.887181142345043e-09,2.1253888662494105e-23
mt-Rnr2,0.1856047267918784,0.13461216394718375,0.20772657703593062,1.189164638347028e-27,1.626982984059235e-28,3.155880969634282e-43,1.3062084019638612e-26,5.9727401651648225e-27,9.570552070956137e-42
mt-Tm,0.0101522547388785,0.023578953523851462,0.018409068434230322,0.7295842940595568,0.6665820339641406,0.05960698993675192,0.8142160721704654,0.8362247638309138,0.13476782975975515
