[Data],,,,,,,,,,,,,,,,,,,,,,,,,,,,,,,,,,,,,,,,,,
Sample_ID,Sample_Plate,Sample_Well,Lane,I7_Index_ID,index,I5_Index_ID,index2,Sample_Project,Description,Species,CC_used,Condition_per_CC,ERCC,Exp_Condition_1,Exp_Condition_2,Exp_Condition_3,Dropout_Cell_Type,Dropout_Cell_CC,Dropout_Cell_WC,Tn5_FragmentSize,Tn5_Yield
NG027_PC706_WC1,NG027,NA,NA,PC706,CGCAGCTAGA,WC1,GTCGTGAATC,NA,NG027_P1,human,CC8_CC9_CC10,PBMC_PBMC_PBMC,no,no,no,no,no,no,no,13.35,597
NG027_PC706_WC2,NG027,NA,NA,PC706,CGCAGCTAGA,WC2,CTGTTCTACG,NA,NG027_P1,human,CC8_CC9_CC10,PBMC_PBMC_PBMC,no,no,no,no,no,no,no,13.35,597
NG027_PC706_WC3,NG027,NA,NA,PC706,CGCAGCTAGA,WC3,GCTCTTAGGT,NA,NG027_P1,human,CC8_CC9_CC10,PBMC_PBMC_PBMC,no,no,no,no,no,no,no,13.35,597
NG027_PC706_WC4,NG027,NA,NA,PC706,CGCAGCTAGA,WC4,TAGAAGCCAT,NA,NG027_P1,human,CC8_CC9_CC10,PBMC_PBMC_PBMC,no,no,no,no,no,no,no,13.35,597
NG027_PC706_WC5,NG027,NA,NA,PC706,CGCAGCTAGA,WC5,CACTTAGGTA,NA,NG027_P1,human,CC8_CC9_CC10,PBMC_PBMC_PBMC,no,no,no,no,no,no,no,13.35,597
NG027_PC706_WC6,NG027,NA,NA,PC706,CGCAGCTAGA,WC6,ATAGGTAAGG,NA,NG027_P1,human,CC8_CC9_CC10,PBMC_PBMC_PBMC,no,no,no,no,no,no,no,13.35,597
NG027_PC706_WC7,NG027,NA,NA,PC706,CGCAGCTAGA,WC7,CGCCTTATAT,NA,NG027_P1,human,CC8_CC9_CC10,PBMC_PBMC_PBMC,no,no,no,no,no,no,no,13.35,597
NG027_PC706_WC8,NG027,NA,NA,PC706,CGCAGCTAGA,WC8,GCACGATGCT,NA,NG027_P1,human,CC8_CC9_CC10,PBMC_PBMC_PBMC,no,no,no,no,no,no,no,13.35,597
NG027_PC706_WC9,NG027,NA,NA,PC706,CGCAGCTAGA,WC9,AATATGCCAG,NA,NG027_P1,human,CC8_CC9_CC10,PBMC_PBMC_PBMC,no,no,no,no,no,no,no,13.35,597
NG027_PC706_WC10,NG027,NA,NA,PC706,CGCAGCTAGA,WC10,TAGAGTCACG,NA,NG027_P1,human,CC8_CC9_CC10,PBMC_PBMC_PBMC,no,no,no,no,no,no,no,13.35,597
NG027_PC706_WC11,NG027,NA,NA,PC706,CGCAGCTAGA,WC11,TTAACAGGTC,NA,NG027_P1,human,CC8_CC9_CC10,PBMC_PBMC_PBMC,no,no,no,no,no,no,no,13.35,597
NG027_PC706_WC12,NG027,NA,NA,PC706,CGCAGCTAGA,WC12,ACATGAGCCA,NA,NG027_P1,human,CC8_CC9_CC10,PBMC_PBMC_PBMC,no,no,no,no,no,no,no,13.35,597
NG027_PC706_WC13,NG027,NA,NA,PC706,CGCAGCTAGA,WC13,GCGAGGTTCT,NA,NG027_P1,human,CC8_CC9_CC10,PBMC_PBMC_PBMC,no,no,no,no,no,no,no,13.35,597
NG027_PC706_WC14,NG027,NA,NA,PC706,CGCAGCTAGA,WC14,TGTCCGTAGG,NA,NG027_P1,human,CC8_CC9_CC10,PBMC_PBMC_PBMC,no,no,no,no,no,no,no,13.35,597
NG027_PC706_WC15,NG027,NA,NA,PC706,CGCAGCTAGA,WC15,CATTATGCCT,NA,NG027_P1,human,CC8_CC9_CC10,PBMC_PBMC_PBMC,no,no,no,no,no,no,no,13.35,597
NG027_PC706_WC16,NG027,NA,NA,PC706,CGCAGCTAGA,WC16,TCCACTGTTG,NA,NG027_P1,human,CC8_CC9_CC10,PBMC_PBMC_PBMC,no,no,no,no,no,no,no,13.35,597
NG027_PC706_WC17,NG027,NA,NA,PC706,CGCAGCTAGA,WC17,CTTAACGACA,NA,NG027_P1,human,CC8_CC9_CC10,PBMC_PBMC_PBMC,no,no,no,no,no,no,no,13.35,597
NG027_PC706_WC18,NG027,NA,NA,PC706,CGCAGCTAGA,WC18,TCCTCGAGCT,NA,NG027_P1,human,CC8_CC9_CC10,PBMC_PBMC_PBMC,no,no,no,no,no,no,no,13.35,597
NG027_PC706_WC19,NG027,NA,NA,PC706,CGCAGCTAGA,WC19,CGAGTAATGT,NA,NG027_P1,human,CC8_CC9_CC10,PBMC_PBMC_PBMC,no,no,no,no,no,no,no,13.35,597
NG027_PC706_WC20,NG027,NA,NA,PC706,CGCAGCTAGA,WC20,CATACCGCTG,NA,NG027_P1,human,CC8_CC9_CC10,PBMC_PBMC_PBMC,no,no,no,no,no,no,no,13.35,597
NG027_PC706_WC21,NG027,NA,NA,PC706,CGCAGCTAGA,WC21,GCTACTTGCA,NA,NG027_P1,human,CC8_CC9_CC10,PBMC_PBMC_PBMC,no,no,no,no,no,no,no,13.35,597
NG027_PC706_WC22,NG027,NA,NA,PC706,CGCAGCTAGA,WC22,GCTATTGAAG,NA,NG027_P1,human,CC8_CC9_CC10,PBMC_PBMC_PBMC,no,no,no,no,no,no,no,13.35,597
NG027_PC706_WC23,NG027,NA,NA,PC706,CGCAGCTAGA,WC23,TCAGCATCCG,NA,NG027_P1,human,CC8_CC9_CC10,PBMC_PBMC_PBMC,no,no,no,no,no,no,no,13.35,597
NG027_PC706_WC24,NG027,NA,NA,PC706,CGCAGCTAGA,WC24,TAGGTGGTGG,NA,NG027_P1,human,CC8_CC9_CC10,PBMC_PBMC_PBMC,no,no,no,no,no,no,no,13.35,597
NG027_PC706_WC25,NG027,NA,NA,PC706,CGCAGCTAGA,WC25,AAGATCGGAT,NA,NG027_P1,human,CC8_CC9_CC10,PBMC_PBMC_PBMC,no,no,no,no,no,no,no,13.35,597
NG027_PC706_WC26,NG027,NA,NA,PC706,CGCAGCTAGA,WC26,TTAACGTCCG,NA,NG027_P1,human,CC8_CC9_CC10,PBMC_PBMC_PBMC,no,no,no,no,no,no,no,13.35,597
NG027_PC706_WC27,NG027,NA,NA,PC706,CGCAGCTAGA,WC27,ATTACCGATC,NA,NG027_P1,human,CC8_CC9_CC10,PBMC_PBMC_PBMC,no,no,no,no,no,no,no,13.35,597
NG027_PC706_WC28,NG027,NA,NA,PC706,CGCAGCTAGA,WC28,GTTGCATCGT,NA,NG027_P1,human,CC8_CC9_CC10,PBMC_PBMC_PBMC,no,no,no,no,no,no,no,13.35,597
NG027_PC706_WC29,NG027,NA,NA,PC706,CGCAGCTAGA,WC29,ACTGGACGTT,NA,NG027_P1,human,CC8_CC9_CC10,PBMC_PBMC_PBMC,no,no,no,no,no,no,no,13.35,597
NG027_PC706_WC30,NG027,NA,NA,PC706,CGCAGCTAGA,WC30,TTGTTCGTGT,NA,NG027_P1,human,CC8_CC9_CC10,PBMC_PBMC_PBMC,no,no,no,no,no,no,no,13.35,597
NG027_PC706_WC31,NG027,NA,NA,PC706,CGCAGCTAGA,WC31,ACGGACTGAG,NA,NG027_P1,human,CC8_CC9_CC10,PBMC_PBMC_PBMC,no,no,no,no,no,no,no,13.35,597
NG027_PC706_WC32,NG027,NA,NA,PC706,CGCAGCTAGA,WC32,CACCGTCATA,NA,NG027_P1,human,CC8_CC9_CC10,PBMC_PBMC_PBMC,no,no,no,no,no,no,no,13.35,597
NG027_PC706_WC33,NG027,NA,NA,PC706,CGCAGCTAGA,WC33,GTAGTTGTGT,NA,NG027_P1,human,CC8_CC9_CC10,PBMC_PBMC_PBMC,no,no,no,no,no,no,no,13.35,597
NG027_PC706_WC34,NG027,NA,NA,PC706,CGCAGCTAGA,WC34,CTGAGTCCTT,NA,NG027_P1,human,CC8_CC9_CC10,PBMC_PBMC_PBMC,no,no,no,no,no,no,no,13.35,597
NG027_PC706_WC35,NG027,NA,NA,PC706,CGCAGCTAGA,WC35,TCACAGTTGC,NA,NG027_P1,human,CC8_CC9_CC10,PBMC_PBMC_PBMC,no,no,no,no,no,no,no,13.35,597
NG027_PC706_WC36,NG027,NA,NA,PC706,CGCAGCTAGA,WC36,ATTGTAAGCG,NA,NG027_P1,human,CC8_CC9_CC10,PBMC_PBMC_PBMC,no,no,no,no,no,no,no,13.35,597
NG027_PC706_WC37,NG027,NA,NA,PC706,CGCAGCTAGA,WC37,CGGTCTCTCT,NA,NG027_P1,human,CC8_CC9_CC10,PBMC_PBMC_PBMC,no,no,no,no,no,no,no,13.35,597
NG027_PC706_WC38,NG027,NA,NA,PC706,CGCAGCTAGA,WC38,AACAGCAATG,NA,NG027_P1,human,CC8_CC9_CC10,PBMC_PBMC_PBMC,no,no,no,no,no,no,no,13.35,597
NG027_PC706_WC39,NG027,NA,NA,PC706,CGCAGCTAGA,WC39,TCCGTGTTGC,NA,NG027_P1,human,CC8_CC9_CC10,PBMC_PBMC_PBMC,no,no,no,no,no,no,no,13.35,597
NG027_PC706_WC40,NG027,NA,NA,PC706,CGCAGCTAGA,WC40,TGCGAAGTGA,NA,NG027_P1,human,CC8_CC9_CC10,PBMC_PBMC_PBMC,no,no,no,no,no,no,no,13.35,597
NG027_PC706_WC41,NG027,NA,NA,PC706,CGCAGCTAGA,WC41,CACAGCTATT,NA,NG027_P1,human,CC8_CC9_CC10,PBMC_PBMC_PBMC,no,no,no,no,no,no,no,13.35,597
NG027_PC706_WC42,NG027,NA,NA,PC706,CGCAGCTAGA,WC42,GATAGTGTTC,NA,NG027_P1,human,CC8_CC9_CC10,PBMC_PBMC_PBMC,no,no,no,no,no,no,no,13.35,597
NG027_PC706_WC43,NG027,NA,NA,PC706,CGCAGCTAGA,WC43,TAGCTACCAG,NA,NG027_P1,human,CC8_CC9_CC10,PBMC_PBMC_PBMC,no,no,no,no,no,no,no,13.35,597
NG027_PC706_WC44,NG027,NA,NA,PC706,CGCAGCTAGA,WC44,TGCTCACGCA,NA,NG027_P1,human,CC8_CC9_CC10,PBMC_PBMC_PBMC,no,no,no,no,no,no,no,13.35,597
NG027_PC706_WC45,NG027,NA,NA,PC706,CGCAGCTAGA,WC45,AAGTGTGCTA,NA,NG027_P1,human,CC8_CC9_CC10,PBMC_PBMC_PBMC,no,no,no,no,no,no,no,13.35,597
NG027_PC706_WC46,NG027,NA,NA,PC706,CGCAGCTAGA,WC46,TCATCGTCTG,NA,NG027_P1,human,CC8_CC9_CC10,PBMC_PBMC_PBMC,no,no,no,no,no,no,no,13.35,597
NG027_PC706_WC47,NG027,NA,NA,PC706,CGCAGCTAGA,WC47,AGATGCTCCG,NA,NG027_P1,human,CC8_CC9_CC10,PBMC_PBMC_PBMC,no,no,no,no,no,no,no,13.35,597
NG027_PC706_WC48,NG027,NA,NA,PC706,CGCAGCTAGA,WC48,GAACCAAGCG,NA,NG027_P1,human,CC8_CC9_CC10,PBMC_PBMC_PBMC,no,no,no,no,no,no,no,13.35,597
NG027_PC706_WC49,NG027,NA,NA,PC706,CGCAGCTAGA,WC49,CCTCTTCAAG,NA,NG027_P1,human,CC8_CC9_CC10,PBMC_PBMC_PBMC,no,no,no,no,no,no,no,13.35,597
NG027_PC706_WC50,NG027,NA,NA,PC706,CGCAGCTAGA,WC50,CGTCGCATCT,NA,NG027_P1,human,CC8_CC9_CC10,PBMC_PBMC_PBMC,no,no,no,no,no,no,no,13.35,597
NG027_PC706_WC51,NG027,NA,NA,PC706,CGCAGCTAGA,WC51,CCGAACGTTC,NA,NG027_P1,human,CC8_CC9_CC10,PBMC_PBMC_PBMC,no,no,no,no,no,no,no,13.35,597
NG027_PC706_WC52,NG027,NA,NA,PC706,CGCAGCTAGA,WC52,GAATGGCGTT,NA,NG027_P1,human,CC8_CC9_CC10,PBMC_PBMC_PBMC,no,no,no,no,no,no,no,13.35,597
NG027_PC706_WC53,NG027,NA,NA,PC706,CGCAGCTAGA,WC53,AAGTTCAGGA,NA,NG027_P1,human,CC8_CC9_CC10,PBMC_PBMC_PBMC,no,no,no,no,no,no,no,13.35,597
NG027_PC706_WC54,NG027,NA,NA,PC706,CGCAGCTAGA,WC54,GACCAATTGT,NA,NG027_P1,human,CC8_CC9_CC10,PBMC_PBMC_PBMC,no,no,no,no,no,no,no,13.35,597
NG027_PC706_WC55,NG027,NA,NA,PC706,CGCAGCTAGA,WC55,TGTCTGTGAC,NA,NG027_P1,human,CC8_CC9_CC10,PBMC_PBMC_PBMC,no,no,no,no,no,no,no,13.35,597
NG027_PC706_WC56,NG027,NA,NA,PC706,CGCAGCTAGA,WC56,GAACATTGGC,NA,NG027_P1,human,CC8_CC9_CC10,PBMC_PBMC_PBMC,no,no,no,no,no,no,no,13.35,597
NG027_PC706_WC57,NG027,NA,NA,PC706,CGCAGCTAGA,WC57,CGTAACACTA,NA,NG027_P1,human,CC8_CC9_CC10,PBMC_PBMC_PBMC,no,no,no,no,no,no,no,13.35,597
NG027_PC706_WC58,NG027,NA,NA,PC706,CGCAGCTAGA,WC58,GTACTTCCAA,NA,NG027_P1,human,CC8_CC9_CC10,PBMC_PBMC_PBMC,no,no,no,no,no,no,no,13.35,597
NG027_PC706_WC59,NG027,NA,NA,PC706,CGCAGCTAGA,WC59,TTAGCGTCTT,NA,NG027_P1,human,CC8_CC9_CC10,PBMC_PBMC_PBMC,no,no,no,no,no,no,no,13.35,597
NG027_PC706_WC60,NG027,NA,NA,PC706,CGCAGCTAGA,WC60,TTGACCGTCT,NA,NG027_P1,human,CC8_CC9_CC10,PBMC_PBMC_PBMC,no,no,no,no,no,no,no,13.35,597
NG027_PC706_WC61,NG027,NA,NA,PC706,CGCAGCTAGA,WC61,ACGGCTTCTC,NA,NG027_P1,human,CC8_CC9_CC10,PBMC_PBMC_PBMC,no,no,no,no,no,no,no,13.35,597
NG027_PC706_WC62,NG027,NA,NA,PC706,CGCAGCTAGA,WC62,TGCGATGTAT,NA,NG027_P1,human,CC8_CC9_CC10,PBMC_PBMC_PBMC,no,no,no,no,no,no,no,13.35,597
NG027_PC706_WC63,NG027,NA,NA,PC706,CGCAGCTAGA,WC63,GCGTTCAGCA,NA,NG027_P1,human,CC8_CC9_CC10,PBMC_PBMC_PBMC,no,no,no,no,no,no,no,13.35,597
NG027_PC706_WC64,NG027,NA,NA,PC706,CGCAGCTAGA,WC64,GCCTAGGAAG,NA,NG027_P1,human,CC8_CC9_CC10,PBMC_PBMC_PBMC,no,no,no,no,no,no,no,13.35,597
NG027_PC706_WC65,NG027,NA,NA,PC706,CGCAGCTAGA,WC65,GTTACCAACG,NA,NG027_P1,human,CC8_CC9_CC10,PBMC_PBMC_PBMC,no,no,no,no,no,no,no,13.35,597
NG027_PC706_WC66,NG027,NA,NA,PC706,CGCAGCTAGA,WC66,ACGAACCAAG,NA,NG027_P1,human,CC8_CC9_CC10,PBMC_PBMC_PBMC,no,no,no,no,no,no,no,13.35,597
NG027_PC706_WC67,NG027,NA,NA,PC706,CGCAGCTAGA,WC67,CACGCAAGTC,NA,NG027_P1,human,CC8_CC9_CC10,PBMC_PBMC_PBMC,no,no,no,no,no,no,no,13.35,597
NG027_PC706_WC68,NG027,NA,NA,PC706,CGCAGCTAGA,WC68,GCTGGAGAAG,NA,NG027_P1,human,CC8_CC9_CC10,PBMC_PBMC_PBMC,no,no,no,no,no,no,no,13.35,597
NG027_PC706_WC69,NG027,NA,NA,PC706,CGCAGCTAGA,WC69,CCAGTGTACG,NA,NG027_P1,human,CC8_CC9_CC10,PBMC_PBMC_PBMC,no,no,no,no,no,no,no,13.35,597
NG027_PC706_WC70,NG027,NA,NA,PC706,CGCAGCTAGA,WC70,GTTGATGCGA,NA,NG027_P1,human,CC8_CC9_CC10,PBMC_PBMC_PBMC,no,no,no,no,no,no,no,13.35,597
NG027_PC706_WC71,NG027,NA,NA,PC706,CGCAGCTAGA,WC71,CGCTTGTTAT,NA,NG027_P1,human,CC8_CC9_CC10,PBMC_PBMC_PBMC,no,no,no,no,no,no,no,13.35,597
NG027_PC706_WC72,NG027,NA,NA,PC706,CGCAGCTAGA,WC72,GTAACGTTCA,NA,NG027_P1,human,CC8_CC9_CC10,PBMC_PBMC_PBMC,no,no,no,no,no,no,no,13.35,597
NG027_PC706_WC73,NG027,NA,NA,PC706,CGCAGCTAGA,WC73,CCGAGTCTTC,NA,NG027_P1,human,CC8_CC9_CC10,PBMC_PBMC_PBMC,no,no,no,no,no,no,no,13.35,597
NG027_PC706_WC74,NG027,NA,NA,PC706,CGCAGCTAGA,WC74,TATTGCGCTA,NA,NG027_P1,human,CC8_CC9_CC10,PBMC_PBMC_PBMC,no,no,no,no,no,no,no,13.35,597
NG027_PC706_WC75,NG027,NA,NA,PC706,CGCAGCTAGA,WC75,TGTGGTCTAA,NA,NG027_P1,human,CC8_CC9_CC10,PBMC_PBMC_PBMC,no,no,no,no,no,no,no,13.35,597
NG027_PC706_WC76,NG027,NA,NA,PC706,CGCAGCTAGA,WC76,CACGTCTACG,NA,NG027_P1,human,CC8_CC9_CC10,PBMC_PBMC_PBMC,no,no,no,no,no,no,no,13.35,597
NG027_PC706_WC77,NG027,NA,NA,PC706,CGCAGCTAGA,WC77,AGTCCAGTGA,NA,NG027_P1,human,CC8_CC9_CC10,PBMC_PBMC_PBMC,no,no,no,no,no,no,no,13.35,597
NG027_PC706_WC78,NG027,NA,NA,PC706,CGCAGCTAGA,WC78,ATGCTTGGTC,NA,NG027_P1,human,CC8_CC9_CC10,PBMC_PBMC_PBMC,no,no,no,no,no,no,no,13.35,597
NG027_PC706_WC79,NG027,NA,NA,PC706,CGCAGCTAGA,WC79,TGATACTCGC,NA,NG027_P1,human,CC8_CC9_CC10,PBMC_PBMC_PBMC,no,no,no,no,no,no,no,13.35,597
NG027_PC706_WC80,NG027,NA,NA,PC706,CGCAGCTAGA,WC80,TTATCGAGAG,NA,NG027_P1,human,CC8_CC9_CC10,PBMC_PBMC_PBMC,no,no,no,no,no,no,no,13.35,597
NG027_PC706_WC81,NG027,NA,NA,PC706,CGCAGCTAGA,WC81,TGCCAGTATT,NA,NG027_P1,human,CC8_CC9_CC10,PBMC_PBMC_PBMC,no,no,no,no,no,no,no,13.35,597
NG027_PC706_WC82,NG027,NA,NA,PC706,CGCAGCTAGA,WC82,GAGTTGCATA,NA,NG027_P1,human,CC8_CC9_CC10,PBMC_PBMC_PBMC,no,no,no,no,no,no,no,13.35,597
NG027_PC706_WC83,NG027,NA,NA,PC706,CGCAGCTAGA,WC83,ACACTAGCAT,NA,NG027_P1,human,CC8_CC9_CC10,PBMC_PBMC_PBMC,no,no,no,no,no,no,no,13.35,597
NG027_PC706_WC84,NG027,NA,NA,PC706,CGCAGCTAGA,WC84,GTTCTAATGG,NA,NG027_P1,human,CC8_CC9_CC10,PBMC_PBMC_PBMC,no,no,no,no,no,no,no,13.35,597
NG027_PC706_WC85,NG027,NA,NA,PC706,CGCAGCTAGA,WC85,CGTTCACGTT,NA,NG027_P1,human,CC8_CC9_CC10,PBMC_PBMC_PBMC,no,no,no,no,no,no,no,13.35,597
NG027_PC706_WC86,NG027,NA,NA,PC706,CGCAGCTAGA,WC86,GACTGCGTTA,NA,NG027_P1,human,CC8_CC9_CC10,PBMC_PBMC_PBMC,no,no,no,no,no,no,no,13.35,597
NG027_PC706_WC87,NG027,NA,NA,PC706,CGCAGCTAGA,WC87,TGGCTTATGG,NA,NG027_P1,human,CC8_CC9_CC10,PBMC_PBMC_PBMC,no,no,no,no,no,no,no,13.35,597
NG027_PC706_WC88,NG027,NA,NA,PC706,CGCAGCTAGA,WC88,TCAGAGGCAC,NA,NG027_P1,human,CC8_CC9_CC10,PBMC_PBMC_PBMC,no,no,no,no,no,no,no,13.35,597
NG027_PC706_WC89,NG027,NA,NA,PC706,CGCAGCTAGA,WC89,CGCTAGGCTA,NA,NG027_P1,human,CC8_CC9_CC10,PBMC_PBMC_PBMC,no,no,no,no,no,no,no,13.35,597
NG027_PC706_WC90,NG027,NA,NA,PC706,CGCAGCTAGA,WC90,AACCGTAACA,NA,NG027_P1,human,CC8_CC9_CC10,PBMC_PBMC_PBMC,no,no,no,no,no,no,no,13.35,597
NG027_PC706_WC91,NG027,NA,NA,PC706,CGCAGCTAGA,WC91,CTTGGTATGA,NA,NG027_P1,human,CC8_CC9_CC10,PBMC_PBMC_PBMC,no,no,no,no,no,no,no,13.35,597
NG027_PC706_WC92,NG027,NA,NA,PC706,CGCAGCTAGA,WC92,TGTAGATCCG,NA,NG027_P1,human,CC8_CC9_CC10,PBMC_PBMC_PBMC,no,no,no,no,no,no,no,13.35,597
NG027_PC706_WC93,NG027,NA,NA,PC706,CGCAGCTAGA,WC93,AACTCTACCG,NA,NG027_P1,human,CC8_CC9_CC10,PBMC_PBMC_PBMC,no,no,no,no,no,no,no,13.35,597
NG027_PC706_WC94,NG027,NA,NA,PC706,CGCAGCTAGA,WC94,CGTGACATTC,NA,NG027_P1,human,CC8_CC9_CC10,PBMC_PBMC_PBMC,no,no,no,no,no,no,no,13.35,597
NG027_PC706_WC95,NG027,NA,NA,PC706,CGCAGCTAGA,WC95,CTGTACCAGG,NA,NG027_P1,human,CC8_CC9_CC10,PBMC_PBMC_PBMC,no,no,no,no,no,no,no,13.35,597
NG027_PC706_WC96,NG027,NA,NA,PC706,CGCAGCTAGA,WC96,ACTGGTTCCG,NA,NG027_P1,human,CC8_CC9_CC10,PBMC_PBMC_PBMC,no,no,no,no,no,no,no,13.35,597
NG027_PC707_WC1,NG027,NA,NA,PC707,ACGCTAATCT,WC1,GTCGTGAATC,NA,NG027_P2,human,CC8_CC9_CC10,PBMC_PBMC_PBMC,no,no,no,no,no,no,no,12.9,564
NG027_PC707_WC2,NG027,NA,NA,PC707,ACGCTAATCT,WC2,CTGTTCTACG,NA,NG027_P2,human,CC8_CC9_CC10,PBMC_PBMC_PBMC,no,no,no,no,no,no,no,12.9,564
NG027_PC707_WC3,NG027,NA,NA,PC707,ACGCTAATCT,WC3,GCTCTTAGGT,NA,NG027_P2,human,CC8_CC9_CC10,PBMC_PBMC_PBMC,no,no,no,no,no,no,no,12.9,564
NG027_PC707_WC4,NG027,NA,NA,PC707,ACGCTAATCT,WC4,TAGAAGCCAT,NA,NG027_P2,human,CC8_CC9_CC10,PBMC_PBMC_PBMC,no,no,no,no,no,no,no,12.9,564
NG027_PC707_WC5,NG027,NA,NA,PC707,ACGCTAATCT,WC5,CACTTAGGTA,NA,NG027_P2,human,CC8_CC9_CC10,PBMC_PBMC_PBMC,no,no,no,no,no,no,no,12.9,564
NG027_PC707_WC6,NG027,NA,NA,PC707,ACGCTAATCT,WC6,ATAGGTAAGG,NA,NG027_P2,human,CC8_CC9_CC10,PBMC_PBMC_PBMC,no,no,no,no,no,no,no,12.9,564
NG027_PC707_WC7,NG027,NA,NA,PC707,ACGCTAATCT,WC7,CGCCTTATAT,NA,NG027_P2,human,CC8_CC9_CC10,PBMC_PBMC_PBMC,no,no,no,no,no,no,no,12.9,564
NG027_PC707_WC8,NG027,NA,NA,PC707,ACGCTAATCT,WC8,GCACGATGCT,NA,NG027_P2,human,CC8_CC9_CC10,PBMC_PBMC_PBMC,no,no,no,no,no,no,no,12.9,564
NG027_PC707_WC9,NG027,NA,NA,PC707,ACGCTAATCT,WC9,AATATGCCAG,NA,NG027_P2,human,CC8_CC9_CC10,PBMC_PBMC_PBMC,no,no,no,no,no,no,no,12.9,564
NG027_PC707_WC10,NG027,NA,NA,PC707,ACGCTAATCT,WC10,TAGAGTCACG,NA,NG027_P2,human,CC8_CC9_CC10,PBMC_PBMC_PBMC,no,no,no,no,no,no,no,12.9,564
NG027_PC707_WC11,NG027,NA,NA,PC707,ACGCTAATCT,WC11,TTAACAGGTC,NA,NG027_P2,human,CC8_CC9_CC10,PBMC_PBMC_PBMC,no,no,no,no,no,no,no,12.9,564
NG027_PC707_WC12,NG027,NA,NA,PC707,ACGCTAATCT,WC12,ACATGAGCCA,NA,NG027_P2,human,CC8_CC9_CC10,PBMC_PBMC_PBMC,no,no,no,no,no,no,no,12.9,564
NG027_PC707_WC13,NG027,NA,NA,PC707,ACGCTAATCT,WC13,GCGAGGTTCT,NA,NG027_P2,human,CC8_CC9_CC10,PBMC_PBMC_PBMC,no,no,no,no,no,no,no,12.9,564
NG027_PC707_WC14,NG027,NA,NA,PC707,ACGCTAATCT,WC14,TGTCCGTAGG,NA,NG027_P2,human,CC8_CC9_CC10,PBMC_PBMC_PBMC,no,no,no,no,no,no,no,12.9,564
NG027_PC707_WC15,NG027,NA,NA,PC707,ACGCTAATCT,WC15,CATTATGCCT,NA,NG027_P2,human,CC8_CC9_CC10,PBMC_PBMC_PBMC,no,no,no,no,no,no,no,12.9,564
NG027_PC707_WC16,NG027,NA,NA,PC707,ACGCTAATCT,WC16,TCCACTGTTG,NA,NG027_P2,human,CC8_CC9_CC10,PBMC_PBMC_PBMC,no,no,no,no,no,no,no,12.9,564
NG027_PC707_WC17,NG027,NA,NA,PC707,ACGCTAATCT,WC17,CTTAACGACA,NA,NG027_P2,human,CC8_CC9_CC10,PBMC_PBMC_PBMC,no,no,no,no,no,no,no,12.9,564
NG027_PC707_WC18,NG027,NA,NA,PC707,ACGCTAATCT,WC18,TCCTCGAGCT,NA,NG027_P2,human,CC8_CC9_CC10,PBMC_PBMC_PBMC,no,no,no,no,no,no,no,12.9,564
NG027_PC707_WC19,NG027,NA,NA,PC707,ACGCTAATCT,WC19,CGAGTAATGT,NA,NG027_P2,human,CC8_CC9_CC10,PBMC_PBMC_PBMC,no,no,no,no,no,no,no,12.9,564
NG027_PC707_WC20,NG027,NA,NA,PC707,ACGCTAATCT,WC20,CATACCGCTG,NA,NG027_P2,human,CC8_CC9_CC10,PBMC_PBMC_PBMC,no,no,no,no,no,no,no,12.9,564
NG027_PC707_WC21,NG027,NA,NA,PC707,ACGCTAATCT,WC21,GCTACTTGCA,NA,NG027_P2,human,CC8_CC9_CC10,PBMC_PBMC_PBMC,no,no,no,no,no,no,no,12.9,564
NG027_PC707_WC22,NG027,NA,NA,PC707,ACGCTAATCT,WC22,GCTATTGAAG,NA,NG027_P2,human,CC8_CC9_CC10,PBMC_PBMC_PBMC,no,no,no,no,no,no,no,12.9,564
NG027_PC707_WC23,NG027,NA,NA,PC707,ACGCTAATCT,WC23,TCAGCATCCG,NA,NG027_P2,human,CC8_CC9_CC10,PBMC_PBMC_PBMC,no,no,no,no,no,no,no,12.9,564
NG027_PC707_WC24,NG027,NA,NA,PC707,ACGCTAATCT,WC24,TAGGTGGTGG,NA,NG027_P2,human,CC8_CC9_CC10,PBMC_PBMC_PBMC,no,no,no,no,no,no,no,12.9,564
NG027_PC707_WC25,NG027,NA,NA,PC707,ACGCTAATCT,WC25,AAGATCGGAT,NA,NG027_P2,human,CC8_CC9_CC10,PBMC_PBMC_PBMC,no,no,no,no,no,no,no,12.9,564
NG027_PC707_WC26,NG027,NA,NA,PC707,ACGCTAATCT,WC26,TTAACGTCCG,NA,NG027_P2,human,CC8_CC9_CC10,PBMC_PBMC_PBMC,no,no,no,no,no,no,no,12.9,564
NG027_PC707_WC27,NG027,NA,NA,PC707,ACGCTAATCT,WC27,ATTACCGATC,NA,NG027_P2,human,CC8_CC9_CC10,PBMC_PBMC_PBMC,no,no,no,no,no,no,no,12.9,564
NG027_PC707_WC28,NG027,NA,NA,PC707,ACGCTAATCT,WC28,GTTGCATCGT,NA,NG027_P2,human,CC8_CC9_CC10,PBMC_PBMC_PBMC,no,no,no,no,no,no,no,12.9,564
NG027_PC707_WC29,NG027,NA,NA,PC707,ACGCTAATCT,WC29,ACTGGACGTT,NA,NG027_P2,human,CC8_CC9_CC10,PBMC_PBMC_PBMC,no,no,no,no,no,no,no,12.9,564
NG027_PC707_WC30,NG027,NA,NA,PC707,ACGCTAATCT,WC30,TTGTTCGTGT,NA,NG027_P2,human,CC8_CC9_CC10,PBMC_PBMC_PBMC,no,no,no,no,no,no,no,12.9,564
NG027_PC707_WC31,NG027,NA,NA,PC707,ACGCTAATCT,WC31,ACGGACTGAG,NA,NG027_P2,human,CC8_CC9_CC10,PBMC_PBMC_PBMC,no,no,no,no,no,no,no,12.9,564
NG027_PC707_WC32,NG027,NA,NA,PC707,ACGCTAATCT,WC32,CACCGTCATA,NA,NG027_P2,human,CC8_CC9_CC10,PBMC_PBMC_PBMC,no,no,no,no,no,no,no,12.9,564
NG027_PC707_WC33,NG027,NA,NA,PC707,ACGCTAATCT,WC33,GTAGTTGTGT,NA,NG027_P2,human,CC8_CC9_CC10,PBMC_PBMC_PBMC,no,no,no,no,no,no,no,12.9,564
NG027_PC707_WC34,NG027,NA,NA,PC707,ACGCTAATCT,WC34,CTGAGTCCTT,NA,NG027_P2,human,CC8_CC9_CC10,PBMC_PBMC_PBMC,no,no,no,no,no,no,no,12.9,564
NG027_PC707_WC35,NG027,NA,NA,PC707,ACGCTAATCT,WC35,TCACAGTTGC,NA,NG027_P2,human,CC8_CC9_CC10,PBMC_PBMC_PBMC,no,no,no,no,no,no,no,12.9,564
NG027_PC707_WC36,NG027,NA,NA,PC707,ACGCTAATCT,WC36,ATTGTAAGCG,NA,NG027_P2,human,CC8_CC9_CC10,PBMC_PBMC_PBMC,no,no,no,no,no,no,no,12.9,564
NG027_PC707_WC37,NG027,NA,NA,PC707,ACGCTAATCT,WC37,CGGTCTCTCT,NA,NG027_P2,human,CC8_CC9_CC10,PBMC_PBMC_PBMC,no,no,no,no,no,no,no,12.9,564
NG027_PC707_WC38,NG027,NA,NA,PC707,ACGCTAATCT,WC38,AACAGCAATG,NA,NG027_P2,human,CC8_CC9_CC10,PBMC_PBMC_PBMC,no,no,no,no,no,no,no,12.9,564
NG027_PC707_WC39,NG027,NA,NA,PC707,ACGCTAATCT,WC39,TCCGTGTTGC,NA,NG027_P2,human,CC8_CC9_CC10,PBMC_PBMC_PBMC,no,no,no,no,no,no,no,12.9,564
NG027_PC707_WC40,NG027,NA,NA,PC707,ACGCTAATCT,WC40,TGCGAAGTGA,NA,NG027_P2,human,CC8_CC9_CC10,PBMC_PBMC_PBMC,no,no,no,no,no,no,no,12.9,564
NG027_PC707_WC41,NG027,NA,NA,PC707,ACGCTAATCT,WC41,CACAGCTATT,NA,NG027_P2,human,CC8_CC9_CC10,PBMC_PBMC_PBMC,no,no,no,no,no,no,no,12.9,564
NG027_PC707_WC42,NG027,NA,NA,PC707,ACGCTAATCT,WC42,GATAGTGTTC,NA,NG027_P2,human,CC8_CC9_CC10,PBMC_PBMC_PBMC,no,no,no,no,no,no,no,12.9,564
NG027_PC707_WC43,NG027,NA,NA,PC707,ACGCTAATCT,WC43,TAGCTACCAG,NA,NG027_P2,human,CC8_CC9_CC10,PBMC_PBMC_PBMC,no,no,no,no,no,no,no,12.9,564
NG027_PC707_WC44,NG027,NA,NA,PC707,ACGCTAATCT,WC44,TGCTCACGCA,NA,NG027_P2,human,CC8_CC9_CC10,PBMC_PBMC_PBMC,no,no,no,no,no,no,no,12.9,564
NG027_PC707_WC45,NG027,NA,NA,PC707,ACGCTAATCT,WC45,AAGTGTGCTA,NA,NG027_P2,human,CC8_CC9_CC10,PBMC_PBMC_PBMC,no,no,no,no,no,no,no,12.9,564
NG027_PC707_WC46,NG027,NA,NA,PC707,ACGCTAATCT,WC46,TCATCGTCTG,NA,NG027_P2,human,CC8_CC9_CC10,PBMC_PBMC_PBMC,no,no,no,no,no,no,no,12.9,564
NG027_PC707_WC47,NG027,NA,NA,PC707,ACGCTAATCT,WC47,AGATGCTCCG,NA,NG027_P2,human,CC8_CC9_CC10,PBMC_PBMC_PBMC,no,no,no,no,no,no,no,12.9,564
NG027_PC707_WC48,NG027,NA,NA,PC707,ACGCTAATCT,WC48,GAACCAAGCG,NA,NG027_P2,human,CC8_CC9_CC10,PBMC_PBMC_PBMC,no,no,no,no,no,no,no,12.9,564
NG027_PC707_WC49,NG027,NA,NA,PC707,ACGCTAATCT,WC49,CCTCTTCAAG,NA,NG027_P2,human,CC8_CC9_CC10,PBMC_PBMC_PBMC,no,no,no,no,no,no,no,12.9,564
NG027_PC707_WC50,NG027,NA,NA,PC707,ACGCTAATCT,WC50,CGTCGCATCT,NA,NG027_P2,human,CC8_CC9_CC10,PBMC_PBMC_PBMC,no,no,no,no,no,no,no,12.9,564
NG027_PC707_WC51,NG027,NA,NA,PC707,ACGCTAATCT,WC51,CCGAACGTTC,NA,NG027_P2,human,CC8_CC9_CC10,PBMC_PBMC_PBMC,no,no,no,no,no,no,no,12.9,564
NG027_PC707_WC52,NG027,NA,NA,PC707,ACGCTAATCT,WC52,GAATGGCGTT,NA,NG027_P2,human,CC8_CC9_CC10,PBMC_PBMC_PBMC,no,no,no,no,no,no,no,12.9,564
NG027_PC707_WC53,NG027,NA,NA,PC707,ACGCTAATCT,WC53,AAGTTCAGGA,NA,NG027_P2,human,CC8_CC9_CC10,PBMC_PBMC_PBMC,no,no,no,no,no,no,no,12.9,564
NG027_PC707_WC54,NG027,NA,NA,PC707,ACGCTAATCT,WC54,GACCAATTGT,NA,NG027_P2,human,CC8_CC9_CC10,PBMC_PBMC_PBMC,no,no,no,no,no,no,no,12.9,564
NG027_PC707_WC55,NG027,NA,NA,PC707,ACGCTAATCT,WC55,TGTCTGTGAC,NA,NG027_P2,human,CC8_CC9_CC10,PBMC_PBMC_PBMC,no,no,no,no,no,no,no,12.9,564
NG027_PC707_WC56,NG027,NA,NA,PC707,ACGCTAATCT,WC56,GAACATTGGC,NA,NG027_P2,human,CC8_CC9_CC10,PBMC_PBMC_PBMC,no,no,no,no,no,no,no,12.9,564
NG027_PC707_WC57,NG027,NA,NA,PC707,ACGCTAATCT,WC57,CGTAACACTA,NA,NG027_P2,human,CC8_CC9_CC10,PBMC_PBMC_PBMC,no,no,no,no,no,no,no,12.9,564
NG027_PC707_WC58,NG027,NA,NA,PC707,ACGCTAATCT,WC58,GTACTTCCAA,NA,NG027_P2,human,CC8_CC9_CC10,PBMC_PBMC_PBMC,no,no,no,no,no,no,no,12.9,564
NG027_PC707_WC59,NG027,NA,NA,PC707,ACGCTAATCT,WC59,TTAGCGTCTT,NA,NG027_P2,human,CC8_CC9_CC10,PBMC_PBMC_PBMC,no,no,no,no,no,no,no,12.9,564
NG027_PC707_WC60,NG027,NA,NA,PC707,ACGCTAATCT,WC60,TTGACCGTCT,NA,NG027_P2,human,CC8_CC9_CC10,PBMC_PBMC_PBMC,no,no,no,no,no,no,no,12.9,564
NG027_PC707_WC61,NG027,NA,NA,PC707,ACGCTAATCT,WC61,ACGGCTTCTC,NA,NG027_P2,human,CC8_CC9_CC10,PBMC_PBMC_PBMC,no,no,no,no,no,no,no,12.9,564
NG027_PC707_WC62,NG027,NA,NA,PC707,ACGCTAATCT,WC62,TGCGATGTAT,NA,NG027_P2,human,CC8_CC9_CC10,PBMC_PBMC_PBMC,no,no,no,no,no,no,no,12.9,564
NG027_PC707_WC63,NG027,NA,NA,PC707,ACGCTAATCT,WC63,GCGTTCAGCA,NA,NG027_P2,human,CC8_CC9_CC10,PBMC_PBMC_PBMC,no,no,no,no,no,no,no,12.9,564
NG027_PC707_WC64,NG027,NA,NA,PC707,ACGCTAATCT,WC64,GCCTAGGAAG,NA,NG027_P2,human,CC8_CC9_CC10,PBMC_PBMC_PBMC,no,no,no,no,no,no,no,12.9,564
NG027_PC707_WC65,NG027,NA,NA,PC707,ACGCTAATCT,WC65,GTTACCAACG,NA,NG027_P2,human,CC8_CC9_CC10,PBMC_PBMC_PBMC,no,no,no,no,no,no,no,12.9,564
NG027_PC707_WC66,NG027,NA,NA,PC707,ACGCTAATCT,WC66,ACGAACCAAG,NA,NG027_P2,human,CC8_CC9_CC10,PBMC_PBMC_PBMC,no,no,no,no,no,no,no,12.9,564
NG027_PC707_WC67,NG027,NA,NA,PC707,ACGCTAATCT,WC67,CACGCAAGTC,NA,NG027_P2,human,CC8_CC9_CC10,PBMC_PBMC_PBMC,no,no,no,no,no,no,no,12.9,564
NG027_PC707_WC68,NG027,NA,NA,PC707,ACGCTAATCT,WC68,GCTGGAGAAG,NA,NG027_P2,human,CC8_CC9_CC10,PBMC_PBMC_PBMC,no,no,no,no,no,no,no,12.9,564
NG027_PC707_WC69,NG027,NA,NA,PC707,ACGCTAATCT,WC69,CCAGTGTACG,NA,NG027_P2,human,CC8_CC9_CC10,PBMC_PBMC_PBMC,no,no,no,no,no,no,no,12.9,564
NG027_PC707_WC70,NG027,NA,NA,PC707,ACGCTAATCT,WC70,GTTGATGCGA,NA,NG027_P2,human,CC8_CC9_CC10,PBMC_PBMC_PBMC,no,no,no,no,no,no,no,12.9,564
NG027_PC707_WC71,NG027,NA,NA,PC707,ACGCTAATCT,WC71,CGCTTGTTAT,NA,NG027_P2,human,CC8_CC9_CC10,PBMC_PBMC_PBMC,no,no,no,no,no,no,no,12.9,564
NG027_PC707_WC72,NG027,NA,NA,PC707,ACGCTAATCT,WC72,GTAACGTTCA,NA,NG027_P2,human,CC8_CC9_CC10,PBMC_PBMC_PBMC,no,no,no,no,no,no,no,12.9,564
NG027_PC707_WC73,NG027,NA,NA,PC707,ACGCTAATCT,WC73,CCGAGTCTTC,NA,NG027_P2,human,CC8_CC9_CC10,PBMC_PBMC_PBMC,no,no,no,no,no,no,no,12.9,564
NG027_PC707_WC74,NG027,NA,NA,PC707,ACGCTAATCT,WC74,TATTGCGCTA,NA,NG027_P2,human,CC8_CC9_CC10,PBMC_PBMC_PBMC,no,no,no,no,no,no,no,12.9,564
NG027_PC707_WC75,NG027,NA,NA,PC707,ACGCTAATCT,WC75,TGTGGTCTAA,NA,NG027_P2,human,CC8_CC9_CC10,PBMC_PBMC_PBMC,no,no,no,no,no,no,no,12.9,564
NG027_PC707_WC76,NG027,NA,NA,PC707,ACGCTAATCT,WC76,CACGTCTACG,NA,NG027_P2,human,CC8_CC9_CC10,PBMC_PBMC_PBMC,no,no,no,no,no,no,no,12.9,564
NG027_PC707_WC77,NG027,NA,NA,PC707,ACGCTAATCT,WC77,AGTCCAGTGA,NA,NG027_P2,human,CC8_CC9_CC10,PBMC_PBMC_PBMC,no,no,no,no,no,no,no,12.9,564
NG027_PC707_WC78,NG027,NA,NA,PC707,ACGCTAATCT,WC78,ATGCTTGGTC,NA,NG027_P2,human,CC8_CC9_CC10,PBMC_PBMC_PBMC,no,no,no,no,no,no,no,12.9,564
NG027_PC707_WC79,NG027,NA,NA,PC707,ACGCTAATCT,WC79,TGATACTCGC,NA,NG027_P2,human,CC8_CC9_CC10,PBMC_PBMC_PBMC,no,no,no,no,no,no,no,12.9,564
NG027_PC707_WC80,NG027,NA,NA,PC707,ACGCTAATCT,WC80,TTATCGAGAG,NA,NG027_P2,human,CC8_CC9_CC10,PBMC_PBMC_PBMC,no,no,no,no,no,no,no,12.9,564
NG027_PC707_WC81,NG027,NA,NA,PC707,ACGCTAATCT,WC81,TGCCAGTATT,NA,NG027_P2,human,CC8_CC9_CC10,PBMC_PBMC_PBMC,no,no,no,no,no,no,no,12.9,564
NG027_PC707_WC82,NG027,NA,NA,PC707,ACGCTAATCT,WC82,GAGTTGCATA,NA,NG027_P2,human,CC8_CC9_CC10,PBMC_PBMC_PBMC,no,no,no,no,no,no,no,12.9,564
NG027_PC707_WC83,NG027,NA,NA,PC707,ACGCTAATCT,WC83,ACACTAGCAT,NA,NG027_P2,human,CC8_CC9_CC10,PBMC_PBMC_PBMC,no,no,no,no,no,no,no,12.9,564
NG027_PC707_WC84,NG027,NA,NA,PC707,ACGCTAATCT,WC84,GTTCTAATGG,NA,NG027_P2,human,CC8_CC9_CC10,PBMC_PBMC_PBMC,no,no,no,no,no,no,no,12.9,564
NG027_PC707_WC85,NG027,NA,NA,PC707,ACGCTAATCT,WC85,CGTTCACGTT,NA,NG027_P2,human,CC8_CC9_CC10,PBMC_PBMC_PBMC,no,no,no,no,no,no,no,12.9,564
NG027_PC707_WC86,NG027,NA,NA,PC707,ACGCTAATCT,WC86,GACTGCGTTA,NA,NG027_P2,human,CC8_CC9_CC10,PBMC_PBMC_PBMC,no,no,no,no,no,no,no,12.9,564
NG027_PC707_WC87,NG027,NA,NA,PC707,ACGCTAATCT,WC87,TGGCTTATGG,NA,NG027_P2,human,CC8_CC9_CC10,PBMC_PBMC_PBMC,no,no,no,no,no,no,no,12.9,564
NG027_PC707_WC88,NG027,NA,NA,PC707,ACGCTAATCT,WC88,TCAGAGGCAC,NA,NG027_P2,human,CC8_CC9_CC10,PBMC_PBMC_PBMC,no,no,no,no,no,no,no,12.9,564
NG027_PC707_WC89,NG027,NA,NA,PC707,ACGCTAATCT,WC89,CGCTAGGCTA,NA,NG027_P2,human,CC8_CC9_CC10,PBMC_PBMC_PBMC,no,no,no,no,no,no,no,12.9,564
NG027_PC707_WC90,NG027,NA,NA,PC707,ACGCTAATCT,WC90,AACCGTAACA,NA,NG027_P2,human,CC8_CC9_CC10,PBMC_PBMC_PBMC,no,no,no,no,no,no,no,12.9,564
NG027_PC707_WC91,NG027,NA,NA,PC707,ACGCTAATCT,WC91,CTTGGTATGA,NA,NG027_P2,human,CC8_CC9_CC10,PBMC_PBMC_PBMC,no,no,no,no,no,no,no,12.9,564
NG027_PC707_WC92,NG027,NA,NA,PC707,ACGCTAATCT,WC92,TGTAGATCCG,NA,NG027_P2,human,CC8_CC9_CC10,PBMC_PBMC_PBMC,no,no,no,no,no,no,no,12.9,564
NG027_PC707_WC93,NG027,NA,NA,PC707,ACGCTAATCT,WC93,AACTCTACCG,NA,NG027_P2,human,CC8_CC9_CC10,PBMC_PBMC_PBMC,no,no,no,no,no,no,no,12.9,564
NG027_PC707_WC94,NG027,NA,NA,PC707,ACGCTAATCT,WC94,CGTGACATTC,NA,NG027_P2,human,CC8_CC9_CC10,PBMC_PBMC_PBMC,no,no,no,no,no,no,no,12.9,564
NG027_PC707_WC95,NG027,NA,NA,PC707,ACGCTAATCT,WC95,CTGTACCAGG,NA,NG027_P2,human,CC8_CC9_CC10,PBMC_PBMC_PBMC,no,no,no,no,no,no,no,12.9,564
NG027_PC707_WC96,NG027,NA,NA,PC707,ACGCTAATCT,WC96,ACTGGTTCCG,NA,NG027_P2,human,CC8_CC9_CC10,PBMC_PBMC_PBMC,no,no,no,no,no,no,no,12.9,564
NG027_PC710_WC1,NG027,NA,NA,PC710,GAATAGCAAG,WC1,GTCGTGAATC,NA,NG027_P3,human,CC8_CC9_CC10,PBMC_PBMC_PBMC,no,no,no,no,no,no,no,13.25,586
NG027_PC710_WC2,NG027,NA,NA,PC710,GAATAGCAAG,WC2,CTGTTCTACG,NA,NG027_P3,human,CC8_CC9_CC10,PBMC_PBMC_PBMC,no,no,no,no,no,no,no,13.25,586
NG027_PC710_WC3,NG027,NA,NA,PC710,GAATAGCAAG,WC3,GCTCTTAGGT,NA,NG027_P3,human,CC8_CC9_CC10,PBMC_PBMC_PBMC,no,no,no,no,no,no,no,13.25,586
NG027_PC710_WC4,NG027,NA,NA,PC710,GAATAGCAAG,WC4,TAGAAGCCAT,NA,NG027_P3,human,CC8_CC9_CC10,PBMC_PBMC_PBMC,no,no,no,no,no,no,no,13.25,586
NG027_PC710_WC5,NG027,NA,NA,PC710,GAATAGCAAG,WC5,CACTTAGGTA,NA,NG027_P3,human,CC8_CC9_CC10,PBMC_PBMC_PBMC,no,no,no,no,no,no,no,13.25,586
NG027_PC710_WC6,NG027,NA,NA,PC710,GAATAGCAAG,WC6,ATAGGTAAGG,NA,NG027_P3,human,CC8_CC9_CC10,PBMC_PBMC_PBMC,no,no,no,no,no,no,no,13.25,586
NG027_PC710_WC7,NG027,NA,NA,PC710,GAATAGCAAG,WC7,CGCCTTATAT,NA,NG027_P3,human,CC8_CC9_CC10,PBMC_PBMC_PBMC,no,no,no,no,no,no,no,13.25,586
NG027_PC710_WC8,NG027,NA,NA,PC710,GAATAGCAAG,WC8,GCACGATGCT,NA,NG027_P3,human,CC8_CC9_CC10,PBMC_PBMC_PBMC,no,no,no,no,no,no,no,13.25,586
NG027_PC710_WC9,NG027,NA,NA,PC710,GAATAGCAAG,WC9,AATATGCCAG,NA,NG027_P3,human,CC8_CC9_CC10,PBMC_PBMC_PBMC,no,no,no,no,no,no,no,13.25,586
NG027_PC710_WC10,NG027,NA,NA,PC710,GAATAGCAAG,WC10,TAGAGTCACG,NA,NG027_P3,human,CC8_CC9_CC10,PBMC_PBMC_PBMC,no,no,no,no,no,no,no,13.25,586
NG027_PC710_WC11,NG027,NA,NA,PC710,GAATAGCAAG,WC11,TTAACAGGTC,NA,NG027_P3,human,CC8_CC9_CC10,PBMC_PBMC_PBMC,no,no,no,no,no,no,no,13.25,586
NG027_PC710_WC12,NG027,NA,NA,PC710,GAATAGCAAG,WC12,ACATGAGCCA,NA,NG027_P3,human,CC8_CC9_CC10,PBMC_PBMC_PBMC,no,no,no,no,no,no,no,13.25,586
NG027_PC710_WC13,NG027,NA,NA,PC710,GAATAGCAAG,WC13,GCGAGGTTCT,NA,NG027_P3,human,CC8_CC9_CC10,PBMC_PBMC_PBMC,no,no,no,no,no,no,no,13.25,586
NG027_PC710_WC14,NG027,NA,NA,PC710,GAATAGCAAG,WC14,TGTCCGTAGG,NA,NG027_P3,human,CC8_CC9_CC10,PBMC_PBMC_PBMC,no,no,no,no,no,no,no,13.25,586
NG027_PC710_WC15,NG027,NA,NA,PC710,GAATAGCAAG,WC15,CATTATGCCT,NA,NG027_P3,human,CC8_CC9_CC10,PBMC_PBMC_PBMC,no,no,no,no,no,no,no,13.25,586
NG027_PC710_WC16,NG027,NA,NA,PC710,GAATAGCAAG,WC16,TCCACTGTTG,NA,NG027_P3,human,CC8_CC9_CC10,PBMC_PBMC_PBMC,no,no,no,no,no,no,no,13.25,586
NG027_PC710_WC17,NG027,NA,NA,PC710,GAATAGCAAG,WC17,CTTAACGACA,NA,NG027_P3,human,CC8_CC9_CC10,PBMC_PBMC_PBMC,no,no,no,no,no,no,no,13.25,586
NG027_PC710_WC18,NG027,NA,NA,PC710,GAATAGCAAG,WC18,TCCTCGAGCT,NA,NG027_P3,human,CC8_CC9_CC10,PBMC_PBMC_PBMC,no,no,no,no,no,no,no,13.25,586
NG027_PC710_WC19,NG027,NA,NA,PC710,GAATAGCAAG,WC19,CGAGTAATGT,NA,NG027_P3,human,CC8_CC9_CC10,PBMC_PBMC_PBMC,no,no,no,no,no,no,no,13.25,586
NG027_PC710_WC20,NG027,NA,NA,PC710,GAATAGCAAG,WC20,CATACCGCTG,NA,NG027_P3,human,CC8_CC9_CC10,PBMC_PBMC_PBMC,no,no,no,no,no,no,no,13.25,586
NG027_PC710_WC21,NG027,NA,NA,PC710,GAATAGCAAG,WC21,GCTACTTGCA,NA,NG027_P3,human,CC8_CC9_CC10,PBMC_PBMC_PBMC,no,no,no,no,no,no,no,13.25,586
NG027_PC710_WC22,NG027,NA,NA,PC710,GAATAGCAAG,WC22,GCTATTGAAG,NA,NG027_P3,human,CC8_CC9_CC10,PBMC_PBMC_PBMC,no,no,no,no,no,no,no,13.25,586
NG027_PC710_WC23,NG027,NA,NA,PC710,GAATAGCAAG,WC23,TCAGCATCCG,NA,NG027_P3,human,CC8_CC9_CC10,PBMC_PBMC_PBMC,no,no,no,no,no,no,no,13.25,586
NG027_PC710_WC24,NG027,NA,NA,PC710,GAATAGCAAG,WC24,TAGGTGGTGG,NA,NG027_P3,human,CC8_CC9_CC10,PBMC_PBMC_PBMC,no,no,no,no,no,no,no,13.25,586
NG027_PC710_WC25,NG027,NA,NA,PC710,GAATAGCAAG,WC25,AAGATCGGAT,NA,NG027_P3,human,CC8_CC9_CC10,PBMC_PBMC_PBMC,no,no,no,no,no,no,no,13.25,586
NG027_PC710_WC26,NG027,NA,NA,PC710,GAATAGCAAG,WC26,TTAACGTCCG,NA,NG027_P3,human,CC8_CC9_CC10,PBMC_PBMC_PBMC,no,no,no,no,no,no,no,13.25,586
NG027_PC710_WC27,NG027,NA,NA,PC710,GAATAGCAAG,WC27,ATTACCGATC,NA,NG027_P3,human,CC8_CC9_CC10,PBMC_PBMC_PBMC,no,no,no,no,no,no,no,13.25,586
NG027_PC710_WC28,NG027,NA,NA,PC710,GAATAGCAAG,WC28,GTTGCATCGT,NA,NG027_P3,human,CC8_CC9_CC10,PBMC_PBMC_PBMC,no,no,no,no,no,no,no,13.25,586
NG027_PC710_WC29,NG027,NA,NA,PC710,GAATAGCAAG,WC29,ACTGGACGTT,NA,NG027_P3,human,CC8_CC9_CC10,PBMC_PBMC_PBMC,no,no,no,no,no,no,no,13.25,586
NG027_PC710_WC30,NG027,NA,NA,PC710,GAATAGCAAG,WC30,TTGTTCGTGT,NA,NG027_P3,human,CC8_CC9_CC10,PBMC_PBMC_PBMC,no,no,no,no,no,no,no,13.25,586
NG027_PC710_WC31,NG027,NA,NA,PC710,GAATAGCAAG,WC31,ACGGACTGAG,NA,NG027_P3,human,CC8_CC9_CC10,PBMC_PBMC_PBMC,no,no,no,no,no,no,no,13.25,586
NG027_PC710_WC32,NG027,NA,NA,PC710,GAATAGCAAG,WC32,CACCGTCATA,NA,NG027_P3,human,CC8_CC9_CC10,PBMC_PBMC_PBMC,no,no,no,no,no,no,no,13.25,586
NG027_PC710_WC33,NG027,NA,NA,PC710,GAATAGCAAG,WC33,GTAGTTGTGT,NA,NG027_P3,human,CC8_CC9_CC10,PBMC_PBMC_PBMC,no,no,no,no,no,no,no,13.25,586
NG027_PC710_WC34,NG027,NA,NA,PC710,GAATAGCAAG,WC34,CTGAGTCCTT,NA,NG027_P3,human,CC8_CC9_CC10,PBMC_PBMC_PBMC,no,no,no,no,no,no,no,13.25,586
NG027_PC710_WC35,NG027,NA,NA,PC710,GAATAGCAAG,WC35,TCACAGTTGC,NA,NG027_P3,human,CC8_CC9_CC10,PBMC_PBMC_PBMC,no,no,no,no,no,no,no,13.25,586
NG027_PC710_WC36,NG027,NA,NA,PC710,GAATAGCAAG,WC36,ATTGTAAGCG,NA,NG027_P3,human,CC8_CC9_CC10,PBMC_PBMC_PBMC,no,no,no,no,no,no,no,13.25,586
NG027_PC710_WC37,NG027,NA,NA,PC710,GAATAGCAAG,WC37,CGGTCTCTCT,NA,NG027_P3,human,CC8_CC9_CC10,PBMC_PBMC_PBMC,no,no,no,no,no,no,no,13.25,586
NG027_PC710_WC38,NG027,NA,NA,PC710,GAATAGCAAG,WC38,AACAGCAATG,NA,NG027_P3,human,CC8_CC9_CC10,PBMC_PBMC_PBMC,no,no,no,no,no,no,no,13.25,586
NG027_PC710_WC39,NG027,NA,NA,PC710,GAATAGCAAG,WC39,TCCGTGTTGC,NA,NG027_P3,human,CC8_CC9_CC10,PBMC_PBMC_PBMC,no,no,no,no,no,no,no,13.25,586
NG027_PC710_WC40,NG027,NA,NA,PC710,GAATAGCAAG,WC40,TGCGAAGTGA,NA,NG027_P3,human,CC8_CC9_CC10,PBMC_PBMC_PBMC,no,no,no,no,no,no,no,13.25,586
NG027_PC710_WC41,NG027,NA,NA,PC710,GAATAGCAAG,WC41,CACAGCTATT,NA,NG027_P3,human,CC8_CC9_CC10,PBMC_PBMC_PBMC,no,no,no,no,no,no,no,13.25,586
NG027_PC710_WC42,NG027,NA,NA,PC710,GAATAGCAAG,WC42,GATAGTGTTC,NA,NG027_P3,human,CC8_CC9_CC10,PBMC_PBMC_PBMC,no,no,no,no,no,no,no,13.25,586
NG027_PC710_WC43,NG027,NA,NA,PC710,GAATAGCAAG,WC43,TAGCTACCAG,NA,NG027_P3,human,CC8_CC9_CC10,PBMC_PBMC_PBMC,no,no,no,no,no,no,no,13.25,586
NG027_PC710_WC44,NG027,NA,NA,PC710,GAATAGCAAG,WC44,TGCTCACGCA,NA,NG027_P3,human,CC8_CC9_CC10,PBMC_PBMC_PBMC,no,no,no,no,no,no,no,13.25,586
NG027_PC710_WC45,NG027,NA,NA,PC710,GAATAGCAAG,WC45,AAGTGTGCTA,NA,NG027_P3,human,CC8_CC9_CC10,PBMC_PBMC_PBMC,no,no,no,no,no,no,no,13.25,586
NG027_PC710_WC46,NG027,NA,NA,PC710,GAATAGCAAG,WC46,TCATCGTCTG,NA,NG027_P3,human,CC8_CC9_CC10,PBMC_PBMC_PBMC,no,no,no,no,no,no,no,13.25,586
NG027_PC710_WC47,NG027,NA,NA,PC710,GAATAGCAAG,WC47,AGATGCTCCG,NA,NG027_P3,human,CC8_CC9_CC10,PBMC_PBMC_PBMC,no,no,no,no,no,no,no,13.25,586
NG027_PC710_WC48,NG027,NA,NA,PC710,GAATAGCAAG,WC48,GAACCAAGCG,NA,NG027_P3,human,CC8_CC9_CC10,PBMC_PBMC_PBMC,no,no,no,no,no,no,no,13.25,586
NG027_PC710_WC49,NG027,NA,NA,PC710,GAATAGCAAG,WC49,CCTCTTCAAG,NA,NG027_P3,human,CC8_CC9_CC10,PBMC_PBMC_PBMC,no,no,no,no,no,no,no,13.25,586
NG027_PC710_WC50,NG027,NA,NA,PC710,GAATAGCAAG,WC50,CGTCGCATCT,NA,NG027_P3,human,CC8_CC9_CC10,PBMC_PBMC_PBMC,no,no,no,no,no,no,no,13.25,586
NG027_PC710_WC51,NG027,NA,NA,PC710,GAATAGCAAG,WC51,CCGAACGTTC,NA,NG027_P3,human,CC8_CC9_CC10,PBMC_PBMC_PBMC,no,no,no,no,no,no,no,13.25,586
NG027_PC710_WC52,NG027,NA,NA,PC710,GAATAGCAAG,WC52,GAATGGCGTT,NA,NG027_P3,human,CC8_CC9_CC10,PBMC_PBMC_PBMC,no,no,no,no,no,no,no,13.25,586
NG027_PC710_WC53,NG027,NA,NA,PC710,GAATAGCAAG,WC53,AAGTTCAGGA,NA,NG027_P3,human,CC8_CC9_CC10,PBMC_PBMC_PBMC,no,no,no,no,no,no,no,13.25,586
NG027_PC710_WC54,NG027,NA,NA,PC710,GAATAGCAAG,WC54,GACCAATTGT,NA,NG027_P3,human,CC8_CC9_CC10,PBMC_PBMC_PBMC,no,no,no,no,no,no,no,13.25,586
NG027_PC710_WC55,NG027,NA,NA,PC710,GAATAGCAAG,WC55,TGTCTGTGAC,NA,NG027_P3,human,CC8_CC9_CC10,PBMC_PBMC_PBMC,no,no,no,no,no,no,no,13.25,586
NG027_PC710_WC56,NG027,NA,NA,PC710,GAATAGCAAG,WC56,GAACATTGGC,NA,NG027_P3,human,CC8_CC9_CC10,PBMC_PBMC_PBMC,no,no,no,no,no,no,no,13.25,586
NG027_PC710_WC57,NG027,NA,NA,PC710,GAATAGCAAG,WC57,CGTAACACTA,NA,NG027_P3,human,CC8_CC9_CC10,PBMC_PBMC_PBMC,no,no,no,no,no,no,no,13.25,586
NG027_PC710_WC58,NG027,NA,NA,PC710,GAATAGCAAG,WC58,GTACTTCCAA,NA,NG027_P3,human,CC8_CC9_CC10,PBMC_PBMC_PBMC,no,no,no,no,no,no,no,13.25,586
NG027_PC710_WC59,NG027,NA,NA,PC710,GAATAGCAAG,WC59,TTAGCGTCTT,NA,NG027_P3,human,CC8_CC9_CC10,PBMC_PBMC_PBMC,no,no,no,no,no,no,no,13.25,586
NG027_PC710_WC60,NG027,NA,NA,PC710,GAATAGCAAG,WC60,TTGACCGTCT,NA,NG027_P3,human,CC8_CC9_CC10,PBMC_PBMC_PBMC,no,no,no,no,no,no,no,13.25,586
NG027_PC710_WC61,NG027,NA,NA,PC710,GAATAGCAAG,WC61,ACGGCTTCTC,NA,NG027_P3,human,CC8_CC9_CC10,PBMC_PBMC_PBMC,no,no,no,no,no,no,no,13.25,586
NG027_PC710_WC62,NG027,NA,NA,PC710,GAATAGCAAG,WC62,TGCGATGTAT,NA,NG027_P3,human,CC8_CC9_CC10,PBMC_PBMC_PBMC,no,no,no,no,no,no,no,13.25,586
NG027_PC710_WC63,NG027,NA,NA,PC710,GAATAGCAAG,WC63,GCGTTCAGCA,NA,NG027_P3,human,CC8_CC9_CC10,PBMC_PBMC_PBMC,no,no,no,no,no,no,no,13.25,586
NG027_PC710_WC64,NG027,NA,NA,PC710,GAATAGCAAG,WC64,GCCTAGGAAG,NA,NG027_P3,human,CC8_CC9_CC10,PBMC_PBMC_PBMC,no,no,no,no,no,no,no,13.25,586
NG027_PC710_WC65,NG027,NA,NA,PC710,GAATAGCAAG,WC65,GTTACCAACG,NA,NG027_P3,human,CC8_CC9_CC10,PBMC_PBMC_PBMC,no,no,no,no,no,no,no,13.25,586
NG027_PC710_WC66,NG027,NA,NA,PC710,GAATAGCAAG,WC66,ACGAACCAAG,NA,NG027_P3,human,CC8_CC9_CC10,PBMC_PBMC_PBMC,no,no,no,no,no,no,no,13.25,586
NG027_PC710_WC67,NG027,NA,NA,PC710,GAATAGCAAG,WC67,CACGCAAGTC,NA,NG027_P3,human,CC8_CC9_CC10,PBMC_PBMC_PBMC,no,no,no,no,no,no,no,13.25,586
NG027_PC710_WC68,NG027,NA,NA,PC710,GAATAGCAAG,WC68,GCTGGAGAAG,NA,NG027_P3,human,CC8_CC9_CC10,PBMC_PBMC_PBMC,no,no,no,no,no,no,no,13.25,586
NG027_PC710_WC69,NG027,NA,NA,PC710,GAATAGCAAG,WC69,CCAGTGTACG,NA,NG027_P3,human,CC8_CC9_CC10,PBMC_PBMC_PBMC,no,no,no,no,no,no,no,13.25,586
NG027_PC710_WC70,NG027,NA,NA,PC710,GAATAGCAAG,WC70,GTTGATGCGA,NA,NG027_P3,human,CC8_CC9_CC10,PBMC_PBMC_PBMC,no,no,no,no,no,no,no,13.25,586
NG027_PC710_WC71,NG027,NA,NA,PC710,GAATAGCAAG,WC71,CGCTTGTTAT,NA,NG027_P3,human,CC8_CC9_CC10,PBMC_PBMC_PBMC,no,no,no,no,no,no,no,13.25,586
NG027_PC710_WC72,NG027,NA,NA,PC710,GAATAGCAAG,WC72,GTAACGTTCA,NA,NG027_P3,human,CC8_CC9_CC10,PBMC_PBMC_PBMC,no,no,no,no,no,no,no,13.25,586
NG027_PC710_WC73,NG027,NA,NA,PC710,GAATAGCAAG,WC73,CCGAGTCTTC,NA,NG027_P3,human,CC8_CC9_CC10,PBMC_PBMC_PBMC,no,no,no,no,no,no,no,13.25,586
NG027_PC710_WC74,NG027,NA,NA,PC710,GAATAGCAAG,WC74,TATTGCGCTA,NA,NG027_P3,human,CC8_CC9_CC10,PBMC_PBMC_PBMC,no,no,no,no,no,no,no,13.25,586
NG027_PC710_WC75,NG027,NA,NA,PC710,GAATAGCAAG,WC75,TGTGGTCTAA,NA,NG027_P3,human,CC8_CC9_CC10,PBMC_PBMC_PBMC,no,no,no,no,no,no,no,13.25,586
NG027_PC710_WC76,NG027,NA,NA,PC710,GAATAGCAAG,WC76,CACGTCTACG,NA,NG027_P3,human,CC8_CC9_CC10,PBMC_PBMC_PBMC,no,no,no,no,no,no,no,13.25,586
NG027_PC710_WC77,NG027,NA,NA,PC710,GAATAGCAAG,WC77,AGTCCAGTGA,NA,NG027_P3,human,CC8_CC9_CC10,PBMC_PBMC_PBMC,no,no,no,no,no,no,no,13.25,586
NG027_PC710_WC78,NG027,NA,NA,PC710,GAATAGCAAG,WC78,ATGCTTGGTC,NA,NG027_P3,human,CC8_CC9_CC10,PBMC_PBMC_PBMC,no,no,no,no,no,no,no,13.25,586
NG027_PC710_WC79,NG027,NA,NA,PC710,GAATAGCAAG,WC79,TGATACTCGC,NA,NG027_P3,human,CC8_CC9_CC10,PBMC_PBMC_PBMC,no,no,no,no,no,no,no,13.25,586
NG027_PC710_WC80,NG027,NA,NA,PC710,GAATAGCAAG,WC80,TTATCGAGAG,NA,NG027_P3,human,CC8_CC9_CC10,PBMC_PBMC_PBMC,no,no,no,no,no,no,no,13.25,586
NG027_PC710_WC81,NG027,NA,NA,PC710,GAATAGCAAG,WC81,TGCCAGTATT,NA,NG027_P3,human,CC8_CC9_CC10,PBMC_PBMC_PBMC,no,no,no,no,no,no,no,13.25,586
NG027_PC710_WC82,NG027,NA,NA,PC710,GAATAGCAAG,WC82,GAGTTGCATA,NA,NG027_P3,human,CC8_CC9_CC10,PBMC_PBMC_PBMC,no,no,no,no,no,no,no,13.25,586
NG027_PC710_WC83,NG027,NA,NA,PC710,GAATAGCAAG,WC83,ACACTAGCAT,NA,NG027_P3,human,CC8_CC9_CC10,PBMC_PBMC_PBMC,no,no,no,no,no,no,no,13.25,586
NG027_PC710_WC84,NG027,NA,NA,PC710,GAATAGCAAG,WC84,GTTCTAATGG,NA,NG027_P3,human,CC8_CC9_CC10,PBMC_PBMC_PBMC,no,no,no,no,no,no,no,13.25,586
NG027_PC710_WC85,NG027,NA,NA,PC710,GAATAGCAAG,WC85,CGTTCACGTT,NA,NG027_P3,human,CC8_CC9_CC10,PBMC_PBMC_PBMC,no,no,no,no,no,no,no,13.25,586
NG027_PC710_WC86,NG027,NA,NA,PC710,GAATAGCAAG,WC86,GACTGCGTTA,NA,NG027_P3,human,CC8_CC9_CC10,PBMC_PBMC_PBMC,no,no,no,no,no,no,no,13.25,586
NG027_PC710_WC87,NG027,NA,NA,PC710,GAATAGCAAG,WC87,TGGCTTATGG,NA,NG027_P3,human,CC8_CC9_CC10,PBMC_PBMC_PBMC,no,no,no,no,no,no,no,13.25,586
NG027_PC710_WC88,NG027,NA,NA,PC710,GAATAGCAAG,WC88,TCAGAGGCAC,NA,NG027_P3,human,CC8_CC9_CC10,PBMC_PBMC_PBMC,no,no,no,no,no,no,no,13.25,586
NG027_PC710_WC89,NG027,NA,NA,PC710,GAATAGCAAG,WC89,CGCTAGGCTA,NA,NG027_P3,human,CC8_CC9_CC10,PBMC_PBMC_PBMC,no,no,no,no,no,no,no,13.25,586
NG027_PC710_WC90,NG027,NA,NA,PC710,GAATAGCAAG,WC90,AACCGTAACA,NA,NG027_P3,human,CC8_CC9_CC10,PBMC_PBMC_PBMC,no,no,no,no,no,no,no,13.25,586
NG027_PC710_WC91,NG027,NA,NA,PC710,GAATAGCAAG,WC91,CTTGGTATGA,NA,NG027_P3,human,CC8_CC9_CC10,PBMC_PBMC_PBMC,no,no,no,no,no,no,no,13.25,586
NG027_PC710_WC92,NG027,NA,NA,PC710,GAATAGCAAG,WC92,TGTAGATCCG,NA,NG027_P3,human,CC8_CC9_CC10,PBMC_PBMC_PBMC,no,no,no,no,no,no,no,13.25,586
NG027_PC710_WC93,NG027,NA,NA,PC710,GAATAGCAAG,WC93,AACTCTACCG,NA,NG027_P3,human,CC8_CC9_CC10,PBMC_PBMC_PBMC,no,no,no,no,no,no,no,13.25,586
NG027_PC710_WC94,NG027,NA,NA,PC710,GAATAGCAAG,WC94,CGTGACATTC,NA,NG027_P3,human,CC8_CC9_CC10,PBMC_PBMC_PBMC,no,no,no,no,no,no,no,13.25,586
NG027_PC710_WC95,NG027,NA,NA,PC710,GAATAGCAAG,WC95,CTGTACCAGG,NA,NG027_P3,human,CC8_CC9_CC10,PBMC_PBMC_PBMC,no,no,no,no,no,no,no,13.25,586
NG027_PC710_WC96,NG027,NA,NA,PC710,GAATAGCAAG,WC96,ACTGGTTCCG,NA,NG027_P3,human,CC8_CC9_CC10,PBMC_PBMC_PBMC,no,no,no,no,no,no,no,13.25,586
NG027_PC711_WC1,NG027,NA,NA,PC711,CCTGGTGAGA,WC1,GTCGTGAATC,NA,NG027_P4,human,CC8_CC9_CC10,PBMC_PBMC_PBMC,no,no,no,no,no,no,no,13.4,576
NG027_PC711_WC2,NG027,NA,NA,PC711,CCTGGTGAGA,WC2,CTGTTCTACG,NA,NG027_P4,human,CC8_CC9_CC10,PBMC_PBMC_PBMC,no,no,no,no,no,no,no,13.4,576
NG027_PC711_WC3,NG027,NA,NA,PC711,CCTGGTGAGA,WC3,GCTCTTAGGT,NA,NG027_P4,human,CC8_CC9_CC10,PBMC_PBMC_PBMC,no,no,no,no,no,no,no,13.4,576
NG027_PC711_WC4,NG027,NA,NA,PC711,CCTGGTGAGA,WC4,TAGAAGCCAT,NA,NG027_P4,human,CC8_CC9_CC10,PBMC_PBMC_PBMC,no,no,no,no,no,no,no,13.4,576
NG027_PC711_WC5,NG027,NA,NA,PC711,CCTGGTGAGA,WC5,CACTTAGGTA,NA,NG027_P4,human,CC8_CC9_CC10,PBMC_PBMC_PBMC,no,no,no,no,no,no,no,13.4,576
NG027_PC711_WC6,NG027,NA,NA,PC711,CCTGGTGAGA,WC6,ATAGGTAAGG,NA,NG027_P4,human,CC8_CC9_CC10,PBMC_PBMC_PBMC,no,no,no,no,no,no,no,13.4,576
NG027_PC711_WC7,NG027,NA,NA,PC711,CCTGGTGAGA,WC7,CGCCTTATAT,NA,NG027_P4,human,CC8_CC9_CC10,PBMC_PBMC_PBMC,no,no,no,no,no,no,no,13.4,576
NG027_PC711_WC8,NG027,NA,NA,PC711,CCTGGTGAGA,WC8,GCACGATGCT,NA,NG027_P4,human,CC8_CC9_CC10,PBMC_PBMC_PBMC,no,no,no,no,no,no,no,13.4,576
NG027_PC711_WC9,NG027,NA,NA,PC711,CCTGGTGAGA,WC9,AATATGCCAG,NA,NG027_P4,human,CC8_CC9_CC10,PBMC_PBMC_PBMC,no,no,no,no,no,no,no,13.4,576
NG027_PC711_WC10,NG027,NA,NA,PC711,CCTGGTGAGA,WC10,TAGAGTCACG,NA,NG027_P4,human,CC8_CC9_CC10,PBMC_PBMC_PBMC,no,no,no,no,no,no,no,13.4,576
NG027_PC711_WC11,NG027,NA,NA,PC711,CCTGGTGAGA,WC11,TTAACAGGTC,NA,NG027_P4,human,CC8_CC9_CC10,PBMC_PBMC_PBMC,no,no,no,no,no,no,no,13.4,576
NG027_PC711_WC12,NG027,NA,NA,PC711,CCTGGTGAGA,WC12,ACATGAGCCA,NA,NG027_P4,human,CC8_CC9_CC10,PBMC_PBMC_PBMC,no,no,no,no,no,no,no,13.4,576
NG027_PC711_WC13,NG027,NA,NA,PC711,CCTGGTGAGA,WC13,GCGAGGTTCT,NA,NG027_P4,human,CC8_CC9_CC10,PBMC_PBMC_PBMC,no,no,no,no,no,no,no,13.4,576
NG027_PC711_WC14,NG027,NA,NA,PC711,CCTGGTGAGA,WC14,TGTCCGTAGG,NA,NG027_P4,human,CC8_CC9_CC10,PBMC_PBMC_PBMC,no,no,no,no,no,no,no,13.4,576
NG027_PC711_WC15,NG027,NA,NA,PC711,CCTGGTGAGA,WC15,CATTATGCCT,NA,NG027_P4,human,CC8_CC9_CC10,PBMC_PBMC_PBMC,no,no,no,no,no,no,no,13.4,576
NG027_PC711_WC16,NG027,NA,NA,PC711,CCTGGTGAGA,WC16,TCCACTGTTG,NA,NG027_P4,human,CC8_CC9_CC10,PBMC_PBMC_PBMC,no,no,no,no,no,no,no,13.4,576
NG027_PC711_WC17,NG027,NA,NA,PC711,CCTGGTGAGA,WC17,CTTAACGACA,NA,NG027_P4,human,CC8_CC9_CC10,PBMC_PBMC_PBMC,no,no,no,no,no,no,no,13.4,576
NG027_PC711_WC18,NG027,NA,NA,PC711,CCTGGTGAGA,WC18,TCCTCGAGCT,NA,NG027_P4,human,CC8_CC9_CC10,PBMC_PBMC_PBMC,no,no,no,no,no,no,no,13.4,576
NG027_PC711_WC19,NG027,NA,NA,PC711,CCTGGTGAGA,WC19,CGAGTAATGT,NA,NG027_P4,human,CC8_CC9_CC10,PBMC_PBMC_PBMC,no,no,no,no,no,no,no,13.4,576
NG027_PC711_WC20,NG027,NA,NA,PC711,CCTGGTGAGA,WC20,CATACCGCTG,NA,NG027_P4,human,CC8_CC9_CC10,PBMC_PBMC_PBMC,no,no,no,no,no,no,no,13.4,576
NG027_PC711_WC21,NG027,NA,NA,PC711,CCTGGTGAGA,WC21,GCTACTTGCA,NA,NG027_P4,human,CC8_CC9_CC10,PBMC_PBMC_PBMC,no,no,no,no,no,no,no,13.4,576
NG027_PC711_WC22,NG027,NA,NA,PC711,CCTGGTGAGA,WC22,GCTATTGAAG,NA,NG027_P4,human,CC8_CC9_CC10,PBMC_PBMC_PBMC,no,no,no,no,no,no,no,13.4,576
NG027_PC711_WC23,NG027,NA,NA,PC711,CCTGGTGAGA,WC23,TCAGCATCCG,NA,NG027_P4,human,CC8_CC9_CC10,PBMC_PBMC_PBMC,no,no,no,no,no,no,no,13.4,576
NG027_PC711_WC24,NG027,NA,NA,PC711,CCTGGTGAGA,WC24,TAGGTGGTGG,NA,NG027_P4,human,CC8_CC9_CC10,PBMC_PBMC_PBMC,no,no,no,no,no,no,no,13.4,576
NG027_PC711_WC25,NG027,NA,NA,PC711,CCTGGTGAGA,WC25,AAGATCGGAT,NA,NG027_P4,human,CC8_CC9_CC10,PBMC_PBMC_PBMC,no,no,no,no,no,no,no,13.4,576
NG027_PC711_WC26,NG027,NA,NA,PC711,CCTGGTGAGA,WC26,TTAACGTCCG,NA,NG027_P4,human,CC8_CC9_CC10,PBMC_PBMC_PBMC,no,no,no,no,no,no,no,13.4,576
NG027_PC711_WC27,NG027,NA,NA,PC711,CCTGGTGAGA,WC27,ATTACCGATC,NA,NG027_P4,human,CC8_CC9_CC10,PBMC_PBMC_PBMC,no,no,no,no,no,no,no,13.4,576
NG027_PC711_WC28,NG027,NA,NA,PC711,CCTGGTGAGA,WC28,GTTGCATCGT,NA,NG027_P4,human,CC8_CC9_CC10,PBMC_PBMC_PBMC,no,no,no,no,no,no,no,13.4,576
NG027_PC711_WC29,NG027,NA,NA,PC711,CCTGGTGAGA,WC29,ACTGGACGTT,NA,NG027_P4,human,CC8_CC9_CC10,PBMC_PBMC_PBMC,no,no,no,no,no,no,no,13.4,576
NG027_PC711_WC30,NG027,NA,NA,PC711,CCTGGTGAGA,WC30,TTGTTCGTGT,NA,NG027_P4,human,CC8_CC9_CC10,PBMC_PBMC_PBMC,no,no,no,no,no,no,no,13.4,576
NG027_PC711_WC31,NG027,NA,NA,PC711,CCTGGTGAGA,WC31,ACGGACTGAG,NA,NG027_P4,human,CC8_CC9_CC10,PBMC_PBMC_PBMC,no,no,no,no,no,no,no,13.4,576
NG027_PC711_WC32,NG027,NA,NA,PC711,CCTGGTGAGA,WC32,CACCGTCATA,NA,NG027_P4,human,CC8_CC9_CC10,PBMC_PBMC_PBMC,no,no,no,no,no,no,no,13.4,576
NG027_PC711_WC33,NG027,NA,NA,PC711,CCTGGTGAGA,WC33,GTAGTTGTGT,NA,NG027_P4,human,CC8_CC9_CC10,PBMC_PBMC_PBMC,no,no,no,no,no,no,no,13.4,576
NG027_PC711_WC34,NG027,NA,NA,PC711,CCTGGTGAGA,WC34,CTGAGTCCTT,NA,NG027_P4,human,CC8_CC9_CC10,PBMC_PBMC_PBMC,no,no,no,no,no,no,no,13.4,576
NG027_PC711_WC35,NG027,NA,NA,PC711,CCTGGTGAGA,WC35,TCACAGTTGC,NA,NG027_P4,human,CC8_CC9_CC10,PBMC_PBMC_PBMC,no,no,no,no,no,no,no,13.4,576
NG027_PC711_WC36,NG027,NA,NA,PC711,CCTGGTGAGA,WC36,ATTGTAAGCG,NA,NG027_P4,human,CC8_CC9_CC10,PBMC_PBMC_PBMC,no,no,no,no,no,no,no,13.4,576
NG027_PC711_WC37,NG027,NA,NA,PC711,CCTGGTGAGA,WC37,CGGTCTCTCT,NA,NG027_P4,human,CC8_CC9_CC10,PBMC_PBMC_PBMC,no,no,no,no,no,no,no,13.4,576
NG027_PC711_WC38,NG027,NA,NA,PC711,CCTGGTGAGA,WC38,AACAGCAATG,NA,NG027_P4,human,CC8_CC9_CC10,PBMC_PBMC_PBMC,no,no,no,no,no,no,no,13.4,576
NG027_PC711_WC39,NG027,NA,NA,PC711,CCTGGTGAGA,WC39,TCCGTGTTGC,NA,NG027_P4,human,CC8_CC9_CC10,PBMC_PBMC_PBMC,no,no,no,no,no,no,no,13.4,576
NG027_PC711_WC40,NG027,NA,NA,PC711,CCTGGTGAGA,WC40,TGCGAAGTGA,NA,NG027_P4,human,CC8_CC9_CC10,PBMC_PBMC_PBMC,no,no,no,no,no,no,no,13.4,576
NG027_PC711_WC41,NG027,NA,NA,PC711,CCTGGTGAGA,WC41,CACAGCTATT,NA,NG027_P4,human,CC8_CC9_CC10,PBMC_PBMC_PBMC,no,no,no,no,no,no,no,13.4,576
NG027_PC711_WC42,NG027,NA,NA,PC711,CCTGGTGAGA,WC42,GATAGTGTTC,NA,NG027_P4,human,CC8_CC9_CC10,PBMC_PBMC_PBMC,no,no,no,no,no,no,no,13.4,576
NG027_PC711_WC43,NG027,NA,NA,PC711,CCTGGTGAGA,WC43,TAGCTACCAG,NA,NG027_P4,human,CC8_CC9_CC10,PBMC_PBMC_PBMC,no,no,no,no,no,no,no,13.4,576
NG027_PC711_WC44,NG027,NA,NA,PC711,CCTGGTGAGA,WC44,TGCTCACGCA,NA,NG027_P4,human,CC8_CC9_CC10,PBMC_PBMC_PBMC,no,no,no,no,no,no,no,13.4,576
NG027_PC711_WC45,NG027,NA,NA,PC711,CCTGGTGAGA,WC45,AAGTGTGCTA,NA,NG027_P4,human,CC8_CC9_CC10,PBMC_PBMC_PBMC,no,no,no,no,no,no,no,13.4,576
NG027_PC711_WC46,NG027,NA,NA,PC711,CCTGGTGAGA,WC46,TCATCGTCTG,NA,NG027_P4,human,CC8_CC9_CC10,PBMC_PBMC_PBMC,no,no,no,no,no,no,no,13.4,576
NG027_PC711_WC47,NG027,NA,NA,PC711,CCTGGTGAGA,WC47,AGATGCTCCG,NA,NG027_P4,human,CC8_CC9_CC10,PBMC_PBMC_PBMC,no,no,no,no,no,no,no,13.4,576
NG027_PC711_WC48,NG027,NA,NA,PC711,CCTGGTGAGA,WC48,GAACCAAGCG,NA,NG027_P4,human,CC8_CC9_CC10,PBMC_PBMC_PBMC,no,no,no,no,no,no,no,13.4,576
NG027_PC711_WC49,NG027,NA,NA,PC711,CCTGGTGAGA,WC49,CCTCTTCAAG,NA,NG027_P4,human,CC8_CC9_CC10,PBMC_PBMC_PBMC,no,no,no,no,no,no,no,13.4,576
NG027_PC711_WC50,NG027,NA,NA,PC711,CCTGGTGAGA,WC50,CGTCGCATCT,NA,NG027_P4,human,CC8_CC9_CC10,PBMC_PBMC_PBMC,no,no,no,no,no,no,no,13.4,576
NG027_PC711_WC51,NG027,NA,NA,PC711,CCTGGTGAGA,WC51,CCGAACGTTC,NA,NG027_P4,human,CC8_CC9_CC10,PBMC_PBMC_PBMC,no,no,no,no,no,no,no,13.4,576
NG027_PC711_WC52,NG027,NA,NA,PC711,CCTGGTGAGA,WC52,GAATGGCGTT,NA,NG027_P4,human,CC8_CC9_CC10,PBMC_PBMC_PBMC,no,no,no,no,no,no,no,13.4,576
NG027_PC711_WC53,NG027,NA,NA,PC711,CCTGGTGAGA,WC53,AAGTTCAGGA,NA,NG027_P4,human,CC8_CC9_CC10,PBMC_PBMC_PBMC,no,no,no,no,no,no,no,13.4,576
NG027_PC711_WC54,NG027,NA,NA,PC711,CCTGGTGAGA,WC54,GACCAATTGT,NA,NG027_P4,human,CC8_CC9_CC10,PBMC_PBMC_PBMC,no,no,no,no,no,no,no,13.4,576
NG027_PC711_WC55,NG027,NA,NA,PC711,CCTGGTGAGA,WC55,TGTCTGTGAC,NA,NG027_P4,human,CC8_CC9_CC10,PBMC_PBMC_PBMC,no,no,no,no,no,no,no,13.4,576
NG027_PC711_WC56,NG027,NA,NA,PC711,CCTGGTGAGA,WC56,GAACATTGGC,NA,NG027_P4,human,CC8_CC9_CC10,PBMC_PBMC_PBMC,no,no,no,no,no,no,no,13.4,576
NG027_PC711_WC57,NG027,NA,NA,PC711,CCTGGTGAGA,WC57,CGTAACACTA,NA,NG027_P4,human,CC8_CC9_CC10,PBMC_PBMC_PBMC,no,no,no,no,no,no,no,13.4,576
NG027_PC711_WC58,NG027,NA,NA,PC711,CCTGGTGAGA,WC58,GTACTTCCAA,NA,NG027_P4,human,CC8_CC9_CC10,PBMC_PBMC_PBMC,no,no,no,no,no,no,no,13.4,576
NG027_PC711_WC59,NG027,NA,NA,PC711,CCTGGTGAGA,WC59,TTAGCGTCTT,NA,NG027_P4,human,CC8_CC9_CC10,PBMC_PBMC_PBMC,no,no,no,no,no,no,no,13.4,576
NG027_PC711_WC60,NG027,NA,NA,PC711,CCTGGTGAGA,WC60,TTGACCGTCT,NA,NG027_P4,human,CC8_CC9_CC10,PBMC_PBMC_PBMC,no,no,no,no,no,no,no,13.4,576
NG027_PC711_WC61,NG027,NA,NA,PC711,CCTGGTGAGA,WC61,ACGGCTTCTC,NA,NG027_P4,human,CC8_CC9_CC10,PBMC_PBMC_PBMC,no,no,no,no,no,no,no,13.4,576
NG027_PC711_WC62,NG027,NA,NA,PC711,CCTGGTGAGA,WC62,TGCGATGTAT,NA,NG027_P4,human,CC8_CC9_CC10,PBMC_PBMC_PBMC,no,no,no,no,no,no,no,13.4,576
NG027_PC711_WC63,NG027,NA,NA,PC711,CCTGGTGAGA,WC63,GCGTTCAGCA,NA,NG027_P4,human,CC8_CC9_CC10,PBMC_PBMC_PBMC,no,no,no,no,no,no,no,13.4,576
NG027_PC711_WC64,NG027,NA,NA,PC711,CCTGGTGAGA,WC64,GCCTAGGAAG,NA,NG027_P4,human,CC8_CC9_CC10,PBMC_PBMC_PBMC,no,no,no,no,no,no,no,13.4,576
NG027_PC711_WC65,NG027,NA,NA,PC711,CCTGGTGAGA,WC65,GTTACCAACG,NA,NG027_P4,human,CC8_CC9_CC10,PBMC_PBMC_PBMC,no,no,no,no,no,no,no,13.4,576
NG027_PC711_WC66,NG027,NA,NA,PC711,CCTGGTGAGA,WC66,ACGAACCAAG,NA,NG027_P4,human,CC8_CC9_CC10,PBMC_PBMC_PBMC,no,no,no,no,no,no,no,13.4,576
NG027_PC711_WC67,NG027,NA,NA,PC711,CCTGGTGAGA,WC67,CACGCAAGTC,NA,NG027_P4,human,CC8_CC9_CC10,PBMC_PBMC_PBMC,no,no,no,no,no,no,no,13.4,576
NG027_PC711_WC68,NG027,NA,NA,PC711,CCTGGTGAGA,WC68,GCTGGAGAAG,NA,NG027_P4,human,CC8_CC9_CC10,PBMC_PBMC_PBMC,no,no,no,no,no,no,no,13.4,576
NG027_PC711_WC69,NG027,NA,NA,PC711,CCTGGTGAGA,WC69,CCAGTGTACG,NA,NG027_P4,human,CC8_CC9_CC10,PBMC_PBMC_PBMC,no,no,no,no,no,no,no,13.4,576
NG027_PC711_WC70,NG027,NA,NA,PC711,CCTGGTGAGA,WC70,GTTGATGCGA,NA,NG027_P4,human,CC8_CC9_CC10,PBMC_PBMC_PBMC,no,no,no,no,no,no,no,13.4,576
NG027_PC711_WC71,NG027,NA,NA,PC711,CCTGGTGAGA,WC71,CGCTTGTTAT,NA,NG027_P4,human,CC8_CC9_CC10,PBMC_PBMC_PBMC,no,no,no,no,no,no,no,13.4,576
NG027_PC711_WC72,NG027,NA,NA,PC711,CCTGGTGAGA,WC72,GTAACGTTCA,NA,NG027_P4,human,CC8_CC9_CC10,PBMC_PBMC_PBMC,no,no,no,no,no,no,no,13.4,576
NG027_PC711_WC73,NG027,NA,NA,PC711,CCTGGTGAGA,WC73,CCGAGTCTTC,NA,NG027_P4,human,CC8_CC9_CC10,PBMC_PBMC_PBMC,no,no,no,no,no,no,no,13.4,576
NG027_PC711_WC74,NG027,NA,NA,PC711,CCTGGTGAGA,WC74,TATTGCGCTA,NA,NG027_P4,human,CC8_CC9_CC10,PBMC_PBMC_PBMC,no,no,no,no,no,no,no,13.4,576
NG027_PC711_WC75,NG027,NA,NA,PC711,CCTGGTGAGA,WC75,TGTGGTCTAA,NA,NG027_P4,human,CC8_CC9_CC10,PBMC_PBMC_PBMC,no,no,no,no,no,no,no,13.4,576
NG027_PC711_WC76,NG027,NA,NA,PC711,CCTGGTGAGA,WC76,CACGTCTACG,NA,NG027_P4,human,CC8_CC9_CC10,PBMC_PBMC_PBMC,no,no,no,no,no,no,no,13.4,576
NG027_PC711_WC77,NG027,NA,NA,PC711,CCTGGTGAGA,WC77,AGTCCAGTGA,NA,NG027_P4,human,CC8_CC9_CC10,PBMC_PBMC_PBMC,no,no,no,no,no,no,no,13.4,576
NG027_PC711_WC78,NG027,NA,NA,PC711,CCTGGTGAGA,WC78,ATGCTTGGTC,NA,NG027_P4,human,CC8_CC9_CC10,PBMC_PBMC_PBMC,no,no,no,no,no,no,no,13.4,576
NG027_PC711_WC79,NG027,NA,NA,PC711,CCTGGTGAGA,WC79,TGATACTCGC,NA,NG027_P4,human,CC8_CC9_CC10,PBMC_PBMC_PBMC,no,no,no,no,no,no,no,13.4,576
NG027_PC711_WC80,NG027,NA,NA,PC711,CCTGGTGAGA,WC80,TTATCGAGAG,NA,NG027_P4,human,CC8_CC9_CC10,PBMC_PBMC_PBMC,no,no,no,no,no,no,no,13.4,576
NG027_PC711_WC81,NG027,NA,NA,PC711,CCTGGTGAGA,WC81,TGCCAGTATT,NA,NG027_P4,human,CC8_CC9_CC10,PBMC_PBMC_PBMC,no,no,no,no,no,no,no,13.4,576
NG027_PC711_WC82,NG027,NA,NA,PC711,CCTGGTGAGA,WC82,GAGTTGCATA,NA,NG027_P4,human,CC8_CC9_CC10,PBMC_PBMC_PBMC,no,no,no,no,no,no,no,13.4,576
NG027_PC711_WC83,NG027,NA,NA,PC711,CCTGGTGAGA,WC83,ACACTAGCAT,NA,NG027_P4,human,CC8_CC9_CC10,PBMC_PBMC_PBMC,no,no,no,no,no,no,no,13.4,576
NG027_PC711_WC84,NG027,NA,NA,PC711,CCTGGTGAGA,WC84,GTTCTAATGG,NA,NG027_P4,human,CC8_CC9_CC10,PBMC_PBMC_PBMC,no,no,no,no,no,no,no,13.4,576
NG027_PC711_WC85,NG027,NA,NA,PC711,CCTGGTGAGA,WC85,CGTTCACGTT,NA,NG027_P4,human,CC8_CC9_CC10,PBMC_PBMC_PBMC,no,no,no,no,no,no,no,13.4,576
NG027_PC711_WC86,NG027,NA,NA,PC711,CCTGGTGAGA,WC86,GACTGCGTTA,NA,NG027_P4,human,CC8_CC9_CC10,PBMC_PBMC_PBMC,no,no,no,no,no,no,no,13.4,576
NG027_PC711_WC87,NG027,NA,NA,PC711,CCTGGTGAGA,WC87,TGGCTTATGG,NA,NG027_P4,human,CC8_CC9_CC10,PBMC_PBMC_PBMC,no,no,no,no,no,no,no,13.4,576
NG027_PC711_WC88,NG027,NA,NA,PC711,CCTGGTGAGA,WC88,TCAGAGGCAC,NA,NG027_P4,human,CC8_CC9_CC10,PBMC_PBMC_PBMC,no,no,no,no,no,no,no,13.4,576
NG027_PC711_WC89,NG027,NA,NA,PC711,CCTGGTGAGA,WC89,CGCTAGGCTA,NA,NG027_P4,human,CC8_CC9_CC10,PBMC_PBMC_PBMC,no,no,no,no,no,no,no,13.4,576
NG027_PC711_WC90,NG027,NA,NA,PC711,CCTGGTGAGA,WC90,AACCGTAACA,NA,NG027_P4,human,CC8_CC9_CC10,PBMC_PBMC_PBMC,no,no,no,no,no,no,no,13.4,576
NG027_PC711_WC91,NG027,NA,NA,PC711,CCTGGTGAGA,WC91,CTTGGTATGA,NA,NG027_P4,human,CC8_CC9_CC10,PBMC_PBMC_PBMC,no,no,no,no,no,no,no,13.4,576
NG027_PC711_WC92,NG027,NA,NA,PC711,CCTGGTGAGA,WC92,TGTAGATCCG,NA,NG027_P4,human,CC8_CC9_CC10,PBMC_PBMC_PBMC,no,no,no,no,no,no,no,13.4,576
NG027_PC711_WC93,NG027,NA,NA,PC711,CCTGGTGAGA,WC93,AACTCTACCG,NA,NG027_P4,human,CC8_CC9_CC10,PBMC_PBMC_PBMC,no,no,no,no,no,no,no,13.4,576
NG027_PC711_WC94,NG027,NA,NA,PC711,CCTGGTGAGA,WC94,CGTGACATTC,NA,NG027_P4,human,CC8_CC9_CC10,PBMC_PBMC_PBMC,no,no,no,no,no,no,no,13.4,576
NG027_PC711_WC95,NG027,NA,NA,PC711,CCTGGTGAGA,WC95,CTGTACCAGG,NA,NG027_P4,human,CC8_CC9_CC10,PBMC_PBMC_PBMC,no,no,no,no,no,no,no,13.4,576
NG027_PC711_WC96,NG027,NA,NA,PC711,CCTGGTGAGA,WC96,ACTGGTTCCG,NA,NG027_P4,human,CC8_CC9_CC10,PBMC_PBMC_PBMC,no,no,no,no,no,no,no,13.4,576
JP250_PC712_WC1,JP250,NA,NA,PC712,ACGTGAGGAA,WC1,GTCGTGAATC,NA,JP250_P1,human,CC9_CC10_CC11_CC12,PBMC_PBMC_PBMC_PBMC,no,CC11_Celldebris__CC12_Celldebris,no,no,no,no,no,17.6,580
JP250_PC712_WC2,JP250,NA,NA,PC712,ACGTGAGGAA,WC2,CTGTTCTACG,NA,JP250_P1,human,CC9_CC10_CC11_CC12,PBMC_PBMC_PBMC_PBMC,no,CC11_Celldebris__CC12_Celldebris,no,no,no,no,no,17.6,580
JP250_PC712_WC3,JP250,NA,NA,PC712,ACGTGAGGAA,WC3,GCTCTTAGGT,NA,JP250_P1,human,CC9_CC10_CC11_CC12,PBMC_PBMC_PBMC_PBMC,no,CC11_Celldebris__CC12_Celldebris,no,no,no,no,no,17.6,580
JP250_PC712_WC4,JP250,NA,NA,PC712,ACGTGAGGAA,WC4,TAGAAGCCAT,NA,JP250_P1,human,CC9_CC10_CC11_CC12,PBMC_PBMC_PBMC_PBMC,no,CC11_Celldebris__CC12_Celldebris,no,no,no,no,no,17.6,580
JP250_PC712_WC5,JP250,NA,NA,PC712,ACGTGAGGAA,WC5,CACTTAGGTA,NA,JP250_P1,human,CC9_CC10_CC11_CC12,PBMC_PBMC_PBMC_PBMC,no,CC11_Celldebris__CC12_Celldebris,no,no,no,no,no,17.6,580
JP250_PC712_WC6,JP250,NA,NA,PC712,ACGTGAGGAA,WC6,ATAGGTAAGG,NA,JP250_P1,human,CC9_CC10_CC11_CC12,PBMC_PBMC_PBMC_PBMC,no,CC11_Celldebris__CC12_Celldebris,no,no,no,no,no,17.6,580
JP250_PC712_WC7,JP250,NA,NA,PC712,ACGTGAGGAA,WC7,CGCCTTATAT,NA,JP250_P1,human,CC9_CC10_CC11_CC12,PBMC_PBMC_PBMC_PBMC,no,CC11_Celldebris__CC12_Celldebris,no,no,no,no,no,17.6,580
JP250_PC712_WC8,JP250,NA,NA,PC712,ACGTGAGGAA,WC8,GCACGATGCT,NA,JP250_P1,human,CC9_CC10_CC11_CC12,PBMC_PBMC_PBMC_PBMC,no,CC11_Celldebris__CC12_Celldebris,no,no,no,no,no,17.6,580
JP250_PC712_WC9,JP250,NA,NA,PC712,ACGTGAGGAA,WC9,AATATGCCAG,NA,JP250_P1,human,CC9_CC10_CC11_CC12,PBMC_PBMC_PBMC_PBMC,no,CC11_Celldebris__CC12_Celldebris,no,no,no,no,no,17.6,580
JP250_PC712_WC10,JP250,NA,NA,PC712,ACGTGAGGAA,WC10,TAGAGTCACG,NA,JP250_P1,human,CC9_CC10_CC11_CC12,PBMC_PBMC_PBMC_PBMC,no,CC11_Celldebris__CC12_Celldebris,no,no,no,no,no,17.6,580
JP250_PC712_WC11,JP250,NA,NA,PC712,ACGTGAGGAA,WC11,TTAACAGGTC,NA,JP250_P1,human,CC9_CC10_CC11_CC12,PBMC_PBMC_PBMC_PBMC,no,CC11_Celldebris__CC12_Celldebris,no,no,no,no,no,17.6,580
JP250_PC712_WC12,JP250,NA,NA,PC712,ACGTGAGGAA,WC12,ACATGAGCCA,NA,JP250_P1,human,CC9_CC10_CC11_CC12,PBMC_PBMC_PBMC_PBMC,no,CC11_Celldebris__CC12_Celldebris,no,no,no,no,no,17.6,580
JP250_PC712_WC13,JP250,NA,NA,PC712,ACGTGAGGAA,WC13,GCGAGGTTCT,NA,JP250_P1,human,CC9_CC10_CC11_CC12,PBMC_PBMC_PBMC_PBMC,no,CC11_Celldebris__CC12_Celldebris,no,no,no,no,no,17.6,580
JP250_PC712_WC14,JP250,NA,NA,PC712,ACGTGAGGAA,WC14,TGTCCGTAGG,NA,JP250_P1,human,CC9_CC10_CC11_CC12,PBMC_PBMC_PBMC_PBMC,no,CC11_Celldebris__CC12_Celldebris,no,no,no,no,no,17.6,580
JP250_PC712_WC15,JP250,NA,NA,PC712,ACGTGAGGAA,WC15,CATTATGCCT,NA,JP250_P1,human,CC9_CC10_CC11_CC12,PBMC_PBMC_PBMC_PBMC,no,CC11_Celldebris__CC12_Celldebris,no,no,no,no,no,17.6,580
JP250_PC712_WC16,JP250,NA,NA,PC712,ACGTGAGGAA,WC16,TCCACTGTTG,NA,JP250_P1,human,CC9_CC10_CC11_CC12,PBMC_PBMC_PBMC_PBMC,no,CC11_Celldebris__CC12_Celldebris,no,no,no,no,no,17.6,580
JP250_PC712_WC17,JP250,NA,NA,PC712,ACGTGAGGAA,WC17,CTTAACGACA,NA,JP250_P1,human,CC9_CC10_CC11_CC12,PBMC_PBMC_PBMC_PBMC,no,CC11_Celldebris__CC12_Celldebris,no,no,no,no,no,17.6,580
JP250_PC712_WC18,JP250,NA,NA,PC712,ACGTGAGGAA,WC18,TCCTCGAGCT,NA,JP250_P1,human,CC9_CC10_CC11_CC12,PBMC_PBMC_PBMC_PBMC,no,CC11_Celldebris__CC12_Celldebris,no,no,no,no,no,17.6,580
JP250_PC712_WC19,JP250,NA,NA,PC712,ACGTGAGGAA,WC19,CGAGTAATGT,NA,JP250_P1,human,CC9_CC10_CC11_CC12,PBMC_PBMC_PBMC_PBMC,no,CC11_Celldebris__CC12_Celldebris,no,no,no,no,no,17.6,580
JP250_PC712_WC20,JP250,NA,NA,PC712,ACGTGAGGAA,WC20,CATACCGCTG,NA,JP250_P1,human,CC9_CC10_CC11_CC12,PBMC_PBMC_PBMC_PBMC,no,CC11_Celldebris__CC12_Celldebris,no,no,no,no,no,17.6,580
JP250_PC712_WC21,JP250,NA,NA,PC712,ACGTGAGGAA,WC21,GCTACTTGCA,NA,JP250_P1,human,CC9_CC10_CC11_CC12,PBMC_PBMC_PBMC_PBMC,no,CC11_Celldebris__CC12_Celldebris,no,no,no,no,no,17.6,580
JP250_PC712_WC22,JP250,NA,NA,PC712,ACGTGAGGAA,WC22,GCTATTGAAG,NA,JP250_P1,human,CC9_CC10_CC11_CC12,PBMC_PBMC_PBMC_PBMC,no,CC11_Celldebris__CC12_Celldebris,no,no,no,no,no,17.6,580
JP250_PC712_WC23,JP250,NA,NA,PC712,ACGTGAGGAA,WC23,TCAGCATCCG,NA,JP250_P1,human,CC9_CC10_CC11_CC12,PBMC_PBMC_PBMC_PBMC,no,CC11_Celldebris__CC12_Celldebris,no,no,no,no,no,17.6,580
JP250_PC712_WC24,JP250,NA,NA,PC712,ACGTGAGGAA,WC24,TAGGTGGTGG,NA,JP250_P1,human,CC9_CC10_CC11_CC12,PBMC_PBMC_PBMC_PBMC,no,CC11_Celldebris__CC12_Celldebris,no,no,no,no,no,17.6,580
JP250_PC712_WC25,JP250,NA,NA,PC712,ACGTGAGGAA,WC25,AAGATCGGAT,NA,JP250_P1,human,CC9_CC10_CC11_CC12,PBMC_PBMC_PBMC_PBMC,no,CC11_Celldebris__CC12_Celldebris,no,no,no,no,no,17.6,580
JP250_PC712_WC26,JP250,NA,NA,PC712,ACGTGAGGAA,WC26,TTAACGTCCG,NA,JP250_P1,human,CC9_CC10_CC11_CC12,PBMC_PBMC_PBMC_PBMC,no,CC11_Celldebris__CC12_Celldebris,no,no,no,no,no,17.6,580
JP250_PC712_WC27,JP250,NA,NA,PC712,ACGTGAGGAA,WC27,ATTACCGATC,NA,JP250_P1,human,CC9_CC10_CC11_CC12,PBMC_PBMC_PBMC_PBMC,no,CC11_Celldebris__CC12_Celldebris,no,no,no,no,no,17.6,580
JP250_PC712_WC28,JP250,NA,NA,PC712,ACGTGAGGAA,WC28,GTTGCATCGT,NA,JP250_P1,human,CC9_CC10_CC11_CC12,PBMC_PBMC_PBMC_PBMC,no,CC11_Celldebris__CC12_Celldebris,no,no,no,no,no,17.6,580
JP250_PC712_WC29,JP250,NA,NA,PC712,ACGTGAGGAA,WC29,ACTGGACGTT,NA,JP250_P1,human,CC9_CC10_CC11_CC12,PBMC_PBMC_PBMC_PBMC,no,CC11_Celldebris__CC12_Celldebris,no,no,no,no,no,17.6,580
JP250_PC712_WC30,JP250,NA,NA,PC712,ACGTGAGGAA,WC30,TTGTTCGTGT,NA,JP250_P1,human,CC9_CC10_CC11_CC12,PBMC_PBMC_PBMC_PBMC,no,CC11_Celldebris__CC12_Celldebris,no,no,no,no,no,17.6,580
JP250_PC712_WC31,JP250,NA,NA,PC712,ACGTGAGGAA,WC31,ACGGACTGAG,NA,JP250_P1,human,CC9_CC10_CC11_CC12,PBMC_PBMC_PBMC_PBMC,no,CC11_Celldebris__CC12_Celldebris,no,no,no,no,no,17.6,580
JP250_PC712_WC32,JP250,NA,NA,PC712,ACGTGAGGAA,WC32,CACCGTCATA,NA,JP250_P1,human,CC9_CC10_CC11_CC12,PBMC_PBMC_PBMC_PBMC,no,CC11_Celldebris__CC12_Celldebris,no,no,no,no,no,17.6,580
JP250_PC712_WC33,JP250,NA,NA,PC712,ACGTGAGGAA,WC33,GTAGTTGTGT,NA,JP250_P1,human,CC9_CC10_CC11_CC12,PBMC_PBMC_PBMC_PBMC,no,CC11_Celldebris__CC12_Celldebris,no,no,no,no,no,17.6,580
JP250_PC712_WC34,JP250,NA,NA,PC712,ACGTGAGGAA,WC34,CTGAGTCCTT,NA,JP250_P1,human,CC9_CC10_CC11_CC12,PBMC_PBMC_PBMC_PBMC,no,CC11_Celldebris__CC12_Celldebris,no,no,no,no,no,17.6,580
JP250_PC712_WC35,JP250,NA,NA,PC712,ACGTGAGGAA,WC35,TCACAGTTGC,NA,JP250_P1,human,CC9_CC10_CC11_CC12,PBMC_PBMC_PBMC_PBMC,no,CC11_Celldebris__CC12_Celldebris,no,no,no,no,no,17.6,580
JP250_PC712_WC36,JP250,NA,NA,PC712,ACGTGAGGAA,WC36,ATTGTAAGCG,NA,JP250_P1,human,CC9_CC10_CC11_CC12,PBMC_PBMC_PBMC_PBMC,no,CC11_Celldebris__CC12_Celldebris,no,no,no,no,no,17.6,580
JP250_PC712_WC37,JP250,NA,NA,PC712,ACGTGAGGAA,WC37,CGGTCTCTCT,NA,JP250_P1,human,CC9_CC10_CC11_CC12,PBMC_PBMC_PBMC_PBMC,no,CC11_Celldebris__CC12_Celldebris,no,no,no,no,no,17.6,580
JP250_PC712_WC38,JP250,NA,NA,PC712,ACGTGAGGAA,WC38,AACAGCAATG,NA,JP250_P1,human,CC9_CC10_CC11_CC12,PBMC_PBMC_PBMC_PBMC,no,CC11_Celldebris__CC12_Celldebris,no,no,no,no,no,17.6,580
JP250_PC712_WC39,JP250,NA,NA,PC712,ACGTGAGGAA,WC39,TCCGTGTTGC,NA,JP250_P1,human,CC9_CC10_CC11_CC12,PBMC_PBMC_PBMC_PBMC,no,CC11_Celldebris__CC12_Celldebris,no,no,no,no,no,17.6,580
JP250_PC712_WC40,JP250,NA,NA,PC712,ACGTGAGGAA,WC40,TGCGAAGTGA,NA,JP250_P1,human,CC9_CC10_CC11_CC12,PBMC_PBMC_PBMC_PBMC,no,CC11_Celldebris__CC12_Celldebris,no,no,no,no,no,17.6,580
JP250_PC712_WC41,JP250,NA,NA,PC712,ACGTGAGGAA,WC41,CACAGCTATT,NA,JP250_P1,human,CC9_CC10_CC11_CC12,PBMC_PBMC_PBMC_PBMC,no,CC11_Celldebris__CC12_Celldebris,no,no,no,no,no,17.6,580
JP250_PC712_WC42,JP250,NA,NA,PC712,ACGTGAGGAA,WC42,GATAGTGTTC,NA,JP250_P1,human,CC9_CC10_CC11_CC12,PBMC_PBMC_PBMC_PBMC,no,CC11_Celldebris__CC12_Celldebris,no,no,no,no,no,17.6,580
JP250_PC712_WC43,JP250,NA,NA,PC712,ACGTGAGGAA,WC43,TAGCTACCAG,NA,JP250_P1,human,CC9_CC10_CC11_CC12,PBMC_PBMC_PBMC_PBMC,no,CC11_Celldebris__CC12_Celldebris,no,no,no,no,no,17.6,580
JP250_PC712_WC44,JP250,NA,NA,PC712,ACGTGAGGAA,WC44,TGCTCACGCA,NA,JP250_P1,human,CC9_CC10_CC11_CC12,PBMC_PBMC_PBMC_PBMC,no,CC11_Celldebris__CC12_Celldebris,no,no,no,no,no,17.6,580
JP250_PC712_WC45,JP250,NA,NA,PC712,ACGTGAGGAA,WC45,AAGTGTGCTA,NA,JP250_P1,human,CC9_CC10_CC11_CC12,PBMC_PBMC_PBMC_PBMC,no,CC11_Celldebris__CC12_Celldebris,no,no,no,no,no,17.6,580
JP250_PC712_WC46,JP250,NA,NA,PC712,ACGTGAGGAA,WC46,TCATCGTCTG,NA,JP250_P1,human,CC9_CC10_CC11_CC12,PBMC_PBMC_PBMC_PBMC,no,CC11_Celldebris__CC12_Celldebris,no,no,no,no,no,17.6,580
JP250_PC712_WC47,JP250,NA,NA,PC712,ACGTGAGGAA,WC47,AGATGCTCCG,NA,JP250_P1,human,CC9_CC10_CC11_CC12,PBMC_PBMC_PBMC_PBMC,no,CC11_Celldebris__CC12_Celldebris,no,no,no,no,no,17.6,580
JP250_PC712_WC48,JP250,NA,NA,PC712,ACGTGAGGAA,WC48,GAACCAAGCG,NA,JP250_P1,human,CC9_CC10_CC11_CC12,PBMC_PBMC_PBMC_PBMC,no,CC11_Celldebris__CC12_Celldebris,no,no,no,no,no,17.6,580
JP250_PC712_WC49,JP250,NA,NA,PC712,ACGTGAGGAA,WC49,CCTCTTCAAG,NA,JP250_P1,human,CC9_CC10_CC11_CC12,PBMC_PBMC_PBMC_PBMC,no,CC11_Celldebris__CC12_Celldebris,no,no,no,no,no,17.6,580
JP250_PC712_WC50,JP250,NA,NA,PC712,ACGTGAGGAA,WC50,CGTCGCATCT,NA,JP250_P1,human,CC9_CC10_CC11_CC12,PBMC_PBMC_PBMC_PBMC,no,CC11_Celldebris__CC12_Celldebris,no,no,no,no,no,17.6,580
JP250_PC712_WC51,JP250,NA,NA,PC712,ACGTGAGGAA,WC51,CCGAACGTTC,NA,JP250_P1,human,CC9_CC10_CC11_CC12,PBMC_PBMC_PBMC_PBMC,no,CC11_Celldebris__CC12_Celldebris,no,no,no,no,no,17.6,580
JP250_PC712_WC52,JP250,NA,NA,PC712,ACGTGAGGAA,WC52,GAATGGCGTT,NA,JP250_P1,human,CC9_CC10_CC11_CC12,PBMC_PBMC_PBMC_PBMC,no,CC11_Celldebris__CC12_Celldebris,no,no,no,no,no,17.6,580
JP250_PC712_WC53,JP250,NA,NA,PC712,ACGTGAGGAA,WC53,AAGTTCAGGA,NA,JP250_P1,human,CC9_CC10_CC11_CC12,PBMC_PBMC_PBMC_PBMC,no,CC11_Celldebris__CC12_Celldebris,no,no,no,no,no,17.6,580
JP250_PC712_WC54,JP250,NA,NA,PC712,ACGTGAGGAA,WC54,GACCAATTGT,NA,JP250_P1,human,CC9_CC10_CC11_CC12,PBMC_PBMC_PBMC_PBMC,no,CC11_Celldebris__CC12_Celldebris,no,no,no,no,no,17.6,580
JP250_PC712_WC55,JP250,NA,NA,PC712,ACGTGAGGAA,WC55,TGTCTGTGAC,NA,JP250_P1,human,CC9_CC10_CC11_CC12,PBMC_PBMC_PBMC_PBMC,no,CC11_Celldebris__CC12_Celldebris,no,no,no,no,no,17.6,580
JP250_PC712_WC56,JP250,NA,NA,PC712,ACGTGAGGAA,WC56,GAACATTGGC,NA,JP250_P1,human,CC9_CC10_CC11_CC12,PBMC_PBMC_PBMC_PBMC,no,CC11_Celldebris__CC12_Celldebris,no,no,no,no,no,17.6,580
JP250_PC712_WC57,JP250,NA,NA,PC712,ACGTGAGGAA,WC57,CGTAACACTA,NA,JP250_P1,human,CC9_CC10_CC11_CC12,PBMC_PBMC_PBMC_PBMC,no,CC11_Celldebris__CC12_Celldebris,no,no,no,no,no,17.6,580
JP250_PC712_WC58,JP250,NA,NA,PC712,ACGTGAGGAA,WC58,GTACTTCCAA,NA,JP250_P1,human,CC9_CC10_CC11_CC12,PBMC_PBMC_PBMC_PBMC,no,CC11_Celldebris__CC12_Celldebris,no,no,no,no,no,17.6,580
JP250_PC712_WC59,JP250,NA,NA,PC712,ACGTGAGGAA,WC59,TTAGCGTCTT,NA,JP250_P1,human,CC9_CC10_CC11_CC12,PBMC_PBMC_PBMC_PBMC,no,CC11_Celldebris__CC12_Celldebris,no,no,no,no,no,17.6,580
JP250_PC712_WC60,JP250,NA,NA,PC712,ACGTGAGGAA,WC60,TTGACCGTCT,NA,JP250_P1,human,CC9_CC10_CC11_CC12,PBMC_PBMC_PBMC_PBMC,no,CC11_Celldebris__CC12_Celldebris,no,no,no,no,no,17.6,580
JP250_PC712_WC61,JP250,NA,NA,PC712,ACGTGAGGAA,WC61,ACGGCTTCTC,NA,JP250_P1,human,CC9_CC10_CC11_CC12,PBMC_PBMC_PBMC_PBMC,no,CC11_Celldebris__CC12_Celldebris,no,no,no,no,no,17.6,580
JP250_PC712_WC62,JP250,NA,NA,PC712,ACGTGAGGAA,WC62,TGCGATGTAT,NA,JP250_P1,human,CC9_CC10_CC11_CC12,PBMC_PBMC_PBMC_PBMC,no,CC11_Celldebris__CC12_Celldebris,no,no,no,no,no,17.6,580
JP250_PC712_WC63,JP250,NA,NA,PC712,ACGTGAGGAA,WC63,GCGTTCAGCA,NA,JP250_P1,human,CC9_CC10_CC11_CC12,PBMC_PBMC_PBMC_PBMC,no,CC11_Celldebris__CC12_Celldebris,no,no,no,no,no,17.6,580
JP250_PC712_WC64,JP250,NA,NA,PC712,ACGTGAGGAA,WC64,GCCTAGGAAG,NA,JP250_P1,human,CC9_CC10_CC11_CC12,PBMC_PBMC_PBMC_PBMC,no,CC11_Celldebris__CC12_Celldebris,no,no,no,no,no,17.6,580
JP250_PC712_WC65,JP250,NA,NA,PC712,ACGTGAGGAA,WC65,GTTACCAACG,NA,JP250_P1,human,CC9_CC10_CC11_CC12,PBMC_PBMC_PBMC_PBMC,no,CC11_Celldebris__CC12_Celldebris,no,no,no,no,no,17.6,580
JP250_PC712_WC66,JP250,NA,NA,PC712,ACGTGAGGAA,WC66,ACGAACCAAG,NA,JP250_P1,human,CC9_CC10_CC11_CC12,PBMC_PBMC_PBMC_PBMC,no,CC11_Celldebris__CC12_Celldebris,no,no,no,no,no,17.6,580
JP250_PC712_WC67,JP250,NA,NA,PC712,ACGTGAGGAA,WC67,CACGCAAGTC,NA,JP250_P1,human,CC9_CC10_CC11_CC12,PBMC_PBMC_PBMC_PBMC,no,CC11_Celldebris__CC12_Celldebris,no,no,no,no,no,17.6,580
JP250_PC712_WC68,JP250,NA,NA,PC712,ACGTGAGGAA,WC68,GCTGGAGAAG,NA,JP250_P1,human,CC9_CC10_CC11_CC12,PBMC_PBMC_PBMC_PBMC,no,CC11_Celldebris__CC12_Celldebris,no,no,no,no,no,17.6,580
JP250_PC712_WC69,JP250,NA,NA,PC712,ACGTGAGGAA,WC69,CCAGTGTACG,NA,JP250_P1,human,CC9_CC10_CC11_CC12,PBMC_PBMC_PBMC_PBMC,no,CC11_Celldebris__CC12_Celldebris,no,no,no,no,no,17.6,580
JP250_PC712_WC70,JP250,NA,NA,PC712,ACGTGAGGAA,WC70,GTTGATGCGA,NA,JP250_P1,human,CC9_CC10_CC11_CC12,PBMC_PBMC_PBMC_PBMC,no,CC11_Celldebris__CC12_Celldebris,no,no,no,no,no,17.6,580
JP250_PC712_WC71,JP250,NA,NA,PC712,ACGTGAGGAA,WC71,CGCTTGTTAT,NA,JP250_P1,human,CC9_CC10_CC11_CC12,PBMC_PBMC_PBMC_PBMC,no,CC11_Celldebris__CC12_Celldebris,no,no,no,no,no,17.6,580
JP250_PC712_WC72,JP250,NA,NA,PC712,ACGTGAGGAA,WC72,GTAACGTTCA,NA,JP250_P1,human,CC9_CC10_CC11_CC12,PBMC_PBMC_PBMC_PBMC,no,CC11_Celldebris__CC12_Celldebris,no,no,no,no,no,17.6,580
JP250_PC712_WC73,JP250,NA,NA,PC712,ACGTGAGGAA,WC73,CCGAGTCTTC,NA,JP250_P1,human,CC9_CC10_CC11_CC12,PBMC_PBMC_PBMC_PBMC,no,CC11_Celldebris__CC12_Celldebris,no,no,no,no,no,17.6,580
JP250_PC712_WC74,JP250,NA,NA,PC712,ACGTGAGGAA,WC74,TATTGCGCTA,NA,JP250_P1,human,CC9_CC10_CC11_CC12,PBMC_PBMC_PBMC_PBMC,no,CC11_Celldebris__CC12_Celldebris,no,no,no,no,no,17.6,580
JP250_PC712_WC75,JP250,NA,NA,PC712,ACGTGAGGAA,WC75,TGTGGTCTAA,NA,JP250_P1,human,CC9_CC10_CC11_CC12,PBMC_PBMC_PBMC_PBMC,no,CC11_Celldebris__CC12_Celldebris,no,no,no,no,no,17.6,580
JP250_PC712_WC76,JP250,NA,NA,PC712,ACGTGAGGAA,WC76,CACGTCTACG,NA,JP250_P1,human,CC9_CC10_CC11_CC12,PBMC_PBMC_PBMC_PBMC,no,CC11_Celldebris__CC12_Celldebris,no,no,no,no,no,17.6,580
JP250_PC712_WC77,JP250,NA,NA,PC712,ACGTGAGGAA,WC77,AGTCCAGTGA,NA,JP250_P1,human,CC9_CC10_CC11_CC12,PBMC_PBMC_PBMC_PBMC,no,CC11_Celldebris__CC12_Celldebris,no,no,no,no,no,17.6,580
JP250_PC712_WC78,JP250,NA,NA,PC712,ACGTGAGGAA,WC78,ATGCTTGGTC,NA,JP250_P1,human,CC9_CC10_CC11_CC12,PBMC_PBMC_PBMC_PBMC,no,CC11_Celldebris__CC12_Celldebris,no,no,no,no,no,17.6,580
JP250_PC712_WC79,JP250,NA,NA,PC712,ACGTGAGGAA,WC79,TGATACTCGC,NA,JP250_P1,human,CC9_CC10_CC11_CC12,PBMC_PBMC_PBMC_PBMC,no,CC11_Celldebris__CC12_Celldebris,no,no,no,no,no,17.6,580
JP250_PC712_WC80,JP250,NA,NA,PC712,ACGTGAGGAA,WC80,TTATCGAGAG,NA,JP250_P1,human,CC9_CC10_CC11_CC12,PBMC_PBMC_PBMC_PBMC,no,CC11_Celldebris__CC12_Celldebris,no,no,no,no,no,17.6,580
JP250_PC712_WC81,JP250,NA,NA,PC712,ACGTGAGGAA,WC81,TGCCAGTATT,NA,JP250_P1,human,CC9_CC10_CC11_CC12,PBMC_PBMC_PBMC_PBMC,no,CC11_Celldebris__CC12_Celldebris,no,no,no,no,no,17.6,580
JP250_PC712_WC82,JP250,NA,NA,PC712,ACGTGAGGAA,WC82,GAGTTGCATA,NA,JP250_P1,human,CC9_CC10_CC11_CC12,PBMC_PBMC_PBMC_PBMC,no,CC11_Celldebris__CC12_Celldebris,no,no,no,no,no,17.6,580
JP250_PC712_WC83,JP250,NA,NA,PC712,ACGTGAGGAA,WC83,ACACTAGCAT,NA,JP250_P1,human,CC9_CC10_CC11_CC12,PBMC_PBMC_PBMC_PBMC,no,CC11_Celldebris__CC12_Celldebris,no,no,no,no,no,17.6,580
JP250_PC712_WC84,JP250,NA,NA,PC712,ACGTGAGGAA,WC84,GTTCTAATGG,NA,JP250_P1,human,CC9_CC10_CC11_CC12,PBMC_PBMC_PBMC_PBMC,no,CC11_Celldebris__CC12_Celldebris,no,no,no,no,no,17.6,580
JP250_PC712_WC85,JP250,NA,NA,PC712,ACGTGAGGAA,WC85,CGTTCACGTT,NA,JP250_P1,human,CC9_CC10_CC11_CC12,PBMC_PBMC_PBMC_PBMC,no,CC11_Celldebris__CC12_Celldebris,no,no,no,no,no,17.6,580
JP250_PC712_WC86,JP250,NA,NA,PC712,ACGTGAGGAA,WC86,GACTGCGTTA,NA,JP250_P1,human,CC9_CC10_CC11_CC12,PBMC_PBMC_PBMC_PBMC,no,CC11_Celldebris__CC12_Celldebris,no,no,no,no,no,17.6,580
JP250_PC712_WC87,JP250,NA,NA,PC712,ACGTGAGGAA,WC87,TGGCTTATGG,NA,JP250_P1,human,CC9_CC10_CC11_CC12,PBMC_PBMC_PBMC_PBMC,no,CC11_Celldebris__CC12_Celldebris,no,no,no,no,no,17.6,580
JP250_PC712_WC88,JP250,NA,NA,PC712,ACGTGAGGAA,WC88,TCAGAGGCAC,NA,JP250_P1,human,CC9_CC10_CC11_CC12,PBMC_PBMC_PBMC_PBMC,no,CC11_Celldebris__CC12_Celldebris,no,no,no,no,no,17.6,580
JP250_PC712_WC89,JP250,NA,NA,PC712,ACGTGAGGAA,WC89,CGCTAGGCTA,NA,JP250_P1,human,CC9_CC10_CC11_CC12,PBMC_PBMC_PBMC_PBMC,no,CC11_Celldebris__CC12_Celldebris,no,no,no,no,no,17.6,580
JP250_PC712_WC90,JP250,NA,NA,PC712,ACGTGAGGAA,WC90,AACCGTAACA,NA,JP250_P1,human,CC9_CC10_CC11_CC12,PBMC_PBMC_PBMC_PBMC,no,CC11_Celldebris__CC12_Celldebris,no,no,no,no,no,17.6,580
JP250_PC712_WC91,JP250,NA,NA,PC712,ACGTGAGGAA,WC91,CTTGGTATGA,NA,JP250_P1,human,CC9_CC10_CC11_CC12,PBMC_PBMC_PBMC_PBMC,no,CC11_Celldebris__CC12_Celldebris,no,no,no,no,no,17.6,580
JP250_PC712_WC92,JP250,NA,NA,PC712,ACGTGAGGAA,WC92,TGTAGATCCG,NA,JP250_P1,human,CC9_CC10_CC11_CC12,PBMC_PBMC_PBMC_PBMC,no,CC11_Celldebris__CC12_Celldebris,no,no,no,no,no,17.6,580
JP250_PC712_WC93,JP250,NA,NA,PC712,ACGTGAGGAA,WC93,AACTCTACCG,NA,JP250_P1,human,CC9_CC10_CC11_CC12,PBMC_PBMC_PBMC_PBMC,no,CC11_Celldebris__CC12_Celldebris,no,no,no,no,no,17.6,580
JP250_PC712_WC94,JP250,NA,NA,PC712,ACGTGAGGAA,WC94,CGTGACATTC,NA,JP250_P1,human,CC9_CC10_CC11_CC12,PBMC_PBMC_PBMC_PBMC,no,CC11_Celldebris__CC12_Celldebris,no,no,no,no,no,17.6,580
JP250_PC712_WC95,JP250,NA,NA,PC712,ACGTGAGGAA,WC95,CTGTACCAGG,NA,JP250_P1,human,CC9_CC10_CC11_CC12,PBMC_PBMC_PBMC_PBMC,no,CC11_Celldebris__CC12_Celldebris,no,no,no,no,no,17.6,580
JP250_PC712_WC96,JP250,NA,NA,PC712,ACGTGAGGAA,WC96,ACTGGTTCCG,NA,JP250_P1,human,CC9_CC10_CC11_CC12,PBMC_PBMC_PBMC_PBMC,no,CC11_Celldebris__CC12_Celldebris,no,no,no,no,no,17.6,580
JP250_PC713_WC1,JP250,NA,NA,PC713,TCGTGTTCGA,WC1,GTCGTGAATC,NA,JP250_P2,human,CC9_CC10_CC11_CC12,PBMC_PBMC_PBMC_PBMC,no,CC11_Celldebris__CC12_Celldebris,no,no,no,no,no,11.9,574
JP250_PC713_WC2,JP250,NA,NA,PC713,TCGTGTTCGA,WC2,CTGTTCTACG,NA,JP250_P2,human,CC9_CC10_CC11_CC12,PBMC_PBMC_PBMC_PBMC,no,CC11_Celldebris__CC12_Celldebris,no,no,no,no,no,11.9,574
JP250_PC713_WC3,JP250,NA,NA,PC713,TCGTGTTCGA,WC3,GCTCTTAGGT,NA,JP250_P2,human,CC9_CC10_CC11_CC12,PBMC_PBMC_PBMC_PBMC,no,CC11_Celldebris__CC12_Celldebris,no,no,no,no,no,11.9,574
JP250_PC713_WC4,JP250,NA,NA,PC713,TCGTGTTCGA,WC4,TAGAAGCCAT,NA,JP250_P2,human,CC9_CC10_CC11_CC12,PBMC_PBMC_PBMC_PBMC,no,CC11_Celldebris__CC12_Celldebris,no,no,no,no,no,11.9,574
JP250_PC713_WC5,JP250,NA,NA,PC713,TCGTGTTCGA,WC5,CACTTAGGTA,NA,JP250_P2,human,CC9_CC10_CC11_CC12,PBMC_PBMC_PBMC_PBMC,no,CC11_Celldebris__CC12_Celldebris,no,no,no,no,no,11.9,574
JP250_PC713_WC6,JP250,NA,NA,PC713,TCGTGTTCGA,WC6,ATAGGTAAGG,NA,JP250_P2,human,CC9_CC10_CC11_CC12,PBMC_PBMC_PBMC_PBMC,no,CC11_Celldebris__CC12_Celldebris,no,no,no,no,no,11.9,574
JP250_PC713_WC7,JP250,NA,NA,PC713,TCGTGTTCGA,WC7,CGCCTTATAT,NA,JP250_P2,human,CC9_CC10_CC11_CC12,PBMC_PBMC_PBMC_PBMC,no,CC11_Celldebris__CC12_Celldebris,no,no,no,no,no,11.9,574
JP250_PC713_WC8,JP250,NA,NA,PC713,TCGTGTTCGA,WC8,GCACGATGCT,NA,JP250_P2,human,CC9_CC10_CC11_CC12,PBMC_PBMC_PBMC_PBMC,no,CC11_Celldebris__CC12_Celldebris,no,no,no,no,no,11.9,574
JP250_PC713_WC9,JP250,NA,NA,PC713,TCGTGTTCGA,WC9,AATATGCCAG,NA,JP250_P2,human,CC9_CC10_CC11_CC12,PBMC_PBMC_PBMC_PBMC,no,CC11_Celldebris__CC12_Celldebris,no,no,no,no,no,11.9,574
JP250_PC713_WC10,JP250,NA,NA,PC713,TCGTGTTCGA,WC10,TAGAGTCACG,NA,JP250_P2,human,CC9_CC10_CC11_CC12,PBMC_PBMC_PBMC_PBMC,no,CC11_Celldebris__CC12_Celldebris,no,no,no,no,no,11.9,574
JP250_PC713_WC11,JP250,NA,NA,PC713,TCGTGTTCGA,WC11,TTAACAGGTC,NA,JP250_P2,human,CC9_CC10_CC11_CC12,PBMC_PBMC_PBMC_PBMC,no,CC11_Celldebris__CC12_Celldebris,no,no,no,no,no,11.9,574
JP250_PC713_WC12,JP250,NA,NA,PC713,TCGTGTTCGA,WC12,ACATGAGCCA,NA,JP250_P2,human,CC9_CC10_CC11_CC12,PBMC_PBMC_PBMC_PBMC,no,CC11_Celldebris__CC12_Celldebris,no,no,no,no,no,11.9,574
JP250_PC713_WC13,JP250,NA,NA,PC713,TCGTGTTCGA,WC13,GCGAGGTTCT,NA,JP250_P2,human,CC9_CC10_CC11_CC12,PBMC_PBMC_PBMC_PBMC,no,CC11_Celldebris__CC12_Celldebris,no,no,no,no,no,11.9,574
JP250_PC713_WC14,JP250,NA,NA,PC713,TCGTGTTCGA,WC14,TGTCCGTAGG,NA,JP250_P2,human,CC9_CC10_CC11_CC12,PBMC_PBMC_PBMC_PBMC,no,CC11_Celldebris__CC12_Celldebris,no,no,no,no,no,11.9,574
JP250_PC713_WC15,JP250,NA,NA,PC713,TCGTGTTCGA,WC15,CATTATGCCT,NA,JP250_P2,human,CC9_CC10_CC11_CC12,PBMC_PBMC_PBMC_PBMC,no,CC11_Celldebris__CC12_Celldebris,no,no,no,no,no,11.9,574
JP250_PC713_WC16,JP250,NA,NA,PC713,TCGTGTTCGA,WC16,TCCACTGTTG,NA,JP250_P2,human,CC9_CC10_CC11_CC12,PBMC_PBMC_PBMC_PBMC,no,CC11_Celldebris__CC12_Celldebris,no,no,no,no,no,11.9,574
JP250_PC713_WC17,JP250,NA,NA,PC713,TCGTGTTCGA,WC17,CTTAACGACA,NA,JP250_P2,human,CC9_CC10_CC11_CC12,PBMC_PBMC_PBMC_PBMC,no,CC11_Celldebris__CC12_Celldebris,no,no,no,no,no,11.9,574
JP250_PC713_WC18,JP250,NA,NA,PC713,TCGTGTTCGA,WC18,TCCTCGAGCT,NA,JP250_P2,human,CC9_CC10_CC11_CC12,PBMC_PBMC_PBMC_PBMC,no,CC11_Celldebris__CC12_Celldebris,no,no,no,no,no,11.9,574
JP250_PC713_WC19,JP250,NA,NA,PC713,TCGTGTTCGA,WC19,CGAGTAATGT,NA,JP250_P2,human,CC9_CC10_CC11_CC12,PBMC_PBMC_PBMC_PBMC,no,CC11_Celldebris__CC12_Celldebris,no,no,no,no,no,11.9,574
JP250_PC713_WC20,JP250,NA,NA,PC713,TCGTGTTCGA,WC20,CATACCGCTG,NA,JP250_P2,human,CC9_CC10_CC11_CC12,PBMC_PBMC_PBMC_PBMC,no,CC11_Celldebris__CC12_Celldebris,no,no,no,no,no,11.9,574
JP250_PC713_WC21,JP250,NA,NA,PC713,TCGTGTTCGA,WC21,GCTACTTGCA,NA,JP250_P2,human,CC9_CC10_CC11_CC12,PBMC_PBMC_PBMC_PBMC,no,CC11_Celldebris__CC12_Celldebris,no,no,no,no,no,11.9,574
JP250_PC713_WC22,JP250,NA,NA,PC713,TCGTGTTCGA,WC22,GCTATTGAAG,NA,JP250_P2,human,CC9_CC10_CC11_CC12,PBMC_PBMC_PBMC_PBMC,no,CC11_Celldebris__CC12_Celldebris,no,no,no,no,no,11.9,574
JP250_PC713_WC23,JP250,NA,NA,PC713,TCGTGTTCGA,WC23,TCAGCATCCG,NA,JP250_P2,human,CC9_CC10_CC11_CC12,PBMC_PBMC_PBMC_PBMC,no,CC11_Celldebris__CC12_Celldebris,no,no,no,no,no,11.9,574
JP250_PC713_WC24,JP250,NA,NA,PC713,TCGTGTTCGA,WC24,TAGGTGGTGG,NA,JP250_P2,human,CC9_CC10_CC11_CC12,PBMC_PBMC_PBMC_PBMC,no,CC11_Celldebris__CC12_Celldebris,no,no,no,no,no,11.9,574
JP250_PC713_WC25,JP250,NA,NA,PC713,TCGTGTTCGA,WC25,AAGATCGGAT,NA,JP250_P2,human,CC9_CC10_CC11_CC12,PBMC_PBMC_PBMC_PBMC,no,CC11_Celldebris__CC12_Celldebris,no,no,no,no,no,11.9,574
JP250_PC713_WC26,JP250,NA,NA,PC713,TCGTGTTCGA,WC26,TTAACGTCCG,NA,JP250_P2,human,CC9_CC10_CC11_CC12,PBMC_PBMC_PBMC_PBMC,no,CC11_Celldebris__CC12_Celldebris,no,no,no,no,no,11.9,574
JP250_PC713_WC27,JP250,NA,NA,PC713,TCGTGTTCGA,WC27,ATTACCGATC,NA,JP250_P2,human,CC9_CC10_CC11_CC12,PBMC_PBMC_PBMC_PBMC,no,CC11_Celldebris__CC12_Celldebris,no,no,no,no,no,11.9,574
JP250_PC713_WC28,JP250,NA,NA,PC713,TCGTGTTCGA,WC28,GTTGCATCGT,NA,JP250_P2,human,CC9_CC10_CC11_CC12,PBMC_PBMC_PBMC_PBMC,no,CC11_Celldebris__CC12_Celldebris,no,no,no,no,no,11.9,574
JP250_PC713_WC29,JP250,NA,NA,PC713,TCGTGTTCGA,WC29,ACTGGACGTT,NA,JP250_P2,human,CC9_CC10_CC11_CC12,PBMC_PBMC_PBMC_PBMC,no,CC11_Celldebris__CC12_Celldebris,no,no,no,no,no,11.9,574
JP250_PC713_WC30,JP250,NA,NA,PC713,TCGTGTTCGA,WC30,TTGTTCGTGT,NA,JP250_P2,human,CC9_CC10_CC11_CC12,PBMC_PBMC_PBMC_PBMC,no,CC11_Celldebris__CC12_Celldebris,no,no,no,no,no,11.9,574
JP250_PC713_WC31,JP250,NA,NA,PC713,TCGTGTTCGA,WC31,ACGGACTGAG,NA,JP250_P2,human,CC9_CC10_CC11_CC12,PBMC_PBMC_PBMC_PBMC,no,CC11_Celldebris__CC12_Celldebris,no,no,no,no,no,11.9,574
JP250_PC713_WC32,JP250,NA,NA,PC713,TCGTGTTCGA,WC32,CACCGTCATA,NA,JP250_P2,human,CC9_CC10_CC11_CC12,PBMC_PBMC_PBMC_PBMC,no,CC11_Celldebris__CC12_Celldebris,no,no,no,no,no,11.9,574
JP250_PC713_WC33,JP250,NA,NA,PC713,TCGTGTTCGA,WC33,GTAGTTGTGT,NA,JP250_P2,human,CC9_CC10_CC11_CC12,PBMC_PBMC_PBMC_PBMC,no,CC11_Celldebris__CC12_Celldebris,no,no,no,no,no,11.9,574
JP250_PC713_WC34,JP250,NA,NA,PC713,TCGTGTTCGA,WC34,CTGAGTCCTT,NA,JP250_P2,human,CC9_CC10_CC11_CC12,PBMC_PBMC_PBMC_PBMC,no,CC11_Celldebris__CC12_Celldebris,no,no,no,no,no,11.9,574
JP250_PC713_WC35,JP250,NA,NA,PC713,TCGTGTTCGA,WC35,TCACAGTTGC,NA,JP250_P2,human,CC9_CC10_CC11_CC12,PBMC_PBMC_PBMC_PBMC,no,CC11_Celldebris__CC12_Celldebris,no,no,no,no,no,11.9,574
JP250_PC713_WC36,JP250,NA,NA,PC713,TCGTGTTCGA,WC36,ATTGTAAGCG,NA,JP250_P2,human,CC9_CC10_CC11_CC12,PBMC_PBMC_PBMC_PBMC,no,CC11_Celldebris__CC12_Celldebris,no,no,no,no,no,11.9,574
JP250_PC713_WC37,JP250,NA,NA,PC713,TCGTGTTCGA,WC37,CGGTCTCTCT,NA,JP250_P2,human,CC9_CC10_CC11_CC12,PBMC_PBMC_PBMC_PBMC,no,CC11_Celldebris__CC12_Celldebris,no,no,no,no,no,11.9,574
JP250_PC713_WC38,JP250,NA,NA,PC713,TCGTGTTCGA,WC38,AACAGCAATG,NA,JP250_P2,human,CC9_CC10_CC11_CC12,PBMC_PBMC_PBMC_PBMC,no,CC11_Celldebris__CC12_Celldebris,no,no,no,no,no,11.9,574
JP250_PC713_WC39,JP250,NA,NA,PC713,TCGTGTTCGA,WC39,TCCGTGTTGC,NA,JP250_P2,human,CC9_CC10_CC11_CC12,PBMC_PBMC_PBMC_PBMC,no,CC11_Celldebris__CC12_Celldebris,no,no,no,no,no,11.9,574
JP250_PC713_WC40,JP250,NA,NA,PC713,TCGTGTTCGA,WC40,TGCGAAGTGA,NA,JP250_P2,human,CC9_CC10_CC11_CC12,PBMC_PBMC_PBMC_PBMC,no,CC11_Celldebris__CC12_Celldebris,no,no,no,no,no,11.9,574
JP250_PC713_WC41,JP250,NA,NA,PC713,TCGTGTTCGA,WC41,CACAGCTATT,NA,JP250_P2,human,CC9_CC10_CC11_CC12,PBMC_PBMC_PBMC_PBMC,no,CC11_Celldebris__CC12_Celldebris,no,no,no,no,no,11.9,574
JP250_PC713_WC42,JP250,NA,NA,PC713,TCGTGTTCGA,WC42,GATAGTGTTC,NA,JP250_P2,human,CC9_CC10_CC11_CC12,PBMC_PBMC_PBMC_PBMC,no,CC11_Celldebris__CC12_Celldebris,no,no,no,no,no,11.9,574
JP250_PC713_WC43,JP250,NA,NA,PC713,TCGTGTTCGA,WC43,TAGCTACCAG,NA,JP250_P2,human,CC9_CC10_CC11_CC12,PBMC_PBMC_PBMC_PBMC,no,CC11_Celldebris__CC12_Celldebris,no,no,no,no,no,11.9,574
JP250_PC713_WC44,JP250,NA,NA,PC713,TCGTGTTCGA,WC44,TGCTCACGCA,NA,JP250_P2,human,CC9_CC10_CC11_CC12,PBMC_PBMC_PBMC_PBMC,no,CC11_Celldebris__CC12_Celldebris,no,no,no,no,no,11.9,574
JP250_PC713_WC45,JP250,NA,NA,PC713,TCGTGTTCGA,WC45,AAGTGTGCTA,NA,JP250_P2,human,CC9_CC10_CC11_CC12,PBMC_PBMC_PBMC_PBMC,no,CC11_Celldebris__CC12_Celldebris,no,no,no,no,no,11.9,574
JP250_PC713_WC46,JP250,NA,NA,PC713,TCGTGTTCGA,WC46,TCATCGTCTG,NA,JP250_P2,human,CC9_CC10_CC11_CC12,PBMC_PBMC_PBMC_PBMC,no,CC11_Celldebris__CC12_Celldebris,no,no,no,no,no,11.9,574
JP250_PC713_WC47,JP250,NA,NA,PC713,TCGTGTTCGA,WC47,AGATGCTCCG,NA,JP250_P2,human,CC9_CC10_CC11_CC12,PBMC_PBMC_PBMC_PBMC,no,CC11_Celldebris__CC12_Celldebris,no,no,no,no,no,11.9,574
JP250_PC713_WC48,JP250,NA,NA,PC713,TCGTGTTCGA,WC48,GAACCAAGCG,NA,JP250_P2,human,CC9_CC10_CC11_CC12,PBMC_PBMC_PBMC_PBMC,no,CC11_Celldebris__CC12_Celldebris,no,no,no,no,no,11.9,574
JP250_PC713_WC49,JP250,NA,NA,PC713,TCGTGTTCGA,WC49,CCTCTTCAAG,NA,JP250_P2,human,CC9_CC10_CC11_CC12,PBMC_PBMC_PBMC_PBMC,no,CC11_Celldebris__CC12_Celldebris,no,no,no,no,no,11.9,574
JP250_PC713_WC50,JP250,NA,NA,PC713,TCGTGTTCGA,WC50,CGTCGCATCT,NA,JP250_P2,human,CC9_CC10_CC11_CC12,PBMC_PBMC_PBMC_PBMC,no,CC11_Celldebris__CC12_Celldebris,no,no,no,no,no,11.9,574
JP250_PC713_WC51,JP250,NA,NA,PC713,TCGTGTTCGA,WC51,CCGAACGTTC,NA,JP250_P2,human,CC9_CC10_CC11_CC12,PBMC_PBMC_PBMC_PBMC,no,CC11_Celldebris__CC12_Celldebris,no,no,no,no,no,11.9,574
JP250_PC713_WC52,JP250,NA,NA,PC713,TCGTGTTCGA,WC52,GAATGGCGTT,NA,JP250_P2,human,CC9_CC10_CC11_CC12,PBMC_PBMC_PBMC_PBMC,no,CC11_Celldebris__CC12_Celldebris,no,no,no,no,no,11.9,574
JP250_PC713_WC53,JP250,NA,NA,PC713,TCGTGTTCGA,WC53,AAGTTCAGGA,NA,JP250_P2,human,CC9_CC10_CC11_CC12,PBMC_PBMC_PBMC_PBMC,no,CC11_Celldebris__CC12_Celldebris,no,no,no,no,no,11.9,574
JP250_PC713_WC54,JP250,NA,NA,PC713,TCGTGTTCGA,WC54,GACCAATTGT,NA,JP250_P2,human,CC9_CC10_CC11_CC12,PBMC_PBMC_PBMC_PBMC,no,CC11_Celldebris__CC12_Celldebris,no,no,no,no,no,11.9,574
JP250_PC713_WC55,JP250,NA,NA,PC713,TCGTGTTCGA,WC55,TGTCTGTGAC,NA,JP250_P2,human,CC9_CC10_CC11_CC12,PBMC_PBMC_PBMC_PBMC,no,CC11_Celldebris__CC12_Celldebris,no,no,no,no,no,11.9,574
JP250_PC713_WC56,JP250,NA,NA,PC713,TCGTGTTCGA,WC56,GAACATTGGC,NA,JP250_P2,human,CC9_CC10_CC11_CC12,PBMC_PBMC_PBMC_PBMC,no,CC11_Celldebris__CC12_Celldebris,no,no,no,no,no,11.9,574
JP250_PC713_WC57,JP250,NA,NA,PC713,TCGTGTTCGA,WC57,CGTAACACTA,NA,JP250_P2,human,CC9_CC10_CC11_CC12,PBMC_PBMC_PBMC_PBMC,no,CC11_Celldebris__CC12_Celldebris,no,no,no,no,no,11.9,574
JP250_PC713_WC58,JP250,NA,NA,PC713,TCGTGTTCGA,WC58,GTACTTCCAA,NA,JP250_P2,human,CC9_CC10_CC11_CC12,PBMC_PBMC_PBMC_PBMC,no,CC11_Celldebris__CC12_Celldebris,no,no,no,no,no,11.9,574
JP250_PC713_WC59,JP250,NA,NA,PC713,TCGTGTTCGA,WC59,TTAGCGTCTT,NA,JP250_P2,human,CC9_CC10_CC11_CC12,PBMC_PBMC_PBMC_PBMC,no,CC11_Celldebris__CC12_Celldebris,no,no,no,no,no,11.9,574
JP250_PC713_WC60,JP250,NA,NA,PC713,TCGTGTTCGA,WC60,TTGACCGTCT,NA,JP250_P2,human,CC9_CC10_CC11_CC12,PBMC_PBMC_PBMC_PBMC,no,CC11_Celldebris__CC12_Celldebris,no,no,no,no,no,11.9,574
JP250_PC713_WC61,JP250,NA,NA,PC713,TCGTGTTCGA,WC61,ACGGCTTCTC,NA,JP250_P2,human,CC9_CC10_CC11_CC12,PBMC_PBMC_PBMC_PBMC,no,CC11_Celldebris__CC12_Celldebris,no,no,no,no,no,11.9,574
JP250_PC713_WC62,JP250,NA,NA,PC713,TCGTGTTCGA,WC62,TGCGATGTAT,NA,JP250_P2,human,CC9_CC10_CC11_CC12,PBMC_PBMC_PBMC_PBMC,no,CC11_Celldebris__CC12_Celldebris,no,no,no,no,no,11.9,574
JP250_PC713_WC63,JP250,NA,NA,PC713,TCGTGTTCGA,WC63,GCGTTCAGCA,NA,JP250_P2,human,CC9_CC10_CC11_CC12,PBMC_PBMC_PBMC_PBMC,no,CC11_Celldebris__CC12_Celldebris,no,no,no,no,no,11.9,574
JP250_PC713_WC64,JP250,NA,NA,PC713,TCGTGTTCGA,WC64,GCCTAGGAAG,NA,JP250_P2,human,CC9_CC10_CC11_CC12,PBMC_PBMC_PBMC_PBMC,no,CC11_Celldebris__CC12_Celldebris,no,no,no,no,no,11.9,574
JP250_PC713_WC65,JP250,NA,NA,PC713,TCGTGTTCGA,WC65,GTTACCAACG,NA,JP250_P2,human,CC9_CC10_CC11_CC12,PBMC_PBMC_PBMC_PBMC,no,CC11_Celldebris__CC12_Celldebris,no,no,no,no,no,11.9,574
JP250_PC713_WC66,JP250,NA,NA,PC713,TCGTGTTCGA,WC66,ACGAACCAAG,NA,JP250_P2,human,CC9_CC10_CC11_CC12,PBMC_PBMC_PBMC_PBMC,no,CC11_Celldebris__CC12_Celldebris,no,no,no,no,no,11.9,574
JP250_PC713_WC67,JP250,NA,NA,PC713,TCGTGTTCGA,WC67,CACGCAAGTC,NA,JP250_P2,human,CC9_CC10_CC11_CC12,PBMC_PBMC_PBMC_PBMC,no,CC11_Celldebris__CC12_Celldebris,no,no,no,no,no,11.9,574
JP250_PC713_WC68,JP250,NA,NA,PC713,TCGTGTTCGA,WC68,GCTGGAGAAG,NA,JP250_P2,human,CC9_CC10_CC11_CC12,PBMC_PBMC_PBMC_PBMC,no,CC11_Celldebris__CC12_Celldebris,no,no,no,no,no,11.9,574
JP250_PC713_WC69,JP250,NA,NA,PC713,TCGTGTTCGA,WC69,CCAGTGTACG,NA,JP250_P2,human,CC9_CC10_CC11_CC12,PBMC_PBMC_PBMC_PBMC,no,CC11_Celldebris__CC12_Celldebris,no,no,no,no,no,11.9,574
JP250_PC713_WC70,JP250,NA,NA,PC713,TCGTGTTCGA,WC70,GTTGATGCGA,NA,JP250_P2,human,CC9_CC10_CC11_CC12,PBMC_PBMC_PBMC_PBMC,no,CC11_Celldebris__CC12_Celldebris,no,no,no,no,no,11.9,574
JP250_PC713_WC71,JP250,NA,NA,PC713,TCGTGTTCGA,WC71,CGCTTGTTAT,NA,JP250_P2,human,CC9_CC10_CC11_CC12,PBMC_PBMC_PBMC_PBMC,no,CC11_Celldebris__CC12_Celldebris,no,no,no,no,no,11.9,574
JP250_PC713_WC72,JP250,NA,NA,PC713,TCGTGTTCGA,WC72,GTAACGTTCA,NA,JP250_P2,human,CC9_CC10_CC11_CC12,PBMC_PBMC_PBMC_PBMC,no,CC11_Celldebris__CC12_Celldebris,no,no,no,no,no,11.9,574
JP250_PC713_WC73,JP250,NA,NA,PC713,TCGTGTTCGA,WC73,CCGAGTCTTC,NA,JP250_P2,human,CC9_CC10_CC11_CC12,PBMC_PBMC_PBMC_PBMC,no,CC11_Celldebris__CC12_Celldebris,no,no,no,no,no,11.9,574
JP250_PC713_WC74,JP250,NA,NA,PC713,TCGTGTTCGA,WC74,TATTGCGCTA,NA,JP250_P2,human,CC9_CC10_CC11_CC12,PBMC_PBMC_PBMC_PBMC,no,CC11_Celldebris__CC12_Celldebris,no,no,no,no,no,11.9,574
JP250_PC713_WC75,JP250,NA,NA,PC713,TCGTGTTCGA,WC75,TGTGGTCTAA,NA,JP250_P2,human,CC9_CC10_CC11_CC12,PBMC_PBMC_PBMC_PBMC,no,CC11_Celldebris__CC12_Celldebris,no,no,no,no,no,11.9,574
JP250_PC713_WC76,JP250,NA,NA,PC713,TCGTGTTCGA,WC76,CACGTCTACG,NA,JP250_P2,human,CC9_CC10_CC11_CC12,PBMC_PBMC_PBMC_PBMC,no,CC11_Celldebris__CC12_Celldebris,no,no,no,no,no,11.9,574
JP250_PC713_WC77,JP250,NA,NA,PC713,TCGTGTTCGA,WC77,AGTCCAGTGA,NA,JP250_P2,human,CC9_CC10_CC11_CC12,PBMC_PBMC_PBMC_PBMC,no,CC11_Celldebris__CC12_Celldebris,no,no,no,no,no,11.9,574
JP250_PC713_WC78,JP250,NA,NA,PC713,TCGTGTTCGA,WC78,ATGCTTGGTC,NA,JP250_P2,human,CC9_CC10_CC11_CC12,PBMC_PBMC_PBMC_PBMC,no,CC11_Celldebris__CC12_Celldebris,no,no,no,no,no,11.9,574
JP250_PC713_WC79,JP250,NA,NA,PC713,TCGTGTTCGA,WC79,TGATACTCGC,NA,JP250_P2,human,CC9_CC10_CC11_CC12,PBMC_PBMC_PBMC_PBMC,no,CC11_Celldebris__CC12_Celldebris,no,no,no,no,no,11.9,574
JP250_PC713_WC80,JP250,NA,NA,PC713,TCGTGTTCGA,WC80,TTATCGAGAG,NA,JP250_P2,human,CC9_CC10_CC11_CC12,PBMC_PBMC_PBMC_PBMC,no,CC11_Celldebris__CC12_Celldebris,no,no,no,no,no,11.9,574
JP250_PC713_WC81,JP250,NA,NA,PC713,TCGTGTTCGA,WC81,TGCCAGTATT,NA,JP250_P2,human,CC9_CC10_CC11_CC12,PBMC_PBMC_PBMC_PBMC,no,CC11_Celldebris__CC12_Celldebris,no,no,no,no,no,11.9,574
JP250_PC713_WC82,JP250,NA,NA,PC713,TCGTGTTCGA,WC82,GAGTTGCATA,NA,JP250_P2,human,CC9_CC10_CC11_CC12,PBMC_PBMC_PBMC_PBMC,no,CC11_Celldebris__CC12_Celldebris,no,no,no,no,no,11.9,574
JP250_PC713_WC83,JP250,NA,NA,PC713,TCGTGTTCGA,WC83,ACACTAGCAT,NA,JP250_P2,human,CC9_CC10_CC11_CC12,PBMC_PBMC_PBMC_PBMC,no,CC11_Celldebris__CC12_Celldebris,no,no,no,no,no,11.9,574
JP250_PC713_WC84,JP250,NA,NA,PC713,TCGTGTTCGA,WC84,GTTCTAATGG,NA,JP250_P2,human,CC9_CC10_CC11_CC12,PBMC_PBMC_PBMC_PBMC,no,CC11_Celldebris__CC12_Celldebris,no,no,no,no,no,11.9,574
JP250_PC713_WC85,JP250,NA,NA,PC713,TCGTGTTCGA,WC85,CGTTCACGTT,NA,JP250_P2,human,CC9_CC10_CC11_CC12,PBMC_PBMC_PBMC_PBMC,no,CC11_Celldebris__CC12_Celldebris,no,no,no,no,no,11.9,574
JP250_PC713_WC86,JP250,NA,NA,PC713,TCGTGTTCGA,WC86,GACTGCGTTA,NA,JP250_P2,human,CC9_CC10_CC11_CC12,PBMC_PBMC_PBMC_PBMC,no,CC11_Celldebris__CC12_Celldebris,no,no,no,no,no,11.9,574
JP250_PC713_WC87,JP250,NA,NA,PC713,TCGTGTTCGA,WC87,TGGCTTATGG,NA,JP250_P2,human,CC9_CC10_CC11_CC12,PBMC_PBMC_PBMC_PBMC,no,CC11_Celldebris__CC12_Celldebris,no,no,no,no,no,11.9,574
JP250_PC713_WC88,JP250,NA,NA,PC713,TCGTGTTCGA,WC88,TCAGAGGCAC,NA,JP250_P2,human,CC9_CC10_CC11_CC12,PBMC_PBMC_PBMC_PBMC,no,CC11_Celldebris__CC12_Celldebris,no,no,no,no,no,11.9,574
JP250_PC713_WC89,JP250,NA,NA,PC713,TCGTGTTCGA,WC89,CGCTAGGCTA,NA,JP250_P2,human,CC9_CC10_CC11_CC12,PBMC_PBMC_PBMC_PBMC,no,CC11_Celldebris__CC12_Celldebris,no,no,no,no,no,11.9,574
JP250_PC713_WC90,JP250,NA,NA,PC713,TCGTGTTCGA,WC90,AACCGTAACA,NA,JP250_P2,human,CC9_CC10_CC11_CC12,PBMC_PBMC_PBMC_PBMC,no,CC11_Celldebris__CC12_Celldebris,no,no,no,no,no,11.9,574
JP250_PC713_WC91,JP250,NA,NA,PC713,TCGTGTTCGA,WC91,CTTGGTATGA,NA,JP250_P2,human,CC9_CC10_CC11_CC12,PBMC_PBMC_PBMC_PBMC,no,CC11_Celldebris__CC12_Celldebris,no,no,no,no,no,11.9,574
JP250_PC713_WC92,JP250,NA,NA,PC713,TCGTGTTCGA,WC92,TGTAGATCCG,NA,JP250_P2,human,CC9_CC10_CC11_CC12,PBMC_PBMC_PBMC_PBMC,no,CC11_Celldebris__CC12_Celldebris,no,no,no,no,no,11.9,574
JP250_PC713_WC93,JP250,NA,NA,PC713,TCGTGTTCGA,WC93,AACTCTACCG,NA,JP250_P2,human,CC9_CC10_CC11_CC12,PBMC_PBMC_PBMC_PBMC,no,CC11_Celldebris__CC12_Celldebris,no,no,no,no,no,11.9,574
JP250_PC713_WC94,JP250,NA,NA,PC713,TCGTGTTCGA,WC94,CGTGACATTC,NA,JP250_P2,human,CC9_CC10_CC11_CC12,PBMC_PBMC_PBMC_PBMC,no,CC11_Celldebris__CC12_Celldebris,no,no,no,no,no,11.9,574
JP250_PC713_WC95,JP250,NA,NA,PC713,TCGTGTTCGA,WC95,CTGTACCAGG,NA,JP250_P2,human,CC9_CC10_CC11_CC12,PBMC_PBMC_PBMC_PBMC,no,CC11_Celldebris__CC12_Celldebris,no,no,no,no,no,11.9,574
JP250_PC713_WC96,JP250,NA,NA,PC713,TCGTGTTCGA,WC96,ACTGGTTCCG,NA,JP250_P2,human,CC9_CC10_CC11_CC12,PBMC_PBMC_PBMC_PBMC,no,CC11_Celldebris__CC12_Celldebris,no,no,no,no,no,11.9,574
JP250_PC715_WC1,JP250,NA,NA,PC715,AATGCGGTTC,WC1,GTCGTGAATC,NA,JP250_P3,human,CC9_CC10_CC11_CC12,PBMC_PBMC_PBMC_PBMC,no,CC11_Celldebris__CC12_Celldebris,no,no,no,no,no,11.9,539
JP250_PC715_WC2,JP250,NA,NA,PC715,AATGCGGTTC,WC2,CTGTTCTACG,NA,JP250_P3,human,CC9_CC10_CC11_CC12,PBMC_PBMC_PBMC_PBMC,no,CC11_Celldebris__CC12_Celldebris,no,no,no,no,no,11.9,539
JP250_PC715_WC3,JP250,NA,NA,PC715,AATGCGGTTC,WC3,GCTCTTAGGT,NA,JP250_P3,human,CC9_CC10_CC11_CC12,PBMC_PBMC_PBMC_PBMC,no,CC11_Celldebris__CC12_Celldebris,no,no,no,no,no,11.9,539
JP250_PC715_WC4,JP250,NA,NA,PC715,AATGCGGTTC,WC4,TAGAAGCCAT,NA,JP250_P3,human,CC9_CC10_CC11_CC12,PBMC_PBMC_PBMC_PBMC,no,CC11_Celldebris__CC12_Celldebris,no,no,no,no,no,11.9,539
JP250_PC715_WC5,JP250,NA,NA,PC715,AATGCGGTTC,WC5,CACTTAGGTA,NA,JP250_P3,human,CC9_CC10_CC11_CC12,PBMC_PBMC_PBMC_PBMC,no,CC11_Celldebris__CC12_Celldebris,no,no,no,no,no,11.9,539
JP250_PC715_WC6,JP250,NA,NA,PC715,AATGCGGTTC,WC6,ATAGGTAAGG,NA,JP250_P3,human,CC9_CC10_CC11_CC12,PBMC_PBMC_PBMC_PBMC,no,CC11_Celldebris__CC12_Celldebris,no,no,no,no,no,11.9,539
JP250_PC715_WC7,JP250,NA,NA,PC715,AATGCGGTTC,WC7,CGCCTTATAT,NA,JP250_P3,human,CC9_CC10_CC11_CC12,PBMC_PBMC_PBMC_PBMC,no,CC11_Celldebris__CC12_Celldebris,no,no,no,no,no,11.9,539
JP250_PC715_WC8,JP250,NA,NA,PC715,AATGCGGTTC,WC8,GCACGATGCT,NA,JP250_P3,human,CC9_CC10_CC11_CC12,PBMC_PBMC_PBMC_PBMC,no,CC11_Celldebris__CC12_Celldebris,no,no,no,no,no,11.9,539
JP250_PC715_WC9,JP250,NA,NA,PC715,AATGCGGTTC,WC9,AATATGCCAG,NA,JP250_P3,human,CC9_CC10_CC11_CC12,PBMC_PBMC_PBMC_PBMC,no,CC11_Celldebris__CC12_Celldebris,no,no,no,no,no,11.9,539
JP250_PC715_WC10,JP250,NA,NA,PC715,AATGCGGTTC,WC10,TAGAGTCACG,NA,JP250_P3,human,CC9_CC10_CC11_CC12,PBMC_PBMC_PBMC_PBMC,no,CC11_Celldebris__CC12_Celldebris,no,no,no,no,no,11.9,539
JP250_PC715_WC11,JP250,NA,NA,PC715,AATGCGGTTC,WC11,TTAACAGGTC,NA,JP250_P3,human,CC9_CC10_CC11_CC12,PBMC_PBMC_PBMC_PBMC,no,CC11_Celldebris__CC12_Celldebris,no,no,no,no,no,11.9,539
JP250_PC715_WC12,JP250,NA,NA,PC715,AATGCGGTTC,WC12,ACATGAGCCA,NA,JP250_P3,human,CC9_CC10_CC11_CC12,PBMC_PBMC_PBMC_PBMC,no,CC11_Celldebris__CC12_Celldebris,no,no,no,no,no,11.9,539
JP250_PC715_WC13,JP250,NA,NA,PC715,AATGCGGTTC,WC13,GCGAGGTTCT,NA,JP250_P3,human,CC9_CC10_CC11_CC12,PBMC_PBMC_PBMC_PBMC,no,CC11_Celldebris__CC12_Celldebris,no,no,no,no,no,11.9,539
JP250_PC715_WC14,JP250,NA,NA,PC715,AATGCGGTTC,WC14,TGTCCGTAGG,NA,JP250_P3,human,CC9_CC10_CC11_CC12,PBMC_PBMC_PBMC_PBMC,no,CC11_Celldebris__CC12_Celldebris,no,no,no,no,no,11.9,539
JP250_PC715_WC15,JP250,NA,NA,PC715,AATGCGGTTC,WC15,CATTATGCCT,NA,JP250_P3,human,CC9_CC10_CC11_CC12,PBMC_PBMC_PBMC_PBMC,no,CC11_Celldebris__CC12_Celldebris,no,no,no,no,no,11.9,539
JP250_PC715_WC16,JP250,NA,NA,PC715,AATGCGGTTC,WC16,TCCACTGTTG,NA,JP250_P3,human,CC9_CC10_CC11_CC12,PBMC_PBMC_PBMC_PBMC,no,CC11_Celldebris__CC12_Celldebris,no,no,no,no,no,11.9,539
JP250_PC715_WC17,JP250,NA,NA,PC715,AATGCGGTTC,WC17,CTTAACGACA,NA,JP250_P3,human,CC9_CC10_CC11_CC12,PBMC_PBMC_PBMC_PBMC,no,CC11_Celldebris__CC12_Celldebris,no,no,no,no,no,11.9,539
JP250_PC715_WC18,JP250,NA,NA,PC715,AATGCGGTTC,WC18,TCCTCGAGCT,NA,JP250_P3,human,CC9_CC10_CC11_CC12,PBMC_PBMC_PBMC_PBMC,no,CC11_Celldebris__CC12_Celldebris,no,no,no,no,no,11.9,539
JP250_PC715_WC19,JP250,NA,NA,PC715,AATGCGGTTC,WC19,CGAGTAATGT,NA,JP250_P3,human,CC9_CC10_CC11_CC12,PBMC_PBMC_PBMC_PBMC,no,CC11_Celldebris__CC12_Celldebris,no,no,no,no,no,11.9,539
JP250_PC715_WC20,JP250,NA,NA,PC715,AATGCGGTTC,WC20,CATACCGCTG,NA,JP250_P3,human,CC9_CC10_CC11_CC12,PBMC_PBMC_PBMC_PBMC,no,CC11_Celldebris__CC12_Celldebris,no,no,no,no,no,11.9,539
JP250_PC715_WC21,JP250,NA,NA,PC715,AATGCGGTTC,WC21,GCTACTTGCA,NA,JP250_P3,human,CC9_CC10_CC11_CC12,PBMC_PBMC_PBMC_PBMC,no,CC11_Celldebris__CC12_Celldebris,no,no,no,no,no,11.9,539
JP250_PC715_WC22,JP250,NA,NA,PC715,AATGCGGTTC,WC22,GCTATTGAAG,NA,JP250_P3,human,CC9_CC10_CC11_CC12,PBMC_PBMC_PBMC_PBMC,no,CC11_Celldebris__CC12_Celldebris,no,no,no,no,no,11.9,539
JP250_PC715_WC23,JP250,NA,NA,PC715,AATGCGGTTC,WC23,TCAGCATCCG,NA,JP250_P3,human,CC9_CC10_CC11_CC12,PBMC_PBMC_PBMC_PBMC,no,CC11_Celldebris__CC12_Celldebris,no,no,no,no,no,11.9,539
JP250_PC715_WC24,JP250,NA,NA,PC715,AATGCGGTTC,WC24,TAGGTGGTGG,NA,JP250_P3,human,CC9_CC10_CC11_CC12,PBMC_PBMC_PBMC_PBMC,no,CC11_Celldebris__CC12_Celldebris,no,no,no,no,no,11.9,539
JP250_PC715_WC25,JP250,NA,NA,PC715,AATGCGGTTC,WC25,AAGATCGGAT,NA,JP250_P3,human,CC9_CC10_CC11_CC12,PBMC_PBMC_PBMC_PBMC,no,CC11_Celldebris__CC12_Celldebris,no,no,no,no,no,11.9,539
JP250_PC715_WC26,JP250,NA,NA,PC715,AATGCGGTTC,WC26,TTAACGTCCG,NA,JP250_P3,human,CC9_CC10_CC11_CC12,PBMC_PBMC_PBMC_PBMC,no,CC11_Celldebris__CC12_Celldebris,no,no,no,no,no,11.9,539
JP250_PC715_WC27,JP250,NA,NA,PC715,AATGCGGTTC,WC27,ATTACCGATC,NA,JP250_P3,human,CC9_CC10_CC11_CC12,PBMC_PBMC_PBMC_PBMC,no,CC11_Celldebris__CC12_Celldebris,no,no,no,no,no,11.9,539
JP250_PC715_WC28,JP250,NA,NA,PC715,AATGCGGTTC,WC28,GTTGCATCGT,NA,JP250_P3,human,CC9_CC10_CC11_CC12,PBMC_PBMC_PBMC_PBMC,no,CC11_Celldebris__CC12_Celldebris,no,no,no,no,no,11.9,539
JP250_PC715_WC29,JP250,NA,NA,PC715,AATGCGGTTC,WC29,ACTGGACGTT,NA,JP250_P3,human,CC9_CC10_CC11_CC12,PBMC_PBMC_PBMC_PBMC,no,CC11_Celldebris__CC12_Celldebris,no,no,no,no,no,11.9,539
JP250_PC715_WC30,JP250,NA,NA,PC715,AATGCGGTTC,WC30,TTGTTCGTGT,NA,JP250_P3,human,CC9_CC10_CC11_CC12,PBMC_PBMC_PBMC_PBMC,no,CC11_Celldebris__CC12_Celldebris,no,no,no,no,no,11.9,539
JP250_PC715_WC31,JP250,NA,NA,PC715,AATGCGGTTC,WC31,ACGGACTGAG,NA,JP250_P3,human,CC9_CC10_CC11_CC12,PBMC_PBMC_PBMC_PBMC,no,CC11_Celldebris__CC12_Celldebris,no,no,no,no,no,11.9,539
JP250_PC715_WC32,JP250,NA,NA,PC715,AATGCGGTTC,WC32,CACCGTCATA,NA,JP250_P3,human,CC9_CC10_CC11_CC12,PBMC_PBMC_PBMC_PBMC,no,CC11_Celldebris__CC12_Celldebris,no,no,no,no,no,11.9,539
JP250_PC715_WC33,JP250,NA,NA,PC715,AATGCGGTTC,WC33,GTAGTTGTGT,NA,JP250_P3,human,CC9_CC10_CC11_CC12,PBMC_PBMC_PBMC_PBMC,no,CC11_Celldebris__CC12_Celldebris,no,no,no,no,no,11.9,539
JP250_PC715_WC34,JP250,NA,NA,PC715,AATGCGGTTC,WC34,CTGAGTCCTT,NA,JP250_P3,human,CC9_CC10_CC11_CC12,PBMC_PBMC_PBMC_PBMC,no,CC11_Celldebris__CC12_Celldebris,no,no,no,no,no,11.9,539
JP250_PC715_WC35,JP250,NA,NA,PC715,AATGCGGTTC,WC35,TCACAGTTGC,NA,JP250_P3,human,CC9_CC10_CC11_CC12,PBMC_PBMC_PBMC_PBMC,no,CC11_Celldebris__CC12_Celldebris,no,no,no,no,no,11.9,539
JP250_PC715_WC36,JP250,NA,NA,PC715,AATGCGGTTC,WC36,ATTGTAAGCG,NA,JP250_P3,human,CC9_CC10_CC11_CC12,PBMC_PBMC_PBMC_PBMC,no,CC11_Celldebris__CC12_Celldebris,no,no,no,no,no,11.9,539
JP250_PC715_WC37,JP250,NA,NA,PC715,AATGCGGTTC,WC37,CGGTCTCTCT,NA,JP250_P3,human,CC9_CC10_CC11_CC12,PBMC_PBMC_PBMC_PBMC,no,CC11_Celldebris__CC12_Celldebris,no,no,no,no,no,11.9,539
JP250_PC715_WC38,JP250,NA,NA,PC715,AATGCGGTTC,WC38,AACAGCAATG,NA,JP250_P3,human,CC9_CC10_CC11_CC12,PBMC_PBMC_PBMC_PBMC,no,CC11_Celldebris__CC12_Celldebris,no,no,no,no,no,11.9,539
JP250_PC715_WC39,JP250,NA,NA,PC715,AATGCGGTTC,WC39,TCCGTGTTGC,NA,JP250_P3,human,CC9_CC10_CC11_CC12,PBMC_PBMC_PBMC_PBMC,no,CC11_Celldebris__CC12_Celldebris,no,no,no,no,no,11.9,539
JP250_PC715_WC40,JP250,NA,NA,PC715,AATGCGGTTC,WC40,TGCGAAGTGA,NA,JP250_P3,human,CC9_CC10_CC11_CC12,PBMC_PBMC_PBMC_PBMC,no,CC11_Celldebris__CC12_Celldebris,no,no,no,no,no,11.9,539
JP250_PC715_WC41,JP250,NA,NA,PC715,AATGCGGTTC,WC41,CACAGCTATT,NA,JP250_P3,human,CC9_CC10_CC11_CC12,PBMC_PBMC_PBMC_PBMC,no,CC11_Celldebris__CC12_Celldebris,no,no,no,no,no,11.9,539
JP250_PC715_WC42,JP250,NA,NA,PC715,AATGCGGTTC,WC42,GATAGTGTTC,NA,JP250_P3,human,CC9_CC10_CC11_CC12,PBMC_PBMC_PBMC_PBMC,no,CC11_Celldebris__CC12_Celldebris,no,no,no,no,no,11.9,539
JP250_PC715_WC43,JP250,NA,NA,PC715,AATGCGGTTC,WC43,TAGCTACCAG,NA,JP250_P3,human,CC9_CC10_CC11_CC12,PBMC_PBMC_PBMC_PBMC,no,CC11_Celldebris__CC12_Celldebris,no,no,no,no,no,11.9,539
JP250_PC715_WC44,JP250,NA,NA,PC715,AATGCGGTTC,WC44,TGCTCACGCA,NA,JP250_P3,human,CC9_CC10_CC11_CC12,PBMC_PBMC_PBMC_PBMC,no,CC11_Celldebris__CC12_Celldebris,no,no,no,no,no,11.9,539
JP250_PC715_WC45,JP250,NA,NA,PC715,AATGCGGTTC,WC45,AAGTGTGCTA,NA,JP250_P3,human,CC9_CC10_CC11_CC12,PBMC_PBMC_PBMC_PBMC,no,CC11_Celldebris__CC12_Celldebris,no,no,no,no,no,11.9,539
JP250_PC715_WC46,JP250,NA,NA,PC715,AATGCGGTTC,WC46,TCATCGTCTG,NA,JP250_P3,human,CC9_CC10_CC11_CC12,PBMC_PBMC_PBMC_PBMC,no,CC11_Celldebris__CC12_Celldebris,no,no,no,no,no,11.9,539
JP250_PC715_WC47,JP250,NA,NA,PC715,AATGCGGTTC,WC47,AGATGCTCCG,NA,JP250_P3,human,CC9_CC10_CC11_CC12,PBMC_PBMC_PBMC_PBMC,no,CC11_Celldebris__CC12_Celldebris,no,no,no,no,no,11.9,539
JP250_PC715_WC48,JP250,NA,NA,PC715,AATGCGGTTC,WC48,GAACCAAGCG,NA,JP250_P3,human,CC9_CC10_CC11_CC12,PBMC_PBMC_PBMC_PBMC,no,CC11_Celldebris__CC12_Celldebris,no,no,no,no,no,11.9,539
JP250_PC715_WC49,JP250,NA,NA,PC715,AATGCGGTTC,WC49,CCTCTTCAAG,NA,JP250_P3,human,CC9_CC10_CC11_CC12,PBMC_PBMC_PBMC_PBMC,no,CC11_Celldebris__CC12_Celldebris,no,no,no,no,no,11.9,539
JP250_PC715_WC50,JP250,NA,NA,PC715,AATGCGGTTC,WC50,CGTCGCATCT,NA,JP250_P3,human,CC9_CC10_CC11_CC12,PBMC_PBMC_PBMC_PBMC,no,CC11_Celldebris__CC12_Celldebris,no,no,no,no,no,11.9,539
JP250_PC715_WC51,JP250,NA,NA,PC715,AATGCGGTTC,WC51,CCGAACGTTC,NA,JP250_P3,human,CC9_CC10_CC11_CC12,PBMC_PBMC_PBMC_PBMC,no,CC11_Celldebris__CC12_Celldebris,no,no,no,no,no,11.9,539
JP250_PC715_WC52,JP250,NA,NA,PC715,AATGCGGTTC,WC52,GAATGGCGTT,NA,JP250_P3,human,CC9_CC10_CC11_CC12,PBMC_PBMC_PBMC_PBMC,no,CC11_Celldebris__CC12_Celldebris,no,no,no,no,no,11.9,539
JP250_PC715_WC53,JP250,NA,NA,PC715,AATGCGGTTC,WC53,AAGTTCAGGA,NA,JP250_P3,human,CC9_CC10_CC11_CC12,PBMC_PBMC_PBMC_PBMC,no,CC11_Celldebris__CC12_Celldebris,no,no,no,no,no,11.9,539
JP250_PC715_WC54,JP250,NA,NA,PC715,AATGCGGTTC,WC54,GACCAATTGT,NA,JP250_P3,human,CC9_CC10_CC11_CC12,PBMC_PBMC_PBMC_PBMC,no,CC11_Celldebris__CC12_Celldebris,no,no,no,no,no,11.9,539
JP250_PC715_WC55,JP250,NA,NA,PC715,AATGCGGTTC,WC55,TGTCTGTGAC,NA,JP250_P3,human,CC9_CC10_CC11_CC12,PBMC_PBMC_PBMC_PBMC,no,CC11_Celldebris__CC12_Celldebris,no,no,no,no,no,11.9,539
JP250_PC715_WC56,JP250,NA,NA,PC715,AATGCGGTTC,WC56,GAACATTGGC,NA,JP250_P3,human,CC9_CC10_CC11_CC12,PBMC_PBMC_PBMC_PBMC,no,CC11_Celldebris__CC12_Celldebris,no,no,no,no,no,11.9,539
JP250_PC715_WC57,JP250,NA,NA,PC715,AATGCGGTTC,WC57,CGTAACACTA,NA,JP250_P3,human,CC9_CC10_CC11_CC12,PBMC_PBMC_PBMC_PBMC,no,CC11_Celldebris__CC12_Celldebris,no,no,no,no,no,11.9,539
JP250_PC715_WC58,JP250,NA,NA,PC715,AATGCGGTTC,WC58,GTACTTCCAA,NA,JP250_P3,human,CC9_CC10_CC11_CC12,PBMC_PBMC_PBMC_PBMC,no,CC11_Celldebris__CC12_Celldebris,no,no,no,no,no,11.9,539
JP250_PC715_WC59,JP250,NA,NA,PC715,AATGCGGTTC,WC59,TTAGCGTCTT,NA,JP250_P3,human,CC9_CC10_CC11_CC12,PBMC_PBMC_PBMC_PBMC,no,CC11_Celldebris__CC12_Celldebris,no,no,no,no,no,11.9,539
JP250_PC715_WC60,JP250,NA,NA,PC715,AATGCGGTTC,WC60,TTGACCGTCT,NA,JP250_P3,human,CC9_CC10_CC11_CC12,PBMC_PBMC_PBMC_PBMC,no,CC11_Celldebris__CC12_Celldebris,no,no,no,no,no,11.9,539
JP250_PC715_WC61,JP250,NA,NA,PC715,AATGCGGTTC,WC61,ACGGCTTCTC,NA,JP250_P3,human,CC9_CC10_CC11_CC12,PBMC_PBMC_PBMC_PBMC,no,CC11_Celldebris__CC12_Celldebris,no,no,no,no,no,11.9,539
JP250_PC715_WC62,JP250,NA,NA,PC715,AATGCGGTTC,WC62,TGCGATGTAT,NA,JP250_P3,human,CC9_CC10_CC11_CC12,PBMC_PBMC_PBMC_PBMC,no,CC11_Celldebris__CC12_Celldebris,no,no,no,no,no,11.9,539
JP250_PC715_WC63,JP250,NA,NA,PC715,AATGCGGTTC,WC63,GCGTTCAGCA,NA,JP250_P3,human,CC9_CC10_CC11_CC12,PBMC_PBMC_PBMC_PBMC,no,CC11_Celldebris__CC12_Celldebris,no,no,no,no,no,11.9,539
JP250_PC715_WC64,JP250,NA,NA,PC715,AATGCGGTTC,WC64,GCCTAGGAAG,NA,JP250_P3,human,CC9_CC10_CC11_CC12,PBMC_PBMC_PBMC_PBMC,no,CC11_Celldebris__CC12_Celldebris,no,no,no,no,no,11.9,539
JP250_PC715_WC65,JP250,NA,NA,PC715,AATGCGGTTC,WC65,GTTACCAACG,NA,JP250_P3,human,CC9_CC10_CC11_CC12,PBMC_PBMC_PBMC_PBMC,no,CC11_Celldebris__CC12_Celldebris,no,no,no,no,no,11.9,539
JP250_PC715_WC66,JP250,NA,NA,PC715,AATGCGGTTC,WC66,ACGAACCAAG,NA,JP250_P3,human,CC9_CC10_CC11_CC12,PBMC_PBMC_PBMC_PBMC,no,CC11_Celldebris__CC12_Celldebris,no,no,no,no,no,11.9,539
JP250_PC715_WC67,JP250,NA,NA,PC715,AATGCGGTTC,WC67,CACGCAAGTC,NA,JP250_P3,human,CC9_CC10_CC11_CC12,PBMC_PBMC_PBMC_PBMC,no,CC11_Celldebris__CC12_Celldebris,no,no,no,no,no,11.9,539
JP250_PC715_WC68,JP250,NA,NA,PC715,AATGCGGTTC,WC68,GCTGGAGAAG,NA,JP250_P3,human,CC9_CC10_CC11_CC12,PBMC_PBMC_PBMC_PBMC,no,CC11_Celldebris__CC12_Celldebris,no,no,no,no,no,11.9,539
JP250_PC715_WC69,JP250,NA,NA,PC715,AATGCGGTTC,WC69,CCAGTGTACG,NA,JP250_P3,human,CC9_CC10_CC11_CC12,PBMC_PBMC_PBMC_PBMC,no,CC11_Celldebris__CC12_Celldebris,no,no,no,no,no,11.9,539
JP250_PC715_WC70,JP250,NA,NA,PC715,AATGCGGTTC,WC70,GTTGATGCGA,NA,JP250_P3,human,CC9_CC10_CC11_CC12,PBMC_PBMC_PBMC_PBMC,no,CC11_Celldebris__CC12_Celldebris,no,no,no,no,no,11.9,539
JP250_PC715_WC71,JP250,NA,NA,PC715,AATGCGGTTC,WC71,CGCTTGTTAT,NA,JP250_P3,human,CC9_CC10_CC11_CC12,PBMC_PBMC_PBMC_PBMC,no,CC11_Celldebris__CC12_Celldebris,no,no,no,no,no,11.9,539
JP250_PC715_WC72,JP250,NA,NA,PC715,AATGCGGTTC,WC72,GTAACGTTCA,NA,JP250_P3,human,CC9_CC10_CC11_CC12,PBMC_PBMC_PBMC_PBMC,no,CC11_Celldebris__CC12_Celldebris,no,no,no,no,no,11.9,539
JP250_PC715_WC73,JP250,NA,NA,PC715,AATGCGGTTC,WC73,CCGAGTCTTC,NA,JP250_P3,human,CC9_CC10_CC11_CC12,PBMC_PBMC_PBMC_PBMC,no,CC11_Celldebris__CC12_Celldebris,no,no,no,no,no,11.9,539
JP250_PC715_WC74,JP250,NA,NA,PC715,AATGCGGTTC,WC74,TATTGCGCTA,NA,JP250_P3,human,CC9_CC10_CC11_CC12,PBMC_PBMC_PBMC_PBMC,no,CC11_Celldebris__CC12_Celldebris,no,no,no,no,no,11.9,539
JP250_PC715_WC75,JP250,NA,NA,PC715,AATGCGGTTC,WC75,TGTGGTCTAA,NA,JP250_P3,human,CC9_CC10_CC11_CC12,PBMC_PBMC_PBMC_PBMC,no,CC11_Celldebris__CC12_Celldebris,no,no,no,no,no,11.9,539
JP250_PC715_WC76,JP250,NA,NA,PC715,AATGCGGTTC,WC76,CACGTCTACG,NA,JP250_P3,human,CC9_CC10_CC11_CC12,PBMC_PBMC_PBMC_PBMC,no,CC11_Celldebris__CC12_Celldebris,no,no,no,no,no,11.9,539
JP250_PC715_WC77,JP250,NA,NA,PC715,AATGCGGTTC,WC77,AGTCCAGTGA,NA,JP250_P3,human,CC9_CC10_CC11_CC12,PBMC_PBMC_PBMC_PBMC,no,CC11_Celldebris__CC12_Celldebris,no,no,no,no,no,11.9,539
JP250_PC715_WC78,JP250,NA,NA,PC715,AATGCGGTTC,WC78,ATGCTTGGTC,NA,JP250_P3,human,CC9_CC10_CC11_CC12,PBMC_PBMC_PBMC_PBMC,no,CC11_Celldebris__CC12_Celldebris,no,no,no,no,no,11.9,539
JP250_PC715_WC79,JP250,NA,NA,PC715,AATGCGGTTC,WC79,TGATACTCGC,NA,JP250_P3,human,CC9_CC10_CC11_CC12,PBMC_PBMC_PBMC_PBMC,no,CC11_Celldebris__CC12_Celldebris,no,no,no,no,no,11.9,539
JP250_PC715_WC80,JP250,NA,NA,PC715,AATGCGGTTC,WC80,TTATCGAGAG,NA,JP250_P3,human,CC9_CC10_CC11_CC12,PBMC_PBMC_PBMC_PBMC,no,CC11_Celldebris__CC12_Celldebris,no,no,no,no,no,11.9,539
JP250_PC715_WC81,JP250,NA,NA,PC715,AATGCGGTTC,WC81,TGCCAGTATT,NA,JP250_P3,human,CC9_CC10_CC11_CC12,PBMC_PBMC_PBMC_PBMC,no,CC11_Celldebris__CC12_Celldebris,no,no,no,no,no,11.9,539
JP250_PC715_WC82,JP250,NA,NA,PC715,AATGCGGTTC,WC82,GAGTTGCATA,NA,JP250_P3,human,CC9_CC10_CC11_CC12,PBMC_PBMC_PBMC_PBMC,no,CC11_Celldebris__CC12_Celldebris,no,no,no,no,no,11.9,539
JP250_PC715_WC83,JP250,NA,NA,PC715,AATGCGGTTC,WC83,ACACTAGCAT,NA,JP250_P3,human,CC9_CC10_CC11_CC12,PBMC_PBMC_PBMC_PBMC,no,CC11_Celldebris__CC12_Celldebris,no,no,no,no,no,11.9,539
JP250_PC715_WC84,JP250,NA,NA,PC715,AATGCGGTTC,WC84,GTTCTAATGG,NA,JP250_P3,human,CC9_CC10_CC11_CC12,PBMC_PBMC_PBMC_PBMC,no,CC11_Celldebris__CC12_Celldebris,no,no,no,no,no,11.9,539
JP250_PC715_WC85,JP250,NA,NA,PC715,AATGCGGTTC,WC85,CGTTCACGTT,NA,JP250_P3,human,CC9_CC10_CC11_CC12,PBMC_PBMC_PBMC_PBMC,no,CC11_Celldebris__CC12_Celldebris,no,no,no,no,no,11.9,539
JP250_PC715_WC86,JP250,NA,NA,PC715,AATGCGGTTC,WC86,GACTGCGTTA,NA,JP250_P3,human,CC9_CC10_CC11_CC12,PBMC_PBMC_PBMC_PBMC,no,CC11_Celldebris__CC12_Celldebris,no,no,no,no,no,11.9,539
JP250_PC715_WC87,JP250,NA,NA,PC715,AATGCGGTTC,WC87,TGGCTTATGG,NA,JP250_P3,human,CC9_CC10_CC11_CC12,PBMC_PBMC_PBMC_PBMC,no,CC11_Celldebris__CC12_Celldebris,no,no,no,no,no,11.9,539
JP250_PC715_WC88,JP250,NA,NA,PC715,AATGCGGTTC,WC88,TCAGAGGCAC,NA,JP250_P3,human,CC9_CC10_CC11_CC12,PBMC_PBMC_PBMC_PBMC,no,CC11_Celldebris__CC12_Celldebris,no,no,no,no,no,11.9,539
JP250_PC715_WC89,JP250,NA,NA,PC715,AATGCGGTTC,WC89,CGCTAGGCTA,NA,JP250_P3,human,CC9_CC10_CC11_CC12,PBMC_PBMC_PBMC_PBMC,no,CC11_Celldebris__CC12_Celldebris,no,no,no,no,no,11.9,539
JP250_PC715_WC90,JP250,NA,NA,PC715,AATGCGGTTC,WC90,AACCGTAACA,NA,JP250_P3,human,CC9_CC10_CC11_CC12,PBMC_PBMC_PBMC_PBMC,no,CC11_Celldebris__CC12_Celldebris,no,no,no,no,no,11.9,539
JP250_PC715_WC91,JP250,NA,NA,PC715,AATGCGGTTC,WC91,CTTGGTATGA,NA,JP250_P3,human,CC9_CC10_CC11_CC12,PBMC_PBMC_PBMC_PBMC,no,CC11_Celldebris__CC12_Celldebris,no,no,no,no,no,11.9,539
JP250_PC715_WC92,JP250,NA,NA,PC715,AATGCGGTTC,WC92,TGTAGATCCG,NA,JP250_P3,human,CC9_CC10_CC11_CC12,PBMC_PBMC_PBMC_PBMC,no,CC11_Celldebris__CC12_Celldebris,no,no,no,no,no,11.9,539
JP250_PC715_WC93,JP250,NA,NA,PC715,AATGCGGTTC,WC93,AACTCTACCG,NA,JP250_P3,human,CC9_CC10_CC11_CC12,PBMC_PBMC_PBMC_PBMC,no,CC11_Celldebris__CC12_Celldebris,no,no,no,no,no,11.9,539
JP250_PC715_WC94,JP250,NA,NA,PC715,AATGCGGTTC,WC94,CGTGACATTC,NA,JP250_P3,human,CC9_CC10_CC11_CC12,PBMC_PBMC_PBMC_PBMC,no,CC11_Celldebris__CC12_Celldebris,no,no,no,no,no,11.9,539
JP250_PC715_WC95,JP250,NA,NA,PC715,AATGCGGTTC,WC95,CTGTACCAGG,NA,JP250_P3,human,CC9_CC10_CC11_CC12,PBMC_PBMC_PBMC_PBMC,no,CC11_Celldebris__CC12_Celldebris,no,no,no,no,no,11.9,539
JP250_PC715_WC96,JP250,NA,NA,PC715,AATGCGGTTC,WC96,ACTGGTTCCG,NA,JP250_P3,human,CC9_CC10_CC11_CC12,PBMC_PBMC_PBMC_PBMC,no,CC11_Celldebris__CC12_Celldebris,no,no,no,no,no,11.9,539
NG033_PC718_WC1,NG033,NA,NA,PC718,GCTAAGAGAA,WC1,GTCGTGAATC,NA,NG033_P1,mouse_human,CC5_CC6_CC7,Ctrl_Ctrl_LPS,no,no,no,no,no,no,no,9.61,501
NG033_PC718_WC2,NG033,NA,NA,PC718,GCTAAGAGAA,WC2,CTGTTCTACG,NA,NG033_P1,mouse_human,CC5_CC6_CC7,Ctrl_Ctrl_LPS,no,no,no,no,no,no,no,9.61,501
NG033_PC718_WC3,NG033,NA,NA,PC718,GCTAAGAGAA,WC3,GCTCTTAGGT,NA,NG033_P1,mouse_human,CC5_CC6_CC7,Ctrl_Ctrl_LPS,no,no,no,no,no,no,no,9.61,501
NG033_PC718_WC4,NG033,NA,NA,PC718,GCTAAGAGAA,WC4,TAGAAGCCAT,NA,NG033_P1,mouse_human,CC5_CC6_CC7,Ctrl_Ctrl_LPS,no,no,no,no,no,no,no,9.61,501
NG033_PC718_WC5,NG033,NA,NA,PC718,GCTAAGAGAA,WC5,CACTTAGGTA,NA,NG033_P1,mouse_human,CC5_CC6_CC7,Ctrl_Ctrl_LPS,no,no,no,no,no,no,no,9.61,501
NG033_PC718_WC6,NG033,NA,NA,PC718,GCTAAGAGAA,WC6,ATAGGTAAGG,NA,NG033_P1,mouse_human,CC5_CC6_CC7,Ctrl_Ctrl_LPS,no,no,no,no,no,no,no,9.61,501
NG033_PC718_WC7,NG033,NA,NA,PC718,GCTAAGAGAA,WC7,CGCCTTATAT,NA,NG033_P1,mouse_human,CC5_CC6_CC7,Ctrl_Ctrl_LPS,no,no,no,no,no,no,no,9.61,501
NG033_PC718_WC8,NG033,NA,NA,PC718,GCTAAGAGAA,WC8,GCACGATGCT,NA,NG033_P1,mouse_human,CC5_CC6_CC7,Ctrl_Ctrl_LPS,no,no,no,no,no,no,no,9.61,501
NG033_PC718_WC9,NG033,NA,NA,PC718,GCTAAGAGAA,WC9,AATATGCCAG,NA,NG033_P1,mouse_human,CC5_CC6_CC7,Ctrl_Ctrl_LPS,no,no,no,no,no,no,no,9.61,501
NG033_PC718_WC10,NG033,NA,NA,PC718,GCTAAGAGAA,WC10,TAGAGTCACG,NA,NG033_P1,mouse_human,CC5_CC6_CC7,Ctrl_Ctrl_LPS,no,no,no,no,no,no,no,9.61,501
NG033_PC718_WC11,NG033,NA,NA,PC718,GCTAAGAGAA,WC11,TTAACAGGTC,NA,NG033_P1,mouse_human,CC5_CC6_CC7,Ctrl_Ctrl_LPS,no,no,no,no,no,no,no,9.61,501
NG033_PC718_WC12,NG033,NA,NA,PC718,GCTAAGAGAA,WC12,ACATGAGCCA,NA,NG033_P1,mouse_human,CC5_CC6_CC7,Ctrl_Ctrl_LPS,no,no,no,no,no,no,no,9.61,501
NG033_PC718_WC13,NG033,NA,NA,PC718,GCTAAGAGAA,WC13,GCGAGGTTCT,NA,NG033_P1,mouse_human,CC5_CC6_CC7,Ctrl_Ctrl_LPS,no,no,no,no,no,no,no,9.61,501
NG033_PC718_WC14,NG033,NA,NA,PC718,GCTAAGAGAA,WC14,TGTCCGTAGG,NA,NG033_P1,mouse_human,CC5_CC6_CC7,Ctrl_Ctrl_LPS,no,no,no,no,no,no,no,9.61,501
NG033_PC718_WC15,NG033,NA,NA,PC718,GCTAAGAGAA,WC15,CATTATGCCT,NA,NG033_P1,mouse_human,CC5_CC6_CC7,Ctrl_Ctrl_LPS,no,no,no,no,no,no,no,9.61,501
NG033_PC718_WC16,NG033,NA,NA,PC718,GCTAAGAGAA,WC16,TCCACTGTTG,NA,NG033_P1,mouse_human,CC5_CC6_CC7,Ctrl_Ctrl_LPS,no,no,no,no,no,no,no,9.61,501
NG033_PC718_WC17,NG033,NA,NA,PC718,GCTAAGAGAA,WC17,CTTAACGACA,NA,NG033_P1,mouse_human,CC5_CC6_CC7,Ctrl_Ctrl_LPS,no,no,no,no,no,no,no,9.61,501
NG033_PC718_WC18,NG033,NA,NA,PC718,GCTAAGAGAA,WC18,TCCTCGAGCT,NA,NG033_P1,mouse_human,CC5_CC6_CC7,Ctrl_Ctrl_LPS,no,no,no,no,no,no,no,9.61,501
NG033_PC718_WC19,NG033,NA,NA,PC718,GCTAAGAGAA,WC19,CGAGTAATGT,NA,NG033_P1,mouse_human,CC5_CC6_CC7,Ctrl_Ctrl_LPS,no,no,no,no,no,no,no,9.61,501
NG033_PC718_WC20,NG033,NA,NA,PC718,GCTAAGAGAA,WC20,CATACCGCTG,NA,NG033_P1,mouse_human,CC5_CC6_CC7,Ctrl_Ctrl_LPS,no,no,no,no,no,no,no,9.61,501
NG033_PC718_WC21,NG033,NA,NA,PC718,GCTAAGAGAA,WC21,GCTACTTGCA,NA,NG033_P1,mouse_human,CC5_CC6_CC7,Ctrl_Ctrl_LPS,no,no,no,no,no,no,no,9.61,501
NG033_PC718_WC22,NG033,NA,NA,PC718,GCTAAGAGAA,WC22,GCTATTGAAG,NA,NG033_P1,mouse_human,CC5_CC6_CC7,Ctrl_Ctrl_LPS,no,no,no,no,no,no,no,9.61,501
NG033_PC718_WC23,NG033,NA,NA,PC718,GCTAAGAGAA,WC23,TCAGCATCCG,NA,NG033_P1,mouse_human,CC5_CC6_CC7,Ctrl_Ctrl_LPS,no,no,no,no,no,no,no,9.61,501
NG033_PC718_WC24,NG033,NA,NA,PC718,GCTAAGAGAA,WC24,TAGGTGGTGG,NA,NG033_P1,mouse_human,CC5_CC6_CC7,Ctrl_Ctrl_LPS,no,no,no,no,no,no,no,9.61,501
NG033_PC718_WC25,NG033,NA,NA,PC718,GCTAAGAGAA,WC25,AAGATCGGAT,NA,NG033_P1,mouse_human,CC5_CC6_CC7,Ctrl_Ctrl_LPS,no,no,no,no,no,no,no,9.61,501
NG033_PC718_WC26,NG033,NA,NA,PC718,GCTAAGAGAA,WC26,TTAACGTCCG,NA,NG033_P1,mouse_human,CC5_CC6_CC7,Ctrl_Ctrl_LPS,no,no,no,no,no,no,no,9.61,501
NG033_PC718_WC27,NG033,NA,NA,PC718,GCTAAGAGAA,WC27,ATTACCGATC,NA,NG033_P1,mouse_human,CC5_CC6_CC7,Ctrl_Ctrl_LPS,no,no,no,no,no,no,no,9.61,501
NG033_PC718_WC28,NG033,NA,NA,PC718,GCTAAGAGAA,WC28,GTTGCATCGT,NA,NG033_P1,mouse_human,CC5_CC6_CC7,Ctrl_Ctrl_LPS,no,no,no,no,no,no,no,9.61,501
NG033_PC718_WC29,NG033,NA,NA,PC718,GCTAAGAGAA,WC29,ACTGGACGTT,NA,NG033_P1,mouse_human,CC5_CC6_CC7,Ctrl_Ctrl_LPS,no,no,no,no,no,no,no,9.61,501
NG033_PC718_WC30,NG033,NA,NA,PC718,GCTAAGAGAA,WC30,TTGTTCGTGT,NA,NG033_P1,mouse_human,CC5_CC6_CC7,Ctrl_Ctrl_LPS,no,no,no,no,no,no,no,9.61,501
NG033_PC718_WC31,NG033,NA,NA,PC718,GCTAAGAGAA,WC31,ACGGACTGAG,NA,NG033_P1,mouse_human,CC5_CC6_CC7,Ctrl_Ctrl_LPS,no,no,no,no,no,no,no,9.61,501
NG033_PC718_WC32,NG033,NA,NA,PC718,GCTAAGAGAA,WC32,CACCGTCATA,NA,NG033_P1,mouse_human,CC5_CC6_CC7,Ctrl_Ctrl_LPS,no,no,no,no,no,no,no,9.61,501
NG033_PC718_WC33,NG033,NA,NA,PC718,GCTAAGAGAA,WC33,GTAGTTGTGT,NA,NG033_P1,mouse_human,CC5_CC6_CC7,Ctrl_Ctrl_LPS,no,no,no,no,no,no,no,9.61,501
NG033_PC718_WC34,NG033,NA,NA,PC718,GCTAAGAGAA,WC34,CTGAGTCCTT,NA,NG033_P1,mouse_human,CC5_CC6_CC7,Ctrl_Ctrl_LPS,no,no,no,no,no,no,no,9.61,501
NG033_PC718_WC35,NG033,NA,NA,PC718,GCTAAGAGAA,WC35,TCACAGTTGC,NA,NG033_P1,mouse_human,CC5_CC6_CC7,Ctrl_Ctrl_LPS,no,no,no,no,no,no,no,9.61,501
NG033_PC718_WC36,NG033,NA,NA,PC718,GCTAAGAGAA,WC36,ATTGTAAGCG,NA,NG033_P1,mouse_human,CC5_CC6_CC7,Ctrl_Ctrl_LPS,no,no,no,no,no,no,no,9.61,501
NG033_PC718_WC37,NG033,NA,NA,PC718,GCTAAGAGAA,WC37,CGGTCTCTCT,NA,NG033_P1,mouse_human,CC5_CC6_CC7,Ctrl_Ctrl_LPS,no,no,no,no,no,no,no,9.61,501
NG033_PC718_WC38,NG033,NA,NA,PC718,GCTAAGAGAA,WC38,AACAGCAATG,NA,NG033_P1,mouse_human,CC5_CC6_CC7,Ctrl_Ctrl_LPS,no,no,no,no,no,no,no,9.61,501
NG033_PC718_WC39,NG033,NA,NA,PC718,GCTAAGAGAA,WC39,TCCGTGTTGC,NA,NG033_P1,mouse_human,CC5_CC6_CC7,Ctrl_Ctrl_LPS,no,no,no,no,no,no,no,9.61,501
NG033_PC718_WC40,NG033,NA,NA,PC718,GCTAAGAGAA,WC40,TGCGAAGTGA,NA,NG033_P1,mouse_human,CC5_CC6_CC7,Ctrl_Ctrl_LPS,no,no,no,no,no,no,no,9.61,501
NG033_PC718_WC41,NG033,NA,NA,PC718,GCTAAGAGAA,WC41,CACAGCTATT,NA,NG033_P1,mouse_human,CC5_CC6_CC7,Ctrl_Ctrl_LPS,no,no,no,no,no,no,no,9.61,501
NG033_PC718_WC42,NG033,NA,NA,PC718,GCTAAGAGAA,WC42,GATAGTGTTC,NA,NG033_P1,mouse_human,CC5_CC6_CC7,Ctrl_Ctrl_LPS,no,no,no,no,no,no,no,9.61,501
NG033_PC718_WC43,NG033,NA,NA,PC718,GCTAAGAGAA,WC43,TAGCTACCAG,NA,NG033_P1,mouse_human,CC5_CC6_CC7,Ctrl_Ctrl_LPS,no,no,no,no,no,no,no,9.61,501
NG033_PC718_WC44,NG033,NA,NA,PC718,GCTAAGAGAA,WC44,TGCTCACGCA,NA,NG033_P1,mouse_human,CC5_CC6_CC7,Ctrl_Ctrl_LPS,no,no,no,no,no,no,no,9.61,501
NG033_PC718_WC45,NG033,NA,NA,PC718,GCTAAGAGAA,WC45,AAGTGTGCTA,NA,NG033_P1,mouse_human,CC5_CC6_CC7,Ctrl_Ctrl_LPS,no,no,no,no,no,no,no,9.61,501
NG033_PC718_WC46,NG033,NA,NA,PC718,GCTAAGAGAA,WC46,TCATCGTCTG,NA,NG033_P1,mouse_human,CC5_CC6_CC7,Ctrl_Ctrl_LPS,no,no,no,no,no,no,no,9.61,501
NG033_PC718_WC47,NG033,NA,NA,PC718,GCTAAGAGAA,WC47,AGATGCTCCG,NA,NG033_P1,mouse_human,CC5_CC6_CC7,Ctrl_Ctrl_LPS,no,no,no,no,no,no,no,9.61,501
NG033_PC718_WC48,NG033,NA,NA,PC718,GCTAAGAGAA,WC48,GAACCAAGCG,NA,NG033_P1,mouse_human,CC5_CC6_CC7,Ctrl_Ctrl_LPS,no,no,no,no,no,no,no,9.61,501
NG033_PC718_WC49,NG033,NA,NA,PC718,GCTAAGAGAA,WC49,CCTCTTCAAG,NA,NG033_P1,mouse_human,CC5_CC6_CC7,Ctrl_Ctrl_LPS,no,no,no,no,no,no,no,9.61,501
NG033_PC718_WC50,NG033,NA,NA,PC718,GCTAAGAGAA,WC50,CGTCGCATCT,NA,NG033_P1,mouse_human,CC5_CC6_CC7,Ctrl_Ctrl_LPS,no,no,no,no,no,no,no,9.61,501
NG033_PC718_WC51,NG033,NA,NA,PC718,GCTAAGAGAA,WC51,CCGAACGTTC,NA,NG033_P1,mouse_human,CC5_CC6_CC7,Ctrl_Ctrl_LPS,no,no,no,no,no,no,no,9.61,501
NG033_PC718_WC52,NG033,NA,NA,PC718,GCTAAGAGAA,WC52,GAATGGCGTT,NA,NG033_P1,mouse_human,CC5_CC6_CC7,Ctrl_Ctrl_LPS,no,no,no,no,no,no,no,9.61,501
NG033_PC718_WC53,NG033,NA,NA,PC718,GCTAAGAGAA,WC53,AAGTTCAGGA,NA,NG033_P1,mouse_human,CC5_CC6_CC7,Ctrl_Ctrl_LPS,no,no,no,no,no,no,no,9.61,501
NG033_PC718_WC54,NG033,NA,NA,PC718,GCTAAGAGAA,WC54,GACCAATTGT,NA,NG033_P1,mouse_human,CC5_CC6_CC7,Ctrl_Ctrl_LPS,no,no,no,no,no,no,no,9.61,501
NG033_PC718_WC55,NG033,NA,NA,PC718,GCTAAGAGAA,WC55,TGTCTGTGAC,NA,NG033_P1,mouse_human,CC5_CC6_CC7,Ctrl_Ctrl_LPS,no,no,no,no,no,no,no,9.61,501
NG033_PC718_WC56,NG033,NA,NA,PC718,GCTAAGAGAA,WC56,GAACATTGGC,NA,NG033_P1,mouse_human,CC5_CC6_CC7,Ctrl_Ctrl_LPS,no,no,no,no,no,no,no,9.61,501
NG033_PC718_WC57,NG033,NA,NA,PC718,GCTAAGAGAA,WC57,CGTAACACTA,NA,NG033_P1,mouse_human,CC5_CC6_CC7,Ctrl_Ctrl_LPS,no,no,no,no,no,no,no,9.61,501
NG033_PC718_WC58,NG033,NA,NA,PC718,GCTAAGAGAA,WC58,GTACTTCCAA,NA,NG033_P1,mouse_human,CC5_CC6_CC7,Ctrl_Ctrl_LPS,no,no,no,no,no,no,no,9.61,501
NG033_PC718_WC59,NG033,NA,NA,PC718,GCTAAGAGAA,WC59,TTAGCGTCTT,NA,NG033_P1,mouse_human,CC5_CC6_CC7,Ctrl_Ctrl_LPS,no,no,no,no,no,no,no,9.61,501
NG033_PC718_WC60,NG033,NA,NA,PC718,GCTAAGAGAA,WC60,TTGACCGTCT,NA,NG033_P1,mouse_human,CC5_CC6_CC7,Ctrl_Ctrl_LPS,no,no,no,no,no,no,no,9.61,501
NG033_PC718_WC61,NG033,NA,NA,PC718,GCTAAGAGAA,WC61,ACGGCTTCTC,NA,NG033_P1,mouse_human,CC5_CC6_CC7,Ctrl_Ctrl_LPS,no,no,no,no,no,no,no,9.61,501
NG033_PC718_WC62,NG033,NA,NA,PC718,GCTAAGAGAA,WC62,TGCGATGTAT,NA,NG033_P1,mouse_human,CC5_CC6_CC7,Ctrl_Ctrl_LPS,no,no,no,no,no,no,no,9.61,501
NG033_PC718_WC63,NG033,NA,NA,PC718,GCTAAGAGAA,WC63,GCGTTCAGCA,NA,NG033_P1,mouse_human,CC5_CC6_CC7,Ctrl_Ctrl_LPS,no,no,no,no,no,no,no,9.61,501
NG033_PC718_WC64,NG033,NA,NA,PC718,GCTAAGAGAA,WC64,GCCTAGGAAG,NA,NG033_P1,mouse_human,CC5_CC6_CC7,Ctrl_Ctrl_LPS,no,no,no,no,no,no,no,9.61,501
NG033_PC718_WC65,NG033,NA,NA,PC718,GCTAAGAGAA,WC65,GTTACCAACG,NA,NG033_P1,mouse_human,CC5_CC6_CC7,Ctrl_Ctrl_LPS,no,no,no,no,no,no,no,9.61,501
NG033_PC718_WC66,NG033,NA,NA,PC718,GCTAAGAGAA,WC66,ACGAACCAAG,NA,NG033_P1,mouse_human,CC5_CC6_CC7,Ctrl_Ctrl_LPS,no,no,no,no,no,no,no,9.61,501
NG033_PC718_WC67,NG033,NA,NA,PC718,GCTAAGAGAA,WC67,CACGCAAGTC,NA,NG033_P1,mouse_human,CC5_CC6_CC7,Ctrl_Ctrl_LPS,no,no,no,no,no,no,no,9.61,501
NG033_PC718_WC68,NG033,NA,NA,PC718,GCTAAGAGAA,WC68,GCTGGAGAAG,NA,NG033_P1,mouse_human,CC5_CC6_CC7,Ctrl_Ctrl_LPS,no,no,no,no,no,no,no,9.61,501
NG033_PC718_WC69,NG033,NA,NA,PC718,GCTAAGAGAA,WC69,CCAGTGTACG,NA,NG033_P1,mouse_human,CC5_CC6_CC7,Ctrl_Ctrl_LPS,no,no,no,no,no,no,no,9.61,501
NG033_PC718_WC70,NG033,NA,NA,PC718,GCTAAGAGAA,WC70,GTTGATGCGA,NA,NG033_P1,mouse_human,CC5_CC6_CC7,Ctrl_Ctrl_LPS,no,no,no,no,no,no,no,9.61,501
NG033_PC718_WC71,NG033,NA,NA,PC718,GCTAAGAGAA,WC71,CGCTTGTTAT,NA,NG033_P1,mouse_human,CC5_CC6_CC7,Ctrl_Ctrl_LPS,no,no,no,no,no,no,no,9.61,501
NG033_PC718_WC72,NG033,NA,NA,PC718,GCTAAGAGAA,WC72,GTAACGTTCA,NA,NG033_P1,mouse_human,CC5_CC6_CC7,Ctrl_Ctrl_LPS,no,no,no,no,no,no,no,9.61,501
NG033_PC718_WC73,NG033,NA,NA,PC718,GCTAAGAGAA,WC73,CCGAGTCTTC,NA,NG033_P1,mouse_human,CC5_CC6_CC7,Ctrl_Ctrl_LPS,no,no,no,no,no,no,no,9.61,501
NG033_PC718_WC74,NG033,NA,NA,PC718,GCTAAGAGAA,WC74,TATTGCGCTA,NA,NG033_P1,mouse_human,CC5_CC6_CC7,Ctrl_Ctrl_LPS,no,no,no,no,no,no,no,9.61,501
NG033_PC718_WC75,NG033,NA,NA,PC718,GCTAAGAGAA,WC75,TGTGGTCTAA,NA,NG033_P1,mouse_human,CC5_CC6_CC7,Ctrl_Ctrl_LPS,no,no,no,no,no,no,no,9.61,501
NG033_PC718_WC76,NG033,NA,NA,PC718,GCTAAGAGAA,WC76,CACGTCTACG,NA,NG033_P1,mouse_human,CC5_CC6_CC7,Ctrl_Ctrl_LPS,no,no,no,no,no,no,no,9.61,501
NG033_PC718_WC77,NG033,NA,NA,PC718,GCTAAGAGAA,WC77,AGTCCAGTGA,NA,NG033_P1,mouse_human,CC5_CC6_CC7,Ctrl_Ctrl_LPS,no,no,no,no,no,no,no,9.61,501
NG033_PC718_WC78,NG033,NA,NA,PC718,GCTAAGAGAA,WC78,ATGCTTGGTC,NA,NG033_P1,mouse_human,CC5_CC6_CC7,Ctrl_Ctrl_LPS,no,no,no,no,no,no,no,9.61,501
NG033_PC718_WC79,NG033,NA,NA,PC718,GCTAAGAGAA,WC79,TGATACTCGC,NA,NG033_P1,mouse_human,CC5_CC6_CC7,Ctrl_Ctrl_LPS,no,no,no,no,no,no,no,9.61,501
NG033_PC718_WC80,NG033,NA,NA,PC718,GCTAAGAGAA,WC80,TTATCGAGAG,NA,NG033_P1,mouse_human,CC5_CC6_CC7,Ctrl_Ctrl_LPS,no,no,no,no,no,no,no,9.61,501
NG033_PC718_WC81,NG033,NA,NA,PC718,GCTAAGAGAA,WC81,TGCCAGTATT,NA,NG033_P1,mouse_human,CC5_CC6_CC7,Ctrl_Ctrl_LPS,no,no,no,no,no,no,no,9.61,501
NG033_PC718_WC82,NG033,NA,NA,PC718,GCTAAGAGAA,WC82,GAGTTGCATA,NA,NG033_P1,mouse_human,CC5_CC6_CC7,Ctrl_Ctrl_LPS,no,no,no,no,no,no,no,9.61,501
NG033_PC718_WC83,NG033,NA,NA,PC718,GCTAAGAGAA,WC83,ACACTAGCAT,NA,NG033_P1,mouse_human,CC5_CC6_CC7,Ctrl_Ctrl_LPS,no,no,no,no,no,no,no,9.61,501
NG033_PC718_WC84,NG033,NA,NA,PC718,GCTAAGAGAA,WC84,GTTCTAATGG,NA,NG033_P1,mouse_human,CC5_CC6_CC7,Ctrl_Ctrl_LPS,no,no,no,no,no,no,no,9.61,501
NG033_PC718_WC85,NG033,NA,NA,PC718,GCTAAGAGAA,WC85,CGTTCACGTT,NA,NG033_P1,mouse_human,CC5_CC6_CC7,Ctrl_Ctrl_LPS,no,no,no,no,no,no,no,9.61,501
NG033_PC718_WC86,NG033,NA,NA,PC718,GCTAAGAGAA,WC86,GACTGCGTTA,NA,NG033_P1,mouse_human,CC5_CC6_CC7,Ctrl_Ctrl_LPS,no,no,no,no,no,no,no,9.61,501
NG033_PC718_WC87,NG033,NA,NA,PC718,GCTAAGAGAA,WC87,TGGCTTATGG,NA,NG033_P1,mouse_human,CC5_CC6_CC7,Ctrl_Ctrl_LPS,no,no,no,no,no,no,no,9.61,501
NG033_PC718_WC88,NG033,NA,NA,PC718,GCTAAGAGAA,WC88,TCAGAGGCAC,NA,NG033_P1,mouse_human,CC5_CC6_CC7,Ctrl_Ctrl_LPS,no,no,no,no,no,no,no,9.61,501
NG033_PC718_WC89,NG033,NA,NA,PC718,GCTAAGAGAA,WC89,CGCTAGGCTA,NA,NG033_P1,mouse_human,CC5_CC6_CC7,Ctrl_Ctrl_LPS,no,no,no,no,no,no,no,9.61,501
NG033_PC718_WC90,NG033,NA,NA,PC718,GCTAAGAGAA,WC90,AACCGTAACA,NA,NG033_P1,mouse_human,CC5_CC6_CC7,Ctrl_Ctrl_LPS,no,no,no,no,no,no,no,9.61,501
NG033_PC718_WC91,NG033,NA,NA,PC718,GCTAAGAGAA,WC91,CTTGGTATGA,NA,NG033_P1,mouse_human,CC5_CC6_CC7,Ctrl_Ctrl_LPS,no,no,no,no,no,no,no,9.61,501
NG033_PC718_WC92,NG033,NA,NA,PC718,GCTAAGAGAA,WC92,TGTAGATCCG,NA,NG033_P1,mouse_human,CC5_CC6_CC7,Ctrl_Ctrl_LPS,no,no,no,no,no,no,no,9.61,501
NG033_PC718_WC93,NG033,NA,NA,PC718,GCTAAGAGAA,WC93,AACTCTACCG,NA,NG033_P1,mouse_human,CC5_CC6_CC7,Ctrl_Ctrl_LPS,no,no,no,no,no,no,no,9.61,501
NG033_PC718_WC94,NG033,NA,NA,PC718,GCTAAGAGAA,WC94,CGTGACATTC,NA,NG033_P1,mouse_human,CC5_CC6_CC7,Ctrl_Ctrl_LPS,no,no,no,no,no,no,no,9.61,501
NG033_PC718_WC95,NG033,NA,NA,PC718,GCTAAGAGAA,WC95,CTGTACCAGG,NA,NG033_P1,mouse_human,CC5_CC6_CC7,Ctrl_Ctrl_LPS,no,no,no,no,no,no,no,9.61,501
NG033_PC718_WC96,NG033,NA,NA,PC718,GCTAAGAGAA,WC96,ACTGGTTCCG,NA,NG033_P1,mouse_human,CC5_CC6_CC7,Ctrl_Ctrl_LPS,no,no,no,no,no,no,no,9.61,501
NG033_PC719_WC1,NG033,NA,NA,PC719,AGTGTCGCGA,WC1,GTCGTGAATC,NA,NG033_P2,mouse_human,CC5_CC6_CC7,Ctrl_Ctrl_LPS,no,no,no,no,NoEncapsulation,CC6,72_96,5.06,494
NG033_PC719_WC2,NG033,NA,NA,PC719,AGTGTCGCGA,WC2,CTGTTCTACG,NA,NG033_P2,mouse_human,CC5_CC6_CC7,Ctrl_Ctrl_LPS,no,no,no,no,NoEncapsulation,CC6,72_96,5.06,494
NG033_PC719_WC3,NG033,NA,NA,PC719,AGTGTCGCGA,WC3,GCTCTTAGGT,NA,NG033_P2,mouse_human,CC5_CC6_CC7,Ctrl_Ctrl_LPS,no,no,no,no,NoEncapsulation,CC6,72_96,5.06,494
NG033_PC719_WC4,NG033,NA,NA,PC719,AGTGTCGCGA,WC4,TAGAAGCCAT,NA,NG033_P2,mouse_human,CC5_CC6_CC7,Ctrl_Ctrl_LPS,no,no,no,no,NoEncapsulation,CC6,72_96,5.06,494
NG033_PC719_WC5,NG033,NA,NA,PC719,AGTGTCGCGA,WC5,CACTTAGGTA,NA,NG033_P2,mouse_human,CC5_CC6_CC7,Ctrl_Ctrl_LPS,no,no,no,no,NoEncapsulation,CC6,72_96,5.06,494
NG033_PC719_WC6,NG033,NA,NA,PC719,AGTGTCGCGA,WC6,ATAGGTAAGG,NA,NG033_P2,mouse_human,CC5_CC6_CC7,Ctrl_Ctrl_LPS,no,no,no,no,NoEncapsulation,CC6,72_96,5.06,494
NG033_PC719_WC7,NG033,NA,NA,PC719,AGTGTCGCGA,WC7,CGCCTTATAT,NA,NG033_P2,mouse_human,CC5_CC6_CC7,Ctrl_Ctrl_LPS,no,no,no,no,NoEncapsulation,CC6,72_96,5.06,494
NG033_PC719_WC8,NG033,NA,NA,PC719,AGTGTCGCGA,WC8,GCACGATGCT,NA,NG033_P2,mouse_human,CC5_CC6_CC7,Ctrl_Ctrl_LPS,no,no,no,no,NoEncapsulation,CC6,72_96,5.06,494
NG033_PC719_WC9,NG033,NA,NA,PC719,AGTGTCGCGA,WC9,AATATGCCAG,NA,NG033_P2,mouse_human,CC5_CC6_CC7,Ctrl_Ctrl_LPS,no,no,no,no,NoEncapsulation,CC6,72_96,5.06,494
NG033_PC719_WC10,NG033,NA,NA,PC719,AGTGTCGCGA,WC10,TAGAGTCACG,NA,NG033_P2,mouse_human,CC5_CC6_CC7,Ctrl_Ctrl_LPS,no,no,no,no,NoEncapsulation,CC6,72_96,5.06,494
NG033_PC719_WC11,NG033,NA,NA,PC719,AGTGTCGCGA,WC11,TTAACAGGTC,NA,NG033_P2,mouse_human,CC5_CC6_CC7,Ctrl_Ctrl_LPS,no,no,no,no,NoEncapsulation,CC6,72_96,5.06,494
NG033_PC719_WC12,NG033,NA,NA,PC719,AGTGTCGCGA,WC12,ACATGAGCCA,NA,NG033_P2,mouse_human,CC5_CC6_CC7,Ctrl_Ctrl_LPS,no,no,no,no,NoEncapsulation,CC6,72_96,5.06,494
NG033_PC719_WC13,NG033,NA,NA,PC719,AGTGTCGCGA,WC13,GCGAGGTTCT,NA,NG033_P2,mouse_human,CC5_CC6_CC7,Ctrl_Ctrl_LPS,no,no,no,no,NoEncapsulation,CC6,72_96,5.06,494
NG033_PC719_WC14,NG033,NA,NA,PC719,AGTGTCGCGA,WC14,TGTCCGTAGG,NA,NG033_P2,mouse_human,CC5_CC6_CC7,Ctrl_Ctrl_LPS,no,no,no,no,NoEncapsulation,CC6,72_96,5.06,494
NG033_PC719_WC15,NG033,NA,NA,PC719,AGTGTCGCGA,WC15,CATTATGCCT,NA,NG033_P2,mouse_human,CC5_CC6_CC7,Ctrl_Ctrl_LPS,no,no,no,no,NoEncapsulation,CC6,72_96,5.06,494
NG033_PC719_WC16,NG033,NA,NA,PC719,AGTGTCGCGA,WC16,TCCACTGTTG,NA,NG033_P2,mouse_human,CC5_CC6_CC7,Ctrl_Ctrl_LPS,no,no,no,no,NoEncapsulation,CC6,72_96,5.06,494
NG033_PC719_WC17,NG033,NA,NA,PC719,AGTGTCGCGA,WC17,CTTAACGACA,NA,NG033_P2,mouse_human,CC5_CC6_CC7,Ctrl_Ctrl_LPS,no,no,no,no,NoEncapsulation,CC6,72_96,5.06,494
NG033_PC719_WC18,NG033,NA,NA,PC719,AGTGTCGCGA,WC18,TCCTCGAGCT,NA,NG033_P2,mouse_human,CC5_CC6_CC7,Ctrl_Ctrl_LPS,no,no,no,no,NoEncapsulation,CC6,72_96,5.06,494
NG033_PC719_WC19,NG033,NA,NA,PC719,AGTGTCGCGA,WC19,CGAGTAATGT,NA,NG033_P2,mouse_human,CC5_CC6_CC7,Ctrl_Ctrl_LPS,no,no,no,no,NoEncapsulation,CC6,72_96,5.06,494
NG033_PC719_WC20,NG033,NA,NA,PC719,AGTGTCGCGA,WC20,CATACCGCTG,NA,NG033_P2,mouse_human,CC5_CC6_CC7,Ctrl_Ctrl_LPS,no,no,no,no,NoEncapsulation,CC6,72_96,5.06,494
NG033_PC719_WC21,NG033,NA,NA,PC719,AGTGTCGCGA,WC21,GCTACTTGCA,NA,NG033_P2,mouse_human,CC5_CC6_CC7,Ctrl_Ctrl_LPS,no,no,no,no,NoEncapsulation,CC6,72_96,5.06,494
NG033_PC719_WC22,NG033,NA,NA,PC719,AGTGTCGCGA,WC22,GCTATTGAAG,NA,NG033_P2,mouse_human,CC5_CC6_CC7,Ctrl_Ctrl_LPS,no,no,no,no,NoEncapsulation,CC6,72_96,5.06,494
NG033_PC719_WC23,NG033,NA,NA,PC719,AGTGTCGCGA,WC23,TCAGCATCCG,NA,NG033_P2,mouse_human,CC5_CC6_CC7,Ctrl_Ctrl_LPS,no,no,no,no,NoEncapsulation,CC6,72_96,5.06,494
NG033_PC719_WC24,NG033,NA,NA,PC719,AGTGTCGCGA,WC24,TAGGTGGTGG,NA,NG033_P2,mouse_human,CC5_CC6_CC7,Ctrl_Ctrl_LPS,no,no,no,no,NoEncapsulation,CC6,72_96,5.06,494
NG033_PC719_WC25,NG033,NA,NA,PC719,AGTGTCGCGA,WC25,AAGATCGGAT,NA,NG033_P2,mouse_human,CC5_CC6_CC7,Ctrl_Ctrl_LPS,no,no,no,no,NoEncapsulation,CC6,72_96,5.06,494
NG033_PC719_WC26,NG033,NA,NA,PC719,AGTGTCGCGA,WC26,TTAACGTCCG,NA,NG033_P2,mouse_human,CC5_CC6_CC7,Ctrl_Ctrl_LPS,no,no,no,no,NoEncapsulation,CC6,72_96,5.06,494
NG033_PC719_WC27,NG033,NA,NA,PC719,AGTGTCGCGA,WC27,ATTACCGATC,NA,NG033_P2,mouse_human,CC5_CC6_CC7,Ctrl_Ctrl_LPS,no,no,no,no,NoEncapsulation,CC6,72_96,5.06,494
NG033_PC719_WC28,NG033,NA,NA,PC719,AGTGTCGCGA,WC28,GTTGCATCGT,NA,NG033_P2,mouse_human,CC5_CC6_CC7,Ctrl_Ctrl_LPS,no,no,no,no,NoEncapsulation,CC6,72_96,5.06,494
NG033_PC719_WC29,NG033,NA,NA,PC719,AGTGTCGCGA,WC29,ACTGGACGTT,NA,NG033_P2,mouse_human,CC5_CC6_CC7,Ctrl_Ctrl_LPS,no,no,no,no,NoEncapsulation,CC6,72_96,5.06,494
NG033_PC719_WC30,NG033,NA,NA,PC719,AGTGTCGCGA,WC30,TTGTTCGTGT,NA,NG033_P2,mouse_human,CC5_CC6_CC7,Ctrl_Ctrl_LPS,no,no,no,no,NoEncapsulation,CC6,72_96,5.06,494
NG033_PC719_WC31,NG033,NA,NA,PC719,AGTGTCGCGA,WC31,ACGGACTGAG,NA,NG033_P2,mouse_human,CC5_CC6_CC7,Ctrl_Ctrl_LPS,no,no,no,no,NoEncapsulation,CC6,72_96,5.06,494
NG033_PC719_WC32,NG033,NA,NA,PC719,AGTGTCGCGA,WC32,CACCGTCATA,NA,NG033_P2,mouse_human,CC5_CC6_CC7,Ctrl_Ctrl_LPS,no,no,no,no,NoEncapsulation,CC6,72_96,5.06,494
NG033_PC719_WC33,NG033,NA,NA,PC719,AGTGTCGCGA,WC33,GTAGTTGTGT,NA,NG033_P2,mouse_human,CC5_CC6_CC7,Ctrl_Ctrl_LPS,no,no,no,no,NoEncapsulation,CC6,72_96,5.06,494
NG033_PC719_WC34,NG033,NA,NA,PC719,AGTGTCGCGA,WC34,CTGAGTCCTT,NA,NG033_P2,mouse_human,CC5_CC6_CC7,Ctrl_Ctrl_LPS,no,no,no,no,NoEncapsulation,CC6,72_96,5.06,494
NG033_PC719_WC35,NG033,NA,NA,PC719,AGTGTCGCGA,WC35,TCACAGTTGC,NA,NG033_P2,mouse_human,CC5_CC6_CC7,Ctrl_Ctrl_LPS,no,no,no,no,NoEncapsulation,CC6,72_96,5.06,494
NG033_PC719_WC36,NG033,NA,NA,PC719,AGTGTCGCGA,WC36,ATTGTAAGCG,NA,NG033_P2,mouse_human,CC5_CC6_CC7,Ctrl_Ctrl_LPS,no,no,no,no,NoEncapsulation,CC6,72_96,5.06,494
NG033_PC719_WC37,NG033,NA,NA,PC719,AGTGTCGCGA,WC37,CGGTCTCTCT,NA,NG033_P2,mouse_human,CC5_CC6_CC7,Ctrl_Ctrl_LPS,no,no,no,no,NoEncapsulation,CC6,72_96,5.06,494
NG033_PC719_WC38,NG033,NA,NA,PC719,AGTGTCGCGA,WC38,AACAGCAATG,NA,NG033_P2,mouse_human,CC5_CC6_CC7,Ctrl_Ctrl_LPS,no,no,no,no,NoEncapsulation,CC6,72_96,5.06,494
NG033_PC719_WC39,NG033,NA,NA,PC719,AGTGTCGCGA,WC39,TCCGTGTTGC,NA,NG033_P2,mouse_human,CC5_CC6_CC7,Ctrl_Ctrl_LPS,no,no,no,no,NoEncapsulation,CC6,72_96,5.06,494
NG033_PC719_WC40,NG033,NA,NA,PC719,AGTGTCGCGA,WC40,TGCGAAGTGA,NA,NG033_P2,mouse_human,CC5_CC6_CC7,Ctrl_Ctrl_LPS,no,no,no,no,NoEncapsulation,CC6,72_96,5.06,494
NG033_PC719_WC41,NG033,NA,NA,PC719,AGTGTCGCGA,WC41,CACAGCTATT,NA,NG033_P2,mouse_human,CC5_CC6_CC7,Ctrl_Ctrl_LPS,no,no,no,no,NoEncapsulation,CC6,72_96,5.06,494
NG033_PC719_WC42,NG033,NA,NA,PC719,AGTGTCGCGA,WC42,GATAGTGTTC,NA,NG033_P2,mouse_human,CC5_CC6_CC7,Ctrl_Ctrl_LPS,no,no,no,no,NoEncapsulation,CC6,72_96,5.06,494
NG033_PC719_WC43,NG033,NA,NA,PC719,AGTGTCGCGA,WC43,TAGCTACCAG,NA,NG033_P2,mouse_human,CC5_CC6_CC7,Ctrl_Ctrl_LPS,no,no,no,no,NoEncapsulation,CC6,72_96,5.06,494
NG033_PC719_WC44,NG033,NA,NA,PC719,AGTGTCGCGA,WC44,TGCTCACGCA,NA,NG033_P2,mouse_human,CC5_CC6_CC7,Ctrl_Ctrl_LPS,no,no,no,no,NoEncapsulation,CC6,72_96,5.06,494
NG033_PC719_WC45,NG033,NA,NA,PC719,AGTGTCGCGA,WC45,AAGTGTGCTA,NA,NG033_P2,mouse_human,CC5_CC6_CC7,Ctrl_Ctrl_LPS,no,no,no,no,NoEncapsulation,CC6,72_96,5.06,494
NG033_PC719_WC46,NG033,NA,NA,PC719,AGTGTCGCGA,WC46,TCATCGTCTG,NA,NG033_P2,mouse_human,CC5_CC6_CC7,Ctrl_Ctrl_LPS,no,no,no,no,NoEncapsulation,CC6,72_96,5.06,494
NG033_PC719_WC47,NG033,NA,NA,PC719,AGTGTCGCGA,WC47,AGATGCTCCG,NA,NG033_P2,mouse_human,CC5_CC6_CC7,Ctrl_Ctrl_LPS,no,no,no,no,NoEncapsulation,CC6,72_96,5.06,494
NG033_PC719_WC48,NG033,NA,NA,PC719,AGTGTCGCGA,WC48,GAACCAAGCG,NA,NG033_P2,mouse_human,CC5_CC6_CC7,Ctrl_Ctrl_LPS,no,no,no,no,NoEncapsulation,CC6,72_96,5.06,494
NG033_PC719_WC49,NG033,NA,NA,PC719,AGTGTCGCGA,WC49,CCTCTTCAAG,NA,NG033_P2,mouse_human,CC5_CC6_CC7,Ctrl_Ctrl_LPS,no,no,no,no,NoEncapsulation,CC6,72_96,5.06,494
NG033_PC719_WC50,NG033,NA,NA,PC719,AGTGTCGCGA,WC50,CGTCGCATCT,NA,NG033_P2,mouse_human,CC5_CC6_CC7,Ctrl_Ctrl_LPS,no,no,no,no,NoEncapsulation,CC6,72_96,5.06,494
NG033_PC719_WC51,NG033,NA,NA,PC719,AGTGTCGCGA,WC51,CCGAACGTTC,NA,NG033_P2,mouse_human,CC5_CC6_CC7,Ctrl_Ctrl_LPS,no,no,no,no,NoEncapsulation,CC6,72_96,5.06,494
NG033_PC719_WC52,NG033,NA,NA,PC719,AGTGTCGCGA,WC52,GAATGGCGTT,NA,NG033_P2,mouse_human,CC5_CC6_CC7,Ctrl_Ctrl_LPS,no,no,no,no,NoEncapsulation,CC6,72_96,5.06,494
NG033_PC719_WC53,NG033,NA,NA,PC719,AGTGTCGCGA,WC53,AAGTTCAGGA,NA,NG033_P2,mouse_human,CC5_CC6_CC7,Ctrl_Ctrl_LPS,no,no,no,no,NoEncapsulation,CC6,72_96,5.06,494
NG033_PC719_WC54,NG033,NA,NA,PC719,AGTGTCGCGA,WC54,GACCAATTGT,NA,NG033_P2,mouse_human,CC5_CC6_CC7,Ctrl_Ctrl_LPS,no,no,no,no,NoEncapsulation,CC6,72_96,5.06,494
NG033_PC719_WC55,NG033,NA,NA,PC719,AGTGTCGCGA,WC55,TGTCTGTGAC,NA,NG033_P2,mouse_human,CC5_CC6_CC7,Ctrl_Ctrl_LPS,no,no,no,no,NoEncapsulation,CC6,72_96,5.06,494
NG033_PC719_WC56,NG033,NA,NA,PC719,AGTGTCGCGA,WC56,GAACATTGGC,NA,NG033_P2,mouse_human,CC5_CC6_CC7,Ctrl_Ctrl_LPS,no,no,no,no,NoEncapsulation,CC6,72_96,5.06,494
NG033_PC719_WC57,NG033,NA,NA,PC719,AGTGTCGCGA,WC57,CGTAACACTA,NA,NG033_P2,mouse_human,CC5_CC6_CC7,Ctrl_Ctrl_LPS,no,no,no,no,NoEncapsulation,CC6,72_96,5.06,494
NG033_PC719_WC58,NG033,NA,NA,PC719,AGTGTCGCGA,WC58,GTACTTCCAA,NA,NG033_P2,mouse_human,CC5_CC6_CC7,Ctrl_Ctrl_LPS,no,no,no,no,NoEncapsulation,CC6,72_96,5.06,494
NG033_PC719_WC59,NG033,NA,NA,PC719,AGTGTCGCGA,WC59,TTAGCGTCTT,NA,NG033_P2,mouse_human,CC5_CC6_CC7,Ctrl_Ctrl_LPS,no,no,no,no,NoEncapsulation,CC6,72_96,5.06,494
NG033_PC719_WC60,NG033,NA,NA,PC719,AGTGTCGCGA,WC60,TTGACCGTCT,NA,NG033_P2,mouse_human,CC5_CC6_CC7,Ctrl_Ctrl_LPS,no,no,no,no,NoEncapsulation,CC6,72_96,5.06,494
NG033_PC719_WC61,NG033,NA,NA,PC719,AGTGTCGCGA,WC61,ACGGCTTCTC,NA,NG033_P2,mouse_human,CC5_CC6_CC7,Ctrl_Ctrl_LPS,no,no,no,no,NoEncapsulation,CC6,72_96,5.06,494
NG033_PC719_WC62,NG033,NA,NA,PC719,AGTGTCGCGA,WC62,TGCGATGTAT,NA,NG033_P2,mouse_human,CC5_CC6_CC7,Ctrl_Ctrl_LPS,no,no,no,no,NoEncapsulation,CC6,72_96,5.06,494
NG033_PC719_WC63,NG033,NA,NA,PC719,AGTGTCGCGA,WC63,GCGTTCAGCA,NA,NG033_P2,mouse_human,CC5_CC6_CC7,Ctrl_Ctrl_LPS,no,no,no,no,NoEncapsulation,CC6,72_96,5.06,494
NG033_PC719_WC64,NG033,NA,NA,PC719,AGTGTCGCGA,WC64,GCCTAGGAAG,NA,NG033_P2,mouse_human,CC5_CC6_CC7,Ctrl_Ctrl_LPS,no,no,no,no,NoEncapsulation,CC6,72_96,5.06,494
NG033_PC719_WC65,NG033,NA,NA,PC719,AGTGTCGCGA,WC65,GTTACCAACG,NA,NG033_P2,mouse_human,CC5_CC6_CC7,Ctrl_Ctrl_LPS,no,no,no,no,NoEncapsulation,CC6,72_96,5.06,494
NG033_PC719_WC66,NG033,NA,NA,PC719,AGTGTCGCGA,WC66,ACGAACCAAG,NA,NG033_P2,mouse_human,CC5_CC6_CC7,Ctrl_Ctrl_LPS,no,no,no,no,NoEncapsulation,CC6,72_96,5.06,494
NG033_PC719_WC67,NG033,NA,NA,PC719,AGTGTCGCGA,WC67,CACGCAAGTC,NA,NG033_P2,mouse_human,CC5_CC6_CC7,Ctrl_Ctrl_LPS,no,no,no,no,NoEncapsulation,CC6,72_96,5.06,494
NG033_PC719_WC68,NG033,NA,NA,PC719,AGTGTCGCGA,WC68,GCTGGAGAAG,NA,NG033_P2,mouse_human,CC5_CC6_CC7,Ctrl_Ctrl_LPS,no,no,no,no,NoEncapsulation,CC6,72_96,5.06,494
NG033_PC719_WC69,NG033,NA,NA,PC719,AGTGTCGCGA,WC69,CCAGTGTACG,NA,NG033_P2,mouse_human,CC5_CC6_CC7,Ctrl_Ctrl_LPS,no,no,no,no,NoEncapsulation,CC6,72_96,5.06,494
NG033_PC719_WC70,NG033,NA,NA,PC719,AGTGTCGCGA,WC70,GTTGATGCGA,NA,NG033_P2,mouse_human,CC5_CC6_CC7,Ctrl_Ctrl_LPS,no,no,no,no,NoEncapsulation,CC6,72_96,5.06,494
NG033_PC719_WC71,NG033,NA,NA,PC719,AGTGTCGCGA,WC71,CGCTTGTTAT,NA,NG033_P2,mouse_human,CC5_CC6_CC7,Ctrl_Ctrl_LPS,no,no,no,no,NoEncapsulation,CC6,72_96,5.06,494
NG033_PC719_WC72,NG033,NA,NA,PC719,AGTGTCGCGA,WC72,GTAACGTTCA,NA,NG033_P2,mouse_human,CC5_CC6_CC7,Ctrl_Ctrl_LPS,no,no,no,no,NoEncapsulation,CC6,72_96,5.06,494
NG033_PC719_WC73,NG033,NA,NA,PC719,AGTGTCGCGA,WC73,CCGAGTCTTC,NA,NG033_P2,mouse_human,CC5_CC6_CC7,Ctrl_Ctrl_LPS,no,no,no,no,NoEncapsulation,CC6,72_96,5.06,494
NG033_PC719_WC74,NG033,NA,NA,PC719,AGTGTCGCGA,WC74,TATTGCGCTA,NA,NG033_P2,mouse_human,CC5_CC6_CC7,Ctrl_Ctrl_LPS,no,no,no,no,NoEncapsulation,CC6,72_96,5.06,494
NG033_PC719_WC75,NG033,NA,NA,PC719,AGTGTCGCGA,WC75,TGTGGTCTAA,NA,NG033_P2,mouse_human,CC5_CC6_CC7,Ctrl_Ctrl_LPS,no,no,no,no,NoEncapsulation,CC6,72_96,5.06,494
NG033_PC719_WC76,NG033,NA,NA,PC719,AGTGTCGCGA,WC76,CACGTCTACG,NA,NG033_P2,mouse_human,CC5_CC6_CC7,Ctrl_Ctrl_LPS,no,no,no,no,NoEncapsulation,CC6,72_96,5.06,494
NG033_PC719_WC77,NG033,NA,NA,PC719,AGTGTCGCGA,WC77,AGTCCAGTGA,NA,NG033_P2,mouse_human,CC5_CC6_CC7,Ctrl_Ctrl_LPS,no,no,no,no,NoEncapsulation,CC6,72_96,5.06,494
NG033_PC719_WC78,NG033,NA,NA,PC719,AGTGTCGCGA,WC78,ATGCTTGGTC,NA,NG033_P2,mouse_human,CC5_CC6_CC7,Ctrl_Ctrl_LPS,no,no,no,no,NoEncapsulation,CC6,72_96,5.06,494
NG033_PC719_WC79,NG033,NA,NA,PC719,AGTGTCGCGA,WC79,TGATACTCGC,NA,NG033_P2,mouse_human,CC5_CC6_CC7,Ctrl_Ctrl_LPS,no,no,no,no,NoEncapsulation,CC6,72_96,5.06,494
NG033_PC719_WC80,NG033,NA,NA,PC719,AGTGTCGCGA,WC80,TTATCGAGAG,NA,NG033_P2,mouse_human,CC5_CC6_CC7,Ctrl_Ctrl_LPS,no,no,no,no,NoEncapsulation,CC6,72_96,5.06,494
NG033_PC719_WC81,NG033,NA,NA,PC719,AGTGTCGCGA,WC81,TGCCAGTATT,NA,NG033_P2,mouse_human,CC5_CC6_CC7,Ctrl_Ctrl_LPS,no,no,no,no,NoEncapsulation,CC6,72_96,5.06,494
NG033_PC719_WC82,NG033,NA,NA,PC719,AGTGTCGCGA,WC82,GAGTTGCATA,NA,NG033_P2,mouse_human,CC5_CC6_CC7,Ctrl_Ctrl_LPS,no,no,no,no,NoEncapsulation,CC6,72_96,5.06,494
NG033_PC719_WC83,NG033,NA,NA,PC719,AGTGTCGCGA,WC83,ACACTAGCAT,NA,NG033_P2,mouse_human,CC5_CC6_CC7,Ctrl_Ctrl_LPS,no,no,no,no,NoEncapsulation,CC6,72_96,5.06,494
NG033_PC719_WC84,NG033,NA,NA,PC719,AGTGTCGCGA,WC84,GTTCTAATGG,NA,NG033_P2,mouse_human,CC5_CC6_CC7,Ctrl_Ctrl_LPS,no,no,no,no,NoEncapsulation,CC6,72_96,5.06,494
NG033_PC719_WC85,NG033,NA,NA,PC719,AGTGTCGCGA,WC85,CGTTCACGTT,NA,NG033_P2,mouse_human,CC5_CC6_CC7,Ctrl_Ctrl_LPS,no,no,no,no,NoEncapsulation,CC6,72_96,5.06,494
NG033_PC719_WC86,NG033,NA,NA,PC719,AGTGTCGCGA,WC86,GACTGCGTTA,NA,NG033_P2,mouse_human,CC5_CC6_CC7,Ctrl_Ctrl_LPS,no,no,no,no,NoEncapsulation,CC6,72_96,5.06,494
NG033_PC719_WC87,NG033,NA,NA,PC719,AGTGTCGCGA,WC87,TGGCTTATGG,NA,NG033_P2,mouse_human,CC5_CC6_CC7,Ctrl_Ctrl_LPS,no,no,no,no,NoEncapsulation,CC6,72_96,5.06,494
NG033_PC719_WC88,NG033,NA,NA,PC719,AGTGTCGCGA,WC88,TCAGAGGCAC,NA,NG033_P2,mouse_human,CC5_CC6_CC7,Ctrl_Ctrl_LPS,no,no,no,no,NoEncapsulation,CC6,72_96,5.06,494
NG033_PC719_WC89,NG033,NA,NA,PC719,AGTGTCGCGA,WC89,CGCTAGGCTA,NA,NG033_P2,mouse_human,CC5_CC6_CC7,Ctrl_Ctrl_LPS,no,no,no,no,NoEncapsulation,CC6,72_96,5.06,494
NG033_PC719_WC90,NG033,NA,NA,PC719,AGTGTCGCGA,WC90,AACCGTAACA,NA,NG033_P2,mouse_human,CC5_CC6_CC7,Ctrl_Ctrl_LPS,no,no,no,no,NoEncapsulation,CC6,72_96,5.06,494
NG033_PC719_WC91,NG033,NA,NA,PC719,AGTGTCGCGA,WC91,CTTGGTATGA,NA,NG033_P2,mouse_human,CC5_CC6_CC7,Ctrl_Ctrl_LPS,no,no,no,no,NoEncapsulation,CC6,72_96,5.06,494
NG033_PC719_WC92,NG033,NA,NA,PC719,AGTGTCGCGA,WC92,TGTAGATCCG,NA,NG033_P2,mouse_human,CC5_CC6_CC7,Ctrl_Ctrl_LPS,no,no,no,no,NoEncapsulation,CC6,72_96,5.06,494
NG033_PC719_WC93,NG033,NA,NA,PC719,AGTGTCGCGA,WC93,AACTCTACCG,NA,NG033_P2,mouse_human,CC5_CC6_CC7,Ctrl_Ctrl_LPS,no,no,no,no,NoEncapsulation,CC6,72_96,5.06,494
NG033_PC719_WC94,NG033,NA,NA,PC719,AGTGTCGCGA,WC94,CGTGACATTC,NA,NG033_P2,mouse_human,CC5_CC6_CC7,Ctrl_Ctrl_LPS,no,no,no,no,NoEncapsulation,CC6,72_96,5.06,494
NG033_PC719_WC95,NG033,NA,NA,PC719,AGTGTCGCGA,WC95,CTGTACCAGG,NA,NG033_P2,mouse_human,CC5_CC6_CC7,Ctrl_Ctrl_LPS,no,no,no,no,NoEncapsulation,CC6,72_96,5.06,494
NG033_PC719_WC96,NG033,NA,NA,PC719,AGTGTCGCGA,WC96,ACTGGTTCCG,NA,NG033_P2,mouse_human,CC5_CC6_CC7,Ctrl_Ctrl_LPS,no,no,no,no,NoEncapsulation,CC6,72_96,5.06,494
NG033_PC723_WC1,NG033,NA,NA,PC723,TCTATTCGGT,WC1,GTCGTGAATC,NA,NG033_P3,mouse_human,CC5_CC6_CC7,Ctrl_LPS_LPS,no,no,no,no,no,no,no,11.3,538
NG033_PC723_WC2,NG033,NA,NA,PC723,TCTATTCGGT,WC2,CTGTTCTACG,NA,NG033_P3,mouse_human,CC5_CC6_CC7,Ctrl_LPS_LPS,no,no,no,no,no,no,no,11.3,538
NG033_PC723_WC3,NG033,NA,NA,PC723,TCTATTCGGT,WC3,GCTCTTAGGT,NA,NG033_P3,mouse_human,CC5_CC6_CC7,Ctrl_LPS_LPS,no,no,no,no,no,no,no,11.3,538
NG033_PC723_WC4,NG033,NA,NA,PC723,TCTATTCGGT,WC4,TAGAAGCCAT,NA,NG033_P3,mouse_human,CC5_CC6_CC7,Ctrl_LPS_LPS,no,no,no,no,no,no,no,11.3,538
NG033_PC723_WC5,NG033,NA,NA,PC723,TCTATTCGGT,WC5,CACTTAGGTA,NA,NG033_P3,mouse_human,CC5_CC6_CC7,Ctrl_LPS_LPS,no,no,no,no,no,no,no,11.3,538
NG033_PC723_WC6,NG033,NA,NA,PC723,TCTATTCGGT,WC6,ATAGGTAAGG,NA,NG033_P3,mouse_human,CC5_CC6_CC7,Ctrl_LPS_LPS,no,no,no,no,no,no,no,11.3,538
NG033_PC723_WC7,NG033,NA,NA,PC723,TCTATTCGGT,WC7,CGCCTTATAT,NA,NG033_P3,mouse_human,CC5_CC6_CC7,Ctrl_LPS_LPS,no,no,no,no,no,no,no,11.3,538
NG033_PC723_WC8,NG033,NA,NA,PC723,TCTATTCGGT,WC8,GCACGATGCT,NA,NG033_P3,mouse_human,CC5_CC6_CC7,Ctrl_LPS_LPS,no,no,no,no,no,no,no,11.3,538
NG033_PC723_WC9,NG033,NA,NA,PC723,TCTATTCGGT,WC9,AATATGCCAG,NA,NG033_P3,mouse_human,CC5_CC6_CC7,Ctrl_LPS_LPS,no,no,no,no,no,no,no,11.3,538
NG033_PC723_WC10,NG033,NA,NA,PC723,TCTATTCGGT,WC10,TAGAGTCACG,NA,NG033_P3,mouse_human,CC5_CC6_CC7,Ctrl_LPS_LPS,no,no,no,no,no,no,no,11.3,538
NG033_PC723_WC11,NG033,NA,NA,PC723,TCTATTCGGT,WC11,TTAACAGGTC,NA,NG033_P3,mouse_human,CC5_CC6_CC7,Ctrl_LPS_LPS,no,no,no,no,no,no,no,11.3,538
NG033_PC723_WC12,NG033,NA,NA,PC723,TCTATTCGGT,WC12,ACATGAGCCA,NA,NG033_P3,mouse_human,CC5_CC6_CC7,Ctrl_LPS_LPS,no,no,no,no,no,no,no,11.3,538
NG033_PC723_WC13,NG033,NA,NA,PC723,TCTATTCGGT,WC13,GCGAGGTTCT,NA,NG033_P3,mouse_human,CC5_CC6_CC7,Ctrl_LPS_LPS,no,no,no,no,no,no,no,11.3,538
NG033_PC723_WC14,NG033,NA,NA,PC723,TCTATTCGGT,WC14,TGTCCGTAGG,NA,NG033_P3,mouse_human,CC5_CC6_CC7,Ctrl_LPS_LPS,no,no,no,no,no,no,no,11.3,538
NG033_PC723_WC15,NG033,NA,NA,PC723,TCTATTCGGT,WC15,CATTATGCCT,NA,NG033_P3,mouse_human,CC5_CC6_CC7,Ctrl_LPS_LPS,no,no,no,no,no,no,no,11.3,538
NG033_PC723_WC16,NG033,NA,NA,PC723,TCTATTCGGT,WC16,TCCACTGTTG,NA,NG033_P3,mouse_human,CC5_CC6_CC7,Ctrl_LPS_LPS,no,no,no,no,no,no,no,11.3,538
NG033_PC723_WC17,NG033,NA,NA,PC723,TCTATTCGGT,WC17,CTTAACGACA,NA,NG033_P3,mouse_human,CC5_CC6_CC7,Ctrl_LPS_LPS,no,no,no,no,no,no,no,11.3,538
NG033_PC723_WC18,NG033,NA,NA,PC723,TCTATTCGGT,WC18,TCCTCGAGCT,NA,NG033_P3,mouse_human,CC5_CC6_CC7,Ctrl_LPS_LPS,no,no,no,no,no,no,no,11.3,538
NG033_PC723_WC19,NG033,NA,NA,PC723,TCTATTCGGT,WC19,CGAGTAATGT,NA,NG033_P3,mouse_human,CC5_CC6_CC7,Ctrl_LPS_LPS,no,no,no,no,no,no,no,11.3,538
NG033_PC723_WC20,NG033,NA,NA,PC723,TCTATTCGGT,WC20,CATACCGCTG,NA,NG033_P3,mouse_human,CC5_CC6_CC7,Ctrl_LPS_LPS,no,no,no,no,no,no,no,11.3,538
NG033_PC723_WC21,NG033,NA,NA,PC723,TCTATTCGGT,WC21,GCTACTTGCA,NA,NG033_P3,mouse_human,CC5_CC6_CC7,Ctrl_LPS_LPS,no,no,no,no,no,no,no,11.3,538
NG033_PC723_WC22,NG033,NA,NA,PC723,TCTATTCGGT,WC22,GCTATTGAAG,NA,NG033_P3,mouse_human,CC5_CC6_CC7,Ctrl_LPS_LPS,no,no,no,no,no,no,no,11.3,538
NG033_PC723_WC23,NG033,NA,NA,PC723,TCTATTCGGT,WC23,TCAGCATCCG,NA,NG033_P3,mouse_human,CC5_CC6_CC7,Ctrl_LPS_LPS,no,no,no,no,no,no,no,11.3,538
NG033_PC723_WC24,NG033,NA,NA,PC723,TCTATTCGGT,WC24,TAGGTGGTGG,NA,NG033_P3,mouse_human,CC5_CC6_CC7,Ctrl_LPS_LPS,no,no,no,no,no,no,no,11.3,538
NG033_PC723_WC25,NG033,NA,NA,PC723,TCTATTCGGT,WC25,AAGATCGGAT,NA,NG033_P3,mouse_human,CC5_CC6_CC7,Ctrl_LPS_LPS,no,no,no,no,no,no,no,11.3,538
NG033_PC723_WC26,NG033,NA,NA,PC723,TCTATTCGGT,WC26,TTAACGTCCG,NA,NG033_P3,mouse_human,CC5_CC6_CC7,Ctrl_LPS_LPS,no,no,no,no,no,no,no,11.3,538
NG033_PC723_WC27,NG033,NA,NA,PC723,TCTATTCGGT,WC27,ATTACCGATC,NA,NG033_P3,mouse_human,CC5_CC6_CC7,Ctrl_LPS_LPS,no,no,no,no,no,no,no,11.3,538
NG033_PC723_WC28,NG033,NA,NA,PC723,TCTATTCGGT,WC28,GTTGCATCGT,NA,NG033_P3,mouse_human,CC5_CC6_CC7,Ctrl_LPS_LPS,no,no,no,no,no,no,no,11.3,538
NG033_PC723_WC29,NG033,NA,NA,PC723,TCTATTCGGT,WC29,ACTGGACGTT,NA,NG033_P3,mouse_human,CC5_CC6_CC7,Ctrl_LPS_LPS,no,no,no,no,no,no,no,11.3,538
NG033_PC723_WC30,NG033,NA,NA,PC723,TCTATTCGGT,WC30,TTGTTCGTGT,NA,NG033_P3,mouse_human,CC5_CC6_CC7,Ctrl_LPS_LPS,no,no,no,no,no,no,no,11.3,538
NG033_PC723_WC31,NG033,NA,NA,PC723,TCTATTCGGT,WC31,ACGGACTGAG,NA,NG033_P3,mouse_human,CC5_CC6_CC7,Ctrl_LPS_LPS,no,no,no,no,no,no,no,11.3,538
NG033_PC723_WC32,NG033,NA,NA,PC723,TCTATTCGGT,WC32,CACCGTCATA,NA,NG033_P3,mouse_human,CC5_CC6_CC7,Ctrl_LPS_LPS,no,no,no,no,no,no,no,11.3,538
NG033_PC723_WC33,NG033,NA,NA,PC723,TCTATTCGGT,WC33,GTAGTTGTGT,NA,NG033_P3,mouse_human,CC5_CC6_CC7,Ctrl_LPS_LPS,no,no,no,no,no,no,no,11.3,538
NG033_PC723_WC34,NG033,NA,NA,PC723,TCTATTCGGT,WC34,CTGAGTCCTT,NA,NG033_P3,mouse_human,CC5_CC6_CC7,Ctrl_LPS_LPS,no,no,no,no,no,no,no,11.3,538
NG033_PC723_WC35,NG033,NA,NA,PC723,TCTATTCGGT,WC35,TCACAGTTGC,NA,NG033_P3,mouse_human,CC5_CC6_CC7,Ctrl_LPS_LPS,no,no,no,no,no,no,no,11.3,538
NG033_PC723_WC36,NG033,NA,NA,PC723,TCTATTCGGT,WC36,ATTGTAAGCG,NA,NG033_P3,mouse_human,CC5_CC6_CC7,Ctrl_LPS_LPS,no,no,no,no,no,no,no,11.3,538
NG033_PC723_WC37,NG033,NA,NA,PC723,TCTATTCGGT,WC37,CGGTCTCTCT,NA,NG033_P3,mouse_human,CC5_CC6_CC7,Ctrl_LPS_LPS,no,no,no,no,no,no,no,11.3,538
NG033_PC723_WC38,NG033,NA,NA,PC723,TCTATTCGGT,WC38,AACAGCAATG,NA,NG033_P3,mouse_human,CC5_CC6_CC7,Ctrl_LPS_LPS,no,no,no,no,no,no,no,11.3,538
NG033_PC723_WC39,NG033,NA,NA,PC723,TCTATTCGGT,WC39,TCCGTGTTGC,NA,NG033_P3,mouse_human,CC5_CC6_CC7,Ctrl_LPS_LPS,no,no,no,no,no,no,no,11.3,538
NG033_PC723_WC40,NG033,NA,NA,PC723,TCTATTCGGT,WC40,TGCGAAGTGA,NA,NG033_P3,mouse_human,CC5_CC6_CC7,Ctrl_LPS_LPS,no,no,no,no,no,no,no,11.3,538
NG033_PC723_WC41,NG033,NA,NA,PC723,TCTATTCGGT,WC41,CACAGCTATT,NA,NG033_P3,mouse_human,CC5_CC6_CC7,Ctrl_LPS_LPS,no,no,no,no,no,no,no,11.3,538
NG033_PC723_WC42,NG033,NA,NA,PC723,TCTATTCGGT,WC42,GATAGTGTTC,NA,NG033_P3,mouse_human,CC5_CC6_CC7,Ctrl_LPS_LPS,no,no,no,no,no,no,no,11.3,538
NG033_PC723_WC43,NG033,NA,NA,PC723,TCTATTCGGT,WC43,TAGCTACCAG,NA,NG033_P3,mouse_human,CC5_CC6_CC7,Ctrl_LPS_LPS,no,no,no,no,no,no,no,11.3,538
NG033_PC723_WC44,NG033,NA,NA,PC723,TCTATTCGGT,WC44,TGCTCACGCA,NA,NG033_P3,mouse_human,CC5_CC6_CC7,Ctrl_LPS_LPS,no,no,no,no,no,no,no,11.3,538
NG033_PC723_WC45,NG033,NA,NA,PC723,TCTATTCGGT,WC45,AAGTGTGCTA,NA,NG033_P3,mouse_human,CC5_CC6_CC7,Ctrl_LPS_LPS,no,no,no,no,no,no,no,11.3,538
NG033_PC723_WC46,NG033,NA,NA,PC723,TCTATTCGGT,WC46,TCATCGTCTG,NA,NG033_P3,mouse_human,CC5_CC6_CC7,Ctrl_LPS_LPS,no,no,no,no,no,no,no,11.3,538
NG033_PC723_WC47,NG033,NA,NA,PC723,TCTATTCGGT,WC47,AGATGCTCCG,NA,NG033_P3,mouse_human,CC5_CC6_CC7,Ctrl_LPS_LPS,no,no,no,no,no,no,no,11.3,538
NG033_PC723_WC48,NG033,NA,NA,PC723,TCTATTCGGT,WC48,GAACCAAGCG,NA,NG033_P3,mouse_human,CC5_CC6_CC7,Ctrl_LPS_LPS,no,no,no,no,no,no,no,11.3,538
NG033_PC723_WC49,NG033,NA,NA,PC723,TCTATTCGGT,WC49,CCTCTTCAAG,NA,NG033_P3,mouse_human,CC5_CC6_CC7,Ctrl_LPS_LPS,no,no,no,no,no,no,no,11.3,538
NG033_PC723_WC50,NG033,NA,NA,PC723,TCTATTCGGT,WC50,CGTCGCATCT,NA,NG033_P3,mouse_human,CC5_CC6_CC7,Ctrl_LPS_LPS,no,no,no,no,no,no,no,11.3,538
NG033_PC723_WC51,NG033,NA,NA,PC723,TCTATTCGGT,WC51,CCGAACGTTC,NA,NG033_P3,mouse_human,CC5_CC6_CC7,Ctrl_LPS_LPS,no,no,no,no,no,no,no,11.3,538
NG033_PC723_WC52,NG033,NA,NA,PC723,TCTATTCGGT,WC52,GAATGGCGTT,NA,NG033_P3,mouse_human,CC5_CC6_CC7,Ctrl_LPS_LPS,no,no,no,no,no,no,no,11.3,538
NG033_PC723_WC53,NG033,NA,NA,PC723,TCTATTCGGT,WC53,AAGTTCAGGA,NA,NG033_P3,mouse_human,CC5_CC6_CC7,Ctrl_LPS_LPS,no,no,no,no,no,no,no,11.3,538
NG033_PC723_WC54,NG033,NA,NA,PC723,TCTATTCGGT,WC54,GACCAATTGT,NA,NG033_P3,mouse_human,CC5_CC6_CC7,Ctrl_LPS_LPS,no,no,no,no,no,no,no,11.3,538
NG033_PC723_WC55,NG033,NA,NA,PC723,TCTATTCGGT,WC55,TGTCTGTGAC,NA,NG033_P3,mouse_human,CC5_CC6_CC7,Ctrl_LPS_LPS,no,no,no,no,no,no,no,11.3,538
NG033_PC723_WC56,NG033,NA,NA,PC723,TCTATTCGGT,WC56,GAACATTGGC,NA,NG033_P3,mouse_human,CC5_CC6_CC7,Ctrl_LPS_LPS,no,no,no,no,no,no,no,11.3,538
NG033_PC723_WC57,NG033,NA,NA,PC723,TCTATTCGGT,WC57,CGTAACACTA,NA,NG033_P3,mouse_human,CC5_CC6_CC7,Ctrl_LPS_LPS,no,no,no,no,no,no,no,11.3,538
NG033_PC723_WC58,NG033,NA,NA,PC723,TCTATTCGGT,WC58,GTACTTCCAA,NA,NG033_P3,mouse_human,CC5_CC6_CC7,Ctrl_LPS_LPS,no,no,no,no,no,no,no,11.3,538
NG033_PC723_WC59,NG033,NA,NA,PC723,TCTATTCGGT,WC59,TTAGCGTCTT,NA,NG033_P3,mouse_human,CC5_CC6_CC7,Ctrl_LPS_LPS,no,no,no,no,no,no,no,11.3,538
NG033_PC723_WC60,NG033,NA,NA,PC723,TCTATTCGGT,WC60,TTGACCGTCT,NA,NG033_P3,mouse_human,CC5_CC6_CC7,Ctrl_LPS_LPS,no,no,no,no,no,no,no,11.3,538
NG033_PC723_WC61,NG033,NA,NA,PC723,TCTATTCGGT,WC61,ACGGCTTCTC,NA,NG033_P3,mouse_human,CC5_CC6_CC7,Ctrl_LPS_LPS,no,no,no,no,no,no,no,11.3,538
NG033_PC723_WC62,NG033,NA,NA,PC723,TCTATTCGGT,WC62,TGCGATGTAT,NA,NG033_P3,mouse_human,CC5_CC6_CC7,Ctrl_LPS_LPS,no,no,no,no,no,no,no,11.3,538
NG033_PC723_WC63,NG033,NA,NA,PC723,TCTATTCGGT,WC63,GCGTTCAGCA,NA,NG033_P3,mouse_human,CC5_CC6_CC7,Ctrl_LPS_LPS,no,no,no,no,no,no,no,11.3,538
NG033_PC723_WC64,NG033,NA,NA,PC723,TCTATTCGGT,WC64,GCCTAGGAAG,NA,NG033_P3,mouse_human,CC5_CC6_CC7,Ctrl_LPS_LPS,no,no,no,no,no,no,no,11.3,538
NG033_PC723_WC65,NG033,NA,NA,PC723,TCTATTCGGT,WC65,GTTACCAACG,NA,NG033_P3,mouse_human,CC5_CC6_CC7,Ctrl_LPS_LPS,no,no,no,no,no,no,no,11.3,538
NG033_PC723_WC66,NG033,NA,NA,PC723,TCTATTCGGT,WC66,ACGAACCAAG,NA,NG033_P3,mouse_human,CC5_CC6_CC7,Ctrl_LPS_LPS,no,no,no,no,no,no,no,11.3,538
NG033_PC723_WC67,NG033,NA,NA,PC723,TCTATTCGGT,WC67,CACGCAAGTC,NA,NG033_P3,mouse_human,CC5_CC6_CC7,Ctrl_LPS_LPS,no,no,no,no,no,no,no,11.3,538
NG033_PC723_WC68,NG033,NA,NA,PC723,TCTATTCGGT,WC68,GCTGGAGAAG,NA,NG033_P3,mouse_human,CC5_CC6_CC7,Ctrl_LPS_LPS,no,no,no,no,no,no,no,11.3,538
NG033_PC723_WC69,NG033,NA,NA,PC723,TCTATTCGGT,WC69,CCAGTGTACG,NA,NG033_P3,mouse_human,CC5_CC6_CC7,Ctrl_LPS_LPS,no,no,no,no,no,no,no,11.3,538
NG033_PC723_WC70,NG033,NA,NA,PC723,TCTATTCGGT,WC70,GTTGATGCGA,NA,NG033_P3,mouse_human,CC5_CC6_CC7,Ctrl_LPS_LPS,no,no,no,no,no,no,no,11.3,538
NG033_PC723_WC71,NG033,NA,NA,PC723,TCTATTCGGT,WC71,CGCTTGTTAT,NA,NG033_P3,mouse_human,CC5_CC6_CC7,Ctrl_LPS_LPS,no,no,no,no,no,no,no,11.3,538
NG033_PC723_WC72,NG033,NA,NA,PC723,TCTATTCGGT,WC72,GTAACGTTCA,NA,NG033_P3,mouse_human,CC5_CC6_CC7,Ctrl_LPS_LPS,no,no,no,no,no,no,no,11.3,538
NG033_PC723_WC73,NG033,NA,NA,PC723,TCTATTCGGT,WC73,CCGAGTCTTC,NA,NG033_P3,mouse_human,CC5_CC6_CC7,Ctrl_LPS_LPS,no,no,no,no,no,no,no,11.3,538
NG033_PC723_WC74,NG033,NA,NA,PC723,TCTATTCGGT,WC74,TATTGCGCTA,NA,NG033_P3,mouse_human,CC5_CC6_CC7,Ctrl_LPS_LPS,no,no,no,no,no,no,no,11.3,538
NG033_PC723_WC75,NG033,NA,NA,PC723,TCTATTCGGT,WC75,TGTGGTCTAA,NA,NG033_P3,mouse_human,CC5_CC6_CC7,Ctrl_LPS_LPS,no,no,no,no,no,no,no,11.3,538
NG033_PC723_WC76,NG033,NA,NA,PC723,TCTATTCGGT,WC76,CACGTCTACG,NA,NG033_P3,mouse_human,CC5_CC6_CC7,Ctrl_LPS_LPS,no,no,no,no,no,no,no,11.3,538
NG033_PC723_WC77,NG033,NA,NA,PC723,TCTATTCGGT,WC77,AGTCCAGTGA,NA,NG033_P3,mouse_human,CC5_CC6_CC7,Ctrl_LPS_LPS,no,no,no,no,no,no,no,11.3,538
NG033_PC723_WC78,NG033,NA,NA,PC723,TCTATTCGGT,WC78,ATGCTTGGTC,NA,NG033_P3,mouse_human,CC5_CC6_CC7,Ctrl_LPS_LPS,no,no,no,no,no,no,no,11.3,538
NG033_PC723_WC79,NG033,NA,NA,PC723,TCTATTCGGT,WC79,TGATACTCGC,NA,NG033_P3,mouse_human,CC5_CC6_CC7,Ctrl_LPS_LPS,no,no,no,no,no,no,no,11.3,538
NG033_PC723_WC80,NG033,NA,NA,PC723,TCTATTCGGT,WC80,TTATCGAGAG,NA,NG033_P3,mouse_human,CC5_CC6_CC7,Ctrl_LPS_LPS,no,no,no,no,no,no,no,11.3,538
NG033_PC723_WC81,NG033,NA,NA,PC723,TCTATTCGGT,WC81,TGCCAGTATT,NA,NG033_P3,mouse_human,CC5_CC6_CC7,Ctrl_LPS_LPS,no,no,no,no,no,no,no,11.3,538
NG033_PC723_WC82,NG033,NA,NA,PC723,TCTATTCGGT,WC82,GAGTTGCATA,NA,NG033_P3,mouse_human,CC5_CC6_CC7,Ctrl_LPS_LPS,no,no,no,no,no,no,no,11.3,538
NG033_PC723_WC83,NG033,NA,NA,PC723,TCTATTCGGT,WC83,ACACTAGCAT,NA,NG033_P3,mouse_human,CC5_CC6_CC7,Ctrl_LPS_LPS,no,no,no,no,no,no,no,11.3,538
NG033_PC723_WC84,NG033,NA,NA,PC723,TCTATTCGGT,WC84,GTTCTAATGG,NA,NG033_P3,mouse_human,CC5_CC6_CC7,Ctrl_LPS_LPS,no,no,no,no,no,no,no,11.3,538
NG033_PC723_WC85,NG033,NA,NA,PC723,TCTATTCGGT,WC85,CGTTCACGTT,NA,NG033_P3,mouse_human,CC5_CC6_CC7,Ctrl_LPS_LPS,no,no,no,no,no,no,no,11.3,538
NG033_PC723_WC86,NG033,NA,NA,PC723,TCTATTCGGT,WC86,GACTGCGTTA,NA,NG033_P3,mouse_human,CC5_CC6_CC7,Ctrl_LPS_LPS,no,no,no,no,no,no,no,11.3,538
NG033_PC723_WC87,NG033,NA,NA,PC723,TCTATTCGGT,WC87,TGGCTTATGG,NA,NG033_P3,mouse_human,CC5_CC6_CC7,Ctrl_LPS_LPS,no,no,no,no,no,no,no,11.3,538
NG033_PC723_WC88,NG033,NA,NA,PC723,TCTATTCGGT,WC88,TCAGAGGCAC,NA,NG033_P3,mouse_human,CC5_CC6_CC7,Ctrl_LPS_LPS,no,no,no,no,no,no,no,11.3,538
NG033_PC723_WC89,NG033,NA,NA,PC723,TCTATTCGGT,WC89,CGCTAGGCTA,NA,NG033_P3,mouse_human,CC5_CC6_CC7,Ctrl_LPS_LPS,no,no,no,no,no,no,no,11.3,538
NG033_PC723_WC90,NG033,NA,NA,PC723,TCTATTCGGT,WC90,AACCGTAACA,NA,NG033_P3,mouse_human,CC5_CC6_CC7,Ctrl_LPS_LPS,no,no,no,no,no,no,no,11.3,538
NG033_PC723_WC91,NG033,NA,NA,PC723,TCTATTCGGT,WC91,CTTGGTATGA,NA,NG033_P3,mouse_human,CC5_CC6_CC7,Ctrl_LPS_LPS,no,no,no,no,no,no,no,11.3,538
NG033_PC723_WC92,NG033,NA,NA,PC723,TCTATTCGGT,WC92,TGTAGATCCG,NA,NG033_P3,mouse_human,CC5_CC6_CC7,Ctrl_LPS_LPS,no,no,no,no,no,no,no,11.3,538
NG033_PC723_WC93,NG033,NA,NA,PC723,TCTATTCGGT,WC93,AACTCTACCG,NA,NG033_P3,mouse_human,CC5_CC6_CC7,Ctrl_LPS_LPS,no,no,no,no,no,no,no,11.3,538
NG033_PC723_WC94,NG033,NA,NA,PC723,TCTATTCGGT,WC94,CGTGACATTC,NA,NG033_P3,mouse_human,CC5_CC6_CC7,Ctrl_LPS_LPS,no,no,no,no,no,no,no,11.3,538
NG033_PC723_WC95,NG033,NA,NA,PC723,TCTATTCGGT,WC95,CTGTACCAGG,NA,NG033_P3,mouse_human,CC5_CC6_CC7,Ctrl_LPS_LPS,no,no,no,no,no,no,no,11.3,538
NG033_PC723_WC96,NG033,NA,NA,PC723,TCTATTCGGT,WC96,ACTGGTTCCG,NA,NG033_P3,mouse_human,CC5_CC6_CC7,Ctrl_LPS_LPS,no,no,no,no,no,no,no,11.3,538
NG033_PC725_WC1,NG033,NA,NA,PC725,CACGAAGTAA,WC1,GTCGTGAATC,NA,NG033_P4,mouse_human,CC5_CC6_CC7,Ctrl_LPS_LPS,no,CC7_UnclearDropletEjection,no,no,no,no,no,6.61,533
NG033_PC725_WC2,NG033,NA,NA,PC725,CACGAAGTAA,WC2,CTGTTCTACG,NA,NG033_P4,mouse_human,CC5_CC6_CC7,Ctrl_LPS_LPS,no,CC7_UnclearDropletEjection,no,no,no,no,no,6.61,533
NG033_PC725_WC3,NG033,NA,NA,PC725,CACGAAGTAA,WC3,GCTCTTAGGT,NA,NG033_P4,mouse_human,CC5_CC6_CC7,Ctrl_LPS_LPS,no,CC7_UnclearDropletEjection,no,no,no,no,no,6.61,533
NG033_PC725_WC4,NG033,NA,NA,PC725,CACGAAGTAA,WC4,TAGAAGCCAT,NA,NG033_P4,mouse_human,CC5_CC6_CC7,Ctrl_LPS_LPS,no,CC7_UnclearDropletEjection,no,no,no,no,no,6.61,533
NG033_PC725_WC5,NG033,NA,NA,PC725,CACGAAGTAA,WC5,CACTTAGGTA,NA,NG033_P4,mouse_human,CC5_CC6_CC7,Ctrl_LPS_LPS,no,CC7_UnclearDropletEjection,no,no,no,no,no,6.61,533
NG033_PC725_WC6,NG033,NA,NA,PC725,CACGAAGTAA,WC6,ATAGGTAAGG,NA,NG033_P4,mouse_human,CC5_CC6_CC7,Ctrl_LPS_LPS,no,CC7_UnclearDropletEjection,no,no,no,no,no,6.61,533
NG033_PC725_WC7,NG033,NA,NA,PC725,CACGAAGTAA,WC7,CGCCTTATAT,NA,NG033_P4,mouse_human,CC5_CC6_CC7,Ctrl_LPS_LPS,no,CC7_UnclearDropletEjection,no,no,no,no,no,6.61,533
NG033_PC725_WC8,NG033,NA,NA,PC725,CACGAAGTAA,WC8,GCACGATGCT,NA,NG033_P4,mouse_human,CC5_CC6_CC7,Ctrl_LPS_LPS,no,CC7_UnclearDropletEjection,no,no,no,no,no,6.61,533
NG033_PC725_WC9,NG033,NA,NA,PC725,CACGAAGTAA,WC9,AATATGCCAG,NA,NG033_P4,mouse_human,CC5_CC6_CC7,Ctrl_LPS_LPS,no,CC7_UnclearDropletEjection,no,no,no,no,no,6.61,533
NG033_PC725_WC10,NG033,NA,NA,PC725,CACGAAGTAA,WC10,TAGAGTCACG,NA,NG033_P4,mouse_human,CC5_CC6_CC7,Ctrl_LPS_LPS,no,CC7_UnclearDropletEjection,no,no,no,no,no,6.61,533
NG033_PC725_WC11,NG033,NA,NA,PC725,CACGAAGTAA,WC11,TTAACAGGTC,NA,NG033_P4,mouse_human,CC5_CC6_CC7,Ctrl_LPS_LPS,no,CC7_UnclearDropletEjection,no,no,no,no,no,6.61,533
NG033_PC725_WC12,NG033,NA,NA,PC725,CACGAAGTAA,WC12,ACATGAGCCA,NA,NG033_P4,mouse_human,CC5_CC6_CC7,Ctrl_LPS_LPS,no,CC7_UnclearDropletEjection,no,no,no,no,no,6.61,533
NG033_PC725_WC13,NG033,NA,NA,PC725,CACGAAGTAA,WC13,GCGAGGTTCT,NA,NG033_P4,mouse_human,CC5_CC6_CC7,Ctrl_LPS_LPS,no,CC7_UnclearDropletEjection,no,no,no,no,no,6.61,533
NG033_PC725_WC14,NG033,NA,NA,PC725,CACGAAGTAA,WC14,TGTCCGTAGG,NA,NG033_P4,mouse_human,CC5_CC6_CC7,Ctrl_LPS_LPS,no,CC7_UnclearDropletEjection,no,no,no,no,no,6.61,533
NG033_PC725_WC15,NG033,NA,NA,PC725,CACGAAGTAA,WC15,CATTATGCCT,NA,NG033_P4,mouse_human,CC5_CC6_CC7,Ctrl_LPS_LPS,no,CC7_UnclearDropletEjection,no,no,no,no,no,6.61,533
NG033_PC725_WC16,NG033,NA,NA,PC725,CACGAAGTAA,WC16,TCCACTGTTG,NA,NG033_P4,mouse_human,CC5_CC6_CC7,Ctrl_LPS_LPS,no,CC7_UnclearDropletEjection,no,no,no,no,no,6.61,533
NG033_PC725_WC17,NG033,NA,NA,PC725,CACGAAGTAA,WC17,CTTAACGACA,NA,NG033_P4,mouse_human,CC5_CC6_CC7,Ctrl_LPS_LPS,no,CC7_UnclearDropletEjection,no,no,no,no,no,6.61,533
NG033_PC725_WC18,NG033,NA,NA,PC725,CACGAAGTAA,WC18,TCCTCGAGCT,NA,NG033_P4,mouse_human,CC5_CC6_CC7,Ctrl_LPS_LPS,no,CC7_UnclearDropletEjection,no,no,no,no,no,6.61,533
NG033_PC725_WC19,NG033,NA,NA,PC725,CACGAAGTAA,WC19,CGAGTAATGT,NA,NG033_P4,mouse_human,CC5_CC6_CC7,Ctrl_LPS_LPS,no,CC7_UnclearDropletEjection,no,no,no,no,no,6.61,533
NG033_PC725_WC20,NG033,NA,NA,PC725,CACGAAGTAA,WC20,CATACCGCTG,NA,NG033_P4,mouse_human,CC5_CC6_CC7,Ctrl_LPS_LPS,no,CC7_UnclearDropletEjection,no,no,no,no,no,6.61,533
NG033_PC725_WC21,NG033,NA,NA,PC725,CACGAAGTAA,WC21,GCTACTTGCA,NA,NG033_P4,mouse_human,CC5_CC6_CC7,Ctrl_LPS_LPS,no,CC7_UnclearDropletEjection,no,no,no,no,no,6.61,533
NG033_PC725_WC22,NG033,NA,NA,PC725,CACGAAGTAA,WC22,GCTATTGAAG,NA,NG033_P4,mouse_human,CC5_CC6_CC7,Ctrl_LPS_LPS,no,CC7_UnclearDropletEjection,no,no,no,no,no,6.61,533
NG033_PC725_WC23,NG033,NA,NA,PC725,CACGAAGTAA,WC23,TCAGCATCCG,NA,NG033_P4,mouse_human,CC5_CC6_CC7,Ctrl_LPS_LPS,no,CC7_UnclearDropletEjection,no,no,no,no,no,6.61,533
NG033_PC725_WC24,NG033,NA,NA,PC725,CACGAAGTAA,WC24,TAGGTGGTGG,NA,NG033_P4,mouse_human,CC5_CC6_CC7,Ctrl_LPS_LPS,no,CC7_UnclearDropletEjection,no,no,no,no,no,6.61,533
NG033_PC725_WC25,NG033,NA,NA,PC725,CACGAAGTAA,WC25,AAGATCGGAT,NA,NG033_P4,mouse_human,CC5_CC6_CC7,Ctrl_LPS_LPS,no,CC7_UnclearDropletEjection,no,no,no,no,no,6.61,533
NG033_PC725_WC26,NG033,NA,NA,PC725,CACGAAGTAA,WC26,TTAACGTCCG,NA,NG033_P4,mouse_human,CC5_CC6_CC7,Ctrl_LPS_LPS,no,CC7_UnclearDropletEjection,no,no,no,no,no,6.61,533
NG033_PC725_WC27,NG033,NA,NA,PC725,CACGAAGTAA,WC27,ATTACCGATC,NA,NG033_P4,mouse_human,CC5_CC6_CC7,Ctrl_LPS_LPS,no,CC7_UnclearDropletEjection,no,no,no,no,no,6.61,533
NG033_PC725_WC28,NG033,NA,NA,PC725,CACGAAGTAA,WC28,GTTGCATCGT,NA,NG033_P4,mouse_human,CC5_CC6_CC7,Ctrl_LPS_LPS,no,CC7_UnclearDropletEjection,no,no,no,no,no,6.61,533
NG033_PC725_WC29,NG033,NA,NA,PC725,CACGAAGTAA,WC29,ACTGGACGTT,NA,NG033_P4,mouse_human,CC5_CC6_CC7,Ctrl_LPS_LPS,no,CC7_UnclearDropletEjection,no,no,no,no,no,6.61,533
NG033_PC725_WC30,NG033,NA,NA,PC725,CACGAAGTAA,WC30,TTGTTCGTGT,NA,NG033_P4,mouse_human,CC5_CC6_CC7,Ctrl_LPS_LPS,no,CC7_UnclearDropletEjection,no,no,no,no,no,6.61,533
NG033_PC725_WC31,NG033,NA,NA,PC725,CACGAAGTAA,WC31,ACGGACTGAG,NA,NG033_P4,mouse_human,CC5_CC6_CC7,Ctrl_LPS_LPS,no,CC7_UnclearDropletEjection,no,no,no,no,no,6.61,533
NG033_PC725_WC32,NG033,NA,NA,PC725,CACGAAGTAA,WC32,CACCGTCATA,NA,NG033_P4,mouse_human,CC5_CC6_CC7,Ctrl_LPS_LPS,no,CC7_UnclearDropletEjection,no,no,no,no,no,6.61,533
NG033_PC725_WC33,NG033,NA,NA,PC725,CACGAAGTAA,WC33,GTAGTTGTGT,NA,NG033_P4,mouse_human,CC5_CC6_CC7,Ctrl_LPS_LPS,no,CC7_UnclearDropletEjection,no,no,no,no,no,6.61,533
NG033_PC725_WC34,NG033,NA,NA,PC725,CACGAAGTAA,WC34,CTGAGTCCTT,NA,NG033_P4,mouse_human,CC5_CC6_CC7,Ctrl_LPS_LPS,no,CC7_UnclearDropletEjection,no,no,no,no,no,6.61,533
NG033_PC725_WC35,NG033,NA,NA,PC725,CACGAAGTAA,WC35,TCACAGTTGC,NA,NG033_P4,mouse_human,CC5_CC6_CC7,Ctrl_LPS_LPS,no,CC7_UnclearDropletEjection,no,no,no,no,no,6.61,533
NG033_PC725_WC36,NG033,NA,NA,PC725,CACGAAGTAA,WC36,ATTGTAAGCG,NA,NG033_P4,mouse_human,CC5_CC6_CC7,Ctrl_LPS_LPS,no,CC7_UnclearDropletEjection,no,no,no,no,no,6.61,533
NG033_PC725_WC37,NG033,NA,NA,PC725,CACGAAGTAA,WC37,CGGTCTCTCT,NA,NG033_P4,mouse_human,CC5_CC6_CC7,Ctrl_LPS_LPS,no,CC7_UnclearDropletEjection,no,no,no,no,no,6.61,533
NG033_PC725_WC38,NG033,NA,NA,PC725,CACGAAGTAA,WC38,AACAGCAATG,NA,NG033_P4,mouse_human,CC5_CC6_CC7,Ctrl_LPS_LPS,no,CC7_UnclearDropletEjection,no,no,no,no,no,6.61,533
NG033_PC725_WC39,NG033,NA,NA,PC725,CACGAAGTAA,WC39,TCCGTGTTGC,NA,NG033_P4,mouse_human,CC5_CC6_CC7,Ctrl_LPS_LPS,no,CC7_UnclearDropletEjection,no,no,no,no,no,6.61,533
NG033_PC725_WC40,NG033,NA,NA,PC725,CACGAAGTAA,WC40,TGCGAAGTGA,NA,NG033_P4,mouse_human,CC5_CC6_CC7,Ctrl_LPS_LPS,no,CC7_UnclearDropletEjection,no,no,no,no,no,6.61,533
NG033_PC725_WC41,NG033,NA,NA,PC725,CACGAAGTAA,WC41,CACAGCTATT,NA,NG033_P4,mouse_human,CC5_CC6_CC7,Ctrl_LPS_LPS,no,CC7_UnclearDropletEjection,no,no,no,no,no,6.61,533
NG033_PC725_WC42,NG033,NA,NA,PC725,CACGAAGTAA,WC42,GATAGTGTTC,NA,NG033_P4,mouse_human,CC5_CC6_CC7,Ctrl_LPS_LPS,no,CC7_UnclearDropletEjection,no,no,no,no,no,6.61,533
NG033_PC725_WC43,NG033,NA,NA,PC725,CACGAAGTAA,WC43,TAGCTACCAG,NA,NG033_P4,mouse_human,CC5_CC6_CC7,Ctrl_LPS_LPS,no,CC7_UnclearDropletEjection,no,no,no,no,no,6.61,533
NG033_PC725_WC44,NG033,NA,NA,PC725,CACGAAGTAA,WC44,TGCTCACGCA,NA,NG033_P4,mouse_human,CC5_CC6_CC7,Ctrl_LPS_LPS,no,CC7_UnclearDropletEjection,no,no,no,no,no,6.61,533
NG033_PC725_WC45,NG033,NA,NA,PC725,CACGAAGTAA,WC45,AAGTGTGCTA,NA,NG033_P4,mouse_human,CC5_CC6_CC7,Ctrl_LPS_LPS,no,CC7_UnclearDropletEjection,no,no,no,no,no,6.61,533
NG033_PC725_WC46,NG033,NA,NA,PC725,CACGAAGTAA,WC46,TCATCGTCTG,NA,NG033_P4,mouse_human,CC5_CC6_CC7,Ctrl_LPS_LPS,no,CC7_UnclearDropletEjection,no,no,no,no,no,6.61,533
NG033_PC725_WC47,NG033,NA,NA,PC725,CACGAAGTAA,WC47,AGATGCTCCG,NA,NG033_P4,mouse_human,CC5_CC6_CC7,Ctrl_LPS_LPS,no,CC7_UnclearDropletEjection,no,no,no,no,no,6.61,533
NG033_PC725_WC48,NG033,NA,NA,PC725,CACGAAGTAA,WC48,GAACCAAGCG,NA,NG033_P4,mouse_human,CC5_CC6_CC7,Ctrl_LPS_LPS,no,CC7_UnclearDropletEjection,no,no,no,no,no,6.61,533
NG033_PC725_WC49,NG033,NA,NA,PC725,CACGAAGTAA,WC49,CCTCTTCAAG,NA,NG033_P4,mouse_human,CC5_CC6_CC7,Ctrl_LPS_LPS,no,CC7_UnclearDropletEjection,no,no,no,no,no,6.61,533
NG033_PC725_WC50,NG033,NA,NA,PC725,CACGAAGTAA,WC50,CGTCGCATCT,NA,NG033_P4,mouse_human,CC5_CC6_CC7,Ctrl_LPS_LPS,no,CC7_UnclearDropletEjection,no,no,no,no,no,6.61,533
NG033_PC725_WC51,NG033,NA,NA,PC725,CACGAAGTAA,WC51,CCGAACGTTC,NA,NG033_P4,mouse_human,CC5_CC6_CC7,Ctrl_LPS_LPS,no,CC7_UnclearDropletEjection,no,no,no,no,no,6.61,533
NG033_PC725_WC52,NG033,NA,NA,PC725,CACGAAGTAA,WC52,GAATGGCGTT,NA,NG033_P4,mouse_human,CC5_CC6_CC7,Ctrl_LPS_LPS,no,CC7_UnclearDropletEjection,no,no,no,no,no,6.61,533
NG033_PC725_WC53,NG033,NA,NA,PC725,CACGAAGTAA,WC53,AAGTTCAGGA,NA,NG033_P4,mouse_human,CC5_CC6_CC7,Ctrl_LPS_LPS,no,CC7_UnclearDropletEjection,no,no,no,no,no,6.61,533
NG033_PC725_WC54,NG033,NA,NA,PC725,CACGAAGTAA,WC54,GACCAATTGT,NA,NG033_P4,mouse_human,CC5_CC6_CC7,Ctrl_LPS_LPS,no,CC7_UnclearDropletEjection,no,no,no,no,no,6.61,533
NG033_PC725_WC55,NG033,NA,NA,PC725,CACGAAGTAA,WC55,TGTCTGTGAC,NA,NG033_P4,mouse_human,CC5_CC6_CC7,Ctrl_LPS_LPS,no,CC7_UnclearDropletEjection,no,no,no,no,no,6.61,533
NG033_PC725_WC56,NG033,NA,NA,PC725,CACGAAGTAA,WC56,GAACATTGGC,NA,NG033_P4,mouse_human,CC5_CC6_CC7,Ctrl_LPS_LPS,no,CC7_UnclearDropletEjection,no,no,no,no,no,6.61,533
NG033_PC725_WC57,NG033,NA,NA,PC725,CACGAAGTAA,WC57,CGTAACACTA,NA,NG033_P4,mouse_human,CC5_CC6_CC7,Ctrl_LPS_LPS,no,CC7_UnclearDropletEjection,no,no,no,no,no,6.61,533
NG033_PC725_WC58,NG033,NA,NA,PC725,CACGAAGTAA,WC58,GTACTTCCAA,NA,NG033_P4,mouse_human,CC5_CC6_CC7,Ctrl_LPS_LPS,no,CC7_UnclearDropletEjection,no,no,no,no,no,6.61,533
NG033_PC725_WC59,NG033,NA,NA,PC725,CACGAAGTAA,WC59,TTAGCGTCTT,NA,NG033_P4,mouse_human,CC5_CC6_CC7,Ctrl_LPS_LPS,no,CC7_UnclearDropletEjection,no,no,no,no,no,6.61,533
NG033_PC725_WC60,NG033,NA,NA,PC725,CACGAAGTAA,WC60,TTGACCGTCT,NA,NG033_P4,mouse_human,CC5_CC6_CC7,Ctrl_LPS_LPS,no,CC7_UnclearDropletEjection,no,no,no,no,no,6.61,533
NG033_PC725_WC61,NG033,NA,NA,PC725,CACGAAGTAA,WC61,ACGGCTTCTC,NA,NG033_P4,mouse_human,CC5_CC6_CC7,Ctrl_LPS_LPS,no,CC7_UnclearDropletEjection,no,no,no,no,no,6.61,533
NG033_PC725_WC62,NG033,NA,NA,PC725,CACGAAGTAA,WC62,TGCGATGTAT,NA,NG033_P4,mouse_human,CC5_CC6_CC7,Ctrl_LPS_LPS,no,CC7_UnclearDropletEjection,no,no,no,no,no,6.61,533
NG033_PC725_WC63,NG033,NA,NA,PC725,CACGAAGTAA,WC63,GCGTTCAGCA,NA,NG033_P4,mouse_human,CC5_CC6_CC7,Ctrl_LPS_LPS,no,CC7_UnclearDropletEjection,no,no,no,no,no,6.61,533
NG033_PC725_WC64,NG033,NA,NA,PC725,CACGAAGTAA,WC64,GCCTAGGAAG,NA,NG033_P4,mouse_human,CC5_CC6_CC7,Ctrl_LPS_LPS,no,CC7_UnclearDropletEjection,no,no,no,no,no,6.61,533
NG033_PC725_WC65,NG033,NA,NA,PC725,CACGAAGTAA,WC65,GTTACCAACG,NA,NG033_P4,mouse_human,CC5_CC6_CC7,Ctrl_LPS_LPS,no,CC7_UnclearDropletEjection,no,no,no,no,no,6.61,533
NG033_PC725_WC66,NG033,NA,NA,PC725,CACGAAGTAA,WC66,ACGAACCAAG,NA,NG033_P4,mouse_human,CC5_CC6_CC7,Ctrl_LPS_LPS,no,CC7_UnclearDropletEjection,no,no,no,no,no,6.61,533
NG033_PC725_WC67,NG033,NA,NA,PC725,CACGAAGTAA,WC67,CACGCAAGTC,NA,NG033_P4,mouse_human,CC5_CC6_CC7,Ctrl_LPS_LPS,no,CC7_UnclearDropletEjection,no,no,no,no,no,6.61,533
NG033_PC725_WC68,NG033,NA,NA,PC725,CACGAAGTAA,WC68,GCTGGAGAAG,NA,NG033_P4,mouse_human,CC5_CC6_CC7,Ctrl_LPS_LPS,no,CC7_UnclearDropletEjection,no,no,no,no,no,6.61,533
NG033_PC725_WC69,NG033,NA,NA,PC725,CACGAAGTAA,WC69,CCAGTGTACG,NA,NG033_P4,mouse_human,CC5_CC6_CC7,Ctrl_LPS_LPS,no,CC7_UnclearDropletEjection,no,no,no,no,no,6.61,533
NG033_PC725_WC70,NG033,NA,NA,PC725,CACGAAGTAA,WC70,GTTGATGCGA,NA,NG033_P4,mouse_human,CC5_CC6_CC7,Ctrl_LPS_LPS,no,CC7_UnclearDropletEjection,no,no,no,no,no,6.61,533
NG033_PC725_WC71,NG033,NA,NA,PC725,CACGAAGTAA,WC71,CGCTTGTTAT,NA,NG033_P4,mouse_human,CC5_CC6_CC7,Ctrl_LPS_LPS,no,CC7_UnclearDropletEjection,no,no,no,no,no,6.61,533
NG033_PC725_WC72,NG033,NA,NA,PC725,CACGAAGTAA,WC72,GTAACGTTCA,NA,NG033_P4,mouse_human,CC5_CC6_CC7,Ctrl_LPS_LPS,no,CC7_UnclearDropletEjection,no,no,no,no,no,6.61,533
NG033_PC725_WC73,NG033,NA,NA,PC725,CACGAAGTAA,WC73,CCGAGTCTTC,NA,NG033_P4,mouse_human,CC5_CC6_CC7,Ctrl_LPS_LPS,no,CC7_UnclearDropletEjection,no,no,no,no,no,6.61,533
NG033_PC725_WC74,NG033,NA,NA,PC725,CACGAAGTAA,WC74,TATTGCGCTA,NA,NG033_P4,mouse_human,CC5_CC6_CC7,Ctrl_LPS_LPS,no,CC7_UnclearDropletEjection,no,no,no,no,no,6.61,533
NG033_PC725_WC75,NG033,NA,NA,PC725,CACGAAGTAA,WC75,TGTGGTCTAA,NA,NG033_P4,mouse_human,CC5_CC6_CC7,Ctrl_LPS_LPS,no,CC7_UnclearDropletEjection,no,no,no,no,no,6.61,533
NG033_PC725_WC76,NG033,NA,NA,PC725,CACGAAGTAA,WC76,CACGTCTACG,NA,NG033_P4,mouse_human,CC5_CC6_CC7,Ctrl_LPS_LPS,no,CC7_UnclearDropletEjection,no,no,no,no,no,6.61,533
NG033_PC725_WC77,NG033,NA,NA,PC725,CACGAAGTAA,WC77,AGTCCAGTGA,NA,NG033_P4,mouse_human,CC5_CC6_CC7,Ctrl_LPS_LPS,no,CC7_UnclearDropletEjection,no,no,no,no,no,6.61,533
NG033_PC725_WC78,NG033,NA,NA,PC725,CACGAAGTAA,WC78,ATGCTTGGTC,NA,NG033_P4,mouse_human,CC5_CC6_CC7,Ctrl_LPS_LPS,no,CC7_UnclearDropletEjection,no,no,no,no,no,6.61,533
NG033_PC725_WC79,NG033,NA,NA,PC725,CACGAAGTAA,WC79,TGATACTCGC,NA,NG033_P4,mouse_human,CC5_CC6_CC7,Ctrl_LPS_LPS,no,CC7_UnclearDropletEjection,no,no,no,no,no,6.61,533
NG033_PC725_WC80,NG033,NA,NA,PC725,CACGAAGTAA,WC80,TTATCGAGAG,NA,NG033_P4,mouse_human,CC5_CC6_CC7,Ctrl_LPS_LPS,no,CC7_UnclearDropletEjection,no,no,no,no,no,6.61,533
NG033_PC725_WC81,NG033,NA,NA,PC725,CACGAAGTAA,WC81,TGCCAGTATT,NA,NG033_P4,mouse_human,CC5_CC6_CC7,Ctrl_LPS_LPS,no,CC7_UnclearDropletEjection,no,no,no,no,no,6.61,533
NG033_PC725_WC82,NG033,NA,NA,PC725,CACGAAGTAA,WC82,GAGTTGCATA,NA,NG033_P4,mouse_human,CC5_CC6_CC7,Ctrl_LPS_LPS,no,CC7_UnclearDropletEjection,no,no,no,no,no,6.61,533
NG033_PC725_WC83,NG033,NA,NA,PC725,CACGAAGTAA,WC83,ACACTAGCAT,NA,NG033_P4,mouse_human,CC5_CC6_CC7,Ctrl_LPS_LPS,no,CC7_UnclearDropletEjection,no,no,no,no,no,6.61,533
NG033_PC725_WC84,NG033,NA,NA,PC725,CACGAAGTAA,WC84,GTTCTAATGG,NA,NG033_P4,mouse_human,CC5_CC6_CC7,Ctrl_LPS_LPS,no,CC7_UnclearDropletEjection,no,no,no,no,no,6.61,533
NG033_PC725_WC85,NG033,NA,NA,PC725,CACGAAGTAA,WC85,CGTTCACGTT,NA,NG033_P4,mouse_human,CC5_CC6_CC7,Ctrl_LPS_LPS,no,CC7_UnclearDropletEjection,no,no,no,no,no,6.61,533
NG033_PC725_WC86,NG033,NA,NA,PC725,CACGAAGTAA,WC86,GACTGCGTTA,NA,NG033_P4,mouse_human,CC5_CC6_CC7,Ctrl_LPS_LPS,no,CC7_UnclearDropletEjection,no,no,no,no,no,6.61,533
NG033_PC725_WC87,NG033,NA,NA,PC725,CACGAAGTAA,WC87,TGGCTTATGG,NA,NG033_P4,mouse_human,CC5_CC6_CC7,Ctrl_LPS_LPS,no,CC7_UnclearDropletEjection,no,no,no,no,no,6.61,533
NG033_PC725_WC88,NG033,NA,NA,PC725,CACGAAGTAA,WC88,TCAGAGGCAC,NA,NG033_P4,mouse_human,CC5_CC6_CC7,Ctrl_LPS_LPS,no,CC7_UnclearDropletEjection,no,no,no,no,no,6.61,533
NG033_PC725_WC89,NG033,NA,NA,PC725,CACGAAGTAA,WC89,CGCTAGGCTA,NA,NG033_P4,mouse_human,CC5_CC6_CC7,Ctrl_LPS_LPS,no,CC7_UnclearDropletEjection,no,no,no,no,no,6.61,533
NG033_PC725_WC90,NG033,NA,NA,PC725,CACGAAGTAA,WC90,AACCGTAACA,NA,NG033_P4,mouse_human,CC5_CC6_CC7,Ctrl_LPS_LPS,no,CC7_UnclearDropletEjection,no,no,no,no,no,6.61,533
NG033_PC725_WC91,NG033,NA,NA,PC725,CACGAAGTAA,WC91,CTTGGTATGA,NA,NG033_P4,mouse_human,CC5_CC6_CC7,Ctrl_LPS_LPS,no,CC7_UnclearDropletEjection,no,no,no,no,no,6.61,533
NG033_PC725_WC92,NG033,NA,NA,PC725,CACGAAGTAA,WC92,TGTAGATCCG,NA,NG033_P4,mouse_human,CC5_CC6_CC7,Ctrl_LPS_LPS,no,CC7_UnclearDropletEjection,no,no,no,no,no,6.61,533
NG033_PC725_WC93,NG033,NA,NA,PC725,CACGAAGTAA,WC93,AACTCTACCG,NA,NG033_P4,mouse_human,CC5_CC6_CC7,Ctrl_LPS_LPS,no,CC7_UnclearDropletEjection,no,no,no,no,no,6.61,533
NG033_PC725_WC94,NG033,NA,NA,PC725,CACGAAGTAA,WC94,CGTGACATTC,NA,NG033_P4,mouse_human,CC5_CC6_CC7,Ctrl_LPS_LPS,no,CC7_UnclearDropletEjection,no,no,no,no,no,6.61,533
NG033_PC725_WC95,NG033,NA,NA,PC725,CACGAAGTAA,WC95,CTGTACCAGG,NA,NG033_P4,mouse_human,CC5_CC6_CC7,Ctrl_LPS_LPS,no,CC7_UnclearDropletEjection,no,no,no,no,no,6.61,533
NG033_PC725_WC96,NG033,NA,NA,PC725,CACGAAGTAA,WC96,ACTGGTTCCG,NA,NG033_P4,mouse_human,CC5_CC6_CC7,Ctrl_LPS_LPS,no,CC7_UnclearDropletEjection,no,no,no,no,no,6.61,533
