[Data],,,,,,,,,,,,,
Sample_ID,Sample_Plate,Sample_Well,Lane,I7_Index_ID,index,I5_Index_ID,index2,Sample_Project,Description,Species,CC_used,Condition_per_CC,ERCC
NG004_PC724_WC1,NG004,NA,NA,PC724,GAATCGTCCG,WC1,GTCGTGAATC,NA,NG004_P3,mouse,CC7_CC8_CC9_CC10,Ctrl_LPS_Ctrl_MIX,no
NG004_PC724_WC2,NG004,NA,NA,PC724,GAATCGTCCG,WC2,CTGTTCTACG,NA,NG004_P3,mouse,CC7_CC8_CC9_CC10,Ctrl_LPS_Ctrl_MIX,no
NG004_PC724_WC3,NG004,NA,NA,PC724,GAATCGTCCG,WC3,GCTCTTAGGT,NA,NG004_P3,mouse,CC7_CC8_CC9_CC10,Ctrl_LPS_Ctrl_MIX,no
NG004_PC724_WC4,NG004,NA,NA,PC724,GAATCGTCCG,WC4,TAGAAGCCAT,NA,NG004_P3,mouse,CC7_CC8_CC9_CC10,Ctrl_LPS_Ctrl_MIX,no
NG004_PC724_WC5,NG004,NA,NA,PC724,GAATCGTCCG,WC5,CACTTAGGTA,NA,NG004_P3,mouse,CC7_CC8_CC9_CC10,Ctrl_LPS_Ctrl_MIX,no
NG004_PC724_WC6,NG004,NA,NA,PC724,GAATCGTCCG,WC6,ATAGGTAAGG,NA,NG004_P3,mouse,CC7_CC8_CC9_CC10,Ctrl_LPS_Ctrl_MIX,no
NG004_PC724_WC7,NG004,NA,NA,PC724,GAATCGTCCG,WC7,CGCCTTATAT,NA,NG004_P3,mouse,CC7_CC8_CC9_CC10,Ctrl_LPS_Ctrl_MIX,no
NG004_PC724_WC8,NG004,NA,NA,PC724,GAATCGTCCG,WC8,GCACGATGCT,NA,NG004_P3,mouse,CC7_CC8_CC9_CC10,Ctrl_LPS_Ctrl_MIX,no
NG004_PC724_WC9,NG004,NA,NA,PC724,GAATCGTCCG,WC9,AATATGCCAG,NA,NG004_P3,mouse,CC7_CC8_CC9_CC10,Ctrl_LPS_Ctrl_MIX,no
NG004_PC724_WC10,NG004,NA,NA,PC724,GAATCGTCCG,WC10,TAGAGTCACG,NA,NG004_P3,mouse,CC7_CC8_CC9_CC10,Ctrl_LPS_Ctrl_MIX,no
NG004_PC724_WC11,NG004,NA,NA,PC724,GAATCGTCCG,WC11,TTAACAGGTC,NA,NG004_P3,mouse,CC7_CC8_CC9_CC10,Ctrl_LPS_Ctrl_MIX,no
NG004_PC724_WC12,NG004,NA,NA,PC724,GAATCGTCCG,WC12,ACATGAGCCA,NA,NG004_P3,mouse,CC7_CC8_CC9_CC10,Ctrl_LPS_Ctrl_MIX,no
NG004_PC724_WC13,NG004,NA,NA,PC724,GAATCGTCCG,WC13,GCGAGGTTCT,NA,NG004_P3,mouse,CC7_CC8_CC9_CC10,Ctrl_LPS_Ctrl_MIX,no
NG004_PC724_WC14,NG004,NA,NA,PC724,GAATCGTCCG,WC14,TGTCCGTAGG,NA,NG004_P3,mouse,CC7_CC8_CC9_CC10,Ctrl_LPS_Ctrl_MIX,no
NG004_PC724_WC15,NG004,NA,NA,PC724,GAATCGTCCG,WC15,CATTATGCCT,NA,NG004_P3,mouse,CC7_CC8_CC9_CC10,Ctrl_LPS_Ctrl_MIX,no
NG004_PC724_WC16,NG004,NA,NA,PC724,GAATCGTCCG,WC16,TCCACTGTTG,NA,NG004_P3,mouse,CC7_CC8_CC9_CC10,Ctrl_LPS_Ctrl_MIX,no
NG004_PC724_WC17,NG004,NA,NA,PC724,GAATCGTCCG,WC17,CTTAACGACA,NA,NG004_P3,mouse,CC7_CC8_CC9_CC10,Ctrl_LPS_Ctrl_MIX,no
NG004_PC724_WC18,NG004,NA,NA,PC724,GAATCGTCCG,WC18,TCCTCGAGCT,NA,NG004_P3,mouse,CC7_CC8_CC9_CC10,Ctrl_LPS_Ctrl_MIX,no
NG004_PC724_WC19,NG004,NA,NA,PC724,GAATCGTCCG,WC19,CGAGTAATGT,NA,NG004_P3,mouse,CC7_CC8_CC9_CC10,Ctrl_LPS_Ctrl_MIX,no
NG004_PC724_WC20,NG004,NA,NA,PC724,GAATCGTCCG,WC20,CATACCGCTG,NA,NG004_P3,mouse,CC7_CC8_CC9_CC10,Ctrl_LPS_Ctrl_MIX,no
NG004_PC724_WC21,NG004,NA,NA,PC724,GAATCGTCCG,WC21,GCTACTTGCA,NA,NG004_P3,mouse,CC7_CC8_CC9_CC10,Ctrl_LPS_Ctrl_MIX,no
NG004_PC724_WC22,NG004,NA,NA,PC724,GAATCGTCCG,WC22,GCTATTGAAG,NA,NG004_P3,mouse,CC7_CC8_CC9_CC10,Ctrl_LPS_Ctrl_MIX,no
NG004_PC724_WC23,NG004,NA,NA,PC724,GAATCGTCCG,WC23,TCAGCATCCG,NA,NG004_P3,mouse,CC7_CC8_CC9_CC10,Ctrl_LPS_Ctrl_MIX,no
NG004_PC724_WC24,NG004,NA,NA,PC724,GAATCGTCCG,WC24,TAGGTGGTGG,NA,NG004_P3,mouse,CC7_CC8_CC9_CC10,Ctrl_LPS_Ctrl_MIX,no
NG004_PC724_WC25,NG004,NA,NA,PC724,GAATCGTCCG,WC25,AAGATCGGAT,NA,NG004_P3,mouse,CC7_CC8_CC9_CC10,Ctrl_LPS_Ctrl_MIX,no
NG004_PC724_WC26,NG004,NA,NA,PC724,GAATCGTCCG,WC26,TTAACGTCCG,NA,NG004_P3,mouse,CC7_CC8_CC9_CC10,Ctrl_LPS_Ctrl_MIX,no
NG004_PC724_WC27,NG004,NA,NA,PC724,GAATCGTCCG,WC27,ATTACCGATC,NA,NG004_P3,mouse,CC7_CC8_CC9_CC10,Ctrl_LPS_Ctrl_MIX,no
NG004_PC724_WC28,NG004,NA,NA,PC724,GAATCGTCCG,WC28,GTTGCATCGT,NA,NG004_P3,mouse,CC7_CC8_CC9_CC10,Ctrl_LPS_Ctrl_MIX,no
NG004_PC724_WC29,NG004,NA,NA,PC724,GAATCGTCCG,WC29,ACTGGACGTT,NA,NG004_P3,mouse,CC7_CC8_CC9_CC10,Ctrl_LPS_Ctrl_MIX,no
NG004_PC724_WC30,NG004,NA,NA,PC724,GAATCGTCCG,WC30,TTGTTCGTGT,NA,NG004_P3,mouse,CC7_CC8_CC9_CC10,Ctrl_LPS_Ctrl_MIX,no
NG004_PC724_WC31,NG004,NA,NA,PC724,GAATCGTCCG,WC31,ACGGACTGAG,NA,NG004_P3,mouse,CC7_CC8_CC9_CC10,Ctrl_LPS_Ctrl_MIX,no
NG004_PC724_WC32,NG004,NA,NA,PC724,GAATCGTCCG,WC32,CACCGTCATA,NA,NG004_P3,mouse,CC7_CC8_CC9_CC10,Ctrl_LPS_Ctrl_MIX,no
NG004_PC724_WC33,NG004,NA,NA,PC724,GAATCGTCCG,WC33,GTAGTTGTGT,NA,NG004_P3,mouse,CC7_CC8_CC9_CC10,Ctrl_LPS_Ctrl_MIX,no
NG004_PC724_WC34,NG004,NA,NA,PC724,GAATCGTCCG,WC34,CTGAGTCCTT,NA,NG004_P3,mouse,CC7_CC8_CC9_CC10,Ctrl_LPS_Ctrl_MIX,no
NG004_PC724_WC35,NG004,NA,NA,PC724,GAATCGTCCG,WC35,TCACAGTTGC,NA,NG004_P3,mouse,CC7_CC8_CC9_CC10,Ctrl_LPS_Ctrl_MIX,no
NG004_PC724_WC36,NG004,NA,NA,PC724,GAATCGTCCG,WC36,ATTGTAAGCG,NA,NG004_P3,mouse,CC7_CC8_CC9_CC10,Ctrl_LPS_Ctrl_MIX,no
NG004_PC724_WC37,NG004,NA,NA,PC724,GAATCGTCCG,WC37,CGGTCTCTCT,NA,NG004_P3,mouse,CC7_CC8_CC9_CC10,Ctrl_LPS_Ctrl_MIX,no
NG004_PC724_WC38,NG004,NA,NA,PC724,GAATCGTCCG,WC38,AACAGCAATG,NA,NG004_P3,mouse,CC7_CC8_CC9_CC10,Ctrl_LPS_Ctrl_MIX,no
NG004_PC724_WC39,NG004,NA,NA,PC724,GAATCGTCCG,WC39,TCCGTGTTGC,NA,NG004_P3,mouse,CC7_CC8_CC9_CC10,Ctrl_LPS_Ctrl_MIX,no
NG004_PC724_WC40,NG004,NA,NA,PC724,GAATCGTCCG,WC40,TGCGAAGTGA,NA,NG004_P3,mouse,CC7_CC8_CC9_CC10,Ctrl_LPS_Ctrl_MIX,no
NG004_PC724_WC41,NG004,NA,NA,PC724,GAATCGTCCG,WC41,CACAGCTATT,NA,NG004_P3,mouse,CC7_CC8_CC9_CC10,Ctrl_LPS_Ctrl_MIX,no
NG004_PC724_WC42,NG004,NA,NA,PC724,GAATCGTCCG,WC42,GATAGTGTTC,NA,NG004_P3,mouse,CC7_CC8_CC9_CC10,Ctrl_LPS_Ctrl_MIX,no
NG004_PC724_WC43,NG004,NA,NA,PC724,GAATCGTCCG,WC43,TAGCTACCAG,NA,NG004_P3,mouse,CC7_CC8_CC9_CC10,Ctrl_LPS_Ctrl_MIX,no
NG004_PC724_WC44,NG004,NA,NA,PC724,GAATCGTCCG,WC44,TGCTCACGCA,NA,NG004_P3,mouse,CC7_CC8_CC9_CC10,Ctrl_LPS_Ctrl_MIX,no
NG004_PC724_WC45,NG004,NA,NA,PC724,GAATCGTCCG,WC45,AAGTGTGCTA,NA,NG004_P3,mouse,CC7_CC8_CC9_CC10,Ctrl_LPS_Ctrl_MIX,no
NG004_PC724_WC46,NG004,NA,NA,PC724,GAATCGTCCG,WC46,TCATCGTCTG,NA,NG004_P3,mouse,CC7_CC8_CC9_CC10,Ctrl_LPS_Ctrl_MIX,no
NG004_PC724_WC47,NG004,NA,NA,PC724,GAATCGTCCG,WC47,AGATGCTCCG,NA,NG004_P3,mouse,CC7_CC8_CC9_CC10,Ctrl_LPS_Ctrl_MIX,no
NG004_PC724_WC48,NG004,NA,NA,PC724,GAATCGTCCG,WC48,GAACCAAGCG,NA,NG004_P3,mouse,CC7_CC8_CC9_CC10,Ctrl_LPS_Ctrl_MIX,no
NG004_PC724_WC49,NG004,NA,NA,PC724,GAATCGTCCG,WC49,CCTCTTCAAG,NA,NG004_P3,mouse,CC7_CC8_CC9_CC10,Ctrl_LPS_Ctrl_MIX,no
NG004_PC724_WC50,NG004,NA,NA,PC724,GAATCGTCCG,WC50,CGTCGCATCT,NA,NG004_P3,mouse,CC7_CC8_CC9_CC10,Ctrl_LPS_Ctrl_MIX,no
NG004_PC724_WC51,NG004,NA,NA,PC724,GAATCGTCCG,WC51,CCGAACGTTC,NA,NG004_P3,mouse,CC7_CC8_CC9_CC10,Ctrl_LPS_Ctrl_MIX,no
NG004_PC724_WC52,NG004,NA,NA,PC724,GAATCGTCCG,WC52,GAATGGCGTT,NA,NG004_P3,mouse,CC7_CC8_CC9_CC10,Ctrl_LPS_Ctrl_MIX,no
NG004_PC724_WC53,NG004,NA,NA,PC724,GAATCGTCCG,WC53,AAGTTCAGGA,NA,NG004_P3,mouse,CC7_CC8_CC9_CC10,Ctrl_LPS_Ctrl_MIX,no
NG004_PC724_WC54,NG004,NA,NA,PC724,GAATCGTCCG,WC54,GACCAATTGT,NA,NG004_P3,mouse,CC7_CC8_CC9_CC10,Ctrl_LPS_Ctrl_MIX,no
NG004_PC724_WC55,NG004,NA,NA,PC724,GAATCGTCCG,WC55,TGTCTGTGAC,NA,NG004_P3,mouse,CC7_CC8_CC9_CC10,Ctrl_LPS_Ctrl_MIX,no
NG004_PC724_WC56,NG004,NA,NA,PC724,GAATCGTCCG,WC56,GAACATTGGC,NA,NG004_P3,mouse,CC7_CC8_CC9_CC10,Ctrl_LPS_Ctrl_MIX,no
NG004_PC724_WC57,NG004,NA,NA,PC724,GAATCGTCCG,WC57,CGTAACACTA,NA,NG004_P3,mouse,CC7_CC8_CC9_CC10,Ctrl_LPS_Ctrl_MIX,no
NG004_PC724_WC58,NG004,NA,NA,PC724,GAATCGTCCG,WC58,GTACTTCCAA,NA,NG004_P3,mouse,CC7_CC8_CC9_CC10,Ctrl_LPS_Ctrl_MIX,no
NG004_PC724_WC59,NG004,NA,NA,PC724,GAATCGTCCG,WC59,TTAGCGTCTT,NA,NG004_P3,mouse,CC7_CC8_CC9_CC10,Ctrl_LPS_Ctrl_MIX,no
NG004_PC724_WC60,NG004,NA,NA,PC724,GAATCGTCCG,WC60,TTGACCGTCT,NA,NG004_P3,mouse,CC7_CC8_CC9_CC10,Ctrl_LPS_Ctrl_MIX,no
NG004_PC724_WC61,NG004,NA,NA,PC724,GAATCGTCCG,WC61,ACGGCTTCTC,NA,NG004_P3,mouse,CC7_CC8_CC9_CC10,Ctrl_LPS_Ctrl_MIX,no
NG004_PC724_WC62,NG004,NA,NA,PC724,GAATCGTCCG,WC62,TGCGATGTAT,NA,NG004_P3,mouse,CC7_CC8_CC9_CC10,Ctrl_LPS_Ctrl_MIX,no
NG004_PC724_WC63,NG004,NA,NA,PC724,GAATCGTCCG,WC63,GCGTTCAGCA,NA,NG004_P3,mouse,CC7_CC8_CC9_CC10,Ctrl_LPS_Ctrl_MIX,no
NG004_PC724_WC64,NG004,NA,NA,PC724,GAATCGTCCG,WC64,GCCTAGGAAG,NA,NG004_P3,mouse,CC7_CC8_CC9_CC10,Ctrl_LPS_Ctrl_MIX,no
NG004_PC724_WC65,NG004,NA,NA,PC724,GAATCGTCCG,WC65,GTTACCAACG,NA,NG004_P3,mouse,CC7_CC8_CC9_CC10,Ctrl_LPS_Ctrl_MIX,no
NG004_PC724_WC66,NG004,NA,NA,PC724,GAATCGTCCG,WC66,ACGAACCAAG,NA,NG004_P3,mouse,CC7_CC8_CC9_CC10,Ctrl_LPS_Ctrl_MIX,no
NG004_PC724_WC67,NG004,NA,NA,PC724,GAATCGTCCG,WC67,CACGCAAGTC,NA,NG004_P3,mouse,CC7_CC8_CC9_CC10,Ctrl_LPS_Ctrl_MIX,no
NG004_PC724_WC68,NG004,NA,NA,PC724,GAATCGTCCG,WC68,GCTGGAGAAG,NA,NG004_P3,mouse,CC7_CC8_CC9_CC10,Ctrl_LPS_Ctrl_MIX,no
NG004_PC724_WC69,NG004,NA,NA,PC724,GAATCGTCCG,WC69,CCAGTGTACG,NA,NG004_P3,mouse,CC7_CC8_CC9_CC10,Ctrl_LPS_Ctrl_MIX,no
NG004_PC724_WC70,NG004,NA,NA,PC724,GAATCGTCCG,WC70,GTTGATGCGA,NA,NG004_P3,mouse,CC7_CC8_CC9_CC10,Ctrl_LPS_Ctrl_MIX,no
NG004_PC724_WC71,NG004,NA,NA,PC724,GAATCGTCCG,WC71,CGCTTGTTAT,NA,NG004_P3,mouse,CC7_CC8_CC9_CC10,Ctrl_LPS_Ctrl_MIX,no
NG004_PC724_WC72,NG004,NA,NA,PC724,GAATCGTCCG,WC72,GTAACGTTCA,NA,NG004_P3,mouse,CC7_CC8_CC9_CC10,Ctrl_LPS_Ctrl_MIX,no
NG004_PC724_WC73,NG004,NA,NA,PC724,GAATCGTCCG,WC73,CCGAGTCTTC,NA,NG004_P3,mouse,CC7_CC8_CC9_CC10,Ctrl_LPS_Ctrl_MIX,no
NG004_PC724_WC74,NG004,NA,NA,PC724,GAATCGTCCG,WC74,TATTGCGCTA,NA,NG004_P3,mouse,CC7_CC8_CC9_CC10,Ctrl_LPS_Ctrl_MIX,no
NG004_PC724_WC75,NG004,NA,NA,PC724,GAATCGTCCG,WC75,TGTGGTCTAA,NA,NG004_P3,mouse,CC7_CC8_CC9_CC10,Ctrl_LPS_Ctrl_MIX,no
NG004_PC724_WC76,NG004,NA,NA,PC724,GAATCGTCCG,WC76,CACGTCTACG,NA,NG004_P3,mouse,CC7_CC8_CC9_CC10,Ctrl_LPS_Ctrl_MIX,no
NG004_PC724_WC77,NG004,NA,NA,PC724,GAATCGTCCG,WC77,AGTCCAGTGA,NA,NG004_P3,mouse,CC7_CC8_CC9_CC10,Ctrl_LPS_Ctrl_MIX,no
NG004_PC724_WC78,NG004,NA,NA,PC724,GAATCGTCCG,WC78,ATGCTTGGTC,NA,NG004_P3,mouse,CC7_CC8_CC9_CC10,Ctrl_LPS_Ctrl_MIX,no
NG004_PC724_WC79,NG004,NA,NA,PC724,GAATCGTCCG,WC79,TGATACTCGC,NA,NG004_P3,mouse,CC7_CC8_CC9_CC10,Ctrl_LPS_Ctrl_MIX,no
NG004_PC724_WC80,NG004,NA,NA,PC724,GAATCGTCCG,WC80,TTATCGAGAG,NA,NG004_P3,mouse,CC7_CC8_CC9_CC10,Ctrl_LPS_Ctrl_MIX,no
NG004_PC724_WC81,NG004,NA,NA,PC724,GAATCGTCCG,WC81,TGCCAGTATT,NA,NG004_P3,mouse,CC7_CC8_CC9_CC10,Ctrl_LPS_Ctrl_MIX,no
NG004_PC724_WC82,NG004,NA,NA,PC724,GAATCGTCCG,WC82,GAGTTGCATA,NA,NG004_P3,mouse,CC7_CC8_CC9_CC10,Ctrl_LPS_Ctrl_MIX,no
NG004_PC724_WC83,NG004,NA,NA,PC724,GAATCGTCCG,WC83,ACACTAGCAT,NA,NG004_P3,mouse,CC7_CC8_CC9_CC10,Ctrl_LPS_Ctrl_MIX,no
NG004_PC724_WC84,NG004,NA,NA,PC724,GAATCGTCCG,WC84,GTTCTAATGG,NA,NG004_P3,mouse,CC7_CC8_CC9_CC10,Ctrl_LPS_Ctrl_MIX,no
NG004_PC724_WC85,NG004,NA,NA,PC724,GAATCGTCCG,WC85,CGTTCACGTT,NA,NG004_P3,mouse,CC7_CC8_CC9_CC10,Ctrl_LPS_Ctrl_MIX,no
NG004_PC724_WC86,NG004,NA,NA,PC724,GAATCGTCCG,WC86,GACTGCGTTA,NA,NG004_P3,mouse,CC7_CC8_CC9_CC10,Ctrl_LPS_Ctrl_MIX,no
NG004_PC724_WC87,NG004,NA,NA,PC724,GAATCGTCCG,WC87,TGGCTTATGG,NA,NG004_P3,mouse,CC7_CC8_CC9_CC10,Ctrl_LPS_Ctrl_MIX,no
NG004_PC724_WC88,NG004,NA,NA,PC724,GAATCGTCCG,WC88,TCAGAGGCAC,NA,NG004_P3,mouse,CC7_CC8_CC9_CC10,Ctrl_LPS_Ctrl_MIX,no
NG004_PC724_WC89,NG004,NA,NA,PC724,GAATCGTCCG,WC89,CGCTAGGCTA,NA,NG004_P3,mouse,CC7_CC8_CC9_CC10,Ctrl_LPS_Ctrl_MIX,no
NG004_PC724_WC90,NG004,NA,NA,PC724,GAATCGTCCG,WC90,AACCGTAACA,NA,NG004_P3,mouse,CC7_CC8_CC9_CC10,Ctrl_LPS_Ctrl_MIX,no
NG004_PC724_WC91,NG004,NA,NA,PC724,GAATCGTCCG,WC91,CTTGGTATGA,NA,NG004_P3,mouse,CC7_CC8_CC9_CC10,Ctrl_LPS_Ctrl_MIX,no
NG004_PC724_WC92,NG004,NA,NA,PC724,GAATCGTCCG,WC92,TGTAGATCCG,NA,NG004_P3,mouse,CC7_CC8_CC9_CC10,Ctrl_LPS_Ctrl_MIX,no
NG004_PC724_WC93,NG004,NA,NA,PC724,GAATCGTCCG,WC93,AACTCTACCG,NA,NG004_P3,mouse,CC7_CC8_CC9_CC10,Ctrl_LPS_Ctrl_MIX,no
NG004_PC724_WC94,NG004,NA,NA,PC724,GAATCGTCCG,WC94,CGTGACATTC,NA,NG004_P3,mouse,CC7_CC8_CC9_CC10,Ctrl_LPS_Ctrl_MIX,no
NG004_PC724_WC95,NG004,NA,NA,PC724,GAATCGTCCG,WC95,CTGTACCAGG,NA,NG004_P3,mouse,CC7_CC8_CC9_CC10,Ctrl_LPS_Ctrl_MIX,no
NG004_PC724_WC96,NG004,NA,NA,PC724,GAATCGTCCG,WC96,ACTGGTTCCG,NA,NG004_P3,mouse,CC7_CC8_CC9_CC10,Ctrl_LPS_Ctrl_MIX,no
NG004_PC725_WC1,NG004,NA,NA,PC725,CACGAAGTAA,WC1,GTCGTGAATC,NA,NG004_P4,mouse,CC7_CC8_CC9_CC10,Ctrl_LPS_Ctrl_MIX,no
NG004_PC725_WC2,NG004,NA,NA,PC725,CACGAAGTAA,WC2,CTGTTCTACG,NA,NG004_P4,mouse,CC7_CC8_CC9_CC10,Ctrl_LPS_Ctrl_MIX,no
NG004_PC725_WC3,NG004,NA,NA,PC725,CACGAAGTAA,WC3,GCTCTTAGGT,NA,NG004_P4,mouse,CC7_CC8_CC9_CC10,Ctrl_LPS_Ctrl_MIX,no
NG004_PC725_WC4,NG004,NA,NA,PC725,CACGAAGTAA,WC4,TAGAAGCCAT,NA,NG004_P4,mouse,CC7_CC8_CC9_CC10,Ctrl_LPS_Ctrl_MIX,no
NG004_PC725_WC5,NG004,NA,NA,PC725,CACGAAGTAA,WC5,CACTTAGGTA,NA,NG004_P4,mouse,CC7_CC8_CC9_CC10,Ctrl_LPS_Ctrl_MIX,no
NG004_PC725_WC6,NG004,NA,NA,PC725,CACGAAGTAA,WC6,ATAGGTAAGG,NA,NG004_P4,mouse,CC7_CC8_CC9_CC10,Ctrl_LPS_Ctrl_MIX,no
NG004_PC725_WC7,NG004,NA,NA,PC725,CACGAAGTAA,WC7,CGCCTTATAT,NA,NG004_P4,mouse,CC7_CC8_CC9_CC10,Ctrl_LPS_Ctrl_MIX,no
NG004_PC725_WC8,NG004,NA,NA,PC725,CACGAAGTAA,WC8,GCACGATGCT,NA,NG004_P4,mouse,CC7_CC8_CC9_CC10,Ctrl_LPS_Ctrl_MIX,no
NG004_PC725_WC9,NG004,NA,NA,PC725,CACGAAGTAA,WC9,AATATGCCAG,NA,NG004_P4,mouse,CC7_CC8_CC9_CC10,Ctrl_LPS_Ctrl_MIX,no
NG004_PC725_WC10,NG004,NA,NA,PC725,CACGAAGTAA,WC10,TAGAGTCACG,NA,NG004_P4,mouse,CC7_CC8_CC9_CC10,Ctrl_LPS_Ctrl_MIX,no
NG004_PC725_WC11,NG004,NA,NA,PC725,CACGAAGTAA,WC11,TTAACAGGTC,NA,NG004_P4,mouse,CC7_CC8_CC9_CC10,Ctrl_LPS_Ctrl_MIX,no
NG004_PC725_WC12,NG004,NA,NA,PC725,CACGAAGTAA,WC12,ACATGAGCCA,NA,NG004_P4,mouse,CC7_CC8_CC9_CC10,Ctrl_LPS_Ctrl_MIX,no
NG004_PC725_WC13,NG004,NA,NA,PC725,CACGAAGTAA,WC13,GCGAGGTTCT,NA,NG004_P4,mouse,CC7_CC8_CC9_CC10,Ctrl_LPS_Ctrl_MIX,no
NG004_PC725_WC14,NG004,NA,NA,PC725,CACGAAGTAA,WC14,TGTCCGTAGG,NA,NG004_P4,mouse,CC7_CC8_CC9_CC10,Ctrl_LPS_Ctrl_MIX,no
NG004_PC725_WC15,NG004,NA,NA,PC725,CACGAAGTAA,WC15,CATTATGCCT,NA,NG004_P4,mouse,CC7_CC8_CC9_CC10,Ctrl_LPS_Ctrl_MIX,no
NG004_PC725_WC16,NG004,NA,NA,PC725,CACGAAGTAA,WC16,TCCACTGTTG,NA,NG004_P4,mouse,CC7_CC8_CC9_CC10,Ctrl_LPS_Ctrl_MIX,no
NG004_PC725_WC17,NG004,NA,NA,PC725,CACGAAGTAA,WC17,CTTAACGACA,NA,NG004_P4,mouse,CC7_CC8_CC9_CC10,Ctrl_LPS_Ctrl_MIX,no
NG004_PC725_WC18,NG004,NA,NA,PC725,CACGAAGTAA,WC18,TCCTCGAGCT,NA,NG004_P4,mouse,CC7_CC8_CC9_CC10,Ctrl_LPS_Ctrl_MIX,no
NG004_PC725_WC19,NG004,NA,NA,PC725,CACGAAGTAA,WC19,CGAGTAATGT,NA,NG004_P4,mouse,CC7_CC8_CC9_CC10,Ctrl_LPS_Ctrl_MIX,no
NG004_PC725_WC20,NG004,NA,NA,PC725,CACGAAGTAA,WC20,CATACCGCTG,NA,NG004_P4,mouse,CC7_CC8_CC9_CC10,Ctrl_LPS_Ctrl_MIX,no
NG004_PC725_WC21,NG004,NA,NA,PC725,CACGAAGTAA,WC21,GCTACTTGCA,NA,NG004_P4,mouse,CC7_CC8_CC9_CC10,Ctrl_LPS_Ctrl_MIX,no
NG004_PC725_WC22,NG004,NA,NA,PC725,CACGAAGTAA,WC22,GCTATTGAAG,NA,NG004_P4,mouse,CC7_CC8_CC9_CC10,Ctrl_LPS_Ctrl_MIX,no
NG004_PC725_WC23,NG004,NA,NA,PC725,CACGAAGTAA,WC23,TCAGCATCCG,NA,NG004_P4,mouse,CC7_CC8_CC9_CC10,Ctrl_LPS_Ctrl_MIX,no
NG004_PC725_WC24,NG004,NA,NA,PC725,CACGAAGTAA,WC24,TAGGTGGTGG,NA,NG004_P4,mouse,CC7_CC8_CC9_CC10,Ctrl_LPS_Ctrl_MIX,no
NG004_PC725_WC25,NG004,NA,NA,PC725,CACGAAGTAA,WC25,AAGATCGGAT,NA,NG004_P4,mouse,CC7_CC8_CC9_CC10,Ctrl_LPS_Ctrl_MIX,no
NG004_PC725_WC26,NG004,NA,NA,PC725,CACGAAGTAA,WC26,TTAACGTCCG,NA,NG004_P4,mouse,CC7_CC8_CC9_CC10,Ctrl_LPS_Ctrl_MIX,no
NG004_PC725_WC27,NG004,NA,NA,PC725,CACGAAGTAA,WC27,ATTACCGATC,NA,NG004_P4,mouse,CC7_CC8_CC9_CC10,Ctrl_LPS_Ctrl_MIX,no
NG004_PC725_WC28,NG004,NA,NA,PC725,CACGAAGTAA,WC28,GTTGCATCGT,NA,NG004_P4,mouse,CC7_CC8_CC9_CC10,Ctrl_LPS_Ctrl_MIX,no
NG004_PC725_WC29,NG004,NA,NA,PC725,CACGAAGTAA,WC29,ACTGGACGTT,NA,NG004_P4,mouse,CC7_CC8_CC9_CC10,Ctrl_LPS_Ctrl_MIX,no
NG004_PC725_WC30,NG004,NA,NA,PC725,CACGAAGTAA,WC30,TTGTTCGTGT,NA,NG004_P4,mouse,CC7_CC8_CC9_CC10,Ctrl_LPS_Ctrl_MIX,no
NG004_PC725_WC31,NG004,NA,NA,PC725,CACGAAGTAA,WC31,ACGGACTGAG,NA,NG004_P4,mouse,CC7_CC8_CC9_CC10,Ctrl_LPS_Ctrl_MIX,no
NG004_PC725_WC32,NG004,NA,NA,PC725,CACGAAGTAA,WC32,CACCGTCATA,NA,NG004_P4,mouse,CC7_CC8_CC9_CC10,Ctrl_LPS_Ctrl_MIX,no
NG004_PC725_WC33,NG004,NA,NA,PC725,CACGAAGTAA,WC33,GTAGTTGTGT,NA,NG004_P4,mouse,CC7_CC8_CC9_CC10,Ctrl_LPS_Ctrl_MIX,no
NG004_PC725_WC34,NG004,NA,NA,PC725,CACGAAGTAA,WC34,CTGAGTCCTT,NA,NG004_P4,mouse,CC7_CC8_CC9_CC10,Ctrl_LPS_Ctrl_MIX,no
NG004_PC725_WC35,NG004,NA,NA,PC725,CACGAAGTAA,WC35,TCACAGTTGC,NA,NG004_P4,mouse,CC7_CC8_CC9_CC10,Ctrl_LPS_Ctrl_MIX,no
NG004_PC725_WC36,NG004,NA,NA,PC725,CACGAAGTAA,WC36,ATTGTAAGCG,NA,NG004_P4,mouse,CC7_CC8_CC9_CC10,Ctrl_LPS_Ctrl_MIX,no
NG004_PC725_WC37,NG004,NA,NA,PC725,CACGAAGTAA,WC37,CGGTCTCTCT,NA,NG004_P4,mouse,CC7_CC8_CC9_CC10,Ctrl_LPS_Ctrl_MIX,no
NG004_PC725_WC38,NG004,NA,NA,PC725,CACGAAGTAA,WC38,AACAGCAATG,NA,NG004_P4,mouse,CC7_CC8_CC9_CC10,Ctrl_LPS_Ctrl_MIX,no
NG004_PC725_WC39,NG004,NA,NA,PC725,CACGAAGTAA,WC39,TCCGTGTTGC,NA,NG004_P4,mouse,CC7_CC8_CC9_CC10,Ctrl_LPS_Ctrl_MIX,no
NG004_PC725_WC40,NG004,NA,NA,PC725,CACGAAGTAA,WC40,TGCGAAGTGA,NA,NG004_P4,mouse,CC7_CC8_CC9_CC10,Ctrl_LPS_Ctrl_MIX,no
NG004_PC725_WC41,NG004,NA,NA,PC725,CACGAAGTAA,WC41,CACAGCTATT,NA,NG004_P4,mouse,CC7_CC8_CC9_CC10,Ctrl_LPS_Ctrl_MIX,no
NG004_PC725_WC42,NG004,NA,NA,PC725,CACGAAGTAA,WC42,GATAGTGTTC,NA,NG004_P4,mouse,CC7_CC8_CC9_CC10,Ctrl_LPS_Ctrl_MIX,no
NG004_PC725_WC43,NG004,NA,NA,PC725,CACGAAGTAA,WC43,TAGCTACCAG,NA,NG004_P4,mouse,CC7_CC8_CC9_CC10,Ctrl_LPS_Ctrl_MIX,no
NG004_PC725_WC44,NG004,NA,NA,PC725,CACGAAGTAA,WC44,TGCTCACGCA,NA,NG004_P4,mouse,CC7_CC8_CC9_CC10,Ctrl_LPS_Ctrl_MIX,no
NG004_PC725_WC45,NG004,NA,NA,PC725,CACGAAGTAA,WC45,AAGTGTGCTA,NA,NG004_P4,mouse,CC7_CC8_CC9_CC10,Ctrl_LPS_Ctrl_MIX,no
NG004_PC725_WC46,NG004,NA,NA,PC725,CACGAAGTAA,WC46,TCATCGTCTG,NA,NG004_P4,mouse,CC7_CC8_CC9_CC10,Ctrl_LPS_Ctrl_MIX,no
NG004_PC725_WC47,NG004,NA,NA,PC725,CACGAAGTAA,WC47,AGATGCTCCG,NA,NG004_P4,mouse,CC7_CC8_CC9_CC10,Ctrl_LPS_Ctrl_MIX,no
NG004_PC725_WC48,NG004,NA,NA,PC725,CACGAAGTAA,WC48,GAACCAAGCG,NA,NG004_P4,mouse,CC7_CC8_CC9_CC10,Ctrl_LPS_Ctrl_MIX,no
NG004_PC725_WC49,NG004,NA,NA,PC725,CACGAAGTAA,WC49,CCTCTTCAAG,NA,NG004_P4,mouse,CC7_CC8_CC9_CC10,Ctrl_LPS_Ctrl_MIX,no
NG004_PC725_WC50,NG004,NA,NA,PC725,CACGAAGTAA,WC50,CGTCGCATCT,NA,NG004_P4,mouse,CC7_CC8_CC9_CC10,Ctrl_LPS_Ctrl_MIX,no
NG004_PC725_WC51,NG004,NA,NA,PC725,CACGAAGTAA,WC51,CCGAACGTTC,NA,NG004_P4,mouse,CC7_CC8_CC9_CC10,Ctrl_LPS_Ctrl_MIX,no
NG004_PC725_WC52,NG004,NA,NA,PC725,CACGAAGTAA,WC52,GAATGGCGTT,NA,NG004_P4,mouse,CC7_CC8_CC9_CC10,Ctrl_LPS_Ctrl_MIX,no
NG004_PC725_WC53,NG004,NA,NA,PC725,CACGAAGTAA,WC53,AAGTTCAGGA,NA,NG004_P4,mouse,CC7_CC8_CC9_CC10,Ctrl_LPS_Ctrl_MIX,no
NG004_PC725_WC54,NG004,NA,NA,PC725,CACGAAGTAA,WC54,GACCAATTGT,NA,NG004_P4,mouse,CC7_CC8_CC9_CC10,Ctrl_LPS_Ctrl_MIX,no
NG004_PC725_WC55,NG004,NA,NA,PC725,CACGAAGTAA,WC55,TGTCTGTGAC,NA,NG004_P4,mouse,CC7_CC8_CC9_CC10,Ctrl_LPS_Ctrl_MIX,no
NG004_PC725_WC56,NG004,NA,NA,PC725,CACGAAGTAA,WC56,GAACATTGGC,NA,NG004_P4,mouse,CC7_CC8_CC9_CC10,Ctrl_LPS_Ctrl_MIX,no
NG004_PC725_WC57,NG004,NA,NA,PC725,CACGAAGTAA,WC57,CGTAACACTA,NA,NG004_P4,mouse,CC7_CC8_CC9_CC10,Ctrl_LPS_Ctrl_MIX,no
NG004_PC725_WC58,NG004,NA,NA,PC725,CACGAAGTAA,WC58,GTACTTCCAA,NA,NG004_P4,mouse,CC7_CC8_CC9_CC10,Ctrl_LPS_Ctrl_MIX,no
NG004_PC725_WC59,NG004,NA,NA,PC725,CACGAAGTAA,WC59,TTAGCGTCTT,NA,NG004_P4,mouse,CC7_CC8_CC9_CC10,Ctrl_LPS_Ctrl_MIX,no
NG004_PC725_WC60,NG004,NA,NA,PC725,CACGAAGTAA,WC60,TTGACCGTCT,NA,NG004_P4,mouse,CC7_CC8_CC9_CC10,Ctrl_LPS_Ctrl_MIX,no
NG004_PC725_WC61,NG004,NA,NA,PC725,CACGAAGTAA,WC61,ACGGCTTCTC,NA,NG004_P4,mouse,CC7_CC8_CC9_CC10,Ctrl_LPS_Ctrl_MIX,no
NG004_PC725_WC62,NG004,NA,NA,PC725,CACGAAGTAA,WC62,TGCGATGTAT,NA,NG004_P4,mouse,CC7_CC8_CC9_CC10,Ctrl_LPS_Ctrl_MIX,no
NG004_PC725_WC63,NG004,NA,NA,PC725,CACGAAGTAA,WC63,GCGTTCAGCA,NA,NG004_P4,mouse,CC7_CC8_CC9_CC10,Ctrl_LPS_Ctrl_MIX,no
NG004_PC725_WC64,NG004,NA,NA,PC725,CACGAAGTAA,WC64,GCCTAGGAAG,NA,NG004_P4,mouse,CC7_CC8_CC9_CC10,Ctrl_LPS_Ctrl_MIX,no
NG004_PC725_WC65,NG004,NA,NA,PC725,CACGAAGTAA,WC65,GTTACCAACG,NA,NG004_P4,mouse,CC7_CC8_CC9_CC10,Ctrl_LPS_Ctrl_MIX,no
NG004_PC725_WC66,NG004,NA,NA,PC725,CACGAAGTAA,WC66,ACGAACCAAG,NA,NG004_P4,mouse,CC7_CC8_CC9_CC10,Ctrl_LPS_Ctrl_MIX,no
NG004_PC725_WC67,NG004,NA,NA,PC725,CACGAAGTAA,WC67,CACGCAAGTC,NA,NG004_P4,mouse,CC7_CC8_CC9_CC10,Ctrl_LPS_Ctrl_MIX,no
NG004_PC725_WC68,NG004,NA,NA,PC725,CACGAAGTAA,WC68,GCTGGAGAAG,NA,NG004_P4,mouse,CC7_CC8_CC9_CC10,Ctrl_LPS_Ctrl_MIX,no
NG004_PC725_WC69,NG004,NA,NA,PC725,CACGAAGTAA,WC69,CCAGTGTACG,NA,NG004_P4,mouse,CC7_CC8_CC9_CC10,Ctrl_LPS_Ctrl_MIX,no
NG004_PC725_WC70,NG004,NA,NA,PC725,CACGAAGTAA,WC70,GTTGATGCGA,NA,NG004_P4,mouse,CC7_CC8_CC9_CC10,Ctrl_LPS_Ctrl_MIX,no
NG004_PC725_WC71,NG004,NA,NA,PC725,CACGAAGTAA,WC71,CGCTTGTTAT,NA,NG004_P4,mouse,CC7_CC8_CC9_CC10,Ctrl_LPS_Ctrl_MIX,no
NG004_PC725_WC72,NG004,NA,NA,PC725,CACGAAGTAA,WC72,GTAACGTTCA,NA,NG004_P4,mouse,CC7_CC8_CC9_CC10,Ctrl_LPS_Ctrl_MIX,no
NG004_PC725_WC73,NG004,NA,NA,PC725,CACGAAGTAA,WC73,CCGAGTCTTC,NA,NG004_P4,mouse,CC7_CC8_CC9_CC10,Ctrl_LPS_Ctrl_MIX,no
NG004_PC725_WC74,NG004,NA,NA,PC725,CACGAAGTAA,WC74,TATTGCGCTA,NA,NG004_P4,mouse,CC7_CC8_CC9_CC10,Ctrl_LPS_Ctrl_MIX,no
NG004_PC725_WC75,NG004,NA,NA,PC725,CACGAAGTAA,WC75,TGTGGTCTAA,NA,NG004_P4,mouse,CC7_CC8_CC9_CC10,Ctrl_LPS_Ctrl_MIX,no
NG004_PC725_WC76,NG004,NA,NA,PC725,CACGAAGTAA,WC76,CACGTCTACG,NA,NG004_P4,mouse,CC7_CC8_CC9_CC10,Ctrl_LPS_Ctrl_MIX,no
NG004_PC725_WC77,NG004,NA,NA,PC725,CACGAAGTAA,WC77,AGTCCAGTGA,NA,NG004_P4,mouse,CC7_CC8_CC9_CC10,Ctrl_LPS_Ctrl_MIX,no
NG004_PC725_WC78,NG004,NA,NA,PC725,CACGAAGTAA,WC78,ATGCTTGGTC,NA,NG004_P4,mouse,CC7_CC8_CC9_CC10,Ctrl_LPS_Ctrl_MIX,no
NG004_PC725_WC79,NG004,NA,NA,PC725,CACGAAGTAA,WC79,TGATACTCGC,NA,NG004_P4,mouse,CC7_CC8_CC9_CC10,Ctrl_LPS_Ctrl_MIX,no
NG004_PC725_WC80,NG004,NA,NA,PC725,CACGAAGTAA,WC80,TTATCGAGAG,NA,NG004_P4,mouse,CC7_CC8_CC9_CC10,Ctrl_LPS_Ctrl_MIX,no
NG004_PC725_WC81,NG004,NA,NA,PC725,CACGAAGTAA,WC81,TGCCAGTATT,NA,NG004_P4,mouse,CC7_CC8_CC9_CC10,Ctrl_LPS_Ctrl_MIX,no
NG004_PC725_WC82,NG004,NA,NA,PC725,CACGAAGTAA,WC82,GAGTTGCATA,NA,NG004_P4,mouse,CC7_CC8_CC9_CC10,Ctrl_LPS_Ctrl_MIX,no
NG004_PC725_WC83,NG004,NA,NA,PC725,CACGAAGTAA,WC83,ACACTAGCAT,NA,NG004_P4,mouse,CC7_CC8_CC9_CC10,Ctrl_LPS_Ctrl_MIX,no
NG004_PC725_WC84,NG004,NA,NA,PC725,CACGAAGTAA,WC84,GTTCTAATGG,NA,NG004_P4,mouse,CC7_CC8_CC9_CC10,Ctrl_LPS_Ctrl_MIX,no
NG004_PC725_WC85,NG004,NA,NA,PC725,CACGAAGTAA,WC85,CGTTCACGTT,NA,NG004_P4,mouse,CC7_CC8_CC9_CC10,Ctrl_LPS_Ctrl_MIX,no
NG004_PC725_WC86,NG004,NA,NA,PC725,CACGAAGTAA,WC86,GACTGCGTTA,NA,NG004_P4,mouse,CC7_CC8_CC9_CC10,Ctrl_LPS_Ctrl_MIX,no
NG004_PC725_WC87,NG004,NA,NA,PC725,CACGAAGTAA,WC87,TGGCTTATGG,NA,NG004_P4,mouse,CC7_CC8_CC9_CC10,Ctrl_LPS_Ctrl_MIX,no
NG004_PC725_WC88,NG004,NA,NA,PC725,CACGAAGTAA,WC88,TCAGAGGCAC,NA,NG004_P4,mouse,CC7_CC8_CC9_CC10,Ctrl_LPS_Ctrl_MIX,no
NG004_PC725_WC89,NG004,NA,NA,PC725,CACGAAGTAA,WC89,CGCTAGGCTA,NA,NG004_P4,mouse,CC7_CC8_CC9_CC10,Ctrl_LPS_Ctrl_MIX,no
NG004_PC725_WC90,NG004,NA,NA,PC725,CACGAAGTAA,WC90,AACCGTAACA,NA,NG004_P4,mouse,CC7_CC8_CC9_CC10,Ctrl_LPS_Ctrl_MIX,no
NG004_PC725_WC91,NG004,NA,NA,PC725,CACGAAGTAA,WC91,CTTGGTATGA,NA,NG004_P4,mouse,CC7_CC8_CC9_CC10,Ctrl_LPS_Ctrl_MIX,no
NG004_PC725_WC92,NG004,NA,NA,PC725,CACGAAGTAA,WC92,TGTAGATCCG,NA,NG004_P4,mouse,CC7_CC8_CC9_CC10,Ctrl_LPS_Ctrl_MIX,no
NG004_PC725_WC93,NG004,NA,NA,PC725,CACGAAGTAA,WC93,AACTCTACCG,NA,NG004_P4,mouse,CC7_CC8_CC9_CC10,Ctrl_LPS_Ctrl_MIX,no
NG004_PC725_WC94,NG004,NA,NA,PC725,CACGAAGTAA,WC94,CGTGACATTC,NA,NG004_P4,mouse,CC7_CC8_CC9_CC10,Ctrl_LPS_Ctrl_MIX,no
NG004_PC725_WC95,NG004,NA,NA,PC725,CACGAAGTAA,WC95,CTGTACCAGG,NA,NG004_P4,mouse,CC7_CC8_CC9_CC10,Ctrl_LPS_Ctrl_MIX,no
NG004_PC725_WC96,NG004,NA,NA,PC725,CACGAAGTAA,WC96,ACTGGTTCCG,NA,NG004_P4,mouse,CC7_CC8_CC9_CC10,Ctrl_LPS_Ctrl_MIX,no
NG004_PC726_WC1,NG004,NA,NA,PC726,TAAGCCGAAT,WC1,GTCGTGAATC,NA,NG004_P5,mouse,CC7_CC8_CC9_CC10,LPS_Ctrl_LPS_MIX,no
NG004_PC726_WC2,NG004,NA,NA,PC726,TAAGCCGAAT,WC2,CTGTTCTACG,NA,NG004_P5,mouse,CC7_CC8_CC9_CC10,LPS_Ctrl_LPS_MIX,no
NG004_PC726_WC3,NG004,NA,NA,PC726,TAAGCCGAAT,WC3,GCTCTTAGGT,NA,NG004_P5,mouse,CC7_CC8_CC9_CC10,LPS_Ctrl_LPS_MIX,no
NG004_PC726_WC4,NG004,NA,NA,PC726,TAAGCCGAAT,WC4,TAGAAGCCAT,NA,NG004_P5,mouse,CC7_CC8_CC9_CC10,LPS_Ctrl_LPS_MIX,no
NG004_PC726_WC5,NG004,NA,NA,PC726,TAAGCCGAAT,WC5,CACTTAGGTA,NA,NG004_P5,mouse,CC7_CC8_CC9_CC10,LPS_Ctrl_LPS_MIX,no
NG004_PC726_WC6,NG004,NA,NA,PC726,TAAGCCGAAT,WC6,ATAGGTAAGG,NA,NG004_P5,mouse,CC7_CC8_CC9_CC10,LPS_Ctrl_LPS_MIX,no
NG004_PC726_WC7,NG004,NA,NA,PC726,TAAGCCGAAT,WC7,CGCCTTATAT,NA,NG004_P5,mouse,CC7_CC8_CC9_CC10,LPS_Ctrl_LPS_MIX,no
NG004_PC726_WC8,NG004,NA,NA,PC726,TAAGCCGAAT,WC8,GCACGATGCT,NA,NG004_P5,mouse,CC7_CC8_CC9_CC10,LPS_Ctrl_LPS_MIX,no
NG004_PC726_WC9,NG004,NA,NA,PC726,TAAGCCGAAT,WC9,AATATGCCAG,NA,NG004_P5,mouse,CC7_CC8_CC9_CC10,LPS_Ctrl_LPS_MIX,no
NG004_PC726_WC10,NG004,NA,NA,PC726,TAAGCCGAAT,WC10,TAGAGTCACG,NA,NG004_P5,mouse,CC7_CC8_CC9_CC10,LPS_Ctrl_LPS_MIX,no
NG004_PC726_WC11,NG004,NA,NA,PC726,TAAGCCGAAT,WC11,TTAACAGGTC,NA,NG004_P5,mouse,CC7_CC8_CC9_CC10,LPS_Ctrl_LPS_MIX,no
NG004_PC726_WC12,NG004,NA,NA,PC726,TAAGCCGAAT,WC12,ACATGAGCCA,NA,NG004_P5,mouse,CC7_CC8_CC9_CC10,LPS_Ctrl_LPS_MIX,no
NG004_PC726_WC13,NG004,NA,NA,PC726,TAAGCCGAAT,WC13,GCGAGGTTCT,NA,NG004_P5,mouse,CC7_CC8_CC9_CC10,LPS_Ctrl_LPS_MIX,no
NG004_PC726_WC14,NG004,NA,NA,PC726,TAAGCCGAAT,WC14,TGTCCGTAGG,NA,NG004_P5,mouse,CC7_CC8_CC9_CC10,LPS_Ctrl_LPS_MIX,no
NG004_PC726_WC15,NG004,NA,NA,PC726,TAAGCCGAAT,WC15,CATTATGCCT,NA,NG004_P5,mouse,CC7_CC8_CC9_CC10,LPS_Ctrl_LPS_MIX,no
NG004_PC726_WC16,NG004,NA,NA,PC726,TAAGCCGAAT,WC16,TCCACTGTTG,NA,NG004_P5,mouse,CC7_CC8_CC9_CC10,LPS_Ctrl_LPS_MIX,no
NG004_PC726_WC17,NG004,NA,NA,PC726,TAAGCCGAAT,WC17,CTTAACGACA,NA,NG004_P5,mouse,CC7_CC8_CC9_CC10,LPS_Ctrl_LPS_MIX,no
NG004_PC726_WC18,NG004,NA,NA,PC726,TAAGCCGAAT,WC18,TCCTCGAGCT,NA,NG004_P5,mouse,CC7_CC8_CC9_CC10,LPS_Ctrl_LPS_MIX,no
NG004_PC726_WC19,NG004,NA,NA,PC726,TAAGCCGAAT,WC19,CGAGTAATGT,NA,NG004_P5,mouse,CC7_CC8_CC9_CC10,LPS_Ctrl_LPS_MIX,no
NG004_PC726_WC20,NG004,NA,NA,PC726,TAAGCCGAAT,WC20,CATACCGCTG,NA,NG004_P5,mouse,CC7_CC8_CC9_CC10,LPS_Ctrl_LPS_MIX,no
NG004_PC726_WC21,NG004,NA,NA,PC726,TAAGCCGAAT,WC21,GCTACTTGCA,NA,NG004_P5,mouse,CC7_CC8_CC9_CC10,LPS_Ctrl_LPS_MIX,no
NG004_PC726_WC22,NG004,NA,NA,PC726,TAAGCCGAAT,WC22,GCTATTGAAG,NA,NG004_P5,mouse,CC7_CC8_CC9_CC10,LPS_Ctrl_LPS_MIX,no
NG004_PC726_WC23,NG004,NA,NA,PC726,TAAGCCGAAT,WC23,TCAGCATCCG,NA,NG004_P5,mouse,CC7_CC8_CC9_CC10,LPS_Ctrl_LPS_MIX,no
NG004_PC726_WC24,NG004,NA,NA,PC726,TAAGCCGAAT,WC24,TAGGTGGTGG,NA,NG004_P5,mouse,CC7_CC8_CC9_CC10,LPS_Ctrl_LPS_MIX,no
NG004_PC726_WC25,NG004,NA,NA,PC726,TAAGCCGAAT,WC25,AAGATCGGAT,NA,NG004_P5,mouse,CC7_CC8_CC9_CC10,LPS_Ctrl_LPS_MIX,no
NG004_PC726_WC26,NG004,NA,NA,PC726,TAAGCCGAAT,WC26,TTAACGTCCG,NA,NG004_P5,mouse,CC7_CC8_CC9_CC10,LPS_Ctrl_LPS_MIX,no
NG004_PC726_WC27,NG004,NA,NA,PC726,TAAGCCGAAT,WC27,ATTACCGATC,NA,NG004_P5,mouse,CC7_CC8_CC9_CC10,LPS_Ctrl_LPS_MIX,no
NG004_PC726_WC28,NG004,NA,NA,PC726,TAAGCCGAAT,WC28,GTTGCATCGT,NA,NG004_P5,mouse,CC7_CC8_CC9_CC10,LPS_Ctrl_LPS_MIX,no
NG004_PC726_WC29,NG004,NA,NA,PC726,TAAGCCGAAT,WC29,ACTGGACGTT,NA,NG004_P5,mouse,CC7_CC8_CC9_CC10,LPS_Ctrl_LPS_MIX,no
NG004_PC726_WC30,NG004,NA,NA,PC726,TAAGCCGAAT,WC30,TTGTTCGTGT,NA,NG004_P5,mouse,CC7_CC8_CC9_CC10,LPS_Ctrl_LPS_MIX,no
NG004_PC726_WC31,NG004,NA,NA,PC726,TAAGCCGAAT,WC31,ACGGACTGAG,NA,NG004_P5,mouse,CC7_CC8_CC9_CC10,LPS_Ctrl_LPS_MIX,no
NG004_PC726_WC32,NG004,NA,NA,PC726,TAAGCCGAAT,WC32,CACCGTCATA,NA,NG004_P5,mouse,CC7_CC8_CC9_CC10,LPS_Ctrl_LPS_MIX,no
NG004_PC726_WC33,NG004,NA,NA,PC726,TAAGCCGAAT,WC33,GTAGTTGTGT,NA,NG004_P5,mouse,CC7_CC8_CC9_CC10,LPS_Ctrl_LPS_MIX,no
NG004_PC726_WC34,NG004,NA,NA,PC726,TAAGCCGAAT,WC34,CTGAGTCCTT,NA,NG004_P5,mouse,CC7_CC8_CC9_CC10,LPS_Ctrl_LPS_MIX,no
NG004_PC726_WC35,NG004,NA,NA,PC726,TAAGCCGAAT,WC35,TCACAGTTGC,NA,NG004_P5,mouse,CC7_CC8_CC9_CC10,LPS_Ctrl_LPS_MIX,no
NG004_PC726_WC36,NG004,NA,NA,PC726,TAAGCCGAAT,WC36,ATTGTAAGCG,NA,NG004_P5,mouse,CC7_CC8_CC9_CC10,LPS_Ctrl_LPS_MIX,no
NG004_PC726_WC37,NG004,NA,NA,PC726,TAAGCCGAAT,WC37,CGGTCTCTCT,NA,NG004_P5,mouse,CC7_CC8_CC9_CC10,LPS_Ctrl_LPS_MIX,no
NG004_PC726_WC38,NG004,NA,NA,PC726,TAAGCCGAAT,WC38,AACAGCAATG,NA,NG004_P5,mouse,CC7_CC8_CC9_CC10,LPS_Ctrl_LPS_MIX,no
NG004_PC726_WC39,NG004,NA,NA,PC726,TAAGCCGAAT,WC39,TCCGTGTTGC,NA,NG004_P5,mouse,CC7_CC8_CC9_CC10,LPS_Ctrl_LPS_MIX,no
NG004_PC726_WC40,NG004,NA,NA,PC726,TAAGCCGAAT,WC40,TGCGAAGTGA,NA,NG004_P5,mouse,CC7_CC8_CC9_CC10,LPS_Ctrl_LPS_MIX,no
NG004_PC726_WC41,NG004,NA,NA,PC726,TAAGCCGAAT,WC41,CACAGCTATT,NA,NG004_P5,mouse,CC7_CC8_CC9_CC10,LPS_Ctrl_LPS_MIX,no
NG004_PC726_WC42,NG004,NA,NA,PC726,TAAGCCGAAT,WC42,GATAGTGTTC,NA,NG004_P5,mouse,CC7_CC8_CC9_CC10,LPS_Ctrl_LPS_MIX,no
NG004_PC726_WC43,NG004,NA,NA,PC726,TAAGCCGAAT,WC43,TAGCTACCAG,NA,NG004_P5,mouse,CC7_CC8_CC9_CC10,LPS_Ctrl_LPS_MIX,no
NG004_PC726_WC44,NG004,NA,NA,PC726,TAAGCCGAAT,WC44,TGCTCACGCA,NA,NG004_P5,mouse,CC7_CC8_CC9_CC10,LPS_Ctrl_LPS_MIX,no
NG004_PC726_WC45,NG004,NA,NA,PC726,TAAGCCGAAT,WC45,AAGTGTGCTA,NA,NG004_P5,mouse,CC7_CC8_CC9_CC10,LPS_Ctrl_LPS_MIX,no
NG004_PC726_WC46,NG004,NA,NA,PC726,TAAGCCGAAT,WC46,TCATCGTCTG,NA,NG004_P5,mouse,CC7_CC8_CC9_CC10,LPS_Ctrl_LPS_MIX,no
NG004_PC726_WC47,NG004,NA,NA,PC726,TAAGCCGAAT,WC47,AGATGCTCCG,NA,NG004_P5,mouse,CC7_CC8_CC9_CC10,LPS_Ctrl_LPS_MIX,no
NG004_PC726_WC48,NG004,NA,NA,PC726,TAAGCCGAAT,WC48,GAACCAAGCG,NA,NG004_P5,mouse,CC7_CC8_CC9_CC10,LPS_Ctrl_LPS_MIX,no
NG004_PC726_WC49,NG004,NA,NA,PC726,TAAGCCGAAT,WC49,CCTCTTCAAG,NA,NG004_P5,mouse,CC7_CC8_CC9_CC10,LPS_Ctrl_LPS_MIX,no
NG004_PC726_WC50,NG004,NA,NA,PC726,TAAGCCGAAT,WC50,CGTCGCATCT,NA,NG004_P5,mouse,CC7_CC8_CC9_CC10,LPS_Ctrl_LPS_MIX,no
NG004_PC726_WC51,NG004,NA,NA,PC726,TAAGCCGAAT,WC51,CCGAACGTTC,NA,NG004_P5,mouse,CC7_CC8_CC9_CC10,LPS_Ctrl_LPS_MIX,no
NG004_PC726_WC52,NG004,NA,NA,PC726,TAAGCCGAAT,WC52,GAATGGCGTT,NA,NG004_P5,mouse,CC7_CC8_CC9_CC10,LPS_Ctrl_LPS_MIX,no
NG004_PC726_WC53,NG004,NA,NA,PC726,TAAGCCGAAT,WC53,AAGTTCAGGA,NA,NG004_P5,mouse,CC7_CC8_CC9_CC10,LPS_Ctrl_LPS_MIX,no
NG004_PC726_WC54,NG004,NA,NA,PC726,TAAGCCGAAT,WC54,GACCAATTGT,NA,NG004_P5,mouse,CC7_CC8_CC9_CC10,LPS_Ctrl_LPS_MIX,no
NG004_PC726_WC55,NG004,NA,NA,PC726,TAAGCCGAAT,WC55,TGTCTGTGAC,NA,NG004_P5,mouse,CC7_CC8_CC9_CC10,LPS_Ctrl_LPS_MIX,no
NG004_PC726_WC56,NG004,NA,NA,PC726,TAAGCCGAAT,WC56,GAACATTGGC,NA,NG004_P5,mouse,CC7_CC8_CC9_CC10,LPS_Ctrl_LPS_MIX,no
NG004_PC726_WC57,NG004,NA,NA,PC726,TAAGCCGAAT,WC57,CGTAACACTA,NA,NG004_P5,mouse,CC7_CC8_CC9_CC10,LPS_Ctrl_LPS_MIX,no
NG004_PC726_WC58,NG004,NA,NA,PC726,TAAGCCGAAT,WC58,GTACTTCCAA,NA,NG004_P5,mouse,CC7_CC8_CC9_CC10,LPS_Ctrl_LPS_MIX,no
NG004_PC726_WC59,NG004,NA,NA,PC726,TAAGCCGAAT,WC59,TTAGCGTCTT,NA,NG004_P5,mouse,CC7_CC8_CC9_CC10,LPS_Ctrl_LPS_MIX,no
NG004_PC726_WC60,NG004,NA,NA,PC726,TAAGCCGAAT,WC60,TTGACCGTCT,NA,NG004_P5,mouse,CC7_CC8_CC9_CC10,LPS_Ctrl_LPS_MIX,no
NG004_PC726_WC61,NG004,NA,NA,PC726,TAAGCCGAAT,WC61,ACGGCTTCTC,NA,NG004_P5,mouse,CC7_CC8_CC9_CC10,LPS_Ctrl_LPS_MIX,no
NG004_PC726_WC62,NG004,NA,NA,PC726,TAAGCCGAAT,WC62,TGCGATGTAT,NA,NG004_P5,mouse,CC7_CC8_CC9_CC10,LPS_Ctrl_LPS_MIX,no
NG004_PC726_WC63,NG004,NA,NA,PC726,TAAGCCGAAT,WC63,GCGTTCAGCA,NA,NG004_P5,mouse,CC7_CC8_CC9_CC10,LPS_Ctrl_LPS_MIX,no
NG004_PC726_WC64,NG004,NA,NA,PC726,TAAGCCGAAT,WC64,GCCTAGGAAG,NA,NG004_P5,mouse,CC7_CC8_CC9_CC10,LPS_Ctrl_LPS_MIX,no
NG004_PC726_WC65,NG004,NA,NA,PC726,TAAGCCGAAT,WC65,GTTACCAACG,NA,NG004_P5,mouse,CC7_CC8_CC9_CC10,LPS_Ctrl_LPS_MIX,no
NG004_PC726_WC66,NG004,NA,NA,PC726,TAAGCCGAAT,WC66,ACGAACCAAG,NA,NG004_P5,mouse,CC7_CC8_CC9_CC10,LPS_Ctrl_LPS_MIX,no
NG004_PC726_WC67,NG004,NA,NA,PC726,TAAGCCGAAT,WC67,CACGCAAGTC,NA,NG004_P5,mouse,CC7_CC8_CC9_CC10,LPS_Ctrl_LPS_MIX,no
NG004_PC726_WC68,NG004,NA,NA,PC726,TAAGCCGAAT,WC68,GCTGGAGAAG,NA,NG004_P5,mouse,CC7_CC8_CC9_CC10,LPS_Ctrl_LPS_MIX,no
NG004_PC726_WC69,NG004,NA,NA,PC726,TAAGCCGAAT,WC69,CCAGTGTACG,NA,NG004_P5,mouse,CC7_CC8_CC9_CC10,LPS_Ctrl_LPS_MIX,no
NG004_PC726_WC70,NG004,NA,NA,PC726,TAAGCCGAAT,WC70,GTTGATGCGA,NA,NG004_P5,mouse,CC7_CC8_CC9_CC10,LPS_Ctrl_LPS_MIX,no
NG004_PC726_WC71,NG004,NA,NA,PC726,TAAGCCGAAT,WC71,CGCTTGTTAT,NA,NG004_P5,mouse,CC7_CC8_CC9_CC10,LPS_Ctrl_LPS_MIX,no
NG004_PC726_WC72,NG004,NA,NA,PC726,TAAGCCGAAT,WC72,GTAACGTTCA,NA,NG004_P5,mouse,CC7_CC8_CC9_CC10,LPS_Ctrl_LPS_MIX,no
NG004_PC726_WC73,NG004,NA,NA,PC726,TAAGCCGAAT,WC73,CCGAGTCTTC,NA,NG004_P5,mouse,CC7_CC8_CC9_CC10,LPS_Ctrl_LPS_MIX,no
NG004_PC726_WC74,NG004,NA,NA,PC726,TAAGCCGAAT,WC74,TATTGCGCTA,NA,NG004_P5,mouse,CC7_CC8_CC9_CC10,LPS_Ctrl_LPS_MIX,no
NG004_PC726_WC75,NG004,NA,NA,PC726,TAAGCCGAAT,WC75,TGTGGTCTAA,NA,NG004_P5,mouse,CC7_CC8_CC9_CC10,LPS_Ctrl_LPS_MIX,no
NG004_PC726_WC76,NG004,NA,NA,PC726,TAAGCCGAAT,WC76,CACGTCTACG,NA,NG004_P5,mouse,CC7_CC8_CC9_CC10,LPS_Ctrl_LPS_MIX,no
NG004_PC726_WC77,NG004,NA,NA,PC726,TAAGCCGAAT,WC77,AGTCCAGTGA,NA,NG004_P5,mouse,CC7_CC8_CC9_CC10,LPS_Ctrl_LPS_MIX,no
NG004_PC726_WC78,NG004,NA,NA,PC726,TAAGCCGAAT,WC78,ATGCTTGGTC,NA,NG004_P5,mouse,CC7_CC8_CC9_CC10,LPS_Ctrl_LPS_MIX,no
NG004_PC726_WC79,NG004,NA,NA,PC726,TAAGCCGAAT,WC79,TGATACTCGC,NA,NG004_P5,mouse,CC7_CC8_CC9_CC10,LPS_Ctrl_LPS_MIX,no
NG004_PC726_WC80,NG004,NA,NA,PC726,TAAGCCGAAT,WC80,TTATCGAGAG,NA,NG004_P5,mouse,CC7_CC8_CC9_CC10,LPS_Ctrl_LPS_MIX,no
NG004_PC726_WC81,NG004,NA,NA,PC726,TAAGCCGAAT,WC81,TGCCAGTATT,NA,NG004_P5,mouse,CC7_CC8_CC9_CC10,LPS_Ctrl_LPS_MIX,no
NG004_PC726_WC82,NG004,NA,NA,PC726,TAAGCCGAAT,WC82,GAGTTGCATA,NA,NG004_P5,mouse,CC7_CC8_CC9_CC10,LPS_Ctrl_LPS_MIX,no
NG004_PC726_WC83,NG004,NA,NA,PC726,TAAGCCGAAT,WC83,ACACTAGCAT,NA,NG004_P5,mouse,CC7_CC8_CC9_CC10,LPS_Ctrl_LPS_MIX,no
NG004_PC726_WC84,NG004,NA,NA,PC726,TAAGCCGAAT,WC84,GTTCTAATGG,NA,NG004_P5,mouse,CC7_CC8_CC9_CC10,LPS_Ctrl_LPS_MIX,no
NG004_PC726_WC85,NG004,NA,NA,PC726,TAAGCCGAAT,WC85,CGTTCACGTT,NA,NG004_P5,mouse,CC7_CC8_CC9_CC10,LPS_Ctrl_LPS_MIX,no
NG004_PC726_WC86,NG004,NA,NA,PC726,TAAGCCGAAT,WC86,GACTGCGTTA,NA,NG004_P5,mouse,CC7_CC8_CC9_CC10,LPS_Ctrl_LPS_MIX,no
NG004_PC726_WC87,NG004,NA,NA,PC726,TAAGCCGAAT,WC87,TGGCTTATGG,NA,NG004_P5,mouse,CC7_CC8_CC9_CC10,LPS_Ctrl_LPS_MIX,no
NG004_PC726_WC88,NG004,NA,NA,PC726,TAAGCCGAAT,WC88,TCAGAGGCAC,NA,NG004_P5,mouse,CC7_CC8_CC9_CC10,LPS_Ctrl_LPS_MIX,no
NG004_PC726_WC89,NG004,NA,NA,PC726,TAAGCCGAAT,WC89,CGCTAGGCTA,NA,NG004_P5,mouse,CC7_CC8_CC9_CC10,LPS_Ctrl_LPS_MIX,no
NG004_PC726_WC90,NG004,NA,NA,PC726,TAAGCCGAAT,WC90,AACCGTAACA,NA,NG004_P5,mouse,CC7_CC8_CC9_CC10,LPS_Ctrl_LPS_MIX,no
NG004_PC726_WC91,NG004,NA,NA,PC726,TAAGCCGAAT,WC91,CTTGGTATGA,NA,NG004_P5,mouse,CC7_CC8_CC9_CC10,LPS_Ctrl_LPS_MIX,no
NG004_PC726_WC92,NG004,NA,NA,PC726,TAAGCCGAAT,WC92,TGTAGATCCG,NA,NG004_P5,mouse,CC7_CC8_CC9_CC10,LPS_Ctrl_LPS_MIX,no
NG004_PC726_WC93,NG004,NA,NA,PC726,TAAGCCGAAT,WC93,AACTCTACCG,NA,NG004_P5,mouse,CC7_CC8_CC9_CC10,LPS_Ctrl_LPS_MIX,no
NG004_PC726_WC94,NG004,NA,NA,PC726,TAAGCCGAAT,WC94,CGTGACATTC,NA,NG004_P5,mouse,CC7_CC8_CC9_CC10,LPS_Ctrl_LPS_MIX,no
NG004_PC726_WC95,NG004,NA,NA,PC726,TAAGCCGAAT,WC95,CTGTACCAGG,NA,NG004_P5,mouse,CC7_CC8_CC9_CC10,LPS_Ctrl_LPS_MIX,no
NG004_PC726_WC96,NG004,NA,NA,PC726,TAAGCCGAAT,WC96,ACTGGTTCCG,NA,NG004_P5,mouse,CC7_CC8_CC9_CC10,LPS_Ctrl_LPS_MIX,no
NG005_PC727_WC1,NG005,NA,NA,PC727,AGATACCGCG,WC1,GTCGTGAATC,NA,NG005_P1_stuffyONLY,human_mouse,CC11_CC12,HEK_NIH,no
NG005_PC727_WC2,NG005,NA,NA,PC727,AGATACCGCG,WC2,CTGTTCTACG,NA,NG005_P1_stuffyONLY,human_mouse,CC11_CC12,HEK_NIH,no
NG005_PC727_WC3,NG005,NA,NA,PC727,AGATACCGCG,WC3,GCTCTTAGGT,NA,NG005_P1_stuffyONLY,human_mouse,CC11_CC12,HEK_NIH,no
NG005_PC727_WC4,NG005,NA,NA,PC727,AGATACCGCG,WC4,TAGAAGCCAT,NA,NG005_P1_stuffyONLY,human_mouse,CC11_CC12,HEK_NIH,no
NG005_PC727_WC5,NG005,NA,NA,PC727,AGATACCGCG,WC5,CACTTAGGTA,NA,NG005_P1_stuffyONLY,human_mouse,CC11_CC12,HEK_NIH,no
NG005_PC727_WC6,NG005,NA,NA,PC727,AGATACCGCG,WC6,ATAGGTAAGG,NA,NG005_P1_stuffyONLY,human_mouse,CC11_CC12,HEK_NIH,no
NG005_PC727_WC7,NG005,NA,NA,PC727,AGATACCGCG,WC7,CGCCTTATAT,NA,NG005_P1_stuffyONLY,human_mouse,CC11_CC12,HEK_NIH,no
NG005_PC727_WC8,NG005,NA,NA,PC727,AGATACCGCG,WC8,GCACGATGCT,NA,NG005_P1_stuffyONLY,human_mouse,CC11_CC12,HEK_NIH,no
NG005_PC727_WC9,NG005,NA,NA,PC727,AGATACCGCG,WC9,AATATGCCAG,NA,NG005_P1_stuffyONLY,human_mouse,CC11_CC12,HEK_NIH,no
NG005_PC727_WC10,NG005,NA,NA,PC727,AGATACCGCG,WC10,TAGAGTCACG,NA,NG005_P1_stuffyONLY,human_mouse,CC11_CC12,HEK_NIH,no
NG005_PC727_WC11,NG005,NA,NA,PC727,AGATACCGCG,WC11,TTAACAGGTC,NA,NG005_P1_stuffyONLY,human_mouse,CC11_CC12,HEK_NIH,no
NG005_PC727_WC12,NG005,NA,NA,PC727,AGATACCGCG,WC12,ACATGAGCCA,NA,NG005_P1_stuffyONLY,human_mouse,CC11_CC12,HEK_NIH,no
NG005_PC727_WC13,NG005,NA,NA,PC727,AGATACCGCG,WC13,GCGAGGTTCT,NA,NG005_P1_stuffyONLY,human_mouse,CC11_CC12,HEK_NIH,no
NG005_PC727_WC14,NG005,NA,NA,PC727,AGATACCGCG,WC14,TGTCCGTAGG,NA,NG005_P1_stuffyONLY,human_mouse,CC11_CC12,HEK_NIH,no
NG005_PC727_WC15,NG005,NA,NA,PC727,AGATACCGCG,WC15,CATTATGCCT,NA,NG005_P1_stuffyONLY,human_mouse,CC11_CC12,HEK_NIH,no
NG005_PC727_WC16,NG005,NA,NA,PC727,AGATACCGCG,WC16,TCCACTGTTG,NA,NG005_P1_stuffyONLY,human_mouse,CC11_CC12,HEK_NIH,no
NG005_PC727_WC17,NG005,NA,NA,PC727,AGATACCGCG,WC17,CTTAACGACA,NA,NG005_P1_stuffyONLY,human_mouse,CC11_CC12,HEK_NIH,no
NG005_PC727_WC18,NG005,NA,NA,PC727,AGATACCGCG,WC18,TCCTCGAGCT,NA,NG005_P1_stuffyONLY,human_mouse,CC11_CC12,HEK_NIH,no
NG005_PC727_WC19,NG005,NA,NA,PC727,AGATACCGCG,WC19,CGAGTAATGT,NA,NG005_P1_stuffyONLY,human_mouse,CC11_CC12,HEK_NIH,no
NG005_PC727_WC20,NG005,NA,NA,PC727,AGATACCGCG,WC20,CATACCGCTG,NA,NG005_P1_stuffyONLY,human_mouse,CC11_CC12,HEK_NIH,no
NG005_PC727_WC21,NG005,NA,NA,PC727,AGATACCGCG,WC21,GCTACTTGCA,NA,NG005_P1_stuffyONLY,human_mouse,CC11_CC12,HEK_NIH,no
NG005_PC727_WC22,NG005,NA,NA,PC727,AGATACCGCG,WC22,GCTATTGAAG,NA,NG005_P1_stuffyONLY,human_mouse,CC11_CC12,HEK_NIH,no
NG005_PC727_WC23,NG005,NA,NA,PC727,AGATACCGCG,WC23,TCAGCATCCG,NA,NG005_P1_stuffyONLY,human_mouse,CC11_CC12,HEK_NIH,no
NG005_PC727_WC24,NG005,NA,NA,PC727,AGATACCGCG,WC24,TAGGTGGTGG,NA,NG005_P1_stuffyONLY,human_mouse,CC11_CC12,HEK_NIH,no
NG005_PC727_WC25,NG005,NA,NA,PC727,AGATACCGCG,WC25,AAGATCGGAT,NA,NG005_P1_stuffyONLY,human_mouse,CC11_CC12,HEK_NIH,no
NG005_PC727_WC26,NG005,NA,NA,PC727,AGATACCGCG,WC26,TTAACGTCCG,NA,NG005_P1_stuffyONLY,human_mouse,CC11_CC12,HEK_NIH,no
NG005_PC727_WC27,NG005,NA,NA,PC727,AGATACCGCG,WC27,ATTACCGATC,NA,NG005_P1_stuffyONLY,human_mouse,CC11_CC12,HEK_NIH,no
NG005_PC727_WC28,NG005,NA,NA,PC727,AGATACCGCG,WC28,GTTGCATCGT,NA,NG005_P1_stuffyONLY,human_mouse,CC11_CC12,HEK_NIH,no
NG005_PC727_WC29,NG005,NA,NA,PC727,AGATACCGCG,WC29,ACTGGACGTT,NA,NG005_P1_stuffyONLY,human_mouse,CC11_CC12,HEK_NIH,no
NG005_PC727_WC30,NG005,NA,NA,PC727,AGATACCGCG,WC30,TTGTTCGTGT,NA,NG005_P1_stuffyONLY,human_mouse,CC11_CC12,HEK_NIH,no
NG005_PC727_WC31,NG005,NA,NA,PC727,AGATACCGCG,WC31,ACGGACTGAG,NA,NG005_P1_stuffyONLY,human_mouse,CC11_CC12,HEK_NIH,no
NG005_PC727_WC32,NG005,NA,NA,PC727,AGATACCGCG,WC32,CACCGTCATA,NA,NG005_P1_stuffyONLY,human_mouse,CC11_CC12,HEK_NIH,no
NG005_PC727_WC33,NG005,NA,NA,PC727,AGATACCGCG,WC33,GTAGTTGTGT,NA,NG005_P1_stuffyONLY,human_mouse,CC11_CC12,HEK_NIH,no
NG005_PC727_WC34,NG005,NA,NA,PC727,AGATACCGCG,WC34,CTGAGTCCTT,NA,NG005_P1_stuffyONLY,human_mouse,CC11_CC12,HEK_NIH,no
NG005_PC727_WC35,NG005,NA,NA,PC727,AGATACCGCG,WC35,TCACAGTTGC,NA,NG005_P1_stuffyONLY,human_mouse,CC11_CC12,HEK_NIH,no
NG005_PC727_WC36,NG005,NA,NA,PC727,AGATACCGCG,WC36,ATTGTAAGCG,NA,NG005_P1_stuffyONLY,human_mouse,CC11_CC12,HEK_NIH,no
NG005_PC727_WC37,NG005,NA,NA,PC727,AGATACCGCG,WC37,CGGTCTCTCT,NA,NG005_P1_stuffyONLY,human_mouse,CC11_CC12,HEK_NIH,no
NG005_PC727_WC38,NG005,NA,NA,PC727,AGATACCGCG,WC38,AACAGCAATG,NA,NG005_P1_stuffyONLY,human_mouse,CC11_CC12,HEK_NIH,no
NG005_PC727_WC39,NG005,NA,NA,PC727,AGATACCGCG,WC39,TCCGTGTTGC,NA,NG005_P1_stuffyONLY,human_mouse,CC11_CC12,HEK_NIH,no
NG005_PC727_WC40,NG005,NA,NA,PC727,AGATACCGCG,WC40,TGCGAAGTGA,NA,NG005_P1_stuffyONLY,human_mouse,CC11_CC12,HEK_NIH,no
NG005_PC727_WC41,NG005,NA,NA,PC727,AGATACCGCG,WC41,CACAGCTATT,NA,NG005_P1_stuffyONLY,human_mouse,CC11_CC12,HEK_NIH,no
NG005_PC727_WC42,NG005,NA,NA,PC727,AGATACCGCG,WC42,GATAGTGTTC,NA,NG005_P1_stuffyONLY,human_mouse,CC11_CC12,HEK_NIH,no
NG005_PC727_WC43,NG005,NA,NA,PC727,AGATACCGCG,WC43,TAGCTACCAG,NA,NG005_P1_stuffyONLY,human_mouse,CC11_CC12,HEK_NIH,no
NG005_PC727_WC44,NG005,NA,NA,PC727,AGATACCGCG,WC44,TGCTCACGCA,NA,NG005_P1_stuffyONLY,human_mouse,CC11_CC12,HEK_NIH,no
NG005_PC727_WC45,NG005,NA,NA,PC727,AGATACCGCG,WC45,AAGTGTGCTA,NA,NG005_P1_stuffyONLY,human_mouse,CC11_CC12,HEK_NIH,no
NG005_PC727_WC46,NG005,NA,NA,PC727,AGATACCGCG,WC46,TCATCGTCTG,NA,NG005_P1_stuffyONLY,human_mouse,CC11_CC12,HEK_NIH,no
NG005_PC727_WC47,NG005,NA,NA,PC727,AGATACCGCG,WC47,AGATGCTCCG,NA,NG005_P1_stuffyONLY,human_mouse,CC11_CC12,HEK_NIH,no
NG005_PC727_WC48,NG005,NA,NA,PC727,AGATACCGCG,WC48,GAACCAAGCG,NA,NG005_P1_stuffyONLY,human_mouse,CC11_CC12,HEK_NIH,no
NG005_PC727_WC49,NG005,NA,NA,PC727,AGATACCGCG,WC49,CCTCTTCAAG,NA,NG005_P1_stuffyONLY,human_mouse,CC11_CC12,HEK_NIH,no
NG005_PC727_WC50,NG005,NA,NA,PC727,AGATACCGCG,WC50,CGTCGCATCT,NA,NG005_P1_stuffyONLY,human_mouse,CC11_CC12,HEK_NIH,no
NG005_PC727_WC51,NG005,NA,NA,PC727,AGATACCGCG,WC51,CCGAACGTTC,NA,NG005_P1_stuffyONLY,human_mouse,CC11_CC12,HEK_NIH,no
NG005_PC727_WC52,NG005,NA,NA,PC727,AGATACCGCG,WC52,GAATGGCGTT,NA,NG005_P1_stuffyONLY,human_mouse,CC11_CC12,HEK_NIH,no
NG005_PC727_WC53,NG005,NA,NA,PC727,AGATACCGCG,WC53,AAGTTCAGGA,NA,NG005_P1_stuffyONLY,human_mouse,CC11_CC12,HEK_NIH,no
NG005_PC727_WC54,NG005,NA,NA,PC727,AGATACCGCG,WC54,GACCAATTGT,NA,NG005_P1_stuffyONLY,human_mouse,CC11_CC12,HEK_NIH,no
NG005_PC727_WC55,NG005,NA,NA,PC727,AGATACCGCG,WC55,TGTCTGTGAC,NA,NG005_P1_stuffyONLY,human_mouse,CC11_CC12,HEK_NIH,no
NG005_PC727_WC56,NG005,NA,NA,PC727,AGATACCGCG,WC56,GAACATTGGC,NA,NG005_P1_stuffyONLY,human_mouse,CC11_CC12,HEK_NIH,no
NG005_PC727_WC57,NG005,NA,NA,PC727,AGATACCGCG,WC57,CGTAACACTA,NA,NG005_P1_stuffyONLY,human_mouse,CC11_CC12,HEK_NIH,no
NG005_PC727_WC58,NG005,NA,NA,PC727,AGATACCGCG,WC58,GTACTTCCAA,NA,NG005_P1_stuffyONLY,human_mouse,CC11_CC12,HEK_NIH,no
NG005_PC727_WC59,NG005,NA,NA,PC727,AGATACCGCG,WC59,TTAGCGTCTT,NA,NG005_P1_stuffyONLY,human_mouse,CC11_CC12,HEK_NIH,no
NG005_PC727_WC60,NG005,NA,NA,PC727,AGATACCGCG,WC60,TTGACCGTCT,NA,NG005_P1_stuffyONLY,human_mouse,CC11_CC12,HEK_NIH,no
NG005_PC727_WC61,NG005,NA,NA,PC727,AGATACCGCG,WC61,ACGGCTTCTC,NA,NG005_P1_stuffyONLY,human_mouse,CC11_CC12,HEK_NIH,no
NG005_PC727_WC62,NG005,NA,NA,PC727,AGATACCGCG,WC62,TGCGATGTAT,NA,NG005_P1_stuffyONLY,human_mouse,CC11_CC12,HEK_NIH,no
NG005_PC727_WC63,NG005,NA,NA,PC727,AGATACCGCG,WC63,GCGTTCAGCA,NA,NG005_P1_stuffyONLY,human_mouse,CC11_CC12,HEK_NIH,no
NG005_PC727_WC64,NG005,NA,NA,PC727,AGATACCGCG,WC64,GCCTAGGAAG,NA,NG005_P1_stuffyONLY,human_mouse,CC11_CC12,HEK_NIH,no
NG005_PC727_WC65,NG005,NA,NA,PC727,AGATACCGCG,WC65,GTTACCAACG,NA,NG005_P1_stuffyONLY,human_mouse,CC11_CC12,HEK_NIH,no
NG005_PC727_WC66,NG005,NA,NA,PC727,AGATACCGCG,WC66,ACGAACCAAG,NA,NG005_P1_stuffyONLY,human_mouse,CC11_CC12,HEK_NIH,no
NG005_PC727_WC67,NG005,NA,NA,PC727,AGATACCGCG,WC67,CACGCAAGTC,NA,NG005_P1_stuffyONLY,human_mouse,CC11_CC12,HEK_NIH,no
NG005_PC727_WC68,NG005,NA,NA,PC727,AGATACCGCG,WC68,GCTGGAGAAG,NA,NG005_P1_stuffyONLY,human_mouse,CC11_CC12,HEK_NIH,no
NG005_PC727_WC69,NG005,NA,NA,PC727,AGATACCGCG,WC69,CCAGTGTACG,NA,NG005_P1_stuffyONLY,human_mouse,CC11_CC12,HEK_NIH,no
NG005_PC727_WC70,NG005,NA,NA,PC727,AGATACCGCG,WC70,GTTGATGCGA,NA,NG005_P1_stuffyONLY,human_mouse,CC11_CC12,HEK_NIH,no
NG005_PC727_WC71,NG005,NA,NA,PC727,AGATACCGCG,WC71,CGCTTGTTAT,NA,NG005_P1_stuffyONLY,human_mouse,CC11_CC12,HEK_NIH,no
NG005_PC727_WC72,NG005,NA,NA,PC727,AGATACCGCG,WC72,GTAACGTTCA,NA,NG005_P1_stuffyONLY,human_mouse,CC11_CC12,HEK_NIH,no
NG005_PC727_WC73,NG005,NA,NA,PC727,AGATACCGCG,WC73,CCGAGTCTTC,NA,NG005_P1_stuffyONLY,human_mouse,CC11_CC12,HEK_NIH,no
NG005_PC727_WC74,NG005,NA,NA,PC727,AGATACCGCG,WC74,TATTGCGCTA,NA,NG005_P1_stuffyONLY,human_mouse,CC11_CC12,HEK_NIH,no
NG005_PC727_WC75,NG005,NA,NA,PC727,AGATACCGCG,WC75,TGTGGTCTAA,NA,NG005_P1_stuffyONLY,human_mouse,CC11_CC12,HEK_NIH,no
NG005_PC727_WC76,NG005,NA,NA,PC727,AGATACCGCG,WC76,CACGTCTACG,NA,NG005_P1_stuffyONLY,human_mouse,CC11_CC12,HEK_NIH,no
NG005_PC727_WC77,NG005,NA,NA,PC727,AGATACCGCG,WC77,AGTCCAGTGA,NA,NG005_P1_stuffyONLY,human_mouse,CC11_CC12,HEK_NIH,no
NG005_PC727_WC78,NG005,NA,NA,PC727,AGATACCGCG,WC78,ATGCTTGGTC,NA,NG005_P1_stuffyONLY,human_mouse,CC11_CC12,HEK_NIH,no
NG005_PC727_WC79,NG005,NA,NA,PC727,AGATACCGCG,WC79,TGATACTCGC,NA,NG005_P1_stuffyONLY,human_mouse,CC11_CC12,HEK_NIH,no
NG005_PC727_WC80,NG005,NA,NA,PC727,AGATACCGCG,WC80,TTATCGAGAG,NA,NG005_P1_stuffyONLY,human_mouse,CC11_CC12,HEK_NIH,no
NG005_PC727_WC81,NG005,NA,NA,PC727,AGATACCGCG,WC81,TGCCAGTATT,NA,NG005_P1_stuffyONLY,human_mouse,CC11_CC12,HEK_NIH,no
NG005_PC727_WC82,NG005,NA,NA,PC727,AGATACCGCG,WC82,GAGTTGCATA,NA,NG005_P1_stuffyONLY,human_mouse,CC11_CC12,HEK_NIH,no
NG005_PC727_WC83,NG005,NA,NA,PC727,AGATACCGCG,WC83,ACACTAGCAT,NA,NG005_P1_stuffyONLY,human_mouse,CC11_CC12,HEK_NIH,no
NG005_PC727_WC84,NG005,NA,NA,PC727,AGATACCGCG,WC84,GTTCTAATGG,NA,NG005_P1_stuffyONLY,human_mouse,CC11_CC12,HEK_NIH,no
NG005_PC727_WC85,NG005,NA,NA,PC727,AGATACCGCG,WC85,CGTTCACGTT,NA,NG005_P1_stuffyONLY,human_mouse,CC11_CC12,HEK_NIH,no
NG005_PC727_WC86,NG005,NA,NA,PC727,AGATACCGCG,WC86,GACTGCGTTA,NA,NG005_P1_stuffyONLY,human_mouse,CC11_CC12,HEK_NIH,no
NG005_PC727_WC87,NG005,NA,NA,PC727,AGATACCGCG,WC87,TGGCTTATGG,NA,NG005_P1_stuffyONLY,human_mouse,CC11_CC12,HEK_NIH,no
NG005_PC727_WC88,NG005,NA,NA,PC727,AGATACCGCG,WC88,TCAGAGGCAC,NA,NG005_P1_stuffyONLY,human_mouse,CC11_CC12,HEK_NIH,no
NG005_PC727_WC89,NG005,NA,NA,PC727,AGATACCGCG,WC89,CGCTAGGCTA,NA,NG005_P1_stuffyONLY,human_mouse,CC11_CC12,HEK_NIH,no
NG005_PC727_WC90,NG005,NA,NA,PC727,AGATACCGCG,WC90,AACCGTAACA,NA,NG005_P1_stuffyONLY,human_mouse,CC11_CC12,HEK_NIH,no
NG005_PC727_WC91,NG005,NA,NA,PC727,AGATACCGCG,WC91,CTTGGTATGA,NA,NG005_P1_stuffyONLY,human_mouse,CC11_CC12,HEK_NIH,no
NG005_PC727_WC92,NG005,NA,NA,PC727,AGATACCGCG,WC92,TGTAGATCCG,NA,NG005_P1_stuffyONLY,human_mouse,CC11_CC12,HEK_NIH,no
NG005_PC727_WC93,NG005,NA,NA,PC727,AGATACCGCG,WC93,AACTCTACCG,NA,NG005_P1_stuffyONLY,human_mouse,CC11_CC12,HEK_NIH,no
NG005_PC727_WC94,NG005,NA,NA,PC727,AGATACCGCG,WC94,CGTGACATTC,NA,NG005_P1_stuffyONLY,human_mouse,CC11_CC12,HEK_NIH,no
NG005_PC727_WC95,NG005,NA,NA,PC727,AGATACCGCG,WC95,CTGTACCAGG,NA,NG005_P1_stuffyONLY,human_mouse,CC11_CC12,HEK_NIH,no
NG005_PC727_WC96,NG005,NA,NA,PC727,AGATACCGCG,WC96,ACTGGTTCCG,NA,NG005_P1_stuffyONLY,human_mouse,CC11_CC12,HEK_NIH,no
NG005_PC728_WC1,NG005,NA,NA,PC728,GACGCGGATA,WC1,GTCGTGAATC,NA,NG005_P2_stuffyMO,human_mouse,CC11_CC12,HEK_NIH,no
NG005_PC728_WC2,NG005,NA,NA,PC728,GACGCGGATA,WC2,CTGTTCTACG,NA,NG005_P2_stuffyMO,human_mouse,CC11_CC12,HEK_NIH,no
NG005_PC728_WC3,NG005,NA,NA,PC728,GACGCGGATA,WC3,GCTCTTAGGT,NA,NG005_P2_stuffyMO,human_mouse,CC11_CC12,HEK_NIH,no
NG005_PC728_WC4,NG005,NA,NA,PC728,GACGCGGATA,WC4,TAGAAGCCAT,NA,NG005_P2_stuffyMO,human_mouse,CC11_CC12,HEK_NIH,no
NG005_PC728_WC5,NG005,NA,NA,PC728,GACGCGGATA,WC5,CACTTAGGTA,NA,NG005_P2_stuffyMO,human_mouse,CC11_CC12,HEK_NIH,no
NG005_PC728_WC6,NG005,NA,NA,PC728,GACGCGGATA,WC6,ATAGGTAAGG,NA,NG005_P2_stuffyMO,human_mouse,CC11_CC12,HEK_NIH,no
NG005_PC728_WC7,NG005,NA,NA,PC728,GACGCGGATA,WC7,CGCCTTATAT,NA,NG005_P2_stuffyMO,human_mouse,CC11_CC12,HEK_NIH,no
NG005_PC728_WC8,NG005,NA,NA,PC728,GACGCGGATA,WC8,GCACGATGCT,NA,NG005_P2_stuffyMO,human_mouse,CC11_CC12,HEK_NIH,no
NG005_PC728_WC9,NG005,NA,NA,PC728,GACGCGGATA,WC9,AATATGCCAG,NA,NG005_P2_stuffyMO,human_mouse,CC11_CC12,HEK_NIH,no
NG005_PC728_WC10,NG005,NA,NA,PC728,GACGCGGATA,WC10,TAGAGTCACG,NA,NG005_P2_stuffyMO,human_mouse,CC11_CC12,HEK_NIH,no
NG005_PC728_WC11,NG005,NA,NA,PC728,GACGCGGATA,WC11,TTAACAGGTC,NA,NG005_P2_stuffyMO,human_mouse,CC11_CC12,HEK_NIH,no
NG005_PC728_WC12,NG005,NA,NA,PC728,GACGCGGATA,WC12,ACATGAGCCA,NA,NG005_P2_stuffyMO,human_mouse,CC11_CC12,HEK_NIH,no
NG005_PC728_WC13,NG005,NA,NA,PC728,GACGCGGATA,WC13,GCGAGGTTCT,NA,NG005_P2_stuffyMO,human_mouse,CC11_CC12,HEK_NIH,no
NG005_PC728_WC14,NG005,NA,NA,PC728,GACGCGGATA,WC14,TGTCCGTAGG,NA,NG005_P2_stuffyMO,human_mouse,CC11_CC12,HEK_NIH,no
NG005_PC728_WC15,NG005,NA,NA,PC728,GACGCGGATA,WC15,CATTATGCCT,NA,NG005_P2_stuffyMO,human_mouse,CC11_CC12,HEK_NIH,no
NG005_PC728_WC16,NG005,NA,NA,PC728,GACGCGGATA,WC16,TCCACTGTTG,NA,NG005_P2_stuffyMO,human_mouse,CC11_CC12,HEK_NIH,no
NG005_PC728_WC17,NG005,NA,NA,PC728,GACGCGGATA,WC17,CTTAACGACA,NA,NG005_P2_stuffyMO,human_mouse,CC11_CC12,HEK_NIH,no
NG005_PC728_WC18,NG005,NA,NA,PC728,GACGCGGATA,WC18,TCCTCGAGCT,NA,NG005_P2_stuffyMO,human_mouse,CC11_CC12,HEK_NIH,no
NG005_PC728_WC19,NG005,NA,NA,PC728,GACGCGGATA,WC19,CGAGTAATGT,NA,NG005_P2_stuffyMO,human_mouse,CC11_CC12,HEK_NIH,no
NG005_PC728_WC20,NG005,NA,NA,PC728,GACGCGGATA,WC20,CATACCGCTG,NA,NG005_P2_stuffyMO,human_mouse,CC11_CC12,HEK_NIH,no
NG005_PC728_WC21,NG005,NA,NA,PC728,GACGCGGATA,WC21,GCTACTTGCA,NA,NG005_P2_stuffyMO,human_mouse,CC11_CC12,HEK_NIH,no
NG005_PC728_WC22,NG005,NA,NA,PC728,GACGCGGATA,WC22,GCTATTGAAG,NA,NG005_P2_stuffyMO,human_mouse,CC11_CC12,HEK_NIH,no
NG005_PC728_WC23,NG005,NA,NA,PC728,GACGCGGATA,WC23,TCAGCATCCG,NA,NG005_P2_stuffyMO,human_mouse,CC11_CC12,HEK_NIH,no
NG005_PC728_WC24,NG005,NA,NA,PC728,GACGCGGATA,WC24,TAGGTGGTGG,NA,NG005_P2_stuffyMO,human_mouse,CC11_CC12,HEK_NIH,no
NG005_PC728_WC25,NG005,NA,NA,PC728,GACGCGGATA,WC25,AAGATCGGAT,NA,NG005_P2_stuffyMO,human_mouse,CC11_CC12,HEK_NIH,no
NG005_PC728_WC26,NG005,NA,NA,PC728,GACGCGGATA,WC26,TTAACGTCCG,NA,NG005_P2_stuffyMO,human_mouse,CC11_CC12,HEK_NIH,no
NG005_PC728_WC27,NG005,NA,NA,PC728,GACGCGGATA,WC27,ATTACCGATC,NA,NG005_P2_stuffyMO,human_mouse,CC11_CC12,HEK_NIH,no
NG005_PC728_WC28,NG005,NA,NA,PC728,GACGCGGATA,WC28,GTTGCATCGT,NA,NG005_P2_stuffyMO,human_mouse,CC11_CC12,HEK_NIH,no
NG005_PC728_WC29,NG005,NA,NA,PC728,GACGCGGATA,WC29,ACTGGACGTT,NA,NG005_P2_stuffyMO,human_mouse,CC11_CC12,HEK_NIH,no
NG005_PC728_WC30,NG005,NA,NA,PC728,GACGCGGATA,WC30,TTGTTCGTGT,NA,NG005_P2_stuffyMO,human_mouse,CC11_CC12,HEK_NIH,no
NG005_PC728_WC31,NG005,NA,NA,PC728,GACGCGGATA,WC31,ACGGACTGAG,NA,NG005_P2_stuffyMO,human_mouse,CC11_CC12,HEK_NIH,no
NG005_PC728_WC32,NG005,NA,NA,PC728,GACGCGGATA,WC32,CACCGTCATA,NA,NG005_P2_stuffyMO,human_mouse,CC11_CC12,HEK_NIH,no
NG005_PC728_WC33,NG005,NA,NA,PC728,GACGCGGATA,WC33,GTAGTTGTGT,NA,NG005_P2_stuffyMO,human_mouse,CC11_CC12,HEK_NIH,no
NG005_PC728_WC34,NG005,NA,NA,PC728,GACGCGGATA,WC34,CTGAGTCCTT,NA,NG005_P2_stuffyMO,human_mouse,CC11_CC12,HEK_NIH,no
NG005_PC728_WC35,NG005,NA,NA,PC728,GACGCGGATA,WC35,TCACAGTTGC,NA,NG005_P2_stuffyMO,human_mouse,CC11_CC12,HEK_NIH,no
NG005_PC728_WC36,NG005,NA,NA,PC728,GACGCGGATA,WC36,ATTGTAAGCG,NA,NG005_P2_stuffyMO,human_mouse,CC11_CC12,HEK_NIH,no
NG005_PC728_WC37,NG005,NA,NA,PC728,GACGCGGATA,WC37,CGGTCTCTCT,NA,NG005_P2_stuffyMO,human_mouse,CC11_CC12,HEK_NIH,no
NG005_PC728_WC38,NG005,NA,NA,PC728,GACGCGGATA,WC38,AACAGCAATG,NA,NG005_P2_stuffyMO,human_mouse,CC11_CC12,HEK_NIH,no
NG005_PC728_WC39,NG005,NA,NA,PC728,GACGCGGATA,WC39,TCCGTGTTGC,NA,NG005_P2_stuffyMO,human_mouse,CC11_CC12,HEK_NIH,no
NG005_PC728_WC40,NG005,NA,NA,PC728,GACGCGGATA,WC40,TGCGAAGTGA,NA,NG005_P2_stuffyMO,human_mouse,CC11_CC12,HEK_NIH,no
NG005_PC728_WC41,NG005,NA,NA,PC728,GACGCGGATA,WC41,CACAGCTATT,NA,NG005_P2_stuffyMO,human_mouse,CC11_CC12,HEK_NIH,no
NG005_PC728_WC42,NG005,NA,NA,PC728,GACGCGGATA,WC42,GATAGTGTTC,NA,NG005_P2_stuffyMO,human_mouse,CC11_CC12,HEK_NIH,no
NG005_PC728_WC43,NG005,NA,NA,PC728,GACGCGGATA,WC43,TAGCTACCAG,NA,NG005_P2_stuffyMO,human_mouse,CC11_CC12,HEK_NIH,no
NG005_PC728_WC44,NG005,NA,NA,PC728,GACGCGGATA,WC44,TGCTCACGCA,NA,NG005_P2_stuffyMO,human_mouse,CC11_CC12,HEK_NIH,no
NG005_PC728_WC45,NG005,NA,NA,PC728,GACGCGGATA,WC45,AAGTGTGCTA,NA,NG005_P2_stuffyMO,human_mouse,CC11_CC12,HEK_NIH,no
NG005_PC728_WC46,NG005,NA,NA,PC728,GACGCGGATA,WC46,TCATCGTCTG,NA,NG005_P2_stuffyMO,human_mouse,CC11_CC12,HEK_NIH,no
NG005_PC728_WC47,NG005,NA,NA,PC728,GACGCGGATA,WC47,AGATGCTCCG,NA,NG005_P2_stuffyMO,human_mouse,CC11_CC12,HEK_NIH,no
NG005_PC728_WC48,NG005,NA,NA,PC728,GACGCGGATA,WC48,GAACCAAGCG,NA,NG005_P2_stuffyMO,human_mouse,CC11_CC12,HEK_NIH,no
NG005_PC728_WC49,NG005,NA,NA,PC728,GACGCGGATA,WC49,CCTCTTCAAG,NA,NG005_P2_stuffyMO,human_mouse,CC11_CC12,HEK_NIH,no
NG005_PC728_WC50,NG005,NA,NA,PC728,GACGCGGATA,WC50,CGTCGCATCT,NA,NG005_P2_stuffyMO,human_mouse,CC11_CC12,HEK_NIH,no
NG005_PC728_WC51,NG005,NA,NA,PC728,GACGCGGATA,WC51,CCGAACGTTC,NA,NG005_P2_stuffyMO,human_mouse,CC11_CC12,HEK_NIH,no
NG005_PC728_WC52,NG005,NA,NA,PC728,GACGCGGATA,WC52,GAATGGCGTT,NA,NG005_P2_stuffyMO,human_mouse,CC11_CC12,HEK_NIH,no
NG005_PC728_WC53,NG005,NA,NA,PC728,GACGCGGATA,WC53,AAGTTCAGGA,NA,NG005_P2_stuffyMO,human_mouse,CC11_CC12,HEK_NIH,no
NG005_PC728_WC54,NG005,NA,NA,PC728,GACGCGGATA,WC54,GACCAATTGT,NA,NG005_P2_stuffyMO,human_mouse,CC11_CC12,HEK_NIH,no
NG005_PC728_WC55,NG005,NA,NA,PC728,GACGCGGATA,WC55,TGTCTGTGAC,NA,NG005_P2_stuffyMO,human_mouse,CC11_CC12,HEK_NIH,no
NG005_PC728_WC56,NG005,NA,NA,PC728,GACGCGGATA,WC56,GAACATTGGC,NA,NG005_P2_stuffyMO,human_mouse,CC11_CC12,HEK_NIH,no
NG005_PC728_WC57,NG005,NA,NA,PC728,GACGCGGATA,WC57,CGTAACACTA,NA,NG005_P2_stuffyMO,human_mouse,CC11_CC12,HEK_NIH,no
NG005_PC728_WC58,NG005,NA,NA,PC728,GACGCGGATA,WC58,GTACTTCCAA,NA,NG005_P2_stuffyMO,human_mouse,CC11_CC12,HEK_NIH,no
NG005_PC728_WC59,NG005,NA,NA,PC728,GACGCGGATA,WC59,TTAGCGTCTT,NA,NG005_P2_stuffyMO,human_mouse,CC11_CC12,HEK_NIH,no
NG005_PC728_WC60,NG005,NA,NA,PC728,GACGCGGATA,WC60,TTGACCGTCT,NA,NG005_P2_stuffyMO,human_mouse,CC11_CC12,HEK_NIH,no
NG005_PC728_WC61,NG005,NA,NA,PC728,GACGCGGATA,WC61,ACGGCTTCTC,NA,NG005_P2_stuffyMO,human_mouse,CC11_CC12,HEK_NIH,no
NG005_PC728_WC62,NG005,NA,NA,PC728,GACGCGGATA,WC62,TGCGATGTAT,NA,NG005_P2_stuffyMO,human_mouse,CC11_CC12,HEK_NIH,no
NG005_PC728_WC63,NG005,NA,NA,PC728,GACGCGGATA,WC63,GCGTTCAGCA,NA,NG005_P2_stuffyMO,human_mouse,CC11_CC12,HEK_NIH,no
NG005_PC728_WC64,NG005,NA,NA,PC728,GACGCGGATA,WC64,GCCTAGGAAG,NA,NG005_P2_stuffyMO,human_mouse,CC11_CC12,HEK_NIH,no
NG005_PC728_WC65,NG005,NA,NA,PC728,GACGCGGATA,WC65,GTTACCAACG,NA,NG005_P2_stuffyMO,human_mouse,CC11_CC12,HEK_NIH,no
NG005_PC728_WC66,NG005,NA,NA,PC728,GACGCGGATA,WC66,ACGAACCAAG,NA,NG005_P2_stuffyMO,human_mouse,CC11_CC12,HEK_NIH,no
NG005_PC728_WC67,NG005,NA,NA,PC728,GACGCGGATA,WC67,CACGCAAGTC,NA,NG005_P2_stuffyMO,human_mouse,CC11_CC12,HEK_NIH,no
NG005_PC728_WC68,NG005,NA,NA,PC728,GACGCGGATA,WC68,GCTGGAGAAG,NA,NG005_P2_stuffyMO,human_mouse,CC11_CC12,HEK_NIH,no
NG005_PC728_WC69,NG005,NA,NA,PC728,GACGCGGATA,WC69,CCAGTGTACG,NA,NG005_P2_stuffyMO,human_mouse,CC11_CC12,HEK_NIH,no
NG005_PC728_WC70,NG005,NA,NA,PC728,GACGCGGATA,WC70,GTTGATGCGA,NA,NG005_P2_stuffyMO,human_mouse,CC11_CC12,HEK_NIH,no
NG005_PC728_WC71,NG005,NA,NA,PC728,GACGCGGATA,WC71,CGCTTGTTAT,NA,NG005_P2_stuffyMO,human_mouse,CC11_CC12,HEK_NIH,no
NG005_PC728_WC72,NG005,NA,NA,PC728,GACGCGGATA,WC72,GTAACGTTCA,NA,NG005_P2_stuffyMO,human_mouse,CC11_CC12,HEK_NIH,no
NG005_PC728_WC73,NG005,NA,NA,PC728,GACGCGGATA,WC73,CCGAGTCTTC,NA,NG005_P2_stuffyMO,human_mouse,CC11_CC12,HEK_NIH,no
NG005_PC728_WC74,NG005,NA,NA,PC728,GACGCGGATA,WC74,TATTGCGCTA,NA,NG005_P2_stuffyMO,human_mouse,CC11_CC12,HEK_NIH,no
NG005_PC728_WC75,NG005,NA,NA,PC728,GACGCGGATA,WC75,TGTGGTCTAA,NA,NG005_P2_stuffyMO,human_mouse,CC11_CC12,HEK_NIH,no
NG005_PC728_WC76,NG005,NA,NA,PC728,GACGCGGATA,WC76,CACGTCTACG,NA,NG005_P2_stuffyMO,human_mouse,CC11_CC12,HEK_NIH,no
NG005_PC728_WC77,NG005,NA,NA,PC728,GACGCGGATA,WC77,AGTCCAGTGA,NA,NG005_P2_stuffyMO,human_mouse,CC11_CC12,HEK_NIH,no
NG005_PC728_WC78,NG005,NA,NA,PC728,GACGCGGATA,WC78,ATGCTTGGTC,NA,NG005_P2_stuffyMO,human_mouse,CC11_CC12,HEK_NIH,no
NG005_PC728_WC79,NG005,NA,NA,PC728,GACGCGGATA,WC79,TGATACTCGC,NA,NG005_P2_stuffyMO,human_mouse,CC11_CC12,HEK_NIH,no
NG005_PC728_WC80,NG005,NA,NA,PC728,GACGCGGATA,WC80,TTATCGAGAG,NA,NG005_P2_stuffyMO,human_mouse,CC11_CC12,HEK_NIH,no
NG005_PC728_WC81,NG005,NA,NA,PC728,GACGCGGATA,WC81,TGCCAGTATT,NA,NG005_P2_stuffyMO,human_mouse,CC11_CC12,HEK_NIH,no
NG005_PC728_WC82,NG005,NA,NA,PC728,GACGCGGATA,WC82,GAGTTGCATA,NA,NG005_P2_stuffyMO,human_mouse,CC11_CC12,HEK_NIH,no
NG005_PC728_WC83,NG005,NA,NA,PC728,GACGCGGATA,WC83,ACACTAGCAT,NA,NG005_P2_stuffyMO,human_mouse,CC11_CC12,HEK_NIH,no
NG005_PC728_WC84,NG005,NA,NA,PC728,GACGCGGATA,WC84,GTTCTAATGG,NA,NG005_P2_stuffyMO,human_mouse,CC11_CC12,HEK_NIH,no
NG005_PC728_WC85,NG005,NA,NA,PC728,GACGCGGATA,WC85,CGTTCACGTT,NA,NG005_P2_stuffyMO,human_mouse,CC11_CC12,HEK_NIH,no
NG005_PC728_WC86,NG005,NA,NA,PC728,GACGCGGATA,WC86,GACTGCGTTA,NA,NG005_P2_stuffyMO,human_mouse,CC11_CC12,HEK_NIH,no
NG005_PC728_WC87,NG005,NA,NA,PC728,GACGCGGATA,WC87,TGGCTTATGG,NA,NG005_P2_stuffyMO,human_mouse,CC11_CC12,HEK_NIH,no
NG005_PC728_WC88,NG005,NA,NA,PC728,GACGCGGATA,WC88,TCAGAGGCAC,NA,NG005_P2_stuffyMO,human_mouse,CC11_CC12,HEK_NIH,no
NG005_PC728_WC89,NG005,NA,NA,PC728,GACGCGGATA,WC89,CGCTAGGCTA,NA,NG005_P2_stuffyMO,human_mouse,CC11_CC12,HEK_NIH,no
NG005_PC728_WC90,NG005,NA,NA,PC728,GACGCGGATA,WC90,AACCGTAACA,NA,NG005_P2_stuffyMO,human_mouse,CC11_CC12,HEK_NIH,no
NG005_PC728_WC91,NG005,NA,NA,PC728,GACGCGGATA,WC91,CTTGGTATGA,NA,NG005_P2_stuffyMO,human_mouse,CC11_CC12,HEK_NIH,no
NG005_PC728_WC92,NG005,NA,NA,PC728,GACGCGGATA,WC92,TGTAGATCCG,NA,NG005_P2_stuffyMO,human_mouse,CC11_CC12,HEK_NIH,no
NG005_PC728_WC93,NG005,NA,NA,PC728,GACGCGGATA,WC93,AACTCTACCG,NA,NG005_P2_stuffyMO,human_mouse,CC11_CC12,HEK_NIH,no
NG005_PC728_WC94,NG005,NA,NA,PC728,GACGCGGATA,WC94,CGTGACATTC,NA,NG005_P2_stuffyMO,human_mouse,CC11_CC12,HEK_NIH,no
NG005_PC728_WC95,NG005,NA,NA,PC728,GACGCGGATA,WC95,CTGTACCAGG,NA,NG005_P2_stuffyMO,human_mouse,CC11_CC12,HEK_NIH,no
NG005_PC728_WC96,NG005,NA,NA,PC728,GACGCGGATA,WC96,ACTGGTTCCG,NA,NG005_P2_stuffyMO,human_mouse,CC11_CC12,HEK_NIH,no
NG005_PC729_WC1,NG005,NA,NA,PC729,TGGACATCCT,WC1,GTCGTGAATC,NA,NG005_P3_MOonly,human_mouse,CC11_CC12,HEK_NIH,no
NG005_PC729_WC2,NG005,NA,NA,PC729,TGGACATCCT,WC2,CTGTTCTACG,NA,NG005_P3_MOonly,human_mouse,CC11_CC12,HEK_NIH,no
NG005_PC729_WC3,NG005,NA,NA,PC729,TGGACATCCT,WC3,GCTCTTAGGT,NA,NG005_P3_MOonly,human_mouse,CC11_CC12,HEK_NIH,no
NG005_PC729_WC4,NG005,NA,NA,PC729,TGGACATCCT,WC4,TAGAAGCCAT,NA,NG005_P3_MOonly,human_mouse,CC11_CC12,HEK_NIH,no
NG005_PC729_WC5,NG005,NA,NA,PC729,TGGACATCCT,WC5,CACTTAGGTA,NA,NG005_P3_MOonly,human_mouse,CC11_CC12,HEK_NIH,no
NG005_PC729_WC6,NG005,NA,NA,PC729,TGGACATCCT,WC6,ATAGGTAAGG,NA,NG005_P3_MOonly,human_mouse,CC11_CC12,HEK_NIH,no
NG005_PC729_WC7,NG005,NA,NA,PC729,TGGACATCCT,WC7,CGCCTTATAT,NA,NG005_P3_MOonly,human_mouse,CC11_CC12,HEK_NIH,no
NG005_PC729_WC8,NG005,NA,NA,PC729,TGGACATCCT,WC8,GCACGATGCT,NA,NG005_P3_MOonly,human_mouse,CC11_CC12,HEK_NIH,no
NG005_PC729_WC9,NG005,NA,NA,PC729,TGGACATCCT,WC9,AATATGCCAG,NA,NG005_P3_MOonly,human_mouse,CC11_CC12,HEK_NIH,no
NG005_PC729_WC10,NG005,NA,NA,PC729,TGGACATCCT,WC10,TAGAGTCACG,NA,NG005_P3_MOonly,human_mouse,CC11_CC12,HEK_NIH,no
NG005_PC729_WC11,NG005,NA,NA,PC729,TGGACATCCT,WC11,TTAACAGGTC,NA,NG005_P3_MOonly,human_mouse,CC11_CC12,HEK_NIH,no
NG005_PC729_WC12,NG005,NA,NA,PC729,TGGACATCCT,WC12,ACATGAGCCA,NA,NG005_P3_MOonly,human_mouse,CC11_CC12,HEK_NIH,no
NG005_PC729_WC13,NG005,NA,NA,PC729,TGGACATCCT,WC13,GCGAGGTTCT,NA,NG005_P3_MOonly,human_mouse,CC11_CC12,HEK_NIH,no
NG005_PC729_WC14,NG005,NA,NA,PC729,TGGACATCCT,WC14,TGTCCGTAGG,NA,NG005_P3_MOonly,human_mouse,CC11_CC12,HEK_NIH,no
NG005_PC729_WC15,NG005,NA,NA,PC729,TGGACATCCT,WC15,CATTATGCCT,NA,NG005_P3_MOonly,human_mouse,CC11_CC12,HEK_NIH,no
NG005_PC729_WC16,NG005,NA,NA,PC729,TGGACATCCT,WC16,TCCACTGTTG,NA,NG005_P3_MOonly,human_mouse,CC11_CC12,HEK_NIH,no
NG005_PC729_WC17,NG005,NA,NA,PC729,TGGACATCCT,WC17,CTTAACGACA,NA,NG005_P3_MOonly,human_mouse,CC11_CC12,HEK_NIH,no
NG005_PC729_WC18,NG005,NA,NA,PC729,TGGACATCCT,WC18,TCCTCGAGCT,NA,NG005_P3_MOonly,human_mouse,CC11_CC12,HEK_NIH,no
NG005_PC729_WC19,NG005,NA,NA,PC729,TGGACATCCT,WC19,CGAGTAATGT,NA,NG005_P3_MOonly,human_mouse,CC11_CC12,HEK_NIH,no
NG005_PC729_WC20,NG005,NA,NA,PC729,TGGACATCCT,WC20,CATACCGCTG,NA,NG005_P3_MOonly,human_mouse,CC11_CC12,HEK_NIH,no
NG005_PC729_WC21,NG005,NA,NA,PC729,TGGACATCCT,WC21,GCTACTTGCA,NA,NG005_P3_MOonly,human_mouse,CC11_CC12,HEK_NIH,no
NG005_PC729_WC22,NG005,NA,NA,PC729,TGGACATCCT,WC22,GCTATTGAAG,NA,NG005_P3_MOonly,human_mouse,CC11_CC12,HEK_NIH,no
NG005_PC729_WC23,NG005,NA,NA,PC729,TGGACATCCT,WC23,TCAGCATCCG,NA,NG005_P3_MOonly,human_mouse,CC11_CC12,HEK_NIH,no
NG005_PC729_WC24,NG005,NA,NA,PC729,TGGACATCCT,WC24,TAGGTGGTGG,NA,NG005_P3_MOonly,human_mouse,CC11_CC12,HEK_NIH,no
NG005_PC729_WC25,NG005,NA,NA,PC729,TGGACATCCT,WC25,AAGATCGGAT,NA,NG005_P3_MOonly,human_mouse,CC11_CC12,HEK_NIH,no
NG005_PC729_WC26,NG005,NA,NA,PC729,TGGACATCCT,WC26,TTAACGTCCG,NA,NG005_P3_MOonly,human_mouse,CC11_CC12,HEK_NIH,no
NG005_PC729_WC27,NG005,NA,NA,PC729,TGGACATCCT,WC27,ATTACCGATC,NA,NG005_P3_MOonly,human_mouse,CC11_CC12,HEK_NIH,no
NG005_PC729_WC28,NG005,NA,NA,PC729,TGGACATCCT,WC28,GTTGCATCGT,NA,NG005_P3_MOonly,human_mouse,CC11_CC12,HEK_NIH,no
NG005_PC729_WC29,NG005,NA,NA,PC729,TGGACATCCT,WC29,ACTGGACGTT,NA,NG005_P3_MOonly,human_mouse,CC11_CC12,HEK_NIH,no
NG005_PC729_WC30,NG005,NA,NA,PC729,TGGACATCCT,WC30,TTGTTCGTGT,NA,NG005_P3_MOonly,human_mouse,CC11_CC12,HEK_NIH,no
NG005_PC729_WC31,NG005,NA,NA,PC729,TGGACATCCT,WC31,ACGGACTGAG,NA,NG005_P3_MOonly,human_mouse,CC11_CC12,HEK_NIH,no
NG005_PC729_WC32,NG005,NA,NA,PC729,TGGACATCCT,WC32,CACCGTCATA,NA,NG005_P3_MOonly,human_mouse,CC11_CC12,HEK_NIH,no
NG005_PC729_WC33,NG005,NA,NA,PC729,TGGACATCCT,WC33,GTAGTTGTGT,NA,NG005_P3_MOonly,human_mouse,CC11_CC12,HEK_NIH,no
NG005_PC729_WC34,NG005,NA,NA,PC729,TGGACATCCT,WC34,CTGAGTCCTT,NA,NG005_P3_MOonly,human_mouse,CC11_CC12,HEK_NIH,no
NG005_PC729_WC35,NG005,NA,NA,PC729,TGGACATCCT,WC35,TCACAGTTGC,NA,NG005_P3_MOonly,human_mouse,CC11_CC12,HEK_NIH,no
NG005_PC729_WC36,NG005,NA,NA,PC729,TGGACATCCT,WC36,ATTGTAAGCG,NA,NG005_P3_MOonly,human_mouse,CC11_CC12,HEK_NIH,no
NG005_PC729_WC37,NG005,NA,NA,PC729,TGGACATCCT,WC37,CGGTCTCTCT,NA,NG005_P3_MOonly,human_mouse,CC11_CC12,HEK_NIH,no
NG005_PC729_WC38,NG005,NA,NA,PC729,TGGACATCCT,WC38,AACAGCAATG,NA,NG005_P3_MOonly,human_mouse,CC11_CC12,HEK_NIH,no
NG005_PC729_WC39,NG005,NA,NA,PC729,TGGACATCCT,WC39,TCCGTGTTGC,NA,NG005_P3_MOonly,human_mouse,CC11_CC12,HEK_NIH,no
NG005_PC729_WC40,NG005,NA,NA,PC729,TGGACATCCT,WC40,TGCGAAGTGA,NA,NG005_P3_MOonly,human_mouse,CC11_CC12,HEK_NIH,no
NG005_PC729_WC41,NG005,NA,NA,PC729,TGGACATCCT,WC41,CACAGCTATT,NA,NG005_P3_MOonly,human_mouse,CC11_CC12,HEK_NIH,no
NG005_PC729_WC42,NG005,NA,NA,PC729,TGGACATCCT,WC42,GATAGTGTTC,NA,NG005_P3_MOonly,human_mouse,CC11_CC12,HEK_NIH,no
NG005_PC729_WC43,NG005,NA,NA,PC729,TGGACATCCT,WC43,TAGCTACCAG,NA,NG005_P3_MOonly,human_mouse,CC11_CC12,HEK_NIH,no
NG005_PC729_WC44,NG005,NA,NA,PC729,TGGACATCCT,WC44,TGCTCACGCA,NA,NG005_P3_MOonly,human_mouse,CC11_CC12,HEK_NIH,no
NG005_PC729_WC45,NG005,NA,NA,PC729,TGGACATCCT,WC45,AAGTGTGCTA,NA,NG005_P3_MOonly,human_mouse,CC11_CC12,HEK_NIH,no
NG005_PC729_WC46,NG005,NA,NA,PC729,TGGACATCCT,WC46,TCATCGTCTG,NA,NG005_P3_MOonly,human_mouse,CC11_CC12,HEK_NIH,no
NG005_PC729_WC47,NG005,NA,NA,PC729,TGGACATCCT,WC47,AGATGCTCCG,NA,NG005_P3_MOonly,human_mouse,CC11_CC12,HEK_NIH,no
NG005_PC729_WC48,NG005,NA,NA,PC729,TGGACATCCT,WC48,GAACCAAGCG,NA,NG005_P3_MOonly,human_mouse,CC11_CC12,HEK_NIH,no
NG005_PC729_WC49,NG005,NA,NA,PC729,TGGACATCCT,WC49,CCTCTTCAAG,NA,NG005_P3_MOonly,human_mouse,CC11_CC12,HEK_NIH,no
NG005_PC729_WC50,NG005,NA,NA,PC729,TGGACATCCT,WC50,CGTCGCATCT,NA,NG005_P3_MOonly,human_mouse,CC11_CC12,HEK_NIH,no
NG005_PC729_WC51,NG005,NA,NA,PC729,TGGACATCCT,WC51,CCGAACGTTC,NA,NG005_P3_MOonly,human_mouse,CC11_CC12,HEK_NIH,no
NG005_PC729_WC52,NG005,NA,NA,PC729,TGGACATCCT,WC52,GAATGGCGTT,NA,NG005_P3_MOonly,human_mouse,CC11_CC12,HEK_NIH,no
NG005_PC729_WC53,NG005,NA,NA,PC729,TGGACATCCT,WC53,AAGTTCAGGA,NA,NG005_P3_MOonly,human_mouse,CC11_CC12,HEK_NIH,no
NG005_PC729_WC54,NG005,NA,NA,PC729,TGGACATCCT,WC54,GACCAATTGT,NA,NG005_P3_MOonly,human_mouse,CC11_CC12,HEK_NIH,no
NG005_PC729_WC55,NG005,NA,NA,PC729,TGGACATCCT,WC55,TGTCTGTGAC,NA,NG005_P3_MOonly,human_mouse,CC11_CC12,HEK_NIH,no
NG005_PC729_WC56,NG005,NA,NA,PC729,TGGACATCCT,WC56,GAACATTGGC,NA,NG005_P3_MOonly,human_mouse,CC11_CC12,HEK_NIH,no
NG005_PC729_WC57,NG005,NA,NA,PC729,TGGACATCCT,WC57,CGTAACACTA,NA,NG005_P3_MOonly,human_mouse,CC11_CC12,HEK_NIH,no
NG005_PC729_WC58,NG005,NA,NA,PC729,TGGACATCCT,WC58,GTACTTCCAA,NA,NG005_P3_MOonly,human_mouse,CC11_CC12,HEK_NIH,no
NG005_PC729_WC59,NG005,NA,NA,PC729,TGGACATCCT,WC59,TTAGCGTCTT,NA,NG005_P3_MOonly,human_mouse,CC11_CC12,HEK_NIH,no
NG005_PC729_WC60,NG005,NA,NA,PC729,TGGACATCCT,WC60,TTGACCGTCT,NA,NG005_P3_MOonly,human_mouse,CC11_CC12,HEK_NIH,no
NG005_PC729_WC61,NG005,NA,NA,PC729,TGGACATCCT,WC61,ACGGCTTCTC,NA,NG005_P3_MOonly,human_mouse,CC11_CC12,HEK_NIH,no
NG005_PC729_WC62,NG005,NA,NA,PC729,TGGACATCCT,WC62,TGCGATGTAT,NA,NG005_P3_MOonly,human_mouse,CC11_CC12,HEK_NIH,no
NG005_PC729_WC63,NG005,NA,NA,PC729,TGGACATCCT,WC63,GCGTTCAGCA,NA,NG005_P3_MOonly,human_mouse,CC11_CC12,HEK_NIH,no
NG005_PC729_WC64,NG005,NA,NA,PC729,TGGACATCCT,WC64,GCCTAGGAAG,NA,NG005_P3_MOonly,human_mouse,CC11_CC12,HEK_NIH,no
NG005_PC729_WC65,NG005,NA,NA,PC729,TGGACATCCT,WC65,GTTACCAACG,NA,NG005_P3_MOonly,human_mouse,CC11_CC12,HEK_NIH,no
NG005_PC729_WC66,NG005,NA,NA,PC729,TGGACATCCT,WC66,ACGAACCAAG,NA,NG005_P3_MOonly,human_mouse,CC11_CC12,HEK_NIH,no
NG005_PC729_WC67,NG005,NA,NA,PC729,TGGACATCCT,WC67,CACGCAAGTC,NA,NG005_P3_MOonly,human_mouse,CC11_CC12,HEK_NIH,no
NG005_PC729_WC68,NG005,NA,NA,PC729,TGGACATCCT,WC68,GCTGGAGAAG,NA,NG005_P3_MOonly,human_mouse,CC11_CC12,HEK_NIH,no
NG005_PC729_WC69,NG005,NA,NA,PC729,TGGACATCCT,WC69,CCAGTGTACG,NA,NG005_P3_MOonly,human_mouse,CC11_CC12,HEK_NIH,no
NG005_PC729_WC70,NG005,NA,NA,PC729,TGGACATCCT,WC70,GTTGATGCGA,NA,NG005_P3_MOonly,human_mouse,CC11_CC12,HEK_NIH,no
NG005_PC729_WC71,NG005,NA,NA,PC729,TGGACATCCT,WC71,CGCTTGTTAT,NA,NG005_P3_MOonly,human_mouse,CC11_CC12,HEK_NIH,no
NG005_PC729_WC72,NG005,NA,NA,PC729,TGGACATCCT,WC72,GTAACGTTCA,NA,NG005_P3_MOonly,human_mouse,CC11_CC12,HEK_NIH,no
NG005_PC729_WC73,NG005,NA,NA,PC729,TGGACATCCT,WC73,CCGAGTCTTC,NA,NG005_P3_MOonly,human_mouse,CC11_CC12,HEK_NIH,no
NG005_PC729_WC74,NG005,NA,NA,PC729,TGGACATCCT,WC74,TATTGCGCTA,NA,NG005_P3_MOonly,human_mouse,CC11_CC12,HEK_NIH,no
NG005_PC729_WC75,NG005,NA,NA,PC729,TGGACATCCT,WC75,TGTGGTCTAA,NA,NG005_P3_MOonly,human_mouse,CC11_CC12,HEK_NIH,no
NG005_PC729_WC76,NG005,NA,NA,PC729,TGGACATCCT,WC76,CACGTCTACG,NA,NG005_P3_MOonly,human_mouse,CC11_CC12,HEK_NIH,no
NG005_PC729_WC77,NG005,NA,NA,PC729,TGGACATCCT,WC77,AGTCCAGTGA,NA,NG005_P3_MOonly,human_mouse,CC11_CC12,HEK_NIH,no
NG005_PC729_WC78,NG005,NA,NA,PC729,TGGACATCCT,WC78,ATGCTTGGTC,NA,NG005_P3_MOonly,human_mouse,CC11_CC12,HEK_NIH,no
NG005_PC729_WC79,NG005,NA,NA,PC729,TGGACATCCT,WC79,TGATACTCGC,NA,NG005_P3_MOonly,human_mouse,CC11_CC12,HEK_NIH,no
NG005_PC729_WC80,NG005,NA,NA,PC729,TGGACATCCT,WC80,TTATCGAGAG,NA,NG005_P3_MOonly,human_mouse,CC11_CC12,HEK_NIH,no
NG005_PC729_WC81,NG005,NA,NA,PC729,TGGACATCCT,WC81,TGCCAGTATT,NA,NG005_P3_MOonly,human_mouse,CC11_CC12,HEK_NIH,no
NG005_PC729_WC82,NG005,NA,NA,PC729,TGGACATCCT,WC82,GAGTTGCATA,NA,NG005_P3_MOonly,human_mouse,CC11_CC12,HEK_NIH,no
NG005_PC729_WC83,NG005,NA,NA,PC729,TGGACATCCT,WC83,ACACTAGCAT,NA,NG005_P3_MOonly,human_mouse,CC11_CC12,HEK_NIH,no
NG005_PC729_WC84,NG005,NA,NA,PC729,TGGACATCCT,WC84,GTTCTAATGG,NA,NG005_P3_MOonly,human_mouse,CC11_CC12,HEK_NIH,no
NG005_PC729_WC85,NG005,NA,NA,PC729,TGGACATCCT,WC85,CGTTCACGTT,NA,NG005_P3_MOonly,human_mouse,CC11_CC12,HEK_NIH,no
NG005_PC729_WC86,NG005,NA,NA,PC729,TGGACATCCT,WC86,GACTGCGTTA,NA,NG005_P3_MOonly,human_mouse,CC11_CC12,HEK_NIH,no
NG005_PC729_WC87,NG005,NA,NA,PC729,TGGACATCCT,WC87,TGGCTTATGG,NA,NG005_P3_MOonly,human_mouse,CC11_CC12,HEK_NIH,no
NG005_PC729_WC88,NG005,NA,NA,PC729,TGGACATCCT,WC88,TCAGAGGCAC,NA,NG005_P3_MOonly,human_mouse,CC11_CC12,HEK_NIH,no
NG005_PC729_WC89,NG005,NA,NA,PC729,TGGACATCCT,WC89,CGCTAGGCTA,NA,NG005_P3_MOonly,human_mouse,CC11_CC12,HEK_NIH,no
NG005_PC729_WC90,NG005,NA,NA,PC729,TGGACATCCT,WC90,AACCGTAACA,NA,NG005_P3_MOonly,human_mouse,CC11_CC12,HEK_NIH,no
NG005_PC729_WC91,NG005,NA,NA,PC729,TGGACATCCT,WC91,CTTGGTATGA,NA,NG005_P3_MOonly,human_mouse,CC11_CC12,HEK_NIH,no
NG005_PC729_WC92,NG005,NA,NA,PC729,TGGACATCCT,WC92,TGTAGATCCG,NA,NG005_P3_MOonly,human_mouse,CC11_CC12,HEK_NIH,no
NG005_PC729_WC93,NG005,NA,NA,PC729,TGGACATCCT,WC93,AACTCTACCG,NA,NG005_P3_MOonly,human_mouse,CC11_CC12,HEK_NIH,no
NG005_PC729_WC94,NG005,NA,NA,PC729,TGGACATCCT,WC94,CGTGACATTC,NA,NG005_P3_MOonly,human_mouse,CC11_CC12,HEK_NIH,no
NG005_PC729_WC95,NG005,NA,NA,PC729,TGGACATCCT,WC95,CTGTACCAGG,NA,NG005_P3_MOonly,human_mouse,CC11_CC12,HEK_NIH,no
NG005_PC729_WC96,NG005,NA,NA,PC729,TGGACATCCT,WC96,ACTGGTTCCG,NA,NG005_P3_MOonly,human_mouse,CC11_CC12,HEK_NIH,no
NG005_PC730_WC1,NG005,NA,NA,PC730,GATAGCTGGC,WC1,GTCGTGAATC,NA,NG005_P4_MOstuffyBUFFER,human_mouse,CC11_CC12,HEK_NIH,no
NG005_PC730_WC2,NG005,NA,NA,PC730,GATAGCTGGC,WC2,CTGTTCTACG,NA,NG005_P4_MOstuffyBUFFER,human_mouse,CC11_CC12,HEK_NIH,no
NG005_PC730_WC3,NG005,NA,NA,PC730,GATAGCTGGC,WC3,GCTCTTAGGT,NA,NG005_P4_MOstuffyBUFFER,human_mouse,CC11_CC12,HEK_NIH,no
NG005_PC730_WC4,NG005,NA,NA,PC730,GATAGCTGGC,WC4,TAGAAGCCAT,NA,NG005_P4_MOstuffyBUFFER,human_mouse,CC11_CC12,HEK_NIH,no
NG005_PC730_WC5,NG005,NA,NA,PC730,GATAGCTGGC,WC5,CACTTAGGTA,NA,NG005_P4_MOstuffyBUFFER,human_mouse,CC11_CC12,HEK_NIH,no
NG005_PC730_WC6,NG005,NA,NA,PC730,GATAGCTGGC,WC6,ATAGGTAAGG,NA,NG005_P4_MOstuffyBUFFER,human_mouse,CC11_CC12,HEK_NIH,no
NG005_PC730_WC7,NG005,NA,NA,PC730,GATAGCTGGC,WC7,CGCCTTATAT,NA,NG005_P4_MOstuffyBUFFER,human_mouse,CC11_CC12,HEK_NIH,no
NG005_PC730_WC8,NG005,NA,NA,PC730,GATAGCTGGC,WC8,GCACGATGCT,NA,NG005_P4_MOstuffyBUFFER,human_mouse,CC11_CC12,HEK_NIH,no
NG005_PC730_WC9,NG005,NA,NA,PC730,GATAGCTGGC,WC9,AATATGCCAG,NA,NG005_P4_MOstuffyBUFFER,human_mouse,CC11_CC12,HEK_NIH,no
NG005_PC730_WC10,NG005,NA,NA,PC730,GATAGCTGGC,WC10,TAGAGTCACG,NA,NG005_P4_MOstuffyBUFFER,human_mouse,CC11_CC12,HEK_NIH,no
NG005_PC730_WC11,NG005,NA,NA,PC730,GATAGCTGGC,WC11,TTAACAGGTC,NA,NG005_P4_MOstuffyBUFFER,human_mouse,CC11_CC12,HEK_NIH,no
NG005_PC730_WC12,NG005,NA,NA,PC730,GATAGCTGGC,WC12,ACATGAGCCA,NA,NG005_P4_MOstuffyBUFFER,human_mouse,CC11_CC12,HEK_NIH,no
NG005_PC730_WC13,NG005,NA,NA,PC730,GATAGCTGGC,WC13,GCGAGGTTCT,NA,NG005_P4_MOstuffyBUFFER,human_mouse,CC11_CC12,HEK_NIH,no
NG005_PC730_WC14,NG005,NA,NA,PC730,GATAGCTGGC,WC14,TGTCCGTAGG,NA,NG005_P4_MOstuffyBUFFER,human_mouse,CC11_CC12,HEK_NIH,no
NG005_PC730_WC15,NG005,NA,NA,PC730,GATAGCTGGC,WC15,CATTATGCCT,NA,NG005_P4_MOstuffyBUFFER,human_mouse,CC11_CC12,HEK_NIH,no
NG005_PC730_WC16,NG005,NA,NA,PC730,GATAGCTGGC,WC16,TCCACTGTTG,NA,NG005_P4_MOstuffyBUFFER,human_mouse,CC11_CC12,HEK_NIH,no
NG005_PC730_WC17,NG005,NA,NA,PC730,GATAGCTGGC,WC17,CTTAACGACA,NA,NG005_P4_MOstuffyBUFFER,human_mouse,CC11_CC12,HEK_NIH,no
NG005_PC730_WC18,NG005,NA,NA,PC730,GATAGCTGGC,WC18,TCCTCGAGCT,NA,NG005_P4_MOstuffyBUFFER,human_mouse,CC11_CC12,HEK_NIH,no
NG005_PC730_WC19,NG005,NA,NA,PC730,GATAGCTGGC,WC19,CGAGTAATGT,NA,NG005_P4_MOstuffyBUFFER,human_mouse,CC11_CC12,HEK_NIH,no
NG005_PC730_WC20,NG005,NA,NA,PC730,GATAGCTGGC,WC20,CATACCGCTG,NA,NG005_P4_MOstuffyBUFFER,human_mouse,CC11_CC12,HEK_NIH,no
NG005_PC730_WC21,NG005,NA,NA,PC730,GATAGCTGGC,WC21,GCTACTTGCA,NA,NG005_P4_MOstuffyBUFFER,human_mouse,CC11_CC12,HEK_NIH,no
NG005_PC730_WC22,NG005,NA,NA,PC730,GATAGCTGGC,WC22,GCTATTGAAG,NA,NG005_P4_MOstuffyBUFFER,human_mouse,CC11_CC12,HEK_NIH,no
NG005_PC730_WC23,NG005,NA,NA,PC730,GATAGCTGGC,WC23,TCAGCATCCG,NA,NG005_P4_MOstuffyBUFFER,human_mouse,CC11_CC12,HEK_NIH,no
NG005_PC730_WC24,NG005,NA,NA,PC730,GATAGCTGGC,WC24,TAGGTGGTGG,NA,NG005_P4_MOstuffyBUFFER,human_mouse,CC11_CC12,HEK_NIH,no
NG005_PC730_WC25,NG005,NA,NA,PC730,GATAGCTGGC,WC25,AAGATCGGAT,NA,NG005_P4_MOstuffyBUFFER,human_mouse,CC11_CC12,HEK_NIH,no
NG005_PC730_WC26,NG005,NA,NA,PC730,GATAGCTGGC,WC26,TTAACGTCCG,NA,NG005_P4_MOstuffyBUFFER,human_mouse,CC11_CC12,HEK_NIH,no
NG005_PC730_WC27,NG005,NA,NA,PC730,GATAGCTGGC,WC27,ATTACCGATC,NA,NG005_P4_MOstuffyBUFFER,human_mouse,CC11_CC12,HEK_NIH,no
NG005_PC730_WC28,NG005,NA,NA,PC730,GATAGCTGGC,WC28,GTTGCATCGT,NA,NG005_P4_MOstuffyBUFFER,human_mouse,CC11_CC12,HEK_NIH,no
NG005_PC730_WC29,NG005,NA,NA,PC730,GATAGCTGGC,WC29,ACTGGACGTT,NA,NG005_P4_MOstuffyBUFFER,human_mouse,CC11_CC12,HEK_NIH,no
NG005_PC730_WC30,NG005,NA,NA,PC730,GATAGCTGGC,WC30,TTGTTCGTGT,NA,NG005_P4_MOstuffyBUFFER,human_mouse,CC11_CC12,HEK_NIH,no
NG005_PC730_WC31,NG005,NA,NA,PC730,GATAGCTGGC,WC31,ACGGACTGAG,NA,NG005_P4_MOstuffyBUFFER,human_mouse,CC11_CC12,HEK_NIH,no
NG005_PC730_WC32,NG005,NA,NA,PC730,GATAGCTGGC,WC32,CACCGTCATA,NA,NG005_P4_MOstuffyBUFFER,human_mouse,CC11_CC12,HEK_NIH,no
NG005_PC730_WC33,NG005,NA,NA,PC730,GATAGCTGGC,WC33,GTAGTTGTGT,NA,NG005_P4_MOstuffyBUFFER,human_mouse,CC11_CC12,HEK_NIH,no
NG005_PC730_WC34,NG005,NA,NA,PC730,GATAGCTGGC,WC34,CTGAGTCCTT,NA,NG005_P4_MOstuffyBUFFER,human_mouse,CC11_CC12,HEK_NIH,no
NG005_PC730_WC35,NG005,NA,NA,PC730,GATAGCTGGC,WC35,TCACAGTTGC,NA,NG005_P4_MOstuffyBUFFER,human_mouse,CC11_CC12,HEK_NIH,no
NG005_PC730_WC36,NG005,NA,NA,PC730,GATAGCTGGC,WC36,ATTGTAAGCG,NA,NG005_P4_MOstuffyBUFFER,human_mouse,CC11_CC12,HEK_NIH,no
NG005_PC730_WC37,NG005,NA,NA,PC730,GATAGCTGGC,WC37,CGGTCTCTCT,NA,NG005_P4_MOstuffyBUFFER,human_mouse,CC11_CC12,HEK_NIH,no
NG005_PC730_WC38,NG005,NA,NA,PC730,GATAGCTGGC,WC38,AACAGCAATG,NA,NG005_P4_MOstuffyBUFFER,human_mouse,CC11_CC12,HEK_NIH,no
NG005_PC730_WC39,NG005,NA,NA,PC730,GATAGCTGGC,WC39,TCCGTGTTGC,NA,NG005_P4_MOstuffyBUFFER,human_mouse,CC11_CC12,HEK_NIH,no
NG005_PC730_WC40,NG005,NA,NA,PC730,GATAGCTGGC,WC40,TGCGAAGTGA,NA,NG005_P4_MOstuffyBUFFER,human_mouse,CC11_CC12,HEK_NIH,no
NG005_PC730_WC41,NG005,NA,NA,PC730,GATAGCTGGC,WC41,CACAGCTATT,NA,NG005_P4_MOstuffyBUFFER,human_mouse,CC11_CC12,HEK_NIH,no
NG005_PC730_WC42,NG005,NA,NA,PC730,GATAGCTGGC,WC42,GATAGTGTTC,NA,NG005_P4_MOstuffyBUFFER,human_mouse,CC11_CC12,HEK_NIH,no
NG005_PC730_WC43,NG005,NA,NA,PC730,GATAGCTGGC,WC43,TAGCTACCAG,NA,NG005_P4_MOstuffyBUFFER,human_mouse,CC11_CC12,HEK_NIH,no
NG005_PC730_WC44,NG005,NA,NA,PC730,GATAGCTGGC,WC44,TGCTCACGCA,NA,NG005_P4_MOstuffyBUFFER,human_mouse,CC11_CC12,HEK_NIH,no
NG005_PC730_WC45,NG005,NA,NA,PC730,GATAGCTGGC,WC45,AAGTGTGCTA,NA,NG005_P4_MOstuffyBUFFER,human_mouse,CC11_CC12,HEK_NIH,no
NG005_PC730_WC46,NG005,NA,NA,PC730,GATAGCTGGC,WC46,TCATCGTCTG,NA,NG005_P4_MOstuffyBUFFER,human_mouse,CC11_CC12,HEK_NIH,no
NG005_PC730_WC47,NG005,NA,NA,PC730,GATAGCTGGC,WC47,AGATGCTCCG,NA,NG005_P4_MOstuffyBUFFER,human_mouse,CC11_CC12,HEK_NIH,no
NG005_PC730_WC48,NG005,NA,NA,PC730,GATAGCTGGC,WC48,GAACCAAGCG,NA,NG005_P4_MOstuffyBUFFER,human_mouse,CC11_CC12,HEK_NIH,no
NG005_PC730_WC49,NG005,NA,NA,PC730,GATAGCTGGC,WC49,CCTCTTCAAG,NA,NG005_P4_MOstuffyBUFFER,human_mouse,CC11_CC12,HEK_NIH,no
NG005_PC730_WC50,NG005,NA,NA,PC730,GATAGCTGGC,WC50,CGTCGCATCT,NA,NG005_P4_MOstuffyBUFFER,human_mouse,CC11_CC12,HEK_NIH,no
NG005_PC730_WC51,NG005,NA,NA,PC730,GATAGCTGGC,WC51,CCGAACGTTC,NA,NG005_P4_MOstuffyBUFFER,human_mouse,CC11_CC12,HEK_NIH,no
NG005_PC730_WC52,NG005,NA,NA,PC730,GATAGCTGGC,WC52,GAATGGCGTT,NA,NG005_P4_MOstuffyBUFFER,human_mouse,CC11_CC12,HEK_NIH,no
NG005_PC730_WC53,NG005,NA,NA,PC730,GATAGCTGGC,WC53,AAGTTCAGGA,NA,NG005_P4_MOstuffyBUFFER,human_mouse,CC11_CC12,HEK_NIH,no
NG005_PC730_WC54,NG005,NA,NA,PC730,GATAGCTGGC,WC54,GACCAATTGT,NA,NG005_P4_MOstuffyBUFFER,human_mouse,CC11_CC12,HEK_NIH,no
NG005_PC730_WC55,NG005,NA,NA,PC730,GATAGCTGGC,WC55,TGTCTGTGAC,NA,NG005_P4_MOstuffyBUFFER,human_mouse,CC11_CC12,HEK_NIH,no
NG005_PC730_WC56,NG005,NA,NA,PC730,GATAGCTGGC,WC56,GAACATTGGC,NA,NG005_P4_MOstuffyBUFFER,human_mouse,CC11_CC12,HEK_NIH,no
NG005_PC730_WC57,NG005,NA,NA,PC730,GATAGCTGGC,WC57,CGTAACACTA,NA,NG005_P4_MOstuffyBUFFER,human_mouse,CC11_CC12,HEK_NIH,no
NG005_PC730_WC58,NG005,NA,NA,PC730,GATAGCTGGC,WC58,GTACTTCCAA,NA,NG005_P4_MOstuffyBUFFER,human_mouse,CC11_CC12,HEK_NIH,no
NG005_PC730_WC59,NG005,NA,NA,PC730,GATAGCTGGC,WC59,TTAGCGTCTT,NA,NG005_P4_MOstuffyBUFFER,human_mouse,CC11_CC12,HEK_NIH,no
NG005_PC730_WC60,NG005,NA,NA,PC730,GATAGCTGGC,WC60,TTGACCGTCT,NA,NG005_P4_MOstuffyBUFFER,human_mouse,CC11_CC12,HEK_NIH,no
NG005_PC730_WC61,NG005,NA,NA,PC730,GATAGCTGGC,WC61,ACGGCTTCTC,NA,NG005_P4_MOstuffyBUFFER,human_mouse,CC11_CC12,HEK_NIH,no
NG005_PC730_WC62,NG005,NA,NA,PC730,GATAGCTGGC,WC62,TGCGATGTAT,NA,NG005_P4_MOstuffyBUFFER,human_mouse,CC11_CC12,HEK_NIH,no
NG005_PC730_WC63,NG005,NA,NA,PC730,GATAGCTGGC,WC63,GCGTTCAGCA,NA,NG005_P4_MOstuffyBUFFER,human_mouse,CC11_CC12,HEK_NIH,no
NG005_PC730_WC64,NG005,NA,NA,PC730,GATAGCTGGC,WC64,GCCTAGGAAG,NA,NG005_P4_MOstuffyBUFFER,human_mouse,CC11_CC12,HEK_NIH,no
NG005_PC730_WC65,NG005,NA,NA,PC730,GATAGCTGGC,WC65,GTTACCAACG,NA,NG005_P4_MOstuffyBUFFER,human_mouse,CC11_CC12,HEK_NIH,no
NG005_PC730_WC66,NG005,NA,NA,PC730,GATAGCTGGC,WC66,ACGAACCAAG,NA,NG005_P4_MOstuffyBUFFER,human_mouse,CC11_CC12,HEK_NIH,no
NG005_PC730_WC67,NG005,NA,NA,PC730,GATAGCTGGC,WC67,CACGCAAGTC,NA,NG005_P4_MOstuffyBUFFER,human_mouse,CC11_CC12,HEK_NIH,no
NG005_PC730_WC68,NG005,NA,NA,PC730,GATAGCTGGC,WC68,GCTGGAGAAG,NA,NG005_P4_MOstuffyBUFFER,human_mouse,CC11_CC12,HEK_NIH,no
NG005_PC730_WC69,NG005,NA,NA,PC730,GATAGCTGGC,WC69,CCAGTGTACG,NA,NG005_P4_MOstuffyBUFFER,human_mouse,CC11_CC12,HEK_NIH,no
NG005_PC730_WC70,NG005,NA,NA,PC730,GATAGCTGGC,WC70,GTTGATGCGA,NA,NG005_P4_MOstuffyBUFFER,human_mouse,CC11_CC12,HEK_NIH,no
NG005_PC730_WC71,NG005,NA,NA,PC730,GATAGCTGGC,WC71,CGCTTGTTAT,NA,NG005_P4_MOstuffyBUFFER,human_mouse,CC11_CC12,HEK_NIH,no
NG005_PC730_WC72,NG005,NA,NA,PC730,GATAGCTGGC,WC72,GTAACGTTCA,NA,NG005_P4_MOstuffyBUFFER,human_mouse,CC11_CC12,HEK_NIH,no
NG005_PC730_WC73,NG005,NA,NA,PC730,GATAGCTGGC,WC73,CCGAGTCTTC,NA,NG005_P4_MOstuffyBUFFER,human_mouse,CC11_CC12,HEK_NIH,no
NG005_PC730_WC74,NG005,NA,NA,PC730,GATAGCTGGC,WC74,TATTGCGCTA,NA,NG005_P4_MOstuffyBUFFER,human_mouse,CC11_CC12,HEK_NIH,no
NG005_PC730_WC75,NG005,NA,NA,PC730,GATAGCTGGC,WC75,TGTGGTCTAA,NA,NG005_P4_MOstuffyBUFFER,human_mouse,CC11_CC12,HEK_NIH,no
NG005_PC730_WC76,NG005,NA,NA,PC730,GATAGCTGGC,WC76,CACGTCTACG,NA,NG005_P4_MOstuffyBUFFER,human_mouse,CC11_CC12,HEK_NIH,no
NG005_PC730_WC77,NG005,NA,NA,PC730,GATAGCTGGC,WC77,AGTCCAGTGA,NA,NG005_P4_MOstuffyBUFFER,human_mouse,CC11_CC12,HEK_NIH,no
NG005_PC730_WC78,NG005,NA,NA,PC730,GATAGCTGGC,WC78,ATGCTTGGTC,NA,NG005_P4_MOstuffyBUFFER,human_mouse,CC11_CC12,HEK_NIH,no
NG005_PC730_WC79,NG005,NA,NA,PC730,GATAGCTGGC,WC79,TGATACTCGC,NA,NG005_P4_MOstuffyBUFFER,human_mouse,CC11_CC12,HEK_NIH,no
NG005_PC730_WC80,NG005,NA,NA,PC730,GATAGCTGGC,WC80,TTATCGAGAG,NA,NG005_P4_MOstuffyBUFFER,human_mouse,CC11_CC12,HEK_NIH,no
NG005_PC730_WC81,NG005,NA,NA,PC730,GATAGCTGGC,WC81,TGCCAGTATT,NA,NG005_P4_MOstuffyBUFFER,human_mouse,CC11_CC12,HEK_NIH,no
NG005_PC730_WC82,NG005,NA,NA,PC730,GATAGCTGGC,WC82,GAGTTGCATA,NA,NG005_P4_MOstuffyBUFFER,human_mouse,CC11_CC12,HEK_NIH,no
NG005_PC730_WC83,NG005,NA,NA,PC730,GATAGCTGGC,WC83,ACACTAGCAT,NA,NG005_P4_MOstuffyBUFFER,human_mouse,CC11_CC12,HEK_NIH,no
NG005_PC730_WC84,NG005,NA,NA,PC730,GATAGCTGGC,WC84,GTTCTAATGG,NA,NG005_P4_MOstuffyBUFFER,human_mouse,CC11_CC12,HEK_NIH,no
NG005_PC730_WC85,NG005,NA,NA,PC730,GATAGCTGGC,WC85,CGTTCACGTT,NA,NG005_P4_MOstuffyBUFFER,human_mouse,CC11_CC12,HEK_NIH,no
NG005_PC730_WC86,NG005,NA,NA,PC730,GATAGCTGGC,WC86,GACTGCGTTA,NA,NG005_P4_MOstuffyBUFFER,human_mouse,CC11_CC12,HEK_NIH,no
NG005_PC730_WC87,NG005,NA,NA,PC730,GATAGCTGGC,WC87,TGGCTTATGG,NA,NG005_P4_MOstuffyBUFFER,human_mouse,CC11_CC12,HEK_NIH,no
NG005_PC730_WC88,NG005,NA,NA,PC730,GATAGCTGGC,WC88,TCAGAGGCAC,NA,NG005_P4_MOstuffyBUFFER,human_mouse,CC11_CC12,HEK_NIH,no
NG005_PC730_WC89,NG005,NA,NA,PC730,GATAGCTGGC,WC89,CGCTAGGCTA,NA,NG005_P4_MOstuffyBUFFER,human_mouse,CC11_CC12,HEK_NIH,no
NG005_PC730_WC90,NG005,NA,NA,PC730,GATAGCTGGC,WC90,AACCGTAACA,NA,NG005_P4_MOstuffyBUFFER,human_mouse,CC11_CC12,HEK_NIH,no
NG005_PC730_WC91,NG005,NA,NA,PC730,GATAGCTGGC,WC91,CTTGGTATGA,NA,NG005_P4_MOstuffyBUFFER,human_mouse,CC11_CC12,HEK_NIH,no
NG005_PC730_WC92,NG005,NA,NA,PC730,GATAGCTGGC,WC92,TGTAGATCCG,NA,NG005_P4_MOstuffyBUFFER,human_mouse,CC11_CC12,HEK_NIH,no
NG005_PC730_WC93,NG005,NA,NA,PC730,GATAGCTGGC,WC93,AACTCTACCG,NA,NG005_P4_MOstuffyBUFFER,human_mouse,CC11_CC12,HEK_NIH,no
NG005_PC730_WC94,NG005,NA,NA,PC730,GATAGCTGGC,WC94,CGTGACATTC,NA,NG005_P4_MOstuffyBUFFER,human_mouse,CC11_CC12,HEK_NIH,no
NG005_PC730_WC95,NG005,NA,NA,PC730,GATAGCTGGC,WC95,CTGTACCAGG,NA,NG005_P4_MOstuffyBUFFER,human_mouse,CC11_CC12,HEK_NIH,no
NG005_PC730_WC96,NG005,NA,NA,PC730,GATAGCTGGC,WC96,ACTGGTTCCG,NA,NG005_P4_MOstuffyBUFFER,human_mouse,CC11_CC12,HEK_NIH,no
JP207_PC731_WC1,JP207,NA,NA,PC731,AGTTCGTAAG,WC1,GTCGTGAATC,NA,JP207_P1,human_mouse,CC1_CC2_CC3_CC4,SM_SM_SM_SMpurge,no
JP207_PC731_WC2,JP207,NA,NA,PC731,AGTTCGTAAG,WC2,CTGTTCTACG,NA,JP207_P1,human_mouse,CC1_CC2_CC3_CC4,SM_SM_SM_SMpurge,no
JP207_PC731_WC3,JP207,NA,NA,PC731,AGTTCGTAAG,WC3,GCTCTTAGGT,NA,JP207_P1,human_mouse,CC1_CC2_CC3_CC4,SM_SM_SM_SMpurge,no
JP207_PC731_WC4,JP207,NA,NA,PC731,AGTTCGTAAG,WC4,TAGAAGCCAT,NA,JP207_P1,human_mouse,CC1_CC2_CC3_CC4,SM_SM_SM_SMpurge,no
JP207_PC731_WC5,JP207,NA,NA,PC731,AGTTCGTAAG,WC5,CACTTAGGTA,NA,JP207_P1,human_mouse,CC1_CC2_CC3_CC4,SM_SM_SM_SMpurge,no
JP207_PC731_WC6,JP207,NA,NA,PC731,AGTTCGTAAG,WC6,ATAGGTAAGG,NA,JP207_P1,human_mouse,CC1_CC2_CC3_CC4,SM_SM_SM_SMpurge,no
JP207_PC731_WC7,JP207,NA,NA,PC731,AGTTCGTAAG,WC7,CGCCTTATAT,NA,JP207_P1,human_mouse,CC1_CC2_CC3_CC4,SM_SM_SM_SMpurge,no
JP207_PC731_WC8,JP207,NA,NA,PC731,AGTTCGTAAG,WC8,GCACGATGCT,NA,JP207_P1,human_mouse,CC1_CC2_CC3_CC4,SM_SM_SM_SMpurge,no
JP207_PC731_WC9,JP207,NA,NA,PC731,AGTTCGTAAG,WC9,AATATGCCAG,NA,JP207_P1,human_mouse,CC1_CC2_CC3_CC4,SM_SM_SM_SMpurge,no
JP207_PC731_WC10,JP207,NA,NA,PC731,AGTTCGTAAG,WC10,TAGAGTCACG,NA,JP207_P1,human_mouse,CC1_CC2_CC3_CC4,SM_SM_SM_SMpurge,no
JP207_PC731_WC11,JP207,NA,NA,PC731,AGTTCGTAAG,WC11,TTAACAGGTC,NA,JP207_P1,human_mouse,CC1_CC2_CC3_CC4,SM_SM_SM_SMpurge,no
JP207_PC731_WC12,JP207,NA,NA,PC731,AGTTCGTAAG,WC12,ACATGAGCCA,NA,JP207_P1,human_mouse,CC1_CC2_CC3_CC4,SM_SM_SM_SMpurge,no
JP207_PC731_WC13,JP207,NA,NA,PC731,AGTTCGTAAG,WC13,GCGAGGTTCT,NA,JP207_P1,human_mouse,CC1_CC2_CC3_CC4,SM_SM_SM_SMpurge,no
JP207_PC731_WC14,JP207,NA,NA,PC731,AGTTCGTAAG,WC14,TGTCCGTAGG,NA,JP207_P1,human_mouse,CC1_CC2_CC3_CC4,SM_SM_SM_SMpurge,no
JP207_PC731_WC15,JP207,NA,NA,PC731,AGTTCGTAAG,WC15,CATTATGCCT,NA,JP207_P1,human_mouse,CC1_CC2_CC3_CC4,SM_SM_SM_SMpurge,no
JP207_PC731_WC16,JP207,NA,NA,PC731,AGTTCGTAAG,WC16,TCCACTGTTG,NA,JP207_P1,human_mouse,CC1_CC2_CC3_CC4,SM_SM_SM_SMpurge,no
JP207_PC731_WC17,JP207,NA,NA,PC731,AGTTCGTAAG,WC17,CTTAACGACA,NA,JP207_P1,human_mouse,CC1_CC2_CC3_CC4,SM_SM_SM_SMpurge,no
JP207_PC731_WC18,JP207,NA,NA,PC731,AGTTCGTAAG,WC18,TCCTCGAGCT,NA,JP207_P1,human_mouse,CC1_CC2_CC3_CC4,SM_SM_SM_SMpurge,no
JP207_PC731_WC19,JP207,NA,NA,PC731,AGTTCGTAAG,WC19,CGAGTAATGT,NA,JP207_P1,human_mouse,CC1_CC2_CC3_CC4,SM_SM_SM_SMpurge,no
JP207_PC731_WC20,JP207,NA,NA,PC731,AGTTCGTAAG,WC20,CATACCGCTG,NA,JP207_P1,human_mouse,CC1_CC2_CC3_CC4,SM_SM_SM_SMpurge,no
JP207_PC731_WC21,JP207,NA,NA,PC731,AGTTCGTAAG,WC21,GCTACTTGCA,NA,JP207_P1,human_mouse,CC1_CC2_CC3_CC4,SM_SM_SM_SMpurge,no
JP207_PC731_WC22,JP207,NA,NA,PC731,AGTTCGTAAG,WC22,GCTATTGAAG,NA,JP207_P1,human_mouse,CC1_CC2_CC3_CC4,SM_SM_SM_SMpurge,no
JP207_PC731_WC23,JP207,NA,NA,PC731,AGTTCGTAAG,WC23,TCAGCATCCG,NA,JP207_P1,human_mouse,CC1_CC2_CC3_CC4,SM_SM_SM_SMpurge,no
JP207_PC731_WC24,JP207,NA,NA,PC731,AGTTCGTAAG,WC24,TAGGTGGTGG,NA,JP207_P1,human_mouse,CC1_CC2_CC3_CC4,SM_SM_SM_SMpurge,no
JP207_PC731_WC25,JP207,NA,NA,PC731,AGTTCGTAAG,WC25,AAGATCGGAT,NA,JP207_P1,human_mouse,CC1_CC2_CC3_CC4,SM_SM_SM_SMpurge,no
JP207_PC731_WC26,JP207,NA,NA,PC731,AGTTCGTAAG,WC26,TTAACGTCCG,NA,JP207_P1,human_mouse,CC1_CC2_CC3_CC4,SM_SM_SM_SMpurge,no
JP207_PC731_WC27,JP207,NA,NA,PC731,AGTTCGTAAG,WC27,ATTACCGATC,NA,JP207_P1,human_mouse,CC1_CC2_CC3_CC4,SM_SM_SM_SMpurge,no
JP207_PC731_WC28,JP207,NA,NA,PC731,AGTTCGTAAG,WC28,GTTGCATCGT,NA,JP207_P1,human_mouse,CC1_CC2_CC3_CC4,SM_SM_SM_SMpurge,no
JP207_PC731_WC29,JP207,NA,NA,PC731,AGTTCGTAAG,WC29,ACTGGACGTT,NA,JP207_P1,human_mouse,CC1_CC2_CC3_CC4,SM_SM_SM_SMpurge,no
JP207_PC731_WC30,JP207,NA,NA,PC731,AGTTCGTAAG,WC30,TTGTTCGTGT,NA,JP207_P1,human_mouse,CC1_CC2_CC3_CC4,SM_SM_SM_SMpurge,no
JP207_PC731_WC31,JP207,NA,NA,PC731,AGTTCGTAAG,WC31,ACGGACTGAG,NA,JP207_P1,human_mouse,CC1_CC2_CC3_CC4,SM_SM_SM_SMpurge,no
JP207_PC731_WC32,JP207,NA,NA,PC731,AGTTCGTAAG,WC32,CACCGTCATA,NA,JP207_P1,human_mouse,CC1_CC2_CC3_CC4,SM_SM_SM_SMpurge,no
JP207_PC731_WC33,JP207,NA,NA,PC731,AGTTCGTAAG,WC33,GTAGTTGTGT,NA,JP207_P1,human_mouse,CC1_CC2_CC3_CC4,SM_SM_SM_SMpurge,no
JP207_PC731_WC34,JP207,NA,NA,PC731,AGTTCGTAAG,WC34,CTGAGTCCTT,NA,JP207_P1,human_mouse,CC1_CC2_CC3_CC4,SM_SM_SM_SMpurge,no
JP207_PC731_WC35,JP207,NA,NA,PC731,AGTTCGTAAG,WC35,TCACAGTTGC,NA,JP207_P1,human_mouse,CC1_CC2_CC3_CC4,SM_SM_SM_SMpurge,no
JP207_PC731_WC36,JP207,NA,NA,PC731,AGTTCGTAAG,WC36,ATTGTAAGCG,NA,JP207_P1,human_mouse,CC1_CC2_CC3_CC4,SM_SM_SM_SMpurge,no
JP207_PC731_WC37,JP207,NA,NA,PC731,AGTTCGTAAG,WC37,CGGTCTCTCT,NA,JP207_P1,human_mouse,CC1_CC2_CC3_CC4,SM_SM_SM_SMpurge,no
JP207_PC731_WC38,JP207,NA,NA,PC731,AGTTCGTAAG,WC38,AACAGCAATG,NA,JP207_P1,human_mouse,CC1_CC2_CC3_CC4,SM_SM_SM_SMpurge,no
JP207_PC731_WC39,JP207,NA,NA,PC731,AGTTCGTAAG,WC39,TCCGTGTTGC,NA,JP207_P1,human_mouse,CC1_CC2_CC3_CC4,SM_SM_SM_SMpurge,no
JP207_PC731_WC40,JP207,NA,NA,PC731,AGTTCGTAAG,WC40,TGCGAAGTGA,NA,JP207_P1,human_mouse,CC1_CC2_CC3_CC4,SM_SM_SM_SMpurge,no
JP207_PC731_WC41,JP207,NA,NA,PC731,AGTTCGTAAG,WC41,CACAGCTATT,NA,JP207_P1,human_mouse,CC1_CC2_CC3_CC4,SM_SM_SM_SMpurge,no
JP207_PC731_WC42,JP207,NA,NA,PC731,AGTTCGTAAG,WC42,GATAGTGTTC,NA,JP207_P1,human_mouse,CC1_CC2_CC3_CC4,SM_SM_SM_SMpurge,no
JP207_PC731_WC43,JP207,NA,NA,PC731,AGTTCGTAAG,WC43,TAGCTACCAG,NA,JP207_P1,human_mouse,CC1_CC2_CC3_CC4,SM_SM_SM_SMpurge,no
JP207_PC731_WC44,JP207,NA,NA,PC731,AGTTCGTAAG,WC44,TGCTCACGCA,NA,JP207_P1,human_mouse,CC1_CC2_CC3_CC4,SM_SM_SM_SMpurge,no
JP207_PC731_WC45,JP207,NA,NA,PC731,AGTTCGTAAG,WC45,AAGTGTGCTA,NA,JP207_P1,human_mouse,CC1_CC2_CC3_CC4,SM_SM_SM_SMpurge,no
JP207_PC731_WC46,JP207,NA,NA,PC731,AGTTCGTAAG,WC46,TCATCGTCTG,NA,JP207_P1,human_mouse,CC1_CC2_CC3_CC4,SM_SM_SM_SMpurge,no
JP207_PC731_WC47,JP207,NA,NA,PC731,AGTTCGTAAG,WC47,AGATGCTCCG,NA,JP207_P1,human_mouse,CC1_CC2_CC3_CC4,SM_SM_SM_SMpurge,no
JP207_PC731_WC48,JP207,NA,NA,PC731,AGTTCGTAAG,WC48,GAACCAAGCG,NA,JP207_P1,human_mouse,CC1_CC2_CC3_CC4,SM_SM_SM_SMpurge,no
JP207_PC731_WC49,JP207,NA,NA,PC731,AGTTCGTAAG,WC49,CCTCTTCAAG,NA,JP207_P1,human_mouse,CC1_CC2_CC3_CC4,SM_SM_SM_SMpurge,no
JP207_PC731_WC50,JP207,NA,NA,PC731,AGTTCGTAAG,WC50,CGTCGCATCT,NA,JP207_P1,human_mouse,CC1_CC2_CC3_CC4,SM_SM_SM_SMpurge,no
JP207_PC731_WC51,JP207,NA,NA,PC731,AGTTCGTAAG,WC51,CCGAACGTTC,NA,JP207_P1,human_mouse,CC1_CC2_CC3_CC4,SM_SM_SM_SMpurge,no
JP207_PC731_WC52,JP207,NA,NA,PC731,AGTTCGTAAG,WC52,GAATGGCGTT,NA,JP207_P1,human_mouse,CC1_CC2_CC3_CC4,SM_SM_SM_SMpurge,no
JP207_PC731_WC53,JP207,NA,NA,PC731,AGTTCGTAAG,WC53,AAGTTCAGGA,NA,JP207_P1,human_mouse,CC1_CC2_CC3_CC4,SM_SM_SM_SMpurge,no
JP207_PC731_WC54,JP207,NA,NA,PC731,AGTTCGTAAG,WC54,GACCAATTGT,NA,JP207_P1,human_mouse,CC1_CC2_CC3_CC4,SM_SM_SM_SMpurge,no
JP207_PC731_WC55,JP207,NA,NA,PC731,AGTTCGTAAG,WC55,TGTCTGTGAC,NA,JP207_P1,human_mouse,CC1_CC2_CC3_CC4,SM_SM_SM_SMpurge,no
JP207_PC731_WC56,JP207,NA,NA,PC731,AGTTCGTAAG,WC56,GAACATTGGC,NA,JP207_P1,human_mouse,CC1_CC2_CC3_CC4,SM_SM_SM_SMpurge,no
JP207_PC731_WC57,JP207,NA,NA,PC731,AGTTCGTAAG,WC57,CGTAACACTA,NA,JP207_P1,human_mouse,CC1_CC2_CC3_CC4,SM_SM_SM_SMpurge,no
JP207_PC731_WC58,JP207,NA,NA,PC731,AGTTCGTAAG,WC58,GTACTTCCAA,NA,JP207_P1,human_mouse,CC1_CC2_CC3_CC4,SM_SM_SM_SMpurge,no
JP207_PC731_WC59,JP207,NA,NA,PC731,AGTTCGTAAG,WC59,TTAGCGTCTT,NA,JP207_P1,human_mouse,CC1_CC2_CC3_CC4,SM_SM_SM_SMpurge,no
JP207_PC731_WC60,JP207,NA,NA,PC731,AGTTCGTAAG,WC60,TTGACCGTCT,NA,JP207_P1,human_mouse,CC1_CC2_CC3_CC4,SM_SM_SM_SMpurge,no
JP207_PC731_WC61,JP207,NA,NA,PC731,AGTTCGTAAG,WC61,ACGGCTTCTC,NA,JP207_P1,human_mouse,CC1_CC2_CC3_CC4,SM_SM_SM_SMpurge,no
JP207_PC731_WC62,JP207,NA,NA,PC731,AGTTCGTAAG,WC62,TGCGATGTAT,NA,JP207_P1,human_mouse,CC1_CC2_CC3_CC4,SM_SM_SM_SMpurge,no
JP207_PC731_WC63,JP207,NA,NA,PC731,AGTTCGTAAG,WC63,GCGTTCAGCA,NA,JP207_P1,human_mouse,CC1_CC2_CC3_CC4,SM_SM_SM_SMpurge,no
JP207_PC731_WC64,JP207,NA,NA,PC731,AGTTCGTAAG,WC64,GCCTAGGAAG,NA,JP207_P1,human_mouse,CC1_CC2_CC3_CC4,SM_SM_SM_SMpurge,no
JP207_PC731_WC65,JP207,NA,NA,PC731,AGTTCGTAAG,WC65,GTTACCAACG,NA,JP207_P1,human_mouse,CC1_CC2_CC3_CC4,SM_SM_SM_SMpurge,no
JP207_PC731_WC66,JP207,NA,NA,PC731,AGTTCGTAAG,WC66,ACGAACCAAG,NA,JP207_P1,human_mouse,CC1_CC2_CC3_CC4,SM_SM_SM_SMpurge,no
JP207_PC731_WC67,JP207,NA,NA,PC731,AGTTCGTAAG,WC67,CACGCAAGTC,NA,JP207_P1,human_mouse,CC1_CC2_CC3_CC4,SM_SM_SM_SMpurge,no
JP207_PC731_WC68,JP207,NA,NA,PC731,AGTTCGTAAG,WC68,GCTGGAGAAG,NA,JP207_P1,human_mouse,CC1_CC2_CC3_CC4,SM_SM_SM_SMpurge,no
JP207_PC731_WC69,JP207,NA,NA,PC731,AGTTCGTAAG,WC69,CCAGTGTACG,NA,JP207_P1,human_mouse,CC1_CC2_CC3_CC4,SM_SM_SM_SMpurge,no
JP207_PC731_WC70,JP207,NA,NA,PC731,AGTTCGTAAG,WC70,GTTGATGCGA,NA,JP207_P1,human_mouse,CC1_CC2_CC3_CC4,SM_SM_SM_SMpurge,no
JP207_PC731_WC71,JP207,NA,NA,PC731,AGTTCGTAAG,WC71,CGCTTGTTAT,NA,JP207_P1,human_mouse,CC1_CC2_CC3_CC4,SM_SM_SM_SMpurge,no
JP207_PC731_WC72,JP207,NA,NA,PC731,AGTTCGTAAG,WC72,GTAACGTTCA,NA,JP207_P1,human_mouse,CC1_CC2_CC3_CC4,SM_SM_SM_SMpurge,no
JP207_PC731_WC73,JP207,NA,NA,PC731,AGTTCGTAAG,WC73,CCGAGTCTTC,NA,JP207_P1,human_mouse,CC1_CC2_CC3_CC4,SM_SM_SM_SMpurge,no
JP207_PC731_WC74,JP207,NA,NA,PC731,AGTTCGTAAG,WC74,TATTGCGCTA,NA,JP207_P1,human_mouse,CC1_CC2_CC3_CC4,SM_SM_SM_SMpurge,no
JP207_PC731_WC75,JP207,NA,NA,PC731,AGTTCGTAAG,WC75,TGTGGTCTAA,NA,JP207_P1,human_mouse,CC1_CC2_CC3_CC4,SM_SM_SM_SMpurge,no
JP207_PC731_WC76,JP207,NA,NA,PC731,AGTTCGTAAG,WC76,CACGTCTACG,NA,JP207_P1,human_mouse,CC1_CC2_CC3_CC4,SM_SM_SM_SMpurge,no
JP207_PC731_WC77,JP207,NA,NA,PC731,AGTTCGTAAG,WC77,AGTCCAGTGA,NA,JP207_P1,human_mouse,CC1_CC2_CC3_CC4,SM_SM_SM_SMpurge,no
JP207_PC731_WC78,JP207,NA,NA,PC731,AGTTCGTAAG,WC78,ATGCTTGGTC,NA,JP207_P1,human_mouse,CC1_CC2_CC3_CC4,SM_SM_SM_SMpurge,no
JP207_PC731_WC79,JP207,NA,NA,PC731,AGTTCGTAAG,WC79,TGATACTCGC,NA,JP207_P1,human_mouse,CC1_CC2_CC3_CC4,SM_SM_SM_SMpurge,no
JP207_PC731_WC80,JP207,NA,NA,PC731,AGTTCGTAAG,WC80,TTATCGAGAG,NA,JP207_P1,human_mouse,CC1_CC2_CC3_CC4,SM_SM_SM_SMpurge,no
JP207_PC731_WC81,JP207,NA,NA,PC731,AGTTCGTAAG,WC81,TGCCAGTATT,NA,JP207_P1,human_mouse,CC1_CC2_CC3_CC4,SM_SM_SM_SMpurge,no
JP207_PC731_WC82,JP207,NA,NA,PC731,AGTTCGTAAG,WC82,GAGTTGCATA,NA,JP207_P1,human_mouse,CC1_CC2_CC3_CC4,SM_SM_SM_SMpurge,no
JP207_PC731_WC83,JP207,NA,NA,PC731,AGTTCGTAAG,WC83,ACACTAGCAT,NA,JP207_P1,human_mouse,CC1_CC2_CC3_CC4,SM_SM_SM_SMpurge,no
JP207_PC731_WC84,JP207,NA,NA,PC731,AGTTCGTAAG,WC84,GTTCTAATGG,NA,JP207_P1,human_mouse,CC1_CC2_CC3_CC4,SM_SM_SM_SMpurge,no
JP207_PC731_WC85,JP207,NA,NA,PC731,AGTTCGTAAG,WC85,CGTTCACGTT,NA,JP207_P1,human_mouse,CC1_CC2_CC3_CC4,SM_SM_SM_SMpurge,no
JP207_PC731_WC86,JP207,NA,NA,PC731,AGTTCGTAAG,WC86,GACTGCGTTA,NA,JP207_P1,human_mouse,CC1_CC2_CC3_CC4,SM_SM_SM_SMpurge,no
JP207_PC731_WC87,JP207,NA,NA,PC731,AGTTCGTAAG,WC87,TGGCTTATGG,NA,JP207_P1,human_mouse,CC1_CC2_CC3_CC4,SM_SM_SM_SMpurge,no
JP207_PC731_WC88,JP207,NA,NA,PC731,AGTTCGTAAG,WC88,TCAGAGGCAC,NA,JP207_P1,human_mouse,CC1_CC2_CC3_CC4,SM_SM_SM_SMpurge,no
JP207_PC731_WC89,JP207,NA,NA,PC731,AGTTCGTAAG,WC89,CGCTAGGCTA,NA,JP207_P1,human_mouse,CC1_CC2_CC3_CC4,SM_SM_SM_SMpurge,no
JP207_PC731_WC90,JP207,NA,NA,PC731,AGTTCGTAAG,WC90,AACCGTAACA,NA,JP207_P1,human_mouse,CC1_CC2_CC3_CC4,SM_SM_SM_SMpurge,no
JP207_PC731_WC91,JP207,NA,NA,PC731,AGTTCGTAAG,WC91,CTTGGTATGA,NA,JP207_P1,human_mouse,CC1_CC2_CC3_CC4,SM_SM_SM_SMpurge,no
JP207_PC731_WC92,JP207,NA,NA,PC731,AGTTCGTAAG,WC92,TGTAGATCCG,NA,JP207_P1,human_mouse,CC1_CC2_CC3_CC4,SM_SM_SM_SMpurge,no
JP207_PC731_WC93,JP207,NA,NA,PC731,AGTTCGTAAG,WC93,AACTCTACCG,NA,JP207_P1,human_mouse,CC1_CC2_CC3_CC4,SM_SM_SM_SMpurge,no
JP207_PC731_WC94,JP207,NA,NA,PC731,AGTTCGTAAG,WC94,CGTGACATTC,NA,JP207_P1,human_mouse,CC1_CC2_CC3_CC4,SM_SM_SM_SMpurge,no
JP207_PC731_WC95,JP207,NA,NA,PC731,AGTTCGTAAG,WC95,CTGTACCAGG,NA,JP207_P1,human_mouse,CC1_CC2_CC3_CC4,SM_SM_SM_SMpurge,no
JP207_PC731_WC96,JP207,NA,NA,PC731,AGTTCGTAAG,WC96,ACTGGTTCCG,NA,JP207_P1,human_mouse,CC1_CC2_CC3_CC4,SM_SM_SM_SMpurge,no
JP207_PC732_WC1,JP207,NA,NA,PC732,TTGAGTCTTG,WC1,GTCGTGAATC,NA,JP207_P2,human_mouse,CC1_CC2_CC3_CC4,SM_SM_SM_SMpurge,no
JP207_PC732_WC2,JP207,NA,NA,PC732,TTGAGTCTTG,WC2,CTGTTCTACG,NA,JP207_P2,human_mouse,CC1_CC2_CC3_CC4,SM_SM_SM_SMpurge,no
JP207_PC732_WC3,JP207,NA,NA,PC732,TTGAGTCTTG,WC3,GCTCTTAGGT,NA,JP207_P2,human_mouse,CC1_CC2_CC3_CC4,SM_SM_SM_SMpurge,no
JP207_PC732_WC4,JP207,NA,NA,PC732,TTGAGTCTTG,WC4,TAGAAGCCAT,NA,JP207_P2,human_mouse,CC1_CC2_CC3_CC4,SM_SM_SM_SMpurge,no
JP207_PC732_WC5,JP207,NA,NA,PC732,TTGAGTCTTG,WC5,CACTTAGGTA,NA,JP207_P2,human_mouse,CC1_CC2_CC3_CC4,SM_SM_SM_SMpurge,no
JP207_PC732_WC6,JP207,NA,NA,PC732,TTGAGTCTTG,WC6,ATAGGTAAGG,NA,JP207_P2,human_mouse,CC1_CC2_CC3_CC4,SM_SM_SM_SMpurge,no
JP207_PC732_WC7,JP207,NA,NA,PC732,TTGAGTCTTG,WC7,CGCCTTATAT,NA,JP207_P2,human_mouse,CC1_CC2_CC3_CC4,SM_SM_SM_SMpurge,no
JP207_PC732_WC8,JP207,NA,NA,PC732,TTGAGTCTTG,WC8,GCACGATGCT,NA,JP207_P2,human_mouse,CC1_CC2_CC3_CC4,SM_SM_SM_SMpurge,no
JP207_PC732_WC9,JP207,NA,NA,PC732,TTGAGTCTTG,WC9,AATATGCCAG,NA,JP207_P2,human_mouse,CC1_CC2_CC3_CC4,SM_SM_SM_SMpurge,no
JP207_PC732_WC10,JP207,NA,NA,PC732,TTGAGTCTTG,WC10,TAGAGTCACG,NA,JP207_P2,human_mouse,CC1_CC2_CC3_CC4,SM_SM_SM_SMpurge,no
JP207_PC732_WC11,JP207,NA,NA,PC732,TTGAGTCTTG,WC11,TTAACAGGTC,NA,JP207_P2,human_mouse,CC1_CC2_CC3_CC4,SM_SM_SM_SMpurge,no
JP207_PC732_WC12,JP207,NA,NA,PC732,TTGAGTCTTG,WC12,ACATGAGCCA,NA,JP207_P2,human_mouse,CC1_CC2_CC3_CC4,SM_SM_SM_SMpurge,no
JP207_PC732_WC13,JP207,NA,NA,PC732,TTGAGTCTTG,WC13,GCGAGGTTCT,NA,JP207_P2,human_mouse,CC1_CC2_CC3_CC4,SM_SM_SM_SMpurge,no
JP207_PC732_WC14,JP207,NA,NA,PC732,TTGAGTCTTG,WC14,TGTCCGTAGG,NA,JP207_P2,human_mouse,CC1_CC2_CC3_CC4,SM_SM_SM_SMpurge,no
JP207_PC732_WC15,JP207,NA,NA,PC732,TTGAGTCTTG,WC15,CATTATGCCT,NA,JP207_P2,human_mouse,CC1_CC2_CC3_CC4,SM_SM_SM_SMpurge,no
JP207_PC732_WC16,JP207,NA,NA,PC732,TTGAGTCTTG,WC16,TCCACTGTTG,NA,JP207_P2,human_mouse,CC1_CC2_CC3_CC4,SM_SM_SM_SMpurge,no
JP207_PC732_WC17,JP207,NA,NA,PC732,TTGAGTCTTG,WC17,CTTAACGACA,NA,JP207_P2,human_mouse,CC1_CC2_CC3_CC4,SM_SM_SM_SMpurge,no
JP207_PC732_WC18,JP207,NA,NA,PC732,TTGAGTCTTG,WC18,TCCTCGAGCT,NA,JP207_P2,human_mouse,CC1_CC2_CC3_CC4,SM_SM_SM_SMpurge,no
JP207_PC732_WC19,JP207,NA,NA,PC732,TTGAGTCTTG,WC19,CGAGTAATGT,NA,JP207_P2,human_mouse,CC1_CC2_CC3_CC4,SM_SM_SM_SMpurge,no
JP207_PC732_WC20,JP207,NA,NA,PC732,TTGAGTCTTG,WC20,CATACCGCTG,NA,JP207_P2,human_mouse,CC1_CC2_CC3_CC4,SM_SM_SM_SMpurge,no
JP207_PC732_WC21,JP207,NA,NA,PC732,TTGAGTCTTG,WC21,GCTACTTGCA,NA,JP207_P2,human_mouse,CC1_CC2_CC3_CC4,SM_SM_SM_SMpurge,no
JP207_PC732_WC22,JP207,NA,NA,PC732,TTGAGTCTTG,WC22,GCTATTGAAG,NA,JP207_P2,human_mouse,CC1_CC2_CC3_CC4,SM_SM_SM_SMpurge,no
JP207_PC732_WC23,JP207,NA,NA,PC732,TTGAGTCTTG,WC23,TCAGCATCCG,NA,JP207_P2,human_mouse,CC1_CC2_CC3_CC4,SM_SM_SM_SMpurge,no
JP207_PC732_WC24,JP207,NA,NA,PC732,TTGAGTCTTG,WC24,TAGGTGGTGG,NA,JP207_P2,human_mouse,CC1_CC2_CC3_CC4,SM_SM_SM_SMpurge,no
JP207_PC732_WC25,JP207,NA,NA,PC732,TTGAGTCTTG,WC25,AAGATCGGAT,NA,JP207_P2,human_mouse,CC1_CC2_CC3_CC4,SM_SM_SM_SMpurge,no
JP207_PC732_WC26,JP207,NA,NA,PC732,TTGAGTCTTG,WC26,TTAACGTCCG,NA,JP207_P2,human_mouse,CC1_CC2_CC3_CC4,SM_SM_SM_SMpurge,no
JP207_PC732_WC27,JP207,NA,NA,PC732,TTGAGTCTTG,WC27,ATTACCGATC,NA,JP207_P2,human_mouse,CC1_CC2_CC3_CC4,SM_SM_SM_SMpurge,no
JP207_PC732_WC28,JP207,NA,NA,PC732,TTGAGTCTTG,WC28,GTTGCATCGT,NA,JP207_P2,human_mouse,CC1_CC2_CC3_CC4,SM_SM_SM_SMpurge,no
JP207_PC732_WC29,JP207,NA,NA,PC732,TTGAGTCTTG,WC29,ACTGGACGTT,NA,JP207_P2,human_mouse,CC1_CC2_CC3_CC4,SM_SM_SM_SMpurge,no
JP207_PC732_WC30,JP207,NA,NA,PC732,TTGAGTCTTG,WC30,TTGTTCGTGT,NA,JP207_P2,human_mouse,CC1_CC2_CC3_CC4,SM_SM_SM_SMpurge,no
JP207_PC732_WC31,JP207,NA,NA,PC732,TTGAGTCTTG,WC31,ACGGACTGAG,NA,JP207_P2,human_mouse,CC1_CC2_CC3_CC4,SM_SM_SM_SMpurge,no
JP207_PC732_WC32,JP207,NA,NA,PC732,TTGAGTCTTG,WC32,CACCGTCATA,NA,JP207_P2,human_mouse,CC1_CC2_CC3_CC4,SM_SM_SM_SMpurge,no
JP207_PC732_WC33,JP207,NA,NA,PC732,TTGAGTCTTG,WC33,GTAGTTGTGT,NA,JP207_P2,human_mouse,CC1_CC2_CC3_CC4,SM_SM_SM_SMpurge,no
JP207_PC732_WC34,JP207,NA,NA,PC732,TTGAGTCTTG,WC34,CTGAGTCCTT,NA,JP207_P2,human_mouse,CC1_CC2_CC3_CC4,SM_SM_SM_SMpurge,no
JP207_PC732_WC35,JP207,NA,NA,PC732,TTGAGTCTTG,WC35,TCACAGTTGC,NA,JP207_P2,human_mouse,CC1_CC2_CC3_CC4,SM_SM_SM_SMpurge,no
JP207_PC732_WC36,JP207,NA,NA,PC732,TTGAGTCTTG,WC36,ATTGTAAGCG,NA,JP207_P2,human_mouse,CC1_CC2_CC3_CC4,SM_SM_SM_SMpurge,no
JP207_PC732_WC37,JP207,NA,NA,PC732,TTGAGTCTTG,WC37,CGGTCTCTCT,NA,JP207_P2,human_mouse,CC1_CC2_CC3_CC4,SM_SM_SM_SMpurge,no
JP207_PC732_WC38,JP207,NA,NA,PC732,TTGAGTCTTG,WC38,AACAGCAATG,NA,JP207_P2,human_mouse,CC1_CC2_CC3_CC4,SM_SM_SM_SMpurge,no
JP207_PC732_WC39,JP207,NA,NA,PC732,TTGAGTCTTG,WC39,TCCGTGTTGC,NA,JP207_P2,human_mouse,CC1_CC2_CC3_CC4,SM_SM_SM_SMpurge,no
JP207_PC732_WC40,JP207,NA,NA,PC732,TTGAGTCTTG,WC40,TGCGAAGTGA,NA,JP207_P2,human_mouse,CC1_CC2_CC3_CC4,SM_SM_SM_SMpurge,no
JP207_PC732_WC41,JP207,NA,NA,PC732,TTGAGTCTTG,WC41,CACAGCTATT,NA,JP207_P2,human_mouse,CC1_CC2_CC3_CC4,SM_SM_SM_SMpurge,no
JP207_PC732_WC42,JP207,NA,NA,PC732,TTGAGTCTTG,WC42,GATAGTGTTC,NA,JP207_P2,human_mouse,CC1_CC2_CC3_CC4,SM_SM_SM_SMpurge,no
JP207_PC732_WC43,JP207,NA,NA,PC732,TTGAGTCTTG,WC43,TAGCTACCAG,NA,JP207_P2,human_mouse,CC1_CC2_CC3_CC4,SM_SM_SM_SMpurge,no
JP207_PC732_WC44,JP207,NA,NA,PC732,TTGAGTCTTG,WC44,TGCTCACGCA,NA,JP207_P2,human_mouse,CC1_CC2_CC3_CC4,SM_SM_SM_SMpurge,no
JP207_PC732_WC45,JP207,NA,NA,PC732,TTGAGTCTTG,WC45,AAGTGTGCTA,NA,JP207_P2,human_mouse,CC1_CC2_CC3_CC4,SM_SM_SM_SMpurge,no
JP207_PC732_WC46,JP207,NA,NA,PC732,TTGAGTCTTG,WC46,TCATCGTCTG,NA,JP207_P2,human_mouse,CC1_CC2_CC3_CC4,SM_SM_SM_SMpurge,no
JP207_PC732_WC47,JP207,NA,NA,PC732,TTGAGTCTTG,WC47,AGATGCTCCG,NA,JP207_P2,human_mouse,CC1_CC2_CC3_CC4,SM_SM_SM_SMpurge,no
JP207_PC732_WC48,JP207,NA,NA,PC732,TTGAGTCTTG,WC48,GAACCAAGCG,NA,JP207_P2,human_mouse,CC1_CC2_CC3_CC4,SM_SM_SM_SMpurge,no
JP207_PC732_WC49,JP207,NA,NA,PC732,TTGAGTCTTG,WC49,CCTCTTCAAG,NA,JP207_P2,human_mouse,CC1_CC2_CC3_CC4,SM_SM_SM_SMpurge,no
JP207_PC732_WC50,JP207,NA,NA,PC732,TTGAGTCTTG,WC50,CGTCGCATCT,NA,JP207_P2,human_mouse,CC1_CC2_CC3_CC4,SM_SM_SM_SMpurge,no
JP207_PC732_WC51,JP207,NA,NA,PC732,TTGAGTCTTG,WC51,CCGAACGTTC,NA,JP207_P2,human_mouse,CC1_CC2_CC3_CC4,SM_SM_SM_SMpurge,no
JP207_PC732_WC52,JP207,NA,NA,PC732,TTGAGTCTTG,WC52,GAATGGCGTT,NA,JP207_P2,human_mouse,CC1_CC2_CC3_CC4,SM_SM_SM_SMpurge,no
JP207_PC732_WC53,JP207,NA,NA,PC732,TTGAGTCTTG,WC53,AAGTTCAGGA,NA,JP207_P2,human_mouse,CC1_CC2_CC3_CC4,SM_SM_SM_SMpurge,no
JP207_PC732_WC54,JP207,NA,NA,PC732,TTGAGTCTTG,WC54,GACCAATTGT,NA,JP207_P2,human_mouse,CC1_CC2_CC3_CC4,SM_SM_SM_SMpurge,no
JP207_PC732_WC55,JP207,NA,NA,PC732,TTGAGTCTTG,WC55,TGTCTGTGAC,NA,JP207_P2,human_mouse,CC1_CC2_CC3_CC4,SM_SM_SM_SMpurge,no
JP207_PC732_WC56,JP207,NA,NA,PC732,TTGAGTCTTG,WC56,GAACATTGGC,NA,JP207_P2,human_mouse,CC1_CC2_CC3_CC4,SM_SM_SM_SMpurge,no
JP207_PC732_WC57,JP207,NA,NA,PC732,TTGAGTCTTG,WC57,CGTAACACTA,NA,JP207_P2,human_mouse,CC1_CC2_CC3_CC4,SM_SM_SM_SMpurge,no
JP207_PC732_WC58,JP207,NA,NA,PC732,TTGAGTCTTG,WC58,GTACTTCCAA,NA,JP207_P2,human_mouse,CC1_CC2_CC3_CC4,SM_SM_SM_SMpurge,no
JP207_PC732_WC59,JP207,NA,NA,PC732,TTGAGTCTTG,WC59,TTAGCGTCTT,NA,JP207_P2,human_mouse,CC1_CC2_CC3_CC4,SM_SM_SM_SMpurge,no
JP207_PC732_WC60,JP207,NA,NA,PC732,TTGAGTCTTG,WC60,TTGACCGTCT,NA,JP207_P2,human_mouse,CC1_CC2_CC3_CC4,SM_SM_SM_SMpurge,no
JP207_PC732_WC61,JP207,NA,NA,PC732,TTGAGTCTTG,WC61,ACGGCTTCTC,NA,JP207_P2,human_mouse,CC1_CC2_CC3_CC4,SM_SM_SM_SMpurge,no
JP207_PC732_WC62,JP207,NA,NA,PC732,TTGAGTCTTG,WC62,TGCGATGTAT,NA,JP207_P2,human_mouse,CC1_CC2_CC3_CC4,SM_SM_SM_SMpurge,no
JP207_PC732_WC63,JP207,NA,NA,PC732,TTGAGTCTTG,WC63,GCGTTCAGCA,NA,JP207_P2,human_mouse,CC1_CC2_CC3_CC4,SM_SM_SM_SMpurge,no
JP207_PC732_WC64,JP207,NA,NA,PC732,TTGAGTCTTG,WC64,GCCTAGGAAG,NA,JP207_P2,human_mouse,CC1_CC2_CC3_CC4,SM_SM_SM_SMpurge,no
JP207_PC732_WC65,JP207,NA,NA,PC732,TTGAGTCTTG,WC65,GTTACCAACG,NA,JP207_P2,human_mouse,CC1_CC2_CC3_CC4,SM_SM_SM_SMpurge,no
JP207_PC732_WC66,JP207,NA,NA,PC732,TTGAGTCTTG,WC66,ACGAACCAAG,NA,JP207_P2,human_mouse,CC1_CC2_CC3_CC4,SM_SM_SM_SMpurge,no
JP207_PC732_WC67,JP207,NA,NA,PC732,TTGAGTCTTG,WC67,CACGCAAGTC,NA,JP207_P2,human_mouse,CC1_CC2_CC3_CC4,SM_SM_SM_SMpurge,no
JP207_PC732_WC68,JP207,NA,NA,PC732,TTGAGTCTTG,WC68,GCTGGAGAAG,NA,JP207_P2,human_mouse,CC1_CC2_CC3_CC4,SM_SM_SM_SMpurge,no
JP207_PC732_WC69,JP207,NA,NA,PC732,TTGAGTCTTG,WC69,CCAGTGTACG,NA,JP207_P2,human_mouse,CC1_CC2_CC3_CC4,SM_SM_SM_SMpurge,no
JP207_PC732_WC70,JP207,NA,NA,PC732,TTGAGTCTTG,WC70,GTTGATGCGA,NA,JP207_P2,human_mouse,CC1_CC2_CC3_CC4,SM_SM_SM_SMpurge,no
JP207_PC732_WC71,JP207,NA,NA,PC732,TTGAGTCTTG,WC71,CGCTTGTTAT,NA,JP207_P2,human_mouse,CC1_CC2_CC3_CC4,SM_SM_SM_SMpurge,no
JP207_PC732_WC72,JP207,NA,NA,PC732,TTGAGTCTTG,WC72,GTAACGTTCA,NA,JP207_P2,human_mouse,CC1_CC2_CC3_CC4,SM_SM_SM_SMpurge,no
JP207_PC732_WC73,JP207,NA,NA,PC732,TTGAGTCTTG,WC73,CCGAGTCTTC,NA,JP207_P2,human_mouse,CC1_CC2_CC3_CC4,SM_SM_SM_SMpurge,no
JP207_PC732_WC74,JP207,NA,NA,PC732,TTGAGTCTTG,WC74,TATTGCGCTA,NA,JP207_P2,human_mouse,CC1_CC2_CC3_CC4,SM_SM_SM_SMpurge,no
JP207_PC732_WC75,JP207,NA,NA,PC732,TTGAGTCTTG,WC75,TGTGGTCTAA,NA,JP207_P2,human_mouse,CC1_CC2_CC3_CC4,SM_SM_SM_SMpurge,no
JP207_PC732_WC76,JP207,NA,NA,PC732,TTGAGTCTTG,WC76,CACGTCTACG,NA,JP207_P2,human_mouse,CC1_CC2_CC3_CC4,SM_SM_SM_SMpurge,no
JP207_PC732_WC77,JP207,NA,NA,PC732,TTGAGTCTTG,WC77,AGTCCAGTGA,NA,JP207_P2,human_mouse,CC1_CC2_CC3_CC4,SM_SM_SM_SMpurge,no
JP207_PC732_WC78,JP207,NA,NA,PC732,TTGAGTCTTG,WC78,ATGCTTGGTC,NA,JP207_P2,human_mouse,CC1_CC2_CC3_CC4,SM_SM_SM_SMpurge,no
JP207_PC732_WC79,JP207,NA,NA,PC732,TTGAGTCTTG,WC79,TGATACTCGC,NA,JP207_P2,human_mouse,CC1_CC2_CC3_CC4,SM_SM_SM_SMpurge,no
JP207_PC732_WC80,JP207,NA,NA,PC732,TTGAGTCTTG,WC80,TTATCGAGAG,NA,JP207_P2,human_mouse,CC1_CC2_CC3_CC4,SM_SM_SM_SMpurge,no
JP207_PC732_WC81,JP207,NA,NA,PC732,TTGAGTCTTG,WC81,TGCCAGTATT,NA,JP207_P2,human_mouse,CC1_CC2_CC3_CC4,SM_SM_SM_SMpurge,no
JP207_PC732_WC82,JP207,NA,NA,PC732,TTGAGTCTTG,WC82,GAGTTGCATA,NA,JP207_P2,human_mouse,CC1_CC2_CC3_CC4,SM_SM_SM_SMpurge,no
JP207_PC732_WC83,JP207,NA,NA,PC732,TTGAGTCTTG,WC83,ACACTAGCAT,NA,JP207_P2,human_mouse,CC1_CC2_CC3_CC4,SM_SM_SM_SMpurge,no
JP207_PC732_WC84,JP207,NA,NA,PC732,TTGAGTCTTG,WC84,GTTCTAATGG,NA,JP207_P2,human_mouse,CC1_CC2_CC3_CC4,SM_SM_SM_SMpurge,no
JP207_PC732_WC85,JP207,NA,NA,PC732,TTGAGTCTTG,WC85,CGTTCACGTT,NA,JP207_P2,human_mouse,CC1_CC2_CC3_CC4,SM_SM_SM_SMpurge,no
JP207_PC732_WC86,JP207,NA,NA,PC732,TTGAGTCTTG,WC86,GACTGCGTTA,NA,JP207_P2,human_mouse,CC1_CC2_CC3_CC4,SM_SM_SM_SMpurge,no
JP207_PC732_WC87,JP207,NA,NA,PC732,TTGAGTCTTG,WC87,TGGCTTATGG,NA,JP207_P2,human_mouse,CC1_CC2_CC3_CC4,SM_SM_SM_SMpurge,no
JP207_PC732_WC88,JP207,NA,NA,PC732,TTGAGTCTTG,WC88,TCAGAGGCAC,NA,JP207_P2,human_mouse,CC1_CC2_CC3_CC4,SM_SM_SM_SMpurge,no
JP207_PC732_WC89,JP207,NA,NA,PC732,TTGAGTCTTG,WC89,CGCTAGGCTA,NA,JP207_P2,human_mouse,CC1_CC2_CC3_CC4,SM_SM_SM_SMpurge,no
JP207_PC732_WC90,JP207,NA,NA,PC732,TTGAGTCTTG,WC90,AACCGTAACA,NA,JP207_P2,human_mouse,CC1_CC2_CC3_CC4,SM_SM_SM_SMpurge,no
JP207_PC732_WC91,JP207,NA,NA,PC732,TTGAGTCTTG,WC91,CTTGGTATGA,NA,JP207_P2,human_mouse,CC1_CC2_CC3_CC4,SM_SM_SM_SMpurge,no
JP207_PC732_WC92,JP207,NA,NA,PC732,TTGAGTCTTG,WC92,TGTAGATCCG,NA,JP207_P2,human_mouse,CC1_CC2_CC3_CC4,SM_SM_SM_SMpurge,no
JP207_PC732_WC93,JP207,NA,NA,PC732,TTGAGTCTTG,WC93,AACTCTACCG,NA,JP207_P2,human_mouse,CC1_CC2_CC3_CC4,SM_SM_SM_SMpurge,no
JP207_PC732_WC94,JP207,NA,NA,PC732,TTGAGTCTTG,WC94,CGTGACATTC,NA,JP207_P2,human_mouse,CC1_CC2_CC3_CC4,SM_SM_SM_SMpurge,no
JP207_PC732_WC95,JP207,NA,NA,PC732,TTGAGTCTTG,WC95,CTGTACCAGG,NA,JP207_P2,human_mouse,CC1_CC2_CC3_CC4,SM_SM_SM_SMpurge,no
JP207_PC732_WC96,JP207,NA,NA,PC732,TTGAGTCTTG,WC96,ACTGGTTCCG,NA,JP207_P2,human_mouse,CC1_CC2_CC3_CC4,SM_SM_SM_SMpurge,no
JP207_PC733_WC1,JP207,NA,NA,PC733,TTGCCGTCGA,WC1,GTCGTGAATC,NA,JP207_P3,human_mouse,CC1_CC2_CC3_CC4,SM_SM_SM_SMpurge,no
JP207_PC733_WC2,JP207,NA,NA,PC733,TTGCCGTCGA,WC2,CTGTTCTACG,NA,JP207_P3,human_mouse,CC1_CC2_CC3_CC4,SM_SM_SM_SMpurge,no
JP207_PC733_WC3,JP207,NA,NA,PC733,TTGCCGTCGA,WC3,GCTCTTAGGT,NA,JP207_P3,human_mouse,CC1_CC2_CC3_CC4,SM_SM_SM_SMpurge,no
JP207_PC733_WC4,JP207,NA,NA,PC733,TTGCCGTCGA,WC4,TAGAAGCCAT,NA,JP207_P3,human_mouse,CC1_CC2_CC3_CC4,SM_SM_SM_SMpurge,no
JP207_PC733_WC5,JP207,NA,NA,PC733,TTGCCGTCGA,WC5,CACTTAGGTA,NA,JP207_P3,human_mouse,CC1_CC2_CC3_CC4,SM_SM_SM_SMpurge,no
JP207_PC733_WC6,JP207,NA,NA,PC733,TTGCCGTCGA,WC6,ATAGGTAAGG,NA,JP207_P3,human_mouse,CC1_CC2_CC3_CC4,SM_SM_SM_SMpurge,no
JP207_PC733_WC7,JP207,NA,NA,PC733,TTGCCGTCGA,WC7,CGCCTTATAT,NA,JP207_P3,human_mouse,CC1_CC2_CC3_CC4,SM_SM_SM_SMpurge,no
JP207_PC733_WC8,JP207,NA,NA,PC733,TTGCCGTCGA,WC8,GCACGATGCT,NA,JP207_P3,human_mouse,CC1_CC2_CC3_CC4,SM_SM_SM_SMpurge,no
JP207_PC733_WC9,JP207,NA,NA,PC733,TTGCCGTCGA,WC9,AATATGCCAG,NA,JP207_P3,human_mouse,CC1_CC2_CC3_CC4,SM_SM_SM_SMpurge,no
JP207_PC733_WC10,JP207,NA,NA,PC733,TTGCCGTCGA,WC10,TAGAGTCACG,NA,JP207_P3,human_mouse,CC1_CC2_CC3_CC4,SM_SM_SM_SMpurge,no
JP207_PC733_WC11,JP207,NA,NA,PC733,TTGCCGTCGA,WC11,TTAACAGGTC,NA,JP207_P3,human_mouse,CC1_CC2_CC3_CC4,SM_SM_SM_SMpurge,no
JP207_PC733_WC12,JP207,NA,NA,PC733,TTGCCGTCGA,WC12,ACATGAGCCA,NA,JP207_P3,human_mouse,CC1_CC2_CC3_CC4,SM_SM_SM_SMpurge,no
JP207_PC733_WC13,JP207,NA,NA,PC733,TTGCCGTCGA,WC13,GCGAGGTTCT,NA,JP207_P3,human_mouse,CC1_CC2_CC3_CC4,SM_SM_SM_SMpurge,no
JP207_PC733_WC14,JP207,NA,NA,PC733,TTGCCGTCGA,WC14,TGTCCGTAGG,NA,JP207_P3,human_mouse,CC1_CC2_CC3_CC4,SM_SM_SM_SMpurge,no
JP207_PC733_WC15,JP207,NA,NA,PC733,TTGCCGTCGA,WC15,CATTATGCCT,NA,JP207_P3,human_mouse,CC1_CC2_CC3_CC4,SM_SM_SM_SMpurge,no
JP207_PC733_WC16,JP207,NA,NA,PC733,TTGCCGTCGA,WC16,TCCACTGTTG,NA,JP207_P3,human_mouse,CC1_CC2_CC3_CC4,SM_SM_SM_SMpurge,no
JP207_PC733_WC17,JP207,NA,NA,PC733,TTGCCGTCGA,WC17,CTTAACGACA,NA,JP207_P3,human_mouse,CC1_CC2_CC3_CC4,SM_SM_SM_SMpurge,no
JP207_PC733_WC18,JP207,NA,NA,PC733,TTGCCGTCGA,WC18,TCCTCGAGCT,NA,JP207_P3,human_mouse,CC1_CC2_CC3_CC4,SM_SM_SM_SMpurge,no
JP207_PC733_WC19,JP207,NA,NA,PC733,TTGCCGTCGA,WC19,CGAGTAATGT,NA,JP207_P3,human_mouse,CC1_CC2_CC3_CC4,SM_SM_SM_SMpurge,no
JP207_PC733_WC20,JP207,NA,NA,PC733,TTGCCGTCGA,WC20,CATACCGCTG,NA,JP207_P3,human_mouse,CC1_CC2_CC3_CC4,SM_SM_SM_SMpurge,no
JP207_PC733_WC21,JP207,NA,NA,PC733,TTGCCGTCGA,WC21,GCTACTTGCA,NA,JP207_P3,human_mouse,CC1_CC2_CC3_CC4,SM_SM_SM_SMpurge,no
JP207_PC733_WC22,JP207,NA,NA,PC733,TTGCCGTCGA,WC22,GCTATTGAAG,NA,JP207_P3,human_mouse,CC1_CC2_CC3_CC4,SM_SM_SM_SMpurge,no
JP207_PC733_WC23,JP207,NA,NA,PC733,TTGCCGTCGA,WC23,TCAGCATCCG,NA,JP207_P3,human_mouse,CC1_CC2_CC3_CC4,SM_SM_SM_SMpurge,no
JP207_PC733_WC24,JP207,NA,NA,PC733,TTGCCGTCGA,WC24,TAGGTGGTGG,NA,JP207_P3,human_mouse,CC1_CC2_CC3_CC4,SM_SM_SM_SMpurge,no
JP207_PC733_WC25,JP207,NA,NA,PC733,TTGCCGTCGA,WC25,AAGATCGGAT,NA,JP207_P3,human_mouse,CC1_CC2_CC3_CC4,SM_SM_SM_SMpurge,no
JP207_PC733_WC26,JP207,NA,NA,PC733,TTGCCGTCGA,WC26,TTAACGTCCG,NA,JP207_P3,human_mouse,CC1_CC2_CC3_CC4,SM_SM_SM_SMpurge,no
JP207_PC733_WC27,JP207,NA,NA,PC733,TTGCCGTCGA,WC27,ATTACCGATC,NA,JP207_P3,human_mouse,CC1_CC2_CC3_CC4,SM_SM_SM_SMpurge,no
JP207_PC733_WC28,JP207,NA,NA,PC733,TTGCCGTCGA,WC28,GTTGCATCGT,NA,JP207_P3,human_mouse,CC1_CC2_CC3_CC4,SM_SM_SM_SMpurge,no
JP207_PC733_WC29,JP207,NA,NA,PC733,TTGCCGTCGA,WC29,ACTGGACGTT,NA,JP207_P3,human_mouse,CC1_CC2_CC3_CC4,SM_SM_SM_SMpurge,no
JP207_PC733_WC30,JP207,NA,NA,PC733,TTGCCGTCGA,WC30,TTGTTCGTGT,NA,JP207_P3,human_mouse,CC1_CC2_CC3_CC4,SM_SM_SM_SMpurge,no
JP207_PC733_WC31,JP207,NA,NA,PC733,TTGCCGTCGA,WC31,ACGGACTGAG,NA,JP207_P3,human_mouse,CC1_CC2_CC3_CC4,SM_SM_SM_SMpurge,no
JP207_PC733_WC32,JP207,NA,NA,PC733,TTGCCGTCGA,WC32,CACCGTCATA,NA,JP207_P3,human_mouse,CC1_CC2_CC3_CC4,SM_SM_SM_SMpurge,no
JP207_PC733_WC33,JP207,NA,NA,PC733,TTGCCGTCGA,WC33,GTAGTTGTGT,NA,JP207_P3,human_mouse,CC1_CC2_CC3_CC4,SM_SM_SM_SMpurge,no
JP207_PC733_WC34,JP207,NA,NA,PC733,TTGCCGTCGA,WC34,CTGAGTCCTT,NA,JP207_P3,human_mouse,CC1_CC2_CC3_CC4,SM_SM_SM_SMpurge,no
JP207_PC733_WC35,JP207,NA,NA,PC733,TTGCCGTCGA,WC35,TCACAGTTGC,NA,JP207_P3,human_mouse,CC1_CC2_CC3_CC4,SM_SM_SM_SMpurge,no
JP207_PC733_WC36,JP207,NA,NA,PC733,TTGCCGTCGA,WC36,ATTGTAAGCG,NA,JP207_P3,human_mouse,CC1_CC2_CC3_CC4,SM_SM_SM_SMpurge,no
JP207_PC733_WC37,JP207,NA,NA,PC733,TTGCCGTCGA,WC37,CGGTCTCTCT,NA,JP207_P3,human_mouse,CC1_CC2_CC3_CC4,SM_SM_SM_SMpurge,no
JP207_PC733_WC38,JP207,NA,NA,PC733,TTGCCGTCGA,WC38,AACAGCAATG,NA,JP207_P3,human_mouse,CC1_CC2_CC3_CC4,SM_SM_SM_SMpurge,no
JP207_PC733_WC39,JP207,NA,NA,PC733,TTGCCGTCGA,WC39,TCCGTGTTGC,NA,JP207_P3,human_mouse,CC1_CC2_CC3_CC4,SM_SM_SM_SMpurge,no
JP207_PC733_WC40,JP207,NA,NA,PC733,TTGCCGTCGA,WC40,TGCGAAGTGA,NA,JP207_P3,human_mouse,CC1_CC2_CC3_CC4,SM_SM_SM_SMpurge,no
JP207_PC733_WC41,JP207,NA,NA,PC733,TTGCCGTCGA,WC41,CACAGCTATT,NA,JP207_P3,human_mouse,CC1_CC2_CC3_CC4,SM_SM_SM_SMpurge,no
JP207_PC733_WC42,JP207,NA,NA,PC733,TTGCCGTCGA,WC42,GATAGTGTTC,NA,JP207_P3,human_mouse,CC1_CC2_CC3_CC4,SM_SM_SM_SMpurge,no
JP207_PC733_WC43,JP207,NA,NA,PC733,TTGCCGTCGA,WC43,TAGCTACCAG,NA,JP207_P3,human_mouse,CC1_CC2_CC3_CC4,SM_SM_SM_SMpurge,no
JP207_PC733_WC44,JP207,NA,NA,PC733,TTGCCGTCGA,WC44,TGCTCACGCA,NA,JP207_P3,human_mouse,CC1_CC2_CC3_CC4,SM_SM_SM_SMpurge,no
JP207_PC733_WC45,JP207,NA,NA,PC733,TTGCCGTCGA,WC45,AAGTGTGCTA,NA,JP207_P3,human_mouse,CC1_CC2_CC3_CC4,SM_SM_SM_SMpurge,no
JP207_PC733_WC46,JP207,NA,NA,PC733,TTGCCGTCGA,WC46,TCATCGTCTG,NA,JP207_P3,human_mouse,CC1_CC2_CC3_CC4,SM_SM_SM_SMpurge,no
JP207_PC733_WC47,JP207,NA,NA,PC733,TTGCCGTCGA,WC47,AGATGCTCCG,NA,JP207_P3,human_mouse,CC1_CC2_CC3_CC4,SM_SM_SM_SMpurge,no
JP207_PC733_WC48,JP207,NA,NA,PC733,TTGCCGTCGA,WC48,GAACCAAGCG,NA,JP207_P3,human_mouse,CC1_CC2_CC3_CC4,SM_SM_SM_SMpurge,no
JP207_PC733_WC49,JP207,NA,NA,PC733,TTGCCGTCGA,WC49,CCTCTTCAAG,NA,JP207_P3,human_mouse,CC1_CC2_CC3_CC4,SM_SM_SM_SMpurge,no
JP207_PC733_WC50,JP207,NA,NA,PC733,TTGCCGTCGA,WC50,CGTCGCATCT,NA,JP207_P3,human_mouse,CC1_CC2_CC3_CC4,SM_SM_SM_SMpurge,no
JP207_PC733_WC51,JP207,NA,NA,PC733,TTGCCGTCGA,WC51,CCGAACGTTC,NA,JP207_P3,human_mouse,CC1_CC2_CC3_CC4,SM_SM_SM_SMpurge,no
JP207_PC733_WC52,JP207,NA,NA,PC733,TTGCCGTCGA,WC52,GAATGGCGTT,NA,JP207_P3,human_mouse,CC1_CC2_CC3_CC4,SM_SM_SM_SMpurge,no
JP207_PC733_WC53,JP207,NA,NA,PC733,TTGCCGTCGA,WC53,AAGTTCAGGA,NA,JP207_P3,human_mouse,CC1_CC2_CC3_CC4,SM_SM_SM_SMpurge,no
JP207_PC733_WC54,JP207,NA,NA,PC733,TTGCCGTCGA,WC54,GACCAATTGT,NA,JP207_P3,human_mouse,CC1_CC2_CC3_CC4,SM_SM_SM_SMpurge,no
JP207_PC733_WC55,JP207,NA,NA,PC733,TTGCCGTCGA,WC55,TGTCTGTGAC,NA,JP207_P3,human_mouse,CC1_CC2_CC3_CC4,SM_SM_SM_SMpurge,no
JP207_PC733_WC56,JP207,NA,NA,PC733,TTGCCGTCGA,WC56,GAACATTGGC,NA,JP207_P3,human_mouse,CC1_CC2_CC3_CC4,SM_SM_SM_SMpurge,no
JP207_PC733_WC57,JP207,NA,NA,PC733,TTGCCGTCGA,WC57,CGTAACACTA,NA,JP207_P3,human_mouse,CC1_CC2_CC3_CC4,SM_SM_SM_SMpurge,no
JP207_PC733_WC58,JP207,NA,NA,PC733,TTGCCGTCGA,WC58,GTACTTCCAA,NA,JP207_P3,human_mouse,CC1_CC2_CC3_CC4,SM_SM_SM_SMpurge,no
JP207_PC733_WC59,JP207,NA,NA,PC733,TTGCCGTCGA,WC59,TTAGCGTCTT,NA,JP207_P3,human_mouse,CC1_CC2_CC3_CC4,SM_SM_SM_SMpurge,no
JP207_PC733_WC60,JP207,NA,NA,PC733,TTGCCGTCGA,WC60,TTGACCGTCT,NA,JP207_P3,human_mouse,CC1_CC2_CC3_CC4,SM_SM_SM_SMpurge,no
JP207_PC733_WC61,JP207,NA,NA,PC733,TTGCCGTCGA,WC61,ACGGCTTCTC,NA,JP207_P3,human_mouse,CC1_CC2_CC3_CC4,SM_SM_SM_SMpurge,no
JP207_PC733_WC62,JP207,NA,NA,PC733,TTGCCGTCGA,WC62,TGCGATGTAT,NA,JP207_P3,human_mouse,CC1_CC2_CC3_CC4,SM_SM_SM_SMpurge,no
JP207_PC733_WC63,JP207,NA,NA,PC733,TTGCCGTCGA,WC63,GCGTTCAGCA,NA,JP207_P3,human_mouse,CC1_CC2_CC3_CC4,SM_SM_SM_SMpurge,no
JP207_PC733_WC64,JP207,NA,NA,PC733,TTGCCGTCGA,WC64,GCCTAGGAAG,NA,JP207_P3,human_mouse,CC1_CC2_CC3_CC4,SM_SM_SM_SMpurge,no
JP207_PC733_WC65,JP207,NA,NA,PC733,TTGCCGTCGA,WC65,GTTACCAACG,NA,JP207_P3,human_mouse,CC1_CC2_CC3_CC4,SM_SM_SM_SMpurge,no
JP207_PC733_WC66,JP207,NA,NA,PC733,TTGCCGTCGA,WC66,ACGAACCAAG,NA,JP207_P3,human_mouse,CC1_CC2_CC3_CC4,SM_SM_SM_SMpurge,no
JP207_PC733_WC67,JP207,NA,NA,PC733,TTGCCGTCGA,WC67,CACGCAAGTC,NA,JP207_P3,human_mouse,CC1_CC2_CC3_CC4,SM_SM_SM_SMpurge,no
JP207_PC733_WC68,JP207,NA,NA,PC733,TTGCCGTCGA,WC68,GCTGGAGAAG,NA,JP207_P3,human_mouse,CC1_CC2_CC3_CC4,SM_SM_SM_SMpurge,no
JP207_PC733_WC69,JP207,NA,NA,PC733,TTGCCGTCGA,WC69,CCAGTGTACG,NA,JP207_P3,human_mouse,CC1_CC2_CC3_CC4,SM_SM_SM_SMpurge,no
JP207_PC733_WC70,JP207,NA,NA,PC733,TTGCCGTCGA,WC70,GTTGATGCGA,NA,JP207_P3,human_mouse,CC1_CC2_CC3_CC4,SM_SM_SM_SMpurge,no
JP207_PC733_WC71,JP207,NA,NA,PC733,TTGCCGTCGA,WC71,CGCTTGTTAT,NA,JP207_P3,human_mouse,CC1_CC2_CC3_CC4,SM_SM_SM_SMpurge,no
JP207_PC733_WC72,JP207,NA,NA,PC733,TTGCCGTCGA,WC72,GTAACGTTCA,NA,JP207_P3,human_mouse,CC1_CC2_CC3_CC4,SM_SM_SM_SMpurge,no
JP207_PC733_WC73,JP207,NA,NA,PC733,TTGCCGTCGA,WC73,CCGAGTCTTC,NA,JP207_P3,human_mouse,CC1_CC2_CC3_CC4,SM_SM_SM_SMpurge,no
JP207_PC733_WC74,JP207,NA,NA,PC733,TTGCCGTCGA,WC74,TATTGCGCTA,NA,JP207_P3,human_mouse,CC1_CC2_CC3_CC4,SM_SM_SM_SMpurge,no
JP207_PC733_WC75,JP207,NA,NA,PC733,TTGCCGTCGA,WC75,TGTGGTCTAA,NA,JP207_P3,human_mouse,CC1_CC2_CC3_CC4,SM_SM_SM_SMpurge,no
JP207_PC733_WC76,JP207,NA,NA,PC733,TTGCCGTCGA,WC76,CACGTCTACG,NA,JP207_P3,human_mouse,CC1_CC2_CC3_CC4,SM_SM_SM_SMpurge,no
JP207_PC733_WC77,JP207,NA,NA,PC733,TTGCCGTCGA,WC77,AGTCCAGTGA,NA,JP207_P3,human_mouse,CC1_CC2_CC3_CC4,SM_SM_SM_SMpurge,no
JP207_PC733_WC78,JP207,NA,NA,PC733,TTGCCGTCGA,WC78,ATGCTTGGTC,NA,JP207_P3,human_mouse,CC1_CC2_CC3_CC4,SM_SM_SM_SMpurge,no
JP207_PC733_WC79,JP207,NA,NA,PC733,TTGCCGTCGA,WC79,TGATACTCGC,NA,JP207_P3,human_mouse,CC1_CC2_CC3_CC4,SM_SM_SM_SMpurge,no
JP207_PC733_WC80,JP207,NA,NA,PC733,TTGCCGTCGA,WC80,TTATCGAGAG,NA,JP207_P3,human_mouse,CC1_CC2_CC3_CC4,SM_SM_SM_SMpurge,no
JP207_PC733_WC81,JP207,NA,NA,PC733,TTGCCGTCGA,WC81,TGCCAGTATT,NA,JP207_P3,human_mouse,CC1_CC2_CC3_CC4,SM_SM_SM_SMpurge,no
JP207_PC733_WC82,JP207,NA,NA,PC733,TTGCCGTCGA,WC82,GAGTTGCATA,NA,JP207_P3,human_mouse,CC1_CC2_CC3_CC4,SM_SM_SM_SMpurge,no
JP207_PC733_WC83,JP207,NA,NA,PC733,TTGCCGTCGA,WC83,ACACTAGCAT,NA,JP207_P3,human_mouse,CC1_CC2_CC3_CC4,SM_SM_SM_SMpurge,no
JP207_PC733_WC84,JP207,NA,NA,PC733,TTGCCGTCGA,WC84,GTTCTAATGG,NA,JP207_P3,human_mouse,CC1_CC2_CC3_CC4,SM_SM_SM_SMpurge,no
JP207_PC733_WC85,JP207,NA,NA,PC733,TTGCCGTCGA,WC85,CGTTCACGTT,NA,JP207_P3,human_mouse,CC1_CC2_CC3_CC4,SM_SM_SM_SMpurge,no
JP207_PC733_WC86,JP207,NA,NA,PC733,TTGCCGTCGA,WC86,GACTGCGTTA,NA,JP207_P3,human_mouse,CC1_CC2_CC3_CC4,SM_SM_SM_SMpurge,no
JP207_PC733_WC87,JP207,NA,NA,PC733,TTGCCGTCGA,WC87,TGGCTTATGG,NA,JP207_P3,human_mouse,CC1_CC2_CC3_CC4,SM_SM_SM_SMpurge,no
JP207_PC733_WC88,JP207,NA,NA,PC733,TTGCCGTCGA,WC88,TCAGAGGCAC,NA,JP207_P3,human_mouse,CC1_CC2_CC3_CC4,SM_SM_SM_SMpurge,no
JP207_PC733_WC89,JP207,NA,NA,PC733,TTGCCGTCGA,WC89,CGCTAGGCTA,NA,JP207_P3,human_mouse,CC1_CC2_CC3_CC4,SM_SM_SM_SMpurge,no
JP207_PC733_WC90,JP207,NA,NA,PC733,TTGCCGTCGA,WC90,AACCGTAACA,NA,JP207_P3,human_mouse,CC1_CC2_CC3_CC4,SM_SM_SM_SMpurge,no
JP207_PC733_WC91,JP207,NA,NA,PC733,TTGCCGTCGA,WC91,CTTGGTATGA,NA,JP207_P3,human_mouse,CC1_CC2_CC3_CC4,SM_SM_SM_SMpurge,no
JP207_PC733_WC92,JP207,NA,NA,PC733,TTGCCGTCGA,WC92,TGTAGATCCG,NA,JP207_P3,human_mouse,CC1_CC2_CC3_CC4,SM_SM_SM_SMpurge,no
JP207_PC733_WC93,JP207,NA,NA,PC733,TTGCCGTCGA,WC93,AACTCTACCG,NA,JP207_P3,human_mouse,CC1_CC2_CC3_CC4,SM_SM_SM_SMpurge,no
JP207_PC733_WC94,JP207,NA,NA,PC733,TTGCCGTCGA,WC94,CGTGACATTC,NA,JP207_P3,human_mouse,CC1_CC2_CC3_CC4,SM_SM_SM_SMpurge,no
JP207_PC733_WC95,JP207,NA,NA,PC733,TTGCCGTCGA,WC95,CTGTACCAGG,NA,JP207_P3,human_mouse,CC1_CC2_CC3_CC4,SM_SM_SM_SMpurge,no
JP207_PC733_WC96,JP207,NA,NA,PC733,TTGCCGTCGA,WC96,ACTGGTTCCG,NA,JP207_P3,human_mouse,CC1_CC2_CC3_CC4,SM_SM_SM_SMpurge,no
JP207_PC734_WC1,JP207,NA,NA,PC734,ATCGAACTGA,WC1,GTCGTGAATC,NA,JP207_P4,human_mouse,CC1_CC2_CC3_CC4,SM_SM_SM_SMpurge,no
JP207_PC734_WC2,JP207,NA,NA,PC734,ATCGAACTGA,WC2,CTGTTCTACG,NA,JP207_P4,human_mouse,CC1_CC2_CC3_CC4,SM_SM_SM_SMpurge,no
JP207_PC734_WC3,JP207,NA,NA,PC734,ATCGAACTGA,WC3,GCTCTTAGGT,NA,JP207_P4,human_mouse,CC1_CC2_CC3_CC4,SM_SM_SM_SMpurge,no
JP207_PC734_WC4,JP207,NA,NA,PC734,ATCGAACTGA,WC4,TAGAAGCCAT,NA,JP207_P4,human_mouse,CC1_CC2_CC3_CC4,SM_SM_SM_SMpurge,no
JP207_PC734_WC5,JP207,NA,NA,PC734,ATCGAACTGA,WC5,CACTTAGGTA,NA,JP207_P4,human_mouse,CC1_CC2_CC3_CC4,SM_SM_SM_SMpurge,no
JP207_PC734_WC6,JP207,NA,NA,PC734,ATCGAACTGA,WC6,ATAGGTAAGG,NA,JP207_P4,human_mouse,CC1_CC2_CC3_CC4,SM_SM_SM_SMpurge,no
JP207_PC734_WC7,JP207,NA,NA,PC734,ATCGAACTGA,WC7,CGCCTTATAT,NA,JP207_P4,human_mouse,CC1_CC2_CC3_CC4,SM_SM_SM_SMpurge,no
JP207_PC734_WC8,JP207,NA,NA,PC734,ATCGAACTGA,WC8,GCACGATGCT,NA,JP207_P4,human_mouse,CC1_CC2_CC3_CC4,SM_SM_SM_SMpurge,no
JP207_PC734_WC9,JP207,NA,NA,PC734,ATCGAACTGA,WC9,AATATGCCAG,NA,JP207_P4,human_mouse,CC1_CC2_CC3_CC4,SM_SM_SM_SMpurge,no
JP207_PC734_WC10,JP207,NA,NA,PC734,ATCGAACTGA,WC10,TAGAGTCACG,NA,JP207_P4,human_mouse,CC1_CC2_CC3_CC4,SM_SM_SM_SMpurge,no
JP207_PC734_WC11,JP207,NA,NA,PC734,ATCGAACTGA,WC11,TTAACAGGTC,NA,JP207_P4,human_mouse,CC1_CC2_CC3_CC4,SM_SM_SM_SMpurge,no
JP207_PC734_WC12,JP207,NA,NA,PC734,ATCGAACTGA,WC12,ACATGAGCCA,NA,JP207_P4,human_mouse,CC1_CC2_CC3_CC4,SM_SM_SM_SMpurge,no
JP207_PC734_WC13,JP207,NA,NA,PC734,ATCGAACTGA,WC13,GCGAGGTTCT,NA,JP207_P4,human_mouse,CC1_CC2_CC3_CC4,SM_SM_SM_SMpurge,no
JP207_PC734_WC14,JP207,NA,NA,PC734,ATCGAACTGA,WC14,TGTCCGTAGG,NA,JP207_P4,human_mouse,CC1_CC2_CC3_CC4,SM_SM_SM_SMpurge,no
JP207_PC734_WC15,JP207,NA,NA,PC734,ATCGAACTGA,WC15,CATTATGCCT,NA,JP207_P4,human_mouse,CC1_CC2_CC3_CC4,SM_SM_SM_SMpurge,no
JP207_PC734_WC16,JP207,NA,NA,PC734,ATCGAACTGA,WC16,TCCACTGTTG,NA,JP207_P4,human_mouse,CC1_CC2_CC3_CC4,SM_SM_SM_SMpurge,no
JP207_PC734_WC17,JP207,NA,NA,PC734,ATCGAACTGA,WC17,CTTAACGACA,NA,JP207_P4,human_mouse,CC1_CC2_CC3_CC4,SM_SM_SM_SMpurge,no
JP207_PC734_WC18,JP207,NA,NA,PC734,ATCGAACTGA,WC18,TCCTCGAGCT,NA,JP207_P4,human_mouse,CC1_CC2_CC3_CC4,SM_SM_SM_SMpurge,no
JP207_PC734_WC19,JP207,NA,NA,PC734,ATCGAACTGA,WC19,CGAGTAATGT,NA,JP207_P4,human_mouse,CC1_CC2_CC3_CC4,SM_SM_SM_SMpurge,no
JP207_PC734_WC20,JP207,NA,NA,PC734,ATCGAACTGA,WC20,CATACCGCTG,NA,JP207_P4,human_mouse,CC1_CC2_CC3_CC4,SM_SM_SM_SMpurge,no
JP207_PC734_WC21,JP207,NA,NA,PC734,ATCGAACTGA,WC21,GCTACTTGCA,NA,JP207_P4,human_mouse,CC1_CC2_CC3_CC4,SM_SM_SM_SMpurge,no
JP207_PC734_WC22,JP207,NA,NA,PC734,ATCGAACTGA,WC22,GCTATTGAAG,NA,JP207_P4,human_mouse,CC1_CC2_CC3_CC4,SM_SM_SM_SMpurge,no
JP207_PC734_WC23,JP207,NA,NA,PC734,ATCGAACTGA,WC23,TCAGCATCCG,NA,JP207_P4,human_mouse,CC1_CC2_CC3_CC4,SM_SM_SM_SMpurge,no
JP207_PC734_WC24,JP207,NA,NA,PC734,ATCGAACTGA,WC24,TAGGTGGTGG,NA,JP207_P4,human_mouse,CC1_CC2_CC3_CC4,SM_SM_SM_SMpurge,no
JP207_PC734_WC25,JP207,NA,NA,PC734,ATCGAACTGA,WC25,AAGATCGGAT,NA,JP207_P4,human_mouse,CC1_CC2_CC3_CC4,SM_SM_SM_SMpurge,no
JP207_PC734_WC26,JP207,NA,NA,PC734,ATCGAACTGA,WC26,TTAACGTCCG,NA,JP207_P4,human_mouse,CC1_CC2_CC3_CC4,SM_SM_SM_SMpurge,no
JP207_PC734_WC27,JP207,NA,NA,PC734,ATCGAACTGA,WC27,ATTACCGATC,NA,JP207_P4,human_mouse,CC1_CC2_CC3_CC4,SM_SM_SM_SMpurge,no
JP207_PC734_WC28,JP207,NA,NA,PC734,ATCGAACTGA,WC28,GTTGCATCGT,NA,JP207_P4,human_mouse,CC1_CC2_CC3_CC4,SM_SM_SM_SMpurge,no
JP207_PC734_WC29,JP207,NA,NA,PC734,ATCGAACTGA,WC29,ACTGGACGTT,NA,JP207_P4,human_mouse,CC1_CC2_CC3_CC4,SM_SM_SM_SMpurge,no
JP207_PC734_WC30,JP207,NA,NA,PC734,ATCGAACTGA,WC30,TTGTTCGTGT,NA,JP207_P4,human_mouse,CC1_CC2_CC3_CC4,SM_SM_SM_SMpurge,no
JP207_PC734_WC31,JP207,NA,NA,PC734,ATCGAACTGA,WC31,ACGGACTGAG,NA,JP207_P4,human_mouse,CC1_CC2_CC3_CC4,SM_SM_SM_SMpurge,no
JP207_PC734_WC32,JP207,NA,NA,PC734,ATCGAACTGA,WC32,CACCGTCATA,NA,JP207_P4,human_mouse,CC1_CC2_CC3_CC4,SM_SM_SM_SMpurge,no
JP207_PC734_WC33,JP207,NA,NA,PC734,ATCGAACTGA,WC33,GTAGTTGTGT,NA,JP207_P4,human_mouse,CC1_CC2_CC3_CC4,SM_SM_SM_SMpurge,no
JP207_PC734_WC34,JP207,NA,NA,PC734,ATCGAACTGA,WC34,CTGAGTCCTT,NA,JP207_P4,human_mouse,CC1_CC2_CC3_CC4,SM_SM_SM_SMpurge,no
JP207_PC734_WC35,JP207,NA,NA,PC734,ATCGAACTGA,WC35,TCACAGTTGC,NA,JP207_P4,human_mouse,CC1_CC2_CC3_CC4,SM_SM_SM_SMpurge,no
JP207_PC734_WC36,JP207,NA,NA,PC734,ATCGAACTGA,WC36,ATTGTAAGCG,NA,JP207_P4,human_mouse,CC1_CC2_CC3_CC4,SM_SM_SM_SMpurge,no
JP207_PC734_WC37,JP207,NA,NA,PC734,ATCGAACTGA,WC37,CGGTCTCTCT,NA,JP207_P4,human_mouse,CC1_CC2_CC3_CC4,SM_SM_SM_SMpurge,no
JP207_PC734_WC38,JP207,NA,NA,PC734,ATCGAACTGA,WC38,AACAGCAATG,NA,JP207_P4,human_mouse,CC1_CC2_CC3_CC4,SM_SM_SM_SMpurge,no
JP207_PC734_WC39,JP207,NA,NA,PC734,ATCGAACTGA,WC39,TCCGTGTTGC,NA,JP207_P4,human_mouse,CC1_CC2_CC3_CC4,SM_SM_SM_SMpurge,no
JP207_PC734_WC40,JP207,NA,NA,PC734,ATCGAACTGA,WC40,TGCGAAGTGA,NA,JP207_P4,human_mouse,CC1_CC2_CC3_CC4,SM_SM_SM_SMpurge,no
JP207_PC734_WC41,JP207,NA,NA,PC734,ATCGAACTGA,WC41,CACAGCTATT,NA,JP207_P4,human_mouse,CC1_CC2_CC3_CC4,SM_SM_SM_SMpurge,no
JP207_PC734_WC42,JP207,NA,NA,PC734,ATCGAACTGA,WC42,GATAGTGTTC,NA,JP207_P4,human_mouse,CC1_CC2_CC3_CC4,SM_SM_SM_SMpurge,no
JP207_PC734_WC43,JP207,NA,NA,PC734,ATCGAACTGA,WC43,TAGCTACCAG,NA,JP207_P4,human_mouse,CC1_CC2_CC3_CC4,SM_SM_SM_SMpurge,no
JP207_PC734_WC44,JP207,NA,NA,PC734,ATCGAACTGA,WC44,TGCTCACGCA,NA,JP207_P4,human_mouse,CC1_CC2_CC3_CC4,SM_SM_SM_SMpurge,no
JP207_PC734_WC45,JP207,NA,NA,PC734,ATCGAACTGA,WC45,AAGTGTGCTA,NA,JP207_P4,human_mouse,CC1_CC2_CC3_CC4,SM_SM_SM_SMpurge,no
JP207_PC734_WC46,JP207,NA,NA,PC734,ATCGAACTGA,WC46,TCATCGTCTG,NA,JP207_P4,human_mouse,CC1_CC2_CC3_CC4,SM_SM_SM_SMpurge,no
JP207_PC734_WC47,JP207,NA,NA,PC734,ATCGAACTGA,WC47,AGATGCTCCG,NA,JP207_P4,human_mouse,CC1_CC2_CC3_CC4,SM_SM_SM_SMpurge,no
JP207_PC734_WC48,JP207,NA,NA,PC734,ATCGAACTGA,WC48,GAACCAAGCG,NA,JP207_P4,human_mouse,CC1_CC2_CC3_CC4,SM_SM_SM_SMpurge,no
JP207_PC734_WC49,JP207,NA,NA,PC734,ATCGAACTGA,WC49,CCTCTTCAAG,NA,JP207_P4,human_mouse,CC1_CC2_CC3_CC4,SM_SM_SM_SMpurge,no
JP207_PC734_WC50,JP207,NA,NA,PC734,ATCGAACTGA,WC50,CGTCGCATCT,NA,JP207_P4,human_mouse,CC1_CC2_CC3_CC4,SM_SM_SM_SMpurge,no
JP207_PC734_WC51,JP207,NA,NA,PC734,ATCGAACTGA,WC51,CCGAACGTTC,NA,JP207_P4,human_mouse,CC1_CC2_CC3_CC4,SM_SM_SM_SMpurge,no
JP207_PC734_WC52,JP207,NA,NA,PC734,ATCGAACTGA,WC52,GAATGGCGTT,NA,JP207_P4,human_mouse,CC1_CC2_CC3_CC4,SM_SM_SM_SMpurge,no
JP207_PC734_WC53,JP207,NA,NA,PC734,ATCGAACTGA,WC53,AAGTTCAGGA,NA,JP207_P4,human_mouse,CC1_CC2_CC3_CC4,SM_SM_SM_SMpurge,no
JP207_PC734_WC54,JP207,NA,NA,PC734,ATCGAACTGA,WC54,GACCAATTGT,NA,JP207_P4,human_mouse,CC1_CC2_CC3_CC4,SM_SM_SM_SMpurge,no
JP207_PC734_WC55,JP207,NA,NA,PC734,ATCGAACTGA,WC55,TGTCTGTGAC,NA,JP207_P4,human_mouse,CC1_CC2_CC3_CC4,SM_SM_SM_SMpurge,no
JP207_PC734_WC56,JP207,NA,NA,PC734,ATCGAACTGA,WC56,GAACATTGGC,NA,JP207_P4,human_mouse,CC1_CC2_CC3_CC4,SM_SM_SM_SMpurge,no
JP207_PC734_WC57,JP207,NA,NA,PC734,ATCGAACTGA,WC57,CGTAACACTA,NA,JP207_P4,human_mouse,CC1_CC2_CC3_CC4,SM_SM_SM_SMpurge,no
JP207_PC734_WC58,JP207,NA,NA,PC734,ATCGAACTGA,WC58,GTACTTCCAA,NA,JP207_P4,human_mouse,CC1_CC2_CC3_CC4,SM_SM_SM_SMpurge,no
JP207_PC734_WC59,JP207,NA,NA,PC734,ATCGAACTGA,WC59,TTAGCGTCTT,NA,JP207_P4,human_mouse,CC1_CC2_CC3_CC4,SM_SM_SM_SMpurge,no
JP207_PC734_WC60,JP207,NA,NA,PC734,ATCGAACTGA,WC60,TTGACCGTCT,NA,JP207_P4,human_mouse,CC1_CC2_CC3_CC4,SM_SM_SM_SMpurge,no
JP207_PC734_WC61,JP207,NA,NA,PC734,ATCGAACTGA,WC61,ACGGCTTCTC,NA,JP207_P4,human_mouse,CC1_CC2_CC3_CC4,SM_SM_SM_SMpurge,no
JP207_PC734_WC62,JP207,NA,NA,PC734,ATCGAACTGA,WC62,TGCGATGTAT,NA,JP207_P4,human_mouse,CC1_CC2_CC3_CC4,SM_SM_SM_SMpurge,no
JP207_PC734_WC63,JP207,NA,NA,PC734,ATCGAACTGA,WC63,GCGTTCAGCA,NA,JP207_P4,human_mouse,CC1_CC2_CC3_CC4,SM_SM_SM_SMpurge,no
JP207_PC734_WC64,JP207,NA,NA,PC734,ATCGAACTGA,WC64,GCCTAGGAAG,NA,JP207_P4,human_mouse,CC1_CC2_CC3_CC4,SM_SM_SM_SMpurge,no
JP207_PC734_WC65,JP207,NA,NA,PC734,ATCGAACTGA,WC65,GTTACCAACG,NA,JP207_P4,human_mouse,CC1_CC2_CC3_CC4,SM_SM_SM_SMpurge,no
JP207_PC734_WC66,JP207,NA,NA,PC734,ATCGAACTGA,WC66,ACGAACCAAG,NA,JP207_P4,human_mouse,CC1_CC2_CC3_CC4,SM_SM_SM_SMpurge,no
JP207_PC734_WC67,JP207,NA,NA,PC734,ATCGAACTGA,WC67,CACGCAAGTC,NA,JP207_P4,human_mouse,CC1_CC2_CC3_CC4,SM_SM_SM_SMpurge,no
JP207_PC734_WC68,JP207,NA,NA,PC734,ATCGAACTGA,WC68,GCTGGAGAAG,NA,JP207_P4,human_mouse,CC1_CC2_CC3_CC4,SM_SM_SM_SMpurge,no
JP207_PC734_WC69,JP207,NA,NA,PC734,ATCGAACTGA,WC69,CCAGTGTACG,NA,JP207_P4,human_mouse,CC1_CC2_CC3_CC4,SM_SM_SM_SMpurge,no
JP207_PC734_WC70,JP207,NA,NA,PC734,ATCGAACTGA,WC70,GTTGATGCGA,NA,JP207_P4,human_mouse,CC1_CC2_CC3_CC4,SM_SM_SM_SMpurge,no
JP207_PC734_WC71,JP207,NA,NA,PC734,ATCGAACTGA,WC71,CGCTTGTTAT,NA,JP207_P4,human_mouse,CC1_CC2_CC3_CC4,SM_SM_SM_SMpurge,no
JP207_PC734_WC72,JP207,NA,NA,PC734,ATCGAACTGA,WC72,GTAACGTTCA,NA,JP207_P4,human_mouse,CC1_CC2_CC3_CC4,SM_SM_SM_SMpurge,no
JP207_PC734_WC73,JP207,NA,NA,PC734,ATCGAACTGA,WC73,CCGAGTCTTC,NA,JP207_P4,human_mouse,CC1_CC2_CC3_CC4,SM_SM_SM_SMpurge,no
JP207_PC734_WC74,JP207,NA,NA,PC734,ATCGAACTGA,WC74,TATTGCGCTA,NA,JP207_P4,human_mouse,CC1_CC2_CC3_CC4,SM_SM_SM_SMpurge,no
JP207_PC734_WC75,JP207,NA,NA,PC734,ATCGAACTGA,WC75,TGTGGTCTAA,NA,JP207_P4,human_mouse,CC1_CC2_CC3_CC4,SM_SM_SM_SMpurge,no
JP207_PC734_WC76,JP207,NA,NA,PC734,ATCGAACTGA,WC76,CACGTCTACG,NA,JP207_P4,human_mouse,CC1_CC2_CC3_CC4,SM_SM_SM_SMpurge,no
JP207_PC734_WC77,JP207,NA,NA,PC734,ATCGAACTGA,WC77,AGTCCAGTGA,NA,JP207_P4,human_mouse,CC1_CC2_CC3_CC4,SM_SM_SM_SMpurge,no
JP207_PC734_WC78,JP207,NA,NA,PC734,ATCGAACTGA,WC78,ATGCTTGGTC,NA,JP207_P4,human_mouse,CC1_CC2_CC3_CC4,SM_SM_SM_SMpurge,no
JP207_PC734_WC79,JP207,NA,NA,PC734,ATCGAACTGA,WC79,TGATACTCGC,NA,JP207_P4,human_mouse,CC1_CC2_CC3_CC4,SM_SM_SM_SMpurge,no
JP207_PC734_WC80,JP207,NA,NA,PC734,ATCGAACTGA,WC80,TTATCGAGAG,NA,JP207_P4,human_mouse,CC1_CC2_CC3_CC4,SM_SM_SM_SMpurge,no
JP207_PC734_WC81,JP207,NA,NA,PC734,ATCGAACTGA,WC81,TGCCAGTATT,NA,JP207_P4,human_mouse,CC1_CC2_CC3_CC4,SM_SM_SM_SMpurge,no
JP207_PC734_WC82,JP207,NA,NA,PC734,ATCGAACTGA,WC82,GAGTTGCATA,NA,JP207_P4,human_mouse,CC1_CC2_CC3_CC4,SM_SM_SM_SMpurge,no
JP207_PC734_WC83,JP207,NA,NA,PC734,ATCGAACTGA,WC83,ACACTAGCAT,NA,JP207_P4,human_mouse,CC1_CC2_CC3_CC4,SM_SM_SM_SMpurge,no
JP207_PC734_WC84,JP207,NA,NA,PC734,ATCGAACTGA,WC84,GTTCTAATGG,NA,JP207_P4,human_mouse,CC1_CC2_CC3_CC4,SM_SM_SM_SMpurge,no
JP207_PC734_WC85,JP207,NA,NA,PC734,ATCGAACTGA,WC85,CGTTCACGTT,NA,JP207_P4,human_mouse,CC1_CC2_CC3_CC4,SM_SM_SM_SMpurge,no
JP207_PC734_WC86,JP207,NA,NA,PC734,ATCGAACTGA,WC86,GACTGCGTTA,NA,JP207_P4,human_mouse,CC1_CC2_CC3_CC4,SM_SM_SM_SMpurge,no
JP207_PC734_WC87,JP207,NA,NA,PC734,ATCGAACTGA,WC87,TGGCTTATGG,NA,JP207_P4,human_mouse,CC1_CC2_CC3_CC4,SM_SM_SM_SMpurge,no
JP207_PC734_WC88,JP207,NA,NA,PC734,ATCGAACTGA,WC88,TCAGAGGCAC,NA,JP207_P4,human_mouse,CC1_CC2_CC3_CC4,SM_SM_SM_SMpurge,no
JP207_PC734_WC89,JP207,NA,NA,PC734,ATCGAACTGA,WC89,CGCTAGGCTA,NA,JP207_P4,human_mouse,CC1_CC2_CC3_CC4,SM_SM_SM_SMpurge,no
JP207_PC734_WC90,JP207,NA,NA,PC734,ATCGAACTGA,WC90,AACCGTAACA,NA,JP207_P4,human_mouse,CC1_CC2_CC3_CC4,SM_SM_SM_SMpurge,no
JP207_PC734_WC91,JP207,NA,NA,PC734,ATCGAACTGA,WC91,CTTGGTATGA,NA,JP207_P4,human_mouse,CC1_CC2_CC3_CC4,SM_SM_SM_SMpurge,no
JP207_PC734_WC92,JP207,NA,NA,PC734,ATCGAACTGA,WC92,TGTAGATCCG,NA,JP207_P4,human_mouse,CC1_CC2_CC3_CC4,SM_SM_SM_SMpurge,no
JP207_PC734_WC93,JP207,NA,NA,PC734,ATCGAACTGA,WC93,AACTCTACCG,NA,JP207_P4,human_mouse,CC1_CC2_CC3_CC4,SM_SM_SM_SMpurge,no
JP207_PC734_WC94,JP207,NA,NA,PC734,ATCGAACTGA,WC94,CGTGACATTC,NA,JP207_P4,human_mouse,CC1_CC2_CC3_CC4,SM_SM_SM_SMpurge,no
JP207_PC734_WC95,JP207,NA,NA,PC734,ATCGAACTGA,WC95,CTGTACCAGG,NA,JP207_P4,human_mouse,CC1_CC2_CC3_CC4,SM_SM_SM_SMpurge,no
JP207_PC734_WC96,JP207,NA,NA,PC734,ATCGAACTGA,WC96,ACTGGTTCCG,NA,JP207_P4,human_mouse,CC1_CC2_CC3_CC4,SM_SM_SM_SMpurge,no
JP208_PC735_WC1,JP208,NA,NA,PC735,TTGAGGTTAG,WC1,GTCGTGAATC,NA,JP208_P1,mouse,CC1_CC2_CC3_CC4,CONF_CONF_nonCONF_nonCONF,no
JP208_PC735_WC2,JP208,NA,NA,PC735,TTGAGGTTAG,WC2,CTGTTCTACG,NA,JP208_P1,mouse,CC1_CC2_CC3_CC4,CONF_CONF_nonCONF_nonCONF,no
JP208_PC735_WC3,JP208,NA,NA,PC735,TTGAGGTTAG,WC3,GCTCTTAGGT,NA,JP208_P1,mouse,CC1_CC2_CC3_CC4,CONF_CONF_nonCONF_nonCONF,no
JP208_PC735_WC4,JP208,NA,NA,PC735,TTGAGGTTAG,WC4,TAGAAGCCAT,NA,JP208_P1,mouse,CC1_CC2_CC3_CC4,CONF_CONF_nonCONF_nonCONF,no
JP208_PC735_WC5,JP208,NA,NA,PC735,TTGAGGTTAG,WC5,CACTTAGGTA,NA,JP208_P1,mouse,CC1_CC2_CC3_CC4,CONF_CONF_nonCONF_nonCONF,no
JP208_PC735_WC6,JP208,NA,NA,PC735,TTGAGGTTAG,WC6,ATAGGTAAGG,NA,JP208_P1,mouse,CC1_CC2_CC3_CC4,CONF_CONF_nonCONF_nonCONF,no
JP208_PC735_WC7,JP208,NA,NA,PC735,TTGAGGTTAG,WC7,CGCCTTATAT,NA,JP208_P1,mouse,CC1_CC2_CC3_CC4,CONF_CONF_nonCONF_nonCONF,no
JP208_PC735_WC8,JP208,NA,NA,PC735,TTGAGGTTAG,WC8,GCACGATGCT,NA,JP208_P1,mouse,CC1_CC2_CC3_CC4,CONF_CONF_nonCONF_nonCONF,no
JP208_PC735_WC9,JP208,NA,NA,PC735,TTGAGGTTAG,WC9,AATATGCCAG,NA,JP208_P1,mouse,CC1_CC2_CC3_CC4,CONF_CONF_nonCONF_nonCONF,no
JP208_PC735_WC10,JP208,NA,NA,PC735,TTGAGGTTAG,WC10,TAGAGTCACG,NA,JP208_P1,mouse,CC1_CC2_CC3_CC4,CONF_CONF_nonCONF_nonCONF,no
JP208_PC735_WC11,JP208,NA,NA,PC735,TTGAGGTTAG,WC11,TTAACAGGTC,NA,JP208_P1,mouse,CC1_CC2_CC3_CC4,CONF_CONF_nonCONF_nonCONF,no
JP208_PC735_WC12,JP208,NA,NA,PC735,TTGAGGTTAG,WC12,ACATGAGCCA,NA,JP208_P1,mouse,CC1_CC2_CC3_CC4,CONF_CONF_nonCONF_nonCONF,no
JP208_PC735_WC13,JP208,NA,NA,PC735,TTGAGGTTAG,WC13,GCGAGGTTCT,NA,JP208_P1,mouse,CC1_CC2_CC3_CC4,CONF_CONF_nonCONF_nonCONF,no
JP208_PC735_WC14,JP208,NA,NA,PC735,TTGAGGTTAG,WC14,TGTCCGTAGG,NA,JP208_P1,mouse,CC1_CC2_CC3_CC4,CONF_CONF_nonCONF_nonCONF,no
JP208_PC735_WC15,JP208,NA,NA,PC735,TTGAGGTTAG,WC15,CATTATGCCT,NA,JP208_P1,mouse,CC1_CC2_CC3_CC4,CONF_CONF_nonCONF_nonCONF,no
JP208_PC735_WC16,JP208,NA,NA,PC735,TTGAGGTTAG,WC16,TCCACTGTTG,NA,JP208_P1,mouse,CC1_CC2_CC3_CC4,CONF_CONF_nonCONF_nonCONF,no
JP208_PC735_WC17,JP208,NA,NA,PC735,TTGAGGTTAG,WC17,CTTAACGACA,NA,JP208_P1,mouse,CC1_CC2_CC3_CC4,CONF_CONF_nonCONF_nonCONF,no
JP208_PC735_WC18,JP208,NA,NA,PC735,TTGAGGTTAG,WC18,TCCTCGAGCT,NA,JP208_P1,mouse,CC1_CC2_CC3_CC4,CONF_CONF_nonCONF_nonCONF,no
JP208_PC735_WC19,JP208,NA,NA,PC735,TTGAGGTTAG,WC19,CGAGTAATGT,NA,JP208_P1,mouse,CC1_CC2_CC3_CC4,CONF_CONF_nonCONF_nonCONF,no
JP208_PC735_WC20,JP208,NA,NA,PC735,TTGAGGTTAG,WC20,CATACCGCTG,NA,JP208_P1,mouse,CC1_CC2_CC3_CC4,CONF_CONF_nonCONF_nonCONF,no
JP208_PC735_WC21,JP208,NA,NA,PC735,TTGAGGTTAG,WC21,GCTACTTGCA,NA,JP208_P1,mouse,CC1_CC2_CC3_CC4,CONF_CONF_nonCONF_nonCONF,no
JP208_PC735_WC22,JP208,NA,NA,PC735,TTGAGGTTAG,WC22,GCTATTGAAG,NA,JP208_P1,mouse,CC1_CC2_CC3_CC4,CONF_CONF_nonCONF_nonCONF,no
JP208_PC735_WC23,JP208,NA,NA,PC735,TTGAGGTTAG,WC23,TCAGCATCCG,NA,JP208_P1,mouse,CC1_CC2_CC3_CC4,CONF_CONF_nonCONF_nonCONF,no
JP208_PC735_WC24,JP208,NA,NA,PC735,TTGAGGTTAG,WC24,TAGGTGGTGG,NA,JP208_P1,mouse,CC1_CC2_CC3_CC4,CONF_CONF_nonCONF_nonCONF,no
JP208_PC735_WC25,JP208,NA,NA,PC735,TTGAGGTTAG,WC25,AAGATCGGAT,NA,JP208_P1,mouse,CC1_CC2_CC3_CC4,CONF_CONF_nonCONF_nonCONF,no
JP208_PC735_WC26,JP208,NA,NA,PC735,TTGAGGTTAG,WC26,TTAACGTCCG,NA,JP208_P1,mouse,CC1_CC2_CC3_CC4,CONF_CONF_nonCONF_nonCONF,no
JP208_PC735_WC27,JP208,NA,NA,PC735,TTGAGGTTAG,WC27,ATTACCGATC,NA,JP208_P1,mouse,CC1_CC2_CC3_CC4,CONF_CONF_nonCONF_nonCONF,no
JP208_PC735_WC28,JP208,NA,NA,PC735,TTGAGGTTAG,WC28,GTTGCATCGT,NA,JP208_P1,mouse,CC1_CC2_CC3_CC4,CONF_CONF_nonCONF_nonCONF,no
JP208_PC735_WC29,JP208,NA,NA,PC735,TTGAGGTTAG,WC29,ACTGGACGTT,NA,JP208_P1,mouse,CC1_CC2_CC3_CC4,CONF_CONF_nonCONF_nonCONF,no
JP208_PC735_WC30,JP208,NA,NA,PC735,TTGAGGTTAG,WC30,TTGTTCGTGT,NA,JP208_P1,mouse,CC1_CC2_CC3_CC4,CONF_CONF_nonCONF_nonCONF,no
JP208_PC735_WC31,JP208,NA,NA,PC735,TTGAGGTTAG,WC31,ACGGACTGAG,NA,JP208_P1,mouse,CC1_CC2_CC3_CC4,CONF_CONF_nonCONF_nonCONF,no
JP208_PC735_WC32,JP208,NA,NA,PC735,TTGAGGTTAG,WC32,CACCGTCATA,NA,JP208_P1,mouse,CC1_CC2_CC3_CC4,CONF_CONF_nonCONF_nonCONF,no
JP208_PC735_WC33,JP208,NA,NA,PC735,TTGAGGTTAG,WC33,GTAGTTGTGT,NA,JP208_P1,mouse,CC1_CC2_CC3_CC4,CONF_CONF_nonCONF_nonCONF,no
JP208_PC735_WC34,JP208,NA,NA,PC735,TTGAGGTTAG,WC34,CTGAGTCCTT,NA,JP208_P1,mouse,CC1_CC2_CC3_CC4,CONF_CONF_nonCONF_nonCONF,no
JP208_PC735_WC35,JP208,NA,NA,PC735,TTGAGGTTAG,WC35,TCACAGTTGC,NA,JP208_P1,mouse,CC1_CC2_CC3_CC4,CONF_CONF_nonCONF_nonCONF,no
JP208_PC735_WC36,JP208,NA,NA,PC735,TTGAGGTTAG,WC36,ATTGTAAGCG,NA,JP208_P1,mouse,CC1_CC2_CC3_CC4,CONF_CONF_nonCONF_nonCONF,no
JP208_PC735_WC37,JP208,NA,NA,PC735,TTGAGGTTAG,WC37,CGGTCTCTCT,NA,JP208_P1,mouse,CC1_CC2_CC3_CC4,CONF_CONF_nonCONF_nonCONF,no
JP208_PC735_WC38,JP208,NA,NA,PC735,TTGAGGTTAG,WC38,AACAGCAATG,NA,JP208_P1,mouse,CC1_CC2_CC3_CC4,CONF_CONF_nonCONF_nonCONF,no
JP208_PC735_WC39,JP208,NA,NA,PC735,TTGAGGTTAG,WC39,TCCGTGTTGC,NA,JP208_P1,mouse,CC1_CC2_CC3_CC4,CONF_CONF_nonCONF_nonCONF,no
JP208_PC735_WC40,JP208,NA,NA,PC735,TTGAGGTTAG,WC40,TGCGAAGTGA,NA,JP208_P1,mouse,CC1_CC2_CC3_CC4,CONF_CONF_nonCONF_nonCONF,no
JP208_PC735_WC41,JP208,NA,NA,PC735,TTGAGGTTAG,WC41,CACAGCTATT,NA,JP208_P1,mouse,CC1_CC2_CC3_CC4,CONF_CONF_nonCONF_nonCONF,no
JP208_PC735_WC42,JP208,NA,NA,PC735,TTGAGGTTAG,WC42,GATAGTGTTC,NA,JP208_P1,mouse,CC1_CC2_CC3_CC4,CONF_CONF_nonCONF_nonCONF,no
JP208_PC735_WC43,JP208,NA,NA,PC735,TTGAGGTTAG,WC43,TAGCTACCAG,NA,JP208_P1,mouse,CC1_CC2_CC3_CC4,CONF_CONF_nonCONF_nonCONF,no
JP208_PC735_WC44,JP208,NA,NA,PC735,TTGAGGTTAG,WC44,TGCTCACGCA,NA,JP208_P1,mouse,CC1_CC2_CC3_CC4,CONF_CONF_nonCONF_nonCONF,no
JP208_PC735_WC45,JP208,NA,NA,PC735,TTGAGGTTAG,WC45,AAGTGTGCTA,NA,JP208_P1,mouse,CC1_CC2_CC3_CC4,CONF_CONF_nonCONF_nonCONF,no
JP208_PC735_WC46,JP208,NA,NA,PC735,TTGAGGTTAG,WC46,TCATCGTCTG,NA,JP208_P1,mouse,CC1_CC2_CC3_CC4,CONF_CONF_nonCONF_nonCONF,no
JP208_PC735_WC47,JP208,NA,NA,PC735,TTGAGGTTAG,WC47,AGATGCTCCG,NA,JP208_P1,mouse,CC1_CC2_CC3_CC4,CONF_CONF_nonCONF_nonCONF,no
JP208_PC735_WC48,JP208,NA,NA,PC735,TTGAGGTTAG,WC48,GAACCAAGCG,NA,JP208_P1,mouse,CC1_CC2_CC3_CC4,CONF_CONF_nonCONF_nonCONF,no
JP208_PC735_WC49,JP208,NA,NA,PC735,TTGAGGTTAG,WC49,CCTCTTCAAG,NA,JP208_P1,mouse,CC1_CC2_CC3_CC4,CONF_CONF_nonCONF_nonCONF,no
JP208_PC735_WC50,JP208,NA,NA,PC735,TTGAGGTTAG,WC50,CGTCGCATCT,NA,JP208_P1,mouse,CC1_CC2_CC3_CC4,CONF_CONF_nonCONF_nonCONF,no
JP208_PC735_WC51,JP208,NA,NA,PC735,TTGAGGTTAG,WC51,CCGAACGTTC,NA,JP208_P1,mouse,CC1_CC2_CC3_CC4,CONF_CONF_nonCONF_nonCONF,no
JP208_PC735_WC52,JP208,NA,NA,PC735,TTGAGGTTAG,WC52,GAATGGCGTT,NA,JP208_P1,mouse,CC1_CC2_CC3_CC4,CONF_CONF_nonCONF_nonCONF,no
JP208_PC735_WC53,JP208,NA,NA,PC735,TTGAGGTTAG,WC53,AAGTTCAGGA,NA,JP208_P1,mouse,CC1_CC2_CC3_CC4,CONF_CONF_nonCONF_nonCONF,no
JP208_PC735_WC54,JP208,NA,NA,PC735,TTGAGGTTAG,WC54,GACCAATTGT,NA,JP208_P1,mouse,CC1_CC2_CC3_CC4,CONF_CONF_nonCONF_nonCONF,no
JP208_PC735_WC55,JP208,NA,NA,PC735,TTGAGGTTAG,WC55,TGTCTGTGAC,NA,JP208_P1,mouse,CC1_CC2_CC3_CC4,CONF_CONF_nonCONF_nonCONF,no
JP208_PC735_WC56,JP208,NA,NA,PC735,TTGAGGTTAG,WC56,GAACATTGGC,NA,JP208_P1,mouse,CC1_CC2_CC3_CC4,CONF_CONF_nonCONF_nonCONF,no
JP208_PC735_WC57,JP208,NA,NA,PC735,TTGAGGTTAG,WC57,CGTAACACTA,NA,JP208_P1,mouse,CC1_CC2_CC3_CC4,CONF_CONF_nonCONF_nonCONF,no
JP208_PC735_WC58,JP208,NA,NA,PC735,TTGAGGTTAG,WC58,GTACTTCCAA,NA,JP208_P1,mouse,CC1_CC2_CC3_CC4,CONF_CONF_nonCONF_nonCONF,no
JP208_PC735_WC59,JP208,NA,NA,PC735,TTGAGGTTAG,WC59,TTAGCGTCTT,NA,JP208_P1,mouse,CC1_CC2_CC3_CC4,CONF_CONF_nonCONF_nonCONF,no
JP208_PC735_WC60,JP208,NA,NA,PC735,TTGAGGTTAG,WC60,TTGACCGTCT,NA,JP208_P1,mouse,CC1_CC2_CC3_CC4,CONF_CONF_nonCONF_nonCONF,no
JP208_PC735_WC61,JP208,NA,NA,PC735,TTGAGGTTAG,WC61,ACGGCTTCTC,NA,JP208_P1,mouse,CC1_CC2_CC3_CC4,CONF_CONF_nonCONF_nonCONF,no
JP208_PC735_WC62,JP208,NA,NA,PC735,TTGAGGTTAG,WC62,TGCGATGTAT,NA,JP208_P1,mouse,CC1_CC2_CC3_CC4,CONF_CONF_nonCONF_nonCONF,no
JP208_PC735_WC63,JP208,NA,NA,PC735,TTGAGGTTAG,WC63,GCGTTCAGCA,NA,JP208_P1,mouse,CC1_CC2_CC3_CC4,CONF_CONF_nonCONF_nonCONF,no
JP208_PC735_WC64,JP208,NA,NA,PC735,TTGAGGTTAG,WC64,GCCTAGGAAG,NA,JP208_P1,mouse,CC1_CC2_CC3_CC4,CONF_CONF_nonCONF_nonCONF,no
JP208_PC735_WC65,JP208,NA,NA,PC735,TTGAGGTTAG,WC65,GTTACCAACG,NA,JP208_P1,mouse,CC1_CC2_CC3_CC4,CONF_CONF_nonCONF_nonCONF,no
JP208_PC735_WC66,JP208,NA,NA,PC735,TTGAGGTTAG,WC66,ACGAACCAAG,NA,JP208_P1,mouse,CC1_CC2_CC3_CC4,CONF_CONF_nonCONF_nonCONF,no
JP208_PC735_WC67,JP208,NA,NA,PC735,TTGAGGTTAG,WC67,CACGCAAGTC,NA,JP208_P1,mouse,CC1_CC2_CC3_CC4,CONF_CONF_nonCONF_nonCONF,no
JP208_PC735_WC68,JP208,NA,NA,PC735,TTGAGGTTAG,WC68,GCTGGAGAAG,NA,JP208_P1,mouse,CC1_CC2_CC3_CC4,CONF_CONF_nonCONF_nonCONF,no
JP208_PC735_WC69,JP208,NA,NA,PC735,TTGAGGTTAG,WC69,CCAGTGTACG,NA,JP208_P1,mouse,CC1_CC2_CC3_CC4,CONF_CONF_nonCONF_nonCONF,no
JP208_PC735_WC70,JP208,NA,NA,PC735,TTGAGGTTAG,WC70,GTTGATGCGA,NA,JP208_P1,mouse,CC1_CC2_CC3_CC4,CONF_CONF_nonCONF_nonCONF,no
JP208_PC735_WC71,JP208,NA,NA,PC735,TTGAGGTTAG,WC71,CGCTTGTTAT,NA,JP208_P1,mouse,CC1_CC2_CC3_CC4,CONF_CONF_nonCONF_nonCONF,no
JP208_PC735_WC72,JP208,NA,NA,PC735,TTGAGGTTAG,WC72,GTAACGTTCA,NA,JP208_P1,mouse,CC1_CC2_CC3_CC4,CONF_CONF_nonCONF_nonCONF,no
JP208_PC735_WC73,JP208,NA,NA,PC735,TTGAGGTTAG,WC73,CCGAGTCTTC,NA,JP208_P1,mouse,CC1_CC2_CC3_CC4,CONF_CONF_nonCONF_nonCONF,no
JP208_PC735_WC74,JP208,NA,NA,PC735,TTGAGGTTAG,WC74,TATTGCGCTA,NA,JP208_P1,mouse,CC1_CC2_CC3_CC4,CONF_CONF_nonCONF_nonCONF,no
JP208_PC735_WC75,JP208,NA,NA,PC735,TTGAGGTTAG,WC75,TGTGGTCTAA,NA,JP208_P1,mouse,CC1_CC2_CC3_CC4,CONF_CONF_nonCONF_nonCONF,no
JP208_PC735_WC76,JP208,NA,NA,PC735,TTGAGGTTAG,WC76,CACGTCTACG,NA,JP208_P1,mouse,CC1_CC2_CC3_CC4,CONF_CONF_nonCONF_nonCONF,no
JP208_PC735_WC77,JP208,NA,NA,PC735,TTGAGGTTAG,WC77,AGTCCAGTGA,NA,JP208_P1,mouse,CC1_CC2_CC3_CC4,CONF_CONF_nonCONF_nonCONF,no
JP208_PC735_WC78,JP208,NA,NA,PC735,TTGAGGTTAG,WC78,ATGCTTGGTC,NA,JP208_P1,mouse,CC1_CC2_CC3_CC4,CONF_CONF_nonCONF_nonCONF,no
JP208_PC735_WC79,JP208,NA,NA,PC735,TTGAGGTTAG,WC79,TGATACTCGC,NA,JP208_P1,mouse,CC1_CC2_CC3_CC4,CONF_CONF_nonCONF_nonCONF,no
JP208_PC735_WC80,JP208,NA,NA,PC735,TTGAGGTTAG,WC80,TTATCGAGAG,NA,JP208_P1,mouse,CC1_CC2_CC3_CC4,CONF_CONF_nonCONF_nonCONF,no
JP208_PC735_WC81,JP208,NA,NA,PC735,TTGAGGTTAG,WC81,TGCCAGTATT,NA,JP208_P1,mouse,CC1_CC2_CC3_CC4,CONF_CONF_nonCONF_nonCONF,no
JP208_PC735_WC82,JP208,NA,NA,PC735,TTGAGGTTAG,WC82,GAGTTGCATA,NA,JP208_P1,mouse,CC1_CC2_CC3_CC4,CONF_CONF_nonCONF_nonCONF,no
JP208_PC735_WC83,JP208,NA,NA,PC735,TTGAGGTTAG,WC83,ACACTAGCAT,NA,JP208_P1,mouse,CC1_CC2_CC3_CC4,CONF_CONF_nonCONF_nonCONF,no
JP208_PC735_WC84,JP208,NA,NA,PC735,TTGAGGTTAG,WC84,GTTCTAATGG,NA,JP208_P1,mouse,CC1_CC2_CC3_CC4,CONF_CONF_nonCONF_nonCONF,no
JP208_PC735_WC85,JP208,NA,NA,PC735,TTGAGGTTAG,WC85,CGTTCACGTT,NA,JP208_P1,mouse,CC1_CC2_CC3_CC4,CONF_CONF_nonCONF_nonCONF,no
JP208_PC735_WC86,JP208,NA,NA,PC735,TTGAGGTTAG,WC86,GACTGCGTTA,NA,JP208_P1,mouse,CC1_CC2_CC3_CC4,CONF_CONF_nonCONF_nonCONF,no
JP208_PC735_WC87,JP208,NA,NA,PC735,TTGAGGTTAG,WC87,TGGCTTATGG,NA,JP208_P1,mouse,CC1_CC2_CC3_CC4,CONF_CONF_nonCONF_nonCONF,no
JP208_PC735_WC88,JP208,NA,NA,PC735,TTGAGGTTAG,WC88,TCAGAGGCAC,NA,JP208_P1,mouse,CC1_CC2_CC3_CC4,CONF_CONF_nonCONF_nonCONF,no
JP208_PC735_WC89,JP208,NA,NA,PC735,TTGAGGTTAG,WC89,CGCTAGGCTA,NA,JP208_P1,mouse,CC1_CC2_CC3_CC4,CONF_CONF_nonCONF_nonCONF,no
JP208_PC735_WC90,JP208,NA,NA,PC735,TTGAGGTTAG,WC90,AACCGTAACA,NA,JP208_P1,mouse,CC1_CC2_CC3_CC4,CONF_CONF_nonCONF_nonCONF,no
JP208_PC735_WC91,JP208,NA,NA,PC735,TTGAGGTTAG,WC91,CTTGGTATGA,NA,JP208_P1,mouse,CC1_CC2_CC3_CC4,CONF_CONF_nonCONF_nonCONF,no
JP208_PC735_WC92,JP208,NA,NA,PC735,TTGAGGTTAG,WC92,TGTAGATCCG,NA,JP208_P1,mouse,CC1_CC2_CC3_CC4,CONF_CONF_nonCONF_nonCONF,no
JP208_PC735_WC93,JP208,NA,NA,PC735,TTGAGGTTAG,WC93,AACTCTACCG,NA,JP208_P1,mouse,CC1_CC2_CC3_CC4,CONF_CONF_nonCONF_nonCONF,no
JP208_PC735_WC94,JP208,NA,NA,PC735,TTGAGGTTAG,WC94,CGTGACATTC,NA,JP208_P1,mouse,CC1_CC2_CC3_CC4,CONF_CONF_nonCONF_nonCONF,no
JP208_PC735_WC95,JP208,NA,NA,PC735,TTGAGGTTAG,WC95,CTGTACCAGG,NA,JP208_P1,mouse,CC1_CC2_CC3_CC4,CONF_CONF_nonCONF_nonCONF,no
JP208_PC735_WC96,JP208,NA,NA,PC735,TTGAGGTTAG,WC96,ACTGGTTCCG,NA,JP208_P1,mouse,CC1_CC2_CC3_CC4,CONF_CONF_nonCONF_nonCONF,no
JP208_PC736_WC1,JP208,NA,NA,PC736,ATAGTAGGTC,WC1,GTCGTGAATC,NA,JP208_P2,mouse,CC1_CC2_CC3_CC4,CONF_CONF_nonCONF_nonCONF,no
JP208_PC736_WC2,JP208,NA,NA,PC736,ATAGTAGGTC,WC2,CTGTTCTACG,NA,JP208_P2,mouse,CC1_CC2_CC3_CC4,CONF_CONF_nonCONF_nonCONF,no
JP208_PC736_WC3,JP208,NA,NA,PC736,ATAGTAGGTC,WC3,GCTCTTAGGT,NA,JP208_P2,mouse,CC1_CC2_CC3_CC4,CONF_CONF_nonCONF_nonCONF,no
JP208_PC736_WC4,JP208,NA,NA,PC736,ATAGTAGGTC,WC4,TAGAAGCCAT,NA,JP208_P2,mouse,CC1_CC2_CC3_CC4,CONF_CONF_nonCONF_nonCONF,no
JP208_PC736_WC5,JP208,NA,NA,PC736,ATAGTAGGTC,WC5,CACTTAGGTA,NA,JP208_P2,mouse,CC1_CC2_CC3_CC4,CONF_CONF_nonCONF_nonCONF,no
JP208_PC736_WC6,JP208,NA,NA,PC736,ATAGTAGGTC,WC6,ATAGGTAAGG,NA,JP208_P2,mouse,CC1_CC2_CC3_CC4,CONF_CONF_nonCONF_nonCONF,no
JP208_PC736_WC7,JP208,NA,NA,PC736,ATAGTAGGTC,WC7,CGCCTTATAT,NA,JP208_P2,mouse,CC1_CC2_CC3_CC4,CONF_CONF_nonCONF_nonCONF,no
JP208_PC736_WC8,JP208,NA,NA,PC736,ATAGTAGGTC,WC8,GCACGATGCT,NA,JP208_P2,mouse,CC1_CC2_CC3_CC4,CONF_CONF_nonCONF_nonCONF,no
JP208_PC736_WC9,JP208,NA,NA,PC736,ATAGTAGGTC,WC9,AATATGCCAG,NA,JP208_P2,mouse,CC1_CC2_CC3_CC4,CONF_CONF_nonCONF_nonCONF,no
JP208_PC736_WC10,JP208,NA,NA,PC736,ATAGTAGGTC,WC10,TAGAGTCACG,NA,JP208_P2,mouse,CC1_CC2_CC3_CC4,CONF_CONF_nonCONF_nonCONF,no
JP208_PC736_WC11,JP208,NA,NA,PC736,ATAGTAGGTC,WC11,TTAACAGGTC,NA,JP208_P2,mouse,CC1_CC2_CC3_CC4,CONF_CONF_nonCONF_nonCONF,no
JP208_PC736_WC12,JP208,NA,NA,PC736,ATAGTAGGTC,WC12,ACATGAGCCA,NA,JP208_P2,mouse,CC1_CC2_CC3_CC4,CONF_CONF_nonCONF_nonCONF,no
JP208_PC736_WC13,JP208,NA,NA,PC736,ATAGTAGGTC,WC13,GCGAGGTTCT,NA,JP208_P2,mouse,CC1_CC2_CC3_CC4,CONF_CONF_nonCONF_nonCONF,no
JP208_PC736_WC14,JP208,NA,NA,PC736,ATAGTAGGTC,WC14,TGTCCGTAGG,NA,JP208_P2,mouse,CC1_CC2_CC3_CC4,CONF_CONF_nonCONF_nonCONF,no
JP208_PC736_WC15,JP208,NA,NA,PC736,ATAGTAGGTC,WC15,CATTATGCCT,NA,JP208_P2,mouse,CC1_CC2_CC3_CC4,CONF_CONF_nonCONF_nonCONF,no
JP208_PC736_WC16,JP208,NA,NA,PC736,ATAGTAGGTC,WC16,TCCACTGTTG,NA,JP208_P2,mouse,CC1_CC2_CC3_CC4,CONF_CONF_nonCONF_nonCONF,no
JP208_PC736_WC17,JP208,NA,NA,PC736,ATAGTAGGTC,WC17,CTTAACGACA,NA,JP208_P2,mouse,CC1_CC2_CC3_CC4,CONF_CONF_nonCONF_nonCONF,no
JP208_PC736_WC18,JP208,NA,NA,PC736,ATAGTAGGTC,WC18,TCCTCGAGCT,NA,JP208_P2,mouse,CC1_CC2_CC3_CC4,CONF_CONF_nonCONF_nonCONF,no
JP208_PC736_WC19,JP208,NA,NA,PC736,ATAGTAGGTC,WC19,CGAGTAATGT,NA,JP208_P2,mouse,CC1_CC2_CC3_CC4,CONF_CONF_nonCONF_nonCONF,no
JP208_PC736_WC20,JP208,NA,NA,PC736,ATAGTAGGTC,WC20,CATACCGCTG,NA,JP208_P2,mouse,CC1_CC2_CC3_CC4,CONF_CONF_nonCONF_nonCONF,no
JP208_PC736_WC21,JP208,NA,NA,PC736,ATAGTAGGTC,WC21,GCTACTTGCA,NA,JP208_P2,mouse,CC1_CC2_CC3_CC4,CONF_CONF_nonCONF_nonCONF,no
JP208_PC736_WC22,JP208,NA,NA,PC736,ATAGTAGGTC,WC22,GCTATTGAAG,NA,JP208_P2,mouse,CC1_CC2_CC3_CC4,CONF_CONF_nonCONF_nonCONF,no
JP208_PC736_WC23,JP208,NA,NA,PC736,ATAGTAGGTC,WC23,TCAGCATCCG,NA,JP208_P2,mouse,CC1_CC2_CC3_CC4,CONF_CONF_nonCONF_nonCONF,no
JP208_PC736_WC24,JP208,NA,NA,PC736,ATAGTAGGTC,WC24,TAGGTGGTGG,NA,JP208_P2,mouse,CC1_CC2_CC3_CC4,CONF_CONF_nonCONF_nonCONF,no
JP208_PC736_WC25,JP208,NA,NA,PC736,ATAGTAGGTC,WC25,AAGATCGGAT,NA,JP208_P2,mouse,CC1_CC2_CC3_CC4,CONF_CONF_nonCONF_nonCONF,no
JP208_PC736_WC26,JP208,NA,NA,PC736,ATAGTAGGTC,WC26,TTAACGTCCG,NA,JP208_P2,mouse,CC1_CC2_CC3_CC4,CONF_CONF_nonCONF_nonCONF,no
JP208_PC736_WC27,JP208,NA,NA,PC736,ATAGTAGGTC,WC27,ATTACCGATC,NA,JP208_P2,mouse,CC1_CC2_CC3_CC4,CONF_CONF_nonCONF_nonCONF,no
JP208_PC736_WC28,JP208,NA,NA,PC736,ATAGTAGGTC,WC28,GTTGCATCGT,NA,JP208_P2,mouse,CC1_CC2_CC3_CC4,CONF_CONF_nonCONF_nonCONF,no
JP208_PC736_WC29,JP208,NA,NA,PC736,ATAGTAGGTC,WC29,ACTGGACGTT,NA,JP208_P2,mouse,CC1_CC2_CC3_CC4,CONF_CONF_nonCONF_nonCONF,no
JP208_PC736_WC30,JP208,NA,NA,PC736,ATAGTAGGTC,WC30,TTGTTCGTGT,NA,JP208_P2,mouse,CC1_CC2_CC3_CC4,CONF_CONF_nonCONF_nonCONF,no
JP208_PC736_WC31,JP208,NA,NA,PC736,ATAGTAGGTC,WC31,ACGGACTGAG,NA,JP208_P2,mouse,CC1_CC2_CC3_CC4,CONF_CONF_nonCONF_nonCONF,no
JP208_PC736_WC32,JP208,NA,NA,PC736,ATAGTAGGTC,WC32,CACCGTCATA,NA,JP208_P2,mouse,CC1_CC2_CC3_CC4,CONF_CONF_nonCONF_nonCONF,no
JP208_PC736_WC33,JP208,NA,NA,PC736,ATAGTAGGTC,WC33,GTAGTTGTGT,NA,JP208_P2,mouse,CC1_CC2_CC3_CC4,CONF_CONF_nonCONF_nonCONF,no
JP208_PC736_WC34,JP208,NA,NA,PC736,ATAGTAGGTC,WC34,CTGAGTCCTT,NA,JP208_P2,mouse,CC1_CC2_CC3_CC4,CONF_CONF_nonCONF_nonCONF,no
JP208_PC736_WC35,JP208,NA,NA,PC736,ATAGTAGGTC,WC35,TCACAGTTGC,NA,JP208_P2,mouse,CC1_CC2_CC3_CC4,CONF_CONF_nonCONF_nonCONF,no
JP208_PC736_WC36,JP208,NA,NA,PC736,ATAGTAGGTC,WC36,ATTGTAAGCG,NA,JP208_P2,mouse,CC1_CC2_CC3_CC4,CONF_CONF_nonCONF_nonCONF,no
JP208_PC736_WC37,JP208,NA,NA,PC736,ATAGTAGGTC,WC37,CGGTCTCTCT,NA,JP208_P2,mouse,CC1_CC2_CC3_CC4,CONF_CONF_nonCONF_nonCONF,no
JP208_PC736_WC38,JP208,NA,NA,PC736,ATAGTAGGTC,WC38,AACAGCAATG,NA,JP208_P2,mouse,CC1_CC2_CC3_CC4,CONF_CONF_nonCONF_nonCONF,no
JP208_PC736_WC39,JP208,NA,NA,PC736,ATAGTAGGTC,WC39,TCCGTGTTGC,NA,JP208_P2,mouse,CC1_CC2_CC3_CC4,CONF_CONF_nonCONF_nonCONF,no
JP208_PC736_WC40,JP208,NA,NA,PC736,ATAGTAGGTC,WC40,TGCGAAGTGA,NA,JP208_P2,mouse,CC1_CC2_CC3_CC4,CONF_CONF_nonCONF_nonCONF,no
JP208_PC736_WC41,JP208,NA,NA,PC736,ATAGTAGGTC,WC41,CACAGCTATT,NA,JP208_P2,mouse,CC1_CC2_CC3_CC4,CONF_CONF_nonCONF_nonCONF,no
JP208_PC736_WC42,JP208,NA,NA,PC736,ATAGTAGGTC,WC42,GATAGTGTTC,NA,JP208_P2,mouse,CC1_CC2_CC3_CC4,CONF_CONF_nonCONF_nonCONF,no
JP208_PC736_WC43,JP208,NA,NA,PC736,ATAGTAGGTC,WC43,TAGCTACCAG,NA,JP208_P2,mouse,CC1_CC2_CC3_CC4,CONF_CONF_nonCONF_nonCONF,no
JP208_PC736_WC44,JP208,NA,NA,PC736,ATAGTAGGTC,WC44,TGCTCACGCA,NA,JP208_P2,mouse,CC1_CC2_CC3_CC4,CONF_CONF_nonCONF_nonCONF,no
JP208_PC736_WC45,JP208,NA,NA,PC736,ATAGTAGGTC,WC45,AAGTGTGCTA,NA,JP208_P2,mouse,CC1_CC2_CC3_CC4,CONF_CONF_nonCONF_nonCONF,no
JP208_PC736_WC46,JP208,NA,NA,PC736,ATAGTAGGTC,WC46,TCATCGTCTG,NA,JP208_P2,mouse,CC1_CC2_CC3_CC4,CONF_CONF_nonCONF_nonCONF,no
JP208_PC736_WC47,JP208,NA,NA,PC736,ATAGTAGGTC,WC47,AGATGCTCCG,NA,JP208_P2,mouse,CC1_CC2_CC3_CC4,CONF_CONF_nonCONF_nonCONF,no
JP208_PC736_WC48,JP208,NA,NA,PC736,ATAGTAGGTC,WC48,GAACCAAGCG,NA,JP208_P2,mouse,CC1_CC2_CC3_CC4,CONF_CONF_nonCONF_nonCONF,no
JP208_PC736_WC49,JP208,NA,NA,PC736,ATAGTAGGTC,WC49,CCTCTTCAAG,NA,JP208_P2,mouse,CC1_CC2_CC3_CC4,CONF_CONF_nonCONF_nonCONF,no
JP208_PC736_WC50,JP208,NA,NA,PC736,ATAGTAGGTC,WC50,CGTCGCATCT,NA,JP208_P2,mouse,CC1_CC2_CC3_CC4,CONF_CONF_nonCONF_nonCONF,no
JP208_PC736_WC51,JP208,NA,NA,PC736,ATAGTAGGTC,WC51,CCGAACGTTC,NA,JP208_P2,mouse,CC1_CC2_CC3_CC4,CONF_CONF_nonCONF_nonCONF,no
JP208_PC736_WC52,JP208,NA,NA,PC736,ATAGTAGGTC,WC52,GAATGGCGTT,NA,JP208_P2,mouse,CC1_CC2_CC3_CC4,CONF_CONF_nonCONF_nonCONF,no
JP208_PC736_WC53,JP208,NA,NA,PC736,ATAGTAGGTC,WC53,AAGTTCAGGA,NA,JP208_P2,mouse,CC1_CC2_CC3_CC4,CONF_CONF_nonCONF_nonCONF,no
JP208_PC736_WC54,JP208,NA,NA,PC736,ATAGTAGGTC,WC54,GACCAATTGT,NA,JP208_P2,mouse,CC1_CC2_CC3_CC4,CONF_CONF_nonCONF_nonCONF,no
JP208_PC736_WC55,JP208,NA,NA,PC736,ATAGTAGGTC,WC55,TGTCTGTGAC,NA,JP208_P2,mouse,CC1_CC2_CC3_CC4,CONF_CONF_nonCONF_nonCONF,no
JP208_PC736_WC56,JP208,NA,NA,PC736,ATAGTAGGTC,WC56,GAACATTGGC,NA,JP208_P2,mouse,CC1_CC2_CC3_CC4,CONF_CONF_nonCONF_nonCONF,no
JP208_PC736_WC57,JP208,NA,NA,PC736,ATAGTAGGTC,WC57,CGTAACACTA,NA,JP208_P2,mouse,CC1_CC2_CC3_CC4,CONF_CONF_nonCONF_nonCONF,no
JP208_PC736_WC58,JP208,NA,NA,PC736,ATAGTAGGTC,WC58,GTACTTCCAA,NA,JP208_P2,mouse,CC1_CC2_CC3_CC4,CONF_CONF_nonCONF_nonCONF,no
JP208_PC736_WC59,JP208,NA,NA,PC736,ATAGTAGGTC,WC59,TTAGCGTCTT,NA,JP208_P2,mouse,CC1_CC2_CC3_CC4,CONF_CONF_nonCONF_nonCONF,no
JP208_PC736_WC60,JP208,NA,NA,PC736,ATAGTAGGTC,WC60,TTGACCGTCT,NA,JP208_P2,mouse,CC1_CC2_CC3_CC4,CONF_CONF_nonCONF_nonCONF,no
JP208_PC736_WC61,JP208,NA,NA,PC736,ATAGTAGGTC,WC61,ACGGCTTCTC,NA,JP208_P2,mouse,CC1_CC2_CC3_CC4,CONF_CONF_nonCONF_nonCONF,no
JP208_PC736_WC62,JP208,NA,NA,PC736,ATAGTAGGTC,WC62,TGCGATGTAT,NA,JP208_P2,mouse,CC1_CC2_CC3_CC4,CONF_CONF_nonCONF_nonCONF,no
JP208_PC736_WC63,JP208,NA,NA,PC736,ATAGTAGGTC,WC63,GCGTTCAGCA,NA,JP208_P2,mouse,CC1_CC2_CC3_CC4,CONF_CONF_nonCONF_nonCONF,no
JP208_PC736_WC64,JP208,NA,NA,PC736,ATAGTAGGTC,WC64,GCCTAGGAAG,NA,JP208_P2,mouse,CC1_CC2_CC3_CC4,CONF_CONF_nonCONF_nonCONF,no
JP208_PC736_WC65,JP208,NA,NA,PC736,ATAGTAGGTC,WC65,GTTACCAACG,NA,JP208_P2,mouse,CC1_CC2_CC3_CC4,CONF_CONF_nonCONF_nonCONF,no
JP208_PC736_WC66,JP208,NA,NA,PC736,ATAGTAGGTC,WC66,ACGAACCAAG,NA,JP208_P2,mouse,CC1_CC2_CC3_CC4,CONF_CONF_nonCONF_nonCONF,no
JP208_PC736_WC67,JP208,NA,NA,PC736,ATAGTAGGTC,WC67,CACGCAAGTC,NA,JP208_P2,mouse,CC1_CC2_CC3_CC4,CONF_CONF_nonCONF_nonCONF,no
JP208_PC736_WC68,JP208,NA,NA,PC736,ATAGTAGGTC,WC68,GCTGGAGAAG,NA,JP208_P2,mouse,CC1_CC2_CC3_CC4,CONF_CONF_nonCONF_nonCONF,no
JP208_PC736_WC69,JP208,NA,NA,PC736,ATAGTAGGTC,WC69,CCAGTGTACG,NA,JP208_P2,mouse,CC1_CC2_CC3_CC4,CONF_CONF_nonCONF_nonCONF,no
JP208_PC736_WC70,JP208,NA,NA,PC736,ATAGTAGGTC,WC70,GTTGATGCGA,NA,JP208_P2,mouse,CC1_CC2_CC3_CC4,CONF_CONF_nonCONF_nonCONF,no
JP208_PC736_WC71,JP208,NA,NA,PC736,ATAGTAGGTC,WC71,CGCTTGTTAT,NA,JP208_P2,mouse,CC1_CC2_CC3_CC4,CONF_CONF_nonCONF_nonCONF,no
JP208_PC736_WC72,JP208,NA,NA,PC736,ATAGTAGGTC,WC72,GTAACGTTCA,NA,JP208_P2,mouse,CC1_CC2_CC3_CC4,CONF_CONF_nonCONF_nonCONF,no
JP208_PC736_WC73,JP208,NA,NA,PC736,ATAGTAGGTC,WC73,CCGAGTCTTC,NA,JP208_P2,mouse,CC1_CC2_CC3_CC4,CONF_CONF_nonCONF_nonCONF,no
JP208_PC736_WC74,JP208,NA,NA,PC736,ATAGTAGGTC,WC74,TATTGCGCTA,NA,JP208_P2,mouse,CC1_CC2_CC3_CC4,CONF_CONF_nonCONF_nonCONF,no
JP208_PC736_WC75,JP208,NA,NA,PC736,ATAGTAGGTC,WC75,TGTGGTCTAA,NA,JP208_P2,mouse,CC1_CC2_CC3_CC4,CONF_CONF_nonCONF_nonCONF,no
JP208_PC736_WC76,JP208,NA,NA,PC736,ATAGTAGGTC,WC76,CACGTCTACG,NA,JP208_P2,mouse,CC1_CC2_CC3_CC4,CONF_CONF_nonCONF_nonCONF,no
JP208_PC736_WC77,JP208,NA,NA,PC736,ATAGTAGGTC,WC77,AGTCCAGTGA,NA,JP208_P2,mouse,CC1_CC2_CC3_CC4,CONF_CONF_nonCONF_nonCONF,no
JP208_PC736_WC78,JP208,NA,NA,PC736,ATAGTAGGTC,WC78,ATGCTTGGTC,NA,JP208_P2,mouse,CC1_CC2_CC3_CC4,CONF_CONF_nonCONF_nonCONF,no
JP208_PC736_WC79,JP208,NA,NA,PC736,ATAGTAGGTC,WC79,TGATACTCGC,NA,JP208_P2,mouse,CC1_CC2_CC3_CC4,CONF_CONF_nonCONF_nonCONF,no
JP208_PC736_WC80,JP208,NA,NA,PC736,ATAGTAGGTC,WC80,TTATCGAGAG,NA,JP208_P2,mouse,CC1_CC2_CC3_CC4,CONF_CONF_nonCONF_nonCONF,no
JP208_PC736_WC81,JP208,NA,NA,PC736,ATAGTAGGTC,WC81,TGCCAGTATT,NA,JP208_P2,mouse,CC1_CC2_CC3_CC4,CONF_CONF_nonCONF_nonCONF,no
JP208_PC736_WC82,JP208,NA,NA,PC736,ATAGTAGGTC,WC82,GAGTTGCATA,NA,JP208_P2,mouse,CC1_CC2_CC3_CC4,CONF_CONF_nonCONF_nonCONF,no
JP208_PC736_WC83,JP208,NA,NA,PC736,ATAGTAGGTC,WC83,ACACTAGCAT,NA,JP208_P2,mouse,CC1_CC2_CC3_CC4,CONF_CONF_nonCONF_nonCONF,no
JP208_PC736_WC84,JP208,NA,NA,PC736,ATAGTAGGTC,WC84,GTTCTAATGG,NA,JP208_P2,mouse,CC1_CC2_CC3_CC4,CONF_CONF_nonCONF_nonCONF,no
JP208_PC736_WC85,JP208,NA,NA,PC736,ATAGTAGGTC,WC85,CGTTCACGTT,NA,JP208_P2,mouse,CC1_CC2_CC3_CC4,CONF_CONF_nonCONF_nonCONF,no
JP208_PC736_WC86,JP208,NA,NA,PC736,ATAGTAGGTC,WC86,GACTGCGTTA,NA,JP208_P2,mouse,CC1_CC2_CC3_CC4,CONF_CONF_nonCONF_nonCONF,no
JP208_PC736_WC87,JP208,NA,NA,PC736,ATAGTAGGTC,WC87,TGGCTTATGG,NA,JP208_P2,mouse,CC1_CC2_CC3_CC4,CONF_CONF_nonCONF_nonCONF,no
JP208_PC736_WC88,JP208,NA,NA,PC736,ATAGTAGGTC,WC88,TCAGAGGCAC,NA,JP208_P2,mouse,CC1_CC2_CC3_CC4,CONF_CONF_nonCONF_nonCONF,no
JP208_PC736_WC89,JP208,NA,NA,PC736,ATAGTAGGTC,WC89,CGCTAGGCTA,NA,JP208_P2,mouse,CC1_CC2_CC3_CC4,CONF_CONF_nonCONF_nonCONF,no
JP208_PC736_WC90,JP208,NA,NA,PC736,ATAGTAGGTC,WC90,AACCGTAACA,NA,JP208_P2,mouse,CC1_CC2_CC3_CC4,CONF_CONF_nonCONF_nonCONF,no
JP208_PC736_WC91,JP208,NA,NA,PC736,ATAGTAGGTC,WC91,CTTGGTATGA,NA,JP208_P2,mouse,CC1_CC2_CC3_CC4,CONF_CONF_nonCONF_nonCONF,no
JP208_PC736_WC92,JP208,NA,NA,PC736,ATAGTAGGTC,WC92,TGTAGATCCG,NA,JP208_P2,mouse,CC1_CC2_CC3_CC4,CONF_CONF_nonCONF_nonCONF,no
JP208_PC736_WC93,JP208,NA,NA,PC736,ATAGTAGGTC,WC93,AACTCTACCG,NA,JP208_P2,mouse,CC1_CC2_CC3_CC4,CONF_CONF_nonCONF_nonCONF,no
JP208_PC736_WC94,JP208,NA,NA,PC736,ATAGTAGGTC,WC94,CGTGACATTC,NA,JP208_P2,mouse,CC1_CC2_CC3_CC4,CONF_CONF_nonCONF_nonCONF,no
JP208_PC736_WC95,JP208,NA,NA,PC736,ATAGTAGGTC,WC95,CTGTACCAGG,NA,JP208_P2,mouse,CC1_CC2_CC3_CC4,CONF_CONF_nonCONF_nonCONF,no
JP208_PC736_WC96,JP208,NA,NA,PC736,ATAGTAGGTC,WC96,ACTGGTTCCG,NA,JP208_P2,mouse,CC1_CC2_CC3_CC4,CONF_CONF_nonCONF_nonCONF,no
JP208_PC737_WC1,JP208,NA,NA,PC737,GACGTCTCGT,WC1,GTCGTGAATC,NA,JP208_P3,mouse,CC1_CC2_CC3_CC4,CONF_nonCONF_nonCONF_nonCONF,no
JP208_PC737_WC2,JP208,NA,NA,PC737,GACGTCTCGT,WC2,CTGTTCTACG,NA,JP208_P3,mouse,CC1_CC2_CC3_CC4,CONF_nonCONF_nonCONF_nonCONF,no
JP208_PC737_WC3,JP208,NA,NA,PC737,GACGTCTCGT,WC3,GCTCTTAGGT,NA,JP208_P3,mouse,CC1_CC2_CC3_CC4,CONF_nonCONF_nonCONF_nonCONF,no
JP208_PC737_WC4,JP208,NA,NA,PC737,GACGTCTCGT,WC4,TAGAAGCCAT,NA,JP208_P3,mouse,CC1_CC2_CC3_CC4,CONF_nonCONF_nonCONF_nonCONF,no
JP208_PC737_WC5,JP208,NA,NA,PC737,GACGTCTCGT,WC5,CACTTAGGTA,NA,JP208_P3,mouse,CC1_CC2_CC3_CC4,CONF_nonCONF_nonCONF_nonCONF,no
JP208_PC737_WC6,JP208,NA,NA,PC737,GACGTCTCGT,WC6,ATAGGTAAGG,NA,JP208_P3,mouse,CC1_CC2_CC3_CC4,CONF_nonCONF_nonCONF_nonCONF,no
JP208_PC737_WC7,JP208,NA,NA,PC737,GACGTCTCGT,WC7,CGCCTTATAT,NA,JP208_P3,mouse,CC1_CC2_CC3_CC4,CONF_nonCONF_nonCONF_nonCONF,no
JP208_PC737_WC8,JP208,NA,NA,PC737,GACGTCTCGT,WC8,GCACGATGCT,NA,JP208_P3,mouse,CC1_CC2_CC3_CC4,CONF_nonCONF_nonCONF_nonCONF,no
JP208_PC737_WC9,JP208,NA,NA,PC737,GACGTCTCGT,WC9,AATATGCCAG,NA,JP208_P3,mouse,CC1_CC2_CC3_CC4,CONF_nonCONF_nonCONF_nonCONF,no
JP208_PC737_WC10,JP208,NA,NA,PC737,GACGTCTCGT,WC10,TAGAGTCACG,NA,JP208_P3,mouse,CC1_CC2_CC3_CC4,CONF_nonCONF_nonCONF_nonCONF,no
JP208_PC737_WC11,JP208,NA,NA,PC737,GACGTCTCGT,WC11,TTAACAGGTC,NA,JP208_P3,mouse,CC1_CC2_CC3_CC4,CONF_nonCONF_nonCONF_nonCONF,no
JP208_PC737_WC12,JP208,NA,NA,PC737,GACGTCTCGT,WC12,ACATGAGCCA,NA,JP208_P3,mouse,CC1_CC2_CC3_CC4,CONF_nonCONF_nonCONF_nonCONF,no
JP208_PC737_WC13,JP208,NA,NA,PC737,GACGTCTCGT,WC13,GCGAGGTTCT,NA,JP208_P3,mouse,CC1_CC2_CC3_CC4,CONF_nonCONF_nonCONF_nonCONF,no
JP208_PC737_WC14,JP208,NA,NA,PC737,GACGTCTCGT,WC14,TGTCCGTAGG,NA,JP208_P3,mouse,CC1_CC2_CC3_CC4,CONF_nonCONF_nonCONF_nonCONF,no
JP208_PC737_WC15,JP208,NA,NA,PC737,GACGTCTCGT,WC15,CATTATGCCT,NA,JP208_P3,mouse,CC1_CC2_CC3_CC4,CONF_nonCONF_nonCONF_nonCONF,no
JP208_PC737_WC16,JP208,NA,NA,PC737,GACGTCTCGT,WC16,TCCACTGTTG,NA,JP208_P3,mouse,CC1_CC2_CC3_CC4,CONF_nonCONF_nonCONF_nonCONF,no
JP208_PC737_WC17,JP208,NA,NA,PC737,GACGTCTCGT,WC17,CTTAACGACA,NA,JP208_P3,mouse,CC1_CC2_CC3_CC4,CONF_nonCONF_nonCONF_nonCONF,no
JP208_PC737_WC18,JP208,NA,NA,PC737,GACGTCTCGT,WC18,TCCTCGAGCT,NA,JP208_P3,mouse,CC1_CC2_CC3_CC4,CONF_nonCONF_nonCONF_nonCONF,no
JP208_PC737_WC19,JP208,NA,NA,PC737,GACGTCTCGT,WC19,CGAGTAATGT,NA,JP208_P3,mouse,CC1_CC2_CC3_CC4,CONF_nonCONF_nonCONF_nonCONF,no
JP208_PC737_WC20,JP208,NA,NA,PC737,GACGTCTCGT,WC20,CATACCGCTG,NA,JP208_P3,mouse,CC1_CC2_CC3_CC4,CONF_nonCONF_nonCONF_nonCONF,no
JP208_PC737_WC21,JP208,NA,NA,PC737,GACGTCTCGT,WC21,GCTACTTGCA,NA,JP208_P3,mouse,CC1_CC2_CC3_CC4,CONF_nonCONF_nonCONF_nonCONF,no
JP208_PC737_WC22,JP208,NA,NA,PC737,GACGTCTCGT,WC22,GCTATTGAAG,NA,JP208_P3,mouse,CC1_CC2_CC3_CC4,CONF_nonCONF_nonCONF_nonCONF,no
JP208_PC737_WC23,JP208,NA,NA,PC737,GACGTCTCGT,WC23,TCAGCATCCG,NA,JP208_P3,mouse,CC1_CC2_CC3_CC4,CONF_nonCONF_nonCONF_nonCONF,no
JP208_PC737_WC24,JP208,NA,NA,PC737,GACGTCTCGT,WC24,TAGGTGGTGG,NA,JP208_P3,mouse,CC1_CC2_CC3_CC4,CONF_nonCONF_nonCONF_nonCONF,no
JP208_PC737_WC25,JP208,NA,NA,PC737,GACGTCTCGT,WC25,AAGATCGGAT,NA,JP208_P3,mouse,CC1_CC2_CC3_CC4,CONF_nonCONF_nonCONF_nonCONF,no
JP208_PC737_WC26,JP208,NA,NA,PC737,GACGTCTCGT,WC26,TTAACGTCCG,NA,JP208_P3,mouse,CC1_CC2_CC3_CC4,CONF_nonCONF_nonCONF_nonCONF,no
JP208_PC737_WC27,JP208,NA,NA,PC737,GACGTCTCGT,WC27,ATTACCGATC,NA,JP208_P3,mouse,CC1_CC2_CC3_CC4,CONF_nonCONF_nonCONF_nonCONF,no
JP208_PC737_WC28,JP208,NA,NA,PC737,GACGTCTCGT,WC28,GTTGCATCGT,NA,JP208_P3,mouse,CC1_CC2_CC3_CC4,CONF_nonCONF_nonCONF_nonCONF,no
JP208_PC737_WC29,JP208,NA,NA,PC737,GACGTCTCGT,WC29,ACTGGACGTT,NA,JP208_P3,mouse,CC1_CC2_CC3_CC4,CONF_nonCONF_nonCONF_nonCONF,no
JP208_PC737_WC30,JP208,NA,NA,PC737,GACGTCTCGT,WC30,TTGTTCGTGT,NA,JP208_P3,mouse,CC1_CC2_CC3_CC4,CONF_nonCONF_nonCONF_nonCONF,no
JP208_PC737_WC31,JP208,NA,NA,PC737,GACGTCTCGT,WC31,ACGGACTGAG,NA,JP208_P3,mouse,CC1_CC2_CC3_CC4,CONF_nonCONF_nonCONF_nonCONF,no
JP208_PC737_WC32,JP208,NA,NA,PC737,GACGTCTCGT,WC32,CACCGTCATA,NA,JP208_P3,mouse,CC1_CC2_CC3_CC4,CONF_nonCONF_nonCONF_nonCONF,no
JP208_PC737_WC33,JP208,NA,NA,PC737,GACGTCTCGT,WC33,GTAGTTGTGT,NA,JP208_P3,mouse,CC1_CC2_CC3_CC4,CONF_nonCONF_nonCONF_nonCONF,no
JP208_PC737_WC34,JP208,NA,NA,PC737,GACGTCTCGT,WC34,CTGAGTCCTT,NA,JP208_P3,mouse,CC1_CC2_CC3_CC4,CONF_nonCONF_nonCONF_nonCONF,no
JP208_PC737_WC35,JP208,NA,NA,PC737,GACGTCTCGT,WC35,TCACAGTTGC,NA,JP208_P3,mouse,CC1_CC2_CC3_CC4,CONF_nonCONF_nonCONF_nonCONF,no
JP208_PC737_WC36,JP208,NA,NA,PC737,GACGTCTCGT,WC36,ATTGTAAGCG,NA,JP208_P3,mouse,CC1_CC2_CC3_CC4,CONF_nonCONF_nonCONF_nonCONF,no
JP208_PC737_WC37,JP208,NA,NA,PC737,GACGTCTCGT,WC37,CGGTCTCTCT,NA,JP208_P3,mouse,CC1_CC2_CC3_CC4,CONF_nonCONF_nonCONF_nonCONF,no
JP208_PC737_WC38,JP208,NA,NA,PC737,GACGTCTCGT,WC38,AACAGCAATG,NA,JP208_P3,mouse,CC1_CC2_CC3_CC4,CONF_nonCONF_nonCONF_nonCONF,no
JP208_PC737_WC39,JP208,NA,NA,PC737,GACGTCTCGT,WC39,TCCGTGTTGC,NA,JP208_P3,mouse,CC1_CC2_CC3_CC4,CONF_nonCONF_nonCONF_nonCONF,no
JP208_PC737_WC40,JP208,NA,NA,PC737,GACGTCTCGT,WC40,TGCGAAGTGA,NA,JP208_P3,mouse,CC1_CC2_CC3_CC4,CONF_nonCONF_nonCONF_nonCONF,no
JP208_PC737_WC41,JP208,NA,NA,PC737,GACGTCTCGT,WC41,CACAGCTATT,NA,JP208_P3,mouse,CC1_CC2_CC3_CC4,CONF_nonCONF_nonCONF_nonCONF,no
JP208_PC737_WC42,JP208,NA,NA,PC737,GACGTCTCGT,WC42,GATAGTGTTC,NA,JP208_P3,mouse,CC1_CC2_CC3_CC4,CONF_nonCONF_nonCONF_nonCONF,no
JP208_PC737_WC43,JP208,NA,NA,PC737,GACGTCTCGT,WC43,TAGCTACCAG,NA,JP208_P3,mouse,CC1_CC2_CC3_CC4,CONF_nonCONF_nonCONF_nonCONF,no
JP208_PC737_WC44,JP208,NA,NA,PC737,GACGTCTCGT,WC44,TGCTCACGCA,NA,JP208_P3,mouse,CC1_CC2_CC3_CC4,CONF_nonCONF_nonCONF_nonCONF,no
JP208_PC737_WC45,JP208,NA,NA,PC737,GACGTCTCGT,WC45,AAGTGTGCTA,NA,JP208_P3,mouse,CC1_CC2_CC3_CC4,CONF_nonCONF_nonCONF_nonCONF,no
JP208_PC737_WC46,JP208,NA,NA,PC737,GACGTCTCGT,WC46,TCATCGTCTG,NA,JP208_P3,mouse,CC1_CC2_CC3_CC4,CONF_nonCONF_nonCONF_nonCONF,no
JP208_PC737_WC47,JP208,NA,NA,PC737,GACGTCTCGT,WC47,AGATGCTCCG,NA,JP208_P3,mouse,CC1_CC2_CC3_CC4,CONF_nonCONF_nonCONF_nonCONF,no
JP208_PC737_WC48,JP208,NA,NA,PC737,GACGTCTCGT,WC48,GAACCAAGCG,NA,JP208_P3,mouse,CC1_CC2_CC3_CC4,CONF_nonCONF_nonCONF_nonCONF,no
JP208_PC737_WC49,JP208,NA,NA,PC737,GACGTCTCGT,WC49,CCTCTTCAAG,NA,JP208_P3,mouse,CC1_CC2_CC3_CC4,CONF_nonCONF_nonCONF_nonCONF,no
JP208_PC737_WC50,JP208,NA,NA,PC737,GACGTCTCGT,WC50,CGTCGCATCT,NA,JP208_P3,mouse,CC1_CC2_CC3_CC4,CONF_nonCONF_nonCONF_nonCONF,no
JP208_PC737_WC51,JP208,NA,NA,PC737,GACGTCTCGT,WC51,CCGAACGTTC,NA,JP208_P3,mouse,CC1_CC2_CC3_CC4,CONF_nonCONF_nonCONF_nonCONF,no
JP208_PC737_WC52,JP208,NA,NA,PC737,GACGTCTCGT,WC52,GAATGGCGTT,NA,JP208_P3,mouse,CC1_CC2_CC3_CC4,CONF_nonCONF_nonCONF_nonCONF,no
JP208_PC737_WC53,JP208,NA,NA,PC737,GACGTCTCGT,WC53,AAGTTCAGGA,NA,JP208_P3,mouse,CC1_CC2_CC3_CC4,CONF_nonCONF_nonCONF_nonCONF,no
JP208_PC737_WC54,JP208,NA,NA,PC737,GACGTCTCGT,WC54,GACCAATTGT,NA,JP208_P3,mouse,CC1_CC2_CC3_CC4,CONF_nonCONF_nonCONF_nonCONF,no
JP208_PC737_WC55,JP208,NA,NA,PC737,GACGTCTCGT,WC55,TGTCTGTGAC,NA,JP208_P3,mouse,CC1_CC2_CC3_CC4,CONF_nonCONF_nonCONF_nonCONF,no
JP208_PC737_WC56,JP208,NA,NA,PC737,GACGTCTCGT,WC56,GAACATTGGC,NA,JP208_P3,mouse,CC1_CC2_CC3_CC4,CONF_nonCONF_nonCONF_nonCONF,no
JP208_PC737_WC57,JP208,NA,NA,PC737,GACGTCTCGT,WC57,CGTAACACTA,NA,JP208_P3,mouse,CC1_CC2_CC3_CC4,CONF_nonCONF_nonCONF_nonCONF,no
JP208_PC737_WC58,JP208,NA,NA,PC737,GACGTCTCGT,WC58,GTACTTCCAA,NA,JP208_P3,mouse,CC1_CC2_CC3_CC4,CONF_nonCONF_nonCONF_nonCONF,no
JP208_PC737_WC59,JP208,NA,NA,PC737,GACGTCTCGT,WC59,TTAGCGTCTT,NA,JP208_P3,mouse,CC1_CC2_CC3_CC4,CONF_nonCONF_nonCONF_nonCONF,no
JP208_PC737_WC60,JP208,NA,NA,PC737,GACGTCTCGT,WC60,TTGACCGTCT,NA,JP208_P3,mouse,CC1_CC2_CC3_CC4,CONF_nonCONF_nonCONF_nonCONF,no
JP208_PC737_WC61,JP208,NA,NA,PC737,GACGTCTCGT,WC61,ACGGCTTCTC,NA,JP208_P3,mouse,CC1_CC2_CC3_CC4,CONF_nonCONF_nonCONF_nonCONF,no
JP208_PC737_WC62,JP208,NA,NA,PC737,GACGTCTCGT,WC62,TGCGATGTAT,NA,JP208_P3,mouse,CC1_CC2_CC3_CC4,CONF_nonCONF_nonCONF_nonCONF,no
JP208_PC737_WC63,JP208,NA,NA,PC737,GACGTCTCGT,WC63,GCGTTCAGCA,NA,JP208_P3,mouse,CC1_CC2_CC3_CC4,CONF_nonCONF_nonCONF_nonCONF,no
JP208_PC737_WC64,JP208,NA,NA,PC737,GACGTCTCGT,WC64,GCCTAGGAAG,NA,JP208_P3,mouse,CC1_CC2_CC3_CC4,CONF_nonCONF_nonCONF_nonCONF,no
JP208_PC737_WC65,JP208,NA,NA,PC737,GACGTCTCGT,WC65,GTTACCAACG,NA,JP208_P3,mouse,CC1_CC2_CC3_CC4,CONF_nonCONF_nonCONF_nonCONF,no
JP208_PC737_WC66,JP208,NA,NA,PC737,GACGTCTCGT,WC66,ACGAACCAAG,NA,JP208_P3,mouse,CC1_CC2_CC3_CC4,CONF_nonCONF_nonCONF_nonCONF,no
JP208_PC737_WC67,JP208,NA,NA,PC737,GACGTCTCGT,WC67,CACGCAAGTC,NA,JP208_P3,mouse,CC1_CC2_CC3_CC4,CONF_nonCONF_nonCONF_nonCONF,no
JP208_PC737_WC68,JP208,NA,NA,PC737,GACGTCTCGT,WC68,GCTGGAGAAG,NA,JP208_P3,mouse,CC1_CC2_CC3_CC4,CONF_nonCONF_nonCONF_nonCONF,no
JP208_PC737_WC69,JP208,NA,NA,PC737,GACGTCTCGT,WC69,CCAGTGTACG,NA,JP208_P3,mouse,CC1_CC2_CC3_CC4,CONF_nonCONF_nonCONF_nonCONF,no
JP208_PC737_WC70,JP208,NA,NA,PC737,GACGTCTCGT,WC70,GTTGATGCGA,NA,JP208_P3,mouse,CC1_CC2_CC3_CC4,CONF_nonCONF_nonCONF_nonCONF,no
JP208_PC737_WC71,JP208,NA,NA,PC737,GACGTCTCGT,WC71,CGCTTGTTAT,NA,JP208_P3,mouse,CC1_CC2_CC3_CC4,CONF_nonCONF_nonCONF_nonCONF,no
JP208_PC737_WC72,JP208,NA,NA,PC737,GACGTCTCGT,WC72,GTAACGTTCA,NA,JP208_P3,mouse,CC1_CC2_CC3_CC4,CONF_nonCONF_nonCONF_nonCONF,no
JP208_PC737_WC73,JP208,NA,NA,PC737,GACGTCTCGT,WC73,CCGAGTCTTC,NA,JP208_P3,mouse,CC1_CC2_CC3_CC4,CONF_nonCONF_nonCONF_nonCONF,no
JP208_PC737_WC74,JP208,NA,NA,PC737,GACGTCTCGT,WC74,TATTGCGCTA,NA,JP208_P3,mouse,CC1_CC2_CC3_CC4,CONF_nonCONF_nonCONF_nonCONF,no
JP208_PC737_WC75,JP208,NA,NA,PC737,GACGTCTCGT,WC75,TGTGGTCTAA,NA,JP208_P3,mouse,CC1_CC2_CC3_CC4,CONF_nonCONF_nonCONF_nonCONF,no
JP208_PC737_WC76,JP208,NA,NA,PC737,GACGTCTCGT,WC76,CACGTCTACG,NA,JP208_P3,mouse,CC1_CC2_CC3_CC4,CONF_nonCONF_nonCONF_nonCONF,no
JP208_PC737_WC77,JP208,NA,NA,PC737,GACGTCTCGT,WC77,AGTCCAGTGA,NA,JP208_P3,mouse,CC1_CC2_CC3_CC4,CONF_nonCONF_nonCONF_nonCONF,no
JP208_PC737_WC78,JP208,NA,NA,PC737,GACGTCTCGT,WC78,ATGCTTGGTC,NA,JP208_P3,mouse,CC1_CC2_CC3_CC4,CONF_nonCONF_nonCONF_nonCONF,no
JP208_PC737_WC79,JP208,NA,NA,PC737,GACGTCTCGT,WC79,TGATACTCGC,NA,JP208_P3,mouse,CC1_CC2_CC3_CC4,CONF_nonCONF_nonCONF_nonCONF,no
JP208_PC737_WC80,JP208,NA,NA,PC737,GACGTCTCGT,WC80,TTATCGAGAG,NA,JP208_P3,mouse,CC1_CC2_CC3_CC4,CONF_nonCONF_nonCONF_nonCONF,no
JP208_PC737_WC81,JP208,NA,NA,PC737,GACGTCTCGT,WC81,TGCCAGTATT,NA,JP208_P3,mouse,CC1_CC2_CC3_CC4,CONF_nonCONF_nonCONF_nonCONF,no
JP208_PC737_WC82,JP208,NA,NA,PC737,GACGTCTCGT,WC82,GAGTTGCATA,NA,JP208_P3,mouse,CC1_CC2_CC3_CC4,CONF_nonCONF_nonCONF_nonCONF,no
JP208_PC737_WC83,JP208,NA,NA,PC737,GACGTCTCGT,WC83,ACACTAGCAT,NA,JP208_P3,mouse,CC1_CC2_CC3_CC4,CONF_nonCONF_nonCONF_nonCONF,no
JP208_PC737_WC84,JP208,NA,NA,PC737,GACGTCTCGT,WC84,GTTCTAATGG,NA,JP208_P3,mouse,CC1_CC2_CC3_CC4,CONF_nonCONF_nonCONF_nonCONF,no
JP208_PC737_WC85,JP208,NA,NA,PC737,GACGTCTCGT,WC85,CGTTCACGTT,NA,JP208_P3,mouse,CC1_CC2_CC3_CC4,CONF_nonCONF_nonCONF_nonCONF,no
JP208_PC737_WC86,JP208,NA,NA,PC737,GACGTCTCGT,WC86,GACTGCGTTA,NA,JP208_P3,mouse,CC1_CC2_CC3_CC4,CONF_nonCONF_nonCONF_nonCONF,no
JP208_PC737_WC87,JP208,NA,NA,PC737,GACGTCTCGT,WC87,TGGCTTATGG,NA,JP208_P3,mouse,CC1_CC2_CC3_CC4,CONF_nonCONF_nonCONF_nonCONF,no
JP208_PC737_WC88,JP208,NA,NA,PC737,GACGTCTCGT,WC88,TCAGAGGCAC,NA,JP208_P3,mouse,CC1_CC2_CC3_CC4,CONF_nonCONF_nonCONF_nonCONF,no
JP208_PC737_WC89,JP208,NA,NA,PC737,GACGTCTCGT,WC89,CGCTAGGCTA,NA,JP208_P3,mouse,CC1_CC2_CC3_CC4,CONF_nonCONF_nonCONF_nonCONF,no
JP208_PC737_WC90,JP208,NA,NA,PC737,GACGTCTCGT,WC90,AACCGTAACA,NA,JP208_P3,mouse,CC1_CC2_CC3_CC4,CONF_nonCONF_nonCONF_nonCONF,no
JP208_PC737_WC91,JP208,NA,NA,PC737,GACGTCTCGT,WC91,CTTGGTATGA,NA,JP208_P3,mouse,CC1_CC2_CC3_CC4,CONF_nonCONF_nonCONF_nonCONF,no
JP208_PC737_WC92,JP208,NA,NA,PC737,GACGTCTCGT,WC92,TGTAGATCCG,NA,JP208_P3,mouse,CC1_CC2_CC3_CC4,CONF_nonCONF_nonCONF_nonCONF,no
JP208_PC737_WC93,JP208,NA,NA,PC737,GACGTCTCGT,WC93,AACTCTACCG,NA,JP208_P3,mouse,CC1_CC2_CC3_CC4,CONF_nonCONF_nonCONF_nonCONF,no
JP208_PC737_WC94,JP208,NA,NA,PC737,GACGTCTCGT,WC94,CGTGACATTC,NA,JP208_P3,mouse,CC1_CC2_CC3_CC4,CONF_nonCONF_nonCONF_nonCONF,no
JP208_PC737_WC95,JP208,NA,NA,PC737,GACGTCTCGT,WC95,CTGTACCAGG,NA,JP208_P3,mouse,CC1_CC2_CC3_CC4,CONF_nonCONF_nonCONF_nonCONF,no
JP208_PC737_WC96,JP208,NA,NA,PC737,GACGTCTCGT,WC96,ACTGGTTCCG,NA,JP208_P3,mouse,CC1_CC2_CC3_CC4,CONF_nonCONF_nonCONF_nonCONF,no
JP208_PC738_WC1,JP208,NA,NA,PC738,GCTTGCCATA,WC1,GTCGTGAATC,NA,JP208_P4,mouse,CC1_CC2_CC3_CC4,CONF_nonCONF_nonCONF_CONF,no
JP208_PC738_WC2,JP208,NA,NA,PC738,GCTTGCCATA,WC2,CTGTTCTACG,NA,JP208_P4,mouse,CC1_CC2_CC3_CC4,CONF_nonCONF_nonCONF_CONF,no
JP208_PC738_WC3,JP208,NA,NA,PC738,GCTTGCCATA,WC3,GCTCTTAGGT,NA,JP208_P4,mouse,CC1_CC2_CC3_CC4,CONF_nonCONF_nonCONF_CONF,no
JP208_PC738_WC4,JP208,NA,NA,PC738,GCTTGCCATA,WC4,TAGAAGCCAT,NA,JP208_P4,mouse,CC1_CC2_CC3_CC4,CONF_nonCONF_nonCONF_CONF,no
JP208_PC738_WC5,JP208,NA,NA,PC738,GCTTGCCATA,WC5,CACTTAGGTA,NA,JP208_P4,mouse,CC1_CC2_CC3_CC4,CONF_nonCONF_nonCONF_CONF,no
JP208_PC738_WC6,JP208,NA,NA,PC738,GCTTGCCATA,WC6,ATAGGTAAGG,NA,JP208_P4,mouse,CC1_CC2_CC3_CC4,CONF_nonCONF_nonCONF_CONF,no
JP208_PC738_WC7,JP208,NA,NA,PC738,GCTTGCCATA,WC7,CGCCTTATAT,NA,JP208_P4,mouse,CC1_CC2_CC3_CC4,CONF_nonCONF_nonCONF_CONF,no
JP208_PC738_WC8,JP208,NA,NA,PC738,GCTTGCCATA,WC8,GCACGATGCT,NA,JP208_P4,mouse,CC1_CC2_CC3_CC4,CONF_nonCONF_nonCONF_CONF,no
JP208_PC738_WC9,JP208,NA,NA,PC738,GCTTGCCATA,WC9,AATATGCCAG,NA,JP208_P4,mouse,CC1_CC2_CC3_CC4,CONF_nonCONF_nonCONF_CONF,no
JP208_PC738_WC10,JP208,NA,NA,PC738,GCTTGCCATA,WC10,TAGAGTCACG,NA,JP208_P4,mouse,CC1_CC2_CC3_CC4,CONF_nonCONF_nonCONF_CONF,no
JP208_PC738_WC11,JP208,NA,NA,PC738,GCTTGCCATA,WC11,TTAACAGGTC,NA,JP208_P4,mouse,CC1_CC2_CC3_CC4,CONF_nonCONF_nonCONF_CONF,no
JP208_PC738_WC12,JP208,NA,NA,PC738,GCTTGCCATA,WC12,ACATGAGCCA,NA,JP208_P4,mouse,CC1_CC2_CC3_CC4,CONF_nonCONF_nonCONF_CONF,no
JP208_PC738_WC13,JP208,NA,NA,PC738,GCTTGCCATA,WC13,GCGAGGTTCT,NA,JP208_P4,mouse,CC1_CC2_CC3_CC4,CONF_nonCONF_nonCONF_CONF,no
JP208_PC738_WC14,JP208,NA,NA,PC738,GCTTGCCATA,WC14,TGTCCGTAGG,NA,JP208_P4,mouse,CC1_CC2_CC3_CC4,CONF_nonCONF_nonCONF_CONF,no
JP208_PC738_WC15,JP208,NA,NA,PC738,GCTTGCCATA,WC15,CATTATGCCT,NA,JP208_P4,mouse,CC1_CC2_CC3_CC4,CONF_nonCONF_nonCONF_CONF,no
JP208_PC738_WC16,JP208,NA,NA,PC738,GCTTGCCATA,WC16,TCCACTGTTG,NA,JP208_P4,mouse,CC1_CC2_CC3_CC4,CONF_nonCONF_nonCONF_CONF,no
JP208_PC738_WC17,JP208,NA,NA,PC738,GCTTGCCATA,WC17,CTTAACGACA,NA,JP208_P4,mouse,CC1_CC2_CC3_CC4,CONF_nonCONF_nonCONF_CONF,no
JP208_PC738_WC18,JP208,NA,NA,PC738,GCTTGCCATA,WC18,TCCTCGAGCT,NA,JP208_P4,mouse,CC1_CC2_CC3_CC4,CONF_nonCONF_nonCONF_CONF,no
JP208_PC738_WC19,JP208,NA,NA,PC738,GCTTGCCATA,WC19,CGAGTAATGT,NA,JP208_P4,mouse,CC1_CC2_CC3_CC4,CONF_nonCONF_nonCONF_CONF,no
JP208_PC738_WC20,JP208,NA,NA,PC738,GCTTGCCATA,WC20,CATACCGCTG,NA,JP208_P4,mouse,CC1_CC2_CC3_CC4,CONF_nonCONF_nonCONF_CONF,no
JP208_PC738_WC21,JP208,NA,NA,PC738,GCTTGCCATA,WC21,GCTACTTGCA,NA,JP208_P4,mouse,CC1_CC2_CC3_CC4,CONF_nonCONF_nonCONF_CONF,no
JP208_PC738_WC22,JP208,NA,NA,PC738,GCTTGCCATA,WC22,GCTATTGAAG,NA,JP208_P4,mouse,CC1_CC2_CC3_CC4,CONF_nonCONF_nonCONF_CONF,no
JP208_PC738_WC23,JP208,NA,NA,PC738,GCTTGCCATA,WC23,TCAGCATCCG,NA,JP208_P4,mouse,CC1_CC2_CC3_CC4,CONF_nonCONF_nonCONF_CONF,no
JP208_PC738_WC24,JP208,NA,NA,PC738,GCTTGCCATA,WC24,TAGGTGGTGG,NA,JP208_P4,mouse,CC1_CC2_CC3_CC4,CONF_nonCONF_nonCONF_CONF,no
JP208_PC738_WC25,JP208,NA,NA,PC738,GCTTGCCATA,WC25,AAGATCGGAT,NA,JP208_P4,mouse,CC1_CC2_CC3_CC4,CONF_nonCONF_nonCONF_CONF,no
JP208_PC738_WC26,JP208,NA,NA,PC738,GCTTGCCATA,WC26,TTAACGTCCG,NA,JP208_P4,mouse,CC1_CC2_CC3_CC4,CONF_nonCONF_nonCONF_CONF,no
JP208_PC738_WC27,JP208,NA,NA,PC738,GCTTGCCATA,WC27,ATTACCGATC,NA,JP208_P4,mouse,CC1_CC2_CC3_CC4,CONF_nonCONF_nonCONF_CONF,no
JP208_PC738_WC28,JP208,NA,NA,PC738,GCTTGCCATA,WC28,GTTGCATCGT,NA,JP208_P4,mouse,CC1_CC2_CC3_CC4,CONF_nonCONF_nonCONF_CONF,no
JP208_PC738_WC29,JP208,NA,NA,PC738,GCTTGCCATA,WC29,ACTGGACGTT,NA,JP208_P4,mouse,CC1_CC2_CC3_CC4,CONF_nonCONF_nonCONF_CONF,no
JP208_PC738_WC30,JP208,NA,NA,PC738,GCTTGCCATA,WC30,TTGTTCGTGT,NA,JP208_P4,mouse,CC1_CC2_CC3_CC4,CONF_nonCONF_nonCONF_CONF,no
JP208_PC738_WC31,JP208,NA,NA,PC738,GCTTGCCATA,WC31,ACGGACTGAG,NA,JP208_P4,mouse,CC1_CC2_CC3_CC4,CONF_nonCONF_nonCONF_CONF,no
JP208_PC738_WC32,JP208,NA,NA,PC738,GCTTGCCATA,WC32,CACCGTCATA,NA,JP208_P4,mouse,CC1_CC2_CC3_CC4,CONF_nonCONF_nonCONF_CONF,no
JP208_PC738_WC33,JP208,NA,NA,PC738,GCTTGCCATA,WC33,GTAGTTGTGT,NA,JP208_P4,mouse,CC1_CC2_CC3_CC4,CONF_nonCONF_nonCONF_CONF,no
JP208_PC738_WC34,JP208,NA,NA,PC738,GCTTGCCATA,WC34,CTGAGTCCTT,NA,JP208_P4,mouse,CC1_CC2_CC3_CC4,CONF_nonCONF_nonCONF_CONF,no
JP208_PC738_WC35,JP208,NA,NA,PC738,GCTTGCCATA,WC35,TCACAGTTGC,NA,JP208_P4,mouse,CC1_CC2_CC3_CC4,CONF_nonCONF_nonCONF_CONF,no
JP208_PC738_WC36,JP208,NA,NA,PC738,GCTTGCCATA,WC36,ATTGTAAGCG,NA,JP208_P4,mouse,CC1_CC2_CC3_CC4,CONF_nonCONF_nonCONF_CONF,no
JP208_PC738_WC37,JP208,NA,NA,PC738,GCTTGCCATA,WC37,CGGTCTCTCT,NA,JP208_P4,mouse,CC1_CC2_CC3_CC4,CONF_nonCONF_nonCONF_CONF,no
JP208_PC738_WC38,JP208,NA,NA,PC738,GCTTGCCATA,WC38,AACAGCAATG,NA,JP208_P4,mouse,CC1_CC2_CC3_CC4,CONF_nonCONF_nonCONF_CONF,no
JP208_PC738_WC39,JP208,NA,NA,PC738,GCTTGCCATA,WC39,TCCGTGTTGC,NA,JP208_P4,mouse,CC1_CC2_CC3_CC4,CONF_nonCONF_nonCONF_CONF,no
JP208_PC738_WC40,JP208,NA,NA,PC738,GCTTGCCATA,WC40,TGCGAAGTGA,NA,JP208_P4,mouse,CC1_CC2_CC3_CC4,CONF_nonCONF_nonCONF_CONF,no
JP208_PC738_WC41,JP208,NA,NA,PC738,GCTTGCCATA,WC41,CACAGCTATT,NA,JP208_P4,mouse,CC1_CC2_CC3_CC4,CONF_nonCONF_nonCONF_CONF,no
JP208_PC738_WC42,JP208,NA,NA,PC738,GCTTGCCATA,WC42,GATAGTGTTC,NA,JP208_P4,mouse,CC1_CC2_CC3_CC4,CONF_nonCONF_nonCONF_CONF,no
JP208_PC738_WC43,JP208,NA,NA,PC738,GCTTGCCATA,WC43,TAGCTACCAG,NA,JP208_P4,mouse,CC1_CC2_CC3_CC4,CONF_nonCONF_nonCONF_CONF,no
JP208_PC738_WC44,JP208,NA,NA,PC738,GCTTGCCATA,WC44,TGCTCACGCA,NA,JP208_P4,mouse,CC1_CC2_CC3_CC4,CONF_nonCONF_nonCONF_CONF,no
JP208_PC738_WC45,JP208,NA,NA,PC738,GCTTGCCATA,WC45,AAGTGTGCTA,NA,JP208_P4,mouse,CC1_CC2_CC3_CC4,CONF_nonCONF_nonCONF_CONF,no
JP208_PC738_WC46,JP208,NA,NA,PC738,GCTTGCCATA,WC46,TCATCGTCTG,NA,JP208_P4,mouse,CC1_CC2_CC3_CC4,CONF_nonCONF_nonCONF_CONF,no
JP208_PC738_WC47,JP208,NA,NA,PC738,GCTTGCCATA,WC47,AGATGCTCCG,NA,JP208_P4,mouse,CC1_CC2_CC3_CC4,CONF_nonCONF_nonCONF_CONF,no
JP208_PC738_WC48,JP208,NA,NA,PC738,GCTTGCCATA,WC48,GAACCAAGCG,NA,JP208_P4,mouse,CC1_CC2_CC3_CC4,CONF_nonCONF_nonCONF_CONF,no
JP208_PC738_WC49,JP208,NA,NA,PC738,GCTTGCCATA,WC49,CCTCTTCAAG,NA,JP208_P4,mouse,CC1_CC2_CC3_CC4,CONF_nonCONF_nonCONF_CONF,no
JP208_PC738_WC50,JP208,NA,NA,PC738,GCTTGCCATA,WC50,CGTCGCATCT,NA,JP208_P4,mouse,CC1_CC2_CC3_CC4,CONF_nonCONF_nonCONF_CONF,no
JP208_PC738_WC51,JP208,NA,NA,PC738,GCTTGCCATA,WC51,CCGAACGTTC,NA,JP208_P4,mouse,CC1_CC2_CC3_CC4,CONF_nonCONF_nonCONF_CONF,no
JP208_PC738_WC52,JP208,NA,NA,PC738,GCTTGCCATA,WC52,GAATGGCGTT,NA,JP208_P4,mouse,CC1_CC2_CC3_CC4,CONF_nonCONF_nonCONF_CONF,no
JP208_PC738_WC53,JP208,NA,NA,PC738,GCTTGCCATA,WC53,AAGTTCAGGA,NA,JP208_P4,mouse,CC1_CC2_CC3_CC4,CONF_nonCONF_nonCONF_CONF,no
JP208_PC738_WC54,JP208,NA,NA,PC738,GCTTGCCATA,WC54,GACCAATTGT,NA,JP208_P4,mouse,CC1_CC2_CC3_CC4,CONF_nonCONF_nonCONF_CONF,no
JP208_PC738_WC55,JP208,NA,NA,PC738,GCTTGCCATA,WC55,TGTCTGTGAC,NA,JP208_P4,mouse,CC1_CC2_CC3_CC4,CONF_nonCONF_nonCONF_CONF,no
JP208_PC738_WC56,JP208,NA,NA,PC738,GCTTGCCATA,WC56,GAACATTGGC,NA,JP208_P4,mouse,CC1_CC2_CC3_CC4,CONF_nonCONF_nonCONF_CONF,no
JP208_PC738_WC57,JP208,NA,NA,PC738,GCTTGCCATA,WC57,CGTAACACTA,NA,JP208_P4,mouse,CC1_CC2_CC3_CC4,CONF_nonCONF_nonCONF_CONF,no
JP208_PC738_WC58,JP208,NA,NA,PC738,GCTTGCCATA,WC58,GTACTTCCAA,NA,JP208_P4,mouse,CC1_CC2_CC3_CC4,CONF_nonCONF_nonCONF_CONF,no
JP208_PC738_WC59,JP208,NA,NA,PC738,GCTTGCCATA,WC59,TTAGCGTCTT,NA,JP208_P4,mouse,CC1_CC2_CC3_CC4,CONF_nonCONF_nonCONF_CONF,no
JP208_PC738_WC60,JP208,NA,NA,PC738,GCTTGCCATA,WC60,TTGACCGTCT,NA,JP208_P4,mouse,CC1_CC2_CC3_CC4,CONF_nonCONF_nonCONF_CONF,no
JP208_PC738_WC61,JP208,NA,NA,PC738,GCTTGCCATA,WC61,ACGGCTTCTC,NA,JP208_P4,mouse,CC1_CC2_CC3_CC4,CONF_nonCONF_nonCONF_CONF,no
JP208_PC738_WC62,JP208,NA,NA,PC738,GCTTGCCATA,WC62,TGCGATGTAT,NA,JP208_P4,mouse,CC1_CC2_CC3_CC4,CONF_nonCONF_nonCONF_CONF,no
JP208_PC738_WC63,JP208,NA,NA,PC738,GCTTGCCATA,WC63,GCGTTCAGCA,NA,JP208_P4,mouse,CC1_CC2_CC3_CC4,CONF_nonCONF_nonCONF_CONF,no
JP208_PC738_WC64,JP208,NA,NA,PC738,GCTTGCCATA,WC64,GCCTAGGAAG,NA,JP208_P4,mouse,CC1_CC2_CC3_CC4,CONF_nonCONF_nonCONF_CONF,no
JP208_PC738_WC65,JP208,NA,NA,PC738,GCTTGCCATA,WC65,GTTACCAACG,NA,JP208_P4,mouse,CC1_CC2_CC3_CC4,CONF_nonCONF_nonCONF_CONF,no
JP208_PC738_WC66,JP208,NA,NA,PC738,GCTTGCCATA,WC66,ACGAACCAAG,NA,JP208_P4,mouse,CC1_CC2_CC3_CC4,CONF_nonCONF_nonCONF_CONF,no
JP208_PC738_WC67,JP208,NA,NA,PC738,GCTTGCCATA,WC67,CACGCAAGTC,NA,JP208_P4,mouse,CC1_CC2_CC3_CC4,CONF_nonCONF_nonCONF_CONF,no
JP208_PC738_WC68,JP208,NA,NA,PC738,GCTTGCCATA,WC68,GCTGGAGAAG,NA,JP208_P4,mouse,CC1_CC2_CC3_CC4,CONF_nonCONF_nonCONF_CONF,no
JP208_PC738_WC69,JP208,NA,NA,PC738,GCTTGCCATA,WC69,CCAGTGTACG,NA,JP208_P4,mouse,CC1_CC2_CC3_CC4,CONF_nonCONF_nonCONF_CONF,no
JP208_PC738_WC70,JP208,NA,NA,PC738,GCTTGCCATA,WC70,GTTGATGCGA,NA,JP208_P4,mouse,CC1_CC2_CC3_CC4,CONF_nonCONF_nonCONF_CONF,no
JP208_PC738_WC71,JP208,NA,NA,PC738,GCTTGCCATA,WC71,CGCTTGTTAT,NA,JP208_P4,mouse,CC1_CC2_CC3_CC4,CONF_nonCONF_nonCONF_CONF,no
JP208_PC738_WC72,JP208,NA,NA,PC738,GCTTGCCATA,WC72,GTAACGTTCA,NA,JP208_P4,mouse,CC1_CC2_CC3_CC4,CONF_nonCONF_nonCONF_CONF,no
JP208_PC738_WC73,JP208,NA,NA,PC738,GCTTGCCATA,WC73,CCGAGTCTTC,NA,JP208_P4,mouse,CC1_CC2_CC3_CC4,CONF_nonCONF_nonCONF_CONF,no
JP208_PC738_WC74,JP208,NA,NA,PC738,GCTTGCCATA,WC74,TATTGCGCTA,NA,JP208_P4,mouse,CC1_CC2_CC3_CC4,CONF_nonCONF_nonCONF_CONF,no
JP208_PC738_WC75,JP208,NA,NA,PC738,GCTTGCCATA,WC75,TGTGGTCTAA,NA,JP208_P4,mouse,CC1_CC2_CC3_CC4,CONF_nonCONF_nonCONF_CONF,no
JP208_PC738_WC76,JP208,NA,NA,PC738,GCTTGCCATA,WC76,CACGTCTACG,NA,JP208_P4,mouse,CC1_CC2_CC3_CC4,CONF_nonCONF_nonCONF_CONF,no
JP208_PC738_WC77,JP208,NA,NA,PC738,GCTTGCCATA,WC77,AGTCCAGTGA,NA,JP208_P4,mouse,CC1_CC2_CC3_CC4,CONF_nonCONF_nonCONF_CONF,no
JP208_PC738_WC78,JP208,NA,NA,PC738,GCTTGCCATA,WC78,ATGCTTGGTC,NA,JP208_P4,mouse,CC1_CC2_CC3_CC4,CONF_nonCONF_nonCONF_CONF,no
JP208_PC738_WC79,JP208,NA,NA,PC738,GCTTGCCATA,WC79,TGATACTCGC,NA,JP208_P4,mouse,CC1_CC2_CC3_CC4,CONF_nonCONF_nonCONF_CONF,no
JP208_PC738_WC80,JP208,NA,NA,PC738,GCTTGCCATA,WC80,TTATCGAGAG,NA,JP208_P4,mouse,CC1_CC2_CC3_CC4,CONF_nonCONF_nonCONF_CONF,no
JP208_PC738_WC81,JP208,NA,NA,PC738,GCTTGCCATA,WC81,TGCCAGTATT,NA,JP208_P4,mouse,CC1_CC2_CC3_CC4,CONF_nonCONF_nonCONF_CONF,no
JP208_PC738_WC82,JP208,NA,NA,PC738,GCTTGCCATA,WC82,GAGTTGCATA,NA,JP208_P4,mouse,CC1_CC2_CC3_CC4,CONF_nonCONF_nonCONF_CONF,no
JP208_PC738_WC83,JP208,NA,NA,PC738,GCTTGCCATA,WC83,ACACTAGCAT,NA,JP208_P4,mouse,CC1_CC2_CC3_CC4,CONF_nonCONF_nonCONF_CONF,no
JP208_PC738_WC84,JP208,NA,NA,PC738,GCTTGCCATA,WC84,GTTCTAATGG,NA,JP208_P4,mouse,CC1_CC2_CC3_CC4,CONF_nonCONF_nonCONF_CONF,no
JP208_PC738_WC85,JP208,NA,NA,PC738,GCTTGCCATA,WC85,CGTTCACGTT,NA,JP208_P4,mouse,CC1_CC2_CC3_CC4,CONF_nonCONF_nonCONF_CONF,no
JP208_PC738_WC86,JP208,NA,NA,PC738,GCTTGCCATA,WC86,GACTGCGTTA,NA,JP208_P4,mouse,CC1_CC2_CC3_CC4,CONF_nonCONF_nonCONF_CONF,no
JP208_PC738_WC87,JP208,NA,NA,PC738,GCTTGCCATA,WC87,TGGCTTATGG,NA,JP208_P4,mouse,CC1_CC2_CC3_CC4,CONF_nonCONF_nonCONF_CONF,no
JP208_PC738_WC88,JP208,NA,NA,PC738,GCTTGCCATA,WC88,TCAGAGGCAC,NA,JP208_P4,mouse,CC1_CC2_CC3_CC4,CONF_nonCONF_nonCONF_CONF,no
JP208_PC738_WC89,JP208,NA,NA,PC738,GCTTGCCATA,WC89,CGCTAGGCTA,NA,JP208_P4,mouse,CC1_CC2_CC3_CC4,CONF_nonCONF_nonCONF_CONF,no
JP208_PC738_WC90,JP208,NA,NA,PC738,GCTTGCCATA,WC90,AACCGTAACA,NA,JP208_P4,mouse,CC1_CC2_CC3_CC4,CONF_nonCONF_nonCONF_CONF,no
JP208_PC738_WC91,JP208,NA,NA,PC738,GCTTGCCATA,WC91,CTTGGTATGA,NA,JP208_P4,mouse,CC1_CC2_CC3_CC4,CONF_nonCONF_nonCONF_CONF,no
JP208_PC738_WC92,JP208,NA,NA,PC738,GCTTGCCATA,WC92,TGTAGATCCG,NA,JP208_P4,mouse,CC1_CC2_CC3_CC4,CONF_nonCONF_nonCONF_CONF,no
JP208_PC738_WC93,JP208,NA,NA,PC738,GCTTGCCATA,WC93,AACTCTACCG,NA,JP208_P4,mouse,CC1_CC2_CC3_CC4,CONF_nonCONF_nonCONF_CONF,no
JP208_PC738_WC94,JP208,NA,NA,PC738,GCTTGCCATA,WC94,CGTGACATTC,NA,JP208_P4,mouse,CC1_CC2_CC3_CC4,CONF_nonCONF_nonCONF_CONF,no
JP208_PC738_WC95,JP208,NA,NA,PC738,GCTTGCCATA,WC95,CTGTACCAGG,NA,JP208_P4,mouse,CC1_CC2_CC3_CC4,CONF_nonCONF_nonCONF_CONF,no
JP208_PC738_WC96,JP208,NA,NA,PC738,GCTTGCCATA,WC96,ACTGGTTCCG,NA,JP208_P4,mouse,CC1_CC2_CC3_CC4,CONF_nonCONF_nonCONF_CONF,no
JP205_PC711_WC1,JP205,NA,NA,PC711,CCTGGTGAGA,WC1,GTCGTGAATC,NA,JP205_P10T,human_mouse,CC11_CC12,SM_SM,no
JP205_PC711_WC2,JP205,NA,NA,PC711,CCTGGTGAGA,WC2,CTGTTCTACG,NA,JP205_P10T,human_mouse,CC11_CC12,SM_SM,no
JP205_PC711_WC3,JP205,NA,NA,PC711,CCTGGTGAGA,WC3,GCTCTTAGGT,NA,JP205_P10T,human_mouse,CC11_CC12,SM_SM,no
JP205_PC711_WC4,JP205,NA,NA,PC711,CCTGGTGAGA,WC4,TAGAAGCCAT,NA,JP205_P10T,human_mouse,CC11_CC12,SM_SM,no
JP205_PC711_WC5,JP205,NA,NA,PC711,CCTGGTGAGA,WC5,CACTTAGGTA,NA,JP205_P10T,human_mouse,CC11_CC12,SM_SM,no
JP205_PC711_WC6,JP205,NA,NA,PC711,CCTGGTGAGA,WC6,ATAGGTAAGG,NA,JP205_P10T,human_mouse,CC11_CC12,SM_SM,no
JP205_PC711_WC7,JP205,NA,NA,PC711,CCTGGTGAGA,WC7,CGCCTTATAT,NA,JP205_P10T,human_mouse,CC11_CC12,SM_SM,no
JP205_PC711_WC8,JP205,NA,NA,PC711,CCTGGTGAGA,WC8,GCACGATGCT,NA,JP205_P10T,human_mouse,CC11_CC12,SM_SM,no
JP205_PC711_WC9,JP205,NA,NA,PC711,CCTGGTGAGA,WC9,AATATGCCAG,NA,JP205_P10T,human_mouse,CC11_CC12,SM_SM,no
JP205_PC711_WC10,JP205,NA,NA,PC711,CCTGGTGAGA,WC10,TAGAGTCACG,NA,JP205_P10T,human_mouse,CC11_CC12,SM_SM,no
JP205_PC711_WC11,JP205,NA,NA,PC711,CCTGGTGAGA,WC11,TTAACAGGTC,NA,JP205_P10T,human_mouse,CC11_CC12,SM_SM,no
JP205_PC711_WC12,JP205,NA,NA,PC711,CCTGGTGAGA,WC12,ACATGAGCCA,NA,JP205_P10T,human_mouse,CC11_CC12,SM_SM,no
JP205_PC711_WC13,JP205,NA,NA,PC711,CCTGGTGAGA,WC13,GCGAGGTTCT,NA,JP205_P10T,human_mouse,CC11_CC12,SM_SM,no
JP205_PC711_WC14,JP205,NA,NA,PC711,CCTGGTGAGA,WC14,TGTCCGTAGG,NA,JP205_P10T,human_mouse,CC11_CC12,SM_SM,no
JP205_PC711_WC15,JP205,NA,NA,PC711,CCTGGTGAGA,WC15,CATTATGCCT,NA,JP205_P10T,human_mouse,CC11_CC12,SM_SM,no
JP205_PC711_WC16,JP205,NA,NA,PC711,CCTGGTGAGA,WC16,TCCACTGTTG,NA,JP205_P10T,human_mouse,CC11_CC12,SM_SM,no
JP205_PC711_WC17,JP205,NA,NA,PC711,CCTGGTGAGA,WC17,CTTAACGACA,NA,JP205_P10T,human_mouse,CC11_CC12,SM_SM,no
JP205_PC711_WC18,JP205,NA,NA,PC711,CCTGGTGAGA,WC18,TCCTCGAGCT,NA,JP205_P10T,human_mouse,CC11_CC12,SM_SM,no
JP205_PC711_WC19,JP205,NA,NA,PC711,CCTGGTGAGA,WC19,CGAGTAATGT,NA,JP205_P10T,human_mouse,CC11_CC12,SM_SM,no
JP205_PC711_WC20,JP205,NA,NA,PC711,CCTGGTGAGA,WC20,CATACCGCTG,NA,JP205_P10T,human_mouse,CC11_CC12,SM_SM,no
JP205_PC711_WC21,JP205,NA,NA,PC711,CCTGGTGAGA,WC21,GCTACTTGCA,NA,JP205_P10T,human_mouse,CC11_CC12,SM_SM,no
JP205_PC711_WC22,JP205,NA,NA,PC711,CCTGGTGAGA,WC22,GCTATTGAAG,NA,JP205_P10T,human_mouse,CC11_CC12,SM_SM,no
JP205_PC711_WC23,JP205,NA,NA,PC711,CCTGGTGAGA,WC23,TCAGCATCCG,NA,JP205_P10T,human_mouse,CC11_CC12,SM_SM,no
JP205_PC711_WC24,JP205,NA,NA,PC711,CCTGGTGAGA,WC24,TAGGTGGTGG,NA,JP205_P10T,human_mouse,CC11_CC12,SM_SM,no
JP205_PC711_WC25,JP205,NA,NA,PC711,CCTGGTGAGA,WC25,AAGATCGGAT,NA,JP205_P10T,human_mouse,CC11_CC12,SM_SM,no
JP205_PC711_WC26,JP205,NA,NA,PC711,CCTGGTGAGA,WC26,TTAACGTCCG,NA,JP205_P10T,human_mouse,CC11_CC12,SM_SM,no
JP205_PC711_WC27,JP205,NA,NA,PC711,CCTGGTGAGA,WC27,ATTACCGATC,NA,JP205_P10T,human_mouse,CC11_CC12,SM_SM,no
JP205_PC711_WC28,JP205,NA,NA,PC711,CCTGGTGAGA,WC28,GTTGCATCGT,NA,JP205_P10T,human_mouse,CC11_CC12,SM_SM,no
JP205_PC711_WC29,JP205,NA,NA,PC711,CCTGGTGAGA,WC29,ACTGGACGTT,NA,JP205_P10T,human_mouse,CC11_CC12,SM_SM,no
JP205_PC711_WC30,JP205,NA,NA,PC711,CCTGGTGAGA,WC30,TTGTTCGTGT,NA,JP205_P10T,human_mouse,CC11_CC12,SM_SM,no
JP205_PC711_WC31,JP205,NA,NA,PC711,CCTGGTGAGA,WC31,ACGGACTGAG,NA,JP205_P10T,human_mouse,CC11_CC12,SM_SM,no
JP205_PC711_WC32,JP205,NA,NA,PC711,CCTGGTGAGA,WC32,CACCGTCATA,NA,JP205_P10T,human_mouse,CC11_CC12,SM_SM,no
JP205_PC711_WC33,JP205,NA,NA,PC711,CCTGGTGAGA,WC33,GTAGTTGTGT,NA,JP205_P10T,human_mouse,CC11_CC12,SM_SM,no
JP205_PC711_WC34,JP205,NA,NA,PC711,CCTGGTGAGA,WC34,CTGAGTCCTT,NA,JP205_P10T,human_mouse,CC11_CC12,SM_SM,no
JP205_PC711_WC35,JP205,NA,NA,PC711,CCTGGTGAGA,WC35,TCACAGTTGC,NA,JP205_P10T,human_mouse,CC11_CC12,SM_SM,no
JP205_PC711_WC36,JP205,NA,NA,PC711,CCTGGTGAGA,WC36,ATTGTAAGCG,NA,JP205_P10T,human_mouse,CC11_CC12,SM_SM,no
JP205_PC711_WC37,JP205,NA,NA,PC711,CCTGGTGAGA,WC37,CGGTCTCTCT,NA,JP205_P10T,human_mouse,CC11_CC12,SM_SM,no
JP205_PC711_WC38,JP205,NA,NA,PC711,CCTGGTGAGA,WC38,AACAGCAATG,NA,JP205_P10T,human_mouse,CC11_CC12,SM_SM,no
JP205_PC711_WC39,JP205,NA,NA,PC711,CCTGGTGAGA,WC39,TCCGTGTTGC,NA,JP205_P10T,human_mouse,CC11_CC12,SM_SM,no
JP205_PC711_WC40,JP205,NA,NA,PC711,CCTGGTGAGA,WC40,TGCGAAGTGA,NA,JP205_P10T,human_mouse,CC11_CC12,SM_SM,no
JP205_PC711_WC41,JP205,NA,NA,PC711,CCTGGTGAGA,WC41,CACAGCTATT,NA,JP205_P10T,human_mouse,CC11_CC12,SM_SM,no
JP205_PC711_WC42,JP205,NA,NA,PC711,CCTGGTGAGA,WC42,GATAGTGTTC,NA,JP205_P10T,human_mouse,CC11_CC12,SM_SM,no
JP205_PC711_WC43,JP205,NA,NA,PC711,CCTGGTGAGA,WC43,TAGCTACCAG,NA,JP205_P10T,human_mouse,CC11_CC12,SM_SM,no
JP205_PC711_WC44,JP205,NA,NA,PC711,CCTGGTGAGA,WC44,TGCTCACGCA,NA,JP205_P10T,human_mouse,CC11_CC12,SM_SM,no
JP205_PC711_WC45,JP205,NA,NA,PC711,CCTGGTGAGA,WC45,AAGTGTGCTA,NA,JP205_P10T,human_mouse,CC11_CC12,SM_SM,no
JP205_PC711_WC46,JP205,NA,NA,PC711,CCTGGTGAGA,WC46,TCATCGTCTG,NA,JP205_P10T,human_mouse,CC11_CC12,SM_SM,no
JP205_PC711_WC47,JP205,NA,NA,PC711,CCTGGTGAGA,WC47,AGATGCTCCG,NA,JP205_P10T,human_mouse,CC11_CC12,SM_SM,no
JP205_PC711_WC48,JP205,NA,NA,PC711,CCTGGTGAGA,WC48,GAACCAAGCG,NA,JP205_P10T,human_mouse,CC11_CC12,SM_SM,no
JP205_PC711_WC49,JP205,NA,NA,PC711,CCTGGTGAGA,WC49,CCTCTTCAAG,NA,JP205_P10T,human_mouse,CC11_CC12,SM_SM,no
JP205_PC711_WC50,JP205,NA,NA,PC711,CCTGGTGAGA,WC50,CGTCGCATCT,NA,JP205_P10T,human_mouse,CC11_CC12,SM_SM,no
JP205_PC711_WC51,JP205,NA,NA,PC711,CCTGGTGAGA,WC51,CCGAACGTTC,NA,JP205_P10T,human_mouse,CC11_CC12,SM_SM,no
JP205_PC711_WC52,JP205,NA,NA,PC711,CCTGGTGAGA,WC52,GAATGGCGTT,NA,JP205_P10T,human_mouse,CC11_CC12,SM_SM,no
JP205_PC711_WC53,JP205,NA,NA,PC711,CCTGGTGAGA,WC53,AAGTTCAGGA,NA,JP205_P10T,human_mouse,CC11_CC12,SM_SM,no
JP205_PC711_WC54,JP205,NA,NA,PC711,CCTGGTGAGA,WC54,GACCAATTGT,NA,JP205_P10T,human_mouse,CC11_CC12,SM_SM,no
JP205_PC711_WC55,JP205,NA,NA,PC711,CCTGGTGAGA,WC55,TGTCTGTGAC,NA,JP205_P10T,human_mouse,CC11_CC12,SM_SM,no
JP205_PC711_WC56,JP205,NA,NA,PC711,CCTGGTGAGA,WC56,GAACATTGGC,NA,JP205_P10T,human_mouse,CC11_CC12,SM_SM,no
JP205_PC711_WC57,JP205,NA,NA,PC711,CCTGGTGAGA,WC57,CGTAACACTA,NA,JP205_P10T,human_mouse,CC11_CC12,SM_SM,no
JP205_PC711_WC58,JP205,NA,NA,PC711,CCTGGTGAGA,WC58,GTACTTCCAA,NA,JP205_P10T,human_mouse,CC11_CC12,SM_SM,no
JP205_PC711_WC59,JP205,NA,NA,PC711,CCTGGTGAGA,WC59,TTAGCGTCTT,NA,JP205_P10T,human_mouse,CC11_CC12,SM_SM,no
JP205_PC711_WC60,JP205,NA,NA,PC711,CCTGGTGAGA,WC60,TTGACCGTCT,NA,JP205_P10T,human_mouse,CC11_CC12,SM_SM,no
JP205_PC711_WC61,JP205,NA,NA,PC711,CCTGGTGAGA,WC61,ACGGCTTCTC,NA,JP205_P10T,human_mouse,CC11_CC12,SM_SM,no
JP205_PC711_WC62,JP205,NA,NA,PC711,CCTGGTGAGA,WC62,TGCGATGTAT,NA,JP205_P10T,human_mouse,CC11_CC12,SM_SM,no
JP205_PC711_WC63,JP205,NA,NA,PC711,CCTGGTGAGA,WC63,GCGTTCAGCA,NA,JP205_P10T,human_mouse,CC11_CC12,SM_SM,no
JP205_PC711_WC64,JP205,NA,NA,PC711,CCTGGTGAGA,WC64,GCCTAGGAAG,NA,JP205_P10T,human_mouse,CC11_CC12,SM_SM,no
JP205_PC711_WC65,JP205,NA,NA,PC711,CCTGGTGAGA,WC65,GTTACCAACG,NA,JP205_P10T,human_mouse,CC11_CC12,SM_SM,no
JP205_PC711_WC66,JP205,NA,NA,PC711,CCTGGTGAGA,WC66,ACGAACCAAG,NA,JP205_P10T,human_mouse,CC11_CC12,SM_SM,no
JP205_PC711_WC67,JP205,NA,NA,PC711,CCTGGTGAGA,WC67,CACGCAAGTC,NA,JP205_P10T,human_mouse,CC11_CC12,SM_SM,no
JP205_PC711_WC68,JP205,NA,NA,PC711,CCTGGTGAGA,WC68,GCTGGAGAAG,NA,JP205_P10T,human_mouse,CC11_CC12,SM_SM,no
JP205_PC711_WC69,JP205,NA,NA,PC711,CCTGGTGAGA,WC69,CCAGTGTACG,NA,JP205_P10T,human_mouse,CC11_CC12,SM_SM,no
JP205_PC711_WC70,JP205,NA,NA,PC711,CCTGGTGAGA,WC70,GTTGATGCGA,NA,JP205_P10T,human_mouse,CC11_CC12,SM_SM,no
JP205_PC711_WC71,JP205,NA,NA,PC711,CCTGGTGAGA,WC71,CGCTTGTTAT,NA,JP205_P10T,human_mouse,CC11_CC12,SM_SM,no
JP205_PC711_WC72,JP205,NA,NA,PC711,CCTGGTGAGA,WC72,GTAACGTTCA,NA,JP205_P10T,human_mouse,CC11_CC12,SM_SM,no
JP205_PC711_WC73,JP205,NA,NA,PC711,CCTGGTGAGA,WC73,CCGAGTCTTC,NA,JP205_P10T,human_mouse,CC11_CC12,SM_SM,no
JP205_PC711_WC74,JP205,NA,NA,PC711,CCTGGTGAGA,WC74,TATTGCGCTA,NA,JP205_P10T,human_mouse,CC11_CC12,SM_SM,no
JP205_PC711_WC75,JP205,NA,NA,PC711,CCTGGTGAGA,WC75,TGTGGTCTAA,NA,JP205_P10T,human_mouse,CC11_CC12,SM_SM,no
JP205_PC711_WC76,JP205,NA,NA,PC711,CCTGGTGAGA,WC76,CACGTCTACG,NA,JP205_P10T,human_mouse,CC11_CC12,SM_SM,no
JP205_PC711_WC77,JP205,NA,NA,PC711,CCTGGTGAGA,WC77,AGTCCAGTGA,NA,JP205_P10T,human_mouse,CC11_CC12,SM_SM,no
JP205_PC711_WC78,JP205,NA,NA,PC711,CCTGGTGAGA,WC78,ATGCTTGGTC,NA,JP205_P10T,human_mouse,CC11_CC12,SM_SM,no
JP205_PC711_WC79,JP205,NA,NA,PC711,CCTGGTGAGA,WC79,TGATACTCGC,NA,JP205_P10T,human_mouse,CC11_CC12,SM_SM,no
JP205_PC711_WC80,JP205,NA,NA,PC711,CCTGGTGAGA,WC80,TTATCGAGAG,NA,JP205_P10T,human_mouse,CC11_CC12,SM_SM,no
JP205_PC711_WC81,JP205,NA,NA,PC711,CCTGGTGAGA,WC81,TGCCAGTATT,NA,JP205_P10T,human_mouse,CC11_CC12,SM_SM,no
JP205_PC711_WC82,JP205,NA,NA,PC711,CCTGGTGAGA,WC82,GAGTTGCATA,NA,JP205_P10T,human_mouse,CC11_CC12,SM_SM,no
JP205_PC711_WC83,JP205,NA,NA,PC711,CCTGGTGAGA,WC83,ACACTAGCAT,NA,JP205_P10T,human_mouse,CC11_CC12,SM_SM,no
JP205_PC711_WC84,JP205,NA,NA,PC711,CCTGGTGAGA,WC84,GTTCTAATGG,NA,JP205_P10T,human_mouse,CC11_CC12,SM_SM,no
JP205_PC711_WC85,JP205,NA,NA,PC711,CCTGGTGAGA,WC85,CGTTCACGTT,NA,JP205_P10T,human_mouse,CC11_CC12,SM_SM,no
JP205_PC711_WC86,JP205,NA,NA,PC711,CCTGGTGAGA,WC86,GACTGCGTTA,NA,JP205_P10T,human_mouse,CC11_CC12,SM_SM,no
JP205_PC711_WC87,JP205,NA,NA,PC711,CCTGGTGAGA,WC87,TGGCTTATGG,NA,JP205_P10T,human_mouse,CC11_CC12,SM_SM,no
JP205_PC711_WC88,JP205,NA,NA,PC711,CCTGGTGAGA,WC88,TCAGAGGCAC,NA,JP205_P10T,human_mouse,CC11_CC12,SM_SM,no
JP205_PC711_WC89,JP205,NA,NA,PC711,CCTGGTGAGA,WC89,CGCTAGGCTA,NA,JP205_P10T,human_mouse,CC11_CC12,SM_SM,no
JP205_PC711_WC90,JP205,NA,NA,PC711,CCTGGTGAGA,WC90,AACCGTAACA,NA,JP205_P10T,human_mouse,CC11_CC12,SM_SM,no
JP205_PC711_WC91,JP205,NA,NA,PC711,CCTGGTGAGA,WC91,CTTGGTATGA,NA,JP205_P10T,human_mouse,CC11_CC12,SM_SM,no
JP205_PC711_WC92,JP205,NA,NA,PC711,CCTGGTGAGA,WC92,TGTAGATCCG,NA,JP205_P10T,human_mouse,CC11_CC12,SM_SM,no
JP205_PC711_WC93,JP205,NA,NA,PC711,CCTGGTGAGA,WC93,AACTCTACCG,NA,JP205_P10T,human_mouse,CC11_CC12,SM_SM,no
JP205_PC711_WC94,JP205,NA,NA,PC711,CCTGGTGAGA,WC94,CGTGACATTC,NA,JP205_P10T,human_mouse,CC11_CC12,SM_SM,no
JP205_PC711_WC95,JP205,NA,NA,PC711,CCTGGTGAGA,WC95,CTGTACCAGG,NA,JP205_P10T,human_mouse,CC11_CC12,SM_SM,no
JP205_PC711_WC96,JP205,NA,NA,PC711,CCTGGTGAGA,WC96,ACTGGTTCCG,NA,JP205_P10T,human_mouse,CC11_CC12,SM_SM,no
JP205_PC712_WC1,JP205,NA,NA,PC712,ACGTGAGGAA,WC1,GTCGTGAATC,NA,JP205_P10B,human_mouse,CC11_CC12,SM_SM,no
JP205_PC712_WC2,JP205,NA,NA,PC712,ACGTGAGGAA,WC2,CTGTTCTACG,NA,JP205_P10B,human_mouse,CC11_CC12,SM_SM,no
JP205_PC712_WC3,JP205,NA,NA,PC712,ACGTGAGGAA,WC3,GCTCTTAGGT,NA,JP205_P10B,human_mouse,CC11_CC12,SM_SM,no
JP205_PC712_WC4,JP205,NA,NA,PC712,ACGTGAGGAA,WC4,TAGAAGCCAT,NA,JP205_P10B,human_mouse,CC11_CC12,SM_SM,no
JP205_PC712_WC5,JP205,NA,NA,PC712,ACGTGAGGAA,WC5,CACTTAGGTA,NA,JP205_P10B,human_mouse,CC11_CC12,SM_SM,no
JP205_PC712_WC6,JP205,NA,NA,PC712,ACGTGAGGAA,WC6,ATAGGTAAGG,NA,JP205_P10B,human_mouse,CC11_CC12,SM_SM,no
JP205_PC712_WC7,JP205,NA,NA,PC712,ACGTGAGGAA,WC7,CGCCTTATAT,NA,JP205_P10B,human_mouse,CC11_CC12,SM_SM,no
JP205_PC712_WC8,JP205,NA,NA,PC712,ACGTGAGGAA,WC8,GCACGATGCT,NA,JP205_P10B,human_mouse,CC11_CC12,SM_SM,no
JP205_PC712_WC9,JP205,NA,NA,PC712,ACGTGAGGAA,WC9,AATATGCCAG,NA,JP205_P10B,human_mouse,CC11_CC12,SM_SM,no
JP205_PC712_WC10,JP205,NA,NA,PC712,ACGTGAGGAA,WC10,TAGAGTCACG,NA,JP205_P10B,human_mouse,CC11_CC12,SM_SM,no
JP205_PC712_WC11,JP205,NA,NA,PC712,ACGTGAGGAA,WC11,TTAACAGGTC,NA,JP205_P10B,human_mouse,CC11_CC12,SM_SM,no
JP205_PC712_WC12,JP205,NA,NA,PC712,ACGTGAGGAA,WC12,ACATGAGCCA,NA,JP205_P10B,human_mouse,CC11_CC12,SM_SM,no
JP205_PC712_WC13,JP205,NA,NA,PC712,ACGTGAGGAA,WC13,GCGAGGTTCT,NA,JP205_P10B,human_mouse,CC11_CC12,SM_SM,no
JP205_PC712_WC14,JP205,NA,NA,PC712,ACGTGAGGAA,WC14,TGTCCGTAGG,NA,JP205_P10B,human_mouse,CC11_CC12,SM_SM,no
JP205_PC712_WC15,JP205,NA,NA,PC712,ACGTGAGGAA,WC15,CATTATGCCT,NA,JP205_P10B,human_mouse,CC11_CC12,SM_SM,no
JP205_PC712_WC16,JP205,NA,NA,PC712,ACGTGAGGAA,WC16,TCCACTGTTG,NA,JP205_P10B,human_mouse,CC11_CC12,SM_SM,no
JP205_PC712_WC17,JP205,NA,NA,PC712,ACGTGAGGAA,WC17,CTTAACGACA,NA,JP205_P10B,human_mouse,CC11_CC12,SM_SM,no
JP205_PC712_WC18,JP205,NA,NA,PC712,ACGTGAGGAA,WC18,TCCTCGAGCT,NA,JP205_P10B,human_mouse,CC11_CC12,SM_SM,no
JP205_PC712_WC19,JP205,NA,NA,PC712,ACGTGAGGAA,WC19,CGAGTAATGT,NA,JP205_P10B,human_mouse,CC11_CC12,SM_SM,no
JP205_PC712_WC20,JP205,NA,NA,PC712,ACGTGAGGAA,WC20,CATACCGCTG,NA,JP205_P10B,human_mouse,CC11_CC12,SM_SM,no
JP205_PC712_WC21,JP205,NA,NA,PC712,ACGTGAGGAA,WC21,GCTACTTGCA,NA,JP205_P10B,human_mouse,CC11_CC12,SM_SM,no
JP205_PC712_WC22,JP205,NA,NA,PC712,ACGTGAGGAA,WC22,GCTATTGAAG,NA,JP205_P10B,human_mouse,CC11_CC12,SM_SM,no
JP205_PC712_WC23,JP205,NA,NA,PC712,ACGTGAGGAA,WC23,TCAGCATCCG,NA,JP205_P10B,human_mouse,CC11_CC12,SM_SM,no
JP205_PC712_WC24,JP205,NA,NA,PC712,ACGTGAGGAA,WC24,TAGGTGGTGG,NA,JP205_P10B,human_mouse,CC11_CC12,SM_SM,no
JP205_PC712_WC25,JP205,NA,NA,PC712,ACGTGAGGAA,WC25,AAGATCGGAT,NA,JP205_P10B,human_mouse,CC11_CC12,SM_SM,no
JP205_PC712_WC26,JP205,NA,NA,PC712,ACGTGAGGAA,WC26,TTAACGTCCG,NA,JP205_P10B,human_mouse,CC11_CC12,SM_SM,no
JP205_PC712_WC27,JP205,NA,NA,PC712,ACGTGAGGAA,WC27,ATTACCGATC,NA,JP205_P10B,human_mouse,CC11_CC12,SM_SM,no
JP205_PC712_WC28,JP205,NA,NA,PC712,ACGTGAGGAA,WC28,GTTGCATCGT,NA,JP205_P10B,human_mouse,CC11_CC12,SM_SM,no
JP205_PC712_WC29,JP205,NA,NA,PC712,ACGTGAGGAA,WC29,ACTGGACGTT,NA,JP205_P10B,human_mouse,CC11_CC12,SM_SM,no
JP205_PC712_WC30,JP205,NA,NA,PC712,ACGTGAGGAA,WC30,TTGTTCGTGT,NA,JP205_P10B,human_mouse,CC11_CC12,SM_SM,no
JP205_PC712_WC31,JP205,NA,NA,PC712,ACGTGAGGAA,WC31,ACGGACTGAG,NA,JP205_P10B,human_mouse,CC11_CC12,SM_SM,no
JP205_PC712_WC32,JP205,NA,NA,PC712,ACGTGAGGAA,WC32,CACCGTCATA,NA,JP205_P10B,human_mouse,CC11_CC12,SM_SM,no
JP205_PC712_WC33,JP205,NA,NA,PC712,ACGTGAGGAA,WC33,GTAGTTGTGT,NA,JP205_P10B,human_mouse,CC11_CC12,SM_SM,no
JP205_PC712_WC34,JP205,NA,NA,PC712,ACGTGAGGAA,WC34,CTGAGTCCTT,NA,JP205_P10B,human_mouse,CC11_CC12,SM_SM,no
JP205_PC712_WC35,JP205,NA,NA,PC712,ACGTGAGGAA,WC35,TCACAGTTGC,NA,JP205_P10B,human_mouse,CC11_CC12,SM_SM,no
JP205_PC712_WC36,JP205,NA,NA,PC712,ACGTGAGGAA,WC36,ATTGTAAGCG,NA,JP205_P10B,human_mouse,CC11_CC12,SM_SM,no
JP205_PC712_WC37,JP205,NA,NA,PC712,ACGTGAGGAA,WC37,CGGTCTCTCT,NA,JP205_P10B,human_mouse,CC11_CC12,SM_SM,no
JP205_PC712_WC38,JP205,NA,NA,PC712,ACGTGAGGAA,WC38,AACAGCAATG,NA,JP205_P10B,human_mouse,CC11_CC12,SM_SM,no
JP205_PC712_WC39,JP205,NA,NA,PC712,ACGTGAGGAA,WC39,TCCGTGTTGC,NA,JP205_P10B,human_mouse,CC11_CC12,SM_SM,no
JP205_PC712_WC40,JP205,NA,NA,PC712,ACGTGAGGAA,WC40,TGCGAAGTGA,NA,JP205_P10B,human_mouse,CC11_CC12,SM_SM,no
JP205_PC712_WC41,JP205,NA,NA,PC712,ACGTGAGGAA,WC41,CACAGCTATT,NA,JP205_P10B,human_mouse,CC11_CC12,SM_SM,no
JP205_PC712_WC42,JP205,NA,NA,PC712,ACGTGAGGAA,WC42,GATAGTGTTC,NA,JP205_P10B,human_mouse,CC11_CC12,SM_SM,no
JP205_PC712_WC43,JP205,NA,NA,PC712,ACGTGAGGAA,WC43,TAGCTACCAG,NA,JP205_P10B,human_mouse,CC11_CC12,SM_SM,no
JP205_PC712_WC44,JP205,NA,NA,PC712,ACGTGAGGAA,WC44,TGCTCACGCA,NA,JP205_P10B,human_mouse,CC11_CC12,SM_SM,no
JP205_PC712_WC45,JP205,NA,NA,PC712,ACGTGAGGAA,WC45,AAGTGTGCTA,NA,JP205_P10B,human_mouse,CC11_CC12,SM_SM,no
JP205_PC712_WC46,JP205,NA,NA,PC712,ACGTGAGGAA,WC46,TCATCGTCTG,NA,JP205_P10B,human_mouse,CC11_CC12,SM_SM,no
JP205_PC712_WC47,JP205,NA,NA,PC712,ACGTGAGGAA,WC47,AGATGCTCCG,NA,JP205_P10B,human_mouse,CC11_CC12,SM_SM,no
JP205_PC712_WC48,JP205,NA,NA,PC712,ACGTGAGGAA,WC48,GAACCAAGCG,NA,JP205_P10B,human_mouse,CC11_CC12,SM_SM,no
JP205_PC712_WC49,JP205,NA,NA,PC712,ACGTGAGGAA,WC49,CCTCTTCAAG,NA,JP205_P10B,human_mouse,CC11_CC12,SM_SM,no
JP205_PC712_WC50,JP205,NA,NA,PC712,ACGTGAGGAA,WC50,CGTCGCATCT,NA,JP205_P10B,human_mouse,CC11_CC12,SM_SM,no
JP205_PC712_WC51,JP205,NA,NA,PC712,ACGTGAGGAA,WC51,CCGAACGTTC,NA,JP205_P10B,human_mouse,CC11_CC12,SM_SM,no
JP205_PC712_WC52,JP205,NA,NA,PC712,ACGTGAGGAA,WC52,GAATGGCGTT,NA,JP205_P10B,human_mouse,CC11_CC12,SM_SM,no
JP205_PC712_WC53,JP205,NA,NA,PC712,ACGTGAGGAA,WC53,AAGTTCAGGA,NA,JP205_P10B,human_mouse,CC11_CC12,SM_SM,no
JP205_PC712_WC54,JP205,NA,NA,PC712,ACGTGAGGAA,WC54,GACCAATTGT,NA,JP205_P10B,human_mouse,CC11_CC12,SM_SM,no
JP205_PC712_WC55,JP205,NA,NA,PC712,ACGTGAGGAA,WC55,TGTCTGTGAC,NA,JP205_P10B,human_mouse,CC11_CC12,SM_SM,no
JP205_PC712_WC56,JP205,NA,NA,PC712,ACGTGAGGAA,WC56,GAACATTGGC,NA,JP205_P10B,human_mouse,CC11_CC12,SM_SM,no
JP205_PC712_WC57,JP205,NA,NA,PC712,ACGTGAGGAA,WC57,CGTAACACTA,NA,JP205_P10B,human_mouse,CC11_CC12,SM_SM,no
JP205_PC712_WC58,JP205,NA,NA,PC712,ACGTGAGGAA,WC58,GTACTTCCAA,NA,JP205_P10B,human_mouse,CC11_CC12,SM_SM,no
JP205_PC712_WC59,JP205,NA,NA,PC712,ACGTGAGGAA,WC59,TTAGCGTCTT,NA,JP205_P10B,human_mouse,CC11_CC12,SM_SM,no
JP205_PC712_WC60,JP205,NA,NA,PC712,ACGTGAGGAA,WC60,TTGACCGTCT,NA,JP205_P10B,human_mouse,CC11_CC12,SM_SM,no
JP205_PC712_WC61,JP205,NA,NA,PC712,ACGTGAGGAA,WC61,ACGGCTTCTC,NA,JP205_P10B,human_mouse,CC11_CC12,SM_SM,no
JP205_PC712_WC62,JP205,NA,NA,PC712,ACGTGAGGAA,WC62,TGCGATGTAT,NA,JP205_P10B,human_mouse,CC11_CC12,SM_SM,no
JP205_PC712_WC63,JP205,NA,NA,PC712,ACGTGAGGAA,WC63,GCGTTCAGCA,NA,JP205_P10B,human_mouse,CC11_CC12,SM_SM,no
JP205_PC712_WC64,JP205,NA,NA,PC712,ACGTGAGGAA,WC64,GCCTAGGAAG,NA,JP205_P10B,human_mouse,CC11_CC12,SM_SM,no
JP205_PC712_WC65,JP205,NA,NA,PC712,ACGTGAGGAA,WC65,GTTACCAACG,NA,JP205_P10B,human_mouse,CC11_CC12,SM_SM,no
JP205_PC712_WC66,JP205,NA,NA,PC712,ACGTGAGGAA,WC66,ACGAACCAAG,NA,JP205_P10B,human_mouse,CC11_CC12,SM_SM,no
JP205_PC712_WC67,JP205,NA,NA,PC712,ACGTGAGGAA,WC67,CACGCAAGTC,NA,JP205_P10B,human_mouse,CC11_CC12,SM_SM,no
JP205_PC712_WC68,JP205,NA,NA,PC712,ACGTGAGGAA,WC68,GCTGGAGAAG,NA,JP205_P10B,human_mouse,CC11_CC12,SM_SM,no
JP205_PC712_WC69,JP205,NA,NA,PC712,ACGTGAGGAA,WC69,CCAGTGTACG,NA,JP205_P10B,human_mouse,CC11_CC12,SM_SM,no
JP205_PC712_WC70,JP205,NA,NA,PC712,ACGTGAGGAA,WC70,GTTGATGCGA,NA,JP205_P10B,human_mouse,CC11_CC12,SM_SM,no
JP205_PC712_WC71,JP205,NA,NA,PC712,ACGTGAGGAA,WC71,CGCTTGTTAT,NA,JP205_P10B,human_mouse,CC11_CC12,SM_SM,no
JP205_PC712_WC72,JP205,NA,NA,PC712,ACGTGAGGAA,WC72,GTAACGTTCA,NA,JP205_P10B,human_mouse,CC11_CC12,SM_SM,no
JP205_PC712_WC73,JP205,NA,NA,PC712,ACGTGAGGAA,WC73,CCGAGTCTTC,NA,JP205_P10B,human_mouse,CC11_CC12,SM_SM,no
JP205_PC712_WC74,JP205,NA,NA,PC712,ACGTGAGGAA,WC74,TATTGCGCTA,NA,JP205_P10B,human_mouse,CC11_CC12,SM_SM,no
JP205_PC712_WC75,JP205,NA,NA,PC712,ACGTGAGGAA,WC75,TGTGGTCTAA,NA,JP205_P10B,human_mouse,CC11_CC12,SM_SM,no
JP205_PC712_WC76,JP205,NA,NA,PC712,ACGTGAGGAA,WC76,CACGTCTACG,NA,JP205_P10B,human_mouse,CC11_CC12,SM_SM,no
JP205_PC712_WC77,JP205,NA,NA,PC712,ACGTGAGGAA,WC77,AGTCCAGTGA,NA,JP205_P10B,human_mouse,CC11_CC12,SM_SM,no
JP205_PC712_WC78,JP205,NA,NA,PC712,ACGTGAGGAA,WC78,ATGCTTGGTC,NA,JP205_P10B,human_mouse,CC11_CC12,SM_SM,no
JP205_PC712_WC79,JP205,NA,NA,PC712,ACGTGAGGAA,WC79,TGATACTCGC,NA,JP205_P10B,human_mouse,CC11_CC12,SM_SM,no
JP205_PC712_WC80,JP205,NA,NA,PC712,ACGTGAGGAA,WC80,TTATCGAGAG,NA,JP205_P10B,human_mouse,CC11_CC12,SM_SM,no
JP205_PC712_WC81,JP205,NA,NA,PC712,ACGTGAGGAA,WC81,TGCCAGTATT,NA,JP205_P10B,human_mouse,CC11_CC12,SM_SM,no
JP205_PC712_WC82,JP205,NA,NA,PC712,ACGTGAGGAA,WC82,GAGTTGCATA,NA,JP205_P10B,human_mouse,CC11_CC12,SM_SM,no
JP205_PC712_WC83,JP205,NA,NA,PC712,ACGTGAGGAA,WC83,ACACTAGCAT,NA,JP205_P10B,human_mouse,CC11_CC12,SM_SM,no
JP205_PC712_WC84,JP205,NA,NA,PC712,ACGTGAGGAA,WC84,GTTCTAATGG,NA,JP205_P10B,human_mouse,CC11_CC12,SM_SM,no
JP205_PC712_WC85,JP205,NA,NA,PC712,ACGTGAGGAA,WC85,CGTTCACGTT,NA,JP205_P10B,human_mouse,CC11_CC12,SM_SM,no
JP205_PC712_WC86,JP205,NA,NA,PC712,ACGTGAGGAA,WC86,GACTGCGTTA,NA,JP205_P10B,human_mouse,CC11_CC12,SM_SM,no
JP205_PC712_WC87,JP205,NA,NA,PC712,ACGTGAGGAA,WC87,TGGCTTATGG,NA,JP205_P10B,human_mouse,CC11_CC12,SM_SM,no
JP205_PC712_WC88,JP205,NA,NA,PC712,ACGTGAGGAA,WC88,TCAGAGGCAC,NA,JP205_P10B,human_mouse,CC11_CC12,SM_SM,no
JP205_PC712_WC89,JP205,NA,NA,PC712,ACGTGAGGAA,WC89,CGCTAGGCTA,NA,JP205_P10B,human_mouse,CC11_CC12,SM_SM,no
JP205_PC712_WC90,JP205,NA,NA,PC712,ACGTGAGGAA,WC90,AACCGTAACA,NA,JP205_P10B,human_mouse,CC11_CC12,SM_SM,no
JP205_PC712_WC91,JP205,NA,NA,PC712,ACGTGAGGAA,WC91,CTTGGTATGA,NA,JP205_P10B,human_mouse,CC11_CC12,SM_SM,no
JP205_PC712_WC92,JP205,NA,NA,PC712,ACGTGAGGAA,WC92,TGTAGATCCG,NA,JP205_P10B,human_mouse,CC11_CC12,SM_SM,no
JP205_PC712_WC93,JP205,NA,NA,PC712,ACGTGAGGAA,WC93,AACTCTACCG,NA,JP205_P10B,human_mouse,CC11_CC12,SM_SM,no
JP205_PC712_WC94,JP205,NA,NA,PC712,ACGTGAGGAA,WC94,CGTGACATTC,NA,JP205_P10B,human_mouse,CC11_CC12,SM_SM,no
JP205_PC712_WC95,JP205,NA,NA,PC712,ACGTGAGGAA,WC95,CTGTACCAGG,NA,JP205_P10B,human_mouse,CC11_CC12,SM_SM,no
JP205_PC712_WC96,JP205,NA,NA,PC712,ACGTGAGGAA,WC96,ACTGGTTCCG,NA,JP205_P10B,human_mouse,CC11_CC12,SM_SM,no
