[Data],,,,,,,,,,,,,,,,,,,,,,,,,,,,,,,,,,,,,,,,,,
Sample_ID,Sample_Plate,Sample_Well,Lane,I7_Index_ID,index,I5_Index_ID,index2,Sample_Project,Description,Species,CC_used,Condition_per_CC,ERCC,Exp_Condition_1,Exp_Condition_2,Exp_Condition_3,Dropout_Cell_Type,Dropout_Cell_CC,Dropout_Cell_WC,Tn5_FragmentSize,Tn5_Yield
JP261_PC702_WC1,JP261,NA,NA,PC702,CTCCGCTTAT,WC1,GTCGTGAATC,NA,JP261_P1,human,CC1_CC2,islet_islet,no,islet3_CC1__islet17_CC2,islet3_1_96,islet17_1_96,no,no,no,10.1,604
JP261_PC702_WC2,JP261,NA,NA,PC702,CTCCGCTTAT,WC2,CTGTTCTACG,NA,JP261_P1,human,CC1_CC2,islet_islet,no,islet3_CC1__islet17_CC2,islet3_1_96,islet17_1_96,no,no,no,10.1,604
JP261_PC702_WC3,JP261,NA,NA,PC702,CTCCGCTTAT,WC3,GCTCTTAGGT,NA,JP261_P1,human,CC1_CC2,islet_islet,no,islet3_CC1__islet17_CC2,islet3_1_96,islet17_1_96,no,no,no,10.1,604
JP261_PC702_WC4,JP261,NA,NA,PC702,CTCCGCTTAT,WC4,TAGAAGCCAT,NA,JP261_P1,human,CC1_CC2,islet_islet,no,islet3_CC1__islet17_CC2,islet3_1_96,islet17_1_96,no,no,no,10.1,604
JP261_PC702_WC5,JP261,NA,NA,PC702,CTCCGCTTAT,WC5,CACTTAGGTA,NA,JP261_P1,human,CC1_CC2,islet_islet,no,islet3_CC1__islet17_CC2,islet3_1_96,islet17_1_96,no,no,no,10.1,604
JP261_PC702_WC6,JP261,NA,NA,PC702,CTCCGCTTAT,WC6,ATAGGTAAGG,NA,JP261_P1,human,CC1_CC2,islet_islet,no,islet3_CC1__islet17_CC2,islet3_1_96,islet17_1_96,no,no,no,10.1,604
JP261_PC702_WC7,JP261,NA,NA,PC702,CTCCGCTTAT,WC7,CGCCTTATAT,NA,JP261_P1,human,CC1_CC2,islet_islet,no,islet3_CC1__islet17_CC2,islet3_1_96,islet17_1_96,no,no,no,10.1,604
JP261_PC702_WC8,JP261,NA,NA,PC702,CTCCGCTTAT,WC8,GCACGATGCT,NA,JP261_P1,human,CC1_CC2,islet_islet,no,islet3_CC1__islet17_CC2,islet3_1_96,islet17_1_96,no,no,no,10.1,604
JP261_PC702_WC9,JP261,NA,NA,PC702,CTCCGCTTAT,WC9,AATATGCCAG,NA,JP261_P1,human,CC1_CC2,islet_islet,no,islet3_CC1__islet17_CC2,islet3_1_96,islet17_1_96,no,no,no,10.1,604
JP261_PC702_WC10,JP261,NA,NA,PC702,CTCCGCTTAT,WC10,TAGAGTCACG,NA,JP261_P1,human,CC1_CC2,islet_islet,no,islet3_CC1__islet17_CC2,islet3_1_96,islet17_1_96,no,no,no,10.1,604
JP261_PC702_WC11,JP261,NA,NA,PC702,CTCCGCTTAT,WC11,TTAACAGGTC,NA,JP261_P1,human,CC1_CC2,islet_islet,no,islet3_CC1__islet17_CC2,islet3_1_96,islet17_1_96,no,no,no,10.1,604
JP261_PC702_WC12,JP261,NA,NA,PC702,CTCCGCTTAT,WC12,ACATGAGCCA,NA,JP261_P1,human,CC1_CC2,islet_islet,no,islet3_CC1__islet17_CC2,islet3_1_96,islet17_1_96,no,no,no,10.1,604
JP261_PC702_WC13,JP261,NA,NA,PC702,CTCCGCTTAT,WC13,GCGAGGTTCT,NA,JP261_P1,human,CC1_CC2,islet_islet,no,islet3_CC1__islet17_CC2,islet3_1_96,islet17_1_96,no,no,no,10.1,604
JP261_PC702_WC14,JP261,NA,NA,PC702,CTCCGCTTAT,WC14,TGTCCGTAGG,NA,JP261_P1,human,CC1_CC2,islet_islet,no,islet3_CC1__islet17_CC2,islet3_1_96,islet17_1_96,no,no,no,10.1,604
JP261_PC702_WC15,JP261,NA,NA,PC702,CTCCGCTTAT,WC15,CATTATGCCT,NA,JP261_P1,human,CC1_CC2,islet_islet,no,islet3_CC1__islet17_CC2,islet3_1_96,islet17_1_96,no,no,no,10.1,604
JP261_PC702_WC16,JP261,NA,NA,PC702,CTCCGCTTAT,WC16,TCCACTGTTG,NA,JP261_P1,human,CC1_CC2,islet_islet,no,islet3_CC1__islet17_CC2,islet3_1_96,islet17_1_96,no,no,no,10.1,604
JP261_PC702_WC17,JP261,NA,NA,PC702,CTCCGCTTAT,WC17,CTTAACGACA,NA,JP261_P1,human,CC1_CC2,islet_islet,no,islet3_CC1__islet17_CC2,islet3_1_96,islet17_1_96,no,no,no,10.1,604
JP261_PC702_WC18,JP261,NA,NA,PC702,CTCCGCTTAT,WC18,TCCTCGAGCT,NA,JP261_P1,human,CC1_CC2,islet_islet,no,islet3_CC1__islet17_CC2,islet3_1_96,islet17_1_96,no,no,no,10.1,604
JP261_PC702_WC19,JP261,NA,NA,PC702,CTCCGCTTAT,WC19,CGAGTAATGT,NA,JP261_P1,human,CC1_CC2,islet_islet,no,islet3_CC1__islet17_CC2,islet3_1_96,islet17_1_96,no,no,no,10.1,604
JP261_PC702_WC20,JP261,NA,NA,PC702,CTCCGCTTAT,WC20,CATACCGCTG,NA,JP261_P1,human,CC1_CC2,islet_islet,no,islet3_CC1__islet17_CC2,islet3_1_96,islet17_1_96,no,no,no,10.1,604
JP261_PC702_WC21,JP261,NA,NA,PC702,CTCCGCTTAT,WC21,GCTACTTGCA,NA,JP261_P1,human,CC1_CC2,islet_islet,no,islet3_CC1__islet17_CC2,islet3_1_96,islet17_1_96,no,no,no,10.1,604
JP261_PC702_WC22,JP261,NA,NA,PC702,CTCCGCTTAT,WC22,GCTATTGAAG,NA,JP261_P1,human,CC1_CC2,islet_islet,no,islet3_CC1__islet17_CC2,islet3_1_96,islet17_1_96,no,no,no,10.1,604
JP261_PC702_WC23,JP261,NA,NA,PC702,CTCCGCTTAT,WC23,TCAGCATCCG,NA,JP261_P1,human,CC1_CC2,islet_islet,no,islet3_CC1__islet17_CC2,islet3_1_96,islet17_1_96,no,no,no,10.1,604
JP261_PC702_WC24,JP261,NA,NA,PC702,CTCCGCTTAT,WC24,TAGGTGGTGG,NA,JP261_P1,human,CC1_CC2,islet_islet,no,islet3_CC1__islet17_CC2,islet3_1_96,islet17_1_96,no,no,no,10.1,604
JP261_PC702_WC25,JP261,NA,NA,PC702,CTCCGCTTAT,WC25,AAGATCGGAT,NA,JP261_P1,human,CC1_CC2,islet_islet,no,islet3_CC1__islet17_CC2,islet3_1_96,islet17_1_96,no,no,no,10.1,604
JP261_PC702_WC26,JP261,NA,NA,PC702,CTCCGCTTAT,WC26,TTAACGTCCG,NA,JP261_P1,human,CC1_CC2,islet_islet,no,islet3_CC1__islet17_CC2,islet3_1_96,islet17_1_96,no,no,no,10.1,604
JP261_PC702_WC27,JP261,NA,NA,PC702,CTCCGCTTAT,WC27,ATTACCGATC,NA,JP261_P1,human,CC1_CC2,islet_islet,no,islet3_CC1__islet17_CC2,islet3_1_96,islet17_1_96,no,no,no,10.1,604
JP261_PC702_WC28,JP261,NA,NA,PC702,CTCCGCTTAT,WC28,GTTGCATCGT,NA,JP261_P1,human,CC1_CC2,islet_islet,no,islet3_CC1__islet17_CC2,islet3_1_96,islet17_1_96,no,no,no,10.1,604
JP261_PC702_WC29,JP261,NA,NA,PC702,CTCCGCTTAT,WC29,ACTGGACGTT,NA,JP261_P1,human,CC1_CC2,islet_islet,no,islet3_CC1__islet17_CC2,islet3_1_96,islet17_1_96,no,no,no,10.1,604
JP261_PC702_WC30,JP261,NA,NA,PC702,CTCCGCTTAT,WC30,TTGTTCGTGT,NA,JP261_P1,human,CC1_CC2,islet_islet,no,islet3_CC1__islet17_CC2,islet3_1_96,islet17_1_96,no,no,no,10.1,604
JP261_PC702_WC31,JP261,NA,NA,PC702,CTCCGCTTAT,WC31,ACGGACTGAG,NA,JP261_P1,human,CC1_CC2,islet_islet,no,islet3_CC1__islet17_CC2,islet3_1_96,islet17_1_96,no,no,no,10.1,604
JP261_PC702_WC32,JP261,NA,NA,PC702,CTCCGCTTAT,WC32,CACCGTCATA,NA,JP261_P1,human,CC1_CC2,islet_islet,no,islet3_CC1__islet17_CC2,islet3_1_96,islet17_1_96,no,no,no,10.1,604
JP261_PC702_WC33,JP261,NA,NA,PC702,CTCCGCTTAT,WC33,GTAGTTGTGT,NA,JP261_P1,human,CC1_CC2,islet_islet,no,islet3_CC1__islet17_CC2,islet3_1_96,islet17_1_96,no,no,no,10.1,604
JP261_PC702_WC34,JP261,NA,NA,PC702,CTCCGCTTAT,WC34,CTGAGTCCTT,NA,JP261_P1,human,CC1_CC2,islet_islet,no,islet3_CC1__islet17_CC2,islet3_1_96,islet17_1_96,no,no,no,10.1,604
JP261_PC702_WC35,JP261,NA,NA,PC702,CTCCGCTTAT,WC35,TCACAGTTGC,NA,JP261_P1,human,CC1_CC2,islet_islet,no,islet3_CC1__islet17_CC2,islet3_1_96,islet17_1_96,no,no,no,10.1,604
JP261_PC702_WC36,JP261,NA,NA,PC702,CTCCGCTTAT,WC36,ATTGTAAGCG,NA,JP261_P1,human,CC1_CC2,islet_islet,no,islet3_CC1__islet17_CC2,islet3_1_96,islet17_1_96,no,no,no,10.1,604
JP261_PC702_WC37,JP261,NA,NA,PC702,CTCCGCTTAT,WC37,CGGTCTCTCT,NA,JP261_P1,human,CC1_CC2,islet_islet,no,islet3_CC1__islet17_CC2,islet3_1_96,islet17_1_96,no,no,no,10.1,604
JP261_PC702_WC38,JP261,NA,NA,PC702,CTCCGCTTAT,WC38,AACAGCAATG,NA,JP261_P1,human,CC1_CC2,islet_islet,no,islet3_CC1__islet17_CC2,islet3_1_96,islet17_1_96,no,no,no,10.1,604
JP261_PC702_WC39,JP261,NA,NA,PC702,CTCCGCTTAT,WC39,TCCGTGTTGC,NA,JP261_P1,human,CC1_CC2,islet_islet,no,islet3_CC1__islet17_CC2,islet3_1_96,islet17_1_96,no,no,no,10.1,604
JP261_PC702_WC40,JP261,NA,NA,PC702,CTCCGCTTAT,WC40,TGCGAAGTGA,NA,JP261_P1,human,CC1_CC2,islet_islet,no,islet3_CC1__islet17_CC2,islet3_1_96,islet17_1_96,no,no,no,10.1,604
JP261_PC702_WC41,JP261,NA,NA,PC702,CTCCGCTTAT,WC41,CACAGCTATT,NA,JP261_P1,human,CC1_CC2,islet_islet,no,islet3_CC1__islet17_CC2,islet3_1_96,islet17_1_96,no,no,no,10.1,604
JP261_PC702_WC42,JP261,NA,NA,PC702,CTCCGCTTAT,WC42,GATAGTGTTC,NA,JP261_P1,human,CC1_CC2,islet_islet,no,islet3_CC1__islet17_CC2,islet3_1_96,islet17_1_96,no,no,no,10.1,604
JP261_PC702_WC43,JP261,NA,NA,PC702,CTCCGCTTAT,WC43,TAGCTACCAG,NA,JP261_P1,human,CC1_CC2,islet_islet,no,islet3_CC1__islet17_CC2,islet3_1_96,islet17_1_96,no,no,no,10.1,604
JP261_PC702_WC44,JP261,NA,NA,PC702,CTCCGCTTAT,WC44,TGCTCACGCA,NA,JP261_P1,human,CC1_CC2,islet_islet,no,islet3_CC1__islet17_CC2,islet3_1_96,islet17_1_96,no,no,no,10.1,604
JP261_PC702_WC45,JP261,NA,NA,PC702,CTCCGCTTAT,WC45,AAGTGTGCTA,NA,JP261_P1,human,CC1_CC2,islet_islet,no,islet3_CC1__islet17_CC2,islet3_1_96,islet17_1_96,no,no,no,10.1,604
JP261_PC702_WC46,JP261,NA,NA,PC702,CTCCGCTTAT,WC46,TCATCGTCTG,NA,JP261_P1,human,CC1_CC2,islet_islet,no,islet3_CC1__islet17_CC2,islet3_1_96,islet17_1_96,no,no,no,10.1,604
JP261_PC702_WC47,JP261,NA,NA,PC702,CTCCGCTTAT,WC47,AGATGCTCCG,NA,JP261_P1,human,CC1_CC2,islet_islet,no,islet3_CC1__islet17_CC2,islet3_1_96,islet17_1_96,no,no,no,10.1,604
JP261_PC702_WC48,JP261,NA,NA,PC702,CTCCGCTTAT,WC48,GAACCAAGCG,NA,JP261_P1,human,CC1_CC2,islet_islet,no,islet3_CC1__islet17_CC2,islet3_1_96,islet17_1_96,no,no,no,10.1,604
JP261_PC702_WC49,JP261,NA,NA,PC702,CTCCGCTTAT,WC49,CCTCTTCAAG,NA,JP261_P1,human,CC1_CC2,islet_islet,no,islet3_CC1__islet17_CC2,islet3_1_96,islet17_1_96,no,no,no,10.1,604
JP261_PC702_WC50,JP261,NA,NA,PC702,CTCCGCTTAT,WC50,CGTCGCATCT,NA,JP261_P1,human,CC1_CC2,islet_islet,no,islet3_CC1__islet17_CC2,islet3_1_96,islet17_1_96,no,no,no,10.1,604
JP261_PC702_WC51,JP261,NA,NA,PC702,CTCCGCTTAT,WC51,CCGAACGTTC,NA,JP261_P1,human,CC1_CC2,islet_islet,no,islet3_CC1__islet17_CC2,islet3_1_96,islet17_1_96,no,no,no,10.1,604
JP261_PC702_WC52,JP261,NA,NA,PC702,CTCCGCTTAT,WC52,GAATGGCGTT,NA,JP261_P1,human,CC1_CC2,islet_islet,no,islet3_CC1__islet17_CC2,islet3_1_96,islet17_1_96,no,no,no,10.1,604
JP261_PC702_WC53,JP261,NA,NA,PC702,CTCCGCTTAT,WC53,AAGTTCAGGA,NA,JP261_P1,human,CC1_CC2,islet_islet,no,islet3_CC1__islet17_CC2,islet3_1_96,islet17_1_96,no,no,no,10.1,604
JP261_PC702_WC54,JP261,NA,NA,PC702,CTCCGCTTAT,WC54,GACCAATTGT,NA,JP261_P1,human,CC1_CC2,islet_islet,no,islet3_CC1__islet17_CC2,islet3_1_96,islet17_1_96,no,no,no,10.1,604
JP261_PC702_WC55,JP261,NA,NA,PC702,CTCCGCTTAT,WC55,TGTCTGTGAC,NA,JP261_P1,human,CC1_CC2,islet_islet,no,islet3_CC1__islet17_CC2,islet3_1_96,islet17_1_96,no,no,no,10.1,604
JP261_PC702_WC56,JP261,NA,NA,PC702,CTCCGCTTAT,WC56,GAACATTGGC,NA,JP261_P1,human,CC1_CC2,islet_islet,no,islet3_CC1__islet17_CC2,islet3_1_96,islet17_1_96,no,no,no,10.1,604
JP261_PC702_WC57,JP261,NA,NA,PC702,CTCCGCTTAT,WC57,CGTAACACTA,NA,JP261_P1,human,CC1_CC2,islet_islet,no,islet3_CC1__islet17_CC2,islet3_1_96,islet17_1_96,no,no,no,10.1,604
JP261_PC702_WC58,JP261,NA,NA,PC702,CTCCGCTTAT,WC58,GTACTTCCAA,NA,JP261_P1,human,CC1_CC2,islet_islet,no,islet3_CC1__islet17_CC2,islet3_1_96,islet17_1_96,no,no,no,10.1,604
JP261_PC702_WC59,JP261,NA,NA,PC702,CTCCGCTTAT,WC59,TTAGCGTCTT,NA,JP261_P1,human,CC1_CC2,islet_islet,no,islet3_CC1__islet17_CC2,islet3_1_96,islet17_1_96,no,no,no,10.1,604
JP261_PC702_WC60,JP261,NA,NA,PC702,CTCCGCTTAT,WC60,TTGACCGTCT,NA,JP261_P1,human,CC1_CC2,islet_islet,no,islet3_CC1__islet17_CC2,islet3_1_96,islet17_1_96,no,no,no,10.1,604
JP261_PC702_WC61,JP261,NA,NA,PC702,CTCCGCTTAT,WC61,ACGGCTTCTC,NA,JP261_P1,human,CC1_CC2,islet_islet,no,islet3_CC1__islet17_CC2,islet3_1_96,islet17_1_96,no,no,no,10.1,604
JP261_PC702_WC62,JP261,NA,NA,PC702,CTCCGCTTAT,WC62,TGCGATGTAT,NA,JP261_P1,human,CC1_CC2,islet_islet,no,islet3_CC1__islet17_CC2,islet3_1_96,islet17_1_96,no,no,no,10.1,604
JP261_PC702_WC63,JP261,NA,NA,PC702,CTCCGCTTAT,WC63,GCGTTCAGCA,NA,JP261_P1,human,CC1_CC2,islet_islet,no,islet3_CC1__islet17_CC2,islet3_1_96,islet17_1_96,no,no,no,10.1,604
JP261_PC702_WC64,JP261,NA,NA,PC702,CTCCGCTTAT,WC64,GCCTAGGAAG,NA,JP261_P1,human,CC1_CC2,islet_islet,no,islet3_CC1__islet17_CC2,islet3_1_96,islet17_1_96,no,no,no,10.1,604
JP261_PC702_WC65,JP261,NA,NA,PC702,CTCCGCTTAT,WC65,GTTACCAACG,NA,JP261_P1,human,CC1_CC2,islet_islet,no,islet3_CC1__islet17_CC2,islet3_1_96,islet17_1_96,no,no,no,10.1,604
JP261_PC702_WC66,JP261,NA,NA,PC702,CTCCGCTTAT,WC66,ACGAACCAAG,NA,JP261_P1,human,CC1_CC2,islet_islet,no,islet3_CC1__islet17_CC2,islet3_1_96,islet17_1_96,no,no,no,10.1,604
JP261_PC702_WC67,JP261,NA,NA,PC702,CTCCGCTTAT,WC67,CACGCAAGTC,NA,JP261_P1,human,CC1_CC2,islet_islet,no,islet3_CC1__islet17_CC2,islet3_1_96,islet17_1_96,no,no,no,10.1,604
JP261_PC702_WC68,JP261,NA,NA,PC702,CTCCGCTTAT,WC68,GCTGGAGAAG,NA,JP261_P1,human,CC1_CC2,islet_islet,no,islet3_CC1__islet17_CC2,islet3_1_96,islet17_1_96,no,no,no,10.1,604
JP261_PC702_WC69,JP261,NA,NA,PC702,CTCCGCTTAT,WC69,CCAGTGTACG,NA,JP261_P1,human,CC1_CC2,islet_islet,no,islet3_CC1__islet17_CC2,islet3_1_96,islet17_1_96,no,no,no,10.1,604
JP261_PC702_WC70,JP261,NA,NA,PC702,CTCCGCTTAT,WC70,GTTGATGCGA,NA,JP261_P1,human,CC1_CC2,islet_islet,no,islet3_CC1__islet17_CC2,islet3_1_96,islet17_1_96,no,no,no,10.1,604
JP261_PC702_WC71,JP261,NA,NA,PC702,CTCCGCTTAT,WC71,CGCTTGTTAT,NA,JP261_P1,human,CC1_CC2,islet_islet,no,islet3_CC1__islet17_CC2,islet3_1_96,islet17_1_96,no,no,no,10.1,604
JP261_PC702_WC72,JP261,NA,NA,PC702,CTCCGCTTAT,WC72,GTAACGTTCA,NA,JP261_P1,human,CC1_CC2,islet_islet,no,islet3_CC1__islet17_CC2,islet3_1_96,islet17_1_96,no,no,no,10.1,604
JP261_PC702_WC73,JP261,NA,NA,PC702,CTCCGCTTAT,WC73,CCGAGTCTTC,NA,JP261_P1,human,CC1_CC2,islet_islet,no,islet3_CC1__islet17_CC2,islet3_1_96,islet17_1_96,no,no,no,10.1,604
JP261_PC702_WC74,JP261,NA,NA,PC702,CTCCGCTTAT,WC74,TATTGCGCTA,NA,JP261_P1,human,CC1_CC2,islet_islet,no,islet3_CC1__islet17_CC2,islet3_1_96,islet17_1_96,no,no,no,10.1,604
JP261_PC702_WC75,JP261,NA,NA,PC702,CTCCGCTTAT,WC75,TGTGGTCTAA,NA,JP261_P1,human,CC1_CC2,islet_islet,no,islet3_CC1__islet17_CC2,islet3_1_96,islet17_1_96,no,no,no,10.1,604
JP261_PC702_WC76,JP261,NA,NA,PC702,CTCCGCTTAT,WC76,CACGTCTACG,NA,JP261_P1,human,CC1_CC2,islet_islet,no,islet3_CC1__islet17_CC2,islet3_1_96,islet17_1_96,no,no,no,10.1,604
JP261_PC702_WC77,JP261,NA,NA,PC702,CTCCGCTTAT,WC77,AGTCCAGTGA,NA,JP261_P1,human,CC1_CC2,islet_islet,no,islet3_CC1__islet17_CC2,islet3_1_96,islet17_1_96,no,no,no,10.1,604
JP261_PC702_WC78,JP261,NA,NA,PC702,CTCCGCTTAT,WC78,ATGCTTGGTC,NA,JP261_P1,human,CC1_CC2,islet_islet,no,islet3_CC1__islet17_CC2,islet3_1_96,islet17_1_96,no,no,no,10.1,604
JP261_PC702_WC79,JP261,NA,NA,PC702,CTCCGCTTAT,WC79,TGATACTCGC,NA,JP261_P1,human,CC1_CC2,islet_islet,no,islet3_CC1__islet17_CC2,islet3_1_96,islet17_1_96,no,no,no,10.1,604
JP261_PC702_WC80,JP261,NA,NA,PC702,CTCCGCTTAT,WC80,TTATCGAGAG,NA,JP261_P1,human,CC1_CC2,islet_islet,no,islet3_CC1__islet17_CC2,islet3_1_96,islet17_1_96,no,no,no,10.1,604
JP261_PC702_WC81,JP261,NA,NA,PC702,CTCCGCTTAT,WC81,TGCCAGTATT,NA,JP261_P1,human,CC1_CC2,islet_islet,no,islet3_CC1__islet17_CC2,islet3_1_96,islet17_1_96,no,no,no,10.1,604
JP261_PC702_WC82,JP261,NA,NA,PC702,CTCCGCTTAT,WC82,GAGTTGCATA,NA,JP261_P1,human,CC1_CC2,islet_islet,no,islet3_CC1__islet17_CC2,islet3_1_96,islet17_1_96,no,no,no,10.1,604
JP261_PC702_WC83,JP261,NA,NA,PC702,CTCCGCTTAT,WC83,ACACTAGCAT,NA,JP261_P1,human,CC1_CC2,islet_islet,no,islet3_CC1__islet17_CC2,islet3_1_96,islet17_1_96,no,no,no,10.1,604
JP261_PC702_WC84,JP261,NA,NA,PC702,CTCCGCTTAT,WC84,GTTCTAATGG,NA,JP261_P1,human,CC1_CC2,islet_islet,no,islet3_CC1__islet17_CC2,islet3_1_96,islet17_1_96,no,no,no,10.1,604
JP261_PC702_WC85,JP261,NA,NA,PC702,CTCCGCTTAT,WC85,CGTTCACGTT,NA,JP261_P1,human,CC1_CC2,islet_islet,no,islet3_CC1__islet17_CC2,islet3_1_96,islet17_1_96,no,no,no,10.1,604
JP261_PC702_WC86,JP261,NA,NA,PC702,CTCCGCTTAT,WC86,GACTGCGTTA,NA,JP261_P1,human,CC1_CC2,islet_islet,no,islet3_CC1__islet17_CC2,islet3_1_96,islet17_1_96,no,no,no,10.1,604
JP261_PC702_WC87,JP261,NA,NA,PC702,CTCCGCTTAT,WC87,TGGCTTATGG,NA,JP261_P1,human,CC1_CC2,islet_islet,no,islet3_CC1__islet17_CC2,islet3_1_96,islet17_1_96,no,no,no,10.1,604
JP261_PC702_WC88,JP261,NA,NA,PC702,CTCCGCTTAT,WC88,TCAGAGGCAC,NA,JP261_P1,human,CC1_CC2,islet_islet,no,islet3_CC1__islet17_CC2,islet3_1_96,islet17_1_96,no,no,no,10.1,604
JP261_PC702_WC89,JP261,NA,NA,PC702,CTCCGCTTAT,WC89,CGCTAGGCTA,NA,JP261_P1,human,CC1_CC2,islet_islet,no,islet3_CC1__islet17_CC2,islet3_1_96,islet17_1_96,no,no,no,10.1,604
JP261_PC702_WC90,JP261,NA,NA,PC702,CTCCGCTTAT,WC90,AACCGTAACA,NA,JP261_P1,human,CC1_CC2,islet_islet,no,islet3_CC1__islet17_CC2,islet3_1_96,islet17_1_96,no,no,no,10.1,604
JP261_PC702_WC91,JP261,NA,NA,PC702,CTCCGCTTAT,WC91,CTTGGTATGA,NA,JP261_P1,human,CC1_CC2,islet_islet,no,islet3_CC1__islet17_CC2,islet3_1_96,islet17_1_96,no,no,no,10.1,604
JP261_PC702_WC92,JP261,NA,NA,PC702,CTCCGCTTAT,WC92,TGTAGATCCG,NA,JP261_P1,human,CC1_CC2,islet_islet,no,islet3_CC1__islet17_CC2,islet3_1_96,islet17_1_96,no,no,no,10.1,604
JP261_PC702_WC93,JP261,NA,NA,PC702,CTCCGCTTAT,WC93,AACTCTACCG,NA,JP261_P1,human,CC1_CC2,islet_islet,no,islet3_CC1__islet17_CC2,islet3_1_96,islet17_1_96,no,no,no,10.1,604
JP261_PC702_WC94,JP261,NA,NA,PC702,CTCCGCTTAT,WC94,CGTGACATTC,NA,JP261_P1,human,CC1_CC2,islet_islet,no,islet3_CC1__islet17_CC2,islet3_1_96,islet17_1_96,no,no,no,10.1,604
JP261_PC702_WC95,JP261,NA,NA,PC702,CTCCGCTTAT,WC95,CTGTACCAGG,NA,JP261_P1,human,CC1_CC2,islet_islet,no,islet3_CC1__islet17_CC2,islet3_1_96,islet17_1_96,no,no,no,10.1,604
JP261_PC702_WC96,JP261,NA,NA,PC702,CTCCGCTTAT,WC96,ACTGGTTCCG,NA,JP261_P1,human,CC1_CC2,islet_islet,no,islet3_CC1__islet17_CC2,islet3_1_96,islet17_1_96,no,no,no,10.1,604
JP261_PC703_WC1,JP261,NA,NA,PC703,ATTAAGGTCG,WC1,GTCGTGAATC,NA,JP261_P2,human,CC1_CC2,islet_islet,no,islet3_CC1__islet7_CC1__islet17_CC2,islet3_1_72__islet7_73_96,islet17_1_96,no,no,no,9.59,619
JP261_PC703_WC2,JP261,NA,NA,PC703,ATTAAGGTCG,WC2,CTGTTCTACG,NA,JP261_P2,human,CC1_CC2,islet_islet,no,islet3_CC1__islet7_CC1__islet17_CC2,islet3_1_72__islet7_73_96,islet17_1_96,no,no,no,9.59,619
JP261_PC703_WC3,JP261,NA,NA,PC703,ATTAAGGTCG,WC3,GCTCTTAGGT,NA,JP261_P2,human,CC1_CC2,islet_islet,no,islet3_CC1__islet7_CC1__islet17_CC2,islet3_1_72__islet7_73_96,islet17_1_96,no,no,no,9.59,619
JP261_PC703_WC4,JP261,NA,NA,PC703,ATTAAGGTCG,WC4,TAGAAGCCAT,NA,JP261_P2,human,CC1_CC2,islet_islet,no,islet3_CC1__islet7_CC1__islet17_CC2,islet3_1_72__islet7_73_96,islet17_1_96,no,no,no,9.59,619
JP261_PC703_WC5,JP261,NA,NA,PC703,ATTAAGGTCG,WC5,CACTTAGGTA,NA,JP261_P2,human,CC1_CC2,islet_islet,no,islet3_CC1__islet7_CC1__islet17_CC2,islet3_1_72__islet7_73_96,islet17_1_96,no,no,no,9.59,619
JP261_PC703_WC6,JP261,NA,NA,PC703,ATTAAGGTCG,WC6,ATAGGTAAGG,NA,JP261_P2,human,CC1_CC2,islet_islet,no,islet3_CC1__islet7_CC1__islet17_CC2,islet3_1_72__islet7_73_96,islet17_1_96,no,no,no,9.59,619
JP261_PC703_WC7,JP261,NA,NA,PC703,ATTAAGGTCG,WC7,CGCCTTATAT,NA,JP261_P2,human,CC1_CC2,islet_islet,no,islet3_CC1__islet7_CC1__islet17_CC2,islet3_1_72__islet7_73_96,islet17_1_96,no,no,no,9.59,619
JP261_PC703_WC8,JP261,NA,NA,PC703,ATTAAGGTCG,WC8,GCACGATGCT,NA,JP261_P2,human,CC1_CC2,islet_islet,no,islet3_CC1__islet7_CC1__islet17_CC2,islet3_1_72__islet7_73_96,islet17_1_96,no,no,no,9.59,619
JP261_PC703_WC9,JP261,NA,NA,PC703,ATTAAGGTCG,WC9,AATATGCCAG,NA,JP261_P2,human,CC1_CC2,islet_islet,no,islet3_CC1__islet7_CC1__islet17_CC2,islet3_1_72__islet7_73_96,islet17_1_96,no,no,no,9.59,619
JP261_PC703_WC10,JP261,NA,NA,PC703,ATTAAGGTCG,WC10,TAGAGTCACG,NA,JP261_P2,human,CC1_CC2,islet_islet,no,islet3_CC1__islet7_CC1__islet17_CC2,islet3_1_72__islet7_73_96,islet17_1_96,no,no,no,9.59,619
JP261_PC703_WC11,JP261,NA,NA,PC703,ATTAAGGTCG,WC11,TTAACAGGTC,NA,JP261_P2,human,CC1_CC2,islet_islet,no,islet3_CC1__islet7_CC1__islet17_CC2,islet3_1_72__islet7_73_96,islet17_1_96,no,no,no,9.59,619
JP261_PC703_WC12,JP261,NA,NA,PC703,ATTAAGGTCG,WC12,ACATGAGCCA,NA,JP261_P2,human,CC1_CC2,islet_islet,no,islet3_CC1__islet7_CC1__islet17_CC2,islet3_1_72__islet7_73_96,islet17_1_96,no,no,no,9.59,619
JP261_PC703_WC13,JP261,NA,NA,PC703,ATTAAGGTCG,WC13,GCGAGGTTCT,NA,JP261_P2,human,CC1_CC2,islet_islet,no,islet3_CC1__islet7_CC1__islet17_CC2,islet3_1_72__islet7_73_96,islet17_1_96,no,no,no,9.59,619
JP261_PC703_WC14,JP261,NA,NA,PC703,ATTAAGGTCG,WC14,TGTCCGTAGG,NA,JP261_P2,human,CC1_CC2,islet_islet,no,islet3_CC1__islet7_CC1__islet17_CC2,islet3_1_72__islet7_73_96,islet17_1_96,no,no,no,9.59,619
JP261_PC703_WC15,JP261,NA,NA,PC703,ATTAAGGTCG,WC15,CATTATGCCT,NA,JP261_P2,human,CC1_CC2,islet_islet,no,islet3_CC1__islet7_CC1__islet17_CC2,islet3_1_72__islet7_73_96,islet17_1_96,no,no,no,9.59,619
JP261_PC703_WC16,JP261,NA,NA,PC703,ATTAAGGTCG,WC16,TCCACTGTTG,NA,JP261_P2,human,CC1_CC2,islet_islet,no,islet3_CC1__islet7_CC1__islet17_CC2,islet3_1_72__islet7_73_96,islet17_1_96,no,no,no,9.59,619
JP261_PC703_WC17,JP261,NA,NA,PC703,ATTAAGGTCG,WC17,CTTAACGACA,NA,JP261_P2,human,CC1_CC2,islet_islet,no,islet3_CC1__islet7_CC1__islet17_CC2,islet3_1_72__islet7_73_96,islet17_1_96,no,no,no,9.59,619
JP261_PC703_WC18,JP261,NA,NA,PC703,ATTAAGGTCG,WC18,TCCTCGAGCT,NA,JP261_P2,human,CC1_CC2,islet_islet,no,islet3_CC1__islet7_CC1__islet17_CC2,islet3_1_72__islet7_73_96,islet17_1_96,no,no,no,9.59,619
JP261_PC703_WC19,JP261,NA,NA,PC703,ATTAAGGTCG,WC19,CGAGTAATGT,NA,JP261_P2,human,CC1_CC2,islet_islet,no,islet3_CC1__islet7_CC1__islet17_CC2,islet3_1_72__islet7_73_96,islet17_1_96,no,no,no,9.59,619
JP261_PC703_WC20,JP261,NA,NA,PC703,ATTAAGGTCG,WC20,CATACCGCTG,NA,JP261_P2,human,CC1_CC2,islet_islet,no,islet3_CC1__islet7_CC1__islet17_CC2,islet3_1_72__islet7_73_96,islet17_1_96,no,no,no,9.59,619
JP261_PC703_WC21,JP261,NA,NA,PC703,ATTAAGGTCG,WC21,GCTACTTGCA,NA,JP261_P2,human,CC1_CC2,islet_islet,no,islet3_CC1__islet7_CC1__islet17_CC2,islet3_1_72__islet7_73_96,islet17_1_96,no,no,no,9.59,619
JP261_PC703_WC22,JP261,NA,NA,PC703,ATTAAGGTCG,WC22,GCTATTGAAG,NA,JP261_P2,human,CC1_CC2,islet_islet,no,islet3_CC1__islet7_CC1__islet17_CC2,islet3_1_72__islet7_73_96,islet17_1_96,no,no,no,9.59,619
JP261_PC703_WC23,JP261,NA,NA,PC703,ATTAAGGTCG,WC23,TCAGCATCCG,NA,JP261_P2,human,CC1_CC2,islet_islet,no,islet3_CC1__islet7_CC1__islet17_CC2,islet3_1_72__islet7_73_96,islet17_1_96,no,no,no,9.59,619
JP261_PC703_WC24,JP261,NA,NA,PC703,ATTAAGGTCG,WC24,TAGGTGGTGG,NA,JP261_P2,human,CC1_CC2,islet_islet,no,islet3_CC1__islet7_CC1__islet17_CC2,islet3_1_72__islet7_73_96,islet17_1_96,no,no,no,9.59,619
JP261_PC703_WC25,JP261,NA,NA,PC703,ATTAAGGTCG,WC25,AAGATCGGAT,NA,JP261_P2,human,CC1_CC2,islet_islet,no,islet3_CC1__islet7_CC1__islet17_CC2,islet3_1_72__islet7_73_96,islet17_1_96,no,no,no,9.59,619
JP261_PC703_WC26,JP261,NA,NA,PC703,ATTAAGGTCG,WC26,TTAACGTCCG,NA,JP261_P2,human,CC1_CC2,islet_islet,no,islet3_CC1__islet7_CC1__islet17_CC2,islet3_1_72__islet7_73_96,islet17_1_96,no,no,no,9.59,619
JP261_PC703_WC27,JP261,NA,NA,PC703,ATTAAGGTCG,WC27,ATTACCGATC,NA,JP261_P2,human,CC1_CC2,islet_islet,no,islet3_CC1__islet7_CC1__islet17_CC2,islet3_1_72__islet7_73_96,islet17_1_96,no,no,no,9.59,619
JP261_PC703_WC28,JP261,NA,NA,PC703,ATTAAGGTCG,WC28,GTTGCATCGT,NA,JP261_P2,human,CC1_CC2,islet_islet,no,islet3_CC1__islet7_CC1__islet17_CC2,islet3_1_72__islet7_73_96,islet17_1_96,no,no,no,9.59,619
JP261_PC703_WC29,JP261,NA,NA,PC703,ATTAAGGTCG,WC29,ACTGGACGTT,NA,JP261_P2,human,CC1_CC2,islet_islet,no,islet3_CC1__islet7_CC1__islet17_CC2,islet3_1_72__islet7_73_96,islet17_1_96,no,no,no,9.59,619
JP261_PC703_WC30,JP261,NA,NA,PC703,ATTAAGGTCG,WC30,TTGTTCGTGT,NA,JP261_P2,human,CC1_CC2,islet_islet,no,islet3_CC1__islet7_CC1__islet17_CC2,islet3_1_72__islet7_73_96,islet17_1_96,no,no,no,9.59,619
JP261_PC703_WC31,JP261,NA,NA,PC703,ATTAAGGTCG,WC31,ACGGACTGAG,NA,JP261_P2,human,CC1_CC2,islet_islet,no,islet3_CC1__islet7_CC1__islet17_CC2,islet3_1_72__islet7_73_96,islet17_1_96,no,no,no,9.59,619
JP261_PC703_WC32,JP261,NA,NA,PC703,ATTAAGGTCG,WC32,CACCGTCATA,NA,JP261_P2,human,CC1_CC2,islet_islet,no,islet3_CC1__islet7_CC1__islet17_CC2,islet3_1_72__islet7_73_96,islet17_1_96,no,no,no,9.59,619
JP261_PC703_WC33,JP261,NA,NA,PC703,ATTAAGGTCG,WC33,GTAGTTGTGT,NA,JP261_P2,human,CC1_CC2,islet_islet,no,islet3_CC1__islet7_CC1__islet17_CC2,islet3_1_72__islet7_73_96,islet17_1_96,no,no,no,9.59,619
JP261_PC703_WC34,JP261,NA,NA,PC703,ATTAAGGTCG,WC34,CTGAGTCCTT,NA,JP261_P2,human,CC1_CC2,islet_islet,no,islet3_CC1__islet7_CC1__islet17_CC2,islet3_1_72__islet7_73_96,islet17_1_96,no,no,no,9.59,619
JP261_PC703_WC35,JP261,NA,NA,PC703,ATTAAGGTCG,WC35,TCACAGTTGC,NA,JP261_P2,human,CC1_CC2,islet_islet,no,islet3_CC1__islet7_CC1__islet17_CC2,islet3_1_72__islet7_73_96,islet17_1_96,no,no,no,9.59,619
JP261_PC703_WC36,JP261,NA,NA,PC703,ATTAAGGTCG,WC36,ATTGTAAGCG,NA,JP261_P2,human,CC1_CC2,islet_islet,no,islet3_CC1__islet7_CC1__islet17_CC2,islet3_1_72__islet7_73_96,islet17_1_96,no,no,no,9.59,619
JP261_PC703_WC37,JP261,NA,NA,PC703,ATTAAGGTCG,WC37,CGGTCTCTCT,NA,JP261_P2,human,CC1_CC2,islet_islet,no,islet3_CC1__islet7_CC1__islet17_CC2,islet3_1_72__islet7_73_96,islet17_1_96,no,no,no,9.59,619
JP261_PC703_WC38,JP261,NA,NA,PC703,ATTAAGGTCG,WC38,AACAGCAATG,NA,JP261_P2,human,CC1_CC2,islet_islet,no,islet3_CC1__islet7_CC1__islet17_CC2,islet3_1_72__islet7_73_96,islet17_1_96,no,no,no,9.59,619
JP261_PC703_WC39,JP261,NA,NA,PC703,ATTAAGGTCG,WC39,TCCGTGTTGC,NA,JP261_P2,human,CC1_CC2,islet_islet,no,islet3_CC1__islet7_CC1__islet17_CC2,islet3_1_72__islet7_73_96,islet17_1_96,no,no,no,9.59,619
JP261_PC703_WC40,JP261,NA,NA,PC703,ATTAAGGTCG,WC40,TGCGAAGTGA,NA,JP261_P2,human,CC1_CC2,islet_islet,no,islet3_CC1__islet7_CC1__islet17_CC2,islet3_1_72__islet7_73_96,islet17_1_96,no,no,no,9.59,619
JP261_PC703_WC41,JP261,NA,NA,PC703,ATTAAGGTCG,WC41,CACAGCTATT,NA,JP261_P2,human,CC1_CC2,islet_islet,no,islet3_CC1__islet7_CC1__islet17_CC2,islet3_1_72__islet7_73_96,islet17_1_96,no,no,no,9.59,619
JP261_PC703_WC42,JP261,NA,NA,PC703,ATTAAGGTCG,WC42,GATAGTGTTC,NA,JP261_P2,human,CC1_CC2,islet_islet,no,islet3_CC1__islet7_CC1__islet17_CC2,islet3_1_72__islet7_73_96,islet17_1_96,no,no,no,9.59,619
JP261_PC703_WC43,JP261,NA,NA,PC703,ATTAAGGTCG,WC43,TAGCTACCAG,NA,JP261_P2,human,CC1_CC2,islet_islet,no,islet3_CC1__islet7_CC1__islet17_CC2,islet3_1_72__islet7_73_96,islet17_1_96,no,no,no,9.59,619
JP261_PC703_WC44,JP261,NA,NA,PC703,ATTAAGGTCG,WC44,TGCTCACGCA,NA,JP261_P2,human,CC1_CC2,islet_islet,no,islet3_CC1__islet7_CC1__islet17_CC2,islet3_1_72__islet7_73_96,islet17_1_96,no,no,no,9.59,619
JP261_PC703_WC45,JP261,NA,NA,PC703,ATTAAGGTCG,WC45,AAGTGTGCTA,NA,JP261_P2,human,CC1_CC2,islet_islet,no,islet3_CC1__islet7_CC1__islet17_CC2,islet3_1_72__islet7_73_96,islet17_1_96,no,no,no,9.59,619
JP261_PC703_WC46,JP261,NA,NA,PC703,ATTAAGGTCG,WC46,TCATCGTCTG,NA,JP261_P2,human,CC1_CC2,islet_islet,no,islet3_CC1__islet7_CC1__islet17_CC2,islet3_1_72__islet7_73_96,islet17_1_96,no,no,no,9.59,619
JP261_PC703_WC47,JP261,NA,NA,PC703,ATTAAGGTCG,WC47,AGATGCTCCG,NA,JP261_P2,human,CC1_CC2,islet_islet,no,islet3_CC1__islet7_CC1__islet17_CC2,islet3_1_72__islet7_73_96,islet17_1_96,no,no,no,9.59,619
JP261_PC703_WC48,JP261,NA,NA,PC703,ATTAAGGTCG,WC48,GAACCAAGCG,NA,JP261_P2,human,CC1_CC2,islet_islet,no,islet3_CC1__islet7_CC1__islet17_CC2,islet3_1_72__islet7_73_96,islet17_1_96,no,no,no,9.59,619
JP261_PC703_WC49,JP261,NA,NA,PC703,ATTAAGGTCG,WC49,CCTCTTCAAG,NA,JP261_P2,human,CC1_CC2,islet_islet,no,islet3_CC1__islet7_CC1__islet17_CC2,islet3_1_72__islet7_73_96,islet17_1_96,no,no,no,9.59,619
JP261_PC703_WC50,JP261,NA,NA,PC703,ATTAAGGTCG,WC50,CGTCGCATCT,NA,JP261_P2,human,CC1_CC2,islet_islet,no,islet3_CC1__islet7_CC1__islet17_CC2,islet3_1_72__islet7_73_96,islet17_1_96,no,no,no,9.59,619
JP261_PC703_WC51,JP261,NA,NA,PC703,ATTAAGGTCG,WC51,CCGAACGTTC,NA,JP261_P2,human,CC1_CC2,islet_islet,no,islet3_CC1__islet7_CC1__islet17_CC2,islet3_1_72__islet7_73_96,islet17_1_96,no,no,no,9.59,619
JP261_PC703_WC52,JP261,NA,NA,PC703,ATTAAGGTCG,WC52,GAATGGCGTT,NA,JP261_P2,human,CC1_CC2,islet_islet,no,islet3_CC1__islet7_CC1__islet17_CC2,islet3_1_72__islet7_73_96,islet17_1_96,no,no,no,9.59,619
JP261_PC703_WC53,JP261,NA,NA,PC703,ATTAAGGTCG,WC53,AAGTTCAGGA,NA,JP261_P2,human,CC1_CC2,islet_islet,no,islet3_CC1__islet7_CC1__islet17_CC2,islet3_1_72__islet7_73_96,islet17_1_96,no,no,no,9.59,619
JP261_PC703_WC54,JP261,NA,NA,PC703,ATTAAGGTCG,WC54,GACCAATTGT,NA,JP261_P2,human,CC1_CC2,islet_islet,no,islet3_CC1__islet7_CC1__islet17_CC2,islet3_1_72__islet7_73_96,islet17_1_96,no,no,no,9.59,619
JP261_PC703_WC55,JP261,NA,NA,PC703,ATTAAGGTCG,WC55,TGTCTGTGAC,NA,JP261_P2,human,CC1_CC2,islet_islet,no,islet3_CC1__islet7_CC1__islet17_CC2,islet3_1_72__islet7_73_96,islet17_1_96,no,no,no,9.59,619
JP261_PC703_WC56,JP261,NA,NA,PC703,ATTAAGGTCG,WC56,GAACATTGGC,NA,JP261_P2,human,CC1_CC2,islet_islet,no,islet3_CC1__islet7_CC1__islet17_CC2,islet3_1_72__islet7_73_96,islet17_1_96,no,no,no,9.59,619
JP261_PC703_WC57,JP261,NA,NA,PC703,ATTAAGGTCG,WC57,CGTAACACTA,NA,JP261_P2,human,CC1_CC2,islet_islet,no,islet3_CC1__islet7_CC1__islet17_CC2,islet3_1_72__islet7_73_96,islet17_1_96,no,no,no,9.59,619
JP261_PC703_WC58,JP261,NA,NA,PC703,ATTAAGGTCG,WC58,GTACTTCCAA,NA,JP261_P2,human,CC1_CC2,islet_islet,no,islet3_CC1__islet7_CC1__islet17_CC2,islet3_1_72__islet7_73_96,islet17_1_96,no,no,no,9.59,619
JP261_PC703_WC59,JP261,NA,NA,PC703,ATTAAGGTCG,WC59,TTAGCGTCTT,NA,JP261_P2,human,CC1_CC2,islet_islet,no,islet3_CC1__islet7_CC1__islet17_CC2,islet3_1_72__islet7_73_96,islet17_1_96,no,no,no,9.59,619
JP261_PC703_WC60,JP261,NA,NA,PC703,ATTAAGGTCG,WC60,TTGACCGTCT,NA,JP261_P2,human,CC1_CC2,islet_islet,no,islet3_CC1__islet7_CC1__islet17_CC2,islet3_1_72__islet7_73_96,islet17_1_96,no,no,no,9.59,619
JP261_PC703_WC61,JP261,NA,NA,PC703,ATTAAGGTCG,WC61,ACGGCTTCTC,NA,JP261_P2,human,CC1_CC2,islet_islet,no,islet3_CC1__islet7_CC1__islet17_CC2,islet3_1_72__islet7_73_96,islet17_1_96,no,no,no,9.59,619
JP261_PC703_WC62,JP261,NA,NA,PC703,ATTAAGGTCG,WC62,TGCGATGTAT,NA,JP261_P2,human,CC1_CC2,islet_islet,no,islet3_CC1__islet7_CC1__islet17_CC2,islet3_1_72__islet7_73_96,islet17_1_96,no,no,no,9.59,619
JP261_PC703_WC63,JP261,NA,NA,PC703,ATTAAGGTCG,WC63,GCGTTCAGCA,NA,JP261_P2,human,CC1_CC2,islet_islet,no,islet3_CC1__islet7_CC1__islet17_CC2,islet3_1_72__islet7_73_96,islet17_1_96,no,no,no,9.59,619
JP261_PC703_WC64,JP261,NA,NA,PC703,ATTAAGGTCG,WC64,GCCTAGGAAG,NA,JP261_P2,human,CC1_CC2,islet_islet,no,islet3_CC1__islet7_CC1__islet17_CC2,islet3_1_72__islet7_73_96,islet17_1_96,no,no,no,9.59,619
JP261_PC703_WC65,JP261,NA,NA,PC703,ATTAAGGTCG,WC65,GTTACCAACG,NA,JP261_P2,human,CC1_CC2,islet_islet,no,islet3_CC1__islet7_CC1__islet17_CC2,islet3_1_72__islet7_73_96,islet17_1_96,no,no,no,9.59,619
JP261_PC703_WC66,JP261,NA,NA,PC703,ATTAAGGTCG,WC66,ACGAACCAAG,NA,JP261_P2,human,CC1_CC2,islet_islet,no,islet3_CC1__islet7_CC1__islet17_CC2,islet3_1_72__islet7_73_96,islet17_1_96,no,no,no,9.59,619
JP261_PC703_WC67,JP261,NA,NA,PC703,ATTAAGGTCG,WC67,CACGCAAGTC,NA,JP261_P2,human,CC1_CC2,islet_islet,no,islet3_CC1__islet7_CC1__islet17_CC2,islet3_1_72__islet7_73_96,islet17_1_96,no,no,no,9.59,619
JP261_PC703_WC68,JP261,NA,NA,PC703,ATTAAGGTCG,WC68,GCTGGAGAAG,NA,JP261_P2,human,CC1_CC2,islet_islet,no,islet3_CC1__islet7_CC1__islet17_CC2,islet3_1_72__islet7_73_96,islet17_1_96,no,no,no,9.59,619
JP261_PC703_WC69,JP261,NA,NA,PC703,ATTAAGGTCG,WC69,CCAGTGTACG,NA,JP261_P2,human,CC1_CC2,islet_islet,no,islet3_CC1__islet7_CC1__islet17_CC2,islet3_1_72__islet7_73_96,islet17_1_96,no,no,no,9.59,619
JP261_PC703_WC70,JP261,NA,NA,PC703,ATTAAGGTCG,WC70,GTTGATGCGA,NA,JP261_P2,human,CC1_CC2,islet_islet,no,islet3_CC1__islet7_CC1__islet17_CC2,islet3_1_72__islet7_73_96,islet17_1_96,no,no,no,9.59,619
JP261_PC703_WC71,JP261,NA,NA,PC703,ATTAAGGTCG,WC71,CGCTTGTTAT,NA,JP261_P2,human,CC1_CC2,islet_islet,no,islet3_CC1__islet7_CC1__islet17_CC2,islet3_1_72__islet7_73_96,islet17_1_96,no,no,no,9.59,619
JP261_PC703_WC72,JP261,NA,NA,PC703,ATTAAGGTCG,WC72,GTAACGTTCA,NA,JP261_P2,human,CC1_CC2,islet_islet,no,islet3_CC1__islet7_CC1__islet17_CC2,islet3_1_72__islet7_73_96,islet17_1_96,no,no,no,9.59,619
JP261_PC703_WC73,JP261,NA,NA,PC703,ATTAAGGTCG,WC73,CCGAGTCTTC,NA,JP261_P2,human,CC1_CC2,islet_islet,no,islet3_CC1__islet7_CC1__islet17_CC2,islet3_1_72__islet7_73_96,islet17_1_96,no,no,no,9.59,619
JP261_PC703_WC74,JP261,NA,NA,PC703,ATTAAGGTCG,WC74,TATTGCGCTA,NA,JP261_P2,human,CC1_CC2,islet_islet,no,islet3_CC1__islet7_CC1__islet17_CC2,islet3_1_72__islet7_73_96,islet17_1_96,no,no,no,9.59,619
JP261_PC703_WC75,JP261,NA,NA,PC703,ATTAAGGTCG,WC75,TGTGGTCTAA,NA,JP261_P2,human,CC1_CC2,islet_islet,no,islet3_CC1__islet7_CC1__islet17_CC2,islet3_1_72__islet7_73_96,islet17_1_96,no,no,no,9.59,619
JP261_PC703_WC76,JP261,NA,NA,PC703,ATTAAGGTCG,WC76,CACGTCTACG,NA,JP261_P2,human,CC1_CC2,islet_islet,no,islet3_CC1__islet7_CC1__islet17_CC2,islet3_1_72__islet7_73_96,islet17_1_96,no,no,no,9.59,619
JP261_PC703_WC77,JP261,NA,NA,PC703,ATTAAGGTCG,WC77,AGTCCAGTGA,NA,JP261_P2,human,CC1_CC2,islet_islet,no,islet3_CC1__islet7_CC1__islet17_CC2,islet3_1_72__islet7_73_96,islet17_1_96,no,no,no,9.59,619
JP261_PC703_WC78,JP261,NA,NA,PC703,ATTAAGGTCG,WC78,ATGCTTGGTC,NA,JP261_P2,human,CC1_CC2,islet_islet,no,islet3_CC1__islet7_CC1__islet17_CC2,islet3_1_72__islet7_73_96,islet17_1_96,no,no,no,9.59,619
JP261_PC703_WC79,JP261,NA,NA,PC703,ATTAAGGTCG,WC79,TGATACTCGC,NA,JP261_P2,human,CC1_CC2,islet_islet,no,islet3_CC1__islet7_CC1__islet17_CC2,islet3_1_72__islet7_73_96,islet17_1_96,no,no,no,9.59,619
JP261_PC703_WC80,JP261,NA,NA,PC703,ATTAAGGTCG,WC80,TTATCGAGAG,NA,JP261_P2,human,CC1_CC2,islet_islet,no,islet3_CC1__islet7_CC1__islet17_CC2,islet3_1_72__islet7_73_96,islet17_1_96,no,no,no,9.59,619
JP261_PC703_WC81,JP261,NA,NA,PC703,ATTAAGGTCG,WC81,TGCCAGTATT,NA,JP261_P2,human,CC1_CC2,islet_islet,no,islet3_CC1__islet7_CC1__islet17_CC2,islet3_1_72__islet7_73_96,islet17_1_96,no,no,no,9.59,619
JP261_PC703_WC82,JP261,NA,NA,PC703,ATTAAGGTCG,WC82,GAGTTGCATA,NA,JP261_P2,human,CC1_CC2,islet_islet,no,islet3_CC1__islet7_CC1__islet17_CC2,islet3_1_72__islet7_73_96,islet17_1_96,no,no,no,9.59,619
JP261_PC703_WC83,JP261,NA,NA,PC703,ATTAAGGTCG,WC83,ACACTAGCAT,NA,JP261_P2,human,CC1_CC2,islet_islet,no,islet3_CC1__islet7_CC1__islet17_CC2,islet3_1_72__islet7_73_96,islet17_1_96,no,no,no,9.59,619
JP261_PC703_WC84,JP261,NA,NA,PC703,ATTAAGGTCG,WC84,GTTCTAATGG,NA,JP261_P2,human,CC1_CC2,islet_islet,no,islet3_CC1__islet7_CC1__islet17_CC2,islet3_1_72__islet7_73_96,islet17_1_96,no,no,no,9.59,619
JP261_PC703_WC85,JP261,NA,NA,PC703,ATTAAGGTCG,WC85,CGTTCACGTT,NA,JP261_P2,human,CC1_CC2,islet_islet,no,islet3_CC1__islet7_CC1__islet17_CC2,islet3_1_72__islet7_73_96,islet17_1_96,no,no,no,9.59,619
JP261_PC703_WC86,JP261,NA,NA,PC703,ATTAAGGTCG,WC86,GACTGCGTTA,NA,JP261_P2,human,CC1_CC2,islet_islet,no,islet3_CC1__islet7_CC1__islet17_CC2,islet3_1_72__islet7_73_96,islet17_1_96,no,no,no,9.59,619
JP261_PC703_WC87,JP261,NA,NA,PC703,ATTAAGGTCG,WC87,TGGCTTATGG,NA,JP261_P2,human,CC1_CC2,islet_islet,no,islet3_CC1__islet7_CC1__islet17_CC2,islet3_1_72__islet7_73_96,islet17_1_96,no,no,no,9.59,619
JP261_PC703_WC88,JP261,NA,NA,PC703,ATTAAGGTCG,WC88,TCAGAGGCAC,NA,JP261_P2,human,CC1_CC2,islet_islet,no,islet3_CC1__islet7_CC1__islet17_CC2,islet3_1_72__islet7_73_96,islet17_1_96,no,no,no,9.59,619
JP261_PC703_WC89,JP261,NA,NA,PC703,ATTAAGGTCG,WC89,CGCTAGGCTA,NA,JP261_P2,human,CC1_CC2,islet_islet,no,islet3_CC1__islet7_CC1__islet17_CC2,islet3_1_72__islet7_73_96,islet17_1_96,no,no,no,9.59,619
JP261_PC703_WC90,JP261,NA,NA,PC703,ATTAAGGTCG,WC90,AACCGTAACA,NA,JP261_P2,human,CC1_CC2,islet_islet,no,islet3_CC1__islet7_CC1__islet17_CC2,islet3_1_72__islet7_73_96,islet17_1_96,no,no,no,9.59,619
JP261_PC703_WC91,JP261,NA,NA,PC703,ATTAAGGTCG,WC91,CTTGGTATGA,NA,JP261_P2,human,CC1_CC2,islet_islet,no,islet3_CC1__islet7_CC1__islet17_CC2,islet3_1_72__islet7_73_96,islet17_1_96,no,no,no,9.59,619
JP261_PC703_WC92,JP261,NA,NA,PC703,ATTAAGGTCG,WC92,TGTAGATCCG,NA,JP261_P2,human,CC1_CC2,islet_islet,no,islet3_CC1__islet7_CC1__islet17_CC2,islet3_1_72__islet7_73_96,islet17_1_96,no,no,no,9.59,619
JP261_PC703_WC93,JP261,NA,NA,PC703,ATTAAGGTCG,WC93,AACTCTACCG,NA,JP261_P2,human,CC1_CC2,islet_islet,no,islet3_CC1__islet7_CC1__islet17_CC2,islet3_1_72__islet7_73_96,islet17_1_96,no,no,no,9.59,619
JP261_PC703_WC94,JP261,NA,NA,PC703,ATTAAGGTCG,WC94,CGTGACATTC,NA,JP261_P2,human,CC1_CC2,islet_islet,no,islet3_CC1__islet7_CC1__islet17_CC2,islet3_1_72__islet7_73_96,islet17_1_96,no,no,no,9.59,619
JP261_PC703_WC95,JP261,NA,NA,PC703,ATTAAGGTCG,WC95,CTGTACCAGG,NA,JP261_P2,human,CC1_CC2,islet_islet,no,islet3_CC1__islet7_CC1__islet17_CC2,islet3_1_72__islet7_73_96,islet17_1_96,no,no,no,9.59,619
JP261_PC703_WC96,JP261,NA,NA,PC703,ATTAAGGTCG,WC96,ACTGGTTCCG,NA,JP261_P2,human,CC1_CC2,islet_islet,no,islet3_CC1__islet7_CC1__islet17_CC2,islet3_1_72__islet7_73_96,islet17_1_96,no,no,no,9.59,619
JP261_PC704_WC1,JP261,NA,NA,PC704,GTGGCAACAT,WC1,GTCGTGAATC,NA,JP261_P4,human,CC1_CC2,islet_islet,no,islet8_CC1__islet9_CC1__islet24_CC2,islet8_1_40__islet9_41_96,islet24_1_96,no,no,no,1.32,423
JP261_PC704_WC2,JP261,NA,NA,PC704,GTGGCAACAT,WC2,CTGTTCTACG,NA,JP261_P4,human,CC1_CC2,islet_islet,no,islet8_CC1__islet9_CC1__islet24_CC2,islet8_1_40__islet9_41_96,islet24_1_96,no,no,no,1.32,423
JP261_PC704_WC3,JP261,NA,NA,PC704,GTGGCAACAT,WC3,GCTCTTAGGT,NA,JP261_P4,human,CC1_CC2,islet_islet,no,islet8_CC1__islet9_CC1__islet24_CC2,islet8_1_40__islet9_41_96,islet24_1_96,no,no,no,1.32,423
JP261_PC704_WC4,JP261,NA,NA,PC704,GTGGCAACAT,WC4,TAGAAGCCAT,NA,JP261_P4,human,CC1_CC2,islet_islet,no,islet8_CC1__islet9_CC1__islet24_CC2,islet8_1_40__islet9_41_96,islet24_1_96,no,no,no,1.32,423
JP261_PC704_WC5,JP261,NA,NA,PC704,GTGGCAACAT,WC5,CACTTAGGTA,NA,JP261_P4,human,CC1_CC2,islet_islet,no,islet8_CC1__islet9_CC1__islet24_CC2,islet8_1_40__islet9_41_96,islet24_1_96,no,no,no,1.32,423
JP261_PC704_WC6,JP261,NA,NA,PC704,GTGGCAACAT,WC6,ATAGGTAAGG,NA,JP261_P4,human,CC1_CC2,islet_islet,no,islet8_CC1__islet9_CC1__islet24_CC2,islet8_1_40__islet9_41_96,islet24_1_96,no,no,no,1.32,423
JP261_PC704_WC7,JP261,NA,NA,PC704,GTGGCAACAT,WC7,CGCCTTATAT,NA,JP261_P4,human,CC1_CC2,islet_islet,no,islet8_CC1__islet9_CC1__islet24_CC2,islet8_1_40__islet9_41_96,islet24_1_96,no,no,no,1.32,423
JP261_PC704_WC8,JP261,NA,NA,PC704,GTGGCAACAT,WC8,GCACGATGCT,NA,JP261_P4,human,CC1_CC2,islet_islet,no,islet8_CC1__islet9_CC1__islet24_CC2,islet8_1_40__islet9_41_96,islet24_1_96,no,no,no,1.32,423
JP261_PC704_WC9,JP261,NA,NA,PC704,GTGGCAACAT,WC9,AATATGCCAG,NA,JP261_P4,human,CC1_CC2,islet_islet,no,islet8_CC1__islet9_CC1__islet24_CC2,islet8_1_40__islet9_41_96,islet24_1_96,no,no,no,1.32,423
JP261_PC704_WC10,JP261,NA,NA,PC704,GTGGCAACAT,WC10,TAGAGTCACG,NA,JP261_P4,human,CC1_CC2,islet_islet,no,islet8_CC1__islet9_CC1__islet24_CC2,islet8_1_40__islet9_41_96,islet24_1_96,no,no,no,1.32,423
JP261_PC704_WC11,JP261,NA,NA,PC704,GTGGCAACAT,WC11,TTAACAGGTC,NA,JP261_P4,human,CC1_CC2,islet_islet,no,islet8_CC1__islet9_CC1__islet24_CC2,islet8_1_40__islet9_41_96,islet24_1_96,no,no,no,1.32,423
JP261_PC704_WC12,JP261,NA,NA,PC704,GTGGCAACAT,WC12,ACATGAGCCA,NA,JP261_P4,human,CC1_CC2,islet_islet,no,islet8_CC1__islet9_CC1__islet24_CC2,islet8_1_40__islet9_41_96,islet24_1_96,no,no,no,1.32,423
JP261_PC704_WC13,JP261,NA,NA,PC704,GTGGCAACAT,WC13,GCGAGGTTCT,NA,JP261_P4,human,CC1_CC2,islet_islet,no,islet8_CC1__islet9_CC1__islet24_CC2,islet8_1_40__islet9_41_96,islet24_1_96,no,no,no,1.32,423
JP261_PC704_WC14,JP261,NA,NA,PC704,GTGGCAACAT,WC14,TGTCCGTAGG,NA,JP261_P4,human,CC1_CC2,islet_islet,no,islet8_CC1__islet9_CC1__islet24_CC2,islet8_1_40__islet9_41_96,islet24_1_96,no,no,no,1.32,423
JP261_PC704_WC15,JP261,NA,NA,PC704,GTGGCAACAT,WC15,CATTATGCCT,NA,JP261_P4,human,CC1_CC2,islet_islet,no,islet8_CC1__islet9_CC1__islet24_CC2,islet8_1_40__islet9_41_96,islet24_1_96,no,no,no,1.32,423
JP261_PC704_WC16,JP261,NA,NA,PC704,GTGGCAACAT,WC16,TCCACTGTTG,NA,JP261_P4,human,CC1_CC2,islet_islet,no,islet8_CC1__islet9_CC1__islet24_CC2,islet8_1_40__islet9_41_96,islet24_1_96,no,no,no,1.32,423
JP261_PC704_WC17,JP261,NA,NA,PC704,GTGGCAACAT,WC17,CTTAACGACA,NA,JP261_P4,human,CC1_CC2,islet_islet,no,islet8_CC1__islet9_CC1__islet24_CC2,islet8_1_40__islet9_41_96,islet24_1_96,no,no,no,1.32,423
JP261_PC704_WC18,JP261,NA,NA,PC704,GTGGCAACAT,WC18,TCCTCGAGCT,NA,JP261_P4,human,CC1_CC2,islet_islet,no,islet8_CC1__islet9_CC1__islet24_CC2,islet8_1_40__islet9_41_96,islet24_1_96,no,no,no,1.32,423
JP261_PC704_WC19,JP261,NA,NA,PC704,GTGGCAACAT,WC19,CGAGTAATGT,NA,JP261_P4,human,CC1_CC2,islet_islet,no,islet8_CC1__islet9_CC1__islet24_CC2,islet8_1_40__islet9_41_96,islet24_1_96,no,no,no,1.32,423
JP261_PC704_WC20,JP261,NA,NA,PC704,GTGGCAACAT,WC20,CATACCGCTG,NA,JP261_P4,human,CC1_CC2,islet_islet,no,islet8_CC1__islet9_CC1__islet24_CC2,islet8_1_40__islet9_41_96,islet24_1_96,no,no,no,1.32,423
JP261_PC704_WC21,JP261,NA,NA,PC704,GTGGCAACAT,WC21,GCTACTTGCA,NA,JP261_P4,human,CC1_CC2,islet_islet,no,islet8_CC1__islet9_CC1__islet24_CC2,islet8_1_40__islet9_41_96,islet24_1_96,no,no,no,1.32,423
JP261_PC704_WC22,JP261,NA,NA,PC704,GTGGCAACAT,WC22,GCTATTGAAG,NA,JP261_P4,human,CC1_CC2,islet_islet,no,islet8_CC1__islet9_CC1__islet24_CC2,islet8_1_40__islet9_41_96,islet24_1_96,no,no,no,1.32,423
JP261_PC704_WC23,JP261,NA,NA,PC704,GTGGCAACAT,WC23,TCAGCATCCG,NA,JP261_P4,human,CC1_CC2,islet_islet,no,islet8_CC1__islet9_CC1__islet24_CC2,islet8_1_40__islet9_41_96,islet24_1_96,no,no,no,1.32,423
JP261_PC704_WC24,JP261,NA,NA,PC704,GTGGCAACAT,WC24,TAGGTGGTGG,NA,JP261_P4,human,CC1_CC2,islet_islet,no,islet8_CC1__islet9_CC1__islet24_CC2,islet8_1_40__islet9_41_96,islet24_1_96,no,no,no,1.32,423
JP261_PC704_WC25,JP261,NA,NA,PC704,GTGGCAACAT,WC25,AAGATCGGAT,NA,JP261_P4,human,CC1_CC2,islet_islet,no,islet8_CC1__islet9_CC1__islet24_CC2,islet8_1_40__islet9_41_96,islet24_1_96,no,no,no,1.32,423
JP261_PC704_WC26,JP261,NA,NA,PC704,GTGGCAACAT,WC26,TTAACGTCCG,NA,JP261_P4,human,CC1_CC2,islet_islet,no,islet8_CC1__islet9_CC1__islet24_CC2,islet8_1_40__islet9_41_96,islet24_1_96,no,no,no,1.32,423
JP261_PC704_WC27,JP261,NA,NA,PC704,GTGGCAACAT,WC27,ATTACCGATC,NA,JP261_P4,human,CC1_CC2,islet_islet,no,islet8_CC1__islet9_CC1__islet24_CC2,islet8_1_40__islet9_41_96,islet24_1_96,no,no,no,1.32,423
JP261_PC704_WC28,JP261,NA,NA,PC704,GTGGCAACAT,WC28,GTTGCATCGT,NA,JP261_P4,human,CC1_CC2,islet_islet,no,islet8_CC1__islet9_CC1__islet24_CC2,islet8_1_40__islet9_41_96,islet24_1_96,no,no,no,1.32,423
JP261_PC704_WC29,JP261,NA,NA,PC704,GTGGCAACAT,WC29,ACTGGACGTT,NA,JP261_P4,human,CC1_CC2,islet_islet,no,islet8_CC1__islet9_CC1__islet24_CC2,islet8_1_40__islet9_41_96,islet24_1_96,no,no,no,1.32,423
JP261_PC704_WC30,JP261,NA,NA,PC704,GTGGCAACAT,WC30,TTGTTCGTGT,NA,JP261_P4,human,CC1_CC2,islet_islet,no,islet8_CC1__islet9_CC1__islet24_CC2,islet8_1_40__islet9_41_96,islet24_1_96,no,no,no,1.32,423
JP261_PC704_WC31,JP261,NA,NA,PC704,GTGGCAACAT,WC31,ACGGACTGAG,NA,JP261_P4,human,CC1_CC2,islet_islet,no,islet8_CC1__islet9_CC1__islet24_CC2,islet8_1_40__islet9_41_96,islet24_1_96,no,no,no,1.32,423
JP261_PC704_WC32,JP261,NA,NA,PC704,GTGGCAACAT,WC32,CACCGTCATA,NA,JP261_P4,human,CC1_CC2,islet_islet,no,islet8_CC1__islet9_CC1__islet24_CC2,islet8_1_40__islet9_41_96,islet24_1_96,no,no,no,1.32,423
JP261_PC704_WC33,JP261,NA,NA,PC704,GTGGCAACAT,WC33,GTAGTTGTGT,NA,JP261_P4,human,CC1_CC2,islet_islet,no,islet8_CC1__islet9_CC1__islet24_CC2,islet8_1_40__islet9_41_96,islet24_1_96,no,no,no,1.32,423
JP261_PC704_WC34,JP261,NA,NA,PC704,GTGGCAACAT,WC34,CTGAGTCCTT,NA,JP261_P4,human,CC1_CC2,islet_islet,no,islet8_CC1__islet9_CC1__islet24_CC2,islet8_1_40__islet9_41_96,islet24_1_96,no,no,no,1.32,423
JP261_PC704_WC35,JP261,NA,NA,PC704,GTGGCAACAT,WC35,TCACAGTTGC,NA,JP261_P4,human,CC1_CC2,islet_islet,no,islet8_CC1__islet9_CC1__islet24_CC2,islet8_1_40__islet9_41_96,islet24_1_96,no,no,no,1.32,423
JP261_PC704_WC36,JP261,NA,NA,PC704,GTGGCAACAT,WC36,ATTGTAAGCG,NA,JP261_P4,human,CC1_CC2,islet_islet,no,islet8_CC1__islet9_CC1__islet24_CC2,islet8_1_40__islet9_41_96,islet24_1_96,no,no,no,1.32,423
JP261_PC704_WC37,JP261,NA,NA,PC704,GTGGCAACAT,WC37,CGGTCTCTCT,NA,JP261_P4,human,CC1_CC2,islet_islet,no,islet8_CC1__islet9_CC1__islet24_CC2,islet8_1_40__islet9_41_96,islet24_1_96,no,no,no,1.32,423
JP261_PC704_WC38,JP261,NA,NA,PC704,GTGGCAACAT,WC38,AACAGCAATG,NA,JP261_P4,human,CC1_CC2,islet_islet,no,islet8_CC1__islet9_CC1__islet24_CC2,islet8_1_40__islet9_41_96,islet24_1_96,no,no,no,1.32,423
JP261_PC704_WC39,JP261,NA,NA,PC704,GTGGCAACAT,WC39,TCCGTGTTGC,NA,JP261_P4,human,CC1_CC2,islet_islet,no,islet8_CC1__islet9_CC1__islet24_CC2,islet8_1_40__islet9_41_96,islet24_1_96,no,no,no,1.32,423
JP261_PC704_WC40,JP261,NA,NA,PC704,GTGGCAACAT,WC40,TGCGAAGTGA,NA,JP261_P4,human,CC1_CC2,islet_islet,no,islet8_CC1__islet9_CC1__islet24_CC2,islet8_1_40__islet9_41_96,islet24_1_96,no,no,no,1.32,423
JP261_PC704_WC41,JP261,NA,NA,PC704,GTGGCAACAT,WC41,CACAGCTATT,NA,JP261_P4,human,CC1_CC2,islet_islet,no,islet8_CC1__islet9_CC1__islet24_CC2,islet8_1_40__islet9_41_96,islet24_1_96,no,no,no,1.32,423
JP261_PC704_WC42,JP261,NA,NA,PC704,GTGGCAACAT,WC42,GATAGTGTTC,NA,JP261_P4,human,CC1_CC2,islet_islet,no,islet8_CC1__islet9_CC1__islet24_CC2,islet8_1_40__islet9_41_96,islet24_1_96,no,no,no,1.32,423
JP261_PC704_WC43,JP261,NA,NA,PC704,GTGGCAACAT,WC43,TAGCTACCAG,NA,JP261_P4,human,CC1_CC2,islet_islet,no,islet8_CC1__islet9_CC1__islet24_CC2,islet8_1_40__islet9_41_96,islet24_1_96,no,no,no,1.32,423
JP261_PC704_WC44,JP261,NA,NA,PC704,GTGGCAACAT,WC44,TGCTCACGCA,NA,JP261_P4,human,CC1_CC2,islet_islet,no,islet8_CC1__islet9_CC1__islet24_CC2,islet8_1_40__islet9_41_96,islet24_1_96,no,no,no,1.32,423
JP261_PC704_WC45,JP261,NA,NA,PC704,GTGGCAACAT,WC45,AAGTGTGCTA,NA,JP261_P4,human,CC1_CC2,islet_islet,no,islet8_CC1__islet9_CC1__islet24_CC2,islet8_1_40__islet9_41_96,islet24_1_96,no,no,no,1.32,423
JP261_PC704_WC46,JP261,NA,NA,PC704,GTGGCAACAT,WC46,TCATCGTCTG,NA,JP261_P4,human,CC1_CC2,islet_islet,no,islet8_CC1__islet9_CC1__islet24_CC2,islet8_1_40__islet9_41_96,islet24_1_96,no,no,no,1.32,423
JP261_PC704_WC47,JP261,NA,NA,PC704,GTGGCAACAT,WC47,AGATGCTCCG,NA,JP261_P4,human,CC1_CC2,islet_islet,no,islet8_CC1__islet9_CC1__islet24_CC2,islet8_1_40__islet9_41_96,islet24_1_96,no,no,no,1.32,423
JP261_PC704_WC48,JP261,NA,NA,PC704,GTGGCAACAT,WC48,GAACCAAGCG,NA,JP261_P4,human,CC1_CC2,islet_islet,no,islet8_CC1__islet9_CC1__islet24_CC2,islet8_1_40__islet9_41_96,islet24_1_96,no,no,no,1.32,423
JP261_PC704_WC49,JP261,NA,NA,PC704,GTGGCAACAT,WC49,CCTCTTCAAG,NA,JP261_P4,human,CC1_CC2,islet_islet,no,islet8_CC1__islet9_CC1__islet24_CC2,islet8_1_40__islet9_41_96,islet24_1_96,no,no,no,1.32,423
JP261_PC704_WC50,JP261,NA,NA,PC704,GTGGCAACAT,WC50,CGTCGCATCT,NA,JP261_P4,human,CC1_CC2,islet_islet,no,islet8_CC1__islet9_CC1__islet24_CC2,islet8_1_40__islet9_41_96,islet24_1_96,no,no,no,1.32,423
JP261_PC704_WC51,JP261,NA,NA,PC704,GTGGCAACAT,WC51,CCGAACGTTC,NA,JP261_P4,human,CC1_CC2,islet_islet,no,islet8_CC1__islet9_CC1__islet24_CC2,islet8_1_40__islet9_41_96,islet24_1_96,no,no,no,1.32,423
JP261_PC704_WC52,JP261,NA,NA,PC704,GTGGCAACAT,WC52,GAATGGCGTT,NA,JP261_P4,human,CC1_CC2,islet_islet,no,islet8_CC1__islet9_CC1__islet24_CC2,islet8_1_40__islet9_41_96,islet24_1_96,no,no,no,1.32,423
JP261_PC704_WC53,JP261,NA,NA,PC704,GTGGCAACAT,WC53,AAGTTCAGGA,NA,JP261_P4,human,CC1_CC2,islet_islet,no,islet8_CC1__islet9_CC1__islet24_CC2,islet8_1_40__islet9_41_96,islet24_1_96,no,no,no,1.32,423
JP261_PC704_WC54,JP261,NA,NA,PC704,GTGGCAACAT,WC54,GACCAATTGT,NA,JP261_P4,human,CC1_CC2,islet_islet,no,islet8_CC1__islet9_CC1__islet24_CC2,islet8_1_40__islet9_41_96,islet24_1_96,no,no,no,1.32,423
JP261_PC704_WC55,JP261,NA,NA,PC704,GTGGCAACAT,WC55,TGTCTGTGAC,NA,JP261_P4,human,CC1_CC2,islet_islet,no,islet8_CC1__islet9_CC1__islet24_CC2,islet8_1_40__islet9_41_96,islet24_1_96,no,no,no,1.32,423
JP261_PC704_WC56,JP261,NA,NA,PC704,GTGGCAACAT,WC56,GAACATTGGC,NA,JP261_P4,human,CC1_CC2,islet_islet,no,islet8_CC1__islet9_CC1__islet24_CC2,islet8_1_40__islet9_41_96,islet24_1_96,no,no,no,1.32,423
JP261_PC704_WC57,JP261,NA,NA,PC704,GTGGCAACAT,WC57,CGTAACACTA,NA,JP261_P4,human,CC1_CC2,islet_islet,no,islet8_CC1__islet9_CC1__islet24_CC2,islet8_1_40__islet9_41_96,islet24_1_96,no,no,no,1.32,423
JP261_PC704_WC58,JP261,NA,NA,PC704,GTGGCAACAT,WC58,GTACTTCCAA,NA,JP261_P4,human,CC1_CC2,islet_islet,no,islet8_CC1__islet9_CC1__islet24_CC2,islet8_1_40__islet9_41_96,islet24_1_96,no,no,no,1.32,423
JP261_PC704_WC59,JP261,NA,NA,PC704,GTGGCAACAT,WC59,TTAGCGTCTT,NA,JP261_P4,human,CC1_CC2,islet_islet,no,islet8_CC1__islet9_CC1__islet24_CC2,islet8_1_40__islet9_41_96,islet24_1_96,no,no,no,1.32,423
JP261_PC704_WC60,JP261,NA,NA,PC704,GTGGCAACAT,WC60,TTGACCGTCT,NA,JP261_P4,human,CC1_CC2,islet_islet,no,islet8_CC1__islet9_CC1__islet24_CC2,islet8_1_40__islet9_41_96,islet24_1_96,no,no,no,1.32,423
JP261_PC704_WC61,JP261,NA,NA,PC704,GTGGCAACAT,WC61,ACGGCTTCTC,NA,JP261_P4,human,CC1_CC2,islet_islet,no,islet8_CC1__islet9_CC1__islet24_CC2,islet8_1_40__islet9_41_96,islet24_1_96,no,no,no,1.32,423
JP261_PC704_WC62,JP261,NA,NA,PC704,GTGGCAACAT,WC62,TGCGATGTAT,NA,JP261_P4,human,CC1_CC2,islet_islet,no,islet8_CC1__islet9_CC1__islet24_CC2,islet8_1_40__islet9_41_96,islet24_1_96,no,no,no,1.32,423
JP261_PC704_WC63,JP261,NA,NA,PC704,GTGGCAACAT,WC63,GCGTTCAGCA,NA,JP261_P4,human,CC1_CC2,islet_islet,no,islet8_CC1__islet9_CC1__islet24_CC2,islet8_1_40__islet9_41_96,islet24_1_96,no,no,no,1.32,423
JP261_PC704_WC64,JP261,NA,NA,PC704,GTGGCAACAT,WC64,GCCTAGGAAG,NA,JP261_P4,human,CC1_CC2,islet_islet,no,islet8_CC1__islet9_CC1__islet24_CC2,islet8_1_40__islet9_41_96,islet24_1_96,no,no,no,1.32,423
JP261_PC704_WC65,JP261,NA,NA,PC704,GTGGCAACAT,WC65,GTTACCAACG,NA,JP261_P4,human,CC1_CC2,islet_islet,no,islet8_CC1__islet9_CC1__islet24_CC2,islet8_1_40__islet9_41_96,islet24_1_96,no,no,no,1.32,423
JP261_PC704_WC66,JP261,NA,NA,PC704,GTGGCAACAT,WC66,ACGAACCAAG,NA,JP261_P4,human,CC1_CC2,islet_islet,no,islet8_CC1__islet9_CC1__islet24_CC2,islet8_1_40__islet9_41_96,islet24_1_96,no,no,no,1.32,423
JP261_PC704_WC67,JP261,NA,NA,PC704,GTGGCAACAT,WC67,CACGCAAGTC,NA,JP261_P4,human,CC1_CC2,islet_islet,no,islet8_CC1__islet9_CC1__islet24_CC2,islet8_1_40__islet9_41_96,islet24_1_96,no,no,no,1.32,423
JP261_PC704_WC68,JP261,NA,NA,PC704,GTGGCAACAT,WC68,GCTGGAGAAG,NA,JP261_P4,human,CC1_CC2,islet_islet,no,islet8_CC1__islet9_CC1__islet24_CC2,islet8_1_40__islet9_41_96,islet24_1_96,no,no,no,1.32,423
JP261_PC704_WC69,JP261,NA,NA,PC704,GTGGCAACAT,WC69,CCAGTGTACG,NA,JP261_P4,human,CC1_CC2,islet_islet,no,islet8_CC1__islet9_CC1__islet24_CC2,islet8_1_40__islet9_41_96,islet24_1_96,no,no,no,1.32,423
JP261_PC704_WC70,JP261,NA,NA,PC704,GTGGCAACAT,WC70,GTTGATGCGA,NA,JP261_P4,human,CC1_CC2,islet_islet,no,islet8_CC1__islet9_CC1__islet24_CC2,islet8_1_40__islet9_41_96,islet24_1_96,no,no,no,1.32,423
JP261_PC704_WC71,JP261,NA,NA,PC704,GTGGCAACAT,WC71,CGCTTGTTAT,NA,JP261_P4,human,CC1_CC2,islet_islet,no,islet8_CC1__islet9_CC1__islet24_CC2,islet8_1_40__islet9_41_96,islet24_1_96,no,no,no,1.32,423
JP261_PC704_WC72,JP261,NA,NA,PC704,GTGGCAACAT,WC72,GTAACGTTCA,NA,JP261_P4,human,CC1_CC2,islet_islet,no,islet8_CC1__islet9_CC1__islet24_CC2,islet8_1_40__islet9_41_96,islet24_1_96,no,no,no,1.32,423
JP261_PC704_WC73,JP261,NA,NA,PC704,GTGGCAACAT,WC73,CCGAGTCTTC,NA,JP261_P4,human,CC1_CC2,islet_islet,no,islet8_CC1__islet9_CC1__islet24_CC2,islet8_1_40__islet9_41_96,islet24_1_96,no,no,no,1.32,423
JP261_PC704_WC74,JP261,NA,NA,PC704,GTGGCAACAT,WC74,TATTGCGCTA,NA,JP261_P4,human,CC1_CC2,islet_islet,no,islet8_CC1__islet9_CC1__islet24_CC2,islet8_1_40__islet9_41_96,islet24_1_96,no,no,no,1.32,423
JP261_PC704_WC75,JP261,NA,NA,PC704,GTGGCAACAT,WC75,TGTGGTCTAA,NA,JP261_P4,human,CC1_CC2,islet_islet,no,islet8_CC1__islet9_CC1__islet24_CC2,islet8_1_40__islet9_41_96,islet24_1_96,no,no,no,1.32,423
JP261_PC704_WC76,JP261,NA,NA,PC704,GTGGCAACAT,WC76,CACGTCTACG,NA,JP261_P4,human,CC1_CC2,islet_islet,no,islet8_CC1__islet9_CC1__islet24_CC2,islet8_1_40__islet9_41_96,islet24_1_96,no,no,no,1.32,423
JP261_PC704_WC77,JP261,NA,NA,PC704,GTGGCAACAT,WC77,AGTCCAGTGA,NA,JP261_P4,human,CC1_CC2,islet_islet,no,islet8_CC1__islet9_CC1__islet24_CC2,islet8_1_40__islet9_41_96,islet24_1_96,no,no,no,1.32,423
JP261_PC704_WC78,JP261,NA,NA,PC704,GTGGCAACAT,WC78,ATGCTTGGTC,NA,JP261_P4,human,CC1_CC2,islet_islet,no,islet8_CC1__islet9_CC1__islet24_CC2,islet8_1_40__islet9_41_96,islet24_1_96,no,no,no,1.32,423
JP261_PC704_WC79,JP261,NA,NA,PC704,GTGGCAACAT,WC79,TGATACTCGC,NA,JP261_P4,human,CC1_CC2,islet_islet,no,islet8_CC1__islet9_CC1__islet24_CC2,islet8_1_40__islet9_41_96,islet24_1_96,no,no,no,1.32,423
JP261_PC704_WC80,JP261,NA,NA,PC704,GTGGCAACAT,WC80,TTATCGAGAG,NA,JP261_P4,human,CC1_CC2,islet_islet,no,islet8_CC1__islet9_CC1__islet24_CC2,islet8_1_40__islet9_41_96,islet24_1_96,no,no,no,1.32,423
JP261_PC704_WC81,JP261,NA,NA,PC704,GTGGCAACAT,WC81,TGCCAGTATT,NA,JP261_P4,human,CC1_CC2,islet_islet,no,islet8_CC1__islet9_CC1__islet24_CC2,islet8_1_40__islet9_41_96,islet24_1_96,no,no,no,1.32,423
JP261_PC704_WC82,JP261,NA,NA,PC704,GTGGCAACAT,WC82,GAGTTGCATA,NA,JP261_P4,human,CC1_CC2,islet_islet,no,islet8_CC1__islet9_CC1__islet24_CC2,islet8_1_40__islet9_41_96,islet24_1_96,no,no,no,1.32,423
JP261_PC704_WC83,JP261,NA,NA,PC704,GTGGCAACAT,WC83,ACACTAGCAT,NA,JP261_P4,human,CC1_CC2,islet_islet,no,islet8_CC1__islet9_CC1__islet24_CC2,islet8_1_40__islet9_41_96,islet24_1_96,no,no,no,1.32,423
JP261_PC704_WC84,JP261,NA,NA,PC704,GTGGCAACAT,WC84,GTTCTAATGG,NA,JP261_P4,human,CC1_CC2,islet_islet,no,islet8_CC1__islet9_CC1__islet24_CC2,islet8_1_40__islet9_41_96,islet24_1_96,no,no,no,1.32,423
JP261_PC704_WC85,JP261,NA,NA,PC704,GTGGCAACAT,WC85,CGTTCACGTT,NA,JP261_P4,human,CC1_CC2,islet_islet,no,islet8_CC1__islet9_CC1__islet24_CC2,islet8_1_40__islet9_41_96,islet24_1_96,no,no,no,1.32,423
JP261_PC704_WC86,JP261,NA,NA,PC704,GTGGCAACAT,WC86,GACTGCGTTA,NA,JP261_P4,human,CC1_CC2,islet_islet,no,islet8_CC1__islet9_CC1__islet24_CC2,islet8_1_40__islet9_41_96,islet24_1_96,no,no,no,1.32,423
JP261_PC704_WC87,JP261,NA,NA,PC704,GTGGCAACAT,WC87,TGGCTTATGG,NA,JP261_P4,human,CC1_CC2,islet_islet,no,islet8_CC1__islet9_CC1__islet24_CC2,islet8_1_40__islet9_41_96,islet24_1_96,no,no,no,1.32,423
JP261_PC704_WC88,JP261,NA,NA,PC704,GTGGCAACAT,WC88,TCAGAGGCAC,NA,JP261_P4,human,CC1_CC2,islet_islet,no,islet8_CC1__islet9_CC1__islet24_CC2,islet8_1_40__islet9_41_96,islet24_1_96,no,no,no,1.32,423
JP261_PC704_WC89,JP261,NA,NA,PC704,GTGGCAACAT,WC89,CGCTAGGCTA,NA,JP261_P4,human,CC1_CC2,islet_islet,no,islet8_CC1__islet9_CC1__islet24_CC2,islet8_1_40__islet9_41_96,islet24_1_96,no,no,no,1.32,423
JP261_PC704_WC90,JP261,NA,NA,PC704,GTGGCAACAT,WC90,AACCGTAACA,NA,JP261_P4,human,CC1_CC2,islet_islet,no,islet8_CC1__islet9_CC1__islet24_CC2,islet8_1_40__islet9_41_96,islet24_1_96,no,no,no,1.32,423
JP261_PC704_WC91,JP261,NA,NA,PC704,GTGGCAACAT,WC91,CTTGGTATGA,NA,JP261_P4,human,CC1_CC2,islet_islet,no,islet8_CC1__islet9_CC1__islet24_CC2,islet8_1_40__islet9_41_96,islet24_1_96,no,no,no,1.32,423
JP261_PC704_WC92,JP261,NA,NA,PC704,GTGGCAACAT,WC92,TGTAGATCCG,NA,JP261_P4,human,CC1_CC2,islet_islet,no,islet8_CC1__islet9_CC1__islet24_CC2,islet8_1_40__islet9_41_96,islet24_1_96,no,no,no,1.32,423
JP261_PC704_WC93,JP261,NA,NA,PC704,GTGGCAACAT,WC93,AACTCTACCG,NA,JP261_P4,human,CC1_CC2,islet_islet,no,islet8_CC1__islet9_CC1__islet24_CC2,islet8_1_40__islet9_41_96,islet24_1_96,no,no,no,1.32,423
JP261_PC704_WC94,JP261,NA,NA,PC704,GTGGCAACAT,WC94,CGTGACATTC,NA,JP261_P4,human,CC1_CC2,islet_islet,no,islet8_CC1__islet9_CC1__islet24_CC2,islet8_1_40__islet9_41_96,islet24_1_96,no,no,no,1.32,423
JP261_PC704_WC95,JP261,NA,NA,PC704,GTGGCAACAT,WC95,CTGTACCAGG,NA,JP261_P4,human,CC1_CC2,islet_islet,no,islet8_CC1__islet9_CC1__islet24_CC2,islet8_1_40__islet9_41_96,islet24_1_96,no,no,no,1.32,423
JP261_PC704_WC96,JP261,NA,NA,PC704,GTGGCAACAT,WC96,ACTGGTTCCG,NA,JP261_P4,human,CC1_CC2,islet_islet,no,islet8_CC1__islet9_CC1__islet24_CC2,islet8_1_40__islet9_41_96,islet24_1_96,no,no,no,1.32,423
JP261_PC705_WC1,JP261,NA,NA,PC705,TGACCTGCTG,WC1,GTCGTGAATC,NA,JP261_P5,human,CC1_CC2,islet_islet,no,islet9_CC1__islet24_CC2__islet4_CC2,islet9_1_96,islet24_1_64__islet4_65_96,no,no,no,14.8,586
JP261_PC705_WC2,JP261,NA,NA,PC705,TGACCTGCTG,WC2,CTGTTCTACG,NA,JP261_P5,human,CC1_CC2,islet_islet,no,islet9_CC1__islet24_CC2__islet4_CC2,islet9_1_96,islet24_1_64__islet4_65_96,no,no,no,14.8,586
JP261_PC705_WC3,JP261,NA,NA,PC705,TGACCTGCTG,WC3,GCTCTTAGGT,NA,JP261_P5,human,CC1_CC2,islet_islet,no,islet9_CC1__islet24_CC2__islet4_CC2,islet9_1_96,islet24_1_64__islet4_65_96,no,no,no,14.8,586
JP261_PC705_WC4,JP261,NA,NA,PC705,TGACCTGCTG,WC4,TAGAAGCCAT,NA,JP261_P5,human,CC1_CC2,islet_islet,no,islet9_CC1__islet24_CC2__islet4_CC2,islet9_1_96,islet24_1_64__islet4_65_96,no,no,no,14.8,586
JP261_PC705_WC5,JP261,NA,NA,PC705,TGACCTGCTG,WC5,CACTTAGGTA,NA,JP261_P5,human,CC1_CC2,islet_islet,no,islet9_CC1__islet24_CC2__islet4_CC2,islet9_1_96,islet24_1_64__islet4_65_96,no,no,no,14.8,586
JP261_PC705_WC6,JP261,NA,NA,PC705,TGACCTGCTG,WC6,ATAGGTAAGG,NA,JP261_P5,human,CC1_CC2,islet_islet,no,islet9_CC1__islet24_CC2__islet4_CC2,islet9_1_96,islet24_1_64__islet4_65_96,no,no,no,14.8,586
JP261_PC705_WC7,JP261,NA,NA,PC705,TGACCTGCTG,WC7,CGCCTTATAT,NA,JP261_P5,human,CC1_CC2,islet_islet,no,islet9_CC1__islet24_CC2__islet4_CC2,islet9_1_96,islet24_1_64__islet4_65_96,no,no,no,14.8,586
JP261_PC705_WC8,JP261,NA,NA,PC705,TGACCTGCTG,WC8,GCACGATGCT,NA,JP261_P5,human,CC1_CC2,islet_islet,no,islet9_CC1__islet24_CC2__islet4_CC2,islet9_1_96,islet24_1_64__islet4_65_96,no,no,no,14.8,586
JP261_PC705_WC9,JP261,NA,NA,PC705,TGACCTGCTG,WC9,AATATGCCAG,NA,JP261_P5,human,CC1_CC2,islet_islet,no,islet9_CC1__islet24_CC2__islet4_CC2,islet9_1_96,islet24_1_64__islet4_65_96,no,no,no,14.8,586
JP261_PC705_WC10,JP261,NA,NA,PC705,TGACCTGCTG,WC10,TAGAGTCACG,NA,JP261_P5,human,CC1_CC2,islet_islet,no,islet9_CC1__islet24_CC2__islet4_CC2,islet9_1_96,islet24_1_64__islet4_65_96,no,no,no,14.8,586
JP261_PC705_WC11,JP261,NA,NA,PC705,TGACCTGCTG,WC11,TTAACAGGTC,NA,JP261_P5,human,CC1_CC2,islet_islet,no,islet9_CC1__islet24_CC2__islet4_CC2,islet9_1_96,islet24_1_64__islet4_65_96,no,no,no,14.8,586
JP261_PC705_WC12,JP261,NA,NA,PC705,TGACCTGCTG,WC12,ACATGAGCCA,NA,JP261_P5,human,CC1_CC2,islet_islet,no,islet9_CC1__islet24_CC2__islet4_CC2,islet9_1_96,islet24_1_64__islet4_65_96,no,no,no,14.8,586
JP261_PC705_WC13,JP261,NA,NA,PC705,TGACCTGCTG,WC13,GCGAGGTTCT,NA,JP261_P5,human,CC1_CC2,islet_islet,no,islet9_CC1__islet24_CC2__islet4_CC2,islet9_1_96,islet24_1_64__islet4_65_96,no,no,no,14.8,586
JP261_PC705_WC14,JP261,NA,NA,PC705,TGACCTGCTG,WC14,TGTCCGTAGG,NA,JP261_P5,human,CC1_CC2,islet_islet,no,islet9_CC1__islet24_CC2__islet4_CC2,islet9_1_96,islet24_1_64__islet4_65_96,no,no,no,14.8,586
JP261_PC705_WC15,JP261,NA,NA,PC705,TGACCTGCTG,WC15,CATTATGCCT,NA,JP261_P5,human,CC1_CC2,islet_islet,no,islet9_CC1__islet24_CC2__islet4_CC2,islet9_1_96,islet24_1_64__islet4_65_96,no,no,no,14.8,586
JP261_PC705_WC16,JP261,NA,NA,PC705,TGACCTGCTG,WC16,TCCACTGTTG,NA,JP261_P5,human,CC1_CC2,islet_islet,no,islet9_CC1__islet24_CC2__islet4_CC2,islet9_1_96,islet24_1_64__islet4_65_96,no,no,no,14.8,586
JP261_PC705_WC17,JP261,NA,NA,PC705,TGACCTGCTG,WC17,CTTAACGACA,NA,JP261_P5,human,CC1_CC2,islet_islet,no,islet9_CC1__islet24_CC2__islet4_CC2,islet9_1_96,islet24_1_64__islet4_65_96,no,no,no,14.8,586
JP261_PC705_WC18,JP261,NA,NA,PC705,TGACCTGCTG,WC18,TCCTCGAGCT,NA,JP261_P5,human,CC1_CC2,islet_islet,no,islet9_CC1__islet24_CC2__islet4_CC2,islet9_1_96,islet24_1_64__islet4_65_96,no,no,no,14.8,586
JP261_PC705_WC19,JP261,NA,NA,PC705,TGACCTGCTG,WC19,CGAGTAATGT,NA,JP261_P5,human,CC1_CC2,islet_islet,no,islet9_CC1__islet24_CC2__islet4_CC2,islet9_1_96,islet24_1_64__islet4_65_96,no,no,no,14.8,586
JP261_PC705_WC20,JP261,NA,NA,PC705,TGACCTGCTG,WC20,CATACCGCTG,NA,JP261_P5,human,CC1_CC2,islet_islet,no,islet9_CC1__islet24_CC2__islet4_CC2,islet9_1_96,islet24_1_64__islet4_65_96,no,no,no,14.8,586
JP261_PC705_WC21,JP261,NA,NA,PC705,TGACCTGCTG,WC21,GCTACTTGCA,NA,JP261_P5,human,CC1_CC2,islet_islet,no,islet9_CC1__islet24_CC2__islet4_CC2,islet9_1_96,islet24_1_64__islet4_65_96,no,no,no,14.8,586
JP261_PC705_WC22,JP261,NA,NA,PC705,TGACCTGCTG,WC22,GCTATTGAAG,NA,JP261_P5,human,CC1_CC2,islet_islet,no,islet9_CC1__islet24_CC2__islet4_CC2,islet9_1_96,islet24_1_64__islet4_65_96,no,no,no,14.8,586
JP261_PC705_WC23,JP261,NA,NA,PC705,TGACCTGCTG,WC23,TCAGCATCCG,NA,JP261_P5,human,CC1_CC2,islet_islet,no,islet9_CC1__islet24_CC2__islet4_CC2,islet9_1_96,islet24_1_64__islet4_65_96,no,no,no,14.8,586
JP261_PC705_WC24,JP261,NA,NA,PC705,TGACCTGCTG,WC24,TAGGTGGTGG,NA,JP261_P5,human,CC1_CC2,islet_islet,no,islet9_CC1__islet24_CC2__islet4_CC2,islet9_1_96,islet24_1_64__islet4_65_96,no,no,no,14.8,586
JP261_PC705_WC25,JP261,NA,NA,PC705,TGACCTGCTG,WC25,AAGATCGGAT,NA,JP261_P5,human,CC1_CC2,islet_islet,no,islet9_CC1__islet24_CC2__islet4_CC2,islet9_1_96,islet24_1_64__islet4_65_96,no,no,no,14.8,586
JP261_PC705_WC26,JP261,NA,NA,PC705,TGACCTGCTG,WC26,TTAACGTCCG,NA,JP261_P5,human,CC1_CC2,islet_islet,no,islet9_CC1__islet24_CC2__islet4_CC2,islet9_1_96,islet24_1_64__islet4_65_96,no,no,no,14.8,586
JP261_PC705_WC27,JP261,NA,NA,PC705,TGACCTGCTG,WC27,ATTACCGATC,NA,JP261_P5,human,CC1_CC2,islet_islet,no,islet9_CC1__islet24_CC2__islet4_CC2,islet9_1_96,islet24_1_64__islet4_65_96,no,no,no,14.8,586
JP261_PC705_WC28,JP261,NA,NA,PC705,TGACCTGCTG,WC28,GTTGCATCGT,NA,JP261_P5,human,CC1_CC2,islet_islet,no,islet9_CC1__islet24_CC2__islet4_CC2,islet9_1_96,islet24_1_64__islet4_65_96,no,no,no,14.8,586
JP261_PC705_WC29,JP261,NA,NA,PC705,TGACCTGCTG,WC29,ACTGGACGTT,NA,JP261_P5,human,CC1_CC2,islet_islet,no,islet9_CC1__islet24_CC2__islet4_CC2,islet9_1_96,islet24_1_64__islet4_65_96,no,no,no,14.8,586
JP261_PC705_WC30,JP261,NA,NA,PC705,TGACCTGCTG,WC30,TTGTTCGTGT,NA,JP261_P5,human,CC1_CC2,islet_islet,no,islet9_CC1__islet24_CC2__islet4_CC2,islet9_1_96,islet24_1_64__islet4_65_96,no,no,no,14.8,586
JP261_PC705_WC31,JP261,NA,NA,PC705,TGACCTGCTG,WC31,ACGGACTGAG,NA,JP261_P5,human,CC1_CC2,islet_islet,no,islet9_CC1__islet24_CC2__islet4_CC2,islet9_1_96,islet24_1_64__islet4_65_96,no,no,no,14.8,586
JP261_PC705_WC32,JP261,NA,NA,PC705,TGACCTGCTG,WC32,CACCGTCATA,NA,JP261_P5,human,CC1_CC2,islet_islet,no,islet9_CC1__islet24_CC2__islet4_CC2,islet9_1_96,islet24_1_64__islet4_65_96,no,no,no,14.8,586
JP261_PC705_WC33,JP261,NA,NA,PC705,TGACCTGCTG,WC33,GTAGTTGTGT,NA,JP261_P5,human,CC1_CC2,islet_islet,no,islet9_CC1__islet24_CC2__islet4_CC2,islet9_1_96,islet24_1_64__islet4_65_96,no,no,no,14.8,586
JP261_PC705_WC34,JP261,NA,NA,PC705,TGACCTGCTG,WC34,CTGAGTCCTT,NA,JP261_P5,human,CC1_CC2,islet_islet,no,islet9_CC1__islet24_CC2__islet4_CC2,islet9_1_96,islet24_1_64__islet4_65_96,no,no,no,14.8,586
JP261_PC705_WC35,JP261,NA,NA,PC705,TGACCTGCTG,WC35,TCACAGTTGC,NA,JP261_P5,human,CC1_CC2,islet_islet,no,islet9_CC1__islet24_CC2__islet4_CC2,islet9_1_96,islet24_1_64__islet4_65_96,no,no,no,14.8,586
JP261_PC705_WC36,JP261,NA,NA,PC705,TGACCTGCTG,WC36,ATTGTAAGCG,NA,JP261_P5,human,CC1_CC2,islet_islet,no,islet9_CC1__islet24_CC2__islet4_CC2,islet9_1_96,islet24_1_64__islet4_65_96,no,no,no,14.8,586
JP261_PC705_WC37,JP261,NA,NA,PC705,TGACCTGCTG,WC37,CGGTCTCTCT,NA,JP261_P5,human,CC1_CC2,islet_islet,no,islet9_CC1__islet24_CC2__islet4_CC2,islet9_1_96,islet24_1_64__islet4_65_96,no,no,no,14.8,586
JP261_PC705_WC38,JP261,NA,NA,PC705,TGACCTGCTG,WC38,AACAGCAATG,NA,JP261_P5,human,CC1_CC2,islet_islet,no,islet9_CC1__islet24_CC2__islet4_CC2,islet9_1_96,islet24_1_64__islet4_65_96,no,no,no,14.8,586
JP261_PC705_WC39,JP261,NA,NA,PC705,TGACCTGCTG,WC39,TCCGTGTTGC,NA,JP261_P5,human,CC1_CC2,islet_islet,no,islet9_CC1__islet24_CC2__islet4_CC2,islet9_1_96,islet24_1_64__islet4_65_96,no,no,no,14.8,586
JP261_PC705_WC40,JP261,NA,NA,PC705,TGACCTGCTG,WC40,TGCGAAGTGA,NA,JP261_P5,human,CC1_CC2,islet_islet,no,islet9_CC1__islet24_CC2__islet4_CC2,islet9_1_96,islet24_1_64__islet4_65_96,no,no,no,14.8,586
JP261_PC705_WC41,JP261,NA,NA,PC705,TGACCTGCTG,WC41,CACAGCTATT,NA,JP261_P5,human,CC1_CC2,islet_islet,no,islet9_CC1__islet24_CC2__islet4_CC2,islet9_1_96,islet24_1_64__islet4_65_96,no,no,no,14.8,586
JP261_PC705_WC42,JP261,NA,NA,PC705,TGACCTGCTG,WC42,GATAGTGTTC,NA,JP261_P5,human,CC1_CC2,islet_islet,no,islet9_CC1__islet24_CC2__islet4_CC2,islet9_1_96,islet24_1_64__islet4_65_96,no,no,no,14.8,586
JP261_PC705_WC43,JP261,NA,NA,PC705,TGACCTGCTG,WC43,TAGCTACCAG,NA,JP261_P5,human,CC1_CC2,islet_islet,no,islet9_CC1__islet24_CC2__islet4_CC2,islet9_1_96,islet24_1_64__islet4_65_96,no,no,no,14.8,586
JP261_PC705_WC44,JP261,NA,NA,PC705,TGACCTGCTG,WC44,TGCTCACGCA,NA,JP261_P5,human,CC1_CC2,islet_islet,no,islet9_CC1__islet24_CC2__islet4_CC2,islet9_1_96,islet24_1_64__islet4_65_96,no,no,no,14.8,586
JP261_PC705_WC45,JP261,NA,NA,PC705,TGACCTGCTG,WC45,AAGTGTGCTA,NA,JP261_P5,human,CC1_CC2,islet_islet,no,islet9_CC1__islet24_CC2__islet4_CC2,islet9_1_96,islet24_1_64__islet4_65_96,no,no,no,14.8,586
JP261_PC705_WC46,JP261,NA,NA,PC705,TGACCTGCTG,WC46,TCATCGTCTG,NA,JP261_P5,human,CC1_CC2,islet_islet,no,islet9_CC1__islet24_CC2__islet4_CC2,islet9_1_96,islet24_1_64__islet4_65_96,no,no,no,14.8,586
JP261_PC705_WC47,JP261,NA,NA,PC705,TGACCTGCTG,WC47,AGATGCTCCG,NA,JP261_P5,human,CC1_CC2,islet_islet,no,islet9_CC1__islet24_CC2__islet4_CC2,islet9_1_96,islet24_1_64__islet4_65_96,no,no,no,14.8,586
JP261_PC705_WC48,JP261,NA,NA,PC705,TGACCTGCTG,WC48,GAACCAAGCG,NA,JP261_P5,human,CC1_CC2,islet_islet,no,islet9_CC1__islet24_CC2__islet4_CC2,islet9_1_96,islet24_1_64__islet4_65_96,no,no,no,14.8,586
JP261_PC705_WC49,JP261,NA,NA,PC705,TGACCTGCTG,WC49,CCTCTTCAAG,NA,JP261_P5,human,CC1_CC2,islet_islet,no,islet9_CC1__islet24_CC2__islet4_CC2,islet9_1_96,islet24_1_64__islet4_65_96,no,no,no,14.8,586
JP261_PC705_WC50,JP261,NA,NA,PC705,TGACCTGCTG,WC50,CGTCGCATCT,NA,JP261_P5,human,CC1_CC2,islet_islet,no,islet9_CC1__islet24_CC2__islet4_CC2,islet9_1_96,islet24_1_64__islet4_65_96,no,no,no,14.8,586
JP261_PC705_WC51,JP261,NA,NA,PC705,TGACCTGCTG,WC51,CCGAACGTTC,NA,JP261_P5,human,CC1_CC2,islet_islet,no,islet9_CC1__islet24_CC2__islet4_CC2,islet9_1_96,islet24_1_64__islet4_65_96,no,no,no,14.8,586
JP261_PC705_WC52,JP261,NA,NA,PC705,TGACCTGCTG,WC52,GAATGGCGTT,NA,JP261_P5,human,CC1_CC2,islet_islet,no,islet9_CC1__islet24_CC2__islet4_CC2,islet9_1_96,islet24_1_64__islet4_65_96,no,no,no,14.8,586
JP261_PC705_WC53,JP261,NA,NA,PC705,TGACCTGCTG,WC53,AAGTTCAGGA,NA,JP261_P5,human,CC1_CC2,islet_islet,no,islet9_CC1__islet24_CC2__islet4_CC2,islet9_1_96,islet24_1_64__islet4_65_96,no,no,no,14.8,586
JP261_PC705_WC54,JP261,NA,NA,PC705,TGACCTGCTG,WC54,GACCAATTGT,NA,JP261_P5,human,CC1_CC2,islet_islet,no,islet9_CC1__islet24_CC2__islet4_CC2,islet9_1_96,islet24_1_64__islet4_65_96,no,no,no,14.8,586
JP261_PC705_WC55,JP261,NA,NA,PC705,TGACCTGCTG,WC55,TGTCTGTGAC,NA,JP261_P5,human,CC1_CC2,islet_islet,no,islet9_CC1__islet24_CC2__islet4_CC2,islet9_1_96,islet24_1_64__islet4_65_96,no,no,no,14.8,586
JP261_PC705_WC56,JP261,NA,NA,PC705,TGACCTGCTG,WC56,GAACATTGGC,NA,JP261_P5,human,CC1_CC2,islet_islet,no,islet9_CC1__islet24_CC2__islet4_CC2,islet9_1_96,islet24_1_64__islet4_65_96,no,no,no,14.8,586
JP261_PC705_WC57,JP261,NA,NA,PC705,TGACCTGCTG,WC57,CGTAACACTA,NA,JP261_P5,human,CC1_CC2,islet_islet,no,islet9_CC1__islet24_CC2__islet4_CC2,islet9_1_96,islet24_1_64__islet4_65_96,no,no,no,14.8,586
JP261_PC705_WC58,JP261,NA,NA,PC705,TGACCTGCTG,WC58,GTACTTCCAA,NA,JP261_P5,human,CC1_CC2,islet_islet,no,islet9_CC1__islet24_CC2__islet4_CC2,islet9_1_96,islet24_1_64__islet4_65_96,no,no,no,14.8,586
JP261_PC705_WC59,JP261,NA,NA,PC705,TGACCTGCTG,WC59,TTAGCGTCTT,NA,JP261_P5,human,CC1_CC2,islet_islet,no,islet9_CC1__islet24_CC2__islet4_CC2,islet9_1_96,islet24_1_64__islet4_65_96,no,no,no,14.8,586
JP261_PC705_WC60,JP261,NA,NA,PC705,TGACCTGCTG,WC60,TTGACCGTCT,NA,JP261_P5,human,CC1_CC2,islet_islet,no,islet9_CC1__islet24_CC2__islet4_CC2,islet9_1_96,islet24_1_64__islet4_65_96,no,no,no,14.8,586
JP261_PC705_WC61,JP261,NA,NA,PC705,TGACCTGCTG,WC61,ACGGCTTCTC,NA,JP261_P5,human,CC1_CC2,islet_islet,no,islet9_CC1__islet24_CC2__islet4_CC2,islet9_1_96,islet24_1_64__islet4_65_96,no,no,no,14.8,586
JP261_PC705_WC62,JP261,NA,NA,PC705,TGACCTGCTG,WC62,TGCGATGTAT,NA,JP261_P5,human,CC1_CC2,islet_islet,no,islet9_CC1__islet24_CC2__islet4_CC2,islet9_1_96,islet24_1_64__islet4_65_96,no,no,no,14.8,586
JP261_PC705_WC63,JP261,NA,NA,PC705,TGACCTGCTG,WC63,GCGTTCAGCA,NA,JP261_P5,human,CC1_CC2,islet_islet,no,islet9_CC1__islet24_CC2__islet4_CC2,islet9_1_96,islet24_1_64__islet4_65_96,no,no,no,14.8,586
JP261_PC705_WC64,JP261,NA,NA,PC705,TGACCTGCTG,WC64,GCCTAGGAAG,NA,JP261_P5,human,CC1_CC2,islet_islet,no,islet9_CC1__islet24_CC2__islet4_CC2,islet9_1_96,islet24_1_64__islet4_65_96,no,no,no,14.8,586
JP261_PC705_WC65,JP261,NA,NA,PC705,TGACCTGCTG,WC65,GTTACCAACG,NA,JP261_P5,human,CC1_CC2,islet_islet,no,islet9_CC1__islet24_CC2__islet4_CC2,islet9_1_96,islet24_1_64__islet4_65_96,no,no,no,14.8,586
JP261_PC705_WC66,JP261,NA,NA,PC705,TGACCTGCTG,WC66,ACGAACCAAG,NA,JP261_P5,human,CC1_CC2,islet_islet,no,islet9_CC1__islet24_CC2__islet4_CC2,islet9_1_96,islet24_1_64__islet4_65_96,no,no,no,14.8,586
JP261_PC705_WC67,JP261,NA,NA,PC705,TGACCTGCTG,WC67,CACGCAAGTC,NA,JP261_P5,human,CC1_CC2,islet_islet,no,islet9_CC1__islet24_CC2__islet4_CC2,islet9_1_96,islet24_1_64__islet4_65_96,no,no,no,14.8,586
JP261_PC705_WC68,JP261,NA,NA,PC705,TGACCTGCTG,WC68,GCTGGAGAAG,NA,JP261_P5,human,CC1_CC2,islet_islet,no,islet9_CC1__islet24_CC2__islet4_CC2,islet9_1_96,islet24_1_64__islet4_65_96,no,no,no,14.8,586
JP261_PC705_WC69,JP261,NA,NA,PC705,TGACCTGCTG,WC69,CCAGTGTACG,NA,JP261_P5,human,CC1_CC2,islet_islet,no,islet9_CC1__islet24_CC2__islet4_CC2,islet9_1_96,islet24_1_64__islet4_65_96,no,no,no,14.8,586
JP261_PC705_WC70,JP261,NA,NA,PC705,TGACCTGCTG,WC70,GTTGATGCGA,NA,JP261_P5,human,CC1_CC2,islet_islet,no,islet9_CC1__islet24_CC2__islet4_CC2,islet9_1_96,islet24_1_64__islet4_65_96,no,no,no,14.8,586
JP261_PC705_WC71,JP261,NA,NA,PC705,TGACCTGCTG,WC71,CGCTTGTTAT,NA,JP261_P5,human,CC1_CC2,islet_islet,no,islet9_CC1__islet24_CC2__islet4_CC2,islet9_1_96,islet24_1_64__islet4_65_96,no,no,no,14.8,586
JP261_PC705_WC72,JP261,NA,NA,PC705,TGACCTGCTG,WC72,GTAACGTTCA,NA,JP261_P5,human,CC1_CC2,islet_islet,no,islet9_CC1__islet24_CC2__islet4_CC2,islet9_1_96,islet24_1_64__islet4_65_96,no,no,no,14.8,586
JP261_PC705_WC73,JP261,NA,NA,PC705,TGACCTGCTG,WC73,CCGAGTCTTC,NA,JP261_P5,human,CC1_CC2,islet_islet,no,islet9_CC1__islet24_CC2__islet4_CC2,islet9_1_96,islet24_1_64__islet4_65_96,no,no,no,14.8,586
JP261_PC705_WC74,JP261,NA,NA,PC705,TGACCTGCTG,WC74,TATTGCGCTA,NA,JP261_P5,human,CC1_CC2,islet_islet,no,islet9_CC1__islet24_CC2__islet4_CC2,islet9_1_96,islet24_1_64__islet4_65_96,no,no,no,14.8,586
JP261_PC705_WC75,JP261,NA,NA,PC705,TGACCTGCTG,WC75,TGTGGTCTAA,NA,JP261_P5,human,CC1_CC2,islet_islet,no,islet9_CC1__islet24_CC2__islet4_CC2,islet9_1_96,islet24_1_64__islet4_65_96,no,no,no,14.8,586
JP261_PC705_WC76,JP261,NA,NA,PC705,TGACCTGCTG,WC76,CACGTCTACG,NA,JP261_P5,human,CC1_CC2,islet_islet,no,islet9_CC1__islet24_CC2__islet4_CC2,islet9_1_96,islet24_1_64__islet4_65_96,no,no,no,14.8,586
JP261_PC705_WC77,JP261,NA,NA,PC705,TGACCTGCTG,WC77,AGTCCAGTGA,NA,JP261_P5,human,CC1_CC2,islet_islet,no,islet9_CC1__islet24_CC2__islet4_CC2,islet9_1_96,islet24_1_64__islet4_65_96,no,no,no,14.8,586
JP261_PC705_WC78,JP261,NA,NA,PC705,TGACCTGCTG,WC78,ATGCTTGGTC,NA,JP261_P5,human,CC1_CC2,islet_islet,no,islet9_CC1__islet24_CC2__islet4_CC2,islet9_1_96,islet24_1_64__islet4_65_96,no,no,no,14.8,586
JP261_PC705_WC79,JP261,NA,NA,PC705,TGACCTGCTG,WC79,TGATACTCGC,NA,JP261_P5,human,CC1_CC2,islet_islet,no,islet9_CC1__islet24_CC2__islet4_CC2,islet9_1_96,islet24_1_64__islet4_65_96,no,no,no,14.8,586
JP261_PC705_WC80,JP261,NA,NA,PC705,TGACCTGCTG,WC80,TTATCGAGAG,NA,JP261_P5,human,CC1_CC2,islet_islet,no,islet9_CC1__islet24_CC2__islet4_CC2,islet9_1_96,islet24_1_64__islet4_65_96,no,no,no,14.8,586
JP261_PC705_WC81,JP261,NA,NA,PC705,TGACCTGCTG,WC81,TGCCAGTATT,NA,JP261_P5,human,CC1_CC2,islet_islet,no,islet9_CC1__islet24_CC2__islet4_CC2,islet9_1_96,islet24_1_64__islet4_65_96,no,no,no,14.8,586
JP261_PC705_WC82,JP261,NA,NA,PC705,TGACCTGCTG,WC82,GAGTTGCATA,NA,JP261_P5,human,CC1_CC2,islet_islet,no,islet9_CC1__islet24_CC2__islet4_CC2,islet9_1_96,islet24_1_64__islet4_65_96,no,no,no,14.8,586
JP261_PC705_WC83,JP261,NA,NA,PC705,TGACCTGCTG,WC83,ACACTAGCAT,NA,JP261_P5,human,CC1_CC2,islet_islet,no,islet9_CC1__islet24_CC2__islet4_CC2,islet9_1_96,islet24_1_64__islet4_65_96,no,no,no,14.8,586
JP261_PC705_WC84,JP261,NA,NA,PC705,TGACCTGCTG,WC84,GTTCTAATGG,NA,JP261_P5,human,CC1_CC2,islet_islet,no,islet9_CC1__islet24_CC2__islet4_CC2,islet9_1_96,islet24_1_64__islet4_65_96,no,no,no,14.8,586
JP261_PC705_WC85,JP261,NA,NA,PC705,TGACCTGCTG,WC85,CGTTCACGTT,NA,JP261_P5,human,CC1_CC2,islet_islet,no,islet9_CC1__islet24_CC2__islet4_CC2,islet9_1_96,islet24_1_64__islet4_65_96,no,no,no,14.8,586
JP261_PC705_WC86,JP261,NA,NA,PC705,TGACCTGCTG,WC86,GACTGCGTTA,NA,JP261_P5,human,CC1_CC2,islet_islet,no,islet9_CC1__islet24_CC2__islet4_CC2,islet9_1_96,islet24_1_64__islet4_65_96,no,no,no,14.8,586
JP261_PC705_WC87,JP261,NA,NA,PC705,TGACCTGCTG,WC87,TGGCTTATGG,NA,JP261_P5,human,CC1_CC2,islet_islet,no,islet9_CC1__islet24_CC2__islet4_CC2,islet9_1_96,islet24_1_64__islet4_65_96,no,no,no,14.8,586
JP261_PC705_WC88,JP261,NA,NA,PC705,TGACCTGCTG,WC88,TCAGAGGCAC,NA,JP261_P5,human,CC1_CC2,islet_islet,no,islet9_CC1__islet24_CC2__islet4_CC2,islet9_1_96,islet24_1_64__islet4_65_96,no,no,no,14.8,586
JP261_PC705_WC89,JP261,NA,NA,PC705,TGACCTGCTG,WC89,CGCTAGGCTA,NA,JP261_P5,human,CC1_CC2,islet_islet,no,islet9_CC1__islet24_CC2__islet4_CC2,islet9_1_96,islet24_1_64__islet4_65_96,no,no,no,14.8,586
JP261_PC705_WC90,JP261,NA,NA,PC705,TGACCTGCTG,WC90,AACCGTAACA,NA,JP261_P5,human,CC1_CC2,islet_islet,no,islet9_CC1__islet24_CC2__islet4_CC2,islet9_1_96,islet24_1_64__islet4_65_96,no,no,no,14.8,586
JP261_PC705_WC91,JP261,NA,NA,PC705,TGACCTGCTG,WC91,CTTGGTATGA,NA,JP261_P5,human,CC1_CC2,islet_islet,no,islet9_CC1__islet24_CC2__islet4_CC2,islet9_1_96,islet24_1_64__islet4_65_96,no,no,no,14.8,586
JP261_PC705_WC92,JP261,NA,NA,PC705,TGACCTGCTG,WC92,TGTAGATCCG,NA,JP261_P5,human,CC1_CC2,islet_islet,no,islet9_CC1__islet24_CC2__islet4_CC2,islet9_1_96,islet24_1_64__islet4_65_96,no,no,no,14.8,586
JP261_PC705_WC93,JP261,NA,NA,PC705,TGACCTGCTG,WC93,AACTCTACCG,NA,JP261_P5,human,CC1_CC2,islet_islet,no,islet9_CC1__islet24_CC2__islet4_CC2,islet9_1_96,islet24_1_64__islet4_65_96,no,no,no,14.8,586
JP261_PC705_WC94,JP261,NA,NA,PC705,TGACCTGCTG,WC94,CGTGACATTC,NA,JP261_P5,human,CC1_CC2,islet_islet,no,islet9_CC1__islet24_CC2__islet4_CC2,islet9_1_96,islet24_1_64__islet4_65_96,no,no,no,14.8,586
JP261_PC705_WC95,JP261,NA,NA,PC705,TGACCTGCTG,WC95,CTGTACCAGG,NA,JP261_P5,human,CC1_CC2,islet_islet,no,islet9_CC1__islet24_CC2__islet4_CC2,islet9_1_96,islet24_1_64__islet4_65_96,no,no,no,14.8,586
JP261_PC705_WC96,JP261,NA,NA,PC705,TGACCTGCTG,WC96,ACTGGTTCCG,NA,JP261_P5,human,CC1_CC2,islet_islet,no,islet9_CC1__islet24_CC2__islet4_CC2,islet9_1_96,islet24_1_64__islet4_65_96,no,no,no,14.8,586
JP261_PC706_WC1,JP261,NA,NA,PC706,CGCAGCTAGA,WC1,GTCGTGAATC,NA,JP261_P6,human,CC1_CC2,islet_islet,no,islet9_CC1__islet17_CC1__islet4_CC2,islet9_1_55__islet17_56_96,islet4_1_96,no,no,no,12.6,603
JP261_PC706_WC2,JP261,NA,NA,PC706,CGCAGCTAGA,WC2,CTGTTCTACG,NA,JP261_P6,human,CC1_CC2,islet_islet,no,islet9_CC1__islet17_CC1__islet4_CC2,islet9_1_55__islet17_56_96,islet4_1_96,no,no,no,12.6,603
JP261_PC706_WC3,JP261,NA,NA,PC706,CGCAGCTAGA,WC3,GCTCTTAGGT,NA,JP261_P6,human,CC1_CC2,islet_islet,no,islet9_CC1__islet17_CC1__islet4_CC2,islet9_1_55__islet17_56_96,islet4_1_96,no,no,no,12.6,603
JP261_PC706_WC4,JP261,NA,NA,PC706,CGCAGCTAGA,WC4,TAGAAGCCAT,NA,JP261_P6,human,CC1_CC2,islet_islet,no,islet9_CC1__islet17_CC1__islet4_CC2,islet9_1_55__islet17_56_96,islet4_1_96,no,no,no,12.6,603
JP261_PC706_WC5,JP261,NA,NA,PC706,CGCAGCTAGA,WC5,CACTTAGGTA,NA,JP261_P6,human,CC1_CC2,islet_islet,no,islet9_CC1__islet17_CC1__islet4_CC2,islet9_1_55__islet17_56_96,islet4_1_96,no,no,no,12.6,603
JP261_PC706_WC6,JP261,NA,NA,PC706,CGCAGCTAGA,WC6,ATAGGTAAGG,NA,JP261_P6,human,CC1_CC2,islet_islet,no,islet9_CC1__islet17_CC1__islet4_CC2,islet9_1_55__islet17_56_96,islet4_1_96,no,no,no,12.6,603
JP261_PC706_WC7,JP261,NA,NA,PC706,CGCAGCTAGA,WC7,CGCCTTATAT,NA,JP261_P6,human,CC1_CC2,islet_islet,no,islet9_CC1__islet17_CC1__islet4_CC2,islet9_1_55__islet17_56_96,islet4_1_96,no,no,no,12.6,603
JP261_PC706_WC8,JP261,NA,NA,PC706,CGCAGCTAGA,WC8,GCACGATGCT,NA,JP261_P6,human,CC1_CC2,islet_islet,no,islet9_CC1__islet17_CC1__islet4_CC2,islet9_1_55__islet17_56_96,islet4_1_96,no,no,no,12.6,603
JP261_PC706_WC9,JP261,NA,NA,PC706,CGCAGCTAGA,WC9,AATATGCCAG,NA,JP261_P6,human,CC1_CC2,islet_islet,no,islet9_CC1__islet17_CC1__islet4_CC2,islet9_1_55__islet17_56_96,islet4_1_96,no,no,no,12.6,603
JP261_PC706_WC10,JP261,NA,NA,PC706,CGCAGCTAGA,WC10,TAGAGTCACG,NA,JP261_P6,human,CC1_CC2,islet_islet,no,islet9_CC1__islet17_CC1__islet4_CC2,islet9_1_55__islet17_56_96,islet4_1_96,no,no,no,12.6,603
JP261_PC706_WC11,JP261,NA,NA,PC706,CGCAGCTAGA,WC11,TTAACAGGTC,NA,JP261_P6,human,CC1_CC2,islet_islet,no,islet9_CC1__islet17_CC1__islet4_CC2,islet9_1_55__islet17_56_96,islet4_1_96,no,no,no,12.6,603
JP261_PC706_WC12,JP261,NA,NA,PC706,CGCAGCTAGA,WC12,ACATGAGCCA,NA,JP261_P6,human,CC1_CC2,islet_islet,no,islet9_CC1__islet17_CC1__islet4_CC2,islet9_1_55__islet17_56_96,islet4_1_96,no,no,no,12.6,603
JP261_PC706_WC13,JP261,NA,NA,PC706,CGCAGCTAGA,WC13,GCGAGGTTCT,NA,JP261_P6,human,CC1_CC2,islet_islet,no,islet9_CC1__islet17_CC1__islet4_CC2,islet9_1_55__islet17_56_96,islet4_1_96,no,no,no,12.6,603
JP261_PC706_WC14,JP261,NA,NA,PC706,CGCAGCTAGA,WC14,TGTCCGTAGG,NA,JP261_P6,human,CC1_CC2,islet_islet,no,islet9_CC1__islet17_CC1__islet4_CC2,islet9_1_55__islet17_56_96,islet4_1_96,no,no,no,12.6,603
JP261_PC706_WC15,JP261,NA,NA,PC706,CGCAGCTAGA,WC15,CATTATGCCT,NA,JP261_P6,human,CC1_CC2,islet_islet,no,islet9_CC1__islet17_CC1__islet4_CC2,islet9_1_55__islet17_56_96,islet4_1_96,no,no,no,12.6,603
JP261_PC706_WC16,JP261,NA,NA,PC706,CGCAGCTAGA,WC16,TCCACTGTTG,NA,JP261_P6,human,CC1_CC2,islet_islet,no,islet9_CC1__islet17_CC1__islet4_CC2,islet9_1_55__islet17_56_96,islet4_1_96,no,no,no,12.6,603
JP261_PC706_WC17,JP261,NA,NA,PC706,CGCAGCTAGA,WC17,CTTAACGACA,NA,JP261_P6,human,CC1_CC2,islet_islet,no,islet9_CC1__islet17_CC1__islet4_CC2,islet9_1_55__islet17_56_96,islet4_1_96,no,no,no,12.6,603
JP261_PC706_WC18,JP261,NA,NA,PC706,CGCAGCTAGA,WC18,TCCTCGAGCT,NA,JP261_P6,human,CC1_CC2,islet_islet,no,islet9_CC1__islet17_CC1__islet4_CC2,islet9_1_55__islet17_56_96,islet4_1_96,no,no,no,12.6,603
JP261_PC706_WC19,JP261,NA,NA,PC706,CGCAGCTAGA,WC19,CGAGTAATGT,NA,JP261_P6,human,CC1_CC2,islet_islet,no,islet9_CC1__islet17_CC1__islet4_CC2,islet9_1_55__islet17_56_96,islet4_1_96,no,no,no,12.6,603
JP261_PC706_WC20,JP261,NA,NA,PC706,CGCAGCTAGA,WC20,CATACCGCTG,NA,JP261_P6,human,CC1_CC2,islet_islet,no,islet9_CC1__islet17_CC1__islet4_CC2,islet9_1_55__islet17_56_96,islet4_1_96,no,no,no,12.6,603
JP261_PC706_WC21,JP261,NA,NA,PC706,CGCAGCTAGA,WC21,GCTACTTGCA,NA,JP261_P6,human,CC1_CC2,islet_islet,no,islet9_CC1__islet17_CC1__islet4_CC2,islet9_1_55__islet17_56_96,islet4_1_96,no,no,no,12.6,603
JP261_PC706_WC22,JP261,NA,NA,PC706,CGCAGCTAGA,WC22,GCTATTGAAG,NA,JP261_P6,human,CC1_CC2,islet_islet,no,islet9_CC1__islet17_CC1__islet4_CC2,islet9_1_55__islet17_56_96,islet4_1_96,no,no,no,12.6,603
JP261_PC706_WC23,JP261,NA,NA,PC706,CGCAGCTAGA,WC23,TCAGCATCCG,NA,JP261_P6,human,CC1_CC2,islet_islet,no,islet9_CC1__islet17_CC1__islet4_CC2,islet9_1_55__islet17_56_96,islet4_1_96,no,no,no,12.6,603
JP261_PC706_WC24,JP261,NA,NA,PC706,CGCAGCTAGA,WC24,TAGGTGGTGG,NA,JP261_P6,human,CC1_CC2,islet_islet,no,islet9_CC1__islet17_CC1__islet4_CC2,islet9_1_55__islet17_56_96,islet4_1_96,no,no,no,12.6,603
JP261_PC706_WC25,JP261,NA,NA,PC706,CGCAGCTAGA,WC25,AAGATCGGAT,NA,JP261_P6,human,CC1_CC2,islet_islet,no,islet9_CC1__islet17_CC1__islet4_CC2,islet9_1_55__islet17_56_96,islet4_1_96,no,no,no,12.6,603
JP261_PC706_WC26,JP261,NA,NA,PC706,CGCAGCTAGA,WC26,TTAACGTCCG,NA,JP261_P6,human,CC1_CC2,islet_islet,no,islet9_CC1__islet17_CC1__islet4_CC2,islet9_1_55__islet17_56_96,islet4_1_96,no,no,no,12.6,603
JP261_PC706_WC27,JP261,NA,NA,PC706,CGCAGCTAGA,WC27,ATTACCGATC,NA,JP261_P6,human,CC1_CC2,islet_islet,no,islet9_CC1__islet17_CC1__islet4_CC2,islet9_1_55__islet17_56_96,islet4_1_96,no,no,no,12.6,603
JP261_PC706_WC28,JP261,NA,NA,PC706,CGCAGCTAGA,WC28,GTTGCATCGT,NA,JP261_P6,human,CC1_CC2,islet_islet,no,islet9_CC1__islet17_CC1__islet4_CC2,islet9_1_55__islet17_56_96,islet4_1_96,no,no,no,12.6,603
JP261_PC706_WC29,JP261,NA,NA,PC706,CGCAGCTAGA,WC29,ACTGGACGTT,NA,JP261_P6,human,CC1_CC2,islet_islet,no,islet9_CC1__islet17_CC1__islet4_CC2,islet9_1_55__islet17_56_96,islet4_1_96,no,no,no,12.6,603
JP261_PC706_WC30,JP261,NA,NA,PC706,CGCAGCTAGA,WC30,TTGTTCGTGT,NA,JP261_P6,human,CC1_CC2,islet_islet,no,islet9_CC1__islet17_CC1__islet4_CC2,islet9_1_55__islet17_56_96,islet4_1_96,no,no,no,12.6,603
JP261_PC706_WC31,JP261,NA,NA,PC706,CGCAGCTAGA,WC31,ACGGACTGAG,NA,JP261_P6,human,CC1_CC2,islet_islet,no,islet9_CC1__islet17_CC1__islet4_CC2,islet9_1_55__islet17_56_96,islet4_1_96,no,no,no,12.6,603
JP261_PC706_WC32,JP261,NA,NA,PC706,CGCAGCTAGA,WC32,CACCGTCATA,NA,JP261_P6,human,CC1_CC2,islet_islet,no,islet9_CC1__islet17_CC1__islet4_CC2,islet9_1_55__islet17_56_96,islet4_1_96,no,no,no,12.6,603
JP261_PC706_WC33,JP261,NA,NA,PC706,CGCAGCTAGA,WC33,GTAGTTGTGT,NA,JP261_P6,human,CC1_CC2,islet_islet,no,islet9_CC1__islet17_CC1__islet4_CC2,islet9_1_55__islet17_56_96,islet4_1_96,no,no,no,12.6,603
JP261_PC706_WC34,JP261,NA,NA,PC706,CGCAGCTAGA,WC34,CTGAGTCCTT,NA,JP261_P6,human,CC1_CC2,islet_islet,no,islet9_CC1__islet17_CC1__islet4_CC2,islet9_1_55__islet17_56_96,islet4_1_96,no,no,no,12.6,603
JP261_PC706_WC35,JP261,NA,NA,PC706,CGCAGCTAGA,WC35,TCACAGTTGC,NA,JP261_P6,human,CC1_CC2,islet_islet,no,islet9_CC1__islet17_CC1__islet4_CC2,islet9_1_55__islet17_56_96,islet4_1_96,no,no,no,12.6,603
JP261_PC706_WC36,JP261,NA,NA,PC706,CGCAGCTAGA,WC36,ATTGTAAGCG,NA,JP261_P6,human,CC1_CC2,islet_islet,no,islet9_CC1__islet17_CC1__islet4_CC2,islet9_1_55__islet17_56_96,islet4_1_96,no,no,no,12.6,603
JP261_PC706_WC37,JP261,NA,NA,PC706,CGCAGCTAGA,WC37,CGGTCTCTCT,NA,JP261_P6,human,CC1_CC2,islet_islet,no,islet9_CC1__islet17_CC1__islet4_CC2,islet9_1_55__islet17_56_96,islet4_1_96,no,no,no,12.6,603
JP261_PC706_WC38,JP261,NA,NA,PC706,CGCAGCTAGA,WC38,AACAGCAATG,NA,JP261_P6,human,CC1_CC2,islet_islet,no,islet9_CC1__islet17_CC1__islet4_CC2,islet9_1_55__islet17_56_96,islet4_1_96,no,no,no,12.6,603
JP261_PC706_WC39,JP261,NA,NA,PC706,CGCAGCTAGA,WC39,TCCGTGTTGC,NA,JP261_P6,human,CC1_CC2,islet_islet,no,islet9_CC1__islet17_CC1__islet4_CC2,islet9_1_55__islet17_56_96,islet4_1_96,no,no,no,12.6,603
JP261_PC706_WC40,JP261,NA,NA,PC706,CGCAGCTAGA,WC40,TGCGAAGTGA,NA,JP261_P6,human,CC1_CC2,islet_islet,no,islet9_CC1__islet17_CC1__islet4_CC2,islet9_1_55__islet17_56_96,islet4_1_96,no,no,no,12.6,603
JP261_PC706_WC41,JP261,NA,NA,PC706,CGCAGCTAGA,WC41,CACAGCTATT,NA,JP261_P6,human,CC1_CC2,islet_islet,no,islet9_CC1__islet17_CC1__islet4_CC2,islet9_1_55__islet17_56_96,islet4_1_96,no,no,no,12.6,603
JP261_PC706_WC42,JP261,NA,NA,PC706,CGCAGCTAGA,WC42,GATAGTGTTC,NA,JP261_P6,human,CC1_CC2,islet_islet,no,islet9_CC1__islet17_CC1__islet4_CC2,islet9_1_55__islet17_56_96,islet4_1_96,no,no,no,12.6,603
JP261_PC706_WC43,JP261,NA,NA,PC706,CGCAGCTAGA,WC43,TAGCTACCAG,NA,JP261_P6,human,CC1_CC2,islet_islet,no,islet9_CC1__islet17_CC1__islet4_CC2,islet9_1_55__islet17_56_96,islet4_1_96,no,no,no,12.6,603
JP261_PC706_WC44,JP261,NA,NA,PC706,CGCAGCTAGA,WC44,TGCTCACGCA,NA,JP261_P6,human,CC1_CC2,islet_islet,no,islet9_CC1__islet17_CC1__islet4_CC2,islet9_1_55__islet17_56_96,islet4_1_96,no,no,no,12.6,603
JP261_PC706_WC45,JP261,NA,NA,PC706,CGCAGCTAGA,WC45,AAGTGTGCTA,NA,JP261_P6,human,CC1_CC2,islet_islet,no,islet9_CC1__islet17_CC1__islet4_CC2,islet9_1_55__islet17_56_96,islet4_1_96,no,no,no,12.6,603
JP261_PC706_WC46,JP261,NA,NA,PC706,CGCAGCTAGA,WC46,TCATCGTCTG,NA,JP261_P6,human,CC1_CC2,islet_islet,no,islet9_CC1__islet17_CC1__islet4_CC2,islet9_1_55__islet17_56_96,islet4_1_96,no,no,no,12.6,603
JP261_PC706_WC47,JP261,NA,NA,PC706,CGCAGCTAGA,WC47,AGATGCTCCG,NA,JP261_P6,human,CC1_CC2,islet_islet,no,islet9_CC1__islet17_CC1__islet4_CC2,islet9_1_55__islet17_56_96,islet4_1_96,no,no,no,12.6,603
JP261_PC706_WC48,JP261,NA,NA,PC706,CGCAGCTAGA,WC48,GAACCAAGCG,NA,JP261_P6,human,CC1_CC2,islet_islet,no,islet9_CC1__islet17_CC1__islet4_CC2,islet9_1_55__islet17_56_96,islet4_1_96,no,no,no,12.6,603
JP261_PC706_WC49,JP261,NA,NA,PC706,CGCAGCTAGA,WC49,CCTCTTCAAG,NA,JP261_P6,human,CC1_CC2,islet_islet,no,islet9_CC1__islet17_CC1__islet4_CC2,islet9_1_55__islet17_56_96,islet4_1_96,no,no,no,12.6,603
JP261_PC706_WC50,JP261,NA,NA,PC706,CGCAGCTAGA,WC50,CGTCGCATCT,NA,JP261_P6,human,CC1_CC2,islet_islet,no,islet9_CC1__islet17_CC1__islet4_CC2,islet9_1_55__islet17_56_96,islet4_1_96,no,no,no,12.6,603
JP261_PC706_WC51,JP261,NA,NA,PC706,CGCAGCTAGA,WC51,CCGAACGTTC,NA,JP261_P6,human,CC1_CC2,islet_islet,no,islet9_CC1__islet17_CC1__islet4_CC2,islet9_1_55__islet17_56_96,islet4_1_96,no,no,no,12.6,603
JP261_PC706_WC52,JP261,NA,NA,PC706,CGCAGCTAGA,WC52,GAATGGCGTT,NA,JP261_P6,human,CC1_CC2,islet_islet,no,islet9_CC1__islet17_CC1__islet4_CC2,islet9_1_55__islet17_56_96,islet4_1_96,no,no,no,12.6,603
JP261_PC706_WC53,JP261,NA,NA,PC706,CGCAGCTAGA,WC53,AAGTTCAGGA,NA,JP261_P6,human,CC1_CC2,islet_islet,no,islet9_CC1__islet17_CC1__islet4_CC2,islet9_1_55__islet17_56_96,islet4_1_96,no,no,no,12.6,603
JP261_PC706_WC54,JP261,NA,NA,PC706,CGCAGCTAGA,WC54,GACCAATTGT,NA,JP261_P6,human,CC1_CC2,islet_islet,no,islet9_CC1__islet17_CC1__islet4_CC2,islet9_1_55__islet17_56_96,islet4_1_96,no,no,no,12.6,603
JP261_PC706_WC55,JP261,NA,NA,PC706,CGCAGCTAGA,WC55,TGTCTGTGAC,NA,JP261_P6,human,CC1_CC2,islet_islet,no,islet9_CC1__islet17_CC1__islet4_CC2,islet9_1_55__islet17_56_96,islet4_1_96,no,no,no,12.6,603
JP261_PC706_WC56,JP261,NA,NA,PC706,CGCAGCTAGA,WC56,GAACATTGGC,NA,JP261_P6,human,CC1_CC2,islet_islet,no,islet9_CC1__islet17_CC1__islet4_CC2,islet9_1_55__islet17_56_96,islet4_1_96,no,no,no,12.6,603
JP261_PC706_WC57,JP261,NA,NA,PC706,CGCAGCTAGA,WC57,CGTAACACTA,NA,JP261_P6,human,CC1_CC2,islet_islet,no,islet9_CC1__islet17_CC1__islet4_CC2,islet9_1_55__islet17_56_96,islet4_1_96,no,no,no,12.6,603
JP261_PC706_WC58,JP261,NA,NA,PC706,CGCAGCTAGA,WC58,GTACTTCCAA,NA,JP261_P6,human,CC1_CC2,islet_islet,no,islet9_CC1__islet17_CC1__islet4_CC2,islet9_1_55__islet17_56_96,islet4_1_96,no,no,no,12.6,603
JP261_PC706_WC59,JP261,NA,NA,PC706,CGCAGCTAGA,WC59,TTAGCGTCTT,NA,JP261_P6,human,CC1_CC2,islet_islet,no,islet9_CC1__islet17_CC1__islet4_CC2,islet9_1_55__islet17_56_96,islet4_1_96,no,no,no,12.6,603
JP261_PC706_WC60,JP261,NA,NA,PC706,CGCAGCTAGA,WC60,TTGACCGTCT,NA,JP261_P6,human,CC1_CC2,islet_islet,no,islet9_CC1__islet17_CC1__islet4_CC2,islet9_1_55__islet17_56_96,islet4_1_96,no,no,no,12.6,603
JP261_PC706_WC61,JP261,NA,NA,PC706,CGCAGCTAGA,WC61,ACGGCTTCTC,NA,JP261_P6,human,CC1_CC2,islet_islet,no,islet9_CC1__islet17_CC1__islet4_CC2,islet9_1_55__islet17_56_96,islet4_1_96,no,no,no,12.6,603
JP261_PC706_WC62,JP261,NA,NA,PC706,CGCAGCTAGA,WC62,TGCGATGTAT,NA,JP261_P6,human,CC1_CC2,islet_islet,no,islet9_CC1__islet17_CC1__islet4_CC2,islet9_1_55__islet17_56_96,islet4_1_96,no,no,no,12.6,603
JP261_PC706_WC63,JP261,NA,NA,PC706,CGCAGCTAGA,WC63,GCGTTCAGCA,NA,JP261_P6,human,CC1_CC2,islet_islet,no,islet9_CC1__islet17_CC1__islet4_CC2,islet9_1_55__islet17_56_96,islet4_1_96,no,no,no,12.6,603
JP261_PC706_WC64,JP261,NA,NA,PC706,CGCAGCTAGA,WC64,GCCTAGGAAG,NA,JP261_P6,human,CC1_CC2,islet_islet,no,islet9_CC1__islet17_CC1__islet4_CC2,islet9_1_55__islet17_56_96,islet4_1_96,no,no,no,12.6,603
JP261_PC706_WC65,JP261,NA,NA,PC706,CGCAGCTAGA,WC65,GTTACCAACG,NA,JP261_P6,human,CC1_CC2,islet_islet,no,islet9_CC1__islet17_CC1__islet4_CC2,islet9_1_55__islet17_56_96,islet4_1_96,no,no,no,12.6,603
JP261_PC706_WC66,JP261,NA,NA,PC706,CGCAGCTAGA,WC66,ACGAACCAAG,NA,JP261_P6,human,CC1_CC2,islet_islet,no,islet9_CC1__islet17_CC1__islet4_CC2,islet9_1_55__islet17_56_96,islet4_1_96,no,no,no,12.6,603
JP261_PC706_WC67,JP261,NA,NA,PC706,CGCAGCTAGA,WC67,CACGCAAGTC,NA,JP261_P6,human,CC1_CC2,islet_islet,no,islet9_CC1__islet17_CC1__islet4_CC2,islet9_1_55__islet17_56_96,islet4_1_96,no,no,no,12.6,603
JP261_PC706_WC68,JP261,NA,NA,PC706,CGCAGCTAGA,WC68,GCTGGAGAAG,NA,JP261_P6,human,CC1_CC2,islet_islet,no,islet9_CC1__islet17_CC1__islet4_CC2,islet9_1_55__islet17_56_96,islet4_1_96,no,no,no,12.6,603
JP261_PC706_WC69,JP261,NA,NA,PC706,CGCAGCTAGA,WC69,CCAGTGTACG,NA,JP261_P6,human,CC1_CC2,islet_islet,no,islet9_CC1__islet17_CC1__islet4_CC2,islet9_1_55__islet17_56_96,islet4_1_96,no,no,no,12.6,603
JP261_PC706_WC70,JP261,NA,NA,PC706,CGCAGCTAGA,WC70,GTTGATGCGA,NA,JP261_P6,human,CC1_CC2,islet_islet,no,islet9_CC1__islet17_CC1__islet4_CC2,islet9_1_55__islet17_56_96,islet4_1_96,no,no,no,12.6,603
JP261_PC706_WC71,JP261,NA,NA,PC706,CGCAGCTAGA,WC71,CGCTTGTTAT,NA,JP261_P6,human,CC1_CC2,islet_islet,no,islet9_CC1__islet17_CC1__islet4_CC2,islet9_1_55__islet17_56_96,islet4_1_96,no,no,no,12.6,603
JP261_PC706_WC72,JP261,NA,NA,PC706,CGCAGCTAGA,WC72,GTAACGTTCA,NA,JP261_P6,human,CC1_CC2,islet_islet,no,islet9_CC1__islet17_CC1__islet4_CC2,islet9_1_55__islet17_56_96,islet4_1_96,no,no,no,12.6,603
JP261_PC706_WC73,JP261,NA,NA,PC706,CGCAGCTAGA,WC73,CCGAGTCTTC,NA,JP261_P6,human,CC1_CC2,islet_islet,no,islet9_CC1__islet17_CC1__islet4_CC2,islet9_1_55__islet17_56_96,islet4_1_96,no,no,no,12.6,603
JP261_PC706_WC74,JP261,NA,NA,PC706,CGCAGCTAGA,WC74,TATTGCGCTA,NA,JP261_P6,human,CC1_CC2,islet_islet,no,islet9_CC1__islet17_CC1__islet4_CC2,islet9_1_55__islet17_56_96,islet4_1_96,no,no,no,12.6,603
JP261_PC706_WC75,JP261,NA,NA,PC706,CGCAGCTAGA,WC75,TGTGGTCTAA,NA,JP261_P6,human,CC1_CC2,islet_islet,no,islet9_CC1__islet17_CC1__islet4_CC2,islet9_1_55__islet17_56_96,islet4_1_96,no,no,no,12.6,603
JP261_PC706_WC76,JP261,NA,NA,PC706,CGCAGCTAGA,WC76,CACGTCTACG,NA,JP261_P6,human,CC1_CC2,islet_islet,no,islet9_CC1__islet17_CC1__islet4_CC2,islet9_1_55__islet17_56_96,islet4_1_96,no,no,no,12.6,603
JP261_PC706_WC77,JP261,NA,NA,PC706,CGCAGCTAGA,WC77,AGTCCAGTGA,NA,JP261_P6,human,CC1_CC2,islet_islet,no,islet9_CC1__islet17_CC1__islet4_CC2,islet9_1_55__islet17_56_96,islet4_1_96,no,no,no,12.6,603
JP261_PC706_WC78,JP261,NA,NA,PC706,CGCAGCTAGA,WC78,ATGCTTGGTC,NA,JP261_P6,human,CC1_CC2,islet_islet,no,islet9_CC1__islet17_CC1__islet4_CC2,islet9_1_55__islet17_56_96,islet4_1_96,no,no,no,12.6,603
JP261_PC706_WC79,JP261,NA,NA,PC706,CGCAGCTAGA,WC79,TGATACTCGC,NA,JP261_P6,human,CC1_CC2,islet_islet,no,islet9_CC1__islet17_CC1__islet4_CC2,islet9_1_55__islet17_56_96,islet4_1_96,no,no,no,12.6,603
JP261_PC706_WC80,JP261,NA,NA,PC706,CGCAGCTAGA,WC80,TTATCGAGAG,NA,JP261_P6,human,CC1_CC2,islet_islet,no,islet9_CC1__islet17_CC1__islet4_CC2,islet9_1_55__islet17_56_96,islet4_1_96,no,no,no,12.6,603
JP261_PC706_WC81,JP261,NA,NA,PC706,CGCAGCTAGA,WC81,TGCCAGTATT,NA,JP261_P6,human,CC1_CC2,islet_islet,no,islet9_CC1__islet17_CC1__islet4_CC2,islet9_1_55__islet17_56_96,islet4_1_96,no,no,no,12.6,603
JP261_PC706_WC82,JP261,NA,NA,PC706,CGCAGCTAGA,WC82,GAGTTGCATA,NA,JP261_P6,human,CC1_CC2,islet_islet,no,islet9_CC1__islet17_CC1__islet4_CC2,islet9_1_55__islet17_56_96,islet4_1_96,no,no,no,12.6,603
JP261_PC706_WC83,JP261,NA,NA,PC706,CGCAGCTAGA,WC83,ACACTAGCAT,NA,JP261_P6,human,CC1_CC2,islet_islet,no,islet9_CC1__islet17_CC1__islet4_CC2,islet9_1_55__islet17_56_96,islet4_1_96,no,no,no,12.6,603
JP261_PC706_WC84,JP261,NA,NA,PC706,CGCAGCTAGA,WC84,GTTCTAATGG,NA,JP261_P6,human,CC1_CC2,islet_islet,no,islet9_CC1__islet17_CC1__islet4_CC2,islet9_1_55__islet17_56_96,islet4_1_96,no,no,no,12.6,603
JP261_PC706_WC85,JP261,NA,NA,PC706,CGCAGCTAGA,WC85,CGTTCACGTT,NA,JP261_P6,human,CC1_CC2,islet_islet,no,islet9_CC1__islet17_CC1__islet4_CC2,islet9_1_55__islet17_56_96,islet4_1_96,no,no,no,12.6,603
JP261_PC706_WC86,JP261,NA,NA,PC706,CGCAGCTAGA,WC86,GACTGCGTTA,NA,JP261_P6,human,CC1_CC2,islet_islet,no,islet9_CC1__islet17_CC1__islet4_CC2,islet9_1_55__islet17_56_96,islet4_1_96,no,no,no,12.6,603
JP261_PC706_WC87,JP261,NA,NA,PC706,CGCAGCTAGA,WC87,TGGCTTATGG,NA,JP261_P6,human,CC1_CC2,islet_islet,no,islet9_CC1__islet17_CC1__islet4_CC2,islet9_1_55__islet17_56_96,islet4_1_96,no,no,no,12.6,603
JP261_PC706_WC88,JP261,NA,NA,PC706,CGCAGCTAGA,WC88,TCAGAGGCAC,NA,JP261_P6,human,CC1_CC2,islet_islet,no,islet9_CC1__islet17_CC1__islet4_CC2,islet9_1_55__islet17_56_96,islet4_1_96,no,no,no,12.6,603
JP261_PC706_WC89,JP261,NA,NA,PC706,CGCAGCTAGA,WC89,CGCTAGGCTA,NA,JP261_P6,human,CC1_CC2,islet_islet,no,islet9_CC1__islet17_CC1__islet4_CC2,islet9_1_55__islet17_56_96,islet4_1_96,no,no,no,12.6,603
JP261_PC706_WC90,JP261,NA,NA,PC706,CGCAGCTAGA,WC90,AACCGTAACA,NA,JP261_P6,human,CC1_CC2,islet_islet,no,islet9_CC1__islet17_CC1__islet4_CC2,islet9_1_55__islet17_56_96,islet4_1_96,no,no,no,12.6,603
JP261_PC706_WC91,JP261,NA,NA,PC706,CGCAGCTAGA,WC91,CTTGGTATGA,NA,JP261_P6,human,CC1_CC2,islet_islet,no,islet9_CC1__islet17_CC1__islet4_CC2,islet9_1_55__islet17_56_96,islet4_1_96,no,no,no,12.6,603
JP261_PC706_WC92,JP261,NA,NA,PC706,CGCAGCTAGA,WC92,TGTAGATCCG,NA,JP261_P6,human,CC1_CC2,islet_islet,no,islet9_CC1__islet17_CC1__islet4_CC2,islet9_1_55__islet17_56_96,islet4_1_96,no,no,no,12.6,603
JP261_PC706_WC93,JP261,NA,NA,PC706,CGCAGCTAGA,WC93,AACTCTACCG,NA,JP261_P6,human,CC1_CC2,islet_islet,no,islet9_CC1__islet17_CC1__islet4_CC2,islet9_1_55__islet17_56_96,islet4_1_96,no,no,no,12.6,603
JP261_PC706_WC94,JP261,NA,NA,PC706,CGCAGCTAGA,WC94,CGTGACATTC,NA,JP261_P6,human,CC1_CC2,islet_islet,no,islet9_CC1__islet17_CC1__islet4_CC2,islet9_1_55__islet17_56_96,islet4_1_96,no,no,no,12.6,603
JP261_PC706_WC95,JP261,NA,NA,PC706,CGCAGCTAGA,WC95,CTGTACCAGG,NA,JP261_P6,human,CC1_CC2,islet_islet,no,islet9_CC1__islet17_CC1__islet4_CC2,islet9_1_55__islet17_56_96,islet4_1_96,no,no,no,12.6,603
JP261_PC706_WC96,JP261,NA,NA,PC706,CGCAGCTAGA,WC96,ACTGGTTCCG,NA,JP261_P6,human,CC1_CC2,islet_islet,no,islet9_CC1__islet17_CC1__islet4_CC2,islet9_1_55__islet17_56_96,islet4_1_96,no,no,no,12.6,603
NG038_PC726_WC1,NG038,NA,NA,PC726,TAAGCCGAAT,WC1,GTCGTGAATC,NA,NG038_P1,human,CC9_CC10_CC11,NIH_TSM_S1,no,no,no,no,no,no,no,6.23,612
NG038_PC726_WC2,NG038,NA,NA,PC726,TAAGCCGAAT,WC2,CTGTTCTACG,NA,NG038_P1,human,CC9_CC10_CC11,NIH_TSM_S1,no,no,no,no,no,no,no,6.23,612
NG038_PC726_WC3,NG038,NA,NA,PC726,TAAGCCGAAT,WC3,GCTCTTAGGT,NA,NG038_P1,human,CC9_CC10_CC11,NIH_TSM_S1,no,no,no,no,no,no,no,6.23,612
NG038_PC726_WC4,NG038,NA,NA,PC726,TAAGCCGAAT,WC4,TAGAAGCCAT,NA,NG038_P1,human,CC9_CC10_CC11,NIH_TSM_S1,no,no,no,no,no,no,no,6.23,612
NG038_PC726_WC5,NG038,NA,NA,PC726,TAAGCCGAAT,WC5,CACTTAGGTA,NA,NG038_P1,human,CC9_CC10_CC11,NIH_TSM_S1,no,no,no,no,no,no,no,6.23,612
NG038_PC726_WC6,NG038,NA,NA,PC726,TAAGCCGAAT,WC6,ATAGGTAAGG,NA,NG038_P1,human,CC9_CC10_CC11,NIH_TSM_S1,no,no,no,no,no,no,no,6.23,612
NG038_PC726_WC7,NG038,NA,NA,PC726,TAAGCCGAAT,WC7,CGCCTTATAT,NA,NG038_P1,human,CC9_CC10_CC11,NIH_TSM_S1,no,no,no,no,no,no,no,6.23,612
NG038_PC726_WC8,NG038,NA,NA,PC726,TAAGCCGAAT,WC8,GCACGATGCT,NA,NG038_P1,human,CC9_CC10_CC11,NIH_TSM_S1,no,no,no,no,no,no,no,6.23,612
NG038_PC726_WC9,NG038,NA,NA,PC726,TAAGCCGAAT,WC9,AATATGCCAG,NA,NG038_P1,human,CC9_CC10_CC11,NIH_TSM_S1,no,no,no,no,no,no,no,6.23,612
NG038_PC726_WC10,NG038,NA,NA,PC726,TAAGCCGAAT,WC10,TAGAGTCACG,NA,NG038_P1,human,CC9_CC10_CC11,NIH_TSM_S1,no,no,no,no,no,no,no,6.23,612
NG038_PC726_WC11,NG038,NA,NA,PC726,TAAGCCGAAT,WC11,TTAACAGGTC,NA,NG038_P1,human,CC9_CC10_CC11,NIH_TSM_S1,no,no,no,no,no,no,no,6.23,612
NG038_PC726_WC12,NG038,NA,NA,PC726,TAAGCCGAAT,WC12,ACATGAGCCA,NA,NG038_P1,human,CC9_CC10_CC11,NIH_TSM_S1,no,no,no,no,no,no,no,6.23,612
NG038_PC726_WC13,NG038,NA,NA,PC726,TAAGCCGAAT,WC13,GCGAGGTTCT,NA,NG038_P1,human,CC9_CC10_CC11,NIH_TSM_S1,no,no,no,no,no,no,no,6.23,612
NG038_PC726_WC14,NG038,NA,NA,PC726,TAAGCCGAAT,WC14,TGTCCGTAGG,NA,NG038_P1,human,CC9_CC10_CC11,NIH_TSM_S1,no,no,no,no,no,no,no,6.23,612
NG038_PC726_WC15,NG038,NA,NA,PC726,TAAGCCGAAT,WC15,CATTATGCCT,NA,NG038_P1,human,CC9_CC10_CC11,NIH_TSM_S1,no,no,no,no,no,no,no,6.23,612
NG038_PC726_WC16,NG038,NA,NA,PC726,TAAGCCGAAT,WC16,TCCACTGTTG,NA,NG038_P1,human,CC9_CC10_CC11,NIH_TSM_S1,no,no,no,no,no,no,no,6.23,612
NG038_PC726_WC17,NG038,NA,NA,PC726,TAAGCCGAAT,WC17,CTTAACGACA,NA,NG038_P1,human,CC9_CC10_CC11,NIH_TSM_S1,no,no,no,no,no,no,no,6.23,612
NG038_PC726_WC18,NG038,NA,NA,PC726,TAAGCCGAAT,WC18,TCCTCGAGCT,NA,NG038_P1,human,CC9_CC10_CC11,NIH_TSM_S1,no,no,no,no,no,no,no,6.23,612
NG038_PC726_WC19,NG038,NA,NA,PC726,TAAGCCGAAT,WC19,CGAGTAATGT,NA,NG038_P1,human,CC9_CC10_CC11,NIH_TSM_S1,no,no,no,no,no,no,no,6.23,612
NG038_PC726_WC20,NG038,NA,NA,PC726,TAAGCCGAAT,WC20,CATACCGCTG,NA,NG038_P1,human,CC9_CC10_CC11,NIH_TSM_S1,no,no,no,no,no,no,no,6.23,612
NG038_PC726_WC21,NG038,NA,NA,PC726,TAAGCCGAAT,WC21,GCTACTTGCA,NA,NG038_P1,human,CC9_CC10_CC11,NIH_TSM_S1,no,no,no,no,no,no,no,6.23,612
NG038_PC726_WC22,NG038,NA,NA,PC726,TAAGCCGAAT,WC22,GCTATTGAAG,NA,NG038_P1,human,CC9_CC10_CC11,NIH_TSM_S1,no,no,no,no,no,no,no,6.23,612
NG038_PC726_WC23,NG038,NA,NA,PC726,TAAGCCGAAT,WC23,TCAGCATCCG,NA,NG038_P1,human,CC9_CC10_CC11,NIH_TSM_S1,no,no,no,no,no,no,no,6.23,612
NG038_PC726_WC24,NG038,NA,NA,PC726,TAAGCCGAAT,WC24,TAGGTGGTGG,NA,NG038_P1,human,CC9_CC10_CC11,NIH_TSM_S1,no,no,no,no,no,no,no,6.23,612
NG038_PC726_WC25,NG038,NA,NA,PC726,TAAGCCGAAT,WC25,AAGATCGGAT,NA,NG038_P1,human,CC9_CC10_CC11,NIH_TSM_S1,no,no,no,no,no,no,no,6.23,612
NG038_PC726_WC26,NG038,NA,NA,PC726,TAAGCCGAAT,WC26,TTAACGTCCG,NA,NG038_P1,human,CC9_CC10_CC11,NIH_TSM_S1,no,no,no,no,no,no,no,6.23,612
NG038_PC726_WC27,NG038,NA,NA,PC726,TAAGCCGAAT,WC27,ATTACCGATC,NA,NG038_P1,human,CC9_CC10_CC11,NIH_TSM_S1,no,no,no,no,no,no,no,6.23,612
NG038_PC726_WC28,NG038,NA,NA,PC726,TAAGCCGAAT,WC28,GTTGCATCGT,NA,NG038_P1,human,CC9_CC10_CC11,NIH_TSM_S1,no,no,no,no,no,no,no,6.23,612
NG038_PC726_WC29,NG038,NA,NA,PC726,TAAGCCGAAT,WC29,ACTGGACGTT,NA,NG038_P1,human,CC9_CC10_CC11,NIH_TSM_S1,no,no,no,no,no,no,no,6.23,612
NG038_PC726_WC30,NG038,NA,NA,PC726,TAAGCCGAAT,WC30,TTGTTCGTGT,NA,NG038_P1,human,CC9_CC10_CC11,NIH_TSM_S1,no,no,no,no,no,no,no,6.23,612
NG038_PC726_WC31,NG038,NA,NA,PC726,TAAGCCGAAT,WC31,ACGGACTGAG,NA,NG038_P1,human,CC9_CC10_CC11,NIH_TSM_S1,no,no,no,no,no,no,no,6.23,612
NG038_PC726_WC32,NG038,NA,NA,PC726,TAAGCCGAAT,WC32,CACCGTCATA,NA,NG038_P1,human,CC9_CC10_CC11,NIH_TSM_S1,no,no,no,no,no,no,no,6.23,612
NG038_PC726_WC33,NG038,NA,NA,PC726,TAAGCCGAAT,WC33,GTAGTTGTGT,NA,NG038_P1,human,CC9_CC10_CC11,NIH_TSM_S1,no,no,no,no,no,no,no,6.23,612
NG038_PC726_WC34,NG038,NA,NA,PC726,TAAGCCGAAT,WC34,CTGAGTCCTT,NA,NG038_P1,human,CC9_CC10_CC11,NIH_TSM_S1,no,no,no,no,no,no,no,6.23,612
NG038_PC726_WC35,NG038,NA,NA,PC726,TAAGCCGAAT,WC35,TCACAGTTGC,NA,NG038_P1,human,CC9_CC10_CC11,NIH_TSM_S1,no,no,no,no,no,no,no,6.23,612
NG038_PC726_WC36,NG038,NA,NA,PC726,TAAGCCGAAT,WC36,ATTGTAAGCG,NA,NG038_P1,human,CC9_CC10_CC11,NIH_TSM_S1,no,no,no,no,no,no,no,6.23,612
NG038_PC726_WC37,NG038,NA,NA,PC726,TAAGCCGAAT,WC37,CGGTCTCTCT,NA,NG038_P1,human,CC9_CC10_CC11,NIH_TSM_S1,no,no,no,no,no,no,no,6.23,612
NG038_PC726_WC38,NG038,NA,NA,PC726,TAAGCCGAAT,WC38,AACAGCAATG,NA,NG038_P1,human,CC9_CC10_CC11,NIH_TSM_S1,no,no,no,no,no,no,no,6.23,612
NG038_PC726_WC39,NG038,NA,NA,PC726,TAAGCCGAAT,WC39,TCCGTGTTGC,NA,NG038_P1,human,CC9_CC10_CC11,NIH_TSM_S1,no,no,no,no,no,no,no,6.23,612
NG038_PC726_WC40,NG038,NA,NA,PC726,TAAGCCGAAT,WC40,TGCGAAGTGA,NA,NG038_P1,human,CC9_CC10_CC11,NIH_TSM_S1,no,no,no,no,no,no,no,6.23,612
NG038_PC726_WC41,NG038,NA,NA,PC726,TAAGCCGAAT,WC41,CACAGCTATT,NA,NG038_P1,human,CC9_CC10_CC11,NIH_TSM_S1,no,no,no,no,no,no,no,6.23,612
NG038_PC726_WC42,NG038,NA,NA,PC726,TAAGCCGAAT,WC42,GATAGTGTTC,NA,NG038_P1,human,CC9_CC10_CC11,NIH_TSM_S1,no,no,no,no,no,no,no,6.23,612
NG038_PC726_WC43,NG038,NA,NA,PC726,TAAGCCGAAT,WC43,TAGCTACCAG,NA,NG038_P1,human,CC9_CC10_CC11,NIH_TSM_S1,no,no,no,no,no,no,no,6.23,612
NG038_PC726_WC44,NG038,NA,NA,PC726,TAAGCCGAAT,WC44,TGCTCACGCA,NA,NG038_P1,human,CC9_CC10_CC11,NIH_TSM_S1,no,no,no,no,no,no,no,6.23,612
NG038_PC726_WC45,NG038,NA,NA,PC726,TAAGCCGAAT,WC45,AAGTGTGCTA,NA,NG038_P1,human,CC9_CC10_CC11,NIH_TSM_S1,no,no,no,no,no,no,no,6.23,612
NG038_PC726_WC46,NG038,NA,NA,PC726,TAAGCCGAAT,WC46,TCATCGTCTG,NA,NG038_P1,human,CC9_CC10_CC11,NIH_TSM_S1,no,no,no,no,no,no,no,6.23,612
NG038_PC726_WC47,NG038,NA,NA,PC726,TAAGCCGAAT,WC47,AGATGCTCCG,NA,NG038_P1,human,CC9_CC10_CC11,NIH_TSM_S1,no,no,no,no,no,no,no,6.23,612
NG038_PC726_WC48,NG038,NA,NA,PC726,TAAGCCGAAT,WC48,GAACCAAGCG,NA,NG038_P1,human,CC9_CC10_CC11,NIH_TSM_S1,no,no,no,no,no,no,no,6.23,612
NG038_PC726_WC49,NG038,NA,NA,PC726,TAAGCCGAAT,WC49,CCTCTTCAAG,NA,NG038_P1,human,CC9_CC10_CC11,NIH_TSM_S1,no,no,no,no,no,no,no,6.23,612
NG038_PC726_WC50,NG038,NA,NA,PC726,TAAGCCGAAT,WC50,CGTCGCATCT,NA,NG038_P1,human,CC9_CC10_CC11,NIH_TSM_S1,no,no,no,no,no,no,no,6.23,612
NG038_PC726_WC51,NG038,NA,NA,PC726,TAAGCCGAAT,WC51,CCGAACGTTC,NA,NG038_P1,human,CC9_CC10_CC11,NIH_TSM_S1,no,no,no,no,no,no,no,6.23,612
NG038_PC726_WC52,NG038,NA,NA,PC726,TAAGCCGAAT,WC52,GAATGGCGTT,NA,NG038_P1,human,CC9_CC10_CC11,NIH_TSM_S1,no,no,no,no,no,no,no,6.23,612
NG038_PC726_WC53,NG038,NA,NA,PC726,TAAGCCGAAT,WC53,AAGTTCAGGA,NA,NG038_P1,human,CC9_CC10_CC11,NIH_TSM_S1,no,no,no,no,no,no,no,6.23,612
NG038_PC726_WC54,NG038,NA,NA,PC726,TAAGCCGAAT,WC54,GACCAATTGT,NA,NG038_P1,human,CC9_CC10_CC11,NIH_TSM_S1,no,no,no,no,no,no,no,6.23,612
NG038_PC726_WC55,NG038,NA,NA,PC726,TAAGCCGAAT,WC55,TGTCTGTGAC,NA,NG038_P1,human,CC9_CC10_CC11,NIH_TSM_S1,no,no,no,no,no,no,no,6.23,612
NG038_PC726_WC56,NG038,NA,NA,PC726,TAAGCCGAAT,WC56,GAACATTGGC,NA,NG038_P1,human,CC9_CC10_CC11,NIH_TSM_S1,no,no,no,no,no,no,no,6.23,612
NG038_PC726_WC57,NG038,NA,NA,PC726,TAAGCCGAAT,WC57,CGTAACACTA,NA,NG038_P1,human,CC9_CC10_CC11,NIH_TSM_S1,no,no,no,no,no,no,no,6.23,612
NG038_PC726_WC58,NG038,NA,NA,PC726,TAAGCCGAAT,WC58,GTACTTCCAA,NA,NG038_P1,human,CC9_CC10_CC11,NIH_TSM_S1,no,no,no,no,no,no,no,6.23,612
NG038_PC726_WC59,NG038,NA,NA,PC726,TAAGCCGAAT,WC59,TTAGCGTCTT,NA,NG038_P1,human,CC9_CC10_CC11,NIH_TSM_S1,no,no,no,no,no,no,no,6.23,612
NG038_PC726_WC60,NG038,NA,NA,PC726,TAAGCCGAAT,WC60,TTGACCGTCT,NA,NG038_P1,human,CC9_CC10_CC11,NIH_TSM_S1,no,no,no,no,no,no,no,6.23,612
NG038_PC726_WC61,NG038,NA,NA,PC726,TAAGCCGAAT,WC61,ACGGCTTCTC,NA,NG038_P1,human,CC9_CC10_CC11,NIH_TSM_S1,no,no,no,no,no,no,no,6.23,612
NG038_PC726_WC62,NG038,NA,NA,PC726,TAAGCCGAAT,WC62,TGCGATGTAT,NA,NG038_P1,human,CC9_CC10_CC11,NIH_TSM_S1,no,no,no,no,no,no,no,6.23,612
NG038_PC726_WC63,NG038,NA,NA,PC726,TAAGCCGAAT,WC63,GCGTTCAGCA,NA,NG038_P1,human,CC9_CC10_CC11,NIH_TSM_S1,no,no,no,no,no,no,no,6.23,612
NG038_PC726_WC64,NG038,NA,NA,PC726,TAAGCCGAAT,WC64,GCCTAGGAAG,NA,NG038_P1,human,CC9_CC10_CC11,NIH_TSM_S1,no,no,no,no,no,no,no,6.23,612
NG038_PC726_WC65,NG038,NA,NA,PC726,TAAGCCGAAT,WC65,GTTACCAACG,NA,NG038_P1,human,CC9_CC10_CC11,NIH_TSM_S1,no,no,no,no,no,no,no,6.23,612
NG038_PC726_WC66,NG038,NA,NA,PC726,TAAGCCGAAT,WC66,ACGAACCAAG,NA,NG038_P1,human,CC9_CC10_CC11,NIH_TSM_S1,no,no,no,no,no,no,no,6.23,612
NG038_PC726_WC67,NG038,NA,NA,PC726,TAAGCCGAAT,WC67,CACGCAAGTC,NA,NG038_P1,human,CC9_CC10_CC11,NIH_TSM_S1,no,no,no,no,no,no,no,6.23,612
NG038_PC726_WC68,NG038,NA,NA,PC726,TAAGCCGAAT,WC68,GCTGGAGAAG,NA,NG038_P1,human,CC9_CC10_CC11,NIH_TSM_S1,no,no,no,no,no,no,no,6.23,612
NG038_PC726_WC69,NG038,NA,NA,PC726,TAAGCCGAAT,WC69,CCAGTGTACG,NA,NG038_P1,human,CC9_CC10_CC11,NIH_TSM_S1,no,no,no,no,no,no,no,6.23,612
NG038_PC726_WC70,NG038,NA,NA,PC726,TAAGCCGAAT,WC70,GTTGATGCGA,NA,NG038_P1,human,CC9_CC10_CC11,NIH_TSM_S1,no,no,no,no,no,no,no,6.23,612
NG038_PC726_WC71,NG038,NA,NA,PC726,TAAGCCGAAT,WC71,CGCTTGTTAT,NA,NG038_P1,human,CC9_CC10_CC11,NIH_TSM_S1,no,no,no,no,no,no,no,6.23,612
NG038_PC726_WC72,NG038,NA,NA,PC726,TAAGCCGAAT,WC72,GTAACGTTCA,NA,NG038_P1,human,CC9_CC10_CC11,NIH_TSM_S1,no,no,no,no,no,no,no,6.23,612
NG038_PC726_WC73,NG038,NA,NA,PC726,TAAGCCGAAT,WC73,CCGAGTCTTC,NA,NG038_P1,human,CC9_CC10_CC11,NIH_TSM_S1,no,no,no,no,no,no,no,6.23,612
NG038_PC726_WC74,NG038,NA,NA,PC726,TAAGCCGAAT,WC74,TATTGCGCTA,NA,NG038_P1,human,CC9_CC10_CC11,NIH_TSM_S1,no,no,no,no,no,no,no,6.23,612
NG038_PC726_WC75,NG038,NA,NA,PC726,TAAGCCGAAT,WC75,TGTGGTCTAA,NA,NG038_P1,human,CC9_CC10_CC11,NIH_TSM_S1,no,no,no,no,no,no,no,6.23,612
NG038_PC726_WC76,NG038,NA,NA,PC726,TAAGCCGAAT,WC76,CACGTCTACG,NA,NG038_P1,human,CC9_CC10_CC11,NIH_TSM_S1,no,no,no,no,no,no,no,6.23,612
NG038_PC726_WC77,NG038,NA,NA,PC726,TAAGCCGAAT,WC77,AGTCCAGTGA,NA,NG038_P1,human,CC9_CC10_CC11,NIH_TSM_S1,no,no,no,no,no,no,no,6.23,612
NG038_PC726_WC78,NG038,NA,NA,PC726,TAAGCCGAAT,WC78,ATGCTTGGTC,NA,NG038_P1,human,CC9_CC10_CC11,NIH_TSM_S1,no,no,no,no,no,no,no,6.23,612
NG038_PC726_WC79,NG038,NA,NA,PC726,TAAGCCGAAT,WC79,TGATACTCGC,NA,NG038_P1,human,CC9_CC10_CC11,NIH_TSM_S1,no,no,no,no,no,no,no,6.23,612
NG038_PC726_WC80,NG038,NA,NA,PC726,TAAGCCGAAT,WC80,TTATCGAGAG,NA,NG038_P1,human,CC9_CC10_CC11,NIH_TSM_S1,no,no,no,no,no,no,no,6.23,612
NG038_PC726_WC81,NG038,NA,NA,PC726,TAAGCCGAAT,WC81,TGCCAGTATT,NA,NG038_P1,human,CC9_CC10_CC11,NIH_TSM_S1,no,no,no,no,no,no,no,6.23,612
NG038_PC726_WC82,NG038,NA,NA,PC726,TAAGCCGAAT,WC82,GAGTTGCATA,NA,NG038_P1,human,CC9_CC10_CC11,NIH_TSM_S1,no,no,no,no,no,no,no,6.23,612
NG038_PC726_WC83,NG038,NA,NA,PC726,TAAGCCGAAT,WC83,ACACTAGCAT,NA,NG038_P1,human,CC9_CC10_CC11,NIH_TSM_S1,no,no,no,no,no,no,no,6.23,612
NG038_PC726_WC84,NG038,NA,NA,PC726,TAAGCCGAAT,WC84,GTTCTAATGG,NA,NG038_P1,human,CC9_CC10_CC11,NIH_TSM_S1,no,no,no,no,no,no,no,6.23,612
NG038_PC726_WC85,NG038,NA,NA,PC726,TAAGCCGAAT,WC85,CGTTCACGTT,NA,NG038_P1,human,CC9_CC10_CC11,NIH_TSM_S1,no,no,no,no,no,no,no,6.23,612
NG038_PC726_WC86,NG038,NA,NA,PC726,TAAGCCGAAT,WC86,GACTGCGTTA,NA,NG038_P1,human,CC9_CC10_CC11,NIH_TSM_S1,no,no,no,no,no,no,no,6.23,612
NG038_PC726_WC87,NG038,NA,NA,PC726,TAAGCCGAAT,WC87,TGGCTTATGG,NA,NG038_P1,human,CC9_CC10_CC11,NIH_TSM_S1,no,no,no,no,no,no,no,6.23,612
NG038_PC726_WC88,NG038,NA,NA,PC726,TAAGCCGAAT,WC88,TCAGAGGCAC,NA,NG038_P1,human,CC9_CC10_CC11,NIH_TSM_S1,no,no,no,no,no,no,no,6.23,612
NG038_PC726_WC89,NG038,NA,NA,PC726,TAAGCCGAAT,WC89,CGCTAGGCTA,NA,NG038_P1,human,CC9_CC10_CC11,NIH_TSM_S1,no,no,no,no,no,no,no,6.23,612
NG038_PC726_WC90,NG038,NA,NA,PC726,TAAGCCGAAT,WC90,AACCGTAACA,NA,NG038_P1,human,CC9_CC10_CC11,NIH_TSM_S1,no,no,no,no,no,no,no,6.23,612
NG038_PC726_WC91,NG038,NA,NA,PC726,TAAGCCGAAT,WC91,CTTGGTATGA,NA,NG038_P1,human,CC9_CC10_CC11,NIH_TSM_S1,no,no,no,no,no,no,no,6.23,612
NG038_PC726_WC92,NG038,NA,NA,PC726,TAAGCCGAAT,WC92,TGTAGATCCG,NA,NG038_P1,human,CC9_CC10_CC11,NIH_TSM_S1,no,no,no,no,no,no,no,6.23,612
NG038_PC726_WC93,NG038,NA,NA,PC726,TAAGCCGAAT,WC93,AACTCTACCG,NA,NG038_P1,human,CC9_CC10_CC11,NIH_TSM_S1,no,no,no,no,no,no,no,6.23,612
NG038_PC726_WC94,NG038,NA,NA,PC726,TAAGCCGAAT,WC94,CGTGACATTC,NA,NG038_P1,human,CC9_CC10_CC11,NIH_TSM_S1,no,no,no,no,no,no,no,6.23,612
NG038_PC726_WC95,NG038,NA,NA,PC726,TAAGCCGAAT,WC95,CTGTACCAGG,NA,NG038_P1,human,CC9_CC10_CC11,NIH_TSM_S1,no,no,no,no,no,no,no,6.23,612
NG038_PC726_WC96,NG038,NA,NA,PC726,TAAGCCGAAT,WC96,ACTGGTTCCG,NA,NG038_P1,human,CC9_CC10_CC11,NIH_TSM_S1,no,no,no,no,no,no,no,6.23,612
NG038_PC727_WC1,NG038,NA,NA,PC727,AGATACCGCG,WC1,GTCGTGAATC,NA,NG038_P2,human,CC9_CC10_CC11,NIH_TSM_S1,no,no,no,no,no,no,no,9.39,618
NG038_PC727_WC2,NG038,NA,NA,PC727,AGATACCGCG,WC2,CTGTTCTACG,NA,NG038_P2,human,CC9_CC10_CC11,NIH_TSM_S1,no,no,no,no,no,no,no,9.39,618
NG038_PC727_WC3,NG038,NA,NA,PC727,AGATACCGCG,WC3,GCTCTTAGGT,NA,NG038_P2,human,CC9_CC10_CC11,NIH_TSM_S1,no,no,no,no,no,no,no,9.39,618
NG038_PC727_WC4,NG038,NA,NA,PC727,AGATACCGCG,WC4,TAGAAGCCAT,NA,NG038_P2,human,CC9_CC10_CC11,NIH_TSM_S1,no,no,no,no,no,no,no,9.39,618
NG038_PC727_WC5,NG038,NA,NA,PC727,AGATACCGCG,WC5,CACTTAGGTA,NA,NG038_P2,human,CC9_CC10_CC11,NIH_TSM_S1,no,no,no,no,no,no,no,9.39,618
NG038_PC727_WC6,NG038,NA,NA,PC727,AGATACCGCG,WC6,ATAGGTAAGG,NA,NG038_P2,human,CC9_CC10_CC11,NIH_TSM_S1,no,no,no,no,no,no,no,9.39,618
NG038_PC727_WC7,NG038,NA,NA,PC727,AGATACCGCG,WC7,CGCCTTATAT,NA,NG038_P2,human,CC9_CC10_CC11,NIH_TSM_S1,no,no,no,no,no,no,no,9.39,618
NG038_PC727_WC8,NG038,NA,NA,PC727,AGATACCGCG,WC8,GCACGATGCT,NA,NG038_P2,human,CC9_CC10_CC11,NIH_TSM_S1,no,no,no,no,no,no,no,9.39,618
NG038_PC727_WC9,NG038,NA,NA,PC727,AGATACCGCG,WC9,AATATGCCAG,NA,NG038_P2,human,CC9_CC10_CC11,NIH_TSM_S1,no,no,no,no,no,no,no,9.39,618
NG038_PC727_WC10,NG038,NA,NA,PC727,AGATACCGCG,WC10,TAGAGTCACG,NA,NG038_P2,human,CC9_CC10_CC11,NIH_TSM_S1,no,no,no,no,no,no,no,9.39,618
NG038_PC727_WC11,NG038,NA,NA,PC727,AGATACCGCG,WC11,TTAACAGGTC,NA,NG038_P2,human,CC9_CC10_CC11,NIH_TSM_S1,no,no,no,no,no,no,no,9.39,618
NG038_PC727_WC12,NG038,NA,NA,PC727,AGATACCGCG,WC12,ACATGAGCCA,NA,NG038_P2,human,CC9_CC10_CC11,NIH_TSM_S1,no,no,no,no,no,no,no,9.39,618
NG038_PC727_WC13,NG038,NA,NA,PC727,AGATACCGCG,WC13,GCGAGGTTCT,NA,NG038_P2,human,CC9_CC10_CC11,NIH_TSM_S1,no,no,no,no,no,no,no,9.39,618
NG038_PC727_WC14,NG038,NA,NA,PC727,AGATACCGCG,WC14,TGTCCGTAGG,NA,NG038_P2,human,CC9_CC10_CC11,NIH_TSM_S1,no,no,no,no,no,no,no,9.39,618
NG038_PC727_WC15,NG038,NA,NA,PC727,AGATACCGCG,WC15,CATTATGCCT,NA,NG038_P2,human,CC9_CC10_CC11,NIH_TSM_S1,no,no,no,no,no,no,no,9.39,618
NG038_PC727_WC16,NG038,NA,NA,PC727,AGATACCGCG,WC16,TCCACTGTTG,NA,NG038_P2,human,CC9_CC10_CC11,NIH_TSM_S1,no,no,no,no,no,no,no,9.39,618
NG038_PC727_WC17,NG038,NA,NA,PC727,AGATACCGCG,WC17,CTTAACGACA,NA,NG038_P2,human,CC9_CC10_CC11,NIH_TSM_S1,no,no,no,no,no,no,no,9.39,618
NG038_PC727_WC18,NG038,NA,NA,PC727,AGATACCGCG,WC18,TCCTCGAGCT,NA,NG038_P2,human,CC9_CC10_CC11,NIH_TSM_S1,no,no,no,no,no,no,no,9.39,618
NG038_PC727_WC19,NG038,NA,NA,PC727,AGATACCGCG,WC19,CGAGTAATGT,NA,NG038_P2,human,CC9_CC10_CC11,NIH_TSM_S1,no,no,no,no,no,no,no,9.39,618
NG038_PC727_WC20,NG038,NA,NA,PC727,AGATACCGCG,WC20,CATACCGCTG,NA,NG038_P2,human,CC9_CC10_CC11,NIH_TSM_S1,no,no,no,no,no,no,no,9.39,618
NG038_PC727_WC21,NG038,NA,NA,PC727,AGATACCGCG,WC21,GCTACTTGCA,NA,NG038_P2,human,CC9_CC10_CC11,NIH_TSM_S1,no,no,no,no,no,no,no,9.39,618
NG038_PC727_WC22,NG038,NA,NA,PC727,AGATACCGCG,WC22,GCTATTGAAG,NA,NG038_P2,human,CC9_CC10_CC11,NIH_TSM_S1,no,no,no,no,no,no,no,9.39,618
NG038_PC727_WC23,NG038,NA,NA,PC727,AGATACCGCG,WC23,TCAGCATCCG,NA,NG038_P2,human,CC9_CC10_CC11,NIH_TSM_S1,no,no,no,no,no,no,no,9.39,618
NG038_PC727_WC24,NG038,NA,NA,PC727,AGATACCGCG,WC24,TAGGTGGTGG,NA,NG038_P2,human,CC9_CC10_CC11,NIH_TSM_S1,no,no,no,no,no,no,no,9.39,618
NG038_PC727_WC25,NG038,NA,NA,PC727,AGATACCGCG,WC25,AAGATCGGAT,NA,NG038_P2,human,CC9_CC10_CC11,NIH_TSM_S1,no,no,no,no,no,no,no,9.39,618
NG038_PC727_WC26,NG038,NA,NA,PC727,AGATACCGCG,WC26,TTAACGTCCG,NA,NG038_P2,human,CC9_CC10_CC11,NIH_TSM_S1,no,no,no,no,no,no,no,9.39,618
NG038_PC727_WC27,NG038,NA,NA,PC727,AGATACCGCG,WC27,ATTACCGATC,NA,NG038_P2,human,CC9_CC10_CC11,NIH_TSM_S1,no,no,no,no,no,no,no,9.39,618
NG038_PC727_WC28,NG038,NA,NA,PC727,AGATACCGCG,WC28,GTTGCATCGT,NA,NG038_P2,human,CC9_CC10_CC11,NIH_TSM_S1,no,no,no,no,no,no,no,9.39,618
NG038_PC727_WC29,NG038,NA,NA,PC727,AGATACCGCG,WC29,ACTGGACGTT,NA,NG038_P2,human,CC9_CC10_CC11,NIH_TSM_S1,no,no,no,no,no,no,no,9.39,618
NG038_PC727_WC30,NG038,NA,NA,PC727,AGATACCGCG,WC30,TTGTTCGTGT,NA,NG038_P2,human,CC9_CC10_CC11,NIH_TSM_S1,no,no,no,no,no,no,no,9.39,618
NG038_PC727_WC31,NG038,NA,NA,PC727,AGATACCGCG,WC31,ACGGACTGAG,NA,NG038_P2,human,CC9_CC10_CC11,NIH_TSM_S1,no,no,no,no,no,no,no,9.39,618
NG038_PC727_WC32,NG038,NA,NA,PC727,AGATACCGCG,WC32,CACCGTCATA,NA,NG038_P2,human,CC9_CC10_CC11,NIH_TSM_S1,no,no,no,no,no,no,no,9.39,618
NG038_PC727_WC33,NG038,NA,NA,PC727,AGATACCGCG,WC33,GTAGTTGTGT,NA,NG038_P2,human,CC9_CC10_CC11,NIH_TSM_S1,no,no,no,no,no,no,no,9.39,618
NG038_PC727_WC34,NG038,NA,NA,PC727,AGATACCGCG,WC34,CTGAGTCCTT,NA,NG038_P2,human,CC9_CC10_CC11,NIH_TSM_S1,no,no,no,no,no,no,no,9.39,618
NG038_PC727_WC35,NG038,NA,NA,PC727,AGATACCGCG,WC35,TCACAGTTGC,NA,NG038_P2,human,CC9_CC10_CC11,NIH_TSM_S1,no,no,no,no,no,no,no,9.39,618
NG038_PC727_WC36,NG038,NA,NA,PC727,AGATACCGCG,WC36,ATTGTAAGCG,NA,NG038_P2,human,CC9_CC10_CC11,NIH_TSM_S1,no,no,no,no,no,no,no,9.39,618
NG038_PC727_WC37,NG038,NA,NA,PC727,AGATACCGCG,WC37,CGGTCTCTCT,NA,NG038_P2,human,CC9_CC10_CC11,NIH_TSM_S1,no,no,no,no,no,no,no,9.39,618
NG038_PC727_WC38,NG038,NA,NA,PC727,AGATACCGCG,WC38,AACAGCAATG,NA,NG038_P2,human,CC9_CC10_CC11,NIH_TSM_S1,no,no,no,no,no,no,no,9.39,618
NG038_PC727_WC39,NG038,NA,NA,PC727,AGATACCGCG,WC39,TCCGTGTTGC,NA,NG038_P2,human,CC9_CC10_CC11,NIH_TSM_S1,no,no,no,no,no,no,no,9.39,618
NG038_PC727_WC40,NG038,NA,NA,PC727,AGATACCGCG,WC40,TGCGAAGTGA,NA,NG038_P2,human,CC9_CC10_CC11,NIH_TSM_S1,no,no,no,no,no,no,no,9.39,618
NG038_PC727_WC41,NG038,NA,NA,PC727,AGATACCGCG,WC41,CACAGCTATT,NA,NG038_P2,human,CC9_CC10_CC11,NIH_TSM_S1,no,no,no,no,no,no,no,9.39,618
NG038_PC727_WC42,NG038,NA,NA,PC727,AGATACCGCG,WC42,GATAGTGTTC,NA,NG038_P2,human,CC9_CC10_CC11,NIH_TSM_S1,no,no,no,no,no,no,no,9.39,618
NG038_PC727_WC43,NG038,NA,NA,PC727,AGATACCGCG,WC43,TAGCTACCAG,NA,NG038_P2,human,CC9_CC10_CC11,NIH_TSM_S1,no,no,no,no,no,no,no,9.39,618
NG038_PC727_WC44,NG038,NA,NA,PC727,AGATACCGCG,WC44,TGCTCACGCA,NA,NG038_P2,human,CC9_CC10_CC11,NIH_TSM_S1,no,no,no,no,no,no,no,9.39,618
NG038_PC727_WC45,NG038,NA,NA,PC727,AGATACCGCG,WC45,AAGTGTGCTA,NA,NG038_P2,human,CC9_CC10_CC11,NIH_TSM_S1,no,no,no,no,no,no,no,9.39,618
NG038_PC727_WC46,NG038,NA,NA,PC727,AGATACCGCG,WC46,TCATCGTCTG,NA,NG038_P2,human,CC9_CC10_CC11,NIH_TSM_S1,no,no,no,no,no,no,no,9.39,618
NG038_PC727_WC47,NG038,NA,NA,PC727,AGATACCGCG,WC47,AGATGCTCCG,NA,NG038_P2,human,CC9_CC10_CC11,NIH_TSM_S1,no,no,no,no,no,no,no,9.39,618
NG038_PC727_WC48,NG038,NA,NA,PC727,AGATACCGCG,WC48,GAACCAAGCG,NA,NG038_P2,human,CC9_CC10_CC11,NIH_TSM_S1,no,no,no,no,no,no,no,9.39,618
NG038_PC727_WC49,NG038,NA,NA,PC727,AGATACCGCG,WC49,CCTCTTCAAG,NA,NG038_P2,human,CC9_CC10_CC11,NIH_TSM_S1,no,no,no,no,no,no,no,9.39,618
NG038_PC727_WC50,NG038,NA,NA,PC727,AGATACCGCG,WC50,CGTCGCATCT,NA,NG038_P2,human,CC9_CC10_CC11,NIH_TSM_S1,no,no,no,no,no,no,no,9.39,618
NG038_PC727_WC51,NG038,NA,NA,PC727,AGATACCGCG,WC51,CCGAACGTTC,NA,NG038_P2,human,CC9_CC10_CC11,NIH_TSM_S1,no,no,no,no,no,no,no,9.39,618
NG038_PC727_WC52,NG038,NA,NA,PC727,AGATACCGCG,WC52,GAATGGCGTT,NA,NG038_P2,human,CC9_CC10_CC11,NIH_TSM_S1,no,no,no,no,no,no,no,9.39,618
NG038_PC727_WC53,NG038,NA,NA,PC727,AGATACCGCG,WC53,AAGTTCAGGA,NA,NG038_P2,human,CC9_CC10_CC11,NIH_TSM_S1,no,no,no,no,no,no,no,9.39,618
NG038_PC727_WC54,NG038,NA,NA,PC727,AGATACCGCG,WC54,GACCAATTGT,NA,NG038_P2,human,CC9_CC10_CC11,NIH_TSM_S1,no,no,no,no,no,no,no,9.39,618
NG038_PC727_WC55,NG038,NA,NA,PC727,AGATACCGCG,WC55,TGTCTGTGAC,NA,NG038_P2,human,CC9_CC10_CC11,NIH_TSM_S1,no,no,no,no,no,no,no,9.39,618
NG038_PC727_WC56,NG038,NA,NA,PC727,AGATACCGCG,WC56,GAACATTGGC,NA,NG038_P2,human,CC9_CC10_CC11,NIH_TSM_S1,no,no,no,no,no,no,no,9.39,618
NG038_PC727_WC57,NG038,NA,NA,PC727,AGATACCGCG,WC57,CGTAACACTA,NA,NG038_P2,human,CC9_CC10_CC11,NIH_TSM_S1,no,no,no,no,no,no,no,9.39,618
NG038_PC727_WC58,NG038,NA,NA,PC727,AGATACCGCG,WC58,GTACTTCCAA,NA,NG038_P2,human,CC9_CC10_CC11,NIH_TSM_S1,no,no,no,no,no,no,no,9.39,618
NG038_PC727_WC59,NG038,NA,NA,PC727,AGATACCGCG,WC59,TTAGCGTCTT,NA,NG038_P2,human,CC9_CC10_CC11,NIH_TSM_S1,no,no,no,no,no,no,no,9.39,618
NG038_PC727_WC60,NG038,NA,NA,PC727,AGATACCGCG,WC60,TTGACCGTCT,NA,NG038_P2,human,CC9_CC10_CC11,NIH_TSM_S1,no,no,no,no,no,no,no,9.39,618
NG038_PC727_WC61,NG038,NA,NA,PC727,AGATACCGCG,WC61,ACGGCTTCTC,NA,NG038_P2,human,CC9_CC10_CC11,NIH_TSM_S1,no,no,no,no,no,no,no,9.39,618
NG038_PC727_WC62,NG038,NA,NA,PC727,AGATACCGCG,WC62,TGCGATGTAT,NA,NG038_P2,human,CC9_CC10_CC11,NIH_TSM_S1,no,no,no,no,no,no,no,9.39,618
NG038_PC727_WC63,NG038,NA,NA,PC727,AGATACCGCG,WC63,GCGTTCAGCA,NA,NG038_P2,human,CC9_CC10_CC11,NIH_TSM_S1,no,no,no,no,no,no,no,9.39,618
NG038_PC727_WC64,NG038,NA,NA,PC727,AGATACCGCG,WC64,GCCTAGGAAG,NA,NG038_P2,human,CC9_CC10_CC11,NIH_TSM_S1,no,no,no,no,no,no,no,9.39,618
NG038_PC727_WC65,NG038,NA,NA,PC727,AGATACCGCG,WC65,GTTACCAACG,NA,NG038_P2,human,CC9_CC10_CC11,NIH_TSM_S1,no,no,no,no,no,no,no,9.39,618
NG038_PC727_WC66,NG038,NA,NA,PC727,AGATACCGCG,WC66,ACGAACCAAG,NA,NG038_P2,human,CC9_CC10_CC11,NIH_TSM_S1,no,no,no,no,no,no,no,9.39,618
NG038_PC727_WC67,NG038,NA,NA,PC727,AGATACCGCG,WC67,CACGCAAGTC,NA,NG038_P2,human,CC9_CC10_CC11,NIH_TSM_S1,no,no,no,no,no,no,no,9.39,618
NG038_PC727_WC68,NG038,NA,NA,PC727,AGATACCGCG,WC68,GCTGGAGAAG,NA,NG038_P2,human,CC9_CC10_CC11,NIH_TSM_S1,no,no,no,no,no,no,no,9.39,618
NG038_PC727_WC69,NG038,NA,NA,PC727,AGATACCGCG,WC69,CCAGTGTACG,NA,NG038_P2,human,CC9_CC10_CC11,NIH_TSM_S1,no,no,no,no,no,no,no,9.39,618
NG038_PC727_WC70,NG038,NA,NA,PC727,AGATACCGCG,WC70,GTTGATGCGA,NA,NG038_P2,human,CC9_CC10_CC11,NIH_TSM_S1,no,no,no,no,no,no,no,9.39,618
NG038_PC727_WC71,NG038,NA,NA,PC727,AGATACCGCG,WC71,CGCTTGTTAT,NA,NG038_P2,human,CC9_CC10_CC11,NIH_TSM_S1,no,no,no,no,no,no,no,9.39,618
NG038_PC727_WC72,NG038,NA,NA,PC727,AGATACCGCG,WC72,GTAACGTTCA,NA,NG038_P2,human,CC9_CC10_CC11,NIH_TSM_S1,no,no,no,no,no,no,no,9.39,618
NG038_PC727_WC73,NG038,NA,NA,PC727,AGATACCGCG,WC73,CCGAGTCTTC,NA,NG038_P2,human,CC9_CC10_CC11,NIH_TSM_S1,no,no,no,no,no,no,no,9.39,618
NG038_PC727_WC74,NG038,NA,NA,PC727,AGATACCGCG,WC74,TATTGCGCTA,NA,NG038_P2,human,CC9_CC10_CC11,NIH_TSM_S1,no,no,no,no,no,no,no,9.39,618
NG038_PC727_WC75,NG038,NA,NA,PC727,AGATACCGCG,WC75,TGTGGTCTAA,NA,NG038_P2,human,CC9_CC10_CC11,NIH_TSM_S1,no,no,no,no,no,no,no,9.39,618
NG038_PC727_WC76,NG038,NA,NA,PC727,AGATACCGCG,WC76,CACGTCTACG,NA,NG038_P2,human,CC9_CC10_CC11,NIH_TSM_S1,no,no,no,no,no,no,no,9.39,618
NG038_PC727_WC77,NG038,NA,NA,PC727,AGATACCGCG,WC77,AGTCCAGTGA,NA,NG038_P2,human,CC9_CC10_CC11,NIH_TSM_S1,no,no,no,no,no,no,no,9.39,618
NG038_PC727_WC78,NG038,NA,NA,PC727,AGATACCGCG,WC78,ATGCTTGGTC,NA,NG038_P2,human,CC9_CC10_CC11,NIH_TSM_S1,no,no,no,no,no,no,no,9.39,618
NG038_PC727_WC79,NG038,NA,NA,PC727,AGATACCGCG,WC79,TGATACTCGC,NA,NG038_P2,human,CC9_CC10_CC11,NIH_TSM_S1,no,no,no,no,no,no,no,9.39,618
NG038_PC727_WC80,NG038,NA,NA,PC727,AGATACCGCG,WC80,TTATCGAGAG,NA,NG038_P2,human,CC9_CC10_CC11,NIH_TSM_S1,no,no,no,no,no,no,no,9.39,618
NG038_PC727_WC81,NG038,NA,NA,PC727,AGATACCGCG,WC81,TGCCAGTATT,NA,NG038_P2,human,CC9_CC10_CC11,NIH_TSM_S1,no,no,no,no,no,no,no,9.39,618
NG038_PC727_WC82,NG038,NA,NA,PC727,AGATACCGCG,WC82,GAGTTGCATA,NA,NG038_P2,human,CC9_CC10_CC11,NIH_TSM_S1,no,no,no,no,no,no,no,9.39,618
NG038_PC727_WC83,NG038,NA,NA,PC727,AGATACCGCG,WC83,ACACTAGCAT,NA,NG038_P2,human,CC9_CC10_CC11,NIH_TSM_S1,no,no,no,no,no,no,no,9.39,618
NG038_PC727_WC84,NG038,NA,NA,PC727,AGATACCGCG,WC84,GTTCTAATGG,NA,NG038_P2,human,CC9_CC10_CC11,NIH_TSM_S1,no,no,no,no,no,no,no,9.39,618
NG038_PC727_WC85,NG038,NA,NA,PC727,AGATACCGCG,WC85,CGTTCACGTT,NA,NG038_P2,human,CC9_CC10_CC11,NIH_TSM_S1,no,no,no,no,no,no,no,9.39,618
NG038_PC727_WC86,NG038,NA,NA,PC727,AGATACCGCG,WC86,GACTGCGTTA,NA,NG038_P2,human,CC9_CC10_CC11,NIH_TSM_S1,no,no,no,no,no,no,no,9.39,618
NG038_PC727_WC87,NG038,NA,NA,PC727,AGATACCGCG,WC87,TGGCTTATGG,NA,NG038_P2,human,CC9_CC10_CC11,NIH_TSM_S1,no,no,no,no,no,no,no,9.39,618
NG038_PC727_WC88,NG038,NA,NA,PC727,AGATACCGCG,WC88,TCAGAGGCAC,NA,NG038_P2,human,CC9_CC10_CC11,NIH_TSM_S1,no,no,no,no,no,no,no,9.39,618
NG038_PC727_WC89,NG038,NA,NA,PC727,AGATACCGCG,WC89,CGCTAGGCTA,NA,NG038_P2,human,CC9_CC10_CC11,NIH_TSM_S1,no,no,no,no,no,no,no,9.39,618
NG038_PC727_WC90,NG038,NA,NA,PC727,AGATACCGCG,WC90,AACCGTAACA,NA,NG038_P2,human,CC9_CC10_CC11,NIH_TSM_S1,no,no,no,no,no,no,no,9.39,618
NG038_PC727_WC91,NG038,NA,NA,PC727,AGATACCGCG,WC91,CTTGGTATGA,NA,NG038_P2,human,CC9_CC10_CC11,NIH_TSM_S1,no,no,no,no,no,no,no,9.39,618
NG038_PC727_WC92,NG038,NA,NA,PC727,AGATACCGCG,WC92,TGTAGATCCG,NA,NG038_P2,human,CC9_CC10_CC11,NIH_TSM_S1,no,no,no,no,no,no,no,9.39,618
NG038_PC727_WC93,NG038,NA,NA,PC727,AGATACCGCG,WC93,AACTCTACCG,NA,NG038_P2,human,CC9_CC10_CC11,NIH_TSM_S1,no,no,no,no,no,no,no,9.39,618
NG038_PC727_WC94,NG038,NA,NA,PC727,AGATACCGCG,WC94,CGTGACATTC,NA,NG038_P2,human,CC9_CC10_CC11,NIH_TSM_S1,no,no,no,no,no,no,no,9.39,618
NG038_PC727_WC95,NG038,NA,NA,PC727,AGATACCGCG,WC95,CTGTACCAGG,NA,NG038_P2,human,CC9_CC10_CC11,NIH_TSM_S1,no,no,no,no,no,no,no,9.39,618
NG038_PC727_WC96,NG038,NA,NA,PC727,AGATACCGCG,WC96,ACTGGTTCCG,NA,NG038_P2,human,CC9_CC10_CC11,NIH_TSM_S1,no,no,no,no,no,no,no,9.39,618
NG038_PC728_WC1,NG038,NA,NA,PC728,GACGCGGATA,WC1,GTCGTGAATC,NA,NG038_P3,human,CC9_CC10_CC11,TSM_HEKS_TSM,no,no,no,no,no,no,no,13.1,626
NG038_PC728_WC2,NG038,NA,NA,PC728,GACGCGGATA,WC2,CTGTTCTACG,NA,NG038_P3,human,CC9_CC10_CC11,TSM_HEKS_TSM,no,no,no,no,no,no,no,13.1,626
NG038_PC728_WC3,NG038,NA,NA,PC728,GACGCGGATA,WC3,GCTCTTAGGT,NA,NG038_P3,human,CC9_CC10_CC11,TSM_HEKS_TSM,no,no,no,no,no,no,no,13.1,626
NG038_PC728_WC4,NG038,NA,NA,PC728,GACGCGGATA,WC4,TAGAAGCCAT,NA,NG038_P3,human,CC9_CC10_CC11,TSM_HEKS_TSM,no,no,no,no,no,no,no,13.1,626
NG038_PC728_WC5,NG038,NA,NA,PC728,GACGCGGATA,WC5,CACTTAGGTA,NA,NG038_P3,human,CC9_CC10_CC11,TSM_HEKS_TSM,no,no,no,no,no,no,no,13.1,626
NG038_PC728_WC6,NG038,NA,NA,PC728,GACGCGGATA,WC6,ATAGGTAAGG,NA,NG038_P3,human,CC9_CC10_CC11,TSM_HEKS_TSM,no,no,no,no,no,no,no,13.1,626
NG038_PC728_WC7,NG038,NA,NA,PC728,GACGCGGATA,WC7,CGCCTTATAT,NA,NG038_P3,human,CC9_CC10_CC11,TSM_HEKS_TSM,no,no,no,no,no,no,no,13.1,626
NG038_PC728_WC8,NG038,NA,NA,PC728,GACGCGGATA,WC8,GCACGATGCT,NA,NG038_P3,human,CC9_CC10_CC11,TSM_HEKS_TSM,no,no,no,no,no,no,no,13.1,626
NG038_PC728_WC9,NG038,NA,NA,PC728,GACGCGGATA,WC9,AATATGCCAG,NA,NG038_P3,human,CC9_CC10_CC11,TSM_HEKS_TSM,no,no,no,no,no,no,no,13.1,626
NG038_PC728_WC10,NG038,NA,NA,PC728,GACGCGGATA,WC10,TAGAGTCACG,NA,NG038_P3,human,CC9_CC10_CC11,TSM_HEKS_TSM,no,no,no,no,no,no,no,13.1,626
NG038_PC728_WC11,NG038,NA,NA,PC728,GACGCGGATA,WC11,TTAACAGGTC,NA,NG038_P3,human,CC9_CC10_CC11,TSM_HEKS_TSM,no,no,no,no,no,no,no,13.1,626
NG038_PC728_WC12,NG038,NA,NA,PC728,GACGCGGATA,WC12,ACATGAGCCA,NA,NG038_P3,human,CC9_CC10_CC11,TSM_HEKS_TSM,no,no,no,no,no,no,no,13.1,626
NG038_PC728_WC13,NG038,NA,NA,PC728,GACGCGGATA,WC13,GCGAGGTTCT,NA,NG038_P3,human,CC9_CC10_CC11,TSM_HEKS_TSM,no,no,no,no,no,no,no,13.1,626
NG038_PC728_WC14,NG038,NA,NA,PC728,GACGCGGATA,WC14,TGTCCGTAGG,NA,NG038_P3,human,CC9_CC10_CC11,TSM_HEKS_TSM,no,no,no,no,no,no,no,13.1,626
NG038_PC728_WC15,NG038,NA,NA,PC728,GACGCGGATA,WC15,CATTATGCCT,NA,NG038_P3,human,CC9_CC10_CC11,TSM_HEKS_TSM,no,no,no,no,no,no,no,13.1,626
NG038_PC728_WC16,NG038,NA,NA,PC728,GACGCGGATA,WC16,TCCACTGTTG,NA,NG038_P3,human,CC9_CC10_CC11,TSM_HEKS_TSM,no,no,no,no,no,no,no,13.1,626
NG038_PC728_WC17,NG038,NA,NA,PC728,GACGCGGATA,WC17,CTTAACGACA,NA,NG038_P3,human,CC9_CC10_CC11,TSM_HEKS_TSM,no,no,no,no,no,no,no,13.1,626
NG038_PC728_WC18,NG038,NA,NA,PC728,GACGCGGATA,WC18,TCCTCGAGCT,NA,NG038_P3,human,CC9_CC10_CC11,TSM_HEKS_TSM,no,no,no,no,no,no,no,13.1,626
NG038_PC728_WC19,NG038,NA,NA,PC728,GACGCGGATA,WC19,CGAGTAATGT,NA,NG038_P3,human,CC9_CC10_CC11,TSM_HEKS_TSM,no,no,no,no,no,no,no,13.1,626
NG038_PC728_WC20,NG038,NA,NA,PC728,GACGCGGATA,WC20,CATACCGCTG,NA,NG038_P3,human,CC9_CC10_CC11,TSM_HEKS_TSM,no,no,no,no,no,no,no,13.1,626
NG038_PC728_WC21,NG038,NA,NA,PC728,GACGCGGATA,WC21,GCTACTTGCA,NA,NG038_P3,human,CC9_CC10_CC11,TSM_HEKS_TSM,no,no,no,no,no,no,no,13.1,626
NG038_PC728_WC22,NG038,NA,NA,PC728,GACGCGGATA,WC22,GCTATTGAAG,NA,NG038_P3,human,CC9_CC10_CC11,TSM_HEKS_TSM,no,no,no,no,no,no,no,13.1,626
NG038_PC728_WC23,NG038,NA,NA,PC728,GACGCGGATA,WC23,TCAGCATCCG,NA,NG038_P3,human,CC9_CC10_CC11,TSM_HEKS_TSM,no,no,no,no,no,no,no,13.1,626
NG038_PC728_WC24,NG038,NA,NA,PC728,GACGCGGATA,WC24,TAGGTGGTGG,NA,NG038_P3,human,CC9_CC10_CC11,TSM_HEKS_TSM,no,no,no,no,no,no,no,13.1,626
NG038_PC728_WC25,NG038,NA,NA,PC728,GACGCGGATA,WC25,AAGATCGGAT,NA,NG038_P3,human,CC9_CC10_CC11,TSM_HEKS_TSM,no,no,no,no,no,no,no,13.1,626
NG038_PC728_WC26,NG038,NA,NA,PC728,GACGCGGATA,WC26,TTAACGTCCG,NA,NG038_P3,human,CC9_CC10_CC11,TSM_HEKS_TSM,no,no,no,no,no,no,no,13.1,626
NG038_PC728_WC27,NG038,NA,NA,PC728,GACGCGGATA,WC27,ATTACCGATC,NA,NG038_P3,human,CC9_CC10_CC11,TSM_HEKS_TSM,no,no,no,no,no,no,no,13.1,626
NG038_PC728_WC28,NG038,NA,NA,PC728,GACGCGGATA,WC28,GTTGCATCGT,NA,NG038_P3,human,CC9_CC10_CC11,TSM_HEKS_TSM,no,no,no,no,no,no,no,13.1,626
NG038_PC728_WC29,NG038,NA,NA,PC728,GACGCGGATA,WC29,ACTGGACGTT,NA,NG038_P3,human,CC9_CC10_CC11,TSM_HEKS_TSM,no,no,no,no,no,no,no,13.1,626
NG038_PC728_WC30,NG038,NA,NA,PC728,GACGCGGATA,WC30,TTGTTCGTGT,NA,NG038_P3,human,CC9_CC10_CC11,TSM_HEKS_TSM,no,no,no,no,no,no,no,13.1,626
NG038_PC728_WC31,NG038,NA,NA,PC728,GACGCGGATA,WC31,ACGGACTGAG,NA,NG038_P3,human,CC9_CC10_CC11,TSM_HEKS_TSM,no,no,no,no,no,no,no,13.1,626
NG038_PC728_WC32,NG038,NA,NA,PC728,GACGCGGATA,WC32,CACCGTCATA,NA,NG038_P3,human,CC9_CC10_CC11,TSM_HEKS_TSM,no,no,no,no,no,no,no,13.1,626
NG038_PC728_WC33,NG038,NA,NA,PC728,GACGCGGATA,WC33,GTAGTTGTGT,NA,NG038_P3,human,CC9_CC10_CC11,TSM_HEKS_TSM,no,no,no,no,no,no,no,13.1,626
NG038_PC728_WC34,NG038,NA,NA,PC728,GACGCGGATA,WC34,CTGAGTCCTT,NA,NG038_P3,human,CC9_CC10_CC11,TSM_HEKS_TSM,no,no,no,no,no,no,no,13.1,626
NG038_PC728_WC35,NG038,NA,NA,PC728,GACGCGGATA,WC35,TCACAGTTGC,NA,NG038_P3,human,CC9_CC10_CC11,TSM_HEKS_TSM,no,no,no,no,no,no,no,13.1,626
NG038_PC728_WC36,NG038,NA,NA,PC728,GACGCGGATA,WC36,ATTGTAAGCG,NA,NG038_P3,human,CC9_CC10_CC11,TSM_HEKS_TSM,no,no,no,no,no,no,no,13.1,626
NG038_PC728_WC37,NG038,NA,NA,PC728,GACGCGGATA,WC37,CGGTCTCTCT,NA,NG038_P3,human,CC9_CC10_CC11,TSM_HEKS_TSM,no,no,no,no,no,no,no,13.1,626
NG038_PC728_WC38,NG038,NA,NA,PC728,GACGCGGATA,WC38,AACAGCAATG,NA,NG038_P3,human,CC9_CC10_CC11,TSM_HEKS_TSM,no,no,no,no,no,no,no,13.1,626
NG038_PC728_WC39,NG038,NA,NA,PC728,GACGCGGATA,WC39,TCCGTGTTGC,NA,NG038_P3,human,CC9_CC10_CC11,TSM_HEKS_TSM,no,no,no,no,no,no,no,13.1,626
NG038_PC728_WC40,NG038,NA,NA,PC728,GACGCGGATA,WC40,TGCGAAGTGA,NA,NG038_P3,human,CC9_CC10_CC11,TSM_HEKS_TSM,no,no,no,no,no,no,no,13.1,626
NG038_PC728_WC41,NG038,NA,NA,PC728,GACGCGGATA,WC41,CACAGCTATT,NA,NG038_P3,human,CC9_CC10_CC11,TSM_HEKS_TSM,no,no,no,no,no,no,no,13.1,626
NG038_PC728_WC42,NG038,NA,NA,PC728,GACGCGGATA,WC42,GATAGTGTTC,NA,NG038_P3,human,CC9_CC10_CC11,TSM_HEKS_TSM,no,no,no,no,no,no,no,13.1,626
NG038_PC728_WC43,NG038,NA,NA,PC728,GACGCGGATA,WC43,TAGCTACCAG,NA,NG038_P3,human,CC9_CC10_CC11,TSM_HEKS_TSM,no,no,no,no,no,no,no,13.1,626
NG038_PC728_WC44,NG038,NA,NA,PC728,GACGCGGATA,WC44,TGCTCACGCA,NA,NG038_P3,human,CC9_CC10_CC11,TSM_HEKS_TSM,no,no,no,no,no,no,no,13.1,626
NG038_PC728_WC45,NG038,NA,NA,PC728,GACGCGGATA,WC45,AAGTGTGCTA,NA,NG038_P3,human,CC9_CC10_CC11,TSM_HEKS_TSM,no,no,no,no,no,no,no,13.1,626
NG038_PC728_WC46,NG038,NA,NA,PC728,GACGCGGATA,WC46,TCATCGTCTG,NA,NG038_P3,human,CC9_CC10_CC11,TSM_HEKS_TSM,no,no,no,no,no,no,no,13.1,626
NG038_PC728_WC47,NG038,NA,NA,PC728,GACGCGGATA,WC47,AGATGCTCCG,NA,NG038_P3,human,CC9_CC10_CC11,TSM_HEKS_TSM,no,no,no,no,no,no,no,13.1,626
NG038_PC728_WC48,NG038,NA,NA,PC728,GACGCGGATA,WC48,GAACCAAGCG,NA,NG038_P3,human,CC9_CC10_CC11,TSM_HEKS_TSM,no,no,no,no,no,no,no,13.1,626
NG038_PC728_WC49,NG038,NA,NA,PC728,GACGCGGATA,WC49,CCTCTTCAAG,NA,NG038_P3,human,CC9_CC10_CC11,TSM_HEKS_TSM,no,no,no,no,no,no,no,13.1,626
NG038_PC728_WC50,NG038,NA,NA,PC728,GACGCGGATA,WC50,CGTCGCATCT,NA,NG038_P3,human,CC9_CC10_CC11,TSM_HEKS_TSM,no,no,no,no,no,no,no,13.1,626
NG038_PC728_WC51,NG038,NA,NA,PC728,GACGCGGATA,WC51,CCGAACGTTC,NA,NG038_P3,human,CC9_CC10_CC11,TSM_HEKS_TSM,no,no,no,no,no,no,no,13.1,626
NG038_PC728_WC52,NG038,NA,NA,PC728,GACGCGGATA,WC52,GAATGGCGTT,NA,NG038_P3,human,CC9_CC10_CC11,TSM_HEKS_TSM,no,no,no,no,no,no,no,13.1,626
NG038_PC728_WC53,NG038,NA,NA,PC728,GACGCGGATA,WC53,AAGTTCAGGA,NA,NG038_P3,human,CC9_CC10_CC11,TSM_HEKS_TSM,no,no,no,no,no,no,no,13.1,626
NG038_PC728_WC54,NG038,NA,NA,PC728,GACGCGGATA,WC54,GACCAATTGT,NA,NG038_P3,human,CC9_CC10_CC11,TSM_HEKS_TSM,no,no,no,no,no,no,no,13.1,626
NG038_PC728_WC55,NG038,NA,NA,PC728,GACGCGGATA,WC55,TGTCTGTGAC,NA,NG038_P3,human,CC9_CC10_CC11,TSM_HEKS_TSM,no,no,no,no,no,no,no,13.1,626
NG038_PC728_WC56,NG038,NA,NA,PC728,GACGCGGATA,WC56,GAACATTGGC,NA,NG038_P3,human,CC9_CC10_CC11,TSM_HEKS_TSM,no,no,no,no,no,no,no,13.1,626
NG038_PC728_WC57,NG038,NA,NA,PC728,GACGCGGATA,WC57,CGTAACACTA,NA,NG038_P3,human,CC9_CC10_CC11,TSM_HEKS_TSM,no,no,no,no,no,no,no,13.1,626
NG038_PC728_WC58,NG038,NA,NA,PC728,GACGCGGATA,WC58,GTACTTCCAA,NA,NG038_P3,human,CC9_CC10_CC11,TSM_HEKS_TSM,no,no,no,no,no,no,no,13.1,626
NG038_PC728_WC59,NG038,NA,NA,PC728,GACGCGGATA,WC59,TTAGCGTCTT,NA,NG038_P3,human,CC9_CC10_CC11,TSM_HEKS_TSM,no,no,no,no,no,no,no,13.1,626
NG038_PC728_WC60,NG038,NA,NA,PC728,GACGCGGATA,WC60,TTGACCGTCT,NA,NG038_P3,human,CC9_CC10_CC11,TSM_HEKS_TSM,no,no,no,no,no,no,no,13.1,626
NG038_PC728_WC61,NG038,NA,NA,PC728,GACGCGGATA,WC61,ACGGCTTCTC,NA,NG038_P3,human,CC9_CC10_CC11,TSM_HEKS_TSM,no,no,no,no,no,no,no,13.1,626
NG038_PC728_WC62,NG038,NA,NA,PC728,GACGCGGATA,WC62,TGCGATGTAT,NA,NG038_P3,human,CC9_CC10_CC11,TSM_HEKS_TSM,no,no,no,no,no,no,no,13.1,626
NG038_PC728_WC63,NG038,NA,NA,PC728,GACGCGGATA,WC63,GCGTTCAGCA,NA,NG038_P3,human,CC9_CC10_CC11,TSM_HEKS_TSM,no,no,no,no,no,no,no,13.1,626
NG038_PC728_WC64,NG038,NA,NA,PC728,GACGCGGATA,WC64,GCCTAGGAAG,NA,NG038_P3,human,CC9_CC10_CC11,TSM_HEKS_TSM,no,no,no,no,no,no,no,13.1,626
NG038_PC728_WC65,NG038,NA,NA,PC728,GACGCGGATA,WC65,GTTACCAACG,NA,NG038_P3,human,CC9_CC10_CC11,TSM_HEKS_TSM,no,no,no,no,no,no,no,13.1,626
NG038_PC728_WC66,NG038,NA,NA,PC728,GACGCGGATA,WC66,ACGAACCAAG,NA,NG038_P3,human,CC9_CC10_CC11,TSM_HEKS_TSM,no,no,no,no,no,no,no,13.1,626
NG038_PC728_WC67,NG038,NA,NA,PC728,GACGCGGATA,WC67,CACGCAAGTC,NA,NG038_P3,human,CC9_CC10_CC11,TSM_HEKS_TSM,no,no,no,no,no,no,no,13.1,626
NG038_PC728_WC68,NG038,NA,NA,PC728,GACGCGGATA,WC68,GCTGGAGAAG,NA,NG038_P3,human,CC9_CC10_CC11,TSM_HEKS_TSM,no,no,no,no,no,no,no,13.1,626
NG038_PC728_WC69,NG038,NA,NA,PC728,GACGCGGATA,WC69,CCAGTGTACG,NA,NG038_P3,human,CC9_CC10_CC11,TSM_HEKS_TSM,no,no,no,no,no,no,no,13.1,626
NG038_PC728_WC70,NG038,NA,NA,PC728,GACGCGGATA,WC70,GTTGATGCGA,NA,NG038_P3,human,CC9_CC10_CC11,TSM_HEKS_TSM,no,no,no,no,no,no,no,13.1,626
NG038_PC728_WC71,NG038,NA,NA,PC728,GACGCGGATA,WC71,CGCTTGTTAT,NA,NG038_P3,human,CC9_CC10_CC11,TSM_HEKS_TSM,no,no,no,no,no,no,no,13.1,626
NG038_PC728_WC72,NG038,NA,NA,PC728,GACGCGGATA,WC72,GTAACGTTCA,NA,NG038_P3,human,CC9_CC10_CC11,TSM_HEKS_TSM,no,no,no,no,no,no,no,13.1,626
NG038_PC728_WC73,NG038,NA,NA,PC728,GACGCGGATA,WC73,CCGAGTCTTC,NA,NG038_P3,human,CC9_CC10_CC11,TSM_HEKS_TSM,no,no,no,no,no,no,no,13.1,626
NG038_PC728_WC74,NG038,NA,NA,PC728,GACGCGGATA,WC74,TATTGCGCTA,NA,NG038_P3,human,CC9_CC10_CC11,TSM_HEKS_TSM,no,no,no,no,no,no,no,13.1,626
NG038_PC728_WC75,NG038,NA,NA,PC728,GACGCGGATA,WC75,TGTGGTCTAA,NA,NG038_P3,human,CC9_CC10_CC11,TSM_HEKS_TSM,no,no,no,no,no,no,no,13.1,626
NG038_PC728_WC76,NG038,NA,NA,PC728,GACGCGGATA,WC76,CACGTCTACG,NA,NG038_P3,human,CC9_CC10_CC11,TSM_HEKS_TSM,no,no,no,no,no,no,no,13.1,626
NG038_PC728_WC77,NG038,NA,NA,PC728,GACGCGGATA,WC77,AGTCCAGTGA,NA,NG038_P3,human,CC9_CC10_CC11,TSM_HEKS_TSM,no,no,no,no,no,no,no,13.1,626
NG038_PC728_WC78,NG038,NA,NA,PC728,GACGCGGATA,WC78,ATGCTTGGTC,NA,NG038_P3,human,CC9_CC10_CC11,TSM_HEKS_TSM,no,no,no,no,no,no,no,13.1,626
NG038_PC728_WC79,NG038,NA,NA,PC728,GACGCGGATA,WC79,TGATACTCGC,NA,NG038_P3,human,CC9_CC10_CC11,TSM_HEKS_TSM,no,no,no,no,no,no,no,13.1,626
NG038_PC728_WC80,NG038,NA,NA,PC728,GACGCGGATA,WC80,TTATCGAGAG,NA,NG038_P3,human,CC9_CC10_CC11,TSM_HEKS_TSM,no,no,no,no,no,no,no,13.1,626
NG038_PC728_WC81,NG038,NA,NA,PC728,GACGCGGATA,WC81,TGCCAGTATT,NA,NG038_P3,human,CC9_CC10_CC11,TSM_HEKS_TSM,no,no,no,no,no,no,no,13.1,626
NG038_PC728_WC82,NG038,NA,NA,PC728,GACGCGGATA,WC82,GAGTTGCATA,NA,NG038_P3,human,CC9_CC10_CC11,TSM_HEKS_TSM,no,no,no,no,no,no,no,13.1,626
NG038_PC728_WC83,NG038,NA,NA,PC728,GACGCGGATA,WC83,ACACTAGCAT,NA,NG038_P3,human,CC9_CC10_CC11,TSM_HEKS_TSM,no,no,no,no,no,no,no,13.1,626
NG038_PC728_WC84,NG038,NA,NA,PC728,GACGCGGATA,WC84,GTTCTAATGG,NA,NG038_P3,human,CC9_CC10_CC11,TSM_HEKS_TSM,no,no,no,no,no,no,no,13.1,626
NG038_PC728_WC85,NG038,NA,NA,PC728,GACGCGGATA,WC85,CGTTCACGTT,NA,NG038_P3,human,CC9_CC10_CC11,TSM_HEKS_TSM,no,no,no,no,no,no,no,13.1,626
NG038_PC728_WC86,NG038,NA,NA,PC728,GACGCGGATA,WC86,GACTGCGTTA,NA,NG038_P3,human,CC9_CC10_CC11,TSM_HEKS_TSM,no,no,no,no,no,no,no,13.1,626
NG038_PC728_WC87,NG038,NA,NA,PC728,GACGCGGATA,WC87,TGGCTTATGG,NA,NG038_P3,human,CC9_CC10_CC11,TSM_HEKS_TSM,no,no,no,no,no,no,no,13.1,626
NG038_PC728_WC88,NG038,NA,NA,PC728,GACGCGGATA,WC88,TCAGAGGCAC,NA,NG038_P3,human,CC9_CC10_CC11,TSM_HEKS_TSM,no,no,no,no,no,no,no,13.1,626
NG038_PC728_WC89,NG038,NA,NA,PC728,GACGCGGATA,WC89,CGCTAGGCTA,NA,NG038_P3,human,CC9_CC10_CC11,TSM_HEKS_TSM,no,no,no,no,no,no,no,13.1,626
NG038_PC728_WC90,NG038,NA,NA,PC728,GACGCGGATA,WC90,AACCGTAACA,NA,NG038_P3,human,CC9_CC10_CC11,TSM_HEKS_TSM,no,no,no,no,no,no,no,13.1,626
NG038_PC728_WC91,NG038,NA,NA,PC728,GACGCGGATA,WC91,CTTGGTATGA,NA,NG038_P3,human,CC9_CC10_CC11,TSM_HEKS_TSM,no,no,no,no,no,no,no,13.1,626
NG038_PC728_WC92,NG038,NA,NA,PC728,GACGCGGATA,WC92,TGTAGATCCG,NA,NG038_P3,human,CC9_CC10_CC11,TSM_HEKS_TSM,no,no,no,no,no,no,no,13.1,626
NG038_PC728_WC93,NG038,NA,NA,PC728,GACGCGGATA,WC93,AACTCTACCG,NA,NG038_P3,human,CC9_CC10_CC11,TSM_HEKS_TSM,no,no,no,no,no,no,no,13.1,626
NG038_PC728_WC94,NG038,NA,NA,PC728,GACGCGGATA,WC94,CGTGACATTC,NA,NG038_P3,human,CC9_CC10_CC11,TSM_HEKS_TSM,no,no,no,no,no,no,no,13.1,626
NG038_PC728_WC95,NG038,NA,NA,PC728,GACGCGGATA,WC95,CTGTACCAGG,NA,NG038_P3,human,CC9_CC10_CC11,TSM_HEKS_TSM,no,no,no,no,no,no,no,13.1,626
NG038_PC728_WC96,NG038,NA,NA,PC728,GACGCGGATA,WC96,ACTGGTTCCG,NA,NG038_P3,human,CC9_CC10_CC11,TSM_HEKS_TSM,no,no,no,no,no,no,no,13.1,626
NG039_PC730_WC1,NG039,NA,NA,PC730,GATAGCTGGC,WC1,GTCGTGAATC,NA,NG039_P1,human,CC1_CC3_CC4,PBMC_PBMC_PBMC,no,no,no,no,no,no,no,5.98,608
NG039_PC730_WC2,NG039,NA,NA,PC730,GATAGCTGGC,WC2,CTGTTCTACG,NA,NG039_P1,human,CC1_CC3_CC4,PBMC_PBMC_PBMC,no,no,no,no,no,no,no,5.98,608
NG039_PC730_WC3,NG039,NA,NA,PC730,GATAGCTGGC,WC3,GCTCTTAGGT,NA,NG039_P1,human,CC1_CC3_CC4,PBMC_PBMC_PBMC,no,no,no,no,no,no,no,5.98,608
NG039_PC730_WC4,NG039,NA,NA,PC730,GATAGCTGGC,WC4,TAGAAGCCAT,NA,NG039_P1,human,CC1_CC3_CC4,PBMC_PBMC_PBMC,no,no,no,no,no,no,no,5.98,608
NG039_PC730_WC5,NG039,NA,NA,PC730,GATAGCTGGC,WC5,CACTTAGGTA,NA,NG039_P1,human,CC1_CC3_CC4,PBMC_PBMC_PBMC,no,no,no,no,no,no,no,5.98,608
NG039_PC730_WC6,NG039,NA,NA,PC730,GATAGCTGGC,WC6,ATAGGTAAGG,NA,NG039_P1,human,CC1_CC3_CC4,PBMC_PBMC_PBMC,no,no,no,no,no,no,no,5.98,608
NG039_PC730_WC7,NG039,NA,NA,PC730,GATAGCTGGC,WC7,CGCCTTATAT,NA,NG039_P1,human,CC1_CC3_CC4,PBMC_PBMC_PBMC,no,no,no,no,no,no,no,5.98,608
NG039_PC730_WC8,NG039,NA,NA,PC730,GATAGCTGGC,WC8,GCACGATGCT,NA,NG039_P1,human,CC1_CC3_CC4,PBMC_PBMC_PBMC,no,no,no,no,no,no,no,5.98,608
NG039_PC730_WC9,NG039,NA,NA,PC730,GATAGCTGGC,WC9,AATATGCCAG,NA,NG039_P1,human,CC1_CC3_CC4,PBMC_PBMC_PBMC,no,no,no,no,no,no,no,5.98,608
NG039_PC730_WC10,NG039,NA,NA,PC730,GATAGCTGGC,WC10,TAGAGTCACG,NA,NG039_P1,human,CC1_CC3_CC4,PBMC_PBMC_PBMC,no,no,no,no,no,no,no,5.98,608
NG039_PC730_WC11,NG039,NA,NA,PC730,GATAGCTGGC,WC11,TTAACAGGTC,NA,NG039_P1,human,CC1_CC3_CC4,PBMC_PBMC_PBMC,no,no,no,no,no,no,no,5.98,608
NG039_PC730_WC12,NG039,NA,NA,PC730,GATAGCTGGC,WC12,ACATGAGCCA,NA,NG039_P1,human,CC1_CC3_CC4,PBMC_PBMC_PBMC,no,no,no,no,no,no,no,5.98,608
NG039_PC730_WC13,NG039,NA,NA,PC730,GATAGCTGGC,WC13,GCGAGGTTCT,NA,NG039_P1,human,CC1_CC3_CC4,PBMC_PBMC_PBMC,no,no,no,no,no,no,no,5.98,608
NG039_PC730_WC14,NG039,NA,NA,PC730,GATAGCTGGC,WC14,TGTCCGTAGG,NA,NG039_P1,human,CC1_CC3_CC4,PBMC_PBMC_PBMC,no,no,no,no,no,no,no,5.98,608
NG039_PC730_WC15,NG039,NA,NA,PC730,GATAGCTGGC,WC15,CATTATGCCT,NA,NG039_P1,human,CC1_CC3_CC4,PBMC_PBMC_PBMC,no,no,no,no,no,no,no,5.98,608
NG039_PC730_WC16,NG039,NA,NA,PC730,GATAGCTGGC,WC16,TCCACTGTTG,NA,NG039_P1,human,CC1_CC3_CC4,PBMC_PBMC_PBMC,no,no,no,no,no,no,no,5.98,608
NG039_PC730_WC17,NG039,NA,NA,PC730,GATAGCTGGC,WC17,CTTAACGACA,NA,NG039_P1,human,CC1_CC3_CC4,PBMC_PBMC_PBMC,no,no,no,no,no,no,no,5.98,608
NG039_PC730_WC18,NG039,NA,NA,PC730,GATAGCTGGC,WC18,TCCTCGAGCT,NA,NG039_P1,human,CC1_CC3_CC4,PBMC_PBMC_PBMC,no,no,no,no,no,no,no,5.98,608
NG039_PC730_WC19,NG039,NA,NA,PC730,GATAGCTGGC,WC19,CGAGTAATGT,NA,NG039_P1,human,CC1_CC3_CC4,PBMC_PBMC_PBMC,no,no,no,no,no,no,no,5.98,608
NG039_PC730_WC20,NG039,NA,NA,PC730,GATAGCTGGC,WC20,CATACCGCTG,NA,NG039_P1,human,CC1_CC3_CC4,PBMC_PBMC_PBMC,no,no,no,no,no,no,no,5.98,608
NG039_PC730_WC21,NG039,NA,NA,PC730,GATAGCTGGC,WC21,GCTACTTGCA,NA,NG039_P1,human,CC1_CC3_CC4,PBMC_PBMC_PBMC,no,no,no,no,no,no,no,5.98,608
NG039_PC730_WC22,NG039,NA,NA,PC730,GATAGCTGGC,WC22,GCTATTGAAG,NA,NG039_P1,human,CC1_CC3_CC4,PBMC_PBMC_PBMC,no,no,no,no,no,no,no,5.98,608
NG039_PC730_WC23,NG039,NA,NA,PC730,GATAGCTGGC,WC23,TCAGCATCCG,NA,NG039_P1,human,CC1_CC3_CC4,PBMC_PBMC_PBMC,no,no,no,no,no,no,no,5.98,608
NG039_PC730_WC24,NG039,NA,NA,PC730,GATAGCTGGC,WC24,TAGGTGGTGG,NA,NG039_P1,human,CC1_CC3_CC4,PBMC_PBMC_PBMC,no,no,no,no,no,no,no,5.98,608
NG039_PC730_WC25,NG039,NA,NA,PC730,GATAGCTGGC,WC25,AAGATCGGAT,NA,NG039_P1,human,CC1_CC3_CC4,PBMC_PBMC_PBMC,no,no,no,no,no,no,no,5.98,608
NG039_PC730_WC26,NG039,NA,NA,PC730,GATAGCTGGC,WC26,TTAACGTCCG,NA,NG039_P1,human,CC1_CC3_CC4,PBMC_PBMC_PBMC,no,no,no,no,no,no,no,5.98,608
NG039_PC730_WC27,NG039,NA,NA,PC730,GATAGCTGGC,WC27,ATTACCGATC,NA,NG039_P1,human,CC1_CC3_CC4,PBMC_PBMC_PBMC,no,no,no,no,no,no,no,5.98,608
NG039_PC730_WC28,NG039,NA,NA,PC730,GATAGCTGGC,WC28,GTTGCATCGT,NA,NG039_P1,human,CC1_CC3_CC4,PBMC_PBMC_PBMC,no,no,no,no,no,no,no,5.98,608
NG039_PC730_WC29,NG039,NA,NA,PC730,GATAGCTGGC,WC29,ACTGGACGTT,NA,NG039_P1,human,CC1_CC3_CC4,PBMC_PBMC_PBMC,no,no,no,no,no,no,no,5.98,608
NG039_PC730_WC30,NG039,NA,NA,PC730,GATAGCTGGC,WC30,TTGTTCGTGT,NA,NG039_P1,human,CC1_CC3_CC4,PBMC_PBMC_PBMC,no,no,no,no,no,no,no,5.98,608
NG039_PC730_WC31,NG039,NA,NA,PC730,GATAGCTGGC,WC31,ACGGACTGAG,NA,NG039_P1,human,CC1_CC3_CC4,PBMC_PBMC_PBMC,no,no,no,no,no,no,no,5.98,608
NG039_PC730_WC32,NG039,NA,NA,PC730,GATAGCTGGC,WC32,CACCGTCATA,NA,NG039_P1,human,CC1_CC3_CC4,PBMC_PBMC_PBMC,no,no,no,no,no,no,no,5.98,608
NG039_PC730_WC33,NG039,NA,NA,PC730,GATAGCTGGC,WC33,GTAGTTGTGT,NA,NG039_P1,human,CC1_CC3_CC4,PBMC_PBMC_PBMC,no,no,no,no,no,no,no,5.98,608
NG039_PC730_WC34,NG039,NA,NA,PC730,GATAGCTGGC,WC34,CTGAGTCCTT,NA,NG039_P1,human,CC1_CC3_CC4,PBMC_PBMC_PBMC,no,no,no,no,no,no,no,5.98,608
NG039_PC730_WC35,NG039,NA,NA,PC730,GATAGCTGGC,WC35,TCACAGTTGC,NA,NG039_P1,human,CC1_CC3_CC4,PBMC_PBMC_PBMC,no,no,no,no,no,no,no,5.98,608
NG039_PC730_WC36,NG039,NA,NA,PC730,GATAGCTGGC,WC36,ATTGTAAGCG,NA,NG039_P1,human,CC1_CC3_CC4,PBMC_PBMC_PBMC,no,no,no,no,no,no,no,5.98,608
NG039_PC730_WC37,NG039,NA,NA,PC730,GATAGCTGGC,WC37,CGGTCTCTCT,NA,NG039_P1,human,CC1_CC3_CC4,PBMC_PBMC_PBMC,no,no,no,no,no,no,no,5.98,608
NG039_PC730_WC38,NG039,NA,NA,PC730,GATAGCTGGC,WC38,AACAGCAATG,NA,NG039_P1,human,CC1_CC3_CC4,PBMC_PBMC_PBMC,no,no,no,no,no,no,no,5.98,608
NG039_PC730_WC39,NG039,NA,NA,PC730,GATAGCTGGC,WC39,TCCGTGTTGC,NA,NG039_P1,human,CC1_CC3_CC4,PBMC_PBMC_PBMC,no,no,no,no,no,no,no,5.98,608
NG039_PC730_WC40,NG039,NA,NA,PC730,GATAGCTGGC,WC40,TGCGAAGTGA,NA,NG039_P1,human,CC1_CC3_CC4,PBMC_PBMC_PBMC,no,no,no,no,no,no,no,5.98,608
NG039_PC730_WC41,NG039,NA,NA,PC730,GATAGCTGGC,WC41,CACAGCTATT,NA,NG039_P1,human,CC1_CC3_CC4,PBMC_PBMC_PBMC,no,no,no,no,no,no,no,5.98,608
NG039_PC730_WC42,NG039,NA,NA,PC730,GATAGCTGGC,WC42,GATAGTGTTC,NA,NG039_P1,human,CC1_CC3_CC4,PBMC_PBMC_PBMC,no,no,no,no,no,no,no,5.98,608
NG039_PC730_WC43,NG039,NA,NA,PC730,GATAGCTGGC,WC43,TAGCTACCAG,NA,NG039_P1,human,CC1_CC3_CC4,PBMC_PBMC_PBMC,no,no,no,no,no,no,no,5.98,608
NG039_PC730_WC44,NG039,NA,NA,PC730,GATAGCTGGC,WC44,TGCTCACGCA,NA,NG039_P1,human,CC1_CC3_CC4,PBMC_PBMC_PBMC,no,no,no,no,no,no,no,5.98,608
NG039_PC730_WC45,NG039,NA,NA,PC730,GATAGCTGGC,WC45,AAGTGTGCTA,NA,NG039_P1,human,CC1_CC3_CC4,PBMC_PBMC_PBMC,no,no,no,no,no,no,no,5.98,608
NG039_PC730_WC46,NG039,NA,NA,PC730,GATAGCTGGC,WC46,TCATCGTCTG,NA,NG039_P1,human,CC1_CC3_CC4,PBMC_PBMC_PBMC,no,no,no,no,no,no,no,5.98,608
NG039_PC730_WC47,NG039,NA,NA,PC730,GATAGCTGGC,WC47,AGATGCTCCG,NA,NG039_P1,human,CC1_CC3_CC4,PBMC_PBMC_PBMC,no,no,no,no,no,no,no,5.98,608
NG039_PC730_WC48,NG039,NA,NA,PC730,GATAGCTGGC,WC48,GAACCAAGCG,NA,NG039_P1,human,CC1_CC3_CC4,PBMC_PBMC_PBMC,no,no,no,no,no,no,no,5.98,608
NG039_PC730_WC49,NG039,NA,NA,PC730,GATAGCTGGC,WC49,CCTCTTCAAG,NA,NG039_P1,human,CC1_CC3_CC4,PBMC_PBMC_PBMC,no,no,no,no,no,no,no,5.98,608
NG039_PC730_WC50,NG039,NA,NA,PC730,GATAGCTGGC,WC50,CGTCGCATCT,NA,NG039_P1,human,CC1_CC3_CC4,PBMC_PBMC_PBMC,no,no,no,no,no,no,no,5.98,608
NG039_PC730_WC51,NG039,NA,NA,PC730,GATAGCTGGC,WC51,CCGAACGTTC,NA,NG039_P1,human,CC1_CC3_CC4,PBMC_PBMC_PBMC,no,no,no,no,no,no,no,5.98,608
NG039_PC730_WC52,NG039,NA,NA,PC730,GATAGCTGGC,WC52,GAATGGCGTT,NA,NG039_P1,human,CC1_CC3_CC4,PBMC_PBMC_PBMC,no,no,no,no,no,no,no,5.98,608
NG039_PC730_WC53,NG039,NA,NA,PC730,GATAGCTGGC,WC53,AAGTTCAGGA,NA,NG039_P1,human,CC1_CC3_CC4,PBMC_PBMC_PBMC,no,no,no,no,no,no,no,5.98,608
NG039_PC730_WC54,NG039,NA,NA,PC730,GATAGCTGGC,WC54,GACCAATTGT,NA,NG039_P1,human,CC1_CC3_CC4,PBMC_PBMC_PBMC,no,no,no,no,no,no,no,5.98,608
NG039_PC730_WC55,NG039,NA,NA,PC730,GATAGCTGGC,WC55,TGTCTGTGAC,NA,NG039_P1,human,CC1_CC3_CC4,PBMC_PBMC_PBMC,no,no,no,no,no,no,no,5.98,608
NG039_PC730_WC56,NG039,NA,NA,PC730,GATAGCTGGC,WC56,GAACATTGGC,NA,NG039_P1,human,CC1_CC3_CC4,PBMC_PBMC_PBMC,no,no,no,no,no,no,no,5.98,608
NG039_PC730_WC57,NG039,NA,NA,PC730,GATAGCTGGC,WC57,CGTAACACTA,NA,NG039_P1,human,CC1_CC3_CC4,PBMC_PBMC_PBMC,no,no,no,no,no,no,no,5.98,608
NG039_PC730_WC58,NG039,NA,NA,PC730,GATAGCTGGC,WC58,GTACTTCCAA,NA,NG039_P1,human,CC1_CC3_CC4,PBMC_PBMC_PBMC,no,no,no,no,no,no,no,5.98,608
NG039_PC730_WC59,NG039,NA,NA,PC730,GATAGCTGGC,WC59,TTAGCGTCTT,NA,NG039_P1,human,CC1_CC3_CC4,PBMC_PBMC_PBMC,no,no,no,no,no,no,no,5.98,608
NG039_PC730_WC60,NG039,NA,NA,PC730,GATAGCTGGC,WC60,TTGACCGTCT,NA,NG039_P1,human,CC1_CC3_CC4,PBMC_PBMC_PBMC,no,no,no,no,no,no,no,5.98,608
NG039_PC730_WC61,NG039,NA,NA,PC730,GATAGCTGGC,WC61,ACGGCTTCTC,NA,NG039_P1,human,CC1_CC3_CC4,PBMC_PBMC_PBMC,no,no,no,no,no,no,no,5.98,608
NG039_PC730_WC62,NG039,NA,NA,PC730,GATAGCTGGC,WC62,TGCGATGTAT,NA,NG039_P1,human,CC1_CC3_CC4,PBMC_PBMC_PBMC,no,no,no,no,no,no,no,5.98,608
NG039_PC730_WC63,NG039,NA,NA,PC730,GATAGCTGGC,WC63,GCGTTCAGCA,NA,NG039_P1,human,CC1_CC3_CC4,PBMC_PBMC_PBMC,no,no,no,no,no,no,no,5.98,608
NG039_PC730_WC64,NG039,NA,NA,PC730,GATAGCTGGC,WC64,GCCTAGGAAG,NA,NG039_P1,human,CC1_CC3_CC4,PBMC_PBMC_PBMC,no,no,no,no,no,no,no,5.98,608
NG039_PC730_WC65,NG039,NA,NA,PC730,GATAGCTGGC,WC65,GTTACCAACG,NA,NG039_P1,human,CC1_CC3_CC4,PBMC_PBMC_PBMC,no,no,no,no,no,no,no,5.98,608
NG039_PC730_WC66,NG039,NA,NA,PC730,GATAGCTGGC,WC66,ACGAACCAAG,NA,NG039_P1,human,CC1_CC3_CC4,PBMC_PBMC_PBMC,no,no,no,no,no,no,no,5.98,608
NG039_PC730_WC67,NG039,NA,NA,PC730,GATAGCTGGC,WC67,CACGCAAGTC,NA,NG039_P1,human,CC1_CC3_CC4,PBMC_PBMC_PBMC,no,no,no,no,no,no,no,5.98,608
NG039_PC730_WC68,NG039,NA,NA,PC730,GATAGCTGGC,WC68,GCTGGAGAAG,NA,NG039_P1,human,CC1_CC3_CC4,PBMC_PBMC_PBMC,no,no,no,no,no,no,no,5.98,608
NG039_PC730_WC69,NG039,NA,NA,PC730,GATAGCTGGC,WC69,CCAGTGTACG,NA,NG039_P1,human,CC1_CC3_CC4,PBMC_PBMC_PBMC,no,no,no,no,no,no,no,5.98,608
NG039_PC730_WC70,NG039,NA,NA,PC730,GATAGCTGGC,WC70,GTTGATGCGA,NA,NG039_P1,human,CC1_CC3_CC4,PBMC_PBMC_PBMC,no,no,no,no,no,no,no,5.98,608
NG039_PC730_WC71,NG039,NA,NA,PC730,GATAGCTGGC,WC71,CGCTTGTTAT,NA,NG039_P1,human,CC1_CC3_CC4,PBMC_PBMC_PBMC,no,no,no,no,no,no,no,5.98,608
NG039_PC730_WC72,NG039,NA,NA,PC730,GATAGCTGGC,WC72,GTAACGTTCA,NA,NG039_P1,human,CC1_CC3_CC4,PBMC_PBMC_PBMC,no,no,no,no,no,no,no,5.98,608
NG039_PC730_WC73,NG039,NA,NA,PC730,GATAGCTGGC,WC73,CCGAGTCTTC,NA,NG039_P1,human,CC1_CC3_CC4,PBMC_PBMC_PBMC,no,no,no,no,no,no,no,5.98,608
NG039_PC730_WC74,NG039,NA,NA,PC730,GATAGCTGGC,WC74,TATTGCGCTA,NA,NG039_P1,human,CC1_CC3_CC4,PBMC_PBMC_PBMC,no,no,no,no,no,no,no,5.98,608
NG039_PC730_WC75,NG039,NA,NA,PC730,GATAGCTGGC,WC75,TGTGGTCTAA,NA,NG039_P1,human,CC1_CC3_CC4,PBMC_PBMC_PBMC,no,no,no,no,no,no,no,5.98,608
NG039_PC730_WC76,NG039,NA,NA,PC730,GATAGCTGGC,WC76,CACGTCTACG,NA,NG039_P1,human,CC1_CC3_CC4,PBMC_PBMC_PBMC,no,no,no,no,no,no,no,5.98,608
NG039_PC730_WC77,NG039,NA,NA,PC730,GATAGCTGGC,WC77,AGTCCAGTGA,NA,NG039_P1,human,CC1_CC3_CC4,PBMC_PBMC_PBMC,no,no,no,no,no,no,no,5.98,608
NG039_PC730_WC78,NG039,NA,NA,PC730,GATAGCTGGC,WC78,ATGCTTGGTC,NA,NG039_P1,human,CC1_CC3_CC4,PBMC_PBMC_PBMC,no,no,no,no,no,no,no,5.98,608
NG039_PC730_WC79,NG039,NA,NA,PC730,GATAGCTGGC,WC79,TGATACTCGC,NA,NG039_P1,human,CC1_CC3_CC4,PBMC_PBMC_PBMC,no,no,no,no,no,no,no,5.98,608
NG039_PC730_WC80,NG039,NA,NA,PC730,GATAGCTGGC,WC80,TTATCGAGAG,NA,NG039_P1,human,CC1_CC3_CC4,PBMC_PBMC_PBMC,no,no,no,no,no,no,no,5.98,608
NG039_PC730_WC81,NG039,NA,NA,PC730,GATAGCTGGC,WC81,TGCCAGTATT,NA,NG039_P1,human,CC1_CC3_CC4,PBMC_PBMC_PBMC,no,no,no,no,no,no,no,5.98,608
NG039_PC730_WC82,NG039,NA,NA,PC730,GATAGCTGGC,WC82,GAGTTGCATA,NA,NG039_P1,human,CC1_CC3_CC4,PBMC_PBMC_PBMC,no,no,no,no,no,no,no,5.98,608
NG039_PC730_WC83,NG039,NA,NA,PC730,GATAGCTGGC,WC83,ACACTAGCAT,NA,NG039_P1,human,CC1_CC3_CC4,PBMC_PBMC_PBMC,no,no,no,no,no,no,no,5.98,608
NG039_PC730_WC84,NG039,NA,NA,PC730,GATAGCTGGC,WC84,GTTCTAATGG,NA,NG039_P1,human,CC1_CC3_CC4,PBMC_PBMC_PBMC,no,no,no,no,no,no,no,5.98,608
NG039_PC730_WC85,NG039,NA,NA,PC730,GATAGCTGGC,WC85,CGTTCACGTT,NA,NG039_P1,human,CC1_CC3_CC4,PBMC_PBMC_PBMC,no,no,no,no,no,no,no,5.98,608
NG039_PC730_WC86,NG039,NA,NA,PC730,GATAGCTGGC,WC86,GACTGCGTTA,NA,NG039_P1,human,CC1_CC3_CC4,PBMC_PBMC_PBMC,no,no,no,no,no,no,no,5.98,608
NG039_PC730_WC87,NG039,NA,NA,PC730,GATAGCTGGC,WC87,TGGCTTATGG,NA,NG039_P1,human,CC1_CC3_CC4,PBMC_PBMC_PBMC,no,no,no,no,no,no,no,5.98,608
NG039_PC730_WC88,NG039,NA,NA,PC730,GATAGCTGGC,WC88,TCAGAGGCAC,NA,NG039_P1,human,CC1_CC3_CC4,PBMC_PBMC_PBMC,no,no,no,no,no,no,no,5.98,608
NG039_PC730_WC89,NG039,NA,NA,PC730,GATAGCTGGC,WC89,CGCTAGGCTA,NA,NG039_P1,human,CC1_CC3_CC4,PBMC_PBMC_PBMC,no,no,no,no,no,no,no,5.98,608
NG039_PC730_WC90,NG039,NA,NA,PC730,GATAGCTGGC,WC90,AACCGTAACA,NA,NG039_P1,human,CC1_CC3_CC4,PBMC_PBMC_PBMC,no,no,no,no,no,no,no,5.98,608
NG039_PC730_WC91,NG039,NA,NA,PC730,GATAGCTGGC,WC91,CTTGGTATGA,NA,NG039_P1,human,CC1_CC3_CC4,PBMC_PBMC_PBMC,no,no,no,no,no,no,no,5.98,608
NG039_PC730_WC92,NG039,NA,NA,PC730,GATAGCTGGC,WC92,TGTAGATCCG,NA,NG039_P1,human,CC1_CC3_CC4,PBMC_PBMC_PBMC,no,no,no,no,no,no,no,5.98,608
NG039_PC730_WC93,NG039,NA,NA,PC730,GATAGCTGGC,WC93,AACTCTACCG,NA,NG039_P1,human,CC1_CC3_CC4,PBMC_PBMC_PBMC,no,no,no,no,no,no,no,5.98,608
NG039_PC730_WC94,NG039,NA,NA,PC730,GATAGCTGGC,WC94,CGTGACATTC,NA,NG039_P1,human,CC1_CC3_CC4,PBMC_PBMC_PBMC,no,no,no,no,no,no,no,5.98,608
NG039_PC730_WC95,NG039,NA,NA,PC730,GATAGCTGGC,WC95,CTGTACCAGG,NA,NG039_P1,human,CC1_CC3_CC4,PBMC_PBMC_PBMC,no,no,no,no,no,no,no,5.98,608
NG039_PC730_WC96,NG039,NA,NA,PC730,GATAGCTGGC,WC96,ACTGGTTCCG,NA,NG039_P1,human,CC1_CC3_CC4,PBMC_PBMC_PBMC,no,no,no,no,no,no,no,5.98,608
NG039_PC731_WC1,NG039,NA,NA,PC731,AGTTCGTAAG,WC1,GTCGTGAATC,NA,NG039_P2,human,CC1_CC3_CC4,PBMC_PBMC_PBMC,no,no,no,no,no,no,no,8.71,613
NG039_PC731_WC2,NG039,NA,NA,PC731,AGTTCGTAAG,WC2,CTGTTCTACG,NA,NG039_P2,human,CC1_CC3_CC4,PBMC_PBMC_PBMC,no,no,no,no,no,no,no,8.71,613
NG039_PC731_WC3,NG039,NA,NA,PC731,AGTTCGTAAG,WC3,GCTCTTAGGT,NA,NG039_P2,human,CC1_CC3_CC4,PBMC_PBMC_PBMC,no,no,no,no,no,no,no,8.71,613
NG039_PC731_WC4,NG039,NA,NA,PC731,AGTTCGTAAG,WC4,TAGAAGCCAT,NA,NG039_P2,human,CC1_CC3_CC4,PBMC_PBMC_PBMC,no,no,no,no,no,no,no,8.71,613
NG039_PC731_WC5,NG039,NA,NA,PC731,AGTTCGTAAG,WC5,CACTTAGGTA,NA,NG039_P2,human,CC1_CC3_CC4,PBMC_PBMC_PBMC,no,no,no,no,no,no,no,8.71,613
NG039_PC731_WC6,NG039,NA,NA,PC731,AGTTCGTAAG,WC6,ATAGGTAAGG,NA,NG039_P2,human,CC1_CC3_CC4,PBMC_PBMC_PBMC,no,no,no,no,no,no,no,8.71,613
NG039_PC731_WC7,NG039,NA,NA,PC731,AGTTCGTAAG,WC7,CGCCTTATAT,NA,NG039_P2,human,CC1_CC3_CC4,PBMC_PBMC_PBMC,no,no,no,no,no,no,no,8.71,613
NG039_PC731_WC8,NG039,NA,NA,PC731,AGTTCGTAAG,WC8,GCACGATGCT,NA,NG039_P2,human,CC1_CC3_CC4,PBMC_PBMC_PBMC,no,no,no,no,no,no,no,8.71,613
NG039_PC731_WC9,NG039,NA,NA,PC731,AGTTCGTAAG,WC9,AATATGCCAG,NA,NG039_P2,human,CC1_CC3_CC4,PBMC_PBMC_PBMC,no,no,no,no,no,no,no,8.71,613
NG039_PC731_WC10,NG039,NA,NA,PC731,AGTTCGTAAG,WC10,TAGAGTCACG,NA,NG039_P2,human,CC1_CC3_CC4,PBMC_PBMC_PBMC,no,no,no,no,no,no,no,8.71,613
NG039_PC731_WC11,NG039,NA,NA,PC731,AGTTCGTAAG,WC11,TTAACAGGTC,NA,NG039_P2,human,CC1_CC3_CC4,PBMC_PBMC_PBMC,no,no,no,no,no,no,no,8.71,613
NG039_PC731_WC12,NG039,NA,NA,PC731,AGTTCGTAAG,WC12,ACATGAGCCA,NA,NG039_P2,human,CC1_CC3_CC4,PBMC_PBMC_PBMC,no,no,no,no,no,no,no,8.71,613
NG039_PC731_WC13,NG039,NA,NA,PC731,AGTTCGTAAG,WC13,GCGAGGTTCT,NA,NG039_P2,human,CC1_CC3_CC4,PBMC_PBMC_PBMC,no,no,no,no,no,no,no,8.71,613
NG039_PC731_WC14,NG039,NA,NA,PC731,AGTTCGTAAG,WC14,TGTCCGTAGG,NA,NG039_P2,human,CC1_CC3_CC4,PBMC_PBMC_PBMC,no,no,no,no,no,no,no,8.71,613
NG039_PC731_WC15,NG039,NA,NA,PC731,AGTTCGTAAG,WC15,CATTATGCCT,NA,NG039_P2,human,CC1_CC3_CC4,PBMC_PBMC_PBMC,no,no,no,no,no,no,no,8.71,613
NG039_PC731_WC16,NG039,NA,NA,PC731,AGTTCGTAAG,WC16,TCCACTGTTG,NA,NG039_P2,human,CC1_CC3_CC4,PBMC_PBMC_PBMC,no,no,no,no,no,no,no,8.71,613
NG039_PC731_WC17,NG039,NA,NA,PC731,AGTTCGTAAG,WC17,CTTAACGACA,NA,NG039_P2,human,CC1_CC3_CC4,PBMC_PBMC_PBMC,no,no,no,no,no,no,no,8.71,613
NG039_PC731_WC18,NG039,NA,NA,PC731,AGTTCGTAAG,WC18,TCCTCGAGCT,NA,NG039_P2,human,CC1_CC3_CC4,PBMC_PBMC_PBMC,no,no,no,no,no,no,no,8.71,613
NG039_PC731_WC19,NG039,NA,NA,PC731,AGTTCGTAAG,WC19,CGAGTAATGT,NA,NG039_P2,human,CC1_CC3_CC4,PBMC_PBMC_PBMC,no,no,no,no,no,no,no,8.71,613
NG039_PC731_WC20,NG039,NA,NA,PC731,AGTTCGTAAG,WC20,CATACCGCTG,NA,NG039_P2,human,CC1_CC3_CC4,PBMC_PBMC_PBMC,no,no,no,no,no,no,no,8.71,613
NG039_PC731_WC21,NG039,NA,NA,PC731,AGTTCGTAAG,WC21,GCTACTTGCA,NA,NG039_P2,human,CC1_CC3_CC4,PBMC_PBMC_PBMC,no,no,no,no,no,no,no,8.71,613
NG039_PC731_WC22,NG039,NA,NA,PC731,AGTTCGTAAG,WC22,GCTATTGAAG,NA,NG039_P2,human,CC1_CC3_CC4,PBMC_PBMC_PBMC,no,no,no,no,no,no,no,8.71,613
NG039_PC731_WC23,NG039,NA,NA,PC731,AGTTCGTAAG,WC23,TCAGCATCCG,NA,NG039_P2,human,CC1_CC3_CC4,PBMC_PBMC_PBMC,no,no,no,no,no,no,no,8.71,613
NG039_PC731_WC24,NG039,NA,NA,PC731,AGTTCGTAAG,WC24,TAGGTGGTGG,NA,NG039_P2,human,CC1_CC3_CC4,PBMC_PBMC_PBMC,no,no,no,no,no,no,no,8.71,613
NG039_PC731_WC25,NG039,NA,NA,PC731,AGTTCGTAAG,WC25,AAGATCGGAT,NA,NG039_P2,human,CC1_CC3_CC4,PBMC_PBMC_PBMC,no,no,no,no,no,no,no,8.71,613
NG039_PC731_WC26,NG039,NA,NA,PC731,AGTTCGTAAG,WC26,TTAACGTCCG,NA,NG039_P2,human,CC1_CC3_CC4,PBMC_PBMC_PBMC,no,no,no,no,no,no,no,8.71,613
NG039_PC731_WC27,NG039,NA,NA,PC731,AGTTCGTAAG,WC27,ATTACCGATC,NA,NG039_P2,human,CC1_CC3_CC4,PBMC_PBMC_PBMC,no,no,no,no,no,no,no,8.71,613
NG039_PC731_WC28,NG039,NA,NA,PC731,AGTTCGTAAG,WC28,GTTGCATCGT,NA,NG039_P2,human,CC1_CC3_CC4,PBMC_PBMC_PBMC,no,no,no,no,no,no,no,8.71,613
NG039_PC731_WC29,NG039,NA,NA,PC731,AGTTCGTAAG,WC29,ACTGGACGTT,NA,NG039_P2,human,CC1_CC3_CC4,PBMC_PBMC_PBMC,no,no,no,no,no,no,no,8.71,613
NG039_PC731_WC30,NG039,NA,NA,PC731,AGTTCGTAAG,WC30,TTGTTCGTGT,NA,NG039_P2,human,CC1_CC3_CC4,PBMC_PBMC_PBMC,no,no,no,no,no,no,no,8.71,613
NG039_PC731_WC31,NG039,NA,NA,PC731,AGTTCGTAAG,WC31,ACGGACTGAG,NA,NG039_P2,human,CC1_CC3_CC4,PBMC_PBMC_PBMC,no,no,no,no,no,no,no,8.71,613
NG039_PC731_WC32,NG039,NA,NA,PC731,AGTTCGTAAG,WC32,CACCGTCATA,NA,NG039_P2,human,CC1_CC3_CC4,PBMC_PBMC_PBMC,no,no,no,no,no,no,no,8.71,613
NG039_PC731_WC33,NG039,NA,NA,PC731,AGTTCGTAAG,WC33,GTAGTTGTGT,NA,NG039_P2,human,CC1_CC3_CC4,PBMC_PBMC_PBMC,no,no,no,no,no,no,no,8.71,613
NG039_PC731_WC34,NG039,NA,NA,PC731,AGTTCGTAAG,WC34,CTGAGTCCTT,NA,NG039_P2,human,CC1_CC3_CC4,PBMC_PBMC_PBMC,no,no,no,no,no,no,no,8.71,613
NG039_PC731_WC35,NG039,NA,NA,PC731,AGTTCGTAAG,WC35,TCACAGTTGC,NA,NG039_P2,human,CC1_CC3_CC4,PBMC_PBMC_PBMC,no,no,no,no,no,no,no,8.71,613
NG039_PC731_WC36,NG039,NA,NA,PC731,AGTTCGTAAG,WC36,ATTGTAAGCG,NA,NG039_P2,human,CC1_CC3_CC4,PBMC_PBMC_PBMC,no,no,no,no,no,no,no,8.71,613
NG039_PC731_WC37,NG039,NA,NA,PC731,AGTTCGTAAG,WC37,CGGTCTCTCT,NA,NG039_P2,human,CC1_CC3_CC4,PBMC_PBMC_PBMC,no,no,no,no,no,no,no,8.71,613
NG039_PC731_WC38,NG039,NA,NA,PC731,AGTTCGTAAG,WC38,AACAGCAATG,NA,NG039_P2,human,CC1_CC3_CC4,PBMC_PBMC_PBMC,no,no,no,no,no,no,no,8.71,613
NG039_PC731_WC39,NG039,NA,NA,PC731,AGTTCGTAAG,WC39,TCCGTGTTGC,NA,NG039_P2,human,CC1_CC3_CC4,PBMC_PBMC_PBMC,no,no,no,no,no,no,no,8.71,613
NG039_PC731_WC40,NG039,NA,NA,PC731,AGTTCGTAAG,WC40,TGCGAAGTGA,NA,NG039_P2,human,CC1_CC3_CC4,PBMC_PBMC_PBMC,no,no,no,no,no,no,no,8.71,613
NG039_PC731_WC41,NG039,NA,NA,PC731,AGTTCGTAAG,WC41,CACAGCTATT,NA,NG039_P2,human,CC1_CC3_CC4,PBMC_PBMC_PBMC,no,no,no,no,no,no,no,8.71,613
NG039_PC731_WC42,NG039,NA,NA,PC731,AGTTCGTAAG,WC42,GATAGTGTTC,NA,NG039_P2,human,CC1_CC3_CC4,PBMC_PBMC_PBMC,no,no,no,no,no,no,no,8.71,613
NG039_PC731_WC43,NG039,NA,NA,PC731,AGTTCGTAAG,WC43,TAGCTACCAG,NA,NG039_P2,human,CC1_CC3_CC4,PBMC_PBMC_PBMC,no,no,no,no,no,no,no,8.71,613
NG039_PC731_WC44,NG039,NA,NA,PC731,AGTTCGTAAG,WC44,TGCTCACGCA,NA,NG039_P2,human,CC1_CC3_CC4,PBMC_PBMC_PBMC,no,no,no,no,no,no,no,8.71,613
NG039_PC731_WC45,NG039,NA,NA,PC731,AGTTCGTAAG,WC45,AAGTGTGCTA,NA,NG039_P2,human,CC1_CC3_CC4,PBMC_PBMC_PBMC,no,no,no,no,no,no,no,8.71,613
NG039_PC731_WC46,NG039,NA,NA,PC731,AGTTCGTAAG,WC46,TCATCGTCTG,NA,NG039_P2,human,CC1_CC3_CC4,PBMC_PBMC_PBMC,no,no,no,no,no,no,no,8.71,613
NG039_PC731_WC47,NG039,NA,NA,PC731,AGTTCGTAAG,WC47,AGATGCTCCG,NA,NG039_P2,human,CC1_CC3_CC4,PBMC_PBMC_PBMC,no,no,no,no,no,no,no,8.71,613
NG039_PC731_WC48,NG039,NA,NA,PC731,AGTTCGTAAG,WC48,GAACCAAGCG,NA,NG039_P2,human,CC1_CC3_CC4,PBMC_PBMC_PBMC,no,no,no,no,no,no,no,8.71,613
NG039_PC731_WC49,NG039,NA,NA,PC731,AGTTCGTAAG,WC49,CCTCTTCAAG,NA,NG039_P2,human,CC1_CC3_CC4,PBMC_PBMC_PBMC,no,no,no,no,no,no,no,8.71,613
NG039_PC731_WC50,NG039,NA,NA,PC731,AGTTCGTAAG,WC50,CGTCGCATCT,NA,NG039_P2,human,CC1_CC3_CC4,PBMC_PBMC_PBMC,no,no,no,no,no,no,no,8.71,613
NG039_PC731_WC51,NG039,NA,NA,PC731,AGTTCGTAAG,WC51,CCGAACGTTC,NA,NG039_P2,human,CC1_CC3_CC4,PBMC_PBMC_PBMC,no,no,no,no,no,no,no,8.71,613
NG039_PC731_WC52,NG039,NA,NA,PC731,AGTTCGTAAG,WC52,GAATGGCGTT,NA,NG039_P2,human,CC1_CC3_CC4,PBMC_PBMC_PBMC,no,no,no,no,no,no,no,8.71,613
NG039_PC731_WC53,NG039,NA,NA,PC731,AGTTCGTAAG,WC53,AAGTTCAGGA,NA,NG039_P2,human,CC1_CC3_CC4,PBMC_PBMC_PBMC,no,no,no,no,no,no,no,8.71,613
NG039_PC731_WC54,NG039,NA,NA,PC731,AGTTCGTAAG,WC54,GACCAATTGT,NA,NG039_P2,human,CC1_CC3_CC4,PBMC_PBMC_PBMC,no,no,no,no,no,no,no,8.71,613
NG039_PC731_WC55,NG039,NA,NA,PC731,AGTTCGTAAG,WC55,TGTCTGTGAC,NA,NG039_P2,human,CC1_CC3_CC4,PBMC_PBMC_PBMC,no,no,no,no,no,no,no,8.71,613
NG039_PC731_WC56,NG039,NA,NA,PC731,AGTTCGTAAG,WC56,GAACATTGGC,NA,NG039_P2,human,CC1_CC3_CC4,PBMC_PBMC_PBMC,no,no,no,no,no,no,no,8.71,613
NG039_PC731_WC57,NG039,NA,NA,PC731,AGTTCGTAAG,WC57,CGTAACACTA,NA,NG039_P2,human,CC1_CC3_CC4,PBMC_PBMC_PBMC,no,no,no,no,no,no,no,8.71,613
NG039_PC731_WC58,NG039,NA,NA,PC731,AGTTCGTAAG,WC58,GTACTTCCAA,NA,NG039_P2,human,CC1_CC3_CC4,PBMC_PBMC_PBMC,no,no,no,no,no,no,no,8.71,613
NG039_PC731_WC59,NG039,NA,NA,PC731,AGTTCGTAAG,WC59,TTAGCGTCTT,NA,NG039_P2,human,CC1_CC3_CC4,PBMC_PBMC_PBMC,no,no,no,no,no,no,no,8.71,613
NG039_PC731_WC60,NG039,NA,NA,PC731,AGTTCGTAAG,WC60,TTGACCGTCT,NA,NG039_P2,human,CC1_CC3_CC4,PBMC_PBMC_PBMC,no,no,no,no,no,no,no,8.71,613
NG039_PC731_WC61,NG039,NA,NA,PC731,AGTTCGTAAG,WC61,ACGGCTTCTC,NA,NG039_P2,human,CC1_CC3_CC4,PBMC_PBMC_PBMC,no,no,no,no,no,no,no,8.71,613
NG039_PC731_WC62,NG039,NA,NA,PC731,AGTTCGTAAG,WC62,TGCGATGTAT,NA,NG039_P2,human,CC1_CC3_CC4,PBMC_PBMC_PBMC,no,no,no,no,no,no,no,8.71,613
NG039_PC731_WC63,NG039,NA,NA,PC731,AGTTCGTAAG,WC63,GCGTTCAGCA,NA,NG039_P2,human,CC1_CC3_CC4,PBMC_PBMC_PBMC,no,no,no,no,no,no,no,8.71,613
NG039_PC731_WC64,NG039,NA,NA,PC731,AGTTCGTAAG,WC64,GCCTAGGAAG,NA,NG039_P2,human,CC1_CC3_CC4,PBMC_PBMC_PBMC,no,no,no,no,no,no,no,8.71,613
NG039_PC731_WC65,NG039,NA,NA,PC731,AGTTCGTAAG,WC65,GTTACCAACG,NA,NG039_P2,human,CC1_CC3_CC4,PBMC_PBMC_PBMC,no,no,no,no,no,no,no,8.71,613
NG039_PC731_WC66,NG039,NA,NA,PC731,AGTTCGTAAG,WC66,ACGAACCAAG,NA,NG039_P2,human,CC1_CC3_CC4,PBMC_PBMC_PBMC,no,no,no,no,no,no,no,8.71,613
NG039_PC731_WC67,NG039,NA,NA,PC731,AGTTCGTAAG,WC67,CACGCAAGTC,NA,NG039_P2,human,CC1_CC3_CC4,PBMC_PBMC_PBMC,no,no,no,no,no,no,no,8.71,613
NG039_PC731_WC68,NG039,NA,NA,PC731,AGTTCGTAAG,WC68,GCTGGAGAAG,NA,NG039_P2,human,CC1_CC3_CC4,PBMC_PBMC_PBMC,no,no,no,no,no,no,no,8.71,613
NG039_PC731_WC69,NG039,NA,NA,PC731,AGTTCGTAAG,WC69,CCAGTGTACG,NA,NG039_P2,human,CC1_CC3_CC4,PBMC_PBMC_PBMC,no,no,no,no,no,no,no,8.71,613
NG039_PC731_WC70,NG039,NA,NA,PC731,AGTTCGTAAG,WC70,GTTGATGCGA,NA,NG039_P2,human,CC1_CC3_CC4,PBMC_PBMC_PBMC,no,no,no,no,no,no,no,8.71,613
NG039_PC731_WC71,NG039,NA,NA,PC731,AGTTCGTAAG,WC71,CGCTTGTTAT,NA,NG039_P2,human,CC1_CC3_CC4,PBMC_PBMC_PBMC,no,no,no,no,no,no,no,8.71,613
NG039_PC731_WC72,NG039,NA,NA,PC731,AGTTCGTAAG,WC72,GTAACGTTCA,NA,NG039_P2,human,CC1_CC3_CC4,PBMC_PBMC_PBMC,no,no,no,no,no,no,no,8.71,613
NG039_PC731_WC73,NG039,NA,NA,PC731,AGTTCGTAAG,WC73,CCGAGTCTTC,NA,NG039_P2,human,CC1_CC3_CC4,PBMC_PBMC_PBMC,no,no,no,no,no,no,no,8.71,613
NG039_PC731_WC74,NG039,NA,NA,PC731,AGTTCGTAAG,WC74,TATTGCGCTA,NA,NG039_P2,human,CC1_CC3_CC4,PBMC_PBMC_PBMC,no,no,no,no,no,no,no,8.71,613
NG039_PC731_WC75,NG039,NA,NA,PC731,AGTTCGTAAG,WC75,TGTGGTCTAA,NA,NG039_P2,human,CC1_CC3_CC4,PBMC_PBMC_PBMC,no,no,no,no,no,no,no,8.71,613
NG039_PC731_WC76,NG039,NA,NA,PC731,AGTTCGTAAG,WC76,CACGTCTACG,NA,NG039_P2,human,CC1_CC3_CC4,PBMC_PBMC_PBMC,no,no,no,no,no,no,no,8.71,613
NG039_PC731_WC77,NG039,NA,NA,PC731,AGTTCGTAAG,WC77,AGTCCAGTGA,NA,NG039_P2,human,CC1_CC3_CC4,PBMC_PBMC_PBMC,no,no,no,no,no,no,no,8.71,613
NG039_PC731_WC78,NG039,NA,NA,PC731,AGTTCGTAAG,WC78,ATGCTTGGTC,NA,NG039_P2,human,CC1_CC3_CC4,PBMC_PBMC_PBMC,no,no,no,no,no,no,no,8.71,613
NG039_PC731_WC79,NG039,NA,NA,PC731,AGTTCGTAAG,WC79,TGATACTCGC,NA,NG039_P2,human,CC1_CC3_CC4,PBMC_PBMC_PBMC,no,no,no,no,no,no,no,8.71,613
NG039_PC731_WC80,NG039,NA,NA,PC731,AGTTCGTAAG,WC80,TTATCGAGAG,NA,NG039_P2,human,CC1_CC3_CC4,PBMC_PBMC_PBMC,no,no,no,no,no,no,no,8.71,613
NG039_PC731_WC81,NG039,NA,NA,PC731,AGTTCGTAAG,WC81,TGCCAGTATT,NA,NG039_P2,human,CC1_CC3_CC4,PBMC_PBMC_PBMC,no,no,no,no,no,no,no,8.71,613
NG039_PC731_WC82,NG039,NA,NA,PC731,AGTTCGTAAG,WC82,GAGTTGCATA,NA,NG039_P2,human,CC1_CC3_CC4,PBMC_PBMC_PBMC,no,no,no,no,no,no,no,8.71,613
NG039_PC731_WC83,NG039,NA,NA,PC731,AGTTCGTAAG,WC83,ACACTAGCAT,NA,NG039_P2,human,CC1_CC3_CC4,PBMC_PBMC_PBMC,no,no,no,no,no,no,no,8.71,613
NG039_PC731_WC84,NG039,NA,NA,PC731,AGTTCGTAAG,WC84,GTTCTAATGG,NA,NG039_P2,human,CC1_CC3_CC4,PBMC_PBMC_PBMC,no,no,no,no,no,no,no,8.71,613
NG039_PC731_WC85,NG039,NA,NA,PC731,AGTTCGTAAG,WC85,CGTTCACGTT,NA,NG039_P2,human,CC1_CC3_CC4,PBMC_PBMC_PBMC,no,no,no,no,no,no,no,8.71,613
NG039_PC731_WC86,NG039,NA,NA,PC731,AGTTCGTAAG,WC86,GACTGCGTTA,NA,NG039_P2,human,CC1_CC3_CC4,PBMC_PBMC_PBMC,no,no,no,no,no,no,no,8.71,613
NG039_PC731_WC87,NG039,NA,NA,PC731,AGTTCGTAAG,WC87,TGGCTTATGG,NA,NG039_P2,human,CC1_CC3_CC4,PBMC_PBMC_PBMC,no,no,no,no,no,no,no,8.71,613
NG039_PC731_WC88,NG039,NA,NA,PC731,AGTTCGTAAG,WC88,TCAGAGGCAC,NA,NG039_P2,human,CC1_CC3_CC4,PBMC_PBMC_PBMC,no,no,no,no,no,no,no,8.71,613
NG039_PC731_WC89,NG039,NA,NA,PC731,AGTTCGTAAG,WC89,CGCTAGGCTA,NA,NG039_P2,human,CC1_CC3_CC4,PBMC_PBMC_PBMC,no,no,no,no,no,no,no,8.71,613
NG039_PC731_WC90,NG039,NA,NA,PC731,AGTTCGTAAG,WC90,AACCGTAACA,NA,NG039_P2,human,CC1_CC3_CC4,PBMC_PBMC_PBMC,no,no,no,no,no,no,no,8.71,613
NG039_PC731_WC91,NG039,NA,NA,PC731,AGTTCGTAAG,WC91,CTTGGTATGA,NA,NG039_P2,human,CC1_CC3_CC4,PBMC_PBMC_PBMC,no,no,no,no,no,no,no,8.71,613
NG039_PC731_WC92,NG039,NA,NA,PC731,AGTTCGTAAG,WC92,TGTAGATCCG,NA,NG039_P2,human,CC1_CC3_CC4,PBMC_PBMC_PBMC,no,no,no,no,no,no,no,8.71,613
NG039_PC731_WC93,NG039,NA,NA,PC731,AGTTCGTAAG,WC93,AACTCTACCG,NA,NG039_P2,human,CC1_CC3_CC4,PBMC_PBMC_PBMC,no,no,no,no,no,no,no,8.71,613
NG039_PC731_WC94,NG039,NA,NA,PC731,AGTTCGTAAG,WC94,CGTGACATTC,NA,NG039_P2,human,CC1_CC3_CC4,PBMC_PBMC_PBMC,no,no,no,no,no,no,no,8.71,613
NG039_PC731_WC95,NG039,NA,NA,PC731,AGTTCGTAAG,WC95,CTGTACCAGG,NA,NG039_P2,human,CC1_CC3_CC4,PBMC_PBMC_PBMC,no,no,no,no,no,no,no,8.71,613
NG039_PC731_WC96,NG039,NA,NA,PC731,AGTTCGTAAG,WC96,ACTGGTTCCG,NA,NG039_P2,human,CC1_CC3_CC4,PBMC_PBMC_PBMC,no,no,no,no,no,no,no,8.71,613
NG039_PC733_WC1,NG039,NA,NA,PC733,TTGCCGTCGA,WC1,GTCGTGAATC,NA,NG039_P3,human,CC1_CC3_CC4,PBMC_PBMC_PBMC,no,no,no,no,no,no,no,6.73,624
NG039_PC733_WC2,NG039,NA,NA,PC733,TTGCCGTCGA,WC2,CTGTTCTACG,NA,NG039_P3,human,CC1_CC3_CC4,PBMC_PBMC_PBMC,no,no,no,no,no,no,no,6.73,624
NG039_PC733_WC3,NG039,NA,NA,PC733,TTGCCGTCGA,WC3,GCTCTTAGGT,NA,NG039_P3,human,CC1_CC3_CC4,PBMC_PBMC_PBMC,no,no,no,no,no,no,no,6.73,624
NG039_PC733_WC4,NG039,NA,NA,PC733,TTGCCGTCGA,WC4,TAGAAGCCAT,NA,NG039_P3,human,CC1_CC3_CC4,PBMC_PBMC_PBMC,no,no,no,no,no,no,no,6.73,624
NG039_PC733_WC5,NG039,NA,NA,PC733,TTGCCGTCGA,WC5,CACTTAGGTA,NA,NG039_P3,human,CC1_CC3_CC4,PBMC_PBMC_PBMC,no,no,no,no,no,no,no,6.73,624
NG039_PC733_WC6,NG039,NA,NA,PC733,TTGCCGTCGA,WC6,ATAGGTAAGG,NA,NG039_P3,human,CC1_CC3_CC4,PBMC_PBMC_PBMC,no,no,no,no,no,no,no,6.73,624
NG039_PC733_WC7,NG039,NA,NA,PC733,TTGCCGTCGA,WC7,CGCCTTATAT,NA,NG039_P3,human,CC1_CC3_CC4,PBMC_PBMC_PBMC,no,no,no,no,no,no,no,6.73,624
NG039_PC733_WC8,NG039,NA,NA,PC733,TTGCCGTCGA,WC8,GCACGATGCT,NA,NG039_P3,human,CC1_CC3_CC4,PBMC_PBMC_PBMC,no,no,no,no,no,no,no,6.73,624
NG039_PC733_WC9,NG039,NA,NA,PC733,TTGCCGTCGA,WC9,AATATGCCAG,NA,NG039_P3,human,CC1_CC3_CC4,PBMC_PBMC_PBMC,no,no,no,no,no,no,no,6.73,624
NG039_PC733_WC10,NG039,NA,NA,PC733,TTGCCGTCGA,WC10,TAGAGTCACG,NA,NG039_P3,human,CC1_CC3_CC4,PBMC_PBMC_PBMC,no,no,no,no,no,no,no,6.73,624
NG039_PC733_WC11,NG039,NA,NA,PC733,TTGCCGTCGA,WC11,TTAACAGGTC,NA,NG039_P3,human,CC1_CC3_CC4,PBMC_PBMC_PBMC,no,no,no,no,no,no,no,6.73,624
NG039_PC733_WC12,NG039,NA,NA,PC733,TTGCCGTCGA,WC12,ACATGAGCCA,NA,NG039_P3,human,CC1_CC3_CC4,PBMC_PBMC_PBMC,no,no,no,no,no,no,no,6.73,624
NG039_PC733_WC13,NG039,NA,NA,PC733,TTGCCGTCGA,WC13,GCGAGGTTCT,NA,NG039_P3,human,CC1_CC3_CC4,PBMC_PBMC_PBMC,no,no,no,no,no,no,no,6.73,624
NG039_PC733_WC14,NG039,NA,NA,PC733,TTGCCGTCGA,WC14,TGTCCGTAGG,NA,NG039_P3,human,CC1_CC3_CC4,PBMC_PBMC_PBMC,no,no,no,no,no,no,no,6.73,624
NG039_PC733_WC15,NG039,NA,NA,PC733,TTGCCGTCGA,WC15,CATTATGCCT,NA,NG039_P3,human,CC1_CC3_CC4,PBMC_PBMC_PBMC,no,no,no,no,no,no,no,6.73,624
NG039_PC733_WC16,NG039,NA,NA,PC733,TTGCCGTCGA,WC16,TCCACTGTTG,NA,NG039_P3,human,CC1_CC3_CC4,PBMC_PBMC_PBMC,no,no,no,no,no,no,no,6.73,624
NG039_PC733_WC17,NG039,NA,NA,PC733,TTGCCGTCGA,WC17,CTTAACGACA,NA,NG039_P3,human,CC1_CC3_CC4,PBMC_PBMC_PBMC,no,no,no,no,no,no,no,6.73,624
NG039_PC733_WC18,NG039,NA,NA,PC733,TTGCCGTCGA,WC18,TCCTCGAGCT,NA,NG039_P3,human,CC1_CC3_CC4,PBMC_PBMC_PBMC,no,no,no,no,no,no,no,6.73,624
NG039_PC733_WC19,NG039,NA,NA,PC733,TTGCCGTCGA,WC19,CGAGTAATGT,NA,NG039_P3,human,CC1_CC3_CC4,PBMC_PBMC_PBMC,no,no,no,no,no,no,no,6.73,624
NG039_PC733_WC20,NG039,NA,NA,PC733,TTGCCGTCGA,WC20,CATACCGCTG,NA,NG039_P3,human,CC1_CC3_CC4,PBMC_PBMC_PBMC,no,no,no,no,no,no,no,6.73,624
NG039_PC733_WC21,NG039,NA,NA,PC733,TTGCCGTCGA,WC21,GCTACTTGCA,NA,NG039_P3,human,CC1_CC3_CC4,PBMC_PBMC_PBMC,no,no,no,no,no,no,no,6.73,624
NG039_PC733_WC22,NG039,NA,NA,PC733,TTGCCGTCGA,WC22,GCTATTGAAG,NA,NG039_P3,human,CC1_CC3_CC4,PBMC_PBMC_PBMC,no,no,no,no,no,no,no,6.73,624
NG039_PC733_WC23,NG039,NA,NA,PC733,TTGCCGTCGA,WC23,TCAGCATCCG,NA,NG039_P3,human,CC1_CC3_CC4,PBMC_PBMC_PBMC,no,no,no,no,no,no,no,6.73,624
NG039_PC733_WC24,NG039,NA,NA,PC733,TTGCCGTCGA,WC24,TAGGTGGTGG,NA,NG039_P3,human,CC1_CC3_CC4,PBMC_PBMC_PBMC,no,no,no,no,no,no,no,6.73,624
NG039_PC733_WC25,NG039,NA,NA,PC733,TTGCCGTCGA,WC25,AAGATCGGAT,NA,NG039_P3,human,CC1_CC3_CC4,PBMC_PBMC_PBMC,no,no,no,no,no,no,no,6.73,624
NG039_PC733_WC26,NG039,NA,NA,PC733,TTGCCGTCGA,WC26,TTAACGTCCG,NA,NG039_P3,human,CC1_CC3_CC4,PBMC_PBMC_PBMC,no,no,no,no,no,no,no,6.73,624
NG039_PC733_WC27,NG039,NA,NA,PC733,TTGCCGTCGA,WC27,ATTACCGATC,NA,NG039_P3,human,CC1_CC3_CC4,PBMC_PBMC_PBMC,no,no,no,no,no,no,no,6.73,624
NG039_PC733_WC28,NG039,NA,NA,PC733,TTGCCGTCGA,WC28,GTTGCATCGT,NA,NG039_P3,human,CC1_CC3_CC4,PBMC_PBMC_PBMC,no,no,no,no,no,no,no,6.73,624
NG039_PC733_WC29,NG039,NA,NA,PC733,TTGCCGTCGA,WC29,ACTGGACGTT,NA,NG039_P3,human,CC1_CC3_CC4,PBMC_PBMC_PBMC,no,no,no,no,no,no,no,6.73,624
NG039_PC733_WC30,NG039,NA,NA,PC733,TTGCCGTCGA,WC30,TTGTTCGTGT,NA,NG039_P3,human,CC1_CC3_CC4,PBMC_PBMC_PBMC,no,no,no,no,no,no,no,6.73,624
NG039_PC733_WC31,NG039,NA,NA,PC733,TTGCCGTCGA,WC31,ACGGACTGAG,NA,NG039_P3,human,CC1_CC3_CC4,PBMC_PBMC_PBMC,no,no,no,no,no,no,no,6.73,624
NG039_PC733_WC32,NG039,NA,NA,PC733,TTGCCGTCGA,WC32,CACCGTCATA,NA,NG039_P3,human,CC1_CC3_CC4,PBMC_PBMC_PBMC,no,no,no,no,no,no,no,6.73,624
NG039_PC733_WC33,NG039,NA,NA,PC733,TTGCCGTCGA,WC33,GTAGTTGTGT,NA,NG039_P3,human,CC1_CC3_CC4,PBMC_PBMC_PBMC,no,no,no,no,no,no,no,6.73,624
NG039_PC733_WC34,NG039,NA,NA,PC733,TTGCCGTCGA,WC34,CTGAGTCCTT,NA,NG039_P3,human,CC1_CC3_CC4,PBMC_PBMC_PBMC,no,no,no,no,no,no,no,6.73,624
NG039_PC733_WC35,NG039,NA,NA,PC733,TTGCCGTCGA,WC35,TCACAGTTGC,NA,NG039_P3,human,CC1_CC3_CC4,PBMC_PBMC_PBMC,no,no,no,no,no,no,no,6.73,624
NG039_PC733_WC36,NG039,NA,NA,PC733,TTGCCGTCGA,WC36,ATTGTAAGCG,NA,NG039_P3,human,CC1_CC3_CC4,PBMC_PBMC_PBMC,no,no,no,no,no,no,no,6.73,624
NG039_PC733_WC37,NG039,NA,NA,PC733,TTGCCGTCGA,WC37,CGGTCTCTCT,NA,NG039_P3,human,CC1_CC3_CC4,PBMC_PBMC_PBMC,no,no,no,no,no,no,no,6.73,624
NG039_PC733_WC38,NG039,NA,NA,PC733,TTGCCGTCGA,WC38,AACAGCAATG,NA,NG039_P3,human,CC1_CC3_CC4,PBMC_PBMC_PBMC,no,no,no,no,no,no,no,6.73,624
NG039_PC733_WC39,NG039,NA,NA,PC733,TTGCCGTCGA,WC39,TCCGTGTTGC,NA,NG039_P3,human,CC1_CC3_CC4,PBMC_PBMC_PBMC,no,no,no,no,no,no,no,6.73,624
NG039_PC733_WC40,NG039,NA,NA,PC733,TTGCCGTCGA,WC40,TGCGAAGTGA,NA,NG039_P3,human,CC1_CC3_CC4,PBMC_PBMC_PBMC,no,no,no,no,no,no,no,6.73,624
NG039_PC733_WC41,NG039,NA,NA,PC733,TTGCCGTCGA,WC41,CACAGCTATT,NA,NG039_P3,human,CC1_CC3_CC4,PBMC_PBMC_PBMC,no,no,no,no,no,no,no,6.73,624
NG039_PC733_WC42,NG039,NA,NA,PC733,TTGCCGTCGA,WC42,GATAGTGTTC,NA,NG039_P3,human,CC1_CC3_CC4,PBMC_PBMC_PBMC,no,no,no,no,no,no,no,6.73,624
NG039_PC733_WC43,NG039,NA,NA,PC733,TTGCCGTCGA,WC43,TAGCTACCAG,NA,NG039_P3,human,CC1_CC3_CC4,PBMC_PBMC_PBMC,no,no,no,no,no,no,no,6.73,624
NG039_PC733_WC44,NG039,NA,NA,PC733,TTGCCGTCGA,WC44,TGCTCACGCA,NA,NG039_P3,human,CC1_CC3_CC4,PBMC_PBMC_PBMC,no,no,no,no,no,no,no,6.73,624
NG039_PC733_WC45,NG039,NA,NA,PC733,TTGCCGTCGA,WC45,AAGTGTGCTA,NA,NG039_P3,human,CC1_CC3_CC4,PBMC_PBMC_PBMC,no,no,no,no,no,no,no,6.73,624
NG039_PC733_WC46,NG039,NA,NA,PC733,TTGCCGTCGA,WC46,TCATCGTCTG,NA,NG039_P3,human,CC1_CC3_CC4,PBMC_PBMC_PBMC,no,no,no,no,no,no,no,6.73,624
NG039_PC733_WC47,NG039,NA,NA,PC733,TTGCCGTCGA,WC47,AGATGCTCCG,NA,NG039_P3,human,CC1_CC3_CC4,PBMC_PBMC_PBMC,no,no,no,no,no,no,no,6.73,624
NG039_PC733_WC48,NG039,NA,NA,PC733,TTGCCGTCGA,WC48,GAACCAAGCG,NA,NG039_P3,human,CC1_CC3_CC4,PBMC_PBMC_PBMC,no,no,no,no,no,no,no,6.73,624
NG039_PC733_WC49,NG039,NA,NA,PC733,TTGCCGTCGA,WC49,CCTCTTCAAG,NA,NG039_P3,human,CC1_CC3_CC4,PBMC_PBMC_PBMC,no,no,no,no,no,no,no,6.73,624
NG039_PC733_WC50,NG039,NA,NA,PC733,TTGCCGTCGA,WC50,CGTCGCATCT,NA,NG039_P3,human,CC1_CC3_CC4,PBMC_PBMC_PBMC,no,no,no,no,no,no,no,6.73,624
NG039_PC733_WC51,NG039,NA,NA,PC733,TTGCCGTCGA,WC51,CCGAACGTTC,NA,NG039_P3,human,CC1_CC3_CC4,PBMC_PBMC_PBMC,no,no,no,no,no,no,no,6.73,624
NG039_PC733_WC52,NG039,NA,NA,PC733,TTGCCGTCGA,WC52,GAATGGCGTT,NA,NG039_P3,human,CC1_CC3_CC4,PBMC_PBMC_PBMC,no,no,no,no,no,no,no,6.73,624
NG039_PC733_WC53,NG039,NA,NA,PC733,TTGCCGTCGA,WC53,AAGTTCAGGA,NA,NG039_P3,human,CC1_CC3_CC4,PBMC_PBMC_PBMC,no,no,no,no,no,no,no,6.73,624
NG039_PC733_WC54,NG039,NA,NA,PC733,TTGCCGTCGA,WC54,GACCAATTGT,NA,NG039_P3,human,CC1_CC3_CC4,PBMC_PBMC_PBMC,no,no,no,no,no,no,no,6.73,624
NG039_PC733_WC55,NG039,NA,NA,PC733,TTGCCGTCGA,WC55,TGTCTGTGAC,NA,NG039_P3,human,CC1_CC3_CC4,PBMC_PBMC_PBMC,no,no,no,no,no,no,no,6.73,624
NG039_PC733_WC56,NG039,NA,NA,PC733,TTGCCGTCGA,WC56,GAACATTGGC,NA,NG039_P3,human,CC1_CC3_CC4,PBMC_PBMC_PBMC,no,no,no,no,no,no,no,6.73,624
NG039_PC733_WC57,NG039,NA,NA,PC733,TTGCCGTCGA,WC57,CGTAACACTA,NA,NG039_P3,human,CC1_CC3_CC4,PBMC_PBMC_PBMC,no,no,no,no,no,no,no,6.73,624
NG039_PC733_WC58,NG039,NA,NA,PC733,TTGCCGTCGA,WC58,GTACTTCCAA,NA,NG039_P3,human,CC1_CC3_CC4,PBMC_PBMC_PBMC,no,no,no,no,no,no,no,6.73,624
NG039_PC733_WC59,NG039,NA,NA,PC733,TTGCCGTCGA,WC59,TTAGCGTCTT,NA,NG039_P3,human,CC1_CC3_CC4,PBMC_PBMC_PBMC,no,no,no,no,no,no,no,6.73,624
NG039_PC733_WC60,NG039,NA,NA,PC733,TTGCCGTCGA,WC60,TTGACCGTCT,NA,NG039_P3,human,CC1_CC3_CC4,PBMC_PBMC_PBMC,no,no,no,no,no,no,no,6.73,624
NG039_PC733_WC61,NG039,NA,NA,PC733,TTGCCGTCGA,WC61,ACGGCTTCTC,NA,NG039_P3,human,CC1_CC3_CC4,PBMC_PBMC_PBMC,no,no,no,no,no,no,no,6.73,624
NG039_PC733_WC62,NG039,NA,NA,PC733,TTGCCGTCGA,WC62,TGCGATGTAT,NA,NG039_P3,human,CC1_CC3_CC4,PBMC_PBMC_PBMC,no,no,no,no,no,no,no,6.73,624
NG039_PC733_WC63,NG039,NA,NA,PC733,TTGCCGTCGA,WC63,GCGTTCAGCA,NA,NG039_P3,human,CC1_CC3_CC4,PBMC_PBMC_PBMC,no,no,no,no,no,no,no,6.73,624
NG039_PC733_WC64,NG039,NA,NA,PC733,TTGCCGTCGA,WC64,GCCTAGGAAG,NA,NG039_P3,human,CC1_CC3_CC4,PBMC_PBMC_PBMC,no,no,no,no,no,no,no,6.73,624
NG039_PC733_WC65,NG039,NA,NA,PC733,TTGCCGTCGA,WC65,GTTACCAACG,NA,NG039_P3,human,CC1_CC3_CC4,PBMC_PBMC_PBMC,no,no,no,no,no,no,no,6.73,624
NG039_PC733_WC66,NG039,NA,NA,PC733,TTGCCGTCGA,WC66,ACGAACCAAG,NA,NG039_P3,human,CC1_CC3_CC4,PBMC_PBMC_PBMC,no,no,no,no,no,no,no,6.73,624
NG039_PC733_WC67,NG039,NA,NA,PC733,TTGCCGTCGA,WC67,CACGCAAGTC,NA,NG039_P3,human,CC1_CC3_CC4,PBMC_PBMC_PBMC,no,no,no,no,no,no,no,6.73,624
NG039_PC733_WC68,NG039,NA,NA,PC733,TTGCCGTCGA,WC68,GCTGGAGAAG,NA,NG039_P3,human,CC1_CC3_CC4,PBMC_PBMC_PBMC,no,no,no,no,no,no,no,6.73,624
NG039_PC733_WC69,NG039,NA,NA,PC733,TTGCCGTCGA,WC69,CCAGTGTACG,NA,NG039_P3,human,CC1_CC3_CC4,PBMC_PBMC_PBMC,no,no,no,no,no,no,no,6.73,624
NG039_PC733_WC70,NG039,NA,NA,PC733,TTGCCGTCGA,WC70,GTTGATGCGA,NA,NG039_P3,human,CC1_CC3_CC4,PBMC_PBMC_PBMC,no,no,no,no,no,no,no,6.73,624
NG039_PC733_WC71,NG039,NA,NA,PC733,TTGCCGTCGA,WC71,CGCTTGTTAT,NA,NG039_P3,human,CC1_CC3_CC4,PBMC_PBMC_PBMC,no,no,no,no,no,no,no,6.73,624
NG039_PC733_WC72,NG039,NA,NA,PC733,TTGCCGTCGA,WC72,GTAACGTTCA,NA,NG039_P3,human,CC1_CC3_CC4,PBMC_PBMC_PBMC,no,no,no,no,no,no,no,6.73,624
NG039_PC733_WC73,NG039,NA,NA,PC733,TTGCCGTCGA,WC73,CCGAGTCTTC,NA,NG039_P3,human,CC1_CC3_CC4,PBMC_PBMC_PBMC,no,no,no,no,no,no,no,6.73,624
NG039_PC733_WC74,NG039,NA,NA,PC733,TTGCCGTCGA,WC74,TATTGCGCTA,NA,NG039_P3,human,CC1_CC3_CC4,PBMC_PBMC_PBMC,no,no,no,no,no,no,no,6.73,624
NG039_PC733_WC75,NG039,NA,NA,PC733,TTGCCGTCGA,WC75,TGTGGTCTAA,NA,NG039_P3,human,CC1_CC3_CC4,PBMC_PBMC_PBMC,no,no,no,no,no,no,no,6.73,624
NG039_PC733_WC76,NG039,NA,NA,PC733,TTGCCGTCGA,WC76,CACGTCTACG,NA,NG039_P3,human,CC1_CC3_CC4,PBMC_PBMC_PBMC,no,no,no,no,no,no,no,6.73,624
NG039_PC733_WC77,NG039,NA,NA,PC733,TTGCCGTCGA,WC77,AGTCCAGTGA,NA,NG039_P3,human,CC1_CC3_CC4,PBMC_PBMC_PBMC,no,no,no,no,no,no,no,6.73,624
NG039_PC733_WC78,NG039,NA,NA,PC733,TTGCCGTCGA,WC78,ATGCTTGGTC,NA,NG039_P3,human,CC1_CC3_CC4,PBMC_PBMC_PBMC,no,no,no,no,no,no,no,6.73,624
NG039_PC733_WC79,NG039,NA,NA,PC733,TTGCCGTCGA,WC79,TGATACTCGC,NA,NG039_P3,human,CC1_CC3_CC4,PBMC_PBMC_PBMC,no,no,no,no,no,no,no,6.73,624
NG039_PC733_WC80,NG039,NA,NA,PC733,TTGCCGTCGA,WC80,TTATCGAGAG,NA,NG039_P3,human,CC1_CC3_CC4,PBMC_PBMC_PBMC,no,no,no,no,no,no,no,6.73,624
NG039_PC733_WC81,NG039,NA,NA,PC733,TTGCCGTCGA,WC81,TGCCAGTATT,NA,NG039_P3,human,CC1_CC3_CC4,PBMC_PBMC_PBMC,no,no,no,no,no,no,no,6.73,624
NG039_PC733_WC82,NG039,NA,NA,PC733,TTGCCGTCGA,WC82,GAGTTGCATA,NA,NG039_P3,human,CC1_CC3_CC4,PBMC_PBMC_PBMC,no,no,no,no,no,no,no,6.73,624
NG039_PC733_WC83,NG039,NA,NA,PC733,TTGCCGTCGA,WC83,ACACTAGCAT,NA,NG039_P3,human,CC1_CC3_CC4,PBMC_PBMC_PBMC,no,no,no,no,no,no,no,6.73,624
NG039_PC733_WC84,NG039,NA,NA,PC733,TTGCCGTCGA,WC84,GTTCTAATGG,NA,NG039_P3,human,CC1_CC3_CC4,PBMC_PBMC_PBMC,no,no,no,no,no,no,no,6.73,624
NG039_PC733_WC85,NG039,NA,NA,PC733,TTGCCGTCGA,WC85,CGTTCACGTT,NA,NG039_P3,human,CC1_CC3_CC4,PBMC_PBMC_PBMC,no,no,no,no,no,no,no,6.73,624
NG039_PC733_WC86,NG039,NA,NA,PC733,TTGCCGTCGA,WC86,GACTGCGTTA,NA,NG039_P3,human,CC1_CC3_CC4,PBMC_PBMC_PBMC,no,no,no,no,no,no,no,6.73,624
NG039_PC733_WC87,NG039,NA,NA,PC733,TTGCCGTCGA,WC87,TGGCTTATGG,NA,NG039_P3,human,CC1_CC3_CC4,PBMC_PBMC_PBMC,no,no,no,no,no,no,no,6.73,624
NG039_PC733_WC88,NG039,NA,NA,PC733,TTGCCGTCGA,WC88,TCAGAGGCAC,NA,NG039_P3,human,CC1_CC3_CC4,PBMC_PBMC_PBMC,no,no,no,no,no,no,no,6.73,624
NG039_PC733_WC89,NG039,NA,NA,PC733,TTGCCGTCGA,WC89,CGCTAGGCTA,NA,NG039_P3,human,CC1_CC3_CC4,PBMC_PBMC_PBMC,no,no,no,no,no,no,no,6.73,624
NG039_PC733_WC90,NG039,NA,NA,PC733,TTGCCGTCGA,WC90,AACCGTAACA,NA,NG039_P3,human,CC1_CC3_CC4,PBMC_PBMC_PBMC,no,no,no,no,no,no,no,6.73,624
NG039_PC733_WC91,NG039,NA,NA,PC733,TTGCCGTCGA,WC91,CTTGGTATGA,NA,NG039_P3,human,CC1_CC3_CC4,PBMC_PBMC_PBMC,no,no,no,no,no,no,no,6.73,624
NG039_PC733_WC92,NG039,NA,NA,PC733,TTGCCGTCGA,WC92,TGTAGATCCG,NA,NG039_P3,human,CC1_CC3_CC4,PBMC_PBMC_PBMC,no,no,no,no,no,no,no,6.73,624
NG039_PC733_WC93,NG039,NA,NA,PC733,TTGCCGTCGA,WC93,AACTCTACCG,NA,NG039_P3,human,CC1_CC3_CC4,PBMC_PBMC_PBMC,no,no,no,no,no,no,no,6.73,624
NG039_PC733_WC94,NG039,NA,NA,PC733,TTGCCGTCGA,WC94,CGTGACATTC,NA,NG039_P3,human,CC1_CC3_CC4,PBMC_PBMC_PBMC,no,no,no,no,no,no,no,6.73,624
NG039_PC733_WC95,NG039,NA,NA,PC733,TTGCCGTCGA,WC95,CTGTACCAGG,NA,NG039_P3,human,CC1_CC3_CC4,PBMC_PBMC_PBMC,no,no,no,no,no,no,no,6.73,624
NG039_PC733_WC96,NG039,NA,NA,PC733,TTGCCGTCGA,WC96,ACTGGTTCCG,NA,NG039_P3,human,CC1_CC3_CC4,PBMC_PBMC_PBMC,no,no,no,no,no,no,no,6.73,624
NG039_PC736_WC1,NG039,NA,NA,PC736,ATAGTAGGTC,WC1,GTCGTGAATC,NA,NG039_P4,human,CC1_CC3_CC4,PBMC_PBMC_PBMC,no,no,no,no,no,no,no,6.64,666
NG039_PC736_WC2,NG039,NA,NA,PC736,ATAGTAGGTC,WC2,CTGTTCTACG,NA,NG039_P4,human,CC1_CC3_CC4,PBMC_PBMC_PBMC,no,no,no,no,no,no,no,6.64,666
NG039_PC736_WC3,NG039,NA,NA,PC736,ATAGTAGGTC,WC3,GCTCTTAGGT,NA,NG039_P4,human,CC1_CC3_CC4,PBMC_PBMC_PBMC,no,no,no,no,no,no,no,6.64,666
NG039_PC736_WC4,NG039,NA,NA,PC736,ATAGTAGGTC,WC4,TAGAAGCCAT,NA,NG039_P4,human,CC1_CC3_CC4,PBMC_PBMC_PBMC,no,no,no,no,no,no,no,6.64,666
NG039_PC736_WC5,NG039,NA,NA,PC736,ATAGTAGGTC,WC5,CACTTAGGTA,NA,NG039_P4,human,CC1_CC3_CC4,PBMC_PBMC_PBMC,no,no,no,no,no,no,no,6.64,666
NG039_PC736_WC6,NG039,NA,NA,PC736,ATAGTAGGTC,WC6,ATAGGTAAGG,NA,NG039_P4,human,CC1_CC3_CC4,PBMC_PBMC_PBMC,no,no,no,no,no,no,no,6.64,666
NG039_PC736_WC7,NG039,NA,NA,PC736,ATAGTAGGTC,WC7,CGCCTTATAT,NA,NG039_P4,human,CC1_CC3_CC4,PBMC_PBMC_PBMC,no,no,no,no,no,no,no,6.64,666
NG039_PC736_WC8,NG039,NA,NA,PC736,ATAGTAGGTC,WC8,GCACGATGCT,NA,NG039_P4,human,CC1_CC3_CC4,PBMC_PBMC_PBMC,no,no,no,no,no,no,no,6.64,666
NG039_PC736_WC9,NG039,NA,NA,PC736,ATAGTAGGTC,WC9,AATATGCCAG,NA,NG039_P4,human,CC1_CC3_CC4,PBMC_PBMC_PBMC,no,no,no,no,no,no,no,6.64,666
NG039_PC736_WC10,NG039,NA,NA,PC736,ATAGTAGGTC,WC10,TAGAGTCACG,NA,NG039_P4,human,CC1_CC3_CC4,PBMC_PBMC_PBMC,no,no,no,no,no,no,no,6.64,666
NG039_PC736_WC11,NG039,NA,NA,PC736,ATAGTAGGTC,WC11,TTAACAGGTC,NA,NG039_P4,human,CC1_CC3_CC4,PBMC_PBMC_PBMC,no,no,no,no,no,no,no,6.64,666
NG039_PC736_WC12,NG039,NA,NA,PC736,ATAGTAGGTC,WC12,ACATGAGCCA,NA,NG039_P4,human,CC1_CC3_CC4,PBMC_PBMC_PBMC,no,no,no,no,no,no,no,6.64,666
NG039_PC736_WC13,NG039,NA,NA,PC736,ATAGTAGGTC,WC13,GCGAGGTTCT,NA,NG039_P4,human,CC1_CC3_CC4,PBMC_PBMC_PBMC,no,no,no,no,no,no,no,6.64,666
NG039_PC736_WC14,NG039,NA,NA,PC736,ATAGTAGGTC,WC14,TGTCCGTAGG,NA,NG039_P4,human,CC1_CC3_CC4,PBMC_PBMC_PBMC,no,no,no,no,no,no,no,6.64,666
NG039_PC736_WC15,NG039,NA,NA,PC736,ATAGTAGGTC,WC15,CATTATGCCT,NA,NG039_P4,human,CC1_CC3_CC4,PBMC_PBMC_PBMC,no,no,no,no,no,no,no,6.64,666
NG039_PC736_WC16,NG039,NA,NA,PC736,ATAGTAGGTC,WC16,TCCACTGTTG,NA,NG039_P4,human,CC1_CC3_CC4,PBMC_PBMC_PBMC,no,no,no,no,no,no,no,6.64,666
NG039_PC736_WC17,NG039,NA,NA,PC736,ATAGTAGGTC,WC17,CTTAACGACA,NA,NG039_P4,human,CC1_CC3_CC4,PBMC_PBMC_PBMC,no,no,no,no,no,no,no,6.64,666
NG039_PC736_WC18,NG039,NA,NA,PC736,ATAGTAGGTC,WC18,TCCTCGAGCT,NA,NG039_P4,human,CC1_CC3_CC4,PBMC_PBMC_PBMC,no,no,no,no,no,no,no,6.64,666
NG039_PC736_WC19,NG039,NA,NA,PC736,ATAGTAGGTC,WC19,CGAGTAATGT,NA,NG039_P4,human,CC1_CC3_CC4,PBMC_PBMC_PBMC,no,no,no,no,no,no,no,6.64,666
NG039_PC736_WC20,NG039,NA,NA,PC736,ATAGTAGGTC,WC20,CATACCGCTG,NA,NG039_P4,human,CC1_CC3_CC4,PBMC_PBMC_PBMC,no,no,no,no,no,no,no,6.64,666
NG039_PC736_WC21,NG039,NA,NA,PC736,ATAGTAGGTC,WC21,GCTACTTGCA,NA,NG039_P4,human,CC1_CC3_CC4,PBMC_PBMC_PBMC,no,no,no,no,no,no,no,6.64,666
NG039_PC736_WC22,NG039,NA,NA,PC736,ATAGTAGGTC,WC22,GCTATTGAAG,NA,NG039_P4,human,CC1_CC3_CC4,PBMC_PBMC_PBMC,no,no,no,no,no,no,no,6.64,666
NG039_PC736_WC23,NG039,NA,NA,PC736,ATAGTAGGTC,WC23,TCAGCATCCG,NA,NG039_P4,human,CC1_CC3_CC4,PBMC_PBMC_PBMC,no,no,no,no,no,no,no,6.64,666
NG039_PC736_WC24,NG039,NA,NA,PC736,ATAGTAGGTC,WC24,TAGGTGGTGG,NA,NG039_P4,human,CC1_CC3_CC4,PBMC_PBMC_PBMC,no,no,no,no,no,no,no,6.64,666
NG039_PC736_WC25,NG039,NA,NA,PC736,ATAGTAGGTC,WC25,AAGATCGGAT,NA,NG039_P4,human,CC1_CC3_CC4,PBMC_PBMC_PBMC,no,no,no,no,no,no,no,6.64,666
NG039_PC736_WC26,NG039,NA,NA,PC736,ATAGTAGGTC,WC26,TTAACGTCCG,NA,NG039_P4,human,CC1_CC3_CC4,PBMC_PBMC_PBMC,no,no,no,no,no,no,no,6.64,666
NG039_PC736_WC27,NG039,NA,NA,PC736,ATAGTAGGTC,WC27,ATTACCGATC,NA,NG039_P4,human,CC1_CC3_CC4,PBMC_PBMC_PBMC,no,no,no,no,no,no,no,6.64,666
NG039_PC736_WC28,NG039,NA,NA,PC736,ATAGTAGGTC,WC28,GTTGCATCGT,NA,NG039_P4,human,CC1_CC3_CC4,PBMC_PBMC_PBMC,no,no,no,no,no,no,no,6.64,666
NG039_PC736_WC29,NG039,NA,NA,PC736,ATAGTAGGTC,WC29,ACTGGACGTT,NA,NG039_P4,human,CC1_CC3_CC4,PBMC_PBMC_PBMC,no,no,no,no,no,no,no,6.64,666
NG039_PC736_WC30,NG039,NA,NA,PC736,ATAGTAGGTC,WC30,TTGTTCGTGT,NA,NG039_P4,human,CC1_CC3_CC4,PBMC_PBMC_PBMC,no,no,no,no,no,no,no,6.64,666
NG039_PC736_WC31,NG039,NA,NA,PC736,ATAGTAGGTC,WC31,ACGGACTGAG,NA,NG039_P4,human,CC1_CC3_CC4,PBMC_PBMC_PBMC,no,no,no,no,no,no,no,6.64,666
NG039_PC736_WC32,NG039,NA,NA,PC736,ATAGTAGGTC,WC32,CACCGTCATA,NA,NG039_P4,human,CC1_CC3_CC4,PBMC_PBMC_PBMC,no,no,no,no,no,no,no,6.64,666
NG039_PC736_WC33,NG039,NA,NA,PC736,ATAGTAGGTC,WC33,GTAGTTGTGT,NA,NG039_P4,human,CC1_CC3_CC4,PBMC_PBMC_PBMC,no,no,no,no,no,no,no,6.64,666
NG039_PC736_WC34,NG039,NA,NA,PC736,ATAGTAGGTC,WC34,CTGAGTCCTT,NA,NG039_P4,human,CC1_CC3_CC4,PBMC_PBMC_PBMC,no,no,no,no,no,no,no,6.64,666
NG039_PC736_WC35,NG039,NA,NA,PC736,ATAGTAGGTC,WC35,TCACAGTTGC,NA,NG039_P4,human,CC1_CC3_CC4,PBMC_PBMC_PBMC,no,no,no,no,no,no,no,6.64,666
NG039_PC736_WC36,NG039,NA,NA,PC736,ATAGTAGGTC,WC36,ATTGTAAGCG,NA,NG039_P4,human,CC1_CC3_CC4,PBMC_PBMC_PBMC,no,no,no,no,no,no,no,6.64,666
NG039_PC736_WC37,NG039,NA,NA,PC736,ATAGTAGGTC,WC37,CGGTCTCTCT,NA,NG039_P4,human,CC1_CC3_CC4,PBMC_PBMC_PBMC,no,no,no,no,no,no,no,6.64,666
NG039_PC736_WC38,NG039,NA,NA,PC736,ATAGTAGGTC,WC38,AACAGCAATG,NA,NG039_P4,human,CC1_CC3_CC4,PBMC_PBMC_PBMC,no,no,no,no,no,no,no,6.64,666
NG039_PC736_WC39,NG039,NA,NA,PC736,ATAGTAGGTC,WC39,TCCGTGTTGC,NA,NG039_P4,human,CC1_CC3_CC4,PBMC_PBMC_PBMC,no,no,no,no,no,no,no,6.64,666
NG039_PC736_WC40,NG039,NA,NA,PC736,ATAGTAGGTC,WC40,TGCGAAGTGA,NA,NG039_P4,human,CC1_CC3_CC4,PBMC_PBMC_PBMC,no,no,no,no,no,no,no,6.64,666
NG039_PC736_WC41,NG039,NA,NA,PC736,ATAGTAGGTC,WC41,CACAGCTATT,NA,NG039_P4,human,CC1_CC3_CC4,PBMC_PBMC_PBMC,no,no,no,no,no,no,no,6.64,666
NG039_PC736_WC42,NG039,NA,NA,PC736,ATAGTAGGTC,WC42,GATAGTGTTC,NA,NG039_P4,human,CC1_CC3_CC4,PBMC_PBMC_PBMC,no,no,no,no,no,no,no,6.64,666
NG039_PC736_WC43,NG039,NA,NA,PC736,ATAGTAGGTC,WC43,TAGCTACCAG,NA,NG039_P4,human,CC1_CC3_CC4,PBMC_PBMC_PBMC,no,no,no,no,no,no,no,6.64,666
NG039_PC736_WC44,NG039,NA,NA,PC736,ATAGTAGGTC,WC44,TGCTCACGCA,NA,NG039_P4,human,CC1_CC3_CC4,PBMC_PBMC_PBMC,no,no,no,no,no,no,no,6.64,666
NG039_PC736_WC45,NG039,NA,NA,PC736,ATAGTAGGTC,WC45,AAGTGTGCTA,NA,NG039_P4,human,CC1_CC3_CC4,PBMC_PBMC_PBMC,no,no,no,no,no,no,no,6.64,666
NG039_PC736_WC46,NG039,NA,NA,PC736,ATAGTAGGTC,WC46,TCATCGTCTG,NA,NG039_P4,human,CC1_CC3_CC4,PBMC_PBMC_PBMC,no,no,no,no,no,no,no,6.64,666
NG039_PC736_WC47,NG039,NA,NA,PC736,ATAGTAGGTC,WC47,AGATGCTCCG,NA,NG039_P4,human,CC1_CC3_CC4,PBMC_PBMC_PBMC,no,no,no,no,no,no,no,6.64,666
NG039_PC736_WC48,NG039,NA,NA,PC736,ATAGTAGGTC,WC48,GAACCAAGCG,NA,NG039_P4,human,CC1_CC3_CC4,PBMC_PBMC_PBMC,no,no,no,no,no,no,no,6.64,666
NG039_PC736_WC49,NG039,NA,NA,PC736,ATAGTAGGTC,WC49,CCTCTTCAAG,NA,NG039_P4,human,CC1_CC3_CC4,PBMC_PBMC_PBMC,no,no,no,no,no,no,no,6.64,666
NG039_PC736_WC50,NG039,NA,NA,PC736,ATAGTAGGTC,WC50,CGTCGCATCT,NA,NG039_P4,human,CC1_CC3_CC4,PBMC_PBMC_PBMC,no,no,no,no,no,no,no,6.64,666
NG039_PC736_WC51,NG039,NA,NA,PC736,ATAGTAGGTC,WC51,CCGAACGTTC,NA,NG039_P4,human,CC1_CC3_CC4,PBMC_PBMC_PBMC,no,no,no,no,no,no,no,6.64,666
NG039_PC736_WC52,NG039,NA,NA,PC736,ATAGTAGGTC,WC52,GAATGGCGTT,NA,NG039_P4,human,CC1_CC3_CC4,PBMC_PBMC_PBMC,no,no,no,no,no,no,no,6.64,666
NG039_PC736_WC53,NG039,NA,NA,PC736,ATAGTAGGTC,WC53,AAGTTCAGGA,NA,NG039_P4,human,CC1_CC3_CC4,PBMC_PBMC_PBMC,no,no,no,no,no,no,no,6.64,666
NG039_PC736_WC54,NG039,NA,NA,PC736,ATAGTAGGTC,WC54,GACCAATTGT,NA,NG039_P4,human,CC1_CC3_CC4,PBMC_PBMC_PBMC,no,no,no,no,no,no,no,6.64,666
NG039_PC736_WC55,NG039,NA,NA,PC736,ATAGTAGGTC,WC55,TGTCTGTGAC,NA,NG039_P4,human,CC1_CC3_CC4,PBMC_PBMC_PBMC,no,no,no,no,no,no,no,6.64,666
NG039_PC736_WC56,NG039,NA,NA,PC736,ATAGTAGGTC,WC56,GAACATTGGC,NA,NG039_P4,human,CC1_CC3_CC4,PBMC_PBMC_PBMC,no,no,no,no,no,no,no,6.64,666
NG039_PC736_WC57,NG039,NA,NA,PC736,ATAGTAGGTC,WC57,CGTAACACTA,NA,NG039_P4,human,CC1_CC3_CC4,PBMC_PBMC_PBMC,no,no,no,no,no,no,no,6.64,666
NG039_PC736_WC58,NG039,NA,NA,PC736,ATAGTAGGTC,WC58,GTACTTCCAA,NA,NG039_P4,human,CC1_CC3_CC4,PBMC_PBMC_PBMC,no,no,no,no,no,no,no,6.64,666
NG039_PC736_WC59,NG039,NA,NA,PC736,ATAGTAGGTC,WC59,TTAGCGTCTT,NA,NG039_P4,human,CC1_CC3_CC4,PBMC_PBMC_PBMC,no,no,no,no,no,no,no,6.64,666
NG039_PC736_WC60,NG039,NA,NA,PC736,ATAGTAGGTC,WC60,TTGACCGTCT,NA,NG039_P4,human,CC1_CC3_CC4,PBMC_PBMC_PBMC,no,no,no,no,no,no,no,6.64,666
NG039_PC736_WC61,NG039,NA,NA,PC736,ATAGTAGGTC,WC61,ACGGCTTCTC,NA,NG039_P4,human,CC1_CC3_CC4,PBMC_PBMC_PBMC,no,no,no,no,no,no,no,6.64,666
NG039_PC736_WC62,NG039,NA,NA,PC736,ATAGTAGGTC,WC62,TGCGATGTAT,NA,NG039_P4,human,CC1_CC3_CC4,PBMC_PBMC_PBMC,no,no,no,no,no,no,no,6.64,666
NG039_PC736_WC63,NG039,NA,NA,PC736,ATAGTAGGTC,WC63,GCGTTCAGCA,NA,NG039_P4,human,CC1_CC3_CC4,PBMC_PBMC_PBMC,no,no,no,no,no,no,no,6.64,666
NG039_PC736_WC64,NG039,NA,NA,PC736,ATAGTAGGTC,WC64,GCCTAGGAAG,NA,NG039_P4,human,CC1_CC3_CC4,PBMC_PBMC_PBMC,no,no,no,no,no,no,no,6.64,666
NG039_PC736_WC65,NG039,NA,NA,PC736,ATAGTAGGTC,WC65,GTTACCAACG,NA,NG039_P4,human,CC1_CC3_CC4,PBMC_PBMC_PBMC,no,no,no,no,no,no,no,6.64,666
NG039_PC736_WC66,NG039,NA,NA,PC736,ATAGTAGGTC,WC66,ACGAACCAAG,NA,NG039_P4,human,CC1_CC3_CC4,PBMC_PBMC_PBMC,no,no,no,no,no,no,no,6.64,666
NG039_PC736_WC67,NG039,NA,NA,PC736,ATAGTAGGTC,WC67,CACGCAAGTC,NA,NG039_P4,human,CC1_CC3_CC4,PBMC_PBMC_PBMC,no,no,no,no,no,no,no,6.64,666
NG039_PC736_WC68,NG039,NA,NA,PC736,ATAGTAGGTC,WC68,GCTGGAGAAG,NA,NG039_P4,human,CC1_CC3_CC4,PBMC_PBMC_PBMC,no,no,no,no,no,no,no,6.64,666
NG039_PC736_WC69,NG039,NA,NA,PC736,ATAGTAGGTC,WC69,CCAGTGTACG,NA,NG039_P4,human,CC1_CC3_CC4,PBMC_PBMC_PBMC,no,no,no,no,no,no,no,6.64,666
NG039_PC736_WC70,NG039,NA,NA,PC736,ATAGTAGGTC,WC70,GTTGATGCGA,NA,NG039_P4,human,CC1_CC3_CC4,PBMC_PBMC_PBMC,no,no,no,no,no,no,no,6.64,666
NG039_PC736_WC71,NG039,NA,NA,PC736,ATAGTAGGTC,WC71,CGCTTGTTAT,NA,NG039_P4,human,CC1_CC3_CC4,PBMC_PBMC_PBMC,no,no,no,no,no,no,no,6.64,666
NG039_PC736_WC72,NG039,NA,NA,PC736,ATAGTAGGTC,WC72,GTAACGTTCA,NA,NG039_P4,human,CC1_CC3_CC4,PBMC_PBMC_PBMC,no,no,no,no,no,no,no,6.64,666
NG039_PC736_WC73,NG039,NA,NA,PC736,ATAGTAGGTC,WC73,CCGAGTCTTC,NA,NG039_P4,human,CC1_CC3_CC4,PBMC_PBMC_PBMC,no,no,no,no,no,no,no,6.64,666
NG039_PC736_WC74,NG039,NA,NA,PC736,ATAGTAGGTC,WC74,TATTGCGCTA,NA,NG039_P4,human,CC1_CC3_CC4,PBMC_PBMC_PBMC,no,no,no,no,no,no,no,6.64,666
NG039_PC736_WC75,NG039,NA,NA,PC736,ATAGTAGGTC,WC75,TGTGGTCTAA,NA,NG039_P4,human,CC1_CC3_CC4,PBMC_PBMC_PBMC,no,no,no,no,no,no,no,6.64,666
NG039_PC736_WC76,NG039,NA,NA,PC736,ATAGTAGGTC,WC76,CACGTCTACG,NA,NG039_P4,human,CC1_CC3_CC4,PBMC_PBMC_PBMC,no,no,no,no,no,no,no,6.64,666
NG039_PC736_WC77,NG039,NA,NA,PC736,ATAGTAGGTC,WC77,AGTCCAGTGA,NA,NG039_P4,human,CC1_CC3_CC4,PBMC_PBMC_PBMC,no,no,no,no,no,no,no,6.64,666
NG039_PC736_WC78,NG039,NA,NA,PC736,ATAGTAGGTC,WC78,ATGCTTGGTC,NA,NG039_P4,human,CC1_CC3_CC4,PBMC_PBMC_PBMC,no,no,no,no,no,no,no,6.64,666
NG039_PC736_WC79,NG039,NA,NA,PC736,ATAGTAGGTC,WC79,TGATACTCGC,NA,NG039_P4,human,CC1_CC3_CC4,PBMC_PBMC_PBMC,no,no,no,no,no,no,no,6.64,666
NG039_PC736_WC80,NG039,NA,NA,PC736,ATAGTAGGTC,WC80,TTATCGAGAG,NA,NG039_P4,human,CC1_CC3_CC4,PBMC_PBMC_PBMC,no,no,no,no,no,no,no,6.64,666
NG039_PC736_WC81,NG039,NA,NA,PC736,ATAGTAGGTC,WC81,TGCCAGTATT,NA,NG039_P4,human,CC1_CC3_CC4,PBMC_PBMC_PBMC,no,no,no,no,no,no,no,6.64,666
NG039_PC736_WC82,NG039,NA,NA,PC736,ATAGTAGGTC,WC82,GAGTTGCATA,NA,NG039_P4,human,CC1_CC3_CC4,PBMC_PBMC_PBMC,no,no,no,no,no,no,no,6.64,666
NG039_PC736_WC83,NG039,NA,NA,PC736,ATAGTAGGTC,WC83,ACACTAGCAT,NA,NG039_P4,human,CC1_CC3_CC4,PBMC_PBMC_PBMC,no,no,no,no,no,no,no,6.64,666
NG039_PC736_WC84,NG039,NA,NA,PC736,ATAGTAGGTC,WC84,GTTCTAATGG,NA,NG039_P4,human,CC1_CC3_CC4,PBMC_PBMC_PBMC,no,no,no,no,no,no,no,6.64,666
NG039_PC736_WC85,NG039,NA,NA,PC736,ATAGTAGGTC,WC85,CGTTCACGTT,NA,NG039_P4,human,CC1_CC3_CC4,PBMC_PBMC_PBMC,no,no,no,no,no,no,no,6.64,666
NG039_PC736_WC86,NG039,NA,NA,PC736,ATAGTAGGTC,WC86,GACTGCGTTA,NA,NG039_P4,human,CC1_CC3_CC4,PBMC_PBMC_PBMC,no,no,no,no,no,no,no,6.64,666
NG039_PC736_WC87,NG039,NA,NA,PC736,ATAGTAGGTC,WC87,TGGCTTATGG,NA,NG039_P4,human,CC1_CC3_CC4,PBMC_PBMC_PBMC,no,no,no,no,no,no,no,6.64,666
NG039_PC736_WC88,NG039,NA,NA,PC736,ATAGTAGGTC,WC88,TCAGAGGCAC,NA,NG039_P4,human,CC1_CC3_CC4,PBMC_PBMC_PBMC,no,no,no,no,no,no,no,6.64,666
NG039_PC736_WC89,NG039,NA,NA,PC736,ATAGTAGGTC,WC89,CGCTAGGCTA,NA,NG039_P4,human,CC1_CC3_CC4,PBMC_PBMC_PBMC,no,no,no,no,no,no,no,6.64,666
NG039_PC736_WC90,NG039,NA,NA,PC736,ATAGTAGGTC,WC90,AACCGTAACA,NA,NG039_P4,human,CC1_CC3_CC4,PBMC_PBMC_PBMC,no,no,no,no,no,no,no,6.64,666
NG039_PC736_WC91,NG039,NA,NA,PC736,ATAGTAGGTC,WC91,CTTGGTATGA,NA,NG039_P4,human,CC1_CC3_CC4,PBMC_PBMC_PBMC,no,no,no,no,no,no,no,6.64,666
NG039_PC736_WC92,NG039,NA,NA,PC736,ATAGTAGGTC,WC92,TGTAGATCCG,NA,NG039_P4,human,CC1_CC3_CC4,PBMC_PBMC_PBMC,no,no,no,no,no,no,no,6.64,666
NG039_PC736_WC93,NG039,NA,NA,PC736,ATAGTAGGTC,WC93,AACTCTACCG,NA,NG039_P4,human,CC1_CC3_CC4,PBMC_PBMC_PBMC,no,no,no,no,no,no,no,6.64,666
NG039_PC736_WC94,NG039,NA,NA,PC736,ATAGTAGGTC,WC94,CGTGACATTC,NA,NG039_P4,human,CC1_CC3_CC4,PBMC_PBMC_PBMC,no,no,no,no,no,no,no,6.64,666
NG039_PC736_WC95,NG039,NA,NA,PC736,ATAGTAGGTC,WC95,CTGTACCAGG,NA,NG039_P4,human,CC1_CC3_CC4,PBMC_PBMC_PBMC,no,no,no,no,no,no,no,6.64,666
NG039_PC736_WC96,NG039,NA,NA,PC736,ATAGTAGGTC,WC96,ACTGGTTCCG,NA,NG039_P4,human,CC1_CC3_CC4,PBMC_PBMC_PBMC,no,no,no,no,no,no,no,6.64,666
JP247_PC712_WC1,JP247,NA,NA,PC712,ACGTGAGGAA,WC1,GTCGTGAATC,NA,JP247_P1,human_droso,CC5_CC6_CC7_CC8,PBMC_PBMC_PBMC_PBMC,no,no,no,no,UnclearDropletEjection,CC8,84_96,11.2,526
JP247_PC712_WC2,JP247,NA,NA,PC712,ACGTGAGGAA,WC2,CTGTTCTACG,NA,JP247_P1,human_droso,CC5_CC6_CC7_CC8,PBMC_PBMC_PBMC_PBMC,no,no,no,no,UnclearDropletEjection,CC8,84_96,11.2,526
JP247_PC712_WC3,JP247,NA,NA,PC712,ACGTGAGGAA,WC3,GCTCTTAGGT,NA,JP247_P1,human_droso,CC5_CC6_CC7_CC8,PBMC_PBMC_PBMC_PBMC,no,no,no,no,UnclearDropletEjection,CC8,84_96,11.2,526
JP247_PC712_WC4,JP247,NA,NA,PC712,ACGTGAGGAA,WC4,TAGAAGCCAT,NA,JP247_P1,human_droso,CC5_CC6_CC7_CC8,PBMC_PBMC_PBMC_PBMC,no,no,no,no,UnclearDropletEjection,CC8,84_96,11.2,526
JP247_PC712_WC5,JP247,NA,NA,PC712,ACGTGAGGAA,WC5,CACTTAGGTA,NA,JP247_P1,human_droso,CC5_CC6_CC7_CC8,PBMC_PBMC_PBMC_PBMC,no,no,no,no,UnclearDropletEjection,CC8,84_96,11.2,526
JP247_PC712_WC6,JP247,NA,NA,PC712,ACGTGAGGAA,WC6,ATAGGTAAGG,NA,JP247_P1,human_droso,CC5_CC6_CC7_CC8,PBMC_PBMC_PBMC_PBMC,no,no,no,no,UnclearDropletEjection,CC8,84_96,11.2,526
JP247_PC712_WC7,JP247,NA,NA,PC712,ACGTGAGGAA,WC7,CGCCTTATAT,NA,JP247_P1,human_droso,CC5_CC6_CC7_CC8,PBMC_PBMC_PBMC_PBMC,no,no,no,no,UnclearDropletEjection,CC8,84_96,11.2,526
JP247_PC712_WC8,JP247,NA,NA,PC712,ACGTGAGGAA,WC8,GCACGATGCT,NA,JP247_P1,human_droso,CC5_CC6_CC7_CC8,PBMC_PBMC_PBMC_PBMC,no,no,no,no,UnclearDropletEjection,CC8,84_96,11.2,526
JP247_PC712_WC9,JP247,NA,NA,PC712,ACGTGAGGAA,WC9,AATATGCCAG,NA,JP247_P1,human_droso,CC5_CC6_CC7_CC8,PBMC_PBMC_PBMC_PBMC,no,no,no,no,UnclearDropletEjection,CC8,84_96,11.2,526
JP247_PC712_WC10,JP247,NA,NA,PC712,ACGTGAGGAA,WC10,TAGAGTCACG,NA,JP247_P1,human_droso,CC5_CC6_CC7_CC8,PBMC_PBMC_PBMC_PBMC,no,no,no,no,UnclearDropletEjection,CC8,84_96,11.2,526
JP247_PC712_WC11,JP247,NA,NA,PC712,ACGTGAGGAA,WC11,TTAACAGGTC,NA,JP247_P1,human_droso,CC5_CC6_CC7_CC8,PBMC_PBMC_PBMC_PBMC,no,no,no,no,UnclearDropletEjection,CC8,84_96,11.2,526
JP247_PC712_WC12,JP247,NA,NA,PC712,ACGTGAGGAA,WC12,ACATGAGCCA,NA,JP247_P1,human_droso,CC5_CC6_CC7_CC8,PBMC_PBMC_PBMC_PBMC,no,no,no,no,UnclearDropletEjection,CC8,84_96,11.2,526
JP247_PC712_WC13,JP247,NA,NA,PC712,ACGTGAGGAA,WC13,GCGAGGTTCT,NA,JP247_P1,human_droso,CC5_CC6_CC7_CC8,PBMC_PBMC_PBMC_PBMC,no,no,no,no,UnclearDropletEjection,CC8,84_96,11.2,526
JP247_PC712_WC14,JP247,NA,NA,PC712,ACGTGAGGAA,WC14,TGTCCGTAGG,NA,JP247_P1,human_droso,CC5_CC6_CC7_CC8,PBMC_PBMC_PBMC_PBMC,no,no,no,no,UnclearDropletEjection,CC8,84_96,11.2,526
JP247_PC712_WC15,JP247,NA,NA,PC712,ACGTGAGGAA,WC15,CATTATGCCT,NA,JP247_P1,human_droso,CC5_CC6_CC7_CC8,PBMC_PBMC_PBMC_PBMC,no,no,no,no,UnclearDropletEjection,CC8,84_96,11.2,526
JP247_PC712_WC16,JP247,NA,NA,PC712,ACGTGAGGAA,WC16,TCCACTGTTG,NA,JP247_P1,human_droso,CC5_CC6_CC7_CC8,PBMC_PBMC_PBMC_PBMC,no,no,no,no,UnclearDropletEjection,CC8,84_96,11.2,526
JP247_PC712_WC17,JP247,NA,NA,PC712,ACGTGAGGAA,WC17,CTTAACGACA,NA,JP247_P1,human_droso,CC5_CC6_CC7_CC8,PBMC_PBMC_PBMC_PBMC,no,no,no,no,UnclearDropletEjection,CC8,84_96,11.2,526
JP247_PC712_WC18,JP247,NA,NA,PC712,ACGTGAGGAA,WC18,TCCTCGAGCT,NA,JP247_P1,human_droso,CC5_CC6_CC7_CC8,PBMC_PBMC_PBMC_PBMC,no,no,no,no,UnclearDropletEjection,CC8,84_96,11.2,526
JP247_PC712_WC19,JP247,NA,NA,PC712,ACGTGAGGAA,WC19,CGAGTAATGT,NA,JP247_P1,human_droso,CC5_CC6_CC7_CC8,PBMC_PBMC_PBMC_PBMC,no,no,no,no,UnclearDropletEjection,CC8,84_96,11.2,526
JP247_PC712_WC20,JP247,NA,NA,PC712,ACGTGAGGAA,WC20,CATACCGCTG,NA,JP247_P1,human_droso,CC5_CC6_CC7_CC8,PBMC_PBMC_PBMC_PBMC,no,no,no,no,UnclearDropletEjection,CC8,84_96,11.2,526
JP247_PC712_WC21,JP247,NA,NA,PC712,ACGTGAGGAA,WC21,GCTACTTGCA,NA,JP247_P1,human_droso,CC5_CC6_CC7_CC8,PBMC_PBMC_PBMC_PBMC,no,no,no,no,UnclearDropletEjection,CC8,84_96,11.2,526
JP247_PC712_WC22,JP247,NA,NA,PC712,ACGTGAGGAA,WC22,GCTATTGAAG,NA,JP247_P1,human_droso,CC5_CC6_CC7_CC8,PBMC_PBMC_PBMC_PBMC,no,no,no,no,UnclearDropletEjection,CC8,84_96,11.2,526
JP247_PC712_WC23,JP247,NA,NA,PC712,ACGTGAGGAA,WC23,TCAGCATCCG,NA,JP247_P1,human_droso,CC5_CC6_CC7_CC8,PBMC_PBMC_PBMC_PBMC,no,no,no,no,UnclearDropletEjection,CC8,84_96,11.2,526
JP247_PC712_WC24,JP247,NA,NA,PC712,ACGTGAGGAA,WC24,TAGGTGGTGG,NA,JP247_P1,human_droso,CC5_CC6_CC7_CC8,PBMC_PBMC_PBMC_PBMC,no,no,no,no,UnclearDropletEjection,CC8,84_96,11.2,526
JP247_PC712_WC25,JP247,NA,NA,PC712,ACGTGAGGAA,WC25,AAGATCGGAT,NA,JP247_P1,human_droso,CC5_CC6_CC7_CC8,PBMC_PBMC_PBMC_PBMC,no,no,no,no,UnclearDropletEjection,CC8,84_96,11.2,526
JP247_PC712_WC26,JP247,NA,NA,PC712,ACGTGAGGAA,WC26,TTAACGTCCG,NA,JP247_P1,human_droso,CC5_CC6_CC7_CC8,PBMC_PBMC_PBMC_PBMC,no,no,no,no,UnclearDropletEjection,CC8,84_96,11.2,526
JP247_PC712_WC27,JP247,NA,NA,PC712,ACGTGAGGAA,WC27,ATTACCGATC,NA,JP247_P1,human_droso,CC5_CC6_CC7_CC8,PBMC_PBMC_PBMC_PBMC,no,no,no,no,UnclearDropletEjection,CC8,84_96,11.2,526
JP247_PC712_WC28,JP247,NA,NA,PC712,ACGTGAGGAA,WC28,GTTGCATCGT,NA,JP247_P1,human_droso,CC5_CC6_CC7_CC8,PBMC_PBMC_PBMC_PBMC,no,no,no,no,UnclearDropletEjection,CC8,84_96,11.2,526
JP247_PC712_WC29,JP247,NA,NA,PC712,ACGTGAGGAA,WC29,ACTGGACGTT,NA,JP247_P1,human_droso,CC5_CC6_CC7_CC8,PBMC_PBMC_PBMC_PBMC,no,no,no,no,UnclearDropletEjection,CC8,84_96,11.2,526
JP247_PC712_WC30,JP247,NA,NA,PC712,ACGTGAGGAA,WC30,TTGTTCGTGT,NA,JP247_P1,human_droso,CC5_CC6_CC7_CC8,PBMC_PBMC_PBMC_PBMC,no,no,no,no,UnclearDropletEjection,CC8,84_96,11.2,526
JP247_PC712_WC31,JP247,NA,NA,PC712,ACGTGAGGAA,WC31,ACGGACTGAG,NA,JP247_P1,human_droso,CC5_CC6_CC7_CC8,PBMC_PBMC_PBMC_PBMC,no,no,no,no,UnclearDropletEjection,CC8,84_96,11.2,526
JP247_PC712_WC32,JP247,NA,NA,PC712,ACGTGAGGAA,WC32,CACCGTCATA,NA,JP247_P1,human_droso,CC5_CC6_CC7_CC8,PBMC_PBMC_PBMC_PBMC,no,no,no,no,UnclearDropletEjection,CC8,84_96,11.2,526
JP247_PC712_WC33,JP247,NA,NA,PC712,ACGTGAGGAA,WC33,GTAGTTGTGT,NA,JP247_P1,human_droso,CC5_CC6_CC7_CC8,PBMC_PBMC_PBMC_PBMC,no,no,no,no,UnclearDropletEjection,CC8,84_96,11.2,526
JP247_PC712_WC34,JP247,NA,NA,PC712,ACGTGAGGAA,WC34,CTGAGTCCTT,NA,JP247_P1,human_droso,CC5_CC6_CC7_CC8,PBMC_PBMC_PBMC_PBMC,no,no,no,no,UnclearDropletEjection,CC8,84_96,11.2,526
JP247_PC712_WC35,JP247,NA,NA,PC712,ACGTGAGGAA,WC35,TCACAGTTGC,NA,JP247_P1,human_droso,CC5_CC6_CC7_CC8,PBMC_PBMC_PBMC_PBMC,no,no,no,no,UnclearDropletEjection,CC8,84_96,11.2,526
JP247_PC712_WC36,JP247,NA,NA,PC712,ACGTGAGGAA,WC36,ATTGTAAGCG,NA,JP247_P1,human_droso,CC5_CC6_CC7_CC8,PBMC_PBMC_PBMC_PBMC,no,no,no,no,UnclearDropletEjection,CC8,84_96,11.2,526
JP247_PC712_WC37,JP247,NA,NA,PC712,ACGTGAGGAA,WC37,CGGTCTCTCT,NA,JP247_P1,human_droso,CC5_CC6_CC7_CC8,PBMC_PBMC_PBMC_PBMC,no,no,no,no,UnclearDropletEjection,CC8,84_96,11.2,526
JP247_PC712_WC38,JP247,NA,NA,PC712,ACGTGAGGAA,WC38,AACAGCAATG,NA,JP247_P1,human_droso,CC5_CC6_CC7_CC8,PBMC_PBMC_PBMC_PBMC,no,no,no,no,UnclearDropletEjection,CC8,84_96,11.2,526
JP247_PC712_WC39,JP247,NA,NA,PC712,ACGTGAGGAA,WC39,TCCGTGTTGC,NA,JP247_P1,human_droso,CC5_CC6_CC7_CC8,PBMC_PBMC_PBMC_PBMC,no,no,no,no,UnclearDropletEjection,CC8,84_96,11.2,526
JP247_PC712_WC40,JP247,NA,NA,PC712,ACGTGAGGAA,WC40,TGCGAAGTGA,NA,JP247_P1,human_droso,CC5_CC6_CC7_CC8,PBMC_PBMC_PBMC_PBMC,no,no,no,no,UnclearDropletEjection,CC8,84_96,11.2,526
JP247_PC712_WC41,JP247,NA,NA,PC712,ACGTGAGGAA,WC41,CACAGCTATT,NA,JP247_P1,human_droso,CC5_CC6_CC7_CC8,PBMC_PBMC_PBMC_PBMC,no,no,no,no,UnclearDropletEjection,CC8,84_96,11.2,526
JP247_PC712_WC42,JP247,NA,NA,PC712,ACGTGAGGAA,WC42,GATAGTGTTC,NA,JP247_P1,human_droso,CC5_CC6_CC7_CC8,PBMC_PBMC_PBMC_PBMC,no,no,no,no,UnclearDropletEjection,CC8,84_96,11.2,526
JP247_PC712_WC43,JP247,NA,NA,PC712,ACGTGAGGAA,WC43,TAGCTACCAG,NA,JP247_P1,human_droso,CC5_CC6_CC7_CC8,PBMC_PBMC_PBMC_PBMC,no,no,no,no,UnclearDropletEjection,CC8,84_96,11.2,526
JP247_PC712_WC44,JP247,NA,NA,PC712,ACGTGAGGAA,WC44,TGCTCACGCA,NA,JP247_P1,human_droso,CC5_CC6_CC7_CC8,PBMC_PBMC_PBMC_PBMC,no,no,no,no,UnclearDropletEjection,CC8,84_96,11.2,526
JP247_PC712_WC45,JP247,NA,NA,PC712,ACGTGAGGAA,WC45,AAGTGTGCTA,NA,JP247_P1,human_droso,CC5_CC6_CC7_CC8,PBMC_PBMC_PBMC_PBMC,no,no,no,no,UnclearDropletEjection,CC8,84_96,11.2,526
JP247_PC712_WC46,JP247,NA,NA,PC712,ACGTGAGGAA,WC46,TCATCGTCTG,NA,JP247_P1,human_droso,CC5_CC6_CC7_CC8,PBMC_PBMC_PBMC_PBMC,no,no,no,no,UnclearDropletEjection,CC8,84_96,11.2,526
JP247_PC712_WC47,JP247,NA,NA,PC712,ACGTGAGGAA,WC47,AGATGCTCCG,NA,JP247_P1,human_droso,CC5_CC6_CC7_CC8,PBMC_PBMC_PBMC_PBMC,no,no,no,no,UnclearDropletEjection,CC8,84_96,11.2,526
JP247_PC712_WC48,JP247,NA,NA,PC712,ACGTGAGGAA,WC48,GAACCAAGCG,NA,JP247_P1,human_droso,CC5_CC6_CC7_CC8,PBMC_PBMC_PBMC_PBMC,no,no,no,no,UnclearDropletEjection,CC8,84_96,11.2,526
JP247_PC712_WC49,JP247,NA,NA,PC712,ACGTGAGGAA,WC49,CCTCTTCAAG,NA,JP247_P1,human_droso,CC5_CC6_CC7_CC8,PBMC_PBMC_PBMC_PBMC,no,no,no,no,UnclearDropletEjection,CC8,84_96,11.2,526
JP247_PC712_WC50,JP247,NA,NA,PC712,ACGTGAGGAA,WC50,CGTCGCATCT,NA,JP247_P1,human_droso,CC5_CC6_CC7_CC8,PBMC_PBMC_PBMC_PBMC,no,no,no,no,UnclearDropletEjection,CC8,84_96,11.2,526
JP247_PC712_WC51,JP247,NA,NA,PC712,ACGTGAGGAA,WC51,CCGAACGTTC,NA,JP247_P1,human_droso,CC5_CC6_CC7_CC8,PBMC_PBMC_PBMC_PBMC,no,no,no,no,UnclearDropletEjection,CC8,84_96,11.2,526
JP247_PC712_WC52,JP247,NA,NA,PC712,ACGTGAGGAA,WC52,GAATGGCGTT,NA,JP247_P1,human_droso,CC5_CC6_CC7_CC8,PBMC_PBMC_PBMC_PBMC,no,no,no,no,UnclearDropletEjection,CC8,84_96,11.2,526
JP247_PC712_WC53,JP247,NA,NA,PC712,ACGTGAGGAA,WC53,AAGTTCAGGA,NA,JP247_P1,human_droso,CC5_CC6_CC7_CC8,PBMC_PBMC_PBMC_PBMC,no,no,no,no,UnclearDropletEjection,CC8,84_96,11.2,526
JP247_PC712_WC54,JP247,NA,NA,PC712,ACGTGAGGAA,WC54,GACCAATTGT,NA,JP247_P1,human_droso,CC5_CC6_CC7_CC8,PBMC_PBMC_PBMC_PBMC,no,no,no,no,UnclearDropletEjection,CC8,84_96,11.2,526
JP247_PC712_WC55,JP247,NA,NA,PC712,ACGTGAGGAA,WC55,TGTCTGTGAC,NA,JP247_P1,human_droso,CC5_CC6_CC7_CC8,PBMC_PBMC_PBMC_PBMC,no,no,no,no,UnclearDropletEjection,CC8,84_96,11.2,526
JP247_PC712_WC56,JP247,NA,NA,PC712,ACGTGAGGAA,WC56,GAACATTGGC,NA,JP247_P1,human_droso,CC5_CC6_CC7_CC8,PBMC_PBMC_PBMC_PBMC,no,no,no,no,UnclearDropletEjection,CC8,84_96,11.2,526
JP247_PC712_WC57,JP247,NA,NA,PC712,ACGTGAGGAA,WC57,CGTAACACTA,NA,JP247_P1,human_droso,CC5_CC6_CC7_CC8,PBMC_PBMC_PBMC_PBMC,no,no,no,no,UnclearDropletEjection,CC8,84_96,11.2,526
JP247_PC712_WC58,JP247,NA,NA,PC712,ACGTGAGGAA,WC58,GTACTTCCAA,NA,JP247_P1,human_droso,CC5_CC6_CC7_CC8,PBMC_PBMC_PBMC_PBMC,no,no,no,no,UnclearDropletEjection,CC8,84_96,11.2,526
JP247_PC712_WC59,JP247,NA,NA,PC712,ACGTGAGGAA,WC59,TTAGCGTCTT,NA,JP247_P1,human_droso,CC5_CC6_CC7_CC8,PBMC_PBMC_PBMC_PBMC,no,no,no,no,UnclearDropletEjection,CC8,84_96,11.2,526
JP247_PC712_WC60,JP247,NA,NA,PC712,ACGTGAGGAA,WC60,TTGACCGTCT,NA,JP247_P1,human_droso,CC5_CC6_CC7_CC8,PBMC_PBMC_PBMC_PBMC,no,no,no,no,UnclearDropletEjection,CC8,84_96,11.2,526
JP247_PC712_WC61,JP247,NA,NA,PC712,ACGTGAGGAA,WC61,ACGGCTTCTC,NA,JP247_P1,human_droso,CC5_CC6_CC7_CC8,PBMC_PBMC_PBMC_PBMC,no,no,no,no,UnclearDropletEjection,CC8,84_96,11.2,526
JP247_PC712_WC62,JP247,NA,NA,PC712,ACGTGAGGAA,WC62,TGCGATGTAT,NA,JP247_P1,human_droso,CC5_CC6_CC7_CC8,PBMC_PBMC_PBMC_PBMC,no,no,no,no,UnclearDropletEjection,CC8,84_96,11.2,526
JP247_PC712_WC63,JP247,NA,NA,PC712,ACGTGAGGAA,WC63,GCGTTCAGCA,NA,JP247_P1,human_droso,CC5_CC6_CC7_CC8,PBMC_PBMC_PBMC_PBMC,no,no,no,no,UnclearDropletEjection,CC8,84_96,11.2,526
JP247_PC712_WC64,JP247,NA,NA,PC712,ACGTGAGGAA,WC64,GCCTAGGAAG,NA,JP247_P1,human_droso,CC5_CC6_CC7_CC8,PBMC_PBMC_PBMC_PBMC,no,no,no,no,UnclearDropletEjection,CC8,84_96,11.2,526
JP247_PC712_WC65,JP247,NA,NA,PC712,ACGTGAGGAA,WC65,GTTACCAACG,NA,JP247_P1,human_droso,CC5_CC6_CC7_CC8,PBMC_PBMC_PBMC_PBMC,no,no,no,no,UnclearDropletEjection,CC8,84_96,11.2,526
JP247_PC712_WC66,JP247,NA,NA,PC712,ACGTGAGGAA,WC66,ACGAACCAAG,NA,JP247_P1,human_droso,CC5_CC6_CC7_CC8,PBMC_PBMC_PBMC_PBMC,no,no,no,no,UnclearDropletEjection,CC8,84_96,11.2,526
JP247_PC712_WC67,JP247,NA,NA,PC712,ACGTGAGGAA,WC67,CACGCAAGTC,NA,JP247_P1,human_droso,CC5_CC6_CC7_CC8,PBMC_PBMC_PBMC_PBMC,no,no,no,no,UnclearDropletEjection,CC8,84_96,11.2,526
JP247_PC712_WC68,JP247,NA,NA,PC712,ACGTGAGGAA,WC68,GCTGGAGAAG,NA,JP247_P1,human_droso,CC5_CC6_CC7_CC8,PBMC_PBMC_PBMC_PBMC,no,no,no,no,UnclearDropletEjection,CC8,84_96,11.2,526
JP247_PC712_WC69,JP247,NA,NA,PC712,ACGTGAGGAA,WC69,CCAGTGTACG,NA,JP247_P1,human_droso,CC5_CC6_CC7_CC8,PBMC_PBMC_PBMC_PBMC,no,no,no,no,UnclearDropletEjection,CC8,84_96,11.2,526
JP247_PC712_WC70,JP247,NA,NA,PC712,ACGTGAGGAA,WC70,GTTGATGCGA,NA,JP247_P1,human_droso,CC5_CC6_CC7_CC8,PBMC_PBMC_PBMC_PBMC,no,no,no,no,UnclearDropletEjection,CC8,84_96,11.2,526
JP247_PC712_WC71,JP247,NA,NA,PC712,ACGTGAGGAA,WC71,CGCTTGTTAT,NA,JP247_P1,human_droso,CC5_CC6_CC7_CC8,PBMC_PBMC_PBMC_PBMC,no,no,no,no,UnclearDropletEjection,CC8,84_96,11.2,526
JP247_PC712_WC72,JP247,NA,NA,PC712,ACGTGAGGAA,WC72,GTAACGTTCA,NA,JP247_P1,human_droso,CC5_CC6_CC7_CC8,PBMC_PBMC_PBMC_PBMC,no,no,no,no,UnclearDropletEjection,CC8,84_96,11.2,526
JP247_PC712_WC73,JP247,NA,NA,PC712,ACGTGAGGAA,WC73,CCGAGTCTTC,NA,JP247_P1,human_droso,CC5_CC6_CC7_CC8,PBMC_PBMC_PBMC_PBMC,no,no,no,no,UnclearDropletEjection,CC8,84_96,11.2,526
JP247_PC712_WC74,JP247,NA,NA,PC712,ACGTGAGGAA,WC74,TATTGCGCTA,NA,JP247_P1,human_droso,CC5_CC6_CC7_CC8,PBMC_PBMC_PBMC_PBMC,no,no,no,no,UnclearDropletEjection,CC8,84_96,11.2,526
JP247_PC712_WC75,JP247,NA,NA,PC712,ACGTGAGGAA,WC75,TGTGGTCTAA,NA,JP247_P1,human_droso,CC5_CC6_CC7_CC8,PBMC_PBMC_PBMC_PBMC,no,no,no,no,UnclearDropletEjection,CC8,84_96,11.2,526
JP247_PC712_WC76,JP247,NA,NA,PC712,ACGTGAGGAA,WC76,CACGTCTACG,NA,JP247_P1,human_droso,CC5_CC6_CC7_CC8,PBMC_PBMC_PBMC_PBMC,no,no,no,no,UnclearDropletEjection,CC8,84_96,11.2,526
JP247_PC712_WC77,JP247,NA,NA,PC712,ACGTGAGGAA,WC77,AGTCCAGTGA,NA,JP247_P1,human_droso,CC5_CC6_CC7_CC8,PBMC_PBMC_PBMC_PBMC,no,no,no,no,UnclearDropletEjection,CC8,84_96,11.2,526
JP247_PC712_WC78,JP247,NA,NA,PC712,ACGTGAGGAA,WC78,ATGCTTGGTC,NA,JP247_P1,human_droso,CC5_CC6_CC7_CC8,PBMC_PBMC_PBMC_PBMC,no,no,no,no,UnclearDropletEjection,CC8,84_96,11.2,526
JP247_PC712_WC79,JP247,NA,NA,PC712,ACGTGAGGAA,WC79,TGATACTCGC,NA,JP247_P1,human_droso,CC5_CC6_CC7_CC8,PBMC_PBMC_PBMC_PBMC,no,no,no,no,UnclearDropletEjection,CC8,84_96,11.2,526
JP247_PC712_WC80,JP247,NA,NA,PC712,ACGTGAGGAA,WC80,TTATCGAGAG,NA,JP247_P1,human_droso,CC5_CC6_CC7_CC8,PBMC_PBMC_PBMC_PBMC,no,no,no,no,UnclearDropletEjection,CC8,84_96,11.2,526
JP247_PC712_WC81,JP247,NA,NA,PC712,ACGTGAGGAA,WC81,TGCCAGTATT,NA,JP247_P1,human_droso,CC5_CC6_CC7_CC8,PBMC_PBMC_PBMC_PBMC,no,no,no,no,UnclearDropletEjection,CC8,84_96,11.2,526
JP247_PC712_WC82,JP247,NA,NA,PC712,ACGTGAGGAA,WC82,GAGTTGCATA,NA,JP247_P1,human_droso,CC5_CC6_CC7_CC8,PBMC_PBMC_PBMC_PBMC,no,no,no,no,UnclearDropletEjection,CC8,84_96,11.2,526
JP247_PC712_WC83,JP247,NA,NA,PC712,ACGTGAGGAA,WC83,ACACTAGCAT,NA,JP247_P1,human_droso,CC5_CC6_CC7_CC8,PBMC_PBMC_PBMC_PBMC,no,no,no,no,UnclearDropletEjection,CC8,84_96,11.2,526
JP247_PC712_WC84,JP247,NA,NA,PC712,ACGTGAGGAA,WC84,GTTCTAATGG,NA,JP247_P1,human_droso,CC5_CC6_CC7_CC8,PBMC_PBMC_PBMC_PBMC,no,no,no,no,UnclearDropletEjection,CC8,84_96,11.2,526
JP247_PC712_WC85,JP247,NA,NA,PC712,ACGTGAGGAA,WC85,CGTTCACGTT,NA,JP247_P1,human_droso,CC5_CC6_CC7_CC8,PBMC_PBMC_PBMC_PBMC,no,no,no,no,UnclearDropletEjection,CC8,84_96,11.2,526
JP247_PC712_WC86,JP247,NA,NA,PC712,ACGTGAGGAA,WC86,GACTGCGTTA,NA,JP247_P1,human_droso,CC5_CC6_CC7_CC8,PBMC_PBMC_PBMC_PBMC,no,no,no,no,UnclearDropletEjection,CC8,84_96,11.2,526
JP247_PC712_WC87,JP247,NA,NA,PC712,ACGTGAGGAA,WC87,TGGCTTATGG,NA,JP247_P1,human_droso,CC5_CC6_CC7_CC8,PBMC_PBMC_PBMC_PBMC,no,no,no,no,UnclearDropletEjection,CC8,84_96,11.2,526
JP247_PC712_WC88,JP247,NA,NA,PC712,ACGTGAGGAA,WC88,TCAGAGGCAC,NA,JP247_P1,human_droso,CC5_CC6_CC7_CC8,PBMC_PBMC_PBMC_PBMC,no,no,no,no,UnclearDropletEjection,CC8,84_96,11.2,526
JP247_PC712_WC89,JP247,NA,NA,PC712,ACGTGAGGAA,WC89,CGCTAGGCTA,NA,JP247_P1,human_droso,CC5_CC6_CC7_CC8,PBMC_PBMC_PBMC_PBMC,no,no,no,no,UnclearDropletEjection,CC8,84_96,11.2,526
JP247_PC712_WC90,JP247,NA,NA,PC712,ACGTGAGGAA,WC90,AACCGTAACA,NA,JP247_P1,human_droso,CC5_CC6_CC7_CC8,PBMC_PBMC_PBMC_PBMC,no,no,no,no,UnclearDropletEjection,CC8,84_96,11.2,526
JP247_PC712_WC91,JP247,NA,NA,PC712,ACGTGAGGAA,WC91,CTTGGTATGA,NA,JP247_P1,human_droso,CC5_CC6_CC7_CC8,PBMC_PBMC_PBMC_PBMC,no,no,no,no,UnclearDropletEjection,CC8,84_96,11.2,526
JP247_PC712_WC92,JP247,NA,NA,PC712,ACGTGAGGAA,WC92,TGTAGATCCG,NA,JP247_P1,human_droso,CC5_CC6_CC7_CC8,PBMC_PBMC_PBMC_PBMC,no,no,no,no,UnclearDropletEjection,CC8,84_96,11.2,526
JP247_PC712_WC93,JP247,NA,NA,PC712,ACGTGAGGAA,WC93,AACTCTACCG,NA,JP247_P1,human_droso,CC5_CC6_CC7_CC8,PBMC_PBMC_PBMC_PBMC,no,no,no,no,UnclearDropletEjection,CC8,84_96,11.2,526
JP247_PC712_WC94,JP247,NA,NA,PC712,ACGTGAGGAA,WC94,CGTGACATTC,NA,JP247_P1,human_droso,CC5_CC6_CC7_CC8,PBMC_PBMC_PBMC_PBMC,no,no,no,no,UnclearDropletEjection,CC8,84_96,11.2,526
JP247_PC712_WC95,JP247,NA,NA,PC712,ACGTGAGGAA,WC95,CTGTACCAGG,NA,JP247_P1,human_droso,CC5_CC6_CC7_CC8,PBMC_PBMC_PBMC_PBMC,no,no,no,no,UnclearDropletEjection,CC8,84_96,11.2,526
JP247_PC712_WC96,JP247,NA,NA,PC712,ACGTGAGGAA,WC96,ACTGGTTCCG,NA,JP247_P1,human_droso,CC5_CC6_CC7_CC8,PBMC_PBMC_PBMC_PBMC,no,no,no,no,UnclearDropletEjection,CC8,84_96,11.2,526
JP247_PC713_WC1,JP247,NA,NA,PC713,TCGTGTTCGA,WC1,GTCGTGAATC,NA,JP247_P2,human_droso,CC5_CC6_CC7_CC8,PBMC_PBMC_PBMC_PBMC,no,no,no,no,no,no,no,27.1,593
JP247_PC713_WC2,JP247,NA,NA,PC713,TCGTGTTCGA,WC2,CTGTTCTACG,NA,JP247_P2,human_droso,CC5_CC6_CC7_CC8,PBMC_PBMC_PBMC_PBMC,no,no,no,no,no,no,no,27.1,593
JP247_PC713_WC3,JP247,NA,NA,PC713,TCGTGTTCGA,WC3,GCTCTTAGGT,NA,JP247_P2,human_droso,CC5_CC6_CC7_CC8,PBMC_PBMC_PBMC_PBMC,no,no,no,no,no,no,no,27.1,593
JP247_PC713_WC4,JP247,NA,NA,PC713,TCGTGTTCGA,WC4,TAGAAGCCAT,NA,JP247_P2,human_droso,CC5_CC6_CC7_CC8,PBMC_PBMC_PBMC_PBMC,no,no,no,no,no,no,no,27.1,593
JP247_PC713_WC5,JP247,NA,NA,PC713,TCGTGTTCGA,WC5,CACTTAGGTA,NA,JP247_P2,human_droso,CC5_CC6_CC7_CC8,PBMC_PBMC_PBMC_PBMC,no,no,no,no,no,no,no,27.1,593
JP247_PC713_WC6,JP247,NA,NA,PC713,TCGTGTTCGA,WC6,ATAGGTAAGG,NA,JP247_P2,human_droso,CC5_CC6_CC7_CC8,PBMC_PBMC_PBMC_PBMC,no,no,no,no,no,no,no,27.1,593
JP247_PC713_WC7,JP247,NA,NA,PC713,TCGTGTTCGA,WC7,CGCCTTATAT,NA,JP247_P2,human_droso,CC5_CC6_CC7_CC8,PBMC_PBMC_PBMC_PBMC,no,no,no,no,no,no,no,27.1,593
JP247_PC713_WC8,JP247,NA,NA,PC713,TCGTGTTCGA,WC8,GCACGATGCT,NA,JP247_P2,human_droso,CC5_CC6_CC7_CC8,PBMC_PBMC_PBMC_PBMC,no,no,no,no,no,no,no,27.1,593
JP247_PC713_WC9,JP247,NA,NA,PC713,TCGTGTTCGA,WC9,AATATGCCAG,NA,JP247_P2,human_droso,CC5_CC6_CC7_CC8,PBMC_PBMC_PBMC_PBMC,no,no,no,no,no,no,no,27.1,593
JP247_PC713_WC10,JP247,NA,NA,PC713,TCGTGTTCGA,WC10,TAGAGTCACG,NA,JP247_P2,human_droso,CC5_CC6_CC7_CC8,PBMC_PBMC_PBMC_PBMC,no,no,no,no,no,no,no,27.1,593
JP247_PC713_WC11,JP247,NA,NA,PC713,TCGTGTTCGA,WC11,TTAACAGGTC,NA,JP247_P2,human_droso,CC5_CC6_CC7_CC8,PBMC_PBMC_PBMC_PBMC,no,no,no,no,no,no,no,27.1,593
JP247_PC713_WC12,JP247,NA,NA,PC713,TCGTGTTCGA,WC12,ACATGAGCCA,NA,JP247_P2,human_droso,CC5_CC6_CC7_CC8,PBMC_PBMC_PBMC_PBMC,no,no,no,no,no,no,no,27.1,593
JP247_PC713_WC13,JP247,NA,NA,PC713,TCGTGTTCGA,WC13,GCGAGGTTCT,NA,JP247_P2,human_droso,CC5_CC6_CC7_CC8,PBMC_PBMC_PBMC_PBMC,no,no,no,no,no,no,no,27.1,593
JP247_PC713_WC14,JP247,NA,NA,PC713,TCGTGTTCGA,WC14,TGTCCGTAGG,NA,JP247_P2,human_droso,CC5_CC6_CC7_CC8,PBMC_PBMC_PBMC_PBMC,no,no,no,no,no,no,no,27.1,593
JP247_PC713_WC15,JP247,NA,NA,PC713,TCGTGTTCGA,WC15,CATTATGCCT,NA,JP247_P2,human_droso,CC5_CC6_CC7_CC8,PBMC_PBMC_PBMC_PBMC,no,no,no,no,no,no,no,27.1,593
JP247_PC713_WC16,JP247,NA,NA,PC713,TCGTGTTCGA,WC16,TCCACTGTTG,NA,JP247_P2,human_droso,CC5_CC6_CC7_CC8,PBMC_PBMC_PBMC_PBMC,no,no,no,no,no,no,no,27.1,593
JP247_PC713_WC17,JP247,NA,NA,PC713,TCGTGTTCGA,WC17,CTTAACGACA,NA,JP247_P2,human_droso,CC5_CC6_CC7_CC8,PBMC_PBMC_PBMC_PBMC,no,no,no,no,no,no,no,27.1,593
JP247_PC713_WC18,JP247,NA,NA,PC713,TCGTGTTCGA,WC18,TCCTCGAGCT,NA,JP247_P2,human_droso,CC5_CC6_CC7_CC8,PBMC_PBMC_PBMC_PBMC,no,no,no,no,no,no,no,27.1,593
JP247_PC713_WC19,JP247,NA,NA,PC713,TCGTGTTCGA,WC19,CGAGTAATGT,NA,JP247_P2,human_droso,CC5_CC6_CC7_CC8,PBMC_PBMC_PBMC_PBMC,no,no,no,no,no,no,no,27.1,593
JP247_PC713_WC20,JP247,NA,NA,PC713,TCGTGTTCGA,WC20,CATACCGCTG,NA,JP247_P2,human_droso,CC5_CC6_CC7_CC8,PBMC_PBMC_PBMC_PBMC,no,no,no,no,no,no,no,27.1,593
JP247_PC713_WC21,JP247,NA,NA,PC713,TCGTGTTCGA,WC21,GCTACTTGCA,NA,JP247_P2,human_droso,CC5_CC6_CC7_CC8,PBMC_PBMC_PBMC_PBMC,no,no,no,no,no,no,no,27.1,593
JP247_PC713_WC22,JP247,NA,NA,PC713,TCGTGTTCGA,WC22,GCTATTGAAG,NA,JP247_P2,human_droso,CC5_CC6_CC7_CC8,PBMC_PBMC_PBMC_PBMC,no,no,no,no,no,no,no,27.1,593
JP247_PC713_WC23,JP247,NA,NA,PC713,TCGTGTTCGA,WC23,TCAGCATCCG,NA,JP247_P2,human_droso,CC5_CC6_CC7_CC8,PBMC_PBMC_PBMC_PBMC,no,no,no,no,no,no,no,27.1,593
JP247_PC713_WC24,JP247,NA,NA,PC713,TCGTGTTCGA,WC24,TAGGTGGTGG,NA,JP247_P2,human_droso,CC5_CC6_CC7_CC8,PBMC_PBMC_PBMC_PBMC,no,no,no,no,no,no,no,27.1,593
JP247_PC713_WC25,JP247,NA,NA,PC713,TCGTGTTCGA,WC25,AAGATCGGAT,NA,JP247_P2,human_droso,CC5_CC6_CC7_CC8,PBMC_PBMC_PBMC_PBMC,no,no,no,no,no,no,no,27.1,593
JP247_PC713_WC26,JP247,NA,NA,PC713,TCGTGTTCGA,WC26,TTAACGTCCG,NA,JP247_P2,human_droso,CC5_CC6_CC7_CC8,PBMC_PBMC_PBMC_PBMC,no,no,no,no,no,no,no,27.1,593
JP247_PC713_WC27,JP247,NA,NA,PC713,TCGTGTTCGA,WC27,ATTACCGATC,NA,JP247_P2,human_droso,CC5_CC6_CC7_CC8,PBMC_PBMC_PBMC_PBMC,no,no,no,no,no,no,no,27.1,593
JP247_PC713_WC28,JP247,NA,NA,PC713,TCGTGTTCGA,WC28,GTTGCATCGT,NA,JP247_P2,human_droso,CC5_CC6_CC7_CC8,PBMC_PBMC_PBMC_PBMC,no,no,no,no,no,no,no,27.1,593
JP247_PC713_WC29,JP247,NA,NA,PC713,TCGTGTTCGA,WC29,ACTGGACGTT,NA,JP247_P2,human_droso,CC5_CC6_CC7_CC8,PBMC_PBMC_PBMC_PBMC,no,no,no,no,no,no,no,27.1,593
JP247_PC713_WC30,JP247,NA,NA,PC713,TCGTGTTCGA,WC30,TTGTTCGTGT,NA,JP247_P2,human_droso,CC5_CC6_CC7_CC8,PBMC_PBMC_PBMC_PBMC,no,no,no,no,no,no,no,27.1,593
JP247_PC713_WC31,JP247,NA,NA,PC713,TCGTGTTCGA,WC31,ACGGACTGAG,NA,JP247_P2,human_droso,CC5_CC6_CC7_CC8,PBMC_PBMC_PBMC_PBMC,no,no,no,no,no,no,no,27.1,593
JP247_PC713_WC32,JP247,NA,NA,PC713,TCGTGTTCGA,WC32,CACCGTCATA,NA,JP247_P2,human_droso,CC5_CC6_CC7_CC8,PBMC_PBMC_PBMC_PBMC,no,no,no,no,no,no,no,27.1,593
JP247_PC713_WC33,JP247,NA,NA,PC713,TCGTGTTCGA,WC33,GTAGTTGTGT,NA,JP247_P2,human_droso,CC5_CC6_CC7_CC8,PBMC_PBMC_PBMC_PBMC,no,no,no,no,no,no,no,27.1,593
JP247_PC713_WC34,JP247,NA,NA,PC713,TCGTGTTCGA,WC34,CTGAGTCCTT,NA,JP247_P2,human_droso,CC5_CC6_CC7_CC8,PBMC_PBMC_PBMC_PBMC,no,no,no,no,no,no,no,27.1,593
JP247_PC713_WC35,JP247,NA,NA,PC713,TCGTGTTCGA,WC35,TCACAGTTGC,NA,JP247_P2,human_droso,CC5_CC6_CC7_CC8,PBMC_PBMC_PBMC_PBMC,no,no,no,no,no,no,no,27.1,593
JP247_PC713_WC36,JP247,NA,NA,PC713,TCGTGTTCGA,WC36,ATTGTAAGCG,NA,JP247_P2,human_droso,CC5_CC6_CC7_CC8,PBMC_PBMC_PBMC_PBMC,no,no,no,no,no,no,no,27.1,593
JP247_PC713_WC37,JP247,NA,NA,PC713,TCGTGTTCGA,WC37,CGGTCTCTCT,NA,JP247_P2,human_droso,CC5_CC6_CC7_CC8,PBMC_PBMC_PBMC_PBMC,no,no,no,no,no,no,no,27.1,593
JP247_PC713_WC38,JP247,NA,NA,PC713,TCGTGTTCGA,WC38,AACAGCAATG,NA,JP247_P2,human_droso,CC5_CC6_CC7_CC8,PBMC_PBMC_PBMC_PBMC,no,no,no,no,no,no,no,27.1,593
JP247_PC713_WC39,JP247,NA,NA,PC713,TCGTGTTCGA,WC39,TCCGTGTTGC,NA,JP247_P2,human_droso,CC5_CC6_CC7_CC8,PBMC_PBMC_PBMC_PBMC,no,no,no,no,no,no,no,27.1,593
JP247_PC713_WC40,JP247,NA,NA,PC713,TCGTGTTCGA,WC40,TGCGAAGTGA,NA,JP247_P2,human_droso,CC5_CC6_CC7_CC8,PBMC_PBMC_PBMC_PBMC,no,no,no,no,no,no,no,27.1,593
JP247_PC713_WC41,JP247,NA,NA,PC713,TCGTGTTCGA,WC41,CACAGCTATT,NA,JP247_P2,human_droso,CC5_CC6_CC7_CC8,PBMC_PBMC_PBMC_PBMC,no,no,no,no,no,no,no,27.1,593
JP247_PC713_WC42,JP247,NA,NA,PC713,TCGTGTTCGA,WC42,GATAGTGTTC,NA,JP247_P2,human_droso,CC5_CC6_CC7_CC8,PBMC_PBMC_PBMC_PBMC,no,no,no,no,no,no,no,27.1,593
JP247_PC713_WC43,JP247,NA,NA,PC713,TCGTGTTCGA,WC43,TAGCTACCAG,NA,JP247_P2,human_droso,CC5_CC6_CC7_CC8,PBMC_PBMC_PBMC_PBMC,no,no,no,no,no,no,no,27.1,593
JP247_PC713_WC44,JP247,NA,NA,PC713,TCGTGTTCGA,WC44,TGCTCACGCA,NA,JP247_P2,human_droso,CC5_CC6_CC7_CC8,PBMC_PBMC_PBMC_PBMC,no,no,no,no,no,no,no,27.1,593
JP247_PC713_WC45,JP247,NA,NA,PC713,TCGTGTTCGA,WC45,AAGTGTGCTA,NA,JP247_P2,human_droso,CC5_CC6_CC7_CC8,PBMC_PBMC_PBMC_PBMC,no,no,no,no,no,no,no,27.1,593
JP247_PC713_WC46,JP247,NA,NA,PC713,TCGTGTTCGA,WC46,TCATCGTCTG,NA,JP247_P2,human_droso,CC5_CC6_CC7_CC8,PBMC_PBMC_PBMC_PBMC,no,no,no,no,no,no,no,27.1,593
JP247_PC713_WC47,JP247,NA,NA,PC713,TCGTGTTCGA,WC47,AGATGCTCCG,NA,JP247_P2,human_droso,CC5_CC6_CC7_CC8,PBMC_PBMC_PBMC_PBMC,no,no,no,no,no,no,no,27.1,593
JP247_PC713_WC48,JP247,NA,NA,PC713,TCGTGTTCGA,WC48,GAACCAAGCG,NA,JP247_P2,human_droso,CC5_CC6_CC7_CC8,PBMC_PBMC_PBMC_PBMC,no,no,no,no,no,no,no,27.1,593
JP247_PC713_WC49,JP247,NA,NA,PC713,TCGTGTTCGA,WC49,CCTCTTCAAG,NA,JP247_P2,human_droso,CC5_CC6_CC7_CC8,PBMC_PBMC_PBMC_PBMC,no,no,no,no,no,no,no,27.1,593
JP247_PC713_WC50,JP247,NA,NA,PC713,TCGTGTTCGA,WC50,CGTCGCATCT,NA,JP247_P2,human_droso,CC5_CC6_CC7_CC8,PBMC_PBMC_PBMC_PBMC,no,no,no,no,no,no,no,27.1,593
JP247_PC713_WC51,JP247,NA,NA,PC713,TCGTGTTCGA,WC51,CCGAACGTTC,NA,JP247_P2,human_droso,CC5_CC6_CC7_CC8,PBMC_PBMC_PBMC_PBMC,no,no,no,no,no,no,no,27.1,593
JP247_PC713_WC52,JP247,NA,NA,PC713,TCGTGTTCGA,WC52,GAATGGCGTT,NA,JP247_P2,human_droso,CC5_CC6_CC7_CC8,PBMC_PBMC_PBMC_PBMC,no,no,no,no,no,no,no,27.1,593
JP247_PC713_WC53,JP247,NA,NA,PC713,TCGTGTTCGA,WC53,AAGTTCAGGA,NA,JP247_P2,human_droso,CC5_CC6_CC7_CC8,PBMC_PBMC_PBMC_PBMC,no,no,no,no,no,no,no,27.1,593
JP247_PC713_WC54,JP247,NA,NA,PC713,TCGTGTTCGA,WC54,GACCAATTGT,NA,JP247_P2,human_droso,CC5_CC6_CC7_CC8,PBMC_PBMC_PBMC_PBMC,no,no,no,no,no,no,no,27.1,593
JP247_PC713_WC55,JP247,NA,NA,PC713,TCGTGTTCGA,WC55,TGTCTGTGAC,NA,JP247_P2,human_droso,CC5_CC6_CC7_CC8,PBMC_PBMC_PBMC_PBMC,no,no,no,no,no,no,no,27.1,593
JP247_PC713_WC56,JP247,NA,NA,PC713,TCGTGTTCGA,WC56,GAACATTGGC,NA,JP247_P2,human_droso,CC5_CC6_CC7_CC8,PBMC_PBMC_PBMC_PBMC,no,no,no,no,no,no,no,27.1,593
JP247_PC713_WC57,JP247,NA,NA,PC713,TCGTGTTCGA,WC57,CGTAACACTA,NA,JP247_P2,human_droso,CC5_CC6_CC7_CC8,PBMC_PBMC_PBMC_PBMC,no,no,no,no,no,no,no,27.1,593
JP247_PC713_WC58,JP247,NA,NA,PC713,TCGTGTTCGA,WC58,GTACTTCCAA,NA,JP247_P2,human_droso,CC5_CC6_CC7_CC8,PBMC_PBMC_PBMC_PBMC,no,no,no,no,no,no,no,27.1,593
JP247_PC713_WC59,JP247,NA,NA,PC713,TCGTGTTCGA,WC59,TTAGCGTCTT,NA,JP247_P2,human_droso,CC5_CC6_CC7_CC8,PBMC_PBMC_PBMC_PBMC,no,no,no,no,no,no,no,27.1,593
JP247_PC713_WC60,JP247,NA,NA,PC713,TCGTGTTCGA,WC60,TTGACCGTCT,NA,JP247_P2,human_droso,CC5_CC6_CC7_CC8,PBMC_PBMC_PBMC_PBMC,no,no,no,no,no,no,no,27.1,593
JP247_PC713_WC61,JP247,NA,NA,PC713,TCGTGTTCGA,WC61,ACGGCTTCTC,NA,JP247_P2,human_droso,CC5_CC6_CC7_CC8,PBMC_PBMC_PBMC_PBMC,no,no,no,no,no,no,no,27.1,593
JP247_PC713_WC62,JP247,NA,NA,PC713,TCGTGTTCGA,WC62,TGCGATGTAT,NA,JP247_P2,human_droso,CC5_CC6_CC7_CC8,PBMC_PBMC_PBMC_PBMC,no,no,no,no,no,no,no,27.1,593
JP247_PC713_WC63,JP247,NA,NA,PC713,TCGTGTTCGA,WC63,GCGTTCAGCA,NA,JP247_P2,human_droso,CC5_CC6_CC7_CC8,PBMC_PBMC_PBMC_PBMC,no,no,no,no,no,no,no,27.1,593
JP247_PC713_WC64,JP247,NA,NA,PC713,TCGTGTTCGA,WC64,GCCTAGGAAG,NA,JP247_P2,human_droso,CC5_CC6_CC7_CC8,PBMC_PBMC_PBMC_PBMC,no,no,no,no,no,no,no,27.1,593
JP247_PC713_WC65,JP247,NA,NA,PC713,TCGTGTTCGA,WC65,GTTACCAACG,NA,JP247_P2,human_droso,CC5_CC6_CC7_CC8,PBMC_PBMC_PBMC_PBMC,no,no,no,no,no,no,no,27.1,593
JP247_PC713_WC66,JP247,NA,NA,PC713,TCGTGTTCGA,WC66,ACGAACCAAG,NA,JP247_P2,human_droso,CC5_CC6_CC7_CC8,PBMC_PBMC_PBMC_PBMC,no,no,no,no,no,no,no,27.1,593
JP247_PC713_WC67,JP247,NA,NA,PC713,TCGTGTTCGA,WC67,CACGCAAGTC,NA,JP247_P2,human_droso,CC5_CC6_CC7_CC8,PBMC_PBMC_PBMC_PBMC,no,no,no,no,no,no,no,27.1,593
JP247_PC713_WC68,JP247,NA,NA,PC713,TCGTGTTCGA,WC68,GCTGGAGAAG,NA,JP247_P2,human_droso,CC5_CC6_CC7_CC8,PBMC_PBMC_PBMC_PBMC,no,no,no,no,no,no,no,27.1,593
JP247_PC713_WC69,JP247,NA,NA,PC713,TCGTGTTCGA,WC69,CCAGTGTACG,NA,JP247_P2,human_droso,CC5_CC6_CC7_CC8,PBMC_PBMC_PBMC_PBMC,no,no,no,no,no,no,no,27.1,593
JP247_PC713_WC70,JP247,NA,NA,PC713,TCGTGTTCGA,WC70,GTTGATGCGA,NA,JP247_P2,human_droso,CC5_CC6_CC7_CC8,PBMC_PBMC_PBMC_PBMC,no,no,no,no,no,no,no,27.1,593
JP247_PC713_WC71,JP247,NA,NA,PC713,TCGTGTTCGA,WC71,CGCTTGTTAT,NA,JP247_P2,human_droso,CC5_CC6_CC7_CC8,PBMC_PBMC_PBMC_PBMC,no,no,no,no,no,no,no,27.1,593
JP247_PC713_WC72,JP247,NA,NA,PC713,TCGTGTTCGA,WC72,GTAACGTTCA,NA,JP247_P2,human_droso,CC5_CC6_CC7_CC8,PBMC_PBMC_PBMC_PBMC,no,no,no,no,no,no,no,27.1,593
JP247_PC713_WC73,JP247,NA,NA,PC713,TCGTGTTCGA,WC73,CCGAGTCTTC,NA,JP247_P2,human_droso,CC5_CC6_CC7_CC8,PBMC_PBMC_PBMC_PBMC,no,no,no,no,no,no,no,27.1,593
JP247_PC713_WC74,JP247,NA,NA,PC713,TCGTGTTCGA,WC74,TATTGCGCTA,NA,JP247_P2,human_droso,CC5_CC6_CC7_CC8,PBMC_PBMC_PBMC_PBMC,no,no,no,no,no,no,no,27.1,593
JP247_PC713_WC75,JP247,NA,NA,PC713,TCGTGTTCGA,WC75,TGTGGTCTAA,NA,JP247_P2,human_droso,CC5_CC6_CC7_CC8,PBMC_PBMC_PBMC_PBMC,no,no,no,no,no,no,no,27.1,593
JP247_PC713_WC76,JP247,NA,NA,PC713,TCGTGTTCGA,WC76,CACGTCTACG,NA,JP247_P2,human_droso,CC5_CC6_CC7_CC8,PBMC_PBMC_PBMC_PBMC,no,no,no,no,no,no,no,27.1,593
JP247_PC713_WC77,JP247,NA,NA,PC713,TCGTGTTCGA,WC77,AGTCCAGTGA,NA,JP247_P2,human_droso,CC5_CC6_CC7_CC8,PBMC_PBMC_PBMC_PBMC,no,no,no,no,no,no,no,27.1,593
JP247_PC713_WC78,JP247,NA,NA,PC713,TCGTGTTCGA,WC78,ATGCTTGGTC,NA,JP247_P2,human_droso,CC5_CC6_CC7_CC8,PBMC_PBMC_PBMC_PBMC,no,no,no,no,no,no,no,27.1,593
JP247_PC713_WC79,JP247,NA,NA,PC713,TCGTGTTCGA,WC79,TGATACTCGC,NA,JP247_P2,human_droso,CC5_CC6_CC7_CC8,PBMC_PBMC_PBMC_PBMC,no,no,no,no,no,no,no,27.1,593
JP247_PC713_WC80,JP247,NA,NA,PC713,TCGTGTTCGA,WC80,TTATCGAGAG,NA,JP247_P2,human_droso,CC5_CC6_CC7_CC8,PBMC_PBMC_PBMC_PBMC,no,no,no,no,no,no,no,27.1,593
JP247_PC713_WC81,JP247,NA,NA,PC713,TCGTGTTCGA,WC81,TGCCAGTATT,NA,JP247_P2,human_droso,CC5_CC6_CC7_CC8,PBMC_PBMC_PBMC_PBMC,no,no,no,no,no,no,no,27.1,593
JP247_PC713_WC82,JP247,NA,NA,PC713,TCGTGTTCGA,WC82,GAGTTGCATA,NA,JP247_P2,human_droso,CC5_CC6_CC7_CC8,PBMC_PBMC_PBMC_PBMC,no,no,no,no,no,no,no,27.1,593
JP247_PC713_WC83,JP247,NA,NA,PC713,TCGTGTTCGA,WC83,ACACTAGCAT,NA,JP247_P2,human_droso,CC5_CC6_CC7_CC8,PBMC_PBMC_PBMC_PBMC,no,no,no,no,no,no,no,27.1,593
JP247_PC713_WC84,JP247,NA,NA,PC713,TCGTGTTCGA,WC84,GTTCTAATGG,NA,JP247_P2,human_droso,CC5_CC6_CC7_CC8,PBMC_PBMC_PBMC_PBMC,no,no,no,no,no,no,no,27.1,593
JP247_PC713_WC85,JP247,NA,NA,PC713,TCGTGTTCGA,WC85,CGTTCACGTT,NA,JP247_P2,human_droso,CC5_CC6_CC7_CC8,PBMC_PBMC_PBMC_PBMC,no,no,no,no,no,no,no,27.1,593
JP247_PC713_WC86,JP247,NA,NA,PC713,TCGTGTTCGA,WC86,GACTGCGTTA,NA,JP247_P2,human_droso,CC5_CC6_CC7_CC8,PBMC_PBMC_PBMC_PBMC,no,no,no,no,no,no,no,27.1,593
JP247_PC713_WC87,JP247,NA,NA,PC713,TCGTGTTCGA,WC87,TGGCTTATGG,NA,JP247_P2,human_droso,CC5_CC6_CC7_CC8,PBMC_PBMC_PBMC_PBMC,no,no,no,no,no,no,no,27.1,593
JP247_PC713_WC88,JP247,NA,NA,PC713,TCGTGTTCGA,WC88,TCAGAGGCAC,NA,JP247_P2,human_droso,CC5_CC6_CC7_CC8,PBMC_PBMC_PBMC_PBMC,no,no,no,no,no,no,no,27.1,593
JP247_PC713_WC89,JP247,NA,NA,PC713,TCGTGTTCGA,WC89,CGCTAGGCTA,NA,JP247_P2,human_droso,CC5_CC6_CC7_CC8,PBMC_PBMC_PBMC_PBMC,no,no,no,no,no,no,no,27.1,593
JP247_PC713_WC90,JP247,NA,NA,PC713,TCGTGTTCGA,WC90,AACCGTAACA,NA,JP247_P2,human_droso,CC5_CC6_CC7_CC8,PBMC_PBMC_PBMC_PBMC,no,no,no,no,no,no,no,27.1,593
JP247_PC713_WC91,JP247,NA,NA,PC713,TCGTGTTCGA,WC91,CTTGGTATGA,NA,JP247_P2,human_droso,CC5_CC6_CC7_CC8,PBMC_PBMC_PBMC_PBMC,no,no,no,no,no,no,no,27.1,593
JP247_PC713_WC92,JP247,NA,NA,PC713,TCGTGTTCGA,WC92,TGTAGATCCG,NA,JP247_P2,human_droso,CC5_CC6_CC7_CC8,PBMC_PBMC_PBMC_PBMC,no,no,no,no,no,no,no,27.1,593
JP247_PC713_WC93,JP247,NA,NA,PC713,TCGTGTTCGA,WC93,AACTCTACCG,NA,JP247_P2,human_droso,CC5_CC6_CC7_CC8,PBMC_PBMC_PBMC_PBMC,no,no,no,no,no,no,no,27.1,593
JP247_PC713_WC94,JP247,NA,NA,PC713,TCGTGTTCGA,WC94,CGTGACATTC,NA,JP247_P2,human_droso,CC5_CC6_CC7_CC8,PBMC_PBMC_PBMC_PBMC,no,no,no,no,no,no,no,27.1,593
JP247_PC713_WC95,JP247,NA,NA,PC713,TCGTGTTCGA,WC95,CTGTACCAGG,NA,JP247_P2,human_droso,CC5_CC6_CC7_CC8,PBMC_PBMC_PBMC_PBMC,no,no,no,no,no,no,no,27.1,593
JP247_PC713_WC96,JP247,NA,NA,PC713,TCGTGTTCGA,WC96,ACTGGTTCCG,NA,JP247_P2,human_droso,CC5_CC6_CC7_CC8,PBMC_PBMC_PBMC_PBMC,no,no,no,no,no,no,no,27.1,593
JP247_PC715_WC1,JP247,NA,NA,PC715,AATGCGGTTC,WC1,GTCGTGAATC,NA,JP247_P3,human_droso,CC5_CC6_CC7_CC8,PBMC_PBMC_PBMC_PBMC,no,no,no,no,no,no,no,20.7,579
JP247_PC715_WC2,JP247,NA,NA,PC715,AATGCGGTTC,WC2,CTGTTCTACG,NA,JP247_P3,human_droso,CC5_CC6_CC7_CC8,PBMC_PBMC_PBMC_PBMC,no,no,no,no,no,no,no,20.7,579
JP247_PC715_WC3,JP247,NA,NA,PC715,AATGCGGTTC,WC3,GCTCTTAGGT,NA,JP247_P3,human_droso,CC5_CC6_CC7_CC8,PBMC_PBMC_PBMC_PBMC,no,no,no,no,no,no,no,20.7,579
JP247_PC715_WC4,JP247,NA,NA,PC715,AATGCGGTTC,WC4,TAGAAGCCAT,NA,JP247_P3,human_droso,CC5_CC6_CC7_CC8,PBMC_PBMC_PBMC_PBMC,no,no,no,no,no,no,no,20.7,579
JP247_PC715_WC5,JP247,NA,NA,PC715,AATGCGGTTC,WC5,CACTTAGGTA,NA,JP247_P3,human_droso,CC5_CC6_CC7_CC8,PBMC_PBMC_PBMC_PBMC,no,no,no,no,no,no,no,20.7,579
JP247_PC715_WC6,JP247,NA,NA,PC715,AATGCGGTTC,WC6,ATAGGTAAGG,NA,JP247_P3,human_droso,CC5_CC6_CC7_CC8,PBMC_PBMC_PBMC_PBMC,no,no,no,no,no,no,no,20.7,579
JP247_PC715_WC7,JP247,NA,NA,PC715,AATGCGGTTC,WC7,CGCCTTATAT,NA,JP247_P3,human_droso,CC5_CC6_CC7_CC8,PBMC_PBMC_PBMC_PBMC,no,no,no,no,no,no,no,20.7,579
JP247_PC715_WC8,JP247,NA,NA,PC715,AATGCGGTTC,WC8,GCACGATGCT,NA,JP247_P3,human_droso,CC5_CC6_CC7_CC8,PBMC_PBMC_PBMC_PBMC,no,no,no,no,no,no,no,20.7,579
JP247_PC715_WC9,JP247,NA,NA,PC715,AATGCGGTTC,WC9,AATATGCCAG,NA,JP247_P3,human_droso,CC5_CC6_CC7_CC8,PBMC_PBMC_PBMC_PBMC,no,no,no,no,no,no,no,20.7,579
JP247_PC715_WC10,JP247,NA,NA,PC715,AATGCGGTTC,WC10,TAGAGTCACG,NA,JP247_P3,human_droso,CC5_CC6_CC7_CC8,PBMC_PBMC_PBMC_PBMC,no,no,no,no,no,no,no,20.7,579
JP247_PC715_WC11,JP247,NA,NA,PC715,AATGCGGTTC,WC11,TTAACAGGTC,NA,JP247_P3,human_droso,CC5_CC6_CC7_CC8,PBMC_PBMC_PBMC_PBMC,no,no,no,no,no,no,no,20.7,579
JP247_PC715_WC12,JP247,NA,NA,PC715,AATGCGGTTC,WC12,ACATGAGCCA,NA,JP247_P3,human_droso,CC5_CC6_CC7_CC8,PBMC_PBMC_PBMC_PBMC,no,no,no,no,no,no,no,20.7,579
JP247_PC715_WC13,JP247,NA,NA,PC715,AATGCGGTTC,WC13,GCGAGGTTCT,NA,JP247_P3,human_droso,CC5_CC6_CC7_CC8,PBMC_PBMC_PBMC_PBMC,no,no,no,no,no,no,no,20.7,579
JP247_PC715_WC14,JP247,NA,NA,PC715,AATGCGGTTC,WC14,TGTCCGTAGG,NA,JP247_P3,human_droso,CC5_CC6_CC7_CC8,PBMC_PBMC_PBMC_PBMC,no,no,no,no,no,no,no,20.7,579
JP247_PC715_WC15,JP247,NA,NA,PC715,AATGCGGTTC,WC15,CATTATGCCT,NA,JP247_P3,human_droso,CC5_CC6_CC7_CC8,PBMC_PBMC_PBMC_PBMC,no,no,no,no,no,no,no,20.7,579
JP247_PC715_WC16,JP247,NA,NA,PC715,AATGCGGTTC,WC16,TCCACTGTTG,NA,JP247_P3,human_droso,CC5_CC6_CC7_CC8,PBMC_PBMC_PBMC_PBMC,no,no,no,no,no,no,no,20.7,579
JP247_PC715_WC17,JP247,NA,NA,PC715,AATGCGGTTC,WC17,CTTAACGACA,NA,JP247_P3,human_droso,CC5_CC6_CC7_CC8,PBMC_PBMC_PBMC_PBMC,no,no,no,no,no,no,no,20.7,579
JP247_PC715_WC18,JP247,NA,NA,PC715,AATGCGGTTC,WC18,TCCTCGAGCT,NA,JP247_P3,human_droso,CC5_CC6_CC7_CC8,PBMC_PBMC_PBMC_PBMC,no,no,no,no,no,no,no,20.7,579
JP247_PC715_WC19,JP247,NA,NA,PC715,AATGCGGTTC,WC19,CGAGTAATGT,NA,JP247_P3,human_droso,CC5_CC6_CC7_CC8,PBMC_PBMC_PBMC_PBMC,no,no,no,no,no,no,no,20.7,579
JP247_PC715_WC20,JP247,NA,NA,PC715,AATGCGGTTC,WC20,CATACCGCTG,NA,JP247_P3,human_droso,CC5_CC6_CC7_CC8,PBMC_PBMC_PBMC_PBMC,no,no,no,no,no,no,no,20.7,579
JP247_PC715_WC21,JP247,NA,NA,PC715,AATGCGGTTC,WC21,GCTACTTGCA,NA,JP247_P3,human_droso,CC5_CC6_CC7_CC8,PBMC_PBMC_PBMC_PBMC,no,no,no,no,no,no,no,20.7,579
JP247_PC715_WC22,JP247,NA,NA,PC715,AATGCGGTTC,WC22,GCTATTGAAG,NA,JP247_P3,human_droso,CC5_CC6_CC7_CC8,PBMC_PBMC_PBMC_PBMC,no,no,no,no,no,no,no,20.7,579
JP247_PC715_WC23,JP247,NA,NA,PC715,AATGCGGTTC,WC23,TCAGCATCCG,NA,JP247_P3,human_droso,CC5_CC6_CC7_CC8,PBMC_PBMC_PBMC_PBMC,no,no,no,no,no,no,no,20.7,579
JP247_PC715_WC24,JP247,NA,NA,PC715,AATGCGGTTC,WC24,TAGGTGGTGG,NA,JP247_P3,human_droso,CC5_CC6_CC7_CC8,PBMC_PBMC_PBMC_PBMC,no,no,no,no,no,no,no,20.7,579
JP247_PC715_WC25,JP247,NA,NA,PC715,AATGCGGTTC,WC25,AAGATCGGAT,NA,JP247_P3,human_droso,CC5_CC6_CC7_CC8,PBMC_PBMC_PBMC_PBMC,no,no,no,no,no,no,no,20.7,579
JP247_PC715_WC26,JP247,NA,NA,PC715,AATGCGGTTC,WC26,TTAACGTCCG,NA,JP247_P3,human_droso,CC5_CC6_CC7_CC8,PBMC_PBMC_PBMC_PBMC,no,no,no,no,no,no,no,20.7,579
JP247_PC715_WC27,JP247,NA,NA,PC715,AATGCGGTTC,WC27,ATTACCGATC,NA,JP247_P3,human_droso,CC5_CC6_CC7_CC8,PBMC_PBMC_PBMC_PBMC,no,no,no,no,no,no,no,20.7,579
JP247_PC715_WC28,JP247,NA,NA,PC715,AATGCGGTTC,WC28,GTTGCATCGT,NA,JP247_P3,human_droso,CC5_CC6_CC7_CC8,PBMC_PBMC_PBMC_PBMC,no,no,no,no,no,no,no,20.7,579
JP247_PC715_WC29,JP247,NA,NA,PC715,AATGCGGTTC,WC29,ACTGGACGTT,NA,JP247_P3,human_droso,CC5_CC6_CC7_CC8,PBMC_PBMC_PBMC_PBMC,no,no,no,no,no,no,no,20.7,579
JP247_PC715_WC30,JP247,NA,NA,PC715,AATGCGGTTC,WC30,TTGTTCGTGT,NA,JP247_P3,human_droso,CC5_CC6_CC7_CC8,PBMC_PBMC_PBMC_PBMC,no,no,no,no,no,no,no,20.7,579
JP247_PC715_WC31,JP247,NA,NA,PC715,AATGCGGTTC,WC31,ACGGACTGAG,NA,JP247_P3,human_droso,CC5_CC6_CC7_CC8,PBMC_PBMC_PBMC_PBMC,no,no,no,no,no,no,no,20.7,579
JP247_PC715_WC32,JP247,NA,NA,PC715,AATGCGGTTC,WC32,CACCGTCATA,NA,JP247_P3,human_droso,CC5_CC6_CC7_CC8,PBMC_PBMC_PBMC_PBMC,no,no,no,no,no,no,no,20.7,579
JP247_PC715_WC33,JP247,NA,NA,PC715,AATGCGGTTC,WC33,GTAGTTGTGT,NA,JP247_P3,human_droso,CC5_CC6_CC7_CC8,PBMC_PBMC_PBMC_PBMC,no,no,no,no,no,no,no,20.7,579
JP247_PC715_WC34,JP247,NA,NA,PC715,AATGCGGTTC,WC34,CTGAGTCCTT,NA,JP247_P3,human_droso,CC5_CC6_CC7_CC8,PBMC_PBMC_PBMC_PBMC,no,no,no,no,no,no,no,20.7,579
JP247_PC715_WC35,JP247,NA,NA,PC715,AATGCGGTTC,WC35,TCACAGTTGC,NA,JP247_P3,human_droso,CC5_CC6_CC7_CC8,PBMC_PBMC_PBMC_PBMC,no,no,no,no,no,no,no,20.7,579
JP247_PC715_WC36,JP247,NA,NA,PC715,AATGCGGTTC,WC36,ATTGTAAGCG,NA,JP247_P3,human_droso,CC5_CC6_CC7_CC8,PBMC_PBMC_PBMC_PBMC,no,no,no,no,no,no,no,20.7,579
JP247_PC715_WC37,JP247,NA,NA,PC715,AATGCGGTTC,WC37,CGGTCTCTCT,NA,JP247_P3,human_droso,CC5_CC6_CC7_CC8,PBMC_PBMC_PBMC_PBMC,no,no,no,no,no,no,no,20.7,579
JP247_PC715_WC38,JP247,NA,NA,PC715,AATGCGGTTC,WC38,AACAGCAATG,NA,JP247_P3,human_droso,CC5_CC6_CC7_CC8,PBMC_PBMC_PBMC_PBMC,no,no,no,no,no,no,no,20.7,579
JP247_PC715_WC39,JP247,NA,NA,PC715,AATGCGGTTC,WC39,TCCGTGTTGC,NA,JP247_P3,human_droso,CC5_CC6_CC7_CC8,PBMC_PBMC_PBMC_PBMC,no,no,no,no,no,no,no,20.7,579
JP247_PC715_WC40,JP247,NA,NA,PC715,AATGCGGTTC,WC40,TGCGAAGTGA,NA,JP247_P3,human_droso,CC5_CC6_CC7_CC8,PBMC_PBMC_PBMC_PBMC,no,no,no,no,no,no,no,20.7,579
JP247_PC715_WC41,JP247,NA,NA,PC715,AATGCGGTTC,WC41,CACAGCTATT,NA,JP247_P3,human_droso,CC5_CC6_CC7_CC8,PBMC_PBMC_PBMC_PBMC,no,no,no,no,no,no,no,20.7,579
JP247_PC715_WC42,JP247,NA,NA,PC715,AATGCGGTTC,WC42,GATAGTGTTC,NA,JP247_P3,human_droso,CC5_CC6_CC7_CC8,PBMC_PBMC_PBMC_PBMC,no,no,no,no,no,no,no,20.7,579
JP247_PC715_WC43,JP247,NA,NA,PC715,AATGCGGTTC,WC43,TAGCTACCAG,NA,JP247_P3,human_droso,CC5_CC6_CC7_CC8,PBMC_PBMC_PBMC_PBMC,no,no,no,no,no,no,no,20.7,579
JP247_PC715_WC44,JP247,NA,NA,PC715,AATGCGGTTC,WC44,TGCTCACGCA,NA,JP247_P3,human_droso,CC5_CC6_CC7_CC8,PBMC_PBMC_PBMC_PBMC,no,no,no,no,no,no,no,20.7,579
JP247_PC715_WC45,JP247,NA,NA,PC715,AATGCGGTTC,WC45,AAGTGTGCTA,NA,JP247_P3,human_droso,CC5_CC6_CC7_CC8,PBMC_PBMC_PBMC_PBMC,no,no,no,no,no,no,no,20.7,579
JP247_PC715_WC46,JP247,NA,NA,PC715,AATGCGGTTC,WC46,TCATCGTCTG,NA,JP247_P3,human_droso,CC5_CC6_CC7_CC8,PBMC_PBMC_PBMC_PBMC,no,no,no,no,no,no,no,20.7,579
JP247_PC715_WC47,JP247,NA,NA,PC715,AATGCGGTTC,WC47,AGATGCTCCG,NA,JP247_P3,human_droso,CC5_CC6_CC7_CC8,PBMC_PBMC_PBMC_PBMC,no,no,no,no,no,no,no,20.7,579
JP247_PC715_WC48,JP247,NA,NA,PC715,AATGCGGTTC,WC48,GAACCAAGCG,NA,JP247_P3,human_droso,CC5_CC6_CC7_CC8,PBMC_PBMC_PBMC_PBMC,no,no,no,no,no,no,no,20.7,579
JP247_PC715_WC49,JP247,NA,NA,PC715,AATGCGGTTC,WC49,CCTCTTCAAG,NA,JP247_P3,human_droso,CC5_CC6_CC7_CC8,PBMC_PBMC_PBMC_PBMC,no,no,no,no,no,no,no,20.7,579
JP247_PC715_WC50,JP247,NA,NA,PC715,AATGCGGTTC,WC50,CGTCGCATCT,NA,JP247_P3,human_droso,CC5_CC6_CC7_CC8,PBMC_PBMC_PBMC_PBMC,no,no,no,no,no,no,no,20.7,579
JP247_PC715_WC51,JP247,NA,NA,PC715,AATGCGGTTC,WC51,CCGAACGTTC,NA,JP247_P3,human_droso,CC5_CC6_CC7_CC8,PBMC_PBMC_PBMC_PBMC,no,no,no,no,no,no,no,20.7,579
JP247_PC715_WC52,JP247,NA,NA,PC715,AATGCGGTTC,WC52,GAATGGCGTT,NA,JP247_P3,human_droso,CC5_CC6_CC7_CC8,PBMC_PBMC_PBMC_PBMC,no,no,no,no,no,no,no,20.7,579
JP247_PC715_WC53,JP247,NA,NA,PC715,AATGCGGTTC,WC53,AAGTTCAGGA,NA,JP247_P3,human_droso,CC5_CC6_CC7_CC8,PBMC_PBMC_PBMC_PBMC,no,no,no,no,no,no,no,20.7,579
JP247_PC715_WC54,JP247,NA,NA,PC715,AATGCGGTTC,WC54,GACCAATTGT,NA,JP247_P3,human_droso,CC5_CC6_CC7_CC8,PBMC_PBMC_PBMC_PBMC,no,no,no,no,no,no,no,20.7,579
JP247_PC715_WC55,JP247,NA,NA,PC715,AATGCGGTTC,WC55,TGTCTGTGAC,NA,JP247_P3,human_droso,CC5_CC6_CC7_CC8,PBMC_PBMC_PBMC_PBMC,no,no,no,no,no,no,no,20.7,579
JP247_PC715_WC56,JP247,NA,NA,PC715,AATGCGGTTC,WC56,GAACATTGGC,NA,JP247_P3,human_droso,CC5_CC6_CC7_CC8,PBMC_PBMC_PBMC_PBMC,no,no,no,no,no,no,no,20.7,579
JP247_PC715_WC57,JP247,NA,NA,PC715,AATGCGGTTC,WC57,CGTAACACTA,NA,JP247_P3,human_droso,CC5_CC6_CC7_CC8,PBMC_PBMC_PBMC_PBMC,no,no,no,no,no,no,no,20.7,579
JP247_PC715_WC58,JP247,NA,NA,PC715,AATGCGGTTC,WC58,GTACTTCCAA,NA,JP247_P3,human_droso,CC5_CC6_CC7_CC8,PBMC_PBMC_PBMC_PBMC,no,no,no,no,no,no,no,20.7,579
JP247_PC715_WC59,JP247,NA,NA,PC715,AATGCGGTTC,WC59,TTAGCGTCTT,NA,JP247_P3,human_droso,CC5_CC6_CC7_CC8,PBMC_PBMC_PBMC_PBMC,no,no,no,no,no,no,no,20.7,579
JP247_PC715_WC60,JP247,NA,NA,PC715,AATGCGGTTC,WC60,TTGACCGTCT,NA,JP247_P3,human_droso,CC5_CC6_CC7_CC8,PBMC_PBMC_PBMC_PBMC,no,no,no,no,no,no,no,20.7,579
JP247_PC715_WC61,JP247,NA,NA,PC715,AATGCGGTTC,WC61,ACGGCTTCTC,NA,JP247_P3,human_droso,CC5_CC6_CC7_CC8,PBMC_PBMC_PBMC_PBMC,no,no,no,no,no,no,no,20.7,579
JP247_PC715_WC62,JP247,NA,NA,PC715,AATGCGGTTC,WC62,TGCGATGTAT,NA,JP247_P3,human_droso,CC5_CC6_CC7_CC8,PBMC_PBMC_PBMC_PBMC,no,no,no,no,no,no,no,20.7,579
JP247_PC715_WC63,JP247,NA,NA,PC715,AATGCGGTTC,WC63,GCGTTCAGCA,NA,JP247_P3,human_droso,CC5_CC6_CC7_CC8,PBMC_PBMC_PBMC_PBMC,no,no,no,no,no,no,no,20.7,579
JP247_PC715_WC64,JP247,NA,NA,PC715,AATGCGGTTC,WC64,GCCTAGGAAG,NA,JP247_P3,human_droso,CC5_CC6_CC7_CC8,PBMC_PBMC_PBMC_PBMC,no,no,no,no,no,no,no,20.7,579
JP247_PC715_WC65,JP247,NA,NA,PC715,AATGCGGTTC,WC65,GTTACCAACG,NA,JP247_P3,human_droso,CC5_CC6_CC7_CC8,PBMC_PBMC_PBMC_PBMC,no,no,no,no,no,no,no,20.7,579
JP247_PC715_WC66,JP247,NA,NA,PC715,AATGCGGTTC,WC66,ACGAACCAAG,NA,JP247_P3,human_droso,CC5_CC6_CC7_CC8,PBMC_PBMC_PBMC_PBMC,no,no,no,no,no,no,no,20.7,579
JP247_PC715_WC67,JP247,NA,NA,PC715,AATGCGGTTC,WC67,CACGCAAGTC,NA,JP247_P3,human_droso,CC5_CC6_CC7_CC8,PBMC_PBMC_PBMC_PBMC,no,no,no,no,no,no,no,20.7,579
JP247_PC715_WC68,JP247,NA,NA,PC715,AATGCGGTTC,WC68,GCTGGAGAAG,NA,JP247_P3,human_droso,CC5_CC6_CC7_CC8,PBMC_PBMC_PBMC_PBMC,no,no,no,no,no,no,no,20.7,579
JP247_PC715_WC69,JP247,NA,NA,PC715,AATGCGGTTC,WC69,CCAGTGTACG,NA,JP247_P3,human_droso,CC5_CC6_CC7_CC8,PBMC_PBMC_PBMC_PBMC,no,no,no,no,no,no,no,20.7,579
JP247_PC715_WC70,JP247,NA,NA,PC715,AATGCGGTTC,WC70,GTTGATGCGA,NA,JP247_P3,human_droso,CC5_CC6_CC7_CC8,PBMC_PBMC_PBMC_PBMC,no,no,no,no,no,no,no,20.7,579
JP247_PC715_WC71,JP247,NA,NA,PC715,AATGCGGTTC,WC71,CGCTTGTTAT,NA,JP247_P3,human_droso,CC5_CC6_CC7_CC8,PBMC_PBMC_PBMC_PBMC,no,no,no,no,no,no,no,20.7,579
JP247_PC715_WC72,JP247,NA,NA,PC715,AATGCGGTTC,WC72,GTAACGTTCA,NA,JP247_P3,human_droso,CC5_CC6_CC7_CC8,PBMC_PBMC_PBMC_PBMC,no,no,no,no,no,no,no,20.7,579
JP247_PC715_WC73,JP247,NA,NA,PC715,AATGCGGTTC,WC73,CCGAGTCTTC,NA,JP247_P3,human_droso,CC5_CC6_CC7_CC8,PBMC_PBMC_PBMC_PBMC,no,no,no,no,no,no,no,20.7,579
JP247_PC715_WC74,JP247,NA,NA,PC715,AATGCGGTTC,WC74,TATTGCGCTA,NA,JP247_P3,human_droso,CC5_CC6_CC7_CC8,PBMC_PBMC_PBMC_PBMC,no,no,no,no,no,no,no,20.7,579
JP247_PC715_WC75,JP247,NA,NA,PC715,AATGCGGTTC,WC75,TGTGGTCTAA,NA,JP247_P3,human_droso,CC5_CC6_CC7_CC8,PBMC_PBMC_PBMC_PBMC,no,no,no,no,no,no,no,20.7,579
JP247_PC715_WC76,JP247,NA,NA,PC715,AATGCGGTTC,WC76,CACGTCTACG,NA,JP247_P3,human_droso,CC5_CC6_CC7_CC8,PBMC_PBMC_PBMC_PBMC,no,no,no,no,no,no,no,20.7,579
JP247_PC715_WC77,JP247,NA,NA,PC715,AATGCGGTTC,WC77,AGTCCAGTGA,NA,JP247_P3,human_droso,CC5_CC6_CC7_CC8,PBMC_PBMC_PBMC_PBMC,no,no,no,no,no,no,no,20.7,579
JP247_PC715_WC78,JP247,NA,NA,PC715,AATGCGGTTC,WC78,ATGCTTGGTC,NA,JP247_P3,human_droso,CC5_CC6_CC7_CC8,PBMC_PBMC_PBMC_PBMC,no,no,no,no,no,no,no,20.7,579
JP247_PC715_WC79,JP247,NA,NA,PC715,AATGCGGTTC,WC79,TGATACTCGC,NA,JP247_P3,human_droso,CC5_CC6_CC7_CC8,PBMC_PBMC_PBMC_PBMC,no,no,no,no,no,no,no,20.7,579
JP247_PC715_WC80,JP247,NA,NA,PC715,AATGCGGTTC,WC80,TTATCGAGAG,NA,JP247_P3,human_droso,CC5_CC6_CC7_CC8,PBMC_PBMC_PBMC_PBMC,no,no,no,no,no,no,no,20.7,579
JP247_PC715_WC81,JP247,NA,NA,PC715,AATGCGGTTC,WC81,TGCCAGTATT,NA,JP247_P3,human_droso,CC5_CC6_CC7_CC8,PBMC_PBMC_PBMC_PBMC,no,no,no,no,no,no,no,20.7,579
JP247_PC715_WC82,JP247,NA,NA,PC715,AATGCGGTTC,WC82,GAGTTGCATA,NA,JP247_P3,human_droso,CC5_CC6_CC7_CC8,PBMC_PBMC_PBMC_PBMC,no,no,no,no,no,no,no,20.7,579
JP247_PC715_WC83,JP247,NA,NA,PC715,AATGCGGTTC,WC83,ACACTAGCAT,NA,JP247_P3,human_droso,CC5_CC6_CC7_CC8,PBMC_PBMC_PBMC_PBMC,no,no,no,no,no,no,no,20.7,579
JP247_PC715_WC84,JP247,NA,NA,PC715,AATGCGGTTC,WC84,GTTCTAATGG,NA,JP247_P3,human_droso,CC5_CC6_CC7_CC8,PBMC_PBMC_PBMC_PBMC,no,no,no,no,no,no,no,20.7,579
JP247_PC715_WC85,JP247,NA,NA,PC715,AATGCGGTTC,WC85,CGTTCACGTT,NA,JP247_P3,human_droso,CC5_CC6_CC7_CC8,PBMC_PBMC_PBMC_PBMC,no,no,no,no,no,no,no,20.7,579
JP247_PC715_WC86,JP247,NA,NA,PC715,AATGCGGTTC,WC86,GACTGCGTTA,NA,JP247_P3,human_droso,CC5_CC6_CC7_CC8,PBMC_PBMC_PBMC_PBMC,no,no,no,no,no,no,no,20.7,579
JP247_PC715_WC87,JP247,NA,NA,PC715,AATGCGGTTC,WC87,TGGCTTATGG,NA,JP247_P3,human_droso,CC5_CC6_CC7_CC8,PBMC_PBMC_PBMC_PBMC,no,no,no,no,no,no,no,20.7,579
JP247_PC715_WC88,JP247,NA,NA,PC715,AATGCGGTTC,WC88,TCAGAGGCAC,NA,JP247_P3,human_droso,CC5_CC6_CC7_CC8,PBMC_PBMC_PBMC_PBMC,no,no,no,no,no,no,no,20.7,579
JP247_PC715_WC89,JP247,NA,NA,PC715,AATGCGGTTC,WC89,CGCTAGGCTA,NA,JP247_P3,human_droso,CC5_CC6_CC7_CC8,PBMC_PBMC_PBMC_PBMC,no,no,no,no,no,no,no,20.7,579
JP247_PC715_WC90,JP247,NA,NA,PC715,AATGCGGTTC,WC90,AACCGTAACA,NA,JP247_P3,human_droso,CC5_CC6_CC7_CC8,PBMC_PBMC_PBMC_PBMC,no,no,no,no,no,no,no,20.7,579
JP247_PC715_WC91,JP247,NA,NA,PC715,AATGCGGTTC,WC91,CTTGGTATGA,NA,JP247_P3,human_droso,CC5_CC6_CC7_CC8,PBMC_PBMC_PBMC_PBMC,no,no,no,no,no,no,no,20.7,579
JP247_PC715_WC92,JP247,NA,NA,PC715,AATGCGGTTC,WC92,TGTAGATCCG,NA,JP247_P3,human_droso,CC5_CC6_CC7_CC8,PBMC_PBMC_PBMC_PBMC,no,no,no,no,no,no,no,20.7,579
JP247_PC715_WC93,JP247,NA,NA,PC715,AATGCGGTTC,WC93,AACTCTACCG,NA,JP247_P3,human_droso,CC5_CC6_CC7_CC8,PBMC_PBMC_PBMC_PBMC,no,no,no,no,no,no,no,20.7,579
JP247_PC715_WC94,JP247,NA,NA,PC715,AATGCGGTTC,WC94,CGTGACATTC,NA,JP247_P3,human_droso,CC5_CC6_CC7_CC8,PBMC_PBMC_PBMC_PBMC,no,no,no,no,no,no,no,20.7,579
JP247_PC715_WC95,JP247,NA,NA,PC715,AATGCGGTTC,WC95,CTGTACCAGG,NA,JP247_P3,human_droso,CC5_CC6_CC7_CC8,PBMC_PBMC_PBMC_PBMC,no,no,no,no,no,no,no,20.7,579
JP247_PC715_WC96,JP247,NA,NA,PC715,AATGCGGTTC,WC96,ACTGGTTCCG,NA,JP247_P3,human_droso,CC5_CC6_CC7_CC8,PBMC_PBMC_PBMC_PBMC,no,no,no,no,no,no,no,20.7,579
JP247_PC716_WC1,JP247,NA,NA,PC716,AGCCTGTTGT,WC1,GTCGTGAATC,NA,JP247_P4,human_droso,CC5_CC6_CC7_CC8,PBMC_PBMC_PBMC_PBMC,no,no,no,no,no,no,no,2.28,434
JP247_PC716_WC2,JP247,NA,NA,PC716,AGCCTGTTGT,WC2,CTGTTCTACG,NA,JP247_P4,human_droso,CC5_CC6_CC7_CC8,PBMC_PBMC_PBMC_PBMC,no,no,no,no,no,no,no,2.28,434
JP247_PC716_WC3,JP247,NA,NA,PC716,AGCCTGTTGT,WC3,GCTCTTAGGT,NA,JP247_P4,human_droso,CC5_CC6_CC7_CC8,PBMC_PBMC_PBMC_PBMC,no,no,no,no,no,no,no,2.28,434
JP247_PC716_WC4,JP247,NA,NA,PC716,AGCCTGTTGT,WC4,TAGAAGCCAT,NA,JP247_P4,human_droso,CC5_CC6_CC7_CC8,PBMC_PBMC_PBMC_PBMC,no,no,no,no,no,no,no,2.28,434
JP247_PC716_WC5,JP247,NA,NA,PC716,AGCCTGTTGT,WC5,CACTTAGGTA,NA,JP247_P4,human_droso,CC5_CC6_CC7_CC8,PBMC_PBMC_PBMC_PBMC,no,no,no,no,no,no,no,2.28,434
JP247_PC716_WC6,JP247,NA,NA,PC716,AGCCTGTTGT,WC6,ATAGGTAAGG,NA,JP247_P4,human_droso,CC5_CC6_CC7_CC8,PBMC_PBMC_PBMC_PBMC,no,no,no,no,no,no,no,2.28,434
JP247_PC716_WC7,JP247,NA,NA,PC716,AGCCTGTTGT,WC7,CGCCTTATAT,NA,JP247_P4,human_droso,CC5_CC6_CC7_CC8,PBMC_PBMC_PBMC_PBMC,no,no,no,no,no,no,no,2.28,434
JP247_PC716_WC8,JP247,NA,NA,PC716,AGCCTGTTGT,WC8,GCACGATGCT,NA,JP247_P4,human_droso,CC5_CC6_CC7_CC8,PBMC_PBMC_PBMC_PBMC,no,no,no,no,no,no,no,2.28,434
JP247_PC716_WC9,JP247,NA,NA,PC716,AGCCTGTTGT,WC9,AATATGCCAG,NA,JP247_P4,human_droso,CC5_CC6_CC7_CC8,PBMC_PBMC_PBMC_PBMC,no,no,no,no,no,no,no,2.28,434
JP247_PC716_WC10,JP247,NA,NA,PC716,AGCCTGTTGT,WC10,TAGAGTCACG,NA,JP247_P4,human_droso,CC5_CC6_CC7_CC8,PBMC_PBMC_PBMC_PBMC,no,no,no,no,no,no,no,2.28,434
JP247_PC716_WC11,JP247,NA,NA,PC716,AGCCTGTTGT,WC11,TTAACAGGTC,NA,JP247_P4,human_droso,CC5_CC6_CC7_CC8,PBMC_PBMC_PBMC_PBMC,no,no,no,no,no,no,no,2.28,434
JP247_PC716_WC12,JP247,NA,NA,PC716,AGCCTGTTGT,WC12,ACATGAGCCA,NA,JP247_P4,human_droso,CC5_CC6_CC7_CC8,PBMC_PBMC_PBMC_PBMC,no,no,no,no,no,no,no,2.28,434
JP247_PC716_WC13,JP247,NA,NA,PC716,AGCCTGTTGT,WC13,GCGAGGTTCT,NA,JP247_P4,human_droso,CC5_CC6_CC7_CC8,PBMC_PBMC_PBMC_PBMC,no,no,no,no,no,no,no,2.28,434
JP247_PC716_WC14,JP247,NA,NA,PC716,AGCCTGTTGT,WC14,TGTCCGTAGG,NA,JP247_P4,human_droso,CC5_CC6_CC7_CC8,PBMC_PBMC_PBMC_PBMC,no,no,no,no,no,no,no,2.28,434
JP247_PC716_WC15,JP247,NA,NA,PC716,AGCCTGTTGT,WC15,CATTATGCCT,NA,JP247_P4,human_droso,CC5_CC6_CC7_CC8,PBMC_PBMC_PBMC_PBMC,no,no,no,no,no,no,no,2.28,434
JP247_PC716_WC16,JP247,NA,NA,PC716,AGCCTGTTGT,WC16,TCCACTGTTG,NA,JP247_P4,human_droso,CC5_CC6_CC7_CC8,PBMC_PBMC_PBMC_PBMC,no,no,no,no,no,no,no,2.28,434
JP247_PC716_WC17,JP247,NA,NA,PC716,AGCCTGTTGT,WC17,CTTAACGACA,NA,JP247_P4,human_droso,CC5_CC6_CC7_CC8,PBMC_PBMC_PBMC_PBMC,no,no,no,no,no,no,no,2.28,434
JP247_PC716_WC18,JP247,NA,NA,PC716,AGCCTGTTGT,WC18,TCCTCGAGCT,NA,JP247_P4,human_droso,CC5_CC6_CC7_CC8,PBMC_PBMC_PBMC_PBMC,no,no,no,no,no,no,no,2.28,434
JP247_PC716_WC19,JP247,NA,NA,PC716,AGCCTGTTGT,WC19,CGAGTAATGT,NA,JP247_P4,human_droso,CC5_CC6_CC7_CC8,PBMC_PBMC_PBMC_PBMC,no,no,no,no,no,no,no,2.28,434
JP247_PC716_WC20,JP247,NA,NA,PC716,AGCCTGTTGT,WC20,CATACCGCTG,NA,JP247_P4,human_droso,CC5_CC6_CC7_CC8,PBMC_PBMC_PBMC_PBMC,no,no,no,no,no,no,no,2.28,434
JP247_PC716_WC21,JP247,NA,NA,PC716,AGCCTGTTGT,WC21,GCTACTTGCA,NA,JP247_P4,human_droso,CC5_CC6_CC7_CC8,PBMC_PBMC_PBMC_PBMC,no,no,no,no,no,no,no,2.28,434
JP247_PC716_WC22,JP247,NA,NA,PC716,AGCCTGTTGT,WC22,GCTATTGAAG,NA,JP247_P4,human_droso,CC5_CC6_CC7_CC8,PBMC_PBMC_PBMC_PBMC,no,no,no,no,no,no,no,2.28,434
JP247_PC716_WC23,JP247,NA,NA,PC716,AGCCTGTTGT,WC23,TCAGCATCCG,NA,JP247_P4,human_droso,CC5_CC6_CC7_CC8,PBMC_PBMC_PBMC_PBMC,no,no,no,no,no,no,no,2.28,434
JP247_PC716_WC24,JP247,NA,NA,PC716,AGCCTGTTGT,WC24,TAGGTGGTGG,NA,JP247_P4,human_droso,CC5_CC6_CC7_CC8,PBMC_PBMC_PBMC_PBMC,no,no,no,no,no,no,no,2.28,434
JP247_PC716_WC25,JP247,NA,NA,PC716,AGCCTGTTGT,WC25,AAGATCGGAT,NA,JP247_P4,human_droso,CC5_CC6_CC7_CC8,PBMC_PBMC_PBMC_PBMC,no,no,no,no,no,no,no,2.28,434
JP247_PC716_WC26,JP247,NA,NA,PC716,AGCCTGTTGT,WC26,TTAACGTCCG,NA,JP247_P4,human_droso,CC5_CC6_CC7_CC8,PBMC_PBMC_PBMC_PBMC,no,no,no,no,no,no,no,2.28,434
JP247_PC716_WC27,JP247,NA,NA,PC716,AGCCTGTTGT,WC27,ATTACCGATC,NA,JP247_P4,human_droso,CC5_CC6_CC7_CC8,PBMC_PBMC_PBMC_PBMC,no,no,no,no,no,no,no,2.28,434
JP247_PC716_WC28,JP247,NA,NA,PC716,AGCCTGTTGT,WC28,GTTGCATCGT,NA,JP247_P4,human_droso,CC5_CC6_CC7_CC8,PBMC_PBMC_PBMC_PBMC,no,no,no,no,no,no,no,2.28,434
JP247_PC716_WC29,JP247,NA,NA,PC716,AGCCTGTTGT,WC29,ACTGGACGTT,NA,JP247_P4,human_droso,CC5_CC6_CC7_CC8,PBMC_PBMC_PBMC_PBMC,no,no,no,no,no,no,no,2.28,434
JP247_PC716_WC30,JP247,NA,NA,PC716,AGCCTGTTGT,WC30,TTGTTCGTGT,NA,JP247_P4,human_droso,CC5_CC6_CC7_CC8,PBMC_PBMC_PBMC_PBMC,no,no,no,no,no,no,no,2.28,434
JP247_PC716_WC31,JP247,NA,NA,PC716,AGCCTGTTGT,WC31,ACGGACTGAG,NA,JP247_P4,human_droso,CC5_CC6_CC7_CC8,PBMC_PBMC_PBMC_PBMC,no,no,no,no,no,no,no,2.28,434
JP247_PC716_WC32,JP247,NA,NA,PC716,AGCCTGTTGT,WC32,CACCGTCATA,NA,JP247_P4,human_droso,CC5_CC6_CC7_CC8,PBMC_PBMC_PBMC_PBMC,no,no,no,no,no,no,no,2.28,434
JP247_PC716_WC33,JP247,NA,NA,PC716,AGCCTGTTGT,WC33,GTAGTTGTGT,NA,JP247_P4,human_droso,CC5_CC6_CC7_CC8,PBMC_PBMC_PBMC_PBMC,no,no,no,no,no,no,no,2.28,434
JP247_PC716_WC34,JP247,NA,NA,PC716,AGCCTGTTGT,WC34,CTGAGTCCTT,NA,JP247_P4,human_droso,CC5_CC6_CC7_CC8,PBMC_PBMC_PBMC_PBMC,no,no,no,no,no,no,no,2.28,434
JP247_PC716_WC35,JP247,NA,NA,PC716,AGCCTGTTGT,WC35,TCACAGTTGC,NA,JP247_P4,human_droso,CC5_CC6_CC7_CC8,PBMC_PBMC_PBMC_PBMC,no,no,no,no,no,no,no,2.28,434
JP247_PC716_WC36,JP247,NA,NA,PC716,AGCCTGTTGT,WC36,ATTGTAAGCG,NA,JP247_P4,human_droso,CC5_CC6_CC7_CC8,PBMC_PBMC_PBMC_PBMC,no,no,no,no,no,no,no,2.28,434
JP247_PC716_WC37,JP247,NA,NA,PC716,AGCCTGTTGT,WC37,CGGTCTCTCT,NA,JP247_P4,human_droso,CC5_CC6_CC7_CC8,PBMC_PBMC_PBMC_PBMC,no,no,no,no,no,no,no,2.28,434
JP247_PC716_WC38,JP247,NA,NA,PC716,AGCCTGTTGT,WC38,AACAGCAATG,NA,JP247_P4,human_droso,CC5_CC6_CC7_CC8,PBMC_PBMC_PBMC_PBMC,no,no,no,no,no,no,no,2.28,434
JP247_PC716_WC39,JP247,NA,NA,PC716,AGCCTGTTGT,WC39,TCCGTGTTGC,NA,JP247_P4,human_droso,CC5_CC6_CC7_CC8,PBMC_PBMC_PBMC_PBMC,no,no,no,no,no,no,no,2.28,434
JP247_PC716_WC40,JP247,NA,NA,PC716,AGCCTGTTGT,WC40,TGCGAAGTGA,NA,JP247_P4,human_droso,CC5_CC6_CC7_CC8,PBMC_PBMC_PBMC_PBMC,no,no,no,no,no,no,no,2.28,434
JP247_PC716_WC41,JP247,NA,NA,PC716,AGCCTGTTGT,WC41,CACAGCTATT,NA,JP247_P4,human_droso,CC5_CC6_CC7_CC8,PBMC_PBMC_PBMC_PBMC,no,no,no,no,no,no,no,2.28,434
JP247_PC716_WC42,JP247,NA,NA,PC716,AGCCTGTTGT,WC42,GATAGTGTTC,NA,JP247_P4,human_droso,CC5_CC6_CC7_CC8,PBMC_PBMC_PBMC_PBMC,no,no,no,no,no,no,no,2.28,434
JP247_PC716_WC43,JP247,NA,NA,PC716,AGCCTGTTGT,WC43,TAGCTACCAG,NA,JP247_P4,human_droso,CC5_CC6_CC7_CC8,PBMC_PBMC_PBMC_PBMC,no,no,no,no,no,no,no,2.28,434
JP247_PC716_WC44,JP247,NA,NA,PC716,AGCCTGTTGT,WC44,TGCTCACGCA,NA,JP247_P4,human_droso,CC5_CC6_CC7_CC8,PBMC_PBMC_PBMC_PBMC,no,no,no,no,no,no,no,2.28,434
JP247_PC716_WC45,JP247,NA,NA,PC716,AGCCTGTTGT,WC45,AAGTGTGCTA,NA,JP247_P4,human_droso,CC5_CC6_CC7_CC8,PBMC_PBMC_PBMC_PBMC,no,no,no,no,no,no,no,2.28,434
JP247_PC716_WC46,JP247,NA,NA,PC716,AGCCTGTTGT,WC46,TCATCGTCTG,NA,JP247_P4,human_droso,CC5_CC6_CC7_CC8,PBMC_PBMC_PBMC_PBMC,no,no,no,no,no,no,no,2.28,434
JP247_PC716_WC47,JP247,NA,NA,PC716,AGCCTGTTGT,WC47,AGATGCTCCG,NA,JP247_P4,human_droso,CC5_CC6_CC7_CC8,PBMC_PBMC_PBMC_PBMC,no,no,no,no,no,no,no,2.28,434
JP247_PC716_WC48,JP247,NA,NA,PC716,AGCCTGTTGT,WC48,GAACCAAGCG,NA,JP247_P4,human_droso,CC5_CC6_CC7_CC8,PBMC_PBMC_PBMC_PBMC,no,no,no,no,no,no,no,2.28,434
JP247_PC716_WC49,JP247,NA,NA,PC716,AGCCTGTTGT,WC49,CCTCTTCAAG,NA,JP247_P4,human_droso,CC5_CC6_CC7_CC8,PBMC_PBMC_PBMC_PBMC,no,no,no,no,no,no,no,2.28,434
JP247_PC716_WC50,JP247,NA,NA,PC716,AGCCTGTTGT,WC50,CGTCGCATCT,NA,JP247_P4,human_droso,CC5_CC6_CC7_CC8,PBMC_PBMC_PBMC_PBMC,no,no,no,no,no,no,no,2.28,434
JP247_PC716_WC51,JP247,NA,NA,PC716,AGCCTGTTGT,WC51,CCGAACGTTC,NA,JP247_P4,human_droso,CC5_CC6_CC7_CC8,PBMC_PBMC_PBMC_PBMC,no,no,no,no,no,no,no,2.28,434
JP247_PC716_WC52,JP247,NA,NA,PC716,AGCCTGTTGT,WC52,GAATGGCGTT,NA,JP247_P4,human_droso,CC5_CC6_CC7_CC8,PBMC_PBMC_PBMC_PBMC,no,no,no,no,no,no,no,2.28,434
JP247_PC716_WC53,JP247,NA,NA,PC716,AGCCTGTTGT,WC53,AAGTTCAGGA,NA,JP247_P4,human_droso,CC5_CC6_CC7_CC8,PBMC_PBMC_PBMC_PBMC,no,no,no,no,no,no,no,2.28,434
JP247_PC716_WC54,JP247,NA,NA,PC716,AGCCTGTTGT,WC54,GACCAATTGT,NA,JP247_P4,human_droso,CC5_CC6_CC7_CC8,PBMC_PBMC_PBMC_PBMC,no,no,no,no,no,no,no,2.28,434
JP247_PC716_WC55,JP247,NA,NA,PC716,AGCCTGTTGT,WC55,TGTCTGTGAC,NA,JP247_P4,human_droso,CC5_CC6_CC7_CC8,PBMC_PBMC_PBMC_PBMC,no,no,no,no,no,no,no,2.28,434
JP247_PC716_WC56,JP247,NA,NA,PC716,AGCCTGTTGT,WC56,GAACATTGGC,NA,JP247_P4,human_droso,CC5_CC6_CC7_CC8,PBMC_PBMC_PBMC_PBMC,no,no,no,no,no,no,no,2.28,434
JP247_PC716_WC57,JP247,NA,NA,PC716,AGCCTGTTGT,WC57,CGTAACACTA,NA,JP247_P4,human_droso,CC5_CC6_CC7_CC8,PBMC_PBMC_PBMC_PBMC,no,no,no,no,no,no,no,2.28,434
JP247_PC716_WC58,JP247,NA,NA,PC716,AGCCTGTTGT,WC58,GTACTTCCAA,NA,JP247_P4,human_droso,CC5_CC6_CC7_CC8,PBMC_PBMC_PBMC_PBMC,no,no,no,no,no,no,no,2.28,434
JP247_PC716_WC59,JP247,NA,NA,PC716,AGCCTGTTGT,WC59,TTAGCGTCTT,NA,JP247_P4,human_droso,CC5_CC6_CC7_CC8,PBMC_PBMC_PBMC_PBMC,no,no,no,no,no,no,no,2.28,434
JP247_PC716_WC60,JP247,NA,NA,PC716,AGCCTGTTGT,WC60,TTGACCGTCT,NA,JP247_P4,human_droso,CC5_CC6_CC7_CC8,PBMC_PBMC_PBMC_PBMC,no,no,no,no,no,no,no,2.28,434
JP247_PC716_WC61,JP247,NA,NA,PC716,AGCCTGTTGT,WC61,ACGGCTTCTC,NA,JP247_P4,human_droso,CC5_CC6_CC7_CC8,PBMC_PBMC_PBMC_PBMC,no,no,no,no,no,no,no,2.28,434
JP247_PC716_WC62,JP247,NA,NA,PC716,AGCCTGTTGT,WC62,TGCGATGTAT,NA,JP247_P4,human_droso,CC5_CC6_CC7_CC8,PBMC_PBMC_PBMC_PBMC,no,no,no,no,no,no,no,2.28,434
JP247_PC716_WC63,JP247,NA,NA,PC716,AGCCTGTTGT,WC63,GCGTTCAGCA,NA,JP247_P4,human_droso,CC5_CC6_CC7_CC8,PBMC_PBMC_PBMC_PBMC,no,no,no,no,no,no,no,2.28,434
JP247_PC716_WC64,JP247,NA,NA,PC716,AGCCTGTTGT,WC64,GCCTAGGAAG,NA,JP247_P4,human_droso,CC5_CC6_CC7_CC8,PBMC_PBMC_PBMC_PBMC,no,no,no,no,no,no,no,2.28,434
JP247_PC716_WC65,JP247,NA,NA,PC716,AGCCTGTTGT,WC65,GTTACCAACG,NA,JP247_P4,human_droso,CC5_CC6_CC7_CC8,PBMC_PBMC_PBMC_PBMC,no,no,no,no,no,no,no,2.28,434
JP247_PC716_WC66,JP247,NA,NA,PC716,AGCCTGTTGT,WC66,ACGAACCAAG,NA,JP247_P4,human_droso,CC5_CC6_CC7_CC8,PBMC_PBMC_PBMC_PBMC,no,no,no,no,no,no,no,2.28,434
JP247_PC716_WC67,JP247,NA,NA,PC716,AGCCTGTTGT,WC67,CACGCAAGTC,NA,JP247_P4,human_droso,CC5_CC6_CC7_CC8,PBMC_PBMC_PBMC_PBMC,no,no,no,no,no,no,no,2.28,434
JP247_PC716_WC68,JP247,NA,NA,PC716,AGCCTGTTGT,WC68,GCTGGAGAAG,NA,JP247_P4,human_droso,CC5_CC6_CC7_CC8,PBMC_PBMC_PBMC_PBMC,no,no,no,no,no,no,no,2.28,434
JP247_PC716_WC69,JP247,NA,NA,PC716,AGCCTGTTGT,WC69,CCAGTGTACG,NA,JP247_P4,human_droso,CC5_CC6_CC7_CC8,PBMC_PBMC_PBMC_PBMC,no,no,no,no,no,no,no,2.28,434
JP247_PC716_WC70,JP247,NA,NA,PC716,AGCCTGTTGT,WC70,GTTGATGCGA,NA,JP247_P4,human_droso,CC5_CC6_CC7_CC8,PBMC_PBMC_PBMC_PBMC,no,no,no,no,no,no,no,2.28,434
JP247_PC716_WC71,JP247,NA,NA,PC716,AGCCTGTTGT,WC71,CGCTTGTTAT,NA,JP247_P4,human_droso,CC5_CC6_CC7_CC8,PBMC_PBMC_PBMC_PBMC,no,no,no,no,no,no,no,2.28,434
JP247_PC716_WC72,JP247,NA,NA,PC716,AGCCTGTTGT,WC72,GTAACGTTCA,NA,JP247_P4,human_droso,CC5_CC6_CC7_CC8,PBMC_PBMC_PBMC_PBMC,no,no,no,no,no,no,no,2.28,434
JP247_PC716_WC73,JP247,NA,NA,PC716,AGCCTGTTGT,WC73,CCGAGTCTTC,NA,JP247_P4,human_droso,CC5_CC6_CC7_CC8,PBMC_PBMC_PBMC_PBMC,no,no,no,no,no,no,no,2.28,434
JP247_PC716_WC74,JP247,NA,NA,PC716,AGCCTGTTGT,WC74,TATTGCGCTA,NA,JP247_P4,human_droso,CC5_CC6_CC7_CC8,PBMC_PBMC_PBMC_PBMC,no,no,no,no,no,no,no,2.28,434
JP247_PC716_WC75,JP247,NA,NA,PC716,AGCCTGTTGT,WC75,TGTGGTCTAA,NA,JP247_P4,human_droso,CC5_CC6_CC7_CC8,PBMC_PBMC_PBMC_PBMC,no,no,no,no,no,no,no,2.28,434
JP247_PC716_WC76,JP247,NA,NA,PC716,AGCCTGTTGT,WC76,CACGTCTACG,NA,JP247_P4,human_droso,CC5_CC6_CC7_CC8,PBMC_PBMC_PBMC_PBMC,no,no,no,no,no,no,no,2.28,434
JP247_PC716_WC77,JP247,NA,NA,PC716,AGCCTGTTGT,WC77,AGTCCAGTGA,NA,JP247_P4,human_droso,CC5_CC6_CC7_CC8,PBMC_PBMC_PBMC_PBMC,no,no,no,no,no,no,no,2.28,434
JP247_PC716_WC78,JP247,NA,NA,PC716,AGCCTGTTGT,WC78,ATGCTTGGTC,NA,JP247_P4,human_droso,CC5_CC6_CC7_CC8,PBMC_PBMC_PBMC_PBMC,no,no,no,no,no,no,no,2.28,434
JP247_PC716_WC79,JP247,NA,NA,PC716,AGCCTGTTGT,WC79,TGATACTCGC,NA,JP247_P4,human_droso,CC5_CC6_CC7_CC8,PBMC_PBMC_PBMC_PBMC,no,no,no,no,no,no,no,2.28,434
JP247_PC716_WC80,JP247,NA,NA,PC716,AGCCTGTTGT,WC80,TTATCGAGAG,NA,JP247_P4,human_droso,CC5_CC6_CC7_CC8,PBMC_PBMC_PBMC_PBMC,no,no,no,no,no,no,no,2.28,434
JP247_PC716_WC81,JP247,NA,NA,PC716,AGCCTGTTGT,WC81,TGCCAGTATT,NA,JP247_P4,human_droso,CC5_CC6_CC7_CC8,PBMC_PBMC_PBMC_PBMC,no,no,no,no,no,no,no,2.28,434
JP247_PC716_WC82,JP247,NA,NA,PC716,AGCCTGTTGT,WC82,GAGTTGCATA,NA,JP247_P4,human_droso,CC5_CC6_CC7_CC8,PBMC_PBMC_PBMC_PBMC,no,no,no,no,no,no,no,2.28,434
JP247_PC716_WC83,JP247,NA,NA,PC716,AGCCTGTTGT,WC83,ACACTAGCAT,NA,JP247_P4,human_droso,CC5_CC6_CC7_CC8,PBMC_PBMC_PBMC_PBMC,no,no,no,no,no,no,no,2.28,434
JP247_PC716_WC84,JP247,NA,NA,PC716,AGCCTGTTGT,WC84,GTTCTAATGG,NA,JP247_P4,human_droso,CC5_CC6_CC7_CC8,PBMC_PBMC_PBMC_PBMC,no,no,no,no,no,no,no,2.28,434
JP247_PC716_WC85,JP247,NA,NA,PC716,AGCCTGTTGT,WC85,CGTTCACGTT,NA,JP247_P4,human_droso,CC5_CC6_CC7_CC8,PBMC_PBMC_PBMC_PBMC,no,no,no,no,no,no,no,2.28,434
JP247_PC716_WC86,JP247,NA,NA,PC716,AGCCTGTTGT,WC86,GACTGCGTTA,NA,JP247_P4,human_droso,CC5_CC6_CC7_CC8,PBMC_PBMC_PBMC_PBMC,no,no,no,no,no,no,no,2.28,434
JP247_PC716_WC87,JP247,NA,NA,PC716,AGCCTGTTGT,WC87,TGGCTTATGG,NA,JP247_P4,human_droso,CC5_CC6_CC7_CC8,PBMC_PBMC_PBMC_PBMC,no,no,no,no,no,no,no,2.28,434
JP247_PC716_WC88,JP247,NA,NA,PC716,AGCCTGTTGT,WC88,TCAGAGGCAC,NA,JP247_P4,human_droso,CC5_CC6_CC7_CC8,PBMC_PBMC_PBMC_PBMC,no,no,no,no,no,no,no,2.28,434
JP247_PC716_WC89,JP247,NA,NA,PC716,AGCCTGTTGT,WC89,CGCTAGGCTA,NA,JP247_P4,human_droso,CC5_CC6_CC7_CC8,PBMC_PBMC_PBMC_PBMC,no,no,no,no,no,no,no,2.28,434
JP247_PC716_WC90,JP247,NA,NA,PC716,AGCCTGTTGT,WC90,AACCGTAACA,NA,JP247_P4,human_droso,CC5_CC6_CC7_CC8,PBMC_PBMC_PBMC_PBMC,no,no,no,no,no,no,no,2.28,434
JP247_PC716_WC91,JP247,NA,NA,PC716,AGCCTGTTGT,WC91,CTTGGTATGA,NA,JP247_P4,human_droso,CC5_CC6_CC7_CC8,PBMC_PBMC_PBMC_PBMC,no,no,no,no,no,no,no,2.28,434
JP247_PC716_WC92,JP247,NA,NA,PC716,AGCCTGTTGT,WC92,TGTAGATCCG,NA,JP247_P4,human_droso,CC5_CC6_CC7_CC8,PBMC_PBMC_PBMC_PBMC,no,no,no,no,no,no,no,2.28,434
JP247_PC716_WC93,JP247,NA,NA,PC716,AGCCTGTTGT,WC93,AACTCTACCG,NA,JP247_P4,human_droso,CC5_CC6_CC7_CC8,PBMC_PBMC_PBMC_PBMC,no,no,no,no,no,no,no,2.28,434
JP247_PC716_WC94,JP247,NA,NA,PC716,AGCCTGTTGT,WC94,CGTGACATTC,NA,JP247_P4,human_droso,CC5_CC6_CC7_CC8,PBMC_PBMC_PBMC_PBMC,no,no,no,no,no,no,no,2.28,434
JP247_PC716_WC95,JP247,NA,NA,PC716,AGCCTGTTGT,WC95,CTGTACCAGG,NA,JP247_P4,human_droso,CC5_CC6_CC7_CC8,PBMC_PBMC_PBMC_PBMC,no,no,no,no,no,no,no,2.28,434
JP247_PC716_WC96,JP247,NA,NA,PC716,AGCCTGTTGT,WC96,ACTGGTTCCG,NA,JP247_P4,human_droso,CC5_CC6_CC7_CC8,PBMC_PBMC_PBMC_PBMC,no,no,no,no,no,no,no,2.28,434
