[Data],,,,,,,,,,,,,,,,,,,,,,,,,,,,,,,,,,,,,,,,,,
Sample_ID,Sample_Plate,Sample_Well,Lane,I7_Index_ID,index,I5_Index_ID,index2,Sample_Project,Description,Species,CC_used,Condition_per_CC,ERCC,Exp_Condition_1,Exp_Condition_2,Exp_Condition_3,Dropout_Cell_Type,Dropout_Cell_CC,Dropout_Cell_WC,Tn5_FragmentSize,Tn5_Yield
JP241_PC702_WC1,JP241,NA,NA,PC702,CTCCGCTTAT,WC1,GTCGTGAATC,NA,JP241_P1,mouse_human,CC3_CC4_CC5_CC6,3T3_3T3_3T3_3T3,no,no,no,no,no,no,no,30.4,551
JP241_PC702_WC2,JP241,NA,NA,PC702,CTCCGCTTAT,WC2,CTGTTCTACG,NA,JP241_P1,mouse_human,CC3_CC4_CC5_CC6,3T3_3T3_3T3_3T3,no,no,no,no,no,no,no,30.4,551
JP241_PC702_WC3,JP241,NA,NA,PC702,CTCCGCTTAT,WC3,GCTCTTAGGT,NA,JP241_P1,mouse_human,CC3_CC4_CC5_CC6,3T3_3T3_3T3_3T3,no,no,no,no,no,no,no,30.4,551
JP241_PC702_WC4,JP241,NA,NA,PC702,CTCCGCTTAT,WC4,TAGAAGCCAT,NA,JP241_P1,mouse_human,CC3_CC4_CC5_CC6,3T3_3T3_3T3_3T3,no,no,no,no,no,no,no,30.4,551
JP241_PC702_WC5,JP241,NA,NA,PC702,CTCCGCTTAT,WC5,CACTTAGGTA,NA,JP241_P1,mouse_human,CC3_CC4_CC5_CC6,3T3_3T3_3T3_3T3,no,no,no,no,no,no,no,30.4,551
JP241_PC702_WC6,JP241,NA,NA,PC702,CTCCGCTTAT,WC6,ATAGGTAAGG,NA,JP241_P1,mouse_human,CC3_CC4_CC5_CC6,3T3_3T3_3T3_3T3,no,no,no,no,no,no,no,30.4,551
JP241_PC702_WC7,JP241,NA,NA,PC702,CTCCGCTTAT,WC7,CGCCTTATAT,NA,JP241_P1,mouse_human,CC3_CC4_CC5_CC6,3T3_3T3_3T3_3T3,no,no,no,no,no,no,no,30.4,551
JP241_PC702_WC8,JP241,NA,NA,PC702,CTCCGCTTAT,WC8,GCACGATGCT,NA,JP241_P1,mouse_human,CC3_CC4_CC5_CC6,3T3_3T3_3T3_3T3,no,no,no,no,no,no,no,30.4,551
JP241_PC702_WC9,JP241,NA,NA,PC702,CTCCGCTTAT,WC9,AATATGCCAG,NA,JP241_P1,mouse_human,CC3_CC4_CC5_CC6,3T3_3T3_3T3_3T3,no,no,no,no,no,no,no,30.4,551
JP241_PC702_WC10,JP241,NA,NA,PC702,CTCCGCTTAT,WC10,TAGAGTCACG,NA,JP241_P1,mouse_human,CC3_CC4_CC5_CC6,3T3_3T3_3T3_3T3,no,no,no,no,no,no,no,30.4,551
JP241_PC702_WC11,JP241,NA,NA,PC702,CTCCGCTTAT,WC11,TTAACAGGTC,NA,JP241_P1,mouse_human,CC3_CC4_CC5_CC6,3T3_3T3_3T3_3T3,no,no,no,no,no,no,no,30.4,551
JP241_PC702_WC12,JP241,NA,NA,PC702,CTCCGCTTAT,WC12,ACATGAGCCA,NA,JP241_P1,mouse_human,CC3_CC4_CC5_CC6,3T3_3T3_3T3_3T3,no,no,no,no,no,no,no,30.4,551
JP241_PC702_WC13,JP241,NA,NA,PC702,CTCCGCTTAT,WC13,GCGAGGTTCT,NA,JP241_P1,mouse_human,CC3_CC4_CC5_CC6,3T3_3T3_3T3_3T3,no,no,no,no,no,no,no,30.4,551
JP241_PC702_WC14,JP241,NA,NA,PC702,CTCCGCTTAT,WC14,TGTCCGTAGG,NA,JP241_P1,mouse_human,CC3_CC4_CC5_CC6,3T3_3T3_3T3_3T3,no,no,no,no,no,no,no,30.4,551
JP241_PC702_WC15,JP241,NA,NA,PC702,CTCCGCTTAT,WC15,CATTATGCCT,NA,JP241_P1,mouse_human,CC3_CC4_CC5_CC6,3T3_3T3_3T3_3T3,no,no,no,no,no,no,no,30.4,551
JP241_PC702_WC16,JP241,NA,NA,PC702,CTCCGCTTAT,WC16,TCCACTGTTG,NA,JP241_P1,mouse_human,CC3_CC4_CC5_CC6,3T3_3T3_3T3_3T3,no,no,no,no,no,no,no,30.4,551
JP241_PC702_WC17,JP241,NA,NA,PC702,CTCCGCTTAT,WC17,CTTAACGACA,NA,JP241_P1,mouse_human,CC3_CC4_CC5_CC6,3T3_3T3_3T3_3T3,no,no,no,no,no,no,no,30.4,551
JP241_PC702_WC18,JP241,NA,NA,PC702,CTCCGCTTAT,WC18,TCCTCGAGCT,NA,JP241_P1,mouse_human,CC3_CC4_CC5_CC6,3T3_3T3_3T3_3T3,no,no,no,no,no,no,no,30.4,551
JP241_PC702_WC19,JP241,NA,NA,PC702,CTCCGCTTAT,WC19,CGAGTAATGT,NA,JP241_P1,mouse_human,CC3_CC4_CC5_CC6,3T3_3T3_3T3_3T3,no,no,no,no,no,no,no,30.4,551
JP241_PC702_WC20,JP241,NA,NA,PC702,CTCCGCTTAT,WC20,CATACCGCTG,NA,JP241_P1,mouse_human,CC3_CC4_CC5_CC6,3T3_3T3_3T3_3T3,no,no,no,no,no,no,no,30.4,551
JP241_PC702_WC21,JP241,NA,NA,PC702,CTCCGCTTAT,WC21,GCTACTTGCA,NA,JP241_P1,mouse_human,CC3_CC4_CC5_CC6,3T3_3T3_3T3_3T3,no,no,no,no,no,no,no,30.4,551
JP241_PC702_WC22,JP241,NA,NA,PC702,CTCCGCTTAT,WC22,GCTATTGAAG,NA,JP241_P1,mouse_human,CC3_CC4_CC5_CC6,3T3_3T3_3T3_3T3,no,no,no,no,no,no,no,30.4,551
JP241_PC702_WC23,JP241,NA,NA,PC702,CTCCGCTTAT,WC23,TCAGCATCCG,NA,JP241_P1,mouse_human,CC3_CC4_CC5_CC6,3T3_3T3_3T3_3T3,no,no,no,no,no,no,no,30.4,551
JP241_PC702_WC24,JP241,NA,NA,PC702,CTCCGCTTAT,WC24,TAGGTGGTGG,NA,JP241_P1,mouse_human,CC3_CC4_CC5_CC6,3T3_3T3_3T3_3T3,no,no,no,no,no,no,no,30.4,551
JP241_PC702_WC25,JP241,NA,NA,PC702,CTCCGCTTAT,WC25,AAGATCGGAT,NA,JP241_P1,mouse_human,CC3_CC4_CC5_CC6,3T3_3T3_3T3_3T3,no,no,no,no,no,no,no,30.4,551
JP241_PC702_WC26,JP241,NA,NA,PC702,CTCCGCTTAT,WC26,TTAACGTCCG,NA,JP241_P1,mouse_human,CC3_CC4_CC5_CC6,3T3_3T3_3T3_3T3,no,no,no,no,no,no,no,30.4,551
JP241_PC702_WC27,JP241,NA,NA,PC702,CTCCGCTTAT,WC27,ATTACCGATC,NA,JP241_P1,mouse_human,CC3_CC4_CC5_CC6,3T3_3T3_3T3_3T3,no,no,no,no,no,no,no,30.4,551
JP241_PC702_WC28,JP241,NA,NA,PC702,CTCCGCTTAT,WC28,GTTGCATCGT,NA,JP241_P1,mouse_human,CC3_CC4_CC5_CC6,3T3_3T3_3T3_3T3,no,no,no,no,no,no,no,30.4,551
JP241_PC702_WC29,JP241,NA,NA,PC702,CTCCGCTTAT,WC29,ACTGGACGTT,NA,JP241_P1,mouse_human,CC3_CC4_CC5_CC6,3T3_3T3_3T3_3T3,no,no,no,no,no,no,no,30.4,551
JP241_PC702_WC30,JP241,NA,NA,PC702,CTCCGCTTAT,WC30,TTGTTCGTGT,NA,JP241_P1,mouse_human,CC3_CC4_CC5_CC6,3T3_3T3_3T3_3T3,no,no,no,no,no,no,no,30.4,551
JP241_PC702_WC31,JP241,NA,NA,PC702,CTCCGCTTAT,WC31,ACGGACTGAG,NA,JP241_P1,mouse_human,CC3_CC4_CC5_CC6,3T3_3T3_3T3_3T3,no,no,no,no,no,no,no,30.4,551
JP241_PC702_WC32,JP241,NA,NA,PC702,CTCCGCTTAT,WC32,CACCGTCATA,NA,JP241_P1,mouse_human,CC3_CC4_CC5_CC6,3T3_3T3_3T3_3T3,no,no,no,no,no,no,no,30.4,551
JP241_PC702_WC33,JP241,NA,NA,PC702,CTCCGCTTAT,WC33,GTAGTTGTGT,NA,JP241_P1,mouse_human,CC3_CC4_CC5_CC6,3T3_3T3_3T3_3T3,no,no,no,no,no,no,no,30.4,551
JP241_PC702_WC34,JP241,NA,NA,PC702,CTCCGCTTAT,WC34,CTGAGTCCTT,NA,JP241_P1,mouse_human,CC3_CC4_CC5_CC6,3T3_3T3_3T3_3T3,no,no,no,no,no,no,no,30.4,551
JP241_PC702_WC35,JP241,NA,NA,PC702,CTCCGCTTAT,WC35,TCACAGTTGC,NA,JP241_P1,mouse_human,CC3_CC4_CC5_CC6,3T3_3T3_3T3_3T3,no,no,no,no,no,no,no,30.4,551
JP241_PC702_WC36,JP241,NA,NA,PC702,CTCCGCTTAT,WC36,ATTGTAAGCG,NA,JP241_P1,mouse_human,CC3_CC4_CC5_CC6,3T3_3T3_3T3_3T3,no,no,no,no,no,no,no,30.4,551
JP241_PC702_WC37,JP241,NA,NA,PC702,CTCCGCTTAT,WC37,CGGTCTCTCT,NA,JP241_P1,mouse_human,CC3_CC4_CC5_CC6,3T3_3T3_3T3_3T3,no,no,no,no,no,no,no,30.4,551
JP241_PC702_WC38,JP241,NA,NA,PC702,CTCCGCTTAT,WC38,AACAGCAATG,NA,JP241_P1,mouse_human,CC3_CC4_CC5_CC6,3T3_3T3_3T3_3T3,no,no,no,no,no,no,no,30.4,551
JP241_PC702_WC39,JP241,NA,NA,PC702,CTCCGCTTAT,WC39,TCCGTGTTGC,NA,JP241_P1,mouse_human,CC3_CC4_CC5_CC6,3T3_3T3_3T3_3T3,no,no,no,no,no,no,no,30.4,551
JP241_PC702_WC40,JP241,NA,NA,PC702,CTCCGCTTAT,WC40,TGCGAAGTGA,NA,JP241_P1,mouse_human,CC3_CC4_CC5_CC6,3T3_3T3_3T3_3T3,no,no,no,no,no,no,no,30.4,551
JP241_PC702_WC41,JP241,NA,NA,PC702,CTCCGCTTAT,WC41,CACAGCTATT,NA,JP241_P1,mouse_human,CC3_CC4_CC5_CC6,3T3_3T3_3T3_3T3,no,no,no,no,no,no,no,30.4,551
JP241_PC702_WC42,JP241,NA,NA,PC702,CTCCGCTTAT,WC42,GATAGTGTTC,NA,JP241_P1,mouse_human,CC3_CC4_CC5_CC6,3T3_3T3_3T3_3T3,no,no,no,no,no,no,no,30.4,551
JP241_PC702_WC43,JP241,NA,NA,PC702,CTCCGCTTAT,WC43,TAGCTACCAG,NA,JP241_P1,mouse_human,CC3_CC4_CC5_CC6,3T3_3T3_3T3_3T3,no,no,no,no,no,no,no,30.4,551
JP241_PC702_WC44,JP241,NA,NA,PC702,CTCCGCTTAT,WC44,TGCTCACGCA,NA,JP241_P1,mouse_human,CC3_CC4_CC5_CC6,3T3_3T3_3T3_3T3,no,no,no,no,no,no,no,30.4,551
JP241_PC702_WC45,JP241,NA,NA,PC702,CTCCGCTTAT,WC45,AAGTGTGCTA,NA,JP241_P1,mouse_human,CC3_CC4_CC5_CC6,3T3_3T3_3T3_3T3,no,no,no,no,no,no,no,30.4,551
JP241_PC702_WC46,JP241,NA,NA,PC702,CTCCGCTTAT,WC46,TCATCGTCTG,NA,JP241_P1,mouse_human,CC3_CC4_CC5_CC6,3T3_3T3_3T3_3T3,no,no,no,no,no,no,no,30.4,551
JP241_PC702_WC47,JP241,NA,NA,PC702,CTCCGCTTAT,WC47,AGATGCTCCG,NA,JP241_P1,mouse_human,CC3_CC4_CC5_CC6,3T3_3T3_3T3_3T3,no,no,no,no,no,no,no,30.4,551
JP241_PC702_WC48,JP241,NA,NA,PC702,CTCCGCTTAT,WC48,GAACCAAGCG,NA,JP241_P1,mouse_human,CC3_CC4_CC5_CC6,3T3_3T3_3T3_3T3,no,no,no,no,no,no,no,30.4,551
JP241_PC702_WC49,JP241,NA,NA,PC702,CTCCGCTTAT,WC49,CCTCTTCAAG,NA,JP241_P1,mouse_human,CC3_CC4_CC5_CC6,3T3_3T3_3T3_3T3,no,no,no,no,no,no,no,30.4,551
JP241_PC702_WC50,JP241,NA,NA,PC702,CTCCGCTTAT,WC50,CGTCGCATCT,NA,JP241_P1,mouse_human,CC3_CC4_CC5_CC6,3T3_3T3_3T3_3T3,no,no,no,no,no,no,no,30.4,551
JP241_PC702_WC51,JP241,NA,NA,PC702,CTCCGCTTAT,WC51,CCGAACGTTC,NA,JP241_P1,mouse_human,CC3_CC4_CC5_CC6,3T3_3T3_3T3_3T3,no,no,no,no,no,no,no,30.4,551
JP241_PC702_WC52,JP241,NA,NA,PC702,CTCCGCTTAT,WC52,GAATGGCGTT,NA,JP241_P1,mouse_human,CC3_CC4_CC5_CC6,3T3_3T3_3T3_3T3,no,no,no,no,no,no,no,30.4,551
JP241_PC702_WC53,JP241,NA,NA,PC702,CTCCGCTTAT,WC53,AAGTTCAGGA,NA,JP241_P1,mouse_human,CC3_CC4_CC5_CC6,3T3_3T3_3T3_3T3,no,no,no,no,no,no,no,30.4,551
JP241_PC702_WC54,JP241,NA,NA,PC702,CTCCGCTTAT,WC54,GACCAATTGT,NA,JP241_P1,mouse_human,CC3_CC4_CC5_CC6,3T3_3T3_3T3_3T3,no,no,no,no,no,no,no,30.4,551
JP241_PC702_WC55,JP241,NA,NA,PC702,CTCCGCTTAT,WC55,TGTCTGTGAC,NA,JP241_P1,mouse_human,CC3_CC4_CC5_CC6,3T3_3T3_3T3_3T3,no,no,no,no,no,no,no,30.4,551
JP241_PC702_WC56,JP241,NA,NA,PC702,CTCCGCTTAT,WC56,GAACATTGGC,NA,JP241_P1,mouse_human,CC3_CC4_CC5_CC6,3T3_3T3_3T3_3T3,no,no,no,no,no,no,no,30.4,551
JP241_PC702_WC57,JP241,NA,NA,PC702,CTCCGCTTAT,WC57,CGTAACACTA,NA,JP241_P1,mouse_human,CC3_CC4_CC5_CC6,3T3_3T3_3T3_3T3,no,no,no,no,no,no,no,30.4,551
JP241_PC702_WC58,JP241,NA,NA,PC702,CTCCGCTTAT,WC58,GTACTTCCAA,NA,JP241_P1,mouse_human,CC3_CC4_CC5_CC6,3T3_3T3_3T3_3T3,no,no,no,no,no,no,no,30.4,551
JP241_PC702_WC59,JP241,NA,NA,PC702,CTCCGCTTAT,WC59,TTAGCGTCTT,NA,JP241_P1,mouse_human,CC3_CC4_CC5_CC6,3T3_3T3_3T3_3T3,no,no,no,no,no,no,no,30.4,551
JP241_PC702_WC60,JP241,NA,NA,PC702,CTCCGCTTAT,WC60,TTGACCGTCT,NA,JP241_P1,mouse_human,CC3_CC4_CC5_CC6,3T3_3T3_3T3_3T3,no,no,no,no,no,no,no,30.4,551
JP241_PC702_WC61,JP241,NA,NA,PC702,CTCCGCTTAT,WC61,ACGGCTTCTC,NA,JP241_P1,mouse_human,CC3_CC4_CC5_CC6,3T3_3T3_3T3_3T3,no,no,no,no,no,no,no,30.4,551
JP241_PC702_WC62,JP241,NA,NA,PC702,CTCCGCTTAT,WC62,TGCGATGTAT,NA,JP241_P1,mouse_human,CC3_CC4_CC5_CC6,3T3_3T3_3T3_3T3,no,no,no,no,no,no,no,30.4,551
JP241_PC702_WC63,JP241,NA,NA,PC702,CTCCGCTTAT,WC63,GCGTTCAGCA,NA,JP241_P1,mouse_human,CC3_CC4_CC5_CC6,3T3_3T3_3T3_3T3,no,no,no,no,no,no,no,30.4,551
JP241_PC702_WC64,JP241,NA,NA,PC702,CTCCGCTTAT,WC64,GCCTAGGAAG,NA,JP241_P1,mouse_human,CC3_CC4_CC5_CC6,3T3_3T3_3T3_3T3,no,no,no,no,no,no,no,30.4,551
JP241_PC702_WC65,JP241,NA,NA,PC702,CTCCGCTTAT,WC65,GTTACCAACG,NA,JP241_P1,mouse_human,CC3_CC4_CC5_CC6,3T3_3T3_3T3_3T3,no,no,no,no,no,no,no,30.4,551
JP241_PC702_WC66,JP241,NA,NA,PC702,CTCCGCTTAT,WC66,ACGAACCAAG,NA,JP241_P1,mouse_human,CC3_CC4_CC5_CC6,3T3_3T3_3T3_3T3,no,no,no,no,no,no,no,30.4,551
JP241_PC702_WC67,JP241,NA,NA,PC702,CTCCGCTTAT,WC67,CACGCAAGTC,NA,JP241_P1,mouse_human,CC3_CC4_CC5_CC6,3T3_3T3_3T3_3T3,no,no,no,no,no,no,no,30.4,551
JP241_PC702_WC68,JP241,NA,NA,PC702,CTCCGCTTAT,WC68,GCTGGAGAAG,NA,JP241_P1,mouse_human,CC3_CC4_CC5_CC6,3T3_3T3_3T3_3T3,no,no,no,no,no,no,no,30.4,551
JP241_PC702_WC69,JP241,NA,NA,PC702,CTCCGCTTAT,WC69,CCAGTGTACG,NA,JP241_P1,mouse_human,CC3_CC4_CC5_CC6,3T3_3T3_3T3_3T3,no,no,no,no,no,no,no,30.4,551
JP241_PC702_WC70,JP241,NA,NA,PC702,CTCCGCTTAT,WC70,GTTGATGCGA,NA,JP241_P1,mouse_human,CC3_CC4_CC5_CC6,3T3_3T3_3T3_3T3,no,no,no,no,no,no,no,30.4,551
JP241_PC702_WC71,JP241,NA,NA,PC702,CTCCGCTTAT,WC71,CGCTTGTTAT,NA,JP241_P1,mouse_human,CC3_CC4_CC5_CC6,3T3_3T3_3T3_3T3,no,no,no,no,no,no,no,30.4,551
JP241_PC702_WC72,JP241,NA,NA,PC702,CTCCGCTTAT,WC72,GTAACGTTCA,NA,JP241_P1,mouse_human,CC3_CC4_CC5_CC6,3T3_3T3_3T3_3T3,no,no,no,no,no,no,no,30.4,551
JP241_PC702_WC73,JP241,NA,NA,PC702,CTCCGCTTAT,WC73,CCGAGTCTTC,NA,JP241_P1,mouse_human,CC3_CC4_CC5_CC6,3T3_3T3_3T3_3T3,no,no,no,no,no,no,no,30.4,551
JP241_PC702_WC74,JP241,NA,NA,PC702,CTCCGCTTAT,WC74,TATTGCGCTA,NA,JP241_P1,mouse_human,CC3_CC4_CC5_CC6,3T3_3T3_3T3_3T3,no,no,no,no,no,no,no,30.4,551
JP241_PC702_WC75,JP241,NA,NA,PC702,CTCCGCTTAT,WC75,TGTGGTCTAA,NA,JP241_P1,mouse_human,CC3_CC4_CC5_CC6,3T3_3T3_3T3_3T3,no,no,no,no,no,no,no,30.4,551
JP241_PC702_WC76,JP241,NA,NA,PC702,CTCCGCTTAT,WC76,CACGTCTACG,NA,JP241_P1,mouse_human,CC3_CC4_CC5_CC6,3T3_3T3_3T3_3T3,no,no,no,no,no,no,no,30.4,551
JP241_PC702_WC77,JP241,NA,NA,PC702,CTCCGCTTAT,WC77,AGTCCAGTGA,NA,JP241_P1,mouse_human,CC3_CC4_CC5_CC6,3T3_3T3_3T3_3T3,no,no,no,no,no,no,no,30.4,551
JP241_PC702_WC78,JP241,NA,NA,PC702,CTCCGCTTAT,WC78,ATGCTTGGTC,NA,JP241_P1,mouse_human,CC3_CC4_CC5_CC6,3T3_3T3_3T3_3T3,no,no,no,no,no,no,no,30.4,551
JP241_PC702_WC79,JP241,NA,NA,PC702,CTCCGCTTAT,WC79,TGATACTCGC,NA,JP241_P1,mouse_human,CC3_CC4_CC5_CC6,3T3_3T3_3T3_3T3,no,no,no,no,no,no,no,30.4,551
JP241_PC702_WC80,JP241,NA,NA,PC702,CTCCGCTTAT,WC80,TTATCGAGAG,NA,JP241_P1,mouse_human,CC3_CC4_CC5_CC6,3T3_3T3_3T3_3T3,no,no,no,no,no,no,no,30.4,551
JP241_PC702_WC81,JP241,NA,NA,PC702,CTCCGCTTAT,WC81,TGCCAGTATT,NA,JP241_P1,mouse_human,CC3_CC4_CC5_CC6,3T3_3T3_3T3_3T3,no,no,no,no,no,no,no,30.4,551
JP241_PC702_WC82,JP241,NA,NA,PC702,CTCCGCTTAT,WC82,GAGTTGCATA,NA,JP241_P1,mouse_human,CC3_CC4_CC5_CC6,3T3_3T3_3T3_3T3,no,no,no,no,no,no,no,30.4,551
JP241_PC702_WC83,JP241,NA,NA,PC702,CTCCGCTTAT,WC83,ACACTAGCAT,NA,JP241_P1,mouse_human,CC3_CC4_CC5_CC6,3T3_3T3_3T3_3T3,no,no,no,no,no,no,no,30.4,551
JP241_PC702_WC84,JP241,NA,NA,PC702,CTCCGCTTAT,WC84,GTTCTAATGG,NA,JP241_P1,mouse_human,CC3_CC4_CC5_CC6,3T3_3T3_3T3_3T3,no,no,no,no,no,no,no,30.4,551
JP241_PC702_WC85,JP241,NA,NA,PC702,CTCCGCTTAT,WC85,CGTTCACGTT,NA,JP241_P1,mouse_human,CC3_CC4_CC5_CC6,3T3_3T3_3T3_3T3,no,no,no,no,no,no,no,30.4,551
JP241_PC702_WC86,JP241,NA,NA,PC702,CTCCGCTTAT,WC86,GACTGCGTTA,NA,JP241_P1,mouse_human,CC3_CC4_CC5_CC6,3T3_3T3_3T3_3T3,no,no,no,no,no,no,no,30.4,551
JP241_PC702_WC87,JP241,NA,NA,PC702,CTCCGCTTAT,WC87,TGGCTTATGG,NA,JP241_P1,mouse_human,CC3_CC4_CC5_CC6,3T3_3T3_3T3_3T3,no,no,no,no,no,no,no,30.4,551
JP241_PC702_WC88,JP241,NA,NA,PC702,CTCCGCTTAT,WC88,TCAGAGGCAC,NA,JP241_P1,mouse_human,CC3_CC4_CC5_CC6,3T3_3T3_3T3_3T3,no,no,no,no,no,no,no,30.4,551
JP241_PC702_WC89,JP241,NA,NA,PC702,CTCCGCTTAT,WC89,CGCTAGGCTA,NA,JP241_P1,mouse_human,CC3_CC4_CC5_CC6,3T3_3T3_3T3_3T3,no,no,no,no,no,no,no,30.4,551
JP241_PC702_WC90,JP241,NA,NA,PC702,CTCCGCTTAT,WC90,AACCGTAACA,NA,JP241_P1,mouse_human,CC3_CC4_CC5_CC6,3T3_3T3_3T3_3T3,no,no,no,no,no,no,no,30.4,551
JP241_PC702_WC91,JP241,NA,NA,PC702,CTCCGCTTAT,WC91,CTTGGTATGA,NA,JP241_P1,mouse_human,CC3_CC4_CC5_CC6,3T3_3T3_3T3_3T3,no,no,no,no,no,no,no,30.4,551
JP241_PC702_WC92,JP241,NA,NA,PC702,CTCCGCTTAT,WC92,TGTAGATCCG,NA,JP241_P1,mouse_human,CC3_CC4_CC5_CC6,3T3_3T3_3T3_3T3,no,no,no,no,no,no,no,30.4,551
JP241_PC702_WC93,JP241,NA,NA,PC702,CTCCGCTTAT,WC93,AACTCTACCG,NA,JP241_P1,mouse_human,CC3_CC4_CC5_CC6,3T3_3T3_3T3_3T3,no,no,no,no,no,no,no,30.4,551
JP241_PC702_WC94,JP241,NA,NA,PC702,CTCCGCTTAT,WC94,CGTGACATTC,NA,JP241_P1,mouse_human,CC3_CC4_CC5_CC6,3T3_3T3_3T3_3T3,no,no,no,no,no,no,no,30.4,551
JP241_PC702_WC95,JP241,NA,NA,PC702,CTCCGCTTAT,WC95,CTGTACCAGG,NA,JP241_P1,mouse_human,CC3_CC4_CC5_CC6,3T3_3T3_3T3_3T3,no,no,no,no,no,no,no,30.4,551
JP241_PC702_WC96,JP241,NA,NA,PC702,CTCCGCTTAT,WC96,ACTGGTTCCG,NA,JP241_P1,mouse_human,CC3_CC4_CC5_CC6,3T3_3T3_3T3_3T3,no,no,no,no,no,no,no,30.4,551
JP241_PC703_WC1,JP241,NA,NA,PC703,ATTAAGGTCG,WC1,GTCGTGAATC,NA,JP241_P2,mouse_human,CC3_CC4_CC5_CC6,3T3_3T3_3T3_3T3,no,no,no,no,no,no,no,24.9,543
JP241_PC703_WC2,JP241,NA,NA,PC703,ATTAAGGTCG,WC2,CTGTTCTACG,NA,JP241_P2,mouse_human,CC3_CC4_CC5_CC6,3T3_3T3_3T3_3T3,no,no,no,no,no,no,no,24.9,543
JP241_PC703_WC3,JP241,NA,NA,PC703,ATTAAGGTCG,WC3,GCTCTTAGGT,NA,JP241_P2,mouse_human,CC3_CC4_CC5_CC6,3T3_3T3_3T3_3T3,no,no,no,no,no,no,no,24.9,543
JP241_PC703_WC4,JP241,NA,NA,PC703,ATTAAGGTCG,WC4,TAGAAGCCAT,NA,JP241_P2,mouse_human,CC3_CC4_CC5_CC6,3T3_3T3_3T3_3T3,no,no,no,no,no,no,no,24.9,543
JP241_PC703_WC5,JP241,NA,NA,PC703,ATTAAGGTCG,WC5,CACTTAGGTA,NA,JP241_P2,mouse_human,CC3_CC4_CC5_CC6,3T3_3T3_3T3_3T3,no,no,no,no,no,no,no,24.9,543
JP241_PC703_WC6,JP241,NA,NA,PC703,ATTAAGGTCG,WC6,ATAGGTAAGG,NA,JP241_P2,mouse_human,CC3_CC4_CC5_CC6,3T3_3T3_3T3_3T3,no,no,no,no,no,no,no,24.9,543
JP241_PC703_WC7,JP241,NA,NA,PC703,ATTAAGGTCG,WC7,CGCCTTATAT,NA,JP241_P2,mouse_human,CC3_CC4_CC5_CC6,3T3_3T3_3T3_3T3,no,no,no,no,no,no,no,24.9,543
JP241_PC703_WC8,JP241,NA,NA,PC703,ATTAAGGTCG,WC8,GCACGATGCT,NA,JP241_P2,mouse_human,CC3_CC4_CC5_CC6,3T3_3T3_3T3_3T3,no,no,no,no,no,no,no,24.9,543
JP241_PC703_WC9,JP241,NA,NA,PC703,ATTAAGGTCG,WC9,AATATGCCAG,NA,JP241_P2,mouse_human,CC3_CC4_CC5_CC6,3T3_3T3_3T3_3T3,no,no,no,no,no,no,no,24.9,543
JP241_PC703_WC10,JP241,NA,NA,PC703,ATTAAGGTCG,WC10,TAGAGTCACG,NA,JP241_P2,mouse_human,CC3_CC4_CC5_CC6,3T3_3T3_3T3_3T3,no,no,no,no,no,no,no,24.9,543
JP241_PC703_WC11,JP241,NA,NA,PC703,ATTAAGGTCG,WC11,TTAACAGGTC,NA,JP241_P2,mouse_human,CC3_CC4_CC5_CC6,3T3_3T3_3T3_3T3,no,no,no,no,no,no,no,24.9,543
JP241_PC703_WC12,JP241,NA,NA,PC703,ATTAAGGTCG,WC12,ACATGAGCCA,NA,JP241_P2,mouse_human,CC3_CC4_CC5_CC6,3T3_3T3_3T3_3T3,no,no,no,no,no,no,no,24.9,543
JP241_PC703_WC13,JP241,NA,NA,PC703,ATTAAGGTCG,WC13,GCGAGGTTCT,NA,JP241_P2,mouse_human,CC3_CC4_CC5_CC6,3T3_3T3_3T3_3T3,no,no,no,no,no,no,no,24.9,543
JP241_PC703_WC14,JP241,NA,NA,PC703,ATTAAGGTCG,WC14,TGTCCGTAGG,NA,JP241_P2,mouse_human,CC3_CC4_CC5_CC6,3T3_3T3_3T3_3T3,no,no,no,no,no,no,no,24.9,543
JP241_PC703_WC15,JP241,NA,NA,PC703,ATTAAGGTCG,WC15,CATTATGCCT,NA,JP241_P2,mouse_human,CC3_CC4_CC5_CC6,3T3_3T3_3T3_3T3,no,no,no,no,no,no,no,24.9,543
JP241_PC703_WC16,JP241,NA,NA,PC703,ATTAAGGTCG,WC16,TCCACTGTTG,NA,JP241_P2,mouse_human,CC3_CC4_CC5_CC6,3T3_3T3_3T3_3T3,no,no,no,no,no,no,no,24.9,543
JP241_PC703_WC17,JP241,NA,NA,PC703,ATTAAGGTCG,WC17,CTTAACGACA,NA,JP241_P2,mouse_human,CC3_CC4_CC5_CC6,3T3_3T3_3T3_3T3,no,no,no,no,no,no,no,24.9,543
JP241_PC703_WC18,JP241,NA,NA,PC703,ATTAAGGTCG,WC18,TCCTCGAGCT,NA,JP241_P2,mouse_human,CC3_CC4_CC5_CC6,3T3_3T3_3T3_3T3,no,no,no,no,no,no,no,24.9,543
JP241_PC703_WC19,JP241,NA,NA,PC703,ATTAAGGTCG,WC19,CGAGTAATGT,NA,JP241_P2,mouse_human,CC3_CC4_CC5_CC6,3T3_3T3_3T3_3T3,no,no,no,no,no,no,no,24.9,543
JP241_PC703_WC20,JP241,NA,NA,PC703,ATTAAGGTCG,WC20,CATACCGCTG,NA,JP241_P2,mouse_human,CC3_CC4_CC5_CC6,3T3_3T3_3T3_3T3,no,no,no,no,no,no,no,24.9,543
JP241_PC703_WC21,JP241,NA,NA,PC703,ATTAAGGTCG,WC21,GCTACTTGCA,NA,JP241_P2,mouse_human,CC3_CC4_CC5_CC6,3T3_3T3_3T3_3T3,no,no,no,no,no,no,no,24.9,543
JP241_PC703_WC22,JP241,NA,NA,PC703,ATTAAGGTCG,WC22,GCTATTGAAG,NA,JP241_P2,mouse_human,CC3_CC4_CC5_CC6,3T3_3T3_3T3_3T3,no,no,no,no,no,no,no,24.9,543
JP241_PC703_WC23,JP241,NA,NA,PC703,ATTAAGGTCG,WC23,TCAGCATCCG,NA,JP241_P2,mouse_human,CC3_CC4_CC5_CC6,3T3_3T3_3T3_3T3,no,no,no,no,no,no,no,24.9,543
JP241_PC703_WC24,JP241,NA,NA,PC703,ATTAAGGTCG,WC24,TAGGTGGTGG,NA,JP241_P2,mouse_human,CC3_CC4_CC5_CC6,3T3_3T3_3T3_3T3,no,no,no,no,no,no,no,24.9,543
JP241_PC703_WC25,JP241,NA,NA,PC703,ATTAAGGTCG,WC25,AAGATCGGAT,NA,JP241_P2,mouse_human,CC3_CC4_CC5_CC6,3T3_3T3_3T3_3T3,no,no,no,no,no,no,no,24.9,543
JP241_PC703_WC26,JP241,NA,NA,PC703,ATTAAGGTCG,WC26,TTAACGTCCG,NA,JP241_P2,mouse_human,CC3_CC4_CC5_CC6,3T3_3T3_3T3_3T3,no,no,no,no,no,no,no,24.9,543
JP241_PC703_WC27,JP241,NA,NA,PC703,ATTAAGGTCG,WC27,ATTACCGATC,NA,JP241_P2,mouse_human,CC3_CC4_CC5_CC6,3T3_3T3_3T3_3T3,no,no,no,no,no,no,no,24.9,543
JP241_PC703_WC28,JP241,NA,NA,PC703,ATTAAGGTCG,WC28,GTTGCATCGT,NA,JP241_P2,mouse_human,CC3_CC4_CC5_CC6,3T3_3T3_3T3_3T3,no,no,no,no,no,no,no,24.9,543
JP241_PC703_WC29,JP241,NA,NA,PC703,ATTAAGGTCG,WC29,ACTGGACGTT,NA,JP241_P2,mouse_human,CC3_CC4_CC5_CC6,3T3_3T3_3T3_3T3,no,no,no,no,no,no,no,24.9,543
JP241_PC703_WC30,JP241,NA,NA,PC703,ATTAAGGTCG,WC30,TTGTTCGTGT,NA,JP241_P2,mouse_human,CC3_CC4_CC5_CC6,3T3_3T3_3T3_3T3,no,no,no,no,no,no,no,24.9,543
JP241_PC703_WC31,JP241,NA,NA,PC703,ATTAAGGTCG,WC31,ACGGACTGAG,NA,JP241_P2,mouse_human,CC3_CC4_CC5_CC6,3T3_3T3_3T3_3T3,no,no,no,no,no,no,no,24.9,543
JP241_PC703_WC32,JP241,NA,NA,PC703,ATTAAGGTCG,WC32,CACCGTCATA,NA,JP241_P2,mouse_human,CC3_CC4_CC5_CC6,3T3_3T3_3T3_3T3,no,no,no,no,no,no,no,24.9,543
JP241_PC703_WC33,JP241,NA,NA,PC703,ATTAAGGTCG,WC33,GTAGTTGTGT,NA,JP241_P2,mouse_human,CC3_CC4_CC5_CC6,3T3_3T3_3T3_3T3,no,no,no,no,no,no,no,24.9,543
JP241_PC703_WC34,JP241,NA,NA,PC703,ATTAAGGTCG,WC34,CTGAGTCCTT,NA,JP241_P2,mouse_human,CC3_CC4_CC5_CC6,3T3_3T3_3T3_3T3,no,no,no,no,no,no,no,24.9,543
JP241_PC703_WC35,JP241,NA,NA,PC703,ATTAAGGTCG,WC35,TCACAGTTGC,NA,JP241_P2,mouse_human,CC3_CC4_CC5_CC6,3T3_3T3_3T3_3T3,no,no,no,no,no,no,no,24.9,543
JP241_PC703_WC36,JP241,NA,NA,PC703,ATTAAGGTCG,WC36,ATTGTAAGCG,NA,JP241_P2,mouse_human,CC3_CC4_CC5_CC6,3T3_3T3_3T3_3T3,no,no,no,no,no,no,no,24.9,543
JP241_PC703_WC37,JP241,NA,NA,PC703,ATTAAGGTCG,WC37,CGGTCTCTCT,NA,JP241_P2,mouse_human,CC3_CC4_CC5_CC6,3T3_3T3_3T3_3T3,no,no,no,no,no,no,no,24.9,543
JP241_PC703_WC38,JP241,NA,NA,PC703,ATTAAGGTCG,WC38,AACAGCAATG,NA,JP241_P2,mouse_human,CC3_CC4_CC5_CC6,3T3_3T3_3T3_3T3,no,no,no,no,no,no,no,24.9,543
JP241_PC703_WC39,JP241,NA,NA,PC703,ATTAAGGTCG,WC39,TCCGTGTTGC,NA,JP241_P2,mouse_human,CC3_CC4_CC5_CC6,3T3_3T3_3T3_3T3,no,no,no,no,no,no,no,24.9,543
JP241_PC703_WC40,JP241,NA,NA,PC703,ATTAAGGTCG,WC40,TGCGAAGTGA,NA,JP241_P2,mouse_human,CC3_CC4_CC5_CC6,3T3_3T3_3T3_3T3,no,no,no,no,no,no,no,24.9,543
JP241_PC703_WC41,JP241,NA,NA,PC703,ATTAAGGTCG,WC41,CACAGCTATT,NA,JP241_P2,mouse_human,CC3_CC4_CC5_CC6,3T3_3T3_3T3_3T3,no,no,no,no,no,no,no,24.9,543
JP241_PC703_WC42,JP241,NA,NA,PC703,ATTAAGGTCG,WC42,GATAGTGTTC,NA,JP241_P2,mouse_human,CC3_CC4_CC5_CC6,3T3_3T3_3T3_3T3,no,no,no,no,no,no,no,24.9,543
JP241_PC703_WC43,JP241,NA,NA,PC703,ATTAAGGTCG,WC43,TAGCTACCAG,NA,JP241_P2,mouse_human,CC3_CC4_CC5_CC6,3T3_3T3_3T3_3T3,no,no,no,no,no,no,no,24.9,543
JP241_PC703_WC44,JP241,NA,NA,PC703,ATTAAGGTCG,WC44,TGCTCACGCA,NA,JP241_P2,mouse_human,CC3_CC4_CC5_CC6,3T3_3T3_3T3_3T3,no,no,no,no,no,no,no,24.9,543
JP241_PC703_WC45,JP241,NA,NA,PC703,ATTAAGGTCG,WC45,AAGTGTGCTA,NA,JP241_P2,mouse_human,CC3_CC4_CC5_CC6,3T3_3T3_3T3_3T3,no,no,no,no,no,no,no,24.9,543
JP241_PC703_WC46,JP241,NA,NA,PC703,ATTAAGGTCG,WC46,TCATCGTCTG,NA,JP241_P2,mouse_human,CC3_CC4_CC5_CC6,3T3_3T3_3T3_3T3,no,no,no,no,no,no,no,24.9,543
JP241_PC703_WC47,JP241,NA,NA,PC703,ATTAAGGTCG,WC47,AGATGCTCCG,NA,JP241_P2,mouse_human,CC3_CC4_CC5_CC6,3T3_3T3_3T3_3T3,no,no,no,no,no,no,no,24.9,543
JP241_PC703_WC48,JP241,NA,NA,PC703,ATTAAGGTCG,WC48,GAACCAAGCG,NA,JP241_P2,mouse_human,CC3_CC4_CC5_CC6,3T3_3T3_3T3_3T3,no,no,no,no,no,no,no,24.9,543
JP241_PC703_WC49,JP241,NA,NA,PC703,ATTAAGGTCG,WC49,CCTCTTCAAG,NA,JP241_P2,mouse_human,CC3_CC4_CC5_CC6,3T3_3T3_3T3_3T3,no,no,no,no,no,no,no,24.9,543
JP241_PC703_WC50,JP241,NA,NA,PC703,ATTAAGGTCG,WC50,CGTCGCATCT,NA,JP241_P2,mouse_human,CC3_CC4_CC5_CC6,3T3_3T3_3T3_3T3,no,no,no,no,no,no,no,24.9,543
JP241_PC703_WC51,JP241,NA,NA,PC703,ATTAAGGTCG,WC51,CCGAACGTTC,NA,JP241_P2,mouse_human,CC3_CC4_CC5_CC6,3T3_3T3_3T3_3T3,no,no,no,no,no,no,no,24.9,543
JP241_PC703_WC52,JP241,NA,NA,PC703,ATTAAGGTCG,WC52,GAATGGCGTT,NA,JP241_P2,mouse_human,CC3_CC4_CC5_CC6,3T3_3T3_3T3_3T3,no,no,no,no,no,no,no,24.9,543
JP241_PC703_WC53,JP241,NA,NA,PC703,ATTAAGGTCG,WC53,AAGTTCAGGA,NA,JP241_P2,mouse_human,CC3_CC4_CC5_CC6,3T3_3T3_3T3_3T3,no,no,no,no,no,no,no,24.9,543
JP241_PC703_WC54,JP241,NA,NA,PC703,ATTAAGGTCG,WC54,GACCAATTGT,NA,JP241_P2,mouse_human,CC3_CC4_CC5_CC6,3T3_3T3_3T3_3T3,no,no,no,no,no,no,no,24.9,543
JP241_PC703_WC55,JP241,NA,NA,PC703,ATTAAGGTCG,WC55,TGTCTGTGAC,NA,JP241_P2,mouse_human,CC3_CC4_CC5_CC6,3T3_3T3_3T3_3T3,no,no,no,no,no,no,no,24.9,543
JP241_PC703_WC56,JP241,NA,NA,PC703,ATTAAGGTCG,WC56,GAACATTGGC,NA,JP241_P2,mouse_human,CC3_CC4_CC5_CC6,3T3_3T3_3T3_3T3,no,no,no,no,no,no,no,24.9,543
JP241_PC703_WC57,JP241,NA,NA,PC703,ATTAAGGTCG,WC57,CGTAACACTA,NA,JP241_P2,mouse_human,CC3_CC4_CC5_CC6,3T3_3T3_3T3_3T3,no,no,no,no,no,no,no,24.9,543
JP241_PC703_WC58,JP241,NA,NA,PC703,ATTAAGGTCG,WC58,GTACTTCCAA,NA,JP241_P2,mouse_human,CC3_CC4_CC5_CC6,3T3_3T3_3T3_3T3,no,no,no,no,no,no,no,24.9,543
JP241_PC703_WC59,JP241,NA,NA,PC703,ATTAAGGTCG,WC59,TTAGCGTCTT,NA,JP241_P2,mouse_human,CC3_CC4_CC5_CC6,3T3_3T3_3T3_3T3,no,no,no,no,no,no,no,24.9,543
JP241_PC703_WC60,JP241,NA,NA,PC703,ATTAAGGTCG,WC60,TTGACCGTCT,NA,JP241_P2,mouse_human,CC3_CC4_CC5_CC6,3T3_3T3_3T3_3T3,no,no,no,no,no,no,no,24.9,543
JP241_PC703_WC61,JP241,NA,NA,PC703,ATTAAGGTCG,WC61,ACGGCTTCTC,NA,JP241_P2,mouse_human,CC3_CC4_CC5_CC6,3T3_3T3_3T3_3T3,no,no,no,no,no,no,no,24.9,543
JP241_PC703_WC62,JP241,NA,NA,PC703,ATTAAGGTCG,WC62,TGCGATGTAT,NA,JP241_P2,mouse_human,CC3_CC4_CC5_CC6,3T3_3T3_3T3_3T3,no,no,no,no,no,no,no,24.9,543
JP241_PC703_WC63,JP241,NA,NA,PC703,ATTAAGGTCG,WC63,GCGTTCAGCA,NA,JP241_P2,mouse_human,CC3_CC4_CC5_CC6,3T3_3T3_3T3_3T3,no,no,no,no,no,no,no,24.9,543
JP241_PC703_WC64,JP241,NA,NA,PC703,ATTAAGGTCG,WC64,GCCTAGGAAG,NA,JP241_P2,mouse_human,CC3_CC4_CC5_CC6,3T3_3T3_3T3_3T3,no,no,no,no,no,no,no,24.9,543
JP241_PC703_WC65,JP241,NA,NA,PC703,ATTAAGGTCG,WC65,GTTACCAACG,NA,JP241_P2,mouse_human,CC3_CC4_CC5_CC6,3T3_3T3_3T3_3T3,no,no,no,no,no,no,no,24.9,543
JP241_PC703_WC66,JP241,NA,NA,PC703,ATTAAGGTCG,WC66,ACGAACCAAG,NA,JP241_P2,mouse_human,CC3_CC4_CC5_CC6,3T3_3T3_3T3_3T3,no,no,no,no,no,no,no,24.9,543
JP241_PC703_WC67,JP241,NA,NA,PC703,ATTAAGGTCG,WC67,CACGCAAGTC,NA,JP241_P2,mouse_human,CC3_CC4_CC5_CC6,3T3_3T3_3T3_3T3,no,no,no,no,no,no,no,24.9,543
JP241_PC703_WC68,JP241,NA,NA,PC703,ATTAAGGTCG,WC68,GCTGGAGAAG,NA,JP241_P2,mouse_human,CC3_CC4_CC5_CC6,3T3_3T3_3T3_3T3,no,no,no,no,no,no,no,24.9,543
JP241_PC703_WC69,JP241,NA,NA,PC703,ATTAAGGTCG,WC69,CCAGTGTACG,NA,JP241_P2,mouse_human,CC3_CC4_CC5_CC6,3T3_3T3_3T3_3T3,no,no,no,no,no,no,no,24.9,543
JP241_PC703_WC70,JP241,NA,NA,PC703,ATTAAGGTCG,WC70,GTTGATGCGA,NA,JP241_P2,mouse_human,CC3_CC4_CC5_CC6,3T3_3T3_3T3_3T3,no,no,no,no,no,no,no,24.9,543
JP241_PC703_WC71,JP241,NA,NA,PC703,ATTAAGGTCG,WC71,CGCTTGTTAT,NA,JP241_P2,mouse_human,CC3_CC4_CC5_CC6,3T3_3T3_3T3_3T3,no,no,no,no,no,no,no,24.9,543
JP241_PC703_WC72,JP241,NA,NA,PC703,ATTAAGGTCG,WC72,GTAACGTTCA,NA,JP241_P2,mouse_human,CC3_CC4_CC5_CC6,3T3_3T3_3T3_3T3,no,no,no,no,no,no,no,24.9,543
JP241_PC703_WC73,JP241,NA,NA,PC703,ATTAAGGTCG,WC73,CCGAGTCTTC,NA,JP241_P2,mouse_human,CC3_CC4_CC5_CC6,3T3_3T3_3T3_3T3,no,no,no,no,no,no,no,24.9,543
JP241_PC703_WC74,JP241,NA,NA,PC703,ATTAAGGTCG,WC74,TATTGCGCTA,NA,JP241_P2,mouse_human,CC3_CC4_CC5_CC6,3T3_3T3_3T3_3T3,no,no,no,no,no,no,no,24.9,543
JP241_PC703_WC75,JP241,NA,NA,PC703,ATTAAGGTCG,WC75,TGTGGTCTAA,NA,JP241_P2,mouse_human,CC3_CC4_CC5_CC6,3T3_3T3_3T3_3T3,no,no,no,no,no,no,no,24.9,543
JP241_PC703_WC76,JP241,NA,NA,PC703,ATTAAGGTCG,WC76,CACGTCTACG,NA,JP241_P2,mouse_human,CC3_CC4_CC5_CC6,3T3_3T3_3T3_3T3,no,no,no,no,no,no,no,24.9,543
JP241_PC703_WC77,JP241,NA,NA,PC703,ATTAAGGTCG,WC77,AGTCCAGTGA,NA,JP241_P2,mouse_human,CC3_CC4_CC5_CC6,3T3_3T3_3T3_3T3,no,no,no,no,no,no,no,24.9,543
JP241_PC703_WC78,JP241,NA,NA,PC703,ATTAAGGTCG,WC78,ATGCTTGGTC,NA,JP241_P2,mouse_human,CC3_CC4_CC5_CC6,3T3_3T3_3T3_3T3,no,no,no,no,no,no,no,24.9,543
JP241_PC703_WC79,JP241,NA,NA,PC703,ATTAAGGTCG,WC79,TGATACTCGC,NA,JP241_P2,mouse_human,CC3_CC4_CC5_CC6,3T3_3T3_3T3_3T3,no,no,no,no,no,no,no,24.9,543
JP241_PC703_WC80,JP241,NA,NA,PC703,ATTAAGGTCG,WC80,TTATCGAGAG,NA,JP241_P2,mouse_human,CC3_CC4_CC5_CC6,3T3_3T3_3T3_3T3,no,no,no,no,no,no,no,24.9,543
JP241_PC703_WC81,JP241,NA,NA,PC703,ATTAAGGTCG,WC81,TGCCAGTATT,NA,JP241_P2,mouse_human,CC3_CC4_CC5_CC6,3T3_3T3_3T3_3T3,no,no,no,no,no,no,no,24.9,543
JP241_PC703_WC82,JP241,NA,NA,PC703,ATTAAGGTCG,WC82,GAGTTGCATA,NA,JP241_P2,mouse_human,CC3_CC4_CC5_CC6,3T3_3T3_3T3_3T3,no,no,no,no,no,no,no,24.9,543
JP241_PC703_WC83,JP241,NA,NA,PC703,ATTAAGGTCG,WC83,ACACTAGCAT,NA,JP241_P2,mouse_human,CC3_CC4_CC5_CC6,3T3_3T3_3T3_3T3,no,no,no,no,no,no,no,24.9,543
JP241_PC703_WC84,JP241,NA,NA,PC703,ATTAAGGTCG,WC84,GTTCTAATGG,NA,JP241_P2,mouse_human,CC3_CC4_CC5_CC6,3T3_3T3_3T3_3T3,no,no,no,no,no,no,no,24.9,543
JP241_PC703_WC85,JP241,NA,NA,PC703,ATTAAGGTCG,WC85,CGTTCACGTT,NA,JP241_P2,mouse_human,CC3_CC4_CC5_CC6,3T3_3T3_3T3_3T3,no,no,no,no,no,no,no,24.9,543
JP241_PC703_WC86,JP241,NA,NA,PC703,ATTAAGGTCG,WC86,GACTGCGTTA,NA,JP241_P2,mouse_human,CC3_CC4_CC5_CC6,3T3_3T3_3T3_3T3,no,no,no,no,no,no,no,24.9,543
JP241_PC703_WC87,JP241,NA,NA,PC703,ATTAAGGTCG,WC87,TGGCTTATGG,NA,JP241_P2,mouse_human,CC3_CC4_CC5_CC6,3T3_3T3_3T3_3T3,no,no,no,no,no,no,no,24.9,543
JP241_PC703_WC88,JP241,NA,NA,PC703,ATTAAGGTCG,WC88,TCAGAGGCAC,NA,JP241_P2,mouse_human,CC3_CC4_CC5_CC6,3T3_3T3_3T3_3T3,no,no,no,no,no,no,no,24.9,543
JP241_PC703_WC89,JP241,NA,NA,PC703,ATTAAGGTCG,WC89,CGCTAGGCTA,NA,JP241_P2,mouse_human,CC3_CC4_CC5_CC6,3T3_3T3_3T3_3T3,no,no,no,no,no,no,no,24.9,543
JP241_PC703_WC90,JP241,NA,NA,PC703,ATTAAGGTCG,WC90,AACCGTAACA,NA,JP241_P2,mouse_human,CC3_CC4_CC5_CC6,3T3_3T3_3T3_3T3,no,no,no,no,no,no,no,24.9,543
JP241_PC703_WC91,JP241,NA,NA,PC703,ATTAAGGTCG,WC91,CTTGGTATGA,NA,JP241_P2,mouse_human,CC3_CC4_CC5_CC6,3T3_3T3_3T3_3T3,no,no,no,no,no,no,no,24.9,543
JP241_PC703_WC92,JP241,NA,NA,PC703,ATTAAGGTCG,WC92,TGTAGATCCG,NA,JP241_P2,mouse_human,CC3_CC4_CC5_CC6,3T3_3T3_3T3_3T3,no,no,no,no,no,no,no,24.9,543
JP241_PC703_WC93,JP241,NA,NA,PC703,ATTAAGGTCG,WC93,AACTCTACCG,NA,JP241_P2,mouse_human,CC3_CC4_CC5_CC6,3T3_3T3_3T3_3T3,no,no,no,no,no,no,no,24.9,543
JP241_PC703_WC94,JP241,NA,NA,PC703,ATTAAGGTCG,WC94,CGTGACATTC,NA,JP241_P2,mouse_human,CC3_CC4_CC5_CC6,3T3_3T3_3T3_3T3,no,no,no,no,no,no,no,24.9,543
JP241_PC703_WC95,JP241,NA,NA,PC703,ATTAAGGTCG,WC95,CTGTACCAGG,NA,JP241_P2,mouse_human,CC3_CC4_CC5_CC6,3T3_3T3_3T3_3T3,no,no,no,no,no,no,no,24.9,543
JP241_PC703_WC96,JP241,NA,NA,PC703,ATTAAGGTCG,WC96,ACTGGTTCCG,NA,JP241_P2,mouse_human,CC3_CC4_CC5_CC6,3T3_3T3_3T3_3T3,no,no,no,no,no,no,no,24.9,543
JP241_PC704_WC1,JP241,NA,NA,PC704,GTGGCAACAT,WC1,GTCGTGAATC,NA,JP241_P3,mouse_human,CC3_CC4_CC5_CC6,3T3_3T3_3T3_3T3,no,no,no,no,no,no,no,26.5,580
JP241_PC704_WC2,JP241,NA,NA,PC704,GTGGCAACAT,WC2,CTGTTCTACG,NA,JP241_P3,mouse_human,CC3_CC4_CC5_CC6,3T3_3T3_3T3_3T3,no,no,no,no,no,no,no,26.5,580
JP241_PC704_WC3,JP241,NA,NA,PC704,GTGGCAACAT,WC3,GCTCTTAGGT,NA,JP241_P3,mouse_human,CC3_CC4_CC5_CC6,3T3_3T3_3T3_3T3,no,no,no,no,no,no,no,26.5,580
JP241_PC704_WC4,JP241,NA,NA,PC704,GTGGCAACAT,WC4,TAGAAGCCAT,NA,JP241_P3,mouse_human,CC3_CC4_CC5_CC6,3T3_3T3_3T3_3T3,no,no,no,no,no,no,no,26.5,580
JP241_PC704_WC5,JP241,NA,NA,PC704,GTGGCAACAT,WC5,CACTTAGGTA,NA,JP241_P3,mouse_human,CC3_CC4_CC5_CC6,3T3_3T3_3T3_3T3,no,no,no,no,no,no,no,26.5,580
JP241_PC704_WC6,JP241,NA,NA,PC704,GTGGCAACAT,WC6,ATAGGTAAGG,NA,JP241_P3,mouse_human,CC3_CC4_CC5_CC6,3T3_3T3_3T3_3T3,no,no,no,no,no,no,no,26.5,580
JP241_PC704_WC7,JP241,NA,NA,PC704,GTGGCAACAT,WC7,CGCCTTATAT,NA,JP241_P3,mouse_human,CC3_CC4_CC5_CC6,3T3_3T3_3T3_3T3,no,no,no,no,no,no,no,26.5,580
JP241_PC704_WC8,JP241,NA,NA,PC704,GTGGCAACAT,WC8,GCACGATGCT,NA,JP241_P3,mouse_human,CC3_CC4_CC5_CC6,3T3_3T3_3T3_3T3,no,no,no,no,no,no,no,26.5,580
JP241_PC704_WC9,JP241,NA,NA,PC704,GTGGCAACAT,WC9,AATATGCCAG,NA,JP241_P3,mouse_human,CC3_CC4_CC5_CC6,3T3_3T3_3T3_3T3,no,no,no,no,no,no,no,26.5,580
JP241_PC704_WC10,JP241,NA,NA,PC704,GTGGCAACAT,WC10,TAGAGTCACG,NA,JP241_P3,mouse_human,CC3_CC4_CC5_CC6,3T3_3T3_3T3_3T3,no,no,no,no,no,no,no,26.5,580
JP241_PC704_WC11,JP241,NA,NA,PC704,GTGGCAACAT,WC11,TTAACAGGTC,NA,JP241_P3,mouse_human,CC3_CC4_CC5_CC6,3T3_3T3_3T3_3T3,no,no,no,no,no,no,no,26.5,580
JP241_PC704_WC12,JP241,NA,NA,PC704,GTGGCAACAT,WC12,ACATGAGCCA,NA,JP241_P3,mouse_human,CC3_CC4_CC5_CC6,3T3_3T3_3T3_3T3,no,no,no,no,no,no,no,26.5,580
JP241_PC704_WC13,JP241,NA,NA,PC704,GTGGCAACAT,WC13,GCGAGGTTCT,NA,JP241_P3,mouse_human,CC3_CC4_CC5_CC6,3T3_3T3_3T3_3T3,no,no,no,no,no,no,no,26.5,580
JP241_PC704_WC14,JP241,NA,NA,PC704,GTGGCAACAT,WC14,TGTCCGTAGG,NA,JP241_P3,mouse_human,CC3_CC4_CC5_CC6,3T3_3T3_3T3_3T3,no,no,no,no,no,no,no,26.5,580
JP241_PC704_WC15,JP241,NA,NA,PC704,GTGGCAACAT,WC15,CATTATGCCT,NA,JP241_P3,mouse_human,CC3_CC4_CC5_CC6,3T3_3T3_3T3_3T3,no,no,no,no,no,no,no,26.5,580
JP241_PC704_WC16,JP241,NA,NA,PC704,GTGGCAACAT,WC16,TCCACTGTTG,NA,JP241_P3,mouse_human,CC3_CC4_CC5_CC6,3T3_3T3_3T3_3T3,no,no,no,no,no,no,no,26.5,580
JP241_PC704_WC17,JP241,NA,NA,PC704,GTGGCAACAT,WC17,CTTAACGACA,NA,JP241_P3,mouse_human,CC3_CC4_CC5_CC6,3T3_3T3_3T3_3T3,no,no,no,no,no,no,no,26.5,580
JP241_PC704_WC18,JP241,NA,NA,PC704,GTGGCAACAT,WC18,TCCTCGAGCT,NA,JP241_P3,mouse_human,CC3_CC4_CC5_CC6,3T3_3T3_3T3_3T3,no,no,no,no,no,no,no,26.5,580
JP241_PC704_WC19,JP241,NA,NA,PC704,GTGGCAACAT,WC19,CGAGTAATGT,NA,JP241_P3,mouse_human,CC3_CC4_CC5_CC6,3T3_3T3_3T3_3T3,no,no,no,no,no,no,no,26.5,580
JP241_PC704_WC20,JP241,NA,NA,PC704,GTGGCAACAT,WC20,CATACCGCTG,NA,JP241_P3,mouse_human,CC3_CC4_CC5_CC6,3T3_3T3_3T3_3T3,no,no,no,no,no,no,no,26.5,580
JP241_PC704_WC21,JP241,NA,NA,PC704,GTGGCAACAT,WC21,GCTACTTGCA,NA,JP241_P3,mouse_human,CC3_CC4_CC5_CC6,3T3_3T3_3T3_3T3,no,no,no,no,no,no,no,26.5,580
JP241_PC704_WC22,JP241,NA,NA,PC704,GTGGCAACAT,WC22,GCTATTGAAG,NA,JP241_P3,mouse_human,CC3_CC4_CC5_CC6,3T3_3T3_3T3_3T3,no,no,no,no,no,no,no,26.5,580
JP241_PC704_WC23,JP241,NA,NA,PC704,GTGGCAACAT,WC23,TCAGCATCCG,NA,JP241_P3,mouse_human,CC3_CC4_CC5_CC6,3T3_3T3_3T3_3T3,no,no,no,no,no,no,no,26.5,580
JP241_PC704_WC24,JP241,NA,NA,PC704,GTGGCAACAT,WC24,TAGGTGGTGG,NA,JP241_P3,mouse_human,CC3_CC4_CC5_CC6,3T3_3T3_3T3_3T3,no,no,no,no,no,no,no,26.5,580
JP241_PC704_WC25,JP241,NA,NA,PC704,GTGGCAACAT,WC25,AAGATCGGAT,NA,JP241_P3,mouse_human,CC3_CC4_CC5_CC6,3T3_3T3_3T3_3T3,no,no,no,no,no,no,no,26.5,580
JP241_PC704_WC26,JP241,NA,NA,PC704,GTGGCAACAT,WC26,TTAACGTCCG,NA,JP241_P3,mouse_human,CC3_CC4_CC5_CC6,3T3_3T3_3T3_3T3,no,no,no,no,no,no,no,26.5,580
JP241_PC704_WC27,JP241,NA,NA,PC704,GTGGCAACAT,WC27,ATTACCGATC,NA,JP241_P3,mouse_human,CC3_CC4_CC5_CC6,3T3_3T3_3T3_3T3,no,no,no,no,no,no,no,26.5,580
JP241_PC704_WC28,JP241,NA,NA,PC704,GTGGCAACAT,WC28,GTTGCATCGT,NA,JP241_P3,mouse_human,CC3_CC4_CC5_CC6,3T3_3T3_3T3_3T3,no,no,no,no,no,no,no,26.5,580
JP241_PC704_WC29,JP241,NA,NA,PC704,GTGGCAACAT,WC29,ACTGGACGTT,NA,JP241_P3,mouse_human,CC3_CC4_CC5_CC6,3T3_3T3_3T3_3T3,no,no,no,no,no,no,no,26.5,580
JP241_PC704_WC30,JP241,NA,NA,PC704,GTGGCAACAT,WC30,TTGTTCGTGT,NA,JP241_P3,mouse_human,CC3_CC4_CC5_CC6,3T3_3T3_3T3_3T3,no,no,no,no,no,no,no,26.5,580
JP241_PC704_WC31,JP241,NA,NA,PC704,GTGGCAACAT,WC31,ACGGACTGAG,NA,JP241_P3,mouse_human,CC3_CC4_CC5_CC6,3T3_3T3_3T3_3T3,no,no,no,no,no,no,no,26.5,580
JP241_PC704_WC32,JP241,NA,NA,PC704,GTGGCAACAT,WC32,CACCGTCATA,NA,JP241_P3,mouse_human,CC3_CC4_CC5_CC6,3T3_3T3_3T3_3T3,no,no,no,no,no,no,no,26.5,580
JP241_PC704_WC33,JP241,NA,NA,PC704,GTGGCAACAT,WC33,GTAGTTGTGT,NA,JP241_P3,mouse_human,CC3_CC4_CC5_CC6,3T3_3T3_3T3_3T3,no,no,no,no,no,no,no,26.5,580
JP241_PC704_WC34,JP241,NA,NA,PC704,GTGGCAACAT,WC34,CTGAGTCCTT,NA,JP241_P3,mouse_human,CC3_CC4_CC5_CC6,3T3_3T3_3T3_3T3,no,no,no,no,no,no,no,26.5,580
JP241_PC704_WC35,JP241,NA,NA,PC704,GTGGCAACAT,WC35,TCACAGTTGC,NA,JP241_P3,mouse_human,CC3_CC4_CC5_CC6,3T3_3T3_3T3_3T3,no,no,no,no,no,no,no,26.5,580
JP241_PC704_WC36,JP241,NA,NA,PC704,GTGGCAACAT,WC36,ATTGTAAGCG,NA,JP241_P3,mouse_human,CC3_CC4_CC5_CC6,3T3_3T3_3T3_3T3,no,no,no,no,no,no,no,26.5,580
JP241_PC704_WC37,JP241,NA,NA,PC704,GTGGCAACAT,WC37,CGGTCTCTCT,NA,JP241_P3,mouse_human,CC3_CC4_CC5_CC6,3T3_3T3_3T3_3T3,no,no,no,no,no,no,no,26.5,580
JP241_PC704_WC38,JP241,NA,NA,PC704,GTGGCAACAT,WC38,AACAGCAATG,NA,JP241_P3,mouse_human,CC3_CC4_CC5_CC6,3T3_3T3_3T3_3T3,no,no,no,no,no,no,no,26.5,580
JP241_PC704_WC39,JP241,NA,NA,PC704,GTGGCAACAT,WC39,TCCGTGTTGC,NA,JP241_P3,mouse_human,CC3_CC4_CC5_CC6,3T3_3T3_3T3_3T3,no,no,no,no,no,no,no,26.5,580
JP241_PC704_WC40,JP241,NA,NA,PC704,GTGGCAACAT,WC40,TGCGAAGTGA,NA,JP241_P3,mouse_human,CC3_CC4_CC5_CC6,3T3_3T3_3T3_3T3,no,no,no,no,no,no,no,26.5,580
JP241_PC704_WC41,JP241,NA,NA,PC704,GTGGCAACAT,WC41,CACAGCTATT,NA,JP241_P3,mouse_human,CC3_CC4_CC5_CC6,3T3_3T3_3T3_3T3,no,no,no,no,no,no,no,26.5,580
JP241_PC704_WC42,JP241,NA,NA,PC704,GTGGCAACAT,WC42,GATAGTGTTC,NA,JP241_P3,mouse_human,CC3_CC4_CC5_CC6,3T3_3T3_3T3_3T3,no,no,no,no,no,no,no,26.5,580
JP241_PC704_WC43,JP241,NA,NA,PC704,GTGGCAACAT,WC43,TAGCTACCAG,NA,JP241_P3,mouse_human,CC3_CC4_CC5_CC6,3T3_3T3_3T3_3T3,no,no,no,no,no,no,no,26.5,580
JP241_PC704_WC44,JP241,NA,NA,PC704,GTGGCAACAT,WC44,TGCTCACGCA,NA,JP241_P3,mouse_human,CC3_CC4_CC5_CC6,3T3_3T3_3T3_3T3,no,no,no,no,no,no,no,26.5,580
JP241_PC704_WC45,JP241,NA,NA,PC704,GTGGCAACAT,WC45,AAGTGTGCTA,NA,JP241_P3,mouse_human,CC3_CC4_CC5_CC6,3T3_3T3_3T3_3T3,no,no,no,no,no,no,no,26.5,580
JP241_PC704_WC46,JP241,NA,NA,PC704,GTGGCAACAT,WC46,TCATCGTCTG,NA,JP241_P3,mouse_human,CC3_CC4_CC5_CC6,3T3_3T3_3T3_3T3,no,no,no,no,no,no,no,26.5,580
JP241_PC704_WC47,JP241,NA,NA,PC704,GTGGCAACAT,WC47,AGATGCTCCG,NA,JP241_P3,mouse_human,CC3_CC4_CC5_CC6,3T3_3T3_3T3_3T3,no,no,no,no,no,no,no,26.5,580
JP241_PC704_WC48,JP241,NA,NA,PC704,GTGGCAACAT,WC48,GAACCAAGCG,NA,JP241_P3,mouse_human,CC3_CC4_CC5_CC6,3T3_3T3_3T3_3T3,no,no,no,no,no,no,no,26.5,580
JP241_PC704_WC49,JP241,NA,NA,PC704,GTGGCAACAT,WC49,CCTCTTCAAG,NA,JP241_P3,mouse_human,CC3_CC4_CC5_CC6,3T3_3T3_3T3_3T3,no,no,no,no,no,no,no,26.5,580
JP241_PC704_WC50,JP241,NA,NA,PC704,GTGGCAACAT,WC50,CGTCGCATCT,NA,JP241_P3,mouse_human,CC3_CC4_CC5_CC6,3T3_3T3_3T3_3T3,no,no,no,no,no,no,no,26.5,580
JP241_PC704_WC51,JP241,NA,NA,PC704,GTGGCAACAT,WC51,CCGAACGTTC,NA,JP241_P3,mouse_human,CC3_CC4_CC5_CC6,3T3_3T3_3T3_3T3,no,no,no,no,no,no,no,26.5,580
JP241_PC704_WC52,JP241,NA,NA,PC704,GTGGCAACAT,WC52,GAATGGCGTT,NA,JP241_P3,mouse_human,CC3_CC4_CC5_CC6,3T3_3T3_3T3_3T3,no,no,no,no,no,no,no,26.5,580
JP241_PC704_WC53,JP241,NA,NA,PC704,GTGGCAACAT,WC53,AAGTTCAGGA,NA,JP241_P3,mouse_human,CC3_CC4_CC5_CC6,3T3_3T3_3T3_3T3,no,no,no,no,no,no,no,26.5,580
JP241_PC704_WC54,JP241,NA,NA,PC704,GTGGCAACAT,WC54,GACCAATTGT,NA,JP241_P3,mouse_human,CC3_CC4_CC5_CC6,3T3_3T3_3T3_3T3,no,no,no,no,no,no,no,26.5,580
JP241_PC704_WC55,JP241,NA,NA,PC704,GTGGCAACAT,WC55,TGTCTGTGAC,NA,JP241_P3,mouse_human,CC3_CC4_CC5_CC6,3T3_3T3_3T3_3T3,no,no,no,no,no,no,no,26.5,580
JP241_PC704_WC56,JP241,NA,NA,PC704,GTGGCAACAT,WC56,GAACATTGGC,NA,JP241_P3,mouse_human,CC3_CC4_CC5_CC6,3T3_3T3_3T3_3T3,no,no,no,no,no,no,no,26.5,580
JP241_PC704_WC57,JP241,NA,NA,PC704,GTGGCAACAT,WC57,CGTAACACTA,NA,JP241_P3,mouse_human,CC3_CC4_CC5_CC6,3T3_3T3_3T3_3T3,no,no,no,no,no,no,no,26.5,580
JP241_PC704_WC58,JP241,NA,NA,PC704,GTGGCAACAT,WC58,GTACTTCCAA,NA,JP241_P3,mouse_human,CC3_CC4_CC5_CC6,3T3_3T3_3T3_3T3,no,no,no,no,no,no,no,26.5,580
JP241_PC704_WC59,JP241,NA,NA,PC704,GTGGCAACAT,WC59,TTAGCGTCTT,NA,JP241_P3,mouse_human,CC3_CC4_CC5_CC6,3T3_3T3_3T3_3T3,no,no,no,no,no,no,no,26.5,580
JP241_PC704_WC60,JP241,NA,NA,PC704,GTGGCAACAT,WC60,TTGACCGTCT,NA,JP241_P3,mouse_human,CC3_CC4_CC5_CC6,3T3_3T3_3T3_3T3,no,no,no,no,no,no,no,26.5,580
JP241_PC704_WC61,JP241,NA,NA,PC704,GTGGCAACAT,WC61,ACGGCTTCTC,NA,JP241_P3,mouse_human,CC3_CC4_CC5_CC6,3T3_3T3_3T3_3T3,no,no,no,no,no,no,no,26.5,580
JP241_PC704_WC62,JP241,NA,NA,PC704,GTGGCAACAT,WC62,TGCGATGTAT,NA,JP241_P3,mouse_human,CC3_CC4_CC5_CC6,3T3_3T3_3T3_3T3,no,no,no,no,no,no,no,26.5,580
JP241_PC704_WC63,JP241,NA,NA,PC704,GTGGCAACAT,WC63,GCGTTCAGCA,NA,JP241_P3,mouse_human,CC3_CC4_CC5_CC6,3T3_3T3_3T3_3T3,no,no,no,no,no,no,no,26.5,580
JP241_PC704_WC64,JP241,NA,NA,PC704,GTGGCAACAT,WC64,GCCTAGGAAG,NA,JP241_P3,mouse_human,CC3_CC4_CC5_CC6,3T3_3T3_3T3_3T3,no,no,no,no,no,no,no,26.5,580
JP241_PC704_WC65,JP241,NA,NA,PC704,GTGGCAACAT,WC65,GTTACCAACG,NA,JP241_P3,mouse_human,CC3_CC4_CC5_CC6,3T3_3T3_3T3_3T3,no,no,no,no,no,no,no,26.5,580
JP241_PC704_WC66,JP241,NA,NA,PC704,GTGGCAACAT,WC66,ACGAACCAAG,NA,JP241_P3,mouse_human,CC3_CC4_CC5_CC6,3T3_3T3_3T3_3T3,no,no,no,no,no,no,no,26.5,580
JP241_PC704_WC67,JP241,NA,NA,PC704,GTGGCAACAT,WC67,CACGCAAGTC,NA,JP241_P3,mouse_human,CC3_CC4_CC5_CC6,3T3_3T3_3T3_3T3,no,no,no,no,no,no,no,26.5,580
JP241_PC704_WC68,JP241,NA,NA,PC704,GTGGCAACAT,WC68,GCTGGAGAAG,NA,JP241_P3,mouse_human,CC3_CC4_CC5_CC6,3T3_3T3_3T3_3T3,no,no,no,no,no,no,no,26.5,580
JP241_PC704_WC69,JP241,NA,NA,PC704,GTGGCAACAT,WC69,CCAGTGTACG,NA,JP241_P3,mouse_human,CC3_CC4_CC5_CC6,3T3_3T3_3T3_3T3,no,no,no,no,no,no,no,26.5,580
JP241_PC704_WC70,JP241,NA,NA,PC704,GTGGCAACAT,WC70,GTTGATGCGA,NA,JP241_P3,mouse_human,CC3_CC4_CC5_CC6,3T3_3T3_3T3_3T3,no,no,no,no,no,no,no,26.5,580
JP241_PC704_WC71,JP241,NA,NA,PC704,GTGGCAACAT,WC71,CGCTTGTTAT,NA,JP241_P3,mouse_human,CC3_CC4_CC5_CC6,3T3_3T3_3T3_3T3,no,no,no,no,no,no,no,26.5,580
JP241_PC704_WC72,JP241,NA,NA,PC704,GTGGCAACAT,WC72,GTAACGTTCA,NA,JP241_P3,mouse_human,CC3_CC4_CC5_CC6,3T3_3T3_3T3_3T3,no,no,no,no,no,no,no,26.5,580
JP241_PC704_WC73,JP241,NA,NA,PC704,GTGGCAACAT,WC73,CCGAGTCTTC,NA,JP241_P3,mouse_human,CC3_CC4_CC5_CC6,3T3_3T3_3T3_3T3,no,no,no,no,no,no,no,26.5,580
JP241_PC704_WC74,JP241,NA,NA,PC704,GTGGCAACAT,WC74,TATTGCGCTA,NA,JP241_P3,mouse_human,CC3_CC4_CC5_CC6,3T3_3T3_3T3_3T3,no,no,no,no,no,no,no,26.5,580
JP241_PC704_WC75,JP241,NA,NA,PC704,GTGGCAACAT,WC75,TGTGGTCTAA,NA,JP241_P3,mouse_human,CC3_CC4_CC5_CC6,3T3_3T3_3T3_3T3,no,no,no,no,no,no,no,26.5,580
JP241_PC704_WC76,JP241,NA,NA,PC704,GTGGCAACAT,WC76,CACGTCTACG,NA,JP241_P3,mouse_human,CC3_CC4_CC5_CC6,3T3_3T3_3T3_3T3,no,no,no,no,no,no,no,26.5,580
JP241_PC704_WC77,JP241,NA,NA,PC704,GTGGCAACAT,WC77,AGTCCAGTGA,NA,JP241_P3,mouse_human,CC3_CC4_CC5_CC6,3T3_3T3_3T3_3T3,no,no,no,no,no,no,no,26.5,580
JP241_PC704_WC78,JP241,NA,NA,PC704,GTGGCAACAT,WC78,ATGCTTGGTC,NA,JP241_P3,mouse_human,CC3_CC4_CC5_CC6,3T3_3T3_3T3_3T3,no,no,no,no,no,no,no,26.5,580
JP241_PC704_WC79,JP241,NA,NA,PC704,GTGGCAACAT,WC79,TGATACTCGC,NA,JP241_P3,mouse_human,CC3_CC4_CC5_CC6,3T3_3T3_3T3_3T3,no,no,no,no,no,no,no,26.5,580
JP241_PC704_WC80,JP241,NA,NA,PC704,GTGGCAACAT,WC80,TTATCGAGAG,NA,JP241_P3,mouse_human,CC3_CC4_CC5_CC6,3T3_3T3_3T3_3T3,no,no,no,no,no,no,no,26.5,580
JP241_PC704_WC81,JP241,NA,NA,PC704,GTGGCAACAT,WC81,TGCCAGTATT,NA,JP241_P3,mouse_human,CC3_CC4_CC5_CC6,3T3_3T3_3T3_3T3,no,no,no,no,no,no,no,26.5,580
JP241_PC704_WC82,JP241,NA,NA,PC704,GTGGCAACAT,WC82,GAGTTGCATA,NA,JP241_P3,mouse_human,CC3_CC4_CC5_CC6,3T3_3T3_3T3_3T3,no,no,no,no,no,no,no,26.5,580
JP241_PC704_WC83,JP241,NA,NA,PC704,GTGGCAACAT,WC83,ACACTAGCAT,NA,JP241_P3,mouse_human,CC3_CC4_CC5_CC6,3T3_3T3_3T3_3T3,no,no,no,no,no,no,no,26.5,580
JP241_PC704_WC84,JP241,NA,NA,PC704,GTGGCAACAT,WC84,GTTCTAATGG,NA,JP241_P3,mouse_human,CC3_CC4_CC5_CC6,3T3_3T3_3T3_3T3,no,no,no,no,no,no,no,26.5,580
JP241_PC704_WC85,JP241,NA,NA,PC704,GTGGCAACAT,WC85,CGTTCACGTT,NA,JP241_P3,mouse_human,CC3_CC4_CC5_CC6,3T3_3T3_3T3_3T3,no,no,no,no,no,no,no,26.5,580
JP241_PC704_WC86,JP241,NA,NA,PC704,GTGGCAACAT,WC86,GACTGCGTTA,NA,JP241_P3,mouse_human,CC3_CC4_CC5_CC6,3T3_3T3_3T3_3T3,no,no,no,no,no,no,no,26.5,580
JP241_PC704_WC87,JP241,NA,NA,PC704,GTGGCAACAT,WC87,TGGCTTATGG,NA,JP241_P3,mouse_human,CC3_CC4_CC5_CC6,3T3_3T3_3T3_3T3,no,no,no,no,no,no,no,26.5,580
JP241_PC704_WC88,JP241,NA,NA,PC704,GTGGCAACAT,WC88,TCAGAGGCAC,NA,JP241_P3,mouse_human,CC3_CC4_CC5_CC6,3T3_3T3_3T3_3T3,no,no,no,no,no,no,no,26.5,580
JP241_PC704_WC89,JP241,NA,NA,PC704,GTGGCAACAT,WC89,CGCTAGGCTA,NA,JP241_P3,mouse_human,CC3_CC4_CC5_CC6,3T3_3T3_3T3_3T3,no,no,no,no,no,no,no,26.5,580
JP241_PC704_WC90,JP241,NA,NA,PC704,GTGGCAACAT,WC90,AACCGTAACA,NA,JP241_P3,mouse_human,CC3_CC4_CC5_CC6,3T3_3T3_3T3_3T3,no,no,no,no,no,no,no,26.5,580
JP241_PC704_WC91,JP241,NA,NA,PC704,GTGGCAACAT,WC91,CTTGGTATGA,NA,JP241_P3,mouse_human,CC3_CC4_CC5_CC6,3T3_3T3_3T3_3T3,no,no,no,no,no,no,no,26.5,580
JP241_PC704_WC92,JP241,NA,NA,PC704,GTGGCAACAT,WC92,TGTAGATCCG,NA,JP241_P3,mouse_human,CC3_CC4_CC5_CC6,3T3_3T3_3T3_3T3,no,no,no,no,no,no,no,26.5,580
JP241_PC704_WC93,JP241,NA,NA,PC704,GTGGCAACAT,WC93,AACTCTACCG,NA,JP241_P3,mouse_human,CC3_CC4_CC5_CC6,3T3_3T3_3T3_3T3,no,no,no,no,no,no,no,26.5,580
JP241_PC704_WC94,JP241,NA,NA,PC704,GTGGCAACAT,WC94,CGTGACATTC,NA,JP241_P3,mouse_human,CC3_CC4_CC5_CC6,3T3_3T3_3T3_3T3,no,no,no,no,no,no,no,26.5,580
JP241_PC704_WC95,JP241,NA,NA,PC704,GTGGCAACAT,WC95,CTGTACCAGG,NA,JP241_P3,mouse_human,CC3_CC4_CC5_CC6,3T3_3T3_3T3_3T3,no,no,no,no,no,no,no,26.5,580
JP241_PC704_WC96,JP241,NA,NA,PC704,GTGGCAACAT,WC96,ACTGGTTCCG,NA,JP241_P3,mouse_human,CC3_CC4_CC5_CC6,3T3_3T3_3T3_3T3,no,no,no,no,no,no,no,26.5,580
JP241_PC705_WC1,JP241,NA,NA,PC705,TGACCTGCTG,WC1,GTCGTGAATC,NA,JP241_P4,mouse_human,CC3_CC4_CC5_CC6,3T3_3T3_3T3_3T3,no,no,no,no,no,no,no,25.6,546
JP241_PC705_WC2,JP241,NA,NA,PC705,TGACCTGCTG,WC2,CTGTTCTACG,NA,JP241_P4,mouse_human,CC3_CC4_CC5_CC6,3T3_3T3_3T3_3T3,no,no,no,no,no,no,no,25.6,546
JP241_PC705_WC3,JP241,NA,NA,PC705,TGACCTGCTG,WC3,GCTCTTAGGT,NA,JP241_P4,mouse_human,CC3_CC4_CC5_CC6,3T3_3T3_3T3_3T3,no,no,no,no,no,no,no,25.6,546
JP241_PC705_WC4,JP241,NA,NA,PC705,TGACCTGCTG,WC4,TAGAAGCCAT,NA,JP241_P4,mouse_human,CC3_CC4_CC5_CC6,3T3_3T3_3T3_3T3,no,no,no,no,no,no,no,25.6,546
JP241_PC705_WC5,JP241,NA,NA,PC705,TGACCTGCTG,WC5,CACTTAGGTA,NA,JP241_P4,mouse_human,CC3_CC4_CC5_CC6,3T3_3T3_3T3_3T3,no,no,no,no,no,no,no,25.6,546
JP241_PC705_WC6,JP241,NA,NA,PC705,TGACCTGCTG,WC6,ATAGGTAAGG,NA,JP241_P4,mouse_human,CC3_CC4_CC5_CC6,3T3_3T3_3T3_3T3,no,no,no,no,no,no,no,25.6,546
JP241_PC705_WC7,JP241,NA,NA,PC705,TGACCTGCTG,WC7,CGCCTTATAT,NA,JP241_P4,mouse_human,CC3_CC4_CC5_CC6,3T3_3T3_3T3_3T3,no,no,no,no,no,no,no,25.6,546
JP241_PC705_WC8,JP241,NA,NA,PC705,TGACCTGCTG,WC8,GCACGATGCT,NA,JP241_P4,mouse_human,CC3_CC4_CC5_CC6,3T3_3T3_3T3_3T3,no,no,no,no,no,no,no,25.6,546
JP241_PC705_WC9,JP241,NA,NA,PC705,TGACCTGCTG,WC9,AATATGCCAG,NA,JP241_P4,mouse_human,CC3_CC4_CC5_CC6,3T3_3T3_3T3_3T3,no,no,no,no,no,no,no,25.6,546
JP241_PC705_WC10,JP241,NA,NA,PC705,TGACCTGCTG,WC10,TAGAGTCACG,NA,JP241_P4,mouse_human,CC3_CC4_CC5_CC6,3T3_3T3_3T3_3T3,no,no,no,no,no,no,no,25.6,546
JP241_PC705_WC11,JP241,NA,NA,PC705,TGACCTGCTG,WC11,TTAACAGGTC,NA,JP241_P4,mouse_human,CC3_CC4_CC5_CC6,3T3_3T3_3T3_3T3,no,no,no,no,no,no,no,25.6,546
JP241_PC705_WC12,JP241,NA,NA,PC705,TGACCTGCTG,WC12,ACATGAGCCA,NA,JP241_P4,mouse_human,CC3_CC4_CC5_CC6,3T3_3T3_3T3_3T3,no,no,no,no,no,no,no,25.6,546
JP241_PC705_WC13,JP241,NA,NA,PC705,TGACCTGCTG,WC13,GCGAGGTTCT,NA,JP241_P4,mouse_human,CC3_CC4_CC5_CC6,3T3_3T3_3T3_3T3,no,no,no,no,no,no,no,25.6,546
JP241_PC705_WC14,JP241,NA,NA,PC705,TGACCTGCTG,WC14,TGTCCGTAGG,NA,JP241_P4,mouse_human,CC3_CC4_CC5_CC6,3T3_3T3_3T3_3T3,no,no,no,no,no,no,no,25.6,546
JP241_PC705_WC15,JP241,NA,NA,PC705,TGACCTGCTG,WC15,CATTATGCCT,NA,JP241_P4,mouse_human,CC3_CC4_CC5_CC6,3T3_3T3_3T3_3T3,no,no,no,no,no,no,no,25.6,546
JP241_PC705_WC16,JP241,NA,NA,PC705,TGACCTGCTG,WC16,TCCACTGTTG,NA,JP241_P4,mouse_human,CC3_CC4_CC5_CC6,3T3_3T3_3T3_3T3,no,no,no,no,no,no,no,25.6,546
JP241_PC705_WC17,JP241,NA,NA,PC705,TGACCTGCTG,WC17,CTTAACGACA,NA,JP241_P4,mouse_human,CC3_CC4_CC5_CC6,3T3_3T3_3T3_3T3,no,no,no,no,no,no,no,25.6,546
JP241_PC705_WC18,JP241,NA,NA,PC705,TGACCTGCTG,WC18,TCCTCGAGCT,NA,JP241_P4,mouse_human,CC3_CC4_CC5_CC6,3T3_3T3_3T3_3T3,no,no,no,no,no,no,no,25.6,546
JP241_PC705_WC19,JP241,NA,NA,PC705,TGACCTGCTG,WC19,CGAGTAATGT,NA,JP241_P4,mouse_human,CC3_CC4_CC5_CC6,3T3_3T3_3T3_3T3,no,no,no,no,no,no,no,25.6,546
JP241_PC705_WC20,JP241,NA,NA,PC705,TGACCTGCTG,WC20,CATACCGCTG,NA,JP241_P4,mouse_human,CC3_CC4_CC5_CC6,3T3_3T3_3T3_3T3,no,no,no,no,no,no,no,25.6,546
JP241_PC705_WC21,JP241,NA,NA,PC705,TGACCTGCTG,WC21,GCTACTTGCA,NA,JP241_P4,mouse_human,CC3_CC4_CC5_CC6,3T3_3T3_3T3_3T3,no,no,no,no,no,no,no,25.6,546
JP241_PC705_WC22,JP241,NA,NA,PC705,TGACCTGCTG,WC22,GCTATTGAAG,NA,JP241_P4,mouse_human,CC3_CC4_CC5_CC6,3T3_3T3_3T3_3T3,no,no,no,no,no,no,no,25.6,546
JP241_PC705_WC23,JP241,NA,NA,PC705,TGACCTGCTG,WC23,TCAGCATCCG,NA,JP241_P4,mouse_human,CC3_CC4_CC5_CC6,3T3_3T3_3T3_3T3,no,no,no,no,no,no,no,25.6,546
JP241_PC705_WC24,JP241,NA,NA,PC705,TGACCTGCTG,WC24,TAGGTGGTGG,NA,JP241_P4,mouse_human,CC3_CC4_CC5_CC6,3T3_3T3_3T3_3T3,no,no,no,no,no,no,no,25.6,546
JP241_PC705_WC25,JP241,NA,NA,PC705,TGACCTGCTG,WC25,AAGATCGGAT,NA,JP241_P4,mouse_human,CC3_CC4_CC5_CC6,3T3_3T3_3T3_3T3,no,no,no,no,no,no,no,25.6,546
JP241_PC705_WC26,JP241,NA,NA,PC705,TGACCTGCTG,WC26,TTAACGTCCG,NA,JP241_P4,mouse_human,CC3_CC4_CC5_CC6,3T3_3T3_3T3_3T3,no,no,no,no,no,no,no,25.6,546
JP241_PC705_WC27,JP241,NA,NA,PC705,TGACCTGCTG,WC27,ATTACCGATC,NA,JP241_P4,mouse_human,CC3_CC4_CC5_CC6,3T3_3T3_3T3_3T3,no,no,no,no,no,no,no,25.6,546
JP241_PC705_WC28,JP241,NA,NA,PC705,TGACCTGCTG,WC28,GTTGCATCGT,NA,JP241_P4,mouse_human,CC3_CC4_CC5_CC6,3T3_3T3_3T3_3T3,no,no,no,no,no,no,no,25.6,546
JP241_PC705_WC29,JP241,NA,NA,PC705,TGACCTGCTG,WC29,ACTGGACGTT,NA,JP241_P4,mouse_human,CC3_CC4_CC5_CC6,3T3_3T3_3T3_3T3,no,no,no,no,no,no,no,25.6,546
JP241_PC705_WC30,JP241,NA,NA,PC705,TGACCTGCTG,WC30,TTGTTCGTGT,NA,JP241_P4,mouse_human,CC3_CC4_CC5_CC6,3T3_3T3_3T3_3T3,no,no,no,no,no,no,no,25.6,546
JP241_PC705_WC31,JP241,NA,NA,PC705,TGACCTGCTG,WC31,ACGGACTGAG,NA,JP241_P4,mouse_human,CC3_CC4_CC5_CC6,3T3_3T3_3T3_3T3,no,no,no,no,no,no,no,25.6,546
JP241_PC705_WC32,JP241,NA,NA,PC705,TGACCTGCTG,WC32,CACCGTCATA,NA,JP241_P4,mouse_human,CC3_CC4_CC5_CC6,3T3_3T3_3T3_3T3,no,no,no,no,no,no,no,25.6,546
JP241_PC705_WC33,JP241,NA,NA,PC705,TGACCTGCTG,WC33,GTAGTTGTGT,NA,JP241_P4,mouse_human,CC3_CC4_CC5_CC6,3T3_3T3_3T3_3T3,no,no,no,no,no,no,no,25.6,546
JP241_PC705_WC34,JP241,NA,NA,PC705,TGACCTGCTG,WC34,CTGAGTCCTT,NA,JP241_P4,mouse_human,CC3_CC4_CC5_CC6,3T3_3T3_3T3_3T3,no,no,no,no,no,no,no,25.6,546
JP241_PC705_WC35,JP241,NA,NA,PC705,TGACCTGCTG,WC35,TCACAGTTGC,NA,JP241_P4,mouse_human,CC3_CC4_CC5_CC6,3T3_3T3_3T3_3T3,no,no,no,no,no,no,no,25.6,546
JP241_PC705_WC36,JP241,NA,NA,PC705,TGACCTGCTG,WC36,ATTGTAAGCG,NA,JP241_P4,mouse_human,CC3_CC4_CC5_CC6,3T3_3T3_3T3_3T3,no,no,no,no,no,no,no,25.6,546
JP241_PC705_WC37,JP241,NA,NA,PC705,TGACCTGCTG,WC37,CGGTCTCTCT,NA,JP241_P4,mouse_human,CC3_CC4_CC5_CC6,3T3_3T3_3T3_3T3,no,no,no,no,no,no,no,25.6,546
JP241_PC705_WC38,JP241,NA,NA,PC705,TGACCTGCTG,WC38,AACAGCAATG,NA,JP241_P4,mouse_human,CC3_CC4_CC5_CC6,3T3_3T3_3T3_3T3,no,no,no,no,no,no,no,25.6,546
JP241_PC705_WC39,JP241,NA,NA,PC705,TGACCTGCTG,WC39,TCCGTGTTGC,NA,JP241_P4,mouse_human,CC3_CC4_CC5_CC6,3T3_3T3_3T3_3T3,no,no,no,no,no,no,no,25.6,546
JP241_PC705_WC40,JP241,NA,NA,PC705,TGACCTGCTG,WC40,TGCGAAGTGA,NA,JP241_P4,mouse_human,CC3_CC4_CC5_CC6,3T3_3T3_3T3_3T3,no,no,no,no,no,no,no,25.6,546
JP241_PC705_WC41,JP241,NA,NA,PC705,TGACCTGCTG,WC41,CACAGCTATT,NA,JP241_P4,mouse_human,CC3_CC4_CC5_CC6,3T3_3T3_3T3_3T3,no,no,no,no,no,no,no,25.6,546
JP241_PC705_WC42,JP241,NA,NA,PC705,TGACCTGCTG,WC42,GATAGTGTTC,NA,JP241_P4,mouse_human,CC3_CC4_CC5_CC6,3T3_3T3_3T3_3T3,no,no,no,no,no,no,no,25.6,546
JP241_PC705_WC43,JP241,NA,NA,PC705,TGACCTGCTG,WC43,TAGCTACCAG,NA,JP241_P4,mouse_human,CC3_CC4_CC5_CC6,3T3_3T3_3T3_3T3,no,no,no,no,no,no,no,25.6,546
JP241_PC705_WC44,JP241,NA,NA,PC705,TGACCTGCTG,WC44,TGCTCACGCA,NA,JP241_P4,mouse_human,CC3_CC4_CC5_CC6,3T3_3T3_3T3_3T3,no,no,no,no,no,no,no,25.6,546
JP241_PC705_WC45,JP241,NA,NA,PC705,TGACCTGCTG,WC45,AAGTGTGCTA,NA,JP241_P4,mouse_human,CC3_CC4_CC5_CC6,3T3_3T3_3T3_3T3,no,no,no,no,no,no,no,25.6,546
JP241_PC705_WC46,JP241,NA,NA,PC705,TGACCTGCTG,WC46,TCATCGTCTG,NA,JP241_P4,mouse_human,CC3_CC4_CC5_CC6,3T3_3T3_3T3_3T3,no,no,no,no,no,no,no,25.6,546
JP241_PC705_WC47,JP241,NA,NA,PC705,TGACCTGCTG,WC47,AGATGCTCCG,NA,JP241_P4,mouse_human,CC3_CC4_CC5_CC6,3T3_3T3_3T3_3T3,no,no,no,no,no,no,no,25.6,546
JP241_PC705_WC48,JP241,NA,NA,PC705,TGACCTGCTG,WC48,GAACCAAGCG,NA,JP241_P4,mouse_human,CC3_CC4_CC5_CC6,3T3_3T3_3T3_3T3,no,no,no,no,no,no,no,25.6,546
JP241_PC705_WC49,JP241,NA,NA,PC705,TGACCTGCTG,WC49,CCTCTTCAAG,NA,JP241_P4,mouse_human,CC3_CC4_CC5_CC6,3T3_3T3_3T3_3T3,no,no,no,no,no,no,no,25.6,546
JP241_PC705_WC50,JP241,NA,NA,PC705,TGACCTGCTG,WC50,CGTCGCATCT,NA,JP241_P4,mouse_human,CC3_CC4_CC5_CC6,3T3_3T3_3T3_3T3,no,no,no,no,no,no,no,25.6,546
JP241_PC705_WC51,JP241,NA,NA,PC705,TGACCTGCTG,WC51,CCGAACGTTC,NA,JP241_P4,mouse_human,CC3_CC4_CC5_CC6,3T3_3T3_3T3_3T3,no,no,no,no,no,no,no,25.6,546
JP241_PC705_WC52,JP241,NA,NA,PC705,TGACCTGCTG,WC52,GAATGGCGTT,NA,JP241_P4,mouse_human,CC3_CC4_CC5_CC6,3T3_3T3_3T3_3T3,no,no,no,no,no,no,no,25.6,546
JP241_PC705_WC53,JP241,NA,NA,PC705,TGACCTGCTG,WC53,AAGTTCAGGA,NA,JP241_P4,mouse_human,CC3_CC4_CC5_CC6,3T3_3T3_3T3_3T3,no,no,no,no,no,no,no,25.6,546
JP241_PC705_WC54,JP241,NA,NA,PC705,TGACCTGCTG,WC54,GACCAATTGT,NA,JP241_P4,mouse_human,CC3_CC4_CC5_CC6,3T3_3T3_3T3_3T3,no,no,no,no,no,no,no,25.6,546
JP241_PC705_WC55,JP241,NA,NA,PC705,TGACCTGCTG,WC55,TGTCTGTGAC,NA,JP241_P4,mouse_human,CC3_CC4_CC5_CC6,3T3_3T3_3T3_3T3,no,no,no,no,no,no,no,25.6,546
JP241_PC705_WC56,JP241,NA,NA,PC705,TGACCTGCTG,WC56,GAACATTGGC,NA,JP241_P4,mouse_human,CC3_CC4_CC5_CC6,3T3_3T3_3T3_3T3,no,no,no,no,no,no,no,25.6,546
JP241_PC705_WC57,JP241,NA,NA,PC705,TGACCTGCTG,WC57,CGTAACACTA,NA,JP241_P4,mouse_human,CC3_CC4_CC5_CC6,3T3_3T3_3T3_3T3,no,no,no,no,no,no,no,25.6,546
JP241_PC705_WC58,JP241,NA,NA,PC705,TGACCTGCTG,WC58,GTACTTCCAA,NA,JP241_P4,mouse_human,CC3_CC4_CC5_CC6,3T3_3T3_3T3_3T3,no,no,no,no,no,no,no,25.6,546
JP241_PC705_WC59,JP241,NA,NA,PC705,TGACCTGCTG,WC59,TTAGCGTCTT,NA,JP241_P4,mouse_human,CC3_CC4_CC5_CC6,3T3_3T3_3T3_3T3,no,no,no,no,no,no,no,25.6,546
JP241_PC705_WC60,JP241,NA,NA,PC705,TGACCTGCTG,WC60,TTGACCGTCT,NA,JP241_P4,mouse_human,CC3_CC4_CC5_CC6,3T3_3T3_3T3_3T3,no,no,no,no,no,no,no,25.6,546
JP241_PC705_WC61,JP241,NA,NA,PC705,TGACCTGCTG,WC61,ACGGCTTCTC,NA,JP241_P4,mouse_human,CC3_CC4_CC5_CC6,3T3_3T3_3T3_3T3,no,no,no,no,no,no,no,25.6,546
JP241_PC705_WC62,JP241,NA,NA,PC705,TGACCTGCTG,WC62,TGCGATGTAT,NA,JP241_P4,mouse_human,CC3_CC4_CC5_CC6,3T3_3T3_3T3_3T3,no,no,no,no,no,no,no,25.6,546
JP241_PC705_WC63,JP241,NA,NA,PC705,TGACCTGCTG,WC63,GCGTTCAGCA,NA,JP241_P4,mouse_human,CC3_CC4_CC5_CC6,3T3_3T3_3T3_3T3,no,no,no,no,no,no,no,25.6,546
JP241_PC705_WC64,JP241,NA,NA,PC705,TGACCTGCTG,WC64,GCCTAGGAAG,NA,JP241_P4,mouse_human,CC3_CC4_CC5_CC6,3T3_3T3_3T3_3T3,no,no,no,no,no,no,no,25.6,546
JP241_PC705_WC65,JP241,NA,NA,PC705,TGACCTGCTG,WC65,GTTACCAACG,NA,JP241_P4,mouse_human,CC3_CC4_CC5_CC6,3T3_3T3_3T3_3T3,no,no,no,no,no,no,no,25.6,546
JP241_PC705_WC66,JP241,NA,NA,PC705,TGACCTGCTG,WC66,ACGAACCAAG,NA,JP241_P4,mouse_human,CC3_CC4_CC5_CC6,3T3_3T3_3T3_3T3,no,no,no,no,no,no,no,25.6,546
JP241_PC705_WC67,JP241,NA,NA,PC705,TGACCTGCTG,WC67,CACGCAAGTC,NA,JP241_P4,mouse_human,CC3_CC4_CC5_CC6,3T3_3T3_3T3_3T3,no,no,no,no,no,no,no,25.6,546
JP241_PC705_WC68,JP241,NA,NA,PC705,TGACCTGCTG,WC68,GCTGGAGAAG,NA,JP241_P4,mouse_human,CC3_CC4_CC5_CC6,3T3_3T3_3T3_3T3,no,no,no,no,no,no,no,25.6,546
JP241_PC705_WC69,JP241,NA,NA,PC705,TGACCTGCTG,WC69,CCAGTGTACG,NA,JP241_P4,mouse_human,CC3_CC4_CC5_CC6,3T3_3T3_3T3_3T3,no,no,no,no,no,no,no,25.6,546
JP241_PC705_WC70,JP241,NA,NA,PC705,TGACCTGCTG,WC70,GTTGATGCGA,NA,JP241_P4,mouse_human,CC3_CC4_CC5_CC6,3T3_3T3_3T3_3T3,no,no,no,no,no,no,no,25.6,546
JP241_PC705_WC71,JP241,NA,NA,PC705,TGACCTGCTG,WC71,CGCTTGTTAT,NA,JP241_P4,mouse_human,CC3_CC4_CC5_CC6,3T3_3T3_3T3_3T3,no,no,no,no,no,no,no,25.6,546
JP241_PC705_WC72,JP241,NA,NA,PC705,TGACCTGCTG,WC72,GTAACGTTCA,NA,JP241_P4,mouse_human,CC3_CC4_CC5_CC6,3T3_3T3_3T3_3T3,no,no,no,no,no,no,no,25.6,546
JP241_PC705_WC73,JP241,NA,NA,PC705,TGACCTGCTG,WC73,CCGAGTCTTC,NA,JP241_P4,mouse_human,CC3_CC4_CC5_CC6,3T3_3T3_3T3_3T3,no,no,no,no,no,no,no,25.6,546
JP241_PC705_WC74,JP241,NA,NA,PC705,TGACCTGCTG,WC74,TATTGCGCTA,NA,JP241_P4,mouse_human,CC3_CC4_CC5_CC6,3T3_3T3_3T3_3T3,no,no,no,no,no,no,no,25.6,546
JP241_PC705_WC75,JP241,NA,NA,PC705,TGACCTGCTG,WC75,TGTGGTCTAA,NA,JP241_P4,mouse_human,CC3_CC4_CC5_CC6,3T3_3T3_3T3_3T3,no,no,no,no,no,no,no,25.6,546
JP241_PC705_WC76,JP241,NA,NA,PC705,TGACCTGCTG,WC76,CACGTCTACG,NA,JP241_P4,mouse_human,CC3_CC4_CC5_CC6,3T3_3T3_3T3_3T3,no,no,no,no,no,no,no,25.6,546
JP241_PC705_WC77,JP241,NA,NA,PC705,TGACCTGCTG,WC77,AGTCCAGTGA,NA,JP241_P4,mouse_human,CC3_CC4_CC5_CC6,3T3_3T3_3T3_3T3,no,no,no,no,no,no,no,25.6,546
JP241_PC705_WC78,JP241,NA,NA,PC705,TGACCTGCTG,WC78,ATGCTTGGTC,NA,JP241_P4,mouse_human,CC3_CC4_CC5_CC6,3T3_3T3_3T3_3T3,no,no,no,no,no,no,no,25.6,546
JP241_PC705_WC79,JP241,NA,NA,PC705,TGACCTGCTG,WC79,TGATACTCGC,NA,JP241_P4,mouse_human,CC3_CC4_CC5_CC6,3T3_3T3_3T3_3T3,no,no,no,no,no,no,no,25.6,546
JP241_PC705_WC80,JP241,NA,NA,PC705,TGACCTGCTG,WC80,TTATCGAGAG,NA,JP241_P4,mouse_human,CC3_CC4_CC5_CC6,3T3_3T3_3T3_3T3,no,no,no,no,no,no,no,25.6,546
JP241_PC705_WC81,JP241,NA,NA,PC705,TGACCTGCTG,WC81,TGCCAGTATT,NA,JP241_P4,mouse_human,CC3_CC4_CC5_CC6,3T3_3T3_3T3_3T3,no,no,no,no,no,no,no,25.6,546
JP241_PC705_WC82,JP241,NA,NA,PC705,TGACCTGCTG,WC82,GAGTTGCATA,NA,JP241_P4,mouse_human,CC3_CC4_CC5_CC6,3T3_3T3_3T3_3T3,no,no,no,no,no,no,no,25.6,546
JP241_PC705_WC83,JP241,NA,NA,PC705,TGACCTGCTG,WC83,ACACTAGCAT,NA,JP241_P4,mouse_human,CC3_CC4_CC5_CC6,3T3_3T3_3T3_3T3,no,no,no,no,no,no,no,25.6,546
JP241_PC705_WC84,JP241,NA,NA,PC705,TGACCTGCTG,WC84,GTTCTAATGG,NA,JP241_P4,mouse_human,CC3_CC4_CC5_CC6,3T3_3T3_3T3_3T3,no,no,no,no,no,no,no,25.6,546
JP241_PC705_WC85,JP241,NA,NA,PC705,TGACCTGCTG,WC85,CGTTCACGTT,NA,JP241_P4,mouse_human,CC3_CC4_CC5_CC6,3T3_3T3_3T3_3T3,no,no,no,no,no,no,no,25.6,546
JP241_PC705_WC86,JP241,NA,NA,PC705,TGACCTGCTG,WC86,GACTGCGTTA,NA,JP241_P4,mouse_human,CC3_CC4_CC5_CC6,3T3_3T3_3T3_3T3,no,no,no,no,no,no,no,25.6,546
JP241_PC705_WC87,JP241,NA,NA,PC705,TGACCTGCTG,WC87,TGGCTTATGG,NA,JP241_P4,mouse_human,CC3_CC4_CC5_CC6,3T3_3T3_3T3_3T3,no,no,no,no,no,no,no,25.6,546
JP241_PC705_WC88,JP241,NA,NA,PC705,TGACCTGCTG,WC88,TCAGAGGCAC,NA,JP241_P4,mouse_human,CC3_CC4_CC5_CC6,3T3_3T3_3T3_3T3,no,no,no,no,no,no,no,25.6,546
JP241_PC705_WC89,JP241,NA,NA,PC705,TGACCTGCTG,WC89,CGCTAGGCTA,NA,JP241_P4,mouse_human,CC3_CC4_CC5_CC6,3T3_3T3_3T3_3T3,no,no,no,no,no,no,no,25.6,546
JP241_PC705_WC90,JP241,NA,NA,PC705,TGACCTGCTG,WC90,AACCGTAACA,NA,JP241_P4,mouse_human,CC3_CC4_CC5_CC6,3T3_3T3_3T3_3T3,no,no,no,no,no,no,no,25.6,546
JP241_PC705_WC91,JP241,NA,NA,PC705,TGACCTGCTG,WC91,CTTGGTATGA,NA,JP241_P4,mouse_human,CC3_CC4_CC5_CC6,3T3_3T3_3T3_3T3,no,no,no,no,no,no,no,25.6,546
JP241_PC705_WC92,JP241,NA,NA,PC705,TGACCTGCTG,WC92,TGTAGATCCG,NA,JP241_P4,mouse_human,CC3_CC4_CC5_CC6,3T3_3T3_3T3_3T3,no,no,no,no,no,no,no,25.6,546
JP241_PC705_WC93,JP241,NA,NA,PC705,TGACCTGCTG,WC93,AACTCTACCG,NA,JP241_P4,mouse_human,CC3_CC4_CC5_CC6,3T3_3T3_3T3_3T3,no,no,no,no,no,no,no,25.6,546
JP241_PC705_WC94,JP241,NA,NA,PC705,TGACCTGCTG,WC94,CGTGACATTC,NA,JP241_P4,mouse_human,CC3_CC4_CC5_CC6,3T3_3T3_3T3_3T3,no,no,no,no,no,no,no,25.6,546
JP241_PC705_WC95,JP241,NA,NA,PC705,TGACCTGCTG,WC95,CTGTACCAGG,NA,JP241_P4,mouse_human,CC3_CC4_CC5_CC6,3T3_3T3_3T3_3T3,no,no,no,no,no,no,no,25.6,546
JP241_PC705_WC96,JP241,NA,NA,PC705,TGACCTGCTG,WC96,ACTGGTTCCG,NA,JP241_P4,mouse_human,CC3_CC4_CC5_CC6,3T3_3T3_3T3_3T3,no,no,no,no,no,no,no,25.6,546
NG029_PC706_WC1,NG029,NA,NA,PC706,CGCAGCTAGA,WC1,GTCGTGAATC,NA,NG029_P1,mouse_human,CC1_CC2,3T3_3T3,no,no,no,no,no,no,no,23.2,549
NG029_PC706_WC2,NG029,NA,NA,PC706,CGCAGCTAGA,WC2,CTGTTCTACG,NA,NG029_P1,mouse_human,CC1_CC2,3T3_3T3,no,no,no,no,no,no,no,23.2,549
NG029_PC706_WC3,NG029,NA,NA,PC706,CGCAGCTAGA,WC3,GCTCTTAGGT,NA,NG029_P1,mouse_human,CC1_CC2,3T3_3T3,no,no,no,no,no,no,no,23.2,549
NG029_PC706_WC4,NG029,NA,NA,PC706,CGCAGCTAGA,WC4,TAGAAGCCAT,NA,NG029_P1,mouse_human,CC1_CC2,3T3_3T3,no,no,no,no,no,no,no,23.2,549
NG029_PC706_WC5,NG029,NA,NA,PC706,CGCAGCTAGA,WC5,CACTTAGGTA,NA,NG029_P1,mouse_human,CC1_CC2,3T3_3T3,no,no,no,no,no,no,no,23.2,549
NG029_PC706_WC6,NG029,NA,NA,PC706,CGCAGCTAGA,WC6,ATAGGTAAGG,NA,NG029_P1,mouse_human,CC1_CC2,3T3_3T3,no,no,no,no,no,no,no,23.2,549
NG029_PC706_WC7,NG029,NA,NA,PC706,CGCAGCTAGA,WC7,CGCCTTATAT,NA,NG029_P1,mouse_human,CC1_CC2,3T3_3T3,no,no,no,no,no,no,no,23.2,549
NG029_PC706_WC8,NG029,NA,NA,PC706,CGCAGCTAGA,WC8,GCACGATGCT,NA,NG029_P1,mouse_human,CC1_CC2,3T3_3T3,no,no,no,no,no,no,no,23.2,549
NG029_PC706_WC9,NG029,NA,NA,PC706,CGCAGCTAGA,WC9,AATATGCCAG,NA,NG029_P1,mouse_human,CC1_CC2,3T3_3T3,no,no,no,no,no,no,no,23.2,549
NG029_PC706_WC10,NG029,NA,NA,PC706,CGCAGCTAGA,WC10,TAGAGTCACG,NA,NG029_P1,mouse_human,CC1_CC2,3T3_3T3,no,no,no,no,no,no,no,23.2,549
NG029_PC706_WC11,NG029,NA,NA,PC706,CGCAGCTAGA,WC11,TTAACAGGTC,NA,NG029_P1,mouse_human,CC1_CC2,3T3_3T3,no,no,no,no,no,no,no,23.2,549
NG029_PC706_WC12,NG029,NA,NA,PC706,CGCAGCTAGA,WC12,ACATGAGCCA,NA,NG029_P1,mouse_human,CC1_CC2,3T3_3T3,no,no,no,no,no,no,no,23.2,549
NG029_PC706_WC13,NG029,NA,NA,PC706,CGCAGCTAGA,WC13,GCGAGGTTCT,NA,NG029_P1,mouse_human,CC1_CC2,3T3_3T3,no,no,no,no,no,no,no,23.2,549
NG029_PC706_WC14,NG029,NA,NA,PC706,CGCAGCTAGA,WC14,TGTCCGTAGG,NA,NG029_P1,mouse_human,CC1_CC2,3T3_3T3,no,no,no,no,no,no,no,23.2,549
NG029_PC706_WC15,NG029,NA,NA,PC706,CGCAGCTAGA,WC15,CATTATGCCT,NA,NG029_P1,mouse_human,CC1_CC2,3T3_3T3,no,no,no,no,no,no,no,23.2,549
NG029_PC706_WC16,NG029,NA,NA,PC706,CGCAGCTAGA,WC16,TCCACTGTTG,NA,NG029_P1,mouse_human,CC1_CC2,3T3_3T3,no,no,no,no,no,no,no,23.2,549
NG029_PC706_WC17,NG029,NA,NA,PC706,CGCAGCTAGA,WC17,CTTAACGACA,NA,NG029_P1,mouse_human,CC1_CC2,3T3_3T3,no,no,no,no,no,no,no,23.2,549
NG029_PC706_WC18,NG029,NA,NA,PC706,CGCAGCTAGA,WC18,TCCTCGAGCT,NA,NG029_P1,mouse_human,CC1_CC2,3T3_3T3,no,no,no,no,no,no,no,23.2,549
NG029_PC706_WC19,NG029,NA,NA,PC706,CGCAGCTAGA,WC19,CGAGTAATGT,NA,NG029_P1,mouse_human,CC1_CC2,3T3_3T3,no,no,no,no,no,no,no,23.2,549
NG029_PC706_WC20,NG029,NA,NA,PC706,CGCAGCTAGA,WC20,CATACCGCTG,NA,NG029_P1,mouse_human,CC1_CC2,3T3_3T3,no,no,no,no,no,no,no,23.2,549
NG029_PC706_WC21,NG029,NA,NA,PC706,CGCAGCTAGA,WC21,GCTACTTGCA,NA,NG029_P1,mouse_human,CC1_CC2,3T3_3T3,no,no,no,no,no,no,no,23.2,549
NG029_PC706_WC22,NG029,NA,NA,PC706,CGCAGCTAGA,WC22,GCTATTGAAG,NA,NG029_P1,mouse_human,CC1_CC2,3T3_3T3,no,no,no,no,no,no,no,23.2,549
NG029_PC706_WC23,NG029,NA,NA,PC706,CGCAGCTAGA,WC23,TCAGCATCCG,NA,NG029_P1,mouse_human,CC1_CC2,3T3_3T3,no,no,no,no,no,no,no,23.2,549
NG029_PC706_WC24,NG029,NA,NA,PC706,CGCAGCTAGA,WC24,TAGGTGGTGG,NA,NG029_P1,mouse_human,CC1_CC2,3T3_3T3,no,no,no,no,no,no,no,23.2,549
NG029_PC706_WC25,NG029,NA,NA,PC706,CGCAGCTAGA,WC25,AAGATCGGAT,NA,NG029_P1,mouse_human,CC1_CC2,3T3_3T3,no,no,no,no,no,no,no,23.2,549
NG029_PC706_WC26,NG029,NA,NA,PC706,CGCAGCTAGA,WC26,TTAACGTCCG,NA,NG029_P1,mouse_human,CC1_CC2,3T3_3T3,no,no,no,no,no,no,no,23.2,549
NG029_PC706_WC27,NG029,NA,NA,PC706,CGCAGCTAGA,WC27,ATTACCGATC,NA,NG029_P1,mouse_human,CC1_CC2,3T3_3T3,no,no,no,no,no,no,no,23.2,549
NG029_PC706_WC28,NG029,NA,NA,PC706,CGCAGCTAGA,WC28,GTTGCATCGT,NA,NG029_P1,mouse_human,CC1_CC2,3T3_3T3,no,no,no,no,no,no,no,23.2,549
NG029_PC706_WC29,NG029,NA,NA,PC706,CGCAGCTAGA,WC29,ACTGGACGTT,NA,NG029_P1,mouse_human,CC1_CC2,3T3_3T3,no,no,no,no,no,no,no,23.2,549
NG029_PC706_WC30,NG029,NA,NA,PC706,CGCAGCTAGA,WC30,TTGTTCGTGT,NA,NG029_P1,mouse_human,CC1_CC2,3T3_3T3,no,no,no,no,no,no,no,23.2,549
NG029_PC706_WC31,NG029,NA,NA,PC706,CGCAGCTAGA,WC31,ACGGACTGAG,NA,NG029_P1,mouse_human,CC1_CC2,3T3_3T3,no,no,no,no,no,no,no,23.2,549
NG029_PC706_WC32,NG029,NA,NA,PC706,CGCAGCTAGA,WC32,CACCGTCATA,NA,NG029_P1,mouse_human,CC1_CC2,3T3_3T3,no,no,no,no,no,no,no,23.2,549
NG029_PC706_WC33,NG029,NA,NA,PC706,CGCAGCTAGA,WC33,GTAGTTGTGT,NA,NG029_P1,mouse_human,CC1_CC2,3T3_3T3,no,no,no,no,no,no,no,23.2,549
NG029_PC706_WC34,NG029,NA,NA,PC706,CGCAGCTAGA,WC34,CTGAGTCCTT,NA,NG029_P1,mouse_human,CC1_CC2,3T3_3T3,no,no,no,no,no,no,no,23.2,549
NG029_PC706_WC35,NG029,NA,NA,PC706,CGCAGCTAGA,WC35,TCACAGTTGC,NA,NG029_P1,mouse_human,CC1_CC2,3T3_3T3,no,no,no,no,no,no,no,23.2,549
NG029_PC706_WC36,NG029,NA,NA,PC706,CGCAGCTAGA,WC36,ATTGTAAGCG,NA,NG029_P1,mouse_human,CC1_CC2,3T3_3T3,no,no,no,no,no,no,no,23.2,549
NG029_PC706_WC37,NG029,NA,NA,PC706,CGCAGCTAGA,WC37,CGGTCTCTCT,NA,NG029_P1,mouse_human,CC1_CC2,3T3_3T3,no,no,no,no,no,no,no,23.2,549
NG029_PC706_WC38,NG029,NA,NA,PC706,CGCAGCTAGA,WC38,AACAGCAATG,NA,NG029_P1,mouse_human,CC1_CC2,3T3_3T3,no,no,no,no,no,no,no,23.2,549
NG029_PC706_WC39,NG029,NA,NA,PC706,CGCAGCTAGA,WC39,TCCGTGTTGC,NA,NG029_P1,mouse_human,CC1_CC2,3T3_3T3,no,no,no,no,no,no,no,23.2,549
NG029_PC706_WC40,NG029,NA,NA,PC706,CGCAGCTAGA,WC40,TGCGAAGTGA,NA,NG029_P1,mouse_human,CC1_CC2,3T3_3T3,no,no,no,no,no,no,no,23.2,549
NG029_PC706_WC41,NG029,NA,NA,PC706,CGCAGCTAGA,WC41,CACAGCTATT,NA,NG029_P1,mouse_human,CC1_CC2,3T3_3T3,no,no,no,no,no,no,no,23.2,549
NG029_PC706_WC42,NG029,NA,NA,PC706,CGCAGCTAGA,WC42,GATAGTGTTC,NA,NG029_P1,mouse_human,CC1_CC2,3T3_3T3,no,no,no,no,no,no,no,23.2,549
NG029_PC706_WC43,NG029,NA,NA,PC706,CGCAGCTAGA,WC43,TAGCTACCAG,NA,NG029_P1,mouse_human,CC1_CC2,3T3_3T3,no,no,no,no,no,no,no,23.2,549
NG029_PC706_WC44,NG029,NA,NA,PC706,CGCAGCTAGA,WC44,TGCTCACGCA,NA,NG029_P1,mouse_human,CC1_CC2,3T3_3T3,no,no,no,no,no,no,no,23.2,549
NG029_PC706_WC45,NG029,NA,NA,PC706,CGCAGCTAGA,WC45,AAGTGTGCTA,NA,NG029_P1,mouse_human,CC1_CC2,3T3_3T3,no,no,no,no,no,no,no,23.2,549
NG029_PC706_WC46,NG029,NA,NA,PC706,CGCAGCTAGA,WC46,TCATCGTCTG,NA,NG029_P1,mouse_human,CC1_CC2,3T3_3T3,no,no,no,no,no,no,no,23.2,549
NG029_PC706_WC47,NG029,NA,NA,PC706,CGCAGCTAGA,WC47,AGATGCTCCG,NA,NG029_P1,mouse_human,CC1_CC2,3T3_3T3,no,no,no,no,no,no,no,23.2,549
NG029_PC706_WC48,NG029,NA,NA,PC706,CGCAGCTAGA,WC48,GAACCAAGCG,NA,NG029_P1,mouse_human,CC1_CC2,3T3_3T3,no,no,no,no,no,no,no,23.2,549
NG029_PC706_WC49,NG029,NA,NA,PC706,CGCAGCTAGA,WC49,CCTCTTCAAG,NA,NG029_P1,mouse_human,CC1_CC2,3T3_3T3,no,no,no,no,no,no,no,23.2,549
NG029_PC706_WC50,NG029,NA,NA,PC706,CGCAGCTAGA,WC50,CGTCGCATCT,NA,NG029_P1,mouse_human,CC1_CC2,3T3_3T3,no,no,no,no,no,no,no,23.2,549
NG029_PC706_WC51,NG029,NA,NA,PC706,CGCAGCTAGA,WC51,CCGAACGTTC,NA,NG029_P1,mouse_human,CC1_CC2,3T3_3T3,no,no,no,no,no,no,no,23.2,549
NG029_PC706_WC52,NG029,NA,NA,PC706,CGCAGCTAGA,WC52,GAATGGCGTT,NA,NG029_P1,mouse_human,CC1_CC2,3T3_3T3,no,no,no,no,no,no,no,23.2,549
NG029_PC706_WC53,NG029,NA,NA,PC706,CGCAGCTAGA,WC53,AAGTTCAGGA,NA,NG029_P1,mouse_human,CC1_CC2,3T3_3T3,no,no,no,no,no,no,no,23.2,549
NG029_PC706_WC54,NG029,NA,NA,PC706,CGCAGCTAGA,WC54,GACCAATTGT,NA,NG029_P1,mouse_human,CC1_CC2,3T3_3T3,no,no,no,no,no,no,no,23.2,549
NG029_PC706_WC55,NG029,NA,NA,PC706,CGCAGCTAGA,WC55,TGTCTGTGAC,NA,NG029_P1,mouse_human,CC1_CC2,3T3_3T3,no,no,no,no,no,no,no,23.2,549
NG029_PC706_WC56,NG029,NA,NA,PC706,CGCAGCTAGA,WC56,GAACATTGGC,NA,NG029_P1,mouse_human,CC1_CC2,3T3_3T3,no,no,no,no,no,no,no,23.2,549
NG029_PC706_WC57,NG029,NA,NA,PC706,CGCAGCTAGA,WC57,CGTAACACTA,NA,NG029_P1,mouse_human,CC1_CC2,3T3_3T3,no,no,no,no,no,no,no,23.2,549
NG029_PC706_WC58,NG029,NA,NA,PC706,CGCAGCTAGA,WC58,GTACTTCCAA,NA,NG029_P1,mouse_human,CC1_CC2,3T3_3T3,no,no,no,no,no,no,no,23.2,549
NG029_PC706_WC59,NG029,NA,NA,PC706,CGCAGCTAGA,WC59,TTAGCGTCTT,NA,NG029_P1,mouse_human,CC1_CC2,3T3_3T3,no,no,no,no,no,no,no,23.2,549
NG029_PC706_WC60,NG029,NA,NA,PC706,CGCAGCTAGA,WC60,TTGACCGTCT,NA,NG029_P1,mouse_human,CC1_CC2,3T3_3T3,no,no,no,no,no,no,no,23.2,549
NG029_PC706_WC61,NG029,NA,NA,PC706,CGCAGCTAGA,WC61,ACGGCTTCTC,NA,NG029_P1,mouse_human,CC1_CC2,3T3_3T3,no,no,no,no,no,no,no,23.2,549
NG029_PC706_WC62,NG029,NA,NA,PC706,CGCAGCTAGA,WC62,TGCGATGTAT,NA,NG029_P1,mouse_human,CC1_CC2,3T3_3T3,no,no,no,no,no,no,no,23.2,549
NG029_PC706_WC63,NG029,NA,NA,PC706,CGCAGCTAGA,WC63,GCGTTCAGCA,NA,NG029_P1,mouse_human,CC1_CC2,3T3_3T3,no,no,no,no,no,no,no,23.2,549
NG029_PC706_WC64,NG029,NA,NA,PC706,CGCAGCTAGA,WC64,GCCTAGGAAG,NA,NG029_P1,mouse_human,CC1_CC2,3T3_3T3,no,no,no,no,no,no,no,23.2,549
NG029_PC706_WC65,NG029,NA,NA,PC706,CGCAGCTAGA,WC65,GTTACCAACG,NA,NG029_P1,mouse_human,CC1_CC2,3T3_3T3,no,no,no,no,no,no,no,23.2,549
NG029_PC706_WC66,NG029,NA,NA,PC706,CGCAGCTAGA,WC66,ACGAACCAAG,NA,NG029_P1,mouse_human,CC1_CC2,3T3_3T3,no,no,no,no,no,no,no,23.2,549
NG029_PC706_WC67,NG029,NA,NA,PC706,CGCAGCTAGA,WC67,CACGCAAGTC,NA,NG029_P1,mouse_human,CC1_CC2,3T3_3T3,no,no,no,no,no,no,no,23.2,549
NG029_PC706_WC68,NG029,NA,NA,PC706,CGCAGCTAGA,WC68,GCTGGAGAAG,NA,NG029_P1,mouse_human,CC1_CC2,3T3_3T3,no,no,no,no,no,no,no,23.2,549
NG029_PC706_WC69,NG029,NA,NA,PC706,CGCAGCTAGA,WC69,CCAGTGTACG,NA,NG029_P1,mouse_human,CC1_CC2,3T3_3T3,no,no,no,no,no,no,no,23.2,549
NG029_PC706_WC70,NG029,NA,NA,PC706,CGCAGCTAGA,WC70,GTTGATGCGA,NA,NG029_P1,mouse_human,CC1_CC2,3T3_3T3,no,no,no,no,no,no,no,23.2,549
NG029_PC706_WC71,NG029,NA,NA,PC706,CGCAGCTAGA,WC71,CGCTTGTTAT,NA,NG029_P1,mouse_human,CC1_CC2,3T3_3T3,no,no,no,no,no,no,no,23.2,549
NG029_PC706_WC72,NG029,NA,NA,PC706,CGCAGCTAGA,WC72,GTAACGTTCA,NA,NG029_P1,mouse_human,CC1_CC2,3T3_3T3,no,no,no,no,no,no,no,23.2,549
NG029_PC706_WC73,NG029,NA,NA,PC706,CGCAGCTAGA,WC73,CCGAGTCTTC,NA,NG029_P1,mouse_human,CC1_CC2,3T3_3T3,no,no,no,no,no,no,no,23.2,549
NG029_PC706_WC74,NG029,NA,NA,PC706,CGCAGCTAGA,WC74,TATTGCGCTA,NA,NG029_P1,mouse_human,CC1_CC2,3T3_3T3,no,no,no,no,no,no,no,23.2,549
NG029_PC706_WC75,NG029,NA,NA,PC706,CGCAGCTAGA,WC75,TGTGGTCTAA,NA,NG029_P1,mouse_human,CC1_CC2,3T3_3T3,no,no,no,no,no,no,no,23.2,549
NG029_PC706_WC76,NG029,NA,NA,PC706,CGCAGCTAGA,WC76,CACGTCTACG,NA,NG029_P1,mouse_human,CC1_CC2,3T3_3T3,no,no,no,no,no,no,no,23.2,549
NG029_PC706_WC77,NG029,NA,NA,PC706,CGCAGCTAGA,WC77,AGTCCAGTGA,NA,NG029_P1,mouse_human,CC1_CC2,3T3_3T3,no,no,no,no,no,no,no,23.2,549
NG029_PC706_WC78,NG029,NA,NA,PC706,CGCAGCTAGA,WC78,ATGCTTGGTC,NA,NG029_P1,mouse_human,CC1_CC2,3T3_3T3,no,no,no,no,no,no,no,23.2,549
NG029_PC706_WC79,NG029,NA,NA,PC706,CGCAGCTAGA,WC79,TGATACTCGC,NA,NG029_P1,mouse_human,CC1_CC2,3T3_3T3,no,no,no,no,no,no,no,23.2,549
NG029_PC706_WC80,NG029,NA,NA,PC706,CGCAGCTAGA,WC80,TTATCGAGAG,NA,NG029_P1,mouse_human,CC1_CC2,3T3_3T3,no,no,no,no,no,no,no,23.2,549
NG029_PC706_WC81,NG029,NA,NA,PC706,CGCAGCTAGA,WC81,TGCCAGTATT,NA,NG029_P1,mouse_human,CC1_CC2,3T3_3T3,no,no,no,no,no,no,no,23.2,549
NG029_PC706_WC82,NG029,NA,NA,PC706,CGCAGCTAGA,WC82,GAGTTGCATA,NA,NG029_P1,mouse_human,CC1_CC2,3T3_3T3,no,no,no,no,no,no,no,23.2,549
NG029_PC706_WC83,NG029,NA,NA,PC706,CGCAGCTAGA,WC83,ACACTAGCAT,NA,NG029_P1,mouse_human,CC1_CC2,3T3_3T3,no,no,no,no,no,no,no,23.2,549
NG029_PC706_WC84,NG029,NA,NA,PC706,CGCAGCTAGA,WC84,GTTCTAATGG,NA,NG029_P1,mouse_human,CC1_CC2,3T3_3T3,no,no,no,no,no,no,no,23.2,549
NG029_PC706_WC85,NG029,NA,NA,PC706,CGCAGCTAGA,WC85,CGTTCACGTT,NA,NG029_P1,mouse_human,CC1_CC2,3T3_3T3,no,no,no,no,no,no,no,23.2,549
NG029_PC706_WC86,NG029,NA,NA,PC706,CGCAGCTAGA,WC86,GACTGCGTTA,NA,NG029_P1,mouse_human,CC1_CC2,3T3_3T3,no,no,no,no,no,no,no,23.2,549
NG029_PC706_WC87,NG029,NA,NA,PC706,CGCAGCTAGA,WC87,TGGCTTATGG,NA,NG029_P1,mouse_human,CC1_CC2,3T3_3T3,no,no,no,no,no,no,no,23.2,549
NG029_PC706_WC88,NG029,NA,NA,PC706,CGCAGCTAGA,WC88,TCAGAGGCAC,NA,NG029_P1,mouse_human,CC1_CC2,3T3_3T3,no,no,no,no,no,no,no,23.2,549
NG029_PC706_WC89,NG029,NA,NA,PC706,CGCAGCTAGA,WC89,CGCTAGGCTA,NA,NG029_P1,mouse_human,CC1_CC2,3T3_3T3,no,no,no,no,no,no,no,23.2,549
NG029_PC706_WC90,NG029,NA,NA,PC706,CGCAGCTAGA,WC90,AACCGTAACA,NA,NG029_P1,mouse_human,CC1_CC2,3T3_3T3,no,no,no,no,no,no,no,23.2,549
NG029_PC706_WC91,NG029,NA,NA,PC706,CGCAGCTAGA,WC91,CTTGGTATGA,NA,NG029_P1,mouse_human,CC1_CC2,3T3_3T3,no,no,no,no,no,no,no,23.2,549
NG029_PC706_WC92,NG029,NA,NA,PC706,CGCAGCTAGA,WC92,TGTAGATCCG,NA,NG029_P1,mouse_human,CC1_CC2,3T3_3T3,no,no,no,no,no,no,no,23.2,549
NG029_PC706_WC93,NG029,NA,NA,PC706,CGCAGCTAGA,WC93,AACTCTACCG,NA,NG029_P1,mouse_human,CC1_CC2,3T3_3T3,no,no,no,no,no,no,no,23.2,549
NG029_PC706_WC94,NG029,NA,NA,PC706,CGCAGCTAGA,WC94,CGTGACATTC,NA,NG029_P1,mouse_human,CC1_CC2,3T3_3T3,no,no,no,no,no,no,no,23.2,549
NG029_PC706_WC95,NG029,NA,NA,PC706,CGCAGCTAGA,WC95,CTGTACCAGG,NA,NG029_P1,mouse_human,CC1_CC2,3T3_3T3,no,no,no,no,no,no,no,23.2,549
NG029_PC706_WC96,NG029,NA,NA,PC706,CGCAGCTAGA,WC96,ACTGGTTCCG,NA,NG029_P1,mouse_human,CC1_CC2,3T3_3T3,no,no,no,no,no,no,no,23.2,549
NG029_PC707_WC1,NG029,NA,NA,PC707,ACGCTAATCT,WC1,GTCGTGAATC,NA,NG029_P2,mouse_human,CC1_CC2,3T3_3T3,no,no,no,no,no,no,no,23.8,578
NG029_PC707_WC2,NG029,NA,NA,PC707,ACGCTAATCT,WC2,CTGTTCTACG,NA,NG029_P2,mouse_human,CC1_CC2,3T3_3T3,no,no,no,no,no,no,no,23.8,578
NG029_PC707_WC3,NG029,NA,NA,PC707,ACGCTAATCT,WC3,GCTCTTAGGT,NA,NG029_P2,mouse_human,CC1_CC2,3T3_3T3,no,no,no,no,no,no,no,23.8,578
NG029_PC707_WC4,NG029,NA,NA,PC707,ACGCTAATCT,WC4,TAGAAGCCAT,NA,NG029_P2,mouse_human,CC1_CC2,3T3_3T3,no,no,no,no,no,no,no,23.8,578
NG029_PC707_WC5,NG029,NA,NA,PC707,ACGCTAATCT,WC5,CACTTAGGTA,NA,NG029_P2,mouse_human,CC1_CC2,3T3_3T3,no,no,no,no,no,no,no,23.8,578
NG029_PC707_WC6,NG029,NA,NA,PC707,ACGCTAATCT,WC6,ATAGGTAAGG,NA,NG029_P2,mouse_human,CC1_CC2,3T3_3T3,no,no,no,no,no,no,no,23.8,578
NG029_PC707_WC7,NG029,NA,NA,PC707,ACGCTAATCT,WC7,CGCCTTATAT,NA,NG029_P2,mouse_human,CC1_CC2,3T3_3T3,no,no,no,no,no,no,no,23.8,578
NG029_PC707_WC8,NG029,NA,NA,PC707,ACGCTAATCT,WC8,GCACGATGCT,NA,NG029_P2,mouse_human,CC1_CC2,3T3_3T3,no,no,no,no,no,no,no,23.8,578
NG029_PC707_WC9,NG029,NA,NA,PC707,ACGCTAATCT,WC9,AATATGCCAG,NA,NG029_P2,mouse_human,CC1_CC2,3T3_3T3,no,no,no,no,no,no,no,23.8,578
NG029_PC707_WC10,NG029,NA,NA,PC707,ACGCTAATCT,WC10,TAGAGTCACG,NA,NG029_P2,mouse_human,CC1_CC2,3T3_3T3,no,no,no,no,no,no,no,23.8,578
NG029_PC707_WC11,NG029,NA,NA,PC707,ACGCTAATCT,WC11,TTAACAGGTC,NA,NG029_P2,mouse_human,CC1_CC2,3T3_3T3,no,no,no,no,no,no,no,23.8,578
NG029_PC707_WC12,NG029,NA,NA,PC707,ACGCTAATCT,WC12,ACATGAGCCA,NA,NG029_P2,mouse_human,CC1_CC2,3T3_3T3,no,no,no,no,no,no,no,23.8,578
NG029_PC707_WC13,NG029,NA,NA,PC707,ACGCTAATCT,WC13,GCGAGGTTCT,NA,NG029_P2,mouse_human,CC1_CC2,3T3_3T3,no,no,no,no,no,no,no,23.8,578
NG029_PC707_WC14,NG029,NA,NA,PC707,ACGCTAATCT,WC14,TGTCCGTAGG,NA,NG029_P2,mouse_human,CC1_CC2,3T3_3T3,no,no,no,no,no,no,no,23.8,578
NG029_PC707_WC15,NG029,NA,NA,PC707,ACGCTAATCT,WC15,CATTATGCCT,NA,NG029_P2,mouse_human,CC1_CC2,3T3_3T3,no,no,no,no,no,no,no,23.8,578
NG029_PC707_WC16,NG029,NA,NA,PC707,ACGCTAATCT,WC16,TCCACTGTTG,NA,NG029_P2,mouse_human,CC1_CC2,3T3_3T3,no,no,no,no,no,no,no,23.8,578
NG029_PC707_WC17,NG029,NA,NA,PC707,ACGCTAATCT,WC17,CTTAACGACA,NA,NG029_P2,mouse_human,CC1_CC2,3T3_3T3,no,no,no,no,no,no,no,23.8,578
NG029_PC707_WC18,NG029,NA,NA,PC707,ACGCTAATCT,WC18,TCCTCGAGCT,NA,NG029_P2,mouse_human,CC1_CC2,3T3_3T3,no,no,no,no,no,no,no,23.8,578
NG029_PC707_WC19,NG029,NA,NA,PC707,ACGCTAATCT,WC19,CGAGTAATGT,NA,NG029_P2,mouse_human,CC1_CC2,3T3_3T3,no,no,no,no,no,no,no,23.8,578
NG029_PC707_WC20,NG029,NA,NA,PC707,ACGCTAATCT,WC20,CATACCGCTG,NA,NG029_P2,mouse_human,CC1_CC2,3T3_3T3,no,no,no,no,no,no,no,23.8,578
NG029_PC707_WC21,NG029,NA,NA,PC707,ACGCTAATCT,WC21,GCTACTTGCA,NA,NG029_P2,mouse_human,CC1_CC2,3T3_3T3,no,no,no,no,no,no,no,23.8,578
NG029_PC707_WC22,NG029,NA,NA,PC707,ACGCTAATCT,WC22,GCTATTGAAG,NA,NG029_P2,mouse_human,CC1_CC2,3T3_3T3,no,no,no,no,no,no,no,23.8,578
NG029_PC707_WC23,NG029,NA,NA,PC707,ACGCTAATCT,WC23,TCAGCATCCG,NA,NG029_P2,mouse_human,CC1_CC2,3T3_3T3,no,no,no,no,no,no,no,23.8,578
NG029_PC707_WC24,NG029,NA,NA,PC707,ACGCTAATCT,WC24,TAGGTGGTGG,NA,NG029_P2,mouse_human,CC1_CC2,3T3_3T3,no,no,no,no,no,no,no,23.8,578
NG029_PC707_WC25,NG029,NA,NA,PC707,ACGCTAATCT,WC25,AAGATCGGAT,NA,NG029_P2,mouse_human,CC1_CC2,3T3_3T3,no,no,no,no,no,no,no,23.8,578
NG029_PC707_WC26,NG029,NA,NA,PC707,ACGCTAATCT,WC26,TTAACGTCCG,NA,NG029_P2,mouse_human,CC1_CC2,3T3_3T3,no,no,no,no,no,no,no,23.8,578
NG029_PC707_WC27,NG029,NA,NA,PC707,ACGCTAATCT,WC27,ATTACCGATC,NA,NG029_P2,mouse_human,CC1_CC2,3T3_3T3,no,no,no,no,no,no,no,23.8,578
NG029_PC707_WC28,NG029,NA,NA,PC707,ACGCTAATCT,WC28,GTTGCATCGT,NA,NG029_P2,mouse_human,CC1_CC2,3T3_3T3,no,no,no,no,no,no,no,23.8,578
NG029_PC707_WC29,NG029,NA,NA,PC707,ACGCTAATCT,WC29,ACTGGACGTT,NA,NG029_P2,mouse_human,CC1_CC2,3T3_3T3,no,no,no,no,no,no,no,23.8,578
NG029_PC707_WC30,NG029,NA,NA,PC707,ACGCTAATCT,WC30,TTGTTCGTGT,NA,NG029_P2,mouse_human,CC1_CC2,3T3_3T3,no,no,no,no,no,no,no,23.8,578
NG029_PC707_WC31,NG029,NA,NA,PC707,ACGCTAATCT,WC31,ACGGACTGAG,NA,NG029_P2,mouse_human,CC1_CC2,3T3_3T3,no,no,no,no,no,no,no,23.8,578
NG029_PC707_WC32,NG029,NA,NA,PC707,ACGCTAATCT,WC32,CACCGTCATA,NA,NG029_P2,mouse_human,CC1_CC2,3T3_3T3,no,no,no,no,no,no,no,23.8,578
NG029_PC707_WC33,NG029,NA,NA,PC707,ACGCTAATCT,WC33,GTAGTTGTGT,NA,NG029_P2,mouse_human,CC1_CC2,3T3_3T3,no,no,no,no,no,no,no,23.8,578
NG029_PC707_WC34,NG029,NA,NA,PC707,ACGCTAATCT,WC34,CTGAGTCCTT,NA,NG029_P2,mouse_human,CC1_CC2,3T3_3T3,no,no,no,no,no,no,no,23.8,578
NG029_PC707_WC35,NG029,NA,NA,PC707,ACGCTAATCT,WC35,TCACAGTTGC,NA,NG029_P2,mouse_human,CC1_CC2,3T3_3T3,no,no,no,no,no,no,no,23.8,578
NG029_PC707_WC36,NG029,NA,NA,PC707,ACGCTAATCT,WC36,ATTGTAAGCG,NA,NG029_P2,mouse_human,CC1_CC2,3T3_3T3,no,no,no,no,no,no,no,23.8,578
NG029_PC707_WC37,NG029,NA,NA,PC707,ACGCTAATCT,WC37,CGGTCTCTCT,NA,NG029_P2,mouse_human,CC1_CC2,3T3_3T3,no,no,no,no,no,no,no,23.8,578
NG029_PC707_WC38,NG029,NA,NA,PC707,ACGCTAATCT,WC38,AACAGCAATG,NA,NG029_P2,mouse_human,CC1_CC2,3T3_3T3,no,no,no,no,no,no,no,23.8,578
NG029_PC707_WC39,NG029,NA,NA,PC707,ACGCTAATCT,WC39,TCCGTGTTGC,NA,NG029_P2,mouse_human,CC1_CC2,3T3_3T3,no,no,no,no,no,no,no,23.8,578
NG029_PC707_WC40,NG029,NA,NA,PC707,ACGCTAATCT,WC40,TGCGAAGTGA,NA,NG029_P2,mouse_human,CC1_CC2,3T3_3T3,no,no,no,no,no,no,no,23.8,578
NG029_PC707_WC41,NG029,NA,NA,PC707,ACGCTAATCT,WC41,CACAGCTATT,NA,NG029_P2,mouse_human,CC1_CC2,3T3_3T3,no,no,no,no,no,no,no,23.8,578
NG029_PC707_WC42,NG029,NA,NA,PC707,ACGCTAATCT,WC42,GATAGTGTTC,NA,NG029_P2,mouse_human,CC1_CC2,3T3_3T3,no,no,no,no,no,no,no,23.8,578
NG029_PC707_WC43,NG029,NA,NA,PC707,ACGCTAATCT,WC43,TAGCTACCAG,NA,NG029_P2,mouse_human,CC1_CC2,3T3_3T3,no,no,no,no,no,no,no,23.8,578
NG029_PC707_WC44,NG029,NA,NA,PC707,ACGCTAATCT,WC44,TGCTCACGCA,NA,NG029_P2,mouse_human,CC1_CC2,3T3_3T3,no,no,no,no,no,no,no,23.8,578
NG029_PC707_WC45,NG029,NA,NA,PC707,ACGCTAATCT,WC45,AAGTGTGCTA,NA,NG029_P2,mouse_human,CC1_CC2,3T3_3T3,no,no,no,no,no,no,no,23.8,578
NG029_PC707_WC46,NG029,NA,NA,PC707,ACGCTAATCT,WC46,TCATCGTCTG,NA,NG029_P2,mouse_human,CC1_CC2,3T3_3T3,no,no,no,no,no,no,no,23.8,578
NG029_PC707_WC47,NG029,NA,NA,PC707,ACGCTAATCT,WC47,AGATGCTCCG,NA,NG029_P2,mouse_human,CC1_CC2,3T3_3T3,no,no,no,no,no,no,no,23.8,578
NG029_PC707_WC48,NG029,NA,NA,PC707,ACGCTAATCT,WC48,GAACCAAGCG,NA,NG029_P2,mouse_human,CC1_CC2,3T3_3T3,no,no,no,no,no,no,no,23.8,578
NG029_PC707_WC49,NG029,NA,NA,PC707,ACGCTAATCT,WC49,CCTCTTCAAG,NA,NG029_P2,mouse_human,CC1_CC2,3T3_3T3,no,no,no,no,no,no,no,23.8,578
NG029_PC707_WC50,NG029,NA,NA,PC707,ACGCTAATCT,WC50,CGTCGCATCT,NA,NG029_P2,mouse_human,CC1_CC2,3T3_3T3,no,no,no,no,no,no,no,23.8,578
NG029_PC707_WC51,NG029,NA,NA,PC707,ACGCTAATCT,WC51,CCGAACGTTC,NA,NG029_P2,mouse_human,CC1_CC2,3T3_3T3,no,no,no,no,no,no,no,23.8,578
NG029_PC707_WC52,NG029,NA,NA,PC707,ACGCTAATCT,WC52,GAATGGCGTT,NA,NG029_P2,mouse_human,CC1_CC2,3T3_3T3,no,no,no,no,no,no,no,23.8,578
NG029_PC707_WC53,NG029,NA,NA,PC707,ACGCTAATCT,WC53,AAGTTCAGGA,NA,NG029_P2,mouse_human,CC1_CC2,3T3_3T3,no,no,no,no,no,no,no,23.8,578
NG029_PC707_WC54,NG029,NA,NA,PC707,ACGCTAATCT,WC54,GACCAATTGT,NA,NG029_P2,mouse_human,CC1_CC2,3T3_3T3,no,no,no,no,no,no,no,23.8,578
NG029_PC707_WC55,NG029,NA,NA,PC707,ACGCTAATCT,WC55,TGTCTGTGAC,NA,NG029_P2,mouse_human,CC1_CC2,3T3_3T3,no,no,no,no,no,no,no,23.8,578
NG029_PC707_WC56,NG029,NA,NA,PC707,ACGCTAATCT,WC56,GAACATTGGC,NA,NG029_P2,mouse_human,CC1_CC2,3T3_3T3,no,no,no,no,no,no,no,23.8,578
NG029_PC707_WC57,NG029,NA,NA,PC707,ACGCTAATCT,WC57,CGTAACACTA,NA,NG029_P2,mouse_human,CC1_CC2,3T3_3T3,no,no,no,no,no,no,no,23.8,578
NG029_PC707_WC58,NG029,NA,NA,PC707,ACGCTAATCT,WC58,GTACTTCCAA,NA,NG029_P2,mouse_human,CC1_CC2,3T3_3T3,no,no,no,no,no,no,no,23.8,578
NG029_PC707_WC59,NG029,NA,NA,PC707,ACGCTAATCT,WC59,TTAGCGTCTT,NA,NG029_P2,mouse_human,CC1_CC2,3T3_3T3,no,no,no,no,no,no,no,23.8,578
NG029_PC707_WC60,NG029,NA,NA,PC707,ACGCTAATCT,WC60,TTGACCGTCT,NA,NG029_P2,mouse_human,CC1_CC2,3T3_3T3,no,no,no,no,no,no,no,23.8,578
NG029_PC707_WC61,NG029,NA,NA,PC707,ACGCTAATCT,WC61,ACGGCTTCTC,NA,NG029_P2,mouse_human,CC1_CC2,3T3_3T3,no,no,no,no,no,no,no,23.8,578
NG029_PC707_WC62,NG029,NA,NA,PC707,ACGCTAATCT,WC62,TGCGATGTAT,NA,NG029_P2,mouse_human,CC1_CC2,3T3_3T3,no,no,no,no,no,no,no,23.8,578
NG029_PC707_WC63,NG029,NA,NA,PC707,ACGCTAATCT,WC63,GCGTTCAGCA,NA,NG029_P2,mouse_human,CC1_CC2,3T3_3T3,no,no,no,no,no,no,no,23.8,578
NG029_PC707_WC64,NG029,NA,NA,PC707,ACGCTAATCT,WC64,GCCTAGGAAG,NA,NG029_P2,mouse_human,CC1_CC2,3T3_3T3,no,no,no,no,no,no,no,23.8,578
NG029_PC707_WC65,NG029,NA,NA,PC707,ACGCTAATCT,WC65,GTTACCAACG,NA,NG029_P2,mouse_human,CC1_CC2,3T3_3T3,no,no,no,no,no,no,no,23.8,578
NG029_PC707_WC66,NG029,NA,NA,PC707,ACGCTAATCT,WC66,ACGAACCAAG,NA,NG029_P2,mouse_human,CC1_CC2,3T3_3T3,no,no,no,no,no,no,no,23.8,578
NG029_PC707_WC67,NG029,NA,NA,PC707,ACGCTAATCT,WC67,CACGCAAGTC,NA,NG029_P2,mouse_human,CC1_CC2,3T3_3T3,no,no,no,no,no,no,no,23.8,578
NG029_PC707_WC68,NG029,NA,NA,PC707,ACGCTAATCT,WC68,GCTGGAGAAG,NA,NG029_P2,mouse_human,CC1_CC2,3T3_3T3,no,no,no,no,no,no,no,23.8,578
NG029_PC707_WC69,NG029,NA,NA,PC707,ACGCTAATCT,WC69,CCAGTGTACG,NA,NG029_P2,mouse_human,CC1_CC2,3T3_3T3,no,no,no,no,no,no,no,23.8,578
NG029_PC707_WC70,NG029,NA,NA,PC707,ACGCTAATCT,WC70,GTTGATGCGA,NA,NG029_P2,mouse_human,CC1_CC2,3T3_3T3,no,no,no,no,no,no,no,23.8,578
NG029_PC707_WC71,NG029,NA,NA,PC707,ACGCTAATCT,WC71,CGCTTGTTAT,NA,NG029_P2,mouse_human,CC1_CC2,3T3_3T3,no,no,no,no,no,no,no,23.8,578
NG029_PC707_WC72,NG029,NA,NA,PC707,ACGCTAATCT,WC72,GTAACGTTCA,NA,NG029_P2,mouse_human,CC1_CC2,3T3_3T3,no,no,no,no,no,no,no,23.8,578
NG029_PC707_WC73,NG029,NA,NA,PC707,ACGCTAATCT,WC73,CCGAGTCTTC,NA,NG029_P2,mouse_human,CC1_CC2,3T3_3T3,no,no,no,no,no,no,no,23.8,578
NG029_PC707_WC74,NG029,NA,NA,PC707,ACGCTAATCT,WC74,TATTGCGCTA,NA,NG029_P2,mouse_human,CC1_CC2,3T3_3T3,no,no,no,no,no,no,no,23.8,578
NG029_PC707_WC75,NG029,NA,NA,PC707,ACGCTAATCT,WC75,TGTGGTCTAA,NA,NG029_P2,mouse_human,CC1_CC2,3T3_3T3,no,no,no,no,no,no,no,23.8,578
NG029_PC707_WC76,NG029,NA,NA,PC707,ACGCTAATCT,WC76,CACGTCTACG,NA,NG029_P2,mouse_human,CC1_CC2,3T3_3T3,no,no,no,no,no,no,no,23.8,578
NG029_PC707_WC77,NG029,NA,NA,PC707,ACGCTAATCT,WC77,AGTCCAGTGA,NA,NG029_P2,mouse_human,CC1_CC2,3T3_3T3,no,no,no,no,no,no,no,23.8,578
NG029_PC707_WC78,NG029,NA,NA,PC707,ACGCTAATCT,WC78,ATGCTTGGTC,NA,NG029_P2,mouse_human,CC1_CC2,3T3_3T3,no,no,no,no,no,no,no,23.8,578
NG029_PC707_WC79,NG029,NA,NA,PC707,ACGCTAATCT,WC79,TGATACTCGC,NA,NG029_P2,mouse_human,CC1_CC2,3T3_3T3,no,no,no,no,no,no,no,23.8,578
NG029_PC707_WC80,NG029,NA,NA,PC707,ACGCTAATCT,WC80,TTATCGAGAG,NA,NG029_P2,mouse_human,CC1_CC2,3T3_3T3,no,no,no,no,no,no,no,23.8,578
NG029_PC707_WC81,NG029,NA,NA,PC707,ACGCTAATCT,WC81,TGCCAGTATT,NA,NG029_P2,mouse_human,CC1_CC2,3T3_3T3,no,no,no,no,no,no,no,23.8,578
NG029_PC707_WC82,NG029,NA,NA,PC707,ACGCTAATCT,WC82,GAGTTGCATA,NA,NG029_P2,mouse_human,CC1_CC2,3T3_3T3,no,no,no,no,no,no,no,23.8,578
NG029_PC707_WC83,NG029,NA,NA,PC707,ACGCTAATCT,WC83,ACACTAGCAT,NA,NG029_P2,mouse_human,CC1_CC2,3T3_3T3,no,no,no,no,no,no,no,23.8,578
NG029_PC707_WC84,NG029,NA,NA,PC707,ACGCTAATCT,WC84,GTTCTAATGG,NA,NG029_P2,mouse_human,CC1_CC2,3T3_3T3,no,no,no,no,no,no,no,23.8,578
NG029_PC707_WC85,NG029,NA,NA,PC707,ACGCTAATCT,WC85,CGTTCACGTT,NA,NG029_P2,mouse_human,CC1_CC2,3T3_3T3,no,no,no,no,no,no,no,23.8,578
NG029_PC707_WC86,NG029,NA,NA,PC707,ACGCTAATCT,WC86,GACTGCGTTA,NA,NG029_P2,mouse_human,CC1_CC2,3T3_3T3,no,no,no,no,no,no,no,23.8,578
NG029_PC707_WC87,NG029,NA,NA,PC707,ACGCTAATCT,WC87,TGGCTTATGG,NA,NG029_P2,mouse_human,CC1_CC2,3T3_3T3,no,no,no,no,no,no,no,23.8,578
NG029_PC707_WC88,NG029,NA,NA,PC707,ACGCTAATCT,WC88,TCAGAGGCAC,NA,NG029_P2,mouse_human,CC1_CC2,3T3_3T3,no,no,no,no,no,no,no,23.8,578
NG029_PC707_WC89,NG029,NA,NA,PC707,ACGCTAATCT,WC89,CGCTAGGCTA,NA,NG029_P2,mouse_human,CC1_CC2,3T3_3T3,no,no,no,no,no,no,no,23.8,578
NG029_PC707_WC90,NG029,NA,NA,PC707,ACGCTAATCT,WC90,AACCGTAACA,NA,NG029_P2,mouse_human,CC1_CC2,3T3_3T3,no,no,no,no,no,no,no,23.8,578
NG029_PC707_WC91,NG029,NA,NA,PC707,ACGCTAATCT,WC91,CTTGGTATGA,NA,NG029_P2,mouse_human,CC1_CC2,3T3_3T3,no,no,no,no,no,no,no,23.8,578
NG029_PC707_WC92,NG029,NA,NA,PC707,ACGCTAATCT,WC92,TGTAGATCCG,NA,NG029_P2,mouse_human,CC1_CC2,3T3_3T3,no,no,no,no,no,no,no,23.8,578
NG029_PC707_WC93,NG029,NA,NA,PC707,ACGCTAATCT,WC93,AACTCTACCG,NA,NG029_P2,mouse_human,CC1_CC2,3T3_3T3,no,no,no,no,no,no,no,23.8,578
NG029_PC707_WC94,NG029,NA,NA,PC707,ACGCTAATCT,WC94,CGTGACATTC,NA,NG029_P2,mouse_human,CC1_CC2,3T3_3T3,no,no,no,no,no,no,no,23.8,578
NG029_PC707_WC95,NG029,NA,NA,PC707,ACGCTAATCT,WC95,CTGTACCAGG,NA,NG029_P2,mouse_human,CC1_CC2,3T3_3T3,no,no,no,no,no,no,no,23.8,578
NG029_PC707_WC96,NG029,NA,NA,PC707,ACGCTAATCT,WC96,ACTGGTTCCG,NA,NG029_P2,mouse_human,CC1_CC2,3T3_3T3,no,no,no,no,no,no,no,23.8,578
NG029_PC710_WC1,NG029,NA,NA,PC710,GAATAGCAAG,WC1,GTCGTGAATC,NA,NG029_P3,mouse_human,CC1_CC2,3T3_3T3,no,no,no,no,no,no,no,24.2,557
NG029_PC710_WC2,NG029,NA,NA,PC710,GAATAGCAAG,WC2,CTGTTCTACG,NA,NG029_P3,mouse_human,CC1_CC2,3T3_3T3,no,no,no,no,no,no,no,24.2,557
NG029_PC710_WC3,NG029,NA,NA,PC710,GAATAGCAAG,WC3,GCTCTTAGGT,NA,NG029_P3,mouse_human,CC1_CC2,3T3_3T3,no,no,no,no,no,no,no,24.2,557
NG029_PC710_WC4,NG029,NA,NA,PC710,GAATAGCAAG,WC4,TAGAAGCCAT,NA,NG029_P3,mouse_human,CC1_CC2,3T3_3T3,no,no,no,no,no,no,no,24.2,557
NG029_PC710_WC5,NG029,NA,NA,PC710,GAATAGCAAG,WC5,CACTTAGGTA,NA,NG029_P3,mouse_human,CC1_CC2,3T3_3T3,no,no,no,no,no,no,no,24.2,557
NG029_PC710_WC6,NG029,NA,NA,PC710,GAATAGCAAG,WC6,ATAGGTAAGG,NA,NG029_P3,mouse_human,CC1_CC2,3T3_3T3,no,no,no,no,no,no,no,24.2,557
NG029_PC710_WC7,NG029,NA,NA,PC710,GAATAGCAAG,WC7,CGCCTTATAT,NA,NG029_P3,mouse_human,CC1_CC2,3T3_3T3,no,no,no,no,no,no,no,24.2,557
NG029_PC710_WC8,NG029,NA,NA,PC710,GAATAGCAAG,WC8,GCACGATGCT,NA,NG029_P3,mouse_human,CC1_CC2,3T3_3T3,no,no,no,no,no,no,no,24.2,557
NG029_PC710_WC9,NG029,NA,NA,PC710,GAATAGCAAG,WC9,AATATGCCAG,NA,NG029_P3,mouse_human,CC1_CC2,3T3_3T3,no,no,no,no,no,no,no,24.2,557
NG029_PC710_WC10,NG029,NA,NA,PC710,GAATAGCAAG,WC10,TAGAGTCACG,NA,NG029_P3,mouse_human,CC1_CC2,3T3_3T3,no,no,no,no,no,no,no,24.2,557
NG029_PC710_WC11,NG029,NA,NA,PC710,GAATAGCAAG,WC11,TTAACAGGTC,NA,NG029_P3,mouse_human,CC1_CC2,3T3_3T3,no,no,no,no,no,no,no,24.2,557
NG029_PC710_WC12,NG029,NA,NA,PC710,GAATAGCAAG,WC12,ACATGAGCCA,NA,NG029_P3,mouse_human,CC1_CC2,3T3_3T3,no,no,no,no,no,no,no,24.2,557
NG029_PC710_WC13,NG029,NA,NA,PC710,GAATAGCAAG,WC13,GCGAGGTTCT,NA,NG029_P3,mouse_human,CC1_CC2,3T3_3T3,no,no,no,no,no,no,no,24.2,557
NG029_PC710_WC14,NG029,NA,NA,PC710,GAATAGCAAG,WC14,TGTCCGTAGG,NA,NG029_P3,mouse_human,CC1_CC2,3T3_3T3,no,no,no,no,no,no,no,24.2,557
NG029_PC710_WC15,NG029,NA,NA,PC710,GAATAGCAAG,WC15,CATTATGCCT,NA,NG029_P3,mouse_human,CC1_CC2,3T3_3T3,no,no,no,no,no,no,no,24.2,557
NG029_PC710_WC16,NG029,NA,NA,PC710,GAATAGCAAG,WC16,TCCACTGTTG,NA,NG029_P3,mouse_human,CC1_CC2,3T3_3T3,no,no,no,no,no,no,no,24.2,557
NG029_PC710_WC17,NG029,NA,NA,PC710,GAATAGCAAG,WC17,CTTAACGACA,NA,NG029_P3,mouse_human,CC1_CC2,3T3_3T3,no,no,no,no,no,no,no,24.2,557
NG029_PC710_WC18,NG029,NA,NA,PC710,GAATAGCAAG,WC18,TCCTCGAGCT,NA,NG029_P3,mouse_human,CC1_CC2,3T3_3T3,no,no,no,no,no,no,no,24.2,557
NG029_PC710_WC19,NG029,NA,NA,PC710,GAATAGCAAG,WC19,CGAGTAATGT,NA,NG029_P3,mouse_human,CC1_CC2,3T3_3T3,no,no,no,no,no,no,no,24.2,557
NG029_PC710_WC20,NG029,NA,NA,PC710,GAATAGCAAG,WC20,CATACCGCTG,NA,NG029_P3,mouse_human,CC1_CC2,3T3_3T3,no,no,no,no,no,no,no,24.2,557
NG029_PC710_WC21,NG029,NA,NA,PC710,GAATAGCAAG,WC21,GCTACTTGCA,NA,NG029_P3,mouse_human,CC1_CC2,3T3_3T3,no,no,no,no,no,no,no,24.2,557
NG029_PC710_WC22,NG029,NA,NA,PC710,GAATAGCAAG,WC22,GCTATTGAAG,NA,NG029_P3,mouse_human,CC1_CC2,3T3_3T3,no,no,no,no,no,no,no,24.2,557
NG029_PC710_WC23,NG029,NA,NA,PC710,GAATAGCAAG,WC23,TCAGCATCCG,NA,NG029_P3,mouse_human,CC1_CC2,3T3_3T3,no,no,no,no,no,no,no,24.2,557
NG029_PC710_WC24,NG029,NA,NA,PC710,GAATAGCAAG,WC24,TAGGTGGTGG,NA,NG029_P3,mouse_human,CC1_CC2,3T3_3T3,no,no,no,no,no,no,no,24.2,557
NG029_PC710_WC25,NG029,NA,NA,PC710,GAATAGCAAG,WC25,AAGATCGGAT,NA,NG029_P3,mouse_human,CC1_CC2,3T3_3T3,no,no,no,no,no,no,no,24.2,557
NG029_PC710_WC26,NG029,NA,NA,PC710,GAATAGCAAG,WC26,TTAACGTCCG,NA,NG029_P3,mouse_human,CC1_CC2,3T3_3T3,no,no,no,no,no,no,no,24.2,557
NG029_PC710_WC27,NG029,NA,NA,PC710,GAATAGCAAG,WC27,ATTACCGATC,NA,NG029_P3,mouse_human,CC1_CC2,3T3_3T3,no,no,no,no,no,no,no,24.2,557
NG029_PC710_WC28,NG029,NA,NA,PC710,GAATAGCAAG,WC28,GTTGCATCGT,NA,NG029_P3,mouse_human,CC1_CC2,3T3_3T3,no,no,no,no,no,no,no,24.2,557
NG029_PC710_WC29,NG029,NA,NA,PC710,GAATAGCAAG,WC29,ACTGGACGTT,NA,NG029_P3,mouse_human,CC1_CC2,3T3_3T3,no,no,no,no,no,no,no,24.2,557
NG029_PC710_WC30,NG029,NA,NA,PC710,GAATAGCAAG,WC30,TTGTTCGTGT,NA,NG029_P3,mouse_human,CC1_CC2,3T3_3T3,no,no,no,no,no,no,no,24.2,557
NG029_PC710_WC31,NG029,NA,NA,PC710,GAATAGCAAG,WC31,ACGGACTGAG,NA,NG029_P3,mouse_human,CC1_CC2,3T3_3T3,no,no,no,no,no,no,no,24.2,557
NG029_PC710_WC32,NG029,NA,NA,PC710,GAATAGCAAG,WC32,CACCGTCATA,NA,NG029_P3,mouse_human,CC1_CC2,3T3_3T3,no,no,no,no,no,no,no,24.2,557
NG029_PC710_WC33,NG029,NA,NA,PC710,GAATAGCAAG,WC33,GTAGTTGTGT,NA,NG029_P3,mouse_human,CC1_CC2,3T3_3T3,no,no,no,no,no,no,no,24.2,557
NG029_PC710_WC34,NG029,NA,NA,PC710,GAATAGCAAG,WC34,CTGAGTCCTT,NA,NG029_P3,mouse_human,CC1_CC2,3T3_3T3,no,no,no,no,no,no,no,24.2,557
NG029_PC710_WC35,NG029,NA,NA,PC710,GAATAGCAAG,WC35,TCACAGTTGC,NA,NG029_P3,mouse_human,CC1_CC2,3T3_3T3,no,no,no,no,no,no,no,24.2,557
NG029_PC710_WC36,NG029,NA,NA,PC710,GAATAGCAAG,WC36,ATTGTAAGCG,NA,NG029_P3,mouse_human,CC1_CC2,3T3_3T3,no,no,no,no,no,no,no,24.2,557
NG029_PC710_WC37,NG029,NA,NA,PC710,GAATAGCAAG,WC37,CGGTCTCTCT,NA,NG029_P3,mouse_human,CC1_CC2,3T3_3T3,no,no,no,no,no,no,no,24.2,557
NG029_PC710_WC38,NG029,NA,NA,PC710,GAATAGCAAG,WC38,AACAGCAATG,NA,NG029_P3,mouse_human,CC1_CC2,3T3_3T3,no,no,no,no,no,no,no,24.2,557
NG029_PC710_WC39,NG029,NA,NA,PC710,GAATAGCAAG,WC39,TCCGTGTTGC,NA,NG029_P3,mouse_human,CC1_CC2,3T3_3T3,no,no,no,no,no,no,no,24.2,557
NG029_PC710_WC40,NG029,NA,NA,PC710,GAATAGCAAG,WC40,TGCGAAGTGA,NA,NG029_P3,mouse_human,CC1_CC2,3T3_3T3,no,no,no,no,no,no,no,24.2,557
NG029_PC710_WC41,NG029,NA,NA,PC710,GAATAGCAAG,WC41,CACAGCTATT,NA,NG029_P3,mouse_human,CC1_CC2,3T3_3T3,no,no,no,no,no,no,no,24.2,557
NG029_PC710_WC42,NG029,NA,NA,PC710,GAATAGCAAG,WC42,GATAGTGTTC,NA,NG029_P3,mouse_human,CC1_CC2,3T3_3T3,no,no,no,no,no,no,no,24.2,557
NG029_PC710_WC43,NG029,NA,NA,PC710,GAATAGCAAG,WC43,TAGCTACCAG,NA,NG029_P3,mouse_human,CC1_CC2,3T3_3T3,no,no,no,no,no,no,no,24.2,557
NG029_PC710_WC44,NG029,NA,NA,PC710,GAATAGCAAG,WC44,TGCTCACGCA,NA,NG029_P3,mouse_human,CC1_CC2,3T3_3T3,no,no,no,no,no,no,no,24.2,557
NG029_PC710_WC45,NG029,NA,NA,PC710,GAATAGCAAG,WC45,AAGTGTGCTA,NA,NG029_P3,mouse_human,CC1_CC2,3T3_3T3,no,no,no,no,no,no,no,24.2,557
NG029_PC710_WC46,NG029,NA,NA,PC710,GAATAGCAAG,WC46,TCATCGTCTG,NA,NG029_P3,mouse_human,CC1_CC2,3T3_3T3,no,no,no,no,no,no,no,24.2,557
NG029_PC710_WC47,NG029,NA,NA,PC710,GAATAGCAAG,WC47,AGATGCTCCG,NA,NG029_P3,mouse_human,CC1_CC2,3T3_3T3,no,no,no,no,no,no,no,24.2,557
NG029_PC710_WC48,NG029,NA,NA,PC710,GAATAGCAAG,WC48,GAACCAAGCG,NA,NG029_P3,mouse_human,CC1_CC2,3T3_3T3,no,no,no,no,no,no,no,24.2,557
NG029_PC710_WC49,NG029,NA,NA,PC710,GAATAGCAAG,WC49,CCTCTTCAAG,NA,NG029_P3,mouse_human,CC1_CC2,3T3_3T3,no,no,no,no,no,no,no,24.2,557
NG029_PC710_WC50,NG029,NA,NA,PC710,GAATAGCAAG,WC50,CGTCGCATCT,NA,NG029_P3,mouse_human,CC1_CC2,3T3_3T3,no,no,no,no,no,no,no,24.2,557
NG029_PC710_WC51,NG029,NA,NA,PC710,GAATAGCAAG,WC51,CCGAACGTTC,NA,NG029_P3,mouse_human,CC1_CC2,3T3_3T3,no,no,no,no,no,no,no,24.2,557
NG029_PC710_WC52,NG029,NA,NA,PC710,GAATAGCAAG,WC52,GAATGGCGTT,NA,NG029_P3,mouse_human,CC1_CC2,3T3_3T3,no,no,no,no,no,no,no,24.2,557
NG029_PC710_WC53,NG029,NA,NA,PC710,GAATAGCAAG,WC53,AAGTTCAGGA,NA,NG029_P3,mouse_human,CC1_CC2,3T3_3T3,no,no,no,no,no,no,no,24.2,557
NG029_PC710_WC54,NG029,NA,NA,PC710,GAATAGCAAG,WC54,GACCAATTGT,NA,NG029_P3,mouse_human,CC1_CC2,3T3_3T3,no,no,no,no,no,no,no,24.2,557
NG029_PC710_WC55,NG029,NA,NA,PC710,GAATAGCAAG,WC55,TGTCTGTGAC,NA,NG029_P3,mouse_human,CC1_CC2,3T3_3T3,no,no,no,no,no,no,no,24.2,557
NG029_PC710_WC56,NG029,NA,NA,PC710,GAATAGCAAG,WC56,GAACATTGGC,NA,NG029_P3,mouse_human,CC1_CC2,3T3_3T3,no,no,no,no,no,no,no,24.2,557
NG029_PC710_WC57,NG029,NA,NA,PC710,GAATAGCAAG,WC57,CGTAACACTA,NA,NG029_P3,mouse_human,CC1_CC2,3T3_3T3,no,no,no,no,no,no,no,24.2,557
NG029_PC710_WC58,NG029,NA,NA,PC710,GAATAGCAAG,WC58,GTACTTCCAA,NA,NG029_P3,mouse_human,CC1_CC2,3T3_3T3,no,no,no,no,no,no,no,24.2,557
NG029_PC710_WC59,NG029,NA,NA,PC710,GAATAGCAAG,WC59,TTAGCGTCTT,NA,NG029_P3,mouse_human,CC1_CC2,3T3_3T3,no,no,no,no,no,no,no,24.2,557
NG029_PC710_WC60,NG029,NA,NA,PC710,GAATAGCAAG,WC60,TTGACCGTCT,NA,NG029_P3,mouse_human,CC1_CC2,3T3_3T3,no,no,no,no,no,no,no,24.2,557
NG029_PC710_WC61,NG029,NA,NA,PC710,GAATAGCAAG,WC61,ACGGCTTCTC,NA,NG029_P3,mouse_human,CC1_CC2,3T3_3T3,no,no,no,no,no,no,no,24.2,557
NG029_PC710_WC62,NG029,NA,NA,PC710,GAATAGCAAG,WC62,TGCGATGTAT,NA,NG029_P3,mouse_human,CC1_CC2,3T3_3T3,no,no,no,no,no,no,no,24.2,557
NG029_PC710_WC63,NG029,NA,NA,PC710,GAATAGCAAG,WC63,GCGTTCAGCA,NA,NG029_P3,mouse_human,CC1_CC2,3T3_3T3,no,no,no,no,no,no,no,24.2,557
NG029_PC710_WC64,NG029,NA,NA,PC710,GAATAGCAAG,WC64,GCCTAGGAAG,NA,NG029_P3,mouse_human,CC1_CC2,3T3_3T3,no,no,no,no,no,no,no,24.2,557
NG029_PC710_WC65,NG029,NA,NA,PC710,GAATAGCAAG,WC65,GTTACCAACG,NA,NG029_P3,mouse_human,CC1_CC2,3T3_3T3,no,no,no,no,no,no,no,24.2,557
NG029_PC710_WC66,NG029,NA,NA,PC710,GAATAGCAAG,WC66,ACGAACCAAG,NA,NG029_P3,mouse_human,CC1_CC2,3T3_3T3,no,no,no,no,no,no,no,24.2,557
NG029_PC710_WC67,NG029,NA,NA,PC710,GAATAGCAAG,WC67,CACGCAAGTC,NA,NG029_P3,mouse_human,CC1_CC2,3T3_3T3,no,no,no,no,no,no,no,24.2,557
NG029_PC710_WC68,NG029,NA,NA,PC710,GAATAGCAAG,WC68,GCTGGAGAAG,NA,NG029_P3,mouse_human,CC1_CC2,3T3_3T3,no,no,no,no,no,no,no,24.2,557
NG029_PC710_WC69,NG029,NA,NA,PC710,GAATAGCAAG,WC69,CCAGTGTACG,NA,NG029_P3,mouse_human,CC1_CC2,3T3_3T3,no,no,no,no,no,no,no,24.2,557
NG029_PC710_WC70,NG029,NA,NA,PC710,GAATAGCAAG,WC70,GTTGATGCGA,NA,NG029_P3,mouse_human,CC1_CC2,3T3_3T3,no,no,no,no,no,no,no,24.2,557
NG029_PC710_WC71,NG029,NA,NA,PC710,GAATAGCAAG,WC71,CGCTTGTTAT,NA,NG029_P3,mouse_human,CC1_CC2,3T3_3T3,no,no,no,no,no,no,no,24.2,557
NG029_PC710_WC72,NG029,NA,NA,PC710,GAATAGCAAG,WC72,GTAACGTTCA,NA,NG029_P3,mouse_human,CC1_CC2,3T3_3T3,no,no,no,no,no,no,no,24.2,557
NG029_PC710_WC73,NG029,NA,NA,PC710,GAATAGCAAG,WC73,CCGAGTCTTC,NA,NG029_P3,mouse_human,CC1_CC2,3T3_3T3,no,no,no,no,no,no,no,24.2,557
NG029_PC710_WC74,NG029,NA,NA,PC710,GAATAGCAAG,WC74,TATTGCGCTA,NA,NG029_P3,mouse_human,CC1_CC2,3T3_3T3,no,no,no,no,no,no,no,24.2,557
NG029_PC710_WC75,NG029,NA,NA,PC710,GAATAGCAAG,WC75,TGTGGTCTAA,NA,NG029_P3,mouse_human,CC1_CC2,3T3_3T3,no,no,no,no,no,no,no,24.2,557
NG029_PC710_WC76,NG029,NA,NA,PC710,GAATAGCAAG,WC76,CACGTCTACG,NA,NG029_P3,mouse_human,CC1_CC2,3T3_3T3,no,no,no,no,no,no,no,24.2,557
NG029_PC710_WC77,NG029,NA,NA,PC710,GAATAGCAAG,WC77,AGTCCAGTGA,NA,NG029_P3,mouse_human,CC1_CC2,3T3_3T3,no,no,no,no,no,no,no,24.2,557
NG029_PC710_WC78,NG029,NA,NA,PC710,GAATAGCAAG,WC78,ATGCTTGGTC,NA,NG029_P3,mouse_human,CC1_CC2,3T3_3T3,no,no,no,no,no,no,no,24.2,557
NG029_PC710_WC79,NG029,NA,NA,PC710,GAATAGCAAG,WC79,TGATACTCGC,NA,NG029_P3,mouse_human,CC1_CC2,3T3_3T3,no,no,no,no,no,no,no,24.2,557
NG029_PC710_WC80,NG029,NA,NA,PC710,GAATAGCAAG,WC80,TTATCGAGAG,NA,NG029_P3,mouse_human,CC1_CC2,3T3_3T3,no,no,no,no,no,no,no,24.2,557
NG029_PC710_WC81,NG029,NA,NA,PC710,GAATAGCAAG,WC81,TGCCAGTATT,NA,NG029_P3,mouse_human,CC1_CC2,3T3_3T3,no,no,no,no,no,no,no,24.2,557
NG029_PC710_WC82,NG029,NA,NA,PC710,GAATAGCAAG,WC82,GAGTTGCATA,NA,NG029_P3,mouse_human,CC1_CC2,3T3_3T3,no,no,no,no,no,no,no,24.2,557
NG029_PC710_WC83,NG029,NA,NA,PC710,GAATAGCAAG,WC83,ACACTAGCAT,NA,NG029_P3,mouse_human,CC1_CC2,3T3_3T3,no,no,no,no,no,no,no,24.2,557
NG029_PC710_WC84,NG029,NA,NA,PC710,GAATAGCAAG,WC84,GTTCTAATGG,NA,NG029_P3,mouse_human,CC1_CC2,3T3_3T3,no,no,no,no,no,no,no,24.2,557
NG029_PC710_WC85,NG029,NA,NA,PC710,GAATAGCAAG,WC85,CGTTCACGTT,NA,NG029_P3,mouse_human,CC1_CC2,3T3_3T3,no,no,no,no,no,no,no,24.2,557
NG029_PC710_WC86,NG029,NA,NA,PC710,GAATAGCAAG,WC86,GACTGCGTTA,NA,NG029_P3,mouse_human,CC1_CC2,3T3_3T3,no,no,no,no,no,no,no,24.2,557
NG029_PC710_WC87,NG029,NA,NA,PC710,GAATAGCAAG,WC87,TGGCTTATGG,NA,NG029_P3,mouse_human,CC1_CC2,3T3_3T3,no,no,no,no,no,no,no,24.2,557
NG029_PC710_WC88,NG029,NA,NA,PC710,GAATAGCAAG,WC88,TCAGAGGCAC,NA,NG029_P3,mouse_human,CC1_CC2,3T3_3T3,no,no,no,no,no,no,no,24.2,557
NG029_PC710_WC89,NG029,NA,NA,PC710,GAATAGCAAG,WC89,CGCTAGGCTA,NA,NG029_P3,mouse_human,CC1_CC2,3T3_3T3,no,no,no,no,no,no,no,24.2,557
NG029_PC710_WC90,NG029,NA,NA,PC710,GAATAGCAAG,WC90,AACCGTAACA,NA,NG029_P3,mouse_human,CC1_CC2,3T3_3T3,no,no,no,no,no,no,no,24.2,557
NG029_PC710_WC91,NG029,NA,NA,PC710,GAATAGCAAG,WC91,CTTGGTATGA,NA,NG029_P3,mouse_human,CC1_CC2,3T3_3T3,no,no,no,no,no,no,no,24.2,557
NG029_PC710_WC92,NG029,NA,NA,PC710,GAATAGCAAG,WC92,TGTAGATCCG,NA,NG029_P3,mouse_human,CC1_CC2,3T3_3T3,no,no,no,no,no,no,no,24.2,557
NG029_PC710_WC93,NG029,NA,NA,PC710,GAATAGCAAG,WC93,AACTCTACCG,NA,NG029_P3,mouse_human,CC1_CC2,3T3_3T3,no,no,no,no,no,no,no,24.2,557
NG029_PC710_WC94,NG029,NA,NA,PC710,GAATAGCAAG,WC94,CGTGACATTC,NA,NG029_P3,mouse_human,CC1_CC2,3T3_3T3,no,no,no,no,no,no,no,24.2,557
NG029_PC710_WC95,NG029,NA,NA,PC710,GAATAGCAAG,WC95,CTGTACCAGG,NA,NG029_P3,mouse_human,CC1_CC2,3T3_3T3,no,no,no,no,no,no,no,24.2,557
NG029_PC710_WC96,NG029,NA,NA,PC710,GAATAGCAAG,WC96,ACTGGTTCCG,NA,NG029_P3,mouse_human,CC1_CC2,3T3_3T3,no,no,no,no,no,no,no,24.2,557
NG029_PC711_WC1,NG029,NA,NA,PC711,CCTGGTGAGA,WC1,GTCGTGAATC,NA,NG029_P4,mouse_human,CC1_CC2,3T3_3T3,no,no,no,no,no,no,no,26.7,513
NG029_PC711_WC2,NG029,NA,NA,PC711,CCTGGTGAGA,WC2,CTGTTCTACG,NA,NG029_P4,mouse_human,CC1_CC2,3T3_3T3,no,no,no,no,no,no,no,26.7,513
NG029_PC711_WC3,NG029,NA,NA,PC711,CCTGGTGAGA,WC3,GCTCTTAGGT,NA,NG029_P4,mouse_human,CC1_CC2,3T3_3T3,no,no,no,no,no,no,no,26.7,513
NG029_PC711_WC4,NG029,NA,NA,PC711,CCTGGTGAGA,WC4,TAGAAGCCAT,NA,NG029_P4,mouse_human,CC1_CC2,3T3_3T3,no,no,no,no,no,no,no,26.7,513
NG029_PC711_WC5,NG029,NA,NA,PC711,CCTGGTGAGA,WC5,CACTTAGGTA,NA,NG029_P4,mouse_human,CC1_CC2,3T3_3T3,no,no,no,no,no,no,no,26.7,513
NG029_PC711_WC6,NG029,NA,NA,PC711,CCTGGTGAGA,WC6,ATAGGTAAGG,NA,NG029_P4,mouse_human,CC1_CC2,3T3_3T3,no,no,no,no,no,no,no,26.7,513
NG029_PC711_WC7,NG029,NA,NA,PC711,CCTGGTGAGA,WC7,CGCCTTATAT,NA,NG029_P4,mouse_human,CC1_CC2,3T3_3T3,no,no,no,no,no,no,no,26.7,513
NG029_PC711_WC8,NG029,NA,NA,PC711,CCTGGTGAGA,WC8,GCACGATGCT,NA,NG029_P4,mouse_human,CC1_CC2,3T3_3T3,no,no,no,no,no,no,no,26.7,513
NG029_PC711_WC9,NG029,NA,NA,PC711,CCTGGTGAGA,WC9,AATATGCCAG,NA,NG029_P4,mouse_human,CC1_CC2,3T3_3T3,no,no,no,no,no,no,no,26.7,513
NG029_PC711_WC10,NG029,NA,NA,PC711,CCTGGTGAGA,WC10,TAGAGTCACG,NA,NG029_P4,mouse_human,CC1_CC2,3T3_3T3,no,no,no,no,no,no,no,26.7,513
NG029_PC711_WC11,NG029,NA,NA,PC711,CCTGGTGAGA,WC11,TTAACAGGTC,NA,NG029_P4,mouse_human,CC1_CC2,3T3_3T3,no,no,no,no,no,no,no,26.7,513
NG029_PC711_WC12,NG029,NA,NA,PC711,CCTGGTGAGA,WC12,ACATGAGCCA,NA,NG029_P4,mouse_human,CC1_CC2,3T3_3T3,no,no,no,no,no,no,no,26.7,513
NG029_PC711_WC13,NG029,NA,NA,PC711,CCTGGTGAGA,WC13,GCGAGGTTCT,NA,NG029_P4,mouse_human,CC1_CC2,3T3_3T3,no,no,no,no,no,no,no,26.7,513
NG029_PC711_WC14,NG029,NA,NA,PC711,CCTGGTGAGA,WC14,TGTCCGTAGG,NA,NG029_P4,mouse_human,CC1_CC2,3T3_3T3,no,no,no,no,no,no,no,26.7,513
NG029_PC711_WC15,NG029,NA,NA,PC711,CCTGGTGAGA,WC15,CATTATGCCT,NA,NG029_P4,mouse_human,CC1_CC2,3T3_3T3,no,no,no,no,no,no,no,26.7,513
NG029_PC711_WC16,NG029,NA,NA,PC711,CCTGGTGAGA,WC16,TCCACTGTTG,NA,NG029_P4,mouse_human,CC1_CC2,3T3_3T3,no,no,no,no,no,no,no,26.7,513
NG029_PC711_WC17,NG029,NA,NA,PC711,CCTGGTGAGA,WC17,CTTAACGACA,NA,NG029_P4,mouse_human,CC1_CC2,3T3_3T3,no,no,no,no,no,no,no,26.7,513
NG029_PC711_WC18,NG029,NA,NA,PC711,CCTGGTGAGA,WC18,TCCTCGAGCT,NA,NG029_P4,mouse_human,CC1_CC2,3T3_3T3,no,no,no,no,no,no,no,26.7,513
NG029_PC711_WC19,NG029,NA,NA,PC711,CCTGGTGAGA,WC19,CGAGTAATGT,NA,NG029_P4,mouse_human,CC1_CC2,3T3_3T3,no,no,no,no,no,no,no,26.7,513
NG029_PC711_WC20,NG029,NA,NA,PC711,CCTGGTGAGA,WC20,CATACCGCTG,NA,NG029_P4,mouse_human,CC1_CC2,3T3_3T3,no,no,no,no,no,no,no,26.7,513
NG029_PC711_WC21,NG029,NA,NA,PC711,CCTGGTGAGA,WC21,GCTACTTGCA,NA,NG029_P4,mouse_human,CC1_CC2,3T3_3T3,no,no,no,no,no,no,no,26.7,513
NG029_PC711_WC22,NG029,NA,NA,PC711,CCTGGTGAGA,WC22,GCTATTGAAG,NA,NG029_P4,mouse_human,CC1_CC2,3T3_3T3,no,no,no,no,no,no,no,26.7,513
NG029_PC711_WC23,NG029,NA,NA,PC711,CCTGGTGAGA,WC23,TCAGCATCCG,NA,NG029_P4,mouse_human,CC1_CC2,3T3_3T3,no,no,no,no,no,no,no,26.7,513
NG029_PC711_WC24,NG029,NA,NA,PC711,CCTGGTGAGA,WC24,TAGGTGGTGG,NA,NG029_P4,mouse_human,CC1_CC2,3T3_3T3,no,no,no,no,no,no,no,26.7,513
NG029_PC711_WC25,NG029,NA,NA,PC711,CCTGGTGAGA,WC25,AAGATCGGAT,NA,NG029_P4,mouse_human,CC1_CC2,3T3_3T3,no,no,no,no,no,no,no,26.7,513
NG029_PC711_WC26,NG029,NA,NA,PC711,CCTGGTGAGA,WC26,TTAACGTCCG,NA,NG029_P4,mouse_human,CC1_CC2,3T3_3T3,no,no,no,no,no,no,no,26.7,513
NG029_PC711_WC27,NG029,NA,NA,PC711,CCTGGTGAGA,WC27,ATTACCGATC,NA,NG029_P4,mouse_human,CC1_CC2,3T3_3T3,no,no,no,no,no,no,no,26.7,513
NG029_PC711_WC28,NG029,NA,NA,PC711,CCTGGTGAGA,WC28,GTTGCATCGT,NA,NG029_P4,mouse_human,CC1_CC2,3T3_3T3,no,no,no,no,no,no,no,26.7,513
NG029_PC711_WC29,NG029,NA,NA,PC711,CCTGGTGAGA,WC29,ACTGGACGTT,NA,NG029_P4,mouse_human,CC1_CC2,3T3_3T3,no,no,no,no,no,no,no,26.7,513
NG029_PC711_WC30,NG029,NA,NA,PC711,CCTGGTGAGA,WC30,TTGTTCGTGT,NA,NG029_P4,mouse_human,CC1_CC2,3T3_3T3,no,no,no,no,no,no,no,26.7,513
NG029_PC711_WC31,NG029,NA,NA,PC711,CCTGGTGAGA,WC31,ACGGACTGAG,NA,NG029_P4,mouse_human,CC1_CC2,3T3_3T3,no,no,no,no,no,no,no,26.7,513
NG029_PC711_WC32,NG029,NA,NA,PC711,CCTGGTGAGA,WC32,CACCGTCATA,NA,NG029_P4,mouse_human,CC1_CC2,3T3_3T3,no,no,no,no,no,no,no,26.7,513
NG029_PC711_WC33,NG029,NA,NA,PC711,CCTGGTGAGA,WC33,GTAGTTGTGT,NA,NG029_P4,mouse_human,CC1_CC2,3T3_3T3,no,no,no,no,no,no,no,26.7,513
NG029_PC711_WC34,NG029,NA,NA,PC711,CCTGGTGAGA,WC34,CTGAGTCCTT,NA,NG029_P4,mouse_human,CC1_CC2,3T3_3T3,no,no,no,no,no,no,no,26.7,513
NG029_PC711_WC35,NG029,NA,NA,PC711,CCTGGTGAGA,WC35,TCACAGTTGC,NA,NG029_P4,mouse_human,CC1_CC2,3T3_3T3,no,no,no,no,no,no,no,26.7,513
NG029_PC711_WC36,NG029,NA,NA,PC711,CCTGGTGAGA,WC36,ATTGTAAGCG,NA,NG029_P4,mouse_human,CC1_CC2,3T3_3T3,no,no,no,no,no,no,no,26.7,513
NG029_PC711_WC37,NG029,NA,NA,PC711,CCTGGTGAGA,WC37,CGGTCTCTCT,NA,NG029_P4,mouse_human,CC1_CC2,3T3_3T3,no,no,no,no,no,no,no,26.7,513
NG029_PC711_WC38,NG029,NA,NA,PC711,CCTGGTGAGA,WC38,AACAGCAATG,NA,NG029_P4,mouse_human,CC1_CC2,3T3_3T3,no,no,no,no,no,no,no,26.7,513
NG029_PC711_WC39,NG029,NA,NA,PC711,CCTGGTGAGA,WC39,TCCGTGTTGC,NA,NG029_P4,mouse_human,CC1_CC2,3T3_3T3,no,no,no,no,no,no,no,26.7,513
NG029_PC711_WC40,NG029,NA,NA,PC711,CCTGGTGAGA,WC40,TGCGAAGTGA,NA,NG029_P4,mouse_human,CC1_CC2,3T3_3T3,no,no,no,no,no,no,no,26.7,513
NG029_PC711_WC41,NG029,NA,NA,PC711,CCTGGTGAGA,WC41,CACAGCTATT,NA,NG029_P4,mouse_human,CC1_CC2,3T3_3T3,no,no,no,no,no,no,no,26.7,513
NG029_PC711_WC42,NG029,NA,NA,PC711,CCTGGTGAGA,WC42,GATAGTGTTC,NA,NG029_P4,mouse_human,CC1_CC2,3T3_3T3,no,no,no,no,no,no,no,26.7,513
NG029_PC711_WC43,NG029,NA,NA,PC711,CCTGGTGAGA,WC43,TAGCTACCAG,NA,NG029_P4,mouse_human,CC1_CC2,3T3_3T3,no,no,no,no,no,no,no,26.7,513
NG029_PC711_WC44,NG029,NA,NA,PC711,CCTGGTGAGA,WC44,TGCTCACGCA,NA,NG029_P4,mouse_human,CC1_CC2,3T3_3T3,no,no,no,no,no,no,no,26.7,513
NG029_PC711_WC45,NG029,NA,NA,PC711,CCTGGTGAGA,WC45,AAGTGTGCTA,NA,NG029_P4,mouse_human,CC1_CC2,3T3_3T3,no,no,no,no,no,no,no,26.7,513
NG029_PC711_WC46,NG029,NA,NA,PC711,CCTGGTGAGA,WC46,TCATCGTCTG,NA,NG029_P4,mouse_human,CC1_CC2,3T3_3T3,no,no,no,no,no,no,no,26.7,513
NG029_PC711_WC47,NG029,NA,NA,PC711,CCTGGTGAGA,WC47,AGATGCTCCG,NA,NG029_P4,mouse_human,CC1_CC2,3T3_3T3,no,no,no,no,no,no,no,26.7,513
NG029_PC711_WC48,NG029,NA,NA,PC711,CCTGGTGAGA,WC48,GAACCAAGCG,NA,NG029_P4,mouse_human,CC1_CC2,3T3_3T3,no,no,no,no,no,no,no,26.7,513
NG029_PC711_WC49,NG029,NA,NA,PC711,CCTGGTGAGA,WC49,CCTCTTCAAG,NA,NG029_P4,mouse_human,CC1_CC2,3T3_3T3,no,no,no,no,no,no,no,26.7,513
NG029_PC711_WC50,NG029,NA,NA,PC711,CCTGGTGAGA,WC50,CGTCGCATCT,NA,NG029_P4,mouse_human,CC1_CC2,3T3_3T3,no,no,no,no,no,no,no,26.7,513
NG029_PC711_WC51,NG029,NA,NA,PC711,CCTGGTGAGA,WC51,CCGAACGTTC,NA,NG029_P4,mouse_human,CC1_CC2,3T3_3T3,no,no,no,no,no,no,no,26.7,513
NG029_PC711_WC52,NG029,NA,NA,PC711,CCTGGTGAGA,WC52,GAATGGCGTT,NA,NG029_P4,mouse_human,CC1_CC2,3T3_3T3,no,no,no,no,no,no,no,26.7,513
NG029_PC711_WC53,NG029,NA,NA,PC711,CCTGGTGAGA,WC53,AAGTTCAGGA,NA,NG029_P4,mouse_human,CC1_CC2,3T3_3T3,no,no,no,no,no,no,no,26.7,513
NG029_PC711_WC54,NG029,NA,NA,PC711,CCTGGTGAGA,WC54,GACCAATTGT,NA,NG029_P4,mouse_human,CC1_CC2,3T3_3T3,no,no,no,no,no,no,no,26.7,513
NG029_PC711_WC55,NG029,NA,NA,PC711,CCTGGTGAGA,WC55,TGTCTGTGAC,NA,NG029_P4,mouse_human,CC1_CC2,3T3_3T3,no,no,no,no,no,no,no,26.7,513
NG029_PC711_WC56,NG029,NA,NA,PC711,CCTGGTGAGA,WC56,GAACATTGGC,NA,NG029_P4,mouse_human,CC1_CC2,3T3_3T3,no,no,no,no,no,no,no,26.7,513
NG029_PC711_WC57,NG029,NA,NA,PC711,CCTGGTGAGA,WC57,CGTAACACTA,NA,NG029_P4,mouse_human,CC1_CC2,3T3_3T3,no,no,no,no,no,no,no,26.7,513
NG029_PC711_WC58,NG029,NA,NA,PC711,CCTGGTGAGA,WC58,GTACTTCCAA,NA,NG029_P4,mouse_human,CC1_CC2,3T3_3T3,no,no,no,no,no,no,no,26.7,513
NG029_PC711_WC59,NG029,NA,NA,PC711,CCTGGTGAGA,WC59,TTAGCGTCTT,NA,NG029_P4,mouse_human,CC1_CC2,3T3_3T3,no,no,no,no,no,no,no,26.7,513
NG029_PC711_WC60,NG029,NA,NA,PC711,CCTGGTGAGA,WC60,TTGACCGTCT,NA,NG029_P4,mouse_human,CC1_CC2,3T3_3T3,no,no,no,no,no,no,no,26.7,513
NG029_PC711_WC61,NG029,NA,NA,PC711,CCTGGTGAGA,WC61,ACGGCTTCTC,NA,NG029_P4,mouse_human,CC1_CC2,3T3_3T3,no,no,no,no,no,no,no,26.7,513
NG029_PC711_WC62,NG029,NA,NA,PC711,CCTGGTGAGA,WC62,TGCGATGTAT,NA,NG029_P4,mouse_human,CC1_CC2,3T3_3T3,no,no,no,no,no,no,no,26.7,513
NG029_PC711_WC63,NG029,NA,NA,PC711,CCTGGTGAGA,WC63,GCGTTCAGCA,NA,NG029_P4,mouse_human,CC1_CC2,3T3_3T3,no,no,no,no,no,no,no,26.7,513
NG029_PC711_WC64,NG029,NA,NA,PC711,CCTGGTGAGA,WC64,GCCTAGGAAG,NA,NG029_P4,mouse_human,CC1_CC2,3T3_3T3,no,no,no,no,no,no,no,26.7,513
NG029_PC711_WC65,NG029,NA,NA,PC711,CCTGGTGAGA,WC65,GTTACCAACG,NA,NG029_P4,mouse_human,CC1_CC2,3T3_3T3,no,no,no,no,no,no,no,26.7,513
NG029_PC711_WC66,NG029,NA,NA,PC711,CCTGGTGAGA,WC66,ACGAACCAAG,NA,NG029_P4,mouse_human,CC1_CC2,3T3_3T3,no,no,no,no,no,no,no,26.7,513
NG029_PC711_WC67,NG029,NA,NA,PC711,CCTGGTGAGA,WC67,CACGCAAGTC,NA,NG029_P4,mouse_human,CC1_CC2,3T3_3T3,no,no,no,no,no,no,no,26.7,513
NG029_PC711_WC68,NG029,NA,NA,PC711,CCTGGTGAGA,WC68,GCTGGAGAAG,NA,NG029_P4,mouse_human,CC1_CC2,3T3_3T3,no,no,no,no,no,no,no,26.7,513
NG029_PC711_WC69,NG029,NA,NA,PC711,CCTGGTGAGA,WC69,CCAGTGTACG,NA,NG029_P4,mouse_human,CC1_CC2,3T3_3T3,no,no,no,no,no,no,no,26.7,513
NG029_PC711_WC70,NG029,NA,NA,PC711,CCTGGTGAGA,WC70,GTTGATGCGA,NA,NG029_P4,mouse_human,CC1_CC2,3T3_3T3,no,no,no,no,no,no,no,26.7,513
NG029_PC711_WC71,NG029,NA,NA,PC711,CCTGGTGAGA,WC71,CGCTTGTTAT,NA,NG029_P4,mouse_human,CC1_CC2,3T3_3T3,no,no,no,no,no,no,no,26.7,513
NG029_PC711_WC72,NG029,NA,NA,PC711,CCTGGTGAGA,WC72,GTAACGTTCA,NA,NG029_P4,mouse_human,CC1_CC2,3T3_3T3,no,no,no,no,no,no,no,26.7,513
NG029_PC711_WC73,NG029,NA,NA,PC711,CCTGGTGAGA,WC73,CCGAGTCTTC,NA,NG029_P4,mouse_human,CC1_CC2,3T3_3T3,no,no,no,no,no,no,no,26.7,513
NG029_PC711_WC74,NG029,NA,NA,PC711,CCTGGTGAGA,WC74,TATTGCGCTA,NA,NG029_P4,mouse_human,CC1_CC2,3T3_3T3,no,no,no,no,no,no,no,26.7,513
NG029_PC711_WC75,NG029,NA,NA,PC711,CCTGGTGAGA,WC75,TGTGGTCTAA,NA,NG029_P4,mouse_human,CC1_CC2,3T3_3T3,no,no,no,no,no,no,no,26.7,513
NG029_PC711_WC76,NG029,NA,NA,PC711,CCTGGTGAGA,WC76,CACGTCTACG,NA,NG029_P4,mouse_human,CC1_CC2,3T3_3T3,no,no,no,no,no,no,no,26.7,513
NG029_PC711_WC77,NG029,NA,NA,PC711,CCTGGTGAGA,WC77,AGTCCAGTGA,NA,NG029_P4,mouse_human,CC1_CC2,3T3_3T3,no,no,no,no,no,no,no,26.7,513
NG029_PC711_WC78,NG029,NA,NA,PC711,CCTGGTGAGA,WC78,ATGCTTGGTC,NA,NG029_P4,mouse_human,CC1_CC2,3T3_3T3,no,no,no,no,no,no,no,26.7,513
NG029_PC711_WC79,NG029,NA,NA,PC711,CCTGGTGAGA,WC79,TGATACTCGC,NA,NG029_P4,mouse_human,CC1_CC2,3T3_3T3,no,no,no,no,no,no,no,26.7,513
NG029_PC711_WC80,NG029,NA,NA,PC711,CCTGGTGAGA,WC80,TTATCGAGAG,NA,NG029_P4,mouse_human,CC1_CC2,3T3_3T3,no,no,no,no,no,no,no,26.7,513
NG029_PC711_WC81,NG029,NA,NA,PC711,CCTGGTGAGA,WC81,TGCCAGTATT,NA,NG029_P4,mouse_human,CC1_CC2,3T3_3T3,no,no,no,no,no,no,no,26.7,513
NG029_PC711_WC82,NG029,NA,NA,PC711,CCTGGTGAGA,WC82,GAGTTGCATA,NA,NG029_P4,mouse_human,CC1_CC2,3T3_3T3,no,no,no,no,no,no,no,26.7,513
NG029_PC711_WC83,NG029,NA,NA,PC711,CCTGGTGAGA,WC83,ACACTAGCAT,NA,NG029_P4,mouse_human,CC1_CC2,3T3_3T3,no,no,no,no,no,no,no,26.7,513
NG029_PC711_WC84,NG029,NA,NA,PC711,CCTGGTGAGA,WC84,GTTCTAATGG,NA,NG029_P4,mouse_human,CC1_CC2,3T3_3T3,no,no,no,no,no,no,no,26.7,513
NG029_PC711_WC85,NG029,NA,NA,PC711,CCTGGTGAGA,WC85,CGTTCACGTT,NA,NG029_P4,mouse_human,CC1_CC2,3T3_3T3,no,no,no,no,no,no,no,26.7,513
NG029_PC711_WC86,NG029,NA,NA,PC711,CCTGGTGAGA,WC86,GACTGCGTTA,NA,NG029_P4,mouse_human,CC1_CC2,3T3_3T3,no,no,no,no,no,no,no,26.7,513
NG029_PC711_WC87,NG029,NA,NA,PC711,CCTGGTGAGA,WC87,TGGCTTATGG,NA,NG029_P4,mouse_human,CC1_CC2,3T3_3T3,no,no,no,no,no,no,no,26.7,513
NG029_PC711_WC88,NG029,NA,NA,PC711,CCTGGTGAGA,WC88,TCAGAGGCAC,NA,NG029_P4,mouse_human,CC1_CC2,3T3_3T3,no,no,no,no,no,no,no,26.7,513
NG029_PC711_WC89,NG029,NA,NA,PC711,CCTGGTGAGA,WC89,CGCTAGGCTA,NA,NG029_P4,mouse_human,CC1_CC2,3T3_3T3,no,no,no,no,no,no,no,26.7,513
NG029_PC711_WC90,NG029,NA,NA,PC711,CCTGGTGAGA,WC90,AACCGTAACA,NA,NG029_P4,mouse_human,CC1_CC2,3T3_3T3,no,no,no,no,no,no,no,26.7,513
NG029_PC711_WC91,NG029,NA,NA,PC711,CCTGGTGAGA,WC91,CTTGGTATGA,NA,NG029_P4,mouse_human,CC1_CC2,3T3_3T3,no,no,no,no,no,no,no,26.7,513
NG029_PC711_WC92,NG029,NA,NA,PC711,CCTGGTGAGA,WC92,TGTAGATCCG,NA,NG029_P4,mouse_human,CC1_CC2,3T3_3T3,no,no,no,no,no,no,no,26.7,513
NG029_PC711_WC93,NG029,NA,NA,PC711,CCTGGTGAGA,WC93,AACTCTACCG,NA,NG029_P4,mouse_human,CC1_CC2,3T3_3T3,no,no,no,no,no,no,no,26.7,513
NG029_PC711_WC94,NG029,NA,NA,PC711,CCTGGTGAGA,WC94,CGTGACATTC,NA,NG029_P4,mouse_human,CC1_CC2,3T3_3T3,no,no,no,no,no,no,no,26.7,513
NG029_PC711_WC95,NG029,NA,NA,PC711,CCTGGTGAGA,WC95,CTGTACCAGG,NA,NG029_P4,mouse_human,CC1_CC2,3T3_3T3,no,no,no,no,no,no,no,26.7,513
NG029_PC711_WC96,NG029,NA,NA,PC711,CCTGGTGAGA,WC96,ACTGGTTCCG,NA,NG029_P4,mouse_human,CC1_CC2,3T3_3T3,no,no,no,no,no,no,no,26.7,513
NG030_PC712_WC1,NG030,NA,NA,PC712,ACGTGAGGAA,WC1,GTCGTGAATC,NA,NG030_P1,mouse_human,CC8_CC9_CC10,3T3_3T3_3T3,no,no,no,no,no,no,no,24.7,556
NG030_PC712_WC2,NG030,NA,NA,PC712,ACGTGAGGAA,WC2,CTGTTCTACG,NA,NG030_P1,mouse_human,CC8_CC9_CC10,3T3_3T3_3T3,no,no,no,no,no,no,no,24.7,556
NG030_PC712_WC3,NG030,NA,NA,PC712,ACGTGAGGAA,WC3,GCTCTTAGGT,NA,NG030_P1,mouse_human,CC8_CC9_CC10,3T3_3T3_3T3,no,no,no,no,no,no,no,24.7,556
NG030_PC712_WC4,NG030,NA,NA,PC712,ACGTGAGGAA,WC4,TAGAAGCCAT,NA,NG030_P1,mouse_human,CC8_CC9_CC10,3T3_3T3_3T3,no,no,no,no,no,no,no,24.7,556
NG030_PC712_WC5,NG030,NA,NA,PC712,ACGTGAGGAA,WC5,CACTTAGGTA,NA,NG030_P1,mouse_human,CC8_CC9_CC10,3T3_3T3_3T3,no,no,no,no,no,no,no,24.7,556
NG030_PC712_WC6,NG030,NA,NA,PC712,ACGTGAGGAA,WC6,ATAGGTAAGG,NA,NG030_P1,mouse_human,CC8_CC9_CC10,3T3_3T3_3T3,no,no,no,no,no,no,no,24.7,556
NG030_PC712_WC7,NG030,NA,NA,PC712,ACGTGAGGAA,WC7,CGCCTTATAT,NA,NG030_P1,mouse_human,CC8_CC9_CC10,3T3_3T3_3T3,no,no,no,no,no,no,no,24.7,556
NG030_PC712_WC8,NG030,NA,NA,PC712,ACGTGAGGAA,WC8,GCACGATGCT,NA,NG030_P1,mouse_human,CC8_CC9_CC10,3T3_3T3_3T3,no,no,no,no,no,no,no,24.7,556
NG030_PC712_WC9,NG030,NA,NA,PC712,ACGTGAGGAA,WC9,AATATGCCAG,NA,NG030_P1,mouse_human,CC8_CC9_CC10,3T3_3T3_3T3,no,no,no,no,no,no,no,24.7,556
NG030_PC712_WC10,NG030,NA,NA,PC712,ACGTGAGGAA,WC10,TAGAGTCACG,NA,NG030_P1,mouse_human,CC8_CC9_CC10,3T3_3T3_3T3,no,no,no,no,no,no,no,24.7,556
NG030_PC712_WC11,NG030,NA,NA,PC712,ACGTGAGGAA,WC11,TTAACAGGTC,NA,NG030_P1,mouse_human,CC8_CC9_CC10,3T3_3T3_3T3,no,no,no,no,no,no,no,24.7,556
NG030_PC712_WC12,NG030,NA,NA,PC712,ACGTGAGGAA,WC12,ACATGAGCCA,NA,NG030_P1,mouse_human,CC8_CC9_CC10,3T3_3T3_3T3,no,no,no,no,no,no,no,24.7,556
NG030_PC712_WC13,NG030,NA,NA,PC712,ACGTGAGGAA,WC13,GCGAGGTTCT,NA,NG030_P1,mouse_human,CC8_CC9_CC10,3T3_3T3_3T3,no,no,no,no,no,no,no,24.7,556
NG030_PC712_WC14,NG030,NA,NA,PC712,ACGTGAGGAA,WC14,TGTCCGTAGG,NA,NG030_P1,mouse_human,CC8_CC9_CC10,3T3_3T3_3T3,no,no,no,no,no,no,no,24.7,556
NG030_PC712_WC15,NG030,NA,NA,PC712,ACGTGAGGAA,WC15,CATTATGCCT,NA,NG030_P1,mouse_human,CC8_CC9_CC10,3T3_3T3_3T3,no,no,no,no,no,no,no,24.7,556
NG030_PC712_WC16,NG030,NA,NA,PC712,ACGTGAGGAA,WC16,TCCACTGTTG,NA,NG030_P1,mouse_human,CC8_CC9_CC10,3T3_3T3_3T3,no,no,no,no,no,no,no,24.7,556
NG030_PC712_WC17,NG030,NA,NA,PC712,ACGTGAGGAA,WC17,CTTAACGACA,NA,NG030_P1,mouse_human,CC8_CC9_CC10,3T3_3T3_3T3,no,no,no,no,no,no,no,24.7,556
NG030_PC712_WC18,NG030,NA,NA,PC712,ACGTGAGGAA,WC18,TCCTCGAGCT,NA,NG030_P1,mouse_human,CC8_CC9_CC10,3T3_3T3_3T3,no,no,no,no,no,no,no,24.7,556
NG030_PC712_WC19,NG030,NA,NA,PC712,ACGTGAGGAA,WC19,CGAGTAATGT,NA,NG030_P1,mouse_human,CC8_CC9_CC10,3T3_3T3_3T3,no,no,no,no,no,no,no,24.7,556
NG030_PC712_WC20,NG030,NA,NA,PC712,ACGTGAGGAA,WC20,CATACCGCTG,NA,NG030_P1,mouse_human,CC8_CC9_CC10,3T3_3T3_3T3,no,no,no,no,no,no,no,24.7,556
NG030_PC712_WC21,NG030,NA,NA,PC712,ACGTGAGGAA,WC21,GCTACTTGCA,NA,NG030_P1,mouse_human,CC8_CC9_CC10,3T3_3T3_3T3,no,no,no,no,no,no,no,24.7,556
NG030_PC712_WC22,NG030,NA,NA,PC712,ACGTGAGGAA,WC22,GCTATTGAAG,NA,NG030_P1,mouse_human,CC8_CC9_CC10,3T3_3T3_3T3,no,no,no,no,no,no,no,24.7,556
NG030_PC712_WC23,NG030,NA,NA,PC712,ACGTGAGGAA,WC23,TCAGCATCCG,NA,NG030_P1,mouse_human,CC8_CC9_CC10,3T3_3T3_3T3,no,no,no,no,no,no,no,24.7,556
NG030_PC712_WC24,NG030,NA,NA,PC712,ACGTGAGGAA,WC24,TAGGTGGTGG,NA,NG030_P1,mouse_human,CC8_CC9_CC10,3T3_3T3_3T3,no,no,no,no,no,no,no,24.7,556
NG030_PC712_WC25,NG030,NA,NA,PC712,ACGTGAGGAA,WC25,AAGATCGGAT,NA,NG030_P1,mouse_human,CC8_CC9_CC10,3T3_3T3_3T3,no,no,no,no,no,no,no,24.7,556
NG030_PC712_WC26,NG030,NA,NA,PC712,ACGTGAGGAA,WC26,TTAACGTCCG,NA,NG030_P1,mouse_human,CC8_CC9_CC10,3T3_3T3_3T3,no,no,no,no,no,no,no,24.7,556
NG030_PC712_WC27,NG030,NA,NA,PC712,ACGTGAGGAA,WC27,ATTACCGATC,NA,NG030_P1,mouse_human,CC8_CC9_CC10,3T3_3T3_3T3,no,no,no,no,no,no,no,24.7,556
NG030_PC712_WC28,NG030,NA,NA,PC712,ACGTGAGGAA,WC28,GTTGCATCGT,NA,NG030_P1,mouse_human,CC8_CC9_CC10,3T3_3T3_3T3,no,no,no,no,no,no,no,24.7,556
NG030_PC712_WC29,NG030,NA,NA,PC712,ACGTGAGGAA,WC29,ACTGGACGTT,NA,NG030_P1,mouse_human,CC8_CC9_CC10,3T3_3T3_3T3,no,no,no,no,no,no,no,24.7,556
NG030_PC712_WC30,NG030,NA,NA,PC712,ACGTGAGGAA,WC30,TTGTTCGTGT,NA,NG030_P1,mouse_human,CC8_CC9_CC10,3T3_3T3_3T3,no,no,no,no,no,no,no,24.7,556
NG030_PC712_WC31,NG030,NA,NA,PC712,ACGTGAGGAA,WC31,ACGGACTGAG,NA,NG030_P1,mouse_human,CC8_CC9_CC10,3T3_3T3_3T3,no,no,no,no,no,no,no,24.7,556
NG030_PC712_WC32,NG030,NA,NA,PC712,ACGTGAGGAA,WC32,CACCGTCATA,NA,NG030_P1,mouse_human,CC8_CC9_CC10,3T3_3T3_3T3,no,no,no,no,no,no,no,24.7,556
NG030_PC712_WC33,NG030,NA,NA,PC712,ACGTGAGGAA,WC33,GTAGTTGTGT,NA,NG030_P1,mouse_human,CC8_CC9_CC10,3T3_3T3_3T3,no,no,no,no,no,no,no,24.7,556
NG030_PC712_WC34,NG030,NA,NA,PC712,ACGTGAGGAA,WC34,CTGAGTCCTT,NA,NG030_P1,mouse_human,CC8_CC9_CC10,3T3_3T3_3T3,no,no,no,no,no,no,no,24.7,556
NG030_PC712_WC35,NG030,NA,NA,PC712,ACGTGAGGAA,WC35,TCACAGTTGC,NA,NG030_P1,mouse_human,CC8_CC9_CC10,3T3_3T3_3T3,no,no,no,no,no,no,no,24.7,556
NG030_PC712_WC36,NG030,NA,NA,PC712,ACGTGAGGAA,WC36,ATTGTAAGCG,NA,NG030_P1,mouse_human,CC8_CC9_CC10,3T3_3T3_3T3,no,no,no,no,no,no,no,24.7,556
NG030_PC712_WC37,NG030,NA,NA,PC712,ACGTGAGGAA,WC37,CGGTCTCTCT,NA,NG030_P1,mouse_human,CC8_CC9_CC10,3T3_3T3_3T3,no,no,no,no,no,no,no,24.7,556
NG030_PC712_WC38,NG030,NA,NA,PC712,ACGTGAGGAA,WC38,AACAGCAATG,NA,NG030_P1,mouse_human,CC8_CC9_CC10,3T3_3T3_3T3,no,no,no,no,no,no,no,24.7,556
NG030_PC712_WC39,NG030,NA,NA,PC712,ACGTGAGGAA,WC39,TCCGTGTTGC,NA,NG030_P1,mouse_human,CC8_CC9_CC10,3T3_3T3_3T3,no,no,no,no,no,no,no,24.7,556
NG030_PC712_WC40,NG030,NA,NA,PC712,ACGTGAGGAA,WC40,TGCGAAGTGA,NA,NG030_P1,mouse_human,CC8_CC9_CC10,3T3_3T3_3T3,no,no,no,no,no,no,no,24.7,556
NG030_PC712_WC41,NG030,NA,NA,PC712,ACGTGAGGAA,WC41,CACAGCTATT,NA,NG030_P1,mouse_human,CC8_CC9_CC10,3T3_3T3_3T3,no,no,no,no,no,no,no,24.7,556
NG030_PC712_WC42,NG030,NA,NA,PC712,ACGTGAGGAA,WC42,GATAGTGTTC,NA,NG030_P1,mouse_human,CC8_CC9_CC10,3T3_3T3_3T3,no,no,no,no,no,no,no,24.7,556
NG030_PC712_WC43,NG030,NA,NA,PC712,ACGTGAGGAA,WC43,TAGCTACCAG,NA,NG030_P1,mouse_human,CC8_CC9_CC10,3T3_3T3_3T3,no,no,no,no,no,no,no,24.7,556
NG030_PC712_WC44,NG030,NA,NA,PC712,ACGTGAGGAA,WC44,TGCTCACGCA,NA,NG030_P1,mouse_human,CC8_CC9_CC10,3T3_3T3_3T3,no,no,no,no,no,no,no,24.7,556
NG030_PC712_WC45,NG030,NA,NA,PC712,ACGTGAGGAA,WC45,AAGTGTGCTA,NA,NG030_P1,mouse_human,CC8_CC9_CC10,3T3_3T3_3T3,no,no,no,no,no,no,no,24.7,556
NG030_PC712_WC46,NG030,NA,NA,PC712,ACGTGAGGAA,WC46,TCATCGTCTG,NA,NG030_P1,mouse_human,CC8_CC9_CC10,3T3_3T3_3T3,no,no,no,no,no,no,no,24.7,556
NG030_PC712_WC47,NG030,NA,NA,PC712,ACGTGAGGAA,WC47,AGATGCTCCG,NA,NG030_P1,mouse_human,CC8_CC9_CC10,3T3_3T3_3T3,no,no,no,no,no,no,no,24.7,556
NG030_PC712_WC48,NG030,NA,NA,PC712,ACGTGAGGAA,WC48,GAACCAAGCG,NA,NG030_P1,mouse_human,CC8_CC9_CC10,3T3_3T3_3T3,no,no,no,no,no,no,no,24.7,556
NG030_PC712_WC49,NG030,NA,NA,PC712,ACGTGAGGAA,WC49,CCTCTTCAAG,NA,NG030_P1,mouse_human,CC8_CC9_CC10,3T3_3T3_3T3,no,no,no,no,no,no,no,24.7,556
NG030_PC712_WC50,NG030,NA,NA,PC712,ACGTGAGGAA,WC50,CGTCGCATCT,NA,NG030_P1,mouse_human,CC8_CC9_CC10,3T3_3T3_3T3,no,no,no,no,no,no,no,24.7,556
NG030_PC712_WC51,NG030,NA,NA,PC712,ACGTGAGGAA,WC51,CCGAACGTTC,NA,NG030_P1,mouse_human,CC8_CC9_CC10,3T3_3T3_3T3,no,no,no,no,no,no,no,24.7,556
NG030_PC712_WC52,NG030,NA,NA,PC712,ACGTGAGGAA,WC52,GAATGGCGTT,NA,NG030_P1,mouse_human,CC8_CC9_CC10,3T3_3T3_3T3,no,no,no,no,no,no,no,24.7,556
NG030_PC712_WC53,NG030,NA,NA,PC712,ACGTGAGGAA,WC53,AAGTTCAGGA,NA,NG030_P1,mouse_human,CC8_CC9_CC10,3T3_3T3_3T3,no,no,no,no,no,no,no,24.7,556
NG030_PC712_WC54,NG030,NA,NA,PC712,ACGTGAGGAA,WC54,GACCAATTGT,NA,NG030_P1,mouse_human,CC8_CC9_CC10,3T3_3T3_3T3,no,no,no,no,no,no,no,24.7,556
NG030_PC712_WC55,NG030,NA,NA,PC712,ACGTGAGGAA,WC55,TGTCTGTGAC,NA,NG030_P1,mouse_human,CC8_CC9_CC10,3T3_3T3_3T3,no,no,no,no,no,no,no,24.7,556
NG030_PC712_WC56,NG030,NA,NA,PC712,ACGTGAGGAA,WC56,GAACATTGGC,NA,NG030_P1,mouse_human,CC8_CC9_CC10,3T3_3T3_3T3,no,no,no,no,no,no,no,24.7,556
NG030_PC712_WC57,NG030,NA,NA,PC712,ACGTGAGGAA,WC57,CGTAACACTA,NA,NG030_P1,mouse_human,CC8_CC9_CC10,3T3_3T3_3T3,no,no,no,no,no,no,no,24.7,556
NG030_PC712_WC58,NG030,NA,NA,PC712,ACGTGAGGAA,WC58,GTACTTCCAA,NA,NG030_P1,mouse_human,CC8_CC9_CC10,3T3_3T3_3T3,no,no,no,no,no,no,no,24.7,556
NG030_PC712_WC59,NG030,NA,NA,PC712,ACGTGAGGAA,WC59,TTAGCGTCTT,NA,NG030_P1,mouse_human,CC8_CC9_CC10,3T3_3T3_3T3,no,no,no,no,no,no,no,24.7,556
NG030_PC712_WC60,NG030,NA,NA,PC712,ACGTGAGGAA,WC60,TTGACCGTCT,NA,NG030_P1,mouse_human,CC8_CC9_CC10,3T3_3T3_3T3,no,no,no,no,no,no,no,24.7,556
NG030_PC712_WC61,NG030,NA,NA,PC712,ACGTGAGGAA,WC61,ACGGCTTCTC,NA,NG030_P1,mouse_human,CC8_CC9_CC10,3T3_3T3_3T3,no,no,no,no,no,no,no,24.7,556
NG030_PC712_WC62,NG030,NA,NA,PC712,ACGTGAGGAA,WC62,TGCGATGTAT,NA,NG030_P1,mouse_human,CC8_CC9_CC10,3T3_3T3_3T3,no,no,no,no,no,no,no,24.7,556
NG030_PC712_WC63,NG030,NA,NA,PC712,ACGTGAGGAA,WC63,GCGTTCAGCA,NA,NG030_P1,mouse_human,CC8_CC9_CC10,3T3_3T3_3T3,no,no,no,no,no,no,no,24.7,556
NG030_PC712_WC64,NG030,NA,NA,PC712,ACGTGAGGAA,WC64,GCCTAGGAAG,NA,NG030_P1,mouse_human,CC8_CC9_CC10,3T3_3T3_3T3,no,no,no,no,no,no,no,24.7,556
NG030_PC712_WC65,NG030,NA,NA,PC712,ACGTGAGGAA,WC65,GTTACCAACG,NA,NG030_P1,mouse_human,CC8_CC9_CC10,3T3_3T3_3T3,no,no,no,no,no,no,no,24.7,556
NG030_PC712_WC66,NG030,NA,NA,PC712,ACGTGAGGAA,WC66,ACGAACCAAG,NA,NG030_P1,mouse_human,CC8_CC9_CC10,3T3_3T3_3T3,no,no,no,no,no,no,no,24.7,556
NG030_PC712_WC67,NG030,NA,NA,PC712,ACGTGAGGAA,WC67,CACGCAAGTC,NA,NG030_P1,mouse_human,CC8_CC9_CC10,3T3_3T3_3T3,no,no,no,no,no,no,no,24.7,556
NG030_PC712_WC68,NG030,NA,NA,PC712,ACGTGAGGAA,WC68,GCTGGAGAAG,NA,NG030_P1,mouse_human,CC8_CC9_CC10,3T3_3T3_3T3,no,no,no,no,no,no,no,24.7,556
NG030_PC712_WC69,NG030,NA,NA,PC712,ACGTGAGGAA,WC69,CCAGTGTACG,NA,NG030_P1,mouse_human,CC8_CC9_CC10,3T3_3T3_3T3,no,no,no,no,no,no,no,24.7,556
NG030_PC712_WC70,NG030,NA,NA,PC712,ACGTGAGGAA,WC70,GTTGATGCGA,NA,NG030_P1,mouse_human,CC8_CC9_CC10,3T3_3T3_3T3,no,no,no,no,no,no,no,24.7,556
NG030_PC712_WC71,NG030,NA,NA,PC712,ACGTGAGGAA,WC71,CGCTTGTTAT,NA,NG030_P1,mouse_human,CC8_CC9_CC10,3T3_3T3_3T3,no,no,no,no,no,no,no,24.7,556
NG030_PC712_WC72,NG030,NA,NA,PC712,ACGTGAGGAA,WC72,GTAACGTTCA,NA,NG030_P1,mouse_human,CC8_CC9_CC10,3T3_3T3_3T3,no,no,no,no,no,no,no,24.7,556
NG030_PC712_WC73,NG030,NA,NA,PC712,ACGTGAGGAA,WC73,CCGAGTCTTC,NA,NG030_P1,mouse_human,CC8_CC9_CC10,3T3_3T3_3T3,no,no,no,no,no,no,no,24.7,556
NG030_PC712_WC74,NG030,NA,NA,PC712,ACGTGAGGAA,WC74,TATTGCGCTA,NA,NG030_P1,mouse_human,CC8_CC9_CC10,3T3_3T3_3T3,no,no,no,no,no,no,no,24.7,556
NG030_PC712_WC75,NG030,NA,NA,PC712,ACGTGAGGAA,WC75,TGTGGTCTAA,NA,NG030_P1,mouse_human,CC8_CC9_CC10,3T3_3T3_3T3,no,no,no,no,no,no,no,24.7,556
NG030_PC712_WC76,NG030,NA,NA,PC712,ACGTGAGGAA,WC76,CACGTCTACG,NA,NG030_P1,mouse_human,CC8_CC9_CC10,3T3_3T3_3T3,no,no,no,no,no,no,no,24.7,556
NG030_PC712_WC77,NG030,NA,NA,PC712,ACGTGAGGAA,WC77,AGTCCAGTGA,NA,NG030_P1,mouse_human,CC8_CC9_CC10,3T3_3T3_3T3,no,no,no,no,no,no,no,24.7,556
NG030_PC712_WC78,NG030,NA,NA,PC712,ACGTGAGGAA,WC78,ATGCTTGGTC,NA,NG030_P1,mouse_human,CC8_CC9_CC10,3T3_3T3_3T3,no,no,no,no,no,no,no,24.7,556
NG030_PC712_WC79,NG030,NA,NA,PC712,ACGTGAGGAA,WC79,TGATACTCGC,NA,NG030_P1,mouse_human,CC8_CC9_CC10,3T3_3T3_3T3,no,no,no,no,no,no,no,24.7,556
NG030_PC712_WC80,NG030,NA,NA,PC712,ACGTGAGGAA,WC80,TTATCGAGAG,NA,NG030_P1,mouse_human,CC8_CC9_CC10,3T3_3T3_3T3,no,no,no,no,no,no,no,24.7,556
NG030_PC712_WC81,NG030,NA,NA,PC712,ACGTGAGGAA,WC81,TGCCAGTATT,NA,NG030_P1,mouse_human,CC8_CC9_CC10,3T3_3T3_3T3,no,no,no,no,no,no,no,24.7,556
NG030_PC712_WC82,NG030,NA,NA,PC712,ACGTGAGGAA,WC82,GAGTTGCATA,NA,NG030_P1,mouse_human,CC8_CC9_CC10,3T3_3T3_3T3,no,no,no,no,no,no,no,24.7,556
NG030_PC712_WC83,NG030,NA,NA,PC712,ACGTGAGGAA,WC83,ACACTAGCAT,NA,NG030_P1,mouse_human,CC8_CC9_CC10,3T3_3T3_3T3,no,no,no,no,no,no,no,24.7,556
NG030_PC712_WC84,NG030,NA,NA,PC712,ACGTGAGGAA,WC84,GTTCTAATGG,NA,NG030_P1,mouse_human,CC8_CC9_CC10,3T3_3T3_3T3,no,no,no,no,no,no,no,24.7,556
NG030_PC712_WC85,NG030,NA,NA,PC712,ACGTGAGGAA,WC85,CGTTCACGTT,NA,NG030_P1,mouse_human,CC8_CC9_CC10,3T3_3T3_3T3,no,no,no,no,no,no,no,24.7,556
NG030_PC712_WC86,NG030,NA,NA,PC712,ACGTGAGGAA,WC86,GACTGCGTTA,NA,NG030_P1,mouse_human,CC8_CC9_CC10,3T3_3T3_3T3,no,no,no,no,no,no,no,24.7,556
NG030_PC712_WC87,NG030,NA,NA,PC712,ACGTGAGGAA,WC87,TGGCTTATGG,NA,NG030_P1,mouse_human,CC8_CC9_CC10,3T3_3T3_3T3,no,no,no,no,no,no,no,24.7,556
NG030_PC712_WC88,NG030,NA,NA,PC712,ACGTGAGGAA,WC88,TCAGAGGCAC,NA,NG030_P1,mouse_human,CC8_CC9_CC10,3T3_3T3_3T3,no,no,no,no,no,no,no,24.7,556
NG030_PC712_WC89,NG030,NA,NA,PC712,ACGTGAGGAA,WC89,CGCTAGGCTA,NA,NG030_P1,mouse_human,CC8_CC9_CC10,3T3_3T3_3T3,no,no,no,no,no,no,no,24.7,556
NG030_PC712_WC90,NG030,NA,NA,PC712,ACGTGAGGAA,WC90,AACCGTAACA,NA,NG030_P1,mouse_human,CC8_CC9_CC10,3T3_3T3_3T3,no,no,no,no,no,no,no,24.7,556
NG030_PC712_WC91,NG030,NA,NA,PC712,ACGTGAGGAA,WC91,CTTGGTATGA,NA,NG030_P1,mouse_human,CC8_CC9_CC10,3T3_3T3_3T3,no,no,no,no,no,no,no,24.7,556
NG030_PC712_WC92,NG030,NA,NA,PC712,ACGTGAGGAA,WC92,TGTAGATCCG,NA,NG030_P1,mouse_human,CC8_CC9_CC10,3T3_3T3_3T3,no,no,no,no,no,no,no,24.7,556
NG030_PC712_WC93,NG030,NA,NA,PC712,ACGTGAGGAA,WC93,AACTCTACCG,NA,NG030_P1,mouse_human,CC8_CC9_CC10,3T3_3T3_3T3,no,no,no,no,no,no,no,24.7,556
NG030_PC712_WC94,NG030,NA,NA,PC712,ACGTGAGGAA,WC94,CGTGACATTC,NA,NG030_P1,mouse_human,CC8_CC9_CC10,3T3_3T3_3T3,no,no,no,no,no,no,no,24.7,556
NG030_PC712_WC95,NG030,NA,NA,PC712,ACGTGAGGAA,WC95,CTGTACCAGG,NA,NG030_P1,mouse_human,CC8_CC9_CC10,3T3_3T3_3T3,no,no,no,no,no,no,no,24.7,556
NG030_PC712_WC96,NG030,NA,NA,PC712,ACGTGAGGAA,WC96,ACTGGTTCCG,NA,NG030_P1,mouse_human,CC8_CC9_CC10,3T3_3T3_3T3,no,no,no,no,no,no,no,24.7,556
NG030_PC713_WC1,NG030,NA,NA,PC713,TCGTGTTCGA,WC1,GTCGTGAATC,NA,NG030_P2,mouse_human,CC8_CC9_CC10,3T3_3T3_3T3,no,no,no,no,no,no,no,24.4,564
NG030_PC713_WC2,NG030,NA,NA,PC713,TCGTGTTCGA,WC2,CTGTTCTACG,NA,NG030_P2,mouse_human,CC8_CC9_CC10,3T3_3T3_3T3,no,no,no,no,no,no,no,24.4,564
NG030_PC713_WC3,NG030,NA,NA,PC713,TCGTGTTCGA,WC3,GCTCTTAGGT,NA,NG030_P2,mouse_human,CC8_CC9_CC10,3T3_3T3_3T3,no,no,no,no,no,no,no,24.4,564
NG030_PC713_WC4,NG030,NA,NA,PC713,TCGTGTTCGA,WC4,TAGAAGCCAT,NA,NG030_P2,mouse_human,CC8_CC9_CC10,3T3_3T3_3T3,no,no,no,no,no,no,no,24.4,564
NG030_PC713_WC5,NG030,NA,NA,PC713,TCGTGTTCGA,WC5,CACTTAGGTA,NA,NG030_P2,mouse_human,CC8_CC9_CC10,3T3_3T3_3T3,no,no,no,no,no,no,no,24.4,564
NG030_PC713_WC6,NG030,NA,NA,PC713,TCGTGTTCGA,WC6,ATAGGTAAGG,NA,NG030_P2,mouse_human,CC8_CC9_CC10,3T3_3T3_3T3,no,no,no,no,no,no,no,24.4,564
NG030_PC713_WC7,NG030,NA,NA,PC713,TCGTGTTCGA,WC7,CGCCTTATAT,NA,NG030_P2,mouse_human,CC8_CC9_CC10,3T3_3T3_3T3,no,no,no,no,no,no,no,24.4,564
NG030_PC713_WC8,NG030,NA,NA,PC713,TCGTGTTCGA,WC8,GCACGATGCT,NA,NG030_P2,mouse_human,CC8_CC9_CC10,3T3_3T3_3T3,no,no,no,no,no,no,no,24.4,564
NG030_PC713_WC9,NG030,NA,NA,PC713,TCGTGTTCGA,WC9,AATATGCCAG,NA,NG030_P2,mouse_human,CC8_CC9_CC10,3T3_3T3_3T3,no,no,no,no,no,no,no,24.4,564
NG030_PC713_WC10,NG030,NA,NA,PC713,TCGTGTTCGA,WC10,TAGAGTCACG,NA,NG030_P2,mouse_human,CC8_CC9_CC10,3T3_3T3_3T3,no,no,no,no,no,no,no,24.4,564
NG030_PC713_WC11,NG030,NA,NA,PC713,TCGTGTTCGA,WC11,TTAACAGGTC,NA,NG030_P2,mouse_human,CC8_CC9_CC10,3T3_3T3_3T3,no,no,no,no,no,no,no,24.4,564
NG030_PC713_WC12,NG030,NA,NA,PC713,TCGTGTTCGA,WC12,ACATGAGCCA,NA,NG030_P2,mouse_human,CC8_CC9_CC10,3T3_3T3_3T3,no,no,no,no,no,no,no,24.4,564
NG030_PC713_WC13,NG030,NA,NA,PC713,TCGTGTTCGA,WC13,GCGAGGTTCT,NA,NG030_P2,mouse_human,CC8_CC9_CC10,3T3_3T3_3T3,no,no,no,no,no,no,no,24.4,564
NG030_PC713_WC14,NG030,NA,NA,PC713,TCGTGTTCGA,WC14,TGTCCGTAGG,NA,NG030_P2,mouse_human,CC8_CC9_CC10,3T3_3T3_3T3,no,no,no,no,no,no,no,24.4,564
NG030_PC713_WC15,NG030,NA,NA,PC713,TCGTGTTCGA,WC15,CATTATGCCT,NA,NG030_P2,mouse_human,CC8_CC9_CC10,3T3_3T3_3T3,no,no,no,no,no,no,no,24.4,564
NG030_PC713_WC16,NG030,NA,NA,PC713,TCGTGTTCGA,WC16,TCCACTGTTG,NA,NG030_P2,mouse_human,CC8_CC9_CC10,3T3_3T3_3T3,no,no,no,no,no,no,no,24.4,564
NG030_PC713_WC17,NG030,NA,NA,PC713,TCGTGTTCGA,WC17,CTTAACGACA,NA,NG030_P2,mouse_human,CC8_CC9_CC10,3T3_3T3_3T3,no,no,no,no,no,no,no,24.4,564
NG030_PC713_WC18,NG030,NA,NA,PC713,TCGTGTTCGA,WC18,TCCTCGAGCT,NA,NG030_P2,mouse_human,CC8_CC9_CC10,3T3_3T3_3T3,no,no,no,no,no,no,no,24.4,564
NG030_PC713_WC19,NG030,NA,NA,PC713,TCGTGTTCGA,WC19,CGAGTAATGT,NA,NG030_P2,mouse_human,CC8_CC9_CC10,3T3_3T3_3T3,no,no,no,no,no,no,no,24.4,564
NG030_PC713_WC20,NG030,NA,NA,PC713,TCGTGTTCGA,WC20,CATACCGCTG,NA,NG030_P2,mouse_human,CC8_CC9_CC10,3T3_3T3_3T3,no,no,no,no,no,no,no,24.4,564
NG030_PC713_WC21,NG030,NA,NA,PC713,TCGTGTTCGA,WC21,GCTACTTGCA,NA,NG030_P2,mouse_human,CC8_CC9_CC10,3T3_3T3_3T3,no,no,no,no,no,no,no,24.4,564
NG030_PC713_WC22,NG030,NA,NA,PC713,TCGTGTTCGA,WC22,GCTATTGAAG,NA,NG030_P2,mouse_human,CC8_CC9_CC10,3T3_3T3_3T3,no,no,no,no,no,no,no,24.4,564
NG030_PC713_WC23,NG030,NA,NA,PC713,TCGTGTTCGA,WC23,TCAGCATCCG,NA,NG030_P2,mouse_human,CC8_CC9_CC10,3T3_3T3_3T3,no,no,no,no,no,no,no,24.4,564
NG030_PC713_WC24,NG030,NA,NA,PC713,TCGTGTTCGA,WC24,TAGGTGGTGG,NA,NG030_P2,mouse_human,CC8_CC9_CC10,3T3_3T3_3T3,no,no,no,no,no,no,no,24.4,564
NG030_PC713_WC25,NG030,NA,NA,PC713,TCGTGTTCGA,WC25,AAGATCGGAT,NA,NG030_P2,mouse_human,CC8_CC9_CC10,3T3_3T3_3T3,no,no,no,no,no,no,no,24.4,564
NG030_PC713_WC26,NG030,NA,NA,PC713,TCGTGTTCGA,WC26,TTAACGTCCG,NA,NG030_P2,mouse_human,CC8_CC9_CC10,3T3_3T3_3T3,no,no,no,no,no,no,no,24.4,564
NG030_PC713_WC27,NG030,NA,NA,PC713,TCGTGTTCGA,WC27,ATTACCGATC,NA,NG030_P2,mouse_human,CC8_CC9_CC10,3T3_3T3_3T3,no,no,no,no,no,no,no,24.4,564
NG030_PC713_WC28,NG030,NA,NA,PC713,TCGTGTTCGA,WC28,GTTGCATCGT,NA,NG030_P2,mouse_human,CC8_CC9_CC10,3T3_3T3_3T3,no,no,no,no,no,no,no,24.4,564
NG030_PC713_WC29,NG030,NA,NA,PC713,TCGTGTTCGA,WC29,ACTGGACGTT,NA,NG030_P2,mouse_human,CC8_CC9_CC10,3T3_3T3_3T3,no,no,no,no,no,no,no,24.4,564
NG030_PC713_WC30,NG030,NA,NA,PC713,TCGTGTTCGA,WC30,TTGTTCGTGT,NA,NG030_P2,mouse_human,CC8_CC9_CC10,3T3_3T3_3T3,no,no,no,no,no,no,no,24.4,564
NG030_PC713_WC31,NG030,NA,NA,PC713,TCGTGTTCGA,WC31,ACGGACTGAG,NA,NG030_P2,mouse_human,CC8_CC9_CC10,3T3_3T3_3T3,no,no,no,no,no,no,no,24.4,564
NG030_PC713_WC32,NG030,NA,NA,PC713,TCGTGTTCGA,WC32,CACCGTCATA,NA,NG030_P2,mouse_human,CC8_CC9_CC10,3T3_3T3_3T3,no,no,no,no,no,no,no,24.4,564
NG030_PC713_WC33,NG030,NA,NA,PC713,TCGTGTTCGA,WC33,GTAGTTGTGT,NA,NG030_P2,mouse_human,CC8_CC9_CC10,3T3_3T3_3T3,no,no,no,no,no,no,no,24.4,564
NG030_PC713_WC34,NG030,NA,NA,PC713,TCGTGTTCGA,WC34,CTGAGTCCTT,NA,NG030_P2,mouse_human,CC8_CC9_CC10,3T3_3T3_3T3,no,no,no,no,no,no,no,24.4,564
NG030_PC713_WC35,NG030,NA,NA,PC713,TCGTGTTCGA,WC35,TCACAGTTGC,NA,NG030_P2,mouse_human,CC8_CC9_CC10,3T3_3T3_3T3,no,no,no,no,no,no,no,24.4,564
NG030_PC713_WC36,NG030,NA,NA,PC713,TCGTGTTCGA,WC36,ATTGTAAGCG,NA,NG030_P2,mouse_human,CC8_CC9_CC10,3T3_3T3_3T3,no,no,no,no,no,no,no,24.4,564
NG030_PC713_WC37,NG030,NA,NA,PC713,TCGTGTTCGA,WC37,CGGTCTCTCT,NA,NG030_P2,mouse_human,CC8_CC9_CC10,3T3_3T3_3T3,no,no,no,no,no,no,no,24.4,564
NG030_PC713_WC38,NG030,NA,NA,PC713,TCGTGTTCGA,WC38,AACAGCAATG,NA,NG030_P2,mouse_human,CC8_CC9_CC10,3T3_3T3_3T3,no,no,no,no,no,no,no,24.4,564
NG030_PC713_WC39,NG030,NA,NA,PC713,TCGTGTTCGA,WC39,TCCGTGTTGC,NA,NG030_P2,mouse_human,CC8_CC9_CC10,3T3_3T3_3T3,no,no,no,no,no,no,no,24.4,564
NG030_PC713_WC40,NG030,NA,NA,PC713,TCGTGTTCGA,WC40,TGCGAAGTGA,NA,NG030_P2,mouse_human,CC8_CC9_CC10,3T3_3T3_3T3,no,no,no,no,no,no,no,24.4,564
NG030_PC713_WC41,NG030,NA,NA,PC713,TCGTGTTCGA,WC41,CACAGCTATT,NA,NG030_P2,mouse_human,CC8_CC9_CC10,3T3_3T3_3T3,no,no,no,no,no,no,no,24.4,564
NG030_PC713_WC42,NG030,NA,NA,PC713,TCGTGTTCGA,WC42,GATAGTGTTC,NA,NG030_P2,mouse_human,CC8_CC9_CC10,3T3_3T3_3T3,no,no,no,no,no,no,no,24.4,564
NG030_PC713_WC43,NG030,NA,NA,PC713,TCGTGTTCGA,WC43,TAGCTACCAG,NA,NG030_P2,mouse_human,CC8_CC9_CC10,3T3_3T3_3T3,no,no,no,no,no,no,no,24.4,564
NG030_PC713_WC44,NG030,NA,NA,PC713,TCGTGTTCGA,WC44,TGCTCACGCA,NA,NG030_P2,mouse_human,CC8_CC9_CC10,3T3_3T3_3T3,no,no,no,no,no,no,no,24.4,564
NG030_PC713_WC45,NG030,NA,NA,PC713,TCGTGTTCGA,WC45,AAGTGTGCTA,NA,NG030_P2,mouse_human,CC8_CC9_CC10,3T3_3T3_3T3,no,no,no,no,no,no,no,24.4,564
NG030_PC713_WC46,NG030,NA,NA,PC713,TCGTGTTCGA,WC46,TCATCGTCTG,NA,NG030_P2,mouse_human,CC8_CC9_CC10,3T3_3T3_3T3,no,no,no,no,no,no,no,24.4,564
NG030_PC713_WC47,NG030,NA,NA,PC713,TCGTGTTCGA,WC47,AGATGCTCCG,NA,NG030_P2,mouse_human,CC8_CC9_CC10,3T3_3T3_3T3,no,no,no,no,no,no,no,24.4,564
NG030_PC713_WC48,NG030,NA,NA,PC713,TCGTGTTCGA,WC48,GAACCAAGCG,NA,NG030_P2,mouse_human,CC8_CC9_CC10,3T3_3T3_3T3,no,no,no,no,no,no,no,24.4,564
NG030_PC713_WC49,NG030,NA,NA,PC713,TCGTGTTCGA,WC49,CCTCTTCAAG,NA,NG030_P2,mouse_human,CC8_CC9_CC10,3T3_3T3_3T3,no,no,no,no,no,no,no,24.4,564
NG030_PC713_WC50,NG030,NA,NA,PC713,TCGTGTTCGA,WC50,CGTCGCATCT,NA,NG030_P2,mouse_human,CC8_CC9_CC10,3T3_3T3_3T3,no,no,no,no,no,no,no,24.4,564
NG030_PC713_WC51,NG030,NA,NA,PC713,TCGTGTTCGA,WC51,CCGAACGTTC,NA,NG030_P2,mouse_human,CC8_CC9_CC10,3T3_3T3_3T3,no,no,no,no,no,no,no,24.4,564
NG030_PC713_WC52,NG030,NA,NA,PC713,TCGTGTTCGA,WC52,GAATGGCGTT,NA,NG030_P2,mouse_human,CC8_CC9_CC10,3T3_3T3_3T3,no,no,no,no,no,no,no,24.4,564
NG030_PC713_WC53,NG030,NA,NA,PC713,TCGTGTTCGA,WC53,AAGTTCAGGA,NA,NG030_P2,mouse_human,CC8_CC9_CC10,3T3_3T3_3T3,no,no,no,no,no,no,no,24.4,564
NG030_PC713_WC54,NG030,NA,NA,PC713,TCGTGTTCGA,WC54,GACCAATTGT,NA,NG030_P2,mouse_human,CC8_CC9_CC10,3T3_3T3_3T3,no,no,no,no,no,no,no,24.4,564
NG030_PC713_WC55,NG030,NA,NA,PC713,TCGTGTTCGA,WC55,TGTCTGTGAC,NA,NG030_P2,mouse_human,CC8_CC9_CC10,3T3_3T3_3T3,no,no,no,no,no,no,no,24.4,564
NG030_PC713_WC56,NG030,NA,NA,PC713,TCGTGTTCGA,WC56,GAACATTGGC,NA,NG030_P2,mouse_human,CC8_CC9_CC10,3T3_3T3_3T3,no,no,no,no,no,no,no,24.4,564
NG030_PC713_WC57,NG030,NA,NA,PC713,TCGTGTTCGA,WC57,CGTAACACTA,NA,NG030_P2,mouse_human,CC8_CC9_CC10,3T3_3T3_3T3,no,no,no,no,no,no,no,24.4,564
NG030_PC713_WC58,NG030,NA,NA,PC713,TCGTGTTCGA,WC58,GTACTTCCAA,NA,NG030_P2,mouse_human,CC8_CC9_CC10,3T3_3T3_3T3,no,no,no,no,no,no,no,24.4,564
NG030_PC713_WC59,NG030,NA,NA,PC713,TCGTGTTCGA,WC59,TTAGCGTCTT,NA,NG030_P2,mouse_human,CC8_CC9_CC10,3T3_3T3_3T3,no,no,no,no,no,no,no,24.4,564
NG030_PC713_WC60,NG030,NA,NA,PC713,TCGTGTTCGA,WC60,TTGACCGTCT,NA,NG030_P2,mouse_human,CC8_CC9_CC10,3T3_3T3_3T3,no,no,no,no,no,no,no,24.4,564
NG030_PC713_WC61,NG030,NA,NA,PC713,TCGTGTTCGA,WC61,ACGGCTTCTC,NA,NG030_P2,mouse_human,CC8_CC9_CC10,3T3_3T3_3T3,no,no,no,no,no,no,no,24.4,564
NG030_PC713_WC62,NG030,NA,NA,PC713,TCGTGTTCGA,WC62,TGCGATGTAT,NA,NG030_P2,mouse_human,CC8_CC9_CC10,3T3_3T3_3T3,no,no,no,no,no,no,no,24.4,564
NG030_PC713_WC63,NG030,NA,NA,PC713,TCGTGTTCGA,WC63,GCGTTCAGCA,NA,NG030_P2,mouse_human,CC8_CC9_CC10,3T3_3T3_3T3,no,no,no,no,no,no,no,24.4,564
NG030_PC713_WC64,NG030,NA,NA,PC713,TCGTGTTCGA,WC64,GCCTAGGAAG,NA,NG030_P2,mouse_human,CC8_CC9_CC10,3T3_3T3_3T3,no,no,no,no,no,no,no,24.4,564
NG030_PC713_WC65,NG030,NA,NA,PC713,TCGTGTTCGA,WC65,GTTACCAACG,NA,NG030_P2,mouse_human,CC8_CC9_CC10,3T3_3T3_3T3,no,no,no,no,no,no,no,24.4,564
NG030_PC713_WC66,NG030,NA,NA,PC713,TCGTGTTCGA,WC66,ACGAACCAAG,NA,NG030_P2,mouse_human,CC8_CC9_CC10,3T3_3T3_3T3,no,no,no,no,no,no,no,24.4,564
NG030_PC713_WC67,NG030,NA,NA,PC713,TCGTGTTCGA,WC67,CACGCAAGTC,NA,NG030_P2,mouse_human,CC8_CC9_CC10,3T3_3T3_3T3,no,no,no,no,no,no,no,24.4,564
NG030_PC713_WC68,NG030,NA,NA,PC713,TCGTGTTCGA,WC68,GCTGGAGAAG,NA,NG030_P2,mouse_human,CC8_CC9_CC10,3T3_3T3_3T3,no,no,no,no,no,no,no,24.4,564
NG030_PC713_WC69,NG030,NA,NA,PC713,TCGTGTTCGA,WC69,CCAGTGTACG,NA,NG030_P2,mouse_human,CC8_CC9_CC10,3T3_3T3_3T3,no,no,no,no,no,no,no,24.4,564
NG030_PC713_WC70,NG030,NA,NA,PC713,TCGTGTTCGA,WC70,GTTGATGCGA,NA,NG030_P2,mouse_human,CC8_CC9_CC10,3T3_3T3_3T3,no,no,no,no,no,no,no,24.4,564
NG030_PC713_WC71,NG030,NA,NA,PC713,TCGTGTTCGA,WC71,CGCTTGTTAT,NA,NG030_P2,mouse_human,CC8_CC9_CC10,3T3_3T3_3T3,no,no,no,no,no,no,no,24.4,564
NG030_PC713_WC72,NG030,NA,NA,PC713,TCGTGTTCGA,WC72,GTAACGTTCA,NA,NG030_P2,mouse_human,CC8_CC9_CC10,3T3_3T3_3T3,no,no,no,no,no,no,no,24.4,564
NG030_PC713_WC73,NG030,NA,NA,PC713,TCGTGTTCGA,WC73,CCGAGTCTTC,NA,NG030_P2,mouse_human,CC8_CC9_CC10,3T3_3T3_3T3,no,no,no,no,no,no,no,24.4,564
NG030_PC713_WC74,NG030,NA,NA,PC713,TCGTGTTCGA,WC74,TATTGCGCTA,NA,NG030_P2,mouse_human,CC8_CC9_CC10,3T3_3T3_3T3,no,no,no,no,no,no,no,24.4,564
NG030_PC713_WC75,NG030,NA,NA,PC713,TCGTGTTCGA,WC75,TGTGGTCTAA,NA,NG030_P2,mouse_human,CC8_CC9_CC10,3T3_3T3_3T3,no,no,no,no,no,no,no,24.4,564
NG030_PC713_WC76,NG030,NA,NA,PC713,TCGTGTTCGA,WC76,CACGTCTACG,NA,NG030_P2,mouse_human,CC8_CC9_CC10,3T3_3T3_3T3,no,no,no,no,no,no,no,24.4,564
NG030_PC713_WC77,NG030,NA,NA,PC713,TCGTGTTCGA,WC77,AGTCCAGTGA,NA,NG030_P2,mouse_human,CC8_CC9_CC10,3T3_3T3_3T3,no,no,no,no,no,no,no,24.4,564
NG030_PC713_WC78,NG030,NA,NA,PC713,TCGTGTTCGA,WC78,ATGCTTGGTC,NA,NG030_P2,mouse_human,CC8_CC9_CC10,3T3_3T3_3T3,no,no,no,no,no,no,no,24.4,564
NG030_PC713_WC79,NG030,NA,NA,PC713,TCGTGTTCGA,WC79,TGATACTCGC,NA,NG030_P2,mouse_human,CC8_CC9_CC10,3T3_3T3_3T3,no,no,no,no,no,no,no,24.4,564
NG030_PC713_WC80,NG030,NA,NA,PC713,TCGTGTTCGA,WC80,TTATCGAGAG,NA,NG030_P2,mouse_human,CC8_CC9_CC10,3T3_3T3_3T3,no,no,no,no,no,no,no,24.4,564
NG030_PC713_WC81,NG030,NA,NA,PC713,TCGTGTTCGA,WC81,TGCCAGTATT,NA,NG030_P2,mouse_human,CC8_CC9_CC10,3T3_3T3_3T3,no,no,no,no,no,no,no,24.4,564
NG030_PC713_WC82,NG030,NA,NA,PC713,TCGTGTTCGA,WC82,GAGTTGCATA,NA,NG030_P2,mouse_human,CC8_CC9_CC10,3T3_3T3_3T3,no,no,no,no,no,no,no,24.4,564
NG030_PC713_WC83,NG030,NA,NA,PC713,TCGTGTTCGA,WC83,ACACTAGCAT,NA,NG030_P2,mouse_human,CC8_CC9_CC10,3T3_3T3_3T3,no,no,no,no,no,no,no,24.4,564
NG030_PC713_WC84,NG030,NA,NA,PC713,TCGTGTTCGA,WC84,GTTCTAATGG,NA,NG030_P2,mouse_human,CC8_CC9_CC10,3T3_3T3_3T3,no,no,no,no,no,no,no,24.4,564
NG030_PC713_WC85,NG030,NA,NA,PC713,TCGTGTTCGA,WC85,CGTTCACGTT,NA,NG030_P2,mouse_human,CC8_CC9_CC10,3T3_3T3_3T3,no,no,no,no,no,no,no,24.4,564
NG030_PC713_WC86,NG030,NA,NA,PC713,TCGTGTTCGA,WC86,GACTGCGTTA,NA,NG030_P2,mouse_human,CC8_CC9_CC10,3T3_3T3_3T3,no,no,no,no,no,no,no,24.4,564
NG030_PC713_WC87,NG030,NA,NA,PC713,TCGTGTTCGA,WC87,TGGCTTATGG,NA,NG030_P2,mouse_human,CC8_CC9_CC10,3T3_3T3_3T3,no,no,no,no,no,no,no,24.4,564
NG030_PC713_WC88,NG030,NA,NA,PC713,TCGTGTTCGA,WC88,TCAGAGGCAC,NA,NG030_P2,mouse_human,CC8_CC9_CC10,3T3_3T3_3T3,no,no,no,no,no,no,no,24.4,564
NG030_PC713_WC89,NG030,NA,NA,PC713,TCGTGTTCGA,WC89,CGCTAGGCTA,NA,NG030_P2,mouse_human,CC8_CC9_CC10,3T3_3T3_3T3,no,no,no,no,no,no,no,24.4,564
NG030_PC713_WC90,NG030,NA,NA,PC713,TCGTGTTCGA,WC90,AACCGTAACA,NA,NG030_P2,mouse_human,CC8_CC9_CC10,3T3_3T3_3T3,no,no,no,no,no,no,no,24.4,564
NG030_PC713_WC91,NG030,NA,NA,PC713,TCGTGTTCGA,WC91,CTTGGTATGA,NA,NG030_P2,mouse_human,CC8_CC9_CC10,3T3_3T3_3T3,no,no,no,no,no,no,no,24.4,564
NG030_PC713_WC92,NG030,NA,NA,PC713,TCGTGTTCGA,WC92,TGTAGATCCG,NA,NG030_P2,mouse_human,CC8_CC9_CC10,3T3_3T3_3T3,no,no,no,no,no,no,no,24.4,564
NG030_PC713_WC93,NG030,NA,NA,PC713,TCGTGTTCGA,WC93,AACTCTACCG,NA,NG030_P2,mouse_human,CC8_CC9_CC10,3T3_3T3_3T3,no,no,no,no,no,no,no,24.4,564
NG030_PC713_WC94,NG030,NA,NA,PC713,TCGTGTTCGA,WC94,CGTGACATTC,NA,NG030_P2,mouse_human,CC8_CC9_CC10,3T3_3T3_3T3,no,no,no,no,no,no,no,24.4,564
NG030_PC713_WC95,NG030,NA,NA,PC713,TCGTGTTCGA,WC95,CTGTACCAGG,NA,NG030_P2,mouse_human,CC8_CC9_CC10,3T3_3T3_3T3,no,no,no,no,no,no,no,24.4,564
NG030_PC713_WC96,NG030,NA,NA,PC713,TCGTGTTCGA,WC96,ACTGGTTCCG,NA,NG030_P2,mouse_human,CC8_CC9_CC10,3T3_3T3_3T3,no,no,no,no,no,no,no,24.4,564
NG030_PC715_WC1,NG030,NA,NA,PC715,AATGCGGTTC,WC1,GTCGTGAATC,NA,NG030_P3,mouse_human,CC8_CC9_CC10,3T3_3T3_3T3,no,no,no,no,no,no,no,27.9,572
NG030_PC715_WC2,NG030,NA,NA,PC715,AATGCGGTTC,WC2,CTGTTCTACG,NA,NG030_P3,mouse_human,CC8_CC9_CC10,3T3_3T3_3T3,no,no,no,no,no,no,no,27.9,572
NG030_PC715_WC3,NG030,NA,NA,PC715,AATGCGGTTC,WC3,GCTCTTAGGT,NA,NG030_P3,mouse_human,CC8_CC9_CC10,3T3_3T3_3T3,no,no,no,no,no,no,no,27.9,572
NG030_PC715_WC4,NG030,NA,NA,PC715,AATGCGGTTC,WC4,TAGAAGCCAT,NA,NG030_P3,mouse_human,CC8_CC9_CC10,3T3_3T3_3T3,no,no,no,no,no,no,no,27.9,572
NG030_PC715_WC5,NG030,NA,NA,PC715,AATGCGGTTC,WC5,CACTTAGGTA,NA,NG030_P3,mouse_human,CC8_CC9_CC10,3T3_3T3_3T3,no,no,no,no,no,no,no,27.9,572
NG030_PC715_WC6,NG030,NA,NA,PC715,AATGCGGTTC,WC6,ATAGGTAAGG,NA,NG030_P3,mouse_human,CC8_CC9_CC10,3T3_3T3_3T3,no,no,no,no,no,no,no,27.9,572
NG030_PC715_WC7,NG030,NA,NA,PC715,AATGCGGTTC,WC7,CGCCTTATAT,NA,NG030_P3,mouse_human,CC8_CC9_CC10,3T3_3T3_3T3,no,no,no,no,no,no,no,27.9,572
NG030_PC715_WC8,NG030,NA,NA,PC715,AATGCGGTTC,WC8,GCACGATGCT,NA,NG030_P3,mouse_human,CC8_CC9_CC10,3T3_3T3_3T3,no,no,no,no,no,no,no,27.9,572
NG030_PC715_WC9,NG030,NA,NA,PC715,AATGCGGTTC,WC9,AATATGCCAG,NA,NG030_P3,mouse_human,CC8_CC9_CC10,3T3_3T3_3T3,no,no,no,no,no,no,no,27.9,572
NG030_PC715_WC10,NG030,NA,NA,PC715,AATGCGGTTC,WC10,TAGAGTCACG,NA,NG030_P3,mouse_human,CC8_CC9_CC10,3T3_3T3_3T3,no,no,no,no,no,no,no,27.9,572
NG030_PC715_WC11,NG030,NA,NA,PC715,AATGCGGTTC,WC11,TTAACAGGTC,NA,NG030_P3,mouse_human,CC8_CC9_CC10,3T3_3T3_3T3,no,no,no,no,no,no,no,27.9,572
NG030_PC715_WC12,NG030,NA,NA,PC715,AATGCGGTTC,WC12,ACATGAGCCA,NA,NG030_P3,mouse_human,CC8_CC9_CC10,3T3_3T3_3T3,no,no,no,no,no,no,no,27.9,572
NG030_PC715_WC13,NG030,NA,NA,PC715,AATGCGGTTC,WC13,GCGAGGTTCT,NA,NG030_P3,mouse_human,CC8_CC9_CC10,3T3_3T3_3T3,no,no,no,no,no,no,no,27.9,572
NG030_PC715_WC14,NG030,NA,NA,PC715,AATGCGGTTC,WC14,TGTCCGTAGG,NA,NG030_P3,mouse_human,CC8_CC9_CC10,3T3_3T3_3T3,no,no,no,no,no,no,no,27.9,572
NG030_PC715_WC15,NG030,NA,NA,PC715,AATGCGGTTC,WC15,CATTATGCCT,NA,NG030_P3,mouse_human,CC8_CC9_CC10,3T3_3T3_3T3,no,no,no,no,no,no,no,27.9,572
NG030_PC715_WC16,NG030,NA,NA,PC715,AATGCGGTTC,WC16,TCCACTGTTG,NA,NG030_P3,mouse_human,CC8_CC9_CC10,3T3_3T3_3T3,no,no,no,no,no,no,no,27.9,572
NG030_PC715_WC17,NG030,NA,NA,PC715,AATGCGGTTC,WC17,CTTAACGACA,NA,NG030_P3,mouse_human,CC8_CC9_CC10,3T3_3T3_3T3,no,no,no,no,no,no,no,27.9,572
NG030_PC715_WC18,NG030,NA,NA,PC715,AATGCGGTTC,WC18,TCCTCGAGCT,NA,NG030_P3,mouse_human,CC8_CC9_CC10,3T3_3T3_3T3,no,no,no,no,no,no,no,27.9,572
NG030_PC715_WC19,NG030,NA,NA,PC715,AATGCGGTTC,WC19,CGAGTAATGT,NA,NG030_P3,mouse_human,CC8_CC9_CC10,3T3_3T3_3T3,no,no,no,no,no,no,no,27.9,572
NG030_PC715_WC20,NG030,NA,NA,PC715,AATGCGGTTC,WC20,CATACCGCTG,NA,NG030_P3,mouse_human,CC8_CC9_CC10,3T3_3T3_3T3,no,no,no,no,no,no,no,27.9,572
NG030_PC715_WC21,NG030,NA,NA,PC715,AATGCGGTTC,WC21,GCTACTTGCA,NA,NG030_P3,mouse_human,CC8_CC9_CC10,3T3_3T3_3T3,no,no,no,no,no,no,no,27.9,572
NG030_PC715_WC22,NG030,NA,NA,PC715,AATGCGGTTC,WC22,GCTATTGAAG,NA,NG030_P3,mouse_human,CC8_CC9_CC10,3T3_3T3_3T3,no,no,no,no,no,no,no,27.9,572
NG030_PC715_WC23,NG030,NA,NA,PC715,AATGCGGTTC,WC23,TCAGCATCCG,NA,NG030_P3,mouse_human,CC8_CC9_CC10,3T3_3T3_3T3,no,no,no,no,no,no,no,27.9,572
NG030_PC715_WC24,NG030,NA,NA,PC715,AATGCGGTTC,WC24,TAGGTGGTGG,NA,NG030_P3,mouse_human,CC8_CC9_CC10,3T3_3T3_3T3,no,no,no,no,no,no,no,27.9,572
NG030_PC715_WC25,NG030,NA,NA,PC715,AATGCGGTTC,WC25,AAGATCGGAT,NA,NG030_P3,mouse_human,CC8_CC9_CC10,3T3_3T3_3T3,no,no,no,no,no,no,no,27.9,572
NG030_PC715_WC26,NG030,NA,NA,PC715,AATGCGGTTC,WC26,TTAACGTCCG,NA,NG030_P3,mouse_human,CC8_CC9_CC10,3T3_3T3_3T3,no,no,no,no,no,no,no,27.9,572
NG030_PC715_WC27,NG030,NA,NA,PC715,AATGCGGTTC,WC27,ATTACCGATC,NA,NG030_P3,mouse_human,CC8_CC9_CC10,3T3_3T3_3T3,no,no,no,no,no,no,no,27.9,572
NG030_PC715_WC28,NG030,NA,NA,PC715,AATGCGGTTC,WC28,GTTGCATCGT,NA,NG030_P3,mouse_human,CC8_CC9_CC10,3T3_3T3_3T3,no,no,no,no,no,no,no,27.9,572
NG030_PC715_WC29,NG030,NA,NA,PC715,AATGCGGTTC,WC29,ACTGGACGTT,NA,NG030_P3,mouse_human,CC8_CC9_CC10,3T3_3T3_3T3,no,no,no,no,no,no,no,27.9,572
NG030_PC715_WC30,NG030,NA,NA,PC715,AATGCGGTTC,WC30,TTGTTCGTGT,NA,NG030_P3,mouse_human,CC8_CC9_CC10,3T3_3T3_3T3,no,no,no,no,no,no,no,27.9,572
NG030_PC715_WC31,NG030,NA,NA,PC715,AATGCGGTTC,WC31,ACGGACTGAG,NA,NG030_P3,mouse_human,CC8_CC9_CC10,3T3_3T3_3T3,no,no,no,no,no,no,no,27.9,572
NG030_PC715_WC32,NG030,NA,NA,PC715,AATGCGGTTC,WC32,CACCGTCATA,NA,NG030_P3,mouse_human,CC8_CC9_CC10,3T3_3T3_3T3,no,no,no,no,no,no,no,27.9,572
NG030_PC715_WC33,NG030,NA,NA,PC715,AATGCGGTTC,WC33,GTAGTTGTGT,NA,NG030_P3,mouse_human,CC8_CC9_CC10,3T3_3T3_3T3,no,no,no,no,no,no,no,27.9,572
NG030_PC715_WC34,NG030,NA,NA,PC715,AATGCGGTTC,WC34,CTGAGTCCTT,NA,NG030_P3,mouse_human,CC8_CC9_CC10,3T3_3T3_3T3,no,no,no,no,no,no,no,27.9,572
NG030_PC715_WC35,NG030,NA,NA,PC715,AATGCGGTTC,WC35,TCACAGTTGC,NA,NG030_P3,mouse_human,CC8_CC9_CC10,3T3_3T3_3T3,no,no,no,no,no,no,no,27.9,572
NG030_PC715_WC36,NG030,NA,NA,PC715,AATGCGGTTC,WC36,ATTGTAAGCG,NA,NG030_P3,mouse_human,CC8_CC9_CC10,3T3_3T3_3T3,no,no,no,no,no,no,no,27.9,572
NG030_PC715_WC37,NG030,NA,NA,PC715,AATGCGGTTC,WC37,CGGTCTCTCT,NA,NG030_P3,mouse_human,CC8_CC9_CC10,3T3_3T3_3T3,no,no,no,no,no,no,no,27.9,572
NG030_PC715_WC38,NG030,NA,NA,PC715,AATGCGGTTC,WC38,AACAGCAATG,NA,NG030_P3,mouse_human,CC8_CC9_CC10,3T3_3T3_3T3,no,no,no,no,no,no,no,27.9,572
NG030_PC715_WC39,NG030,NA,NA,PC715,AATGCGGTTC,WC39,TCCGTGTTGC,NA,NG030_P3,mouse_human,CC8_CC9_CC10,3T3_3T3_3T3,no,no,no,no,no,no,no,27.9,572
NG030_PC715_WC40,NG030,NA,NA,PC715,AATGCGGTTC,WC40,TGCGAAGTGA,NA,NG030_P3,mouse_human,CC8_CC9_CC10,3T3_3T3_3T3,no,no,no,no,no,no,no,27.9,572
NG030_PC715_WC41,NG030,NA,NA,PC715,AATGCGGTTC,WC41,CACAGCTATT,NA,NG030_P3,mouse_human,CC8_CC9_CC10,3T3_3T3_3T3,no,no,no,no,no,no,no,27.9,572
NG030_PC715_WC42,NG030,NA,NA,PC715,AATGCGGTTC,WC42,GATAGTGTTC,NA,NG030_P3,mouse_human,CC8_CC9_CC10,3T3_3T3_3T3,no,no,no,no,no,no,no,27.9,572
NG030_PC715_WC43,NG030,NA,NA,PC715,AATGCGGTTC,WC43,TAGCTACCAG,NA,NG030_P3,mouse_human,CC8_CC9_CC10,3T3_3T3_3T3,no,no,no,no,no,no,no,27.9,572
NG030_PC715_WC44,NG030,NA,NA,PC715,AATGCGGTTC,WC44,TGCTCACGCA,NA,NG030_P3,mouse_human,CC8_CC9_CC10,3T3_3T3_3T3,no,no,no,no,no,no,no,27.9,572
NG030_PC715_WC45,NG030,NA,NA,PC715,AATGCGGTTC,WC45,AAGTGTGCTA,NA,NG030_P3,mouse_human,CC8_CC9_CC10,3T3_3T3_3T3,no,no,no,no,no,no,no,27.9,572
NG030_PC715_WC46,NG030,NA,NA,PC715,AATGCGGTTC,WC46,TCATCGTCTG,NA,NG030_P3,mouse_human,CC8_CC9_CC10,3T3_3T3_3T3,no,no,no,no,no,no,no,27.9,572
NG030_PC715_WC47,NG030,NA,NA,PC715,AATGCGGTTC,WC47,AGATGCTCCG,NA,NG030_P3,mouse_human,CC8_CC9_CC10,3T3_3T3_3T3,no,no,no,no,no,no,no,27.9,572
NG030_PC715_WC48,NG030,NA,NA,PC715,AATGCGGTTC,WC48,GAACCAAGCG,NA,NG030_P3,mouse_human,CC8_CC9_CC10,3T3_3T3_3T3,no,no,no,no,no,no,no,27.9,572
NG030_PC715_WC49,NG030,NA,NA,PC715,AATGCGGTTC,WC49,CCTCTTCAAG,NA,NG030_P3,mouse_human,CC8_CC9_CC10,3T3_3T3_3T3,no,no,no,no,no,no,no,27.9,572
NG030_PC715_WC50,NG030,NA,NA,PC715,AATGCGGTTC,WC50,CGTCGCATCT,NA,NG030_P3,mouse_human,CC8_CC9_CC10,3T3_3T3_3T3,no,no,no,no,no,no,no,27.9,572
NG030_PC715_WC51,NG030,NA,NA,PC715,AATGCGGTTC,WC51,CCGAACGTTC,NA,NG030_P3,mouse_human,CC8_CC9_CC10,3T3_3T3_3T3,no,no,no,no,no,no,no,27.9,572
NG030_PC715_WC52,NG030,NA,NA,PC715,AATGCGGTTC,WC52,GAATGGCGTT,NA,NG030_P3,mouse_human,CC8_CC9_CC10,3T3_3T3_3T3,no,no,no,no,no,no,no,27.9,572
NG030_PC715_WC53,NG030,NA,NA,PC715,AATGCGGTTC,WC53,AAGTTCAGGA,NA,NG030_P3,mouse_human,CC8_CC9_CC10,3T3_3T3_3T3,no,no,no,no,no,no,no,27.9,572
NG030_PC715_WC54,NG030,NA,NA,PC715,AATGCGGTTC,WC54,GACCAATTGT,NA,NG030_P3,mouse_human,CC8_CC9_CC10,3T3_3T3_3T3,no,no,no,no,no,no,no,27.9,572
NG030_PC715_WC55,NG030,NA,NA,PC715,AATGCGGTTC,WC55,TGTCTGTGAC,NA,NG030_P3,mouse_human,CC8_CC9_CC10,3T3_3T3_3T3,no,no,no,no,no,no,no,27.9,572
NG030_PC715_WC56,NG030,NA,NA,PC715,AATGCGGTTC,WC56,GAACATTGGC,NA,NG030_P3,mouse_human,CC8_CC9_CC10,3T3_3T3_3T3,no,no,no,no,no,no,no,27.9,572
NG030_PC715_WC57,NG030,NA,NA,PC715,AATGCGGTTC,WC57,CGTAACACTA,NA,NG030_P3,mouse_human,CC8_CC9_CC10,3T3_3T3_3T3,no,no,no,no,no,no,no,27.9,572
NG030_PC715_WC58,NG030,NA,NA,PC715,AATGCGGTTC,WC58,GTACTTCCAA,NA,NG030_P3,mouse_human,CC8_CC9_CC10,3T3_3T3_3T3,no,no,no,no,no,no,no,27.9,572
NG030_PC715_WC59,NG030,NA,NA,PC715,AATGCGGTTC,WC59,TTAGCGTCTT,NA,NG030_P3,mouse_human,CC8_CC9_CC10,3T3_3T3_3T3,no,no,no,no,no,no,no,27.9,572
NG030_PC715_WC60,NG030,NA,NA,PC715,AATGCGGTTC,WC60,TTGACCGTCT,NA,NG030_P3,mouse_human,CC8_CC9_CC10,3T3_3T3_3T3,no,no,no,no,no,no,no,27.9,572
NG030_PC715_WC61,NG030,NA,NA,PC715,AATGCGGTTC,WC61,ACGGCTTCTC,NA,NG030_P3,mouse_human,CC8_CC9_CC10,3T3_3T3_3T3,no,no,no,no,no,no,no,27.9,572
NG030_PC715_WC62,NG030,NA,NA,PC715,AATGCGGTTC,WC62,TGCGATGTAT,NA,NG030_P3,mouse_human,CC8_CC9_CC10,3T3_3T3_3T3,no,no,no,no,no,no,no,27.9,572
NG030_PC715_WC63,NG030,NA,NA,PC715,AATGCGGTTC,WC63,GCGTTCAGCA,NA,NG030_P3,mouse_human,CC8_CC9_CC10,3T3_3T3_3T3,no,no,no,no,no,no,no,27.9,572
NG030_PC715_WC64,NG030,NA,NA,PC715,AATGCGGTTC,WC64,GCCTAGGAAG,NA,NG030_P3,mouse_human,CC8_CC9_CC10,3T3_3T3_3T3,no,no,no,no,no,no,no,27.9,572
NG030_PC715_WC65,NG030,NA,NA,PC715,AATGCGGTTC,WC65,GTTACCAACG,NA,NG030_P3,mouse_human,CC8_CC9_CC10,3T3_3T3_3T3,no,no,no,no,no,no,no,27.9,572
NG030_PC715_WC66,NG030,NA,NA,PC715,AATGCGGTTC,WC66,ACGAACCAAG,NA,NG030_P3,mouse_human,CC8_CC9_CC10,3T3_3T3_3T3,no,no,no,no,no,no,no,27.9,572
NG030_PC715_WC67,NG030,NA,NA,PC715,AATGCGGTTC,WC67,CACGCAAGTC,NA,NG030_P3,mouse_human,CC8_CC9_CC10,3T3_3T3_3T3,no,no,no,no,no,no,no,27.9,572
NG030_PC715_WC68,NG030,NA,NA,PC715,AATGCGGTTC,WC68,GCTGGAGAAG,NA,NG030_P3,mouse_human,CC8_CC9_CC10,3T3_3T3_3T3,no,no,no,no,no,no,no,27.9,572
NG030_PC715_WC69,NG030,NA,NA,PC715,AATGCGGTTC,WC69,CCAGTGTACG,NA,NG030_P3,mouse_human,CC8_CC9_CC10,3T3_3T3_3T3,no,no,no,no,no,no,no,27.9,572
NG030_PC715_WC70,NG030,NA,NA,PC715,AATGCGGTTC,WC70,GTTGATGCGA,NA,NG030_P3,mouse_human,CC8_CC9_CC10,3T3_3T3_3T3,no,no,no,no,no,no,no,27.9,572
NG030_PC715_WC71,NG030,NA,NA,PC715,AATGCGGTTC,WC71,CGCTTGTTAT,NA,NG030_P3,mouse_human,CC8_CC9_CC10,3T3_3T3_3T3,no,no,no,no,no,no,no,27.9,572
NG030_PC715_WC72,NG030,NA,NA,PC715,AATGCGGTTC,WC72,GTAACGTTCA,NA,NG030_P3,mouse_human,CC8_CC9_CC10,3T3_3T3_3T3,no,no,no,no,no,no,no,27.9,572
NG030_PC715_WC73,NG030,NA,NA,PC715,AATGCGGTTC,WC73,CCGAGTCTTC,NA,NG030_P3,mouse_human,CC8_CC9_CC10,3T3_3T3_3T3,no,no,no,no,no,no,no,27.9,572
NG030_PC715_WC74,NG030,NA,NA,PC715,AATGCGGTTC,WC74,TATTGCGCTA,NA,NG030_P3,mouse_human,CC8_CC9_CC10,3T3_3T3_3T3,no,no,no,no,no,no,no,27.9,572
NG030_PC715_WC75,NG030,NA,NA,PC715,AATGCGGTTC,WC75,TGTGGTCTAA,NA,NG030_P3,mouse_human,CC8_CC9_CC10,3T3_3T3_3T3,no,no,no,no,no,no,no,27.9,572
NG030_PC715_WC76,NG030,NA,NA,PC715,AATGCGGTTC,WC76,CACGTCTACG,NA,NG030_P3,mouse_human,CC8_CC9_CC10,3T3_3T3_3T3,no,no,no,no,no,no,no,27.9,572
NG030_PC715_WC77,NG030,NA,NA,PC715,AATGCGGTTC,WC77,AGTCCAGTGA,NA,NG030_P3,mouse_human,CC8_CC9_CC10,3T3_3T3_3T3,no,no,no,no,no,no,no,27.9,572
NG030_PC715_WC78,NG030,NA,NA,PC715,AATGCGGTTC,WC78,ATGCTTGGTC,NA,NG030_P3,mouse_human,CC8_CC9_CC10,3T3_3T3_3T3,no,no,no,no,no,no,no,27.9,572
NG030_PC715_WC79,NG030,NA,NA,PC715,AATGCGGTTC,WC79,TGATACTCGC,NA,NG030_P3,mouse_human,CC8_CC9_CC10,3T3_3T3_3T3,no,no,no,no,no,no,no,27.9,572
NG030_PC715_WC80,NG030,NA,NA,PC715,AATGCGGTTC,WC80,TTATCGAGAG,NA,NG030_P3,mouse_human,CC8_CC9_CC10,3T3_3T3_3T3,no,no,no,no,no,no,no,27.9,572
NG030_PC715_WC81,NG030,NA,NA,PC715,AATGCGGTTC,WC81,TGCCAGTATT,NA,NG030_P3,mouse_human,CC8_CC9_CC10,3T3_3T3_3T3,no,no,no,no,no,no,no,27.9,572
NG030_PC715_WC82,NG030,NA,NA,PC715,AATGCGGTTC,WC82,GAGTTGCATA,NA,NG030_P3,mouse_human,CC8_CC9_CC10,3T3_3T3_3T3,no,no,no,no,no,no,no,27.9,572
NG030_PC715_WC83,NG030,NA,NA,PC715,AATGCGGTTC,WC83,ACACTAGCAT,NA,NG030_P3,mouse_human,CC8_CC9_CC10,3T3_3T3_3T3,no,no,no,no,no,no,no,27.9,572
NG030_PC715_WC84,NG030,NA,NA,PC715,AATGCGGTTC,WC84,GTTCTAATGG,NA,NG030_P3,mouse_human,CC8_CC9_CC10,3T3_3T3_3T3,no,no,no,no,no,no,no,27.9,572
NG030_PC715_WC85,NG030,NA,NA,PC715,AATGCGGTTC,WC85,CGTTCACGTT,NA,NG030_P3,mouse_human,CC8_CC9_CC10,3T3_3T3_3T3,no,no,no,no,no,no,no,27.9,572
NG030_PC715_WC86,NG030,NA,NA,PC715,AATGCGGTTC,WC86,GACTGCGTTA,NA,NG030_P3,mouse_human,CC8_CC9_CC10,3T3_3T3_3T3,no,no,no,no,no,no,no,27.9,572
NG030_PC715_WC87,NG030,NA,NA,PC715,AATGCGGTTC,WC87,TGGCTTATGG,NA,NG030_P3,mouse_human,CC8_CC9_CC10,3T3_3T3_3T3,no,no,no,no,no,no,no,27.9,572
NG030_PC715_WC88,NG030,NA,NA,PC715,AATGCGGTTC,WC88,TCAGAGGCAC,NA,NG030_P3,mouse_human,CC8_CC9_CC10,3T3_3T3_3T3,no,no,no,no,no,no,no,27.9,572
NG030_PC715_WC89,NG030,NA,NA,PC715,AATGCGGTTC,WC89,CGCTAGGCTA,NA,NG030_P3,mouse_human,CC8_CC9_CC10,3T3_3T3_3T3,no,no,no,no,no,no,no,27.9,572
NG030_PC715_WC90,NG030,NA,NA,PC715,AATGCGGTTC,WC90,AACCGTAACA,NA,NG030_P3,mouse_human,CC8_CC9_CC10,3T3_3T3_3T3,no,no,no,no,no,no,no,27.9,572
NG030_PC715_WC91,NG030,NA,NA,PC715,AATGCGGTTC,WC91,CTTGGTATGA,NA,NG030_P3,mouse_human,CC8_CC9_CC10,3T3_3T3_3T3,no,no,no,no,no,no,no,27.9,572
NG030_PC715_WC92,NG030,NA,NA,PC715,AATGCGGTTC,WC92,TGTAGATCCG,NA,NG030_P3,mouse_human,CC8_CC9_CC10,3T3_3T3_3T3,no,no,no,no,no,no,no,27.9,572
NG030_PC715_WC93,NG030,NA,NA,PC715,AATGCGGTTC,WC93,AACTCTACCG,NA,NG030_P3,mouse_human,CC8_CC9_CC10,3T3_3T3_3T3,no,no,no,no,no,no,no,27.9,572
NG030_PC715_WC94,NG030,NA,NA,PC715,AATGCGGTTC,WC94,CGTGACATTC,NA,NG030_P3,mouse_human,CC8_CC9_CC10,3T3_3T3_3T3,no,no,no,no,no,no,no,27.9,572
NG030_PC715_WC95,NG030,NA,NA,PC715,AATGCGGTTC,WC95,CTGTACCAGG,NA,NG030_P3,mouse_human,CC8_CC9_CC10,3T3_3T3_3T3,no,no,no,no,no,no,no,27.9,572
NG030_PC715_WC96,NG030,NA,NA,PC715,AATGCGGTTC,WC96,ACTGGTTCCG,NA,NG030_P3,mouse_human,CC8_CC9_CC10,3T3_3T3_3T3,no,no,no,no,no,no,no,27.9,572
NG030_PC716_WC1,NG030,NA,NA,PC716,AGCCTGTTGT,WC1,GTCGTGAATC,NA,NG030_P4,mouse_human,CC8_CC9_CC10,3T3_3T3_3T3,no,no,no,no,no,no,no,24.6,596
NG030_PC716_WC2,NG030,NA,NA,PC716,AGCCTGTTGT,WC2,CTGTTCTACG,NA,NG030_P4,mouse_human,CC8_CC9_CC10,3T3_3T3_3T3,no,no,no,no,no,no,no,24.6,596
NG030_PC716_WC3,NG030,NA,NA,PC716,AGCCTGTTGT,WC3,GCTCTTAGGT,NA,NG030_P4,mouse_human,CC8_CC9_CC10,3T3_3T3_3T3,no,no,no,no,no,no,no,24.6,596
NG030_PC716_WC4,NG030,NA,NA,PC716,AGCCTGTTGT,WC4,TAGAAGCCAT,NA,NG030_P4,mouse_human,CC8_CC9_CC10,3T3_3T3_3T3,no,no,no,no,no,no,no,24.6,596
NG030_PC716_WC5,NG030,NA,NA,PC716,AGCCTGTTGT,WC5,CACTTAGGTA,NA,NG030_P4,mouse_human,CC8_CC9_CC10,3T3_3T3_3T3,no,no,no,no,no,no,no,24.6,596
NG030_PC716_WC6,NG030,NA,NA,PC716,AGCCTGTTGT,WC6,ATAGGTAAGG,NA,NG030_P4,mouse_human,CC8_CC9_CC10,3T3_3T3_3T3,no,no,no,no,no,no,no,24.6,596
NG030_PC716_WC7,NG030,NA,NA,PC716,AGCCTGTTGT,WC7,CGCCTTATAT,NA,NG030_P4,mouse_human,CC8_CC9_CC10,3T3_3T3_3T3,no,no,no,no,no,no,no,24.6,596
NG030_PC716_WC8,NG030,NA,NA,PC716,AGCCTGTTGT,WC8,GCACGATGCT,NA,NG030_P4,mouse_human,CC8_CC9_CC10,3T3_3T3_3T3,no,no,no,no,no,no,no,24.6,596
NG030_PC716_WC9,NG030,NA,NA,PC716,AGCCTGTTGT,WC9,AATATGCCAG,NA,NG030_P4,mouse_human,CC8_CC9_CC10,3T3_3T3_3T3,no,no,no,no,no,no,no,24.6,596
NG030_PC716_WC10,NG030,NA,NA,PC716,AGCCTGTTGT,WC10,TAGAGTCACG,NA,NG030_P4,mouse_human,CC8_CC9_CC10,3T3_3T3_3T3,no,no,no,no,no,no,no,24.6,596
NG030_PC716_WC11,NG030,NA,NA,PC716,AGCCTGTTGT,WC11,TTAACAGGTC,NA,NG030_P4,mouse_human,CC8_CC9_CC10,3T3_3T3_3T3,no,no,no,no,no,no,no,24.6,596
NG030_PC716_WC12,NG030,NA,NA,PC716,AGCCTGTTGT,WC12,ACATGAGCCA,NA,NG030_P4,mouse_human,CC8_CC9_CC10,3T3_3T3_3T3,no,no,no,no,no,no,no,24.6,596
NG030_PC716_WC13,NG030,NA,NA,PC716,AGCCTGTTGT,WC13,GCGAGGTTCT,NA,NG030_P4,mouse_human,CC8_CC9_CC10,3T3_3T3_3T3,no,no,no,no,no,no,no,24.6,596
NG030_PC716_WC14,NG030,NA,NA,PC716,AGCCTGTTGT,WC14,TGTCCGTAGG,NA,NG030_P4,mouse_human,CC8_CC9_CC10,3T3_3T3_3T3,no,no,no,no,no,no,no,24.6,596
NG030_PC716_WC15,NG030,NA,NA,PC716,AGCCTGTTGT,WC15,CATTATGCCT,NA,NG030_P4,mouse_human,CC8_CC9_CC10,3T3_3T3_3T3,no,no,no,no,no,no,no,24.6,596
NG030_PC716_WC16,NG030,NA,NA,PC716,AGCCTGTTGT,WC16,TCCACTGTTG,NA,NG030_P4,mouse_human,CC8_CC9_CC10,3T3_3T3_3T3,no,no,no,no,no,no,no,24.6,596
NG030_PC716_WC17,NG030,NA,NA,PC716,AGCCTGTTGT,WC17,CTTAACGACA,NA,NG030_P4,mouse_human,CC8_CC9_CC10,3T3_3T3_3T3,no,no,no,no,no,no,no,24.6,596
NG030_PC716_WC18,NG030,NA,NA,PC716,AGCCTGTTGT,WC18,TCCTCGAGCT,NA,NG030_P4,mouse_human,CC8_CC9_CC10,3T3_3T3_3T3,no,no,no,no,no,no,no,24.6,596
NG030_PC716_WC19,NG030,NA,NA,PC716,AGCCTGTTGT,WC19,CGAGTAATGT,NA,NG030_P4,mouse_human,CC8_CC9_CC10,3T3_3T3_3T3,no,no,no,no,no,no,no,24.6,596
NG030_PC716_WC20,NG030,NA,NA,PC716,AGCCTGTTGT,WC20,CATACCGCTG,NA,NG030_P4,mouse_human,CC8_CC9_CC10,3T3_3T3_3T3,no,no,no,no,no,no,no,24.6,596
NG030_PC716_WC21,NG030,NA,NA,PC716,AGCCTGTTGT,WC21,GCTACTTGCA,NA,NG030_P4,mouse_human,CC8_CC9_CC10,3T3_3T3_3T3,no,no,no,no,no,no,no,24.6,596
NG030_PC716_WC22,NG030,NA,NA,PC716,AGCCTGTTGT,WC22,GCTATTGAAG,NA,NG030_P4,mouse_human,CC8_CC9_CC10,3T3_3T3_3T3,no,no,no,no,no,no,no,24.6,596
NG030_PC716_WC23,NG030,NA,NA,PC716,AGCCTGTTGT,WC23,TCAGCATCCG,NA,NG030_P4,mouse_human,CC8_CC9_CC10,3T3_3T3_3T3,no,no,no,no,no,no,no,24.6,596
NG030_PC716_WC24,NG030,NA,NA,PC716,AGCCTGTTGT,WC24,TAGGTGGTGG,NA,NG030_P4,mouse_human,CC8_CC9_CC10,3T3_3T3_3T3,no,no,no,no,no,no,no,24.6,596
NG030_PC716_WC25,NG030,NA,NA,PC716,AGCCTGTTGT,WC25,AAGATCGGAT,NA,NG030_P4,mouse_human,CC8_CC9_CC10,3T3_3T3_3T3,no,no,no,no,no,no,no,24.6,596
NG030_PC716_WC26,NG030,NA,NA,PC716,AGCCTGTTGT,WC26,TTAACGTCCG,NA,NG030_P4,mouse_human,CC8_CC9_CC10,3T3_3T3_3T3,no,no,no,no,no,no,no,24.6,596
NG030_PC716_WC27,NG030,NA,NA,PC716,AGCCTGTTGT,WC27,ATTACCGATC,NA,NG030_P4,mouse_human,CC8_CC9_CC10,3T3_3T3_3T3,no,no,no,no,no,no,no,24.6,596
NG030_PC716_WC28,NG030,NA,NA,PC716,AGCCTGTTGT,WC28,GTTGCATCGT,NA,NG030_P4,mouse_human,CC8_CC9_CC10,3T3_3T3_3T3,no,no,no,no,no,no,no,24.6,596
NG030_PC716_WC29,NG030,NA,NA,PC716,AGCCTGTTGT,WC29,ACTGGACGTT,NA,NG030_P4,mouse_human,CC8_CC9_CC10,3T3_3T3_3T3,no,no,no,no,no,no,no,24.6,596
NG030_PC716_WC30,NG030,NA,NA,PC716,AGCCTGTTGT,WC30,TTGTTCGTGT,NA,NG030_P4,mouse_human,CC8_CC9_CC10,3T3_3T3_3T3,no,no,no,no,no,no,no,24.6,596
NG030_PC716_WC31,NG030,NA,NA,PC716,AGCCTGTTGT,WC31,ACGGACTGAG,NA,NG030_P4,mouse_human,CC8_CC9_CC10,3T3_3T3_3T3,no,no,no,no,no,no,no,24.6,596
NG030_PC716_WC32,NG030,NA,NA,PC716,AGCCTGTTGT,WC32,CACCGTCATA,NA,NG030_P4,mouse_human,CC8_CC9_CC10,3T3_3T3_3T3,no,no,no,no,no,no,no,24.6,596
NG030_PC716_WC33,NG030,NA,NA,PC716,AGCCTGTTGT,WC33,GTAGTTGTGT,NA,NG030_P4,mouse_human,CC8_CC9_CC10,3T3_3T3_3T3,no,no,no,no,no,no,no,24.6,596
NG030_PC716_WC34,NG030,NA,NA,PC716,AGCCTGTTGT,WC34,CTGAGTCCTT,NA,NG030_P4,mouse_human,CC8_CC9_CC10,3T3_3T3_3T3,no,no,no,no,no,no,no,24.6,596
NG030_PC716_WC35,NG030,NA,NA,PC716,AGCCTGTTGT,WC35,TCACAGTTGC,NA,NG030_P4,mouse_human,CC8_CC9_CC10,3T3_3T3_3T3,no,no,no,no,no,no,no,24.6,596
NG030_PC716_WC36,NG030,NA,NA,PC716,AGCCTGTTGT,WC36,ATTGTAAGCG,NA,NG030_P4,mouse_human,CC8_CC9_CC10,3T3_3T3_3T3,no,no,no,no,no,no,no,24.6,596
NG030_PC716_WC37,NG030,NA,NA,PC716,AGCCTGTTGT,WC37,CGGTCTCTCT,NA,NG030_P4,mouse_human,CC8_CC9_CC10,3T3_3T3_3T3,no,no,no,no,no,no,no,24.6,596
NG030_PC716_WC38,NG030,NA,NA,PC716,AGCCTGTTGT,WC38,AACAGCAATG,NA,NG030_P4,mouse_human,CC8_CC9_CC10,3T3_3T3_3T3,no,no,no,no,no,no,no,24.6,596
NG030_PC716_WC39,NG030,NA,NA,PC716,AGCCTGTTGT,WC39,TCCGTGTTGC,NA,NG030_P4,mouse_human,CC8_CC9_CC10,3T3_3T3_3T3,no,no,no,no,no,no,no,24.6,596
NG030_PC716_WC40,NG030,NA,NA,PC716,AGCCTGTTGT,WC40,TGCGAAGTGA,NA,NG030_P4,mouse_human,CC8_CC9_CC10,3T3_3T3_3T3,no,no,no,no,no,no,no,24.6,596
NG030_PC716_WC41,NG030,NA,NA,PC716,AGCCTGTTGT,WC41,CACAGCTATT,NA,NG030_P4,mouse_human,CC8_CC9_CC10,3T3_3T3_3T3,no,no,no,no,no,no,no,24.6,596
NG030_PC716_WC42,NG030,NA,NA,PC716,AGCCTGTTGT,WC42,GATAGTGTTC,NA,NG030_P4,mouse_human,CC8_CC9_CC10,3T3_3T3_3T3,no,no,no,no,no,no,no,24.6,596
NG030_PC716_WC43,NG030,NA,NA,PC716,AGCCTGTTGT,WC43,TAGCTACCAG,NA,NG030_P4,mouse_human,CC8_CC9_CC10,3T3_3T3_3T3,no,no,no,no,no,no,no,24.6,596
NG030_PC716_WC44,NG030,NA,NA,PC716,AGCCTGTTGT,WC44,TGCTCACGCA,NA,NG030_P4,mouse_human,CC8_CC9_CC10,3T3_3T3_3T3,no,no,no,no,no,no,no,24.6,596
NG030_PC716_WC45,NG030,NA,NA,PC716,AGCCTGTTGT,WC45,AAGTGTGCTA,NA,NG030_P4,mouse_human,CC8_CC9_CC10,3T3_3T3_3T3,no,no,no,no,no,no,no,24.6,596
NG030_PC716_WC46,NG030,NA,NA,PC716,AGCCTGTTGT,WC46,TCATCGTCTG,NA,NG030_P4,mouse_human,CC8_CC9_CC10,3T3_3T3_3T3,no,no,no,no,no,no,no,24.6,596
NG030_PC716_WC47,NG030,NA,NA,PC716,AGCCTGTTGT,WC47,AGATGCTCCG,NA,NG030_P4,mouse_human,CC8_CC9_CC10,3T3_3T3_3T3,no,no,no,no,no,no,no,24.6,596
NG030_PC716_WC48,NG030,NA,NA,PC716,AGCCTGTTGT,WC48,GAACCAAGCG,NA,NG030_P4,mouse_human,CC8_CC9_CC10,3T3_3T3_3T3,no,no,no,no,no,no,no,24.6,596
NG030_PC716_WC49,NG030,NA,NA,PC716,AGCCTGTTGT,WC49,CCTCTTCAAG,NA,NG030_P4,mouse_human,CC8_CC9_CC10,3T3_3T3_3T3,no,no,no,no,no,no,no,24.6,596
NG030_PC716_WC50,NG030,NA,NA,PC716,AGCCTGTTGT,WC50,CGTCGCATCT,NA,NG030_P4,mouse_human,CC8_CC9_CC10,3T3_3T3_3T3,no,no,no,no,no,no,no,24.6,596
NG030_PC716_WC51,NG030,NA,NA,PC716,AGCCTGTTGT,WC51,CCGAACGTTC,NA,NG030_P4,mouse_human,CC8_CC9_CC10,3T3_3T3_3T3,no,no,no,no,no,no,no,24.6,596
NG030_PC716_WC52,NG030,NA,NA,PC716,AGCCTGTTGT,WC52,GAATGGCGTT,NA,NG030_P4,mouse_human,CC8_CC9_CC10,3T3_3T3_3T3,no,no,no,no,no,no,no,24.6,596
NG030_PC716_WC53,NG030,NA,NA,PC716,AGCCTGTTGT,WC53,AAGTTCAGGA,NA,NG030_P4,mouse_human,CC8_CC9_CC10,3T3_3T3_3T3,no,no,no,no,no,no,no,24.6,596
NG030_PC716_WC54,NG030,NA,NA,PC716,AGCCTGTTGT,WC54,GACCAATTGT,NA,NG030_P4,mouse_human,CC8_CC9_CC10,3T3_3T3_3T3,no,no,no,no,no,no,no,24.6,596
NG030_PC716_WC55,NG030,NA,NA,PC716,AGCCTGTTGT,WC55,TGTCTGTGAC,NA,NG030_P4,mouse_human,CC8_CC9_CC10,3T3_3T3_3T3,no,no,no,no,no,no,no,24.6,596
NG030_PC716_WC56,NG030,NA,NA,PC716,AGCCTGTTGT,WC56,GAACATTGGC,NA,NG030_P4,mouse_human,CC8_CC9_CC10,3T3_3T3_3T3,no,no,no,no,no,no,no,24.6,596
NG030_PC716_WC57,NG030,NA,NA,PC716,AGCCTGTTGT,WC57,CGTAACACTA,NA,NG030_P4,mouse_human,CC8_CC9_CC10,3T3_3T3_3T3,no,no,no,no,no,no,no,24.6,596
NG030_PC716_WC58,NG030,NA,NA,PC716,AGCCTGTTGT,WC58,GTACTTCCAA,NA,NG030_P4,mouse_human,CC8_CC9_CC10,3T3_3T3_3T3,no,no,no,no,no,no,no,24.6,596
NG030_PC716_WC59,NG030,NA,NA,PC716,AGCCTGTTGT,WC59,TTAGCGTCTT,NA,NG030_P4,mouse_human,CC8_CC9_CC10,3T3_3T3_3T3,no,no,no,no,no,no,no,24.6,596
NG030_PC716_WC60,NG030,NA,NA,PC716,AGCCTGTTGT,WC60,TTGACCGTCT,NA,NG030_P4,mouse_human,CC8_CC9_CC10,3T3_3T3_3T3,no,no,no,no,no,no,no,24.6,596
NG030_PC716_WC61,NG030,NA,NA,PC716,AGCCTGTTGT,WC61,ACGGCTTCTC,NA,NG030_P4,mouse_human,CC8_CC9_CC10,3T3_3T3_3T3,no,no,no,no,no,no,no,24.6,596
NG030_PC716_WC62,NG030,NA,NA,PC716,AGCCTGTTGT,WC62,TGCGATGTAT,NA,NG030_P4,mouse_human,CC8_CC9_CC10,3T3_3T3_3T3,no,no,no,no,no,no,no,24.6,596
NG030_PC716_WC63,NG030,NA,NA,PC716,AGCCTGTTGT,WC63,GCGTTCAGCA,NA,NG030_P4,mouse_human,CC8_CC9_CC10,3T3_3T3_3T3,no,no,no,no,no,no,no,24.6,596
NG030_PC716_WC64,NG030,NA,NA,PC716,AGCCTGTTGT,WC64,GCCTAGGAAG,NA,NG030_P4,mouse_human,CC8_CC9_CC10,3T3_3T3_3T3,no,no,no,no,no,no,no,24.6,596
NG030_PC716_WC65,NG030,NA,NA,PC716,AGCCTGTTGT,WC65,GTTACCAACG,NA,NG030_P4,mouse_human,CC8_CC9_CC10,3T3_3T3_3T3,no,no,no,no,no,no,no,24.6,596
NG030_PC716_WC66,NG030,NA,NA,PC716,AGCCTGTTGT,WC66,ACGAACCAAG,NA,NG030_P4,mouse_human,CC8_CC9_CC10,3T3_3T3_3T3,no,no,no,no,no,no,no,24.6,596
NG030_PC716_WC67,NG030,NA,NA,PC716,AGCCTGTTGT,WC67,CACGCAAGTC,NA,NG030_P4,mouse_human,CC8_CC9_CC10,3T3_3T3_3T3,no,no,no,no,no,no,no,24.6,596
NG030_PC716_WC68,NG030,NA,NA,PC716,AGCCTGTTGT,WC68,GCTGGAGAAG,NA,NG030_P4,mouse_human,CC8_CC9_CC10,3T3_3T3_3T3,no,no,no,no,no,no,no,24.6,596
NG030_PC716_WC69,NG030,NA,NA,PC716,AGCCTGTTGT,WC69,CCAGTGTACG,NA,NG030_P4,mouse_human,CC8_CC9_CC10,3T3_3T3_3T3,no,no,no,no,no,no,no,24.6,596
NG030_PC716_WC70,NG030,NA,NA,PC716,AGCCTGTTGT,WC70,GTTGATGCGA,NA,NG030_P4,mouse_human,CC8_CC9_CC10,3T3_3T3_3T3,no,no,no,no,no,no,no,24.6,596
NG030_PC716_WC71,NG030,NA,NA,PC716,AGCCTGTTGT,WC71,CGCTTGTTAT,NA,NG030_P4,mouse_human,CC8_CC9_CC10,3T3_3T3_3T3,no,no,no,no,no,no,no,24.6,596
NG030_PC716_WC72,NG030,NA,NA,PC716,AGCCTGTTGT,WC72,GTAACGTTCA,NA,NG030_P4,mouse_human,CC8_CC9_CC10,3T3_3T3_3T3,no,no,no,no,no,no,no,24.6,596
NG030_PC716_WC73,NG030,NA,NA,PC716,AGCCTGTTGT,WC73,CCGAGTCTTC,NA,NG030_P4,mouse_human,CC8_CC9_CC10,3T3_3T3_3T3,no,no,no,no,no,no,no,24.6,596
NG030_PC716_WC74,NG030,NA,NA,PC716,AGCCTGTTGT,WC74,TATTGCGCTA,NA,NG030_P4,mouse_human,CC8_CC9_CC10,3T3_3T3_3T3,no,no,no,no,no,no,no,24.6,596
NG030_PC716_WC75,NG030,NA,NA,PC716,AGCCTGTTGT,WC75,TGTGGTCTAA,NA,NG030_P4,mouse_human,CC8_CC9_CC10,3T3_3T3_3T3,no,no,no,no,no,no,no,24.6,596
NG030_PC716_WC76,NG030,NA,NA,PC716,AGCCTGTTGT,WC76,CACGTCTACG,NA,NG030_P4,mouse_human,CC8_CC9_CC10,3T3_3T3_3T3,no,no,no,no,no,no,no,24.6,596
NG030_PC716_WC77,NG030,NA,NA,PC716,AGCCTGTTGT,WC77,AGTCCAGTGA,NA,NG030_P4,mouse_human,CC8_CC9_CC10,3T3_3T3_3T3,no,no,no,no,no,no,no,24.6,596
NG030_PC716_WC78,NG030,NA,NA,PC716,AGCCTGTTGT,WC78,ATGCTTGGTC,NA,NG030_P4,mouse_human,CC8_CC9_CC10,3T3_3T3_3T3,no,no,no,no,no,no,no,24.6,596
NG030_PC716_WC79,NG030,NA,NA,PC716,AGCCTGTTGT,WC79,TGATACTCGC,NA,NG030_P4,mouse_human,CC8_CC9_CC10,3T3_3T3_3T3,no,no,no,no,no,no,no,24.6,596
NG030_PC716_WC80,NG030,NA,NA,PC716,AGCCTGTTGT,WC80,TTATCGAGAG,NA,NG030_P4,mouse_human,CC8_CC9_CC10,3T3_3T3_3T3,no,no,no,no,no,no,no,24.6,596
NG030_PC716_WC81,NG030,NA,NA,PC716,AGCCTGTTGT,WC81,TGCCAGTATT,NA,NG030_P4,mouse_human,CC8_CC9_CC10,3T3_3T3_3T3,no,no,no,no,no,no,no,24.6,596
NG030_PC716_WC82,NG030,NA,NA,PC716,AGCCTGTTGT,WC82,GAGTTGCATA,NA,NG030_P4,mouse_human,CC8_CC9_CC10,3T3_3T3_3T3,no,no,no,no,no,no,no,24.6,596
NG030_PC716_WC83,NG030,NA,NA,PC716,AGCCTGTTGT,WC83,ACACTAGCAT,NA,NG030_P4,mouse_human,CC8_CC9_CC10,3T3_3T3_3T3,no,no,no,no,no,no,no,24.6,596
NG030_PC716_WC84,NG030,NA,NA,PC716,AGCCTGTTGT,WC84,GTTCTAATGG,NA,NG030_P4,mouse_human,CC8_CC9_CC10,3T3_3T3_3T3,no,no,no,no,no,no,no,24.6,596
NG030_PC716_WC85,NG030,NA,NA,PC716,AGCCTGTTGT,WC85,CGTTCACGTT,NA,NG030_P4,mouse_human,CC8_CC9_CC10,3T3_3T3_3T3,no,no,no,no,no,no,no,24.6,596
NG030_PC716_WC86,NG030,NA,NA,PC716,AGCCTGTTGT,WC86,GACTGCGTTA,NA,NG030_P4,mouse_human,CC8_CC9_CC10,3T3_3T3_3T3,no,no,no,no,no,no,no,24.6,596
NG030_PC716_WC87,NG030,NA,NA,PC716,AGCCTGTTGT,WC87,TGGCTTATGG,NA,NG030_P4,mouse_human,CC8_CC9_CC10,3T3_3T3_3T3,no,no,no,no,no,no,no,24.6,596
NG030_PC716_WC88,NG030,NA,NA,PC716,AGCCTGTTGT,WC88,TCAGAGGCAC,NA,NG030_P4,mouse_human,CC8_CC9_CC10,3T3_3T3_3T3,no,no,no,no,no,no,no,24.6,596
NG030_PC716_WC89,NG030,NA,NA,PC716,AGCCTGTTGT,WC89,CGCTAGGCTA,NA,NG030_P4,mouse_human,CC8_CC9_CC10,3T3_3T3_3T3,no,no,no,no,no,no,no,24.6,596
NG030_PC716_WC90,NG030,NA,NA,PC716,AGCCTGTTGT,WC90,AACCGTAACA,NA,NG030_P4,mouse_human,CC8_CC9_CC10,3T3_3T3_3T3,no,no,no,no,no,no,no,24.6,596
NG030_PC716_WC91,NG030,NA,NA,PC716,AGCCTGTTGT,WC91,CTTGGTATGA,NA,NG030_P4,mouse_human,CC8_CC9_CC10,3T3_3T3_3T3,no,no,no,no,no,no,no,24.6,596
NG030_PC716_WC92,NG030,NA,NA,PC716,AGCCTGTTGT,WC92,TGTAGATCCG,NA,NG030_P4,mouse_human,CC8_CC9_CC10,3T3_3T3_3T3,no,no,no,no,no,no,no,24.6,596
NG030_PC716_WC93,NG030,NA,NA,PC716,AGCCTGTTGT,WC93,AACTCTACCG,NA,NG030_P4,mouse_human,CC8_CC9_CC10,3T3_3T3_3T3,no,no,no,no,no,no,no,24.6,596
NG030_PC716_WC94,NG030,NA,NA,PC716,AGCCTGTTGT,WC94,CGTGACATTC,NA,NG030_P4,mouse_human,CC8_CC9_CC10,3T3_3T3_3T3,no,no,no,no,no,no,no,24.6,596
NG030_PC716_WC95,NG030,NA,NA,PC716,AGCCTGTTGT,WC95,CTGTACCAGG,NA,NG030_P4,mouse_human,CC8_CC9_CC10,3T3_3T3_3T3,no,no,no,no,no,no,no,24.6,596
NG030_PC716_WC96,NG030,NA,NA,PC716,AGCCTGTTGT,WC96,ACTGGTTCCG,NA,NG030_P4,mouse_human,CC8_CC9_CC10,3T3_3T3_3T3,no,no,no,no,no,no,no,24.6,596
