[Data],,,,,,,,,,,,,
Sample_ID,Sample_Plate,Sample_Well,Lane,I7_Index_ID,index,I5_Index_ID,index2,Sample_Project,Description,Species,CC_used,Condition_per_CC,ERCC
NG014_PC702_WC1,NG014,NA,NA,PC702,CTCCGCTTAT,WC1,GTCGTGAATC,NA,NG014_P1_Stuffi,mouse_human,CC8_CC9_CC10,HEK_NIH_HEK,no
NG014_PC702_WC2,NG014,NA,NA,PC702,CTCCGCTTAT,WC2,CTGTTCTACG,NA,NG014_P1_Stuffi,mouse_human,CC8_CC9_CC10,HEK_NIH_HEK,no
NG014_PC702_WC3,NG014,NA,NA,PC702,CTCCGCTTAT,WC3,GCTCTTAGGT,NA,NG014_P1_Stuffi,mouse_human,CC8_CC9_CC10,HEK_NIH_HEK,no
NG014_PC702_WC4,NG014,NA,NA,PC702,CTCCGCTTAT,WC4,TAGAAGCCAT,NA,NG014_P1_Stuffi,mouse_human,CC8_CC9_CC10,HEK_NIH_HEK,no
NG014_PC702_WC5,NG014,NA,NA,PC702,CTCCGCTTAT,WC5,CACTTAGGTA,NA,NG014_P1_Stuffi,mouse_human,CC8_CC9_CC10,HEK_NIH_HEK,no
NG014_PC702_WC6,NG014,NA,NA,PC702,CTCCGCTTAT,WC6,ATAGGTAAGG,NA,NG014_P1_Stuffi,mouse_human,CC8_CC9_CC10,HEK_NIH_HEK,no
NG014_PC702_WC7,NG014,NA,NA,PC702,CTCCGCTTAT,WC7,CGCCTTATAT,NA,NG014_P1_Stuffi,mouse_human,CC8_CC9_CC10,HEK_NIH_HEK,no
NG014_PC702_WC8,NG014,NA,NA,PC702,CTCCGCTTAT,WC8,GCACGATGCT,NA,NG014_P1_Stuffi,mouse_human,CC8_CC9_CC10,HEK_NIH_HEK,no
NG014_PC702_WC9,NG014,NA,NA,PC702,CTCCGCTTAT,WC9,AATATGCCAG,NA,NG014_P1_Stuffi,mouse_human,CC8_CC9_CC10,HEK_NIH_HEK,no
NG014_PC702_WC10,NG014,NA,NA,PC702,CTCCGCTTAT,WC10,TAGAGTCACG,NA,NG014_P1_Stuffi,mouse_human,CC8_CC9_CC10,HEK_NIH_HEK,no
NG014_PC702_WC11,NG014,NA,NA,PC702,CTCCGCTTAT,WC11,TTAACAGGTC,NA,NG014_P1_Stuffi,mouse_human,CC8_CC9_CC10,HEK_NIH_HEK,no
NG014_PC702_WC12,NG014,NA,NA,PC702,CTCCGCTTAT,WC12,ACATGAGCCA,NA,NG014_P1_Stuffi,mouse_human,CC8_CC9_CC10,HEK_NIH_HEK,no
NG014_PC702_WC13,NG014,NA,NA,PC702,CTCCGCTTAT,WC13,GCGAGGTTCT,NA,NG014_P1_Stuffi,mouse_human,CC8_CC9_CC10,HEK_NIH_HEK,no
NG014_PC702_WC14,NG014,NA,NA,PC702,CTCCGCTTAT,WC14,TGTCCGTAGG,NA,NG014_P1_Stuffi,mouse_human,CC8_CC9_CC10,HEK_NIH_HEK,no
NG014_PC702_WC15,NG014,NA,NA,PC702,CTCCGCTTAT,WC15,CATTATGCCT,NA,NG014_P1_Stuffi,mouse_human,CC8_CC9_CC10,HEK_NIH_HEK,no
NG014_PC702_WC16,NG014,NA,NA,PC702,CTCCGCTTAT,WC16,TCCACTGTTG,NA,NG014_P1_Stuffi,mouse_human,CC8_CC9_CC10,HEK_NIH_HEK,no
NG014_PC702_WC17,NG014,NA,NA,PC702,CTCCGCTTAT,WC17,CTTAACGACA,NA,NG014_P1_Stuffi,mouse_human,CC8_CC9_CC10,HEK_NIH_HEK,no
NG014_PC702_WC18,NG014,NA,NA,PC702,CTCCGCTTAT,WC18,TCCTCGAGCT,NA,NG014_P1_Stuffi,mouse_human,CC8_CC9_CC10,HEK_NIH_HEK,no
NG014_PC702_WC19,NG014,NA,NA,PC702,CTCCGCTTAT,WC19,CGAGTAATGT,NA,NG014_P1_Stuffi,mouse_human,CC8_CC9_CC10,HEK_NIH_HEK,no
NG014_PC702_WC20,NG014,NA,NA,PC702,CTCCGCTTAT,WC20,CATACCGCTG,NA,NG014_P1_Stuffi,mouse_human,CC8_CC9_CC10,HEK_NIH_HEK,no
NG014_PC702_WC21,NG014,NA,NA,PC702,CTCCGCTTAT,WC21,GCTACTTGCA,NA,NG014_P1_Stuffi,mouse_human,CC8_CC9_CC10,HEK_NIH_HEK,no
NG014_PC702_WC22,NG014,NA,NA,PC702,CTCCGCTTAT,WC22,GCTATTGAAG,NA,NG014_P1_Stuffi,mouse_human,CC8_CC9_CC10,HEK_NIH_HEK,no
NG014_PC702_WC23,NG014,NA,NA,PC702,CTCCGCTTAT,WC23,TCAGCATCCG,NA,NG014_P1_Stuffi,mouse_human,CC8_CC9_CC10,HEK_NIH_HEK,no
NG014_PC702_WC24,NG014,NA,NA,PC702,CTCCGCTTAT,WC24,TAGGTGGTGG,NA,NG014_P1_Stuffi,mouse_human,CC8_CC9_CC10,HEK_NIH_HEK,no
NG014_PC702_WC25,NG014,NA,NA,PC702,CTCCGCTTAT,WC25,AAGATCGGAT,NA,NG014_P1_Stuffi,mouse_human,CC8_CC9_CC10,HEK_NIH_HEK,no
NG014_PC702_WC26,NG014,NA,NA,PC702,CTCCGCTTAT,WC26,TTAACGTCCG,NA,NG014_P1_Stuffi,mouse_human,CC8_CC9_CC10,HEK_NIH_HEK,no
NG014_PC702_WC27,NG014,NA,NA,PC702,CTCCGCTTAT,WC27,ATTACCGATC,NA,NG014_P1_Stuffi,mouse_human,CC8_CC9_CC10,HEK_NIH_HEK,no
NG014_PC702_WC28,NG014,NA,NA,PC702,CTCCGCTTAT,WC28,GTTGCATCGT,NA,NG014_P1_Stuffi,mouse_human,CC8_CC9_CC10,HEK_NIH_HEK,no
NG014_PC702_WC29,NG014,NA,NA,PC702,CTCCGCTTAT,WC29,ACTGGACGTT,NA,NG014_P1_Stuffi,mouse_human,CC8_CC9_CC10,HEK_NIH_HEK,no
NG014_PC702_WC30,NG014,NA,NA,PC702,CTCCGCTTAT,WC30,TTGTTCGTGT,NA,NG014_P1_Stuffi,mouse_human,CC8_CC9_CC10,HEK_NIH_HEK,no
NG014_PC702_WC31,NG014,NA,NA,PC702,CTCCGCTTAT,WC31,ACGGACTGAG,NA,NG014_P1_Stuffi,mouse_human,CC8_CC9_CC10,HEK_NIH_HEK,no
NG014_PC702_WC32,NG014,NA,NA,PC702,CTCCGCTTAT,WC32,CACCGTCATA,NA,NG014_P1_Stuffi,mouse_human,CC8_CC9_CC10,HEK_NIH_HEK,no
NG014_PC702_WC33,NG014,NA,NA,PC702,CTCCGCTTAT,WC33,GTAGTTGTGT,NA,NG014_P1_Stuffi,mouse_human,CC8_CC9_CC10,HEK_NIH_HEK,no
NG014_PC702_WC34,NG014,NA,NA,PC702,CTCCGCTTAT,WC34,CTGAGTCCTT,NA,NG014_P1_Stuffi,mouse_human,CC8_CC9_CC10,HEK_NIH_HEK,no
NG014_PC702_WC35,NG014,NA,NA,PC702,CTCCGCTTAT,WC35,TCACAGTTGC,NA,NG014_P1_Stuffi,mouse_human,CC8_CC9_CC10,HEK_NIH_HEK,no
NG014_PC702_WC36,NG014,NA,NA,PC702,CTCCGCTTAT,WC36,ATTGTAAGCG,NA,NG014_P1_Stuffi,mouse_human,CC8_CC9_CC10,HEK_NIH_HEK,no
NG014_PC702_WC37,NG014,NA,NA,PC702,CTCCGCTTAT,WC37,CGGTCTCTCT,NA,NG014_P1_Stuffi,mouse_human,CC8_CC9_CC10,HEK_NIH_HEK,no
NG014_PC702_WC38,NG014,NA,NA,PC702,CTCCGCTTAT,WC38,AACAGCAATG,NA,NG014_P1_Stuffi,mouse_human,CC8_CC9_CC10,HEK_NIH_HEK,no
NG014_PC702_WC39,NG014,NA,NA,PC702,CTCCGCTTAT,WC39,TCCGTGTTGC,NA,NG014_P1_Stuffi,mouse_human,CC8_CC9_CC10,HEK_NIH_HEK,no
NG014_PC702_WC40,NG014,NA,NA,PC702,CTCCGCTTAT,WC40,TGCGAAGTGA,NA,NG014_P1_Stuffi,mouse_human,CC8_CC9_CC10,HEK_NIH_HEK,no
NG014_PC702_WC41,NG014,NA,NA,PC702,CTCCGCTTAT,WC41,CACAGCTATT,NA,NG014_P1_Stuffi,mouse_human,CC8_CC9_CC10,HEK_NIH_HEK,no
NG014_PC702_WC42,NG014,NA,NA,PC702,CTCCGCTTAT,WC42,GATAGTGTTC,NA,NG014_P1_Stuffi,mouse_human,CC8_CC9_CC10,HEK_NIH_HEK,no
NG014_PC702_WC43,NG014,NA,NA,PC702,CTCCGCTTAT,WC43,TAGCTACCAG,NA,NG014_P1_Stuffi,mouse_human,CC8_CC9_CC10,HEK_NIH_HEK,no
NG014_PC702_WC44,NG014,NA,NA,PC702,CTCCGCTTAT,WC44,TGCTCACGCA,NA,NG014_P1_Stuffi,mouse_human,CC8_CC9_CC10,HEK_NIH_HEK,no
NG014_PC702_WC45,NG014,NA,NA,PC702,CTCCGCTTAT,WC45,AAGTGTGCTA,NA,NG014_P1_Stuffi,mouse_human,CC8_CC9_CC10,HEK_NIH_HEK,no
NG014_PC702_WC46,NG014,NA,NA,PC702,CTCCGCTTAT,WC46,TCATCGTCTG,NA,NG014_P1_Stuffi,mouse_human,CC8_CC9_CC10,HEK_NIH_HEK,no
NG014_PC702_WC47,NG014,NA,NA,PC702,CTCCGCTTAT,WC47,AGATGCTCCG,NA,NG014_P1_Stuffi,mouse_human,CC8_CC9_CC10,HEK_NIH_HEK,no
NG014_PC702_WC48,NG014,NA,NA,PC702,CTCCGCTTAT,WC48,GAACCAAGCG,NA,NG014_P1_Stuffi,mouse_human,CC8_CC9_CC10,HEK_NIH_HEK,no
NG014_PC702_WC49,NG014,NA,NA,PC702,CTCCGCTTAT,WC49,CCTCTTCAAG,NA,NG014_P1_Stuffi,mouse_human,CC8_CC9_CC10,HEK_NIH_HEK,no
NG014_PC702_WC50,NG014,NA,NA,PC702,CTCCGCTTAT,WC50,CGTCGCATCT,NA,NG014_P1_Stuffi,mouse_human,CC8_CC9_CC10,HEK_NIH_HEK,no
NG014_PC702_WC51,NG014,NA,NA,PC702,CTCCGCTTAT,WC51,CCGAACGTTC,NA,NG014_P1_Stuffi,mouse_human,CC8_CC9_CC10,HEK_NIH_HEK,no
NG014_PC702_WC52,NG014,NA,NA,PC702,CTCCGCTTAT,WC52,GAATGGCGTT,NA,NG014_P1_Stuffi,mouse_human,CC8_CC9_CC10,HEK_NIH_HEK,no
NG014_PC702_WC53,NG014,NA,NA,PC702,CTCCGCTTAT,WC53,AAGTTCAGGA,NA,NG014_P1_Stuffi,mouse_human,CC8_CC9_CC10,HEK_NIH_HEK,no
NG014_PC702_WC54,NG014,NA,NA,PC702,CTCCGCTTAT,WC54,GACCAATTGT,NA,NG014_P1_Stuffi,mouse_human,CC8_CC9_CC10,HEK_NIH_HEK,no
NG014_PC702_WC55,NG014,NA,NA,PC702,CTCCGCTTAT,WC55,TGTCTGTGAC,NA,NG014_P1_Stuffi,mouse_human,CC8_CC9_CC10,HEK_NIH_HEK,no
NG014_PC702_WC56,NG014,NA,NA,PC702,CTCCGCTTAT,WC56,GAACATTGGC,NA,NG014_P1_Stuffi,mouse_human,CC8_CC9_CC10,HEK_NIH_HEK,no
NG014_PC702_WC57,NG014,NA,NA,PC702,CTCCGCTTAT,WC57,CGTAACACTA,NA,NG014_P1_Stuffi,mouse_human,CC8_CC9_CC10,HEK_NIH_HEK,no
NG014_PC702_WC58,NG014,NA,NA,PC702,CTCCGCTTAT,WC58,GTACTTCCAA,NA,NG014_P1_Stuffi,mouse_human,CC8_CC9_CC10,HEK_NIH_HEK,no
NG014_PC702_WC59,NG014,NA,NA,PC702,CTCCGCTTAT,WC59,TTAGCGTCTT,NA,NG014_P1_Stuffi,mouse_human,CC8_CC9_CC10,HEK_NIH_HEK,no
NG014_PC702_WC60,NG014,NA,NA,PC702,CTCCGCTTAT,WC60,TTGACCGTCT,NA,NG014_P1_Stuffi,mouse_human,CC8_CC9_CC10,HEK_NIH_HEK,no
NG014_PC702_WC61,NG014,NA,NA,PC702,CTCCGCTTAT,WC61,ACGGCTTCTC,NA,NG014_P1_Stuffi,mouse_human,CC8_CC9_CC10,HEK_NIH_HEK,no
NG014_PC702_WC62,NG014,NA,NA,PC702,CTCCGCTTAT,WC62,TGCGATGTAT,NA,NG014_P1_Stuffi,mouse_human,CC8_CC9_CC10,HEK_NIH_HEK,no
NG014_PC702_WC63,NG014,NA,NA,PC702,CTCCGCTTAT,WC63,GCGTTCAGCA,NA,NG014_P1_Stuffi,mouse_human,CC8_CC9_CC10,HEK_NIH_HEK,no
NG014_PC702_WC64,NG014,NA,NA,PC702,CTCCGCTTAT,WC64,GCCTAGGAAG,NA,NG014_P1_Stuffi,mouse_human,CC8_CC9_CC10,HEK_NIH_HEK,no
NG014_PC702_WC65,NG014,NA,NA,PC702,CTCCGCTTAT,WC65,GTTACCAACG,NA,NG014_P1_Stuffi,mouse_human,CC8_CC9_CC10,HEK_NIH_HEK,no
NG014_PC702_WC66,NG014,NA,NA,PC702,CTCCGCTTAT,WC66,ACGAACCAAG,NA,NG014_P1_Stuffi,mouse_human,CC8_CC9_CC10,HEK_NIH_HEK,no
NG014_PC702_WC67,NG014,NA,NA,PC702,CTCCGCTTAT,WC67,CACGCAAGTC,NA,NG014_P1_Stuffi,mouse_human,CC8_CC9_CC10,HEK_NIH_HEK,no
NG014_PC702_WC68,NG014,NA,NA,PC702,CTCCGCTTAT,WC68,GCTGGAGAAG,NA,NG014_P1_Stuffi,mouse_human,CC8_CC9_CC10,HEK_NIH_HEK,no
NG014_PC702_WC69,NG014,NA,NA,PC702,CTCCGCTTAT,WC69,CCAGTGTACG,NA,NG014_P1_Stuffi,mouse_human,CC8_CC9_CC10,HEK_NIH_HEK,no
NG014_PC702_WC70,NG014,NA,NA,PC702,CTCCGCTTAT,WC70,GTTGATGCGA,NA,NG014_P1_Stuffi,mouse_human,CC8_CC9_CC10,HEK_NIH_HEK,no
NG014_PC702_WC71,NG014,NA,NA,PC702,CTCCGCTTAT,WC71,CGCTTGTTAT,NA,NG014_P1_Stuffi,mouse_human,CC8_CC9_CC10,HEK_NIH_HEK,no
NG014_PC702_WC72,NG014,NA,NA,PC702,CTCCGCTTAT,WC72,GTAACGTTCA,NA,NG014_P1_Stuffi,mouse_human,CC8_CC9_CC10,HEK_NIH_HEK,no
NG014_PC702_WC73,NG014,NA,NA,PC702,CTCCGCTTAT,WC73,CCGAGTCTTC,NA,NG014_P1_Stuffi,mouse_human,CC8_CC9_CC10,HEK_NIH_HEK,no
NG014_PC702_WC74,NG014,NA,NA,PC702,CTCCGCTTAT,WC74,TATTGCGCTA,NA,NG014_P1_Stuffi,mouse_human,CC8_CC9_CC10,HEK_NIH_HEK,no
NG014_PC702_WC75,NG014,NA,NA,PC702,CTCCGCTTAT,WC75,TGTGGTCTAA,NA,NG014_P1_Stuffi,mouse_human,CC8_CC9_CC10,HEK_NIH_HEK,no
NG014_PC702_WC76,NG014,NA,NA,PC702,CTCCGCTTAT,WC76,CACGTCTACG,NA,NG014_P1_Stuffi,mouse_human,CC8_CC9_CC10,HEK_NIH_HEK,no
NG014_PC702_WC77,NG014,NA,NA,PC702,CTCCGCTTAT,WC77,AGTCCAGTGA,NA,NG014_P1_Stuffi,mouse_human,CC8_CC9_CC10,HEK_NIH_HEK,no
NG014_PC702_WC78,NG014,NA,NA,PC702,CTCCGCTTAT,WC78,ATGCTTGGTC,NA,NG014_P1_Stuffi,mouse_human,CC8_CC9_CC10,HEK_NIH_HEK,no
NG014_PC702_WC79,NG014,NA,NA,PC702,CTCCGCTTAT,WC79,TGATACTCGC,NA,NG014_P1_Stuffi,mouse_human,CC8_CC9_CC10,HEK_NIH_HEK,no
NG014_PC702_WC80,NG014,NA,NA,PC702,CTCCGCTTAT,WC80,TTATCGAGAG,NA,NG014_P1_Stuffi,mouse_human,CC8_CC9_CC10,HEK_NIH_HEK,no
NG014_PC702_WC81,NG014,NA,NA,PC702,CTCCGCTTAT,WC81,TGCCAGTATT,NA,NG014_P1_Stuffi,mouse_human,CC8_CC9_CC10,HEK_NIH_HEK,no
NG014_PC702_WC82,NG014,NA,NA,PC702,CTCCGCTTAT,WC82,GAGTTGCATA,NA,NG014_P1_Stuffi,mouse_human,CC8_CC9_CC10,HEK_NIH_HEK,no
NG014_PC702_WC83,NG014,NA,NA,PC702,CTCCGCTTAT,WC83,ACACTAGCAT,NA,NG014_P1_Stuffi,mouse_human,CC8_CC9_CC10,HEK_NIH_HEK,no
NG014_PC702_WC84,NG014,NA,NA,PC702,CTCCGCTTAT,WC84,GTTCTAATGG,NA,NG014_P1_Stuffi,mouse_human,CC8_CC9_CC10,HEK_NIH_HEK,no
NG014_PC702_WC85,NG014,NA,NA,PC702,CTCCGCTTAT,WC85,CGTTCACGTT,NA,NG014_P1_Stuffi,mouse_human,CC8_CC9_CC10,HEK_NIH_HEK,no
NG014_PC702_WC86,NG014,NA,NA,PC702,CTCCGCTTAT,WC86,GACTGCGTTA,NA,NG014_P1_Stuffi,mouse_human,CC8_CC9_CC10,HEK_NIH_HEK,no
NG014_PC702_WC87,NG014,NA,NA,PC702,CTCCGCTTAT,WC87,TGGCTTATGG,NA,NG014_P1_Stuffi,mouse_human,CC8_CC9_CC10,HEK_NIH_HEK,no
NG014_PC702_WC88,NG014,NA,NA,PC702,CTCCGCTTAT,WC88,TCAGAGGCAC,NA,NG014_P1_Stuffi,mouse_human,CC8_CC9_CC10,HEK_NIH_HEK,no
NG014_PC702_WC89,NG014,NA,NA,PC702,CTCCGCTTAT,WC89,CGCTAGGCTA,NA,NG014_P1_Stuffi,mouse_human,CC8_CC9_CC10,HEK_NIH_HEK,no
NG014_PC702_WC90,NG014,NA,NA,PC702,CTCCGCTTAT,WC90,AACCGTAACA,NA,NG014_P1_Stuffi,mouse_human,CC8_CC9_CC10,HEK_NIH_HEK,no
NG014_PC702_WC91,NG014,NA,NA,PC702,CTCCGCTTAT,WC91,CTTGGTATGA,NA,NG014_P1_Stuffi,mouse_human,CC8_CC9_CC10,HEK_NIH_HEK,no
NG014_PC702_WC92,NG014,NA,NA,PC702,CTCCGCTTAT,WC92,TGTAGATCCG,NA,NG014_P1_Stuffi,mouse_human,CC8_CC9_CC10,HEK_NIH_HEK,no
NG014_PC702_WC93,NG014,NA,NA,PC702,CTCCGCTTAT,WC93,AACTCTACCG,NA,NG014_P1_Stuffi,mouse_human,CC8_CC9_CC10,HEK_NIH_HEK,no
NG014_PC702_WC94,NG014,NA,NA,PC702,CTCCGCTTAT,WC94,CGTGACATTC,NA,NG014_P1_Stuffi,mouse_human,CC8_CC9_CC10,HEK_NIH_HEK,no
NG014_PC702_WC95,NG014,NA,NA,PC702,CTCCGCTTAT,WC95,CTGTACCAGG,NA,NG014_P1_Stuffi,mouse_human,CC8_CC9_CC10,HEK_NIH_HEK,no
NG014_PC702_WC96,NG014,NA,NA,PC702,CTCCGCTTAT,WC96,ACTGGTTCCG,NA,NG014_P1_Stuffi,mouse_human,CC8_CC9_CC10,HEK_NIH_HEK,no
NG014_PC703_WC1,NG014,NA,NA,PC703,ATTAAGGTCG,WC1,GTCGTGAATC,NA,NG014_P2_Stuffi_MO,mouse_human,CC8_CC9_CC10,HEK_NIH_HEK,no
NG014_PC703_WC2,NG014,NA,NA,PC703,ATTAAGGTCG,WC2,CTGTTCTACG,NA,NG014_P2_Stuffi_MO,mouse_human,CC8_CC9_CC10,HEK_NIH_HEK,no
NG014_PC703_WC3,NG014,NA,NA,PC703,ATTAAGGTCG,WC3,GCTCTTAGGT,NA,NG014_P2_Stuffi_MO,mouse_human,CC8_CC9_CC10,HEK_NIH_HEK,no
NG014_PC703_WC4,NG014,NA,NA,PC703,ATTAAGGTCG,WC4,TAGAAGCCAT,NA,NG014_P2_Stuffi_MO,mouse_human,CC8_CC9_CC10,HEK_NIH_HEK,no
NG014_PC703_WC5,NG014,NA,NA,PC703,ATTAAGGTCG,WC5,CACTTAGGTA,NA,NG014_P2_Stuffi_MO,mouse_human,CC8_CC9_CC10,HEK_NIH_HEK,no
NG014_PC703_WC6,NG014,NA,NA,PC703,ATTAAGGTCG,WC6,ATAGGTAAGG,NA,NG014_P2_Stuffi_MO,mouse_human,CC8_CC9_CC10,HEK_NIH_HEK,no
NG014_PC703_WC7,NG014,NA,NA,PC703,ATTAAGGTCG,WC7,CGCCTTATAT,NA,NG014_P2_Stuffi_MO,mouse_human,CC8_CC9_CC10,HEK_NIH_HEK,no
NG014_PC703_WC8,NG014,NA,NA,PC703,ATTAAGGTCG,WC8,GCACGATGCT,NA,NG014_P2_Stuffi_MO,mouse_human,CC8_CC9_CC10,HEK_NIH_HEK,no
NG014_PC703_WC9,NG014,NA,NA,PC703,ATTAAGGTCG,WC9,AATATGCCAG,NA,NG014_P2_Stuffi_MO,mouse_human,CC8_CC9_CC10,HEK_NIH_HEK,no
NG014_PC703_WC10,NG014,NA,NA,PC703,ATTAAGGTCG,WC10,TAGAGTCACG,NA,NG014_P2_Stuffi_MO,mouse_human,CC8_CC9_CC10,HEK_NIH_HEK,no
NG014_PC703_WC11,NG014,NA,NA,PC703,ATTAAGGTCG,WC11,TTAACAGGTC,NA,NG014_P2_Stuffi_MO,mouse_human,CC8_CC9_CC10,HEK_NIH_HEK,no
NG014_PC703_WC12,NG014,NA,NA,PC703,ATTAAGGTCG,WC12,ACATGAGCCA,NA,NG014_P2_Stuffi_MO,mouse_human,CC8_CC9_CC10,HEK_NIH_HEK,no
NG014_PC703_WC13,NG014,NA,NA,PC703,ATTAAGGTCG,WC13,GCGAGGTTCT,NA,NG014_P2_Stuffi_MO,mouse_human,CC8_CC9_CC10,HEK_NIH_HEK,no
NG014_PC703_WC14,NG014,NA,NA,PC703,ATTAAGGTCG,WC14,TGTCCGTAGG,NA,NG014_P2_Stuffi_MO,mouse_human,CC8_CC9_CC10,HEK_NIH_HEK,no
NG014_PC703_WC15,NG014,NA,NA,PC703,ATTAAGGTCG,WC15,CATTATGCCT,NA,NG014_P2_Stuffi_MO,mouse_human,CC8_CC9_CC10,HEK_NIH_HEK,no
NG014_PC703_WC16,NG014,NA,NA,PC703,ATTAAGGTCG,WC16,TCCACTGTTG,NA,NG014_P2_Stuffi_MO,mouse_human,CC8_CC9_CC10,HEK_NIH_HEK,no
NG014_PC703_WC17,NG014,NA,NA,PC703,ATTAAGGTCG,WC17,CTTAACGACA,NA,NG014_P2_Stuffi_MO,mouse_human,CC8_CC9_CC10,HEK_NIH_HEK,no
NG014_PC703_WC18,NG014,NA,NA,PC703,ATTAAGGTCG,WC18,TCCTCGAGCT,NA,NG014_P2_Stuffi_MO,mouse_human,CC8_CC9_CC10,HEK_NIH_HEK,no
NG014_PC703_WC19,NG014,NA,NA,PC703,ATTAAGGTCG,WC19,CGAGTAATGT,NA,NG014_P2_Stuffi_MO,mouse_human,CC8_CC9_CC10,HEK_NIH_HEK,no
NG014_PC703_WC20,NG014,NA,NA,PC703,ATTAAGGTCG,WC20,CATACCGCTG,NA,NG014_P2_Stuffi_MO,mouse_human,CC8_CC9_CC10,HEK_NIH_HEK,no
NG014_PC703_WC21,NG014,NA,NA,PC703,ATTAAGGTCG,WC21,GCTACTTGCA,NA,NG014_P2_Stuffi_MO,mouse_human,CC8_CC9_CC10,HEK_NIH_HEK,no
NG014_PC703_WC22,NG014,NA,NA,PC703,ATTAAGGTCG,WC22,GCTATTGAAG,NA,NG014_P2_Stuffi_MO,mouse_human,CC8_CC9_CC10,HEK_NIH_HEK,no
NG014_PC703_WC23,NG014,NA,NA,PC703,ATTAAGGTCG,WC23,TCAGCATCCG,NA,NG014_P2_Stuffi_MO,mouse_human,CC8_CC9_CC10,HEK_NIH_HEK,no
NG014_PC703_WC24,NG014,NA,NA,PC703,ATTAAGGTCG,WC24,TAGGTGGTGG,NA,NG014_P2_Stuffi_MO,mouse_human,CC8_CC9_CC10,HEK_NIH_HEK,no
NG014_PC703_WC25,NG014,NA,NA,PC703,ATTAAGGTCG,WC25,AAGATCGGAT,NA,NG014_P2_Stuffi_MO,mouse_human,CC8_CC9_CC10,HEK_NIH_HEK,no
NG014_PC703_WC26,NG014,NA,NA,PC703,ATTAAGGTCG,WC26,TTAACGTCCG,NA,NG014_P2_Stuffi_MO,mouse_human,CC8_CC9_CC10,HEK_NIH_HEK,no
NG014_PC703_WC27,NG014,NA,NA,PC703,ATTAAGGTCG,WC27,ATTACCGATC,NA,NG014_P2_Stuffi_MO,mouse_human,CC8_CC9_CC10,HEK_NIH_HEK,no
NG014_PC703_WC28,NG014,NA,NA,PC703,ATTAAGGTCG,WC28,GTTGCATCGT,NA,NG014_P2_Stuffi_MO,mouse_human,CC8_CC9_CC10,HEK_NIH_HEK,no
NG014_PC703_WC29,NG014,NA,NA,PC703,ATTAAGGTCG,WC29,ACTGGACGTT,NA,NG014_P2_Stuffi_MO,mouse_human,CC8_CC9_CC10,HEK_NIH_HEK,no
NG014_PC703_WC30,NG014,NA,NA,PC703,ATTAAGGTCG,WC30,TTGTTCGTGT,NA,NG014_P2_Stuffi_MO,mouse_human,CC8_CC9_CC10,HEK_NIH_HEK,no
NG014_PC703_WC31,NG014,NA,NA,PC703,ATTAAGGTCG,WC31,ACGGACTGAG,NA,NG014_P2_Stuffi_MO,mouse_human,CC8_CC9_CC10,HEK_NIH_HEK,no
NG014_PC703_WC32,NG014,NA,NA,PC703,ATTAAGGTCG,WC32,CACCGTCATA,NA,NG014_P2_Stuffi_MO,mouse_human,CC8_CC9_CC10,HEK_NIH_HEK,no
NG014_PC703_WC33,NG014,NA,NA,PC703,ATTAAGGTCG,WC33,GTAGTTGTGT,NA,NG014_P2_Stuffi_MO,mouse_human,CC8_CC9_CC10,HEK_NIH_HEK,no
NG014_PC703_WC34,NG014,NA,NA,PC703,ATTAAGGTCG,WC34,CTGAGTCCTT,NA,NG014_P2_Stuffi_MO,mouse_human,CC8_CC9_CC10,HEK_NIH_HEK,no
NG014_PC703_WC35,NG014,NA,NA,PC703,ATTAAGGTCG,WC35,TCACAGTTGC,NA,NG014_P2_Stuffi_MO,mouse_human,CC8_CC9_CC10,HEK_NIH_HEK,no
NG014_PC703_WC36,NG014,NA,NA,PC703,ATTAAGGTCG,WC36,ATTGTAAGCG,NA,NG014_P2_Stuffi_MO,mouse_human,CC8_CC9_CC10,HEK_NIH_HEK,no
NG014_PC703_WC37,NG014,NA,NA,PC703,ATTAAGGTCG,WC37,CGGTCTCTCT,NA,NG014_P2_Stuffi_MO,mouse_human,CC8_CC9_CC10,HEK_NIH_HEK,no
NG014_PC703_WC38,NG014,NA,NA,PC703,ATTAAGGTCG,WC38,AACAGCAATG,NA,NG014_P2_Stuffi_MO,mouse_human,CC8_CC9_CC10,HEK_NIH_HEK,no
NG014_PC703_WC39,NG014,NA,NA,PC703,ATTAAGGTCG,WC39,TCCGTGTTGC,NA,NG014_P2_Stuffi_MO,mouse_human,CC8_CC9_CC10,HEK_NIH_HEK,no
NG014_PC703_WC40,NG014,NA,NA,PC703,ATTAAGGTCG,WC40,TGCGAAGTGA,NA,NG014_P2_Stuffi_MO,mouse_human,CC8_CC9_CC10,HEK_NIH_HEK,no
NG014_PC703_WC41,NG014,NA,NA,PC703,ATTAAGGTCG,WC41,CACAGCTATT,NA,NG014_P2_Stuffi_MO,mouse_human,CC8_CC9_CC10,HEK_NIH_HEK,no
NG014_PC703_WC42,NG014,NA,NA,PC703,ATTAAGGTCG,WC42,GATAGTGTTC,NA,NG014_P2_Stuffi_MO,mouse_human,CC8_CC9_CC10,HEK_NIH_HEK,no
NG014_PC703_WC43,NG014,NA,NA,PC703,ATTAAGGTCG,WC43,TAGCTACCAG,NA,NG014_P2_Stuffi_MO,mouse_human,CC8_CC9_CC10,HEK_NIH_HEK,no
NG014_PC703_WC44,NG014,NA,NA,PC703,ATTAAGGTCG,WC44,TGCTCACGCA,NA,NG014_P2_Stuffi_MO,mouse_human,CC8_CC9_CC10,HEK_NIH_HEK,no
NG014_PC703_WC45,NG014,NA,NA,PC703,ATTAAGGTCG,WC45,AAGTGTGCTA,NA,NG014_P2_Stuffi_MO,mouse_human,CC8_CC9_CC10,HEK_NIH_HEK,no
NG014_PC703_WC46,NG014,NA,NA,PC703,ATTAAGGTCG,WC46,TCATCGTCTG,NA,NG014_P2_Stuffi_MO,mouse_human,CC8_CC9_CC10,HEK_NIH_HEK,no
NG014_PC703_WC47,NG014,NA,NA,PC703,ATTAAGGTCG,WC47,AGATGCTCCG,NA,NG014_P2_Stuffi_MO,mouse_human,CC8_CC9_CC10,HEK_NIH_HEK,no
NG014_PC703_WC48,NG014,NA,NA,PC703,ATTAAGGTCG,WC48,GAACCAAGCG,NA,NG014_P2_Stuffi_MO,mouse_human,CC8_CC9_CC10,HEK_NIH_HEK,no
NG014_PC703_WC49,NG014,NA,NA,PC703,ATTAAGGTCG,WC49,CCTCTTCAAG,NA,NG014_P2_Stuffi_MO,mouse_human,CC8_CC9_CC10,HEK_NIH_HEK,no
NG014_PC703_WC50,NG014,NA,NA,PC703,ATTAAGGTCG,WC50,CGTCGCATCT,NA,NG014_P2_Stuffi_MO,mouse_human,CC8_CC9_CC10,HEK_NIH_HEK,no
NG014_PC703_WC51,NG014,NA,NA,PC703,ATTAAGGTCG,WC51,CCGAACGTTC,NA,NG014_P2_Stuffi_MO,mouse_human,CC8_CC9_CC10,HEK_NIH_HEK,no
NG014_PC703_WC52,NG014,NA,NA,PC703,ATTAAGGTCG,WC52,GAATGGCGTT,NA,NG014_P2_Stuffi_MO,mouse_human,CC8_CC9_CC10,HEK_NIH_HEK,no
NG014_PC703_WC53,NG014,NA,NA,PC703,ATTAAGGTCG,WC53,AAGTTCAGGA,NA,NG014_P2_Stuffi_MO,mouse_human,CC8_CC9_CC10,HEK_NIH_HEK,no
NG014_PC703_WC54,NG014,NA,NA,PC703,ATTAAGGTCG,WC54,GACCAATTGT,NA,NG014_P2_Stuffi_MO,mouse_human,CC8_CC9_CC10,HEK_NIH_HEK,no
NG014_PC703_WC55,NG014,NA,NA,PC703,ATTAAGGTCG,WC55,TGTCTGTGAC,NA,NG014_P2_Stuffi_MO,mouse_human,CC8_CC9_CC10,HEK_NIH_HEK,no
NG014_PC703_WC56,NG014,NA,NA,PC703,ATTAAGGTCG,WC56,GAACATTGGC,NA,NG014_P2_Stuffi_MO,mouse_human,CC8_CC9_CC10,HEK_NIH_HEK,no
NG014_PC703_WC57,NG014,NA,NA,PC703,ATTAAGGTCG,WC57,CGTAACACTA,NA,NG014_P2_Stuffi_MO,mouse_human,CC8_CC9_CC10,HEK_NIH_HEK,no
NG014_PC703_WC58,NG014,NA,NA,PC703,ATTAAGGTCG,WC58,GTACTTCCAA,NA,NG014_P2_Stuffi_MO,mouse_human,CC8_CC9_CC10,HEK_NIH_HEK,no
NG014_PC703_WC59,NG014,NA,NA,PC703,ATTAAGGTCG,WC59,TTAGCGTCTT,NA,NG014_P2_Stuffi_MO,mouse_human,CC8_CC9_CC10,HEK_NIH_HEK,no
NG014_PC703_WC60,NG014,NA,NA,PC703,ATTAAGGTCG,WC60,TTGACCGTCT,NA,NG014_P2_Stuffi_MO,mouse_human,CC8_CC9_CC10,HEK_NIH_HEK,no
NG014_PC703_WC61,NG014,NA,NA,PC703,ATTAAGGTCG,WC61,ACGGCTTCTC,NA,NG014_P2_Stuffi_MO,mouse_human,CC8_CC9_CC10,HEK_NIH_HEK,no
NG014_PC703_WC62,NG014,NA,NA,PC703,ATTAAGGTCG,WC62,TGCGATGTAT,NA,NG014_P2_Stuffi_MO,mouse_human,CC8_CC9_CC10,HEK_NIH_HEK,no
NG014_PC703_WC63,NG014,NA,NA,PC703,ATTAAGGTCG,WC63,GCGTTCAGCA,NA,NG014_P2_Stuffi_MO,mouse_human,CC8_CC9_CC10,HEK_NIH_HEK,no
NG014_PC703_WC64,NG014,NA,NA,PC703,ATTAAGGTCG,WC64,GCCTAGGAAG,NA,NG014_P2_Stuffi_MO,mouse_human,CC8_CC9_CC10,HEK_NIH_HEK,no
NG014_PC703_WC65,NG014,NA,NA,PC703,ATTAAGGTCG,WC65,GTTACCAACG,NA,NG014_P2_Stuffi_MO,mouse_human,CC8_CC9_CC10,HEK_NIH_HEK,no
NG014_PC703_WC66,NG014,NA,NA,PC703,ATTAAGGTCG,WC66,ACGAACCAAG,NA,NG014_P2_Stuffi_MO,mouse_human,CC8_CC9_CC10,HEK_NIH_HEK,no
NG014_PC703_WC67,NG014,NA,NA,PC703,ATTAAGGTCG,WC67,CACGCAAGTC,NA,NG014_P2_Stuffi_MO,mouse_human,CC8_CC9_CC10,HEK_NIH_HEK,no
NG014_PC703_WC68,NG014,NA,NA,PC703,ATTAAGGTCG,WC68,GCTGGAGAAG,NA,NG014_P2_Stuffi_MO,mouse_human,CC8_CC9_CC10,HEK_NIH_HEK,no
NG014_PC703_WC69,NG014,NA,NA,PC703,ATTAAGGTCG,WC69,CCAGTGTACG,NA,NG014_P2_Stuffi_MO,mouse_human,CC8_CC9_CC10,HEK_NIH_HEK,no
NG014_PC703_WC70,NG014,NA,NA,PC703,ATTAAGGTCG,WC70,GTTGATGCGA,NA,NG014_P2_Stuffi_MO,mouse_human,CC8_CC9_CC10,HEK_NIH_HEK,no
NG014_PC703_WC71,NG014,NA,NA,PC703,ATTAAGGTCG,WC71,CGCTTGTTAT,NA,NG014_P2_Stuffi_MO,mouse_human,CC8_CC9_CC10,HEK_NIH_HEK,no
NG014_PC703_WC72,NG014,NA,NA,PC703,ATTAAGGTCG,WC72,GTAACGTTCA,NA,NG014_P2_Stuffi_MO,mouse_human,CC8_CC9_CC10,HEK_NIH_HEK,no
NG014_PC703_WC73,NG014,NA,NA,PC703,ATTAAGGTCG,WC73,CCGAGTCTTC,NA,NG014_P2_Stuffi_MO,mouse_human,CC8_CC9_CC10,HEK_NIH_HEK,no
NG014_PC703_WC74,NG014,NA,NA,PC703,ATTAAGGTCG,WC74,TATTGCGCTA,NA,NG014_P2_Stuffi_MO,mouse_human,CC8_CC9_CC10,HEK_NIH_HEK,no
NG014_PC703_WC75,NG014,NA,NA,PC703,ATTAAGGTCG,WC75,TGTGGTCTAA,NA,NG014_P2_Stuffi_MO,mouse_human,CC8_CC9_CC10,HEK_NIH_HEK,no
NG014_PC703_WC76,NG014,NA,NA,PC703,ATTAAGGTCG,WC76,CACGTCTACG,NA,NG014_P2_Stuffi_MO,mouse_human,CC8_CC9_CC10,HEK_NIH_HEK,no
NG014_PC703_WC77,NG014,NA,NA,PC703,ATTAAGGTCG,WC77,AGTCCAGTGA,NA,NG014_P2_Stuffi_MO,mouse_human,CC8_CC9_CC10,HEK_NIH_HEK,no
NG014_PC703_WC78,NG014,NA,NA,PC703,ATTAAGGTCG,WC78,ATGCTTGGTC,NA,NG014_P2_Stuffi_MO,mouse_human,CC8_CC9_CC10,HEK_NIH_HEK,no
NG014_PC703_WC79,NG014,NA,NA,PC703,ATTAAGGTCG,WC79,TGATACTCGC,NA,NG014_P2_Stuffi_MO,mouse_human,CC8_CC9_CC10,HEK_NIH_HEK,no
NG014_PC703_WC80,NG014,NA,NA,PC703,ATTAAGGTCG,WC80,TTATCGAGAG,NA,NG014_P2_Stuffi_MO,mouse_human,CC8_CC9_CC10,HEK_NIH_HEK,no
NG014_PC703_WC81,NG014,NA,NA,PC703,ATTAAGGTCG,WC81,TGCCAGTATT,NA,NG014_P2_Stuffi_MO,mouse_human,CC8_CC9_CC10,HEK_NIH_HEK,no
NG014_PC703_WC82,NG014,NA,NA,PC703,ATTAAGGTCG,WC82,GAGTTGCATA,NA,NG014_P2_Stuffi_MO,mouse_human,CC8_CC9_CC10,HEK_NIH_HEK,no
NG014_PC703_WC83,NG014,NA,NA,PC703,ATTAAGGTCG,WC83,ACACTAGCAT,NA,NG014_P2_Stuffi_MO,mouse_human,CC8_CC9_CC10,HEK_NIH_HEK,no
NG014_PC703_WC84,NG014,NA,NA,PC703,ATTAAGGTCG,WC84,GTTCTAATGG,NA,NG014_P2_Stuffi_MO,mouse_human,CC8_CC9_CC10,HEK_NIH_HEK,no
NG014_PC703_WC85,NG014,NA,NA,PC703,ATTAAGGTCG,WC85,CGTTCACGTT,NA,NG014_P2_Stuffi_MO,mouse_human,CC8_CC9_CC10,HEK_NIH_HEK,no
NG014_PC703_WC86,NG014,NA,NA,PC703,ATTAAGGTCG,WC86,GACTGCGTTA,NA,NG014_P2_Stuffi_MO,mouse_human,CC8_CC9_CC10,HEK_NIH_HEK,no
NG014_PC703_WC87,NG014,NA,NA,PC703,ATTAAGGTCG,WC87,TGGCTTATGG,NA,NG014_P2_Stuffi_MO,mouse_human,CC8_CC9_CC10,HEK_NIH_HEK,no
NG014_PC703_WC88,NG014,NA,NA,PC703,ATTAAGGTCG,WC88,TCAGAGGCAC,NA,NG014_P2_Stuffi_MO,mouse_human,CC8_CC9_CC10,HEK_NIH_HEK,no
NG014_PC703_WC89,NG014,NA,NA,PC703,ATTAAGGTCG,WC89,CGCTAGGCTA,NA,NG014_P2_Stuffi_MO,mouse_human,CC8_CC9_CC10,HEK_NIH_HEK,no
NG014_PC703_WC90,NG014,NA,NA,PC703,ATTAAGGTCG,WC90,AACCGTAACA,NA,NG014_P2_Stuffi_MO,mouse_human,CC8_CC9_CC10,HEK_NIH_HEK,no
NG014_PC703_WC91,NG014,NA,NA,PC703,ATTAAGGTCG,WC91,CTTGGTATGA,NA,NG014_P2_Stuffi_MO,mouse_human,CC8_CC9_CC10,HEK_NIH_HEK,no
NG014_PC703_WC92,NG014,NA,NA,PC703,ATTAAGGTCG,WC92,TGTAGATCCG,NA,NG014_P2_Stuffi_MO,mouse_human,CC8_CC9_CC10,HEK_NIH_HEK,no
NG014_PC703_WC93,NG014,NA,NA,PC703,ATTAAGGTCG,WC93,AACTCTACCG,NA,NG014_P2_Stuffi_MO,mouse_human,CC8_CC9_CC10,HEK_NIH_HEK,no
NG014_PC703_WC94,NG014,NA,NA,PC703,ATTAAGGTCG,WC94,CGTGACATTC,NA,NG014_P2_Stuffi_MO,mouse_human,CC8_CC9_CC10,HEK_NIH_HEK,no
NG014_PC703_WC95,NG014,NA,NA,PC703,ATTAAGGTCG,WC95,CTGTACCAGG,NA,NG014_P2_Stuffi_MO,mouse_human,CC8_CC9_CC10,HEK_NIH_HEK,no
NG014_PC703_WC96,NG014,NA,NA,PC703,ATTAAGGTCG,WC96,ACTGGTTCCG,NA,NG014_P2_Stuffi_MO,mouse_human,CC8_CC9_CC10,HEK_NIH_HEK,no
NG014_PC704_WC1,NG014,NA,NA,PC704,GTGGCAACAT,WC1,GTCGTGAATC,NA,NG014_P3_FreshVortexStuffi_MO,mouse_human,CC8_CC9_CC10,HEK_NIH_HEK,no
NG014_PC704_WC2,NG014,NA,NA,PC704,GTGGCAACAT,WC2,CTGTTCTACG,NA,NG014_P3_FreshVortexStuffi_MO,mouse_human,CC8_CC9_CC10,HEK_NIH_HEK,no
NG014_PC704_WC3,NG014,NA,NA,PC704,GTGGCAACAT,WC3,GCTCTTAGGT,NA,NG014_P3_FreshVortexStuffi_MO,mouse_human,CC8_CC9_CC10,HEK_NIH_HEK,no
NG014_PC704_WC4,NG014,NA,NA,PC704,GTGGCAACAT,WC4,TAGAAGCCAT,NA,NG014_P3_FreshVortexStuffi_MO,mouse_human,CC8_CC9_CC10,HEK_NIH_HEK,no
NG014_PC704_WC5,NG014,NA,NA,PC704,GTGGCAACAT,WC5,CACTTAGGTA,NA,NG014_P3_FreshVortexStuffi_MO,mouse_human,CC8_CC9_CC10,HEK_NIH_HEK,no
NG014_PC704_WC6,NG014,NA,NA,PC704,GTGGCAACAT,WC6,ATAGGTAAGG,NA,NG014_P3_FreshVortexStuffi_MO,mouse_human,CC8_CC9_CC10,HEK_NIH_HEK,no
NG014_PC704_WC7,NG014,NA,NA,PC704,GTGGCAACAT,WC7,CGCCTTATAT,NA,NG014_P3_FreshVortexStuffi_MO,mouse_human,CC8_CC9_CC10,HEK_NIH_HEK,no
NG014_PC704_WC8,NG014,NA,NA,PC704,GTGGCAACAT,WC8,GCACGATGCT,NA,NG014_P3_FreshVortexStuffi_MO,mouse_human,CC8_CC9_CC10,HEK_NIH_HEK,no
NG014_PC704_WC9,NG014,NA,NA,PC704,GTGGCAACAT,WC9,AATATGCCAG,NA,NG014_P3_FreshVortexStuffi_MO,mouse_human,CC8_CC9_CC10,HEK_NIH_HEK,no
NG014_PC704_WC10,NG014,NA,NA,PC704,GTGGCAACAT,WC10,TAGAGTCACG,NA,NG014_P3_FreshVortexStuffi_MO,mouse_human,CC8_CC9_CC10,HEK_NIH_HEK,no
NG014_PC704_WC11,NG014,NA,NA,PC704,GTGGCAACAT,WC11,TTAACAGGTC,NA,NG014_P3_FreshVortexStuffi_MO,mouse_human,CC8_CC9_CC10,HEK_NIH_HEK,no
NG014_PC704_WC12,NG014,NA,NA,PC704,GTGGCAACAT,WC12,ACATGAGCCA,NA,NG014_P3_FreshVortexStuffi_MO,mouse_human,CC8_CC9_CC10,HEK_NIH_HEK,no
NG014_PC704_WC13,NG014,NA,NA,PC704,GTGGCAACAT,WC13,GCGAGGTTCT,NA,NG014_P3_FreshVortexStuffi_MO,mouse_human,CC8_CC9_CC10,HEK_NIH_HEK,no
NG014_PC704_WC14,NG014,NA,NA,PC704,GTGGCAACAT,WC14,TGTCCGTAGG,NA,NG014_P3_FreshVortexStuffi_MO,mouse_human,CC8_CC9_CC10,HEK_NIH_HEK,no
NG014_PC704_WC15,NG014,NA,NA,PC704,GTGGCAACAT,WC15,CATTATGCCT,NA,NG014_P3_FreshVortexStuffi_MO,mouse_human,CC8_CC9_CC10,HEK_NIH_HEK,no
NG014_PC704_WC16,NG014,NA,NA,PC704,GTGGCAACAT,WC16,TCCACTGTTG,NA,NG014_P3_FreshVortexStuffi_MO,mouse_human,CC8_CC9_CC10,HEK_NIH_HEK,no
NG014_PC704_WC17,NG014,NA,NA,PC704,GTGGCAACAT,WC17,CTTAACGACA,NA,NG014_P3_FreshVortexStuffi_MO,mouse_human,CC8_CC9_CC10,HEK_NIH_HEK,no
NG014_PC704_WC18,NG014,NA,NA,PC704,GTGGCAACAT,WC18,TCCTCGAGCT,NA,NG014_P3_FreshVortexStuffi_MO,mouse_human,CC8_CC9_CC10,HEK_NIH_HEK,no
NG014_PC704_WC19,NG014,NA,NA,PC704,GTGGCAACAT,WC19,CGAGTAATGT,NA,NG014_P3_FreshVortexStuffi_MO,mouse_human,CC8_CC9_CC10,HEK_NIH_HEK,no
NG014_PC704_WC20,NG014,NA,NA,PC704,GTGGCAACAT,WC20,CATACCGCTG,NA,NG014_P3_FreshVortexStuffi_MO,mouse_human,CC8_CC9_CC10,HEK_NIH_HEK,no
NG014_PC704_WC21,NG014,NA,NA,PC704,GTGGCAACAT,WC21,GCTACTTGCA,NA,NG014_P3_FreshVortexStuffi_MO,mouse_human,CC8_CC9_CC10,HEK_NIH_HEK,no
NG014_PC704_WC22,NG014,NA,NA,PC704,GTGGCAACAT,WC22,GCTATTGAAG,NA,NG014_P3_FreshVortexStuffi_MO,mouse_human,CC8_CC9_CC10,HEK_NIH_HEK,no
NG014_PC704_WC23,NG014,NA,NA,PC704,GTGGCAACAT,WC23,TCAGCATCCG,NA,NG014_P3_FreshVortexStuffi_MO,mouse_human,CC8_CC9_CC10,HEK_NIH_HEK,no
NG014_PC704_WC24,NG014,NA,NA,PC704,GTGGCAACAT,WC24,TAGGTGGTGG,NA,NG014_P3_FreshVortexStuffi_MO,mouse_human,CC8_CC9_CC10,HEK_NIH_HEK,no
NG014_PC704_WC25,NG014,NA,NA,PC704,GTGGCAACAT,WC25,AAGATCGGAT,NA,NG014_P3_FreshVortexStuffi_MO,mouse_human,CC8_CC9_CC10,HEK_NIH_HEK,no
NG014_PC704_WC26,NG014,NA,NA,PC704,GTGGCAACAT,WC26,TTAACGTCCG,NA,NG014_P3_FreshVortexStuffi_MO,mouse_human,CC8_CC9_CC10,HEK_NIH_HEK,no
NG014_PC704_WC27,NG014,NA,NA,PC704,GTGGCAACAT,WC27,ATTACCGATC,NA,NG014_P3_FreshVortexStuffi_MO,mouse_human,CC8_CC9_CC10,HEK_NIH_HEK,no
NG014_PC704_WC28,NG014,NA,NA,PC704,GTGGCAACAT,WC28,GTTGCATCGT,NA,NG014_P3_FreshVortexStuffi_MO,mouse_human,CC8_CC9_CC10,HEK_NIH_HEK,no
NG014_PC704_WC29,NG014,NA,NA,PC704,GTGGCAACAT,WC29,ACTGGACGTT,NA,NG014_P3_FreshVortexStuffi_MO,mouse_human,CC8_CC9_CC10,HEK_NIH_HEK,no
NG014_PC704_WC30,NG014,NA,NA,PC704,GTGGCAACAT,WC30,TTGTTCGTGT,NA,NG014_P3_FreshVortexStuffi_MO,mouse_human,CC8_CC9_CC10,HEK_NIH_HEK,no
NG014_PC704_WC31,NG014,NA,NA,PC704,GTGGCAACAT,WC31,ACGGACTGAG,NA,NG014_P3_FreshVortexStuffi_MO,mouse_human,CC8_CC9_CC10,HEK_NIH_HEK,no
NG014_PC704_WC32,NG014,NA,NA,PC704,GTGGCAACAT,WC32,CACCGTCATA,NA,NG014_P3_FreshVortexStuffi_MO,mouse_human,CC8_CC9_CC10,HEK_NIH_HEK,no
NG014_PC704_WC33,NG014,NA,NA,PC704,GTGGCAACAT,WC33,GTAGTTGTGT,NA,NG014_P3_FreshVortexStuffi_MO,mouse_human,CC8_CC9_CC10,HEK_NIH_HEK,no
NG014_PC704_WC34,NG014,NA,NA,PC704,GTGGCAACAT,WC34,CTGAGTCCTT,NA,NG014_P3_FreshVortexStuffi_MO,mouse_human,CC8_CC9_CC10,HEK_NIH_HEK,no
NG014_PC704_WC35,NG014,NA,NA,PC704,GTGGCAACAT,WC35,TCACAGTTGC,NA,NG014_P3_FreshVortexStuffi_MO,mouse_human,CC8_CC9_CC10,HEK_NIH_HEK,no
NG014_PC704_WC36,NG014,NA,NA,PC704,GTGGCAACAT,WC36,ATTGTAAGCG,NA,NG014_P3_FreshVortexStuffi_MO,mouse_human,CC8_CC9_CC10,HEK_NIH_HEK,no
NG014_PC704_WC37,NG014,NA,NA,PC704,GTGGCAACAT,WC37,CGGTCTCTCT,NA,NG014_P3_FreshVortexStuffi_MO,mouse_human,CC8_CC9_CC10,HEK_NIH_HEK,no
NG014_PC704_WC38,NG014,NA,NA,PC704,GTGGCAACAT,WC38,AACAGCAATG,NA,NG014_P3_FreshVortexStuffi_MO,mouse_human,CC8_CC9_CC10,HEK_NIH_HEK,no
NG014_PC704_WC39,NG014,NA,NA,PC704,GTGGCAACAT,WC39,TCCGTGTTGC,NA,NG014_P3_FreshVortexStuffi_MO,mouse_human,CC8_CC9_CC10,HEK_NIH_HEK,no
NG014_PC704_WC40,NG014,NA,NA,PC704,GTGGCAACAT,WC40,TGCGAAGTGA,NA,NG014_P3_FreshVortexStuffi_MO,mouse_human,CC8_CC9_CC10,HEK_NIH_HEK,no
NG014_PC704_WC41,NG014,NA,NA,PC704,GTGGCAACAT,WC41,CACAGCTATT,NA,NG014_P3_FreshVortexStuffi_MO,mouse_human,CC8_CC9_CC10,HEK_NIH_HEK,no
NG014_PC704_WC42,NG014,NA,NA,PC704,GTGGCAACAT,WC42,GATAGTGTTC,NA,NG014_P3_FreshVortexStuffi_MO,mouse_human,CC8_CC9_CC10,HEK_NIH_HEK,no
NG014_PC704_WC43,NG014,NA,NA,PC704,GTGGCAACAT,WC43,TAGCTACCAG,NA,NG014_P3_FreshVortexStuffi_MO,mouse_human,CC8_CC9_CC10,HEK_NIH_HEK,no
NG014_PC704_WC44,NG014,NA,NA,PC704,GTGGCAACAT,WC44,TGCTCACGCA,NA,NG014_P3_FreshVortexStuffi_MO,mouse_human,CC8_CC9_CC10,HEK_NIH_HEK,no
NG014_PC704_WC45,NG014,NA,NA,PC704,GTGGCAACAT,WC45,AAGTGTGCTA,NA,NG014_P3_FreshVortexStuffi_MO,mouse_human,CC8_CC9_CC10,HEK_NIH_HEK,no
NG014_PC704_WC46,NG014,NA,NA,PC704,GTGGCAACAT,WC46,TCATCGTCTG,NA,NG014_P3_FreshVortexStuffi_MO,mouse_human,CC8_CC9_CC10,HEK_NIH_HEK,no
NG014_PC704_WC47,NG014,NA,NA,PC704,GTGGCAACAT,WC47,AGATGCTCCG,NA,NG014_P3_FreshVortexStuffi_MO,mouse_human,CC8_CC9_CC10,HEK_NIH_HEK,no
NG014_PC704_WC48,NG014,NA,NA,PC704,GTGGCAACAT,WC48,GAACCAAGCG,NA,NG014_P3_FreshVortexStuffi_MO,mouse_human,CC8_CC9_CC10,HEK_NIH_HEK,no
NG014_PC704_WC49,NG014,NA,NA,PC704,GTGGCAACAT,WC49,CCTCTTCAAG,NA,NG014_P3_FreshVortexStuffi_MO,mouse_human,CC8_CC9_CC10,HEK_NIH_HEK,no
NG014_PC704_WC50,NG014,NA,NA,PC704,GTGGCAACAT,WC50,CGTCGCATCT,NA,NG014_P3_FreshVortexStuffi_MO,mouse_human,CC8_CC9_CC10,HEK_NIH_HEK,no
NG014_PC704_WC51,NG014,NA,NA,PC704,GTGGCAACAT,WC51,CCGAACGTTC,NA,NG014_P3_FreshVortexStuffi_MO,mouse_human,CC8_CC9_CC10,HEK_NIH_HEK,no
NG014_PC704_WC52,NG014,NA,NA,PC704,GTGGCAACAT,WC52,GAATGGCGTT,NA,NG014_P3_FreshVortexStuffi_MO,mouse_human,CC8_CC9_CC10,HEK_NIH_HEK,no
NG014_PC704_WC53,NG014,NA,NA,PC704,GTGGCAACAT,WC53,AAGTTCAGGA,NA,NG014_P3_FreshVortexStuffi_MO,mouse_human,CC8_CC9_CC10,HEK_NIH_HEK,no
NG014_PC704_WC54,NG014,NA,NA,PC704,GTGGCAACAT,WC54,GACCAATTGT,NA,NG014_P3_FreshVortexStuffi_MO,mouse_human,CC8_CC9_CC10,HEK_NIH_HEK,no
NG014_PC704_WC55,NG014,NA,NA,PC704,GTGGCAACAT,WC55,TGTCTGTGAC,NA,NG014_P3_FreshVortexStuffi_MO,mouse_human,CC8_CC9_CC10,HEK_NIH_HEK,no
NG014_PC704_WC56,NG014,NA,NA,PC704,GTGGCAACAT,WC56,GAACATTGGC,NA,NG014_P3_FreshVortexStuffi_MO,mouse_human,CC8_CC9_CC10,HEK_NIH_HEK,no
NG014_PC704_WC57,NG014,NA,NA,PC704,GTGGCAACAT,WC57,CGTAACACTA,NA,NG014_P3_FreshVortexStuffi_MO,mouse_human,CC8_CC9_CC10,HEK_NIH_HEK,no
NG014_PC704_WC58,NG014,NA,NA,PC704,GTGGCAACAT,WC58,GTACTTCCAA,NA,NG014_P3_FreshVortexStuffi_MO,mouse_human,CC8_CC9_CC10,HEK_NIH_HEK,no
NG014_PC704_WC59,NG014,NA,NA,PC704,GTGGCAACAT,WC59,TTAGCGTCTT,NA,NG014_P3_FreshVortexStuffi_MO,mouse_human,CC8_CC9_CC10,HEK_NIH_HEK,no
NG014_PC704_WC60,NG014,NA,NA,PC704,GTGGCAACAT,WC60,TTGACCGTCT,NA,NG014_P3_FreshVortexStuffi_MO,mouse_human,CC8_CC9_CC10,HEK_NIH_HEK,no
NG014_PC704_WC61,NG014,NA,NA,PC704,GTGGCAACAT,WC61,ACGGCTTCTC,NA,NG014_P3_FreshVortexStuffi_MO,mouse_human,CC8_CC9_CC10,HEK_NIH_HEK,no
NG014_PC704_WC62,NG014,NA,NA,PC704,GTGGCAACAT,WC62,TGCGATGTAT,NA,NG014_P3_FreshVortexStuffi_MO,mouse_human,CC8_CC9_CC10,HEK_NIH_HEK,no
NG014_PC704_WC63,NG014,NA,NA,PC704,GTGGCAACAT,WC63,GCGTTCAGCA,NA,NG014_P3_FreshVortexStuffi_MO,mouse_human,CC8_CC9_CC10,HEK_NIH_HEK,no
NG014_PC704_WC64,NG014,NA,NA,PC704,GTGGCAACAT,WC64,GCCTAGGAAG,NA,NG014_P3_FreshVortexStuffi_MO,mouse_human,CC8_CC9_CC10,HEK_NIH_HEK,no
NG014_PC704_WC65,NG014,NA,NA,PC704,GTGGCAACAT,WC65,GTTACCAACG,NA,NG014_P3_FreshVortexStuffi_MO,mouse_human,CC8_CC9_CC10,HEK_NIH_HEK,no
NG014_PC704_WC66,NG014,NA,NA,PC704,GTGGCAACAT,WC66,ACGAACCAAG,NA,NG014_P3_FreshVortexStuffi_MO,mouse_human,CC8_CC9_CC10,HEK_NIH_HEK,no
NG014_PC704_WC67,NG014,NA,NA,PC704,GTGGCAACAT,WC67,CACGCAAGTC,NA,NG014_P3_FreshVortexStuffi_MO,mouse_human,CC8_CC9_CC10,HEK_NIH_HEK,no
NG014_PC704_WC68,NG014,NA,NA,PC704,GTGGCAACAT,WC68,GCTGGAGAAG,NA,NG014_P3_FreshVortexStuffi_MO,mouse_human,CC8_CC9_CC10,HEK_NIH_HEK,no
NG014_PC704_WC69,NG014,NA,NA,PC704,GTGGCAACAT,WC69,CCAGTGTACG,NA,NG014_P3_FreshVortexStuffi_MO,mouse_human,CC8_CC9_CC10,HEK_NIH_HEK,no
NG014_PC704_WC70,NG014,NA,NA,PC704,GTGGCAACAT,WC70,GTTGATGCGA,NA,NG014_P3_FreshVortexStuffi_MO,mouse_human,CC8_CC9_CC10,HEK_NIH_HEK,no
NG014_PC704_WC71,NG014,NA,NA,PC704,GTGGCAACAT,WC71,CGCTTGTTAT,NA,NG014_P3_FreshVortexStuffi_MO,mouse_human,CC8_CC9_CC10,HEK_NIH_HEK,no
NG014_PC704_WC72,NG014,NA,NA,PC704,GTGGCAACAT,WC72,GTAACGTTCA,NA,NG014_P3_FreshVortexStuffi_MO,mouse_human,CC8_CC9_CC10,HEK_NIH_HEK,no
NG014_PC704_WC73,NG014,NA,NA,PC704,GTGGCAACAT,WC73,CCGAGTCTTC,NA,NG014_P3_FreshVortexStuffi_MO,mouse_human,CC8_CC9_CC10,HEK_NIH_HEK,no
NG014_PC704_WC74,NG014,NA,NA,PC704,GTGGCAACAT,WC74,TATTGCGCTA,NA,NG014_P3_FreshVortexStuffi_MO,mouse_human,CC8_CC9_CC10,HEK_NIH_HEK,no
NG014_PC704_WC75,NG014,NA,NA,PC704,GTGGCAACAT,WC75,TGTGGTCTAA,NA,NG014_P3_FreshVortexStuffi_MO,mouse_human,CC8_CC9_CC10,HEK_NIH_HEK,no
NG014_PC704_WC76,NG014,NA,NA,PC704,GTGGCAACAT,WC76,CACGTCTACG,NA,NG014_P3_FreshVortexStuffi_MO,mouse_human,CC8_CC9_CC10,HEK_NIH_HEK,no
NG014_PC704_WC77,NG014,NA,NA,PC704,GTGGCAACAT,WC77,AGTCCAGTGA,NA,NG014_P3_FreshVortexStuffi_MO,mouse_human,CC8_CC9_CC10,HEK_NIH_HEK,no
NG014_PC704_WC78,NG014,NA,NA,PC704,GTGGCAACAT,WC78,ATGCTTGGTC,NA,NG014_P3_FreshVortexStuffi_MO,mouse_human,CC8_CC9_CC10,HEK_NIH_HEK,no
NG014_PC704_WC79,NG014,NA,NA,PC704,GTGGCAACAT,WC79,TGATACTCGC,NA,NG014_P3_FreshVortexStuffi_MO,mouse_human,CC8_CC9_CC10,HEK_NIH_HEK,no
NG014_PC704_WC80,NG014,NA,NA,PC704,GTGGCAACAT,WC80,TTATCGAGAG,NA,NG014_P3_FreshVortexStuffi_MO,mouse_human,CC8_CC9_CC10,HEK_NIH_HEK,no
NG014_PC704_WC81,NG014,NA,NA,PC704,GTGGCAACAT,WC81,TGCCAGTATT,NA,NG014_P3_FreshVortexStuffi_MO,mouse_human,CC8_CC9_CC10,HEK_NIH_HEK,no
NG014_PC704_WC82,NG014,NA,NA,PC704,GTGGCAACAT,WC82,GAGTTGCATA,NA,NG014_P3_FreshVortexStuffi_MO,mouse_human,CC8_CC9_CC10,HEK_NIH_HEK,no
NG014_PC704_WC83,NG014,NA,NA,PC704,GTGGCAACAT,WC83,ACACTAGCAT,NA,NG014_P3_FreshVortexStuffi_MO,mouse_human,CC8_CC9_CC10,HEK_NIH_HEK,no
NG014_PC704_WC84,NG014,NA,NA,PC704,GTGGCAACAT,WC84,GTTCTAATGG,NA,NG014_P3_FreshVortexStuffi_MO,mouse_human,CC8_CC9_CC10,HEK_NIH_HEK,no
NG014_PC704_WC85,NG014,NA,NA,PC704,GTGGCAACAT,WC85,CGTTCACGTT,NA,NG014_P3_FreshVortexStuffi_MO,mouse_human,CC8_CC9_CC10,HEK_NIH_HEK,no
NG014_PC704_WC86,NG014,NA,NA,PC704,GTGGCAACAT,WC86,GACTGCGTTA,NA,NG014_P3_FreshVortexStuffi_MO,mouse_human,CC8_CC9_CC10,HEK_NIH_HEK,no
NG014_PC704_WC87,NG014,NA,NA,PC704,GTGGCAACAT,WC87,TGGCTTATGG,NA,NG014_P3_FreshVortexStuffi_MO,mouse_human,CC8_CC9_CC10,HEK_NIH_HEK,no
NG014_PC704_WC88,NG014,NA,NA,PC704,GTGGCAACAT,WC88,TCAGAGGCAC,NA,NG014_P3_FreshVortexStuffi_MO,mouse_human,CC8_CC9_CC10,HEK_NIH_HEK,no
NG014_PC704_WC89,NG014,NA,NA,PC704,GTGGCAACAT,WC89,CGCTAGGCTA,NA,NG014_P3_FreshVortexStuffi_MO,mouse_human,CC8_CC9_CC10,HEK_NIH_HEK,no
NG014_PC704_WC90,NG014,NA,NA,PC704,GTGGCAACAT,WC90,AACCGTAACA,NA,NG014_P3_FreshVortexStuffi_MO,mouse_human,CC8_CC9_CC10,HEK_NIH_HEK,no
NG014_PC704_WC91,NG014,NA,NA,PC704,GTGGCAACAT,WC91,CTTGGTATGA,NA,NG014_P3_FreshVortexStuffi_MO,mouse_human,CC8_CC9_CC10,HEK_NIH_HEK,no
NG014_PC704_WC92,NG014,NA,NA,PC704,GTGGCAACAT,WC92,TGTAGATCCG,NA,NG014_P3_FreshVortexStuffi_MO,mouse_human,CC8_CC9_CC10,HEK_NIH_HEK,no
NG014_PC704_WC93,NG014,NA,NA,PC704,GTGGCAACAT,WC93,AACTCTACCG,NA,NG014_P3_FreshVortexStuffi_MO,mouse_human,CC8_CC9_CC10,HEK_NIH_HEK,no
NG014_PC704_WC94,NG014,NA,NA,PC704,GTGGCAACAT,WC94,CGTGACATTC,NA,NG014_P3_FreshVortexStuffi_MO,mouse_human,CC8_CC9_CC10,HEK_NIH_HEK,no
NG014_PC704_WC95,NG014,NA,NA,PC704,GTGGCAACAT,WC95,CTGTACCAGG,NA,NG014_P3_FreshVortexStuffi_MO,mouse_human,CC8_CC9_CC10,HEK_NIH_HEK,no
NG014_PC704_WC96,NG014,NA,NA,PC704,GTGGCAACAT,WC96,ACTGGTTCCG,NA,NG014_P3_FreshVortexStuffi_MO,mouse_human,CC8_CC9_CC10,HEK_NIH_HEK,no
NG014_PC705_WC1,NG014,NA,NA,PC705,TGACCTGCTG,WC1,GTCGTGAATC,NA,NG014_P3_FrozenVortexStuffi_MO,mouse_human,CC8_CC9_CC10,HEK_NIH_HEK,no
NG014_PC705_WC2,NG014,NA,NA,PC705,TGACCTGCTG,WC2,CTGTTCTACG,NA,NG014_P3_FrozenVortexStuffi_MO,mouse_human,CC8_CC9_CC10,HEK_NIH_HEK,no
NG014_PC705_WC3,NG014,NA,NA,PC705,TGACCTGCTG,WC3,GCTCTTAGGT,NA,NG014_P3_FrozenVortexStuffi_MO,mouse_human,CC8_CC9_CC10,HEK_NIH_HEK,no
NG014_PC705_WC4,NG014,NA,NA,PC705,TGACCTGCTG,WC4,TAGAAGCCAT,NA,NG014_P3_FrozenVortexStuffi_MO,mouse_human,CC8_CC9_CC10,HEK_NIH_HEK,no
NG014_PC705_WC5,NG014,NA,NA,PC705,TGACCTGCTG,WC5,CACTTAGGTA,NA,NG014_P3_FrozenVortexStuffi_MO,mouse_human,CC8_CC9_CC10,HEK_NIH_HEK,no
NG014_PC705_WC6,NG014,NA,NA,PC705,TGACCTGCTG,WC6,ATAGGTAAGG,NA,NG014_P3_FrozenVortexStuffi_MO,mouse_human,CC8_CC9_CC10,HEK_NIH_HEK,no
NG014_PC705_WC7,NG014,NA,NA,PC705,TGACCTGCTG,WC7,CGCCTTATAT,NA,NG014_P3_FrozenVortexStuffi_MO,mouse_human,CC8_CC9_CC10,HEK_NIH_HEK,no
NG014_PC705_WC8,NG014,NA,NA,PC705,TGACCTGCTG,WC8,GCACGATGCT,NA,NG014_P3_FrozenVortexStuffi_MO,mouse_human,CC8_CC9_CC10,HEK_NIH_HEK,no
NG014_PC705_WC9,NG014,NA,NA,PC705,TGACCTGCTG,WC9,AATATGCCAG,NA,NG014_P3_FrozenVortexStuffi_MO,mouse_human,CC8_CC9_CC10,HEK_NIH_HEK,no
NG014_PC705_WC10,NG014,NA,NA,PC705,TGACCTGCTG,WC10,TAGAGTCACG,NA,NG014_P3_FrozenVortexStuffi_MO,mouse_human,CC8_CC9_CC10,HEK_NIH_HEK,no
NG014_PC705_WC11,NG014,NA,NA,PC705,TGACCTGCTG,WC11,TTAACAGGTC,NA,NG014_P3_FrozenVortexStuffi_MO,mouse_human,CC8_CC9_CC10,HEK_NIH_HEK,no
NG014_PC705_WC12,NG014,NA,NA,PC705,TGACCTGCTG,WC12,ACATGAGCCA,NA,NG014_P3_FrozenVortexStuffi_MO,mouse_human,CC8_CC9_CC10,HEK_NIH_HEK,no
NG014_PC705_WC13,NG014,NA,NA,PC705,TGACCTGCTG,WC13,GCGAGGTTCT,NA,NG014_P3_FrozenVortexStuffi_MO,mouse_human,CC8_CC9_CC10,HEK_NIH_HEK,no
NG014_PC705_WC14,NG014,NA,NA,PC705,TGACCTGCTG,WC14,TGTCCGTAGG,NA,NG014_P3_FrozenVortexStuffi_MO,mouse_human,CC8_CC9_CC10,HEK_NIH_HEK,no
NG014_PC705_WC15,NG014,NA,NA,PC705,TGACCTGCTG,WC15,CATTATGCCT,NA,NG014_P3_FrozenVortexStuffi_MO,mouse_human,CC8_CC9_CC10,HEK_NIH_HEK,no
NG014_PC705_WC16,NG014,NA,NA,PC705,TGACCTGCTG,WC16,TCCACTGTTG,NA,NG014_P3_FrozenVortexStuffi_MO,mouse_human,CC8_CC9_CC10,HEK_NIH_HEK,no
NG014_PC705_WC17,NG014,NA,NA,PC705,TGACCTGCTG,WC17,CTTAACGACA,NA,NG014_P3_FrozenVortexStuffi_MO,mouse_human,CC8_CC9_CC10,HEK_NIH_HEK,no
NG014_PC705_WC18,NG014,NA,NA,PC705,TGACCTGCTG,WC18,TCCTCGAGCT,NA,NG014_P3_FrozenVortexStuffi_MO,mouse_human,CC8_CC9_CC10,HEK_NIH_HEK,no
NG014_PC705_WC19,NG014,NA,NA,PC705,TGACCTGCTG,WC19,CGAGTAATGT,NA,NG014_P3_FrozenVortexStuffi_MO,mouse_human,CC8_CC9_CC10,HEK_NIH_HEK,no
NG014_PC705_WC20,NG014,NA,NA,PC705,TGACCTGCTG,WC20,CATACCGCTG,NA,NG014_P3_FrozenVortexStuffi_MO,mouse_human,CC8_CC9_CC10,HEK_NIH_HEK,no
NG014_PC705_WC21,NG014,NA,NA,PC705,TGACCTGCTG,WC21,GCTACTTGCA,NA,NG014_P3_FrozenVortexStuffi_MO,mouse_human,CC8_CC9_CC10,HEK_NIH_HEK,no
NG014_PC705_WC22,NG014,NA,NA,PC705,TGACCTGCTG,WC22,GCTATTGAAG,NA,NG014_P3_FrozenVortexStuffi_MO,mouse_human,CC8_CC9_CC10,HEK_NIH_HEK,no
NG014_PC705_WC23,NG014,NA,NA,PC705,TGACCTGCTG,WC23,TCAGCATCCG,NA,NG014_P3_FrozenVortexStuffi_MO,mouse_human,CC8_CC9_CC10,HEK_NIH_HEK,no
NG014_PC705_WC24,NG014,NA,NA,PC705,TGACCTGCTG,WC24,TAGGTGGTGG,NA,NG014_P3_FrozenVortexStuffi_MO,mouse_human,CC8_CC9_CC10,HEK_NIH_HEK,no
NG014_PC705_WC25,NG014,NA,NA,PC705,TGACCTGCTG,WC25,AAGATCGGAT,NA,NG014_P3_FrozenVortexStuffi_MO,mouse_human,CC8_CC9_CC10,HEK_NIH_HEK,no
NG014_PC705_WC26,NG014,NA,NA,PC705,TGACCTGCTG,WC26,TTAACGTCCG,NA,NG014_P3_FrozenVortexStuffi_MO,mouse_human,CC8_CC9_CC10,HEK_NIH_HEK,no
NG014_PC705_WC27,NG014,NA,NA,PC705,TGACCTGCTG,WC27,ATTACCGATC,NA,NG014_P3_FrozenVortexStuffi_MO,mouse_human,CC8_CC9_CC10,HEK_NIH_HEK,no
NG014_PC705_WC28,NG014,NA,NA,PC705,TGACCTGCTG,WC28,GTTGCATCGT,NA,NG014_P3_FrozenVortexStuffi_MO,mouse_human,CC8_CC9_CC10,HEK_NIH_HEK,no
NG014_PC705_WC29,NG014,NA,NA,PC705,TGACCTGCTG,WC29,ACTGGACGTT,NA,NG014_P3_FrozenVortexStuffi_MO,mouse_human,CC8_CC9_CC10,HEK_NIH_HEK,no
NG014_PC705_WC30,NG014,NA,NA,PC705,TGACCTGCTG,WC30,TTGTTCGTGT,NA,NG014_P3_FrozenVortexStuffi_MO,mouse_human,CC8_CC9_CC10,HEK_NIH_HEK,no
NG014_PC705_WC31,NG014,NA,NA,PC705,TGACCTGCTG,WC31,ACGGACTGAG,NA,NG014_P3_FrozenVortexStuffi_MO,mouse_human,CC8_CC9_CC10,HEK_NIH_HEK,no
NG014_PC705_WC32,NG014,NA,NA,PC705,TGACCTGCTG,WC32,CACCGTCATA,NA,NG014_P3_FrozenVortexStuffi_MO,mouse_human,CC8_CC9_CC10,HEK_NIH_HEK,no
NG014_PC705_WC33,NG014,NA,NA,PC705,TGACCTGCTG,WC33,GTAGTTGTGT,NA,NG014_P3_FrozenVortexStuffi_MO,mouse_human,CC8_CC9_CC10,HEK_NIH_HEK,no
NG014_PC705_WC34,NG014,NA,NA,PC705,TGACCTGCTG,WC34,CTGAGTCCTT,NA,NG014_P3_FrozenVortexStuffi_MO,mouse_human,CC8_CC9_CC10,HEK_NIH_HEK,no
NG014_PC705_WC35,NG014,NA,NA,PC705,TGACCTGCTG,WC35,TCACAGTTGC,NA,NG014_P3_FrozenVortexStuffi_MO,mouse_human,CC8_CC9_CC10,HEK_NIH_HEK,no
NG014_PC705_WC36,NG014,NA,NA,PC705,TGACCTGCTG,WC36,ATTGTAAGCG,NA,NG014_P3_FrozenVortexStuffi_MO,mouse_human,CC8_CC9_CC10,HEK_NIH_HEK,no
NG014_PC705_WC37,NG014,NA,NA,PC705,TGACCTGCTG,WC37,CGGTCTCTCT,NA,NG014_P3_FrozenVortexStuffi_MO,mouse_human,CC8_CC9_CC10,HEK_NIH_HEK,no
NG014_PC705_WC38,NG014,NA,NA,PC705,TGACCTGCTG,WC38,AACAGCAATG,NA,NG014_P3_FrozenVortexStuffi_MO,mouse_human,CC8_CC9_CC10,HEK_NIH_HEK,no
NG014_PC705_WC39,NG014,NA,NA,PC705,TGACCTGCTG,WC39,TCCGTGTTGC,NA,NG014_P3_FrozenVortexStuffi_MO,mouse_human,CC8_CC9_CC10,HEK_NIH_HEK,no
NG014_PC705_WC40,NG014,NA,NA,PC705,TGACCTGCTG,WC40,TGCGAAGTGA,NA,NG014_P3_FrozenVortexStuffi_MO,mouse_human,CC8_CC9_CC10,HEK_NIH_HEK,no
NG014_PC705_WC41,NG014,NA,NA,PC705,TGACCTGCTG,WC41,CACAGCTATT,NA,NG014_P3_FrozenVortexStuffi_MO,mouse_human,CC8_CC9_CC10,HEK_NIH_HEK,no
NG014_PC705_WC42,NG014,NA,NA,PC705,TGACCTGCTG,WC42,GATAGTGTTC,NA,NG014_P3_FrozenVortexStuffi_MO,mouse_human,CC8_CC9_CC10,HEK_NIH_HEK,no
NG014_PC705_WC43,NG014,NA,NA,PC705,TGACCTGCTG,WC43,TAGCTACCAG,NA,NG014_P3_FrozenVortexStuffi_MO,mouse_human,CC8_CC9_CC10,HEK_NIH_HEK,no
NG014_PC705_WC44,NG014,NA,NA,PC705,TGACCTGCTG,WC44,TGCTCACGCA,NA,NG014_P3_FrozenVortexStuffi_MO,mouse_human,CC8_CC9_CC10,HEK_NIH_HEK,no
NG014_PC705_WC45,NG014,NA,NA,PC705,TGACCTGCTG,WC45,AAGTGTGCTA,NA,NG014_P3_FrozenVortexStuffi_MO,mouse_human,CC8_CC9_CC10,HEK_NIH_HEK,no
NG014_PC705_WC46,NG014,NA,NA,PC705,TGACCTGCTG,WC46,TCATCGTCTG,NA,NG014_P3_FrozenVortexStuffi_MO,mouse_human,CC8_CC9_CC10,HEK_NIH_HEK,no
NG014_PC705_WC47,NG014,NA,NA,PC705,TGACCTGCTG,WC47,AGATGCTCCG,NA,NG014_P3_FrozenVortexStuffi_MO,mouse_human,CC8_CC9_CC10,HEK_NIH_HEK,no
NG014_PC705_WC48,NG014,NA,NA,PC705,TGACCTGCTG,WC48,GAACCAAGCG,NA,NG014_P3_FrozenVortexStuffi_MO,mouse_human,CC8_CC9_CC10,HEK_NIH_HEK,no
NG014_PC705_WC49,NG014,NA,NA,PC705,TGACCTGCTG,WC49,CCTCTTCAAG,NA,NG014_P3_FrozenVortexStuffi_MO,mouse_human,CC8_CC9_CC10,HEK_NIH_HEK,no
NG014_PC705_WC50,NG014,NA,NA,PC705,TGACCTGCTG,WC50,CGTCGCATCT,NA,NG014_P3_FrozenVortexStuffi_MO,mouse_human,CC8_CC9_CC10,HEK_NIH_HEK,no
NG014_PC705_WC51,NG014,NA,NA,PC705,TGACCTGCTG,WC51,CCGAACGTTC,NA,NG014_P3_FrozenVortexStuffi_MO,mouse_human,CC8_CC9_CC10,HEK_NIH_HEK,no
NG014_PC705_WC52,NG014,NA,NA,PC705,TGACCTGCTG,WC52,GAATGGCGTT,NA,NG014_P3_FrozenVortexStuffi_MO,mouse_human,CC8_CC9_CC10,HEK_NIH_HEK,no
NG014_PC705_WC53,NG014,NA,NA,PC705,TGACCTGCTG,WC53,AAGTTCAGGA,NA,NG014_P3_FrozenVortexStuffi_MO,mouse_human,CC8_CC9_CC10,HEK_NIH_HEK,no
NG014_PC705_WC54,NG014,NA,NA,PC705,TGACCTGCTG,WC54,GACCAATTGT,NA,NG014_P3_FrozenVortexStuffi_MO,mouse_human,CC8_CC9_CC10,HEK_NIH_HEK,no
NG014_PC705_WC55,NG014,NA,NA,PC705,TGACCTGCTG,WC55,TGTCTGTGAC,NA,NG014_P3_FrozenVortexStuffi_MO,mouse_human,CC8_CC9_CC10,HEK_NIH_HEK,no
NG014_PC705_WC56,NG014,NA,NA,PC705,TGACCTGCTG,WC56,GAACATTGGC,NA,NG014_P3_FrozenVortexStuffi_MO,mouse_human,CC8_CC9_CC10,HEK_NIH_HEK,no
NG014_PC705_WC57,NG014,NA,NA,PC705,TGACCTGCTG,WC57,CGTAACACTA,NA,NG014_P3_FrozenVortexStuffi_MO,mouse_human,CC8_CC9_CC10,HEK_NIH_HEK,no
NG014_PC705_WC58,NG014,NA,NA,PC705,TGACCTGCTG,WC58,GTACTTCCAA,NA,NG014_P3_FrozenVortexStuffi_MO,mouse_human,CC8_CC9_CC10,HEK_NIH_HEK,no
NG014_PC705_WC59,NG014,NA,NA,PC705,TGACCTGCTG,WC59,TTAGCGTCTT,NA,NG014_P3_FrozenVortexStuffi_MO,mouse_human,CC8_CC9_CC10,HEK_NIH_HEK,no
NG014_PC705_WC60,NG014,NA,NA,PC705,TGACCTGCTG,WC60,TTGACCGTCT,NA,NG014_P3_FrozenVortexStuffi_MO,mouse_human,CC8_CC9_CC10,HEK_NIH_HEK,no
NG014_PC705_WC61,NG014,NA,NA,PC705,TGACCTGCTG,WC61,ACGGCTTCTC,NA,NG014_P3_FrozenVortexStuffi_MO,mouse_human,CC8_CC9_CC10,HEK_NIH_HEK,no
NG014_PC705_WC62,NG014,NA,NA,PC705,TGACCTGCTG,WC62,TGCGATGTAT,NA,NG014_P3_FrozenVortexStuffi_MO,mouse_human,CC8_CC9_CC10,HEK_NIH_HEK,no
NG014_PC705_WC63,NG014,NA,NA,PC705,TGACCTGCTG,WC63,GCGTTCAGCA,NA,NG014_P3_FrozenVortexStuffi_MO,mouse_human,CC8_CC9_CC10,HEK_NIH_HEK,no
NG014_PC705_WC64,NG014,NA,NA,PC705,TGACCTGCTG,WC64,GCCTAGGAAG,NA,NG014_P3_FrozenVortexStuffi_MO,mouse_human,CC8_CC9_CC10,HEK_NIH_HEK,no
NG014_PC705_WC65,NG014,NA,NA,PC705,TGACCTGCTG,WC65,GTTACCAACG,NA,NG014_P3_FrozenVortexStuffi_MO,mouse_human,CC8_CC9_CC10,HEK_NIH_HEK,no
NG014_PC705_WC66,NG014,NA,NA,PC705,TGACCTGCTG,WC66,ACGAACCAAG,NA,NG014_P3_FrozenVortexStuffi_MO,mouse_human,CC8_CC9_CC10,HEK_NIH_HEK,no
NG014_PC705_WC67,NG014,NA,NA,PC705,TGACCTGCTG,WC67,CACGCAAGTC,NA,NG014_P3_FrozenVortexStuffi_MO,mouse_human,CC8_CC9_CC10,HEK_NIH_HEK,no
NG014_PC705_WC68,NG014,NA,NA,PC705,TGACCTGCTG,WC68,GCTGGAGAAG,NA,NG014_P3_FrozenVortexStuffi_MO,mouse_human,CC8_CC9_CC10,HEK_NIH_HEK,no
NG014_PC705_WC69,NG014,NA,NA,PC705,TGACCTGCTG,WC69,CCAGTGTACG,NA,NG014_P3_FrozenVortexStuffi_MO,mouse_human,CC8_CC9_CC10,HEK_NIH_HEK,no
NG014_PC705_WC70,NG014,NA,NA,PC705,TGACCTGCTG,WC70,GTTGATGCGA,NA,NG014_P3_FrozenVortexStuffi_MO,mouse_human,CC8_CC9_CC10,HEK_NIH_HEK,no
NG014_PC705_WC71,NG014,NA,NA,PC705,TGACCTGCTG,WC71,CGCTTGTTAT,NA,NG014_P3_FrozenVortexStuffi_MO,mouse_human,CC8_CC9_CC10,HEK_NIH_HEK,no
NG014_PC705_WC72,NG014,NA,NA,PC705,TGACCTGCTG,WC72,GTAACGTTCA,NA,NG014_P3_FrozenVortexStuffi_MO,mouse_human,CC8_CC9_CC10,HEK_NIH_HEK,no
NG014_PC705_WC73,NG014,NA,NA,PC705,TGACCTGCTG,WC73,CCGAGTCTTC,NA,NG014_P3_FrozenVortexStuffi_MO,mouse_human,CC8_CC9_CC10,HEK_NIH_HEK,no
NG014_PC705_WC74,NG014,NA,NA,PC705,TGACCTGCTG,WC74,TATTGCGCTA,NA,NG014_P3_FrozenVortexStuffi_MO,mouse_human,CC8_CC9_CC10,HEK_NIH_HEK,no
NG014_PC705_WC75,NG014,NA,NA,PC705,TGACCTGCTG,WC75,TGTGGTCTAA,NA,NG014_P3_FrozenVortexStuffi_MO,mouse_human,CC8_CC9_CC10,HEK_NIH_HEK,no
NG014_PC705_WC76,NG014,NA,NA,PC705,TGACCTGCTG,WC76,CACGTCTACG,NA,NG014_P3_FrozenVortexStuffi_MO,mouse_human,CC8_CC9_CC10,HEK_NIH_HEK,no
NG014_PC705_WC77,NG014,NA,NA,PC705,TGACCTGCTG,WC77,AGTCCAGTGA,NA,NG014_P3_FrozenVortexStuffi_MO,mouse_human,CC8_CC9_CC10,HEK_NIH_HEK,no
NG014_PC705_WC78,NG014,NA,NA,PC705,TGACCTGCTG,WC78,ATGCTTGGTC,NA,NG014_P3_FrozenVortexStuffi_MO,mouse_human,CC8_CC9_CC10,HEK_NIH_HEK,no
NG014_PC705_WC79,NG014,NA,NA,PC705,TGACCTGCTG,WC79,TGATACTCGC,NA,NG014_P3_FrozenVortexStuffi_MO,mouse_human,CC8_CC9_CC10,HEK_NIH_HEK,no
NG014_PC705_WC80,NG014,NA,NA,PC705,TGACCTGCTG,WC80,TTATCGAGAG,NA,NG014_P3_FrozenVortexStuffi_MO,mouse_human,CC8_CC9_CC10,HEK_NIH_HEK,no
NG014_PC705_WC81,NG014,NA,NA,PC705,TGACCTGCTG,WC81,TGCCAGTATT,NA,NG014_P3_FrozenVortexStuffi_MO,mouse_human,CC8_CC9_CC10,HEK_NIH_HEK,no
NG014_PC705_WC82,NG014,NA,NA,PC705,TGACCTGCTG,WC82,GAGTTGCATA,NA,NG014_P3_FrozenVortexStuffi_MO,mouse_human,CC8_CC9_CC10,HEK_NIH_HEK,no
NG014_PC705_WC83,NG014,NA,NA,PC705,TGACCTGCTG,WC83,ACACTAGCAT,NA,NG014_P3_FrozenVortexStuffi_MO,mouse_human,CC8_CC9_CC10,HEK_NIH_HEK,no
NG014_PC705_WC84,NG014,NA,NA,PC705,TGACCTGCTG,WC84,GTTCTAATGG,NA,NG014_P3_FrozenVortexStuffi_MO,mouse_human,CC8_CC9_CC10,HEK_NIH_HEK,no
NG014_PC705_WC85,NG014,NA,NA,PC705,TGACCTGCTG,WC85,CGTTCACGTT,NA,NG014_P3_FrozenVortexStuffi_MO,mouse_human,CC8_CC9_CC10,HEK_NIH_HEK,no
NG014_PC705_WC86,NG014,NA,NA,PC705,TGACCTGCTG,WC86,GACTGCGTTA,NA,NG014_P3_FrozenVortexStuffi_MO,mouse_human,CC8_CC9_CC10,HEK_NIH_HEK,no
NG014_PC705_WC87,NG014,NA,NA,PC705,TGACCTGCTG,WC87,TGGCTTATGG,NA,NG014_P3_FrozenVortexStuffi_MO,mouse_human,CC8_CC9_CC10,HEK_NIH_HEK,no
NG014_PC705_WC88,NG014,NA,NA,PC705,TGACCTGCTG,WC88,TCAGAGGCAC,NA,NG014_P3_FrozenVortexStuffi_MO,mouse_human,CC8_CC9_CC10,HEK_NIH_HEK,no
NG014_PC705_WC89,NG014,NA,NA,PC705,TGACCTGCTG,WC89,CGCTAGGCTA,NA,NG014_P3_FrozenVortexStuffi_MO,mouse_human,CC8_CC9_CC10,HEK_NIH_HEK,no
NG014_PC705_WC90,NG014,NA,NA,PC705,TGACCTGCTG,WC90,AACCGTAACA,NA,NG014_P3_FrozenVortexStuffi_MO,mouse_human,CC8_CC9_CC10,HEK_NIH_HEK,no
NG014_PC705_WC91,NG014,NA,NA,PC705,TGACCTGCTG,WC91,CTTGGTATGA,NA,NG014_P3_FrozenVortexStuffi_MO,mouse_human,CC8_CC9_CC10,HEK_NIH_HEK,no
NG014_PC705_WC92,NG014,NA,NA,PC705,TGACCTGCTG,WC92,TGTAGATCCG,NA,NG014_P3_FrozenVortexStuffi_MO,mouse_human,CC8_CC9_CC10,HEK_NIH_HEK,no
NG014_PC705_WC93,NG014,NA,NA,PC705,TGACCTGCTG,WC93,AACTCTACCG,NA,NG014_P3_FrozenVortexStuffi_MO,mouse_human,CC8_CC9_CC10,HEK_NIH_HEK,no
NG014_PC705_WC94,NG014,NA,NA,PC705,TGACCTGCTG,WC94,CGTGACATTC,NA,NG014_P3_FrozenVortexStuffi_MO,mouse_human,CC8_CC9_CC10,HEK_NIH_HEK,no
NG014_PC705_WC95,NG014,NA,NA,PC705,TGACCTGCTG,WC95,CTGTACCAGG,NA,NG014_P3_FrozenVortexStuffi_MO,mouse_human,CC8_CC9_CC10,HEK_NIH_HEK,no
NG014_PC705_WC96,NG014,NA,NA,PC705,TGACCTGCTG,WC96,ACTGGTTCCG,NA,NG014_P3_FrozenVortexStuffi_MO,mouse_human,CC8_CC9_CC10,HEK_NIH_HEK,no
NG015_PC706_WC1,NG015,NA,NA,PC706,CGCAGCTAGA,WC1,GTCGTGAATC,NA,NG015_P1,mouse_human,CC1_CC2_CC3,3T3spike_3T3spike_3T3spike,no
NG015_PC706_WC2,NG015,NA,NA,PC706,CGCAGCTAGA,WC2,CTGTTCTACG,NA,NG015_P1,mouse_human,CC1_CC2_CC3,3T3spike_3T3spike_3T3spike,no
NG015_PC706_WC3,NG015,NA,NA,PC706,CGCAGCTAGA,WC3,GCTCTTAGGT,NA,NG015_P1,mouse_human,CC1_CC2_CC3,3T3spike_3T3spike_3T3spike,no
NG015_PC706_WC4,NG015,NA,NA,PC706,CGCAGCTAGA,WC4,TAGAAGCCAT,NA,NG015_P1,mouse_human,CC1_CC2_CC3,3T3spike_3T3spike_3T3spike,no
NG015_PC706_WC5,NG015,NA,NA,PC706,CGCAGCTAGA,WC5,CACTTAGGTA,NA,NG015_P1,mouse_human,CC1_CC2_CC3,3T3spike_3T3spike_3T3spike,no
NG015_PC706_WC6,NG015,NA,NA,PC706,CGCAGCTAGA,WC6,ATAGGTAAGG,NA,NG015_P1,mouse_human,CC1_CC2_CC3,3T3spike_3T3spike_3T3spike,no
NG015_PC706_WC7,NG015,NA,NA,PC706,CGCAGCTAGA,WC7,CGCCTTATAT,NA,NG015_P1,mouse_human,CC1_CC2_CC3,3T3spike_3T3spike_3T3spike,no
NG015_PC706_WC8,NG015,NA,NA,PC706,CGCAGCTAGA,WC8,GCACGATGCT,NA,NG015_P1,mouse_human,CC1_CC2_CC3,3T3spike_3T3spike_3T3spike,no
NG015_PC706_WC9,NG015,NA,NA,PC706,CGCAGCTAGA,WC9,AATATGCCAG,NA,NG015_P1,mouse_human,CC1_CC2_CC3,3T3spike_3T3spike_3T3spike,no
NG015_PC706_WC10,NG015,NA,NA,PC706,CGCAGCTAGA,WC10,TAGAGTCACG,NA,NG015_P1,mouse_human,CC1_CC2_CC3,3T3spike_3T3spike_3T3spike,no
NG015_PC706_WC11,NG015,NA,NA,PC706,CGCAGCTAGA,WC11,TTAACAGGTC,NA,NG015_P1,mouse_human,CC1_CC2_CC3,3T3spike_3T3spike_3T3spike,no
NG015_PC706_WC12,NG015,NA,NA,PC706,CGCAGCTAGA,WC12,ACATGAGCCA,NA,NG015_P1,mouse_human,CC1_CC2_CC3,3T3spike_3T3spike_3T3spike,no
NG015_PC706_WC13,NG015,NA,NA,PC706,CGCAGCTAGA,WC13,GCGAGGTTCT,NA,NG015_P1,mouse_human,CC1_CC2_CC3,3T3spike_3T3spike_3T3spike,no
NG015_PC706_WC14,NG015,NA,NA,PC706,CGCAGCTAGA,WC14,TGTCCGTAGG,NA,NG015_P1,mouse_human,CC1_CC2_CC3,3T3spike_3T3spike_3T3spike,no
NG015_PC706_WC15,NG015,NA,NA,PC706,CGCAGCTAGA,WC15,CATTATGCCT,NA,NG015_P1,mouse_human,CC1_CC2_CC3,3T3spike_3T3spike_3T3spike,no
NG015_PC706_WC16,NG015,NA,NA,PC706,CGCAGCTAGA,WC16,TCCACTGTTG,NA,NG015_P1,mouse_human,CC1_CC2_CC3,3T3spike_3T3spike_3T3spike,no
NG015_PC706_WC17,NG015,NA,NA,PC706,CGCAGCTAGA,WC17,CTTAACGACA,NA,NG015_P1,mouse_human,CC1_CC2_CC3,3T3spike_3T3spike_3T3spike,no
NG015_PC706_WC18,NG015,NA,NA,PC706,CGCAGCTAGA,WC18,TCCTCGAGCT,NA,NG015_P1,mouse_human,CC1_CC2_CC3,3T3spike_3T3spike_3T3spike,no
NG015_PC706_WC19,NG015,NA,NA,PC706,CGCAGCTAGA,WC19,CGAGTAATGT,NA,NG015_P1,mouse_human,CC1_CC2_CC3,3T3spike_3T3spike_3T3spike,no
NG015_PC706_WC20,NG015,NA,NA,PC706,CGCAGCTAGA,WC20,CATACCGCTG,NA,NG015_P1,mouse_human,CC1_CC2_CC3,3T3spike_3T3spike_3T3spike,no
NG015_PC706_WC21,NG015,NA,NA,PC706,CGCAGCTAGA,WC21,GCTACTTGCA,NA,NG015_P1,mouse_human,CC1_CC2_CC3,3T3spike_3T3spike_3T3spike,no
NG015_PC706_WC22,NG015,NA,NA,PC706,CGCAGCTAGA,WC22,GCTATTGAAG,NA,NG015_P1,mouse_human,CC1_CC2_CC3,3T3spike_3T3spike_3T3spike,no
NG015_PC706_WC23,NG015,NA,NA,PC706,CGCAGCTAGA,WC23,TCAGCATCCG,NA,NG015_P1,mouse_human,CC1_CC2_CC3,3T3spike_3T3spike_3T3spike,no
NG015_PC706_WC24,NG015,NA,NA,PC706,CGCAGCTAGA,WC24,TAGGTGGTGG,NA,NG015_P1,mouse_human,CC1_CC2_CC3,3T3spike_3T3spike_3T3spike,no
NG015_PC706_WC25,NG015,NA,NA,PC706,CGCAGCTAGA,WC25,AAGATCGGAT,NA,NG015_P1,mouse_human,CC1_CC2_CC3,3T3spike_3T3spike_3T3spike,no
NG015_PC706_WC26,NG015,NA,NA,PC706,CGCAGCTAGA,WC26,TTAACGTCCG,NA,NG015_P1,mouse_human,CC1_CC2_CC3,3T3spike_3T3spike_3T3spike,no
NG015_PC706_WC27,NG015,NA,NA,PC706,CGCAGCTAGA,WC27,ATTACCGATC,NA,NG015_P1,mouse_human,CC1_CC2_CC3,3T3spike_3T3spike_3T3spike,no
NG015_PC706_WC28,NG015,NA,NA,PC706,CGCAGCTAGA,WC28,GTTGCATCGT,NA,NG015_P1,mouse_human,CC1_CC2_CC3,3T3spike_3T3spike_3T3spike,no
NG015_PC706_WC29,NG015,NA,NA,PC706,CGCAGCTAGA,WC29,ACTGGACGTT,NA,NG015_P1,mouse_human,CC1_CC2_CC3,3T3spike_3T3spike_3T3spike,no
NG015_PC706_WC30,NG015,NA,NA,PC706,CGCAGCTAGA,WC30,TTGTTCGTGT,NA,NG015_P1,mouse_human,CC1_CC2_CC3,3T3spike_3T3spike_3T3spike,no
NG015_PC706_WC31,NG015,NA,NA,PC706,CGCAGCTAGA,WC31,ACGGACTGAG,NA,NG015_P1,mouse_human,CC1_CC2_CC3,3T3spike_3T3spike_3T3spike,no
NG015_PC706_WC32,NG015,NA,NA,PC706,CGCAGCTAGA,WC32,CACCGTCATA,NA,NG015_P1,mouse_human,CC1_CC2_CC3,3T3spike_3T3spike_3T3spike,no
NG015_PC706_WC33,NG015,NA,NA,PC706,CGCAGCTAGA,WC33,GTAGTTGTGT,NA,NG015_P1,mouse_human,CC1_CC2_CC3,3T3spike_3T3spike_3T3spike,no
NG015_PC706_WC34,NG015,NA,NA,PC706,CGCAGCTAGA,WC34,CTGAGTCCTT,NA,NG015_P1,mouse_human,CC1_CC2_CC3,3T3spike_3T3spike_3T3spike,no
NG015_PC706_WC35,NG015,NA,NA,PC706,CGCAGCTAGA,WC35,TCACAGTTGC,NA,NG015_P1,mouse_human,CC1_CC2_CC3,3T3spike_3T3spike_3T3spike,no
NG015_PC706_WC36,NG015,NA,NA,PC706,CGCAGCTAGA,WC36,ATTGTAAGCG,NA,NG015_P1,mouse_human,CC1_CC2_CC3,3T3spike_3T3spike_3T3spike,no
NG015_PC706_WC37,NG015,NA,NA,PC706,CGCAGCTAGA,WC37,CGGTCTCTCT,NA,NG015_P1,mouse_human,CC1_CC2_CC3,3T3spike_3T3spike_3T3spike,no
NG015_PC706_WC38,NG015,NA,NA,PC706,CGCAGCTAGA,WC38,AACAGCAATG,NA,NG015_P1,mouse_human,CC1_CC2_CC3,3T3spike_3T3spike_3T3spike,no
NG015_PC706_WC39,NG015,NA,NA,PC706,CGCAGCTAGA,WC39,TCCGTGTTGC,NA,NG015_P1,mouse_human,CC1_CC2_CC3,3T3spike_3T3spike_3T3spike,no
NG015_PC706_WC40,NG015,NA,NA,PC706,CGCAGCTAGA,WC40,TGCGAAGTGA,NA,NG015_P1,mouse_human,CC1_CC2_CC3,3T3spike_3T3spike_3T3spike,no
NG015_PC706_WC41,NG015,NA,NA,PC706,CGCAGCTAGA,WC41,CACAGCTATT,NA,NG015_P1,mouse_human,CC1_CC2_CC3,3T3spike_3T3spike_3T3spike,no
NG015_PC706_WC42,NG015,NA,NA,PC706,CGCAGCTAGA,WC42,GATAGTGTTC,NA,NG015_P1,mouse_human,CC1_CC2_CC3,3T3spike_3T3spike_3T3spike,no
NG015_PC706_WC43,NG015,NA,NA,PC706,CGCAGCTAGA,WC43,TAGCTACCAG,NA,NG015_P1,mouse_human,CC1_CC2_CC3,3T3spike_3T3spike_3T3spike,no
NG015_PC706_WC44,NG015,NA,NA,PC706,CGCAGCTAGA,WC44,TGCTCACGCA,NA,NG015_P1,mouse_human,CC1_CC2_CC3,3T3spike_3T3spike_3T3spike,no
NG015_PC706_WC45,NG015,NA,NA,PC706,CGCAGCTAGA,WC45,AAGTGTGCTA,NA,NG015_P1,mouse_human,CC1_CC2_CC3,3T3spike_3T3spike_3T3spike,no
NG015_PC706_WC46,NG015,NA,NA,PC706,CGCAGCTAGA,WC46,TCATCGTCTG,NA,NG015_P1,mouse_human,CC1_CC2_CC3,3T3spike_3T3spike_3T3spike,no
NG015_PC706_WC47,NG015,NA,NA,PC706,CGCAGCTAGA,WC47,AGATGCTCCG,NA,NG015_P1,mouse_human,CC1_CC2_CC3,3T3spike_3T3spike_3T3spike,no
NG015_PC706_WC48,NG015,NA,NA,PC706,CGCAGCTAGA,WC48,GAACCAAGCG,NA,NG015_P1,mouse_human,CC1_CC2_CC3,3T3spike_3T3spike_3T3spike,no
NG015_PC706_WC49,NG015,NA,NA,PC706,CGCAGCTAGA,WC49,CCTCTTCAAG,NA,NG015_P1,mouse_human,CC1_CC2_CC3,3T3spike_3T3spike_3T3spike,no
NG015_PC706_WC50,NG015,NA,NA,PC706,CGCAGCTAGA,WC50,CGTCGCATCT,NA,NG015_P1,mouse_human,CC1_CC2_CC3,3T3spike_3T3spike_3T3spike,no
NG015_PC706_WC51,NG015,NA,NA,PC706,CGCAGCTAGA,WC51,CCGAACGTTC,NA,NG015_P1,mouse_human,CC1_CC2_CC3,3T3spike_3T3spike_3T3spike,no
NG015_PC706_WC52,NG015,NA,NA,PC706,CGCAGCTAGA,WC52,GAATGGCGTT,NA,NG015_P1,mouse_human,CC1_CC2_CC3,3T3spike_3T3spike_3T3spike,no
NG015_PC706_WC53,NG015,NA,NA,PC706,CGCAGCTAGA,WC53,AAGTTCAGGA,NA,NG015_P1,mouse_human,CC1_CC2_CC3,3T3spike_3T3spike_3T3spike,no
NG015_PC706_WC54,NG015,NA,NA,PC706,CGCAGCTAGA,WC54,GACCAATTGT,NA,NG015_P1,mouse_human,CC1_CC2_CC3,3T3spike_3T3spike_3T3spike,no
NG015_PC706_WC55,NG015,NA,NA,PC706,CGCAGCTAGA,WC55,TGTCTGTGAC,NA,NG015_P1,mouse_human,CC1_CC2_CC3,3T3spike_3T3spike_3T3spike,no
NG015_PC706_WC56,NG015,NA,NA,PC706,CGCAGCTAGA,WC56,GAACATTGGC,NA,NG015_P1,mouse_human,CC1_CC2_CC3,3T3spike_3T3spike_3T3spike,no
NG015_PC706_WC57,NG015,NA,NA,PC706,CGCAGCTAGA,WC57,CGTAACACTA,NA,NG015_P1,mouse_human,CC1_CC2_CC3,3T3spike_3T3spike_3T3spike,no
NG015_PC706_WC58,NG015,NA,NA,PC706,CGCAGCTAGA,WC58,GTACTTCCAA,NA,NG015_P1,mouse_human,CC1_CC2_CC3,3T3spike_3T3spike_3T3spike,no
NG015_PC706_WC59,NG015,NA,NA,PC706,CGCAGCTAGA,WC59,TTAGCGTCTT,NA,NG015_P1,mouse_human,CC1_CC2_CC3,3T3spike_3T3spike_3T3spike,no
NG015_PC706_WC60,NG015,NA,NA,PC706,CGCAGCTAGA,WC60,TTGACCGTCT,NA,NG015_P1,mouse_human,CC1_CC2_CC3,3T3spike_3T3spike_3T3spike,no
NG015_PC706_WC61,NG015,NA,NA,PC706,CGCAGCTAGA,WC61,ACGGCTTCTC,NA,NG015_P1,mouse_human,CC1_CC2_CC3,3T3spike_3T3spike_3T3spike,no
NG015_PC706_WC62,NG015,NA,NA,PC706,CGCAGCTAGA,WC62,TGCGATGTAT,NA,NG015_P1,mouse_human,CC1_CC2_CC3,3T3spike_3T3spike_3T3spike,no
NG015_PC706_WC63,NG015,NA,NA,PC706,CGCAGCTAGA,WC63,GCGTTCAGCA,NA,NG015_P1,mouse_human,CC1_CC2_CC3,3T3spike_3T3spike_3T3spike,no
NG015_PC706_WC64,NG015,NA,NA,PC706,CGCAGCTAGA,WC64,GCCTAGGAAG,NA,NG015_P1,mouse_human,CC1_CC2_CC3,3T3spike_3T3spike_3T3spike,no
NG015_PC706_WC65,NG015,NA,NA,PC706,CGCAGCTAGA,WC65,GTTACCAACG,NA,NG015_P1,mouse_human,CC1_CC2_CC3,3T3spike_3T3spike_3T3spike,no
NG015_PC706_WC66,NG015,NA,NA,PC706,CGCAGCTAGA,WC66,ACGAACCAAG,NA,NG015_P1,mouse_human,CC1_CC2_CC3,3T3spike_3T3spike_3T3spike,no
NG015_PC706_WC67,NG015,NA,NA,PC706,CGCAGCTAGA,WC67,CACGCAAGTC,NA,NG015_P1,mouse_human,CC1_CC2_CC3,3T3spike_3T3spike_3T3spike,no
NG015_PC706_WC68,NG015,NA,NA,PC706,CGCAGCTAGA,WC68,GCTGGAGAAG,NA,NG015_P1,mouse_human,CC1_CC2_CC3,3T3spike_3T3spike_3T3spike,no
NG015_PC706_WC69,NG015,NA,NA,PC706,CGCAGCTAGA,WC69,CCAGTGTACG,NA,NG015_P1,mouse_human,CC1_CC2_CC3,3T3spike_3T3spike_3T3spike,no
NG015_PC706_WC70,NG015,NA,NA,PC706,CGCAGCTAGA,WC70,GTTGATGCGA,NA,NG015_P1,mouse_human,CC1_CC2_CC3,3T3spike_3T3spike_3T3spike,no
NG015_PC706_WC71,NG015,NA,NA,PC706,CGCAGCTAGA,WC71,CGCTTGTTAT,NA,NG015_P1,mouse_human,CC1_CC2_CC3,3T3spike_3T3spike_3T3spike,no
NG015_PC706_WC72,NG015,NA,NA,PC706,CGCAGCTAGA,WC72,GTAACGTTCA,NA,NG015_P1,mouse_human,CC1_CC2_CC3,3T3spike_3T3spike_3T3spike,no
NG015_PC706_WC73,NG015,NA,NA,PC706,CGCAGCTAGA,WC73,CCGAGTCTTC,NA,NG015_P1,mouse_human,CC1_CC2_CC3,3T3spike_3T3spike_3T3spike,no
NG015_PC706_WC74,NG015,NA,NA,PC706,CGCAGCTAGA,WC74,TATTGCGCTA,NA,NG015_P1,mouse_human,CC1_CC2_CC3,3T3spike_3T3spike_3T3spike,no
NG015_PC706_WC75,NG015,NA,NA,PC706,CGCAGCTAGA,WC75,TGTGGTCTAA,NA,NG015_P1,mouse_human,CC1_CC2_CC3,3T3spike_3T3spike_3T3spike,no
NG015_PC706_WC76,NG015,NA,NA,PC706,CGCAGCTAGA,WC76,CACGTCTACG,NA,NG015_P1,mouse_human,CC1_CC2_CC3,3T3spike_3T3spike_3T3spike,no
NG015_PC706_WC77,NG015,NA,NA,PC706,CGCAGCTAGA,WC77,AGTCCAGTGA,NA,NG015_P1,mouse_human,CC1_CC2_CC3,3T3spike_3T3spike_3T3spike,no
NG015_PC706_WC78,NG015,NA,NA,PC706,CGCAGCTAGA,WC78,ATGCTTGGTC,NA,NG015_P1,mouse_human,CC1_CC2_CC3,3T3spike_3T3spike_3T3spike,no
NG015_PC706_WC79,NG015,NA,NA,PC706,CGCAGCTAGA,WC79,TGATACTCGC,NA,NG015_P1,mouse_human,CC1_CC2_CC3,3T3spike_3T3spike_3T3spike,no
NG015_PC706_WC80,NG015,NA,NA,PC706,CGCAGCTAGA,WC80,TTATCGAGAG,NA,NG015_P1,mouse_human,CC1_CC2_CC3,3T3spike_3T3spike_3T3spike,no
NG015_PC706_WC81,NG015,NA,NA,PC706,CGCAGCTAGA,WC81,TGCCAGTATT,NA,NG015_P1,mouse_human,CC1_CC2_CC3,3T3spike_3T3spike_3T3spike,no
NG015_PC706_WC82,NG015,NA,NA,PC706,CGCAGCTAGA,WC82,GAGTTGCATA,NA,NG015_P1,mouse_human,CC1_CC2_CC3,3T3spike_3T3spike_3T3spike,no
NG015_PC706_WC83,NG015,NA,NA,PC706,CGCAGCTAGA,WC83,ACACTAGCAT,NA,NG015_P1,mouse_human,CC1_CC2_CC3,3T3spike_3T3spike_3T3spike,no
NG015_PC706_WC84,NG015,NA,NA,PC706,CGCAGCTAGA,WC84,GTTCTAATGG,NA,NG015_P1,mouse_human,CC1_CC2_CC3,3T3spike_3T3spike_3T3spike,no
NG015_PC706_WC85,NG015,NA,NA,PC706,CGCAGCTAGA,WC85,CGTTCACGTT,NA,NG015_P1,mouse_human,CC1_CC2_CC3,3T3spike_3T3spike_3T3spike,no
NG015_PC706_WC86,NG015,NA,NA,PC706,CGCAGCTAGA,WC86,GACTGCGTTA,NA,NG015_P1,mouse_human,CC1_CC2_CC3,3T3spike_3T3spike_3T3spike,no
NG015_PC706_WC87,NG015,NA,NA,PC706,CGCAGCTAGA,WC87,TGGCTTATGG,NA,NG015_P1,mouse_human,CC1_CC2_CC3,3T3spike_3T3spike_3T3spike,no
NG015_PC706_WC88,NG015,NA,NA,PC706,CGCAGCTAGA,WC88,TCAGAGGCAC,NA,NG015_P1,mouse_human,CC1_CC2_CC3,3T3spike_3T3spike_3T3spike,no
NG015_PC706_WC89,NG015,NA,NA,PC706,CGCAGCTAGA,WC89,CGCTAGGCTA,NA,NG015_P1,mouse_human,CC1_CC2_CC3,3T3spike_3T3spike_3T3spike,no
NG015_PC706_WC90,NG015,NA,NA,PC706,CGCAGCTAGA,WC90,AACCGTAACA,NA,NG015_P1,mouse_human,CC1_CC2_CC3,3T3spike_3T3spike_3T3spike,no
NG015_PC706_WC91,NG015,NA,NA,PC706,CGCAGCTAGA,WC91,CTTGGTATGA,NA,NG015_P1,mouse_human,CC1_CC2_CC3,3T3spike_3T3spike_3T3spike,no
NG015_PC706_WC92,NG015,NA,NA,PC706,CGCAGCTAGA,WC92,TGTAGATCCG,NA,NG015_P1,mouse_human,CC1_CC2_CC3,3T3spike_3T3spike_3T3spike,no
NG015_PC706_WC93,NG015,NA,NA,PC706,CGCAGCTAGA,WC93,AACTCTACCG,NA,NG015_P1,mouse_human,CC1_CC2_CC3,3T3spike_3T3spike_3T3spike,no
NG015_PC706_WC94,NG015,NA,NA,PC706,CGCAGCTAGA,WC94,CGTGACATTC,NA,NG015_P1,mouse_human,CC1_CC2_CC3,3T3spike_3T3spike_3T3spike,no
NG015_PC706_WC95,NG015,NA,NA,PC706,CGCAGCTAGA,WC95,CTGTACCAGG,NA,NG015_P1,mouse_human,CC1_CC2_CC3,3T3spike_3T3spike_3T3spike,no
NG015_PC706_WC96,NG015,NA,NA,PC706,CGCAGCTAGA,WC96,ACTGGTTCCG,NA,NG015_P1,mouse_human,CC1_CC2_CC3,3T3spike_3T3spike_3T3spike,no
NG015_PC707_WC1,NG015,NA,NA,PC707,ACGCTAATCT,WC1,GTCGTGAATC,NA,NG015_P2,mouse_human,CC1_CC2_CC3,3T3spike_3T3spike_3T3spike,no
NG015_PC707_WC2,NG015,NA,NA,PC707,ACGCTAATCT,WC2,CTGTTCTACG,NA,NG015_P2,mouse_human,CC1_CC2_CC3,3T3spike_3T3spike_3T3spike,no
NG015_PC707_WC3,NG015,NA,NA,PC707,ACGCTAATCT,WC3,GCTCTTAGGT,NA,NG015_P2,mouse_human,CC1_CC2_CC3,3T3spike_3T3spike_3T3spike,no
NG015_PC707_WC4,NG015,NA,NA,PC707,ACGCTAATCT,WC4,TAGAAGCCAT,NA,NG015_P2,mouse_human,CC1_CC2_CC3,3T3spike_3T3spike_3T3spike,no
NG015_PC707_WC5,NG015,NA,NA,PC707,ACGCTAATCT,WC5,CACTTAGGTA,NA,NG015_P2,mouse_human,CC1_CC2_CC3,3T3spike_3T3spike_3T3spike,no
NG015_PC707_WC6,NG015,NA,NA,PC707,ACGCTAATCT,WC6,ATAGGTAAGG,NA,NG015_P2,mouse_human,CC1_CC2_CC3,3T3spike_3T3spike_3T3spike,no
NG015_PC707_WC7,NG015,NA,NA,PC707,ACGCTAATCT,WC7,CGCCTTATAT,NA,NG015_P2,mouse_human,CC1_CC2_CC3,3T3spike_3T3spike_3T3spike,no
NG015_PC707_WC8,NG015,NA,NA,PC707,ACGCTAATCT,WC8,GCACGATGCT,NA,NG015_P2,mouse_human,CC1_CC2_CC3,3T3spike_3T3spike_3T3spike,no
NG015_PC707_WC9,NG015,NA,NA,PC707,ACGCTAATCT,WC9,AATATGCCAG,NA,NG015_P2,mouse_human,CC1_CC2_CC3,3T3spike_3T3spike_3T3spike,no
NG015_PC707_WC10,NG015,NA,NA,PC707,ACGCTAATCT,WC10,TAGAGTCACG,NA,NG015_P2,mouse_human,CC1_CC2_CC3,3T3spike_3T3spike_3T3spike,no
NG015_PC707_WC11,NG015,NA,NA,PC707,ACGCTAATCT,WC11,TTAACAGGTC,NA,NG015_P2,mouse_human,CC1_CC2_CC3,3T3spike_3T3spike_3T3spike,no
NG015_PC707_WC12,NG015,NA,NA,PC707,ACGCTAATCT,WC12,ACATGAGCCA,NA,NG015_P2,mouse_human,CC1_CC2_CC3,3T3spike_3T3spike_3T3spike,no
NG015_PC707_WC13,NG015,NA,NA,PC707,ACGCTAATCT,WC13,GCGAGGTTCT,NA,NG015_P2,mouse_human,CC1_CC2_CC3,3T3spike_3T3spike_3T3spike,no
NG015_PC707_WC14,NG015,NA,NA,PC707,ACGCTAATCT,WC14,TGTCCGTAGG,NA,NG015_P2,mouse_human,CC1_CC2_CC3,3T3spike_3T3spike_3T3spike,no
NG015_PC707_WC15,NG015,NA,NA,PC707,ACGCTAATCT,WC15,CATTATGCCT,NA,NG015_P2,mouse_human,CC1_CC2_CC3,3T3spike_3T3spike_3T3spike,no
NG015_PC707_WC16,NG015,NA,NA,PC707,ACGCTAATCT,WC16,TCCACTGTTG,NA,NG015_P2,mouse_human,CC1_CC2_CC3,3T3spike_3T3spike_3T3spike,no
NG015_PC707_WC17,NG015,NA,NA,PC707,ACGCTAATCT,WC17,CTTAACGACA,NA,NG015_P2,mouse_human,CC1_CC2_CC3,3T3spike_3T3spike_3T3spike,no
NG015_PC707_WC18,NG015,NA,NA,PC707,ACGCTAATCT,WC18,TCCTCGAGCT,NA,NG015_P2,mouse_human,CC1_CC2_CC3,3T3spike_3T3spike_3T3spike,no
NG015_PC707_WC19,NG015,NA,NA,PC707,ACGCTAATCT,WC19,CGAGTAATGT,NA,NG015_P2,mouse_human,CC1_CC2_CC3,3T3spike_3T3spike_3T3spike,no
NG015_PC707_WC20,NG015,NA,NA,PC707,ACGCTAATCT,WC20,CATACCGCTG,NA,NG015_P2,mouse_human,CC1_CC2_CC3,3T3spike_3T3spike_3T3spike,no
NG015_PC707_WC21,NG015,NA,NA,PC707,ACGCTAATCT,WC21,GCTACTTGCA,NA,NG015_P2,mouse_human,CC1_CC2_CC3,3T3spike_3T3spike_3T3spike,no
NG015_PC707_WC22,NG015,NA,NA,PC707,ACGCTAATCT,WC22,GCTATTGAAG,NA,NG015_P2,mouse_human,CC1_CC2_CC3,3T3spike_3T3spike_3T3spike,no
NG015_PC707_WC23,NG015,NA,NA,PC707,ACGCTAATCT,WC23,TCAGCATCCG,NA,NG015_P2,mouse_human,CC1_CC2_CC3,3T3spike_3T3spike_3T3spike,no
NG015_PC707_WC24,NG015,NA,NA,PC707,ACGCTAATCT,WC24,TAGGTGGTGG,NA,NG015_P2,mouse_human,CC1_CC2_CC3,3T3spike_3T3spike_3T3spike,no
NG015_PC707_WC25,NG015,NA,NA,PC707,ACGCTAATCT,WC25,AAGATCGGAT,NA,NG015_P2,mouse_human,CC1_CC2_CC3,3T3spike_3T3spike_3T3spike,no
NG015_PC707_WC26,NG015,NA,NA,PC707,ACGCTAATCT,WC26,TTAACGTCCG,NA,NG015_P2,mouse_human,CC1_CC2_CC3,3T3spike_3T3spike_3T3spike,no
NG015_PC707_WC27,NG015,NA,NA,PC707,ACGCTAATCT,WC27,ATTACCGATC,NA,NG015_P2,mouse_human,CC1_CC2_CC3,3T3spike_3T3spike_3T3spike,no
NG015_PC707_WC28,NG015,NA,NA,PC707,ACGCTAATCT,WC28,GTTGCATCGT,NA,NG015_P2,mouse_human,CC1_CC2_CC3,3T3spike_3T3spike_3T3spike,no
NG015_PC707_WC29,NG015,NA,NA,PC707,ACGCTAATCT,WC29,ACTGGACGTT,NA,NG015_P2,mouse_human,CC1_CC2_CC3,3T3spike_3T3spike_3T3spike,no
NG015_PC707_WC30,NG015,NA,NA,PC707,ACGCTAATCT,WC30,TTGTTCGTGT,NA,NG015_P2,mouse_human,CC1_CC2_CC3,3T3spike_3T3spike_3T3spike,no
NG015_PC707_WC31,NG015,NA,NA,PC707,ACGCTAATCT,WC31,ACGGACTGAG,NA,NG015_P2,mouse_human,CC1_CC2_CC3,3T3spike_3T3spike_3T3spike,no
NG015_PC707_WC32,NG015,NA,NA,PC707,ACGCTAATCT,WC32,CACCGTCATA,NA,NG015_P2,mouse_human,CC1_CC2_CC3,3T3spike_3T3spike_3T3spike,no
NG015_PC707_WC33,NG015,NA,NA,PC707,ACGCTAATCT,WC33,GTAGTTGTGT,NA,NG015_P2,mouse_human,CC1_CC2_CC3,3T3spike_3T3spike_3T3spike,no
NG015_PC707_WC34,NG015,NA,NA,PC707,ACGCTAATCT,WC34,CTGAGTCCTT,NA,NG015_P2,mouse_human,CC1_CC2_CC3,3T3spike_3T3spike_3T3spike,no
NG015_PC707_WC35,NG015,NA,NA,PC707,ACGCTAATCT,WC35,TCACAGTTGC,NA,NG015_P2,mouse_human,CC1_CC2_CC3,3T3spike_3T3spike_3T3spike,no
NG015_PC707_WC36,NG015,NA,NA,PC707,ACGCTAATCT,WC36,ATTGTAAGCG,NA,NG015_P2,mouse_human,CC1_CC2_CC3,3T3spike_3T3spike_3T3spike,no
NG015_PC707_WC37,NG015,NA,NA,PC707,ACGCTAATCT,WC37,CGGTCTCTCT,NA,NG015_P2,mouse_human,CC1_CC2_CC3,3T3spike_3T3spike_3T3spike,no
NG015_PC707_WC38,NG015,NA,NA,PC707,ACGCTAATCT,WC38,AACAGCAATG,NA,NG015_P2,mouse_human,CC1_CC2_CC3,3T3spike_3T3spike_3T3spike,no
NG015_PC707_WC39,NG015,NA,NA,PC707,ACGCTAATCT,WC39,TCCGTGTTGC,NA,NG015_P2,mouse_human,CC1_CC2_CC3,3T3spike_3T3spike_3T3spike,no
NG015_PC707_WC40,NG015,NA,NA,PC707,ACGCTAATCT,WC40,TGCGAAGTGA,NA,NG015_P2,mouse_human,CC1_CC2_CC3,3T3spike_3T3spike_3T3spike,no
NG015_PC707_WC41,NG015,NA,NA,PC707,ACGCTAATCT,WC41,CACAGCTATT,NA,NG015_P2,mouse_human,CC1_CC2_CC3,3T3spike_3T3spike_3T3spike,no
NG015_PC707_WC42,NG015,NA,NA,PC707,ACGCTAATCT,WC42,GATAGTGTTC,NA,NG015_P2,mouse_human,CC1_CC2_CC3,3T3spike_3T3spike_3T3spike,no
NG015_PC707_WC43,NG015,NA,NA,PC707,ACGCTAATCT,WC43,TAGCTACCAG,NA,NG015_P2,mouse_human,CC1_CC2_CC3,3T3spike_3T3spike_3T3spike,no
NG015_PC707_WC44,NG015,NA,NA,PC707,ACGCTAATCT,WC44,TGCTCACGCA,NA,NG015_P2,mouse_human,CC1_CC2_CC3,3T3spike_3T3spike_3T3spike,no
NG015_PC707_WC45,NG015,NA,NA,PC707,ACGCTAATCT,WC45,AAGTGTGCTA,NA,NG015_P2,mouse_human,CC1_CC2_CC3,3T3spike_3T3spike_3T3spike,no
NG015_PC707_WC46,NG015,NA,NA,PC707,ACGCTAATCT,WC46,TCATCGTCTG,NA,NG015_P2,mouse_human,CC1_CC2_CC3,3T3spike_3T3spike_3T3spike,no
NG015_PC707_WC47,NG015,NA,NA,PC707,ACGCTAATCT,WC47,AGATGCTCCG,NA,NG015_P2,mouse_human,CC1_CC2_CC3,3T3spike_3T3spike_3T3spike,no
NG015_PC707_WC48,NG015,NA,NA,PC707,ACGCTAATCT,WC48,GAACCAAGCG,NA,NG015_P2,mouse_human,CC1_CC2_CC3,3T3spike_3T3spike_3T3spike,no
NG015_PC707_WC49,NG015,NA,NA,PC707,ACGCTAATCT,WC49,CCTCTTCAAG,NA,NG015_P2,mouse_human,CC1_CC2_CC3,3T3spike_3T3spike_3T3spike,no
NG015_PC707_WC50,NG015,NA,NA,PC707,ACGCTAATCT,WC50,CGTCGCATCT,NA,NG015_P2,mouse_human,CC1_CC2_CC3,3T3spike_3T3spike_3T3spike,no
NG015_PC707_WC51,NG015,NA,NA,PC707,ACGCTAATCT,WC51,CCGAACGTTC,NA,NG015_P2,mouse_human,CC1_CC2_CC3,3T3spike_3T3spike_3T3spike,no
NG015_PC707_WC52,NG015,NA,NA,PC707,ACGCTAATCT,WC52,GAATGGCGTT,NA,NG015_P2,mouse_human,CC1_CC2_CC3,3T3spike_3T3spike_3T3spike,no
NG015_PC707_WC53,NG015,NA,NA,PC707,ACGCTAATCT,WC53,AAGTTCAGGA,NA,NG015_P2,mouse_human,CC1_CC2_CC3,3T3spike_3T3spike_3T3spike,no
NG015_PC707_WC54,NG015,NA,NA,PC707,ACGCTAATCT,WC54,GACCAATTGT,NA,NG015_P2,mouse_human,CC1_CC2_CC3,3T3spike_3T3spike_3T3spike,no
NG015_PC707_WC55,NG015,NA,NA,PC707,ACGCTAATCT,WC55,TGTCTGTGAC,NA,NG015_P2,mouse_human,CC1_CC2_CC3,3T3spike_3T3spike_3T3spike,no
NG015_PC707_WC56,NG015,NA,NA,PC707,ACGCTAATCT,WC56,GAACATTGGC,NA,NG015_P2,mouse_human,CC1_CC2_CC3,3T3spike_3T3spike_3T3spike,no
NG015_PC707_WC57,NG015,NA,NA,PC707,ACGCTAATCT,WC57,CGTAACACTA,NA,NG015_P2,mouse_human,CC1_CC2_CC3,3T3spike_3T3spike_3T3spike,no
NG015_PC707_WC58,NG015,NA,NA,PC707,ACGCTAATCT,WC58,GTACTTCCAA,NA,NG015_P2,mouse_human,CC1_CC2_CC3,3T3spike_3T3spike_3T3spike,no
NG015_PC707_WC59,NG015,NA,NA,PC707,ACGCTAATCT,WC59,TTAGCGTCTT,NA,NG015_P2,mouse_human,CC1_CC2_CC3,3T3spike_3T3spike_3T3spike,no
NG015_PC707_WC60,NG015,NA,NA,PC707,ACGCTAATCT,WC60,TTGACCGTCT,NA,NG015_P2,mouse_human,CC1_CC2_CC3,3T3spike_3T3spike_3T3spike,no
NG015_PC707_WC61,NG015,NA,NA,PC707,ACGCTAATCT,WC61,ACGGCTTCTC,NA,NG015_P2,mouse_human,CC1_CC2_CC3,3T3spike_3T3spike_3T3spike,no
NG015_PC707_WC62,NG015,NA,NA,PC707,ACGCTAATCT,WC62,TGCGATGTAT,NA,NG015_P2,mouse_human,CC1_CC2_CC3,3T3spike_3T3spike_3T3spike,no
NG015_PC707_WC63,NG015,NA,NA,PC707,ACGCTAATCT,WC63,GCGTTCAGCA,NA,NG015_P2,mouse_human,CC1_CC2_CC3,3T3spike_3T3spike_3T3spike,no
NG015_PC707_WC64,NG015,NA,NA,PC707,ACGCTAATCT,WC64,GCCTAGGAAG,NA,NG015_P2,mouse_human,CC1_CC2_CC3,3T3spike_3T3spike_3T3spike,no
NG015_PC707_WC65,NG015,NA,NA,PC707,ACGCTAATCT,WC65,GTTACCAACG,NA,NG015_P2,mouse_human,CC1_CC2_CC3,3T3spike_3T3spike_3T3spike,no
NG015_PC707_WC66,NG015,NA,NA,PC707,ACGCTAATCT,WC66,ACGAACCAAG,NA,NG015_P2,mouse_human,CC1_CC2_CC3,3T3spike_3T3spike_3T3spike,no
NG015_PC707_WC67,NG015,NA,NA,PC707,ACGCTAATCT,WC67,CACGCAAGTC,NA,NG015_P2,mouse_human,CC1_CC2_CC3,3T3spike_3T3spike_3T3spike,no
NG015_PC707_WC68,NG015,NA,NA,PC707,ACGCTAATCT,WC68,GCTGGAGAAG,NA,NG015_P2,mouse_human,CC1_CC2_CC3,3T3spike_3T3spike_3T3spike,no
NG015_PC707_WC69,NG015,NA,NA,PC707,ACGCTAATCT,WC69,CCAGTGTACG,NA,NG015_P2,mouse_human,CC1_CC2_CC3,3T3spike_3T3spike_3T3spike,no
NG015_PC707_WC70,NG015,NA,NA,PC707,ACGCTAATCT,WC70,GTTGATGCGA,NA,NG015_P2,mouse_human,CC1_CC2_CC3,3T3spike_3T3spike_3T3spike,no
NG015_PC707_WC71,NG015,NA,NA,PC707,ACGCTAATCT,WC71,CGCTTGTTAT,NA,NG015_P2,mouse_human,CC1_CC2_CC3,3T3spike_3T3spike_3T3spike,no
NG015_PC707_WC72,NG015,NA,NA,PC707,ACGCTAATCT,WC72,GTAACGTTCA,NA,NG015_P2,mouse_human,CC1_CC2_CC3,3T3spike_3T3spike_3T3spike,no
NG015_PC707_WC73,NG015,NA,NA,PC707,ACGCTAATCT,WC73,CCGAGTCTTC,NA,NG015_P2,mouse_human,CC1_CC2_CC3,3T3spike_3T3spike_3T3spike,no
NG015_PC707_WC74,NG015,NA,NA,PC707,ACGCTAATCT,WC74,TATTGCGCTA,NA,NG015_P2,mouse_human,CC1_CC2_CC3,3T3spike_3T3spike_3T3spike,no
NG015_PC707_WC75,NG015,NA,NA,PC707,ACGCTAATCT,WC75,TGTGGTCTAA,NA,NG015_P2,mouse_human,CC1_CC2_CC3,3T3spike_3T3spike_3T3spike,no
NG015_PC707_WC76,NG015,NA,NA,PC707,ACGCTAATCT,WC76,CACGTCTACG,NA,NG015_P2,mouse_human,CC1_CC2_CC3,3T3spike_3T3spike_3T3spike,no
NG015_PC707_WC77,NG015,NA,NA,PC707,ACGCTAATCT,WC77,AGTCCAGTGA,NA,NG015_P2,mouse_human,CC1_CC2_CC3,3T3spike_3T3spike_3T3spike,no
NG015_PC707_WC78,NG015,NA,NA,PC707,ACGCTAATCT,WC78,ATGCTTGGTC,NA,NG015_P2,mouse_human,CC1_CC2_CC3,3T3spike_3T3spike_3T3spike,no
NG015_PC707_WC79,NG015,NA,NA,PC707,ACGCTAATCT,WC79,TGATACTCGC,NA,NG015_P2,mouse_human,CC1_CC2_CC3,3T3spike_3T3spike_3T3spike,no
NG015_PC707_WC80,NG015,NA,NA,PC707,ACGCTAATCT,WC80,TTATCGAGAG,NA,NG015_P2,mouse_human,CC1_CC2_CC3,3T3spike_3T3spike_3T3spike,no
NG015_PC707_WC81,NG015,NA,NA,PC707,ACGCTAATCT,WC81,TGCCAGTATT,NA,NG015_P2,mouse_human,CC1_CC2_CC3,3T3spike_3T3spike_3T3spike,no
NG015_PC707_WC82,NG015,NA,NA,PC707,ACGCTAATCT,WC82,GAGTTGCATA,NA,NG015_P2,mouse_human,CC1_CC2_CC3,3T3spike_3T3spike_3T3spike,no
NG015_PC707_WC83,NG015,NA,NA,PC707,ACGCTAATCT,WC83,ACACTAGCAT,NA,NG015_P2,mouse_human,CC1_CC2_CC3,3T3spike_3T3spike_3T3spike,no
NG015_PC707_WC84,NG015,NA,NA,PC707,ACGCTAATCT,WC84,GTTCTAATGG,NA,NG015_P2,mouse_human,CC1_CC2_CC3,3T3spike_3T3spike_3T3spike,no
NG015_PC707_WC85,NG015,NA,NA,PC707,ACGCTAATCT,WC85,CGTTCACGTT,NA,NG015_P2,mouse_human,CC1_CC2_CC3,3T3spike_3T3spike_3T3spike,no
NG015_PC707_WC86,NG015,NA,NA,PC707,ACGCTAATCT,WC86,GACTGCGTTA,NA,NG015_P2,mouse_human,CC1_CC2_CC3,3T3spike_3T3spike_3T3spike,no
NG015_PC707_WC87,NG015,NA,NA,PC707,ACGCTAATCT,WC87,TGGCTTATGG,NA,NG015_P2,mouse_human,CC1_CC2_CC3,3T3spike_3T3spike_3T3spike,no
NG015_PC707_WC88,NG015,NA,NA,PC707,ACGCTAATCT,WC88,TCAGAGGCAC,NA,NG015_P2,mouse_human,CC1_CC2_CC3,3T3spike_3T3spike_3T3spike,no
NG015_PC707_WC89,NG015,NA,NA,PC707,ACGCTAATCT,WC89,CGCTAGGCTA,NA,NG015_P2,mouse_human,CC1_CC2_CC3,3T3spike_3T3spike_3T3spike,no
NG015_PC707_WC90,NG015,NA,NA,PC707,ACGCTAATCT,WC90,AACCGTAACA,NA,NG015_P2,mouse_human,CC1_CC2_CC3,3T3spike_3T3spike_3T3spike,no
NG015_PC707_WC91,NG015,NA,NA,PC707,ACGCTAATCT,WC91,CTTGGTATGA,NA,NG015_P2,mouse_human,CC1_CC2_CC3,3T3spike_3T3spike_3T3spike,no
NG015_PC707_WC92,NG015,NA,NA,PC707,ACGCTAATCT,WC92,TGTAGATCCG,NA,NG015_P2,mouse_human,CC1_CC2_CC3,3T3spike_3T3spike_3T3spike,no
NG015_PC707_WC93,NG015,NA,NA,PC707,ACGCTAATCT,WC93,AACTCTACCG,NA,NG015_P2,mouse_human,CC1_CC2_CC3,3T3spike_3T3spike_3T3spike,no
NG015_PC707_WC94,NG015,NA,NA,PC707,ACGCTAATCT,WC94,CGTGACATTC,NA,NG015_P2,mouse_human,CC1_CC2_CC3,3T3spike_3T3spike_3T3spike,no
NG015_PC707_WC95,NG015,NA,NA,PC707,ACGCTAATCT,WC95,CTGTACCAGG,NA,NG015_P2,mouse_human,CC1_CC2_CC3,3T3spike_3T3spike_3T3spike,no
NG015_PC707_WC96,NG015,NA,NA,PC707,ACGCTAATCT,WC96,ACTGGTTCCG,NA,NG015_P2,mouse_human,CC1_CC2_CC3,3T3spike_3T3spike_3T3spike,no
NG015_PC710_WC1,NG015,NA,NA,PC710,GAATAGCAAG,WC1,GTCGTGAATC,NA,NG015_P3,mouse_human,CC1_CC2_CC3,3T3spike_3T3spike_3T3spike,no
NG015_PC710_WC2,NG015,NA,NA,PC710,GAATAGCAAG,WC2,CTGTTCTACG,NA,NG015_P3,mouse_human,CC1_CC2_CC3,3T3spike_3T3spike_3T3spike,no
NG015_PC710_WC3,NG015,NA,NA,PC710,GAATAGCAAG,WC3,GCTCTTAGGT,NA,NG015_P3,mouse_human,CC1_CC2_CC3,3T3spike_3T3spike_3T3spike,no
NG015_PC710_WC4,NG015,NA,NA,PC710,GAATAGCAAG,WC4,TAGAAGCCAT,NA,NG015_P3,mouse_human,CC1_CC2_CC3,3T3spike_3T3spike_3T3spike,no
NG015_PC710_WC5,NG015,NA,NA,PC710,GAATAGCAAG,WC5,CACTTAGGTA,NA,NG015_P3,mouse_human,CC1_CC2_CC3,3T3spike_3T3spike_3T3spike,no
NG015_PC710_WC6,NG015,NA,NA,PC710,GAATAGCAAG,WC6,ATAGGTAAGG,NA,NG015_P3,mouse_human,CC1_CC2_CC3,3T3spike_3T3spike_3T3spike,no
NG015_PC710_WC7,NG015,NA,NA,PC710,GAATAGCAAG,WC7,CGCCTTATAT,NA,NG015_P3,mouse_human,CC1_CC2_CC3,3T3spike_3T3spike_3T3spike,no
NG015_PC710_WC8,NG015,NA,NA,PC710,GAATAGCAAG,WC8,GCACGATGCT,NA,NG015_P3,mouse_human,CC1_CC2_CC3,3T3spike_3T3spike_3T3spike,no
NG015_PC710_WC9,NG015,NA,NA,PC710,GAATAGCAAG,WC9,AATATGCCAG,NA,NG015_P3,mouse_human,CC1_CC2_CC3,3T3spike_3T3spike_3T3spike,no
NG015_PC710_WC10,NG015,NA,NA,PC710,GAATAGCAAG,WC10,TAGAGTCACG,NA,NG015_P3,mouse_human,CC1_CC2_CC3,3T3spike_3T3spike_3T3spike,no
NG015_PC710_WC11,NG015,NA,NA,PC710,GAATAGCAAG,WC11,TTAACAGGTC,NA,NG015_P3,mouse_human,CC1_CC2_CC3,3T3spike_3T3spike_3T3spike,no
NG015_PC710_WC12,NG015,NA,NA,PC710,GAATAGCAAG,WC12,ACATGAGCCA,NA,NG015_P3,mouse_human,CC1_CC2_CC3,3T3spike_3T3spike_3T3spike,no
NG015_PC710_WC13,NG015,NA,NA,PC710,GAATAGCAAG,WC13,GCGAGGTTCT,NA,NG015_P3,mouse_human,CC1_CC2_CC3,3T3spike_3T3spike_3T3spike,no
NG015_PC710_WC14,NG015,NA,NA,PC710,GAATAGCAAG,WC14,TGTCCGTAGG,NA,NG015_P3,mouse_human,CC1_CC2_CC3,3T3spike_3T3spike_3T3spike,no
NG015_PC710_WC15,NG015,NA,NA,PC710,GAATAGCAAG,WC15,CATTATGCCT,NA,NG015_P3,mouse_human,CC1_CC2_CC3,3T3spike_3T3spike_3T3spike,no
NG015_PC710_WC16,NG015,NA,NA,PC710,GAATAGCAAG,WC16,TCCACTGTTG,NA,NG015_P3,mouse_human,CC1_CC2_CC3,3T3spike_3T3spike_3T3spike,no
NG015_PC710_WC17,NG015,NA,NA,PC710,GAATAGCAAG,WC17,CTTAACGACA,NA,NG015_P3,mouse_human,CC1_CC2_CC3,3T3spike_3T3spike_3T3spike,no
NG015_PC710_WC18,NG015,NA,NA,PC710,GAATAGCAAG,WC18,TCCTCGAGCT,NA,NG015_P3,mouse_human,CC1_CC2_CC3,3T3spike_3T3spike_3T3spike,no
NG015_PC710_WC19,NG015,NA,NA,PC710,GAATAGCAAG,WC19,CGAGTAATGT,NA,NG015_P3,mouse_human,CC1_CC2_CC3,3T3spike_3T3spike_3T3spike,no
NG015_PC710_WC20,NG015,NA,NA,PC710,GAATAGCAAG,WC20,CATACCGCTG,NA,NG015_P3,mouse_human,CC1_CC2_CC3,3T3spike_3T3spike_3T3spike,no
NG015_PC710_WC21,NG015,NA,NA,PC710,GAATAGCAAG,WC21,GCTACTTGCA,NA,NG015_P3,mouse_human,CC1_CC2_CC3,3T3spike_3T3spike_3T3spike,no
NG015_PC710_WC22,NG015,NA,NA,PC710,GAATAGCAAG,WC22,GCTATTGAAG,NA,NG015_P3,mouse_human,CC1_CC2_CC3,3T3spike_3T3spike_3T3spike,no
NG015_PC710_WC23,NG015,NA,NA,PC710,GAATAGCAAG,WC23,TCAGCATCCG,NA,NG015_P3,mouse_human,CC1_CC2_CC3,3T3spike_3T3spike_3T3spike,no
NG015_PC710_WC24,NG015,NA,NA,PC710,GAATAGCAAG,WC24,TAGGTGGTGG,NA,NG015_P3,mouse_human,CC1_CC2_CC3,3T3spike_3T3spike_3T3spike,no
NG015_PC710_WC25,NG015,NA,NA,PC710,GAATAGCAAG,WC25,AAGATCGGAT,NA,NG015_P3,mouse_human,CC1_CC2_CC3,3T3spike_3T3spike_3T3spike,no
NG015_PC710_WC26,NG015,NA,NA,PC710,GAATAGCAAG,WC26,TTAACGTCCG,NA,NG015_P3,mouse_human,CC1_CC2_CC3,3T3spike_3T3spike_3T3spike,no
NG015_PC710_WC27,NG015,NA,NA,PC710,GAATAGCAAG,WC27,ATTACCGATC,NA,NG015_P3,mouse_human,CC1_CC2_CC3,3T3spike_3T3spike_3T3spike,no
NG015_PC710_WC28,NG015,NA,NA,PC710,GAATAGCAAG,WC28,GTTGCATCGT,NA,NG015_P3,mouse_human,CC1_CC2_CC3,3T3spike_3T3spike_3T3spike,no
NG015_PC710_WC29,NG015,NA,NA,PC710,GAATAGCAAG,WC29,ACTGGACGTT,NA,NG015_P3,mouse_human,CC1_CC2_CC3,3T3spike_3T3spike_3T3spike,no
NG015_PC710_WC30,NG015,NA,NA,PC710,GAATAGCAAG,WC30,TTGTTCGTGT,NA,NG015_P3,mouse_human,CC1_CC2_CC3,3T3spike_3T3spike_3T3spike,no
NG015_PC710_WC31,NG015,NA,NA,PC710,GAATAGCAAG,WC31,ACGGACTGAG,NA,NG015_P3,mouse_human,CC1_CC2_CC3,3T3spike_3T3spike_3T3spike,no
NG015_PC710_WC32,NG015,NA,NA,PC710,GAATAGCAAG,WC32,CACCGTCATA,NA,NG015_P3,mouse_human,CC1_CC2_CC3,3T3spike_3T3spike_3T3spike,no
NG015_PC710_WC33,NG015,NA,NA,PC710,GAATAGCAAG,WC33,GTAGTTGTGT,NA,NG015_P3,mouse_human,CC1_CC2_CC3,3T3spike_3T3spike_3T3spike,no
NG015_PC710_WC34,NG015,NA,NA,PC710,GAATAGCAAG,WC34,CTGAGTCCTT,NA,NG015_P3,mouse_human,CC1_CC2_CC3,3T3spike_3T3spike_3T3spike,no
NG015_PC710_WC35,NG015,NA,NA,PC710,GAATAGCAAG,WC35,TCACAGTTGC,NA,NG015_P3,mouse_human,CC1_CC2_CC3,3T3spike_3T3spike_3T3spike,no
NG015_PC710_WC36,NG015,NA,NA,PC710,GAATAGCAAG,WC36,ATTGTAAGCG,NA,NG015_P3,mouse_human,CC1_CC2_CC3,3T3spike_3T3spike_3T3spike,no
NG015_PC710_WC37,NG015,NA,NA,PC710,GAATAGCAAG,WC37,CGGTCTCTCT,NA,NG015_P3,mouse_human,CC1_CC2_CC3,3T3spike_3T3spike_3T3spike,no
NG015_PC710_WC38,NG015,NA,NA,PC710,GAATAGCAAG,WC38,AACAGCAATG,NA,NG015_P3,mouse_human,CC1_CC2_CC3,3T3spike_3T3spike_3T3spike,no
NG015_PC710_WC39,NG015,NA,NA,PC710,GAATAGCAAG,WC39,TCCGTGTTGC,NA,NG015_P3,mouse_human,CC1_CC2_CC3,3T3spike_3T3spike_3T3spike,no
NG015_PC710_WC40,NG015,NA,NA,PC710,GAATAGCAAG,WC40,TGCGAAGTGA,NA,NG015_P3,mouse_human,CC1_CC2_CC3,3T3spike_3T3spike_3T3spike,no
NG015_PC710_WC41,NG015,NA,NA,PC710,GAATAGCAAG,WC41,CACAGCTATT,NA,NG015_P3,mouse_human,CC1_CC2_CC3,3T3spike_3T3spike_3T3spike,no
NG015_PC710_WC42,NG015,NA,NA,PC710,GAATAGCAAG,WC42,GATAGTGTTC,NA,NG015_P3,mouse_human,CC1_CC2_CC3,3T3spike_3T3spike_3T3spike,no
NG015_PC710_WC43,NG015,NA,NA,PC710,GAATAGCAAG,WC43,TAGCTACCAG,NA,NG015_P3,mouse_human,CC1_CC2_CC3,3T3spike_3T3spike_3T3spike,no
NG015_PC710_WC44,NG015,NA,NA,PC710,GAATAGCAAG,WC44,TGCTCACGCA,NA,NG015_P3,mouse_human,CC1_CC2_CC3,3T3spike_3T3spike_3T3spike,no
NG015_PC710_WC45,NG015,NA,NA,PC710,GAATAGCAAG,WC45,AAGTGTGCTA,NA,NG015_P3,mouse_human,CC1_CC2_CC3,3T3spike_3T3spike_3T3spike,no
NG015_PC710_WC46,NG015,NA,NA,PC710,GAATAGCAAG,WC46,TCATCGTCTG,NA,NG015_P3,mouse_human,CC1_CC2_CC3,3T3spike_3T3spike_3T3spike,no
NG015_PC710_WC47,NG015,NA,NA,PC710,GAATAGCAAG,WC47,AGATGCTCCG,NA,NG015_P3,mouse_human,CC1_CC2_CC3,3T3spike_3T3spike_3T3spike,no
NG015_PC710_WC48,NG015,NA,NA,PC710,GAATAGCAAG,WC48,GAACCAAGCG,NA,NG015_P3,mouse_human,CC1_CC2_CC3,3T3spike_3T3spike_3T3spike,no
NG015_PC710_WC49,NG015,NA,NA,PC710,GAATAGCAAG,WC49,CCTCTTCAAG,NA,NG015_P3,mouse_human,CC1_CC2_CC3,3T3spike_3T3spike_3T3spike,no
NG015_PC710_WC50,NG015,NA,NA,PC710,GAATAGCAAG,WC50,CGTCGCATCT,NA,NG015_P3,mouse_human,CC1_CC2_CC3,3T3spike_3T3spike_3T3spike,no
NG015_PC710_WC51,NG015,NA,NA,PC710,GAATAGCAAG,WC51,CCGAACGTTC,NA,NG015_P3,mouse_human,CC1_CC2_CC3,3T3spike_3T3spike_3T3spike,no
NG015_PC710_WC52,NG015,NA,NA,PC710,GAATAGCAAG,WC52,GAATGGCGTT,NA,NG015_P3,mouse_human,CC1_CC2_CC3,3T3spike_3T3spike_3T3spike,no
NG015_PC710_WC53,NG015,NA,NA,PC710,GAATAGCAAG,WC53,AAGTTCAGGA,NA,NG015_P3,mouse_human,CC1_CC2_CC3,3T3spike_3T3spike_3T3spike,no
NG015_PC710_WC54,NG015,NA,NA,PC710,GAATAGCAAG,WC54,GACCAATTGT,NA,NG015_P3,mouse_human,CC1_CC2_CC3,3T3spike_3T3spike_3T3spike,no
NG015_PC710_WC55,NG015,NA,NA,PC710,GAATAGCAAG,WC55,TGTCTGTGAC,NA,NG015_P3,mouse_human,CC1_CC2_CC3,3T3spike_3T3spike_3T3spike,no
NG015_PC710_WC56,NG015,NA,NA,PC710,GAATAGCAAG,WC56,GAACATTGGC,NA,NG015_P3,mouse_human,CC1_CC2_CC3,3T3spike_3T3spike_3T3spike,no
NG015_PC710_WC57,NG015,NA,NA,PC710,GAATAGCAAG,WC57,CGTAACACTA,NA,NG015_P3,mouse_human,CC1_CC2_CC3,3T3spike_3T3spike_3T3spike,no
NG015_PC710_WC58,NG015,NA,NA,PC710,GAATAGCAAG,WC58,GTACTTCCAA,NA,NG015_P3,mouse_human,CC1_CC2_CC3,3T3spike_3T3spike_3T3spike,no
NG015_PC710_WC59,NG015,NA,NA,PC710,GAATAGCAAG,WC59,TTAGCGTCTT,NA,NG015_P3,mouse_human,CC1_CC2_CC3,3T3spike_3T3spike_3T3spike,no
NG015_PC710_WC60,NG015,NA,NA,PC710,GAATAGCAAG,WC60,TTGACCGTCT,NA,NG015_P3,mouse_human,CC1_CC2_CC3,3T3spike_3T3spike_3T3spike,no
NG015_PC710_WC61,NG015,NA,NA,PC710,GAATAGCAAG,WC61,ACGGCTTCTC,NA,NG015_P3,mouse_human,CC1_CC2_CC3,3T3spike_3T3spike_3T3spike,no
NG015_PC710_WC62,NG015,NA,NA,PC710,GAATAGCAAG,WC62,TGCGATGTAT,NA,NG015_P3,mouse_human,CC1_CC2_CC3,3T3spike_3T3spike_3T3spike,no
NG015_PC710_WC63,NG015,NA,NA,PC710,GAATAGCAAG,WC63,GCGTTCAGCA,NA,NG015_P3,mouse_human,CC1_CC2_CC3,3T3spike_3T3spike_3T3spike,no
NG015_PC710_WC64,NG015,NA,NA,PC710,GAATAGCAAG,WC64,GCCTAGGAAG,NA,NG015_P3,mouse_human,CC1_CC2_CC3,3T3spike_3T3spike_3T3spike,no
NG015_PC710_WC65,NG015,NA,NA,PC710,GAATAGCAAG,WC65,GTTACCAACG,NA,NG015_P3,mouse_human,CC1_CC2_CC3,3T3spike_3T3spike_3T3spike,no
NG015_PC710_WC66,NG015,NA,NA,PC710,GAATAGCAAG,WC66,ACGAACCAAG,NA,NG015_P3,mouse_human,CC1_CC2_CC3,3T3spike_3T3spike_3T3spike,no
NG015_PC710_WC67,NG015,NA,NA,PC710,GAATAGCAAG,WC67,CACGCAAGTC,NA,NG015_P3,mouse_human,CC1_CC2_CC3,3T3spike_3T3spike_3T3spike,no
NG015_PC710_WC68,NG015,NA,NA,PC710,GAATAGCAAG,WC68,GCTGGAGAAG,NA,NG015_P3,mouse_human,CC1_CC2_CC3,3T3spike_3T3spike_3T3spike,no
NG015_PC710_WC69,NG015,NA,NA,PC710,GAATAGCAAG,WC69,CCAGTGTACG,NA,NG015_P3,mouse_human,CC1_CC2_CC3,3T3spike_3T3spike_3T3spike,no
NG015_PC710_WC70,NG015,NA,NA,PC710,GAATAGCAAG,WC70,GTTGATGCGA,NA,NG015_P3,mouse_human,CC1_CC2_CC3,3T3spike_3T3spike_3T3spike,no
NG015_PC710_WC71,NG015,NA,NA,PC710,GAATAGCAAG,WC71,CGCTTGTTAT,NA,NG015_P3,mouse_human,CC1_CC2_CC3,3T3spike_3T3spike_3T3spike,no
NG015_PC710_WC72,NG015,NA,NA,PC710,GAATAGCAAG,WC72,GTAACGTTCA,NA,NG015_P3,mouse_human,CC1_CC2_CC3,3T3spike_3T3spike_3T3spike,no
NG015_PC710_WC73,NG015,NA,NA,PC710,GAATAGCAAG,WC73,CCGAGTCTTC,NA,NG015_P3,mouse_human,CC1_CC2_CC3,3T3spike_3T3spike_3T3spike,no
NG015_PC710_WC74,NG015,NA,NA,PC710,GAATAGCAAG,WC74,TATTGCGCTA,NA,NG015_P3,mouse_human,CC1_CC2_CC3,3T3spike_3T3spike_3T3spike,no
NG015_PC710_WC75,NG015,NA,NA,PC710,GAATAGCAAG,WC75,TGTGGTCTAA,NA,NG015_P3,mouse_human,CC1_CC2_CC3,3T3spike_3T3spike_3T3spike,no
NG015_PC710_WC76,NG015,NA,NA,PC710,GAATAGCAAG,WC76,CACGTCTACG,NA,NG015_P3,mouse_human,CC1_CC2_CC3,3T3spike_3T3spike_3T3spike,no
NG015_PC710_WC77,NG015,NA,NA,PC710,GAATAGCAAG,WC77,AGTCCAGTGA,NA,NG015_P3,mouse_human,CC1_CC2_CC3,3T3spike_3T3spike_3T3spike,no
NG015_PC710_WC78,NG015,NA,NA,PC710,GAATAGCAAG,WC78,ATGCTTGGTC,NA,NG015_P3,mouse_human,CC1_CC2_CC3,3T3spike_3T3spike_3T3spike,no
NG015_PC710_WC79,NG015,NA,NA,PC710,GAATAGCAAG,WC79,TGATACTCGC,NA,NG015_P3,mouse_human,CC1_CC2_CC3,3T3spike_3T3spike_3T3spike,no
NG015_PC710_WC80,NG015,NA,NA,PC710,GAATAGCAAG,WC80,TTATCGAGAG,NA,NG015_P3,mouse_human,CC1_CC2_CC3,3T3spike_3T3spike_3T3spike,no
NG015_PC710_WC81,NG015,NA,NA,PC710,GAATAGCAAG,WC81,TGCCAGTATT,NA,NG015_P3,mouse_human,CC1_CC2_CC3,3T3spike_3T3spike_3T3spike,no
NG015_PC710_WC82,NG015,NA,NA,PC710,GAATAGCAAG,WC82,GAGTTGCATA,NA,NG015_P3,mouse_human,CC1_CC2_CC3,3T3spike_3T3spike_3T3spike,no
NG015_PC710_WC83,NG015,NA,NA,PC710,GAATAGCAAG,WC83,ACACTAGCAT,NA,NG015_P3,mouse_human,CC1_CC2_CC3,3T3spike_3T3spike_3T3spike,no
NG015_PC710_WC84,NG015,NA,NA,PC710,GAATAGCAAG,WC84,GTTCTAATGG,NA,NG015_P3,mouse_human,CC1_CC2_CC3,3T3spike_3T3spike_3T3spike,no
NG015_PC710_WC85,NG015,NA,NA,PC710,GAATAGCAAG,WC85,CGTTCACGTT,NA,NG015_P3,mouse_human,CC1_CC2_CC3,3T3spike_3T3spike_3T3spike,no
NG015_PC710_WC86,NG015,NA,NA,PC710,GAATAGCAAG,WC86,GACTGCGTTA,NA,NG015_P3,mouse_human,CC1_CC2_CC3,3T3spike_3T3spike_3T3spike,no
NG015_PC710_WC87,NG015,NA,NA,PC710,GAATAGCAAG,WC87,TGGCTTATGG,NA,NG015_P3,mouse_human,CC1_CC2_CC3,3T3spike_3T3spike_3T3spike,no
NG015_PC710_WC88,NG015,NA,NA,PC710,GAATAGCAAG,WC88,TCAGAGGCAC,NA,NG015_P3,mouse_human,CC1_CC2_CC3,3T3spike_3T3spike_3T3spike,no
NG015_PC710_WC89,NG015,NA,NA,PC710,GAATAGCAAG,WC89,CGCTAGGCTA,NA,NG015_P3,mouse_human,CC1_CC2_CC3,3T3spike_3T3spike_3T3spike,no
NG015_PC710_WC90,NG015,NA,NA,PC710,GAATAGCAAG,WC90,AACCGTAACA,NA,NG015_P3,mouse_human,CC1_CC2_CC3,3T3spike_3T3spike_3T3spike,no
NG015_PC710_WC91,NG015,NA,NA,PC710,GAATAGCAAG,WC91,CTTGGTATGA,NA,NG015_P3,mouse_human,CC1_CC2_CC3,3T3spike_3T3spike_3T3spike,no
NG015_PC710_WC92,NG015,NA,NA,PC710,GAATAGCAAG,WC92,TGTAGATCCG,NA,NG015_P3,mouse_human,CC1_CC2_CC3,3T3spike_3T3spike_3T3spike,no
NG015_PC710_WC93,NG015,NA,NA,PC710,GAATAGCAAG,WC93,AACTCTACCG,NA,NG015_P3,mouse_human,CC1_CC2_CC3,3T3spike_3T3spike_3T3spike,no
NG015_PC710_WC94,NG015,NA,NA,PC710,GAATAGCAAG,WC94,CGTGACATTC,NA,NG015_P3,mouse_human,CC1_CC2_CC3,3T3spike_3T3spike_3T3spike,no
NG015_PC710_WC95,NG015,NA,NA,PC710,GAATAGCAAG,WC95,CTGTACCAGG,NA,NG015_P3,mouse_human,CC1_CC2_CC3,3T3spike_3T3spike_3T3spike,no
NG015_PC710_WC96,NG015,NA,NA,PC710,GAATAGCAAG,WC96,ACTGGTTCCG,NA,NG015_P3,mouse_human,CC1_CC2_CC3,3T3spike_3T3spike_3T3spike,no
NG015_PC711_WC1,NG015,NA,NA,PC711,CCTGGTGAGA,WC1,GTCGTGAATC,NA,NG015_P4,mouse_human,CC1_CC2_CC3,3T3spike_3T3spike_3T3spike,no
NG015_PC711_WC2,NG015,NA,NA,PC711,CCTGGTGAGA,WC2,CTGTTCTACG,NA,NG015_P4,mouse_human,CC1_CC2_CC3,3T3spike_3T3spike_3T3spike,no
NG015_PC711_WC3,NG015,NA,NA,PC711,CCTGGTGAGA,WC3,GCTCTTAGGT,NA,NG015_P4,mouse_human,CC1_CC2_CC3,3T3spike_3T3spike_3T3spike,no
NG015_PC711_WC4,NG015,NA,NA,PC711,CCTGGTGAGA,WC4,TAGAAGCCAT,NA,NG015_P4,mouse_human,CC1_CC2_CC3,3T3spike_3T3spike_3T3spike,no
NG015_PC711_WC5,NG015,NA,NA,PC711,CCTGGTGAGA,WC5,CACTTAGGTA,NA,NG015_P4,mouse_human,CC1_CC2_CC3,3T3spike_3T3spike_3T3spike,no
NG015_PC711_WC6,NG015,NA,NA,PC711,CCTGGTGAGA,WC6,ATAGGTAAGG,NA,NG015_P4,mouse_human,CC1_CC2_CC3,3T3spike_3T3spike_3T3spike,no
NG015_PC711_WC7,NG015,NA,NA,PC711,CCTGGTGAGA,WC7,CGCCTTATAT,NA,NG015_P4,mouse_human,CC1_CC2_CC3,3T3spike_3T3spike_3T3spike,no
NG015_PC711_WC8,NG015,NA,NA,PC711,CCTGGTGAGA,WC8,GCACGATGCT,NA,NG015_P4,mouse_human,CC1_CC2_CC3,3T3spike_3T3spike_3T3spike,no
NG015_PC711_WC9,NG015,NA,NA,PC711,CCTGGTGAGA,WC9,AATATGCCAG,NA,NG015_P4,mouse_human,CC1_CC2_CC3,3T3spike_3T3spike_3T3spike,no
NG015_PC711_WC10,NG015,NA,NA,PC711,CCTGGTGAGA,WC10,TAGAGTCACG,NA,NG015_P4,mouse_human,CC1_CC2_CC3,3T3spike_3T3spike_3T3spike,no
NG015_PC711_WC11,NG015,NA,NA,PC711,CCTGGTGAGA,WC11,TTAACAGGTC,NA,NG015_P4,mouse_human,CC1_CC2_CC3,3T3spike_3T3spike_3T3spike,no
NG015_PC711_WC12,NG015,NA,NA,PC711,CCTGGTGAGA,WC12,ACATGAGCCA,NA,NG015_P4,mouse_human,CC1_CC2_CC3,3T3spike_3T3spike_3T3spike,no
NG015_PC711_WC13,NG015,NA,NA,PC711,CCTGGTGAGA,WC13,GCGAGGTTCT,NA,NG015_P4,mouse_human,CC1_CC2_CC3,3T3spike_3T3spike_3T3spike,no
NG015_PC711_WC14,NG015,NA,NA,PC711,CCTGGTGAGA,WC14,TGTCCGTAGG,NA,NG015_P4,mouse_human,CC1_CC2_CC3,3T3spike_3T3spike_3T3spike,no
NG015_PC711_WC15,NG015,NA,NA,PC711,CCTGGTGAGA,WC15,CATTATGCCT,NA,NG015_P4,mouse_human,CC1_CC2_CC3,3T3spike_3T3spike_3T3spike,no
NG015_PC711_WC16,NG015,NA,NA,PC711,CCTGGTGAGA,WC16,TCCACTGTTG,NA,NG015_P4,mouse_human,CC1_CC2_CC3,3T3spike_3T3spike_3T3spike,no
NG015_PC711_WC17,NG015,NA,NA,PC711,CCTGGTGAGA,WC17,CTTAACGACA,NA,NG015_P4,mouse_human,CC1_CC2_CC3,3T3spike_3T3spike_3T3spike,no
NG015_PC711_WC18,NG015,NA,NA,PC711,CCTGGTGAGA,WC18,TCCTCGAGCT,NA,NG015_P4,mouse_human,CC1_CC2_CC3,3T3spike_3T3spike_3T3spike,no
NG015_PC711_WC19,NG015,NA,NA,PC711,CCTGGTGAGA,WC19,CGAGTAATGT,NA,NG015_P4,mouse_human,CC1_CC2_CC3,3T3spike_3T3spike_3T3spike,no
NG015_PC711_WC20,NG015,NA,NA,PC711,CCTGGTGAGA,WC20,CATACCGCTG,NA,NG015_P4,mouse_human,CC1_CC2_CC3,3T3spike_3T3spike_3T3spike,no
NG015_PC711_WC21,NG015,NA,NA,PC711,CCTGGTGAGA,WC21,GCTACTTGCA,NA,NG015_P4,mouse_human,CC1_CC2_CC3,3T3spike_3T3spike_3T3spike,no
NG015_PC711_WC22,NG015,NA,NA,PC711,CCTGGTGAGA,WC22,GCTATTGAAG,NA,NG015_P4,mouse_human,CC1_CC2_CC3,3T3spike_3T3spike_3T3spike,no
NG015_PC711_WC23,NG015,NA,NA,PC711,CCTGGTGAGA,WC23,TCAGCATCCG,NA,NG015_P4,mouse_human,CC1_CC2_CC3,3T3spike_3T3spike_3T3spike,no
NG015_PC711_WC24,NG015,NA,NA,PC711,CCTGGTGAGA,WC24,TAGGTGGTGG,NA,NG015_P4,mouse_human,CC1_CC2_CC3,3T3spike_3T3spike_3T3spike,no
NG015_PC711_WC25,NG015,NA,NA,PC711,CCTGGTGAGA,WC25,AAGATCGGAT,NA,NG015_P4,mouse_human,CC1_CC2_CC3,3T3spike_3T3spike_3T3spike,no
NG015_PC711_WC26,NG015,NA,NA,PC711,CCTGGTGAGA,WC26,TTAACGTCCG,NA,NG015_P4,mouse_human,CC1_CC2_CC3,3T3spike_3T3spike_3T3spike,no
NG015_PC711_WC27,NG015,NA,NA,PC711,CCTGGTGAGA,WC27,ATTACCGATC,NA,NG015_P4,mouse_human,CC1_CC2_CC3,3T3spike_3T3spike_3T3spike,no
NG015_PC711_WC28,NG015,NA,NA,PC711,CCTGGTGAGA,WC28,GTTGCATCGT,NA,NG015_P4,mouse_human,CC1_CC2_CC3,3T3spike_3T3spike_3T3spike,no
NG015_PC711_WC29,NG015,NA,NA,PC711,CCTGGTGAGA,WC29,ACTGGACGTT,NA,NG015_P4,mouse_human,CC1_CC2_CC3,3T3spike_3T3spike_3T3spike,no
NG015_PC711_WC30,NG015,NA,NA,PC711,CCTGGTGAGA,WC30,TTGTTCGTGT,NA,NG015_P4,mouse_human,CC1_CC2_CC3,3T3spike_3T3spike_3T3spike,no
NG015_PC711_WC31,NG015,NA,NA,PC711,CCTGGTGAGA,WC31,ACGGACTGAG,NA,NG015_P4,mouse_human,CC1_CC2_CC3,3T3spike_3T3spike_3T3spike,no
NG015_PC711_WC32,NG015,NA,NA,PC711,CCTGGTGAGA,WC32,CACCGTCATA,NA,NG015_P4,mouse_human,CC1_CC2_CC3,3T3spike_3T3spike_3T3spike,no
NG015_PC711_WC33,NG015,NA,NA,PC711,CCTGGTGAGA,WC33,GTAGTTGTGT,NA,NG015_P4,mouse_human,CC1_CC2_CC3,3T3spike_3T3spike_3T3spike,no
NG015_PC711_WC34,NG015,NA,NA,PC711,CCTGGTGAGA,WC34,CTGAGTCCTT,NA,NG015_P4,mouse_human,CC1_CC2_CC3,3T3spike_3T3spike_3T3spike,no
NG015_PC711_WC35,NG015,NA,NA,PC711,CCTGGTGAGA,WC35,TCACAGTTGC,NA,NG015_P4,mouse_human,CC1_CC2_CC3,3T3spike_3T3spike_3T3spike,no
NG015_PC711_WC36,NG015,NA,NA,PC711,CCTGGTGAGA,WC36,ATTGTAAGCG,NA,NG015_P4,mouse_human,CC1_CC2_CC3,3T3spike_3T3spike_3T3spike,no
NG015_PC711_WC37,NG015,NA,NA,PC711,CCTGGTGAGA,WC37,CGGTCTCTCT,NA,NG015_P4,mouse_human,CC1_CC2_CC3,3T3spike_3T3spike_3T3spike,no
NG015_PC711_WC38,NG015,NA,NA,PC711,CCTGGTGAGA,WC38,AACAGCAATG,NA,NG015_P4,mouse_human,CC1_CC2_CC3,3T3spike_3T3spike_3T3spike,no
NG015_PC711_WC39,NG015,NA,NA,PC711,CCTGGTGAGA,WC39,TCCGTGTTGC,NA,NG015_P4,mouse_human,CC1_CC2_CC3,3T3spike_3T3spike_3T3spike,no
NG015_PC711_WC40,NG015,NA,NA,PC711,CCTGGTGAGA,WC40,TGCGAAGTGA,NA,NG015_P4,mouse_human,CC1_CC2_CC3,3T3spike_3T3spike_3T3spike,no
NG015_PC711_WC41,NG015,NA,NA,PC711,CCTGGTGAGA,WC41,CACAGCTATT,NA,NG015_P4,mouse_human,CC1_CC2_CC3,3T3spike_3T3spike_3T3spike,no
NG015_PC711_WC42,NG015,NA,NA,PC711,CCTGGTGAGA,WC42,GATAGTGTTC,NA,NG015_P4,mouse_human,CC1_CC2_CC3,3T3spike_3T3spike_3T3spike,no
NG015_PC711_WC43,NG015,NA,NA,PC711,CCTGGTGAGA,WC43,TAGCTACCAG,NA,NG015_P4,mouse_human,CC1_CC2_CC3,3T3spike_3T3spike_3T3spike,no
NG015_PC711_WC44,NG015,NA,NA,PC711,CCTGGTGAGA,WC44,TGCTCACGCA,NA,NG015_P4,mouse_human,CC1_CC2_CC3,3T3spike_3T3spike_3T3spike,no
NG015_PC711_WC45,NG015,NA,NA,PC711,CCTGGTGAGA,WC45,AAGTGTGCTA,NA,NG015_P4,mouse_human,CC1_CC2_CC3,3T3spike_3T3spike_3T3spike,no
NG015_PC711_WC46,NG015,NA,NA,PC711,CCTGGTGAGA,WC46,TCATCGTCTG,NA,NG015_P4,mouse_human,CC1_CC2_CC3,3T3spike_3T3spike_3T3spike,no
NG015_PC711_WC47,NG015,NA,NA,PC711,CCTGGTGAGA,WC47,AGATGCTCCG,NA,NG015_P4,mouse_human,CC1_CC2_CC3,3T3spike_3T3spike_3T3spike,no
NG015_PC711_WC48,NG015,NA,NA,PC711,CCTGGTGAGA,WC48,GAACCAAGCG,NA,NG015_P4,mouse_human,CC1_CC2_CC3,3T3spike_3T3spike_3T3spike,no
NG015_PC711_WC49,NG015,NA,NA,PC711,CCTGGTGAGA,WC49,CCTCTTCAAG,NA,NG015_P4,mouse_human,CC1_CC2_CC3,3T3spike_3T3spike_3T3spike,no
NG015_PC711_WC50,NG015,NA,NA,PC711,CCTGGTGAGA,WC50,CGTCGCATCT,NA,NG015_P4,mouse_human,CC1_CC2_CC3,3T3spike_3T3spike_3T3spike,no
NG015_PC711_WC51,NG015,NA,NA,PC711,CCTGGTGAGA,WC51,CCGAACGTTC,NA,NG015_P4,mouse_human,CC1_CC2_CC3,3T3spike_3T3spike_3T3spike,no
NG015_PC711_WC52,NG015,NA,NA,PC711,CCTGGTGAGA,WC52,GAATGGCGTT,NA,NG015_P4,mouse_human,CC1_CC2_CC3,3T3spike_3T3spike_3T3spike,no
NG015_PC711_WC53,NG015,NA,NA,PC711,CCTGGTGAGA,WC53,AAGTTCAGGA,NA,NG015_P4,mouse_human,CC1_CC2_CC3,3T3spike_3T3spike_3T3spike,no
NG015_PC711_WC54,NG015,NA,NA,PC711,CCTGGTGAGA,WC54,GACCAATTGT,NA,NG015_P4,mouse_human,CC1_CC2_CC3,3T3spike_3T3spike_3T3spike,no
NG015_PC711_WC55,NG015,NA,NA,PC711,CCTGGTGAGA,WC55,TGTCTGTGAC,NA,NG015_P4,mouse_human,CC1_CC2_CC3,3T3spike_3T3spike_3T3spike,no
NG015_PC711_WC56,NG015,NA,NA,PC711,CCTGGTGAGA,WC56,GAACATTGGC,NA,NG015_P4,mouse_human,CC1_CC2_CC3,3T3spike_3T3spike_3T3spike,no
NG015_PC711_WC57,NG015,NA,NA,PC711,CCTGGTGAGA,WC57,CGTAACACTA,NA,NG015_P4,mouse_human,CC1_CC2_CC3,3T3spike_3T3spike_3T3spike,no
NG015_PC711_WC58,NG015,NA,NA,PC711,CCTGGTGAGA,WC58,GTACTTCCAA,NA,NG015_P4,mouse_human,CC1_CC2_CC3,3T3spike_3T3spike_3T3spike,no
NG015_PC711_WC59,NG015,NA,NA,PC711,CCTGGTGAGA,WC59,TTAGCGTCTT,NA,NG015_P4,mouse_human,CC1_CC2_CC3,3T3spike_3T3spike_3T3spike,no
NG015_PC711_WC60,NG015,NA,NA,PC711,CCTGGTGAGA,WC60,TTGACCGTCT,NA,NG015_P4,mouse_human,CC1_CC2_CC3,3T3spike_3T3spike_3T3spike,no
NG015_PC711_WC61,NG015,NA,NA,PC711,CCTGGTGAGA,WC61,ACGGCTTCTC,NA,NG015_P4,mouse_human,CC1_CC2_CC3,3T3spike_3T3spike_3T3spike,no
NG015_PC711_WC62,NG015,NA,NA,PC711,CCTGGTGAGA,WC62,TGCGATGTAT,NA,NG015_P4,mouse_human,CC1_CC2_CC3,3T3spike_3T3spike_3T3spike,no
NG015_PC711_WC63,NG015,NA,NA,PC711,CCTGGTGAGA,WC63,GCGTTCAGCA,NA,NG015_P4,mouse_human,CC1_CC2_CC3,3T3spike_3T3spike_3T3spike,no
NG015_PC711_WC64,NG015,NA,NA,PC711,CCTGGTGAGA,WC64,GCCTAGGAAG,NA,NG015_P4,mouse_human,CC1_CC2_CC3,3T3spike_3T3spike_3T3spike,no
NG015_PC711_WC65,NG015,NA,NA,PC711,CCTGGTGAGA,WC65,GTTACCAACG,NA,NG015_P4,mouse_human,CC1_CC2_CC3,3T3spike_3T3spike_3T3spike,no
NG015_PC711_WC66,NG015,NA,NA,PC711,CCTGGTGAGA,WC66,ACGAACCAAG,NA,NG015_P4,mouse_human,CC1_CC2_CC3,3T3spike_3T3spike_3T3spike,no
NG015_PC711_WC67,NG015,NA,NA,PC711,CCTGGTGAGA,WC67,CACGCAAGTC,NA,NG015_P4,mouse_human,CC1_CC2_CC3,3T3spike_3T3spike_3T3spike,no
NG015_PC711_WC68,NG015,NA,NA,PC711,CCTGGTGAGA,WC68,GCTGGAGAAG,NA,NG015_P4,mouse_human,CC1_CC2_CC3,3T3spike_3T3spike_3T3spike,no
NG015_PC711_WC69,NG015,NA,NA,PC711,CCTGGTGAGA,WC69,CCAGTGTACG,NA,NG015_P4,mouse_human,CC1_CC2_CC3,3T3spike_3T3spike_3T3spike,no
NG015_PC711_WC70,NG015,NA,NA,PC711,CCTGGTGAGA,WC70,GTTGATGCGA,NA,NG015_P4,mouse_human,CC1_CC2_CC3,3T3spike_3T3spike_3T3spike,no
NG015_PC711_WC71,NG015,NA,NA,PC711,CCTGGTGAGA,WC71,CGCTTGTTAT,NA,NG015_P4,mouse_human,CC1_CC2_CC3,3T3spike_3T3spike_3T3spike,no
NG015_PC711_WC72,NG015,NA,NA,PC711,CCTGGTGAGA,WC72,GTAACGTTCA,NA,NG015_P4,mouse_human,CC1_CC2_CC3,3T3spike_3T3spike_3T3spike,no
NG015_PC711_WC73,NG015,NA,NA,PC711,CCTGGTGAGA,WC73,CCGAGTCTTC,NA,NG015_P4,mouse_human,CC1_CC2_CC3,3T3spike_3T3spike_3T3spike,no
NG015_PC711_WC74,NG015,NA,NA,PC711,CCTGGTGAGA,WC74,TATTGCGCTA,NA,NG015_P4,mouse_human,CC1_CC2_CC3,3T3spike_3T3spike_3T3spike,no
NG015_PC711_WC75,NG015,NA,NA,PC711,CCTGGTGAGA,WC75,TGTGGTCTAA,NA,NG015_P4,mouse_human,CC1_CC2_CC3,3T3spike_3T3spike_3T3spike,no
NG015_PC711_WC76,NG015,NA,NA,PC711,CCTGGTGAGA,WC76,CACGTCTACG,NA,NG015_P4,mouse_human,CC1_CC2_CC3,3T3spike_3T3spike_3T3spike,no
NG015_PC711_WC77,NG015,NA,NA,PC711,CCTGGTGAGA,WC77,AGTCCAGTGA,NA,NG015_P4,mouse_human,CC1_CC2_CC3,3T3spike_3T3spike_3T3spike,no
NG015_PC711_WC78,NG015,NA,NA,PC711,CCTGGTGAGA,WC78,ATGCTTGGTC,NA,NG015_P4,mouse_human,CC1_CC2_CC3,3T3spike_3T3spike_3T3spike,no
NG015_PC711_WC79,NG015,NA,NA,PC711,CCTGGTGAGA,WC79,TGATACTCGC,NA,NG015_P4,mouse_human,CC1_CC2_CC3,3T3spike_3T3spike_3T3spike,no
NG015_PC711_WC80,NG015,NA,NA,PC711,CCTGGTGAGA,WC80,TTATCGAGAG,NA,NG015_P4,mouse_human,CC1_CC2_CC3,3T3spike_3T3spike_3T3spike,no
NG015_PC711_WC81,NG015,NA,NA,PC711,CCTGGTGAGA,WC81,TGCCAGTATT,NA,NG015_P4,mouse_human,CC1_CC2_CC3,3T3spike_3T3spike_3T3spike,no
NG015_PC711_WC82,NG015,NA,NA,PC711,CCTGGTGAGA,WC82,GAGTTGCATA,NA,NG015_P4,mouse_human,CC1_CC2_CC3,3T3spike_3T3spike_3T3spike,no
NG015_PC711_WC83,NG015,NA,NA,PC711,CCTGGTGAGA,WC83,ACACTAGCAT,NA,NG015_P4,mouse_human,CC1_CC2_CC3,3T3spike_3T3spike_3T3spike,no
NG015_PC711_WC84,NG015,NA,NA,PC711,CCTGGTGAGA,WC84,GTTCTAATGG,NA,NG015_P4,mouse_human,CC1_CC2_CC3,3T3spike_3T3spike_3T3spike,no
NG015_PC711_WC85,NG015,NA,NA,PC711,CCTGGTGAGA,WC85,CGTTCACGTT,NA,NG015_P4,mouse_human,CC1_CC2_CC3,3T3spike_3T3spike_3T3spike,no
NG015_PC711_WC86,NG015,NA,NA,PC711,CCTGGTGAGA,WC86,GACTGCGTTA,NA,NG015_P4,mouse_human,CC1_CC2_CC3,3T3spike_3T3spike_3T3spike,no
NG015_PC711_WC87,NG015,NA,NA,PC711,CCTGGTGAGA,WC87,TGGCTTATGG,NA,NG015_P4,mouse_human,CC1_CC2_CC3,3T3spike_3T3spike_3T3spike,no
NG015_PC711_WC88,NG015,NA,NA,PC711,CCTGGTGAGA,WC88,TCAGAGGCAC,NA,NG015_P4,mouse_human,CC1_CC2_CC3,3T3spike_3T3spike_3T3spike,no
NG015_PC711_WC89,NG015,NA,NA,PC711,CCTGGTGAGA,WC89,CGCTAGGCTA,NA,NG015_P4,mouse_human,CC1_CC2_CC3,3T3spike_3T3spike_3T3spike,no
NG015_PC711_WC90,NG015,NA,NA,PC711,CCTGGTGAGA,WC90,AACCGTAACA,NA,NG015_P4,mouse_human,CC1_CC2_CC3,3T3spike_3T3spike_3T3spike,no
NG015_PC711_WC91,NG015,NA,NA,PC711,CCTGGTGAGA,WC91,CTTGGTATGA,NA,NG015_P4,mouse_human,CC1_CC2_CC3,3T3spike_3T3spike_3T3spike,no
NG015_PC711_WC92,NG015,NA,NA,PC711,CCTGGTGAGA,WC92,TGTAGATCCG,NA,NG015_P4,mouse_human,CC1_CC2_CC3,3T3spike_3T3spike_3T3spike,no
NG015_PC711_WC93,NG015,NA,NA,PC711,CCTGGTGAGA,WC93,AACTCTACCG,NA,NG015_P4,mouse_human,CC1_CC2_CC3,3T3spike_3T3spike_3T3spike,no
NG015_PC711_WC94,NG015,NA,NA,PC711,CCTGGTGAGA,WC94,CGTGACATTC,NA,NG015_P4,mouse_human,CC1_CC2_CC3,3T3spike_3T3spike_3T3spike,no
NG015_PC711_WC95,NG015,NA,NA,PC711,CCTGGTGAGA,WC95,CTGTACCAGG,NA,NG015_P4,mouse_human,CC1_CC2_CC3,3T3spike_3T3spike_3T3spike,no
NG015_PC711_WC96,NG015,NA,NA,PC711,CCTGGTGAGA,WC96,ACTGGTTCCG,NA,NG015_P4,mouse_human,CC1_CC2_CC3,3T3spike_3T3spike_3T3spike,no
JP215_PC712_WC1,JP215,NA,NA,PC712,ACGTGAGGAA,WC1,GTCGTGAATC,NA,JP215_P1_Tef2xSize_CLperCC_1,mouse_human,CC11_CC12,NIH_HEK,no
JP215_PC712_WC2,JP215,NA,NA,PC712,ACGTGAGGAA,WC2,CTGTTCTACG,NA,JP215_P1_Tef2xSize_CLperCC_1,mouse_human,CC11_CC12,NIH_HEK,no
JP215_PC712_WC3,JP215,NA,NA,PC712,ACGTGAGGAA,WC3,GCTCTTAGGT,NA,JP215_P1_Tef2xSize_CLperCC_1,mouse_human,CC11_CC12,NIH_HEK,no
JP215_PC712_WC4,JP215,NA,NA,PC712,ACGTGAGGAA,WC4,TAGAAGCCAT,NA,JP215_P1_Tef2xSize_CLperCC_1,mouse_human,CC11_CC12,NIH_HEK,no
JP215_PC712_WC5,JP215,NA,NA,PC712,ACGTGAGGAA,WC5,CACTTAGGTA,NA,JP215_P1_Tef2xSize_CLperCC_1,mouse_human,CC11_CC12,NIH_HEK,no
JP215_PC712_WC6,JP215,NA,NA,PC712,ACGTGAGGAA,WC6,ATAGGTAAGG,NA,JP215_P1_Tef2xSize_CLperCC_1,mouse_human,CC11_CC12,NIH_HEK,no
JP215_PC712_WC7,JP215,NA,NA,PC712,ACGTGAGGAA,WC7,CGCCTTATAT,NA,JP215_P1_Tef2xSize_CLperCC_1,mouse_human,CC11_CC12,NIH_HEK,no
JP215_PC712_WC8,JP215,NA,NA,PC712,ACGTGAGGAA,WC8,GCACGATGCT,NA,JP215_P1_Tef2xSize_CLperCC_1,mouse_human,CC11_CC12,NIH_HEK,no
JP215_PC712_WC9,JP215,NA,NA,PC712,ACGTGAGGAA,WC9,AATATGCCAG,NA,JP215_P1_Tef2xSize_CLperCC_1,mouse_human,CC11_CC12,NIH_HEK,no
JP215_PC712_WC10,JP215,NA,NA,PC712,ACGTGAGGAA,WC10,TAGAGTCACG,NA,JP215_P1_Tef2xSize_CLperCC_1,mouse_human,CC11_CC12,NIH_HEK,no
JP215_PC712_WC11,JP215,NA,NA,PC712,ACGTGAGGAA,WC11,TTAACAGGTC,NA,JP215_P1_Tef2xSize_CLperCC_1,mouse_human,CC11_CC12,NIH_HEK,no
JP215_PC712_WC12,JP215,NA,NA,PC712,ACGTGAGGAA,WC12,ACATGAGCCA,NA,JP215_P1_Tef2xSize_CLperCC_1,mouse_human,CC11_CC12,NIH_HEK,no
JP215_PC712_WC13,JP215,NA,NA,PC712,ACGTGAGGAA,WC13,GCGAGGTTCT,NA,JP215_P1_Tef2xSize_CLperCC_1,mouse_human,CC11_CC12,NIH_HEK,no
JP215_PC712_WC14,JP215,NA,NA,PC712,ACGTGAGGAA,WC14,TGTCCGTAGG,NA,JP215_P1_Tef2xSize_CLperCC_1,mouse_human,CC11_CC12,NIH_HEK,no
JP215_PC712_WC15,JP215,NA,NA,PC712,ACGTGAGGAA,WC15,CATTATGCCT,NA,JP215_P1_Tef2xSize_CLperCC_1,mouse_human,CC11_CC12,NIH_HEK,no
JP215_PC712_WC16,JP215,NA,NA,PC712,ACGTGAGGAA,WC16,TCCACTGTTG,NA,JP215_P1_Tef2xSize_CLperCC_1,mouse_human,CC11_CC12,NIH_HEK,no
JP215_PC712_WC17,JP215,NA,NA,PC712,ACGTGAGGAA,WC17,CTTAACGACA,NA,JP215_P1_Tef2xSize_CLperCC_1,mouse_human,CC11_CC12,NIH_HEK,no
JP215_PC712_WC18,JP215,NA,NA,PC712,ACGTGAGGAA,WC18,TCCTCGAGCT,NA,JP215_P1_Tef2xSize_CLperCC_1,mouse_human,CC11_CC12,NIH_HEK,no
JP215_PC712_WC19,JP215,NA,NA,PC712,ACGTGAGGAA,WC19,CGAGTAATGT,NA,JP215_P1_Tef2xSize_CLperCC_1,mouse_human,CC11_CC12,NIH_HEK,no
JP215_PC712_WC20,JP215,NA,NA,PC712,ACGTGAGGAA,WC20,CATACCGCTG,NA,JP215_P1_Tef2xSize_CLperCC_1,mouse_human,CC11_CC12,NIH_HEK,no
JP215_PC712_WC21,JP215,NA,NA,PC712,ACGTGAGGAA,WC21,GCTACTTGCA,NA,JP215_P1_Tef2xSize_CLperCC_1,mouse_human,CC11_CC12,NIH_HEK,no
JP215_PC712_WC22,JP215,NA,NA,PC712,ACGTGAGGAA,WC22,GCTATTGAAG,NA,JP215_P1_Tef2xSize_CLperCC_1,mouse_human,CC11_CC12,NIH_HEK,no
JP215_PC712_WC23,JP215,NA,NA,PC712,ACGTGAGGAA,WC23,TCAGCATCCG,NA,JP215_P1_Tef2xSize_CLperCC_1,mouse_human,CC11_CC12,NIH_HEK,no
JP215_PC712_WC24,JP215,NA,NA,PC712,ACGTGAGGAA,WC24,TAGGTGGTGG,NA,JP215_P1_Tef2xSize_CLperCC_1,mouse_human,CC11_CC12,NIH_HEK,no
JP215_PC712_WC25,JP215,NA,NA,PC712,ACGTGAGGAA,WC25,AAGATCGGAT,NA,JP215_P1_Tef2xSize_CLperCC_1,mouse_human,CC11_CC12,NIH_HEK,no
JP215_PC712_WC26,JP215,NA,NA,PC712,ACGTGAGGAA,WC26,TTAACGTCCG,NA,JP215_P1_Tef2xSize_CLperCC_1,mouse_human,CC11_CC12,NIH_HEK,no
JP215_PC712_WC27,JP215,NA,NA,PC712,ACGTGAGGAA,WC27,ATTACCGATC,NA,JP215_P1_Tef2xSize_CLperCC_1,mouse_human,CC11_CC12,NIH_HEK,no
JP215_PC712_WC28,JP215,NA,NA,PC712,ACGTGAGGAA,WC28,GTTGCATCGT,NA,JP215_P1_Tef2xSize_CLperCC_1,mouse_human,CC11_CC12,NIH_HEK,no
JP215_PC712_WC29,JP215,NA,NA,PC712,ACGTGAGGAA,WC29,ACTGGACGTT,NA,JP215_P1_Tef2xSize_CLperCC_1,mouse_human,CC11_CC12,NIH_HEK,no
JP215_PC712_WC30,JP215,NA,NA,PC712,ACGTGAGGAA,WC30,TTGTTCGTGT,NA,JP215_P1_Tef2xSize_CLperCC_1,mouse_human,CC11_CC12,NIH_HEK,no
JP215_PC712_WC31,JP215,NA,NA,PC712,ACGTGAGGAA,WC31,ACGGACTGAG,NA,JP215_P1_Tef2xSize_CLperCC_1,mouse_human,CC11_CC12,NIH_HEK,no
JP215_PC712_WC32,JP215,NA,NA,PC712,ACGTGAGGAA,WC32,CACCGTCATA,NA,JP215_P1_Tef2xSize_CLperCC_1,mouse_human,CC11_CC12,NIH_HEK,no
JP215_PC712_WC33,JP215,NA,NA,PC712,ACGTGAGGAA,WC33,GTAGTTGTGT,NA,JP215_P1_Tef2xSize_CLperCC_1,mouse_human,CC11_CC12,NIH_HEK,no
JP215_PC712_WC34,JP215,NA,NA,PC712,ACGTGAGGAA,WC34,CTGAGTCCTT,NA,JP215_P1_Tef2xSize_CLperCC_1,mouse_human,CC11_CC12,NIH_HEK,no
JP215_PC712_WC35,JP215,NA,NA,PC712,ACGTGAGGAA,WC35,TCACAGTTGC,NA,JP215_P1_Tef2xSize_CLperCC_1,mouse_human,CC11_CC12,NIH_HEK,no
JP215_PC712_WC36,JP215,NA,NA,PC712,ACGTGAGGAA,WC36,ATTGTAAGCG,NA,JP215_P1_Tef2xSize_CLperCC_1,mouse_human,CC11_CC12,NIH_HEK,no
JP215_PC712_WC37,JP215,NA,NA,PC712,ACGTGAGGAA,WC37,CGGTCTCTCT,NA,JP215_P1_Tef2xSize_CLperCC_1,mouse_human,CC11_CC12,NIH_HEK,no
JP215_PC712_WC38,JP215,NA,NA,PC712,ACGTGAGGAA,WC38,AACAGCAATG,NA,JP215_P1_Tef2xSize_CLperCC_1,mouse_human,CC11_CC12,NIH_HEK,no
JP215_PC712_WC39,JP215,NA,NA,PC712,ACGTGAGGAA,WC39,TCCGTGTTGC,NA,JP215_P1_Tef2xSize_CLperCC_1,mouse_human,CC11_CC12,NIH_HEK,no
JP215_PC712_WC40,JP215,NA,NA,PC712,ACGTGAGGAA,WC40,TGCGAAGTGA,NA,JP215_P1_Tef2xSize_CLperCC_1,mouse_human,CC11_CC12,NIH_HEK,no
JP215_PC712_WC41,JP215,NA,NA,PC712,ACGTGAGGAA,WC41,CACAGCTATT,NA,JP215_P1_Tef2xSize_CLperCC_1,mouse_human,CC11_CC12,NIH_HEK,no
JP215_PC712_WC42,JP215,NA,NA,PC712,ACGTGAGGAA,WC42,GATAGTGTTC,NA,JP215_P1_Tef2xSize_CLperCC_1,mouse_human,CC11_CC12,NIH_HEK,no
JP215_PC712_WC43,JP215,NA,NA,PC712,ACGTGAGGAA,WC43,TAGCTACCAG,NA,JP215_P1_Tef2xSize_CLperCC_1,mouse_human,CC11_CC12,NIH_HEK,no
JP215_PC712_WC44,JP215,NA,NA,PC712,ACGTGAGGAA,WC44,TGCTCACGCA,NA,JP215_P1_Tef2xSize_CLperCC_1,mouse_human,CC11_CC12,NIH_HEK,no
JP215_PC712_WC45,JP215,NA,NA,PC712,ACGTGAGGAA,WC45,AAGTGTGCTA,NA,JP215_P1_Tef2xSize_CLperCC_1,mouse_human,CC11_CC12,NIH_HEK,no
JP215_PC712_WC46,JP215,NA,NA,PC712,ACGTGAGGAA,WC46,TCATCGTCTG,NA,JP215_P1_Tef2xSize_CLperCC_1,mouse_human,CC11_CC12,NIH_HEK,no
JP215_PC712_WC47,JP215,NA,NA,PC712,ACGTGAGGAA,WC47,AGATGCTCCG,NA,JP215_P1_Tef2xSize_CLperCC_1,mouse_human,CC11_CC12,NIH_HEK,no
JP215_PC712_WC48,JP215,NA,NA,PC712,ACGTGAGGAA,WC48,GAACCAAGCG,NA,JP215_P1_Tef2xSize_CLperCC_1,mouse_human,CC11_CC12,NIH_HEK,no
JP215_PC712_WC49,JP215,NA,NA,PC712,ACGTGAGGAA,WC49,CCTCTTCAAG,NA,JP215_P1_Tef2xSize_CLperCC_1,mouse_human,CC11_CC12,NIH_HEK,no
JP215_PC712_WC50,JP215,NA,NA,PC712,ACGTGAGGAA,WC50,CGTCGCATCT,NA,JP215_P1_Tef2xSize_CLperCC_1,mouse_human,CC11_CC12,NIH_HEK,no
JP215_PC712_WC51,JP215,NA,NA,PC712,ACGTGAGGAA,WC51,CCGAACGTTC,NA,JP215_P1_Tef2xSize_CLperCC_1,mouse_human,CC11_CC12,NIH_HEK,no
JP215_PC712_WC52,JP215,NA,NA,PC712,ACGTGAGGAA,WC52,GAATGGCGTT,NA,JP215_P1_Tef2xSize_CLperCC_1,mouse_human,CC11_CC12,NIH_HEK,no
JP215_PC712_WC53,JP215,NA,NA,PC712,ACGTGAGGAA,WC53,AAGTTCAGGA,NA,JP215_P1_Tef2xSize_CLperCC_1,mouse_human,CC11_CC12,NIH_HEK,no
JP215_PC712_WC54,JP215,NA,NA,PC712,ACGTGAGGAA,WC54,GACCAATTGT,NA,JP215_P1_Tef2xSize_CLperCC_1,mouse_human,CC11_CC12,NIH_HEK,no
JP215_PC712_WC55,JP215,NA,NA,PC712,ACGTGAGGAA,WC55,TGTCTGTGAC,NA,JP215_P1_Tef2xSize_CLperCC_1,mouse_human,CC11_CC12,NIH_HEK,no
JP215_PC712_WC56,JP215,NA,NA,PC712,ACGTGAGGAA,WC56,GAACATTGGC,NA,JP215_P1_Tef2xSize_CLperCC_1,mouse_human,CC11_CC12,NIH_HEK,no
JP215_PC712_WC57,JP215,NA,NA,PC712,ACGTGAGGAA,WC57,CGTAACACTA,NA,JP215_P1_Tef2xSize_CLperCC_1,mouse_human,CC11_CC12,NIH_HEK,no
JP215_PC712_WC58,JP215,NA,NA,PC712,ACGTGAGGAA,WC58,GTACTTCCAA,NA,JP215_P1_Tef2xSize_CLperCC_1,mouse_human,CC11_CC12,NIH_HEK,no
JP215_PC712_WC59,JP215,NA,NA,PC712,ACGTGAGGAA,WC59,TTAGCGTCTT,NA,JP215_P1_Tef2xSize_CLperCC_1,mouse_human,CC11_CC12,NIH_HEK,no
JP215_PC712_WC60,JP215,NA,NA,PC712,ACGTGAGGAA,WC60,TTGACCGTCT,NA,JP215_P1_Tef2xSize_CLperCC_1,mouse_human,CC11_CC12,NIH_HEK,no
JP215_PC712_WC61,JP215,NA,NA,PC712,ACGTGAGGAA,WC61,ACGGCTTCTC,NA,JP215_P1_Tef2xSize_CLperCC_1,mouse_human,CC11_CC12,NIH_HEK,no
JP215_PC712_WC62,JP215,NA,NA,PC712,ACGTGAGGAA,WC62,TGCGATGTAT,NA,JP215_P1_Tef2xSize_CLperCC_1,mouse_human,CC11_CC12,NIH_HEK,no
JP215_PC712_WC63,JP215,NA,NA,PC712,ACGTGAGGAA,WC63,GCGTTCAGCA,NA,JP215_P1_Tef2xSize_CLperCC_1,mouse_human,CC11_CC12,NIH_HEK,no
JP215_PC712_WC64,JP215,NA,NA,PC712,ACGTGAGGAA,WC64,GCCTAGGAAG,NA,JP215_P1_Tef2xSize_CLperCC_1,mouse_human,CC11_CC12,NIH_HEK,no
JP215_PC712_WC65,JP215,NA,NA,PC712,ACGTGAGGAA,WC65,GTTACCAACG,NA,JP215_P1_Tef2xSize_CLperCC_1,mouse_human,CC11_CC12,NIH_HEK,no
JP215_PC712_WC66,JP215,NA,NA,PC712,ACGTGAGGAA,WC66,ACGAACCAAG,NA,JP215_P1_Tef2xSize_CLperCC_1,mouse_human,CC11_CC12,NIH_HEK,no
JP215_PC712_WC67,JP215,NA,NA,PC712,ACGTGAGGAA,WC67,CACGCAAGTC,NA,JP215_P1_Tef2xSize_CLperCC_1,mouse_human,CC11_CC12,NIH_HEK,no
JP215_PC712_WC68,JP215,NA,NA,PC712,ACGTGAGGAA,WC68,GCTGGAGAAG,NA,JP215_P1_Tef2xSize_CLperCC_1,mouse_human,CC11_CC12,NIH_HEK,no
JP215_PC712_WC69,JP215,NA,NA,PC712,ACGTGAGGAA,WC69,CCAGTGTACG,NA,JP215_P1_Tef2xSize_CLperCC_1,mouse_human,CC11_CC12,NIH_HEK,no
JP215_PC712_WC70,JP215,NA,NA,PC712,ACGTGAGGAA,WC70,GTTGATGCGA,NA,JP215_P1_Tef2xSize_CLperCC_1,mouse_human,CC11_CC12,NIH_HEK,no
JP215_PC712_WC71,JP215,NA,NA,PC712,ACGTGAGGAA,WC71,CGCTTGTTAT,NA,JP215_P1_Tef2xSize_CLperCC_1,mouse_human,CC11_CC12,NIH_HEK,no
JP215_PC712_WC72,JP215,NA,NA,PC712,ACGTGAGGAA,WC72,GTAACGTTCA,NA,JP215_P1_Tef2xSize_CLperCC_1,mouse_human,CC11_CC12,NIH_HEK,no
JP215_PC712_WC73,JP215,NA,NA,PC712,ACGTGAGGAA,WC73,CCGAGTCTTC,NA,JP215_P1_Tef2xSize_CLperCC_1,mouse_human,CC11_CC12,NIH_HEK,no
JP215_PC712_WC74,JP215,NA,NA,PC712,ACGTGAGGAA,WC74,TATTGCGCTA,NA,JP215_P1_Tef2xSize_CLperCC_1,mouse_human,CC11_CC12,NIH_HEK,no
JP215_PC712_WC75,JP215,NA,NA,PC712,ACGTGAGGAA,WC75,TGTGGTCTAA,NA,JP215_P1_Tef2xSize_CLperCC_1,mouse_human,CC11_CC12,NIH_HEK,no
JP215_PC712_WC76,JP215,NA,NA,PC712,ACGTGAGGAA,WC76,CACGTCTACG,NA,JP215_P1_Tef2xSize_CLperCC_1,mouse_human,CC11_CC12,NIH_HEK,no
JP215_PC712_WC77,JP215,NA,NA,PC712,ACGTGAGGAA,WC77,AGTCCAGTGA,NA,JP215_P1_Tef2xSize_CLperCC_1,mouse_human,CC11_CC12,NIH_HEK,no
JP215_PC712_WC78,JP215,NA,NA,PC712,ACGTGAGGAA,WC78,ATGCTTGGTC,NA,JP215_P1_Tef2xSize_CLperCC_1,mouse_human,CC11_CC12,NIH_HEK,no
JP215_PC712_WC79,JP215,NA,NA,PC712,ACGTGAGGAA,WC79,TGATACTCGC,NA,JP215_P1_Tef2xSize_CLperCC_1,mouse_human,CC11_CC12,NIH_HEK,no
JP215_PC712_WC80,JP215,NA,NA,PC712,ACGTGAGGAA,WC80,TTATCGAGAG,NA,JP215_P1_Tef2xSize_CLperCC_1,mouse_human,CC11_CC12,NIH_HEK,no
JP215_PC712_WC81,JP215,NA,NA,PC712,ACGTGAGGAA,WC81,TGCCAGTATT,NA,JP215_P1_Tef2xSize_CLperCC_1,mouse_human,CC11_CC12,NIH_HEK,no
JP215_PC712_WC82,JP215,NA,NA,PC712,ACGTGAGGAA,WC82,GAGTTGCATA,NA,JP215_P1_Tef2xSize_CLperCC_1,mouse_human,CC11_CC12,NIH_HEK,no
JP215_PC712_WC83,JP215,NA,NA,PC712,ACGTGAGGAA,WC83,ACACTAGCAT,NA,JP215_P1_Tef2xSize_CLperCC_1,mouse_human,CC11_CC12,NIH_HEK,no
JP215_PC712_WC84,JP215,NA,NA,PC712,ACGTGAGGAA,WC84,GTTCTAATGG,NA,JP215_P1_Tef2xSize_CLperCC_1,mouse_human,CC11_CC12,NIH_HEK,no
JP215_PC712_WC85,JP215,NA,NA,PC712,ACGTGAGGAA,WC85,CGTTCACGTT,NA,JP215_P1_Tef2xSize_CLperCC_1,mouse_human,CC11_CC12,NIH_HEK,no
JP215_PC712_WC86,JP215,NA,NA,PC712,ACGTGAGGAA,WC86,GACTGCGTTA,NA,JP215_P1_Tef2xSize_CLperCC_1,mouse_human,CC11_CC12,NIH_HEK,no
JP215_PC712_WC87,JP215,NA,NA,PC712,ACGTGAGGAA,WC87,TGGCTTATGG,NA,JP215_P1_Tef2xSize_CLperCC_1,mouse_human,CC11_CC12,NIH_HEK,no
JP215_PC712_WC88,JP215,NA,NA,PC712,ACGTGAGGAA,WC88,TCAGAGGCAC,NA,JP215_P1_Tef2xSize_CLperCC_1,mouse_human,CC11_CC12,NIH_HEK,no
JP215_PC712_WC89,JP215,NA,NA,PC712,ACGTGAGGAA,WC89,CGCTAGGCTA,NA,JP215_P1_Tef2xSize_CLperCC_1,mouse_human,CC11_CC12,NIH_HEK,no
JP215_PC712_WC90,JP215,NA,NA,PC712,ACGTGAGGAA,WC90,AACCGTAACA,NA,JP215_P1_Tef2xSize_CLperCC_1,mouse_human,CC11_CC12,NIH_HEK,no
JP215_PC712_WC91,JP215,NA,NA,PC712,ACGTGAGGAA,WC91,CTTGGTATGA,NA,JP215_P1_Tef2xSize_CLperCC_1,mouse_human,CC11_CC12,NIH_HEK,no
JP215_PC712_WC92,JP215,NA,NA,PC712,ACGTGAGGAA,WC92,TGTAGATCCG,NA,JP215_P1_Tef2xSize_CLperCC_1,mouse_human,CC11_CC12,NIH_HEK,no
JP215_PC712_WC93,JP215,NA,NA,PC712,ACGTGAGGAA,WC93,AACTCTACCG,NA,JP215_P1_Tef2xSize_CLperCC_1,mouse_human,CC11_CC12,NIH_HEK,no
JP215_PC712_WC94,JP215,NA,NA,PC712,ACGTGAGGAA,WC94,CGTGACATTC,NA,JP215_P1_Tef2xSize_CLperCC_1,mouse_human,CC11_CC12,NIH_HEK,no
JP215_PC712_WC95,JP215,NA,NA,PC712,ACGTGAGGAA,WC95,CTGTACCAGG,NA,JP215_P1_Tef2xSize_CLperCC_1,mouse_human,CC11_CC12,NIH_HEK,no
JP215_PC712_WC96,JP215,NA,NA,PC712,ACGTGAGGAA,WC96,ACTGGTTCCG,NA,JP215_P1_Tef2xSize_CLperCC_1,mouse_human,CC11_CC12,NIH_HEK,no
JP215_PC713_WC1,JP215,NA,NA,PC713,TCGTGTTCGA,WC1,GTCGTGAATC,NA,JP215_P2_Tef2xSize_CLperCC_2,mouse_human,CC11_CC12,NIH_HEK,no
JP215_PC713_WC2,JP215,NA,NA,PC713,TCGTGTTCGA,WC2,CTGTTCTACG,NA,JP215_P2_Tef2xSize_CLperCC_2,mouse_human,CC11_CC12,NIH_HEK,no
JP215_PC713_WC3,JP215,NA,NA,PC713,TCGTGTTCGA,WC3,GCTCTTAGGT,NA,JP215_P2_Tef2xSize_CLperCC_2,mouse_human,CC11_CC12,NIH_HEK,no
JP215_PC713_WC4,JP215,NA,NA,PC713,TCGTGTTCGA,WC4,TAGAAGCCAT,NA,JP215_P2_Tef2xSize_CLperCC_2,mouse_human,CC11_CC12,NIH_HEK,no
JP215_PC713_WC5,JP215,NA,NA,PC713,TCGTGTTCGA,WC5,CACTTAGGTA,NA,JP215_P2_Tef2xSize_CLperCC_2,mouse_human,CC11_CC12,NIH_HEK,no
JP215_PC713_WC6,JP215,NA,NA,PC713,TCGTGTTCGA,WC6,ATAGGTAAGG,NA,JP215_P2_Tef2xSize_CLperCC_2,mouse_human,CC11_CC12,NIH_HEK,no
JP215_PC713_WC7,JP215,NA,NA,PC713,TCGTGTTCGA,WC7,CGCCTTATAT,NA,JP215_P2_Tef2xSize_CLperCC_2,mouse_human,CC11_CC12,NIH_HEK,no
JP215_PC713_WC8,JP215,NA,NA,PC713,TCGTGTTCGA,WC8,GCACGATGCT,NA,JP215_P2_Tef2xSize_CLperCC_2,mouse_human,CC11_CC12,NIH_HEK,no
JP215_PC713_WC9,JP215,NA,NA,PC713,TCGTGTTCGA,WC9,AATATGCCAG,NA,JP215_P2_Tef2xSize_CLperCC_2,mouse_human,CC11_CC12,NIH_HEK,no
JP215_PC713_WC10,JP215,NA,NA,PC713,TCGTGTTCGA,WC10,TAGAGTCACG,NA,JP215_P2_Tef2xSize_CLperCC_2,mouse_human,CC11_CC12,NIH_HEK,no
JP215_PC713_WC11,JP215,NA,NA,PC713,TCGTGTTCGA,WC11,TTAACAGGTC,NA,JP215_P2_Tef2xSize_CLperCC_2,mouse_human,CC11_CC12,NIH_HEK,no
JP215_PC713_WC12,JP215,NA,NA,PC713,TCGTGTTCGA,WC12,ACATGAGCCA,NA,JP215_P2_Tef2xSize_CLperCC_2,mouse_human,CC11_CC12,NIH_HEK,no
JP215_PC713_WC13,JP215,NA,NA,PC713,TCGTGTTCGA,WC13,GCGAGGTTCT,NA,JP215_P2_Tef2xSize_CLperCC_2,mouse_human,CC11_CC12,NIH_HEK,no
JP215_PC713_WC14,JP215,NA,NA,PC713,TCGTGTTCGA,WC14,TGTCCGTAGG,NA,JP215_P2_Tef2xSize_CLperCC_2,mouse_human,CC11_CC12,NIH_HEK,no
JP215_PC713_WC15,JP215,NA,NA,PC713,TCGTGTTCGA,WC15,CATTATGCCT,NA,JP215_P2_Tef2xSize_CLperCC_2,mouse_human,CC11_CC12,NIH_HEK,no
JP215_PC713_WC16,JP215,NA,NA,PC713,TCGTGTTCGA,WC16,TCCACTGTTG,NA,JP215_P2_Tef2xSize_CLperCC_2,mouse_human,CC11_CC12,NIH_HEK,no
JP215_PC713_WC17,JP215,NA,NA,PC713,TCGTGTTCGA,WC17,CTTAACGACA,NA,JP215_P2_Tef2xSize_CLperCC_2,mouse_human,CC11_CC12,NIH_HEK,no
JP215_PC713_WC18,JP215,NA,NA,PC713,TCGTGTTCGA,WC18,TCCTCGAGCT,NA,JP215_P2_Tef2xSize_CLperCC_2,mouse_human,CC11_CC12,NIH_HEK,no
JP215_PC713_WC19,JP215,NA,NA,PC713,TCGTGTTCGA,WC19,CGAGTAATGT,NA,JP215_P2_Tef2xSize_CLperCC_2,mouse_human,CC11_CC12,NIH_HEK,no
JP215_PC713_WC20,JP215,NA,NA,PC713,TCGTGTTCGA,WC20,CATACCGCTG,NA,JP215_P2_Tef2xSize_CLperCC_2,mouse_human,CC11_CC12,NIH_HEK,no
JP215_PC713_WC21,JP215,NA,NA,PC713,TCGTGTTCGA,WC21,GCTACTTGCA,NA,JP215_P2_Tef2xSize_CLperCC_2,mouse_human,CC11_CC12,NIH_HEK,no
JP215_PC713_WC22,JP215,NA,NA,PC713,TCGTGTTCGA,WC22,GCTATTGAAG,NA,JP215_P2_Tef2xSize_CLperCC_2,mouse_human,CC11_CC12,NIH_HEK,no
JP215_PC713_WC23,JP215,NA,NA,PC713,TCGTGTTCGA,WC23,TCAGCATCCG,NA,JP215_P2_Tef2xSize_CLperCC_2,mouse_human,CC11_CC12,NIH_HEK,no
JP215_PC713_WC24,JP215,NA,NA,PC713,TCGTGTTCGA,WC24,TAGGTGGTGG,NA,JP215_P2_Tef2xSize_CLperCC_2,mouse_human,CC11_CC12,NIH_HEK,no
JP215_PC713_WC25,JP215,NA,NA,PC713,TCGTGTTCGA,WC25,AAGATCGGAT,NA,JP215_P2_Tef2xSize_CLperCC_2,mouse_human,CC11_CC12,NIH_HEK,no
JP215_PC713_WC26,JP215,NA,NA,PC713,TCGTGTTCGA,WC26,TTAACGTCCG,NA,JP215_P2_Tef2xSize_CLperCC_2,mouse_human,CC11_CC12,NIH_HEK,no
JP215_PC713_WC27,JP215,NA,NA,PC713,TCGTGTTCGA,WC27,ATTACCGATC,NA,JP215_P2_Tef2xSize_CLperCC_2,mouse_human,CC11_CC12,NIH_HEK,no
JP215_PC713_WC28,JP215,NA,NA,PC713,TCGTGTTCGA,WC28,GTTGCATCGT,NA,JP215_P2_Tef2xSize_CLperCC_2,mouse_human,CC11_CC12,NIH_HEK,no
JP215_PC713_WC29,JP215,NA,NA,PC713,TCGTGTTCGA,WC29,ACTGGACGTT,NA,JP215_P2_Tef2xSize_CLperCC_2,mouse_human,CC11_CC12,NIH_HEK,no
JP215_PC713_WC30,JP215,NA,NA,PC713,TCGTGTTCGA,WC30,TTGTTCGTGT,NA,JP215_P2_Tef2xSize_CLperCC_2,mouse_human,CC11_CC12,NIH_HEK,no
JP215_PC713_WC31,JP215,NA,NA,PC713,TCGTGTTCGA,WC31,ACGGACTGAG,NA,JP215_P2_Tef2xSize_CLperCC_2,mouse_human,CC11_CC12,NIH_HEK,no
JP215_PC713_WC32,JP215,NA,NA,PC713,TCGTGTTCGA,WC32,CACCGTCATA,NA,JP215_P2_Tef2xSize_CLperCC_2,mouse_human,CC11_CC12,NIH_HEK,no
JP215_PC713_WC33,JP215,NA,NA,PC713,TCGTGTTCGA,WC33,GTAGTTGTGT,NA,JP215_P2_Tef2xSize_CLperCC_2,mouse_human,CC11_CC12,NIH_HEK,no
JP215_PC713_WC34,JP215,NA,NA,PC713,TCGTGTTCGA,WC34,CTGAGTCCTT,NA,JP215_P2_Tef2xSize_CLperCC_2,mouse_human,CC11_CC12,NIH_HEK,no
JP215_PC713_WC35,JP215,NA,NA,PC713,TCGTGTTCGA,WC35,TCACAGTTGC,NA,JP215_P2_Tef2xSize_CLperCC_2,mouse_human,CC11_CC12,NIH_HEK,no
JP215_PC713_WC36,JP215,NA,NA,PC713,TCGTGTTCGA,WC36,ATTGTAAGCG,NA,JP215_P2_Tef2xSize_CLperCC_2,mouse_human,CC11_CC12,NIH_HEK,no
JP215_PC713_WC37,JP215,NA,NA,PC713,TCGTGTTCGA,WC37,CGGTCTCTCT,NA,JP215_P2_Tef2xSize_CLperCC_2,mouse_human,CC11_CC12,NIH_HEK,no
JP215_PC713_WC38,JP215,NA,NA,PC713,TCGTGTTCGA,WC38,AACAGCAATG,NA,JP215_P2_Tef2xSize_CLperCC_2,mouse_human,CC11_CC12,NIH_HEK,no
JP215_PC713_WC39,JP215,NA,NA,PC713,TCGTGTTCGA,WC39,TCCGTGTTGC,NA,JP215_P2_Tef2xSize_CLperCC_2,mouse_human,CC11_CC12,NIH_HEK,no
JP215_PC713_WC40,JP215,NA,NA,PC713,TCGTGTTCGA,WC40,TGCGAAGTGA,NA,JP215_P2_Tef2xSize_CLperCC_2,mouse_human,CC11_CC12,NIH_HEK,no
JP215_PC713_WC41,JP215,NA,NA,PC713,TCGTGTTCGA,WC41,CACAGCTATT,NA,JP215_P2_Tef2xSize_CLperCC_2,mouse_human,CC11_CC12,NIH_HEK,no
JP215_PC713_WC42,JP215,NA,NA,PC713,TCGTGTTCGA,WC42,GATAGTGTTC,NA,JP215_P2_Tef2xSize_CLperCC_2,mouse_human,CC11_CC12,NIH_HEK,no
JP215_PC713_WC43,JP215,NA,NA,PC713,TCGTGTTCGA,WC43,TAGCTACCAG,NA,JP215_P2_Tef2xSize_CLperCC_2,mouse_human,CC11_CC12,NIH_HEK,no
JP215_PC713_WC44,JP215,NA,NA,PC713,TCGTGTTCGA,WC44,TGCTCACGCA,NA,JP215_P2_Tef2xSize_CLperCC_2,mouse_human,CC11_CC12,NIH_HEK,no
JP215_PC713_WC45,JP215,NA,NA,PC713,TCGTGTTCGA,WC45,AAGTGTGCTA,NA,JP215_P2_Tef2xSize_CLperCC_2,mouse_human,CC11_CC12,NIH_HEK,no
JP215_PC713_WC46,JP215,NA,NA,PC713,TCGTGTTCGA,WC46,TCATCGTCTG,NA,JP215_P2_Tef2xSize_CLperCC_2,mouse_human,CC11_CC12,NIH_HEK,no
JP215_PC713_WC47,JP215,NA,NA,PC713,TCGTGTTCGA,WC47,AGATGCTCCG,NA,JP215_P2_Tef2xSize_CLperCC_2,mouse_human,CC11_CC12,NIH_HEK,no
JP215_PC713_WC48,JP215,NA,NA,PC713,TCGTGTTCGA,WC48,GAACCAAGCG,NA,JP215_P2_Tef2xSize_CLperCC_2,mouse_human,CC11_CC12,NIH_HEK,no
JP215_PC713_WC49,JP215,NA,NA,PC713,TCGTGTTCGA,WC49,CCTCTTCAAG,NA,JP215_P2_Tef2xSize_CLperCC_2,mouse_human,CC11_CC12,NIH_HEK,no
JP215_PC713_WC50,JP215,NA,NA,PC713,TCGTGTTCGA,WC50,CGTCGCATCT,NA,JP215_P2_Tef2xSize_CLperCC_2,mouse_human,CC11_CC12,NIH_HEK,no
JP215_PC713_WC51,JP215,NA,NA,PC713,TCGTGTTCGA,WC51,CCGAACGTTC,NA,JP215_P2_Tef2xSize_CLperCC_2,mouse_human,CC11_CC12,NIH_HEK,no
JP215_PC713_WC52,JP215,NA,NA,PC713,TCGTGTTCGA,WC52,GAATGGCGTT,NA,JP215_P2_Tef2xSize_CLperCC_2,mouse_human,CC11_CC12,NIH_HEK,no
JP215_PC713_WC53,JP215,NA,NA,PC713,TCGTGTTCGA,WC53,AAGTTCAGGA,NA,JP215_P2_Tef2xSize_CLperCC_2,mouse_human,CC11_CC12,NIH_HEK,no
JP215_PC713_WC54,JP215,NA,NA,PC713,TCGTGTTCGA,WC54,GACCAATTGT,NA,JP215_P2_Tef2xSize_CLperCC_2,mouse_human,CC11_CC12,NIH_HEK,no
JP215_PC713_WC55,JP215,NA,NA,PC713,TCGTGTTCGA,WC55,TGTCTGTGAC,NA,JP215_P2_Tef2xSize_CLperCC_2,mouse_human,CC11_CC12,NIH_HEK,no
JP215_PC713_WC56,JP215,NA,NA,PC713,TCGTGTTCGA,WC56,GAACATTGGC,NA,JP215_P2_Tef2xSize_CLperCC_2,mouse_human,CC11_CC12,NIH_HEK,no
JP215_PC713_WC57,JP215,NA,NA,PC713,TCGTGTTCGA,WC57,CGTAACACTA,NA,JP215_P2_Tef2xSize_CLperCC_2,mouse_human,CC11_CC12,NIH_HEK,no
JP215_PC713_WC58,JP215,NA,NA,PC713,TCGTGTTCGA,WC58,GTACTTCCAA,NA,JP215_P2_Tef2xSize_CLperCC_2,mouse_human,CC11_CC12,NIH_HEK,no
JP215_PC713_WC59,JP215,NA,NA,PC713,TCGTGTTCGA,WC59,TTAGCGTCTT,NA,JP215_P2_Tef2xSize_CLperCC_2,mouse_human,CC11_CC12,NIH_HEK,no
JP215_PC713_WC60,JP215,NA,NA,PC713,TCGTGTTCGA,WC60,TTGACCGTCT,NA,JP215_P2_Tef2xSize_CLperCC_2,mouse_human,CC11_CC12,NIH_HEK,no
JP215_PC713_WC61,JP215,NA,NA,PC713,TCGTGTTCGA,WC61,ACGGCTTCTC,NA,JP215_P2_Tef2xSize_CLperCC_2,mouse_human,CC11_CC12,NIH_HEK,no
JP215_PC713_WC62,JP215,NA,NA,PC713,TCGTGTTCGA,WC62,TGCGATGTAT,NA,JP215_P2_Tef2xSize_CLperCC_2,mouse_human,CC11_CC12,NIH_HEK,no
JP215_PC713_WC63,JP215,NA,NA,PC713,TCGTGTTCGA,WC63,GCGTTCAGCA,NA,JP215_P2_Tef2xSize_CLperCC_2,mouse_human,CC11_CC12,NIH_HEK,no
JP215_PC713_WC64,JP215,NA,NA,PC713,TCGTGTTCGA,WC64,GCCTAGGAAG,NA,JP215_P2_Tef2xSize_CLperCC_2,mouse_human,CC11_CC12,NIH_HEK,no
JP215_PC713_WC65,JP215,NA,NA,PC713,TCGTGTTCGA,WC65,GTTACCAACG,NA,JP215_P2_Tef2xSize_CLperCC_2,mouse_human,CC11_CC12,NIH_HEK,no
JP215_PC713_WC66,JP215,NA,NA,PC713,TCGTGTTCGA,WC66,ACGAACCAAG,NA,JP215_P2_Tef2xSize_CLperCC_2,mouse_human,CC11_CC12,NIH_HEK,no
JP215_PC713_WC67,JP215,NA,NA,PC713,TCGTGTTCGA,WC67,CACGCAAGTC,NA,JP215_P2_Tef2xSize_CLperCC_2,mouse_human,CC11_CC12,NIH_HEK,no
JP215_PC713_WC68,JP215,NA,NA,PC713,TCGTGTTCGA,WC68,GCTGGAGAAG,NA,JP215_P2_Tef2xSize_CLperCC_2,mouse_human,CC11_CC12,NIH_HEK,no
JP215_PC713_WC69,JP215,NA,NA,PC713,TCGTGTTCGA,WC69,CCAGTGTACG,NA,JP215_P2_Tef2xSize_CLperCC_2,mouse_human,CC11_CC12,NIH_HEK,no
JP215_PC713_WC70,JP215,NA,NA,PC713,TCGTGTTCGA,WC70,GTTGATGCGA,NA,JP215_P2_Tef2xSize_CLperCC_2,mouse_human,CC11_CC12,NIH_HEK,no
JP215_PC713_WC71,JP215,NA,NA,PC713,TCGTGTTCGA,WC71,CGCTTGTTAT,NA,JP215_P2_Tef2xSize_CLperCC_2,mouse_human,CC11_CC12,NIH_HEK,no
JP215_PC713_WC72,JP215,NA,NA,PC713,TCGTGTTCGA,WC72,GTAACGTTCA,NA,JP215_P2_Tef2xSize_CLperCC_2,mouse_human,CC11_CC12,NIH_HEK,no
JP215_PC713_WC73,JP215,NA,NA,PC713,TCGTGTTCGA,WC73,CCGAGTCTTC,NA,JP215_P2_Tef2xSize_CLperCC_2,mouse_human,CC11_CC12,NIH_HEK,no
JP215_PC713_WC74,JP215,NA,NA,PC713,TCGTGTTCGA,WC74,TATTGCGCTA,NA,JP215_P2_Tef2xSize_CLperCC_2,mouse_human,CC11_CC12,NIH_HEK,no
JP215_PC713_WC75,JP215,NA,NA,PC713,TCGTGTTCGA,WC75,TGTGGTCTAA,NA,JP215_P2_Tef2xSize_CLperCC_2,mouse_human,CC11_CC12,NIH_HEK,no
JP215_PC713_WC76,JP215,NA,NA,PC713,TCGTGTTCGA,WC76,CACGTCTACG,NA,JP215_P2_Tef2xSize_CLperCC_2,mouse_human,CC11_CC12,NIH_HEK,no
JP215_PC713_WC77,JP215,NA,NA,PC713,TCGTGTTCGA,WC77,AGTCCAGTGA,NA,JP215_P2_Tef2xSize_CLperCC_2,mouse_human,CC11_CC12,NIH_HEK,no
JP215_PC713_WC78,JP215,NA,NA,PC713,TCGTGTTCGA,WC78,ATGCTTGGTC,NA,JP215_P2_Tef2xSize_CLperCC_2,mouse_human,CC11_CC12,NIH_HEK,no
JP215_PC713_WC79,JP215,NA,NA,PC713,TCGTGTTCGA,WC79,TGATACTCGC,NA,JP215_P2_Tef2xSize_CLperCC_2,mouse_human,CC11_CC12,NIH_HEK,no
JP215_PC713_WC80,JP215,NA,NA,PC713,TCGTGTTCGA,WC80,TTATCGAGAG,NA,JP215_P2_Tef2xSize_CLperCC_2,mouse_human,CC11_CC12,NIH_HEK,no
JP215_PC713_WC81,JP215,NA,NA,PC713,TCGTGTTCGA,WC81,TGCCAGTATT,NA,JP215_P2_Tef2xSize_CLperCC_2,mouse_human,CC11_CC12,NIH_HEK,no
JP215_PC713_WC82,JP215,NA,NA,PC713,TCGTGTTCGA,WC82,GAGTTGCATA,NA,JP215_P2_Tef2xSize_CLperCC_2,mouse_human,CC11_CC12,NIH_HEK,no
JP215_PC713_WC83,JP215,NA,NA,PC713,TCGTGTTCGA,WC83,ACACTAGCAT,NA,JP215_P2_Tef2xSize_CLperCC_2,mouse_human,CC11_CC12,NIH_HEK,no
JP215_PC713_WC84,JP215,NA,NA,PC713,TCGTGTTCGA,WC84,GTTCTAATGG,NA,JP215_P2_Tef2xSize_CLperCC_2,mouse_human,CC11_CC12,NIH_HEK,no
JP215_PC713_WC85,JP215,NA,NA,PC713,TCGTGTTCGA,WC85,CGTTCACGTT,NA,JP215_P2_Tef2xSize_CLperCC_2,mouse_human,CC11_CC12,NIH_HEK,no
JP215_PC713_WC86,JP215,NA,NA,PC713,TCGTGTTCGA,WC86,GACTGCGTTA,NA,JP215_P2_Tef2xSize_CLperCC_2,mouse_human,CC11_CC12,NIH_HEK,no
JP215_PC713_WC87,JP215,NA,NA,PC713,TCGTGTTCGA,WC87,TGGCTTATGG,NA,JP215_P2_Tef2xSize_CLperCC_2,mouse_human,CC11_CC12,NIH_HEK,no
JP215_PC713_WC88,JP215,NA,NA,PC713,TCGTGTTCGA,WC88,TCAGAGGCAC,NA,JP215_P2_Tef2xSize_CLperCC_2,mouse_human,CC11_CC12,NIH_HEK,no
JP215_PC713_WC89,JP215,NA,NA,PC713,TCGTGTTCGA,WC89,CGCTAGGCTA,NA,JP215_P2_Tef2xSize_CLperCC_2,mouse_human,CC11_CC12,NIH_HEK,no
JP215_PC713_WC90,JP215,NA,NA,PC713,TCGTGTTCGA,WC90,AACCGTAACA,NA,JP215_P2_Tef2xSize_CLperCC_2,mouse_human,CC11_CC12,NIH_HEK,no
JP215_PC713_WC91,JP215,NA,NA,PC713,TCGTGTTCGA,WC91,CTTGGTATGA,NA,JP215_P2_Tef2xSize_CLperCC_2,mouse_human,CC11_CC12,NIH_HEK,no
JP215_PC713_WC92,JP215,NA,NA,PC713,TCGTGTTCGA,WC92,TGTAGATCCG,NA,JP215_P2_Tef2xSize_CLperCC_2,mouse_human,CC11_CC12,NIH_HEK,no
JP215_PC713_WC93,JP215,NA,NA,PC713,TCGTGTTCGA,WC93,AACTCTACCG,NA,JP215_P2_Tef2xSize_CLperCC_2,mouse_human,CC11_CC12,NIH_HEK,no
JP215_PC713_WC94,JP215,NA,NA,PC713,TCGTGTTCGA,WC94,CGTGACATTC,NA,JP215_P2_Tef2xSize_CLperCC_2,mouse_human,CC11_CC12,NIH_HEK,no
JP215_PC713_WC95,JP215,NA,NA,PC713,TCGTGTTCGA,WC95,CTGTACCAGG,NA,JP215_P2_Tef2xSize_CLperCC_2,mouse_human,CC11_CC12,NIH_HEK,no
JP215_PC713_WC96,JP215,NA,NA,PC713,TCGTGTTCGA,WC96,ACTGGTTCCG,NA,JP215_P2_Tef2xSize_CLperCC_2,mouse_human,CC11_CC12,NIH_HEK,no
JP215_PC715_WC1,JP215,NA,NA,PC715,AATGCGGTTC,WC1,GTCGTGAATC,NA,JP215_P3_Tef2xSize_CLperCC_runBSA_1,mouse_human,CC11_CC12,NIH_HEK,no
JP215_PC715_WC2,JP215,NA,NA,PC715,AATGCGGTTC,WC2,CTGTTCTACG,NA,JP215_P3_Tef2xSize_CLperCC_runBSA_1,mouse_human,CC11_CC12,NIH_HEK,no
JP215_PC715_WC3,JP215,NA,NA,PC715,AATGCGGTTC,WC3,GCTCTTAGGT,NA,JP215_P3_Tef2xSize_CLperCC_runBSA_1,mouse_human,CC11_CC12,NIH_HEK,no
JP215_PC715_WC4,JP215,NA,NA,PC715,AATGCGGTTC,WC4,TAGAAGCCAT,NA,JP215_P3_Tef2xSize_CLperCC_runBSA_1,mouse_human,CC11_CC12,NIH_HEK,no
JP215_PC715_WC5,JP215,NA,NA,PC715,AATGCGGTTC,WC5,CACTTAGGTA,NA,JP215_P3_Tef2xSize_CLperCC_runBSA_1,mouse_human,CC11_CC12,NIH_HEK,no
JP215_PC715_WC6,JP215,NA,NA,PC715,AATGCGGTTC,WC6,ATAGGTAAGG,NA,JP215_P3_Tef2xSize_CLperCC_runBSA_1,mouse_human,CC11_CC12,NIH_HEK,no
JP215_PC715_WC7,JP215,NA,NA,PC715,AATGCGGTTC,WC7,CGCCTTATAT,NA,JP215_P3_Tef2xSize_CLperCC_runBSA_1,mouse_human,CC11_CC12,NIH_HEK,no
JP215_PC715_WC8,JP215,NA,NA,PC715,AATGCGGTTC,WC8,GCACGATGCT,NA,JP215_P3_Tef2xSize_CLperCC_runBSA_1,mouse_human,CC11_CC12,NIH_HEK,no
JP215_PC715_WC9,JP215,NA,NA,PC715,AATGCGGTTC,WC9,AATATGCCAG,NA,JP215_P3_Tef2xSize_CLperCC_runBSA_1,mouse_human,CC11_CC12,NIH_HEK,no
JP215_PC715_WC10,JP215,NA,NA,PC715,AATGCGGTTC,WC10,TAGAGTCACG,NA,JP215_P3_Tef2xSize_CLperCC_runBSA_1,mouse_human,CC11_CC12,NIH_HEK,no
JP215_PC715_WC11,JP215,NA,NA,PC715,AATGCGGTTC,WC11,TTAACAGGTC,NA,JP215_P3_Tef2xSize_CLperCC_runBSA_1,mouse_human,CC11_CC12,NIH_HEK,no
JP215_PC715_WC12,JP215,NA,NA,PC715,AATGCGGTTC,WC12,ACATGAGCCA,NA,JP215_P3_Tef2xSize_CLperCC_runBSA_1,mouse_human,CC11_CC12,NIH_HEK,no
JP215_PC715_WC13,JP215,NA,NA,PC715,AATGCGGTTC,WC13,GCGAGGTTCT,NA,JP215_P3_Tef2xSize_CLperCC_runBSA_1,mouse_human,CC11_CC12,NIH_HEK,no
JP215_PC715_WC14,JP215,NA,NA,PC715,AATGCGGTTC,WC14,TGTCCGTAGG,NA,JP215_P3_Tef2xSize_CLperCC_runBSA_1,mouse_human,CC11_CC12,NIH_HEK,no
JP215_PC715_WC15,JP215,NA,NA,PC715,AATGCGGTTC,WC15,CATTATGCCT,NA,JP215_P3_Tef2xSize_CLperCC_runBSA_1,mouse_human,CC11_CC12,NIH_HEK,no
JP215_PC715_WC16,JP215,NA,NA,PC715,AATGCGGTTC,WC16,TCCACTGTTG,NA,JP215_P3_Tef2xSize_CLperCC_runBSA_1,mouse_human,CC11_CC12,NIH_HEK,no
JP215_PC715_WC17,JP215,NA,NA,PC715,AATGCGGTTC,WC17,CTTAACGACA,NA,JP215_P3_Tef2xSize_CLperCC_runBSA_1,mouse_human,CC11_CC12,NIH_HEK,no
JP215_PC715_WC18,JP215,NA,NA,PC715,AATGCGGTTC,WC18,TCCTCGAGCT,NA,JP215_P3_Tef2xSize_CLperCC_runBSA_1,mouse_human,CC11_CC12,NIH_HEK,no
JP215_PC715_WC19,JP215,NA,NA,PC715,AATGCGGTTC,WC19,CGAGTAATGT,NA,JP215_P3_Tef2xSize_CLperCC_runBSA_1,mouse_human,CC11_CC12,NIH_HEK,no
JP215_PC715_WC20,JP215,NA,NA,PC715,AATGCGGTTC,WC20,CATACCGCTG,NA,JP215_P3_Tef2xSize_CLperCC_runBSA_1,mouse_human,CC11_CC12,NIH_HEK,no
JP215_PC715_WC21,JP215,NA,NA,PC715,AATGCGGTTC,WC21,GCTACTTGCA,NA,JP215_P3_Tef2xSize_CLperCC_runBSA_1,mouse_human,CC11_CC12,NIH_HEK,no
JP215_PC715_WC22,JP215,NA,NA,PC715,AATGCGGTTC,WC22,GCTATTGAAG,NA,JP215_P3_Tef2xSize_CLperCC_runBSA_1,mouse_human,CC11_CC12,NIH_HEK,no
JP215_PC715_WC23,JP215,NA,NA,PC715,AATGCGGTTC,WC23,TCAGCATCCG,NA,JP215_P3_Tef2xSize_CLperCC_runBSA_1,mouse_human,CC11_CC12,NIH_HEK,no
JP215_PC715_WC24,JP215,NA,NA,PC715,AATGCGGTTC,WC24,TAGGTGGTGG,NA,JP215_P3_Tef2xSize_CLperCC_runBSA_1,mouse_human,CC11_CC12,NIH_HEK,no
JP215_PC715_WC25,JP215,NA,NA,PC715,AATGCGGTTC,WC25,AAGATCGGAT,NA,JP215_P3_Tef2xSize_CLperCC_runBSA_1,mouse_human,CC11_CC12,NIH_HEK,no
JP215_PC715_WC26,JP215,NA,NA,PC715,AATGCGGTTC,WC26,TTAACGTCCG,NA,JP215_P3_Tef2xSize_CLperCC_runBSA_1,mouse_human,CC11_CC12,NIH_HEK,no
JP215_PC715_WC27,JP215,NA,NA,PC715,AATGCGGTTC,WC27,ATTACCGATC,NA,JP215_P3_Tef2xSize_CLperCC_runBSA_1,mouse_human,CC11_CC12,NIH_HEK,no
JP215_PC715_WC28,JP215,NA,NA,PC715,AATGCGGTTC,WC28,GTTGCATCGT,NA,JP215_P3_Tef2xSize_CLperCC_runBSA_1,mouse_human,CC11_CC12,NIH_HEK,no
JP215_PC715_WC29,JP215,NA,NA,PC715,AATGCGGTTC,WC29,ACTGGACGTT,NA,JP215_P3_Tef2xSize_CLperCC_runBSA_1,mouse_human,CC11_CC12,NIH_HEK,no
JP215_PC715_WC30,JP215,NA,NA,PC715,AATGCGGTTC,WC30,TTGTTCGTGT,NA,JP215_P3_Tef2xSize_CLperCC_runBSA_1,mouse_human,CC11_CC12,NIH_HEK,no
JP215_PC715_WC31,JP215,NA,NA,PC715,AATGCGGTTC,WC31,ACGGACTGAG,NA,JP215_P3_Tef2xSize_CLperCC_runBSA_1,mouse_human,CC11_CC12,NIH_HEK,no
JP215_PC715_WC32,JP215,NA,NA,PC715,AATGCGGTTC,WC32,CACCGTCATA,NA,JP215_P3_Tef2xSize_CLperCC_runBSA_1,mouse_human,CC11_CC12,NIH_HEK,no
JP215_PC715_WC33,JP215,NA,NA,PC715,AATGCGGTTC,WC33,GTAGTTGTGT,NA,JP215_P3_Tef2xSize_CLperCC_runBSA_1,mouse_human,CC11_CC12,NIH_HEK,no
JP215_PC715_WC34,JP215,NA,NA,PC715,AATGCGGTTC,WC34,CTGAGTCCTT,NA,JP215_P3_Tef2xSize_CLperCC_runBSA_1,mouse_human,CC11_CC12,NIH_HEK,no
JP215_PC715_WC35,JP215,NA,NA,PC715,AATGCGGTTC,WC35,TCACAGTTGC,NA,JP215_P3_Tef2xSize_CLperCC_runBSA_1,mouse_human,CC11_CC12,NIH_HEK,no
JP215_PC715_WC36,JP215,NA,NA,PC715,AATGCGGTTC,WC36,ATTGTAAGCG,NA,JP215_P3_Tef2xSize_CLperCC_runBSA_1,mouse_human,CC11_CC12,NIH_HEK,no
JP215_PC715_WC37,JP215,NA,NA,PC715,AATGCGGTTC,WC37,CGGTCTCTCT,NA,JP215_P3_Tef2xSize_CLperCC_runBSA_1,mouse_human,CC11_CC12,NIH_HEK,no
JP215_PC715_WC38,JP215,NA,NA,PC715,AATGCGGTTC,WC38,AACAGCAATG,NA,JP215_P3_Tef2xSize_CLperCC_runBSA_1,mouse_human,CC11_CC12,NIH_HEK,no
JP215_PC715_WC39,JP215,NA,NA,PC715,AATGCGGTTC,WC39,TCCGTGTTGC,NA,JP215_P3_Tef2xSize_CLperCC_runBSA_1,mouse_human,CC11_CC12,NIH_HEK,no
JP215_PC715_WC40,JP215,NA,NA,PC715,AATGCGGTTC,WC40,TGCGAAGTGA,NA,JP215_P3_Tef2xSize_CLperCC_runBSA_1,mouse_human,CC11_CC12,NIH_HEK,no
JP215_PC715_WC41,JP215,NA,NA,PC715,AATGCGGTTC,WC41,CACAGCTATT,NA,JP215_P3_Tef2xSize_CLperCC_runBSA_1,mouse_human,CC11_CC12,NIH_HEK,no
JP215_PC715_WC42,JP215,NA,NA,PC715,AATGCGGTTC,WC42,GATAGTGTTC,NA,JP215_P3_Tef2xSize_CLperCC_runBSA_1,mouse_human,CC11_CC12,NIH_HEK,no
JP215_PC715_WC43,JP215,NA,NA,PC715,AATGCGGTTC,WC43,TAGCTACCAG,NA,JP215_P3_Tef2xSize_CLperCC_runBSA_1,mouse_human,CC11_CC12,NIH_HEK,no
JP215_PC715_WC44,JP215,NA,NA,PC715,AATGCGGTTC,WC44,TGCTCACGCA,NA,JP215_P3_Tef2xSize_CLperCC_runBSA_1,mouse_human,CC11_CC12,NIH_HEK,no
JP215_PC715_WC45,JP215,NA,NA,PC715,AATGCGGTTC,WC45,AAGTGTGCTA,NA,JP215_P3_Tef2xSize_CLperCC_runBSA_1,mouse_human,CC11_CC12,NIH_HEK,no
JP215_PC715_WC46,JP215,NA,NA,PC715,AATGCGGTTC,WC46,TCATCGTCTG,NA,JP215_P3_Tef2xSize_CLperCC_runBSA_1,mouse_human,CC11_CC12,NIH_HEK,no
JP215_PC715_WC47,JP215,NA,NA,PC715,AATGCGGTTC,WC47,AGATGCTCCG,NA,JP215_P3_Tef2xSize_CLperCC_runBSA_1,mouse_human,CC11_CC12,NIH_HEK,no
JP215_PC715_WC48,JP215,NA,NA,PC715,AATGCGGTTC,WC48,GAACCAAGCG,NA,JP215_P3_Tef2xSize_CLperCC_runBSA_1,mouse_human,CC11_CC12,NIH_HEK,no
JP215_PC715_WC49,JP215,NA,NA,PC715,AATGCGGTTC,WC49,CCTCTTCAAG,NA,JP215_P3_Tef2xSize_CLperCC_runBSA_1,mouse_human,CC11_CC12,NIH_HEK,no
JP215_PC715_WC50,JP215,NA,NA,PC715,AATGCGGTTC,WC50,CGTCGCATCT,NA,JP215_P3_Tef2xSize_CLperCC_runBSA_1,mouse_human,CC11_CC12,NIH_HEK,no
JP215_PC715_WC51,JP215,NA,NA,PC715,AATGCGGTTC,WC51,CCGAACGTTC,NA,JP215_P3_Tef2xSize_CLperCC_runBSA_1,mouse_human,CC11_CC12,NIH_HEK,no
JP215_PC715_WC52,JP215,NA,NA,PC715,AATGCGGTTC,WC52,GAATGGCGTT,NA,JP215_P3_Tef2xSize_CLperCC_runBSA_1,mouse_human,CC11_CC12,NIH_HEK,no
JP215_PC715_WC53,JP215,NA,NA,PC715,AATGCGGTTC,WC53,AAGTTCAGGA,NA,JP215_P3_Tef2xSize_CLperCC_runBSA_1,mouse_human,CC11_CC12,NIH_HEK,no
JP215_PC715_WC54,JP215,NA,NA,PC715,AATGCGGTTC,WC54,GACCAATTGT,NA,JP215_P3_Tef2xSize_CLperCC_runBSA_1,mouse_human,CC11_CC12,NIH_HEK,no
JP215_PC715_WC55,JP215,NA,NA,PC715,AATGCGGTTC,WC55,TGTCTGTGAC,NA,JP215_P3_Tef2xSize_CLperCC_runBSA_1,mouse_human,CC11_CC12,NIH_HEK,no
JP215_PC715_WC56,JP215,NA,NA,PC715,AATGCGGTTC,WC56,GAACATTGGC,NA,JP215_P3_Tef2xSize_CLperCC_runBSA_1,mouse_human,CC11_CC12,NIH_HEK,no
JP215_PC715_WC57,JP215,NA,NA,PC715,AATGCGGTTC,WC57,CGTAACACTA,NA,JP215_P3_Tef2xSize_CLperCC_runBSA_1,mouse_human,CC11_CC12,NIH_HEK,no
JP215_PC715_WC58,JP215,NA,NA,PC715,AATGCGGTTC,WC58,GTACTTCCAA,NA,JP215_P3_Tef2xSize_CLperCC_runBSA_1,mouse_human,CC11_CC12,NIH_HEK,no
JP215_PC715_WC59,JP215,NA,NA,PC715,AATGCGGTTC,WC59,TTAGCGTCTT,NA,JP215_P3_Tef2xSize_CLperCC_runBSA_1,mouse_human,CC11_CC12,NIH_HEK,no
JP215_PC715_WC60,JP215,NA,NA,PC715,AATGCGGTTC,WC60,TTGACCGTCT,NA,JP215_P3_Tef2xSize_CLperCC_runBSA_1,mouse_human,CC11_CC12,NIH_HEK,no
JP215_PC715_WC61,JP215,NA,NA,PC715,AATGCGGTTC,WC61,ACGGCTTCTC,NA,JP215_P3_Tef2xSize_CLperCC_runBSA_1,mouse_human,CC11_CC12,NIH_HEK,no
JP215_PC715_WC62,JP215,NA,NA,PC715,AATGCGGTTC,WC62,TGCGATGTAT,NA,JP215_P3_Tef2xSize_CLperCC_runBSA_1,mouse_human,CC11_CC12,NIH_HEK,no
JP215_PC715_WC63,JP215,NA,NA,PC715,AATGCGGTTC,WC63,GCGTTCAGCA,NA,JP215_P3_Tef2xSize_CLperCC_runBSA_1,mouse_human,CC11_CC12,NIH_HEK,no
JP215_PC715_WC64,JP215,NA,NA,PC715,AATGCGGTTC,WC64,GCCTAGGAAG,NA,JP215_P3_Tef2xSize_CLperCC_runBSA_1,mouse_human,CC11_CC12,NIH_HEK,no
JP215_PC715_WC65,JP215,NA,NA,PC715,AATGCGGTTC,WC65,GTTACCAACG,NA,JP215_P3_Tef2xSize_CLperCC_runBSA_1,mouse_human,CC11_CC12,NIH_HEK,no
JP215_PC715_WC66,JP215,NA,NA,PC715,AATGCGGTTC,WC66,ACGAACCAAG,NA,JP215_P3_Tef2xSize_CLperCC_runBSA_1,mouse_human,CC11_CC12,NIH_HEK,no
JP215_PC715_WC67,JP215,NA,NA,PC715,AATGCGGTTC,WC67,CACGCAAGTC,NA,JP215_P3_Tef2xSize_CLperCC_runBSA_1,mouse_human,CC11_CC12,NIH_HEK,no
JP215_PC715_WC68,JP215,NA,NA,PC715,AATGCGGTTC,WC68,GCTGGAGAAG,NA,JP215_P3_Tef2xSize_CLperCC_runBSA_1,mouse_human,CC11_CC12,NIH_HEK,no
JP215_PC715_WC69,JP215,NA,NA,PC715,AATGCGGTTC,WC69,CCAGTGTACG,NA,JP215_P3_Tef2xSize_CLperCC_runBSA_1,mouse_human,CC11_CC12,NIH_HEK,no
JP215_PC715_WC70,JP215,NA,NA,PC715,AATGCGGTTC,WC70,GTTGATGCGA,NA,JP215_P3_Tef2xSize_CLperCC_runBSA_1,mouse_human,CC11_CC12,NIH_HEK,no
JP215_PC715_WC71,JP215,NA,NA,PC715,AATGCGGTTC,WC71,CGCTTGTTAT,NA,JP215_P3_Tef2xSize_CLperCC_runBSA_1,mouse_human,CC11_CC12,NIH_HEK,no
JP215_PC715_WC72,JP215,NA,NA,PC715,AATGCGGTTC,WC72,GTAACGTTCA,NA,JP215_P3_Tef2xSize_CLperCC_runBSA_1,mouse_human,CC11_CC12,NIH_HEK,no
JP215_PC715_WC73,JP215,NA,NA,PC715,AATGCGGTTC,WC73,CCGAGTCTTC,NA,JP215_P3_Tef2xSize_CLperCC_runBSA_1,mouse_human,CC11_CC12,NIH_HEK,no
JP215_PC715_WC74,JP215,NA,NA,PC715,AATGCGGTTC,WC74,TATTGCGCTA,NA,JP215_P3_Tef2xSize_CLperCC_runBSA_1,mouse_human,CC11_CC12,NIH_HEK,no
JP215_PC715_WC75,JP215,NA,NA,PC715,AATGCGGTTC,WC75,TGTGGTCTAA,NA,JP215_P3_Tef2xSize_CLperCC_runBSA_1,mouse_human,CC11_CC12,NIH_HEK,no
JP215_PC715_WC76,JP215,NA,NA,PC715,AATGCGGTTC,WC76,CACGTCTACG,NA,JP215_P3_Tef2xSize_CLperCC_runBSA_1,mouse_human,CC11_CC12,NIH_HEK,no
JP215_PC715_WC77,JP215,NA,NA,PC715,AATGCGGTTC,WC77,AGTCCAGTGA,NA,JP215_P3_Tef2xSize_CLperCC_runBSA_1,mouse_human,CC11_CC12,NIH_HEK,no
JP215_PC715_WC78,JP215,NA,NA,PC715,AATGCGGTTC,WC78,ATGCTTGGTC,NA,JP215_P3_Tef2xSize_CLperCC_runBSA_1,mouse_human,CC11_CC12,NIH_HEK,no
JP215_PC715_WC79,JP215,NA,NA,PC715,AATGCGGTTC,WC79,TGATACTCGC,NA,JP215_P3_Tef2xSize_CLperCC_runBSA_1,mouse_human,CC11_CC12,NIH_HEK,no
JP215_PC715_WC80,JP215,NA,NA,PC715,AATGCGGTTC,WC80,TTATCGAGAG,NA,JP215_P3_Tef2xSize_CLperCC_runBSA_1,mouse_human,CC11_CC12,NIH_HEK,no
JP215_PC715_WC81,JP215,NA,NA,PC715,AATGCGGTTC,WC81,TGCCAGTATT,NA,JP215_P3_Tef2xSize_CLperCC_runBSA_1,mouse_human,CC11_CC12,NIH_HEK,no
JP215_PC715_WC82,JP215,NA,NA,PC715,AATGCGGTTC,WC82,GAGTTGCATA,NA,JP215_P3_Tef2xSize_CLperCC_runBSA_1,mouse_human,CC11_CC12,NIH_HEK,no
JP215_PC715_WC83,JP215,NA,NA,PC715,AATGCGGTTC,WC83,ACACTAGCAT,NA,JP215_P3_Tef2xSize_CLperCC_runBSA_1,mouse_human,CC11_CC12,NIH_HEK,no
JP215_PC715_WC84,JP215,NA,NA,PC715,AATGCGGTTC,WC84,GTTCTAATGG,NA,JP215_P3_Tef2xSize_CLperCC_runBSA_1,mouse_human,CC11_CC12,NIH_HEK,no
JP215_PC715_WC85,JP215,NA,NA,PC715,AATGCGGTTC,WC85,CGTTCACGTT,NA,JP215_P3_Tef2xSize_CLperCC_runBSA_1,mouse_human,CC11_CC12,NIH_HEK,no
JP215_PC715_WC86,JP215,NA,NA,PC715,AATGCGGTTC,WC86,GACTGCGTTA,NA,JP215_P3_Tef2xSize_CLperCC_runBSA_1,mouse_human,CC11_CC12,NIH_HEK,no
JP215_PC715_WC87,JP215,NA,NA,PC715,AATGCGGTTC,WC87,TGGCTTATGG,NA,JP215_P3_Tef2xSize_CLperCC_runBSA_1,mouse_human,CC11_CC12,NIH_HEK,no
JP215_PC715_WC88,JP215,NA,NA,PC715,AATGCGGTTC,WC88,TCAGAGGCAC,NA,JP215_P3_Tef2xSize_CLperCC_runBSA_1,mouse_human,CC11_CC12,NIH_HEK,no
JP215_PC715_WC89,JP215,NA,NA,PC715,AATGCGGTTC,WC89,CGCTAGGCTA,NA,JP215_P3_Tef2xSize_CLperCC_runBSA_1,mouse_human,CC11_CC12,NIH_HEK,no
JP215_PC715_WC90,JP215,NA,NA,PC715,AATGCGGTTC,WC90,AACCGTAACA,NA,JP215_P3_Tef2xSize_CLperCC_runBSA_1,mouse_human,CC11_CC12,NIH_HEK,no
JP215_PC715_WC91,JP215,NA,NA,PC715,AATGCGGTTC,WC91,CTTGGTATGA,NA,JP215_P3_Tef2xSize_CLperCC_runBSA_1,mouse_human,CC11_CC12,NIH_HEK,no
JP215_PC715_WC92,JP215,NA,NA,PC715,AATGCGGTTC,WC92,TGTAGATCCG,NA,JP215_P3_Tef2xSize_CLperCC_runBSA_1,mouse_human,CC11_CC12,NIH_HEK,no
JP215_PC715_WC93,JP215,NA,NA,PC715,AATGCGGTTC,WC93,AACTCTACCG,NA,JP215_P3_Tef2xSize_CLperCC_runBSA_1,mouse_human,CC11_CC12,NIH_HEK,no
JP215_PC715_WC94,JP215,NA,NA,PC715,AATGCGGTTC,WC94,CGTGACATTC,NA,JP215_P3_Tef2xSize_CLperCC_runBSA_1,mouse_human,CC11_CC12,NIH_HEK,no
JP215_PC715_WC95,JP215,NA,NA,PC715,AATGCGGTTC,WC95,CTGTACCAGG,NA,JP215_P3_Tef2xSize_CLperCC_runBSA_1,mouse_human,CC11_CC12,NIH_HEK,no
JP215_PC715_WC96,JP215,NA,NA,PC715,AATGCGGTTC,WC96,ACTGGTTCCG,NA,JP215_P3_Tef2xSize_CLperCC_runBSA_1,mouse_human,CC11_CC12,NIH_HEK,no
JP215_PC716_WC1,JP215,NA,NA,PC716,AGCCTGTTGT,WC1,GTCGTGAATC,NA,JP215_P4_Tef2xSize_CLperCC_runBSA_2,mouse_human,CC11_CC12,NIH_HEK,no
JP215_PC716_WC2,JP215,NA,NA,PC716,AGCCTGTTGT,WC2,CTGTTCTACG,NA,JP215_P4_Tef2xSize_CLperCC_runBSA_2,mouse_human,CC11_CC12,NIH_HEK,no
JP215_PC716_WC3,JP215,NA,NA,PC716,AGCCTGTTGT,WC3,GCTCTTAGGT,NA,JP215_P4_Tef2xSize_CLperCC_runBSA_2,mouse_human,CC11_CC12,NIH_HEK,no
JP215_PC716_WC4,JP215,NA,NA,PC716,AGCCTGTTGT,WC4,TAGAAGCCAT,NA,JP215_P4_Tef2xSize_CLperCC_runBSA_2,mouse_human,CC11_CC12,NIH_HEK,no
JP215_PC716_WC5,JP215,NA,NA,PC716,AGCCTGTTGT,WC5,CACTTAGGTA,NA,JP215_P4_Tef2xSize_CLperCC_runBSA_2,mouse_human,CC11_CC12,NIH_HEK,no
JP215_PC716_WC6,JP215,NA,NA,PC716,AGCCTGTTGT,WC6,ATAGGTAAGG,NA,JP215_P4_Tef2xSize_CLperCC_runBSA_2,mouse_human,CC11_CC12,NIH_HEK,no
JP215_PC716_WC7,JP215,NA,NA,PC716,AGCCTGTTGT,WC7,CGCCTTATAT,NA,JP215_P4_Tef2xSize_CLperCC_runBSA_2,mouse_human,CC11_CC12,NIH_HEK,no
JP215_PC716_WC8,JP215,NA,NA,PC716,AGCCTGTTGT,WC8,GCACGATGCT,NA,JP215_P4_Tef2xSize_CLperCC_runBSA_2,mouse_human,CC11_CC12,NIH_HEK,no
JP215_PC716_WC9,JP215,NA,NA,PC716,AGCCTGTTGT,WC9,AATATGCCAG,NA,JP215_P4_Tef2xSize_CLperCC_runBSA_2,mouse_human,CC11_CC12,NIH_HEK,no
JP215_PC716_WC10,JP215,NA,NA,PC716,AGCCTGTTGT,WC10,TAGAGTCACG,NA,JP215_P4_Tef2xSize_CLperCC_runBSA_2,mouse_human,CC11_CC12,NIH_HEK,no
JP215_PC716_WC11,JP215,NA,NA,PC716,AGCCTGTTGT,WC11,TTAACAGGTC,NA,JP215_P4_Tef2xSize_CLperCC_runBSA_2,mouse_human,CC11_CC12,NIH_HEK,no
JP215_PC716_WC12,JP215,NA,NA,PC716,AGCCTGTTGT,WC12,ACATGAGCCA,NA,JP215_P4_Tef2xSize_CLperCC_runBSA_2,mouse_human,CC11_CC12,NIH_HEK,no
JP215_PC716_WC13,JP215,NA,NA,PC716,AGCCTGTTGT,WC13,GCGAGGTTCT,NA,JP215_P4_Tef2xSize_CLperCC_runBSA_2,mouse_human,CC11_CC12,NIH_HEK,no
JP215_PC716_WC14,JP215,NA,NA,PC716,AGCCTGTTGT,WC14,TGTCCGTAGG,NA,JP215_P4_Tef2xSize_CLperCC_runBSA_2,mouse_human,CC11_CC12,NIH_HEK,no
JP215_PC716_WC15,JP215,NA,NA,PC716,AGCCTGTTGT,WC15,CATTATGCCT,NA,JP215_P4_Tef2xSize_CLperCC_runBSA_2,mouse_human,CC11_CC12,NIH_HEK,no
JP215_PC716_WC16,JP215,NA,NA,PC716,AGCCTGTTGT,WC16,TCCACTGTTG,NA,JP215_P4_Tef2xSize_CLperCC_runBSA_2,mouse_human,CC11_CC12,NIH_HEK,no
JP215_PC716_WC17,JP215,NA,NA,PC716,AGCCTGTTGT,WC17,CTTAACGACA,NA,JP215_P4_Tef2xSize_CLperCC_runBSA_2,mouse_human,CC11_CC12,NIH_HEK,no
JP215_PC716_WC18,JP215,NA,NA,PC716,AGCCTGTTGT,WC18,TCCTCGAGCT,NA,JP215_P4_Tef2xSize_CLperCC_runBSA_2,mouse_human,CC11_CC12,NIH_HEK,no
JP215_PC716_WC19,JP215,NA,NA,PC716,AGCCTGTTGT,WC19,CGAGTAATGT,NA,JP215_P4_Tef2xSize_CLperCC_runBSA_2,mouse_human,CC11_CC12,NIH_HEK,no
JP215_PC716_WC20,JP215,NA,NA,PC716,AGCCTGTTGT,WC20,CATACCGCTG,NA,JP215_P4_Tef2xSize_CLperCC_runBSA_2,mouse_human,CC11_CC12,NIH_HEK,no
JP215_PC716_WC21,JP215,NA,NA,PC716,AGCCTGTTGT,WC21,GCTACTTGCA,NA,JP215_P4_Tef2xSize_CLperCC_runBSA_2,mouse_human,CC11_CC12,NIH_HEK,no
JP215_PC716_WC22,JP215,NA,NA,PC716,AGCCTGTTGT,WC22,GCTATTGAAG,NA,JP215_P4_Tef2xSize_CLperCC_runBSA_2,mouse_human,CC11_CC12,NIH_HEK,no
JP215_PC716_WC23,JP215,NA,NA,PC716,AGCCTGTTGT,WC23,TCAGCATCCG,NA,JP215_P4_Tef2xSize_CLperCC_runBSA_2,mouse_human,CC11_CC12,NIH_HEK,no
JP215_PC716_WC24,JP215,NA,NA,PC716,AGCCTGTTGT,WC24,TAGGTGGTGG,NA,JP215_P4_Tef2xSize_CLperCC_runBSA_2,mouse_human,CC11_CC12,NIH_HEK,no
JP215_PC716_WC25,JP215,NA,NA,PC716,AGCCTGTTGT,WC25,AAGATCGGAT,NA,JP215_P4_Tef2xSize_CLperCC_runBSA_2,mouse_human,CC11_CC12,NIH_HEK,no
JP215_PC716_WC26,JP215,NA,NA,PC716,AGCCTGTTGT,WC26,TTAACGTCCG,NA,JP215_P4_Tef2xSize_CLperCC_runBSA_2,mouse_human,CC11_CC12,NIH_HEK,no
JP215_PC716_WC27,JP215,NA,NA,PC716,AGCCTGTTGT,WC27,ATTACCGATC,NA,JP215_P4_Tef2xSize_CLperCC_runBSA_2,mouse_human,CC11_CC12,NIH_HEK,no
JP215_PC716_WC28,JP215,NA,NA,PC716,AGCCTGTTGT,WC28,GTTGCATCGT,NA,JP215_P4_Tef2xSize_CLperCC_runBSA_2,mouse_human,CC11_CC12,NIH_HEK,no
JP215_PC716_WC29,JP215,NA,NA,PC716,AGCCTGTTGT,WC29,ACTGGACGTT,NA,JP215_P4_Tef2xSize_CLperCC_runBSA_2,mouse_human,CC11_CC12,NIH_HEK,no
JP215_PC716_WC30,JP215,NA,NA,PC716,AGCCTGTTGT,WC30,TTGTTCGTGT,NA,JP215_P4_Tef2xSize_CLperCC_runBSA_2,mouse_human,CC11_CC12,NIH_HEK,no
JP215_PC716_WC31,JP215,NA,NA,PC716,AGCCTGTTGT,WC31,ACGGACTGAG,NA,JP215_P4_Tef2xSize_CLperCC_runBSA_2,mouse_human,CC11_CC12,NIH_HEK,no
JP215_PC716_WC32,JP215,NA,NA,PC716,AGCCTGTTGT,WC32,CACCGTCATA,NA,JP215_P4_Tef2xSize_CLperCC_runBSA_2,mouse_human,CC11_CC12,NIH_HEK,no
JP215_PC716_WC33,JP215,NA,NA,PC716,AGCCTGTTGT,WC33,GTAGTTGTGT,NA,JP215_P4_Tef2xSize_CLperCC_runBSA_2,mouse_human,CC11_CC12,NIH_HEK,no
JP215_PC716_WC34,JP215,NA,NA,PC716,AGCCTGTTGT,WC34,CTGAGTCCTT,NA,JP215_P4_Tef2xSize_CLperCC_runBSA_2,mouse_human,CC11_CC12,NIH_HEK,no
JP215_PC716_WC35,JP215,NA,NA,PC716,AGCCTGTTGT,WC35,TCACAGTTGC,NA,JP215_P4_Tef2xSize_CLperCC_runBSA_2,mouse_human,CC11_CC12,NIH_HEK,no
JP215_PC716_WC36,JP215,NA,NA,PC716,AGCCTGTTGT,WC36,ATTGTAAGCG,NA,JP215_P4_Tef2xSize_CLperCC_runBSA_2,mouse_human,CC11_CC12,NIH_HEK,no
JP215_PC716_WC37,JP215,NA,NA,PC716,AGCCTGTTGT,WC37,CGGTCTCTCT,NA,JP215_P4_Tef2xSize_CLperCC_runBSA_2,mouse_human,CC11_CC12,NIH_HEK,no
JP215_PC716_WC38,JP215,NA,NA,PC716,AGCCTGTTGT,WC38,AACAGCAATG,NA,JP215_P4_Tef2xSize_CLperCC_runBSA_2,mouse_human,CC11_CC12,NIH_HEK,no
JP215_PC716_WC39,JP215,NA,NA,PC716,AGCCTGTTGT,WC39,TCCGTGTTGC,NA,JP215_P4_Tef2xSize_CLperCC_runBSA_2,mouse_human,CC11_CC12,NIH_HEK,no
JP215_PC716_WC40,JP215,NA,NA,PC716,AGCCTGTTGT,WC40,TGCGAAGTGA,NA,JP215_P4_Tef2xSize_CLperCC_runBSA_2,mouse_human,CC11_CC12,NIH_HEK,no
JP215_PC716_WC41,JP215,NA,NA,PC716,AGCCTGTTGT,WC41,CACAGCTATT,NA,JP215_P4_Tef2xSize_CLperCC_runBSA_2,mouse_human,CC11_CC12,NIH_HEK,no
JP215_PC716_WC42,JP215,NA,NA,PC716,AGCCTGTTGT,WC42,GATAGTGTTC,NA,JP215_P4_Tef2xSize_CLperCC_runBSA_2,mouse_human,CC11_CC12,NIH_HEK,no
JP215_PC716_WC43,JP215,NA,NA,PC716,AGCCTGTTGT,WC43,TAGCTACCAG,NA,JP215_P4_Tef2xSize_CLperCC_runBSA_2,mouse_human,CC11_CC12,NIH_HEK,no
JP215_PC716_WC44,JP215,NA,NA,PC716,AGCCTGTTGT,WC44,TGCTCACGCA,NA,JP215_P4_Tef2xSize_CLperCC_runBSA_2,mouse_human,CC11_CC12,NIH_HEK,no
JP215_PC716_WC45,JP215,NA,NA,PC716,AGCCTGTTGT,WC45,AAGTGTGCTA,NA,JP215_P4_Tef2xSize_CLperCC_runBSA_2,mouse_human,CC11_CC12,NIH_HEK,no
JP215_PC716_WC46,JP215,NA,NA,PC716,AGCCTGTTGT,WC46,TCATCGTCTG,NA,JP215_P4_Tef2xSize_CLperCC_runBSA_2,mouse_human,CC11_CC12,NIH_HEK,no
JP215_PC716_WC47,JP215,NA,NA,PC716,AGCCTGTTGT,WC47,AGATGCTCCG,NA,JP215_P4_Tef2xSize_CLperCC_runBSA_2,mouse_human,CC11_CC12,NIH_HEK,no
JP215_PC716_WC48,JP215,NA,NA,PC716,AGCCTGTTGT,WC48,GAACCAAGCG,NA,JP215_P4_Tef2xSize_CLperCC_runBSA_2,mouse_human,CC11_CC12,NIH_HEK,no
JP215_PC716_WC49,JP215,NA,NA,PC716,AGCCTGTTGT,WC49,CCTCTTCAAG,NA,JP215_P4_Tef2xSize_CLperCC_runBSA_2,mouse_human,CC11_CC12,NIH_HEK,no
JP215_PC716_WC50,JP215,NA,NA,PC716,AGCCTGTTGT,WC50,CGTCGCATCT,NA,JP215_P4_Tef2xSize_CLperCC_runBSA_2,mouse_human,CC11_CC12,NIH_HEK,no
JP215_PC716_WC51,JP215,NA,NA,PC716,AGCCTGTTGT,WC51,CCGAACGTTC,NA,JP215_P4_Tef2xSize_CLperCC_runBSA_2,mouse_human,CC11_CC12,NIH_HEK,no
JP215_PC716_WC52,JP215,NA,NA,PC716,AGCCTGTTGT,WC52,GAATGGCGTT,NA,JP215_P4_Tef2xSize_CLperCC_runBSA_2,mouse_human,CC11_CC12,NIH_HEK,no
JP215_PC716_WC53,JP215,NA,NA,PC716,AGCCTGTTGT,WC53,AAGTTCAGGA,NA,JP215_P4_Tef2xSize_CLperCC_runBSA_2,mouse_human,CC11_CC12,NIH_HEK,no
JP215_PC716_WC54,JP215,NA,NA,PC716,AGCCTGTTGT,WC54,GACCAATTGT,NA,JP215_P4_Tef2xSize_CLperCC_runBSA_2,mouse_human,CC11_CC12,NIH_HEK,no
JP215_PC716_WC55,JP215,NA,NA,PC716,AGCCTGTTGT,WC55,TGTCTGTGAC,NA,JP215_P4_Tef2xSize_CLperCC_runBSA_2,mouse_human,CC11_CC12,NIH_HEK,no
JP215_PC716_WC56,JP215,NA,NA,PC716,AGCCTGTTGT,WC56,GAACATTGGC,NA,JP215_P4_Tef2xSize_CLperCC_runBSA_2,mouse_human,CC11_CC12,NIH_HEK,no
JP215_PC716_WC57,JP215,NA,NA,PC716,AGCCTGTTGT,WC57,CGTAACACTA,NA,JP215_P4_Tef2xSize_CLperCC_runBSA_2,mouse_human,CC11_CC12,NIH_HEK,no
JP215_PC716_WC58,JP215,NA,NA,PC716,AGCCTGTTGT,WC58,GTACTTCCAA,NA,JP215_P4_Tef2xSize_CLperCC_runBSA_2,mouse_human,CC11_CC12,NIH_HEK,no
JP215_PC716_WC59,JP215,NA,NA,PC716,AGCCTGTTGT,WC59,TTAGCGTCTT,NA,JP215_P4_Tef2xSize_CLperCC_runBSA_2,mouse_human,CC11_CC12,NIH_HEK,no
JP215_PC716_WC60,JP215,NA,NA,PC716,AGCCTGTTGT,WC60,TTGACCGTCT,NA,JP215_P4_Tef2xSize_CLperCC_runBSA_2,mouse_human,CC11_CC12,NIH_HEK,no
JP215_PC716_WC61,JP215,NA,NA,PC716,AGCCTGTTGT,WC61,ACGGCTTCTC,NA,JP215_P4_Tef2xSize_CLperCC_runBSA_2,mouse_human,CC11_CC12,NIH_HEK,no
JP215_PC716_WC62,JP215,NA,NA,PC716,AGCCTGTTGT,WC62,TGCGATGTAT,NA,JP215_P4_Tef2xSize_CLperCC_runBSA_2,mouse_human,CC11_CC12,NIH_HEK,no
JP215_PC716_WC63,JP215,NA,NA,PC716,AGCCTGTTGT,WC63,GCGTTCAGCA,NA,JP215_P4_Tef2xSize_CLperCC_runBSA_2,mouse_human,CC11_CC12,NIH_HEK,no
JP215_PC716_WC64,JP215,NA,NA,PC716,AGCCTGTTGT,WC64,GCCTAGGAAG,NA,JP215_P4_Tef2xSize_CLperCC_runBSA_2,mouse_human,CC11_CC12,NIH_HEK,no
JP215_PC716_WC65,JP215,NA,NA,PC716,AGCCTGTTGT,WC65,GTTACCAACG,NA,JP215_P4_Tef2xSize_CLperCC_runBSA_2,mouse_human,CC11_CC12,NIH_HEK,no
JP215_PC716_WC66,JP215,NA,NA,PC716,AGCCTGTTGT,WC66,ACGAACCAAG,NA,JP215_P4_Tef2xSize_CLperCC_runBSA_2,mouse_human,CC11_CC12,NIH_HEK,no
JP215_PC716_WC67,JP215,NA,NA,PC716,AGCCTGTTGT,WC67,CACGCAAGTC,NA,JP215_P4_Tef2xSize_CLperCC_runBSA_2,mouse_human,CC11_CC12,NIH_HEK,no
JP215_PC716_WC68,JP215,NA,NA,PC716,AGCCTGTTGT,WC68,GCTGGAGAAG,NA,JP215_P4_Tef2xSize_CLperCC_runBSA_2,mouse_human,CC11_CC12,NIH_HEK,no
JP215_PC716_WC69,JP215,NA,NA,PC716,AGCCTGTTGT,WC69,CCAGTGTACG,NA,JP215_P4_Tef2xSize_CLperCC_runBSA_2,mouse_human,CC11_CC12,NIH_HEK,no
JP215_PC716_WC70,JP215,NA,NA,PC716,AGCCTGTTGT,WC70,GTTGATGCGA,NA,JP215_P4_Tef2xSize_CLperCC_runBSA_2,mouse_human,CC11_CC12,NIH_HEK,no
JP215_PC716_WC71,JP215,NA,NA,PC716,AGCCTGTTGT,WC71,CGCTTGTTAT,NA,JP215_P4_Tef2xSize_CLperCC_runBSA_2,mouse_human,CC11_CC12,NIH_HEK,no
JP215_PC716_WC72,JP215,NA,NA,PC716,AGCCTGTTGT,WC72,GTAACGTTCA,NA,JP215_P4_Tef2xSize_CLperCC_runBSA_2,mouse_human,CC11_CC12,NIH_HEK,no
JP215_PC716_WC73,JP215,NA,NA,PC716,AGCCTGTTGT,WC73,CCGAGTCTTC,NA,JP215_P4_Tef2xSize_CLperCC_runBSA_2,mouse_human,CC11_CC12,NIH_HEK,no
JP215_PC716_WC74,JP215,NA,NA,PC716,AGCCTGTTGT,WC74,TATTGCGCTA,NA,JP215_P4_Tef2xSize_CLperCC_runBSA_2,mouse_human,CC11_CC12,NIH_HEK,no
JP215_PC716_WC75,JP215,NA,NA,PC716,AGCCTGTTGT,WC75,TGTGGTCTAA,NA,JP215_P4_Tef2xSize_CLperCC_runBSA_2,mouse_human,CC11_CC12,NIH_HEK,no
JP215_PC716_WC76,JP215,NA,NA,PC716,AGCCTGTTGT,WC76,CACGTCTACG,NA,JP215_P4_Tef2xSize_CLperCC_runBSA_2,mouse_human,CC11_CC12,NIH_HEK,no
JP215_PC716_WC77,JP215,NA,NA,PC716,AGCCTGTTGT,WC77,AGTCCAGTGA,NA,JP215_P4_Tef2xSize_CLperCC_runBSA_2,mouse_human,CC11_CC12,NIH_HEK,no
JP215_PC716_WC78,JP215,NA,NA,PC716,AGCCTGTTGT,WC78,ATGCTTGGTC,NA,JP215_P4_Tef2xSize_CLperCC_runBSA_2,mouse_human,CC11_CC12,NIH_HEK,no
JP215_PC716_WC79,JP215,NA,NA,PC716,AGCCTGTTGT,WC79,TGATACTCGC,NA,JP215_P4_Tef2xSize_CLperCC_runBSA_2,mouse_human,CC11_CC12,NIH_HEK,no
JP215_PC716_WC80,JP215,NA,NA,PC716,AGCCTGTTGT,WC80,TTATCGAGAG,NA,JP215_P4_Tef2xSize_CLperCC_runBSA_2,mouse_human,CC11_CC12,NIH_HEK,no
JP215_PC716_WC81,JP215,NA,NA,PC716,AGCCTGTTGT,WC81,TGCCAGTATT,NA,JP215_P4_Tef2xSize_CLperCC_runBSA_2,mouse_human,CC11_CC12,NIH_HEK,no
JP215_PC716_WC82,JP215,NA,NA,PC716,AGCCTGTTGT,WC82,GAGTTGCATA,NA,JP215_P4_Tef2xSize_CLperCC_runBSA_2,mouse_human,CC11_CC12,NIH_HEK,no
JP215_PC716_WC83,JP215,NA,NA,PC716,AGCCTGTTGT,WC83,ACACTAGCAT,NA,JP215_P4_Tef2xSize_CLperCC_runBSA_2,mouse_human,CC11_CC12,NIH_HEK,no
JP215_PC716_WC84,JP215,NA,NA,PC716,AGCCTGTTGT,WC84,GTTCTAATGG,NA,JP215_P4_Tef2xSize_CLperCC_runBSA_2,mouse_human,CC11_CC12,NIH_HEK,no
JP215_PC716_WC85,JP215,NA,NA,PC716,AGCCTGTTGT,WC85,CGTTCACGTT,NA,JP215_P4_Tef2xSize_CLperCC_runBSA_2,mouse_human,CC11_CC12,NIH_HEK,no
JP215_PC716_WC86,JP215,NA,NA,PC716,AGCCTGTTGT,WC86,GACTGCGTTA,NA,JP215_P4_Tef2xSize_CLperCC_runBSA_2,mouse_human,CC11_CC12,NIH_HEK,no
JP215_PC716_WC87,JP215,NA,NA,PC716,AGCCTGTTGT,WC87,TGGCTTATGG,NA,JP215_P4_Tef2xSize_CLperCC_runBSA_2,mouse_human,CC11_CC12,NIH_HEK,no
JP215_PC716_WC88,JP215,NA,NA,PC716,AGCCTGTTGT,WC88,TCAGAGGCAC,NA,JP215_P4_Tef2xSize_CLperCC_runBSA_2,mouse_human,CC11_CC12,NIH_HEK,no
JP215_PC716_WC89,JP215,NA,NA,PC716,AGCCTGTTGT,WC89,CGCTAGGCTA,NA,JP215_P4_Tef2xSize_CLperCC_runBSA_2,mouse_human,CC11_CC12,NIH_HEK,no
JP215_PC716_WC90,JP215,NA,NA,PC716,AGCCTGTTGT,WC90,AACCGTAACA,NA,JP215_P4_Tef2xSize_CLperCC_runBSA_2,mouse_human,CC11_CC12,NIH_HEK,no
JP215_PC716_WC91,JP215,NA,NA,PC716,AGCCTGTTGT,WC91,CTTGGTATGA,NA,JP215_P4_Tef2xSize_CLperCC_runBSA_2,mouse_human,CC11_CC12,NIH_HEK,no
JP215_PC716_WC92,JP215,NA,NA,PC716,AGCCTGTTGT,WC92,TGTAGATCCG,NA,JP215_P4_Tef2xSize_CLperCC_runBSA_2,mouse_human,CC11_CC12,NIH_HEK,no
JP215_PC716_WC93,JP215,NA,NA,PC716,AGCCTGTTGT,WC93,AACTCTACCG,NA,JP215_P4_Tef2xSize_CLperCC_runBSA_2,mouse_human,CC11_CC12,NIH_HEK,no
JP215_PC716_WC94,JP215,NA,NA,PC716,AGCCTGTTGT,WC94,CGTGACATTC,NA,JP215_P4_Tef2xSize_CLperCC_runBSA_2,mouse_human,CC11_CC12,NIH_HEK,no
JP215_PC716_WC95,JP215,NA,NA,PC716,AGCCTGTTGT,WC95,CTGTACCAGG,NA,JP215_P4_Tef2xSize_CLperCC_runBSA_2,mouse_human,CC11_CC12,NIH_HEK,no
JP215_PC716_WC96,JP215,NA,NA,PC716,AGCCTGTTGT,WC96,ACTGGTTCCG,NA,JP215_P4_Tef2xSize_CLperCC_runBSA_2,mouse_human,CC11_CC12,NIH_HEK,no
JP215_PC718_WC1,JP215,NA,NA,PC718,GCTAAGAGAA,WC1,GTCGTGAATC,NA,JP215_P5_Tef2xSize_SM_1,mouse_human,CC11_CC12,SM_SM,no
JP215_PC718_WC2,JP215,NA,NA,PC718,GCTAAGAGAA,WC2,CTGTTCTACG,NA,JP215_P5_Tef2xSize_SM_1,mouse_human,CC11_CC12,SM_SM,no
JP215_PC718_WC3,JP215,NA,NA,PC718,GCTAAGAGAA,WC3,GCTCTTAGGT,NA,JP215_P5_Tef2xSize_SM_1,mouse_human,CC11_CC12,SM_SM,no
JP215_PC718_WC4,JP215,NA,NA,PC718,GCTAAGAGAA,WC4,TAGAAGCCAT,NA,JP215_P5_Tef2xSize_SM_1,mouse_human,CC11_CC12,SM_SM,no
JP215_PC718_WC5,JP215,NA,NA,PC718,GCTAAGAGAA,WC5,CACTTAGGTA,NA,JP215_P5_Tef2xSize_SM_1,mouse_human,CC11_CC12,SM_SM,no
JP215_PC718_WC6,JP215,NA,NA,PC718,GCTAAGAGAA,WC6,ATAGGTAAGG,NA,JP215_P5_Tef2xSize_SM_1,mouse_human,CC11_CC12,SM_SM,no
JP215_PC718_WC7,JP215,NA,NA,PC718,GCTAAGAGAA,WC7,CGCCTTATAT,NA,JP215_P5_Tef2xSize_SM_1,mouse_human,CC11_CC12,SM_SM,no
JP215_PC718_WC8,JP215,NA,NA,PC718,GCTAAGAGAA,WC8,GCACGATGCT,NA,JP215_P5_Tef2xSize_SM_1,mouse_human,CC11_CC12,SM_SM,no
JP215_PC718_WC9,JP215,NA,NA,PC718,GCTAAGAGAA,WC9,AATATGCCAG,NA,JP215_P5_Tef2xSize_SM_1,mouse_human,CC11_CC12,SM_SM,no
JP215_PC718_WC10,JP215,NA,NA,PC718,GCTAAGAGAA,WC10,TAGAGTCACG,NA,JP215_P5_Tef2xSize_SM_1,mouse_human,CC11_CC12,SM_SM,no
JP215_PC718_WC11,JP215,NA,NA,PC718,GCTAAGAGAA,WC11,TTAACAGGTC,NA,JP215_P5_Tef2xSize_SM_1,mouse_human,CC11_CC12,SM_SM,no
JP215_PC718_WC12,JP215,NA,NA,PC718,GCTAAGAGAA,WC12,ACATGAGCCA,NA,JP215_P5_Tef2xSize_SM_1,mouse_human,CC11_CC12,SM_SM,no
JP215_PC718_WC13,JP215,NA,NA,PC718,GCTAAGAGAA,WC13,GCGAGGTTCT,NA,JP215_P5_Tef2xSize_SM_1,mouse_human,CC11_CC12,SM_SM,no
JP215_PC718_WC14,JP215,NA,NA,PC718,GCTAAGAGAA,WC14,TGTCCGTAGG,NA,JP215_P5_Tef2xSize_SM_1,mouse_human,CC11_CC12,SM_SM,no
JP215_PC718_WC15,JP215,NA,NA,PC718,GCTAAGAGAA,WC15,CATTATGCCT,NA,JP215_P5_Tef2xSize_SM_1,mouse_human,CC11_CC12,SM_SM,no
JP215_PC718_WC16,JP215,NA,NA,PC718,GCTAAGAGAA,WC16,TCCACTGTTG,NA,JP215_P5_Tef2xSize_SM_1,mouse_human,CC11_CC12,SM_SM,no
JP215_PC718_WC17,JP215,NA,NA,PC718,GCTAAGAGAA,WC17,CTTAACGACA,NA,JP215_P5_Tef2xSize_SM_1,mouse_human,CC11_CC12,SM_SM,no
JP215_PC718_WC18,JP215,NA,NA,PC718,GCTAAGAGAA,WC18,TCCTCGAGCT,NA,JP215_P5_Tef2xSize_SM_1,mouse_human,CC11_CC12,SM_SM,no
JP215_PC718_WC19,JP215,NA,NA,PC718,GCTAAGAGAA,WC19,CGAGTAATGT,NA,JP215_P5_Tef2xSize_SM_1,mouse_human,CC11_CC12,SM_SM,no
JP215_PC718_WC20,JP215,NA,NA,PC718,GCTAAGAGAA,WC20,CATACCGCTG,NA,JP215_P5_Tef2xSize_SM_1,mouse_human,CC11_CC12,SM_SM,no
JP215_PC718_WC21,JP215,NA,NA,PC718,GCTAAGAGAA,WC21,GCTACTTGCA,NA,JP215_P5_Tef2xSize_SM_1,mouse_human,CC11_CC12,SM_SM,no
JP215_PC718_WC22,JP215,NA,NA,PC718,GCTAAGAGAA,WC22,GCTATTGAAG,NA,JP215_P5_Tef2xSize_SM_1,mouse_human,CC11_CC12,SM_SM,no
JP215_PC718_WC23,JP215,NA,NA,PC718,GCTAAGAGAA,WC23,TCAGCATCCG,NA,JP215_P5_Tef2xSize_SM_1,mouse_human,CC11_CC12,SM_SM,no
JP215_PC718_WC24,JP215,NA,NA,PC718,GCTAAGAGAA,WC24,TAGGTGGTGG,NA,JP215_P5_Tef2xSize_SM_1,mouse_human,CC11_CC12,SM_SM,no
JP215_PC718_WC25,JP215,NA,NA,PC718,GCTAAGAGAA,WC25,AAGATCGGAT,NA,JP215_P5_Tef2xSize_SM_1,mouse_human,CC11_CC12,SM_SM,no
JP215_PC718_WC26,JP215,NA,NA,PC718,GCTAAGAGAA,WC26,TTAACGTCCG,NA,JP215_P5_Tef2xSize_SM_1,mouse_human,CC11_CC12,SM_SM,no
JP215_PC718_WC27,JP215,NA,NA,PC718,GCTAAGAGAA,WC27,ATTACCGATC,NA,JP215_P5_Tef2xSize_SM_1,mouse_human,CC11_CC12,SM_SM,no
JP215_PC718_WC28,JP215,NA,NA,PC718,GCTAAGAGAA,WC28,GTTGCATCGT,NA,JP215_P5_Tef2xSize_SM_1,mouse_human,CC11_CC12,SM_SM,no
JP215_PC718_WC29,JP215,NA,NA,PC718,GCTAAGAGAA,WC29,ACTGGACGTT,NA,JP215_P5_Tef2xSize_SM_1,mouse_human,CC11_CC12,SM_SM,no
JP215_PC718_WC30,JP215,NA,NA,PC718,GCTAAGAGAA,WC30,TTGTTCGTGT,NA,JP215_P5_Tef2xSize_SM_1,mouse_human,CC11_CC12,SM_SM,no
JP215_PC718_WC31,JP215,NA,NA,PC718,GCTAAGAGAA,WC31,ACGGACTGAG,NA,JP215_P5_Tef2xSize_SM_1,mouse_human,CC11_CC12,SM_SM,no
JP215_PC718_WC32,JP215,NA,NA,PC718,GCTAAGAGAA,WC32,CACCGTCATA,NA,JP215_P5_Tef2xSize_SM_1,mouse_human,CC11_CC12,SM_SM,no
JP215_PC718_WC33,JP215,NA,NA,PC718,GCTAAGAGAA,WC33,GTAGTTGTGT,NA,JP215_P5_Tef2xSize_SM_1,mouse_human,CC11_CC12,SM_SM,no
JP215_PC718_WC34,JP215,NA,NA,PC718,GCTAAGAGAA,WC34,CTGAGTCCTT,NA,JP215_P5_Tef2xSize_SM_1,mouse_human,CC11_CC12,SM_SM,no
JP215_PC718_WC35,JP215,NA,NA,PC718,GCTAAGAGAA,WC35,TCACAGTTGC,NA,JP215_P5_Tef2xSize_SM_1,mouse_human,CC11_CC12,SM_SM,no
JP215_PC718_WC36,JP215,NA,NA,PC718,GCTAAGAGAA,WC36,ATTGTAAGCG,NA,JP215_P5_Tef2xSize_SM_1,mouse_human,CC11_CC12,SM_SM,no
JP215_PC718_WC37,JP215,NA,NA,PC718,GCTAAGAGAA,WC37,CGGTCTCTCT,NA,JP215_P5_Tef2xSize_SM_1,mouse_human,CC11_CC12,SM_SM,no
JP215_PC718_WC38,JP215,NA,NA,PC718,GCTAAGAGAA,WC38,AACAGCAATG,NA,JP215_P5_Tef2xSize_SM_1,mouse_human,CC11_CC12,SM_SM,no
JP215_PC718_WC39,JP215,NA,NA,PC718,GCTAAGAGAA,WC39,TCCGTGTTGC,NA,JP215_P5_Tef2xSize_SM_1,mouse_human,CC11_CC12,SM_SM,no
JP215_PC718_WC40,JP215,NA,NA,PC718,GCTAAGAGAA,WC40,TGCGAAGTGA,NA,JP215_P5_Tef2xSize_SM_1,mouse_human,CC11_CC12,SM_SM,no
JP215_PC718_WC41,JP215,NA,NA,PC718,GCTAAGAGAA,WC41,CACAGCTATT,NA,JP215_P5_Tef2xSize_SM_1,mouse_human,CC11_CC12,SM_SM,no
JP215_PC718_WC42,JP215,NA,NA,PC718,GCTAAGAGAA,WC42,GATAGTGTTC,NA,JP215_P5_Tef2xSize_SM_1,mouse_human,CC11_CC12,SM_SM,no
JP215_PC718_WC43,JP215,NA,NA,PC718,GCTAAGAGAA,WC43,TAGCTACCAG,NA,JP215_P5_Tef2xSize_SM_1,mouse_human,CC11_CC12,SM_SM,no
JP215_PC718_WC44,JP215,NA,NA,PC718,GCTAAGAGAA,WC44,TGCTCACGCA,NA,JP215_P5_Tef2xSize_SM_1,mouse_human,CC11_CC12,SM_SM,no
JP215_PC718_WC45,JP215,NA,NA,PC718,GCTAAGAGAA,WC45,AAGTGTGCTA,NA,JP215_P5_Tef2xSize_SM_1,mouse_human,CC11_CC12,SM_SM,no
JP215_PC718_WC46,JP215,NA,NA,PC718,GCTAAGAGAA,WC46,TCATCGTCTG,NA,JP215_P5_Tef2xSize_SM_1,mouse_human,CC11_CC12,SM_SM,no
JP215_PC718_WC47,JP215,NA,NA,PC718,GCTAAGAGAA,WC47,AGATGCTCCG,NA,JP215_P5_Tef2xSize_SM_1,mouse_human,CC11_CC12,SM_SM,no
JP215_PC718_WC48,JP215,NA,NA,PC718,GCTAAGAGAA,WC48,GAACCAAGCG,NA,JP215_P5_Tef2xSize_SM_1,mouse_human,CC11_CC12,SM_SM,no
JP215_PC718_WC49,JP215,NA,NA,PC718,GCTAAGAGAA,WC49,CCTCTTCAAG,NA,JP215_P5_Tef2xSize_SM_1,mouse_human,CC11_CC12,SM_SM,no
JP215_PC718_WC50,JP215,NA,NA,PC718,GCTAAGAGAA,WC50,CGTCGCATCT,NA,JP215_P5_Tef2xSize_SM_1,mouse_human,CC11_CC12,SM_SM,no
JP215_PC718_WC51,JP215,NA,NA,PC718,GCTAAGAGAA,WC51,CCGAACGTTC,NA,JP215_P5_Tef2xSize_SM_1,mouse_human,CC11_CC12,SM_SM,no
JP215_PC718_WC52,JP215,NA,NA,PC718,GCTAAGAGAA,WC52,GAATGGCGTT,NA,JP215_P5_Tef2xSize_SM_1,mouse_human,CC11_CC12,SM_SM,no
JP215_PC718_WC53,JP215,NA,NA,PC718,GCTAAGAGAA,WC53,AAGTTCAGGA,NA,JP215_P5_Tef2xSize_SM_1,mouse_human,CC11_CC12,SM_SM,no
JP215_PC718_WC54,JP215,NA,NA,PC718,GCTAAGAGAA,WC54,GACCAATTGT,NA,JP215_P5_Tef2xSize_SM_1,mouse_human,CC11_CC12,SM_SM,no
JP215_PC718_WC55,JP215,NA,NA,PC718,GCTAAGAGAA,WC55,TGTCTGTGAC,NA,JP215_P5_Tef2xSize_SM_1,mouse_human,CC11_CC12,SM_SM,no
JP215_PC718_WC56,JP215,NA,NA,PC718,GCTAAGAGAA,WC56,GAACATTGGC,NA,JP215_P5_Tef2xSize_SM_1,mouse_human,CC11_CC12,SM_SM,no
JP215_PC718_WC57,JP215,NA,NA,PC718,GCTAAGAGAA,WC57,CGTAACACTA,NA,JP215_P5_Tef2xSize_SM_1,mouse_human,CC11_CC12,SM_SM,no
JP215_PC718_WC58,JP215,NA,NA,PC718,GCTAAGAGAA,WC58,GTACTTCCAA,NA,JP215_P5_Tef2xSize_SM_1,mouse_human,CC11_CC12,SM_SM,no
JP215_PC718_WC59,JP215,NA,NA,PC718,GCTAAGAGAA,WC59,TTAGCGTCTT,NA,JP215_P5_Tef2xSize_SM_1,mouse_human,CC11_CC12,SM_SM,no
JP215_PC718_WC60,JP215,NA,NA,PC718,GCTAAGAGAA,WC60,TTGACCGTCT,NA,JP215_P5_Tef2xSize_SM_1,mouse_human,CC11_CC12,SM_SM,no
JP215_PC718_WC61,JP215,NA,NA,PC718,GCTAAGAGAA,WC61,ACGGCTTCTC,NA,JP215_P5_Tef2xSize_SM_1,mouse_human,CC11_CC12,SM_SM,no
JP215_PC718_WC62,JP215,NA,NA,PC718,GCTAAGAGAA,WC62,TGCGATGTAT,NA,JP215_P5_Tef2xSize_SM_1,mouse_human,CC11_CC12,SM_SM,no
JP215_PC718_WC63,JP215,NA,NA,PC718,GCTAAGAGAA,WC63,GCGTTCAGCA,NA,JP215_P5_Tef2xSize_SM_1,mouse_human,CC11_CC12,SM_SM,no
JP215_PC718_WC64,JP215,NA,NA,PC718,GCTAAGAGAA,WC64,GCCTAGGAAG,NA,JP215_P5_Tef2xSize_SM_1,mouse_human,CC11_CC12,SM_SM,no
JP215_PC718_WC65,JP215,NA,NA,PC718,GCTAAGAGAA,WC65,GTTACCAACG,NA,JP215_P5_Tef2xSize_SM_1,mouse_human,CC11_CC12,SM_SM,no
JP215_PC718_WC66,JP215,NA,NA,PC718,GCTAAGAGAA,WC66,ACGAACCAAG,NA,JP215_P5_Tef2xSize_SM_1,mouse_human,CC11_CC12,SM_SM,no
JP215_PC718_WC67,JP215,NA,NA,PC718,GCTAAGAGAA,WC67,CACGCAAGTC,NA,JP215_P5_Tef2xSize_SM_1,mouse_human,CC11_CC12,SM_SM,no
JP215_PC718_WC68,JP215,NA,NA,PC718,GCTAAGAGAA,WC68,GCTGGAGAAG,NA,JP215_P5_Tef2xSize_SM_1,mouse_human,CC11_CC12,SM_SM,no
JP215_PC718_WC69,JP215,NA,NA,PC718,GCTAAGAGAA,WC69,CCAGTGTACG,NA,JP215_P5_Tef2xSize_SM_1,mouse_human,CC11_CC12,SM_SM,no
JP215_PC718_WC70,JP215,NA,NA,PC718,GCTAAGAGAA,WC70,GTTGATGCGA,NA,JP215_P5_Tef2xSize_SM_1,mouse_human,CC11_CC12,SM_SM,no
JP215_PC718_WC71,JP215,NA,NA,PC718,GCTAAGAGAA,WC71,CGCTTGTTAT,NA,JP215_P5_Tef2xSize_SM_1,mouse_human,CC11_CC12,SM_SM,no
JP215_PC718_WC72,JP215,NA,NA,PC718,GCTAAGAGAA,WC72,GTAACGTTCA,NA,JP215_P5_Tef2xSize_SM_1,mouse_human,CC11_CC12,SM_SM,no
JP215_PC718_WC73,JP215,NA,NA,PC718,GCTAAGAGAA,WC73,CCGAGTCTTC,NA,JP215_P5_Tef2xSize_SM_1,mouse_human,CC11_CC12,SM_SM,no
JP215_PC718_WC74,JP215,NA,NA,PC718,GCTAAGAGAA,WC74,TATTGCGCTA,NA,JP215_P5_Tef2xSize_SM_1,mouse_human,CC11_CC12,SM_SM,no
JP215_PC718_WC75,JP215,NA,NA,PC718,GCTAAGAGAA,WC75,TGTGGTCTAA,NA,JP215_P5_Tef2xSize_SM_1,mouse_human,CC11_CC12,SM_SM,no
JP215_PC718_WC76,JP215,NA,NA,PC718,GCTAAGAGAA,WC76,CACGTCTACG,NA,JP215_P5_Tef2xSize_SM_1,mouse_human,CC11_CC12,SM_SM,no
JP215_PC718_WC77,JP215,NA,NA,PC718,GCTAAGAGAA,WC77,AGTCCAGTGA,NA,JP215_P5_Tef2xSize_SM_1,mouse_human,CC11_CC12,SM_SM,no
JP215_PC718_WC78,JP215,NA,NA,PC718,GCTAAGAGAA,WC78,ATGCTTGGTC,NA,JP215_P5_Tef2xSize_SM_1,mouse_human,CC11_CC12,SM_SM,no
JP215_PC718_WC79,JP215,NA,NA,PC718,GCTAAGAGAA,WC79,TGATACTCGC,NA,JP215_P5_Tef2xSize_SM_1,mouse_human,CC11_CC12,SM_SM,no
JP215_PC718_WC80,JP215,NA,NA,PC718,GCTAAGAGAA,WC80,TTATCGAGAG,NA,JP215_P5_Tef2xSize_SM_1,mouse_human,CC11_CC12,SM_SM,no
JP215_PC718_WC81,JP215,NA,NA,PC718,GCTAAGAGAA,WC81,TGCCAGTATT,NA,JP215_P5_Tef2xSize_SM_1,mouse_human,CC11_CC12,SM_SM,no
JP215_PC718_WC82,JP215,NA,NA,PC718,GCTAAGAGAA,WC82,GAGTTGCATA,NA,JP215_P5_Tef2xSize_SM_1,mouse_human,CC11_CC12,SM_SM,no
JP215_PC718_WC83,JP215,NA,NA,PC718,GCTAAGAGAA,WC83,ACACTAGCAT,NA,JP215_P5_Tef2xSize_SM_1,mouse_human,CC11_CC12,SM_SM,no
JP215_PC718_WC84,JP215,NA,NA,PC718,GCTAAGAGAA,WC84,GTTCTAATGG,NA,JP215_P5_Tef2xSize_SM_1,mouse_human,CC11_CC12,SM_SM,no
JP215_PC718_WC85,JP215,NA,NA,PC718,GCTAAGAGAA,WC85,CGTTCACGTT,NA,JP215_P5_Tef2xSize_SM_1,mouse_human,CC11_CC12,SM_SM,no
JP215_PC718_WC86,JP215,NA,NA,PC718,GCTAAGAGAA,WC86,GACTGCGTTA,NA,JP215_P5_Tef2xSize_SM_1,mouse_human,CC11_CC12,SM_SM,no
JP215_PC718_WC87,JP215,NA,NA,PC718,GCTAAGAGAA,WC87,TGGCTTATGG,NA,JP215_P5_Tef2xSize_SM_1,mouse_human,CC11_CC12,SM_SM,no
JP215_PC718_WC88,JP215,NA,NA,PC718,GCTAAGAGAA,WC88,TCAGAGGCAC,NA,JP215_P5_Tef2xSize_SM_1,mouse_human,CC11_CC12,SM_SM,no
JP215_PC718_WC89,JP215,NA,NA,PC718,GCTAAGAGAA,WC89,CGCTAGGCTA,NA,JP215_P5_Tef2xSize_SM_1,mouse_human,CC11_CC12,SM_SM,no
JP215_PC718_WC90,JP215,NA,NA,PC718,GCTAAGAGAA,WC90,AACCGTAACA,NA,JP215_P5_Tef2xSize_SM_1,mouse_human,CC11_CC12,SM_SM,no
JP215_PC718_WC91,JP215,NA,NA,PC718,GCTAAGAGAA,WC91,CTTGGTATGA,NA,JP215_P5_Tef2xSize_SM_1,mouse_human,CC11_CC12,SM_SM,no
JP215_PC718_WC92,JP215,NA,NA,PC718,GCTAAGAGAA,WC92,TGTAGATCCG,NA,JP215_P5_Tef2xSize_SM_1,mouse_human,CC11_CC12,SM_SM,no
JP215_PC718_WC93,JP215,NA,NA,PC718,GCTAAGAGAA,WC93,AACTCTACCG,NA,JP215_P5_Tef2xSize_SM_1,mouse_human,CC11_CC12,SM_SM,no
JP215_PC718_WC94,JP215,NA,NA,PC718,GCTAAGAGAA,WC94,CGTGACATTC,NA,JP215_P5_Tef2xSize_SM_1,mouse_human,CC11_CC12,SM_SM,no
JP215_PC718_WC95,JP215,NA,NA,PC718,GCTAAGAGAA,WC95,CTGTACCAGG,NA,JP215_P5_Tef2xSize_SM_1,mouse_human,CC11_CC12,SM_SM,no
JP215_PC718_WC96,JP215,NA,NA,PC718,GCTAAGAGAA,WC96,ACTGGTTCCG,NA,JP215_P5_Tef2xSize_SM_1,mouse_human,CC11_CC12,SM_SM,no
JP215_PC719_WC1,JP215,NA,NA,PC719,AGTGTCGCGA,WC1,GTCGTGAATC,NA,JP215_P6_Tef2xSize_SM_2,mouse_human,CC11_CC12,SM_SM,no
JP215_PC719_WC2,JP215,NA,NA,PC719,AGTGTCGCGA,WC2,CTGTTCTACG,NA,JP215_P6_Tef2xSize_SM_2,mouse_human,CC11_CC12,SM_SM,no
JP215_PC719_WC3,JP215,NA,NA,PC719,AGTGTCGCGA,WC3,GCTCTTAGGT,NA,JP215_P6_Tef2xSize_SM_2,mouse_human,CC11_CC12,SM_SM,no
JP215_PC719_WC4,JP215,NA,NA,PC719,AGTGTCGCGA,WC4,TAGAAGCCAT,NA,JP215_P6_Tef2xSize_SM_2,mouse_human,CC11_CC12,SM_SM,no
JP215_PC719_WC5,JP215,NA,NA,PC719,AGTGTCGCGA,WC5,CACTTAGGTA,NA,JP215_P6_Tef2xSize_SM_2,mouse_human,CC11_CC12,SM_SM,no
JP215_PC719_WC6,JP215,NA,NA,PC719,AGTGTCGCGA,WC6,ATAGGTAAGG,NA,JP215_P6_Tef2xSize_SM_2,mouse_human,CC11_CC12,SM_SM,no
JP215_PC719_WC7,JP215,NA,NA,PC719,AGTGTCGCGA,WC7,CGCCTTATAT,NA,JP215_P6_Tef2xSize_SM_2,mouse_human,CC11_CC12,SM_SM,no
JP215_PC719_WC8,JP215,NA,NA,PC719,AGTGTCGCGA,WC8,GCACGATGCT,NA,JP215_P6_Tef2xSize_SM_2,mouse_human,CC11_CC12,SM_SM,no
JP215_PC719_WC9,JP215,NA,NA,PC719,AGTGTCGCGA,WC9,AATATGCCAG,NA,JP215_P6_Tef2xSize_SM_2,mouse_human,CC11_CC12,SM_SM,no
JP215_PC719_WC10,JP215,NA,NA,PC719,AGTGTCGCGA,WC10,TAGAGTCACG,NA,JP215_P6_Tef2xSize_SM_2,mouse_human,CC11_CC12,SM_SM,no
JP215_PC719_WC11,JP215,NA,NA,PC719,AGTGTCGCGA,WC11,TTAACAGGTC,NA,JP215_P6_Tef2xSize_SM_2,mouse_human,CC11_CC12,SM_SM,no
JP215_PC719_WC12,JP215,NA,NA,PC719,AGTGTCGCGA,WC12,ACATGAGCCA,NA,JP215_P6_Tef2xSize_SM_2,mouse_human,CC11_CC12,SM_SM,no
JP215_PC719_WC13,JP215,NA,NA,PC719,AGTGTCGCGA,WC13,GCGAGGTTCT,NA,JP215_P6_Tef2xSize_SM_2,mouse_human,CC11_CC12,SM_SM,no
JP215_PC719_WC14,JP215,NA,NA,PC719,AGTGTCGCGA,WC14,TGTCCGTAGG,NA,JP215_P6_Tef2xSize_SM_2,mouse_human,CC11_CC12,SM_SM,no
JP215_PC719_WC15,JP215,NA,NA,PC719,AGTGTCGCGA,WC15,CATTATGCCT,NA,JP215_P6_Tef2xSize_SM_2,mouse_human,CC11_CC12,SM_SM,no
JP215_PC719_WC16,JP215,NA,NA,PC719,AGTGTCGCGA,WC16,TCCACTGTTG,NA,JP215_P6_Tef2xSize_SM_2,mouse_human,CC11_CC12,SM_SM,no
JP215_PC719_WC17,JP215,NA,NA,PC719,AGTGTCGCGA,WC17,CTTAACGACA,NA,JP215_P6_Tef2xSize_SM_2,mouse_human,CC11_CC12,SM_SM,no
JP215_PC719_WC18,JP215,NA,NA,PC719,AGTGTCGCGA,WC18,TCCTCGAGCT,NA,JP215_P6_Tef2xSize_SM_2,mouse_human,CC11_CC12,SM_SM,no
JP215_PC719_WC19,JP215,NA,NA,PC719,AGTGTCGCGA,WC19,CGAGTAATGT,NA,JP215_P6_Tef2xSize_SM_2,mouse_human,CC11_CC12,SM_SM,no
JP215_PC719_WC20,JP215,NA,NA,PC719,AGTGTCGCGA,WC20,CATACCGCTG,NA,JP215_P6_Tef2xSize_SM_2,mouse_human,CC11_CC12,SM_SM,no
JP215_PC719_WC21,JP215,NA,NA,PC719,AGTGTCGCGA,WC21,GCTACTTGCA,NA,JP215_P6_Tef2xSize_SM_2,mouse_human,CC11_CC12,SM_SM,no
JP215_PC719_WC22,JP215,NA,NA,PC719,AGTGTCGCGA,WC22,GCTATTGAAG,NA,JP215_P6_Tef2xSize_SM_2,mouse_human,CC11_CC12,SM_SM,no
JP215_PC719_WC23,JP215,NA,NA,PC719,AGTGTCGCGA,WC23,TCAGCATCCG,NA,JP215_P6_Tef2xSize_SM_2,mouse_human,CC11_CC12,SM_SM,no
JP215_PC719_WC24,JP215,NA,NA,PC719,AGTGTCGCGA,WC24,TAGGTGGTGG,NA,JP215_P6_Tef2xSize_SM_2,mouse_human,CC11_CC12,SM_SM,no
JP215_PC719_WC25,JP215,NA,NA,PC719,AGTGTCGCGA,WC25,AAGATCGGAT,NA,JP215_P6_Tef2xSize_SM_2,mouse_human,CC11_CC12,SM_SM,no
JP215_PC719_WC26,JP215,NA,NA,PC719,AGTGTCGCGA,WC26,TTAACGTCCG,NA,JP215_P6_Tef2xSize_SM_2,mouse_human,CC11_CC12,SM_SM,no
JP215_PC719_WC27,JP215,NA,NA,PC719,AGTGTCGCGA,WC27,ATTACCGATC,NA,JP215_P6_Tef2xSize_SM_2,mouse_human,CC11_CC12,SM_SM,no
JP215_PC719_WC28,JP215,NA,NA,PC719,AGTGTCGCGA,WC28,GTTGCATCGT,NA,JP215_P6_Tef2xSize_SM_2,mouse_human,CC11_CC12,SM_SM,no
JP215_PC719_WC29,JP215,NA,NA,PC719,AGTGTCGCGA,WC29,ACTGGACGTT,NA,JP215_P6_Tef2xSize_SM_2,mouse_human,CC11_CC12,SM_SM,no
JP215_PC719_WC30,JP215,NA,NA,PC719,AGTGTCGCGA,WC30,TTGTTCGTGT,NA,JP215_P6_Tef2xSize_SM_2,mouse_human,CC11_CC12,SM_SM,no
JP215_PC719_WC31,JP215,NA,NA,PC719,AGTGTCGCGA,WC31,ACGGACTGAG,NA,JP215_P6_Tef2xSize_SM_2,mouse_human,CC11_CC12,SM_SM,no
JP215_PC719_WC32,JP215,NA,NA,PC719,AGTGTCGCGA,WC32,CACCGTCATA,NA,JP215_P6_Tef2xSize_SM_2,mouse_human,CC11_CC12,SM_SM,no
JP215_PC719_WC33,JP215,NA,NA,PC719,AGTGTCGCGA,WC33,GTAGTTGTGT,NA,JP215_P6_Tef2xSize_SM_2,mouse_human,CC11_CC12,SM_SM,no
JP215_PC719_WC34,JP215,NA,NA,PC719,AGTGTCGCGA,WC34,CTGAGTCCTT,NA,JP215_P6_Tef2xSize_SM_2,mouse_human,CC11_CC12,SM_SM,no
JP215_PC719_WC35,JP215,NA,NA,PC719,AGTGTCGCGA,WC35,TCACAGTTGC,NA,JP215_P6_Tef2xSize_SM_2,mouse_human,CC11_CC12,SM_SM,no
JP215_PC719_WC36,JP215,NA,NA,PC719,AGTGTCGCGA,WC36,ATTGTAAGCG,NA,JP215_P6_Tef2xSize_SM_2,mouse_human,CC11_CC12,SM_SM,no
JP215_PC719_WC37,JP215,NA,NA,PC719,AGTGTCGCGA,WC37,CGGTCTCTCT,NA,JP215_P6_Tef2xSize_SM_2,mouse_human,CC11_CC12,SM_SM,no
JP215_PC719_WC38,JP215,NA,NA,PC719,AGTGTCGCGA,WC38,AACAGCAATG,NA,JP215_P6_Tef2xSize_SM_2,mouse_human,CC11_CC12,SM_SM,no
JP215_PC719_WC39,JP215,NA,NA,PC719,AGTGTCGCGA,WC39,TCCGTGTTGC,NA,JP215_P6_Tef2xSize_SM_2,mouse_human,CC11_CC12,SM_SM,no
JP215_PC719_WC40,JP215,NA,NA,PC719,AGTGTCGCGA,WC40,TGCGAAGTGA,NA,JP215_P6_Tef2xSize_SM_2,mouse_human,CC11_CC12,SM_SM,no
JP215_PC719_WC41,JP215,NA,NA,PC719,AGTGTCGCGA,WC41,CACAGCTATT,NA,JP215_P6_Tef2xSize_SM_2,mouse_human,CC11_CC12,SM_SM,no
JP215_PC719_WC42,JP215,NA,NA,PC719,AGTGTCGCGA,WC42,GATAGTGTTC,NA,JP215_P6_Tef2xSize_SM_2,mouse_human,CC11_CC12,SM_SM,no
JP215_PC719_WC43,JP215,NA,NA,PC719,AGTGTCGCGA,WC43,TAGCTACCAG,NA,JP215_P6_Tef2xSize_SM_2,mouse_human,CC11_CC12,SM_SM,no
JP215_PC719_WC44,JP215,NA,NA,PC719,AGTGTCGCGA,WC44,TGCTCACGCA,NA,JP215_P6_Tef2xSize_SM_2,mouse_human,CC11_CC12,SM_SM,no
JP215_PC719_WC45,JP215,NA,NA,PC719,AGTGTCGCGA,WC45,AAGTGTGCTA,NA,JP215_P6_Tef2xSize_SM_2,mouse_human,CC11_CC12,SM_SM,no
JP215_PC719_WC46,JP215,NA,NA,PC719,AGTGTCGCGA,WC46,TCATCGTCTG,NA,JP215_P6_Tef2xSize_SM_2,mouse_human,CC11_CC12,SM_SM,no
JP215_PC719_WC47,JP215,NA,NA,PC719,AGTGTCGCGA,WC47,AGATGCTCCG,NA,JP215_P6_Tef2xSize_SM_2,mouse_human,CC11_CC12,SM_SM,no
JP215_PC719_WC48,JP215,NA,NA,PC719,AGTGTCGCGA,WC48,GAACCAAGCG,NA,JP215_P6_Tef2xSize_SM_2,mouse_human,CC11_CC12,SM_SM,no
JP215_PC719_WC49,JP215,NA,NA,PC719,AGTGTCGCGA,WC49,CCTCTTCAAG,NA,JP215_P6_Tef2xSize_SM_2,mouse_human,CC11_CC12,SM_SM,no
JP215_PC719_WC50,JP215,NA,NA,PC719,AGTGTCGCGA,WC50,CGTCGCATCT,NA,JP215_P6_Tef2xSize_SM_2,mouse_human,CC11_CC12,SM_SM,no
JP215_PC719_WC51,JP215,NA,NA,PC719,AGTGTCGCGA,WC51,CCGAACGTTC,NA,JP215_P6_Tef2xSize_SM_2,mouse_human,CC11_CC12,SM_SM,no
JP215_PC719_WC52,JP215,NA,NA,PC719,AGTGTCGCGA,WC52,GAATGGCGTT,NA,JP215_P6_Tef2xSize_SM_2,mouse_human,CC11_CC12,SM_SM,no
JP215_PC719_WC53,JP215,NA,NA,PC719,AGTGTCGCGA,WC53,AAGTTCAGGA,NA,JP215_P6_Tef2xSize_SM_2,mouse_human,CC11_CC12,SM_SM,no
JP215_PC719_WC54,JP215,NA,NA,PC719,AGTGTCGCGA,WC54,GACCAATTGT,NA,JP215_P6_Tef2xSize_SM_2,mouse_human,CC11_CC12,SM_SM,no
JP215_PC719_WC55,JP215,NA,NA,PC719,AGTGTCGCGA,WC55,TGTCTGTGAC,NA,JP215_P6_Tef2xSize_SM_2,mouse_human,CC11_CC12,SM_SM,no
JP215_PC719_WC56,JP215,NA,NA,PC719,AGTGTCGCGA,WC56,GAACATTGGC,NA,JP215_P6_Tef2xSize_SM_2,mouse_human,CC11_CC12,SM_SM,no
JP215_PC719_WC57,JP215,NA,NA,PC719,AGTGTCGCGA,WC57,CGTAACACTA,NA,JP215_P6_Tef2xSize_SM_2,mouse_human,CC11_CC12,SM_SM,no
JP215_PC719_WC58,JP215,NA,NA,PC719,AGTGTCGCGA,WC58,GTACTTCCAA,NA,JP215_P6_Tef2xSize_SM_2,mouse_human,CC11_CC12,SM_SM,no
JP215_PC719_WC59,JP215,NA,NA,PC719,AGTGTCGCGA,WC59,TTAGCGTCTT,NA,JP215_P6_Tef2xSize_SM_2,mouse_human,CC11_CC12,SM_SM,no
JP215_PC719_WC60,JP215,NA,NA,PC719,AGTGTCGCGA,WC60,TTGACCGTCT,NA,JP215_P6_Tef2xSize_SM_2,mouse_human,CC11_CC12,SM_SM,no
JP215_PC719_WC61,JP215,NA,NA,PC719,AGTGTCGCGA,WC61,ACGGCTTCTC,NA,JP215_P6_Tef2xSize_SM_2,mouse_human,CC11_CC12,SM_SM,no
JP215_PC719_WC62,JP215,NA,NA,PC719,AGTGTCGCGA,WC62,TGCGATGTAT,NA,JP215_P6_Tef2xSize_SM_2,mouse_human,CC11_CC12,SM_SM,no
JP215_PC719_WC63,JP215,NA,NA,PC719,AGTGTCGCGA,WC63,GCGTTCAGCA,NA,JP215_P6_Tef2xSize_SM_2,mouse_human,CC11_CC12,SM_SM,no
JP215_PC719_WC64,JP215,NA,NA,PC719,AGTGTCGCGA,WC64,GCCTAGGAAG,NA,JP215_P6_Tef2xSize_SM_2,mouse_human,CC11_CC12,SM_SM,no
JP215_PC719_WC65,JP215,NA,NA,PC719,AGTGTCGCGA,WC65,GTTACCAACG,NA,JP215_P6_Tef2xSize_SM_2,mouse_human,CC11_CC12,SM_SM,no
JP215_PC719_WC66,JP215,NA,NA,PC719,AGTGTCGCGA,WC66,ACGAACCAAG,NA,JP215_P6_Tef2xSize_SM_2,mouse_human,CC11_CC12,SM_SM,no
JP215_PC719_WC67,JP215,NA,NA,PC719,AGTGTCGCGA,WC67,CACGCAAGTC,NA,JP215_P6_Tef2xSize_SM_2,mouse_human,CC11_CC12,SM_SM,no
JP215_PC719_WC68,JP215,NA,NA,PC719,AGTGTCGCGA,WC68,GCTGGAGAAG,NA,JP215_P6_Tef2xSize_SM_2,mouse_human,CC11_CC12,SM_SM,no
JP215_PC719_WC69,JP215,NA,NA,PC719,AGTGTCGCGA,WC69,CCAGTGTACG,NA,JP215_P6_Tef2xSize_SM_2,mouse_human,CC11_CC12,SM_SM,no
JP215_PC719_WC70,JP215,NA,NA,PC719,AGTGTCGCGA,WC70,GTTGATGCGA,NA,JP215_P6_Tef2xSize_SM_2,mouse_human,CC11_CC12,SM_SM,no
JP215_PC719_WC71,JP215,NA,NA,PC719,AGTGTCGCGA,WC71,CGCTTGTTAT,NA,JP215_P6_Tef2xSize_SM_2,mouse_human,CC11_CC12,SM_SM,no
JP215_PC719_WC72,JP215,NA,NA,PC719,AGTGTCGCGA,WC72,GTAACGTTCA,NA,JP215_P6_Tef2xSize_SM_2,mouse_human,CC11_CC12,SM_SM,no
JP215_PC719_WC73,JP215,NA,NA,PC719,AGTGTCGCGA,WC73,CCGAGTCTTC,NA,JP215_P6_Tef2xSize_SM_2,mouse_human,CC11_CC12,SM_SM,no
JP215_PC719_WC74,JP215,NA,NA,PC719,AGTGTCGCGA,WC74,TATTGCGCTA,NA,JP215_P6_Tef2xSize_SM_2,mouse_human,CC11_CC12,SM_SM,no
JP215_PC719_WC75,JP215,NA,NA,PC719,AGTGTCGCGA,WC75,TGTGGTCTAA,NA,JP215_P6_Tef2xSize_SM_2,mouse_human,CC11_CC12,SM_SM,no
JP215_PC719_WC76,JP215,NA,NA,PC719,AGTGTCGCGA,WC76,CACGTCTACG,NA,JP215_P6_Tef2xSize_SM_2,mouse_human,CC11_CC12,SM_SM,no
JP215_PC719_WC77,JP215,NA,NA,PC719,AGTGTCGCGA,WC77,AGTCCAGTGA,NA,JP215_P6_Tef2xSize_SM_2,mouse_human,CC11_CC12,SM_SM,no
JP215_PC719_WC78,JP215,NA,NA,PC719,AGTGTCGCGA,WC78,ATGCTTGGTC,NA,JP215_P6_Tef2xSize_SM_2,mouse_human,CC11_CC12,SM_SM,no
JP215_PC719_WC79,JP215,NA,NA,PC719,AGTGTCGCGA,WC79,TGATACTCGC,NA,JP215_P6_Tef2xSize_SM_2,mouse_human,CC11_CC12,SM_SM,no
JP215_PC719_WC80,JP215,NA,NA,PC719,AGTGTCGCGA,WC80,TTATCGAGAG,NA,JP215_P6_Tef2xSize_SM_2,mouse_human,CC11_CC12,SM_SM,no
JP215_PC719_WC81,JP215,NA,NA,PC719,AGTGTCGCGA,WC81,TGCCAGTATT,NA,JP215_P6_Tef2xSize_SM_2,mouse_human,CC11_CC12,SM_SM,no
JP215_PC719_WC82,JP215,NA,NA,PC719,AGTGTCGCGA,WC82,GAGTTGCATA,NA,JP215_P6_Tef2xSize_SM_2,mouse_human,CC11_CC12,SM_SM,no
JP215_PC719_WC83,JP215,NA,NA,PC719,AGTGTCGCGA,WC83,ACACTAGCAT,NA,JP215_P6_Tef2xSize_SM_2,mouse_human,CC11_CC12,SM_SM,no
JP215_PC719_WC84,JP215,NA,NA,PC719,AGTGTCGCGA,WC84,GTTCTAATGG,NA,JP215_P6_Tef2xSize_SM_2,mouse_human,CC11_CC12,SM_SM,no
JP215_PC719_WC85,JP215,NA,NA,PC719,AGTGTCGCGA,WC85,CGTTCACGTT,NA,JP215_P6_Tef2xSize_SM_2,mouse_human,CC11_CC12,SM_SM,no
JP215_PC719_WC86,JP215,NA,NA,PC719,AGTGTCGCGA,WC86,GACTGCGTTA,NA,JP215_P6_Tef2xSize_SM_2,mouse_human,CC11_CC12,SM_SM,no
JP215_PC719_WC87,JP215,NA,NA,PC719,AGTGTCGCGA,WC87,TGGCTTATGG,NA,JP215_P6_Tef2xSize_SM_2,mouse_human,CC11_CC12,SM_SM,no
JP215_PC719_WC88,JP215,NA,NA,PC719,AGTGTCGCGA,WC88,TCAGAGGCAC,NA,JP215_P6_Tef2xSize_SM_2,mouse_human,CC11_CC12,SM_SM,no
JP215_PC719_WC89,JP215,NA,NA,PC719,AGTGTCGCGA,WC89,CGCTAGGCTA,NA,JP215_P6_Tef2xSize_SM_2,mouse_human,CC11_CC12,SM_SM,no
JP215_PC719_WC90,JP215,NA,NA,PC719,AGTGTCGCGA,WC90,AACCGTAACA,NA,JP215_P6_Tef2xSize_SM_2,mouse_human,CC11_CC12,SM_SM,no
JP215_PC719_WC91,JP215,NA,NA,PC719,AGTGTCGCGA,WC91,CTTGGTATGA,NA,JP215_P6_Tef2xSize_SM_2,mouse_human,CC11_CC12,SM_SM,no
JP215_PC719_WC92,JP215,NA,NA,PC719,AGTGTCGCGA,WC92,TGTAGATCCG,NA,JP215_P6_Tef2xSize_SM_2,mouse_human,CC11_CC12,SM_SM,no
JP215_PC719_WC93,JP215,NA,NA,PC719,AGTGTCGCGA,WC93,AACTCTACCG,NA,JP215_P6_Tef2xSize_SM_2,mouse_human,CC11_CC12,SM_SM,no
JP215_PC719_WC94,JP215,NA,NA,PC719,AGTGTCGCGA,WC94,CGTGACATTC,NA,JP215_P6_Tef2xSize_SM_2,mouse_human,CC11_CC12,SM_SM,no
JP215_PC719_WC95,JP215,NA,NA,PC719,AGTGTCGCGA,WC95,CTGTACCAGG,NA,JP215_P6_Tef2xSize_SM_2,mouse_human,CC11_CC12,SM_SM,no
JP215_PC719_WC96,JP215,NA,NA,PC719,AGTGTCGCGA,WC96,ACTGGTTCCG,NA,JP215_P6_Tef2xSize_SM_2,mouse_human,CC11_CC12,SM_SM,no
JP215_PC723_WC1,JP215,NA,NA,PC723,TCTATTCGGT,WC1,GTCGTGAATC,NA,JP215_P7_Tyg2xSize_CLperCC_1,mouse_human,CC13_CC14,NIH_HEK,no
JP215_PC723_WC2,JP215,NA,NA,PC723,TCTATTCGGT,WC2,CTGTTCTACG,NA,JP215_P7_Tyg2xSize_CLperCC_1,mouse_human,CC13_CC14,NIH_HEK,no
JP215_PC723_WC3,JP215,NA,NA,PC723,TCTATTCGGT,WC3,GCTCTTAGGT,NA,JP215_P7_Tyg2xSize_CLperCC_1,mouse_human,CC13_CC14,NIH_HEK,no
JP215_PC723_WC4,JP215,NA,NA,PC723,TCTATTCGGT,WC4,TAGAAGCCAT,NA,JP215_P7_Tyg2xSize_CLperCC_1,mouse_human,CC13_CC14,NIH_HEK,no
JP215_PC723_WC5,JP215,NA,NA,PC723,TCTATTCGGT,WC5,CACTTAGGTA,NA,JP215_P7_Tyg2xSize_CLperCC_1,mouse_human,CC13_CC14,NIH_HEK,no
JP215_PC723_WC6,JP215,NA,NA,PC723,TCTATTCGGT,WC6,ATAGGTAAGG,NA,JP215_P7_Tyg2xSize_CLperCC_1,mouse_human,CC13_CC14,NIH_HEK,no
JP215_PC723_WC7,JP215,NA,NA,PC723,TCTATTCGGT,WC7,CGCCTTATAT,NA,JP215_P7_Tyg2xSize_CLperCC_1,mouse_human,CC13_CC14,NIH_HEK,no
JP215_PC723_WC8,JP215,NA,NA,PC723,TCTATTCGGT,WC8,GCACGATGCT,NA,JP215_P7_Tyg2xSize_CLperCC_1,mouse_human,CC13_CC14,NIH_HEK,no
JP215_PC723_WC9,JP215,NA,NA,PC723,TCTATTCGGT,WC9,AATATGCCAG,NA,JP215_P7_Tyg2xSize_CLperCC_1,mouse_human,CC13_CC14,NIH_HEK,no
JP215_PC723_WC10,JP215,NA,NA,PC723,TCTATTCGGT,WC10,TAGAGTCACG,NA,JP215_P7_Tyg2xSize_CLperCC_1,mouse_human,CC13_CC14,NIH_HEK,no
JP215_PC723_WC11,JP215,NA,NA,PC723,TCTATTCGGT,WC11,TTAACAGGTC,NA,JP215_P7_Tyg2xSize_CLperCC_1,mouse_human,CC13_CC14,NIH_HEK,no
JP215_PC723_WC12,JP215,NA,NA,PC723,TCTATTCGGT,WC12,ACATGAGCCA,NA,JP215_P7_Tyg2xSize_CLperCC_1,mouse_human,CC13_CC14,NIH_HEK,no
JP215_PC723_WC13,JP215,NA,NA,PC723,TCTATTCGGT,WC13,GCGAGGTTCT,NA,JP215_P7_Tyg2xSize_CLperCC_1,mouse_human,CC13_CC14,NIH_HEK,no
JP215_PC723_WC14,JP215,NA,NA,PC723,TCTATTCGGT,WC14,TGTCCGTAGG,NA,JP215_P7_Tyg2xSize_CLperCC_1,mouse_human,CC13_CC14,NIH_HEK,no
JP215_PC723_WC15,JP215,NA,NA,PC723,TCTATTCGGT,WC15,CATTATGCCT,NA,JP215_P7_Tyg2xSize_CLperCC_1,mouse_human,CC13_CC14,NIH_HEK,no
JP215_PC723_WC16,JP215,NA,NA,PC723,TCTATTCGGT,WC16,TCCACTGTTG,NA,JP215_P7_Tyg2xSize_CLperCC_1,mouse_human,CC13_CC14,NIH_HEK,no
JP215_PC723_WC17,JP215,NA,NA,PC723,TCTATTCGGT,WC17,CTTAACGACA,NA,JP215_P7_Tyg2xSize_CLperCC_1,mouse_human,CC13_CC14,NIH_HEK,no
JP215_PC723_WC18,JP215,NA,NA,PC723,TCTATTCGGT,WC18,TCCTCGAGCT,NA,JP215_P7_Tyg2xSize_CLperCC_1,mouse_human,CC13_CC14,NIH_HEK,no
JP215_PC723_WC19,JP215,NA,NA,PC723,TCTATTCGGT,WC19,CGAGTAATGT,NA,JP215_P7_Tyg2xSize_CLperCC_1,mouse_human,CC13_CC14,NIH_HEK,no
JP215_PC723_WC20,JP215,NA,NA,PC723,TCTATTCGGT,WC20,CATACCGCTG,NA,JP215_P7_Tyg2xSize_CLperCC_1,mouse_human,CC13_CC14,NIH_HEK,no
JP215_PC723_WC21,JP215,NA,NA,PC723,TCTATTCGGT,WC21,GCTACTTGCA,NA,JP215_P7_Tyg2xSize_CLperCC_1,mouse_human,CC13_CC14,NIH_HEK,no
JP215_PC723_WC22,JP215,NA,NA,PC723,TCTATTCGGT,WC22,GCTATTGAAG,NA,JP215_P7_Tyg2xSize_CLperCC_1,mouse_human,CC13_CC14,NIH_HEK,no
JP215_PC723_WC23,JP215,NA,NA,PC723,TCTATTCGGT,WC23,TCAGCATCCG,NA,JP215_P7_Tyg2xSize_CLperCC_1,mouse_human,CC13_CC14,NIH_HEK,no
JP215_PC723_WC24,JP215,NA,NA,PC723,TCTATTCGGT,WC24,TAGGTGGTGG,NA,JP215_P7_Tyg2xSize_CLperCC_1,mouse_human,CC13_CC14,NIH_HEK,no
JP215_PC723_WC25,JP215,NA,NA,PC723,TCTATTCGGT,WC25,AAGATCGGAT,NA,JP215_P7_Tyg2xSize_CLperCC_1,mouse_human,CC13_CC14,NIH_HEK,no
JP215_PC723_WC26,JP215,NA,NA,PC723,TCTATTCGGT,WC26,TTAACGTCCG,NA,JP215_P7_Tyg2xSize_CLperCC_1,mouse_human,CC13_CC14,NIH_HEK,no
JP215_PC723_WC27,JP215,NA,NA,PC723,TCTATTCGGT,WC27,ATTACCGATC,NA,JP215_P7_Tyg2xSize_CLperCC_1,mouse_human,CC13_CC14,NIH_HEK,no
JP215_PC723_WC28,JP215,NA,NA,PC723,TCTATTCGGT,WC28,GTTGCATCGT,NA,JP215_P7_Tyg2xSize_CLperCC_1,mouse_human,CC13_CC14,NIH_HEK,no
JP215_PC723_WC29,JP215,NA,NA,PC723,TCTATTCGGT,WC29,ACTGGACGTT,NA,JP215_P7_Tyg2xSize_CLperCC_1,mouse_human,CC13_CC14,NIH_HEK,no
JP215_PC723_WC30,JP215,NA,NA,PC723,TCTATTCGGT,WC30,TTGTTCGTGT,NA,JP215_P7_Tyg2xSize_CLperCC_1,mouse_human,CC13_CC14,NIH_HEK,no
JP215_PC723_WC31,JP215,NA,NA,PC723,TCTATTCGGT,WC31,ACGGACTGAG,NA,JP215_P7_Tyg2xSize_CLperCC_1,mouse_human,CC13_CC14,NIH_HEK,no
JP215_PC723_WC32,JP215,NA,NA,PC723,TCTATTCGGT,WC32,CACCGTCATA,NA,JP215_P7_Tyg2xSize_CLperCC_1,mouse_human,CC13_CC14,NIH_HEK,no
JP215_PC723_WC33,JP215,NA,NA,PC723,TCTATTCGGT,WC33,GTAGTTGTGT,NA,JP215_P7_Tyg2xSize_CLperCC_1,mouse_human,CC13_CC14,NIH_HEK,no
JP215_PC723_WC34,JP215,NA,NA,PC723,TCTATTCGGT,WC34,CTGAGTCCTT,NA,JP215_P7_Tyg2xSize_CLperCC_1,mouse_human,CC13_CC14,NIH_HEK,no
JP215_PC723_WC35,JP215,NA,NA,PC723,TCTATTCGGT,WC35,TCACAGTTGC,NA,JP215_P7_Tyg2xSize_CLperCC_1,mouse_human,CC13_CC14,NIH_HEK,no
JP215_PC723_WC36,JP215,NA,NA,PC723,TCTATTCGGT,WC36,ATTGTAAGCG,NA,JP215_P7_Tyg2xSize_CLperCC_1,mouse_human,CC13_CC14,NIH_HEK,no
JP215_PC723_WC37,JP215,NA,NA,PC723,TCTATTCGGT,WC37,CGGTCTCTCT,NA,JP215_P7_Tyg2xSize_CLperCC_1,mouse_human,CC13_CC14,NIH_HEK,no
JP215_PC723_WC38,JP215,NA,NA,PC723,TCTATTCGGT,WC38,AACAGCAATG,NA,JP215_P7_Tyg2xSize_CLperCC_1,mouse_human,CC13_CC14,NIH_HEK,no
JP215_PC723_WC39,JP215,NA,NA,PC723,TCTATTCGGT,WC39,TCCGTGTTGC,NA,JP215_P7_Tyg2xSize_CLperCC_1,mouse_human,CC13_CC14,NIH_HEK,no
JP215_PC723_WC40,JP215,NA,NA,PC723,TCTATTCGGT,WC40,TGCGAAGTGA,NA,JP215_P7_Tyg2xSize_CLperCC_1,mouse_human,CC13_CC14,NIH_HEK,no
JP215_PC723_WC41,JP215,NA,NA,PC723,TCTATTCGGT,WC41,CACAGCTATT,NA,JP215_P7_Tyg2xSize_CLperCC_1,mouse_human,CC13_CC14,NIH_HEK,no
JP215_PC723_WC42,JP215,NA,NA,PC723,TCTATTCGGT,WC42,GATAGTGTTC,NA,JP215_P7_Tyg2xSize_CLperCC_1,mouse_human,CC13_CC14,NIH_HEK,no
JP215_PC723_WC43,JP215,NA,NA,PC723,TCTATTCGGT,WC43,TAGCTACCAG,NA,JP215_P7_Tyg2xSize_CLperCC_1,mouse_human,CC13_CC14,NIH_HEK,no
JP215_PC723_WC44,JP215,NA,NA,PC723,TCTATTCGGT,WC44,TGCTCACGCA,NA,JP215_P7_Tyg2xSize_CLperCC_1,mouse_human,CC13_CC14,NIH_HEK,no
JP215_PC723_WC45,JP215,NA,NA,PC723,TCTATTCGGT,WC45,AAGTGTGCTA,NA,JP215_P7_Tyg2xSize_CLperCC_1,mouse_human,CC13_CC14,NIH_HEK,no
JP215_PC723_WC46,JP215,NA,NA,PC723,TCTATTCGGT,WC46,TCATCGTCTG,NA,JP215_P7_Tyg2xSize_CLperCC_1,mouse_human,CC13_CC14,NIH_HEK,no
JP215_PC723_WC47,JP215,NA,NA,PC723,TCTATTCGGT,WC47,AGATGCTCCG,NA,JP215_P7_Tyg2xSize_CLperCC_1,mouse_human,CC13_CC14,NIH_HEK,no
JP215_PC723_WC48,JP215,NA,NA,PC723,TCTATTCGGT,WC48,GAACCAAGCG,NA,JP215_P7_Tyg2xSize_CLperCC_1,mouse_human,CC13_CC14,NIH_HEK,no
JP215_PC723_WC49,JP215,NA,NA,PC723,TCTATTCGGT,WC49,CCTCTTCAAG,NA,JP215_P7_Tyg2xSize_CLperCC_1,mouse_human,CC13_CC14,NIH_HEK,no
JP215_PC723_WC50,JP215,NA,NA,PC723,TCTATTCGGT,WC50,CGTCGCATCT,NA,JP215_P7_Tyg2xSize_CLperCC_1,mouse_human,CC13_CC14,NIH_HEK,no
JP215_PC723_WC51,JP215,NA,NA,PC723,TCTATTCGGT,WC51,CCGAACGTTC,NA,JP215_P7_Tyg2xSize_CLperCC_1,mouse_human,CC13_CC14,NIH_HEK,no
JP215_PC723_WC52,JP215,NA,NA,PC723,TCTATTCGGT,WC52,GAATGGCGTT,NA,JP215_P7_Tyg2xSize_CLperCC_1,mouse_human,CC13_CC14,NIH_HEK,no
JP215_PC723_WC53,JP215,NA,NA,PC723,TCTATTCGGT,WC53,AAGTTCAGGA,NA,JP215_P7_Tyg2xSize_CLperCC_1,mouse_human,CC13_CC14,NIH_HEK,no
JP215_PC723_WC54,JP215,NA,NA,PC723,TCTATTCGGT,WC54,GACCAATTGT,NA,JP215_P7_Tyg2xSize_CLperCC_1,mouse_human,CC13_CC14,NIH_HEK,no
JP215_PC723_WC55,JP215,NA,NA,PC723,TCTATTCGGT,WC55,TGTCTGTGAC,NA,JP215_P7_Tyg2xSize_CLperCC_1,mouse_human,CC13_CC14,NIH_HEK,no
JP215_PC723_WC56,JP215,NA,NA,PC723,TCTATTCGGT,WC56,GAACATTGGC,NA,JP215_P7_Tyg2xSize_CLperCC_1,mouse_human,CC13_CC14,NIH_HEK,no
JP215_PC723_WC57,JP215,NA,NA,PC723,TCTATTCGGT,WC57,CGTAACACTA,NA,JP215_P7_Tyg2xSize_CLperCC_1,mouse_human,CC13_CC14,NIH_HEK,no
JP215_PC723_WC58,JP215,NA,NA,PC723,TCTATTCGGT,WC58,GTACTTCCAA,NA,JP215_P7_Tyg2xSize_CLperCC_1,mouse_human,CC13_CC14,NIH_HEK,no
JP215_PC723_WC59,JP215,NA,NA,PC723,TCTATTCGGT,WC59,TTAGCGTCTT,NA,JP215_P7_Tyg2xSize_CLperCC_1,mouse_human,CC13_CC14,NIH_HEK,no
JP215_PC723_WC60,JP215,NA,NA,PC723,TCTATTCGGT,WC60,TTGACCGTCT,NA,JP215_P7_Tyg2xSize_CLperCC_1,mouse_human,CC13_CC14,NIH_HEK,no
JP215_PC723_WC61,JP215,NA,NA,PC723,TCTATTCGGT,WC61,ACGGCTTCTC,NA,JP215_P7_Tyg2xSize_CLperCC_1,mouse_human,CC13_CC14,NIH_HEK,no
JP215_PC723_WC62,JP215,NA,NA,PC723,TCTATTCGGT,WC62,TGCGATGTAT,NA,JP215_P7_Tyg2xSize_CLperCC_1,mouse_human,CC13_CC14,NIH_HEK,no
JP215_PC723_WC63,JP215,NA,NA,PC723,TCTATTCGGT,WC63,GCGTTCAGCA,NA,JP215_P7_Tyg2xSize_CLperCC_1,mouse_human,CC13_CC14,NIH_HEK,no
JP215_PC723_WC64,JP215,NA,NA,PC723,TCTATTCGGT,WC64,GCCTAGGAAG,NA,JP215_P7_Tyg2xSize_CLperCC_1,mouse_human,CC13_CC14,NIH_HEK,no
JP215_PC723_WC65,JP215,NA,NA,PC723,TCTATTCGGT,WC65,GTTACCAACG,NA,JP215_P7_Tyg2xSize_CLperCC_1,mouse_human,CC13_CC14,NIH_HEK,no
JP215_PC723_WC66,JP215,NA,NA,PC723,TCTATTCGGT,WC66,ACGAACCAAG,NA,JP215_P7_Tyg2xSize_CLperCC_1,mouse_human,CC13_CC14,NIH_HEK,no
JP215_PC723_WC67,JP215,NA,NA,PC723,TCTATTCGGT,WC67,CACGCAAGTC,NA,JP215_P7_Tyg2xSize_CLperCC_1,mouse_human,CC13_CC14,NIH_HEK,no
JP215_PC723_WC68,JP215,NA,NA,PC723,TCTATTCGGT,WC68,GCTGGAGAAG,NA,JP215_P7_Tyg2xSize_CLperCC_1,mouse_human,CC13_CC14,NIH_HEK,no
JP215_PC723_WC69,JP215,NA,NA,PC723,TCTATTCGGT,WC69,CCAGTGTACG,NA,JP215_P7_Tyg2xSize_CLperCC_1,mouse_human,CC13_CC14,NIH_HEK,no
JP215_PC723_WC70,JP215,NA,NA,PC723,TCTATTCGGT,WC70,GTTGATGCGA,NA,JP215_P7_Tyg2xSize_CLperCC_1,mouse_human,CC13_CC14,NIH_HEK,no
JP215_PC723_WC71,JP215,NA,NA,PC723,TCTATTCGGT,WC71,CGCTTGTTAT,NA,JP215_P7_Tyg2xSize_CLperCC_1,mouse_human,CC13_CC14,NIH_HEK,no
JP215_PC723_WC72,JP215,NA,NA,PC723,TCTATTCGGT,WC72,GTAACGTTCA,NA,JP215_P7_Tyg2xSize_CLperCC_1,mouse_human,CC13_CC14,NIH_HEK,no
JP215_PC723_WC73,JP215,NA,NA,PC723,TCTATTCGGT,WC73,CCGAGTCTTC,NA,JP215_P7_Tyg2xSize_CLperCC_1,mouse_human,CC13_CC14,NIH_HEK,no
JP215_PC723_WC74,JP215,NA,NA,PC723,TCTATTCGGT,WC74,TATTGCGCTA,NA,JP215_P7_Tyg2xSize_CLperCC_1,mouse_human,CC13_CC14,NIH_HEK,no
JP215_PC723_WC75,JP215,NA,NA,PC723,TCTATTCGGT,WC75,TGTGGTCTAA,NA,JP215_P7_Tyg2xSize_CLperCC_1,mouse_human,CC13_CC14,NIH_HEK,no
JP215_PC723_WC76,JP215,NA,NA,PC723,TCTATTCGGT,WC76,CACGTCTACG,NA,JP215_P7_Tyg2xSize_CLperCC_1,mouse_human,CC13_CC14,NIH_HEK,no
JP215_PC723_WC77,JP215,NA,NA,PC723,TCTATTCGGT,WC77,AGTCCAGTGA,NA,JP215_P7_Tyg2xSize_CLperCC_1,mouse_human,CC13_CC14,NIH_HEK,no
JP215_PC723_WC78,JP215,NA,NA,PC723,TCTATTCGGT,WC78,ATGCTTGGTC,NA,JP215_P7_Tyg2xSize_CLperCC_1,mouse_human,CC13_CC14,NIH_HEK,no
JP215_PC723_WC79,JP215,NA,NA,PC723,TCTATTCGGT,WC79,TGATACTCGC,NA,JP215_P7_Tyg2xSize_CLperCC_1,mouse_human,CC13_CC14,NIH_HEK,no
JP215_PC723_WC80,JP215,NA,NA,PC723,TCTATTCGGT,WC80,TTATCGAGAG,NA,JP215_P7_Tyg2xSize_CLperCC_1,mouse_human,CC13_CC14,NIH_HEK,no
JP215_PC723_WC81,JP215,NA,NA,PC723,TCTATTCGGT,WC81,TGCCAGTATT,NA,JP215_P7_Tyg2xSize_CLperCC_1,mouse_human,CC13_CC14,NIH_HEK,no
JP215_PC723_WC82,JP215,NA,NA,PC723,TCTATTCGGT,WC82,GAGTTGCATA,NA,JP215_P7_Tyg2xSize_CLperCC_1,mouse_human,CC13_CC14,NIH_HEK,no
JP215_PC723_WC83,JP215,NA,NA,PC723,TCTATTCGGT,WC83,ACACTAGCAT,NA,JP215_P7_Tyg2xSize_CLperCC_1,mouse_human,CC13_CC14,NIH_HEK,no
JP215_PC723_WC84,JP215,NA,NA,PC723,TCTATTCGGT,WC84,GTTCTAATGG,NA,JP215_P7_Tyg2xSize_CLperCC_1,mouse_human,CC13_CC14,NIH_HEK,no
JP215_PC723_WC85,JP215,NA,NA,PC723,TCTATTCGGT,WC85,CGTTCACGTT,NA,JP215_P7_Tyg2xSize_CLperCC_1,mouse_human,CC13_CC14,NIH_HEK,no
JP215_PC723_WC86,JP215,NA,NA,PC723,TCTATTCGGT,WC86,GACTGCGTTA,NA,JP215_P7_Tyg2xSize_CLperCC_1,mouse_human,CC13_CC14,NIH_HEK,no
JP215_PC723_WC87,JP215,NA,NA,PC723,TCTATTCGGT,WC87,TGGCTTATGG,NA,JP215_P7_Tyg2xSize_CLperCC_1,mouse_human,CC13_CC14,NIH_HEK,no
JP215_PC723_WC88,JP215,NA,NA,PC723,TCTATTCGGT,WC88,TCAGAGGCAC,NA,JP215_P7_Tyg2xSize_CLperCC_1,mouse_human,CC13_CC14,NIH_HEK,no
JP215_PC723_WC89,JP215,NA,NA,PC723,TCTATTCGGT,WC89,CGCTAGGCTA,NA,JP215_P7_Tyg2xSize_CLperCC_1,mouse_human,CC13_CC14,NIH_HEK,no
JP215_PC723_WC90,JP215,NA,NA,PC723,TCTATTCGGT,WC90,AACCGTAACA,NA,JP215_P7_Tyg2xSize_CLperCC_1,mouse_human,CC13_CC14,NIH_HEK,no
JP215_PC723_WC91,JP215,NA,NA,PC723,TCTATTCGGT,WC91,CTTGGTATGA,NA,JP215_P7_Tyg2xSize_CLperCC_1,mouse_human,CC13_CC14,NIH_HEK,no
JP215_PC723_WC92,JP215,NA,NA,PC723,TCTATTCGGT,WC92,TGTAGATCCG,NA,JP215_P7_Tyg2xSize_CLperCC_1,mouse_human,CC13_CC14,NIH_HEK,no
JP215_PC723_WC93,JP215,NA,NA,PC723,TCTATTCGGT,WC93,AACTCTACCG,NA,JP215_P7_Tyg2xSize_CLperCC_1,mouse_human,CC13_CC14,NIH_HEK,no
JP215_PC723_WC94,JP215,NA,NA,PC723,TCTATTCGGT,WC94,CGTGACATTC,NA,JP215_P7_Tyg2xSize_CLperCC_1,mouse_human,CC13_CC14,NIH_HEK,no
JP215_PC723_WC95,JP215,NA,NA,PC723,TCTATTCGGT,WC95,CTGTACCAGG,NA,JP215_P7_Tyg2xSize_CLperCC_1,mouse_human,CC13_CC14,NIH_HEK,no
JP215_PC723_WC96,JP215,NA,NA,PC723,TCTATTCGGT,WC96,ACTGGTTCCG,NA,JP215_P7_Tyg2xSize_CLperCC_1,mouse_human,CC13_CC14,NIH_HEK,no
JP215_PC725_WC1,JP215,NA,NA,PC725,CACGAAGTAA,WC1,GTCGTGAATC,NA,JP215_P8_Tyg2xSize_CLperCC_SM_1,mouse_human,CC13_CC14,NIH_HEK,no
JP215_PC725_WC2,JP215,NA,NA,PC725,CACGAAGTAA,WC2,CTGTTCTACG,NA,JP215_P8_Tyg2xSize_CLperCC_SM_1,mouse_human,CC13_CC14,NIH_HEK,no
JP215_PC725_WC3,JP215,NA,NA,PC725,CACGAAGTAA,WC3,GCTCTTAGGT,NA,JP215_P8_Tyg2xSize_CLperCC_SM_1,mouse_human,CC13_CC14,NIH_HEK,no
JP215_PC725_WC4,JP215,NA,NA,PC725,CACGAAGTAA,WC4,TAGAAGCCAT,NA,JP215_P8_Tyg2xSize_CLperCC_SM_1,mouse_human,CC13_CC14,NIH_HEK,no
JP215_PC725_WC5,JP215,NA,NA,PC725,CACGAAGTAA,WC5,CACTTAGGTA,NA,JP215_P8_Tyg2xSize_CLperCC_SM_1,mouse_human,CC13_CC14,NIH_HEK,no
JP215_PC725_WC6,JP215,NA,NA,PC725,CACGAAGTAA,WC6,ATAGGTAAGG,NA,JP215_P8_Tyg2xSize_CLperCC_SM_1,mouse_human,CC13_CC14,NIH_HEK,no
JP215_PC725_WC7,JP215,NA,NA,PC725,CACGAAGTAA,WC7,CGCCTTATAT,NA,JP215_P8_Tyg2xSize_CLperCC_SM_1,mouse_human,CC13_CC14,NIH_HEK,no
JP215_PC725_WC8,JP215,NA,NA,PC725,CACGAAGTAA,WC8,GCACGATGCT,NA,JP215_P8_Tyg2xSize_CLperCC_SM_1,mouse_human,CC13_CC14,NIH_HEK,no
JP215_PC725_WC9,JP215,NA,NA,PC725,CACGAAGTAA,WC9,AATATGCCAG,NA,JP215_P8_Tyg2xSize_CLperCC_SM_1,mouse_human,CC13_CC14,NIH_HEK,no
JP215_PC725_WC10,JP215,NA,NA,PC725,CACGAAGTAA,WC10,TAGAGTCACG,NA,JP215_P8_Tyg2xSize_CLperCC_SM_1,mouse_human,CC13_CC14,NIH_HEK,no
JP215_PC725_WC11,JP215,NA,NA,PC725,CACGAAGTAA,WC11,TTAACAGGTC,NA,JP215_P8_Tyg2xSize_CLperCC_SM_1,mouse_human,CC13_CC14,NIH_HEK,no
JP215_PC725_WC12,JP215,NA,NA,PC725,CACGAAGTAA,WC12,ACATGAGCCA,NA,JP215_P8_Tyg2xSize_CLperCC_SM_1,mouse_human,CC13_CC14,NIH_HEK,no
JP215_PC725_WC13,JP215,NA,NA,PC725,CACGAAGTAA,WC13,GCGAGGTTCT,NA,JP215_P8_Tyg2xSize_CLperCC_SM_1,mouse_human,CC13_CC14,NIH_HEK,no
JP215_PC725_WC14,JP215,NA,NA,PC725,CACGAAGTAA,WC14,TGTCCGTAGG,NA,JP215_P8_Tyg2xSize_CLperCC_SM_1,mouse_human,CC13_CC14,NIH_HEK,no
JP215_PC725_WC15,JP215,NA,NA,PC725,CACGAAGTAA,WC15,CATTATGCCT,NA,JP215_P8_Tyg2xSize_CLperCC_SM_1,mouse_human,CC13_CC14,NIH_HEK,no
JP215_PC725_WC16,JP215,NA,NA,PC725,CACGAAGTAA,WC16,TCCACTGTTG,NA,JP215_P8_Tyg2xSize_CLperCC_SM_1,mouse_human,CC13_CC14,NIH_HEK,no
JP215_PC725_WC17,JP215,NA,NA,PC725,CACGAAGTAA,WC17,CTTAACGACA,NA,JP215_P8_Tyg2xSize_CLperCC_SM_1,mouse_human,CC13_CC14,NIH_HEK,no
JP215_PC725_WC18,JP215,NA,NA,PC725,CACGAAGTAA,WC18,TCCTCGAGCT,NA,JP215_P8_Tyg2xSize_CLperCC_SM_1,mouse_human,CC13_CC14,NIH_HEK,no
JP215_PC725_WC19,JP215,NA,NA,PC725,CACGAAGTAA,WC19,CGAGTAATGT,NA,JP215_P8_Tyg2xSize_CLperCC_SM_1,mouse_human,CC13_CC14,NIH_HEK,no
JP215_PC725_WC20,JP215,NA,NA,PC725,CACGAAGTAA,WC20,CATACCGCTG,NA,JP215_P8_Tyg2xSize_CLperCC_SM_1,mouse_human,CC13_CC14,NIH_HEK,no
JP215_PC725_WC21,JP215,NA,NA,PC725,CACGAAGTAA,WC21,GCTACTTGCA,NA,JP215_P8_Tyg2xSize_CLperCC_SM_1,mouse_human,CC13_CC14,NIH_HEK,no
JP215_PC725_WC22,JP215,NA,NA,PC725,CACGAAGTAA,WC22,GCTATTGAAG,NA,JP215_P8_Tyg2xSize_CLperCC_SM_1,mouse_human,CC13_CC14,NIH_HEK,no
JP215_PC725_WC23,JP215,NA,NA,PC725,CACGAAGTAA,WC23,TCAGCATCCG,NA,JP215_P8_Tyg2xSize_CLperCC_SM_1,mouse_human,CC13_CC14,NIH_HEK,no
JP215_PC725_WC24,JP215,NA,NA,PC725,CACGAAGTAA,WC24,TAGGTGGTGG,NA,JP215_P8_Tyg2xSize_CLperCC_SM_1,mouse_human,CC13_CC14,NIH_HEK,no
JP215_PC725_WC25,JP215,NA,NA,PC725,CACGAAGTAA,WC25,AAGATCGGAT,NA,JP215_P8_Tyg2xSize_CLperCC_SM_1,mouse_human,CC13_CC14,NIH_HEK,no
JP215_PC725_WC26,JP215,NA,NA,PC725,CACGAAGTAA,WC26,TTAACGTCCG,NA,JP215_P8_Tyg2xSize_CLperCC_SM_1,mouse_human,CC13_CC14,NIH_HEK,no
JP215_PC725_WC27,JP215,NA,NA,PC725,CACGAAGTAA,WC27,ATTACCGATC,NA,JP215_P8_Tyg2xSize_CLperCC_SM_1,mouse_human,CC13_CC14,NIH_HEK,no
JP215_PC725_WC28,JP215,NA,NA,PC725,CACGAAGTAA,WC28,GTTGCATCGT,NA,JP215_P8_Tyg2xSize_CLperCC_SM_1,mouse_human,CC13_CC14,NIH_HEK,no
JP215_PC725_WC29,JP215,NA,NA,PC725,CACGAAGTAA,WC29,ACTGGACGTT,NA,JP215_P8_Tyg2xSize_CLperCC_SM_1,mouse_human,CC13_CC14,NIH_HEK,no
JP215_PC725_WC30,JP215,NA,NA,PC725,CACGAAGTAA,WC30,TTGTTCGTGT,NA,JP215_P8_Tyg2xSize_CLperCC_SM_1,mouse_human,CC13_CC14,NIH_HEK,no
JP215_PC725_WC31,JP215,NA,NA,PC725,CACGAAGTAA,WC31,ACGGACTGAG,NA,JP215_P8_Tyg2xSize_CLperCC_SM_1,mouse_human,CC13_CC14,NIH_HEK,no
JP215_PC725_WC32,JP215,NA,NA,PC725,CACGAAGTAA,WC32,CACCGTCATA,NA,JP215_P8_Tyg2xSize_CLperCC_SM_1,mouse_human,CC13_CC14,NIH_HEK,no
JP215_PC725_WC33,JP215,NA,NA,PC725,CACGAAGTAA,WC33,GTAGTTGTGT,NA,JP215_P8_Tyg2xSize_CLperCC_SM_1,mouse_human,CC13_CC14,NIH_HEK,no
JP215_PC725_WC34,JP215,NA,NA,PC725,CACGAAGTAA,WC34,CTGAGTCCTT,NA,JP215_P8_Tyg2xSize_CLperCC_SM_1,mouse_human,CC13_CC14,NIH_HEK,no
JP215_PC725_WC35,JP215,NA,NA,PC725,CACGAAGTAA,WC35,TCACAGTTGC,NA,JP215_P8_Tyg2xSize_CLperCC_SM_1,mouse_human,CC13_CC14,NIH_HEK,no
JP215_PC725_WC36,JP215,NA,NA,PC725,CACGAAGTAA,WC36,ATTGTAAGCG,NA,JP215_P8_Tyg2xSize_CLperCC_SM_1,mouse_human,CC13_CC14,NIH_HEK,no
JP215_PC725_WC37,JP215,NA,NA,PC725,CACGAAGTAA,WC37,CGGTCTCTCT,NA,JP215_P8_Tyg2xSize_CLperCC_SM_1,mouse_human,CC13_CC14,NIH_HEK,no
JP215_PC725_WC38,JP215,NA,NA,PC725,CACGAAGTAA,WC38,AACAGCAATG,NA,JP215_P8_Tyg2xSize_CLperCC_SM_1,mouse_human,CC13_CC14,NIH_HEK,no
JP215_PC725_WC39,JP215,NA,NA,PC725,CACGAAGTAA,WC39,TCCGTGTTGC,NA,JP215_P8_Tyg2xSize_CLperCC_SM_1,mouse_human,CC13_CC14,NIH_HEK,no
JP215_PC725_WC40,JP215,NA,NA,PC725,CACGAAGTAA,WC40,TGCGAAGTGA,NA,JP215_P8_Tyg2xSize_CLperCC_SM_1,mouse_human,CC13_CC14,NIH_HEK,no
JP215_PC725_WC41,JP215,NA,NA,PC725,CACGAAGTAA,WC41,CACAGCTATT,NA,JP215_P8_Tyg2xSize_CLperCC_SM_1,mouse_human,CC13_CC14,NIH_HEK,no
JP215_PC725_WC42,JP215,NA,NA,PC725,CACGAAGTAA,WC42,GATAGTGTTC,NA,JP215_P8_Tyg2xSize_CLperCC_SM_1,mouse_human,CC13_CC14,NIH_HEK,no
JP215_PC725_WC43,JP215,NA,NA,PC725,CACGAAGTAA,WC43,TAGCTACCAG,NA,JP215_P8_Tyg2xSize_CLperCC_SM_1,mouse_human,CC13_CC14,NIH_HEK,no
JP215_PC725_WC44,JP215,NA,NA,PC725,CACGAAGTAA,WC44,TGCTCACGCA,NA,JP215_P8_Tyg2xSize_CLperCC_SM_1,mouse_human,CC13_CC14,NIH_HEK,no
JP215_PC725_WC45,JP215,NA,NA,PC725,CACGAAGTAA,WC45,AAGTGTGCTA,NA,JP215_P8_Tyg2xSize_CLperCC_SM_1,mouse_human,CC13_CC14,NIH_HEK,no
JP215_PC725_WC46,JP215,NA,NA,PC725,CACGAAGTAA,WC46,TCATCGTCTG,NA,JP215_P8_Tyg2xSize_CLperCC_SM_1,mouse_human,CC13_CC14,NIH_HEK,no
JP215_PC725_WC47,JP215,NA,NA,PC725,CACGAAGTAA,WC47,AGATGCTCCG,NA,JP215_P8_Tyg2xSize_CLperCC_SM_1,mouse_human,CC13_CC14,NIH_HEK,no
JP215_PC725_WC48,JP215,NA,NA,PC725,CACGAAGTAA,WC48,GAACCAAGCG,NA,JP215_P8_Tyg2xSize_CLperCC_SM_1,mouse_human,CC13_CC14,NIH_HEK,no
JP215_PC725_WC49,JP215,NA,NA,PC725,CACGAAGTAA,WC49,CCTCTTCAAG,NA,JP215_P8_Tyg2xSize_CLperCC_SM_1,mouse_human,CC13_CC14,NIH_HEK,no
JP215_PC725_WC50,JP215,NA,NA,PC725,CACGAAGTAA,WC50,CGTCGCATCT,NA,JP215_P8_Tyg2xSize_CLperCC_SM_1,mouse_human,CC13_CC14,NIH_HEK,no
JP215_PC725_WC51,JP215,NA,NA,PC725,CACGAAGTAA,WC51,CCGAACGTTC,NA,JP215_P8_Tyg2xSize_CLperCC_SM_1,mouse_human,CC13_CC14,NIH_HEK,no
JP215_PC725_WC52,JP215,NA,NA,PC725,CACGAAGTAA,WC52,GAATGGCGTT,NA,JP215_P8_Tyg2xSize_CLperCC_SM_1,mouse_human,CC13_CC14,NIH_HEK,no
JP215_PC725_WC53,JP215,NA,NA,PC725,CACGAAGTAA,WC53,AAGTTCAGGA,NA,JP215_P8_Tyg2xSize_CLperCC_SM_1,mouse_human,CC13_CC14,NIH_HEK,no
JP215_PC725_WC54,JP215,NA,NA,PC725,CACGAAGTAA,WC54,GACCAATTGT,NA,JP215_P8_Tyg2xSize_CLperCC_SM_1,mouse_human,CC13_CC14,NIH_HEK,no
JP215_PC725_WC55,JP215,NA,NA,PC725,CACGAAGTAA,WC55,TGTCTGTGAC,NA,JP215_P8_Tyg2xSize_CLperCC_SM_1,mouse_human,CC13_CC14,NIH_HEK,no
JP215_PC725_WC56,JP215,NA,NA,PC725,CACGAAGTAA,WC56,GAACATTGGC,NA,JP215_P8_Tyg2xSize_CLperCC_SM_1,mouse_human,CC13_CC14,NIH_HEK,no
JP215_PC725_WC57,JP215,NA,NA,PC725,CACGAAGTAA,WC57,CGTAACACTA,NA,JP215_P8_Tyg2xSize_CLperCC_SM_1,mouse_human,CC13_CC14,NIH_HEK,no
JP215_PC725_WC58,JP215,NA,NA,PC725,CACGAAGTAA,WC58,GTACTTCCAA,NA,JP215_P8_Tyg2xSize_CLperCC_SM_1,mouse_human,CC13_CC14,NIH_HEK,no
JP215_PC725_WC59,JP215,NA,NA,PC725,CACGAAGTAA,WC59,TTAGCGTCTT,NA,JP215_P8_Tyg2xSize_CLperCC_SM_1,mouse_human,CC13_CC14,NIH_HEK,no
JP215_PC725_WC60,JP215,NA,NA,PC725,CACGAAGTAA,WC60,TTGACCGTCT,NA,JP215_P8_Tyg2xSize_CLperCC_SM_1,mouse_human,CC13_CC14,NIH_HEK,no
JP215_PC725_WC61,JP215,NA,NA,PC725,CACGAAGTAA,WC61,ACGGCTTCTC,NA,JP215_P8_Tyg2xSize_CLperCC_SM_1,mouse_human,CC13_CC14,NIH_HEK,no
JP215_PC725_WC62,JP215,NA,NA,PC725,CACGAAGTAA,WC62,TGCGATGTAT,NA,JP215_P8_Tyg2xSize_CLperCC_SM_1,mouse_human,CC13_CC14,NIH_HEK,no
JP215_PC725_WC63,JP215,NA,NA,PC725,CACGAAGTAA,WC63,GCGTTCAGCA,NA,JP215_P8_Tyg2xSize_CLperCC_SM_1,mouse_human,CC13_CC14,NIH_HEK,no
JP215_PC725_WC64,JP215,NA,NA,PC725,CACGAAGTAA,WC64,GCCTAGGAAG,NA,JP215_P8_Tyg2xSize_CLperCC_SM_1,mouse_human,CC13_CC14,NIH_HEK,no
JP215_PC725_WC65,JP215,NA,NA,PC725,CACGAAGTAA,WC65,GTTACCAACG,NA,JP215_P8_Tyg2xSize_CLperCC_SM_1,mouse_human,CC13_CC14,NIH_HEK,no
JP215_PC725_WC66,JP215,NA,NA,PC725,CACGAAGTAA,WC66,ACGAACCAAG,NA,JP215_P8_Tyg2xSize_CLperCC_SM_1,mouse_human,CC13_CC14,NIH_HEK,no
JP215_PC725_WC67,JP215,NA,NA,PC725,CACGAAGTAA,WC67,CACGCAAGTC,NA,JP215_P8_Tyg2xSize_CLperCC_SM_1,mouse_human,CC13_CC14,NIH_HEK,no
JP215_PC725_WC68,JP215,NA,NA,PC725,CACGAAGTAA,WC68,GCTGGAGAAG,NA,JP215_P8_Tyg2xSize_CLperCC_SM_1,mouse_human,CC13_CC14,NIH_HEK,no
JP215_PC725_WC69,JP215,NA,NA,PC725,CACGAAGTAA,WC69,CCAGTGTACG,NA,JP215_P8_Tyg2xSize_CLperCC_SM_1,mouse_human,CC13_CC14,NIH_HEK,no
JP215_PC725_WC70,JP215,NA,NA,PC725,CACGAAGTAA,WC70,GTTGATGCGA,NA,JP215_P8_Tyg2xSize_CLperCC_SM_1,mouse_human,CC13_CC14,NIH_HEK,no
JP215_PC725_WC71,JP215,NA,NA,PC725,CACGAAGTAA,WC71,CGCTTGTTAT,NA,JP215_P8_Tyg2xSize_CLperCC_SM_1,mouse_human,CC13_CC14,NIH_HEK,no
JP215_PC725_WC72,JP215,NA,NA,PC725,CACGAAGTAA,WC72,GTAACGTTCA,NA,JP215_P8_Tyg2xSize_CLperCC_SM_1,mouse_human,CC13_CC14,NIH_HEK,no
JP215_PC725_WC73,JP215,NA,NA,PC725,CACGAAGTAA,WC73,CCGAGTCTTC,NA,JP215_P8_Tyg2xSize_CLperCC_SM_1,mouse_human,CC13_CC14,NIH_HEK,no
JP215_PC725_WC74,JP215,NA,NA,PC725,CACGAAGTAA,WC74,TATTGCGCTA,NA,JP215_P8_Tyg2xSize_CLperCC_SM_1,mouse_human,CC13_CC14,NIH_HEK,no
JP215_PC725_WC75,JP215,NA,NA,PC725,CACGAAGTAA,WC75,TGTGGTCTAA,NA,JP215_P8_Tyg2xSize_CLperCC_SM_1,mouse_human,CC13_CC14,NIH_HEK,no
JP215_PC725_WC76,JP215,NA,NA,PC725,CACGAAGTAA,WC76,CACGTCTACG,NA,JP215_P8_Tyg2xSize_CLperCC_SM_1,mouse_human,CC13_CC14,NIH_HEK,no
JP215_PC725_WC77,JP215,NA,NA,PC725,CACGAAGTAA,WC77,AGTCCAGTGA,NA,JP215_P8_Tyg2xSize_CLperCC_SM_1,mouse_human,CC13_CC14,NIH_HEK,no
JP215_PC725_WC78,JP215,NA,NA,PC725,CACGAAGTAA,WC78,ATGCTTGGTC,NA,JP215_P8_Tyg2xSize_CLperCC_SM_1,mouse_human,CC13_CC14,NIH_HEK,no
JP215_PC725_WC79,JP215,NA,NA,PC725,CACGAAGTAA,WC79,TGATACTCGC,NA,JP215_P8_Tyg2xSize_CLperCC_SM_1,mouse_human,CC13_CC14,NIH_HEK,no
JP215_PC725_WC80,JP215,NA,NA,PC725,CACGAAGTAA,WC80,TTATCGAGAG,NA,JP215_P8_Tyg2xSize_CLperCC_SM_1,mouse_human,CC13_CC14,NIH_HEK,no
JP215_PC725_WC81,JP215,NA,NA,PC725,CACGAAGTAA,WC81,TGCCAGTATT,NA,JP215_P8_Tyg2xSize_CLperCC_SM_1,mouse_human,CC13_CC14,NIH_HEK,no
JP215_PC725_WC82,JP215,NA,NA,PC725,CACGAAGTAA,WC82,GAGTTGCATA,NA,JP215_P8_Tyg2xSize_CLperCC_SM_1,mouse_human,CC13_CC14,NIH_HEK,no
JP215_PC725_WC83,JP215,NA,NA,PC725,CACGAAGTAA,WC83,ACACTAGCAT,NA,JP215_P8_Tyg2xSize_CLperCC_SM_1,mouse_human,CC13_CC14,NIH_HEK,no
JP215_PC725_WC84,JP215,NA,NA,PC725,CACGAAGTAA,WC84,GTTCTAATGG,NA,JP215_P8_Tyg2xSize_CLperCC_SM_1,mouse_human,CC13_CC14,NIH_HEK,no
JP215_PC725_WC85,JP215,NA,NA,PC725,CACGAAGTAA,WC85,CGTTCACGTT,NA,JP215_P8_Tyg2xSize_CLperCC_SM_1,mouse_human,CC13_CC14,NIH_HEK,no
JP215_PC725_WC86,JP215,NA,NA,PC725,CACGAAGTAA,WC86,GACTGCGTTA,NA,JP215_P8_Tyg2xSize_CLperCC_SM_1,mouse_human,CC13_CC14,NIH_HEK,no
JP215_PC725_WC87,JP215,NA,NA,PC725,CACGAAGTAA,WC87,TGGCTTATGG,NA,JP215_P8_Tyg2xSize_CLperCC_SM_1,mouse_human,CC13_CC14,NIH_HEK,no
JP215_PC725_WC88,JP215,NA,NA,PC725,CACGAAGTAA,WC88,TCAGAGGCAC,NA,JP215_P8_Tyg2xSize_CLperCC_SM_1,mouse_human,CC13_CC14,NIH_HEK,no
JP215_PC725_WC89,JP215,NA,NA,PC725,CACGAAGTAA,WC89,CGCTAGGCTA,NA,JP215_P8_Tyg2xSize_CLperCC_SM_1,mouse_human,CC13_CC14,NIH_HEK,no
JP215_PC725_WC90,JP215,NA,NA,PC725,CACGAAGTAA,WC90,AACCGTAACA,NA,JP215_P8_Tyg2xSize_CLperCC_SM_1,mouse_human,CC13_CC14,NIH_HEK,no
JP215_PC725_WC91,JP215,NA,NA,PC725,CACGAAGTAA,WC91,CTTGGTATGA,NA,JP215_P8_Tyg2xSize_CLperCC_SM_1,mouse_human,CC13_CC14,NIH_HEK,no
JP215_PC725_WC92,JP215,NA,NA,PC725,CACGAAGTAA,WC92,TGTAGATCCG,NA,JP215_P8_Tyg2xSize_CLperCC_SM_1,mouse_human,CC13_CC14,NIH_HEK,no
JP215_PC725_WC93,JP215,NA,NA,PC725,CACGAAGTAA,WC93,AACTCTACCG,NA,JP215_P8_Tyg2xSize_CLperCC_SM_1,mouse_human,CC13_CC14,NIH_HEK,no
JP215_PC725_WC94,JP215,NA,NA,PC725,CACGAAGTAA,WC94,CGTGACATTC,NA,JP215_P8_Tyg2xSize_CLperCC_SM_1,mouse_human,CC13_CC14,NIH_HEK,no
JP215_PC725_WC95,JP215,NA,NA,PC725,CACGAAGTAA,WC95,CTGTACCAGG,NA,JP215_P8_Tyg2xSize_CLperCC_SM_1,mouse_human,CC13_CC14,NIH_HEK,no
JP215_PC725_WC96,JP215,NA,NA,PC725,CACGAAGTAA,WC96,ACTGGTTCCG,NA,JP215_P8_Tyg2xSize_CLperCC_SM_1,mouse_human,CC13_CC14,NIH_HEK,no
