	Path	Cell	location	time	Stripie	Image	measurement_sblngbx	measurement_yolo	measurement_sblngbx0	measurement_sblngbx1	measurement_sblngbx2	CellCode	PlateCode	ExpID
0	/data/1_users/pezoldt/man_annotation/stripy/v1/NG039/NG039_P1_CC1/0_0.hdf5	0_0	None	None	stripy_nucleus	0	[1.10000000e+01 1.14932080e+03 3.45983551e+02 8.72689545e-01]	[1.10000000e+01 1.14932080e+03 3.45983551e+02 8.72689545e-01]					0.hdf5	0
10	/data/1_users/pezoldt/man_annotation/stripy/v1/NG039/NG039_P1_CC1/10_0.hdf5	10_0	None	None	stripy_center	0	[1.30000000e+01 1.50760400e+03 3.16982819e+02 8.89703989e-01]	[1.30000000e+01 1.50760400e+03 3.16982819e+02 8.89703989e-01]					0.hdf5	10
11	/data/1_users/pezoldt/man_annotation/stripy/v1/NG039/NG039_P1_CC1/14_0.hdf5	14_0	None	None	Undefined	0		[0.00000000e+00 1.14022400e+03 1.87822693e+02 8.50004613e-01]	[0.00000000e+00 1.14022400e+03 1.87822693e+02 8.50004613e-01]	[  4.         704.91223145 369.87295532   0.8661195 ]			0.hdf5	14
12	/data/1_users/pezoldt/man_annotation/stripy/v1/NG039/NG039_P1_CC1/14_1.hdf5	14_1	None	None	normi_circle	0		[  4.         704.91223145 369.87295532   0.8661195 ]	[0.00000000e+00 1.14022400e+03 1.87822693e+02 8.50004613e-01]	[  4.         704.91223145 369.87295532   0.8661195 ]			1.hdf5	14
13	/data/1_users/pezoldt/man_annotation/stripy/v1/NG039/NG039_P1_CC1/15_0.hdf5	15_0	None	None	Undefined	0	[  5.         395.36572266 328.59442139   0.84695894]	[  5.         395.36572266 328.59442139   0.84695894]					0.hdf5	15
14	/data/1_users/pezoldt/man_annotation/stripy/v1/NG039/NG039_P1_CC1/16_0.hdf5	16_0	None	None	Undefined	0		[0.00000000e+00 1.05793323e+03 2.46881042e+02 8.75210583e-01]	[0.00000000e+00 1.05793323e+03 2.46881042e+02 8.75210583e-01]	[  6.         609.375      160.15240479   0.88719189]			0.hdf5	16
15	/data/1_users/pezoldt/man_annotation/stripy/v1/NG039/NG039_P1_CC1/16_1.hdf5	16_1	None	None	Undefined	0		[  6.         609.375      160.15240479   0.88719189]	[0.00000000e+00 1.05793323e+03 2.46881042e+02 8.75210583e-01]	[  6.         609.375      160.15240479   0.88719189]			1.hdf5	16
16	/data/1_users/pezoldt/man_annotation/stripy/v1/NG039/NG039_P1_CC1/17_0.hdf5	17_0	None	None	Undefined	0		[2.00000000e+00 1.05428564e+03 2.46022171e+02 9.04545724e-01]	[2.00000000e+00 1.05428564e+03 2.46022171e+02 9.04545724e-01]	[  4.         808.50109863 315.56396484   0.87193495]			0.hdf5	17
17	/data/1_users/pezoldt/man_annotation/stripy/v1/NG039/NG039_P1_CC1/17_1.hdf5	17_1	None	None	Undefined	0		[  4.         808.50109863 315.56396484   0.87193495]	[2.00000000e+00 1.05428564e+03 2.46022171e+02 9.04545724e-01]	[  4.         808.50109863 315.56396484   0.87193495]			1.hdf5	17
18	/data/1_users/pezoldt/man_annotation/stripy/v1/NG039/NG039_P1_CC1/18_0.hdf5	18_0	None	None	Undefined	0		[0.00000000e+00 1.05591565e+03 2.45838287e+02 8.52827668e-01]	[0.00000000e+00 1.05591565e+03 2.45838287e+02 8.52827668e-01]	[  8.         655.32501221 361.68365479   0.86893797]			0.hdf5	18
19	/data/1_users/pezoldt/man_annotation/stripy/v1/NG039/NG039_P1_CC1/18_1.hdf5	18_1	None	None	normi_circle	0		[  8.         655.32501221 361.68365479   0.86893797]	[0.00000000e+00 1.05591565e+03 2.45838287e+02 8.52827668e-01]	[  8.         655.32501221 361.68365479   0.86893797]			1.hdf5	18
20	/data/1_users/pezoldt/man_annotation/stripy/v1/NG039/NG039_P1_CC1/19_0.hdf5	19_0	None	None	Undefined	0		[0.00000000e+00 1.05708347e+03 2.47308960e+02 8.69568110e-01]	[0.00000000e+00 1.05708347e+03 2.47308960e+02 8.69568110e-01]	[  3.         586.67163086 270.68744659   0.8713485 ]			0.hdf5	19
21	/data/1_users/pezoldt/man_annotation/stripy/v1/NG039/NG039_P1_CC1/19_1.hdf5	19_1	None	None	normi_circle	0		[  3.         586.67163086 270.68744659   0.8713485 ]	[0.00000000e+00 1.05708347e+03 2.47308960e+02 8.69568110e-01]	[  3.         586.67163086 270.68744659   0.8713485 ]			1.hdf5	19
1	/data/1_users/pezoldt/man_annotation/stripy/v1/NG039/NG039_P1_CC1/1_0.hdf5	1_0	None	None	Undefined	0	[1.20000000e+01 9.19974976e+02 2.63106018e+02 8.62765193e-01]	[1.20000000e+01 9.19974976e+02 2.63106018e+02 8.62765193e-01]					0.hdf5	1
22	/data/1_users/pezoldt/man_annotation/stripy/v1/NG039/NG039_P1_CC1/20_0.hdf5	20_0	None	None	Undefined	0		[0.00000000e+00 1.05692126e+03 2.45604385e+02 8.97582173e-01]	[0.00000000e+00 1.05692126e+03 2.45604385e+02 8.97582173e-01]	[  3.         827.76086426 190.98497009   0.88672113]			0.hdf5	20
23	/data/1_users/pezoldt/man_annotation/stripy/v1/NG039/NG039_P1_CC1/20_1.hdf5	20_1	None	None	normi_circle	0		[  3.         827.76086426 190.98497009   0.88672113]	[0.00000000e+00 1.05692126e+03 2.45604385e+02 8.97582173e-01]	[  3.         827.76086426 190.98497009   0.88672113]			1.hdf5	20
24	/data/1_users/pezoldt/man_annotation/stripy/v1/NG039/NG039_P1_CC1/21_0.hdf5	21_0	None	None	Undefined	0		[0.00000000e+00 1.05819592e+03 2.45680267e+02 8.75734448e-01]	[0.00000000e+00 1.05819592e+03 2.45680267e+02 8.75734448e-01]	[  3.         593.97436523 198.06332397   0.8896842 ]			0.hdf5	21
25	/data/1_users/pezoldt/man_annotation/stripy/v1/NG039/NG039_P1_CC1/21_1.hdf5	21_1	None	None	normi_circle	0		[  3.         593.97436523 198.06332397   0.8896842 ]	[0.00000000e+00 1.05819592e+03 2.45680267e+02 8.75734448e-01]	[  3.         593.97436523 198.06332397   0.8896842 ]			1.hdf5	21
26	/data/1_users/pezoldt/man_annotation/stripy/v1/NG039/NG039_P1_CC1/22_0.hdf5	22_0	None	None	Undefined	0		[0.00000000e+00 1.05829663e+03 2.43454803e+02 8.80882204e-01]	[0.00000000e+00 1.05829663e+03 2.43454803e+02 8.80882204e-01]	[  5.         826.18444824 330.55767822   0.87362576]			0.hdf5	22
27	/data/1_users/pezoldt/man_annotation/stripy/v1/NG039/NG039_P1_CC1/22_1.hdf5	22_1	None	None	stripy_nucleus	0		[  5.         826.18444824 330.55767822   0.87362576]	[0.00000000e+00 1.05829663e+03 2.43454803e+02 8.80882204e-01]	[  5.         826.18444824 330.55767822   0.87362576]			1.hdf5	22
28	/data/1_users/pezoldt/man_annotation/stripy/v1/NG039/NG039_P1_CC1/23_0.hdf5	23_0	None	None	Undefined	0		[0.00000000e+00 1.05661963e+03 2.46085007e+02 8.85640979e-01]	[0.00000000e+00 1.05661963e+03 2.46085007e+02 8.85640979e-01]	[  4.         651.90362549 295.59277344   0.87393242]			0.hdf5	23
29	/data/1_users/pezoldt/man_annotation/stripy/v1/NG039/NG039_P1_CC1/23_1.hdf5	23_1	None	None	Undefined	0		[  4.         651.90362549 295.59277344   0.87393242]	[0.00000000e+00 1.05661963e+03 2.46085007e+02 8.85640979e-01]	[  4.         651.90362549 295.59277344   0.87393242]			1.hdf5	23
30	/data/1_users/pezoldt/man_annotation/stripy/v1/NG039/NG039_P1_CC1/24_0.hdf5	24_0	None	None	Undefined	0		[0.00000000e+00 1.05780298e+03 2.43360474e+02 8.86709869e-01]	[0.00000000e+00 1.05780298e+03 2.43360474e+02 8.86709869e-01]	[  5.         768.13415527 309.66760254   0.85035807]			0.hdf5	24
31	/data/1_users/pezoldt/man_annotation/stripy/v1/NG039/NG039_P1_CC1/24_1.hdf5	24_1	None	None	Undefined	0		[  5.         768.13415527 309.66760254   0.85035807]	[0.00000000e+00 1.05780298e+03 2.43360474e+02 8.86709869e-01]	[  5.         768.13415527 309.66760254   0.85035807]			1.hdf5	24
32	/data/1_users/pezoldt/man_annotation/stripy/v1/NG039/NG039_P1_CC1/25_0.hdf5	25_0	None	None	Undefined	0		[0.00000000e+00 1.05785413e+03 2.44702835e+02 8.84658575e-01]	[0.00000000e+00 1.05785413e+03 2.44702835e+02 8.84658575e-01]	[  4.         693.89428711 256.50186157   0.87676752]	[1.70000000e+01 1.34421057e+03 2.28954926e+02 8.00487638e-01]		0.hdf5	25
33	/data/1_users/pezoldt/man_annotation/stripy/v1/NG039/NG039_P1_CC1/25_1.hdf5	25_1	None	None	stripy_center	0		[  4.         693.89428711 256.50186157   0.87676752]	[0.00000000e+00 1.05785413e+03 2.44702835e+02 8.84658575e-01]	[  4.         693.89428711 256.50186157   0.87676752]	[1.70000000e+01 1.34421057e+03 2.28954926e+02 8.00487638e-01]		1.hdf5	25
34	/data/1_users/pezoldt/man_annotation/stripy/v1/NG039/NG039_P1_CC1/25_2.hdf5	25_2	None	None	Undefined	0		[1.70000000e+01 1.34421057e+03 2.28954926e+02 8.00487638e-01]	[0.00000000e+00 1.05785413e+03 2.44702835e+02 8.84658575e-01]	[  4.         693.89428711 256.50186157   0.87676752]	[1.70000000e+01 1.34421057e+03 2.28954926e+02 8.00487638e-01]		2.hdf5	25
35	/data/1_users/pezoldt/man_annotation/stripy/v1/NG039/NG039_P1_CC1/26_0.hdf5	26_0	None	None	Undefined	0		[0.00000000e+00 1.05597974e+03 2.43632187e+02 8.86166871e-01]	[0.00000000e+00 1.05597974e+03 2.43632187e+02 8.86166871e-01]	[1.10000000e+01 1.12120654e+03 2.23803528e+02 8.80339503e-01]			0.hdf5	26
36	/data/1_users/pezoldt/man_annotation/stripy/v1/NG039/NG039_P1_CC1/26_1.hdf5	26_1	None	None	Undefined	0		[1.10000000e+01 1.12120654e+03 2.23803528e+02 8.80339503e-01]	[0.00000000e+00 1.05597974e+03 2.43632187e+02 8.86166871e-01]	[1.10000000e+01 1.12120654e+03 2.23803528e+02 8.80339503e-01]			1.hdf5	26
37	/data/1_users/pezoldt/man_annotation/stripy/v1/NG039/NG039_P1_CC1/27_0.hdf5	27_0	None	None	Undefined	0		[0.00000000e+00 1.05715213e+03 2.45416595e+02 8.86832297e-01]	[0.00000000e+00 1.05715213e+03 2.45416595e+02 8.86832297e-01]	[5.00000000e+00 1.09280798e+03 3.51142731e+02 8.71160030e-01]			0.hdf5	27
38	/data/1_users/pezoldt/man_annotation/stripy/v1/NG039/NG039_P1_CC1/27_1.hdf5	27_1	None	None	Undefined	0		[5.00000000e+00 1.09280798e+03 3.51142731e+02 8.71160030e-01]	[0.00000000e+00 1.05715213e+03 2.45416595e+02 8.86832297e-01]	[5.00000000e+00 1.09280798e+03 3.51142731e+02 8.71160030e-01]			1.hdf5	27
39	/data/1_users/pezoldt/man_annotation/stripy/v1/NG039/NG039_P1_CC1/28_0.hdf5	28_0	None	None	Undefined	0		[0.00000000e+00 1.05817004e+03 2.46435425e+02 8.77783835e-01]	[0.00000000e+00 1.05817004e+03 2.46435425e+02 8.77783835e-01]	[  9.         263.97363281 176.92483521   0.885364  ]			0.hdf5	28
40	/data/1_users/pezoldt/man_annotation/stripy/v1/NG039/NG039_P1_CC1/28_1.hdf5	28_1	None	None	Undefined	0		[  9.         263.97363281 176.92483521   0.885364  ]	[0.00000000e+00 1.05817004e+03 2.46435425e+02 8.77783835e-01]	[  9.         263.97363281 176.92483521   0.885364  ]			1.hdf5	28
41	/data/1_users/pezoldt/man_annotation/stripy/v1/NG039/NG039_P1_CC1/29_0.hdf5	29_0	None	None	Undefined	0		[0.00000000e+00 1.05874850e+03 2.46244492e+02 9.02477205e-01]	[0.00000000e+00 1.05874850e+03 2.46244492e+02 9.02477205e-01]	[4.00000000e+00 9.80201294e+02 3.41204407e+02 8.94908667e-01]			0.hdf5	29
42	/data/1_users/pezoldt/man_annotation/stripy/v1/NG039/NG039_P1_CC1/29_1.hdf5	29_1	None	None	stripy_nucleus	0		[4.00000000e+00 9.80201294e+02 3.41204407e+02 8.94908667e-01]	[0.00000000e+00 1.05874850e+03 2.46244492e+02 9.02477205e-01]	[4.00000000e+00 9.80201294e+02 3.41204407e+02 8.94908667e-01]			1.hdf5	29
2	/data/1_users/pezoldt/man_annotation/stripy/v1/NG039/NG039_P1_CC1/2_0.hdf5	2_0	None	None	stripy_center	0	[5.00000000e+00 9.74904785e+02 1.85314194e+02 8.89293969e-01]	[5.00000000e+00 9.74904785e+02 1.85314194e+02 8.89293969e-01]					0.hdf5	2
43	/data/1_users/pezoldt/man_annotation/stripy/v1/NG039/NG039_P1_CC1/30_0.hdf5	30_0	None	None	Undefined	0		[0.00000000e+00 1.05894946e+03 2.46849426e+02 8.74185801e-01]	[0.00000000e+00 1.05894946e+03 2.46849426e+02 8.74185801e-01]	[  5.         877.14746094 146.41009521   0.89098954]			0.hdf5	30
44	/data/1_users/pezoldt/man_annotation/stripy/v1/NG039/NG039_P1_CC1/30_1.hdf5	30_1	None	None	stripy_nucleus	0		[  5.         877.14746094 146.41009521   0.89098954]	[0.00000000e+00 1.05894946e+03 2.46849426e+02 8.74185801e-01]	[  5.         877.14746094 146.41009521   0.89098954]			1.hdf5	30
45	/data/1_users/pezoldt/man_annotation/stripy/v1/NG039/NG039_P1_CC1/31_0.hdf5	31_0	None	None	Undefined	0		[0.00000000e+00 1.06076477e+03 2.55958054e+02 8.81730974e-01]	[0.00000000e+00 1.06076477e+03 2.55958054e+02 8.81730974e-01]	[9.00000000e+00 1.04158447e+03 2.05597595e+02 8.99325430e-01]			0.hdf5	31
46	/data/1_users/pezoldt/man_annotation/stripy/v1/NG039/NG039_P1_CC1/31_1.hdf5	31_1	None	None	stripy_nucleus	0		[9.00000000e+00 1.04158447e+03 2.05597595e+02 8.99325430e-01]	[0.00000000e+00 1.06076477e+03 2.55958054e+02 8.81730974e-01]	[9.00000000e+00 1.04158447e+03 2.05597595e+02 8.99325430e-01]			1.hdf5	31
47	/data/1_users/pezoldt/man_annotation/stripy/v1/NG039/NG039_P1_CC1/32_0.hdf5	32_0	None	None	Undefined	0		[2.00000000e+00 1.05849133e+03 2.58735199e+02 8.86405468e-01]	[2.00000000e+00 1.05849133e+03 2.58735199e+02 8.86405468e-01]	[  5.         220.46238708 358.53945923   0.87482989]	[1.40000000e+01 1.34212036e+03 2.30767151e+02 8.32676351e-01]		0.hdf5	32
48	/data/1_users/pezoldt/man_annotation/stripy/v1/NG039/NG039_P1_CC1/32_1.hdf5	32_1	None	None	stripy_nucleus	0		[  5.         220.46238708 358.53945923   0.87482989]	[2.00000000e+00 1.05849133e+03 2.58735199e+02 8.86405468e-01]	[  5.         220.46238708 358.53945923   0.87482989]	[1.40000000e+01 1.34212036e+03 2.30767151e+02 8.32676351e-01]		1.hdf5	32
49	/data/1_users/pezoldt/man_annotation/stripy/v1/NG039/NG039_P1_CC1/32_2.hdf5	32_2	None	None	Undefined	0		[1.40000000e+01 1.34212036e+03 2.30767151e+02 8.32676351e-01]	[2.00000000e+00 1.05849133e+03 2.58735199e+02 8.86405468e-01]	[  5.         220.46238708 358.53945923   0.87482989]	[1.40000000e+01 1.34212036e+03 2.30767151e+02 8.32676351e-01]		2.hdf5	32
50	/data/1_users/pezoldt/man_annotation/stripy/v1/NG039/NG039_P1_CC1/33_0.hdf5	33_0	None	None	Undefined	0		[0.00000000e+00 1.05630008e+03 2.44330841e+02 8.77639949e-01]	[0.00000000e+00 1.05630008e+03 2.44330841e+02 8.77639949e-01]	[  3.         633.30218506 293.76416016   0.8697772 ]			0.hdf5	33
51	/data/1_users/pezoldt/man_annotation/stripy/v1/NG039/NG039_P1_CC1/33_1.hdf5	33_1	None	None	normi_circle	0		[  3.         633.30218506 293.76416016   0.8697772 ]	[0.00000000e+00 1.05630008e+03 2.44330841e+02 8.77639949e-01]	[  3.         633.30218506 293.76416016   0.8697772 ]			1.hdf5	33
52	/data/1_users/pezoldt/man_annotation/stripy/v1/NG039/NG039_P1_CC1/34_0.hdf5	34_0	None	None	Undefined	0		[2.00000000e+00 1.05408304e+03 2.46723267e+02 8.58960927e-01]	[2.00000000e+00 1.05408304e+03 2.46723267e+02 8.58960927e-01]	[  3.         544.1307373  284.48028564   0.87130576]	[1.40000000e+01 1.34186279e+03 2.27039124e+02 8.39118183e-01]		0.hdf5	34
53	/data/1_users/pezoldt/man_annotation/stripy/v1/NG039/NG039_P1_CC1/34_1.hdf5	34_1	None	None	Undefined	0		[  3.         544.1307373  284.48028564   0.87130576]	[2.00000000e+00 1.05408304e+03 2.46723267e+02 8.58960927e-01]	[  3.         544.1307373  284.48028564   0.87130576]	[1.40000000e+01 1.34186279e+03 2.27039124e+02 8.39118183e-01]		1.hdf5	34
54	/data/1_users/pezoldt/man_annotation/stripy/v1/NG039/NG039_P1_CC1/34_2.hdf5	34_2	None	None	Undefined	0		[1.40000000e+01 1.34186279e+03 2.27039124e+02 8.39118183e-01]	[2.00000000e+00 1.05408304e+03 2.46723267e+02 8.58960927e-01]	[  3.         544.1307373  284.48028564   0.87130576]	[1.40000000e+01 1.34186279e+03 2.27039124e+02 8.39118183e-01]		2.hdf5	34
55	/data/1_users/pezoldt/man_annotation/stripy/v1/NG039/NG039_P1_CC1/35_0.hdf5	35_0	None	None	Undefined	0		[0.00000000e+00 1.05534082e+03 2.47033554e+02 8.68730009e-01]	[0.00000000e+00 1.05534082e+03 2.47033554e+02 8.68730009e-01]	[1.00000000e+01 8.86508301e+02 3.46056549e+02 8.72759640e-01]			0.hdf5	35
56	/data/1_users/pezoldt/man_annotation/stripy/v1/NG039/NG039_P1_CC1/35_1.hdf5	35_1	None	None	Undefined	0		[1.00000000e+01 8.86508301e+02 3.46056549e+02 8.72759640e-01]	[0.00000000e+00 1.05534082e+03 2.47033554e+02 8.68730009e-01]	[1.00000000e+01 8.86508301e+02 3.46056549e+02 8.72759640e-01]			1.hdf5	35
57	/data/1_users/pezoldt/man_annotation/stripy/v1/NG039/NG039_P1_CC1/36_0.hdf5	36_0	None	None	Undefined	0		[0.00000000e+00 1.05512793e+03 2.42563934e+02 8.75389874e-01]	[0.00000000e+00 1.05512793e+03 2.42563934e+02 8.75389874e-01]	[  6.         595.60638428 279.17346191   0.87747902]			0.hdf5	36
58	/data/1_users/pezoldt/man_annotation/stripy/v1/NG039/NG039_P1_CC1/36_1.hdf5	36_1	None	None	Undefined	0		[  6.         595.60638428 279.17346191   0.87747902]	[0.00000000e+00 1.05512793e+03 2.42563934e+02 8.75389874e-01]	[  6.         595.60638428 279.17346191   0.87747902]			1.hdf5	36
59	/data/1_users/pezoldt/man_annotation/stripy/v1/NG039/NG039_P1_CC1/37_0.hdf5	37_0	None	None	Undefined	0		[0.00000000e+00 1.05808850e+03 2.37741791e+02 8.83829772e-01]	[0.00000000e+00 1.05808850e+03 2.37741791e+02 8.83829772e-01]	[4.00000000e+00 1.05056628e+03 3.00681976e+02 8.86234462e-01]			0.hdf5	37
60	/data/1_users/pezoldt/man_annotation/stripy/v1/NG039/NG039_P1_CC1/37_1.hdf5	37_1	None	None	Undefined	0		[4.00000000e+00 1.05056628e+03 3.00681976e+02 8.86234462e-01]	[0.00000000e+00 1.05808850e+03 2.37741791e+02 8.83829772e-01]	[4.00000000e+00 1.05056628e+03 3.00681976e+02 8.86234462e-01]			1.hdf5	37
61	/data/1_users/pezoldt/man_annotation/stripy/v1/NG039/NG039_P1_CC1/38_0.hdf5	38_0	None	None	Undefined	0		[0.00000000e+00 1.05634421e+03 2.47463669e+02 8.73465598e-01]	[0.00000000e+00 1.05634421e+03 2.47463669e+02 8.73465598e-01]	[3.00000000e+00 1.60448010e+03 3.27337830e+02 8.25470269e-01]	[  4.         249.20889282 381.99749756   0.86996466]		0.hdf5	38
62	/data/1_users/pezoldt/man_annotation/stripy/v1/NG039/NG039_P1_CC1/38_1.hdf5	38_1	None	None	Undefined	0		[3.00000000e+00 1.60448010e+03 3.27337830e+02 8.25470269e-01]	[0.00000000e+00 1.05634421e+03 2.47463669e+02 8.73465598e-01]	[3.00000000e+00 1.60448010e+03 3.27337830e+02 8.25470269e-01]	[  4.         249.20889282 381.99749756   0.86996466]		1.hdf5	38
63	/data/1_users/pezoldt/man_annotation/stripy/v1/NG039/NG039_P1_CC1/38_2.hdf5	38_2	None	None	normi_circle	0		[  4.         249.20889282 381.99749756   0.86996466]	[0.00000000e+00 1.05634421e+03 2.47463669e+02 8.73465598e-01]	[3.00000000e+00 1.60448010e+03 3.27337830e+02 8.25470269e-01]	[  4.         249.20889282 381.99749756   0.86996466]		2.hdf5	38
64	/data/1_users/pezoldt/man_annotation/stripy/v1/NG039/NG039_P1_CC1/39_0.hdf5	39_0	None	None	Undefined	0		[0.00000000e+00 1.05743796e+03 2.44361664e+02 8.75982583e-01]	[0.00000000e+00 1.05743796e+03 2.44361664e+02 8.75982583e-01]	[4.00000000e+00 8.53132874e+02 2.98215942e+02 8.53105009e-01]			0.hdf5	39
65	/data/1_users/pezoldt/man_annotation/stripy/v1/NG039/NG039_P1_CC1/39_1.hdf5	39_1	None	None	Undefined	0		[4.00000000e+00 8.53132874e+02 2.98215942e+02 8.53105009e-01]	[0.00000000e+00 1.05743796e+03 2.44361664e+02 8.75982583e-01]	[4.00000000e+00 8.53132874e+02 2.98215942e+02 8.53105009e-01]			1.hdf5	39
3	/data/1_users/pezoldt/man_annotation/stripy/v1/NG039/NG039_P1_CC1/3_0.hdf5	3_0	None	None	stripy_center	0	[ 11.         861.80023193 282.70904541   0.87444311]	[ 11.         861.80023193 282.70904541   0.87444311]					0.hdf5	3
66	/data/1_users/pezoldt/man_annotation/stripy/v1/NG039/NG039_P1_CC1/40_0.hdf5	40_0	None	None	Undefined	0		[0.00000000e+00 1.05799280e+03 2.43997864e+02 8.78037035e-01]	[0.00000000e+00 1.05799280e+03 2.43997864e+02 8.78037035e-01]	[4.00000000e+00 1.01584631e+03 3.51304260e+02 8.77577066e-01]			0.hdf5	40
67	/data/1_users/pezoldt/man_annotation/stripy/v1/NG039/NG039_P1_CC1/40_1.hdf5	40_1	None	None	Undefined	0		[4.00000000e+00 1.01584631e+03 3.51304260e+02 8.77577066e-01]	[0.00000000e+00 1.05799280e+03 2.43997864e+02 8.78037035e-01]	[4.00000000e+00 1.01584631e+03 3.51304260e+02 8.77577066e-01]			1.hdf5	40
68	/data/1_users/pezoldt/man_annotation/stripy/v1/NG039/NG039_P1_CC1/41_0.hdf5	41_0	None	None	Undefined	0		[0.00000000e+00 1.05938474e+03 2.52200195e+02 8.78500760e-01]	[0.00000000e+00 1.05938474e+03 2.52200195e+02 8.78500760e-01]	[ 10.         862.69970703 195.05618286   0.86983961]			0.hdf5	41
69	/data/1_users/pezoldt/man_annotation/stripy/v1/NG039/NG039_P1_CC1/41_1.hdf5	41_1	None	None	Undefined	0		[ 10.         862.69970703 195.05618286   0.86983961]	[0.00000000e+00 1.05938474e+03 2.52200195e+02 8.78500760e-01]	[ 10.         862.69970703 195.05618286   0.86983961]			1.hdf5	41
70	/data/1_users/pezoldt/man_annotation/stripy/v1/NG039/NG039_P1_CC1/42_0.hdf5	42_0	None	None	Undefined	0		[1.00000000e+00 1.05798340e+03 2.59174438e+02 8.47004950e-01]	[1.00000000e+00 1.05798340e+03 2.59174438e+02 8.47004950e-01]	[  5.         279.8795166  286.77261353   0.87036145]			0.hdf5	42
71	/data/1_users/pezoldt/man_annotation/stripy/v1/NG039/NG039_P1_CC1/42_1.hdf5	42_1	None	None	Undefined	0		[  5.         279.8795166  286.77261353   0.87036145]	[1.00000000e+00 1.05798340e+03 2.59174438e+02 8.47004950e-01]	[  5.         279.8795166  286.77261353   0.87036145]			1.hdf5	42
72	/data/1_users/pezoldt/man_annotation/stripy/v1/NG039/NG039_P1_CC1/43_0.hdf5	43_0	None	None	stripy_nucleus	0	[5.00000000e+00 1.35013342e+03 3.63766327e+02 8.82446051e-01]	[5.00000000e+00 1.35013342e+03 3.63766327e+02 8.82446051e-01]					0.hdf5	43
73	/data/1_users/pezoldt/man_annotation/stripy/v1/NG039/NG039_P1_CC1/44_0.hdf5	44_0	None	None	Undefined	0		[1.00000000e+00 1.05779953e+03 2.41700699e+02 8.57635736e-01]	[1.00000000e+00 1.05779953e+03 2.41700699e+02 8.57635736e-01]	[6.00000000e+00 1.61832422e+03 3.45089691e+02 8.69128346e-01]	[  7.         837.84106445 333.59436035   0.87563658]		0.hdf5	44
74	/data/1_users/pezoldt/man_annotation/stripy/v1/NG039/NG039_P1_CC1/44_1.hdf5	44_1	None	None	stripy_nucleus	0		[6.00000000e+00 1.61832422e+03 3.45089691e+02 8.69128346e-01]	[1.00000000e+00 1.05779953e+03 2.41700699e+02 8.57635736e-01]	[6.00000000e+00 1.61832422e+03 3.45089691e+02 8.69128346e-01]	[  7.         837.84106445 333.59436035   0.87563658]		1.hdf5	44
75	/data/1_users/pezoldt/man_annotation/stripy/v1/NG039/NG039_P1_CC1/44_2.hdf5	44_2	None	None	Undefined	0		[  7.         837.84106445 333.59436035   0.87563658]	[1.00000000e+00 1.05779953e+03 2.41700699e+02 8.57635736e-01]	[6.00000000e+00 1.61832422e+03 3.45089691e+02 8.69128346e-01]	[  7.         837.84106445 333.59436035   0.87563658]		2.hdf5	44
76	/data/1_users/pezoldt/man_annotation/stripy/v1/NG039/NG039_P1_CC1/45_0.hdf5	45_0	None	None	Undefined	0		[0.00000000e+00 1.06290750e+03 2.50950043e+02 8.51842165e-01]	[0.00000000e+00 1.06290750e+03 2.50950043e+02 8.51842165e-01]	[  3.         679.87664795 280.42163086   0.86656934]			0.hdf5	45
77	/data/1_users/pezoldt/man_annotation/stripy/v1/NG039/NG039_P1_CC1/45_1.hdf5	45_1	None	None	Undefined	0		[  3.         679.87664795 280.42163086   0.86656934]	[0.00000000e+00 1.06290750e+03 2.50950043e+02 8.51842165e-01]	[  3.         679.87664795 280.42163086   0.86656934]			1.hdf5	45
78	/data/1_users/pezoldt/man_annotation/stripy/v1/NG039/NG039_P1_CC1/46_0.hdf5	46_0	None	None	Undefined	0		[0.00000000e+00 1.06234949e+03 2.50171677e+02 8.45703304e-01]	[0.00000000e+00 1.06234949e+03 2.50171677e+02 8.45703304e-01]	[  6.         470.73376465 171.88803101   0.88655555]			0.hdf5	46
79	/data/1_users/pezoldt/man_annotation/stripy/v1/NG039/NG039_P1_CC1/46_1.hdf5	46_1	None	None	normi_circle	0		[  6.         470.73376465 171.88803101   0.88655555]	[0.00000000e+00 1.06234949e+03 2.50171677e+02 8.45703304e-01]	[  6.         470.73376465 171.88803101   0.88655555]			1.hdf5	46
80	/data/1_users/pezoldt/man_annotation/stripy/v1/NG039/NG039_P1_CC1/47_0.hdf5	47_0	None	None	Undefined	0		[0.00000000e+00 1.06225159e+03 2.48056152e+02 8.34659457e-01]	[0.00000000e+00 1.06225159e+03 2.48056152e+02 8.34659457e-01]	[  3.         626.99108887 190.4500885    0.86893815]			0.hdf5	47
81	/data/1_users/pezoldt/man_annotation/stripy/v1/NG039/NG039_P1_CC1/47_1.hdf5	47_1	None	None	Undefined	0		[  3.         626.99108887 190.4500885    0.86893815]	[0.00000000e+00 1.06225159e+03 2.48056152e+02 8.34659457e-01]	[  3.         626.99108887 190.4500885    0.86893815]			1.hdf5	47
82	/data/1_users/pezoldt/man_annotation/stripy/v1/NG039/NG039_P1_CC1/48_0.hdf5	48_0	None	None	Undefined	0		[0.00000000e+00 1.06236938e+03 2.47241760e+02 8.64998341e-01]	[0.00000000e+00 1.06236938e+03 2.47241760e+02 8.64998341e-01]	[3.00000000e+00 9.22721252e+02 3.62628540e+02 8.68034601e-01]			0.hdf5	48
83	/data/1_users/pezoldt/man_annotation/stripy/v1/NG039/NG039_P1_CC1/48_1.hdf5	48_1	None	None	normi_circle	0		[3.00000000e+00 9.22721252e+02 3.62628540e+02 8.68034601e-01]	[0.00000000e+00 1.06236938e+03 2.47241760e+02 8.64998341e-01]	[3.00000000e+00 9.22721252e+02 3.62628540e+02 8.68034601e-01]			1.hdf5	48
84	/data/1_users/pezoldt/man_annotation/stripy/v1/NG039/NG039_P1_CC1/49_0.hdf5	49_0	None	None	Undefined	0		[0.00000000e+00 1.06258264e+03 2.48674286e+02 8.54795218e-01]	[0.00000000e+00 1.06258264e+03 2.48674286e+02 8.54795218e-01]	[ 10.         542.5771637  163.29174805   0.86424762]			0.hdf5	49
85	/data/1_users/pezoldt/man_annotation/stripy/v1/NG039/NG039_P1_CC1/49_1.hdf5	49_1	None	None	Undefined	0		[ 10.         542.5771637  163.29174805   0.86424762]	[0.00000000e+00 1.06258264e+03 2.48674286e+02 8.54795218e-01]	[ 10.         542.5771637  163.29174805   0.86424762]			1.hdf5	49
4	/data/1_users/pezoldt/man_annotation/stripy/v1/NG039/NG039_P1_CC1/4_0.hdf5	4_0	None	None	normi_circle	0	[1.20000000e+01 1.06784485e+03 2.25711121e+02 8.61742496e-01]	[1.20000000e+01 1.06784485e+03 2.25711121e+02 8.61742496e-01]					0.hdf5	4
86	/data/1_users/pezoldt/man_annotation/stripy/v1/NG039/NG039_P1_CC1/50_0.hdf5	50_0	None	None	Undefined	0		[0.00000000e+00 1.06291052e+03 2.49972809e+02 8.59574676e-01]	[0.00000000e+00 1.06291052e+03 2.49972809e+02 8.59574676e-01]	[4.00000000e+00 8.85324524e+02 3.06619873e+02 8.71870339e-01]			0.hdf5	50
87	/data/1_users/pezoldt/man_annotation/stripy/v1/NG039/NG039_P1_CC1/50_1.hdf5	50_1	None	None	stripy_nucleus	0		[4.00000000e+00 8.85324524e+02 3.06619873e+02 8.71870339e-01]	[0.00000000e+00 1.06291052e+03 2.49972809e+02 8.59574676e-01]	[4.00000000e+00 8.85324524e+02 3.06619873e+02 8.71870339e-01]			1.hdf5	50
88	/data/1_users/pezoldt/man_annotation/stripy/v1/NG039/NG039_P1_CC1/51_0.hdf5	51_0	None	None	Undefined	0		[0.00000000e+00 1.06271692e+03 2.50951965e+02 8.73122573e-01]	[0.00000000e+00 1.06271692e+03 2.50951965e+02 8.73122573e-01]	[1.00000000e+01 1.06620435e+03 3.36356567e+02 8.82460177e-01]			0.hdf5	51
89	/data/1_users/pezoldt/man_annotation/stripy/v1/NG039/NG039_P1_CC1/51_1.hdf5	51_1	None	None	Undefined	0		[1.00000000e+01 1.06620435e+03 3.36356567e+02 8.82460177e-01]	[0.00000000e+00 1.06271692e+03 2.50951965e+02 8.73122573e-01]	[1.00000000e+01 1.06620435e+03 3.36356567e+02 8.82460177e-01]			1.hdf5	51
90	/data/1_users/pezoldt/man_annotation/stripy/v1/NG039/NG039_P1_CC1/52_0.hdf5	52_0	None	None	Undefined	0		[1.00000000e+00 1.06213892e+03 2.52349991e+02 8.56613100e-01]	[1.00000000e+00 1.06213892e+03 2.52349991e+02 8.56613100e-01]	[4.00000000e+00 9.09870789e+02 3.38356689e+02 8.67792308e-01]			0.hdf5	52
91	/data/1_users/pezoldt/man_annotation/stripy/v1/NG039/NG039_P1_CC1/52_1.hdf5	52_1	None	None	stripy_nucleus	0		[4.00000000e+00 9.09870789e+02 3.38356689e+02 8.67792308e-01]	[1.00000000e+00 1.06213892e+03 2.52349991e+02 8.56613100e-01]	[4.00000000e+00 9.09870789e+02 3.38356689e+02 8.67792308e-01]			1.hdf5	52
92	/data/1_users/pezoldt/man_annotation/stripy/v1/NG039/NG039_P1_CC1/53_0.hdf5	53_0	None	None	stripy_nucleus	0	[  4.         502.63476562 316.85415649   0.87890732]	[  4.         502.63476562 316.85415649   0.87890732]					0.hdf5	53
93	/data/1_users/pezoldt/man_annotation/stripy/v1/NG039/NG039_P1_CC1/54_0.hdf5	54_0	None	None	Undefined	0		[1.00000000e+00 1.06094202e+03 2.56531342e+02 8.93946290e-01]	[1.00000000e+00 1.06094202e+03 2.56531342e+02 8.93946290e-01]	[1.10000000e+01 1.18593127e+03 3.11163513e+02 8.61410260e-01]			0.hdf5	54
94	/data/1_users/pezoldt/man_annotation/stripy/v1/NG039/NG039_P1_CC1/54_1.hdf5	54_1	None	None	Undefined	0		[1.10000000e+01 1.18593127e+03 3.11163513e+02 8.61410260e-01]	[1.00000000e+00 1.06094202e+03 2.56531342e+02 8.93946290e-01]	[1.10000000e+01 1.18593127e+03 3.11163513e+02 8.61410260e-01]			1.hdf5	54
95	/data/1_users/pezoldt/man_annotation/stripy/v1/NG039/NG039_P1_CC1/55_0.hdf5	55_0	None	None	Undefined	0	[  4.         790.68249512 360.82891846   0.87577635]	[  4.         790.68249512 360.82891846   0.87577635]					0.hdf5	55
96	/data/1_users/pezoldt/man_annotation/stripy/v1/NG039/NG039_P1_CC1/56_0.hdf5	56_0	None	None	Undefined	0		[1.00000000e+00 1.05893787e+03 2.40270569e+02 8.13448846e-01]	[1.00000000e+00 1.05893787e+03 2.40270569e+02 8.13448846e-01]	[  7.         620.17486572 211.26042175   0.87709415]			0.hdf5	56
97	/data/1_users/pezoldt/man_annotation/stripy/v1/NG039/NG039_P1_CC1/56_1.hdf5	56_1	None	None	Undefined	0		[  7.         620.17486572 211.26042175   0.87709415]	[1.00000000e+00 1.05893787e+03 2.40270569e+02 8.13448846e-01]	[  7.         620.17486572 211.26042175   0.87709415]			1.hdf5	56
98	/data/1_users/pezoldt/man_annotation/stripy/v1/NG039/NG039_P1_CC1/57_0.hdf5	57_0	None	None	Undefined	0	[  5.         309.59442139 220.54763794   0.86994821]	[  5.         309.59442139 220.54763794   0.86994821]					0.hdf5	57
99	/data/1_users/pezoldt/man_annotation/stripy/v1/NG039/NG039_P1_CC1/58_0.hdf5	58_0	None	None	Undefined	0	[0.00000000e+00 1.06070447e+03 2.43790375e+02 8.09679627e-01]	[0.00000000e+00 1.06070447e+03 2.43790375e+02 8.09679627e-01]					0.hdf5	58
100	/data/1_users/pezoldt/man_annotation/stripy/v1/NG039/NG039_P1_CC1/59_0.hdf5	59_0	None	None	Undefined	0		[1.00000000e+00 1.06179764e+03 2.46599213e+02 8.12696159e-01]	[1.00000000e+00 1.06179764e+03 2.46599213e+02 8.12696159e-01]	[  5.         377.10748291 263.22787476   0.86687744]			0.hdf5	59
101	/data/1_users/pezoldt/man_annotation/stripy/v1/NG039/NG039_P1_CC1/59_1.hdf5	59_1	None	None	Undefined	0		[  5.         377.10748291 263.22787476   0.86687744]	[1.00000000e+00 1.06179764e+03 2.46599213e+02 8.12696159e-01]	[  5.         377.10748291 263.22787476   0.86687744]			1.hdf5	59
5	/data/1_users/pezoldt/man_annotation/stripy/v1/NG039/NG039_P1_CC1/5_0.hdf5	5_0	None	None	normi_circle	0	[1.20000000e+01 8.89028687e+02 1.71736725e+02 8.69101346e-01]	[1.20000000e+01 8.89028687e+02 1.71736725e+02 8.69101346e-01]					0.hdf5	5
102	/data/1_users/pezoldt/man_annotation/stripy/v1/NG039/NG039_P1_CC1/60_0.hdf5	60_0	None	None	Undefined	0		[0.00000000e+00 1.06234180e+03 2.45424988e+02 8.06119680e-01]	[0.00000000e+00 1.06234180e+03 2.45424988e+02 8.06119680e-01]	[  7.         452.13748169 283.37667847   0.87767357]			0.hdf5	60
103	/data/1_users/pezoldt/man_annotation/stripy/v1/NG039/NG039_P1_CC1/60_1.hdf5	60_1	None	None	Undefined	0		[  7.         452.13748169 283.37667847   0.87767357]	[0.00000000e+00 1.06234180e+03 2.45424988e+02 8.06119680e-01]	[  7.         452.13748169 283.37667847   0.87767357]			1.hdf5	60
104	/data/1_users/pezoldt/man_annotation/stripy/v1/NG039/NG039_P1_CC1/61_0.hdf5	61_0	None	None	Undefined	0		[0.00000000e+00 1.06214719e+03 2.46352203e+02 8.65208447e-01]	[0.00000000e+00 1.06214719e+03 2.46352203e+02 8.65208447e-01]	[7.00000000e+00 1.14853003e+03 3.62953064e+02 8.82110238e-01]			0.hdf5	61
105	/data/1_users/pezoldt/man_annotation/stripy/v1/NG039/NG039_P1_CC1/61_1.hdf5	61_1	None	None	Undefined	0		[7.00000000e+00 1.14853003e+03 3.62953064e+02 8.82110238e-01]	[0.00000000e+00 1.06214719e+03 2.46352203e+02 8.65208447e-01]	[7.00000000e+00 1.14853003e+03 3.62953064e+02 8.82110238e-01]			1.hdf5	61
106	/data/1_users/pezoldt/man_annotation/stripy/v1/NG039/NG039_P1_CC1/62_0.hdf5	62_0	None	None	Undefined	0		[0.00000000e+00 1.06107031e+03 2.42371277e+02 8.00552130e-01]	[0.00000000e+00 1.06107031e+03 2.42371277e+02 8.00552130e-01]	[  4.          90.83256721 274.49023438   0.86696345]			0.hdf5	62
107	/data/1_users/pezoldt/man_annotation/stripy/v1/NG039/NG039_P1_CC1/62_1.hdf5	62_1	None	None	Undefined	0		[  4.          90.83256721 274.49023438   0.86696345]	[0.00000000e+00 1.06107031e+03 2.42371277e+02 8.00552130e-01]	[  4.          90.83256721 274.49023438   0.86696345]			1.hdf5	62
108	/data/1_users/pezoldt/man_annotation/stripy/v1/NG039/NG039_P1_CC1/63_0.hdf5	63_0	None	None	Undefined	0	[  8.         752.51263428 320.02017212   0.88416803]	[  8.         752.51263428 320.02017212   0.88416803]					0.hdf5	63
109	/data/1_users/pezoldt/man_annotation/stripy/v1/NG039/NG039_P1_CC1/64_0.hdf5	64_0	None	None	Undefined	0		[0.00000000e+00 1.06056741e+03 2.44821106e+02 8.57369721e-01]	[0.00000000e+00 1.06056741e+03 2.44821106e+02 8.57369721e-01]	[1.00000000e+01 1.15870093e+03 2.11536865e+02 8.89618337e-01]			0.hdf5	64
110	/data/1_users/pezoldt/man_annotation/stripy/v1/NG039/NG039_P1_CC1/64_1.hdf5	64_1	None	None	stripy_nucleus	0		[1.00000000e+01 1.15870093e+03 2.11536865e+02 8.89618337e-01]	[0.00000000e+00 1.06056741e+03 2.44821106e+02 8.57369721e-01]	[1.00000000e+01 1.15870093e+03 2.11536865e+02 8.89618337e-01]			1.hdf5	64
111	/data/1_users/pezoldt/man_annotation/stripy/v1/NG039/NG039_P1_CC1/65_0.hdf5	65_0	None	None	Undefined	0	[  3.         581.47595215 266.5111084    0.88606894]	[  3.         581.47595215 266.5111084    0.88606894]					0.hdf5	65
112	/data/1_users/pezoldt/man_annotation/stripy/v1/NG039/NG039_P1_CC1/66_0.hdf5	66_0	None	None	Undefined	0	[  5.         241.45095825 299.32861328   0.855784  ]	[  5.         241.45095825 299.32861328   0.855784  ]					0.hdf5	66
113	/data/1_users/pezoldt/man_annotation/stripy/v1/NG039/NG039_P1_CC1/67_0.hdf5	67_0	None	None	Undefined	0	[  5.         814.76013184 352.55709839   0.87714124]	[  5.         814.76013184 352.55709839   0.87714124]					0.hdf5	67
114	/data/1_users/pezoldt/man_annotation/stripy/v1/NG039/NG039_P1_CC1/68_0.hdf5	68_0	None	None	normi_demicircle	0	[4.00000000e+00 9.10177856e+02 3.40788452e+02 8.64315510e-01]	[4.00000000e+00 9.10177856e+02 3.40788452e+02 8.64315510e-01]					0.hdf5	68
115	/data/1_users/pezoldt/man_annotation/stripy/v1/NG039/NG039_P1_CC1/69_0.hdf5	69_0	None	None	Undefined	0	[  6.         426.512146   252.01931763   0.87638664]	[  6.         426.512146   252.01931763   0.87638664]					0.hdf5	69
6	/data/1_users/pezoldt/man_annotation/stripy/v1/NG039/NG039_P1_CC1/6_0.hdf5	6_0	None	None	Undefined	0	[6.00000000e+00 1.36397314e+03 3.26776703e+02 8.62841427e-01]	[6.00000000e+00 1.36397314e+03 3.26776703e+02 8.62841427e-01]					0.hdf5	6
116	/data/1_users/pezoldt/man_annotation/stripy/v1/NG039/NG039_P1_CC1/70_0.hdf5	70_0	None	None	stripy_nucleus	0	[3.00000000e+00 9.09079224e+02 3.31982269e+02 8.72059107e-01]	[3.00000000e+00 9.09079224e+02 3.31982269e+02 8.72059107e-01]					0.hdf5	70
117	/data/1_users/pezoldt/man_annotation/stripy/v1/NG039/NG039_P1_CC1/71_0.hdf5	71_0	None	None	stripy_nucleus	0	[  3.         587.30297852 157.62667847   0.87150031]	[  3.         587.30297852 157.62667847   0.87150031]					0.hdf5	71
118	/data/1_users/pezoldt/man_annotation/stripy/v1/NG039/NG039_P1_CC1/72_0.hdf5	72_0	None	None	Undefined	0		[1.00000000e+00 1.06154883e+03 2.47845520e+02 8.27086806e-01]	[1.00000000e+00 1.06154883e+03 2.47845520e+02 8.27086806e-01]	[  2.         759.85473633 338.87762451   0.8771013 ]			0.hdf5	72
119	/data/1_users/pezoldt/man_annotation/stripy/v1/NG039/NG039_P1_CC1/72_1.hdf5	72_1	None	None	Undefined	0		[  2.         759.85473633 338.87762451   0.8771013 ]	[1.00000000e+00 1.06154883e+03 2.47845520e+02 8.27086806e-01]	[  2.         759.85473633 338.87762451   0.8771013 ]			1.hdf5	72
120	/data/1_users/pezoldt/man_annotation/stripy/v1/NG039/NG039_P1_CC1/73_0.hdf5	73_0	None	None	normi_circle	0	[  1.         692.92993164 295.80813599   0.86862981]	[  1.         692.92993164 295.80813599   0.86862981]					0.hdf5	73
121	/data/1_users/pezoldt/man_annotation/stripy/v1/NG039/NG039_P1_CC1/74_0.hdf5	74_0	None	None	stripy_nucleus	0	[4.00000000e+00 1.18906555e+03 3.18965576e+02 8.85284781e-01]	[4.00000000e+00 1.18906555e+03 3.18965576e+02 8.85284781e-01]					0.hdf5	74
122	/data/1_users/pezoldt/man_annotation/stripy/v1/NG039/NG039_P1_CC1/75_0.hdf5	75_0	None	None	stripy_nucleus	0	[3.00000000e+00 9.18982422e+02 3.49209412e+02 8.78729761e-01]	[3.00000000e+00 9.18982422e+02 3.49209412e+02 8.78729761e-01]					0.hdf5	75
123	/data/1_users/pezoldt/man_annotation/stripy/v1/NG039/NG039_P1_CC1/76_0.hdf5	76_0	None	None	Undefined	0		[0.00000000e+00 1.05577283e+03 2.43192780e+02 8.62719238e-01]	[0.00000000e+00 1.05577283e+03 2.43192780e+02 8.62719238e-01]	[2.00000000e+00 8.81791260e+02 3.52100464e+02 8.67739260e-01]			0.hdf5	76
124	/data/1_users/pezoldt/man_annotation/stripy/v1/NG039/NG039_P1_CC1/76_1.hdf5	76_1	None	None	normi_circle	0		[2.00000000e+00 8.81791260e+02 3.52100464e+02 8.67739260e-01]	[0.00000000e+00 1.05577283e+03 2.43192780e+02 8.62719238e-01]	[2.00000000e+00 8.81791260e+02 3.52100464e+02 8.67739260e-01]			1.hdf5	76
125	/data/1_users/pezoldt/man_annotation/stripy/v1/NG039/NG039_P1_CC1/77_0.hdf5	77_0	None	None	Undefined	0		[0.00000000e+00 1.05477295e+03 2.37903748e+02 8.81177604e-01]	[0.00000000e+00 1.05477295e+03 2.37903748e+02 8.81177604e-01]	[2.00000000e+00 1.03111526e+03 3.50202576e+02 8.71135294e-01]			0.hdf5	77
126	/data/1_users/pezoldt/man_annotation/stripy/v1/NG039/NG039_P1_CC1/77_1.hdf5	77_1	None	None	normi_circle	0		[2.00000000e+00 1.03111526e+03 3.50202576e+02 8.71135294e-01]	[0.00000000e+00 1.05477295e+03 2.37903748e+02 8.81177604e-01]	[2.00000000e+00 1.03111526e+03 3.50202576e+02 8.71135294e-01]			1.hdf5	77
127	/data/1_users/pezoldt/man_annotation/stripy/v1/NG039/NG039_P1_CC1/78_0.hdf5	78_0	None	None	Undefined	0		[0.00000000e+00 1.05690213e+03 2.37378815e+02 8.85777056e-01]	[0.00000000e+00 1.05690213e+03 2.37378815e+02 8.85777056e-01]	[  2.         814.83099365 259.41894531   0.87108201]	[1.00000000e+01 1.19493921e+03 3.11806091e+02 8.88942420e-01]		0.hdf5	78
128	/data/1_users/pezoldt/man_annotation/stripy/v1/NG039/NG039_P1_CC1/78_1.hdf5	78_1	None	None	normi_circle	0		[  2.         814.83099365 259.41894531   0.87108201]	[0.00000000e+00 1.05690213e+03 2.37378815e+02 8.85777056e-01]	[  2.         814.83099365 259.41894531   0.87108201]	[1.00000000e+01 1.19493921e+03 3.11806091e+02 8.88942420e-01]		1.hdf5	78
129	/data/1_users/pezoldt/man_annotation/stripy/v1/NG039/NG039_P1_CC1/78_2.hdf5	78_2	None	None	stripy_center	0		[1.00000000e+01 1.19493921e+03 3.11806091e+02 8.88942420e-01]	[0.00000000e+00 1.05690213e+03 2.37378815e+02 8.85777056e-01]	[  2.         814.83099365 259.41894531   0.87108201]	[1.00000000e+01 1.19493921e+03 3.11806091e+02 8.88942420e-01]		2.hdf5	78
130	/data/1_users/pezoldt/man_annotation/stripy/v1/NG039/NG039_P1_CC1/79_0.hdf5	79_0	None	None	Undefined	0		[0.00000000e+00 1.05574500e+03 2.37978363e+02 8.49718332e-01]	[0.00000000e+00 1.05574500e+03 2.37978363e+02 8.49718332e-01]	[  6.         607.67584229 279.99243927   0.87804091]			0.hdf5	79
131	/data/1_users/pezoldt/man_annotation/stripy/v1/NG039/NG039_P1_CC1/79_1.hdf5	79_1	None	None	stripy_center	0		[  6.         607.67584229 279.99243927   0.87804091]	[0.00000000e+00 1.05574500e+03 2.37978363e+02 8.49718332e-01]	[  6.         607.67584229 279.99243927   0.87804091]			1.hdf5	79
7	/data/1_users/pezoldt/man_annotation/stripy/v1/NG039/NG039_P1_CC1/7_0.hdf5	7_0	None	None	Undefined	0	[1.00000000e+01 1.06292236e+03 3.14831482e+02 8.41238081e-01]	[1.00000000e+01 1.06292236e+03 3.14831482e+02 8.41238081e-01]					0.hdf5	7
132	/data/1_users/pezoldt/man_annotation/stripy/v1/NG039/NG039_P1_CC1/80_0.hdf5	80_0	None	None	Undefined	0		[0.00000000e+00 1.05897995e+03 2.38979050e+02 8.34581256e-01]	[0.00000000e+00 1.05897995e+03 2.38979050e+02 8.34581256e-01]	[  3.         780.70446777 319.67471313   0.86552554]			0.hdf5	80
133	/data/1_users/pezoldt/man_annotation/stripy/v1/NG039/NG039_P1_CC1/80_1.hdf5	80_1	None	None	normi_circle	0		[  3.         780.70446777 319.67471313   0.86552554]	[0.00000000e+00 1.05897995e+03 2.38979050e+02 8.34581256e-01]	[  3.         780.70446777 319.67471313   0.86552554]			1.hdf5	80
134	/data/1_users/pezoldt/man_annotation/stripy/v1/NG039/NG039_P1_CC1/81_0.hdf5	81_0	None	None	Undefined	0		[0.00000000e+00 1.05648621e+03 2.38791412e+02 8.61743212e-01]	[0.00000000e+00 1.05648621e+03 2.38791412e+02 8.61743212e-01]	[  4.         855.71453857 130.60614395   0.87682432]			0.hdf5	81
135	/data/1_users/pezoldt/man_annotation/stripy/v1/NG039/NG039_P1_CC1/81_1.hdf5	81_1	None	None	normi_circle	0		[  4.         855.71453857 130.60614395   0.87682432]	[0.00000000e+00 1.05648621e+03 2.38791412e+02 8.61743212e-01]	[  4.         855.71453857 130.60614395   0.87682432]			1.hdf5	81
136	/data/1_users/pezoldt/man_annotation/stripy/v1/NG039/NG039_P1_CC1/82_0.hdf5	82_0	None	None	Undefined	0		[0.00000000e+00 1.05918005e+03 2.39826843e+02 8.02234709e-01]	[0.00000000e+00 1.05918005e+03 2.39826843e+02 8.02234709e-01]	[  4.         725.1361084  267.8338089    0.88151425]			0.hdf5	82
137	/data/1_users/pezoldt/man_annotation/stripy/v1/NG039/NG039_P1_CC1/82_1.hdf5	82_1	None	None	stripy_center	0		[  4.         725.1361084  267.8338089    0.88151425]	[0.00000000e+00 1.05918005e+03 2.39826843e+02 8.02234709e-01]	[  4.         725.1361084  267.8338089    0.88151425]			1.hdf5	82
138	/data/1_users/pezoldt/man_annotation/stripy/v1/NG039/NG039_P1_CC1/83_0.hdf5	83_0	None	None	Undefined	0		[  3.          33.41529465 230.17048645   0.87145615]	[  3.          33.41529465 230.17048645   0.87145615]	[  5.          80.34117126 234.66706848   0.86377317]			0.hdf5	83
139	/data/1_users/pezoldt/man_annotation/stripy/v1/NG039/NG039_P1_CC1/83_1.hdf5	83_1	None	None	Undefined	0		[  5.          80.34117126 234.66706848   0.86377317]	[  3.          33.41529465 230.17048645   0.87145615]	[  5.          80.34117126 234.66706848   0.86377317]			1.hdf5	83
140	/data/1_users/pezoldt/man_annotation/stripy/v1/NG039/NG039_P1_CC1/84_0.hdf5	84_0	None	None	stripy_nucleus	0	[  3.         824.01776123 330.74325562   0.87578285]	[  3.         824.01776123 330.74325562   0.87578285]					0.hdf5	84
141	/data/1_users/pezoldt/man_annotation/stripy/v1/NG039/NG039_P1_CC1/85_0.hdf5	85_0	None	None	Undefined	0		[0.00000000e+00 1.06427942e+03 2.46901520e+02 8.49680126e-01]	[0.00000000e+00 1.06427942e+03 2.46901520e+02 8.49680126e-01]	[  6.         639.34057617 303.01647949   0.87351424]			0.hdf5	85
142	/data/1_users/pezoldt/man_annotation/stripy/v1/NG039/NG039_P1_CC1/85_1.hdf5	85_1	None	None	Undefined	0		[  6.         639.34057617 303.01647949   0.87351424]	[0.00000000e+00 1.06427942e+03 2.46901520e+02 8.49680126e-01]	[  6.         639.34057617 303.01647949   0.87351424]			1.hdf5	85
143	/data/1_users/pezoldt/man_annotation/stripy/v1/NG039/NG039_P1_CC1/86_0.hdf5	86_0	None	None	Undefined	0		[0.00000000e+00 1.06253882e+03 2.47720535e+02 8.92320156e-01]	[0.00000000e+00 1.06253882e+03 2.47720535e+02 8.92320156e-01]	[  4.         522.453125   275.07583618   0.87750965]			0.hdf5	86
144	/data/1_users/pezoldt/man_annotation/stripy/v1/NG039/NG039_P1_CC1/86_1.hdf5	86_1	None	None	Undefined	0		[  4.         522.453125   275.07583618   0.87750965]	[0.00000000e+00 1.06253882e+03 2.47720535e+02 8.92320156e-01]	[  4.         522.453125   275.07583618   0.87750965]			1.hdf5	86
145	/data/1_users/pezoldt/man_annotation/stripy/v1/NG039/NG039_P1_CC1/87_0.hdf5	87_0	None	None	Undefined	0		[0.00000000e+00 1.05441492e+03 2.35298218e+02 8.80817592e-01]	[0.00000000e+00 1.05441492e+03 2.35298218e+02 8.80817592e-01]	[  8.         805.35302734 307.26156616   0.87156886]			0.hdf5	87
146	/data/1_users/pezoldt/man_annotation/stripy/v1/NG039/NG039_P1_CC1/87_1.hdf5	87_1	None	None	Undefined	0		[  8.         805.35302734 307.26156616   0.87156886]	[0.00000000e+00 1.05441492e+03 2.35298218e+02 8.80817592e-01]	[  8.         805.35302734 307.26156616   0.87156886]			1.hdf5	87
147	/data/1_users/pezoldt/man_annotation/stripy/v1/NG039/NG039_P1_CC1/88_0.hdf5	88_0	None	None	Undefined	0		[0.00000000e+00 1.05838843e+03 2.38051788e+02 8.81097078e-01]	[0.00000000e+00 1.05838843e+03 2.38051788e+02 8.81097078e-01]	[2.00000000e+00 1.10854541e+03 3.55625061e+02 8.64824414e-01]			0.hdf5	88
148	/data/1_users/pezoldt/man_annotation/stripy/v1/NG039/NG039_P1_CC1/88_1.hdf5	88_1	None	None	Undefined	0		[2.00000000e+00 1.10854541e+03 3.55625061e+02 8.64824414e-01]	[0.00000000e+00 1.05838843e+03 2.38051788e+02 8.81097078e-01]	[2.00000000e+00 1.10854541e+03 3.55625061e+02 8.64824414e-01]			1.hdf5	88
149	/data/1_users/pezoldt/man_annotation/stripy/v1/NG039/NG039_P1_CC1/89_0.hdf5	89_0	None	None	Undefined	0		[0.00000000e+00 1.05603439e+03 2.35812042e+02 8.80385160e-01]	[0.00000000e+00 1.05603439e+03 2.35812042e+02 8.80385160e-01]	[  4.         848.83782959 338.58868408   0.8744154 ]			0.hdf5	89
150	/data/1_users/pezoldt/man_annotation/stripy/v1/NG039/NG039_P1_CC1/89_1.hdf5	89_1	None	None	normi_circle	0		[  4.         848.83782959 338.58868408   0.8744154 ]	[0.00000000e+00 1.05603439e+03 2.35812042e+02 8.80385160e-01]	[  4.         848.83782959 338.58868408   0.8744154 ]			1.hdf5	89
8	/data/1_users/pezoldt/man_annotation/stripy/v1/NG039/NG039_P1_CC1/8_0.hdf5	8_0	None	None	Undefined	0	[5.00000000e+00 1.20085913e+03 3.40096985e+02 8.70607495e-01]	[5.00000000e+00 1.20085913e+03 3.40096985e+02 8.70607495e-01]					0.hdf5	8
151	/data/1_users/pezoldt/man_annotation/stripy/v1/NG039/NG039_P1_CC1/90_0.hdf5	90_0	None	None	Undefined	0		[0.00000000e+00 1.05862888e+03 2.37080795e+02 8.66073549e-01]	[0.00000000e+00 1.05862888e+03 2.37080795e+02 8.66073549e-01]	[  5.         393.60644531 151.08499146   0.87015218]			0.hdf5	90
152	/data/1_users/pezoldt/man_annotation/stripy/v1/NG039/NG039_P1_CC1/90_1.hdf5	90_1	None	None	Undefined	0		[  5.         393.60644531 151.08499146   0.87015218]	[0.00000000e+00 1.05862888e+03 2.37080795e+02 8.66073549e-01]	[  5.         393.60644531 151.08499146   0.87015218]			1.hdf5	90
153	/data/1_users/pezoldt/man_annotation/stripy/v1/NG039/NG039_P1_CC1/91_0.hdf5	91_0	None	None	Undefined	0		[0.00000000e+00 1.05965945e+03 2.36962753e+02 8.72982562e-01]	[0.00000000e+00 1.05965945e+03 2.36962753e+02 8.72982562e-01]	[  2.         471.14245605 189.29502869   0.87997711]			0.hdf5	91
154	/data/1_users/pezoldt/man_annotation/stripy/v1/NG039/NG039_P1_CC1/91_1.hdf5	91_1	None	None	Undefined	0		[  2.         471.14245605 189.29502869   0.87997711]	[0.00000000e+00 1.05965945e+03 2.36962753e+02 8.72982562e-01]	[  2.         471.14245605 189.29502869   0.87997711]			1.hdf5	91
155	/data/1_users/pezoldt/man_annotation/stripy/v1/NG039/NG039_P1_CC1/92_0.hdf5	92_0	None	None	Undefined	0		[0.00000000e+00 1.05597107e+03 2.35272415e+02 8.79880130e-01]	[0.00000000e+00 1.05597107e+03 2.35272415e+02 8.79880130e-01]	[4.00000000e+00 1.38290112e+03 3.48821594e+02 8.89629722e-01]			0.hdf5	92
156	/data/1_users/pezoldt/man_annotation/stripy/v1/NG039/NG039_P1_CC1/92_1.hdf5	92_1	None	None	stripy_center	0		[4.00000000e+00 1.38290112e+03 3.48821594e+02 8.89629722e-01]	[0.00000000e+00 1.05597107e+03 2.35272415e+02 8.79880130e-01]	[4.00000000e+00 1.38290112e+03 3.48821594e+02 8.89629722e-01]			1.hdf5	92
157	/data/1_users/pezoldt/man_annotation/stripy/v1/NG039/NG039_P1_CC1/93_0.hdf5	93_0	None	None	Undefined	0		[0.00000000e+00 1.05753552e+03 2.34663391e+02 8.81393194e-01]	[0.00000000e+00 1.05753552e+03 2.34663391e+02 8.81393194e-01]	[  2.         757.04516602 220.60804749   0.87690049]			0.hdf5	93
158	/data/1_users/pezoldt/man_annotation/stripy/v1/NG039/NG039_P1_CC1/93_1.hdf5	93_1	None	None	Undefined	0		[  2.         757.04516602 220.60804749   0.87690049]	[0.00000000e+00 1.05753552e+03 2.34663391e+02 8.81393194e-01]	[  2.         757.04516602 220.60804749   0.87690049]			1.hdf5	93
159	/data/1_users/pezoldt/man_annotation/stripy/v1/NG039/NG039_P1_CC1/94_0.hdf5	94_0	None	None	Undefined	0		[0.00000000e+00 1.05919800e+03 2.36231354e+02 8.83192003e-01]	[0.00000000e+00 1.05919800e+03 2.36231354e+02 8.83192003e-01]	[9.00000000e+00 1.20290112e+03 3.18608032e+02 8.77531111e-01]			0.hdf5	94
160	/data/1_users/pezoldt/man_annotation/stripy/v1/NG039/NG039_P1_CC1/94_1.hdf5	94_1	None	None	stripy_center	0		[9.00000000e+00 1.20290112e+03 3.18608032e+02 8.77531111e-01]	[0.00000000e+00 1.05919800e+03 2.36231354e+02 8.83192003e-01]	[9.00000000e+00 1.20290112e+03 3.18608032e+02 8.77531111e-01]			1.hdf5	94
161	/data/1_users/pezoldt/man_annotation/stripy/v1/NG039/NG039_P1_CC1/95_0.hdf5	95_0	None	None	Undefined	0		[0.00000000e+00 1.06227975e+03 2.42155182e+02 8.82309675e-01]	[0.00000000e+00 1.06227975e+03 2.42155182e+02 8.82309675e-01]	[  3.         879.00494385 351.09436035   0.88442206]			0.hdf5	95
162	/data/1_users/pezoldt/man_annotation/stripy/v1/NG039/NG039_P1_CC1/95_1.hdf5	95_1	None	None	Undefined	0		[  3.         879.00494385 351.09436035   0.88442206]	[0.00000000e+00 1.06227975e+03 2.42155182e+02 8.82309675e-01]	[  3.         879.00494385 351.09436035   0.88442206]			1.hdf5	95
9	/data/1_users/pezoldt/man_annotation/stripy/v1/NG039/NG039_P1_CC1/9_0.hdf5	9_0	None	None	stripy_nucleus	0	[6.00000000e+00 1.12303979e+03 3.47329041e+02 8.72964203e-01]	[6.00000000e+00 1.12303979e+03 3.47329041e+02 8.72964203e-01]					0.hdf5	9
168	/data/1_users/pezoldt/man_annotation/stripy/v1/NG039/NG039_P1_CC3/10_0.hdf5	10_0	None	None	Undefined	0	[  8.         596.92169189 214.40960693   0.87239307]	[  8.         596.92169189 214.40960693   0.87239307]					0.hdf5	10
169	/data/1_users/pezoldt/man_annotation/stripy/v1/NG039/NG039_P1_CC3/11_0.hdf5	11_0	None	None	Undefined	0	[  9.         826.1315918  215.72819519   0.8716886 ]	[  9.         826.1315918  215.72819519   0.8716886 ]					0.hdf5	11
170	/data/1_users/pezoldt/man_annotation/stripy/v1/NG039/NG039_P1_CC3/12_0.hdf5	12_0	None	None	stripy_nucleus	0	[  3.         498.38446045 295.65942383   0.87393314]	[  3.         498.38446045 295.65942383   0.87393314]					0.hdf5	12
171	/data/1_users/pezoldt/man_annotation/stripy/v1/NG039/NG039_P1_CC3/13_0.hdf5	13_0	None	None	stripy_nucleus	0	[  9.         742.13818359 164.55822754   0.87712079]	[  9.         742.13818359 164.55822754   0.87712079]					0.hdf5	13
172	/data/1_users/pezoldt/man_annotation/stripy/v1/NG039/NG039_P1_CC3/14_0.hdf5	14_0	None	None	Undefined	0	[  9.         610.0112915  158.70733643   0.87816989]	[  9.         610.0112915  158.70733643   0.87816989]					0.hdf5	14
173	/data/1_users/pezoldt/man_annotation/stripy/v1/NG039/NG039_P1_CC3/15_0.hdf5	15_0	None	None	Undefined	0	[  9.         734.91796875 163.68167114   0.87427545]	[  9.         734.91796875 163.68167114   0.87427545]					0.hdf5	15
174	/data/1_users/pezoldt/man_annotation/stripy/v1/NG039/NG039_P1_CC3/16_0.hdf5	16_0	None	None	Undefined	0	[  9.         775.97253418 240.64768982   0.90293497]	[  9.         775.97253418 240.64768982   0.90293497]					0.hdf5	16
175	/data/1_users/pezoldt/man_annotation/stripy/v1/NG039/NG039_P1_CC3/17_0.hdf5	17_0	None	None	Undefined	0	[ 10.         691.02502441 193.26521301   0.87153602]	[ 10.         691.02502441 193.26521301   0.87153602]					0.hdf5	17
176	/data/1_users/pezoldt/man_annotation/stripy/v1/NG039/NG039_P1_CC3/18_0.hdf5	18_0	None	None	Undefined	0	[  9.         714.11022949 180.9420166    0.87312883]	[  9.         714.11022949 180.9420166    0.87312883]					0.hdf5	18
163	/data/1_users/pezoldt/man_annotation/stripy/v1/NG039/NG039_P1_CC3/1_0.hdf5	1_0	None	None	stripy_nucleus	0	[  3.         812.59460449 336.00180054   0.88967258]	[  3.         812.59460449 336.00180054   0.88967258]					0.hdf5	1
177	/data/1_users/pezoldt/man_annotation/stripy/v1/NG039/NG039_P1_CC3/20_0.hdf5	20_0	None	None	Undefined	0	[  5.          72.46646309 293.8112793    0.86325073]	[  5.          72.46646309 293.8112793    0.86325073]					0.hdf5	20
178	/data/1_users/pezoldt/man_annotation/stripy/v1/NG039/NG039_P1_CC3/21_0.hdf5	21_0	None	None	Undefined	0	[  3.         130.77151489 173.42405701   0.88581753]	[  3.         130.77151489 173.42405701   0.88581753]					0.hdf5	21
179	/data/1_users/pezoldt/man_annotation/stripy/v1/NG039/NG039_P1_CC3/22_0.hdf5	22_0	None	None	Undefined	0	[  3.         324.03826904 300.2166748    0.87419981]	[  3.         324.03826904 300.2166748    0.87419981]					0.hdf5	22
180	/data/1_users/pezoldt/man_annotation/stripy/v1/NG039/NG039_P1_CC3/23_0.hdf5	23_0	None	None	normi_circle	0	[  9.         716.89868164 236.71630859   0.87120825]	[  9.         716.89868164 236.71630859   0.87120825]					0.hdf5	23
181	/data/1_users/pezoldt/man_annotation/stripy/v1/NG039/NG039_P1_CC3/26_0.hdf5	26_0	None	None	normi_circle	0	[5.00000000e+00 1.55147339e+03 2.49221008e+02 8.61671567e-01]	[5.00000000e+00 1.55147339e+03 2.49221008e+02 8.61671567e-01]					0.hdf5	26
182	/data/1_users/pezoldt/man_annotation/stripy/v1/NG039/NG039_P1_CC3/29_0.hdf5	29_0	None	None	stripy_center	0	[8.00000000e+00 9.34417969e+02 3.11495972e+02 8.73282909e-01]	[8.00000000e+00 9.34417969e+02 3.11495972e+02 8.73282909e-01]					0.hdf5	29
183	/data/1_users/pezoldt/man_annotation/stripy/v1/NG039/NG039_P1_CC3/30_0.hdf5	30_0	None	None	Undefined	0	[9.00000000e+00 1.03538562e+03 1.74059753e+02 8.77626896e-01]	[9.00000000e+00 1.03538562e+03 1.74059753e+02 8.77626896e-01]					0.hdf5	30
184	/data/1_users/pezoldt/man_annotation/stripy/v1/NG039/NG039_P1_CC3/31_0.hdf5	31_0	None	None	Undefined	0	[  4.         533.7286377  244.00524902   0.84505737]	[  4.         533.7286377  244.00524902   0.84505737]					0.hdf5	31
185	/data/1_users/pezoldt/man_annotation/stripy/v1/NG039/NG039_P1_CC3/32_0.hdf5	32_0	None	None	stripy_nucleus	0	[4.00000000e+00 1.20064575e+03 2.95108704e+02 8.81583571e-01]	[4.00000000e+00 1.20064575e+03 2.95108704e+02 8.81583571e-01]					0.hdf5	32
186	/data/1_users/pezoldt/man_annotation/stripy/v1/NG039/NG039_P1_CC3/33_0.hdf5	33_0	None	None	Undefined	0	[9.00000000e+00 1.15379980e+03 2.71754730e+02 8.84150088e-01]	[9.00000000e+00 1.15379980e+03 2.71754730e+02 8.84150088e-01]					0.hdf5	33
187	/data/1_users/pezoldt/man_annotation/stripy/v1/NG039/NG039_P1_CC3/34_0.hdf5	34_0	None	None	Undefined	0	[3.00000000e+00 9.40269897e+02 3.00978424e+02 8.71077180e-01]	[3.00000000e+00 9.40269897e+02 3.00978424e+02 8.71077180e-01]					0.hdf5	34
188	/data/1_users/pezoldt/man_annotation/stripy/v1/NG039/NG039_P1_CC3/35_0.hdf5	35_0	None	None	Undefined	0	[  3.         627.92834473 270.115448     0.87157327]	[  3.         627.92834473 270.115448     0.87157327]					0.hdf5	35
189	/data/1_users/pezoldt/man_annotation/stripy/v1/NG039/NG039_P1_CC3/36_0.hdf5	36_0	None	None	Undefined	0		[8.00000000e+00 1.16022754e+03 2.97278229e+02 8.59979570e-01]	[8.00000000e+00 1.16022754e+03 2.97278229e+02 8.59979570e-01]	[8.00000000e+00 1.38399097e+03 3.45064453e+02 8.34860623e-01]			0.hdf5	36
190	/data/1_users/pezoldt/man_annotation/stripy/v1/NG039/NG039_P1_CC3/36_1.hdf5	36_1	None	None	Undefined	0		[8.00000000e+00 1.38399097e+03 3.45064453e+02 8.34860623e-01]	[8.00000000e+00 1.16022754e+03 2.97278229e+02 8.59979570e-01]	[8.00000000e+00 1.38399097e+03 3.45064453e+02 8.34860623e-01]			1.hdf5	36
191	/data/1_users/pezoldt/man_annotation/stripy/v1/NG039/NG039_P1_CC3/37_0.hdf5	37_0	None	None	normi_circle	0	[  4.         480.22555542 314.98394775   0.86988175]	[  4.         480.22555542 314.98394775   0.86988175]					0.hdf5	37
192	/data/1_users/pezoldt/man_annotation/stripy/v1/NG039/NG039_P1_CC3/38_0.hdf5	38_0	None	None	stripy_nucleus	0	[1.00000000e+01 1.38076465e+03 2.79087044e+02 8.72405946e-01]	[1.00000000e+01 1.38076465e+03 2.79087044e+02 8.72405946e-01]					0.hdf5	38
193	/data/1_users/pezoldt/man_annotation/stripy/v1/NG039/NG039_P1_CC3/39_0.hdf5	39_0	None	None	Undefined	0	[9.00000000e+00 1.44906177e+03 3.41828430e+02 8.66154432e-01]	[9.00000000e+00 1.44906177e+03 3.41828430e+02 8.66154432e-01]					0.hdf5	39
194	/data/1_users/pezoldt/man_annotation/stripy/v1/NG039/NG039_P1_CC3/40_0.hdf5	40_0	None	None	Undefined	0	[  2.         737.97229004 217.97677612   0.86491382]	[  2.         737.97229004 217.97677612   0.86491382]					0.hdf5	40
195	/data/1_users/pezoldt/man_annotation/stripy/v1/NG039/NG039_P1_CC3/41_0.hdf5	41_0	None	None	Undefined	0	[3.00000000e+00 1.09831812e+03 1.46751526e+02 8.72571111e-01]	[3.00000000e+00 1.09831812e+03 1.46751526e+02 8.72571111e-01]					0.hdf5	41
196	/data/1_users/pezoldt/man_annotation/stripy/v1/NG039/NG039_P1_CC3/42_0.hdf5	42_0	None	None	Undefined	0	[  3.          25.45521545 344.22747803   0.8673324 ]	[  3.          25.45521545 344.22747803   0.8673324 ]					0.hdf5	42
197	/data/1_users/pezoldt/man_annotation/stripy/v1/NG039/NG039_P1_CC3/43_0.hdf5	43_0	None	None	Undefined	0	[  8.         854.91143799 173.14923096   0.87006599]	[  8.         854.91143799 173.14923096   0.87006599]					0.hdf5	43
198	/data/1_users/pezoldt/man_annotation/stripy/v1/NG039/NG039_P1_CC3/44_0.hdf5	44_0	None	None	normi_circle	0	[1.00000000e+01 1.16163672e+03 1.55531052e+02 8.71795833e-01]	[1.00000000e+01 1.16163672e+03 1.55531052e+02 8.71795833e-01]					0.hdf5	44
199	/data/1_users/pezoldt/man_annotation/stripy/v1/NG039/NG039_P1_CC3/45_0.hdf5	45_0	None	None	stripy_nucleus	0	[9.00000000e+00 1.02903809e+03 1.63723221e+02 8.78777802e-01]	[9.00000000e+00 1.02903809e+03 1.63723221e+02 8.78777802e-01]					0.hdf5	45
200	/data/1_users/pezoldt/man_annotation/stripy/v1/NG039/NG039_P1_CC3/46_0.hdf5	46_0	None	None	stripy_center	0	[9.00000000e+00 1.23203564e+03 1.93835800e+02 8.68662417e-01]	[9.00000000e+00 1.23203564e+03 1.93835800e+02 8.68662417e-01]					0.hdf5	46
201	/data/1_users/pezoldt/man_annotation/stripy/v1/NG039/NG039_P1_CC3/47_0.hdf5	47_0	None	None	stripy_nucleus	0	[9.00000000e+00 1.09375610e+03 1.91905090e+02 8.78019333e-01]	[9.00000000e+00 1.09375610e+03 1.91905090e+02 8.78019333e-01]					0.hdf5	47
202	/data/1_users/pezoldt/man_annotation/stripy/v1/NG039/NG039_P1_CC3/48_0.hdf5	48_0	None	None	Undefined	0	[8.00000000e+00 1.07758032e+03 1.18398582e+02 8.72321188e-01]	[8.00000000e+00 1.07758032e+03 1.18398582e+02 8.72321188e-01]					0.hdf5	48
203	/data/1_users/pezoldt/man_annotation/stripy/v1/NG039/NG039_P1_CC3/49_0.hdf5	49_0	None	None	normi_circle	0	[  6.         637.43725586 290.44204712   0.87464035]	[  6.         637.43725586 290.44204712   0.87464035]					0.hdf5	49
204	/data/1_users/pezoldt/man_annotation/stripy/v1/NG039/NG039_P1_CC3/50_0.hdf5	50_0	None	None	stripy_nucleus	0	[9.00000000e+00 9.13589111e+02 2.29873459e+02 8.92162323e-01]	[9.00000000e+00 9.13589111e+02 2.29873459e+02 8.92162323e-01]					0.hdf5	50
205	/data/1_users/pezoldt/man_annotation/stripy/v1/NG039/NG039_P1_CC3/52_0.hdf5	52_0	None	None	Undefined	0	[  3.         785.94848633 282.10370636   0.86403161]	[  3.         785.94848633 282.10370636   0.86403161]					0.hdf5	52
206	/data/1_users/pezoldt/man_annotation/stripy/v1/NG039/NG039_P1_CC3/53_0.hdf5	53_0	None	None	stripy_center	0	[7.00000000e+00 9.57454895e+02 3.19478577e+02 8.71402264e-01]	[7.00000000e+00 9.57454895e+02 3.19478577e+02 8.71402264e-01]					0.hdf5	53
207	/data/1_users/pezoldt/man_annotation/stripy/v1/NG039/NG039_P1_CC3/54_0.hdf5	54_0	None	None	Undefined	0	[6.00000000e+00 1.03712317e+03 2.92690765e+02 8.72012436e-01]	[6.00000000e+00 1.03712317e+03 2.92690765e+02 8.72012436e-01]					0.hdf5	54
208	/data/1_users/pezoldt/man_annotation/stripy/v1/NG039/NG039_P1_CC3/55_0.hdf5	55_0	None	None	stripy_nucleus	0	[  4.         835.23120117  99.2403698    0.88402921]	[  4.         835.23120117  99.2403698    0.88402921]					0.hdf5	55
209	/data/1_users/pezoldt/man_annotation/stripy/v1/NG039/NG039_P1_CC3/56_0.hdf5	56_0	None	None	Undefined	0		[  3.         594.68304443 232.10891724   0.87215543]	[  3.         594.68304443 232.10891724   0.87215543]	[8.00000000e+00 1.24459412e+03 3.16771667e+02 8.59189987e-01]			0.hdf5	56
210	/data/1_users/pezoldt/man_annotation/stripy/v1/NG039/NG039_P1_CC3/56_1.hdf5	56_1	None	None	Undefined	0		[8.00000000e+00 1.24459412e+03 3.16771667e+02 8.59189987e-01]	[  3.         594.68304443 232.10891724   0.87215543]	[8.00000000e+00 1.24459412e+03 3.16771667e+02 8.59189987e-01]			1.hdf5	56
211	/data/1_users/pezoldt/man_annotation/stripy/v1/NG039/NG039_P1_CC3/57_0.hdf5	57_0	None	None	stripy_center	0	[9.00000000e+00 1.15282275e+03 2.36803513e+02 8.64702523e-01]	[9.00000000e+00 1.15282275e+03 2.36803513e+02 8.64702523e-01]					0.hdf5	57
212	/data/1_users/pezoldt/man_annotation/stripy/v1/NG039/NG039_P1_CC3/58_0.hdf5	58_0	None	None	Undefined	0	[  2.         415.46362305 214.60797119   0.86497366]	[  2.         415.46362305 214.60797119   0.86497366]					0.hdf5	58
213	/data/1_users/pezoldt/man_annotation/stripy/v1/NG039/NG039_P1_CC3/59_0.hdf5	59_0	None	None	stripy_nucleus	0	[3.00000000e+00 1.02675952e+03 3.06264282e+02 8.72154355e-01]	[3.00000000e+00 1.02675952e+03 3.06264282e+02 8.72154355e-01]					0.hdf5	59
214	/data/1_users/pezoldt/man_annotation/stripy/v1/NG039/NG039_P1_CC3/60_0.hdf5	60_0	None	None	Undefined	0	[  8.         727.8293457  164.99778748   0.85764909]	[  8.         727.8293457  164.99778748   0.85764909]					0.hdf5	60
215	/data/1_users/pezoldt/man_annotation/stripy/v1/NG039/NG039_P1_CC3/61_0.hdf5	61_0	None	None	stripy_center	0	[8.00000000e+00 9.28226074e+02 2.86386162e+02 8.58456016e-01]	[8.00000000e+00 9.28226074e+02 2.86386162e+02 8.58456016e-01]					0.hdf5	61
216	/data/1_users/pezoldt/man_annotation/stripy/v1/NG039/NG039_P1_CC3/62_0.hdf5	62_0	None	None	Undefined	0	[8.00000000e+00 8.80900879e+02 2.55023773e+02 8.71550679e-01]	[8.00000000e+00 8.80900879e+02 2.55023773e+02 8.71550679e-01]					0.hdf5	62
217	/data/1_users/pezoldt/man_annotation/stripy/v1/NG039/NG039_P1_CC3/63_0.hdf5	63_0	None	None	Undefined	0	[8.00000000e+00 9.16437988e+02 1.71584015e+02 8.76226962e-01]	[8.00000000e+00 9.16437988e+02 1.71584015e+02 8.76226962e-01]					0.hdf5	63
218	/data/1_users/pezoldt/man_annotation/stripy/v1/NG039/NG039_P1_CC3/64_0.hdf5	64_0	None	None	normi_circle	0	[  2.         792.78552246 316.32543945   0.86610186]	[  2.         792.78552246 316.32543945   0.86610186]					0.hdf5	64
219	/data/1_users/pezoldt/man_annotation/stripy/v1/NG039/NG039_P1_CC3/65_0.hdf5	65_0	None	None	Undefined	0	[ 10.         560.5949707  312.09973145   0.87337846]	[ 10.         560.5949707  312.09973145   0.87337846]					0.hdf5	65
220	/data/1_users/pezoldt/man_annotation/stripy/v1/NG039/NG039_P1_CC3/66_0.hdf5	66_0	None	None	Undefined	0	[ 11.         662.48547363 331.03570557   0.86860192]	[ 11.         662.48547363 331.03570557   0.86860192]					0.hdf5	66
221	/data/1_users/pezoldt/man_annotation/stripy/v1/NG039/NG039_P1_CC3/67_0.hdf5	67_0	None	None	Undefined	0	[5.00000000e+00 1.00732190e+03 3.24847656e+02 8.63317311e-01]	[5.00000000e+00 1.00732190e+03 3.24847656e+02 8.63317311e-01]					0.hdf5	67
222	/data/1_users/pezoldt/man_annotation/stripy/v1/NG039/NG039_P1_CC3/69_0.hdf5	69_0	None	None	normi_circle	0	[  9.         459.98925781 279.20657349   0.86843526]	[  9.         459.98925781 279.20657349   0.86843526]					0.hdf5	69
164	/data/1_users/pezoldt/man_annotation/stripy/v1/NG039/NG039_P1_CC3/6_0.hdf5	6_0	None	None	normi_circle	0	[  8.         468.81970215 102.57749939   0.86950439]	[  8.         468.81970215 102.57749939   0.86950439]					0.hdf5	6
223	/data/1_users/pezoldt/man_annotation/stripy/v1/NG039/NG039_P1_CC3/70_0.hdf5	70_0	None	None	Undefined	0	[1.00000000e+01 1.26760632e+03 2.84063751e+02 8.71128142e-01]	[1.00000000e+01 1.26760632e+03 2.84063751e+02 8.71128142e-01]					0.hdf5	70
224	/data/1_users/pezoldt/man_annotation/stripy/v1/NG039/NG039_P1_CC3/71_0.hdf5	71_0	None	None	normi_circle	0	[  9.         543.46302795 310.47839355   0.8684895 ]	[  9.         543.46302795 310.47839355   0.8684895 ]					0.hdf5	71
225	/data/1_users/pezoldt/man_annotation/stripy/v1/NG039/NG039_P1_CC3/72_0.hdf5	72_0	None	None	Undefined	0	[  6.         661.49847412 172.53583145   0.8926425 ]	[  6.         661.49847412 172.53583145   0.8926425 ]					0.hdf5	72
226	/data/1_users/pezoldt/man_annotation/stripy/v1/NG039/NG039_P1_CC3/73_0.hdf5	73_0	None	None	Undefined	0	[  5.         817.79296875 216.58828735   0.90488875]	[  5.         817.79296875 216.58828735   0.90488875]					0.hdf5	73
227	/data/1_users/pezoldt/man_annotation/stripy/v1/NG039/NG039_P1_CC3/74_0.hdf5	74_0	None	None	Undefined	0	[1.20000000e+01 1.12843262e+03 1.89759521e+02 8.77592921e-01]	[1.20000000e+01 1.12843262e+03 1.89759521e+02 8.77592921e-01]					0.hdf5	74
228	/data/1_users/pezoldt/man_annotation/stripy/v1/NG039/NG039_P1_CC3/75_0.hdf5	75_0	None	None	Undefined	0		[7.00000000e+00 1.78261865e+03 2.71640381e+02 8.37774277e-01]	[7.00000000e+00 1.78261865e+03 2.71640381e+02 8.37774277e-01]	[1.20000000e+01 1.04845166e+03 2.50891235e+02 8.76797557e-01]			0.hdf5	75
229	/data/1_users/pezoldt/man_annotation/stripy/v1/NG039/NG039_P1_CC3/75_1.hdf5	75_1	None	None	Undefined	0		[1.20000000e+01 1.04845166e+03 2.50891235e+02 8.76797557e-01]	[7.00000000e+00 1.78261865e+03 2.71640381e+02 8.37774277e-01]	[1.20000000e+01 1.04845166e+03 2.50891235e+02 8.76797557e-01]			1.hdf5	75
230	/data/1_users/pezoldt/man_annotation/stripy/v1/NG039/NG039_P1_CC3/77_0.hdf5	77_0	None	None	normi_circle	0	[1.20000000e+01 1.58795361e+03 2.51788376e+02 8.58040035e-01]	[1.20000000e+01 1.58795361e+03 2.51788376e+02 8.58040035e-01]					0.hdf5	77
231	/data/1_users/pezoldt/man_annotation/stripy/v1/NG039/NG039_P1_CC3/78_0.hdf5	78_0	None	None	Undefined	0	[1.20000000e+01 1.34599902e+03 2.47206787e+02 8.68708789e-01]	[1.20000000e+01 1.34599902e+03 2.47206787e+02 8.68708789e-01]					0.hdf5	78
232	/data/1_users/pezoldt/man_annotation/stripy/v1/NG039/NG039_P1_CC3/79_0.hdf5	79_0	None	None	Undefined	0		[6.00000000e+00 1.01801758e+03 2.64004021e+02 8.60946417e-01]	[6.00000000e+00 1.01801758e+03 2.64004021e+02 8.60946417e-01]	[1.30000000e+01 1.95797876e+03 2.68120575e+02 8.60816896e-01]			0.hdf5	79
233	/data/1_users/pezoldt/man_annotation/stripy/v1/NG039/NG039_P1_CC3/79_1.hdf5	79_1	None	None	Undefined	0		[1.30000000e+01 1.95797876e+03 2.68120575e+02 8.60816896e-01]	[6.00000000e+00 1.01801758e+03 2.64004021e+02 8.60946417e-01]	[1.30000000e+01 1.95797876e+03 2.68120575e+02 8.60816896e-01]			1.hdf5	79
165	/data/1_users/pezoldt/man_annotation/stripy/v1/NG039/NG039_P1_CC3/7_0.hdf5	7_0	None	None	Undefined	0	[  7.         373.51275635 272.81723022   0.87898451]	[  7.         373.51275635 272.81723022   0.87898451]					0.hdf5	7
234	/data/1_users/pezoldt/man_annotation/stripy/v1/NG039/NG039_P1_CC3/80_0.hdf5	80_0	None	None	normi_circle	0	[9.00000000e+00 1.42020605e+03 3.43200439e+02 8.43147933e-01]	[9.00000000e+00 1.42020605e+03 3.43200439e+02 8.43147933e-01]					0.hdf5	80
235	/data/1_users/pezoldt/man_annotation/stripy/v1/NG039/NG039_P1_CC3/81_0.hdf5	81_0	None	None	Undefined	0	[5.00000000e+00 1.22969104e+03 1.05633675e+02 8.63084912e-01]	[5.00000000e+00 1.22969104e+03 1.05633675e+02 8.63084912e-01]					0.hdf5	81
236	/data/1_users/pezoldt/man_annotation/stripy/v1/NG039/NG039_P1_CC3/82_0.hdf5	82_0	None	None	Undefined	0	[8.00000000e+00 9.64303894e+02 2.54408340e+02 8.73546004e-01]	[8.00000000e+00 9.64303894e+02 2.54408340e+02 8.73546004e-01]					0.hdf5	82
237	/data/1_users/pezoldt/man_annotation/stripy/v1/NG039/NG039_P1_CC3/83_0.hdf5	83_0	None	None	Undefined	0		[6.00000000e+00 1.10872681e+03 1.52863804e+02 8.68410528e-01]	[6.00000000e+00 1.10872681e+03 1.52863804e+02 8.68410528e-01]	[1.20000000e+01 1.42874622e+03 1.34517609e+02 8.67011249e-01]			0.hdf5	83
238	/data/1_users/pezoldt/man_annotation/stripy/v1/NG039/NG039_P1_CC3/83_1.hdf5	83_1	None	None	normi_circle	0		[1.20000000e+01 1.42874622e+03 1.34517609e+02 8.67011249e-01]	[6.00000000e+00 1.10872681e+03 1.52863804e+02 8.68410528e-01]	[1.20000000e+01 1.42874622e+03 1.34517609e+02 8.67011249e-01]			1.hdf5	83
239	/data/1_users/pezoldt/man_annotation/stripy/v1/NG039/NG039_P1_CC3/84_0.hdf5	84_0	None	None	Undefined	0	[1.00000000e+01 1.35649548e+03 3.18112427e+02 8.62796247e-01]	[1.00000000e+01 1.35649548e+03 3.18112427e+02 8.62796247e-01]					0.hdf5	84
240	/data/1_users/pezoldt/man_annotation/stripy/v1/NG039/NG039_P1_CC3/85_0.hdf5	85_0	None	None	stripy_nucleus	0	[1.10000000e+01 1.36959192e+03 1.05583931e+02 8.80064547e-01]	[1.10000000e+01 1.36959192e+03 1.05583931e+02 8.80064547e-01]					0.hdf5	85
241	/data/1_users/pezoldt/man_annotation/stripy/v1/NG039/NG039_P1_CC3/86_0.hdf5	86_0	None	None	Undefined	0	[1.20000000e+01 1.49585242e+03 1.21128853e+02 8.88140440e-01]	[1.20000000e+01 1.49585242e+03 1.21128853e+02 8.88140440e-01]					0.hdf5	86
242	/data/1_users/pezoldt/man_annotation/stripy/v1/NG039/NG039_P1_CC3/87_0.hdf5	87_0	None	None	normi_circle	0	[1.20000000e+01 1.52518018e+03 2.85818573e+02 8.73161912e-01]	[1.20000000e+01 1.52518018e+03 2.85818573e+02 8.73161912e-01]					0.hdf5	87
243	/data/1_users/pezoldt/man_annotation/stripy/v1/NG039/NG039_P1_CC3/88_0.hdf5	88_0	None	None	Undefined	0	[5.00000000e+00 9.99578186e+02 2.29465424e+02 8.76216531e-01]	[5.00000000e+00 9.99578186e+02 2.29465424e+02 8.76216531e-01]					0.hdf5	88
244	/data/1_users/pezoldt/man_annotation/stripy/v1/NG039/NG039_P1_CC3/89_0.hdf5	89_0	None	None	normi_circle	0	[1.00000000e+01 1.24003589e+03 2.99965515e+02 8.66642237e-01]	[1.00000000e+01 1.24003589e+03 2.99965515e+02 8.66642237e-01]					0.hdf5	89
166	/data/1_users/pezoldt/man_annotation/stripy/v1/NG039/NG039_P1_CC3/8_0.hdf5	8_0	None	None	normi_demicircle	0	[  7.         502.81521606 119.85984039   0.87922257]	[  7.         502.81521606 119.85984039   0.87922257]					0.hdf5	8
245	/data/1_users/pezoldt/man_annotation/stripy/v1/NG039/NG039_P1_CC3/90_0.hdf5	90_0	None	None	stripy_nucleus	0	[1.00000000e+01 8.66695312e+02 1.23142883e+02 8.61164987e-01]	[1.00000000e+01 8.66695312e+02 1.23142883e+02 8.61164987e-01]					0.hdf5	90
246	/data/1_users/pezoldt/man_annotation/stripy/v1/NG039/NG039_P1_CC3/91_0.hdf5	91_0	None	None	Undefined	0	[ 11.         852.43511963 172.2051239    0.87874371]	[ 11.         852.43511963 172.2051239    0.87874371]					0.hdf5	91
247	/data/1_users/pezoldt/man_annotation/stripy/v1/NG039/NG039_P1_CC3/92_0.hdf5	92_0	None	None	stripy_center	0	[  4.         544.03637695 220.60339355   0.88658935]	[  4.         544.03637695 220.60339355   0.88658935]					0.hdf5	92
248	/data/1_users/pezoldt/man_annotation/stripy/v1/NG039/NG039_P1_CC3/94_0.hdf5	94_0	None	None	Undefined	0	[ 11.         853.85839844 121.06499481   0.87204355]	[ 11.         853.85839844 121.06499481   0.87204355]					0.hdf5	94
167	/data/1_users/pezoldt/man_annotation/stripy/v1/NG039/NG039_P1_CC3/9_0.hdf5	9_0	None	None	Undefined	0	[  7.         169.45341492 106.53624153   0.88255894]	[  7.         169.45341492 106.53624153   0.88255894]					0.hdf5	9
258	/data/1_users/pezoldt/man_annotation/stripy/v1/NG039/NG039_P1_CC4/10_0.hdf5	10_0	None	None	normi_circle	0	[8.00000000e+00 1.48464648e+03 2.65884468e+02 8.66426587e-01]	[8.00000000e+00 1.48464648e+03 2.65884468e+02 8.66426587e-01]					0.hdf5	10
259	/data/1_users/pezoldt/man_annotation/stripy/v1/NG039/NG039_P1_CC4/11_0.hdf5	11_0	None	None	stripy_center	0	[1.40000000e+01 1.74054895e+03 3.34967773e+02 8.74428093e-01]	[1.40000000e+01 1.74054895e+03 3.34967773e+02 8.74428093e-01]					0.hdf5	11
260	/data/1_users/pezoldt/man_annotation/stripy/v1/NG039/NG039_P1_CC4/12_0.hdf5	12_0	None	None	Undefined	0	[8.00000000e+00 1.50452979e+03 2.60817871e+02 8.64676058e-01]	[8.00000000e+00 1.50452979e+03 2.60817871e+02 8.64676058e-01]					0.hdf5	12
261	/data/1_users/pezoldt/man_annotation/stripy/v1/NG039/NG039_P1_CC4/13_0.hdf5	13_0	None	None	normi_circle	0	[1.00000000e+01 1.30102600e+03 1.25477898e+02 8.70360613e-01]	[1.00000000e+01 1.30102600e+03 1.25477898e+02 8.70360613e-01]					0.hdf5	13
262	/data/1_users/pezoldt/man_annotation/stripy/v1/NG039/NG039_P1_CC4/14_0.hdf5	14_0	None	None	stripy_nucleus	0	[9.00000000e+00 1.49158167e+03 2.82148041e+02 8.62184703e-01]	[9.00000000e+00 1.49158167e+03 2.82148041e+02 8.62184703e-01]					0.hdf5	14
263	/data/1_users/pezoldt/man_annotation/stripy/v1/NG039/NG039_P1_CC4/15_0.hdf5	15_0	None	None	normi_circle	0	[1.50000000e+01 1.47599194e+03 1.28886261e+02 8.63595665e-01]	[1.50000000e+01 1.47599194e+03 1.28886261e+02 8.63595665e-01]					0.hdf5	15
264	/data/1_users/pezoldt/man_annotation/stripy/v1/NG039/NG039_P1_CC4/16_0.hdf5	16_0	None	None	Undefined	0	[9.00000000e+00 1.33726160e+03 1.62401852e+02 8.71017277e-01]	[9.00000000e+00 1.33726160e+03 1.62401852e+02 8.71017277e-01]					0.hdf5	16
265	/data/1_users/pezoldt/man_annotation/stripy/v1/NG039/NG039_P1_CC4/17_0.hdf5	17_0	None	None	Undefined	0	[8.00000000e+00 1.31976184e+03 2.09621979e+02 8.72188509e-01]	[8.00000000e+00 1.31976184e+03 2.09621979e+02 8.72188509e-01]					0.hdf5	17
266	/data/1_users/pezoldt/man_annotation/stripy/v1/NG039/NG039_P1_CC4/18_0.hdf5	18_0	None	None	Undefined	0	[1.00000000e+01 1.03617322e+03 1.92067902e+02 8.82578254e-01]	[1.00000000e+01 1.03617322e+03 1.92067902e+02 8.82578254e-01]					0.hdf5	18
267	/data/1_users/pezoldt/man_annotation/stripy/v1/NG039/NG039_P1_CC4/19_0.hdf5	19_0	None	None	Undefined	0	[1.00000000e+01 1.64388623e+03 2.75834076e+02 8.72067273e-01]	[1.00000000e+01 1.64388623e+03 2.75834076e+02 8.72067273e-01]					0.hdf5	19
249	/data/1_users/pezoldt/man_annotation/stripy/v1/NG039/NG039_P1_CC4/1_0.hdf5	1_0	None	None	stripy_nucleus	0	[1.00000000e+01 1.17259644e+03 1.10160606e+02 8.82609189e-01]	[1.00000000e+01 1.17259644e+03 1.10160606e+02 8.82609189e-01]					0.hdf5	1
268	/data/1_users/pezoldt/man_annotation/stripy/v1/NG039/NG039_P1_CC4/20_0.hdf5	20_0	None	None	normi_circle	0	[9.00000000e+00 1.47348364e+03 1.92097412e+02 8.65855038e-01]	[9.00000000e+00 1.47348364e+03 1.92097412e+02 8.65855038e-01]					0.hdf5	20
269	/data/1_users/pezoldt/man_annotation/stripy/v1/NG039/NG039_P1_CC4/21_0.hdf5	21_0	None	None	normi_circle	0	[9.00000000e+00 1.44392993e+03 2.90667480e+02 8.64977777e-01]	[9.00000000e+00 1.44392993e+03 2.90667480e+02 8.64977777e-01]					0.hdf5	21
270	/data/1_users/pezoldt/man_annotation/stripy/v1/NG039/NG039_P1_CC4/22_0.hdf5	22_0	None	None	Undefined	0	[1.30000000e+01 1.26132849e+03 2.12708542e+02 8.64920437e-01]	[1.30000000e+01 1.26132849e+03 2.12708542e+02 8.64920437e-01]					0.hdf5	22
271	/data/1_users/pezoldt/man_annotation/stripy/v1/NG039/NG039_P1_CC4/23_0.hdf5	23_0	None	None	normi_circle	0	[1.10000000e+01 1.22773242e+03 3.03196045e+02 8.77432287e-01]	[1.10000000e+01 1.22773242e+03 3.03196045e+02 8.77432287e-01]					0.hdf5	23
272	/data/1_users/pezoldt/man_annotation/stripy/v1/NG039/NG039_P1_CC4/24_0.hdf5	24_0	None	None	Undefined	0	[8.00000000e+00 1.26686707e+03 1.94524384e+02 8.67020249e-01]	[8.00000000e+00 1.26686707e+03 1.94524384e+02 8.67020249e-01]					0.hdf5	24
273	/data/1_users/pezoldt/man_annotation/stripy/v1/NG039/NG039_P1_CC4/25_0.hdf5	25_0	None	None	Undefined	0	[9.00000000e+00 1.09757703e+03 2.06167068e+02 8.75029743e-01]	[9.00000000e+00 1.09757703e+03 2.06167068e+02 8.75029743e-01]					0.hdf5	25
274	/data/1_users/pezoldt/man_annotation/stripy/v1/NG039/NG039_P1_CC4/26_0.hdf5	26_0	None	None	stripy_nucleus	0	[1.00000000e+01 1.34961780e+03 2.04315628e+02 8.75866890e-01]	[1.00000000e+01 1.34961780e+03 2.04315628e+02 8.75866890e-01]					0.hdf5	26
275	/data/1_users/pezoldt/man_annotation/stripy/v1/NG039/NG039_P1_CC4/27_0.hdf5	27_0	None	None	Undefined	0	[1.20000000e+01 1.48134888e+03 1.85922791e+02 8.97006929e-01]	[1.20000000e+01 1.48134888e+03 1.85922791e+02 8.97006929e-01]					0.hdf5	27
276	/data/1_users/pezoldt/man_annotation/stripy/v1/NG039/NG039_P1_CC4/28_0.hdf5	28_0	None	None	stripy_nucleus	0	[8.00000000e+00 1.33519360e+03 1.88747589e+02 8.70529354e-01]	[8.00000000e+00 1.33519360e+03 1.88747589e+02 8.70529354e-01]					0.hdf5	28
277	/data/1_users/pezoldt/man_annotation/stripy/v1/NG039/NG039_P1_CC4/29_0.hdf5	29_0	None	None	stripy_nucleus	0	[8.00000000e+00 1.62864038e+03 3.10104980e+02 8.60986710e-01]	[8.00000000e+00 1.62864038e+03 3.10104980e+02 8.60986710e-01]					0.hdf5	29
250	/data/1_users/pezoldt/man_annotation/stripy/v1/NG039/NG039_P1_CC4/2_0.hdf5	2_0	None	None	Undefined	0	[1.20000000e+01 1.21851245e+03 1.02302528e+02 8.57416511e-01]	[1.20000000e+01 1.21851245e+03 1.02302528e+02 8.57416511e-01]					0.hdf5	2
278	/data/1_users/pezoldt/man_annotation/stripy/v1/NG039/NG039_P1_CC4/30_0.hdf5	30_0	None	None	stripy_center	0	[8.00000000e+00 1.35723267e+03 1.60857437e+02 8.71519864e-01]	[8.00000000e+00 1.35723267e+03 1.60857437e+02 8.71519864e-01]					0.hdf5	30
279	/data/1_users/pezoldt/man_annotation/stripy/v1/NG039/NG039_P1_CC4/31_0.hdf5	31_0	None	None	Undefined	0	[8.00000000e+00 1.39559766e+03 2.04484695e+02 8.55861127e-01]	[8.00000000e+00 1.39559766e+03 2.04484695e+02 8.55861127e-01]					0.hdf5	31
280	/data/1_users/pezoldt/man_annotation/stripy/v1/NG039/NG039_P1_CC4/32_0.hdf5	32_0	None	None	Undefined	0	[9.00000000e+00 1.37789722e+03 1.03360283e+02 8.58672976e-01]	[9.00000000e+00 1.37789722e+03 1.03360283e+02 8.58672976e-01]					0.hdf5	32
281	/data/1_users/pezoldt/man_annotation/stripy/v1/NG039/NG039_P1_CC4/33_0.hdf5	33_0	None	None	Undefined	0	[8.00000000e+00 1.09998364e+03 2.23948181e+02 8.66602123e-01]	[8.00000000e+00 1.09998364e+03 2.23948181e+02 8.66602123e-01]					0.hdf5	33
282	/data/1_users/pezoldt/man_annotation/stripy/v1/NG039/NG039_P1_CC4/34_0.hdf5	34_0	None	None	stripy_center	0	[9.00000000e+00 1.49585229e+03 3.01620178e+02 8.65695000e-01]	[9.00000000e+00 1.49585229e+03 3.01620178e+02 8.65695000e-01]					0.hdf5	34
283	/data/1_users/pezoldt/man_annotation/stripy/v1/NG039/NG039_P1_CC4/35_0.hdf5	35_0	None	None	normi_circle	0	[9.00000000e+00 1.38095288e+03 3.55444214e+02 8.67322326e-01]	[9.00000000e+00 1.38095288e+03 3.55444214e+02 8.67322326e-01]					0.hdf5	35
284	/data/1_users/pezoldt/man_annotation/stripy/v1/NG039/NG039_P1_CC4/36_0.hdf5	36_0	None	None	Undefined	0	[8.00000000e+00 1.61885059e+03 2.84576363e+02 8.73071015e-01]	[8.00000000e+00 1.61885059e+03 2.84576363e+02 8.73071015e-01]					0.hdf5	36
285	/data/1_users/pezoldt/man_annotation/stripy/v1/NG039/NG039_P1_CC4/37_0.hdf5	37_0	None	None	Undefined	0	[8.00000000e+00 1.37222815e+03 2.14189224e+02 8.65686178e-01]	[8.00000000e+00 1.37222815e+03 2.14189224e+02 8.65686178e-01]					0.hdf5	37
286	/data/1_users/pezoldt/man_annotation/stripy/v1/NG039/NG039_P1_CC4/38_0.hdf5	38_0	None	None	Undefined	0	[9.00000000e+00 1.34887781e+03 3.34871582e+02 8.71708453e-01]	[9.00000000e+00 1.34887781e+03 3.34871582e+02 8.71708453e-01]					0.hdf5	38
287	/data/1_users/pezoldt/man_annotation/stripy/v1/NG039/NG039_P1_CC4/39_0.hdf5	39_0	None	None	stripy_nucleus	0	[8.00000000e+00 1.59885815e+03 3.31452423e+02 8.69428158e-01]	[8.00000000e+00 1.59885815e+03 3.31452423e+02 8.69428158e-01]					0.hdf5	39
251	/data/1_users/pezoldt/man_annotation/stripy/v1/NG039/NG039_P1_CC4/3_0.hdf5	3_0	None	None	Undefined	0	[1.60000000e+01 1.71099927e+03 2.12651031e+02 8.90533209e-01]	[1.60000000e+01 1.71099927e+03 2.12651031e+02 8.90533209e-01]					0.hdf5	3
288	/data/1_users/pezoldt/man_annotation/stripy/v1/NG039/NG039_P1_CC4/40_0.hdf5	40_0	None	None	Undefined	0	[8.00000000e+00 1.49930554e+03 1.59893986e+02 8.63812923e-01]	[8.00000000e+00 1.49930554e+03 1.59893986e+02 8.63812923e-01]					0.hdf5	40
289	/data/1_users/pezoldt/man_annotation/stripy/v1/NG039/NG039_P1_CC4/41_0.hdf5	41_0	None	None	Undefined	0		[8.00000000e+00 1.81054700e+03 1.71025024e+02 8.59490216e-01]	[8.00000000e+00 1.81054700e+03 1.71025024e+02 8.59490216e-01]	[8.00000000e+00 1.55286255e+03 2.80241333e+02 8.72299910e-01]			0.hdf5	41
290	/data/1_users/pezoldt/man_annotation/stripy/v1/NG039/NG039_P1_CC4/41_1.hdf5	41_1	None	None	stripy_nucleus	0		[8.00000000e+00 1.55286255e+03 2.80241333e+02 8.72299910e-01]	[8.00000000e+00 1.81054700e+03 1.71025024e+02 8.59490216e-01]	[8.00000000e+00 1.55286255e+03 2.80241333e+02 8.72299910e-01]			1.hdf5	41
291	/data/1_users/pezoldt/man_annotation/stripy/v1/NG039/NG039_P1_CC4/42_0.hdf5	42_0	None	None	normi_demicircle	0	[8.00000000e+00 1.39102039e+03 1.73265976e+02 8.59013498e-01]	[8.00000000e+00 1.39102039e+03 1.73265976e+02 8.59013498e-01]					0.hdf5	42
292	/data/1_users/pezoldt/man_annotation/stripy/v1/NG039/NG039_P1_CC4/43_0.hdf5	43_0	None	None	stripy_nucleus	0	[7.00000000e+00 1.28051550e+03 1.68279617e+02 8.71798098e-01]	[7.00000000e+00 1.28051550e+03 1.68279617e+02 8.71798098e-01]					0.hdf5	43
293	/data/1_users/pezoldt/man_annotation/stripy/v1/NG039/NG039_P1_CC4/44_0.hdf5	44_0	None	None	stripy_nucleus	0	[8.00000000e+00 1.04628918e+03 2.04032715e+02 8.76372337e-01]	[8.00000000e+00 1.04628918e+03 2.04032715e+02 8.76372337e-01]					0.hdf5	44
294	/data/1_users/pezoldt/man_annotation/stripy/v1/NG039/NG039_P1_CC4/45_0.hdf5	45_0	None	None	normi_circle	0		[9.00000000e+00 1.22552026e+03 1.35182922e+02 8.61374199e-01]	[9.00000000e+00 1.22552026e+03 1.35182922e+02 8.61374199e-01]	[1.20000000e+01 1.94966968e+03 1.37301498e+02 8.56487930e-01]			0.hdf5	45
295	/data/1_users/pezoldt/man_annotation/stripy/v1/NG039/NG039_P1_CC4/45_1.hdf5	45_1	None	None	stripy_center	0		[1.20000000e+01 1.94966968e+03 1.37301498e+02 8.56487930e-01]	[9.00000000e+00 1.22552026e+03 1.35182922e+02 8.61374199e-01]	[1.20000000e+01 1.94966968e+03 1.37301498e+02 8.56487930e-01]			1.hdf5	45
296	/data/1_users/pezoldt/man_annotation/stripy/v1/NG039/NG039_P1_CC4/46_0.hdf5	46_0	None	None	Undefined	0	[9.00000000e+00 1.34712061e+03 1.15214539e+02 8.59727263e-01]	[9.00000000e+00 1.34712061e+03 1.15214539e+02 8.59727263e-01]					0.hdf5	46
297	/data/1_users/pezoldt/man_annotation/stripy/v1/NG039/NG039_P1_CC4/47_0.hdf5	47_0	None	None	normi_demicircle	0	[9.00000000e+00 1.37160608e+03 8.47856007e+01 8.51831555e-01]	[9.00000000e+00 1.37160608e+03 8.47856007e+01 8.51831555e-01]					0.hdf5	47
298	/data/1_users/pezoldt/man_annotation/stripy/v1/NG039/NG039_P1_CC4/48_0.hdf5	48_0	None	None	stripy_nucleus	0	[8.00000000e+00 1.40503894e+03 2.46331055e+02 8.56405973e-01]	[8.00000000e+00 1.40503894e+03 2.46331055e+02 8.56405973e-01]					0.hdf5	48
299	/data/1_users/pezoldt/man_annotation/stripy/v1/NG039/NG039_P1_CC4/49_0.hdf5	49_0	None	None	Undefined	0		[1.10000000e+01 1.36225574e+03 2.29233795e+02 8.63688111e-01]	[1.10000000e+01 1.36225574e+03 2.29233795e+02 8.63688111e-01]	[1.40000000e+01 1.86643921e+03 1.63798367e+02 8.15550327e-01]			0.hdf5	49
300	/data/1_users/pezoldt/man_annotation/stripy/v1/NG039/NG039_P1_CC4/49_1.hdf5	49_1	None	None	Undefined	0		[1.40000000e+01 1.86643921e+03 1.63798367e+02 8.15550327e-01]	[1.10000000e+01 1.36225574e+03 2.29233795e+02 8.63688111e-01]	[1.40000000e+01 1.86643921e+03 1.63798367e+02 8.15550327e-01]			1.hdf5	49
252	/data/1_users/pezoldt/man_annotation/stripy/v1/NG039/NG039_P1_CC4/4_0.hdf5	4_0	None	None	Undefined	0	[9.00000000e+00 1.34440161e+03 1.36172714e+02 8.73223543e-01]	[9.00000000e+00 1.34440161e+03 1.36172714e+02 8.73223543e-01]					0.hdf5	4
301	/data/1_users/pezoldt/man_annotation/stripy/v1/NG039/NG039_P1_CC4/50_0.hdf5	50_0	None	None	Undefined	0	[8.00000000e+00 1.42253271e+03 2.98533997e+02 8.57761383e-01]	[8.00000000e+00 1.42253271e+03 2.98533997e+02 8.57761383e-01]					0.hdf5	50
302	/data/1_users/pezoldt/man_annotation/stripy/v1/NG039/NG039_P1_CC4/51_0.hdf5	51_0	None	None	normi_circle	0	[7.00000000e+00 1.25688745e+03 1.72098389e+02 8.75213146e-01]	[7.00000000e+00 1.25688745e+03 1.72098389e+02 8.75213146e-01]					0.hdf5	51
303	/data/1_users/pezoldt/man_annotation/stripy/v1/NG039/NG039_P1_CC4/52_0.hdf5	52_0	None	None	normi_circle	0	[7.00000000e+00 1.29883899e+03 1.72292603e+02 8.78950059e-01]	[7.00000000e+00 1.29883899e+03 1.72292603e+02 8.78950059e-01]					0.hdf5	52
304	/data/1_users/pezoldt/man_annotation/stripy/v1/NG039/NG039_P1_CC4/53_0.hdf5	53_0	None	None	Undefined	0	[8.00000000e+00 1.17817395e+03 2.12859619e+02 8.80577147e-01]	[8.00000000e+00 1.17817395e+03 2.12859619e+02 8.80577147e-01]					0.hdf5	53
305	/data/1_users/pezoldt/man_annotation/stripy/v1/NG039/NG039_P1_CC4/54_0.hdf5	54_0	None	None	Undefined	0	[9.00000000e+00 1.29810303e+03 1.53301193e+02 8.63384187e-01]	[9.00000000e+00 1.29810303e+03 1.53301193e+02 8.63384187e-01]					0.hdf5	54
306	/data/1_users/pezoldt/man_annotation/stripy/v1/NG039/NG039_P1_CC4/55_0.hdf5	55_0	None	None	normi_circle	0	[1.40000000e+01 1.55298560e+03 1.32232697e+02 8.59924138e-01]	[1.40000000e+01 1.55298560e+03 1.32232697e+02 8.59924138e-01]					0.hdf5	55
307	/data/1_users/pezoldt/man_annotation/stripy/v1/NG039/NG039_P1_CC4/56_0.hdf5	56_0	None	None	Undefined	0	[7.00000000e+00 1.42717041e+03 2.51500992e+02 8.70305538e-01]	[7.00000000e+00 1.42717041e+03 2.51500992e+02 8.70305538e-01]					0.hdf5	56
308	/data/1_users/pezoldt/man_annotation/stripy/v1/NG039/NG039_P1_CC4/57_0.hdf5	57_0	None	None	Undefined	0	[7.00000000e+00 1.42884937e+03 2.36104462e+02 8.40852618e-01]	[7.00000000e+00 1.42884937e+03 2.36104462e+02 8.40852618e-01]					0.hdf5	57
309	/data/1_users/pezoldt/man_annotation/stripy/v1/NG039/NG039_P1_CC4/59_0.hdf5	59_0	None	None	Undefined	0	[8.00000000e+00 1.55891541e+03 1.52540379e+02 8.75912249e-01]	[8.00000000e+00 1.55891541e+03 1.52540379e+02 8.75912249e-01]					0.hdf5	59
253	/data/1_users/pezoldt/man_annotation/stripy/v1/NG039/NG039_P1_CC4/5_0.hdf5	5_0	None	None	Undefined	0	[1.20000000e+01 1.28215820e+03 3.11297699e+02 8.43282461e-01]	[1.20000000e+01 1.28215820e+03 3.11297699e+02 8.43282461e-01]					0.hdf5	5
310	/data/1_users/pezoldt/man_annotation/stripy/v1/NG039/NG039_P1_CC4/60_0.hdf5	60_0	None	None	Undefined	0	[7.00000000e+00 1.29811426e+03 1.74614319e+02 8.74937356e-01]	[7.00000000e+00 1.29811426e+03 1.74614319e+02 8.74937356e-01]					0.hdf5	60
311	/data/1_users/pezoldt/man_annotation/stripy/v1/NG039/NG039_P1_CC4/61_0.hdf5	61_0	None	None	Undefined	0	[9.00000000e+00 1.26340942e+03 1.32809311e+02 8.51695180e-01]	[9.00000000e+00 1.26340942e+03 1.32809311e+02 8.51695180e-01]					0.hdf5	61
312	/data/1_users/pezoldt/man_annotation/stripy/v1/NG039/NG039_P1_CC4/62_0.hdf5	62_0	None	None	stripy_nucleus	0	[1.30000000e+01 1.84309570e+03 3.32910889e+02 8.63053679e-01]	[1.30000000e+01 1.84309570e+03 3.32910889e+02 8.63053679e-01]					0.hdf5	62
313	/data/1_users/pezoldt/man_annotation/stripy/v1/NG039/NG039_P1_CC4/63_0.hdf5	63_0	None	None	stripy_nucleus	0	[1.40000000e+01 1.58154224e+03 2.63188469e+02 8.60944211e-01]	[1.40000000e+01 1.58154224e+03 2.63188469e+02 8.60944211e-01]					0.hdf5	63
314	/data/1_users/pezoldt/man_annotation/stripy/v1/NG039/NG039_P1_CC4/64_0.hdf5	64_0	None	None	normi_demicircle	0	[9.00000000e+00 1.28448633e+03 2.91120087e+02 8.63917768e-01]	[9.00000000e+00 1.28448633e+03 2.91120087e+02 8.63917768e-01]					0.hdf5	64
315	/data/1_users/pezoldt/man_annotation/stripy/v1/NG039/NG039_P1_CC4/65_0.hdf5	65_0	None	None	stripy_nucleus	0	[7.00000000e+00 1.22819336e+03 1.43061161e+02 8.54889393e-01]	[7.00000000e+00 1.22819336e+03 1.43061161e+02 8.54889393e-01]					0.hdf5	65
316	/data/1_users/pezoldt/man_annotation/stripy/v1/NG039/NG039_P1_CC4/66_0.hdf5	66_0	None	None	stripy_nucleus	0	[7.00000000e+00 1.55537866e+03 2.66011040e+02 8.79483223e-01]	[7.00000000e+00 1.55537866e+03 2.66011040e+02 8.79483223e-01]					0.hdf5	66
317	/data/1_users/pezoldt/man_annotation/stripy/v1/NG039/NG039_P1_CC4/67_0.hdf5	67_0	None	None	normi_circle	0	[7.00000000e+00 1.24739954e+03 1.57463902e+02 8.60941350e-01]	[7.00000000e+00 1.24739954e+03 1.57463902e+02 8.60941350e-01]					0.hdf5	67
318	/data/1_users/pezoldt/man_annotation/stripy/v1/NG039/NG039_P1_CC4/68_0.hdf5	68_0	None	None	normi_circle	0	[1.00000000e+01 1.29959558e+03 1.15658966e+02 8.50267470e-01]	[1.00000000e+01 1.29959558e+03 1.15658966e+02 8.50267470e-01]					0.hdf5	68
319	/data/1_users/pezoldt/man_annotation/stripy/v1/NG039/NG039_P1_CC4/69_0.hdf5	69_0	None	None	Undefined	0	[1.10000000e+01 1.50263220e+03 2.64956665e+02 8.78674686e-01]	[1.10000000e+01 1.50263220e+03 2.64956665e+02 8.78674686e-01]					0.hdf5	69
254	/data/1_users/pezoldt/man_annotation/stripy/v1/NG039/NG039_P1_CC4/6_0.hdf5	6_0	None	None	normi_circle	0	[9.00000000e+00 1.33596704e+03 1.71905640e+02 8.65357339e-01]	[9.00000000e+00 1.33596704e+03 1.71905640e+02 8.65357339e-01]					0.hdf5	6
320	/data/1_users/pezoldt/man_annotation/stripy/v1/NG039/NG039_P1_CC4/70_0.hdf5	70_0	None	None	Undefined	0	[7.00000000e+00 1.43036804e+03 2.80060242e+02 8.50146413e-01]	[7.00000000e+00 1.43036804e+03 2.80060242e+02 8.50146413e-01]					0.hdf5	70
321	/data/1_users/pezoldt/man_annotation/stripy/v1/NG039/NG039_P1_CC4/71_0.hdf5	71_0	None	None	stripy_nucleus	0	[7.00000000e+00 1.16173755e+03 1.59634415e+02 8.71501565e-01]	[7.00000000e+00 1.16173755e+03 1.59634415e+02 8.71501565e-01]					0.hdf5	71
322	/data/1_users/pezoldt/man_annotation/stripy/v1/NG039/NG039_P1_CC4/72_0.hdf5	72_0	None	None	stripy_nucleus	0	[7.00000000e+00 1.36912305e+03 2.15454224e+02 8.73738408e-01]	[7.00000000e+00 1.36912305e+03 2.15454224e+02 8.73738408e-01]					0.hdf5	72
323	/data/1_users/pezoldt/man_annotation/stripy/v1/NG039/NG039_P1_CC4/73_0.hdf5	73_0	None	None	Undefined	0	[7.00000000e+00 1.29688989e+03 1.42360661e+02 8.67936671e-01]	[7.00000000e+00 1.29688989e+03 1.42360661e+02 8.67936671e-01]					0.hdf5	73
324	/data/1_users/pezoldt/man_annotation/stripy/v1/NG039/NG039_P1_CC4/74_0.hdf5	74_0	None	None	stripy_nucleus	0	[8.00000000e+00 1.38876831e+03 2.57315643e+02 8.51640522e-01]	[8.00000000e+00 1.38876831e+03 2.57315643e+02 8.51640522e-01]					0.hdf5	74
325	/data/1_users/pezoldt/man_annotation/stripy/v1/NG039/NG039_P1_CC4/75_0.hdf5	75_0	None	None	Undefined	0	[1.30000000e+01 1.59940625e+03 3.17420441e+02 8.49593103e-01]	[1.30000000e+01 1.59940625e+03 3.17420441e+02 8.49593103e-01]					0.hdf5	75
326	/data/1_users/pezoldt/man_annotation/stripy/v1/NG039/NG039_P1_CC4/76_0.hdf5	76_0	None	None	Undefined	0	[1.30000000e+01 1.63090222e+03 3.24075104e+02 8.24888110e-01]	[1.30000000e+01 1.63090222e+03 3.24075104e+02 8.24888110e-01]					0.hdf5	76
327	/data/1_users/pezoldt/man_annotation/stripy/v1/NG039/NG039_P1_CC4/77_0.hdf5	77_0	None	None	stripy_nucleus	0	[1.40000000e+01 1.79055457e+03 3.08990997e+02 8.71662796e-01]	[1.40000000e+01 1.79055457e+03 3.08990997e+02 8.71662796e-01]					0.hdf5	77
328	/data/1_users/pezoldt/man_annotation/stripy/v1/NG039/NG039_P1_CC4/78_0.hdf5	78_0	None	None	Undefined	0	[7.00000000e+00 1.38678149e+03 1.46278595e+02 8.71644735e-01]	[7.00000000e+00 1.38678149e+03 1.46278595e+02 8.71644735e-01]					0.hdf5	78
329	/data/1_users/pezoldt/man_annotation/stripy/v1/NG039/NG039_P1_CC4/79_0.hdf5	79_0	None	None	Undefined	0	[7.00000000e+00 1.44300586e+03 3.19624023e+02 8.64821732e-01]	[7.00000000e+00 1.44300586e+03 3.19624023e+02 8.64821732e-01]					0.hdf5	79
255	/data/1_users/pezoldt/man_annotation/stripy/v1/NG039/NG039_P1_CC4/7_0.hdf5	7_0	None	None	Undefined	0	[1.60000000e+01 1.54146655e+03 2.10366074e+02 8.57412875e-01]	[1.60000000e+01 1.54146655e+03 2.10366074e+02 8.57412875e-01]					0.hdf5	7
330	/data/1_users/pezoldt/man_annotation/stripy/v1/NG039/NG039_P1_CC4/81_0.hdf5	81_0	None	None	Undefined	0	[7.00000000e+00 1.27163867e+03 2.15159882e+02 8.71025503e-01]	[7.00000000e+00 1.27163867e+03 2.15159882e+02 8.71025503e-01]					0.hdf5	81
331	/data/1_users/pezoldt/man_annotation/stripy/v1/NG039/NG039_P1_CC4/82_0.hdf5	82_0	None	None	Undefined	0	[6.00000000e+00 1.17470190e+03 2.53202179e+02 8.58709097e-01]	[6.00000000e+00 1.17470190e+03 2.53202179e+02 8.58709097e-01]					0.hdf5	82
332	/data/1_users/pezoldt/man_annotation/stripy/v1/NG039/NG039_P1_CC4/83_0.hdf5	83_0	None	None	Undefined	0	[7.00000000e+00 1.43382422e+03 1.20167511e+02 8.39150965e-01]	[7.00000000e+00 1.43382422e+03 1.20167511e+02 8.39150965e-01]					0.hdf5	83
333	/data/1_users/pezoldt/man_annotation/stripy/v1/NG039/NG039_P1_CC4/84_0.hdf5	84_0	None	None	Undefined	0	[6.00000000e+00 1.46937598e+03 2.97076660e+02 8.62478197e-01]	[6.00000000e+00 1.46937598e+03 2.97076660e+02 8.62478197e-01]					0.hdf5	84
334	/data/1_users/pezoldt/man_annotation/stripy/v1/NG039/NG039_P1_CC4/86_0.hdf5	86_0	None	None	normi_circle	0	[6.00000000e+00 1.38383740e+03 2.43018463e+02 8.69010806e-01]	[6.00000000e+00 1.38383740e+03 2.43018463e+02 8.69010806e-01]					0.hdf5	86
335	/data/1_users/pezoldt/man_annotation/stripy/v1/NG039/NG039_P1_CC4/87_0.hdf5	87_0	None	None	stripy_center	0	[6.00000000e+00 1.31216968e+03 2.88039009e+02 8.76277864e-01]	[6.00000000e+00 1.31216968e+03 2.88039009e+02 8.76277864e-01]					0.hdf5	87
336	/data/1_users/pezoldt/man_annotation/stripy/v1/NG039/NG039_P1_CC4/88_0.hdf5	88_0	None	None	stripy_nucleus	0	[9.00000000e+00 1.26289233e+03 1.44090134e+02 8.78754497e-01]	[9.00000000e+00 1.26289233e+03 1.44090134e+02 8.78754497e-01]					0.hdf5	88
337	/data/1_users/pezoldt/man_annotation/stripy/v1/NG039/NG039_P1_CC4/89_0.hdf5	89_0	None	None	Undefined	0	[1.30000000e+01 1.31875256e+03 1.71226883e+02 8.60256076e-01]	[1.30000000e+01 1.31875256e+03 1.71226883e+02 8.60256076e-01]					0.hdf5	89
256	/data/1_users/pezoldt/man_annotation/stripy/v1/NG039/NG039_P1_CC4/8_0.hdf5	8_0	None	None	stripy_nucleus	0	[9.00000000e+00 1.15227844e+03 1.33776127e+02 8.96811724e-01]	[9.00000000e+00 1.15227844e+03 1.33776127e+02 8.96811724e-01]					0.hdf5	8
338	/data/1_users/pezoldt/man_annotation/stripy/v1/NG039/NG039_P1_CC4/90_0.hdf5	90_0	None	None	Undefined	0	[9.00000000e+00 1.67793164e+03 2.30015701e+02 8.98732364e-01]	[9.00000000e+00 1.67793164e+03 2.30015701e+02 8.98732364e-01]					0.hdf5	90
339	/data/1_users/pezoldt/man_annotation/stripy/v1/NG039/NG039_P1_CC4/91_0.hdf5	91_0	None	None	Undefined	0	[8.00000000e+00 1.18410535e+03 2.21340790e+02 8.83863688e-01]	[8.00000000e+00 1.18410535e+03 2.21340790e+02 8.83863688e-01]					0.hdf5	91
340	/data/1_users/pezoldt/man_annotation/stripy/v1/NG039/NG039_P1_CC4/92_0.hdf5	92_0	None	None	Undefined	0	[6.00000000e+00 1.36873169e+03 1.89326813e+02 8.74179602e-01]	[6.00000000e+00 1.36873169e+03 1.89326813e+02 8.74179602e-01]					0.hdf5	92
341	/data/1_users/pezoldt/man_annotation/stripy/v1/NG039/NG039_P1_CC4/93_0.hdf5	93_0	None	None	stripy_nucleus	0	[1.30000000e+01 1.50253662e+03 2.11738983e+02 8.57117116e-01]	[1.30000000e+01 1.50253662e+03 2.11738983e+02 8.57117116e-01]					0.hdf5	93
342	/data/1_users/pezoldt/man_annotation/stripy/v1/NG039/NG039_P1_CC4/94_0.hdf5	94_0	None	None	stripy_nucleus	0	[7.00000000e+00 1.24554407e+03 1.50189606e+02 8.38083148e-01]	[7.00000000e+00 1.24554407e+03 1.50189606e+02 8.38083148e-01]					0.hdf5	94
343	/data/1_users/pezoldt/man_annotation/stripy/v1/NG039/NG039_P1_CC4/95_0.hdf5	95_0	None	None	stripy_nucleus	0	[8.00000000e+00 1.43098303e+03 2.71284180e+02 8.80851686e-01]	[8.00000000e+00 1.43098303e+03 2.71284180e+02 8.80851686e-01]					0.hdf5	95
257	/data/1_users/pezoldt/man_annotation/stripy/v1/NG039/NG039_P1_CC4/9_0.hdf5	9_0	None	None	Undefined	0	[8.00000000e+00 1.38897668e+03 1.50863800e+02 8.69208515e-01]	[8.00000000e+00 1.38897668e+03 1.50863800e+02 8.69208515e-01]					0.hdf5	9
344	/data/1_users/pezoldt/man_annotation/stripy/v1/NG039/NG039_P2_CC1/0_0.hdf5	0_0	None	None	Undefined	0		[1.00000000e+00 1.29517603e+03 2.31223846e+02 8.71025860e-01]	[1.00000000e+00 1.29517603e+03 2.31223846e+02 8.71025860e-01]	[  3.         619.12335205 166.87303162   0.8718999 ]			0.hdf5	0
345	/data/1_users/pezoldt/man_annotation/stripy/v1/NG039/NG039_P2_CC1/0_1.hdf5	0_1	None	None	Undefined	0		[  3.         619.12335205 166.87303162   0.8718999 ]	[1.00000000e+00 1.29517603e+03 2.31223846e+02 8.71025860e-01]	[  3.         619.12335205 166.87303162   0.8718999 ]			1.hdf5	0
364	/data/1_users/pezoldt/man_annotation/stripy/v1/NG039/NG039_P2_CC1/10_0.hdf5	10_0	None	None	Undefined	0		[0.00000000e+00 1.29033740e+03 2.34982956e+02 8.82934391e-01]	[0.00000000e+00 1.29033740e+03 2.34982956e+02 8.82934391e-01]	[1.10000000e+01 1.14227148e+03 2.08281616e+02 8.84458065e-01]			0.hdf5	10
365	/data/1_users/pezoldt/man_annotation/stripy/v1/NG039/NG039_P2_CC1/10_1.hdf5	10_1	None	None	stripy_nucleus	0		[1.10000000e+01 1.14227148e+03 2.08281616e+02 8.84458065e-01]	[0.00000000e+00 1.29033740e+03 2.34982956e+02 8.82934391e-01]	[1.10000000e+01 1.14227148e+03 2.08281616e+02 8.84458065e-01]			1.hdf5	10
366	/data/1_users/pezoldt/man_annotation/stripy/v1/NG039/NG039_P2_CC1/11_0.hdf5	11_0	None	None	Undefined	0		[2.00000000e+00 1.29219727e+03 2.33051117e+02 8.60101759e-01]	[2.00000000e+00 1.29219727e+03 2.33051117e+02 8.60101759e-01]	[  9.         868.39471436 232.4223938    0.88689721]			0.hdf5	11
367	/data/1_users/pezoldt/man_annotation/stripy/v1/NG039/NG039_P2_CC1/11_1.hdf5	11_1	None	None	stripy_center	0		[  9.         868.39471436 232.4223938    0.88689721]	[2.00000000e+00 1.29219727e+03 2.33051117e+02 8.60101759e-01]	[  9.         868.39471436 232.4223938    0.88689721]			1.hdf5	11
368	/data/1_users/pezoldt/man_annotation/stripy/v1/NG039/NG039_P2_CC1/12_0.hdf5	12_0	None	None	Undefined	0		[2.00000000e+00 1.29205566e+03 2.32826477e+02 8.68405581e-01]	[2.00000000e+00 1.29205566e+03 2.32826477e+02 8.68405581e-01]	[5.00000000e+00 9.50507935e+02 3.07527710e+02 8.73475134e-01]			0.hdf5	12
369	/data/1_users/pezoldt/man_annotation/stripy/v1/NG039/NG039_P2_CC1/12_1.hdf5	12_1	None	None	normi_circle	0		[5.00000000e+00 9.50507935e+02 3.07527710e+02 8.73475134e-01]	[2.00000000e+00 1.29205566e+03 2.32826477e+02 8.68405581e-01]	[5.00000000e+00 9.50507935e+02 3.07527710e+02 8.73475134e-01]			1.hdf5	12
370	/data/1_users/pezoldt/man_annotation/stripy/v1/NG039/NG039_P2_CC1/13_0.hdf5	13_0	None	None	Undefined	0		[0.00000000e+00 1.29447986e+03 2.33687988e+02 8.79560709e-01]	[0.00000000e+00 1.29447986e+03 2.33687988e+02 8.79560709e-01]	[  6.         521.04742432 151.582798     0.8836531 ]			0.hdf5	13
371	/data/1_users/pezoldt/man_annotation/stripy/v1/NG039/NG039_P2_CC1/13_1.hdf5	13_1	None	None	Undefined	0		[  6.         521.04742432 151.582798     0.8836531 ]	[0.00000000e+00 1.29447986e+03 2.33687988e+02 8.79560709e-01]	[  6.         521.04742432 151.582798     0.8836531 ]			1.hdf5	13
372	/data/1_users/pezoldt/man_annotation/stripy/v1/NG039/NG039_P2_CC1/14_0.hdf5	14_0	None	None	Undefined	0		[0.00000000e+00 1.29409448e+03 2.35645050e+02 8.60053718e-01]	[0.00000000e+00 1.29409448e+03 2.35645050e+02 8.60053718e-01]	[5.00000000e+00 8.75066040e+02 3.32604919e+02 8.68766069e-01]			0.hdf5	14
373	/data/1_users/pezoldt/man_annotation/stripy/v1/NG039/NG039_P2_CC1/14_1.hdf5	14_1	None	None	Undefined	0		[5.00000000e+00 8.75066040e+02 3.32604919e+02 8.68766069e-01]	[0.00000000e+00 1.29409448e+03 2.35645050e+02 8.60053718e-01]	[5.00000000e+00 8.75066040e+02 3.32604919e+02 8.68766069e-01]			1.hdf5	14
374	/data/1_users/pezoldt/man_annotation/stripy/v1/NG039/NG039_P2_CC1/15_0.hdf5	15_0	None	None	Undefined	0		[2.00000000e+00 1.29334766e+03 2.35002258e+02 8.67489338e-01]	[2.00000000e+00 1.29334766e+03 2.35002258e+02 8.67489338e-01]	[  4.         706.15002441 147.41485214   0.87541407]			0.hdf5	15
375	/data/1_users/pezoldt/man_annotation/stripy/v1/NG039/NG039_P2_CC1/15_1.hdf5	15_1	None	None	Undefined	0		[  4.         706.15002441 147.41485214   0.87541407]	[2.00000000e+00 1.29334766e+03 2.35002258e+02 8.67489338e-01]	[  4.         706.15002441 147.41485214   0.87541407]			1.hdf5	15
376	/data/1_users/pezoldt/man_annotation/stripy/v1/NG039/NG039_P2_CC1/16_0.hdf5	16_0	None	None	Undefined	0		[2.00000000e+00 1.29616492e+03 2.37499207e+02 8.80372286e-01]	[2.00000000e+00 1.29616492e+03 2.37499207e+02 8.80372286e-01]	[9.00000000e+00 9.82876526e+02 3.01549255e+02 8.72732878e-01]			0.hdf5	16
377	/data/1_users/pezoldt/man_annotation/stripy/v1/NG039/NG039_P2_CC1/16_1.hdf5	16_1	None	None	stripy_nucleus	0		[9.00000000e+00 9.82876526e+02 3.01549255e+02 8.72732878e-01]	[2.00000000e+00 1.29616492e+03 2.37499207e+02 8.80372286e-01]	[9.00000000e+00 9.82876526e+02 3.01549255e+02 8.72732878e-01]			1.hdf5	16
378	/data/1_users/pezoldt/man_annotation/stripy/v1/NG039/NG039_P2_CC1/17_0.hdf5	17_0	None	None	Undefined	0		[2.00000000e+00 1.29398950e+03 2.37034500e+02 8.63576293e-01]	[2.00000000e+00 1.29398950e+03 2.37034500e+02 8.63576293e-01]	[4.00000000e+00 1.07477405e+03 3.32202942e+02 8.70408416e-01]			0.hdf5	17
379	/data/1_users/pezoldt/man_annotation/stripy/v1/NG039/NG039_P2_CC1/17_1.hdf5	17_1	None	None	normi_demicircle	0		[4.00000000e+00 1.07477405e+03 3.32202942e+02 8.70408416e-01]	[2.00000000e+00 1.29398950e+03 2.37034500e+02 8.63576293e-01]	[4.00000000e+00 1.07477405e+03 3.32202942e+02 8.70408416e-01]			1.hdf5	17
380	/data/1_users/pezoldt/man_annotation/stripy/v1/NG039/NG039_P2_CC1/18_0.hdf5	18_0	None	None	Undefined	0		[2.00000000e+00 1.29525305e+03 2.36882874e+02 8.19266975e-01]	[2.00000000e+00 1.29525305e+03 2.36882874e+02 8.19266975e-01]	[4.00000000e+00 9.71673462e+02 3.43392822e+02 8.65467906e-01]			0.hdf5	18
381	/data/1_users/pezoldt/man_annotation/stripy/v1/NG039/NG039_P2_CC1/18_1.hdf5	18_1	None	None	normi_circle	0		[4.00000000e+00 9.71673462e+02 3.43392822e+02 8.65467906e-01]	[2.00000000e+00 1.29525305e+03 2.36882874e+02 8.19266975e-01]	[4.00000000e+00 9.71673462e+02 3.43392822e+02 8.65467906e-01]			1.hdf5	18
382	/data/1_users/pezoldt/man_annotation/stripy/v1/NG039/NG039_P2_CC1/19_0.hdf5	19_0	None	None	stripy_nucleus	0	[4.00000000e+00 8.99976624e+02 2.89737701e+02 8.74700904e-01]	[4.00000000e+00 8.99976624e+02 2.89737701e+02 8.74700904e-01]					0.hdf5	19
346	/data/1_users/pezoldt/man_annotation/stripy/v1/NG039/NG039_P2_CC1/1_0.hdf5	1_0	None	None	Undefined	0		[1.00000000e+00 1.29718909e+03 2.33681290e+02 8.79205167e-01]	[1.00000000e+00 1.29718909e+03 2.33681290e+02 8.79205167e-01]	[  7.         704.1282959  311.66687012   0.86861008]			0.hdf5	1
347	/data/1_users/pezoldt/man_annotation/stripy/v1/NG039/NG039_P2_CC1/1_1.hdf5	1_1	None	None	Undefined	0		[  7.         704.1282959  311.66687012   0.86861008]	[1.00000000e+00 1.29718909e+03 2.33681290e+02 8.79205167e-01]	[  7.         704.1282959  311.66687012   0.86861008]			1.hdf5	1
383	/data/1_users/pezoldt/man_annotation/stripy/v1/NG039/NG039_P2_CC1/20_0.hdf5	20_0	None	None	Undefined	0		[2.00000000e+00 1.29826770e+03 2.36437317e+02 8.50004435e-01]	[2.00000000e+00 1.29826770e+03 2.36437317e+02 8.50004435e-01]	[5.00000000e+00 1.01890503e+03 3.34739563e+02 8.80720854e-01]			0.hdf5	20
384	/data/1_users/pezoldt/man_annotation/stripy/v1/NG039/NG039_P2_CC1/20_1.hdf5	20_1	None	None	Undefined	0		[5.00000000e+00 1.01890503e+03 3.34739563e+02 8.80720854e-01]	[2.00000000e+00 1.29826770e+03 2.36437317e+02 8.50004435e-01]	[5.00000000e+00 1.01890503e+03 3.34739563e+02 8.80720854e-01]			1.hdf5	20
385	/data/1_users/pezoldt/man_annotation/stripy/v1/NG039/NG039_P2_CC1/21_0.hdf5	21_0	None	None	Undefined	0		[0.00000000e+00 1.29855334e+03 2.39416138e+02 8.74313533e-01]	[0.00000000e+00 1.29855334e+03 2.39416138e+02 8.74313533e-01]	[1.10000000e+01 1.19420190e+03 3.23785278e+02 8.77571881e-01]			0.hdf5	21
386	/data/1_users/pezoldt/man_annotation/stripy/v1/NG039/NG039_P2_CC1/21_1.hdf5	21_1	None	None	stripy_center	0		[1.10000000e+01 1.19420190e+03 3.23785278e+02 8.77571881e-01]	[0.00000000e+00 1.29855334e+03 2.39416138e+02 8.74313533e-01]	[1.10000000e+01 1.19420190e+03 3.23785278e+02 8.77571881e-01]			1.hdf5	21
387	/data/1_users/pezoldt/man_annotation/stripy/v1/NG039/NG039_P2_CC1/22_0.hdf5	22_0	None	None	Undefined	0	[  4.         740.15100098 150.97392273   0.87503803]	[  4.         740.15100098 150.97392273   0.87503803]					0.hdf5	22
388	/data/1_users/pezoldt/man_annotation/stripy/v1/NG039/NG039_P2_CC1/23_0.hdf5	23_0	None	None	Undefined	0		[0.00000000e+00 1.29584631e+03 2.36752014e+02 8.23420107e-01]	[0.00000000e+00 1.29584631e+03 2.36752014e+02 8.23420107e-01]	[  8.         592.39831543 205.72061157   0.8880136 ]			0.hdf5	23
389	/data/1_users/pezoldt/man_annotation/stripy/v1/NG039/NG039_P2_CC1/23_1.hdf5	23_1	None	None	Undefined	0		[  8.         592.39831543 205.72061157   0.8880136 ]	[0.00000000e+00 1.29584631e+03 2.36752014e+02 8.23420107e-01]	[  8.         592.39831543 205.72061157   0.8880136 ]			1.hdf5	23
390	/data/1_users/pezoldt/man_annotation/stripy/v1/NG039/NG039_P2_CC1/24_0.hdf5	24_0	None	None	Undefined	0	[4.00000000e+00 8.81145996e+02 3.01526489e+02 8.77989352e-01]	[4.00000000e+00 8.81145996e+02 3.01526489e+02 8.77989352e-01]					0.hdf5	24
391	/data/1_users/pezoldt/man_annotation/stripy/v1/NG039/NG039_P2_CC1/25_0.hdf5	25_0	None	None	Undefined	0		[0.00000000e+00 1.29459802e+03 2.35802933e+02 8.56049418e-01]	[0.00000000e+00 1.29459802e+03 2.35802933e+02 8.56049418e-01]	[5.00000000e+00 9.13206116e+02 3.39377472e+02 8.72456193e-01]			0.hdf5	25
392	/data/1_users/pezoldt/man_annotation/stripy/v1/NG039/NG039_P2_CC1/25_1.hdf5	25_1	None	None	stripy_nucleus	0		[5.00000000e+00 9.13206116e+02 3.39377472e+02 8.72456193e-01]	[0.00000000e+00 1.29459802e+03 2.35802933e+02 8.56049418e-01]	[5.00000000e+00 9.13206116e+02 3.39377472e+02 8.72456193e-01]			1.hdf5	25
393	/data/1_users/pezoldt/man_annotation/stripy/v1/NG039/NG039_P2_CC1/26_0.hdf5	26_0	None	None	Undefined	0		[0.00000000e+00 1.29435718e+03 2.36678711e+02 8.33974779e-01]	[0.00000000e+00 1.29435718e+03 2.36678711e+02 8.33974779e-01]	[5.00000000e+00 9.60717651e+02 3.46365540e+02 8.74055326e-01]			0.hdf5	26
394	/data/1_users/pezoldt/man_annotation/stripy/v1/NG039/NG039_P2_CC1/26_1.hdf5	26_1	None	None	Undefined	0		[5.00000000e+00 9.60717651e+02 3.46365540e+02 8.74055326e-01]	[0.00000000e+00 1.29435718e+03 2.36678711e+02 8.33974779e-01]	[5.00000000e+00 9.60717651e+02 3.46365540e+02 8.74055326e-01]			1.hdf5	26
395	/data/1_users/pezoldt/man_annotation/stripy/v1/NG039/NG039_P2_CC1/27_0.hdf5	27_0	None	None	Undefined	0		[0.00000000e+00 1.29827661e+03 2.40897430e+02 8.53130281e-01]	[0.00000000e+00 1.29827661e+03 2.40897430e+02 8.53130281e-01]	[  8.         862.08123779 304.11560059   0.86234671]			0.hdf5	27
396	/data/1_users/pezoldt/man_annotation/stripy/v1/NG039/NG039_P2_CC1/27_1.hdf5	27_1	None	None	stripy_nucleus	0		[  8.         862.08123779 304.11560059   0.86234671]	[0.00000000e+00 1.29827661e+03 2.40897430e+02 8.53130281e-01]	[  8.         862.08123779 304.11560059   0.86234671]			1.hdf5	27
397	/data/1_users/pezoldt/man_annotation/stripy/v1/NG039/NG039_P2_CC1/28_0.hdf5	28_0	None	None	Undefined	0		[0.00000000e+00 1.29407959e+03 2.38400131e+02 8.66103053e-01]	[0.00000000e+00 1.29407959e+03 2.38400131e+02 8.66103053e-01]	[7.00000000e+00 8.99011475e+02 3.40493225e+02 8.71625662e-01]			0.hdf5	28
398	/data/1_users/pezoldt/man_annotation/stripy/v1/NG039/NG039_P2_CC1/28_1.hdf5	28_1	None	None	stripy_nucleus	0		[7.00000000e+00 8.99011475e+02 3.40493225e+02 8.71625662e-01]	[0.00000000e+00 1.29407959e+03 2.38400131e+02 8.66103053e-01]	[7.00000000e+00 8.99011475e+02 3.40493225e+02 8.71625662e-01]			1.hdf5	28
399	/data/1_users/pezoldt/man_annotation/stripy/v1/NG039/NG039_P2_CC1/29_0.hdf5	29_0	None	None	stripy_nucleus	0	[  9.         831.47497559 264.90539551   0.87179655]	[  9.         831.47497559 264.90539551   0.87179655]					0.hdf5	29
348	/data/1_users/pezoldt/man_annotation/stripy/v1/NG039/NG039_P2_CC1/2_0.hdf5	2_0	None	None	Undefined	0		[2.00000000e+00 1.29718066e+03 2.35869354e+02 8.83445084e-01]	[2.00000000e+00 1.29718066e+03 2.35869354e+02 8.83445084e-01]	[1.00000000e+01 1.07976453e+03 2.94817505e+02 8.89871538e-01]			0.hdf5	2
349	/data/1_users/pezoldt/man_annotation/stripy/v1/NG039/NG039_P2_CC1/2_1.hdf5	2_1	None	None	Undefined	0		[1.00000000e+01 1.07976453e+03 2.94817505e+02 8.89871538e-01]	[2.00000000e+00 1.29718066e+03 2.35869354e+02 8.83445084e-01]	[1.00000000e+01 1.07976453e+03 2.94817505e+02 8.89871538e-01]			1.hdf5	2
400	/data/1_users/pezoldt/man_annotation/stripy/v1/NG039/NG039_P2_CC1/30_0.hdf5	30_0	None	None	Undefined	0		[0.00000000e+00 1.28889941e+03 2.32676254e+02 8.79091382e-01]	[0.00000000e+00 1.28889941e+03 2.32676254e+02 8.79091382e-01]	[  5.         878.88061523 161.28738403   0.89179081]			0.hdf5	30
401	/data/1_users/pezoldt/man_annotation/stripy/v1/NG039/NG039_P2_CC1/30_1.hdf5	30_1	None	None	Undefined	0		[  5.         878.88061523 161.28738403   0.89179081]	[0.00000000e+00 1.28889941e+03 2.32676254e+02 8.79091382e-01]	[  5.         878.88061523 161.28738403   0.89179081]			1.hdf5	30
402	/data/1_users/pezoldt/man_annotation/stripy/v1/NG039/NG039_P2_CC1/31_0.hdf5	31_0	None	None	Undefined	0		[0.00000000e+00 1.29715137e+03 2.39589890e+02 8.77298951e-01]	[0.00000000e+00 1.29715137e+03 2.39589890e+02 8.77298951e-01]	[4.00000000e+00 9.57300171e+02 3.44159760e+02 8.68350685e-01]			0.hdf5	31
403	/data/1_users/pezoldt/man_annotation/stripy/v1/NG039/NG039_P2_CC1/31_1.hdf5	31_1	None	None	normi_circle	0		[4.00000000e+00 9.57300171e+02 3.44159760e+02 8.68350685e-01]	[0.00000000e+00 1.29715137e+03 2.39589890e+02 8.77298951e-01]	[4.00000000e+00 9.57300171e+02 3.44159760e+02 8.68350685e-01]			1.hdf5	31
404	/data/1_users/pezoldt/man_annotation/stripy/v1/NG039/NG039_P2_CC1/32_0.hdf5	32_0	None	None	Undefined	0		[0.00000000e+00 1.29744238e+03 2.38645721e+02 8.81865859e-01]	[0.00000000e+00 1.29744238e+03 2.38645721e+02 8.81865859e-01]	[ 10.         876.78759766 275.1053772    0.88829935]			0.hdf5	32
405	/data/1_users/pezoldt/man_annotation/stripy/v1/NG039/NG039_P2_CC1/32_1.hdf5	32_1	None	None	stripy_nucleus	0		[ 10.         876.78759766 275.1053772    0.88829935]	[0.00000000e+00 1.29744238e+03 2.38645721e+02 8.81865859e-01]	[ 10.         876.78759766 275.1053772    0.88829935]			1.hdf5	32
406	/data/1_users/pezoldt/man_annotation/stripy/v1/NG039/NG039_P2_CC1/33_0.hdf5	33_0	None	None	Undefined	0		[0.00000000e+00 1.29613135e+03 2.39615784e+02 8.54116857e-01]	[0.00000000e+00 1.29613135e+03 2.39615784e+02 8.54116857e-01]	[4.00000000e+00 1.08525317e+03 3.38643982e+02 8.74818444e-01]			0.hdf5	33
407	/data/1_users/pezoldt/man_annotation/stripy/v1/NG039/NG039_P2_CC1/33_1.hdf5	33_1	None	None	stripy_nucleus	0		[4.00000000e+00 1.08525317e+03 3.38643982e+02 8.74818444e-01]	[0.00000000e+00 1.29613135e+03 2.39615784e+02 8.54116857e-01]	[4.00000000e+00 1.08525317e+03 3.38643982e+02 8.74818444e-01]			1.hdf5	33
408	/data/1_users/pezoldt/man_annotation/stripy/v1/NG039/NG039_P2_CC1/34_0.hdf5	34_0	None	None	Undefined	0		[0.00000000e+00 1.29630249e+03 2.38983047e+02 8.48776400e-01]	[0.00000000e+00 1.29630249e+03 2.38983047e+02 8.48776400e-01]	[  3.         863.61053467 268.52373505   0.87473822]			0.hdf5	34
409	/data/1_users/pezoldt/man_annotation/stripy/v1/NG039/NG039_P2_CC1/34_1.hdf5	34_1	None	None	stripy_nucleus	0		[  3.         863.61053467 268.52373505   0.87473822]	[0.00000000e+00 1.29630249e+03 2.38983047e+02 8.48776400e-01]	[  3.         863.61053467 268.52373505   0.87473822]			1.hdf5	34
410	/data/1_users/pezoldt/man_annotation/stripy/v1/NG039/NG039_P2_CC1/35_0.hdf5	35_0	None	None	Undefined	0		[0.00000000e+00 1.29754724e+03 2.36449738e+02 8.71710896e-01]	[0.00000000e+00 1.29754724e+03 2.36449738e+02 8.71710896e-01]	[1.00000000e+01 8.97862488e+02 2.11234436e+02 8.84714484e-01]			0.hdf5	35
411	/data/1_users/pezoldt/man_annotation/stripy/v1/NG039/NG039_P2_CC1/35_1.hdf5	35_1	None	None	Undefined	0		[1.00000000e+01 8.97862488e+02 2.11234436e+02 8.84714484e-01]	[0.00000000e+00 1.29754724e+03 2.36449738e+02 8.71710896e-01]	[1.00000000e+01 8.97862488e+02 2.11234436e+02 8.84714484e-01]			1.hdf5	35
412	/data/1_users/pezoldt/man_annotation/stripy/v1/NG039/NG039_P2_CC1/36_0.hdf5	36_0	None	None	Undefined	0		[0.00000000e+00 1.29789575e+03 2.38292633e+02 8.71670127e-01]	[0.00000000e+00 1.29789575e+03 2.38292633e+02 8.71670127e-01]	[  6.         294.91094971 202.16650391   0.86747849]			0.hdf5	36
413	/data/1_users/pezoldt/man_annotation/stripy/v1/NG039/NG039_P2_CC1/36_1.hdf5	36_1	None	None	Undefined	0		[  6.         294.91094971 202.16650391   0.86747849]	[0.00000000e+00 1.29789575e+03 2.38292633e+02 8.71670127e-01]	[  6.         294.91094971 202.16650391   0.86747849]			1.hdf5	36
414	/data/1_users/pezoldt/man_annotation/stripy/v1/NG039/NG039_P2_CC1/37_0.hdf5	37_0	None	None	Undefined	0		[0.00000000e+00 1.29670557e+03 2.38597031e+02 8.29879820e-01]	[0.00000000e+00 1.29670557e+03 2.38597031e+02 8.29879820e-01]	[4.00000000e+00 9.78055481e+02 3.48312439e+02 8.72616768e-01]			0.hdf5	37
415	/data/1_users/pezoldt/man_annotation/stripy/v1/NG039/NG039_P2_CC1/37_1.hdf5	37_1	None	None	Undefined	0		[4.00000000e+00 9.78055481e+02 3.48312439e+02 8.72616768e-01]	[0.00000000e+00 1.29670557e+03 2.38597031e+02 8.29879820e-01]	[4.00000000e+00 9.78055481e+02 3.48312439e+02 8.72616768e-01]			1.hdf5	37
416	/data/1_users/pezoldt/man_annotation/stripy/v1/NG039/NG039_P2_CC1/38_0.hdf5	38_0	None	None	normi_demicircle	0	[9.00000000e+00 9.40107117e+02 1.68683762e+02 8.73265803e-01]	[9.00000000e+00 9.40107117e+02 1.68683762e+02 8.73265803e-01]					0.hdf5	38
417	/data/1_users/pezoldt/man_annotation/stripy/v1/NG039/NG039_P2_CC1/39_0.hdf5	39_0	None	None	Undefined	0		[0.00000000e+00 1.28949548e+03 2.33198959e+02 8.76307786e-01]	[0.00000000e+00 1.28949548e+03 2.33198959e+02 8.76307786e-01]	[4.00000000e+00 1.08299268e+03 3.25844421e+02 8.70381653e-01]			0.hdf5	39
418	/data/1_users/pezoldt/man_annotation/stripy/v1/NG039/NG039_P2_CC1/39_1.hdf5	39_1	None	None	Undefined	0		[4.00000000e+00 1.08299268e+03 3.25844421e+02 8.70381653e-01]	[0.00000000e+00 1.28949548e+03 2.33198959e+02 8.76307786e-01]	[4.00000000e+00 1.08299268e+03 3.25844421e+02 8.70381653e-01]			1.hdf5	39
350	/data/1_users/pezoldt/man_annotation/stripy/v1/NG039/NG039_P2_CC1/3_0.hdf5	3_0	None	None	Undefined	0		[0.00000000e+00 1.28937537e+03 2.34658844e+02 8.88957083e-01]	[0.00000000e+00 1.28937537e+03 2.34658844e+02 8.88957083e-01]	[1.10000000e+01 1.11736462e+03 1.35232132e+02 8.81338596e-01]			0.hdf5	3
351	/data/1_users/pezoldt/man_annotation/stripy/v1/NG039/NG039_P2_CC1/3_1.hdf5	3_1	None	None	Undefined	0		[1.10000000e+01 1.11736462e+03 1.35232132e+02 8.81338596e-01]	[0.00000000e+00 1.28937537e+03 2.34658844e+02 8.88957083e-01]	[1.10000000e+01 1.11736462e+03 1.35232132e+02 8.81338596e-01]			1.hdf5	3
419	/data/1_users/pezoldt/man_annotation/stripy/v1/NG039/NG039_P2_CC1/40_0.hdf5	40_0	None	None	Undefined	0		[0.00000000e+00 1.29657178e+03 2.38181122e+02 8.89562368e-01]	[0.00000000e+00 1.29657178e+03 2.38181122e+02 8.89562368e-01]	[1.00000000e+01 8.81678101e+02 2.56684326e+02 8.76135886e-01]			0.hdf5	40
420	/data/1_users/pezoldt/man_annotation/stripy/v1/NG039/NG039_P2_CC1/40_1.hdf5	40_1	None	None	stripy_center	0		[1.00000000e+01 8.81678101e+02 2.56684326e+02 8.76135886e-01]	[0.00000000e+00 1.29657178e+03 2.38181122e+02 8.89562368e-01]	[1.00000000e+01 8.81678101e+02 2.56684326e+02 8.76135886e-01]			1.hdf5	40
421	/data/1_users/pezoldt/man_annotation/stripy/v1/NG039/NG039_P2_CC1/41_0.hdf5	41_0	None	None	Undefined	0		[0.00000000e+00 1.29815039e+03 2.42501160e+02 8.66981804e-01]	[0.00000000e+00 1.29815039e+03 2.42501160e+02 8.66981804e-01]	[  3.         666.50964355 178.67573547   0.89445102]			0.hdf5	41
422	/data/1_users/pezoldt/man_annotation/stripy/v1/NG039/NG039_P2_CC1/41_1.hdf5	41_1	None	None	normi_circle	0		[  3.         666.50964355 178.67573547   0.89445102]	[0.00000000e+00 1.29815039e+03 2.42501160e+02 8.66981804e-01]	[  3.         666.50964355 178.67573547   0.89445102]			1.hdf5	41
423	/data/1_users/pezoldt/man_annotation/stripy/v1/NG039/NG039_P2_CC1/42_0.hdf5	42_0	None	None	Undefined	0		[0.00000000e+00 1.29745264e+03 2.42285538e+02 8.80850971e-01]	[0.00000000e+00 1.29745264e+03 2.42285538e+02 8.80850971e-01]	[4.00000000e+00 1.01313947e+03 3.36814209e+02 8.77697945e-01]			0.hdf5	42
424	/data/1_users/pezoldt/man_annotation/stripy/v1/NG039/NG039_P2_CC1/42_1.hdf5	42_1	None	None	normi_circle	0		[4.00000000e+00 1.01313947e+03 3.36814209e+02 8.77697945e-01]	[0.00000000e+00 1.29745264e+03 2.42285538e+02 8.80850971e-01]	[4.00000000e+00 1.01313947e+03 3.36814209e+02 8.77697945e-01]			1.hdf5	42
425	/data/1_users/pezoldt/man_annotation/stripy/v1/NG039/NG039_P2_CC1/43_0.hdf5	43_0	None	None	Undefined	0		[0.00000000e+00 1.29908081e+03 2.41269730e+02 8.87467086e-01]	[0.00000000e+00 1.29908081e+03 2.41269730e+02 8.87467086e-01]	[5.00000000e+00 1.25785645e+03 3.39519714e+02 8.90162110e-01]			0.hdf5	43
426	/data/1_users/pezoldt/man_annotation/stripy/v1/NG039/NG039_P2_CC1/43_1.hdf5	43_1	None	None	stripy_center	0		[5.00000000e+00 1.25785645e+03 3.39519714e+02 8.90162110e-01]	[0.00000000e+00 1.29908081e+03 2.41269730e+02 8.87467086e-01]	[5.00000000e+00 1.25785645e+03 3.39519714e+02 8.90162110e-01]			1.hdf5	43
427	/data/1_users/pezoldt/man_annotation/stripy/v1/NG039/NG039_P2_CC1/44_0.hdf5	44_0	None	None	Undefined	0		[0.00000000e+00 1.30123755e+03 2.42752960e+02 8.69060934e-01]	[0.00000000e+00 1.30123755e+03 2.42752960e+02 8.69060934e-01]	[  5.         556.61767578 262.34936523   0.86916369]			0.hdf5	44
428	/data/1_users/pezoldt/man_annotation/stripy/v1/NG039/NG039_P2_CC1/44_1.hdf5	44_1	None	None	Undefined	0		[  5.         556.61767578 262.34936523   0.86916369]	[0.00000000e+00 1.30123755e+03 2.42752960e+02 8.69060934e-01]	[  5.         556.61767578 262.34936523   0.86916369]			1.hdf5	44
429	/data/1_users/pezoldt/man_annotation/stripy/v1/NG039/NG039_P2_CC1/45_0.hdf5	45_0	None	None	Undefined	0		[0.00000000e+00 1.30094568e+03 2.40816315e+02 8.77420366e-01]	[0.00000000e+00 1.30094568e+03 2.40816315e+02 8.77420366e-01]	[5.00000000e+00 1.00199103e+03 3.31770660e+02 8.73881161e-01]			0.hdf5	45
430	/data/1_users/pezoldt/man_annotation/stripy/v1/NG039/NG039_P2_CC1/45_1.hdf5	45_1	None	None	normi_circle	0		[5.00000000e+00 1.00199103e+03 3.31770660e+02 8.73881161e-01]	[0.00000000e+00 1.30094568e+03 2.40816315e+02 8.77420366e-01]	[5.00000000e+00 1.00199103e+03 3.31770660e+02 8.73881161e-01]			1.hdf5	45
431	/data/1_users/pezoldt/man_annotation/stripy/v1/NG039/NG039_P2_CC1/46_0.hdf5	46_0	None	None	Undefined	0		[0.00000000e+00 1.30336914e+03 2.39158020e+02 8.71249676e-01]	[0.00000000e+00 1.30336914e+03 2.39158020e+02 8.71249676e-01]	[1.00000000e+01 9.73855103e+02 2.83515251e+02 8.76842201e-01]			0.hdf5	46
432	/data/1_users/pezoldt/man_annotation/stripy/v1/NG039/NG039_P2_CC1/46_1.hdf5	46_1	None	None	stripy_nucleus	0		[1.00000000e+01 9.73855103e+02 2.83515251e+02 8.76842201e-01]	[0.00000000e+00 1.30336914e+03 2.39158020e+02 8.71249676e-01]	[1.00000000e+01 9.73855103e+02 2.83515251e+02 8.76842201e-01]			1.hdf5	46
433	/data/1_users/pezoldt/man_annotation/stripy/v1/NG039/NG039_P2_CC1/47_0.hdf5	47_0	None	None	Undefined	0		[0.00000000e+00 1.30206665e+03 2.37871201e+02 8.79001260e-01]	[0.00000000e+00 1.30206665e+03 2.37871201e+02 8.79001260e-01]	[1.10000000e+01 1.11467554e+03 1.82992188e+02 8.73403549e-01]			0.hdf5	47
434	/data/1_users/pezoldt/man_annotation/stripy/v1/NG039/NG039_P2_CC1/47_1.hdf5	47_1	None	None	normi_circle	0		[1.10000000e+01 1.11467554e+03 1.82992188e+02 8.73403549e-01]	[0.00000000e+00 1.30206665e+03 2.37871201e+02 8.79001260e-01]	[1.10000000e+01 1.11467554e+03 1.82992188e+02 8.73403549e-01]			1.hdf5	47
435	/data/1_users/pezoldt/man_annotation/stripy/v1/NG039/NG039_P2_CC1/48_0.hdf5	48_0	None	None	Undefined	0		[0.00000000e+00 1.30143079e+03 2.40472931e+02 8.69600117e-01]	[0.00000000e+00 1.30143079e+03 2.40472931e+02 8.69600117e-01]	[7.00000000e+00 1.20321045e+03 3.50132874e+02 8.87893260e-01]			0.hdf5	48
436	/data/1_users/pezoldt/man_annotation/stripy/v1/NG039/NG039_P2_CC1/48_1.hdf5	48_1	None	None	Undefined	0		[7.00000000e+00 1.20321045e+03 3.50132874e+02 8.87893260e-01]	[0.00000000e+00 1.30143079e+03 2.40472931e+02 8.69600117e-01]	[7.00000000e+00 1.20321045e+03 3.50132874e+02 8.87893260e-01]			1.hdf5	48
437	/data/1_users/pezoldt/man_annotation/stripy/v1/NG039/NG039_P2_CC1/49_0.hdf5	49_0	None	None	Undefined	0		[0.00000000e+00 1.29935498e+03 2.39639771e+02 8.78154337e-01]	[0.00000000e+00 1.29935498e+03 2.39639771e+02 8.78154337e-01]	[3.00000000e+00 9.81704346e+02 2.96832764e+02 8.68083954e-01]			0.hdf5	49
438	/data/1_users/pezoldt/man_annotation/stripy/v1/NG039/NG039_P2_CC1/49_1.hdf5	49_1	None	None	Undefined	0		[3.00000000e+00 9.81704346e+02 2.96832764e+02 8.68083954e-01]	[0.00000000e+00 1.29935498e+03 2.39639771e+02 8.78154337e-01]	[3.00000000e+00 9.81704346e+02 2.96832764e+02 8.68083954e-01]			1.hdf5	49
352	/data/1_users/pezoldt/man_annotation/stripy/v1/NG039/NG039_P2_CC1/4_0.hdf5	4_0	None	None	Undefined	0		[0.00000000e+00 1.29100171e+03 2.35233292e+02 8.78752649e-01]	[0.00000000e+00 1.29100171e+03 2.35233292e+02 8.78752649e-01]	[4.00000000e+00 9.11014160e+02 3.03441772e+02 8.75270665e-01]			0.hdf5	4
353	/data/1_users/pezoldt/man_annotation/stripy/v1/NG039/NG039_P2_CC1/4_1.hdf5	4_1	None	None	normi_circle	0		[4.00000000e+00 9.11014160e+02 3.03441772e+02 8.75270665e-01]	[0.00000000e+00 1.29100171e+03 2.35233292e+02 8.78752649e-01]	[4.00000000e+00 9.11014160e+02 3.03441772e+02 8.75270665e-01]			1.hdf5	4
439	/data/1_users/pezoldt/man_annotation/stripy/v1/NG039/NG039_P2_CC1/50_0.hdf5	50_0	None	None	Undefined	0		[0.00000000e+00 1.30129688e+03 2.41322998e+02 8.53250802e-01]	[0.00000000e+00 1.30129688e+03 2.41322998e+02 8.53250802e-01]	[  7.         510.93270874 192.73324585   0.86656821]			0.hdf5	50
440	/data/1_users/pezoldt/man_annotation/stripy/v1/NG039/NG039_P2_CC1/50_1.hdf5	50_1	None	None	normi_circle	0		[  7.         510.93270874 192.73324585   0.86656821]	[0.00000000e+00 1.30129688e+03 2.41322998e+02 8.53250802e-01]	[  7.         510.93270874 192.73324585   0.86656821]			1.hdf5	50
441	/data/1_users/pezoldt/man_annotation/stripy/v1/NG039/NG039_P2_CC1/51_0.hdf5	51_0	None	None	Undefined	0		[0.00000000e+00 1.30147656e+03 2.42031387e+02 8.12120438e-01]	[0.00000000e+00 1.30147656e+03 2.42031387e+02 8.12120438e-01]	[  3.         828.26165771 284.10626984   0.86521614]			0.hdf5	51
442	/data/1_users/pezoldt/man_annotation/stripy/v1/NG039/NG039_P2_CC1/51_1.hdf5	51_1	None	None	normi_circle	0		[  3.         828.26165771 284.10626984   0.86521614]	[0.00000000e+00 1.30147656e+03 2.42031387e+02 8.12120438e-01]	[  3.         828.26165771 284.10626984   0.86521614]			1.hdf5	51
443	/data/1_users/pezoldt/man_annotation/stripy/v1/NG039/NG039_P2_CC1/52_0.hdf5	52_0	None	None	Undefined	0		[1.00000000e+00 1.30141846e+03 2.41560913e+02 8.31602573e-01]	[1.00000000e+00 1.30141846e+03 2.41560913e+02 8.31602573e-01]	[  2.         437.33343506 202.51431274   0.80489409]	[  4.         460.30422974 239.04293823   0.87076098]		0.hdf5	52
444	/data/1_users/pezoldt/man_annotation/stripy/v1/NG039/NG039_P2_CC1/52_1.hdf5	52_1	None	None	Undefined	0		[  2.         437.33343506 202.51431274   0.80489409]	[1.00000000e+00 1.30141846e+03 2.41560913e+02 8.31602573e-01]	[  2.         437.33343506 202.51431274   0.80489409]	[  4.         460.30422974 239.04293823   0.87076098]		1.hdf5	52
445	/data/1_users/pezoldt/man_annotation/stripy/v1/NG039/NG039_P2_CC1/52_2.hdf5	52_2	None	None	Undefined	0		[  4.         460.30422974 239.04293823   0.87076098]	[1.00000000e+00 1.30141846e+03 2.41560913e+02 8.31602573e-01]	[  2.         437.33343506 202.51431274   0.80489409]	[  4.         460.30422974 239.04293823   0.87076098]		2.hdf5	52
446	/data/1_users/pezoldt/man_annotation/stripy/v1/NG039/NG039_P2_CC1/53_0.hdf5	53_0	None	None	Undefined	0		[1.00000000e+00 1.30210852e+03 2.42488251e+02 8.31947923e-01]	[1.00000000e+00 1.30210852e+03 2.42488251e+02 8.31947923e-01]	[9.00000000e+00 1.02566821e+03 1.99388840e+02 8.87281895e-01]			0.hdf5	53
447	/data/1_users/pezoldt/man_annotation/stripy/v1/NG039/NG039_P2_CC1/53_1.hdf5	53_1	None	None	stripy_nucleus	0		[9.00000000e+00 1.02566821e+03 1.99388840e+02 8.87281895e-01]	[1.00000000e+00 1.30210852e+03 2.42488251e+02 8.31947923e-01]	[9.00000000e+00 1.02566821e+03 1.99388840e+02 8.87281895e-01]			1.hdf5	53
448	/data/1_users/pezoldt/man_annotation/stripy/v1/NG039/NG039_P2_CC1/54_0.hdf5	54_0	None	None	Undefined	0		[1.00000000e+00 1.30230664e+03 2.41772034e+02 8.53279889e-01]	[1.00000000e+00 1.30230664e+03 2.41772034e+02 8.53279889e-01]	[6.00000000e+00 1.43775940e+03 3.60667664e+02 9.03709173e-01]			0.hdf5	54
449	/data/1_users/pezoldt/man_annotation/stripy/v1/NG039/NG039_P2_CC1/54_1.hdf5	54_1	None	None	Undefined	0		[6.00000000e+00 1.43775940e+03 3.60667664e+02 9.03709173e-01]	[1.00000000e+00 1.30230664e+03 2.41772034e+02 8.53279889e-01]	[6.00000000e+00 1.43775940e+03 3.60667664e+02 9.03709173e-01]			1.hdf5	54
450	/data/1_users/pezoldt/man_annotation/stripy/v1/NG039/NG039_P2_CC1/55_0.hdf5	55_0	None	None	Undefined	0		[1.00000000e+00 1.30310693e+03 2.41483643e+02 8.40275466e-01]	[1.00000000e+00 1.30310693e+03 2.41483643e+02 8.40275466e-01]	[  4.         751.25408936 286.83068848   0.88124388]			0.hdf5	55
451	/data/1_users/pezoldt/man_annotation/stripy/v1/NG039/NG039_P2_CC1/55_1.hdf5	55_1	None	None	stripy_nucleus	0		[  4.         751.25408936 286.83068848   0.88124388]	[1.00000000e+00 1.30310693e+03 2.41483643e+02 8.40275466e-01]	[  4.         751.25408936 286.83068848   0.88124388]			1.hdf5	55
452	/data/1_users/pezoldt/man_annotation/stripy/v1/NG039/NG039_P2_CC1/56_0.hdf5	56_0	None	None	Undefined	0		[1.00000000e+00 1.30522266e+03 2.40581329e+02 8.20118845e-01]	[1.00000000e+00 1.30522266e+03 2.40581329e+02 8.20118845e-01]	[7.00000000e+00 9.25979126e+02 1.19310226e+02 8.91205370e-01]			0.hdf5	56
453	/data/1_users/pezoldt/man_annotation/stripy/v1/NG039/NG039_P2_CC1/56_1.hdf5	56_1	None	None	Undefined	0		[7.00000000e+00 9.25979126e+02 1.19310226e+02 8.91205370e-01]	[1.00000000e+00 1.30522266e+03 2.40581329e+02 8.20118845e-01]	[7.00000000e+00 9.25979126e+02 1.19310226e+02 8.91205370e-01]			1.hdf5	56
454	/data/1_users/pezoldt/man_annotation/stripy/v1/NG039/NG039_P2_CC1/57_0.hdf5	57_0	None	None	Undefined	0		[1.00000000e+00 1.30490198e+03 2.40263367e+02 8.64828587e-01]	[1.00000000e+00 1.30490198e+03 2.40263367e+02 8.64828587e-01]	[9.00000000e+00 1.04669681e+03 1.83734955e+02 8.85692120e-01]			0.hdf5	57
455	/data/1_users/pezoldt/man_annotation/stripy/v1/NG039/NG039_P2_CC1/57_1.hdf5	57_1	None	None	stripy_nucleus	0		[9.00000000e+00 1.04669681e+03 1.83734955e+02 8.85692120e-01]	[1.00000000e+00 1.30490198e+03 2.40263367e+02 8.64828587e-01]	[9.00000000e+00 1.04669681e+03 1.83734955e+02 8.85692120e-01]			1.hdf5	57
456	/data/1_users/pezoldt/man_annotation/stripy/v1/NG039/NG039_P2_CC1/58_0.hdf5	58_0	None	None	Undefined	0		[1.00000000e+00 1.30699487e+03 2.38738068e+02 8.39977026e-01]	[1.00000000e+00 1.30699487e+03 2.38738068e+02 8.39977026e-01]	[4.00000000e+00 1.11489819e+03 3.36961548e+02 8.76338482e-01]			0.hdf5	58
457	/data/1_users/pezoldt/man_annotation/stripy/v1/NG039/NG039_P2_CC1/58_1.hdf5	58_1	None	None	normi_demicircle	0		[4.00000000e+00 1.11489819e+03 3.36961548e+02 8.76338482e-01]	[1.00000000e+00 1.30699487e+03 2.38738068e+02 8.39977026e-01]	[4.00000000e+00 1.11489819e+03 3.36961548e+02 8.76338482e-01]			1.hdf5	58
458	/data/1_users/pezoldt/man_annotation/stripy/v1/NG039/NG039_P2_CC1/59_0.hdf5	59_0	None	None	Undefined	0		[1.00000000e+00 1.30632910e+03 2.38887527e+02 8.68137002e-01]	[1.00000000e+00 1.30632910e+03 2.38887527e+02 8.68137002e-01]	[7.00000000e+00 9.25235413e+02 1.29683167e+02 8.69466186e-01]			0.hdf5	59
459	/data/1_users/pezoldt/man_annotation/stripy/v1/NG039/NG039_P2_CC1/59_1.hdf5	59_1	None	None	stripy_center	0		[7.00000000e+00 9.25235413e+02 1.29683167e+02 8.69466186e-01]	[1.00000000e+00 1.30632910e+03 2.38887527e+02 8.68137002e-01]	[7.00000000e+00 9.25235413e+02 1.29683167e+02 8.69466186e-01]			1.hdf5	59
354	/data/1_users/pezoldt/man_annotation/stripy/v1/NG039/NG039_P2_CC1/5_0.hdf5	5_0	None	None	Undefined	0		[0.00000000e+00 1.29351562e+03 2.34687210e+02 8.78357708e-01]	[0.00000000e+00 1.29351562e+03 2.34687210e+02 8.78357708e-01]	[  9.         634.71014404 149.63879776   0.87075424]			0.hdf5	5
355	/data/1_users/pezoldt/man_annotation/stripy/v1/NG039/NG039_P2_CC1/5_1.hdf5	5_1	None	None	normi_demicircle	0		[  9.         634.71014404 149.63879776   0.87075424]	[0.00000000e+00 1.29351562e+03 2.34687210e+02 8.78357708e-01]	[  9.         634.71014404 149.63879776   0.87075424]			1.hdf5	5
460	/data/1_users/pezoldt/man_annotation/stripy/v1/NG039/NG039_P2_CC1/60_0.hdf5	60_0	None	None	Undefined	0		[0.00000000e+00 1.30746362e+03 2.35536255e+02 8.26497853e-01]	[0.00000000e+00 1.30746362e+03 2.35536255e+02 8.26497853e-01]	[  6.         369.52389526 202.24996948   0.8764593 ]			0.hdf5	60
461	/data/1_users/pezoldt/man_annotation/stripy/v1/NG039/NG039_P2_CC1/60_1.hdf5	60_1	None	None	Undefined	0		[  6.         369.52389526 202.24996948   0.8764593 ]	[0.00000000e+00 1.30746362e+03 2.35536255e+02 8.26497853e-01]	[  6.         369.52389526 202.24996948   0.8764593 ]			1.hdf5	60
462	/data/1_users/pezoldt/man_annotation/stripy/v1/NG039/NG039_P2_CC1/61_0.hdf5	61_0	None	None	Undefined	0		[0.00000000e+00 1.30652490e+03 2.36188019e+02 8.65414143e-01]	[0.00000000e+00 1.30652490e+03 2.36188019e+02 8.65414143e-01]	[  4.         193.16203308 156.87211609   0.86422968]			0.hdf5	61
463	/data/1_users/pezoldt/man_annotation/stripy/v1/NG039/NG039_P2_CC1/61_1.hdf5	61_1	None	None	Undefined	0		[  4.         193.16203308 156.87211609   0.86422968]	[0.00000000e+00 1.30652490e+03 2.36188019e+02 8.65414143e-01]	[  4.         193.16203308 156.87211609   0.86422968]			1.hdf5	61
464	/data/1_users/pezoldt/man_annotation/stripy/v1/NG039/NG039_P2_CC1/62_0.hdf5	62_0	None	None	Undefined	0		[1.00000000e+00 1.30680042e+03 2.40404419e+02 8.66654038e-01]	[1.00000000e+00 1.30680042e+03 2.40404419e+02 8.66654038e-01]	[9.00000000e+00 9.97299683e+02 2.99221069e+02 8.65765154e-01]			0.hdf5	62
465	/data/1_users/pezoldt/man_annotation/stripy/v1/NG039/NG039_P2_CC1/62_1.hdf5	62_1	None	None	normi_circle	0		[9.00000000e+00 9.97299683e+02 2.99221069e+02 8.65765154e-01]	[1.00000000e+00 1.30680042e+03 2.40404419e+02 8.66654038e-01]	[9.00000000e+00 9.97299683e+02 2.99221069e+02 8.65765154e-01]			1.hdf5	62
466	/data/1_users/pezoldt/man_annotation/stripy/v1/NG039/NG039_P2_CC1/63_0.hdf5	63_0	None	None	Undefined	0		[1.00000000e+00 1.30391895e+03 2.40238312e+02 8.64164114e-01]	[1.00000000e+00 1.30391895e+03 2.40238312e+02 8.64164114e-01]	[7.00000000e+00 9.22702820e+02 2.94289917e+02 8.72213364e-01]			0.hdf5	63
467	/data/1_users/pezoldt/man_annotation/stripy/v1/NG039/NG039_P2_CC1/63_1.hdf5	63_1	None	None	Undefined	0		[7.00000000e+00 9.22702820e+02 2.94289917e+02 8.72213364e-01]	[1.00000000e+00 1.30391895e+03 2.40238312e+02 8.64164114e-01]	[7.00000000e+00 9.22702820e+02 2.94289917e+02 8.72213364e-01]			1.hdf5	63
468	/data/1_users/pezoldt/man_annotation/stripy/v1/NG039/NG039_P2_CC1/64_0.hdf5	64_0	None	None	Undefined	0		[1.00000000e+00 1.30606409e+03 2.39672379e+02 8.39470088e-01]	[1.00000000e+00 1.30606409e+03 2.39672379e+02 8.39470088e-01]	[1.00000000e+01 1.09252393e+03 2.71569756e+02 8.83216441e-01]			0.hdf5	64
469	/data/1_users/pezoldt/man_annotation/stripy/v1/NG039/NG039_P2_CC1/64_1.hdf5	64_1	None	None	normi_demicircle	0		[1.00000000e+01 1.09252393e+03 2.71569756e+02 8.83216441e-01]	[1.00000000e+00 1.30606409e+03 2.39672379e+02 8.39470088e-01]	[1.00000000e+01 1.09252393e+03 2.71569756e+02 8.83216441e-01]			1.hdf5	64
470	/data/1_users/pezoldt/man_annotation/stripy/v1/NG039/NG039_P2_CC1/65_0.hdf5	65_0	None	None	Undefined	0		[1.00000000e+00 1.30745544e+03 2.39976898e+02 8.16467881e-01]	[1.00000000e+00 1.30745544e+03 2.39976898e+02 8.16467881e-01]	[1.10000000e+01 1.11406543e+03 1.93724899e+02 8.70962679e-01]			0.hdf5	65
471	/data/1_users/pezoldt/man_annotation/stripy/v1/NG039/NG039_P2_CC1/65_1.hdf5	65_1	None	None	stripy_center	0		[1.10000000e+01 1.11406543e+03 1.93724899e+02 8.70962679e-01]	[1.00000000e+00 1.30745544e+03 2.39976898e+02 8.16467881e-01]	[1.10000000e+01 1.11406543e+03 1.93724899e+02 8.70962679e-01]			1.hdf5	65
472	/data/1_users/pezoldt/man_annotation/stripy/v1/NG039/NG039_P2_CC1/66_0.hdf5	66_0	None	None	Undefined	0	[  3.         649.71148682 245.5687561    0.88066518]	[  3.         649.71148682 245.5687561    0.88066518]					0.hdf5	66
473	/data/1_users/pezoldt/man_annotation/stripy/v1/NG039/NG039_P2_CC1/67_0.hdf5	67_0	None	None	Undefined	0	[  5.         480.46118164 205.57147217   0.85938913]	[  5.         480.46118164 205.57147217   0.85938913]					0.hdf5	67
474	/data/1_users/pezoldt/man_annotation/stripy/v1/NG039/NG039_P2_CC1/68_0.hdf5	68_0	None	None	stripy_nucleus	0	[  4.         716.10583496 136.17071533   0.88119942]	[  4.         716.10583496 136.17071533   0.88119942]					0.hdf5	68
475	/data/1_users/pezoldt/man_annotation/stripy/v1/NG039/NG039_P2_CC1/69_0.hdf5	69_0	None	None	Undefined	0	[  4.         406.89886475 210.73095703   0.87453681]	[  4.         406.89886475 210.73095703   0.87453681]					0.hdf5	69
356	/data/1_users/pezoldt/man_annotation/stripy/v1/NG039/NG039_P2_CC1/6_0.hdf5	6_0	None	None	Undefined	0		[2.00000000e+00 1.29530017e+03 2.39420151e+02 8.78680050e-01]	[2.00000000e+00 1.29530017e+03 2.39420151e+02 8.78680050e-01]	[4.00000000e+00 9.88612976e+02 3.00228882e+02 8.73697817e-01]			0.hdf5	6
357	/data/1_users/pezoldt/man_annotation/stripy/v1/NG039/NG039_P2_CC1/6_1.hdf5	6_1	None	None	normi_circle	0		[4.00000000e+00 9.88612976e+02 3.00228882e+02 8.73697817e-01]	[2.00000000e+00 1.29530017e+03 2.39420151e+02 8.78680050e-01]	[4.00000000e+00 9.88612976e+02 3.00228882e+02 8.73697817e-01]			1.hdf5	6
476	/data/1_users/pezoldt/man_annotation/stripy/v1/NG039/NG039_P2_CC1/70_0.hdf5	70_0	None	None	Undefined	0	[  6.         879.50598145 276.94281006   0.8845728 ]	[  6.         879.50598145 276.94281006   0.8845728 ]					0.hdf5	70
477	/data/1_users/pezoldt/man_annotation/stripy/v1/NG039/NG039_P2_CC1/71_0.hdf5	71_0	None	None	normi_circle	0	[1.00000000e+01 1.03478763e+03 2.90549377e+02 8.73636782e-01]	[1.00000000e+01 1.03478763e+03 2.90549377e+02 8.73636782e-01]					0.hdf5	71
478	/data/1_users/pezoldt/man_annotation/stripy/v1/NG039/NG039_P2_CC1/72_0.hdf5	72_0	None	None	normi_circle	0	[  2.         706.76013184 239.49476624   0.8753072 ]	[  2.         706.76013184 239.49476624   0.8753072 ]					0.hdf5	72
479	/data/1_users/pezoldt/man_annotation/stripy/v1/NG039/NG039_P2_CC1/73_0.hdf5	73_0	None	None	Undefined	0	[  3.         616.31616211 146.5912323    0.87418813]	[  3.         616.31616211 146.5912323    0.87418813]					0.hdf5	73
480	/data/1_users/pezoldt/man_annotation/stripy/v1/NG039/NG039_P2_CC1/74_0.hdf5	74_0	None	None	Undefined	0		[0.00000000e+00 1.30727393e+03 2.36825638e+02 8.32645297e-01]	[0.00000000e+00 1.30727393e+03 2.36825638e+02 8.32645297e-01]	[6.00000000e+00 1.23108423e+03 3.26598785e+02 8.87659609e-01]			0.hdf5	74
481	/data/1_users/pezoldt/man_annotation/stripy/v1/NG039/NG039_P2_CC1/74_1.hdf5	74_1	None	None	stripy_center	0		[6.00000000e+00 1.23108423e+03 3.26598785e+02 8.87659609e-01]	[0.00000000e+00 1.30727393e+03 2.36825638e+02 8.32645297e-01]	[6.00000000e+00 1.23108423e+03 3.26598785e+02 8.87659609e-01]			1.hdf5	74
482	/data/1_users/pezoldt/man_annotation/stripy/v1/NG039/NG039_P2_CC1/75_0.hdf5	75_0	None	None	stripy_center	0	[7.00000000e+00 9.33808960e+02 3.34681396e+02 8.67681980e-01]	[7.00000000e+00 9.33808960e+02 3.34681396e+02 8.67681980e-01]					0.hdf5	75
483	/data/1_users/pezoldt/man_annotation/stripy/v1/NG039/NG039_P2_CC1/76_0.hdf5	76_0	None	None	Undefined	0	[3.00000000e+00 9.88609497e+02 3.33242676e+02 8.69170427e-01]	[3.00000000e+00 9.88609497e+02 3.33242676e+02 8.69170427e-01]					0.hdf5	76
484	/data/1_users/pezoldt/man_annotation/stripy/v1/NG039/NG039_P2_CC1/77_0.hdf5	77_0	None	None	stripy_nucleus	0	[8.00000000e+00 1.21017456e+03 3.33852386e+02 8.68295610e-01]	[8.00000000e+00 1.21017456e+03 3.33852386e+02 8.68295610e-01]					0.hdf5	77
485	/data/1_users/pezoldt/man_annotation/stripy/v1/NG039/NG039_P2_CC1/78_0.hdf5	78_0	None	None	Undefined	0	[1.00000000e+01 1.14996753e+03 2.71025391e+02 8.81559491e-01]	[1.00000000e+01 1.14996753e+03 2.71025391e+02 8.81559491e-01]					0.hdf5	78
486	/data/1_users/pezoldt/man_annotation/stripy/v1/NG039/NG039_P2_CC1/79_0.hdf5	79_0	None	None	stripy_nucleus	0	[8.00000000e+00 8.99821533e+02 2.54265808e+02 8.83746624e-01]	[8.00000000e+00 8.99821533e+02 2.54265808e+02 8.83746624e-01]					0.hdf5	79
358	/data/1_users/pezoldt/man_annotation/stripy/v1/NG039/NG039_P2_CC1/7_0.hdf5	7_0	None	None	Undefined	0		[2.00000000e+00 1.28991846e+03 2.32527527e+02 8.82465422e-01]	[2.00000000e+00 1.28991846e+03 2.32527527e+02 8.82465422e-01]	[4.00000000e+00 1.06403760e+03 2.85066048e+02 8.80614161e-01]			0.hdf5	7
359	/data/1_users/pezoldt/man_annotation/stripy/v1/NG039/NG039_P2_CC1/7_1.hdf5	7_1	None	None	Undefined	0		[4.00000000e+00 1.06403760e+03 2.85066048e+02 8.80614161e-01]	[2.00000000e+00 1.28991846e+03 2.32527527e+02 8.82465422e-01]	[4.00000000e+00 1.06403760e+03 2.85066048e+02 8.80614161e-01]			1.hdf5	7
487	/data/1_users/pezoldt/man_annotation/stripy/v1/NG039/NG039_P2_CC1/80_0.hdf5	80_0	None	None	normi_circle	0	[1.00000000e+01 1.02892480e+03 2.19994247e+02 8.77589226e-01]	[1.00000000e+01 1.02892480e+03 2.19994247e+02 8.77589226e-01]					0.hdf5	80
488	/data/1_users/pezoldt/man_annotation/stripy/v1/NG039/NG039_P2_CC1/81_0.hdf5	81_0	None	None	Undefined	0		[0.00000000e+00 1.30196899e+03 2.36997223e+02 8.10858667e-01]	[0.00000000e+00 1.30196899e+03 2.36997223e+02 8.10858667e-01]	[9.00000000e+00 1.15716479e+03 3.38146606e+02 8.55028331e-01]			0.hdf5	81
489	/data/1_users/pezoldt/man_annotation/stripy/v1/NG039/NG039_P2_CC1/81_1.hdf5	81_1	None	None	Undefined	0		[9.00000000e+00 1.15716479e+03 3.38146606e+02 8.55028331e-01]	[0.00000000e+00 1.30196899e+03 2.36997223e+02 8.10858667e-01]	[9.00000000e+00 1.15716479e+03 3.38146606e+02 8.55028331e-01]			1.hdf5	81
490	/data/1_users/pezoldt/man_annotation/stripy/v1/NG039/NG039_P2_CC1/82_0.hdf5	82_0	None	None	Undefined	0		[1.00000000e+00 1.30546582e+03 2.34210907e+02 8.32349718e-01]	[1.00000000e+00 1.30546582e+03 2.34210907e+02 8.32349718e-01]	[  3.         646.90808105 275.20703125   0.87835389]			0.hdf5	82
491	/data/1_users/pezoldt/man_annotation/stripy/v1/NG039/NG039_P2_CC1/82_1.hdf5	82_1	None	None	Undefined	0		[  3.         646.90808105 275.20703125   0.87835389]	[1.00000000e+00 1.30546582e+03 2.34210907e+02 8.32349718e-01]	[  3.         646.90808105 275.20703125   0.87835389]			1.hdf5	82
492	/data/1_users/pezoldt/man_annotation/stripy/v1/NG039/NG039_P2_CC1/83_0.hdf5	83_0	None	None	normi_circle	0	[  4.         868.08435059 325.52062988   0.87461489]	[  4.         868.08435059 325.52062988   0.87461489]					0.hdf5	83
493	/data/1_users/pezoldt/man_annotation/stripy/v1/NG039/NG039_P2_CC1/84_0.hdf5	84_0	None	None	Undefined	0		[0.00000000e+00 1.29353857e+03 2.27955688e+02 8.27513754e-01]	[0.00000000e+00 1.29353857e+03 2.27955688e+02 8.27513754e-01]	[  4.         736.95153809 288.45275116   0.87424427]			0.hdf5	84
494	/data/1_users/pezoldt/man_annotation/stripy/v1/NG039/NG039_P2_CC1/84_1.hdf5	84_1	None	None	Undefined	0		[  4.         736.95153809 288.45275116   0.87424427]	[0.00000000e+00 1.29353857e+03 2.27955688e+02 8.27513754e-01]	[  4.         736.95153809 288.45275116   0.87424427]			1.hdf5	84
495	/data/1_users/pezoldt/man_annotation/stripy/v1/NG039/NG039_P2_CC1/85_0.hdf5	85_0	None	None	Undefined	0		[0.00000000e+00 1.29701245e+03 2.28573273e+02 8.01366150e-01]	[0.00000000e+00 1.29701245e+03 2.28573273e+02 8.01366150e-01]	[3.00000000e+00 9.94020020e+02 3.22540131e+02 8.76049519e-01]			0.hdf5	85
496	/data/1_users/pezoldt/man_annotation/stripy/v1/NG039/NG039_P2_CC1/85_1.hdf5	85_1	None	None	Undefined	0		[3.00000000e+00 9.94020020e+02 3.22540131e+02 8.76049519e-01]	[0.00000000e+00 1.29701245e+03 2.28573273e+02 8.01366150e-01]	[3.00000000e+00 9.94020020e+02 3.22540131e+02 8.76049519e-01]			1.hdf5	85
497	/data/1_users/pezoldt/man_annotation/stripy/v1/NG039/NG039_P2_CC1/86_0.hdf5	86_0	None	None	normi_circle	0	[3.00000000e+00 9.96947510e+02 3.25229675e+02 8.71275902e-01]	[3.00000000e+00 9.96947510e+02 3.25229675e+02 8.71275902e-01]					0.hdf5	86
498	/data/1_users/pezoldt/man_annotation/stripy/v1/NG039/NG039_P2_CC1/88_0.hdf5	88_0	None	None	stripy_center	0	[9.00000000e+00 1.23107263e+03 2.74639229e+02 8.80288064e-01]	[9.00000000e+00 1.23107263e+03 2.74639229e+02 8.80288064e-01]					0.hdf5	88
499	/data/1_users/pezoldt/man_annotation/stripy/v1/NG039/NG039_P2_CC1/89_0.hdf5	89_0	None	None	Undefined	0	[9.00000000e+00 1.02028137e+03 2.70796509e+02 8.80288959e-01]	[9.00000000e+00 1.02028137e+03 2.70796509e+02 8.80288959e-01]					0.hdf5	89
360	/data/1_users/pezoldt/man_annotation/stripy/v1/NG039/NG039_P2_CC1/8_0.hdf5	8_0	None	None	Undefined	0		[0.00000000e+00 1.29095239e+03 2.35507950e+02 8.58138204e-01]	[0.00000000e+00 1.29095239e+03 2.35507950e+02 8.58138204e-01]	[  3.         533.99951172 190.36148071   0.87172431]			0.hdf5	8
361	/data/1_users/pezoldt/man_annotation/stripy/v1/NG039/NG039_P2_CC1/8_1.hdf5	8_1	None	None	Undefined	0		[  3.         533.99951172 190.36148071   0.87172431]	[0.00000000e+00 1.29095239e+03 2.35507950e+02 8.58138204e-01]	[  3.         533.99951172 190.36148071   0.87172431]			1.hdf5	8
500	/data/1_users/pezoldt/man_annotation/stripy/v1/NG039/NG039_P2_CC1/90_0.hdf5	90_0	None	None	Undefined	0	[2.00000000e+00 9.61754028e+02 2.94809723e+02 8.66656125e-01]	[2.00000000e+00 9.61754028e+02 2.94809723e+02 8.66656125e-01]					0.hdf5	90
501	/data/1_users/pezoldt/man_annotation/stripy/v1/NG039/NG039_P2_CC1/91_0.hdf5	91_0	None	None	normi_circle	0	[2.00000000e+00 8.90958740e+02 3.19363403e+02 8.70118797e-01]	[2.00000000e+00 8.90958740e+02 3.19363403e+02 8.70118797e-01]					0.hdf5	91
502	/data/1_users/pezoldt/man_annotation/stripy/v1/NG039/NG039_P2_CC1/92_0.hdf5	92_0	None	None	Undefined	0		[0.00000000e+00 1.30602295e+03 2.31775421e+02 8.49531233e-01]	[0.00000000e+00 1.30602295e+03 2.31775421e+02 8.49531233e-01]	[  5.         794.57611084 246.60766602   0.88514245]			0.hdf5	92
503	/data/1_users/pezoldt/man_annotation/stripy/v1/NG039/NG039_P2_CC1/92_1.hdf5	92_1	None	None	Undefined	0		[  5.         794.57611084 246.60766602   0.88514245]	[0.00000000e+00 1.30602295e+03 2.31775421e+02 8.49531233e-01]	[  5.         794.57611084 246.60766602   0.88514245]			1.hdf5	92
504	/data/1_users/pezoldt/man_annotation/stripy/v1/NG039/NG039_P2_CC1/93_0.hdf5	93_0	None	None	normi_circle	0	[  2.         776.81188965 179.33554077   0.87197953]	[  2.         776.81188965 179.33554077   0.87197953]					0.hdf5	93
505	/data/1_users/pezoldt/man_annotation/stripy/v1/NG039/NG039_P2_CC1/94_0.hdf5	94_0	None	None	stripy_nucleus	0	[2.00000000e+00 9.20719238e+02 3.16498230e+02 8.74763191e-01]	[2.00000000e+00 9.20719238e+02 3.16498230e+02 8.74763191e-01]					0.hdf5	94
506	/data/1_users/pezoldt/man_annotation/stripy/v1/NG039/NG039_P2_CC1/95_0.hdf5	95_0	None	None	stripy_nucleus	0	[4.00000000e+00 1.00357996e+03 3.52757141e+02 8.27594578e-01]	[4.00000000e+00 1.00357996e+03 3.52757141e+02 8.27594578e-01]					0.hdf5	95
362	/data/1_users/pezoldt/man_annotation/stripy/v1/NG039/NG039_P2_CC1/9_0.hdf5	9_0	None	None	Undefined	0		[2.00000000e+00 1.29706494e+03 2.35275299e+02 8.88205588e-01]	[2.00000000e+00 1.29706494e+03 2.35275299e+02 8.88205588e-01]	[4.00000000e+00 1.01655627e+03 3.18690002e+02 8.71797740e-01]			0.hdf5	9
363	/data/1_users/pezoldt/man_annotation/stripy/v1/NG039/NG039_P2_CC1/9_1.hdf5	9_1	None	None	normi_circle	0		[4.00000000e+00 1.01655627e+03 3.18690002e+02 8.71797740e-01]	[2.00000000e+00 1.29706494e+03 2.35275299e+02 8.88205588e-01]	[4.00000000e+00 1.01655627e+03 3.18690002e+02 8.71797740e-01]			1.hdf5	9
514	/data/1_users/pezoldt/man_annotation/stripy/v1/NG039/NG039_P2_CC3/10_0.hdf5	10_0	None	None	Undefined	0	[  7.        797.4296875 134.5045929   0.8901825]	[  7.        797.4296875 134.5045929   0.8901825]					0.hdf5	10
515	/data/1_users/pezoldt/man_annotation/stripy/v1/NG039/NG039_P2_CC3/11_0.hdf5	11_0	None	None	Undefined	0	[  6.         617.30090332 280.57058716   0.87478983]	[  6.         617.30090332 280.57058716   0.87478983]					0.hdf5	11
516	/data/1_users/pezoldt/man_annotation/stripy/v1/NG039/NG039_P2_CC3/12_0.hdf5	12_0	None	None	Undefined	0	[ 11.         734.37475586 281.83511353   0.86305368]	[ 11.         734.37475586 281.83511353   0.86305368]					0.hdf5	12
517	/data/1_users/pezoldt/man_annotation/stripy/v1/NG039/NG039_P2_CC3/13_0.hdf5	13_0	None	None	stripy_center	0	[ 12.         842.76220703 156.3835907    0.88161182]	[ 12.         842.76220703 156.3835907    0.88161182]					0.hdf5	13
518	/data/1_users/pezoldt/man_annotation/stripy/v1/NG039/NG039_P2_CC3/14_0.hdf5	14_0	None	None	normi_circle	0	[  6.         484.79974365 274.55413818   0.87255394]	[  6.         484.79974365 274.55413818   0.87255394]					0.hdf5	14
519	/data/1_users/pezoldt/man_annotation/stripy/v1/NG039/NG039_P2_CC3/15_0.hdf5	15_0	None	None	stripy_center	0	[ 10.         559.47167969 275.87768555   0.87488836]	[ 10.         559.47167969 275.87768555   0.87488836]					0.hdf5	15
520	/data/1_users/pezoldt/man_annotation/stripy/v1/NG039/NG039_P2_CC3/16_0.hdf5	16_0	None	None	Undefined	0	[  9.         713.89831543 253.28059387   0.85450089]	[  9.         713.89831543 253.28059387   0.85450089]					0.hdf5	16
521	/data/1_users/pezoldt/man_annotation/stripy/v1/NG039/NG039_P2_CC3/17_0.hdf5	17_0	None	None	Undefined	0	[  7.         821.65454102 264.3107605    0.85295641]	[  7.         821.65454102 264.3107605    0.85295641]					0.hdf5	17
522	/data/1_users/pezoldt/man_annotation/stripy/v1/NG039/NG039_P2_CC3/18_0.hdf5	18_0	None	None	Undefined	0	[1.30000000e+01 1.01889935e+03 2.65770576e+02 8.56852472e-01]	[1.30000000e+01 1.01889935e+03 2.65770576e+02 8.56852472e-01]					0.hdf5	18
523	/data/1_users/pezoldt/man_annotation/stripy/v1/NG039/NG039_P2_CC3/19_0.hdf5	19_0	None	None	normi_circle	0	[  7.         653.34289551 309.84020996   0.87050694]	[  7.         653.34289551 309.84020996   0.87050694]					0.hdf5	19
507	/data/1_users/pezoldt/man_annotation/stripy/v1/NG039/NG039_P2_CC3/1_0.hdf5	1_0	None	None	Undefined	0	[1.20000000e+01 1.05640524e+03 2.38698395e+02 8.77321422e-01]	[1.20000000e+01 1.05640524e+03 2.38698395e+02 8.77321422e-01]					0.hdf5	1
524	/data/1_users/pezoldt/man_annotation/stripy/v1/NG039/NG039_P2_CC3/20_0.hdf5	20_0	None	None	Undefined	0	[  6.         581.77954102 146.03738785   0.87207144]	[  6.         581.77954102 146.03738785   0.87207144]					0.hdf5	20
525	/data/1_users/pezoldt/man_annotation/stripy/v1/NG039/NG039_P2_CC3/21_0.hdf5	21_0	None	None	stripy_nucleus	0	[  6.         700.69335938 191.11306763   0.88029772]	[  6.         700.69335938 191.11306763   0.88029772]					0.hdf5	21
526	/data/1_users/pezoldt/man_annotation/stripy/v1/NG039/NG039_P2_CC3/22_0.hdf5	22_0	None	None	Undefined	0	[1.20000000e+01 1.17331836e+03 2.45232590e+02 8.95312309e-01]	[1.20000000e+01 1.17331836e+03 2.45232590e+02 8.95312309e-01]					0.hdf5	22
527	/data/1_users/pezoldt/man_annotation/stripy/v1/NG039/NG039_P2_CC3/24_0.hdf5	24_0	None	None	normi_circle	0	[  6.         166.62313843 284.47323608   0.86969697]	[  6.         166.62313843 284.47323608   0.86969697]					0.hdf5	24
528	/data/1_users/pezoldt/man_annotation/stripy/v1/NG039/NG039_P2_CC3/26_0.hdf5	26_0	None	None	normi_circle	0	[ 11.         647.07055664 294.41323853   0.87194401]	[ 11.         647.07055664 294.41323853   0.87194401]					0.hdf5	26
529	/data/1_users/pezoldt/man_annotation/stripy/v1/NG039/NG039_P2_CC3/28_0.hdf5	28_0	None	None	Undefined	0	[  7.         682.0914917  164.86288071   0.88541132]	[  7.         682.0914917  164.86288071   0.88541132]					0.hdf5	28
508	/data/1_users/pezoldt/man_annotation/stripy/v1/NG039/NG039_P2_CC3/2_0.hdf5	2_0	None	None		0	[  9.         560.94317627 106.4750824    0.8694697 ]	[  9.         560.94317627 106.4750824    0.8694697 ]					0.hdf5	2
530	/data/1_users/pezoldt/man_annotation/stripy/v1/NG039/NG039_P2_CC3/30_0.hdf5	30_0	None	None	Undefined	0	[6.00000000e+00 1.02735571e+03 1.57773285e+02 8.66386950e-01]	[6.00000000e+00 1.02735571e+03 1.57773285e+02 8.66386950e-01]					0.hdf5	30
531	/data/1_users/pezoldt/man_annotation/stripy/v1/NG039/NG039_P2_CC3/31_0.hdf5	31_0	None	None	Undefined	0	[6.00000000e+00 1.18263086e+03 2.72324951e+02 8.69688630e-01]	[6.00000000e+00 1.18263086e+03 2.72324951e+02 8.69688630e-01]					0.hdf5	31
532	/data/1_users/pezoldt/man_annotation/stripy/v1/NG039/NG039_P2_CC3/32_0.hdf5	32_0	None	None	stripy_center	0	[1.10000000e+01 1.03993054e+03 1.73579239e+02 8.64556611e-01]	[1.10000000e+01 1.03993054e+03 1.73579239e+02 8.64556611e-01]					0.hdf5	32
533	/data/1_users/pezoldt/man_annotation/stripy/v1/NG039/NG039_P2_CC3/33_0.hdf5	33_0	None	None	normi_circle	0	[1.00000000e+01 1.14372632e+03 2.75799896e+02 8.64327490e-01]	[1.00000000e+01 1.14372632e+03 2.75799896e+02 8.64327490e-01]					0.hdf5	33
534	/data/1_users/pezoldt/man_annotation/stripy/v1/NG039/NG039_P2_CC3/34_0.hdf5	34_0	None	None	stripy_nucleus	0	[1.20000000e+01 1.29970166e+03 1.94565643e+02 8.86560678e-01]	[1.20000000e+01 1.29970166e+03 1.94565643e+02 8.86560678e-01]					0.hdf5	34
535	/data/1_users/pezoldt/man_annotation/stripy/v1/NG039/NG039_P2_CC3/35_0.hdf5	35_0	None	None	stripy_center	0	[7.00000000e+00 1.18998193e+03 2.96106598e+02 8.66481483e-01]	[7.00000000e+00 1.18998193e+03 2.96106598e+02 8.66481483e-01]					0.hdf5	35
536	/data/1_users/pezoldt/man_annotation/stripy/v1/NG039/NG039_P2_CC3/36_0.hdf5	36_0	None	None	Undefined	0	[  9.         797.5402832  273.55917358   0.87867522]	[  9.         797.5402832  273.55917358   0.87867522]					0.hdf5	36
537	/data/1_users/pezoldt/man_annotation/stripy/v1/NG039/NG039_P2_CC3/37_0.hdf5	37_0	None	None	Undefined	0	[1.10000000e+01 9.62061768e+02 2.85492798e+02 8.65665615e-01]	[1.10000000e+01 9.62061768e+02 2.85492798e+02 8.65665615e-01]					0.hdf5	37
538	/data/1_users/pezoldt/man_annotation/stripy/v1/NG039/NG039_P2_CC3/38_0.hdf5	38_0	None	None	stripy_nucleus	0	[ 11.         833.10913086 294.73529053   0.86758876]	[ 11.         833.10913086 294.73529053   0.86758876]					0.hdf5	38
539	/data/1_users/pezoldt/man_annotation/stripy/v1/NG039/NG039_P2_CC3/39_0.hdf5	39_0	None	None	normi_circle	0	[  7.         671.58740234 304.25521851   0.87212783]	[  7.         671.58740234 304.25521851   0.87212783]					0.hdf5	39
540	/data/1_users/pezoldt/man_annotation/stripy/v1/NG039/NG039_P2_CC3/40_0.hdf5	40_0	None	None	Undefined	0	[  9.         645.58520508 288.35269165   0.87766564]	[  9.         645.58520508 288.35269165   0.87766564]					0.hdf5	40
541	/data/1_users/pezoldt/man_annotation/stripy/v1/NG039/NG039_P2_CC3/41_0.hdf5	41_0	None	None	Undefined	0	[1.10000000e+01 8.94317017e+02 3.00194824e+02 8.01447988e-01]	[1.10000000e+01 8.94317017e+02 3.00194824e+02 8.01447988e-01]					0.hdf5	41
542	/data/1_users/pezoldt/man_annotation/stripy/v1/NG039/NG039_P2_CC3/43_0.hdf5	43_0	None	None	Undefined	0		[2.00000000e+00 1.13906909e+03 2.59000244e+02 8.59802783e-01]	[2.00000000e+00 1.13906909e+03 2.59000244e+02 8.59802783e-01]	[8.00000000e+00 1.13678687e+03 3.04963318e+02 8.59259725e-01]			0.hdf5	43
543	/data/1_users/pezoldt/man_annotation/stripy/v1/NG039/NG039_P2_CC3/43_1.hdf5	43_1	None	None	Undefined	0		[8.00000000e+00 1.13678687e+03 3.04963318e+02 8.59259725e-01]	[2.00000000e+00 1.13906909e+03 2.59000244e+02 8.59802783e-01]	[8.00000000e+00 1.13678687e+03 3.04963318e+02 8.59259725e-01]			1.hdf5	43
544	/data/1_users/pezoldt/man_annotation/stripy/v1/NG039/NG039_P2_CC3/44_0.hdf5	44_0	None	None	Undefined	0	[6.00000000e+00 1.32144897e+03 2.82367706e+02 8.65967512e-01]	[6.00000000e+00 1.32144897e+03 2.82367706e+02 8.65967512e-01]					0.hdf5	44
545	/data/1_users/pezoldt/man_annotation/stripy/v1/NG039/NG039_P2_CC3/45_0.hdf5	45_0	None	None	normi_circle	0	[1.10000000e+01 1.29442334e+03 2.98776276e+02 8.63345206e-01]	[1.10000000e+01 1.29442334e+03 2.98776276e+02 8.63345206e-01]					0.hdf5	45
546	/data/1_users/pezoldt/man_annotation/stripy/v1/NG039/NG039_P2_CC3/46_0.hdf5	46_0	None	None	Undefined	0	[1.10000000e+01 1.40200830e+03 3.07667603e+02 8.68299425e-01]	[1.10000000e+01 1.40200830e+03 3.07667603e+02 8.68299425e-01]					0.hdf5	46
547	/data/1_users/pezoldt/man_annotation/stripy/v1/NG039/NG039_P2_CC3/47_0.hdf5	47_0	None	None	Undefined	0	[1.20000000e+01 1.28354370e+03 1.30003937e+02 8.74829948e-01]	[1.20000000e+01 1.28354370e+03 1.30003937e+02 8.74829948e-01]					0.hdf5	47
548	/data/1_users/pezoldt/man_annotation/stripy/v1/NG039/NG039_P2_CC3/48_0.hdf5	48_0	None	None	Undefined	0	[6.00000000e+00 1.27133643e+03 2.96728851e+02 8.58641922e-01]	[6.00000000e+00 1.27133643e+03 2.96728851e+02 8.58641922e-01]					0.hdf5	48
549	/data/1_users/pezoldt/man_annotation/stripy/v1/NG039/NG039_P2_CC3/49_0.hdf5	49_0	None	None	normi_circle	0	[1.20000000e+01 1.33615979e+03 1.54865566e+02 8.77574563e-01]	[1.20000000e+01 1.33615979e+03 1.54865566e+02 8.77574563e-01]					0.hdf5	49
509	/data/1_users/pezoldt/man_annotation/stripy/v1/NG039/NG039_P2_CC3/4_0.hdf5	4_0	None	None		0	[  6.         585.03710938 116.5749054    0.86527628]	[  6.         585.03710938 116.5749054    0.86527628]					0.hdf5	4
550	/data/1_users/pezoldt/man_annotation/stripy/v1/NG039/NG039_P2_CC3/50_0.hdf5	50_0	None	None	stripy_center	0	[1.20000000e+01 1.57993091e+03 2.52041977e+02 8.84522796e-01]	[1.20000000e+01 1.57993091e+03 2.52041977e+02 8.84522796e-01]					0.hdf5	50
551	/data/1_users/pezoldt/man_annotation/stripy/v1/NG039/NG039_P2_CC3/51_0.hdf5	51_0	None	None	normi_circle	0	[1.30000000e+01 1.45187769e+03 2.08041260e+02 8.46818089e-01]	[1.30000000e+01 1.45187769e+03 2.08041260e+02 8.46818089e-01]					0.hdf5	51
552	/data/1_users/pezoldt/man_annotation/stripy/v1/NG039/NG039_P2_CC3/52_0.hdf5	52_0	None	None	stripy_nucleus	0	[5.00000000e+00 1.02243567e+03 2.95470734e+02 8.70954692e-01]	[5.00000000e+00 1.02243567e+03 2.95470734e+02 8.70954692e-01]					0.hdf5	52
553	/data/1_users/pezoldt/man_annotation/stripy/v1/NG039/NG039_P2_CC3/53_0.hdf5	53_0	None	None	Undefined	0	[  7.         774.66448975 247.43530273   0.87701386]	[  7.         774.66448975 247.43530273   0.87701386]					0.hdf5	53
554	/data/1_users/pezoldt/man_annotation/stripy/v1/NG039/NG039_P2_CC3/54_0.hdf5	54_0	None	None	normi_circle	0	[  5.         484.65881348 319.70709229   0.87552261]	[  5.         484.65881348 319.70709229   0.87552261]					0.hdf5	54
555	/data/1_users/pezoldt/man_annotation/stripy/v1/NG039/NG039_P2_CC3/55_0.hdf5	55_0	None	None	stripy_nucleus	0	[  6.         141.15522766 205.00843811   0.88166827]	[  6.         141.15522766 205.00843811   0.88166827]					0.hdf5	55
556	/data/1_users/pezoldt/man_annotation/stripy/v1/NG039/NG039_P2_CC3/56_0.hdf5	56_0	None	None	Undefined	0	[  9.         217.0385437  140.97616577   0.81621826]	[  9.         217.0385437  140.97616577   0.81621826]					0.hdf5	56
557	/data/1_users/pezoldt/man_annotation/stripy/v1/NG039/NG039_P2_CC3/58_0.hdf5	58_0	None	None	Undefined	0		[7.00000000e+00 1.21415015e+03 2.97306793e+02 8.63042295e-01]	[7.00000000e+00 1.21415015e+03 2.97306793e+02 8.63042295e-01]	[1.50000000e+01 1.31810400e+03 1.92717728e+02 8.56447756e-01]			0.hdf5	58
558	/data/1_users/pezoldt/man_annotation/stripy/v1/NG039/NG039_P2_CC3/58_1.hdf5	58_1	None	None	Undefined	0		[1.50000000e+01 1.31810400e+03 1.92717728e+02 8.56447756e-01]	[7.00000000e+00 1.21415015e+03 2.97306793e+02 8.63042295e-01]	[1.50000000e+01 1.31810400e+03 1.92717728e+02 8.56447756e-01]			1.hdf5	58
559	/data/1_users/pezoldt/man_annotation/stripy/v1/NG039/NG039_P2_CC3/59_0.hdf5	59_0	None	None	Undefined	0		[2.00000000e+00 1.23799561e+03 2.12290298e+02 8.43526959e-01]	[2.00000000e+00 1.23799561e+03 2.12290298e+02 8.43526959e-01]	[  7.         663.74316406 158.44602966   0.87000036]			0.hdf5	59
560	/data/1_users/pezoldt/man_annotation/stripy/v1/NG039/NG039_P2_CC3/59_1.hdf5	59_1	None	None	Undefined	0		[  7.         663.74316406 158.44602966   0.87000036]	[2.00000000e+00 1.23799561e+03 2.12290298e+02 8.43526959e-01]	[  7.         663.74316406 158.44602966   0.87000036]			1.hdf5	59
561	/data/1_users/pezoldt/man_annotation/stripy/v1/NG039/NG039_P2_CC3/60_0.hdf5	60_0	None	None	Undefined	0		[4.00000000e+00 1.22449829e+03 2.20428452e+02 8.55790377e-01]	[4.00000000e+00 1.22449829e+03 2.20428452e+02 8.55790377e-01]	[8.00000000e+00 1.72469714e+03 2.86354179e+02 8.80937815e-01]	[1.40000000e+01 9.80974792e+02 1.65098679e+02 8.71297359e-01]		0.hdf5	60
562	/data/1_users/pezoldt/man_annotation/stripy/v1/NG039/NG039_P2_CC3/60_1.hdf5	60_1	None	None	Undefined	0		[8.00000000e+00 1.72469714e+03 2.86354179e+02 8.80937815e-01]	[4.00000000e+00 1.22449829e+03 2.20428452e+02 8.55790377e-01]	[8.00000000e+00 1.72469714e+03 2.86354179e+02 8.80937815e-01]	[1.40000000e+01 9.80974792e+02 1.65098679e+02 8.71297359e-01]		1.hdf5	60
563	/data/1_users/pezoldt/man_annotation/stripy/v1/NG039/NG039_P2_CC3/60_2.hdf5	60_2	None	None	Undefined	0		[1.40000000e+01 9.80974792e+02 1.65098679e+02 8.71297359e-01]	[4.00000000e+00 1.22449829e+03 2.20428452e+02 8.55790377e-01]	[8.00000000e+00 1.72469714e+03 2.86354179e+02 8.80937815e-01]	[1.40000000e+01 9.80974792e+02 1.65098679e+02 8.71297359e-01]		2.hdf5	60
564	/data/1_users/pezoldt/man_annotation/stripy/v1/NG039/NG039_P2_CC3/61_0.hdf5	61_0	None	None	Undefined	0		[4.00000000e+00 1.22393042e+03 2.21816956e+02 8.51870477e-01]	[4.00000000e+00 1.22393042e+03 2.21816956e+02 8.51870477e-01]	[1.00000000e+01 1.54223523e+03 3.22984619e+02 8.70766044e-01]	[1.40000000e+01 8.64950317e+02 1.48322113e+02 8.00591648e-01]		0.hdf5	61
565	/data/1_users/pezoldt/man_annotation/stripy/v1/NG039/NG039_P2_CC3/61_1.hdf5	61_1	None	None	Undefined	0		[1.00000000e+01 1.54223523e+03 3.22984619e+02 8.70766044e-01]	[4.00000000e+00 1.22393042e+03 2.21816956e+02 8.51870477e-01]	[1.00000000e+01 1.54223523e+03 3.22984619e+02 8.70766044e-01]	[1.40000000e+01 8.64950317e+02 1.48322113e+02 8.00591648e-01]		1.hdf5	61
566	/data/1_users/pezoldt/man_annotation/stripy/v1/NG039/NG039_P2_CC3/61_2.hdf5	61_2	None	None	Undefined	0		[1.40000000e+01 8.64950317e+02 1.48322113e+02 8.00591648e-01]	[4.00000000e+00 1.22393042e+03 2.21816956e+02 8.51870477e-01]	[1.00000000e+01 1.54223523e+03 3.22984619e+02 8.70766044e-01]	[1.40000000e+01 8.64950317e+02 1.48322113e+02 8.00591648e-01]		2.hdf5	61
567	/data/1_users/pezoldt/man_annotation/stripy/v1/NG039/NG039_P2_CC3/62_0.hdf5	62_0	None	None	Undefined	0		[4.00000000e+00 1.22407959e+03 2.22668915e+02 8.43267858e-01]	[4.00000000e+00 1.22407959e+03 2.22668915e+02 8.43267858e-01]	[1.30000000e+01 1.47947754e+03 2.68022675e+02 8.74241412e-01]	[ 14.         856.1072998  137.59056091   0.86084658]		0.hdf5	62
568	/data/1_users/pezoldt/man_annotation/stripy/v1/NG039/NG039_P2_CC3/62_1.hdf5	62_1	None	None	Undefined	0		[1.30000000e+01 1.47947754e+03 2.68022675e+02 8.74241412e-01]	[4.00000000e+00 1.22407959e+03 2.22668915e+02 8.43267858e-01]	[1.30000000e+01 1.47947754e+03 2.68022675e+02 8.74241412e-01]	[ 14.         856.1072998  137.59056091   0.86084658]		1.hdf5	62
569	/data/1_users/pezoldt/man_annotation/stripy/v1/NG039/NG039_P2_CC3/62_2.hdf5	62_2	None	None	Undefined	0		[ 14.         856.1072998  137.59056091   0.86084658]	[4.00000000e+00 1.22407959e+03 2.22668915e+02 8.43267858e-01]	[1.30000000e+01 1.47947754e+03 2.68022675e+02 8.74241412e-01]	[ 14.         856.1072998  137.59056091   0.86084658]		2.hdf5	62
570	/data/1_users/pezoldt/man_annotation/stripy/v1/NG039/NG039_P2_CC3/63_0.hdf5	63_0	None	None	Undefined	0		[4.00000000e+00 1.22363147e+03 2.22584412e+02 8.29252422e-01]	[4.00000000e+00 1.22363147e+03 2.22584412e+02 8.29252422e-01]	[6.00000000e+00 1.25979541e+03 2.85443573e+02 8.58336806e-01]	[1.40000000e+01 8.57340454e+02 1.40457443e+02 8.18587840e-01]		0.hdf5	63
571	/data/1_users/pezoldt/man_annotation/stripy/v1/NG039/NG039_P2_CC3/63_1.hdf5	63_1	None	None	stripy_nucleus	0		[6.00000000e+00 1.25979541e+03 2.85443573e+02 8.58336806e-01]	[4.00000000e+00 1.22363147e+03 2.22584412e+02 8.29252422e-01]	[6.00000000e+00 1.25979541e+03 2.85443573e+02 8.58336806e-01]	[1.40000000e+01 8.57340454e+02 1.40457443e+02 8.18587840e-01]		1.hdf5	63
572	/data/1_users/pezoldt/man_annotation/stripy/v1/NG039/NG039_P2_CC3/63_2.hdf5	63_2	None	None	Undefined	0		[1.40000000e+01 8.57340454e+02 1.40457443e+02 8.18587840e-01]	[4.00000000e+00 1.22363147e+03 2.22584412e+02 8.29252422e-01]	[6.00000000e+00 1.25979541e+03 2.85443573e+02 8.58336806e-01]	[1.40000000e+01 8.57340454e+02 1.40457443e+02 8.18587840e-01]		2.hdf5	63
573	/data/1_users/pezoldt/man_annotation/stripy/v1/NG039/NG039_P2_CC3/64_0.hdf5	64_0	None	None	Undefined	0		[4.00000000e+00 1.22366980e+03 2.23531601e+02 8.40067983e-01]	[4.00000000e+00 1.22366980e+03 2.23531601e+02 8.40067983e-01]	[1.20000000e+01 1.34994727e+03 1.47832920e+02 8.83149445e-01]	[1.40000000e+01 8.56793396e+02 1.40702698e+02 8.12338173e-01]		0.hdf5	64
574	/data/1_users/pezoldt/man_annotation/stripy/v1/NG039/NG039_P2_CC3/64_1.hdf5	64_1	None	None	stripy_center	0		[1.20000000e+01 1.34994727e+03 1.47832920e+02 8.83149445e-01]	[4.00000000e+00 1.22366980e+03 2.23531601e+02 8.40067983e-01]	[1.20000000e+01 1.34994727e+03 1.47832920e+02 8.83149445e-01]	[1.40000000e+01 8.56793396e+02 1.40702698e+02 8.12338173e-01]		1.hdf5	64
575	/data/1_users/pezoldt/man_annotation/stripy/v1/NG039/NG039_P2_CC3/64_2.hdf5	64_2	None	None	Undefined	0		[1.40000000e+01 8.56793396e+02 1.40702698e+02 8.12338173e-01]	[4.00000000e+00 1.22366980e+03 2.23531601e+02 8.40067983e-01]	[1.20000000e+01 1.34994727e+03 1.47832920e+02 8.83149445e-01]	[1.40000000e+01 8.56793396e+02 1.40702698e+02 8.12338173e-01]		2.hdf5	64
576	/data/1_users/pezoldt/man_annotation/stripy/v1/NG039/NG039_P2_CC3/65_0.hdf5	65_0	None	None	Undefined	0		[4.00000000e+00 1.22410510e+03 2.23459930e+02 8.15978348e-01]	[4.00000000e+00 1.22410510e+03 2.23459930e+02 8.15978348e-01]	[7.00000000e+00 8.93878540e+02 2.89186958e+02 8.52798939e-01]			0.hdf5	65
577	/data/1_users/pezoldt/man_annotation/stripy/v1/NG039/NG039_P2_CC3/65_1.hdf5	65_1	None	None	normi_circle	0		[7.00000000e+00 8.93878540e+02 2.89186958e+02 8.52798939e-01]	[4.00000000e+00 1.22410510e+03 2.23459930e+02 8.15978348e-01]	[7.00000000e+00 8.93878540e+02 2.89186958e+02 8.52798939e-01]			1.hdf5	65
578	/data/1_users/pezoldt/man_annotation/stripy/v1/NG039/NG039_P2_CC3/66_0.hdf5	66_0	None	None	Undefined	0	[6.00000000e+00 1.04246033e+03 3.03680481e+02 8.74609590e-01]	[6.00000000e+00 1.04246033e+03 3.03680481e+02 8.74609590e-01]					0.hdf5	66
579	/data/1_users/pezoldt/man_annotation/stripy/v1/NG039/NG039_P2_CC3/67_0.hdf5	67_0	None	None	Undefined	0		[3.00000000e+00 1.22384839e+03 2.23833832e+02 8.03264141e-01]	[3.00000000e+00 1.22384839e+03 2.23833832e+02 8.03264141e-01]	[1.00000000e+01 1.00669055e+03 1.87028976e+02 8.77380729e-01]			0.hdf5	67
580	/data/1_users/pezoldt/man_annotation/stripy/v1/NG039/NG039_P2_CC3/67_1.hdf5	67_1	None	None	Undefined	0		[1.00000000e+01 1.00669055e+03 1.87028976e+02 8.77380729e-01]	[3.00000000e+00 1.22384839e+03 2.23833832e+02 8.03264141e-01]	[1.00000000e+01 1.00669055e+03 1.87028976e+02 8.77380729e-01]			1.hdf5	67
581	/data/1_users/pezoldt/man_annotation/stripy/v1/NG039/NG039_P2_CC3/68_0.hdf5	68_0	None	None	Undefined	0	[  5.         721.94030762 199.06272888   0.87055409]	[  5.         721.94030762 199.06272888   0.87055409]					0.hdf5	68
582	/data/1_users/pezoldt/man_annotation/stripy/v1/NG039/NG039_P2_CC3/69_0.hdf5	69_0	None	None	normi_circle	0	[  7.         626.30828857 270.59191132   0.86345601]	[  7.         626.30828857 270.59191132   0.86345601]					0.hdf5	69
510	/data/1_users/pezoldt/man_annotation/stripy/v1/NG039/NG039_P2_CC3/6_0.hdf5	6_0	None	None	normi_circle	0	[  8.         189.49449158 255.10549927   0.87561893]	[  8.         189.49449158 255.10549927   0.87561893]					0.hdf5	6
583	/data/1_users/pezoldt/man_annotation/stripy/v1/NG039/NG039_P2_CC3/70_0.hdf5	70_0	None	None	Undefined	0	[1.20000000e+01 9.23839966e+02 2.56081535e+02 8.67189884e-01]	[1.20000000e+01 9.23839966e+02 2.56081535e+02 8.67189884e-01]					0.hdf5	70
584	/data/1_users/pezoldt/man_annotation/stripy/v1/NG039/NG039_P2_CC3/71_0.hdf5	71_0	None	None	Undefined	0	[  6.         635.8638916  126.36106873   0.8718279 ]	[  6.         635.8638916  126.36106873   0.8718279 ]					0.hdf5	71
585	/data/1_users/pezoldt/man_annotation/stripy/v1/NG039/NG039_P2_CC3/72_0.hdf5	72_0	None	None	stripy_nucleus	0	[7.00000000e+00 9.41720276e+02 2.98488983e+02 8.64666879e-01]	[7.00000000e+00 9.41720276e+02 2.98488983e+02 8.64666879e-01]					0.hdf5	72
586	/data/1_users/pezoldt/man_annotation/stripy/v1/NG039/NG039_P2_CC3/73_0.hdf5	73_0	None	None	Undefined	0		[4.00000000e+00 1.21857300e+03 2.10320709e+02 8.31642807e-01]	[4.00000000e+00 1.21857300e+03 2.10320709e+02 8.31642807e-01]	[8.00000000e+00 1.10601758e+03 3.01024231e+02 8.79842162e-01]			0.hdf5	73
587	/data/1_users/pezoldt/man_annotation/stripy/v1/NG039/NG039_P2_CC3/73_1.hdf5	73_1	None	None	Undefined	0		[8.00000000e+00 1.10601758e+03 3.01024231e+02 8.79842162e-01]	[4.00000000e+00 1.21857300e+03 2.10320709e+02 8.31642807e-01]	[8.00000000e+00 1.10601758e+03 3.01024231e+02 8.79842162e-01]			1.hdf5	73
588	/data/1_users/pezoldt/man_annotation/stripy/v1/NG039/NG039_P2_CC3/74_0.hdf5	74_0	None	None	Undefined	0	[6.00000000e+00 1.32952002e+03 3.26260529e+02 8.58790994e-01]	[6.00000000e+00 1.32952002e+03 3.26260529e+02 8.58790994e-01]					0.hdf5	74
589	/data/1_users/pezoldt/man_annotation/stripy/v1/NG039/NG039_P2_CC3/75_0.hdf5	75_0	None	None	Undefined	0		[1.00000000e+00 1.21837036e+03 2.12464661e+02 8.12185407e-01]	[1.00000000e+00 1.21837036e+03 2.12464661e+02 8.12185407e-01]	[5.00000000e+00 1.29508044e+03 3.01281952e+02 8.57543170e-01]			0.hdf5	75
590	/data/1_users/pezoldt/man_annotation/stripy/v1/NG039/NG039_P2_CC3/75_1.hdf5	75_1	None	None	normi_circle	0		[5.00000000e+00 1.29508044e+03 3.01281952e+02 8.57543170e-01]	[1.00000000e+00 1.21837036e+03 2.12464661e+02 8.12185407e-01]	[5.00000000e+00 1.29508044e+03 3.01281952e+02 8.57543170e-01]			1.hdf5	75
591	/data/1_users/pezoldt/man_annotation/stripy/v1/NG039/NG039_P2_CC3/76_0.hdf5	76_0	None	None	stripy_nucleus	0	[5.00000000e+00 1.58145227e+03 2.51364761e+02 8.81378949e-01]	[5.00000000e+00 1.58145227e+03 2.51364761e+02 8.81378949e-01]					0.hdf5	76
592	/data/1_users/pezoldt/man_annotation/stripy/v1/NG039/NG039_P2_CC3/77_0.hdf5	77_0	None	None	stripy_center	0	[1.00000000e+01 1.13593896e+03 2.68712860e+02 8.81567836e-01]	[1.00000000e+01 1.13593896e+03 2.68712860e+02 8.81567836e-01]					0.hdf5	77
593	/data/1_users/pezoldt/man_annotation/stripy/v1/NG039/NG039_P2_CC3/78_0.hdf5	78_0	None	None	Undefined	0	[6.00000000e+00 9.58464600e+02 2.62368805e+02 8.59000504e-01]	[6.00000000e+00 9.58464600e+02 2.62368805e+02 8.59000504e-01]					0.hdf5	78
594	/data/1_users/pezoldt/man_annotation/stripy/v1/NG039/NG039_P2_CC3/79_0.hdf5	79_0	None	None	normi_circle	0	[1.00000000e+01 9.14533875e+02 1.63329025e+02 8.85954618e-01]	[1.00000000e+01 9.14533875e+02 1.63329025e+02 8.85954618e-01]					0.hdf5	79
511	/data/1_users/pezoldt/man_annotation/stripy/v1/NG039/NG039_P2_CC3/7_0.hdf5	7_0	None	None	Undefined	0	[ 10.         268.98706055 149.86886978   0.89575142]	[ 10.         268.98706055 149.86886978   0.89575142]					0.hdf5	7
595	/data/1_users/pezoldt/man_annotation/stripy/v1/NG039/NG039_P2_CC3/80_0.hdf5	80_0	None	None	Undefined	0	[3.00000000e+00 1.21731860e+03 2.11315262e+02 8.38577211e-01]	[3.00000000e+00 1.21731860e+03 2.11315262e+02 8.38577211e-01]					0.hdf5	80
596	/data/1_users/pezoldt/man_annotation/stripy/v1/NG039/NG039_P2_CC3/81_0.hdf5	81_0	None	None	Undefined	0	[3.00000000e+00 1.21716016e+03 2.11659302e+02 8.36712480e-01]	[3.00000000e+00 1.21716016e+03 2.11659302e+02 8.36712480e-01]					0.hdf5	81
597	/data/1_users/pezoldt/man_annotation/stripy/v1/NG039/NG039_P2_CC3/82_0.hdf5	82_0	None	None	normi_circle	0		[1.10000000e+01 1.30508850e+03 2.61372192e+02 8.64564657e-01]	[1.10000000e+01 1.30508850e+03 2.61372192e+02 8.64564657e-01]	[1.70000000e+01 1.73128540e+03 2.90523918e+02 8.45628977e-01]			0.hdf5	82
598	/data/1_users/pezoldt/man_annotation/stripy/v1/NG039/NG039_P2_CC3/82_1.hdf5	82_1	None	None	Undefined	0		[1.70000000e+01 1.73128540e+03 2.90523918e+02 8.45628977e-01]	[1.10000000e+01 1.30508850e+03 2.61372192e+02 8.64564657e-01]	[1.70000000e+01 1.73128540e+03 2.90523918e+02 8.45628977e-01]			1.hdf5	82
599	/data/1_users/pezoldt/man_annotation/stripy/v1/NG039/NG039_P2_CC3/84_0.hdf5	84_0	None	None	Undefined	0	[1.00000000e+01 1.30933936e+03 3.01913788e+02 8.76995265e-01]	[1.00000000e+01 1.30933936e+03 3.01913788e+02 8.76995265e-01]					0.hdf5	84
600	/data/1_users/pezoldt/man_annotation/stripy/v1/NG039/NG039_P2_CC3/86_0.hdf5	86_0	None	None	Undefined	0	[3.00000000e+00 1.21613281e+03 2.09047119e+02 8.20254564e-01]	[3.00000000e+00 1.21613281e+03 2.09047119e+02 8.20254564e-01]					0.hdf5	86
601	/data/1_users/pezoldt/man_annotation/stripy/v1/NG039/NG039_P2_CC3/88_0.hdf5	88_0	None	None	Undefined	0	[3.00000000e+00 1.21577539e+03 2.09275543e+02 8.41550171e-01]	[3.00000000e+00 1.21577539e+03 2.09275543e+02 8.41550171e-01]					0.hdf5	88
602	/data/1_users/pezoldt/man_annotation/stripy/v1/NG039/NG039_P2_CC3/89_0.hdf5	89_0	None	None	Undefined	0	[3.00000000e+00 1.21545984e+03 2.09441727e+02 8.44009995e-01]	[3.00000000e+00 1.21545984e+03 2.09441727e+02 8.44009995e-01]					0.hdf5	89
512	/data/1_users/pezoldt/man_annotation/stripy/v1/NG039/NG039_P2_CC3/8_0.hdf5	8_0	None	None	Undefined	0	[  4.          73.44715118 216.28631592   0.87150097]	[  4.          73.44715118 216.28631592   0.87150097]					0.hdf5	8
603	/data/1_users/pezoldt/man_annotation/stripy/v1/NG039/NG039_P2_CC3/90_0.hdf5	90_0	None	None	Undefined	0	[3.00000000e+00 1.21517017e+03 2.09192383e+02 8.43481362e-01]	[3.00000000e+00 1.21517017e+03 2.09192383e+02 8.43481362e-01]					0.hdf5	90
604	/data/1_users/pezoldt/man_annotation/stripy/v1/NG039/NG039_P2_CC3/91_0.hdf5	91_0	None	None	Undefined	0	[3.00000000e+00 1.21497314e+03 2.08396271e+02 8.40385020e-01]	[3.00000000e+00 1.21497314e+03 2.08396271e+02 8.40385020e-01]					0.hdf5	91
605	/data/1_users/pezoldt/man_annotation/stripy/v1/NG039/NG039_P2_CC3/92_0.hdf5	92_0	None	None	Undefined	0	[1.20000000e+01 1.30976147e+03 3.38970032e+02 8.62544119e-01]	[1.20000000e+01 1.30976147e+03 3.38970032e+02 8.62544119e-01]					0.hdf5	92
606	/data/1_users/pezoldt/man_annotation/stripy/v1/NG039/NG039_P2_CC3/93_0.hdf5	93_0	None	None	Undefined	0	[  6.         433.07098389 301.52392578   0.86970937]	[  6.         433.07098389 301.52392578   0.86970937]					0.hdf5	93
607	/data/1_users/pezoldt/man_annotation/stripy/v1/NG039/NG039_P2_CC3/95_0.hdf5	95_0	None	None	Undefined	0	[9.00000000e+00 9.90083679e+02 2.60702850e+02 8.86030793e-01]	[9.00000000e+00 9.90083679e+02 2.60702850e+02 8.86030793e-01]					0.hdf5	95
513	/data/1_users/pezoldt/man_annotation/stripy/v1/NG039/NG039_P2_CC3/9_0.hdf5	9_0	None	None	Undefined	0	[  6.         547.35375977 132.34799194   0.87087935]	[  6.         547.35375977 132.34799194   0.87087935]					0.hdf5	9
608	/data/1_users/pezoldt/man_annotation/stripy/v1/NG039/NG039_P2_CC4/0_0.hdf5	0_0	None	None	normi_circle	0	[1.20000000e+01 1.41568738e+03 1.17046585e+02 8.92611921e-01]	[1.20000000e+01 1.41568738e+03 1.17046585e+02 8.92611921e-01]					0.hdf5	0
617	/data/1_users/pezoldt/man_annotation/stripy/v1/NG039/NG039_P2_CC4/10_0.hdf5	10_0	None	None	stripy_center	0	[8.00000000e+00 1.43560486e+03 2.65533394e+02 8.66315126e-01]	[8.00000000e+00 1.43560486e+03 2.65533394e+02 8.66315126e-01]					0.hdf5	10
618	/data/1_users/pezoldt/man_annotation/stripy/v1/NG039/NG039_P2_CC4/11_0.hdf5	11_0	None	None	Undefined	0	[9.00000000e+00 1.30673535e+03 1.20316673e+02 8.56607735e-01]	[9.00000000e+00 1.30673535e+03 1.20316673e+02 8.56607735e-01]					0.hdf5	11
619	/data/1_users/pezoldt/man_annotation/stripy/v1/NG039/NG039_P2_CC4/12_0.hdf5	12_0	None	None	Undefined	0	[1.50000000e+01 1.61802332e+03 2.13590210e+02 8.73905897e-01]	[1.50000000e+01 1.61802332e+03 2.13590210e+02 8.73905897e-01]					0.hdf5	12
620	/data/1_users/pezoldt/man_annotation/stripy/v1/NG039/NG039_P2_CC4/13_0.hdf5	13_0	None	None	Undefined	0	[7.00000000e+00 9.16960876e+02 1.65697021e+02 8.59960437e-01]	[7.00000000e+00 9.16960876e+02 1.65697021e+02 8.59960437e-01]					0.hdf5	13
621	/data/1_users/pezoldt/man_annotation/stripy/v1/NG039/NG039_P2_CC4/14_0.hdf5	14_0	None	None	normi_circle	0	[1.00000000e+01 1.43607507e+03 1.43727005e+02 8.68075073e-01]	[1.00000000e+01 1.43607507e+03 1.43727005e+02 8.68075073e-01]					0.hdf5	14
622	/data/1_users/pezoldt/man_annotation/stripy/v1/NG039/NG039_P2_CC4/15_0.hdf5	15_0	None	None	normi_circle	0	[8.00000000e+00 1.32185986e+03 1.56139908e+02 8.60891998e-01]	[8.00000000e+00 1.32185986e+03 1.56139908e+02 8.60891998e-01]					0.hdf5	15
623	/data/1_users/pezoldt/man_annotation/stripy/v1/NG039/NG039_P2_CC4/16_0.hdf5	16_0	None	None	Undefined	0	[1.50000000e+01 1.71373926e+03 3.07278809e+02 8.52776051e-01]	[1.50000000e+01 1.71373926e+03 3.07278809e+02 8.52776051e-01]					0.hdf5	16
624	/data/1_users/pezoldt/man_annotation/stripy/v1/NG039/NG039_P2_CC4/17_0.hdf5	17_0	None	None	stripy_center	0	[9.00000000e+00 1.58386548e+03 2.71455994e+02 8.79435122e-01]	[9.00000000e+00 1.58386548e+03 2.71455994e+02 8.79435122e-01]					0.hdf5	17
625	/data/1_users/pezoldt/man_annotation/stripy/v1/NG039/NG039_P2_CC4/18_0.hdf5	18_0	None	None	normi_circle	0	[9.00000000e+00 1.36255090e+03 1.32695297e+02 8.44569147e-01]	[9.00000000e+00 1.36255090e+03 1.32695297e+02 8.44569147e-01]					0.hdf5	18
626	/data/1_users/pezoldt/man_annotation/stripy/v1/NG039/NG039_P2_CC4/19_0.hdf5	19_0	None	None	normi_circle	0	[9.00000000e+00 1.29601929e+03 1.38371952e+02 8.64987671e-01]	[9.00000000e+00 1.29601929e+03 1.38371952e+02 8.64987671e-01]					0.hdf5	19
627	/data/1_users/pezoldt/man_annotation/stripy/v1/NG039/NG039_P2_CC4/20_0.hdf5	20_0	None	None	Undefined	0	[9.00000000e+00 1.36687219e+03 3.03585938e+02 8.57826412e-01]	[9.00000000e+00 1.36687219e+03 3.03585938e+02 8.57826412e-01]					0.hdf5	20
628	/data/1_users/pezoldt/man_annotation/stripy/v1/NG039/NG039_P2_CC4/21_0.hdf5	21_0	None	None	normi_circle	0	[8.00000000e+00 1.33443213e+03 1.65279800e+02 8.69262278e-01]	[8.00000000e+00 1.33443213e+03 1.65279800e+02 8.69262278e-01]					0.hdf5	21
629	/data/1_users/pezoldt/man_annotation/stripy/v1/NG039/NG039_P2_CC4/22_0.hdf5	22_0	None	None	Undefined	0	[1.50000000e+01 1.64620105e+03 2.46339371e+02 8.73670280e-01]	[1.50000000e+01 1.64620105e+03 2.46339371e+02 8.73670280e-01]					0.hdf5	22
630	/data/1_users/pezoldt/man_annotation/stripy/v1/NG039/NG039_P2_CC4/23_0.hdf5	23_0	None	None	Undefined	0	[1.40000000e+01 1.77879736e+03 3.11409851e+02 8.85166705e-01]	[1.40000000e+01 1.77879736e+03 3.11409851e+02 8.85166705e-01]					0.hdf5	23
631	/data/1_users/pezoldt/man_annotation/stripy/v1/NG039/NG039_P2_CC4/24_0.hdf5	24_0	None	None	Undefined	0	[9.00000000e+00 1.50412122e+03 3.23193237e+02 8.65878820e-01]	[9.00000000e+00 1.50412122e+03 3.23193237e+02 8.65878820e-01]					0.hdf5	24
632	/data/1_users/pezoldt/man_annotation/stripy/v1/NG039/NG039_P2_CC4/25_0.hdf5	25_0	None	None	Undefined	0	[1.00000000e+01 1.56549719e+03 2.71484253e+02 8.51119816e-01]	[1.00000000e+01 1.56549719e+03 2.71484253e+02 8.51119816e-01]					0.hdf5	25
633	/data/1_users/pezoldt/man_annotation/stripy/v1/NG039/NG039_P2_CC4/26_0.hdf5	26_0	None	None	normi_demicircle	0	[1.10000000e+01 1.36754688e+03 1.72509460e+02 8.67510319e-01]	[1.10000000e+01 1.36754688e+03 1.72509460e+02 8.67510319e-01]					0.hdf5	26
634	/data/1_users/pezoldt/man_annotation/stripy/v1/NG039/NG039_P2_CC4/27_0.hdf5	27_0	None	None	Undefined	0	[1.30000000e+01 1.53619385e+03 3.22539124e+02 8.59134018e-01]	[1.30000000e+01 1.53619385e+03 3.22539124e+02 8.59134018e-01]					0.hdf5	27
635	/data/1_users/pezoldt/man_annotation/stripy/v1/NG039/NG039_P2_CC4/28_0.hdf5	28_0	None	None	Undefined	0	[8.00000000e+00 1.21824060e+03 1.86328690e+02 8.66788983e-01]	[8.00000000e+00 1.21824060e+03 1.86328690e+02 8.66788983e-01]					0.hdf5	28
636	/data/1_users/pezoldt/man_annotation/stripy/v1/NG039/NG039_P2_CC4/29_0.hdf5	29_0	None	None	normi_circle	0	[9.00000000e+00 1.48548315e+03 3.17924805e+02 8.57962012e-01]	[9.00000000e+00 1.48548315e+03 3.17924805e+02 8.57962012e-01]					0.hdf5	29
609	/data/1_users/pezoldt/man_annotation/stripy/v1/NG039/NG039_P2_CC4/2_0.hdf5	2_0	None	None	normi_circle	0	[8.00000000e+00 1.37808313e+03 2.89719055e+02 8.72485161e-01]	[8.00000000e+00 1.37808313e+03 2.89719055e+02 8.72485161e-01]					0.hdf5	2
637	/data/1_users/pezoldt/man_annotation/stripy/v1/NG039/NG039_P2_CC4/30_0.hdf5	30_0	None	None	Undefined	0	[9.00000000e+00 1.14307593e+03 2.16664642e+02 8.70457172e-01]	[9.00000000e+00 1.14307593e+03 2.16664642e+02 8.70457172e-01]					0.hdf5	30
638	/data/1_users/pezoldt/man_annotation/stripy/v1/NG039/NG039_P2_CC4/31_0.hdf5	31_0	None	None	Undefined	0	[1.20000000e+01 1.47911975e+03 1.36015884e+02 8.62033844e-01]	[1.20000000e+01 1.47911975e+03 1.36015884e+02 8.62033844e-01]					0.hdf5	31
639	/data/1_users/pezoldt/man_annotation/stripy/v1/NG039/NG039_P2_CC4/32_0.hdf5	32_0	None	None	stripy_center	0	[1.50000000e+01 1.72563696e+03 1.62310608e+02 8.94596577e-01]	[1.50000000e+01 1.72563696e+03 1.62310608e+02 8.94596577e-01]					0.hdf5	32
640	/data/1_users/pezoldt/man_annotation/stripy/v1/NG039/NG039_P2_CC4/33_0.hdf5	33_0	None	None	Undefined	0	[8.00000000e+00 1.44939648e+03 2.74016022e+02 8.58314395e-01]	[8.00000000e+00 1.44939648e+03 2.74016022e+02 8.58314395e-01]					0.hdf5	33
641	/data/1_users/pezoldt/man_annotation/stripy/v1/NG039/NG039_P2_CC4/34_0.hdf5	34_0	None	None	normi_circle	0	[9.00000000e+00 1.55544397e+03 3.48292236e+02 8.62745225e-01]	[9.00000000e+00 1.55544397e+03 3.48292236e+02 8.62745225e-01]					0.hdf5	34
642	/data/1_users/pezoldt/man_annotation/stripy/v1/NG039/NG039_P2_CC4/35_0.hdf5	35_0	None	None	stripy_nucleus	0	[8.00000000e+00 1.56820630e+03 3.11817200e+02 8.67811263e-01]	[8.00000000e+00 1.56820630e+03 3.11817200e+02 8.67811263e-01]					0.hdf5	35
643	/data/1_users/pezoldt/man_annotation/stripy/v1/NG039/NG039_P2_CC4/36_0.hdf5	36_0	None	None	Undefined	0	[8.00000000e+00 1.45163135e+03 2.79562744e+02 8.62446308e-01]	[8.00000000e+00 1.45163135e+03 2.79562744e+02 8.62446308e-01]					0.hdf5	36
644	/data/1_users/pezoldt/man_annotation/stripy/v1/NG039/NG039_P2_CC4/37_0.hdf5	37_0	None	None	Undefined	0	[8.00000000e+00 1.34541040e+03 2.26363327e+02 8.59157622e-01]	[8.00000000e+00 1.34541040e+03 2.26363327e+02 8.59157622e-01]					0.hdf5	37
645	/data/1_users/pezoldt/man_annotation/stripy/v1/NG039/NG039_P2_CC4/38_0.hdf5	38_0	None	None	Undefined	0	[1.20000000e+01 1.71363623e+03 3.00938240e+02 8.89043272e-01]	[1.20000000e+01 1.71363623e+03 3.00938240e+02 8.89043272e-01]					0.hdf5	38
646	/data/1_users/pezoldt/man_annotation/stripy/v1/NG039/NG039_P2_CC4/39_0.hdf5	39_0	None	None	Undefined	0	[8.00000000e+00 1.40306238e+03 2.91408691e+02 8.51980984e-01]	[8.00000000e+00 1.40306238e+03 2.91408691e+02 8.51980984e-01]					0.hdf5	39
610	/data/1_users/pezoldt/man_annotation/stripy/v1/NG039/NG039_P2_CC4/3_0.hdf5	3_0	None	None	normi_demicircle	0	[8.00000000e+00 1.49433142e+03 2.71554413e+02 8.66149008e-01]	[8.00000000e+00 1.49433142e+03 2.71554413e+02 8.66149008e-01]					0.hdf5	3
647	/data/1_users/pezoldt/man_annotation/stripy/v1/NG039/NG039_P2_CC4/40_0.hdf5	40_0	None	None	Undefined	0	[8.00000000e+00 1.17977954e+03 2.59144440e+02 8.61729980e-01]	[8.00000000e+00 1.17977954e+03 2.59144440e+02 8.61729980e-01]					0.hdf5	40
648	/data/1_users/pezoldt/man_annotation/stripy/v1/NG039/NG039_P2_CC4/41_0.hdf5	41_0	None	None	Undefined	0	[1.40000000e+01 1.56638232e+03 1.27224915e+02 8.63856554e-01]	[1.40000000e+01 1.56638232e+03 1.27224915e+02 8.63856554e-01]					0.hdf5	41
649	/data/1_users/pezoldt/man_annotation/stripy/v1/NG039/NG039_P2_CC4/42_0.hdf5	42_0	None	None	stripy_nucleus	0	[1.00000000e+01 1.60498779e+03 2.34461044e+02 8.84618044e-01]	[1.00000000e+01 1.60498779e+03 2.34461044e+02 8.84618044e-01]					0.hdf5	42
650	/data/1_users/pezoldt/man_annotation/stripy/v1/NG039/NG039_P2_CC4/43_0.hdf5	43_0	None	None	normi_circle	0	[8.00000000e+00 1.32429858e+03 1.69707901e+02 8.63060474e-01]	[8.00000000e+00 1.32429858e+03 1.69707901e+02 8.63060474e-01]					0.hdf5	43
651	/data/1_users/pezoldt/man_annotation/stripy/v1/NG039/NG039_P2_CC4/44_0.hdf5	44_0	None	None	normi_circle	0	[8.00000000e+00 1.39474829e+03 2.88290802e+02 8.75945508e-01]	[8.00000000e+00 1.39474829e+03 2.88290802e+02 8.75945508e-01]					0.hdf5	44
652	/data/1_users/pezoldt/man_annotation/stripy/v1/NG039/NG039_P2_CC4/45_0.hdf5	45_0	None	None	normi_circle	0	[9.00000000e+00 1.31453748e+03 3.62295898e+02 8.60665858e-01]	[9.00000000e+00 1.31453748e+03 3.62295898e+02 8.60665858e-01]					0.hdf5	45
653	/data/1_users/pezoldt/man_annotation/stripy/v1/NG039/NG039_P2_CC4/46_0.hdf5	46_0	None	None	Undefined	0	[8.00000000e+00 1.46045435e+03 3.53536591e+02 8.60051990e-01]	[8.00000000e+00 1.46045435e+03 3.53536591e+02 8.60051990e-01]					0.hdf5	46
654	/data/1_users/pezoldt/man_annotation/stripy/v1/NG039/NG039_P2_CC4/47_0.hdf5	47_0	None	None	Undefined	0	[9.00000000e+00 1.32688232e+03 2.33360474e+02 8.68741691e-01]	[9.00000000e+00 1.32688232e+03 2.33360474e+02 8.68741691e-01]					0.hdf5	47
655	/data/1_users/pezoldt/man_annotation/stripy/v1/NG039/NG039_P2_CC4/48_0.hdf5	48_0	None	None	normi_circle	0	[8.00000000e+00 1.51290515e+03 3.15853699e+02 8.71060133e-01]	[8.00000000e+00 1.51290515e+03 3.15853699e+02 8.71060133e-01]					0.hdf5	48
656	/data/1_users/pezoldt/man_annotation/stripy/v1/NG039/NG039_P2_CC4/49_0.hdf5	49_0	None	None	stripy_nucleus	0	[9.00000000e+00 1.23776172e+03 2.56358894e+02 8.66028845e-01]	[9.00000000e+00 1.23776172e+03 2.56358894e+02 8.66028845e-01]					0.hdf5	49
611	/data/1_users/pezoldt/man_annotation/stripy/v1/NG039/NG039_P2_CC4/4_0.hdf5	4_0	None	None	Undefined	0	[1.00000000e+01 1.41427856e+03 3.35747131e+02 8.63227844e-01]	[1.00000000e+01 1.41427856e+03 3.35747131e+02 8.63227844e-01]					0.hdf5	4
657	/data/1_users/pezoldt/man_annotation/stripy/v1/NG039/NG039_P2_CC4/50_0.hdf5	50_0	None	None	Undefined	0	[1.30000000e+01 1.29377881e+03 2.84797028e+02 8.54285061e-01]	[1.30000000e+01 1.29377881e+03 2.84797028e+02 8.54285061e-01]					0.hdf5	50
658	/data/1_users/pezoldt/man_annotation/stripy/v1/NG039/NG039_P2_CC4/51_0.hdf5	51_0	None	None	Undefined	0	[9.00000000e+00 1.34002441e+03 1.55617432e+02 8.60800445e-01]	[9.00000000e+00 1.34002441e+03 1.55617432e+02 8.60800445e-01]					0.hdf5	51
659	/data/1_users/pezoldt/man_annotation/stripy/v1/NG039/NG039_P2_CC4/52_0.hdf5	52_0	None	None	Undefined	0	[1.30000000e+01 1.69094641e+03 3.19045715e+02 8.79135787e-01]	[1.30000000e+01 1.69094641e+03 3.19045715e+02 8.79135787e-01]					0.hdf5	52
660	/data/1_users/pezoldt/man_annotation/stripy/v1/NG039/NG039_P2_CC4/53_0.hdf5	53_0	None	None	Undefined	0	[8.00000000e+00 1.38038330e+03 1.78935577e+02 8.73403013e-01]	[8.00000000e+00 1.38038330e+03 1.78935577e+02 8.73403013e-01]					0.hdf5	53
661	/data/1_users/pezoldt/man_annotation/stripy/v1/NG039/NG039_P2_CC4/54_0.hdf5	54_0	None	None	Undefined	0	[9.00000000e+00 1.51191614e+03 3.50585602e+02 8.59215260e-01]	[9.00000000e+00 1.51191614e+03 3.50585602e+02 8.59215260e-01]					0.hdf5	54
662	/data/1_users/pezoldt/man_annotation/stripy/v1/NG039/NG039_P2_CC4/55_0.hdf5	55_0	None	None	Undefined	0	[7.00000000e+00 1.33404150e+03 1.84830505e+02 8.74127090e-01]	[7.00000000e+00 1.33404150e+03 1.84830505e+02 8.74127090e-01]					0.hdf5	55
663	/data/1_users/pezoldt/man_annotation/stripy/v1/NG039/NG039_P2_CC4/56_0.hdf5	56_0	None	None	Undefined	0	[1.30000000e+01 1.61840417e+03 1.73262238e+02 8.74009788e-01]	[1.30000000e+01 1.61840417e+03 1.73262238e+02 8.74009788e-01]					0.hdf5	56
664	/data/1_users/pezoldt/man_annotation/stripy/v1/NG039/NG039_P2_CC4/57_0.hdf5	57_0	None	None	normi_circle	0	[8.00000000e+00 1.53934705e+03 3.27903564e+02 8.63728344e-01]	[8.00000000e+00 1.53934705e+03 3.27903564e+02 8.63728344e-01]					0.hdf5	57
665	/data/1_users/pezoldt/man_annotation/stripy/v1/NG039/NG039_P2_CC4/58_0.hdf5	58_0	None	None	Undefined	0	[9.00000000e+00 1.31830151e+03 2.25623047e+02 8.82477999e-01]	[9.00000000e+00 1.31830151e+03 2.25623047e+02 8.82477999e-01]					0.hdf5	58
666	/data/1_users/pezoldt/man_annotation/stripy/v1/NG039/NG039_P2_CC4/59_0.hdf5	59_0	None	None	Undefined	0	[8.00000000e+00 1.23187500e+03 3.04984253e+02 8.80999565e-01]	[8.00000000e+00 1.23187500e+03 3.04984253e+02 8.80999565e-01]					0.hdf5	59
612	/data/1_users/pezoldt/man_annotation/stripy/v1/NG039/NG039_P2_CC4/5_0.hdf5	5_0	None	None	Undefined	0	[9.00000000e+00 1.43562170e+03 2.55244293e+02 8.46901774e-01]	[9.00000000e+00 1.43562170e+03 2.55244293e+02 8.46901774e-01]					0.hdf5	5
667	/data/1_users/pezoldt/man_annotation/stripy/v1/NG039/NG039_P2_CC4/60_0.hdf5	60_0	None	None	Undefined	0	[1.20000000e+01 1.20301428e+03 1.45897217e+02 8.65103900e-01]	[1.20000000e+01 1.20301428e+03 1.45897217e+02 8.65103900e-01]					0.hdf5	60
668	/data/1_users/pezoldt/man_annotation/stripy/v1/NG039/NG039_P2_CC4/61_0.hdf5	61_0	None	None	Undefined	0	[7.00000000e+00 1.44657092e+03 2.96887024e+02 8.67262721e-01]	[7.00000000e+00 1.44657092e+03 2.96887024e+02 8.67262721e-01]					0.hdf5	61
669	/data/1_users/pezoldt/man_annotation/stripy/v1/NG039/NG039_P2_CC4/62_0.hdf5	62_0	None	None	Undefined	0	[1.20000000e+01 1.44132703e+03 2.38698608e+02 8.45659316e-01]	[1.20000000e+01 1.44132703e+03 2.38698608e+02 8.45659316e-01]					0.hdf5	62
670	/data/1_users/pezoldt/man_annotation/stripy/v1/NG039/NG039_P2_CC4/63_0.hdf5	63_0	None	None	Undefined	0	[1.00000000e+01 1.74321863e+03 1.45710690e+02 8.95508111e-01]	[1.00000000e+01 1.74321863e+03 1.45710690e+02 8.95508111e-01]					0.hdf5	63
671	/data/1_users/pezoldt/man_annotation/stripy/v1/NG039/NG039_P2_CC4/64_0.hdf5	64_0	None	None	Undefined	0	[8.00000000e+00 1.46698291e+03 3.11220947e+02 8.50407481e-01]	[8.00000000e+00 1.46698291e+03 3.11220947e+02 8.50407481e-01]					0.hdf5	64
672	/data/1_users/pezoldt/man_annotation/stripy/v1/NG039/NG039_P2_CC4/65_0.hdf5	65_0	None	None	normi_circle	0	[9.00000000e+00 1.44906970e+03 3.32273804e+02 8.68875504e-01]	[9.00000000e+00 1.44906970e+03 3.32273804e+02 8.68875504e-01]					0.hdf5	65
673	/data/1_users/pezoldt/man_annotation/stripy/v1/NG039/NG039_P2_CC4/66_0.hdf5	66_0	None	None	stripy_nucleus	0	[1.40000000e+01 1.57825781e+03 2.83674431e+02 8.65427315e-01]	[1.40000000e+01 1.57825781e+03 2.83674431e+02 8.65427315e-01]					0.hdf5	66
674	/data/1_users/pezoldt/man_annotation/stripy/v1/NG039/NG039_P2_CC4/67_0.hdf5	67_0	None	None	normi_circle	0	[8.00000000e+00 1.44391699e+03 2.88524994e+02 8.66570175e-01]	[8.00000000e+00 1.44391699e+03 2.88524994e+02 8.66570175e-01]					0.hdf5	67
675	/data/1_users/pezoldt/man_annotation/stripy/v1/NG039/NG039_P2_CC4/68_0.hdf5	68_0	None	None	stripy_nucleus	0	[8.00000000e+00 1.42942676e+03 2.92525848e+02 8.68674040e-01]	[8.00000000e+00 1.42942676e+03 2.92525848e+02 8.68674040e-01]					0.hdf5	68
676	/data/1_users/pezoldt/man_annotation/stripy/v1/NG039/NG039_P2_CC4/69_0.hdf5	69_0	None	None	Undefined	0	[8.00000000e+00 1.42595337e+03 3.03778992e+02 8.54191303e-01]	[8.00000000e+00 1.42595337e+03 3.03778992e+02 8.54191303e-01]					0.hdf5	69
613	/data/1_users/pezoldt/man_annotation/stripy/v1/NG039/NG039_P2_CC4/6_0.hdf5	6_0	None	None	stripy_nucleus	0	[9.00000000e+00 1.43103296e+03 1.50719971e+02 8.74572754e-01]	[9.00000000e+00 1.43103296e+03 1.50719971e+02 8.74572754e-01]					0.hdf5	6
677	/data/1_users/pezoldt/man_annotation/stripy/v1/NG039/NG039_P2_CC4/70_0.hdf5	70_0	None	None	Undefined	0	[9.00000000e+00 1.81767505e+03 3.56338318e+02 8.78320038e-01]	[9.00000000e+00 1.81767505e+03 3.56338318e+02 8.78320038e-01]					0.hdf5	70
678	/data/1_users/pezoldt/man_annotation/stripy/v1/NG039/NG039_P2_CC4/71_0.hdf5	71_0	None	None	Undefined	0	[1.40000000e+01 1.77107129e+03 2.79148438e+02 8.69503200e-01]	[1.40000000e+01 1.77107129e+03 2.79148438e+02 8.69503200e-01]					0.hdf5	71
679	/data/1_users/pezoldt/man_annotation/stripy/v1/NG039/NG039_P2_CC4/72_0.hdf5	72_0	None	None	Undefined	0	[7.00000000e+00 1.40591626e+03 2.30455429e+02 8.65977407e-01]	[7.00000000e+00 1.40591626e+03 2.30455429e+02 8.65977407e-01]					0.hdf5	72
680	/data/1_users/pezoldt/man_annotation/stripy/v1/NG039/NG039_P2_CC4/73_0.hdf5	73_0	None	None	normi_circle	0	[9.00000000e+00 1.35698315e+03 3.04304688e+02 8.41244400e-01]	[9.00000000e+00 1.35698315e+03 3.04304688e+02 8.41244400e-01]					0.hdf5	73
681	/data/1_users/pezoldt/man_annotation/stripy/v1/NG039/NG039_P2_CC4/74_0.hdf5	74_0	None	None	normi_circle	0	[7.00000000e+00 1.26261646e+03 2.42651505e+02 8.55622888e-01]	[7.00000000e+00 1.26261646e+03 2.42651505e+02 8.55622888e-01]					0.hdf5	74
682	/data/1_users/pezoldt/man_annotation/stripy/v1/NG039/NG039_P2_CC4/75_0.hdf5	75_0	None	None	Undefined	0	[9.00000000e+00 1.47205420e+03 3.38483429e+02 8.66252780e-01]	[9.00000000e+00 1.47205420e+03 3.38483429e+02 8.66252780e-01]					0.hdf5	75
683	/data/1_users/pezoldt/man_annotation/stripy/v1/NG039/NG039_P2_CC4/76_0.hdf5	76_0	None	None	normi_circle	0	[7.00000000e+00 1.34079199e+03 2.56211128e+02 8.51613224e-01]	[7.00000000e+00 1.34079199e+03 2.56211128e+02 8.51613224e-01]					0.hdf5	76
684	/data/1_users/pezoldt/man_annotation/stripy/v1/NG039/NG039_P2_CC4/77_0.hdf5	77_0	None	None	Undefined	0	[9.00000000e+00 1.52047852e+03 3.39131897e+02 8.65466356e-01]	[9.00000000e+00 1.52047852e+03 3.39131897e+02 8.65466356e-01]					0.hdf5	77
685	/data/1_users/pezoldt/man_annotation/stripy/v1/NG039/NG039_P2_CC4/78_0.hdf5	78_0	None	None	Undefined	0	[6.00000000e+00 1.31971460e+03 2.02686920e+02 8.68997276e-01]	[6.00000000e+00 1.31971460e+03 2.02686920e+02 8.68997276e-01]					0.hdf5	78
686	/data/1_users/pezoldt/man_annotation/stripy/v1/NG039/NG039_P2_CC4/79_0.hdf5	79_0	None	None	normi_demicircle	0	[1.30000000e+01 1.55511035e+03 2.12070099e+02 8.71185899e-01]	[1.30000000e+01 1.55511035e+03 2.12070099e+02 8.71185899e-01]					0.hdf5	79
614	/data/1_users/pezoldt/man_annotation/stripy/v1/NG039/NG039_P2_CC4/7_0.hdf5	7_0	None	None	stripy_nucleus	0	[8.00000000e+00 1.35827051e+03 1.42018616e+02 8.63435626e-01]	[8.00000000e+00 1.35827051e+03 1.42018616e+02 8.63435626e-01]					0.hdf5	7
687	/data/1_users/pezoldt/man_annotation/stripy/v1/NG039/NG039_P2_CC4/80_0.hdf5	80_0	None	None	normi_circle	0	[1.00000000e+01 1.23907117e+03 2.08933090e+02 8.56517494e-01]	[1.00000000e+01 1.23907117e+03 2.08933090e+02 8.56517494e-01]					0.hdf5	80
688	/data/1_users/pezoldt/man_annotation/stripy/v1/NG039/NG039_P2_CC4/81_0.hdf5	81_0	None	None	Undefined	0		[7.00000000e+00 1.40509094e+03 2.65962532e+02 8.56136024e-01]	[7.00000000e+00 1.40509094e+03 2.65962532e+02 8.56136024e-01]	[9.00000000e+00 1.65187500e+03 2.97658112e+02 8.22439730e-01]			0.hdf5	81
689	/data/1_users/pezoldt/man_annotation/stripy/v1/NG039/NG039_P2_CC4/81_1.hdf5	81_1	None	None	normi_circle	0		[9.00000000e+00 1.65187500e+03 2.97658112e+02 8.22439730e-01]	[7.00000000e+00 1.40509094e+03 2.65962532e+02 8.56136024e-01]	[9.00000000e+00 1.65187500e+03 2.97658112e+02 8.22439730e-01]			1.hdf5	81
690	/data/1_users/pezoldt/man_annotation/stripy/v1/NG039/NG039_P2_CC4/82_0.hdf5	82_0	None	None	stripy_center	0	[1.00000000e+01 1.48329346e+03 3.14073730e+02 8.60472441e-01]	[1.00000000e+01 1.48329346e+03 3.14073730e+02 8.60472441e-01]					0.hdf5	82
691	/data/1_users/pezoldt/man_annotation/stripy/v1/NG039/NG039_P2_CC4/83_0.hdf5	83_0	None	None	normi_circle	0	[8.00000000e+00 1.32240698e+03 2.47677917e+02 8.60379338e-01]	[8.00000000e+00 1.32240698e+03 2.47677917e+02 8.60379338e-01]					0.hdf5	83
692	/data/1_users/pezoldt/man_annotation/stripy/v1/NG039/NG039_P2_CC4/84_0.hdf5	84_0	None	None	normi_circle	0	[6.00000000e+00 1.47618286e+03 2.96175659e+02 8.57643723e-01]	[6.00000000e+00 1.47618286e+03 2.96175659e+02 8.57643723e-01]					0.hdf5	84
693	/data/1_users/pezoldt/man_annotation/stripy/v1/NG039/NG039_P2_CC4/85_0.hdf5	85_0	None	None	Undefined	0	[1.20000000e+01 1.58347717e+03 1.68749893e+02 8.72277141e-01]	[1.20000000e+01 1.58347717e+03 1.68749893e+02 8.72277141e-01]					0.hdf5	85
694	/data/1_users/pezoldt/man_annotation/stripy/v1/NG039/NG039_P2_CC4/86_0.hdf5	86_0	None	None	Undefined	0	[1.30000000e+01 1.61734058e+03 2.78840942e+02 8.51810217e-01]	[1.30000000e+01 1.61734058e+03 2.78840942e+02 8.51810217e-01]					0.hdf5	86
695	/data/1_users/pezoldt/man_annotation/stripy/v1/NG039/NG039_P2_CC4/87_0.hdf5	87_0	None	None	stripy_nucleus	0	[8.00000000e+00 1.72968701e+03 1.64048843e+02 8.88843477e-01]	[8.00000000e+00 1.72968701e+03 1.64048843e+02 8.88843477e-01]					0.hdf5	87
696	/data/1_users/pezoldt/man_annotation/stripy/v1/NG039/NG039_P2_CC4/88_0.hdf5	88_0	None	None	stripy_center	0	[1.30000000e+01 1.64495142e+03 3.17441223e+02 8.63785684e-01]	[1.30000000e+01 1.64495142e+03 3.17441223e+02 8.63785684e-01]					0.hdf5	88
697	/data/1_users/pezoldt/man_annotation/stripy/v1/NG039/NG039_P2_CC4/89_0.hdf5	89_0	None	None	normi_circle	0	[1.30000000e+01 1.44319836e+03 2.61594238e+02 8.62092316e-01]	[1.30000000e+01 1.44319836e+03 2.61594238e+02 8.62092316e-01]					0.hdf5	89
615	/data/1_users/pezoldt/man_annotation/stripy/v1/NG039/NG039_P2_CC4/8_0.hdf5	8_0	None	None	normi_circle	0	[1.50000000e+01 1.52511206e+03 2.92740173e+02 8.64923179e-01]	[1.50000000e+01 1.52511206e+03 2.92740173e+02 8.64923179e-01]					0.hdf5	8
698	/data/1_users/pezoldt/man_annotation/stripy/v1/NG039/NG039_P2_CC4/90_0.hdf5	90_0	None	None	stripy_nucleus	0	[8.00000000e+00 1.27260742e+03 1.91949799e+02 8.68594170e-01]	[8.00000000e+00 1.27260742e+03 1.91949799e+02 8.68594170e-01]					0.hdf5	90
699	/data/1_users/pezoldt/man_annotation/stripy/v1/NG039/NG039_P2_CC4/91_0.hdf5	91_0	None	None	stripy_nucleus	0	[9.00000000e+00 1.37201514e+03 9.61617737e+01 8.88208866e-01]	[9.00000000e+00 1.37201514e+03 9.61617737e+01 8.88208866e-01]					0.hdf5	91
700	/data/1_users/pezoldt/man_annotation/stripy/v1/NG039/NG039_P2_CC4/92_0.hdf5	92_0	None	None	normi_circle	0	[7.00000000e+00 1.56945410e+03 2.99083557e+02 8.61317933e-01]	[7.00000000e+00 1.56945410e+03 2.99083557e+02 8.61317933e-01]					0.hdf5	92
701	/data/1_users/pezoldt/man_annotation/stripy/v1/NG039/NG039_P2_CC4/93_0.hdf5	93_0	None	None	Undefined	0	[7.00000000e+00 1.46483813e+03 3.16129272e+02 8.68558288e-01]	[7.00000000e+00 1.46483813e+03 3.16129272e+02 8.68558288e-01]					0.hdf5	93
702	/data/1_users/pezoldt/man_annotation/stripy/v1/NG039/NG039_P2_CC4/94_0.hdf5	94_0	None	None	Undefined	0	[7.00000000e+00 1.34776562e+03 1.18936829e+02 8.62400889e-01]	[7.00000000e+00 1.34776562e+03 1.18936829e+02 8.62400889e-01]					0.hdf5	94
703	/data/1_users/pezoldt/man_annotation/stripy/v1/NG039/NG039_P2_CC4/95_0.hdf5	95_0	None	None	Undefined	0	[9.00000000e+00 1.46877710e+03 3.14504944e+02 8.67982328e-01]	[9.00000000e+00 1.46877710e+03 3.14504944e+02 8.67982328e-01]					0.hdf5	95
616	/data/1_users/pezoldt/man_annotation/stripy/v1/NG039/NG039_P2_CC4/9_0.hdf5	9_0	None	None	Undefined	0	[1.10000000e+01 1.40949634e+03 1.16853630e+02 9.01136816e-01]	[1.10000000e+01 1.40949634e+03 1.16853630e+02 9.01136816e-01]					0.hdf5	9
704	/data/1_users/pezoldt/man_annotation/stripy/v1/NG039/NG039_P3_CC1/0_0.hdf5	0_0	None	None	Undefined	0		[0.00000000e+00 9.55091370e+02 2.53857651e+02 8.75950277e-01]	[0.00000000e+00 9.55091370e+02 2.53857651e+02 8.75950277e-01]	[  6.         857.10168457 299.54547119   0.87672967]			0.hdf5	0
705	/data/1_users/pezoldt/man_annotation/stripy/v1/NG039/NG039_P3_CC1/0_1.hdf5	0_1	None	None	Undefined	0		[  6.         857.10168457 299.54547119   0.87672967]	[0.00000000e+00 9.55091370e+02 2.53857651e+02 8.75950277e-01]	[  6.         857.10168457 299.54547119   0.87672967]			1.hdf5	0
718	/data/1_users/pezoldt/man_annotation/stripy/v1/NG039/NG039_P3_CC1/10_0.hdf5	10_0	None	None	Undefined	0	[5.00000000e+00 1.00549036e+03 3.49919739e+02 8.73495162e-01]	[5.00000000e+00 1.00549036e+03 3.49919739e+02 8.73495162e-01]					0.hdf5	10
719	/data/1_users/pezoldt/man_annotation/stripy/v1/NG039/NG039_P3_CC1/11_0.hdf5	11_0	None	None	stripy_nucleus	0	[1.20000000e+01 1.31093518e+03 3.35287750e+02 8.88505340e-01]	[1.20000000e+01 1.31093518e+03 3.35287750e+02 8.88505340e-01]					0.hdf5	11
720	/data/1_users/pezoldt/man_annotation/stripy/v1/NG039/NG039_P3_CC1/12_0.hdf5	12_0	None	None	Undefined	0	[1.10000000e+01 1.14507129e+03 3.41260437e+02 8.71570587e-01]	[1.10000000e+01 1.14507129e+03 3.41260437e+02 8.71570587e-01]					0.hdf5	12
721	/data/1_users/pezoldt/man_annotation/stripy/v1/NG039/NG039_P3_CC1/13_0.hdf5	13_0	None	None	Undefined	0	[1.00000000e+01 9.89828613e+02 3.38938232e+02 8.65125477e-01]	[1.00000000e+01 9.89828613e+02 3.38938232e+02 8.65125477e-01]					0.hdf5	13
722	/data/1_users/pezoldt/man_annotation/stripy/v1/NG039/NG039_P3_CC1/14_0.hdf5	14_0	None	None	Undefined	0	[  7.         719.55224609 301.66265869   0.86980879]	[  7.         719.55224609 301.66265869   0.86980879]					0.hdf5	14
723	/data/1_users/pezoldt/man_annotation/stripy/v1/NG039/NG039_P3_CC1/15_0.hdf5	15_0	None	None	stripy_nucleus	0	[5.00000000e+00 9.79450134e+02 3.21951172e+02 8.76378953e-01]	[5.00000000e+00 9.79450134e+02 3.21951172e+02 8.76378953e-01]					0.hdf5	15
724	/data/1_users/pezoldt/man_annotation/stripy/v1/NG039/NG039_P3_CC1/16_0.hdf5	16_0	None	None	Undefined	0		[1.00000000e+00 1.48981421e+03 3.32966461e+02 8.10904145e-01]	[1.00000000e+00 1.48981421e+03 3.32966461e+02 8.10904145e-01]	[1.20000000e+01 1.08177148e+03 2.94753998e+02 8.66189718e-01]			0.hdf5	16
725	/data/1_users/pezoldt/man_annotation/stripy/v1/NG039/NG039_P3_CC1/16_1.hdf5	16_1	None	None	Undefined	0		[1.20000000e+01 1.08177148e+03 2.94753998e+02 8.66189718e-01]	[1.00000000e+00 1.48981421e+03 3.32966461e+02 8.10904145e-01]	[1.20000000e+01 1.08177148e+03 2.94753998e+02 8.66189718e-01]			1.hdf5	16
726	/data/1_users/pezoldt/man_annotation/stripy/v1/NG039/NG039_P3_CC1/17_0.hdf5	17_0	None	None	Undefined	0		[1.00000000e+00 1.49075391e+03 3.34905853e+02 8.13425183e-01]	[1.00000000e+00 1.49075391e+03 3.34905853e+02 8.13425183e-01]	[5.00000000e+00 9.89072510e+02 3.35581116e+02 8.64493728e-01]			0.hdf5	17
727	/data/1_users/pezoldt/man_annotation/stripy/v1/NG039/NG039_P3_CC1/17_1.hdf5	17_1	None	None	Undefined	0		[5.00000000e+00 9.89072510e+02 3.35581116e+02 8.64493728e-01]	[1.00000000e+00 1.49075391e+03 3.34905853e+02 8.13425183e-01]	[5.00000000e+00 9.89072510e+02 3.35581116e+02 8.64493728e-01]			1.hdf5	17
728	/data/1_users/pezoldt/man_annotation/stripy/v1/NG039/NG039_P3_CC1/18_0.hdf5	18_0	None	None	Undefined	0		[1.00000000e+00 1.49128223e+03 3.35735809e+02 8.09475064e-01]	[1.00000000e+00 1.49128223e+03 3.35735809e+02 8.09475064e-01]	[7.00000000e+00 1.07645605e+03 1.58731815e+02 8.91505718e-01]			0.hdf5	18
729	/data/1_users/pezoldt/man_annotation/stripy/v1/NG039/NG039_P3_CC1/18_1.hdf5	18_1	None	None	Undefined	0		[7.00000000e+00 1.07645605e+03 1.58731815e+02 8.91505718e-01]	[1.00000000e+00 1.49128223e+03 3.35735809e+02 8.09475064e-01]	[7.00000000e+00 1.07645605e+03 1.58731815e+02 8.91505718e-01]			1.hdf5	18
730	/data/1_users/pezoldt/man_annotation/stripy/v1/NG039/NG039_P3_CC1/19_0.hdf5	19_0	None	None	Undefined	0	[  6.         835.68835449 320.30114746   0.88554102]	[  6.         835.68835449 320.30114746   0.88554102]					0.hdf5	19
706	/data/1_users/pezoldt/man_annotation/stripy/v1/NG039/NG039_P3_CC1/1_0.hdf5	1_0	None	None	stripy_center	0	[4.00000000e+00 8.96487305e+02 2.37440308e+02 8.84511232e-01]	[4.00000000e+00 8.96487305e+02 2.37440308e+02 8.84511232e-01]					0.hdf5	1
731	/data/1_users/pezoldt/man_annotation/stripy/v1/NG039/NG039_P3_CC1/20_0.hdf5	20_0	None	None	stripy_nucleus	0	[6.00000000e+00 9.31155701e+02 3.27967102e+02 8.75679255e-01]	[6.00000000e+00 9.31155701e+02 3.27967102e+02 8.75679255e-01]					0.hdf5	20
732	/data/1_users/pezoldt/man_annotation/stripy/v1/NG039/NG039_P3_CC1/21_0.hdf5	21_0	None	None	stripy_center	0	[  7.         780.66748047 138.87090683   0.88174516]	[  7.         780.66748047 138.87090683   0.88174516]					0.hdf5	21
733	/data/1_users/pezoldt/man_annotation/stripy/v1/NG039/NG039_P3_CC1/22_0.hdf5	22_0	None	None	Undefined	0		[1.00000000e+00 1.49205469e+03 3.34487396e+02 8.16968918e-01]	[1.00000000e+00 1.49205469e+03 3.34487396e+02 8.16968918e-01]	[1.20000000e+01 1.47685010e+03 1.62573547e+02 8.86312664e-01]			0.hdf5	22
734	/data/1_users/pezoldt/man_annotation/stripy/v1/NG039/NG039_P3_CC1/22_1.hdf5	22_1	None	None	Undefined	0		[1.20000000e+01 1.47685010e+03 1.62573547e+02 8.86312664e-01]	[1.00000000e+00 1.49205469e+03 3.34487396e+02 8.16968918e-01]	[1.20000000e+01 1.47685010e+03 1.62573547e+02 8.86312664e-01]			1.hdf5	22
735	/data/1_users/pezoldt/man_annotation/stripy/v1/NG039/NG039_P3_CC1/23_0.hdf5	23_0	None	None	Undefined	0	[8.00000000e+00 1.01005823e+03 3.45070770e+02 8.85303199e-01]	[8.00000000e+00 1.01005823e+03 3.45070770e+02 8.85303199e-01]					0.hdf5	23
736	/data/1_users/pezoldt/man_annotation/stripy/v1/NG039/NG039_P3_CC1/24_0.hdf5	24_0	None	None	Undefined	0	[1.20000000e+01 1.25601758e+03 3.44773376e+02 8.96691859e-01]	[1.20000000e+01 1.25601758e+03 3.44773376e+02 8.96691859e-01]					0.hdf5	24
737	/data/1_users/pezoldt/man_annotation/stripy/v1/NG039/NG039_P3_CC1/25_0.hdf5	25_0	None	None	Undefined	0	[1.10000000e+01 1.09127930e+03 1.69381973e+02 8.63996327e-01]	[1.10000000e+01 1.09127930e+03 1.69381973e+02 8.63996327e-01]					0.hdf5	25
738	/data/1_users/pezoldt/man_annotation/stripy/v1/NG039/NG039_P3_CC1/26_0.hdf5	26_0	None	None	stripy_nucleus	0	[ 10.         624.79571533 170.53622437   0.87669104]	[ 10.         624.79571533 170.53622437   0.87669104]					0.hdf5	26
739	/data/1_users/pezoldt/man_annotation/stripy/v1/NG039/NG039_P3_CC1/27_0.hdf5	27_0	None	None	Undefined	0	[1.00000000e+01 9.31488708e+02 3.19137329e+02 8.66236746e-01]	[1.00000000e+01 9.31488708e+02 3.19137329e+02 8.66236746e-01]					0.hdf5	27
740	/data/1_users/pezoldt/man_annotation/stripy/v1/NG039/NG039_P3_CC1/28_0.hdf5	28_0	None	None	Undefined	0	[ 10.         748.54846191 328.6786499    0.87317467]	[ 10.         748.54846191 328.6786499    0.87317467]					0.hdf5	28
741	/data/1_users/pezoldt/man_annotation/stripy/v1/NG039/NG039_P3_CC1/29_0.hdf5	29_0	None	None	Undefined	0	[6.00000000e+00 9.76755798e+02 3.06527405e+02 8.66059303e-01]	[6.00000000e+00 9.76755798e+02 3.06527405e+02 8.66059303e-01]					0.hdf5	29
707	/data/1_users/pezoldt/man_annotation/stripy/v1/NG039/NG039_P3_CC1/2_0.hdf5	2_0	None	None	Undefined	0		[1.00000000e+00 9.57357178e+02 2.57285645e+02 8.25895905e-01]	[1.00000000e+00 9.57357178e+02 2.57285645e+02 8.25895905e-01]	[8.00000000e+00 8.83827759e+02 2.66041130e+02 8.80007088e-01]			0.hdf5	2
708	/data/1_users/pezoldt/man_annotation/stripy/v1/NG039/NG039_P3_CC1/2_1.hdf5	2_1	None	None	Undefined	0		[8.00000000e+00 8.83827759e+02 2.66041130e+02 8.80007088e-01]	[1.00000000e+00 9.57357178e+02 2.57285645e+02 8.25895905e-01]	[8.00000000e+00 8.83827759e+02 2.66041130e+02 8.80007088e-01]			1.hdf5	2
742	/data/1_users/pezoldt/man_annotation/stripy/v1/NG039/NG039_P3_CC1/30_0.hdf5	30_0	None	None	Undefined	0	[1.00000000e+01 1.07089722e+03 2.07104691e+02 8.55189681e-01]	[1.00000000e+01 1.07089722e+03 2.07104691e+02 8.55189681e-01]					0.hdf5	30
743	/data/1_users/pezoldt/man_annotation/stripy/v1/NG039/NG039_P3_CC1/31_0.hdf5	31_0	None	None	Undefined	0	[  8.         744.54418945 221.1337738    0.89409733]	[  8.         744.54418945 221.1337738    0.89409733]					0.hdf5	31
744	/data/1_users/pezoldt/man_annotation/stripy/v1/NG039/NG039_P3_CC1/32_0.hdf5	32_0	None	None	stripy_nucleus	0	[  5.         796.38909912 288.24842072   0.87677521]	[  5.         796.38909912 288.24842072   0.87677521]					0.hdf5	32
745	/data/1_users/pezoldt/man_annotation/stripy/v1/NG039/NG039_P3_CC1/33_0.hdf5	33_0	None	None	Undefined	0	[  7.         407.25140381 206.94850159   0.87098235]	[  7.         407.25140381 206.94850159   0.87098235]					0.hdf5	33
746	/data/1_users/pezoldt/man_annotation/stripy/v1/NG039/NG039_P3_CC1/34_0.hdf5	34_0	None	None	stripy_nucleus	0	[1.10000000e+01 1.08384961e+03 2.33717590e+02 8.82799149e-01]	[1.10000000e+01 1.08384961e+03 2.33717590e+02 8.82799149e-01]					0.hdf5	34
747	/data/1_users/pezoldt/man_annotation/stripy/v1/NG039/NG039_P3_CC1/36_0.hdf5	36_0	None	None	Undefined	0	[  4.         642.47149658 253.02111816   0.87283909]	[  4.         642.47149658 253.02111816   0.87283909]					0.hdf5	36
748	/data/1_users/pezoldt/man_annotation/stripy/v1/NG039/NG039_P3_CC1/37_0.hdf5	37_0	None	None	normi_circle	0	[  7.         716.7598877  261.8553772    0.88359261]	[  7.         716.7598877  261.8553772    0.88359261]					0.hdf5	37
749	/data/1_users/pezoldt/man_annotation/stripy/v1/NG039/NG039_P3_CC1/38_0.hdf5	38_0	None	None	normi_circle	0	[4.00000000e+00 1.09596631e+03 3.49918030e+02 8.70951831e-01]	[4.00000000e+00 1.09596631e+03 3.49918030e+02 8.70951831e-01]					0.hdf5	38
750	/data/1_users/pezoldt/man_annotation/stripy/v1/NG039/NG039_P3_CC1/39_0.hdf5	39_0	None	None	Undefined	0		[0.00000000e+00 1.49906885e+03 3.50453583e+02 8.42265010e-01]	[0.00000000e+00 1.49906885e+03 3.50453583e+02 8.42265010e-01]	[1.20000000e+01 1.35334314e+03 2.62704109e+02 8.72669041e-01]			0.hdf5	39
751	/data/1_users/pezoldt/man_annotation/stripy/v1/NG039/NG039_P3_CC1/39_1.hdf5	39_1	None	None	Undefined	0		[1.20000000e+01 1.35334314e+03 2.62704109e+02 8.72669041e-01]	[0.00000000e+00 1.49906885e+03 3.50453583e+02 8.42265010e-01]	[1.20000000e+01 1.35334314e+03 2.62704109e+02 8.72669041e-01]			1.hdf5	39
709	/data/1_users/pezoldt/man_annotation/stripy/v1/NG039/NG039_P3_CC1/3_0.hdf5	3_0	None	None	Undefined	0		[0.00000000e+00 9.60278198e+02 2.54794556e+02 8.77726614e-01]	[0.00000000e+00 9.60278198e+02 2.54794556e+02 8.77726614e-01]	[1.10000000e+01 9.75250732e+02 3.06065247e+02 8.80371988e-01]			0.hdf5	3
710	/data/1_users/pezoldt/man_annotation/stripy/v1/NG039/NG039_P3_CC1/3_1.hdf5	3_1	None	None	normi_circle	0		[1.10000000e+01 9.75250732e+02 3.06065247e+02 8.80371988e-01]	[0.00000000e+00 9.60278198e+02 2.54794556e+02 8.77726614e-01]	[1.10000000e+01 9.75250732e+02 3.06065247e+02 8.80371988e-01]			1.hdf5	3
752	/data/1_users/pezoldt/man_annotation/stripy/v1/NG039/NG039_P3_CC1/40_0.hdf5	40_0	None	None	Undefined	0		[  5.         829.86102295 314.72564697   0.86180478]	[  5.         829.86102295 314.72564697   0.86180478]	[8.00000000e+00 8.75344604e+02 3.08435791e+02 8.58060479e-01]			0.hdf5	40
753	/data/1_users/pezoldt/man_annotation/stripy/v1/NG039/NG039_P3_CC1/40_1.hdf5	40_1	None	None	Undefined	0		[8.00000000e+00 8.75344604e+02 3.08435791e+02 8.58060479e-01]	[  5.         829.86102295 314.72564697   0.86180478]	[8.00000000e+00 8.75344604e+02 3.08435791e+02 8.58060479e-01]			1.hdf5	40
754	/data/1_users/pezoldt/man_annotation/stripy/v1/NG039/NG039_P3_CC1/41_0.hdf5	41_0	None	None	Undefined	0	[  5.         606.34265137 223.1138916    0.86903363]	[  5.         606.34265137 223.1138916    0.86903363]					0.hdf5	41
755	/data/1_users/pezoldt/man_annotation/stripy/v1/NG039/NG039_P3_CC1/42_0.hdf5	42_0	None	None	Undefined	0	[7.00000000e+00 9.26449219e+02 3.50530334e+02 8.77822399e-01]	[7.00000000e+00 9.26449219e+02 3.50530334e+02 8.77822399e-01]					0.hdf5	42
756	/data/1_users/pezoldt/man_annotation/stripy/v1/NG039/NG039_P3_CC1/43_0.hdf5	43_0	None	None	Undefined	0	[  4.         790.08325195 205.30918884   0.87558454]	[  4.         790.08325195 205.30918884   0.87558454]					0.hdf5	43
757	/data/1_users/pezoldt/man_annotation/stripy/v1/NG039/NG039_P3_CC1/44_0.hdf5	44_0	None	None	normi_circle	0	[1.00000000e+01 9.72581848e+02 2.84582306e+02 8.73379111e-01]	[1.00000000e+01 9.72581848e+02 2.84582306e+02 8.73379111e-01]					0.hdf5	44
758	/data/1_users/pezoldt/man_annotation/stripy/v1/NG039/NG039_P3_CC1/45_0.hdf5	45_0	None	None	Undefined	0	[  8.         736.56573486 295.91055298   0.86637282]	[  8.         736.56573486 295.91055298   0.86637282]					0.hdf5	45
759	/data/1_users/pezoldt/man_annotation/stripy/v1/NG039/NG039_P3_CC1/46_0.hdf5	46_0	None	None	Undefined	0	[  7.         403.26660156 205.68344116   0.88038123]	[  7.         403.26660156 205.68344116   0.88038123]					0.hdf5	46
760	/data/1_users/pezoldt/man_annotation/stripy/v1/NG039/NG039_P3_CC1/47_0.hdf5	47_0	None	None	Undefined	0	[6.00000000e+00 8.84044434e+02 3.61639954e+02 8.67902219e-01]	[6.00000000e+00 8.84044434e+02 3.61639954e+02 8.67902219e-01]					0.hdf5	47
761	/data/1_users/pezoldt/man_annotation/stripy/v1/NG039/NG039_P3_CC1/48_0.hdf5	48_0	None	None	stripy_nucleus	0	[4.00000000e+00 9.80175781e+02 3.37617523e+02 8.77955794e-01]	[4.00000000e+00 9.80175781e+02 3.37617523e+02 8.77955794e-01]					0.hdf5	48
762	/data/1_users/pezoldt/man_annotation/stripy/v1/NG039/NG039_P3_CC1/49_0.hdf5	49_0	None	None	Undefined	0		[0.00000000e+00 1.50087378e+03 3.51024109e+02 8.01344812e-01]	[0.00000000e+00 1.50087378e+03 3.51024109e+02 8.01344812e-01]	[7.00000000e+00 1.11191357e+03 3.36810242e+02 8.90891135e-01]			0.hdf5	49
763	/data/1_users/pezoldt/man_annotation/stripy/v1/NG039/NG039_P3_CC1/49_1.hdf5	49_1	None	None	stripy_nucleus	0		[7.00000000e+00 1.11191357e+03 3.36810242e+02 8.90891135e-01]	[0.00000000e+00 1.50087378e+03 3.51024109e+02 8.01344812e-01]	[7.00000000e+00 1.11191357e+03 3.36810242e+02 8.90891135e-01]			1.hdf5	49
711	/data/1_users/pezoldt/man_annotation/stripy/v1/NG039/NG039_P3_CC1/4_0.hdf5	4_0	None	None	Undefined	0	[5.00000000e+00 9.05563721e+02 1.99784241e+02 8.86061966e-01]	[5.00000000e+00 9.05563721e+02 1.99784241e+02 8.86061966e-01]					0.hdf5	4
764	/data/1_users/pezoldt/man_annotation/stripy/v1/NG039/NG039_P3_CC1/50_0.hdf5	50_0	None	None	Undefined	0	[  5.         803.33190918 234.31936646   0.87379169]	[  5.         803.33190918 234.31936646   0.87379169]					0.hdf5	50
765	/data/1_users/pezoldt/man_annotation/stripy/v1/NG039/NG039_P3_CC1/51_0.hdf5	51_0	None	None	Undefined	0	[1.10000000e+01 8.79789001e+02 1.83850647e+02 8.68229270e-01]	[1.10000000e+01 8.79789001e+02 1.83850647e+02 8.68229270e-01]					0.hdf5	51
766	/data/1_users/pezoldt/man_annotation/stripy/v1/NG039/NG039_P3_CC1/52_0.hdf5	52_0	None	None	stripy_nucleus	0	[1.00000000e+01 1.16523706e+03 3.65778687e+02 8.71564269e-01]	[1.00000000e+01 1.16523706e+03 3.65778687e+02 8.71564269e-01]					0.hdf5	52
767	/data/1_users/pezoldt/man_annotation/stripy/v1/NG039/NG039_P3_CC1/53_0.hdf5	53_0	None	None	normi_circle	0	[  6.         795.20214844 353.8444519    0.87412429]	[  6.         795.20214844 353.8444519    0.87412429]					0.hdf5	53
768	/data/1_users/pezoldt/man_annotation/stripy/v1/NG039/NG039_P3_CC1/54_0.hdf5	54_0	None	None	Undefined	0	[  3.         781.94018555 279.18661499   0.86386234]	[  3.         781.94018555 279.18661499   0.86386234]					0.hdf5	54
769	/data/1_users/pezoldt/man_annotation/stripy/v1/NG039/NG039_P3_CC1/55_0.hdf5	55_0	None	None	stripy_nucleus	0		[1.10000000e+01 1.28543213e+03 2.76419281e+02 8.74023855e-01]	[1.10000000e+01 1.28543213e+03 2.76419281e+02 8.74023855e-01]	[1.60000000e+01 1.24119934e+03 2.56106499e+02 8.05097997e-01]			0.hdf5	55
770	/data/1_users/pezoldt/man_annotation/stripy/v1/NG039/NG039_P3_CC1/55_1.hdf5	55_1	None	None	Undefined	0		[1.60000000e+01 1.24119934e+03 2.56106499e+02 8.05097997e-01]	[1.10000000e+01 1.28543213e+03 2.76419281e+02 8.74023855e-01]	[1.60000000e+01 1.24119934e+03 2.56106499e+02 8.05097997e-01]			1.hdf5	55
771	/data/1_users/pezoldt/man_annotation/stripy/v1/NG039/NG039_P3_CC1/56_0.hdf5	56_0	None	None	stripy_nucleus	0	[6.00000000e+00 1.09698669e+03 3.60776794e+02 8.78841698e-01]	[6.00000000e+00 1.09698669e+03 3.60776794e+02 8.78841698e-01]					0.hdf5	56
772	/data/1_users/pezoldt/man_annotation/stripy/v1/NG039/NG039_P3_CC1/57_0.hdf5	57_0	None	None	Undefined	0	[1.10000000e+01 1.31162512e+03 3.65321472e+02 8.68700206e-01]	[1.10000000e+01 1.31162512e+03 3.65321472e+02 8.68700206e-01]					0.hdf5	57
773	/data/1_users/pezoldt/man_annotation/stripy/v1/NG039/NG039_P3_CC1/58_0.hdf5	58_0	None	None	stripy_nucleus	0	[  6.         808.0480957  279.69668579   0.89246708]	[  6.         808.0480957  279.69668579   0.89246708]					0.hdf5	58
774	/data/1_users/pezoldt/man_annotation/stripy/v1/NG039/NG039_P3_CC1/59_0.hdf5	59_0	None	None	Undefined	0	[  4.         830.99060059 220.5295105    0.86912847]	[  4.         830.99060059 220.5295105    0.86912847]					0.hdf5	59
712	/data/1_users/pezoldt/man_annotation/stripy/v1/NG039/NG039_P3_CC1/5_0.hdf5	5_0	None	None	Undefined	0		[0.00000000e+00 9.60321106e+02 2.59329132e+02 8.25186491e-01]	[0.00000000e+00 9.60321106e+02 2.59329132e+02 8.25186491e-01]	[1.10000000e+01 1.24975439e+03 3.49544739e+02 8.76079440e-01]			0.hdf5	5
713	/data/1_users/pezoldt/man_annotation/stripy/v1/NG039/NG039_P3_CC1/5_1.hdf5	5_1	None	None	stripy_center	0		[1.10000000e+01 1.24975439e+03 3.49544739e+02 8.76079440e-01]	[0.00000000e+00 9.60321106e+02 2.59329132e+02 8.25186491e-01]	[1.10000000e+01 1.24975439e+03 3.49544739e+02 8.76079440e-01]			1.hdf5	5
775	/data/1_users/pezoldt/man_annotation/stripy/v1/NG039/NG039_P3_CC1/60_0.hdf5	60_0	None	None	Undefined	0		[  3.         713.2845459  227.77127075   0.82779795]	[  3.         713.2845459  227.77127075   0.82779795]	[  3.         782.76708984 331.99636841   0.8703258 ]	[  7.         786.89099121 214.33758545   0.86214113]		0.hdf5	60
776	/data/1_users/pezoldt/man_annotation/stripy/v1/NG039/NG039_P3_CC1/60_1.hdf5	60_1	None	None	Undefined	0		[  3.         782.76708984 331.99636841   0.8703258 ]	[  3.         713.2845459  227.77127075   0.82779795]	[  3.         782.76708984 331.99636841   0.8703258 ]	[  7.         786.89099121 214.33758545   0.86214113]		1.hdf5	60
777	/data/1_users/pezoldt/man_annotation/stripy/v1/NG039/NG039_P3_CC1/60_2.hdf5	60_2	None	None	Undefined	0		[  7.         786.89099121 214.33758545   0.86214113]	[  3.         713.2845459  227.77127075   0.82779795]	[  3.         782.76708984 331.99636841   0.8703258 ]	[  7.         786.89099121 214.33758545   0.86214113]		2.hdf5	60
778	/data/1_users/pezoldt/man_annotation/stripy/v1/NG039/NG039_P3_CC1/62_0.hdf5	62_0	None	None	normi_circle	0	[  4.         761.45501709 202.94351196   0.86595482]	[  4.         761.45501709 202.94351196   0.86595482]					0.hdf5	62
779	/data/1_users/pezoldt/man_annotation/stripy/v1/NG039/NG039_P3_CC1/63_0.hdf5	63_0	None	None	Undefined	0	[  6.         809.14703369 289.38543701   0.88957721]	[  6.         809.14703369 289.38543701   0.88957721]					0.hdf5	63
780	/data/1_users/pezoldt/man_annotation/stripy/v1/NG039/NG039_P3_CC1/64_0.hdf5	64_0	None	None	stripy_nucleus	0	[5.00000000e+00 9.61591797e+02 1.79621063e+02 8.69777560e-01]	[5.00000000e+00 9.61591797e+02 1.79621063e+02 8.69777560e-01]					0.hdf5	64
781	/data/1_users/pezoldt/man_annotation/stripy/v1/NG039/NG039_P3_CC1/65_0.hdf5	65_0	None	None	stripy_center	0	[  5.         546.46374512 285.3692627    0.8739785 ]	[  5.         546.46374512 285.3692627    0.8739785 ]					0.hdf5	65
782	/data/1_users/pezoldt/man_annotation/stripy/v1/NG039/NG039_P3_CC1/66_0.hdf5	66_0	None	None	Undefined	0	[4.00000000e+00 1.00425598e+03 2.08200775e+02 8.78465176e-01]	[4.00000000e+00 1.00425598e+03 2.08200775e+02 8.78465176e-01]					0.hdf5	66
783	/data/1_users/pezoldt/man_annotation/stripy/v1/NG039/NG039_P3_CC1/67_0.hdf5	67_0	None	None	Undefined	0	[  8.         838.99182129 290.40560913   0.88160294]	[  8.         838.99182129 290.40560913   0.88160294]					0.hdf5	67
784	/data/1_users/pezoldt/man_annotation/stripy/v1/NG039/NG039_P3_CC1/68_0.hdf5	68_0	None	None	normi_circle	0	[  2.         730.50439453 320.30377197   0.87192959]	[  2.         730.50439453 320.30377197   0.87192959]					0.hdf5	68
785	/data/1_users/pezoldt/man_annotation/stripy/v1/NG039/NG039_P3_CC1/69_0.hdf5	69_0	None	None	Undefined	0	[  5.         854.78442383 328.55084229   0.85513258]	[  5.         854.78442383 328.55084229   0.85513258]					0.hdf5	69
714	/data/1_users/pezoldt/man_annotation/stripy/v1/NG039/NG039_P3_CC1/6_0.hdf5	6_0	None	None	stripy_nucleus	0	[  7.         741.28881836 305.72113037   0.88070744]	[  7.         741.28881836 305.72113037   0.88070744]					0.hdf5	6
786	/data/1_users/pezoldt/man_annotation/stripy/v1/NG039/NG039_P3_CC1/70_0.hdf5	70_0	None	None	Undefined	0	[  5.         452.43969727 257.21167755   0.86712492]	[  5.         452.43969727 257.21167755   0.86712492]					0.hdf5	70
787	/data/1_users/pezoldt/man_annotation/stripy/v1/NG039/NG039_P3_CC1/71_0.hdf5	71_0	None	None	Undefined	0	[  4.         808.67822266 173.22967529   0.87448758]	[  4.         808.67822266 173.22967529   0.87448758]					0.hdf5	71
788	/data/1_users/pezoldt/man_annotation/stripy/v1/NG039/NG039_P3_CC1/72_0.hdf5	72_0	None	None	normi_circle	0	[3.00000000e+00 1.07036719e+03 3.42812561e+02 8.50868762e-01]	[3.00000000e+00 1.07036719e+03 3.42812561e+02 8.50868762e-01]					0.hdf5	72
789	/data/1_users/pezoldt/man_annotation/stripy/v1/NG039/NG039_P3_CC1/73_0.hdf5	73_0	None	None	Undefined	0	[7.00000000e+00 1.03342053e+03 3.53157410e+02 8.83039832e-01]	[7.00000000e+00 1.03342053e+03 3.53157410e+02 8.83039832e-01]					0.hdf5	73
790	/data/1_users/pezoldt/man_annotation/stripy/v1/NG039/NG039_P3_CC1/74_0.hdf5	74_0	None	None	Undefined	0	[1.00000000e+01 1.22256055e+03 2.07301514e+02 8.84045959e-01]	[1.00000000e+01 1.22256055e+03 2.07301514e+02 8.84045959e-01]					0.hdf5	74
791	/data/1_users/pezoldt/man_annotation/stripy/v1/NG039/NG039_P3_CC1/75_0.hdf5	75_0	None	None	Undefined	0	[  5.         663.27331543 216.90551758   0.85735708]	[  5.         663.27331543 216.90551758   0.85735708]					0.hdf5	75
792	/data/1_users/pezoldt/man_annotation/stripy/v1/NG039/NG039_P3_CC1/77_0.hdf5	77_0	None	None	Undefined	0	[  5.         702.1137085  322.01196289   0.87149739]	[  5.         702.1137085  322.01196289   0.87149739]					0.hdf5	77
793	/data/1_users/pezoldt/man_annotation/stripy/v1/NG039/NG039_P3_CC1/78_0.hdf5	78_0	None	None	Undefined	0	[1.00000000e+01 9.55016724e+02 2.00172104e+02 8.78593624e-01]	[1.00000000e+01 9.55016724e+02 2.00172104e+02 8.78593624e-01]					0.hdf5	78
794	/data/1_users/pezoldt/man_annotation/stripy/v1/NG039/NG039_P3_CC1/79_0.hdf5	79_0	None	None	normi_circle	0	[  4.         810.76745605 163.63972473   0.86601281]	[  4.         810.76745605 163.63972473   0.86601281]					0.hdf5	79
715	/data/1_users/pezoldt/man_annotation/stripy/v1/NG039/NG039_P3_CC1/7_0.hdf5	7_0	None	None	Undefined	0	[  5.         602.83129883 281.68079376   0.88890219]	[  5.         602.83129883 281.68079376   0.88890219]					0.hdf5	7
795	/data/1_users/pezoldt/man_annotation/stripy/v1/NG039/NG039_P3_CC1/81_0.hdf5	81_0	None	None	normi_circle	0	[2.00000000e+00 8.82896790e+02 2.06092911e+02 8.71147990e-01]	[2.00000000e+00 8.82896790e+02 2.06092911e+02 8.71147990e-01]					0.hdf5	81
796	/data/1_users/pezoldt/man_annotation/stripy/v1/NG039/NG039_P3_CC1/82_0.hdf5	82_0	None	None	Undefined	0	[8.00000000e+00 9.45781372e+02 3.31856079e+02 8.76344681e-01]	[8.00000000e+00 9.45781372e+02 3.31856079e+02 8.76344681e-01]					0.hdf5	82
797	/data/1_users/pezoldt/man_annotation/stripy/v1/NG039/NG039_P3_CC1/83_0.hdf5	83_0	None	None	Undefined	0	[2.00000000e+00 9.72981201e+02 2.70314240e+02 8.66012037e-01]	[2.00000000e+00 9.72981201e+02 2.70314240e+02 8.66012037e-01]					0.hdf5	83
798	/data/1_users/pezoldt/man_annotation/stripy/v1/NG039/NG039_P3_CC1/84_0.hdf5	84_0	None	None	Undefined	0	[  6.         787.63342285 334.54223633   0.86835718]	[  6.         787.63342285 334.54223633   0.86835718]					0.hdf5	84
799	/data/1_users/pezoldt/man_annotation/stripy/v1/NG039/NG039_P3_CC1/85_0.hdf5	85_0	None	None	Undefined	0	[4.00000000e+00 9.45219727e+02 3.50539062e+02 8.74400079e-01]	[4.00000000e+00 9.45219727e+02 3.50539062e+02 8.74400079e-01]					0.hdf5	85
800	/data/1_users/pezoldt/man_annotation/stripy/v1/NG039/NG039_P3_CC1/86_0.hdf5	86_0	None	None	normi_circle	0	[  3.         808.47021484 338.82342529   0.86544919]	[  3.         808.47021484 338.82342529   0.86544919]					0.hdf5	86
801	/data/1_users/pezoldt/man_annotation/stripy/v1/NG039/NG039_P3_CC1/87_0.hdf5	87_0	None	None	stripy_nucleus	0	[2.00000000e+00 1.02040149e+03 3.40301025e+02 8.73025000e-01]	[2.00000000e+00 1.02040149e+03 3.40301025e+02 8.73025000e-01]					0.hdf5	87
802	/data/1_users/pezoldt/man_annotation/stripy/v1/NG039/NG039_P3_CC1/88_0.hdf5	88_0	None	None	Undefined	0	[9.00000000e+00 9.43723022e+02 2.44598434e+02 8.42914522e-01]	[9.00000000e+00 9.43723022e+02 2.44598434e+02 8.42914522e-01]					0.hdf5	88
803	/data/1_users/pezoldt/man_annotation/stripy/v1/NG039/NG039_P3_CC1/89_0.hdf5	89_0	None	None	normi_circle	0	[1.00000000e+01 1.12019067e+03 2.83428741e+02 8.70281100e-01]	[1.00000000e+01 1.12019067e+03 2.83428741e+02 8.70281100e-01]					0.hdf5	89
716	/data/1_users/pezoldt/man_annotation/stripy/v1/NG039/NG039_P3_CC1/8_0.hdf5	8_0	None	None	Undefined	0	[  4.         581.92016602 184.13162231   0.86821508]	[  4.         581.92016602 184.13162231   0.86821508]					0.hdf5	8
804	/data/1_users/pezoldt/man_annotation/stripy/v1/NG039/NG039_P3_CC1/90_0.hdf5	90_0	None	None	Undefined	0	[7.00000000e+00 1.05199661e+03 1.61624424e+02 8.76893759e-01]	[7.00000000e+00 1.05199661e+03 1.61624424e+02 8.76893759e-01]					0.hdf5	90
805	/data/1_users/pezoldt/man_annotation/stripy/v1/NG039/NG039_P3_CC1/91_0.hdf5	91_0	None	None	Undefined	0	[  8.         852.42901611 299.20544434   0.86558139]	[  8.         852.42901611 299.20544434   0.86558139]					0.hdf5	91
806	/data/1_users/pezoldt/man_annotation/stripy/v1/NG039/NG039_P3_CC1/92_0.hdf5	92_0	None	None	Undefined	0	[2.00000000e+00 1.04506738e+03 3.49659332e+02 8.62494528e-01]	[2.00000000e+00 1.04506738e+03 3.49659332e+02 8.62494528e-01]					0.hdf5	92
807	/data/1_users/pezoldt/man_annotation/stripy/v1/NG039/NG039_P3_CC1/93_0.hdf5	93_0	None	None	Undefined	0	[  6.         684.48034668 250.33540344   0.87260711]	[  6.         684.48034668 250.33540344   0.87260711]					0.hdf5	93
808	/data/1_users/pezoldt/man_annotation/stripy/v1/NG039/NG039_P3_CC1/94_0.hdf5	94_0	None	None	stripy_nucleus	0	[1.00000000e+01 1.08354785e+03 2.52628448e+02 8.65998864e-01]	[1.00000000e+01 1.08354785e+03 2.52628448e+02 8.65998864e-01]					0.hdf5	94
809	/data/1_users/pezoldt/man_annotation/stripy/v1/NG039/NG039_P3_CC1/95_0.hdf5	95_0	None	None	Undefined	0	[  6.         630.23986816 332.6104126    0.88311958]	[  6.         630.23986816 332.6104126    0.88311958]					0.hdf5	95
717	/data/1_users/pezoldt/man_annotation/stripy/v1/NG039/NG039_P3_CC1/9_0.hdf5	9_0	None	None	Undefined	0	[6.00000000e+00 1.37868652e+03 3.55755737e+02 8.93526495e-01]	[6.00000000e+00 1.37868652e+03 3.55755737e+02 8.93526495e-01]					0.hdf5	9
810	/data/1_users/pezoldt/man_annotation/stripy/v1/NG039/NG039_P3_CC3/0_0.hdf5	0_0	None	None	stripy_center	0	[1.40000000e+01 1.69517822e+03 3.56872070e+02 8.55695128e-01]	[1.40000000e+01 1.69517822e+03 3.56872070e+02 8.55695128e-01]					0.hdf5	0
819	/data/1_users/pezoldt/man_annotation/stripy/v1/NG039/NG039_P3_CC3/10_0.hdf5	10_0	None	None		0	[1.00000000e+01 1.38031348e+03 3.46043457e+02 8.65456879e-01]	[1.00000000e+01 1.38031348e+03 3.46043457e+02 8.65456879e-01]					0.hdf5	10
820	/data/1_users/pezoldt/man_annotation/stripy/v1/NG039/NG039_P3_CC3/11_0.hdf5	11_0	None	None	Undefined	0	[1.40000000e+01 1.45032275e+03 2.47906876e+02 8.29900682e-01]	[1.40000000e+01 1.45032275e+03 2.47906876e+02 8.29900682e-01]					0.hdf5	11
821	/data/1_users/pezoldt/man_annotation/stripy/v1/NG039/NG039_P3_CC3/12_0.hdf5	12_0	None	None	stripy_nucleus	0	[ 11.         724.04284668 293.12749481   0.8872605 ]	[ 11.         724.04284668 293.12749481   0.8872605 ]					0.hdf5	12
822	/data/1_users/pezoldt/man_annotation/stripy/v1/NG039/NG039_P3_CC3/13_0.hdf5	13_0	None	None	stripy_nucleus	0	[1.40000000e+01 1.64590051e+03 2.35227142e+02 8.85406554e-01]	[1.40000000e+01 1.64590051e+03 2.35227142e+02 8.85406554e-01]					0.hdf5	13
823	/data/1_users/pezoldt/man_annotation/stripy/v1/NG039/NG039_P3_CC3/14_0.hdf5	14_0	None	None	Undefined	0	[1.40000000e+01 1.63171753e+03 3.15927673e+02 8.37348878e-01]	[1.40000000e+01 1.63171753e+03 3.15927673e+02 8.37348878e-01]					0.hdf5	14
824	/data/1_users/pezoldt/man_annotation/stripy/v1/NG039/NG039_P3_CC3/15_0.hdf5	15_0	None	None	stripy_center	0	[7.00000000e+00 1.37453149e+03 2.73955750e+02 8.51258039e-01]	[7.00000000e+00 1.37453149e+03 2.73955750e+02 8.51258039e-01]					0.hdf5	15
825	/data/1_users/pezoldt/man_annotation/stripy/v1/NG039/NG039_P3_CC3/16_0.hdf5	16_0	None	None	stripy_center	0	[  8.         438.37542725 320.39202881   0.87852478]	[  8.         438.37542725 320.39202881   0.87852478]					0.hdf5	16
826	/data/1_users/pezoldt/man_annotation/stripy/v1/NG039/NG039_P3_CC3/17_0.hdf5	17_0	None	None	stripy_center	0	[1.30000000e+01 1.18197559e+03 3.11914429e+02 8.85969281e-01]	[1.30000000e+01 1.18197559e+03 3.11914429e+02 8.85969281e-01]					0.hdf5	17
827	/data/1_users/pezoldt/man_annotation/stripy/v1/NG039/NG039_P3_CC3/18_0.hdf5	18_0	None	None	Undefined	0	[1.20000000e+01 1.05308151e+03 3.35558044e+02 8.64008784e-01]	[1.20000000e+01 1.05308151e+03 3.35558044e+02 8.64008784e-01]					0.hdf5	18
828	/data/1_users/pezoldt/man_annotation/stripy/v1/NG039/NG039_P3_CC3/19_0.hdf5	19_0	None	None	Undefined	0	[1.30000000e+01 1.17814539e+03 3.22944550e+02 8.59453976e-01]	[1.30000000e+01 1.17814539e+03 3.22944550e+02 8.59453976e-01]					0.hdf5	19
811	/data/1_users/pezoldt/man_annotation/stripy/v1/NG039/NG039_P3_CC3/1_0.hdf5	1_0	None	None	Undefined	0	[ 11.         618.05200195 169.49035645   0.87064987]	[ 11.         618.05200195 169.49035645   0.87064987]					0.hdf5	1
829	/data/1_users/pezoldt/man_annotation/stripy/v1/NG039/NG039_P3_CC3/20_0.hdf5	20_0	None	None	normi_circle	0	[9.00000000e+00 1.25845374e+03 3.32857727e+02 8.50177228e-01]	[9.00000000e+00 1.25845374e+03 3.32857727e+02 8.50177228e-01]					0.hdf5	20
830	/data/1_users/pezoldt/man_annotation/stripy/v1/NG039/NG039_P3_CC3/21_0.hdf5	21_0	None	None	Undefined	0	[ 10.         715.53533936 295.84960938   0.88411456]	[ 10.         715.53533936 295.84960938   0.88411456]					0.hdf5	21
831	/data/1_users/pezoldt/man_annotation/stripy/v1/NG039/NG039_P3_CC3/22_0.hdf5	22_0	None	None	normi_circle	0	[1.20000000e+01 1.29840991e+03 3.21660339e+02 8.66417468e-01]	[1.20000000e+01 1.29840991e+03 3.21660339e+02 8.66417468e-01]					0.hdf5	22
832	/data/1_users/pezoldt/man_annotation/stripy/v1/NG039/NG039_P3_CC3/23_0.hdf5	23_0	None	None	stripy_nucleus	0	[9.00000000e+00 1.21286572e+03 3.46359406e+02 8.70391905e-01]	[9.00000000e+00 1.21286572e+03 3.46359406e+02 8.70391905e-01]					0.hdf5	23
833	/data/1_users/pezoldt/man_annotation/stripy/v1/NG039/NG039_P3_CC3/24_0.hdf5	24_0	None	None	Undefined	0	[9.00000000e+00 9.62645264e+02 2.09958557e+02 8.82875681e-01]	[9.00000000e+00 9.62645264e+02 2.09958557e+02 8.82875681e-01]					0.hdf5	24
834	/data/1_users/pezoldt/man_annotation/stripy/v1/NG039/NG039_P3_CC3/25_0.hdf5	25_0	None	None	Undefined	0	[1.20000000e+01 1.09882373e+03 1.62621399e+02 8.66721570e-01]	[1.20000000e+01 1.09882373e+03 1.62621399e+02 8.66721570e-01]					0.hdf5	25
835	/data/1_users/pezoldt/man_annotation/stripy/v1/NG039/NG039_P3_CC3/26_0.hdf5	26_0	None	None	Undefined	0	[1.30000000e+01 1.30931470e+03 3.19725342e+02 8.66793752e-01]	[1.30000000e+01 1.30931470e+03 3.19725342e+02 8.66793752e-01]					0.hdf5	26
836	/data/1_users/pezoldt/man_annotation/stripy/v1/NG039/NG039_P3_CC3/27_0.hdf5	27_0	None	None	Undefined	0	[1.40000000e+01 1.42443799e+03 2.08963730e+02 8.58190536e-01]	[1.40000000e+01 1.42443799e+03 2.08963730e+02 8.58190536e-01]					0.hdf5	27
837	/data/1_users/pezoldt/man_annotation/stripy/v1/NG039/NG039_P3_CC3/28_0.hdf5	28_0	None	None	Undefined	0	[9.00000000e+00 1.35536328e+03 3.01659241e+02 8.82504523e-01]	[9.00000000e+00 1.35536328e+03 3.01659241e+02 8.82504523e-01]					0.hdf5	28
838	/data/1_users/pezoldt/man_annotation/stripy/v1/NG039/NG039_P3_CC3/29_0.hdf5	29_0	None	None	stripy_nucleus	0	[ 10.         884.27941895 177.76605225   0.885746  ]	[ 10.         884.27941895 177.76605225   0.885746  ]					0.hdf5	29
812	/data/1_users/pezoldt/man_annotation/stripy/v1/NG039/NG039_P3_CC3/2_0.hdf5	2_0	None	None		0	[1.10000000e+01 1.16415137e+03 3.09112671e+02 8.62821639e-01]	[1.10000000e+01 1.16415137e+03 3.09112671e+02 8.62821639e-01]					0.hdf5	2
839	/data/1_users/pezoldt/man_annotation/stripy/v1/NG039/NG039_P3_CC3/31_0.hdf5	31_0	None	None	normi_circle	0	[1.30000000e+01 1.53349976e+03 1.62496735e+02 8.67444634e-01]	[1.30000000e+01 1.53349976e+03 1.62496735e+02 8.67444634e-01]					0.hdf5	31
840	/data/1_users/pezoldt/man_annotation/stripy/v1/NG039/NG039_P3_CC3/32_0.hdf5	32_0	None	None	Undefined	0	[1.30000000e+01 1.21561951e+03 1.87128998e+02 8.92326593e-01]	[1.30000000e+01 1.21561951e+03 1.87128998e+02 8.92326593e-01]					0.hdf5	32
841	/data/1_users/pezoldt/man_annotation/stripy/v1/NG039/NG039_P3_CC3/33_0.hdf5	33_0	None	None	normi_circle	0	[1.40000000e+01 1.65779712e+03 3.45408173e+02 8.56819808e-01]	[1.40000000e+01 1.65779712e+03 3.45408173e+02 8.56819808e-01]					0.hdf5	33
842	/data/1_users/pezoldt/man_annotation/stripy/v1/NG039/NG039_P3_CC3/34_0.hdf5	34_0	None	None	Undefined	0	[1.10000000e+01 1.07182764e+03 3.05751312e+02 8.65171969e-01]	[1.10000000e+01 1.07182764e+03 3.05751312e+02 8.65171969e-01]					0.hdf5	34
843	/data/1_users/pezoldt/man_annotation/stripy/v1/NG039/NG039_P3_CC3/35_0.hdf5	35_0	None	None	normi_circle	0	[1.20000000e+01 1.19740234e+03 3.49263092e+02 8.59459043e-01]	[1.20000000e+01 1.19740234e+03 3.49263092e+02 8.59459043e-01]					0.hdf5	35
844	/data/1_users/pezoldt/man_annotation/stripy/v1/NG039/NG039_P3_CC3/36_0.hdf5	36_0	None	None	Undefined	0	[1.20000000e+01 1.18944360e+03 1.62473679e+02 8.82288635e-01]	[1.20000000e+01 1.18944360e+03 1.62473679e+02 8.82288635e-01]					0.hdf5	36
845	/data/1_users/pezoldt/man_annotation/stripy/v1/NG039/NG039_P3_CC3/37_0.hdf5	37_0	None	None	normi_circle	0	[7.00000000e+00 1.25600146e+03 2.09477448e+02 8.65564167e-01]	[7.00000000e+00 1.25600146e+03 2.09477448e+02 8.65564167e-01]					0.hdf5	37
846	/data/1_users/pezoldt/man_annotation/stripy/v1/NG039/NG039_P3_CC3/38_0.hdf5	38_0	None	None	Undefined	0	[1.30000000e+01 1.47309045e+03 3.15796509e+02 8.55861902e-01]	[1.30000000e+01 1.47309045e+03 3.15796509e+02 8.55861902e-01]					0.hdf5	38
847	/data/1_users/pezoldt/man_annotation/stripy/v1/NG039/NG039_P3_CC3/40_0.hdf5	40_0	None	None	Undefined	0	[7.00000000e+00 1.27053259e+03 2.60193054e+02 8.57351661e-01]	[7.00000000e+00 1.27053259e+03 2.60193054e+02 8.57351661e-01]					0.hdf5	40
848	/data/1_users/pezoldt/man_annotation/stripy/v1/NG039/NG039_P3_CC3/41_0.hdf5	41_0	None	None	Undefined	0	[1.30000000e+01 1.57107593e+03 1.69549530e+02 8.71888995e-01]	[1.30000000e+01 1.57107593e+03 1.69549530e+02 8.71888995e-01]					0.hdf5	41
849	/data/1_users/pezoldt/man_annotation/stripy/v1/NG039/NG039_P3_CC3/42_0.hdf5	42_0	None	None	normi_circle	0	[1.10000000e+01 1.21454236e+03 3.14129242e+02 8.68220627e-01]	[1.10000000e+01 1.21454236e+03 3.14129242e+02 8.68220627e-01]					0.hdf5	42
850	/data/1_users/pezoldt/man_annotation/stripy/v1/NG039/NG039_P3_CC3/43_0.hdf5	43_0	None	None	Undefined	0	[1.00000000e+01 1.15933936e+03 3.16204254e+02 8.70602071e-01]	[1.00000000e+01 1.15933936e+03 3.16204254e+02 8.70602071e-01]					0.hdf5	43
851	/data/1_users/pezoldt/man_annotation/stripy/v1/NG039/NG039_P3_CC3/44_0.hdf5	44_0	None	None	Undefined	0	[1.20000000e+01 1.18829333e+03 1.59728359e+02 8.63089919e-01]	[1.20000000e+01 1.18829333e+03 1.59728359e+02 8.63089919e-01]					0.hdf5	44
852	/data/1_users/pezoldt/man_annotation/stripy/v1/NG039/NG039_P3_CC3/45_0.hdf5	45_0	None	None	Undefined	0	[7.00000000e+00 1.36212598e+03 3.48677643e+02 8.63785863e-01]	[7.00000000e+00 1.36212598e+03 3.48677643e+02 8.63785863e-01]					0.hdf5	45
853	/data/1_users/pezoldt/man_annotation/stripy/v1/NG039/NG039_P3_CC3/46_0.hdf5	46_0	None	None	stripy_nucleus	0	[1.30000000e+01 1.48126501e+03 3.08945312e+02 8.73202026e-01]	[1.30000000e+01 1.48126501e+03 3.08945312e+02 8.73202026e-01]					0.hdf5	46
854	/data/1_users/pezoldt/man_annotation/stripy/v1/NG039/NG039_P3_CC3/47_0.hdf5	47_0	None	None	Undefined	0	[1.40000000e+01 1.68922986e+03 3.62635742e+02 8.60951900e-01]	[1.40000000e+01 1.68922986e+03 3.62635742e+02 8.60951900e-01]					0.hdf5	47
855	/data/1_users/pezoldt/man_annotation/stripy/v1/NG039/NG039_P3_CC3/48_0.hdf5	48_0	None	None	Undefined	0	[1.30000000e+01 1.52006335e+03 2.79513420e+02 8.71269524e-01]	[1.30000000e+01 1.52006335e+03 2.79513420e+02 8.71269524e-01]					0.hdf5	48
856	/data/1_users/pezoldt/man_annotation/stripy/v1/NG039/NG039_P3_CC3/49_0.hdf5	49_0	None	None	stripy_nucleus	0	[8.00000000e+00 1.06962524e+03 2.69881622e+02 8.68296206e-01]	[8.00000000e+00 1.06962524e+03 2.69881622e+02 8.68296206e-01]					0.hdf5	49
813	/data/1_users/pezoldt/man_annotation/stripy/v1/NG039/NG039_P3_CC3/4_0.hdf5	4_0	None	None		0	[7.00000000e+00 1.21573901e+03 2.92633659e+02 8.50744486e-01]	[7.00000000e+00 1.21573901e+03 2.92633659e+02 8.50744486e-01]					0.hdf5	4
857	/data/1_users/pezoldt/man_annotation/stripy/v1/NG039/NG039_P3_CC3/51_0.hdf5	51_0	None	None	normi_circle	0	[1.20000000e+01 1.58656555e+03 3.57778992e+02 8.63423407e-01]	[1.20000000e+01 1.58656555e+03 3.57778992e+02 8.63423407e-01]					0.hdf5	51
858	/data/1_users/pezoldt/man_annotation/stripy/v1/NG039/NG039_P3_CC3/52_0.hdf5	52_0	None	None	Undefined	0	[9.00000000e+00 1.33209131e+03 3.36496948e+02 8.90594900e-01]	[9.00000000e+00 1.33209131e+03 3.36496948e+02 8.90594900e-01]					0.hdf5	52
859	/data/1_users/pezoldt/man_annotation/stripy/v1/NG039/NG039_P3_CC3/53_0.hdf5	53_0	None	None	Undefined	0	[8.00000000e+00 9.74101746e+02 1.90778229e+02 8.67983222e-01]	[8.00000000e+00 9.74101746e+02 1.90778229e+02 8.67983222e-01]					0.hdf5	53
860	/data/1_users/pezoldt/man_annotation/stripy/v1/NG039/NG039_P3_CC3/54_0.hdf5	54_0	None	None	Undefined	0	[  7.         723.26416016 304.26535034   0.87161696]	[  7.         723.26416016 304.26535034   0.87161696]					0.hdf5	54
861	/data/1_users/pezoldt/man_annotation/stripy/v1/NG039/NG039_P3_CC3/55_0.hdf5	55_0	None	None	Undefined	0	[  8.         805.52142334 307.01147461   0.86815047]	[  8.         805.52142334 307.01147461   0.86815047]					0.hdf5	55
862	/data/1_users/pezoldt/man_annotation/stripy/v1/NG039/NG039_P3_CC3/56_0.hdf5	56_0	None	None	stripy_nucleus	0	[  8.         766.91430664 346.82513428   0.86428887]	[  8.         766.91430664 346.82513428   0.86428887]					0.hdf5	56
863	/data/1_users/pezoldt/man_annotation/stripy/v1/NG039/NG039_P3_CC3/57_0.hdf5	57_0	None	None	normi_circle	0	[1.20000000e+01 1.06276978e+03 1.98942261e+02 8.70902598e-01]	[1.20000000e+01 1.06276978e+03 1.98942261e+02 8.70902598e-01]					0.hdf5	57
864	/data/1_users/pezoldt/man_annotation/stripy/v1/NG039/NG039_P3_CC3/58_0.hdf5	58_0	None	None	stripy_center	0	[1.20000000e+01 1.09997107e+03 2.27869751e+02 8.67833495e-01]	[1.20000000e+01 1.09997107e+03 2.27869751e+02 8.67833495e-01]					0.hdf5	58
865	/data/1_users/pezoldt/man_annotation/stripy/v1/NG039/NG039_P3_CC3/59_0.hdf5	59_0	None	None	normi_circle	0	[1.20000000e+01 1.37882239e+03 3.37717773e+02 8.67504835e-01]	[1.20000000e+01 1.37882239e+03 3.37717773e+02 8.67504835e-01]					0.hdf5	59
814	/data/1_users/pezoldt/man_annotation/stripy/v1/NG039/NG039_P3_CC3/5_0.hdf5	5_0	None	None		0	[1.20000000e+01 1.21974402e+03 3.11366394e+02 8.71383786e-01]	[1.20000000e+01 1.21974402e+03 3.11366394e+02 8.71383786e-01]					0.hdf5	5
866	/data/1_users/pezoldt/man_annotation/stripy/v1/NG039/NG039_P3_CC3/60_0.hdf5	60_0	None	None	Undefined	0	[6.00000000e+00 1.09393750e+03 3.16768616e+02 8.68907511e-01]	[6.00000000e+00 1.09393750e+03 3.16768616e+02 8.68907511e-01]					0.hdf5	60
867	/data/1_users/pezoldt/man_annotation/stripy/v1/NG039/NG039_P3_CC3/62_0.hdf5	62_0	None	None	Undefined	0		[3.00000000e+00 1.82988696e+03 2.75236847e+02 8.50381613e-01]	[3.00000000e+00 1.82988696e+03 2.75236847e+02 8.50381613e-01]	[1.10000000e+01 1.11216858e+03 3.27983978e+02 8.73895526e-01]			0.hdf5	62
868	/data/1_users/pezoldt/man_annotation/stripy/v1/NG039/NG039_P3_CC3/62_1.hdf5	62_1	None	None	stripy_center	0		[1.10000000e+01 1.11216858e+03 3.27983978e+02 8.73895526e-01]	[3.00000000e+00 1.82988696e+03 2.75236847e+02 8.50381613e-01]	[1.10000000e+01 1.11216858e+03 3.27983978e+02 8.73895526e-01]			1.hdf5	62
869	/data/1_users/pezoldt/man_annotation/stripy/v1/NG039/NG039_P3_CC3/63_0.hdf5	63_0	None	None	Undefined	0		[5.00000000e+00 1.80828857e+03 2.10234314e+02 8.42135787e-01]	[5.00000000e+00 1.80828857e+03 2.10234314e+02 8.42135787e-01]	[6.00000000e+00 1.13108105e+03 1.53995087e+02 8.62045527e-01]	[1.50000000e+01 1.71741016e+03 2.08433533e+02 8.43377948e-01]		0.hdf5	63
870	/data/1_users/pezoldt/man_annotation/stripy/v1/NG039/NG039_P3_CC3/63_1.hdf5	63_1	None	None	Undefined	0		[6.00000000e+00 1.13108105e+03 1.53995087e+02 8.62045527e-01]	[5.00000000e+00 1.80828857e+03 2.10234314e+02 8.42135787e-01]	[6.00000000e+00 1.13108105e+03 1.53995087e+02 8.62045527e-01]	[1.50000000e+01 1.71741016e+03 2.08433533e+02 8.43377948e-01]		1.hdf5	63
871	/data/1_users/pezoldt/man_annotation/stripy/v1/NG039/NG039_P3_CC3/63_2.hdf5	63_2	None	None	Undefined	0		[1.50000000e+01 1.71741016e+03 2.08433533e+02 8.43377948e-01]	[5.00000000e+00 1.80828857e+03 2.10234314e+02 8.42135787e-01]	[6.00000000e+00 1.13108105e+03 1.53995087e+02 8.62045527e-01]	[1.50000000e+01 1.71741016e+03 2.08433533e+02 8.43377948e-01]		2.hdf5	63
872	/data/1_users/pezoldt/man_annotation/stripy/v1/NG039/NG039_P3_CC3/64_0.hdf5	64_0	None	None	Undefined	0		[4.00000000e+00 1.80833777e+03 2.11895416e+02 8.26758146e-01]	[4.00000000e+00 1.80833777e+03 2.11895416e+02 8.26758146e-01]	[1.20000000e+01 1.52439893e+03 2.86910126e+02 8.86637270e-01]	[1.50000000e+01 1.70113062e+03 2.00009750e+02 8.86572659e-01]		0.hdf5	64
873	/data/1_users/pezoldt/man_annotation/stripy/v1/NG039/NG039_P3_CC3/64_1.hdf5	64_1	None	None	stripy_center	0		[1.20000000e+01 1.52439893e+03 2.86910126e+02 8.86637270e-01]	[4.00000000e+00 1.80833777e+03 2.11895416e+02 8.26758146e-01]	[1.20000000e+01 1.52439893e+03 2.86910126e+02 8.86637270e-01]	[1.50000000e+01 1.70113062e+03 2.00009750e+02 8.86572659e-01]		1.hdf5	64
874	/data/1_users/pezoldt/man_annotation/stripy/v1/NG039/NG039_P3_CC3/64_2.hdf5	64_2	None	None	Undefined	0		[1.50000000e+01 1.70113062e+03 2.00009750e+02 8.86572659e-01]	[4.00000000e+00 1.80833777e+03 2.11895416e+02 8.26758146e-01]	[1.20000000e+01 1.52439893e+03 2.86910126e+02 8.86637270e-01]	[1.50000000e+01 1.70113062e+03 2.00009750e+02 8.86572659e-01]		2.hdf5	64
875	/data/1_users/pezoldt/man_annotation/stripy/v1/NG039/NG039_P3_CC3/65_0.hdf5	65_0	None	None	Undefined	0		[4.00000000e+00 1.80857751e+03 2.11971558e+02 8.25951278e-01]	[4.00000000e+00 1.80857751e+03 2.11971558e+02 8.25951278e-01]	[1.20000000e+01 1.36486279e+03 1.84211029e+02 8.83125424e-01]	[1.50000000e+01 1.70131079e+03 1.97620239e+02 8.76165628e-01]		0.hdf5	65
876	/data/1_users/pezoldt/man_annotation/stripy/v1/NG039/NG039_P3_CC3/65_1.hdf5	65_1	None	None	stripy_center	0		[1.20000000e+01 1.36486279e+03 1.84211029e+02 8.83125424e-01]	[4.00000000e+00 1.80857751e+03 2.11971558e+02 8.25951278e-01]	[1.20000000e+01 1.36486279e+03 1.84211029e+02 8.83125424e-01]	[1.50000000e+01 1.70131079e+03 1.97620239e+02 8.76165628e-01]		1.hdf5	65
877	/data/1_users/pezoldt/man_annotation/stripy/v1/NG039/NG039_P3_CC3/65_2.hdf5	65_2	None	None	Undefined	0		[1.50000000e+01 1.70131079e+03 1.97620239e+02 8.76165628e-01]	[4.00000000e+00 1.80857751e+03 2.11971558e+02 8.25951278e-01]	[1.20000000e+01 1.36486279e+03 1.84211029e+02 8.83125424e-01]	[1.50000000e+01 1.70131079e+03 1.97620239e+02 8.76165628e-01]		2.hdf5	65
878	/data/1_users/pezoldt/man_annotation/stripy/v1/NG039/NG039_P3_CC3/66_0.hdf5	66_0	None	None	Undefined	0		[4.00000000e+00 1.80833423e+03 2.12260773e+02 8.23296249e-01]	[4.00000000e+00 1.80833423e+03 2.12260773e+02 8.23296249e-01]	[  7.         769.92944336 297.43441772   0.85917902]	[1.50000000e+01 1.70190820e+03 1.94699783e+02 8.86457145e-01]		0.hdf5	66
879	/data/1_users/pezoldt/man_annotation/stripy/v1/NG039/NG039_P3_CC3/66_1.hdf5	66_1	None	None	stripy_nucleus	0		[  7.         769.92944336 297.43441772   0.85917902]	[4.00000000e+00 1.80833423e+03 2.12260773e+02 8.23296249e-01]	[  7.         769.92944336 297.43441772   0.85917902]	[1.50000000e+01 1.70190820e+03 1.94699783e+02 8.86457145e-01]		1.hdf5	66
880	/data/1_users/pezoldt/man_annotation/stripy/v1/NG039/NG039_P3_CC3/66_2.hdf5	66_2	None	None	Undefined	0		[1.50000000e+01 1.70190820e+03 1.94699783e+02 8.86457145e-01]	[4.00000000e+00 1.80833423e+03 2.12260773e+02 8.23296249e-01]	[  7.         769.92944336 297.43441772   0.85917902]	[1.50000000e+01 1.70190820e+03 1.94699783e+02 8.86457145e-01]		2.hdf5	66
881	/data/1_users/pezoldt/man_annotation/stripy/v1/NG039/NG039_P3_CC3/67_0.hdf5	67_0	None	None	Undefined	0		[4.00000000e+00 1.80863770e+03 2.11772034e+02 8.02873373e-01]	[4.00000000e+00 1.80863770e+03 2.11772034e+02 8.02873373e-01]	[  9.         822.85900879 302.05691528   0.8637318 ]	[1.50000000e+01 1.70158032e+03 1.94807877e+02 8.82730544e-01]		0.hdf5	67
882	/data/1_users/pezoldt/man_annotation/stripy/v1/NG039/NG039_P3_CC3/67_1.hdf5	67_1	None	None	stripy_nucleus	0		[  9.         822.85900879 302.05691528   0.8637318 ]	[4.00000000e+00 1.80863770e+03 2.11772034e+02 8.02873373e-01]	[  9.         822.85900879 302.05691528   0.8637318 ]	[1.50000000e+01 1.70158032e+03 1.94807877e+02 8.82730544e-01]		1.hdf5	67
883	/data/1_users/pezoldt/man_annotation/stripy/v1/NG039/NG039_P3_CC3/67_2.hdf5	67_2	None	None	Undefined	0		[1.50000000e+01 1.70158032e+03 1.94807877e+02 8.82730544e-01]	[4.00000000e+00 1.80863770e+03 2.11772034e+02 8.02873373e-01]	[  9.         822.85900879 302.05691528   0.8637318 ]	[1.50000000e+01 1.70158032e+03 1.94807877e+02 8.82730544e-01]		2.hdf5	67
884	/data/1_users/pezoldt/man_annotation/stripy/v1/NG039/NG039_P3_CC3/68_0.hdf5	68_0	None	None	Undefined	0		[4.00000000e+00 1.80865186e+03 2.11263794e+02 8.25500429e-01]	[4.00000000e+00 1.80865186e+03 2.11263794e+02 8.25500429e-01]	[ 11.         824.97369385 178.7852478    0.87731242]	[1.50000000e+01 1.70175928e+03 1.94197342e+02 8.79936159e-01]		0.hdf5	68
885	/data/1_users/pezoldt/man_annotation/stripy/v1/NG039/NG039_P3_CC3/68_1.hdf5	68_1	None	None	stripy_nucleus	0		[ 11.         824.97369385 178.7852478    0.87731242]	[4.00000000e+00 1.80865186e+03 2.11263794e+02 8.25500429e-01]	[ 11.         824.97369385 178.7852478    0.87731242]	[1.50000000e+01 1.70175928e+03 1.94197342e+02 8.79936159e-01]		1.hdf5	68
886	/data/1_users/pezoldt/man_annotation/stripy/v1/NG039/NG039_P3_CC3/68_2.hdf5	68_2	None	None	Undefined	0		[1.50000000e+01 1.70175928e+03 1.94197342e+02 8.79936159e-01]	[4.00000000e+00 1.80865186e+03 2.11263794e+02 8.25500429e-01]	[ 11.         824.97369385 178.7852478    0.87731242]	[1.50000000e+01 1.70175928e+03 1.94197342e+02 8.79936159e-01]		2.hdf5	68
887	/data/1_users/pezoldt/man_annotation/stripy/v1/NG039/NG039_P3_CC3/69_0.hdf5	69_0	None	None	Undefined	0		[7.00000000e+00 1.15568494e+03 3.37102844e+02 8.70602429e-01]	[7.00000000e+00 1.15568494e+03 3.37102844e+02 8.70602429e-01]	[1.50000000e+01 1.69948401e+03 1.94235107e+02 8.87805700e-01]			0.hdf5	69
888	/data/1_users/pezoldt/man_annotation/stripy/v1/NG039/NG039_P3_CC3/69_1.hdf5	69_1	None	None	Undefined	0		[1.50000000e+01 1.69948401e+03 1.94235107e+02 8.87805700e-01]	[7.00000000e+00 1.15568494e+03 3.37102844e+02 8.70602429e-01]	[1.50000000e+01 1.69948401e+03 1.94235107e+02 8.87805700e-01]			1.hdf5	69
815	/data/1_users/pezoldt/man_annotation/stripy/v1/NG039/NG039_P3_CC3/6_0.hdf5	6_0	None	None		0	[  7.         513.63842773 255.35647583   0.88107115]	[  7.         513.63842773 255.35647583   0.88107115]					0.hdf5	6
889	/data/1_users/pezoldt/man_annotation/stripy/v1/NG039/NG039_P3_CC3/70_0.hdf5	70_0	None	None	normi_circle	0		[1.10000000e+01 1.08547900e+03 2.73872314e+02 8.67626011e-01]	[1.10000000e+01 1.08547900e+03 2.73872314e+02 8.67626011e-01]	[1.50000000e+01 1.69936523e+03 1.96507843e+02 8.63460004e-01]			0.hdf5	70
890	/data/1_users/pezoldt/man_annotation/stripy/v1/NG039/NG039_P3_CC3/70_1.hdf5	70_1	None	None	Undefined	0		[1.50000000e+01 1.69936523e+03 1.96507843e+02 8.63460004e-01]	[1.10000000e+01 1.08547900e+03 2.73872314e+02 8.67626011e-01]	[1.50000000e+01 1.69936523e+03 1.96507843e+02 8.63460004e-01]			1.hdf5	70
891	/data/1_users/pezoldt/man_annotation/stripy/v1/NG039/NG039_P3_CC3/71_0.hdf5	71_0	None	None	Undefined	0		[7.00000000e+00 1.36252612e+03 3.29890167e+02 8.44954789e-01]	[7.00000000e+00 1.36252612e+03 3.29890167e+02 8.44954789e-01]	[1.50000000e+01 1.69957312e+03 1.95188629e+02 8.52754533e-01]			0.hdf5	71
892	/data/1_users/pezoldt/man_annotation/stripy/v1/NG039/NG039_P3_CC3/71_1.hdf5	71_1	None	None	Undefined	0		[1.50000000e+01 1.69957312e+03 1.95188629e+02 8.52754533e-01]	[7.00000000e+00 1.36252612e+03 3.29890167e+02 8.44954789e-01]	[1.50000000e+01 1.69957312e+03 1.95188629e+02 8.52754533e-01]			1.hdf5	71
893	/data/1_users/pezoldt/man_annotation/stripy/v1/NG039/NG039_P3_CC3/72_0.hdf5	72_0	None	None	Undefined	0		[7.00000000e+00 1.01238348e+03 2.96776123e+02 8.71551752e-01]	[7.00000000e+00 1.01238348e+03 2.96776123e+02 8.71551752e-01]	[1.50000000e+01 1.69993811e+03 1.94719391e+02 8.21125805e-01]			0.hdf5	72
894	/data/1_users/pezoldt/man_annotation/stripy/v1/NG039/NG039_P3_CC3/72_1.hdf5	72_1	None	None	Undefined	0		[1.50000000e+01 1.69993811e+03 1.94719391e+02 8.21125805e-01]	[7.00000000e+00 1.01238348e+03 2.96776123e+02 8.71551752e-01]	[1.50000000e+01 1.69993811e+03 1.94719391e+02 8.21125805e-01]			1.hdf5	72
895	/data/1_users/pezoldt/man_annotation/stripy/v1/NG039/NG039_P3_CC3/73_0.hdf5	73_0	None	None	Undefined	0		[4.00000000e+00 1.80681763e+03 2.06719971e+02 8.05341065e-01]	[4.00000000e+00 1.80681763e+03 2.06719971e+02 8.05341065e-01]	[6.00000000e+00 1.34905908e+03 3.38951721e+02 8.70274305e-01]	[1.50000000e+01 1.69928003e+03 1.95294220e+02 8.69158745e-01]		0.hdf5	73
896	/data/1_users/pezoldt/man_annotation/stripy/v1/NG039/NG039_P3_CC3/73_1.hdf5	73_1	None	None	Undefined	0		[6.00000000e+00 1.34905908e+03 3.38951721e+02 8.70274305e-01]	[4.00000000e+00 1.80681763e+03 2.06719971e+02 8.05341065e-01]	[6.00000000e+00 1.34905908e+03 3.38951721e+02 8.70274305e-01]	[1.50000000e+01 1.69928003e+03 1.95294220e+02 8.69158745e-01]		1.hdf5	73
897	/data/1_users/pezoldt/man_annotation/stripy/v1/NG039/NG039_P3_CC3/73_2.hdf5	73_2	None	None	Undefined	0		[1.50000000e+01 1.69928003e+03 1.95294220e+02 8.69158745e-01]	[4.00000000e+00 1.80681763e+03 2.06719971e+02 8.05341065e-01]	[6.00000000e+00 1.34905908e+03 3.38951721e+02 8.70274305e-01]	[1.50000000e+01 1.69928003e+03 1.95294220e+02 8.69158745e-01]		2.hdf5	73
898	/data/1_users/pezoldt/man_annotation/stripy/v1/NG039/NG039_P3_CC3/74_0.hdf5	74_0	None	None	Undefined	0		[4.00000000e+00 1.80664600e+03 2.07227692e+02 8.04274261e-01]	[4.00000000e+00 1.80664600e+03 2.07227692e+02 8.04274261e-01]	[  6.          19.00566673 301.79425049   0.82776707]	[1.50000000e+01 1.69965063e+03 1.93593536e+02 8.77922118e-01]		0.hdf5	74
899	/data/1_users/pezoldt/man_annotation/stripy/v1/NG039/NG039_P3_CC3/74_1.hdf5	74_1	None	None	Undefined	0		[  6.          19.00566673 301.79425049   0.82776707]	[4.00000000e+00 1.80664600e+03 2.07227692e+02 8.04274261e-01]	[  6.          19.00566673 301.79425049   0.82776707]	[1.50000000e+01 1.69965063e+03 1.93593536e+02 8.77922118e-01]		1.hdf5	74
900	/data/1_users/pezoldt/man_annotation/stripy/v1/NG039/NG039_P3_CC3/74_2.hdf5	74_2	None	None	Undefined	0		[1.50000000e+01 1.69965063e+03 1.93593536e+02 8.77922118e-01]	[4.00000000e+00 1.80664600e+03 2.07227692e+02 8.04274261e-01]	[  6.          19.00566673 301.79425049   0.82776707]	[1.50000000e+01 1.69965063e+03 1.93593536e+02 8.77922118e-01]		2.hdf5	74
901	/data/1_users/pezoldt/man_annotation/stripy/v1/NG039/NG039_P3_CC3/75_0.hdf5	75_0	None	None	Undefined	0		[8.00000000e+00 1.17587573e+03 3.34419922e+02 8.66681635e-01]	[8.00000000e+00 1.17587573e+03 3.34419922e+02 8.66681635e-01]	[1.50000000e+01 1.69943591e+03 1.93726471e+02 8.70335817e-01]			0.hdf5	75
902	/data/1_users/pezoldt/man_annotation/stripy/v1/NG039/NG039_P3_CC3/75_1.hdf5	75_1	None	None	Undefined	0		[1.50000000e+01 1.69943591e+03 1.93726471e+02 8.70335817e-01]	[8.00000000e+00 1.17587573e+03 3.34419922e+02 8.66681635e-01]	[1.50000000e+01 1.69943591e+03 1.93726471e+02 8.70335817e-01]			1.hdf5	75
903	/data/1_users/pezoldt/man_annotation/stripy/v1/NG039/NG039_P3_CC3/76_0.hdf5	76_0	None	None	Undefined	0		[1.20000000e+01 1.38122766e+03 3.61281982e+02 8.75100851e-01]	[1.20000000e+01 1.38122766e+03 3.61281982e+02 8.75100851e-01]	[1.50000000e+01 1.69904248e+03 1.93269073e+02 8.66873264e-01]			0.hdf5	76
904	/data/1_users/pezoldt/man_annotation/stripy/v1/NG039/NG039_P3_CC3/76_1.hdf5	76_1	None	None	Undefined	0		[1.50000000e+01 1.69904248e+03 1.93269073e+02 8.66873264e-01]	[1.20000000e+01 1.38122766e+03 3.61281982e+02 8.75100851e-01]	[1.50000000e+01 1.69904248e+03 1.93269073e+02 8.66873264e-01]			1.hdf5	76
905	/data/1_users/pezoldt/man_annotation/stripy/v1/NG039/NG039_P3_CC3/77_0.hdf5	77_0	None	None	Undefined	0		[8.00000000e+00 1.47137305e+03 2.93393799e+02 8.76843393e-01]	[8.00000000e+00 1.47137305e+03 2.93393799e+02 8.76843393e-01]	[1.50000000e+01 1.69866077e+03 1.93442871e+02 8.85167360e-01]			0.hdf5	77
906	/data/1_users/pezoldt/man_annotation/stripy/v1/NG039/NG039_P3_CC3/77_1.hdf5	77_1	None	None	Undefined	0		[1.50000000e+01 1.69866077e+03 1.93442871e+02 8.85167360e-01]	[8.00000000e+00 1.47137305e+03 2.93393799e+02 8.76843393e-01]	[1.50000000e+01 1.69866077e+03 1.93442871e+02 8.85167360e-01]			1.hdf5	77
907	/data/1_users/pezoldt/man_annotation/stripy/v1/NG039/NG039_P3_CC3/78_0.hdf5	78_0	None	None	Undefined	0		[7.00000000e+00 1.27261279e+03 3.23109741e+02 8.60041320e-01]	[7.00000000e+00 1.27261279e+03 3.23109741e+02 8.60041320e-01]	[1.50000000e+01 1.69857190e+03 1.92904663e+02 8.62387180e-01]			0.hdf5	78
908	/data/1_users/pezoldt/man_annotation/stripy/v1/NG039/NG039_P3_CC3/78_1.hdf5	78_1	None	None	Undefined	0		[1.50000000e+01 1.69857190e+03 1.92904663e+02 8.62387180e-01]	[7.00000000e+00 1.27261279e+03 3.23109741e+02 8.60041320e-01]	[1.50000000e+01 1.69857190e+03 1.92904663e+02 8.62387180e-01]			1.hdf5	78
909	/data/1_users/pezoldt/man_annotation/stripy/v1/NG039/NG039_P3_CC3/79_0.hdf5	79_0	None	None	Undefined	0	[1.50000000e+01 1.69864575e+03 1.92343887e+02 8.44031513e-01]	[1.50000000e+01 1.69864575e+03 1.92343887e+02 8.44031513e-01]					0.hdf5	79
816	/data/1_users/pezoldt/man_annotation/stripy/v1/NG039/NG039_P3_CC3/7_0.hdf5	7_0	None	None		0	[1.20000000e+01 1.35066895e+03 1.33400650e+02 8.69602561e-01]	[1.20000000e+01 1.35066895e+03 1.33400650e+02 8.69602561e-01]					0.hdf5	7
910	/data/1_users/pezoldt/man_annotation/stripy/v1/NG039/NG039_P3_CC3/80_0.hdf5	80_0	None	None	Undefined	0		[1.10000000e+01 1.61559375e+03 3.56504120e+02 8.68403971e-01]	[1.10000000e+01 1.61559375e+03 3.56504120e+02 8.68403971e-01]	[1.50000000e+01 1.69806970e+03 1.91904297e+02 8.62023354e-01]			0.hdf5	80
911	/data/1_users/pezoldt/man_annotation/stripy/v1/NG039/NG039_P3_CC3/80_1.hdf5	80_1	None	None	Undefined	0		[1.50000000e+01 1.69806970e+03 1.91904297e+02 8.62023354e-01]	[1.10000000e+01 1.61559375e+03 3.56504120e+02 8.68403971e-01]	[1.50000000e+01 1.69806970e+03 1.91904297e+02 8.62023354e-01]			1.hdf5	80
912	/data/1_users/pezoldt/man_annotation/stripy/v1/NG039/NG039_P3_CC3/81_0.hdf5	81_0	None	None	stripy_nucleus	0		[6.00000000e+00 1.20450195e+03 2.59834602e+02 8.64239872e-01]	[6.00000000e+00 1.20450195e+03 2.59834602e+02 8.64239872e-01]	[1.50000000e+01 1.69814648e+03 1.91593460e+02 8.64900887e-01]			0.hdf5	81
913	/data/1_users/pezoldt/man_annotation/stripy/v1/NG039/NG039_P3_CC3/81_1.hdf5	81_1	None	None	Undefined	0		[1.50000000e+01 1.69814648e+03 1.91593460e+02 8.64900887e-01]	[6.00000000e+00 1.20450195e+03 2.59834602e+02 8.64239872e-01]	[1.50000000e+01 1.69814648e+03 1.91593460e+02 8.64900887e-01]			1.hdf5	81
914	/data/1_users/pezoldt/man_annotation/stripy/v1/NG039/NG039_P3_CC3/82_0.hdf5	82_0	None	None	Undefined	0		[4.00000000e+00 1.80503833e+03 2.04091995e+02 8.04586530e-01]	[4.00000000e+00 1.80503833e+03 2.04091995e+02 8.04586530e-01]	[1.20000000e+01 1.48341089e+03 1.37020962e+02 8.24295580e-01]	[1.50000000e+01 1.69765002e+03 1.90060028e+02 8.52962554e-01]		0.hdf5	82
915	/data/1_users/pezoldt/man_annotation/stripy/v1/NG039/NG039_P3_CC3/82_1.hdf5	82_1	None	None	Undefined	0		[1.20000000e+01 1.48341089e+03 1.37020962e+02 8.24295580e-01]	[4.00000000e+00 1.80503833e+03 2.04091995e+02 8.04586530e-01]	[1.20000000e+01 1.48341089e+03 1.37020962e+02 8.24295580e-01]	[1.50000000e+01 1.69765002e+03 1.90060028e+02 8.52962554e-01]		1.hdf5	82
916	/data/1_users/pezoldt/man_annotation/stripy/v1/NG039/NG039_P3_CC3/82_2.hdf5	82_2	None	None	Undefined	0		[1.50000000e+01 1.69765002e+03 1.90060028e+02 8.52962554e-01]	[4.00000000e+00 1.80503833e+03 2.04091995e+02 8.04586530e-01]	[1.20000000e+01 1.48341089e+03 1.37020962e+02 8.24295580e-01]	[1.50000000e+01 1.69765002e+03 1.90060028e+02 8.52962554e-01]		2.hdf5	82
917	/data/1_users/pezoldt/man_annotation/stripy/v1/NG039/NG039_P3_CC3/83_0.hdf5	83_0	None	None	Undefined	0		[4.00000000e+00 1.80459363e+03 2.02687378e+02 8.05126190e-01]	[4.00000000e+00 1.80459363e+03 2.02687378e+02 8.05126190e-01]	[1.00000000e+01 1.58803442e+03 2.94637054e+02 8.87371540e-01]	[1.50000000e+01 1.69733142e+03 1.89782272e+02 8.58532369e-01]		0.hdf5	83
918	/data/1_users/pezoldt/man_annotation/stripy/v1/NG039/NG039_P3_CC3/83_1.hdf5	83_1	None	None	Undefined	0		[1.00000000e+01 1.58803442e+03 2.94637054e+02 8.87371540e-01]	[4.00000000e+00 1.80459363e+03 2.02687378e+02 8.05126190e-01]	[1.00000000e+01 1.58803442e+03 2.94637054e+02 8.87371540e-01]	[1.50000000e+01 1.69733142e+03 1.89782272e+02 8.58532369e-01]		1.hdf5	83
919	/data/1_users/pezoldt/man_annotation/stripy/v1/NG039/NG039_P3_CC3/83_2.hdf5	83_2	None	None	Undefined	0		[1.50000000e+01 1.69733142e+03 1.89782272e+02 8.58532369e-01]	[4.00000000e+00 1.80459363e+03 2.02687378e+02 8.05126190e-01]	[1.00000000e+01 1.58803442e+03 2.94637054e+02 8.87371540e-01]	[1.50000000e+01 1.69733142e+03 1.89782272e+02 8.58532369e-01]		2.hdf5	83
920	/data/1_users/pezoldt/man_annotation/stripy/v1/NG039/NG039_P3_CC3/84_0.hdf5	84_0	None	None	Undefined	0		[4.00000000e+00 1.80463354e+03 2.02150604e+02 8.32193017e-01]	[4.00000000e+00 1.80463354e+03 2.02150604e+02 8.32193017e-01]	[9.00000000e+00 1.28480872e+03 1.90165558e+02 8.91276240e-01]	[1.50000000e+01 1.69717554e+03 1.88294983e+02 8.50149572e-01]		0.hdf5	84
921	/data/1_users/pezoldt/man_annotation/stripy/v1/NG039/NG039_P3_CC3/84_1.hdf5	84_1	None	None	Undefined	0		[9.00000000e+00 1.28480872e+03 1.90165558e+02 8.91276240e-01]	[4.00000000e+00 1.80463354e+03 2.02150604e+02 8.32193017e-01]	[9.00000000e+00 1.28480872e+03 1.90165558e+02 8.91276240e-01]	[1.50000000e+01 1.69717554e+03 1.88294983e+02 8.50149572e-01]		1.hdf5	84
922	/data/1_users/pezoldt/man_annotation/stripy/v1/NG039/NG039_P3_CC3/84_2.hdf5	84_2	None	None	Undefined	0		[1.50000000e+01 1.69717554e+03 1.88294983e+02 8.50149572e-01]	[4.00000000e+00 1.80463354e+03 2.02150604e+02 8.32193017e-01]	[9.00000000e+00 1.28480872e+03 1.90165558e+02 8.91276240e-01]	[1.50000000e+01 1.69717554e+03 1.88294983e+02 8.50149572e-01]		2.hdf5	84
923	/data/1_users/pezoldt/man_annotation/stripy/v1/NG039/NG039_P3_CC3/85_0.hdf5	85_0	None	None	Undefined	0		[8.00000000e+00 1.35771680e+03 3.55034729e+02 8.58673155e-01]	[8.00000000e+00 1.35771680e+03 3.55034729e+02 8.58673155e-01]	[1.50000000e+01 1.69709363e+03 1.89185364e+02 8.52954507e-01]			0.hdf5	85
924	/data/1_users/pezoldt/man_annotation/stripy/v1/NG039/NG039_P3_CC3/85_1.hdf5	85_1	None	None	Undefined	0		[1.50000000e+01 1.69709363e+03 1.89185364e+02 8.52954507e-01]	[8.00000000e+00 1.35771680e+03 3.55034729e+02 8.58673155e-01]	[1.50000000e+01 1.69709363e+03 1.89185364e+02 8.52954507e-01]			1.hdf5	85
925	/data/1_users/pezoldt/man_annotation/stripy/v1/NG039/NG039_P3_CC3/86_0.hdf5	86_0	None	None	normi_demicircle	0		[6.00000000e+00 1.06604517e+03 1.79571991e+02 8.72676790e-01]	[6.00000000e+00 1.06604517e+03 1.79571991e+02 8.72676790e-01]	[1.50000000e+01 1.69676086e+03 1.89890900e+02 8.50725293e-01]			0.hdf5	86
926	/data/1_users/pezoldt/man_annotation/stripy/v1/NG039/NG039_P3_CC3/86_1.hdf5	86_1	None	None	Undefined	0		[1.50000000e+01 1.69676086e+03 1.89890900e+02 8.50725293e-01]	[6.00000000e+00 1.06604517e+03 1.79571991e+02 8.72676790e-01]	[1.50000000e+01 1.69676086e+03 1.89890900e+02 8.50725293e-01]			1.hdf5	86
927	/data/1_users/pezoldt/man_annotation/stripy/v1/NG039/NG039_P3_CC3/87_0.hdf5	87_0	None	None	Undefined	0		[1.20000000e+01 1.49641028e+03 3.21469879e+02 8.66679370e-01]	[1.20000000e+01 1.49641028e+03 3.21469879e+02 8.66679370e-01]	[1.50000000e+01 1.69647192e+03 1.89672638e+02 8.53379190e-01]			0.hdf5	87
928	/data/1_users/pezoldt/man_annotation/stripy/v1/NG039/NG039_P3_CC3/87_1.hdf5	87_1	None	None	Undefined	0		[1.50000000e+01 1.69647192e+03 1.89672638e+02 8.53379190e-01]	[1.20000000e+01 1.49641028e+03 3.21469879e+02 8.66679370e-01]	[1.50000000e+01 1.69647192e+03 1.89672638e+02 8.53379190e-01]			1.hdf5	87
929	/data/1_users/pezoldt/man_annotation/stripy/v1/NG039/NG039_P3_CC3/88_0.hdf5	88_0	None	None	stripy_nucleus	0		[1.20000000e+01 1.60232227e+03 3.27629486e+02 8.75046432e-01]	[1.20000000e+01 1.60232227e+03 3.27629486e+02 8.75046432e-01]	[1.50000000e+01 1.69603625e+03 1.89234329e+02 8.41492414e-01]			0.hdf5	88
930	/data/1_users/pezoldt/man_annotation/stripy/v1/NG039/NG039_P3_CC3/88_1.hdf5	88_1	None	None	Undefined	0		[1.50000000e+01 1.69603625e+03 1.89234329e+02 8.41492414e-01]	[1.20000000e+01 1.60232227e+03 3.27629486e+02 8.75046432e-01]	[1.50000000e+01 1.69603625e+03 1.89234329e+02 8.41492414e-01]			1.hdf5	88
931	/data/1_users/pezoldt/man_annotation/stripy/v1/NG039/NG039_P3_CC3/89_0.hdf5	89_0	None	None	Undefined	0	[1.50000000e+01 1.69571802e+03 1.88936172e+02 8.51400673e-01]	[1.50000000e+01 1.69571802e+03 1.88936172e+02 8.51400673e-01]					0.hdf5	89
817	/data/1_users/pezoldt/man_annotation/stripy/v1/NG039/NG039_P3_CC3/8_0.hdf5	8_0	None	None		0	[1.00000000e+01 1.53861035e+03 3.42482117e+02 8.80158663e-01]	[1.00000000e+01 1.53861035e+03 3.42482117e+02 8.80158663e-01]					0.hdf5	8
932	/data/1_users/pezoldt/man_annotation/stripy/v1/NG039/NG039_P3_CC3/90_0.hdf5	90_0	None	None	normi_circle	0		[1.00000000e+01 9.23205200e+02 3.60750427e+02 8.66012037e-01]	[1.00000000e+01 9.23205200e+02 3.60750427e+02 8.66012037e-01]	[1.50000000e+01 1.69549951e+03 1.87985504e+02 8.55056167e-01]			0.hdf5	90
933	/data/1_users/pezoldt/man_annotation/stripy/v1/NG039/NG039_P3_CC3/90_1.hdf5	90_1	None	None	Undefined	0		[1.50000000e+01 1.69549951e+03 1.87985504e+02 8.55056167e-01]	[1.00000000e+01 9.23205200e+02 3.60750427e+02 8.66012037e-01]	[1.50000000e+01 1.69549951e+03 1.87985504e+02 8.55056167e-01]			1.hdf5	90
934	/data/1_users/pezoldt/man_annotation/stripy/v1/NG039/NG039_P3_CC3/91_0.hdf5	91_0	None	None	Undefined	0		[1.00000000e+01 1.49939551e+03 1.24040649e+02 8.93473089e-01]	[1.00000000e+01 1.49939551e+03 1.24040649e+02 8.93473089e-01]	[1.50000000e+01 1.69542151e+03 1.87297638e+02 8.43192816e-01]			0.hdf5	91
935	/data/1_users/pezoldt/man_annotation/stripy/v1/NG039/NG039_P3_CC3/91_1.hdf5	91_1	None	None	Undefined	0		[1.50000000e+01 1.69542151e+03 1.87297638e+02 8.43192816e-01]	[1.00000000e+01 1.49939551e+03 1.24040649e+02 8.93473089e-01]	[1.50000000e+01 1.69542151e+03 1.87297638e+02 8.43192816e-01]			1.hdf5	91
936	/data/1_users/pezoldt/man_annotation/stripy/v1/NG039/NG039_P3_CC3/92_0.hdf5	92_0	None	None	normi_circle	0		[8.00000000e+00 9.31999695e+02 3.70675293e+02 8.74718845e-01]	[8.00000000e+00 9.31999695e+02 3.70675293e+02 8.74718845e-01]	[1.50000000e+01 1.69539258e+03 1.86245117e+02 8.44178200e-01]			0.hdf5	92
937	/data/1_users/pezoldt/man_annotation/stripy/v1/NG039/NG039_P3_CC3/92_1.hdf5	92_1	None	None	Undefined	0		[1.50000000e+01 1.69539258e+03 1.86245117e+02 8.44178200e-01]	[8.00000000e+00 9.31999695e+02 3.70675293e+02 8.74718845e-01]	[1.50000000e+01 1.69539258e+03 1.86245117e+02 8.44178200e-01]			1.hdf5	92
938	/data/1_users/pezoldt/man_annotation/stripy/v1/NG039/NG039_P3_CC3/93_0.hdf5	93_0	None	None	Undefined	0		[9.00000000e+00 1.20326245e+03 3.00519165e+02 8.56701195e-01]	[9.00000000e+00 1.20326245e+03 3.00519165e+02 8.56701195e-01]	[1.50000000e+01 1.69537183e+03 1.85774841e+02 8.52914155e-01]			0.hdf5	93
939	/data/1_users/pezoldt/man_annotation/stripy/v1/NG039/NG039_P3_CC3/93_1.hdf5	93_1	None	None	Undefined	0		[1.50000000e+01 1.69537183e+03 1.85774841e+02 8.52914155e-01]	[9.00000000e+00 1.20326245e+03 3.00519165e+02 8.56701195e-01]	[1.50000000e+01 1.69537183e+03 1.85774841e+02 8.52914155e-01]			1.hdf5	93
940	/data/1_users/pezoldt/man_annotation/stripy/v1/NG039/NG039_P3_CC3/94_0.hdf5	94_0	None	None	normi_circle	0		[7.00000000e+00 1.12025806e+03 3.39043091e+02 8.56414318e-01]	[7.00000000e+00 1.12025806e+03 3.39043091e+02 8.56414318e-01]	[1.50000000e+01 1.69498718e+03 1.84651794e+02 8.56335521e-01]			0.hdf5	94
941	/data/1_users/pezoldt/man_annotation/stripy/v1/NG039/NG039_P3_CC3/94_1.hdf5	94_1	None	None	Undefined	0		[1.50000000e+01 1.69498718e+03 1.84651794e+02 8.56335521e-01]	[7.00000000e+00 1.12025806e+03 3.39043091e+02 8.56414318e-01]	[1.50000000e+01 1.69498718e+03 1.84651794e+02 8.56335521e-01]			1.hdf5	94
942	/data/1_users/pezoldt/man_annotation/stripy/v1/NG039/NG039_P3_CC3/95_0.hdf5	95_0	None	None	normi_demicircle	0		[7.00000000e+00 1.47296704e+03 3.56439026e+02 8.56593907e-01]	[7.00000000e+00 1.47296704e+03 3.56439026e+02 8.56593907e-01]	[1.50000000e+01 1.69470825e+03 1.84586777e+02 8.43707561e-01]			0.hdf5	95
943	/data/1_users/pezoldt/man_annotation/stripy/v1/NG039/NG039_P3_CC3/95_1.hdf5	95_1	None	None	Undefined	0		[1.50000000e+01 1.69470825e+03 1.84586777e+02 8.43707561e-01]	[7.00000000e+00 1.47296704e+03 3.56439026e+02 8.56593907e-01]	[1.50000000e+01 1.69470825e+03 1.84586777e+02 8.43707561e-01]			1.hdf5	95
818	/data/1_users/pezoldt/man_annotation/stripy/v1/NG039/NG039_P3_CC3/9_0.hdf5	9_0	None	None		0	[8.00000000e+00 1.33217847e+03 1.55365189e+02 8.85065675e-01]	[8.00000000e+00 1.33217847e+03 1.55365189e+02 8.85065675e-01]					0.hdf5	9
944	/data/1_users/pezoldt/man_annotation/stripy/v1/NG039/NG039_P3_CC4/0_0.hdf5	0_0	None	None	Undefined	0		[8.00000000e+00 1.28771021e+03 1.65039951e+02 8.82647991e-01]	[8.00000000e+00 1.28771021e+03 1.65039951e+02 8.82647991e-01]	[1.10000000e+01 1.97354053e+03 5.09963455e+01 8.58904719e-01]			0.hdf5	0
945	/data/1_users/pezoldt/man_annotation/stripy/v1/NG039/NG039_P3_CC4/0_1.hdf5	0_1	None	None	Undefined	0		[1.10000000e+01 1.97354053e+03 5.09963455e+01 8.58904719e-01]	[8.00000000e+00 1.28771021e+03 1.65039951e+02 8.82647991e-01]	[1.10000000e+01 1.97354053e+03 5.09963455e+01 8.58904719e-01]			1.hdf5	0
955	/data/1_users/pezoldt/man_annotation/stripy/v1/NG039/NG039_P3_CC4/10_0.hdf5	10_0	None	None	Undefined	0	[7.00000000e+00 1.35982190e+03 1.59798706e+02 8.68992805e-01]	[7.00000000e+00 1.35982190e+03 1.59798706e+02 8.68992805e-01]					0.hdf5	10
956	/data/1_users/pezoldt/man_annotation/stripy/v1/NG039/NG039_P3_CC4/11_0.hdf5	11_0	None	None	Undefined	0	[8.00000000e+00 1.46230322e+03 2.90441772e+02 8.65184724e-01]	[8.00000000e+00 1.46230322e+03 2.90441772e+02 8.65184724e-01]					0.hdf5	11
957	/data/1_users/pezoldt/man_annotation/stripy/v1/NG039/NG039_P3_CC4/12_0.hdf5	12_0	None	None	stripy_nucleus	0	[1.00000000e+01 1.50728833e+03 2.88586792e+02 8.74688923e-01]	[1.00000000e+01 1.50728833e+03 2.88586792e+02 8.74688923e-01]					0.hdf5	12
958	/data/1_users/pezoldt/man_annotation/stripy/v1/NG039/NG039_P3_CC4/13_0.hdf5	13_0	None	None	stripy_nucleus	0	[9.00000000e+00 1.50990015e+03 2.97517517e+02 8.40132773e-01]	[9.00000000e+00 1.50990015e+03 2.97517517e+02 8.40132773e-01]					0.hdf5	13
959	/data/1_users/pezoldt/man_annotation/stripy/v1/NG039/NG039_P3_CC4/14_0.hdf5	14_0	None	None	Undefined	0	[8.00000000e+00 1.72263306e+03 2.95684631e+02 8.73284698e-01]	[8.00000000e+00 1.72263306e+03 2.95684631e+02 8.73284698e-01]					0.hdf5	14
960	/data/1_users/pezoldt/man_annotation/stripy/v1/NG039/NG039_P3_CC4/15_0.hdf5	15_0	None	None	normi_demicircle	0	[7.00000000e+00 9.26086182e+02 1.69930939e+02 8.76058340e-01]	[7.00000000e+00 9.26086182e+02 1.69930939e+02 8.76058340e-01]					0.hdf5	15
961	/data/1_users/pezoldt/man_annotation/stripy/v1/NG039/NG039_P3_CC4/16_0.hdf5	16_0	None	None	Undefined	0	[8.00000000e+00 1.49259839e+03 2.03478485e+02 8.70511830e-01]	[8.00000000e+00 1.49259839e+03 2.03478485e+02 8.70511830e-01]					0.hdf5	16
962	/data/1_users/pezoldt/man_annotation/stripy/v1/NG039/NG039_P3_CC4/17_0.hdf5	17_0	None	None	stripy_nucleus	0	[1.00000000e+01 1.59861401e+03 3.19872986e+02 8.67949903e-01]	[1.00000000e+01 1.59861401e+03 3.19872986e+02 8.67949903e-01]					0.hdf5	17
963	/data/1_users/pezoldt/man_annotation/stripy/v1/NG039/NG039_P3_CC4/18_0.hdf5	18_0	None	None	normi_circle	0	[1.10000000e+01 1.34231226e+03 2.70584160e+02 8.64252210e-01]	[1.10000000e+01 1.34231226e+03 2.70584160e+02 8.64252210e-01]					0.hdf5	18
964	/data/1_users/pezoldt/man_annotation/stripy/v1/NG039/NG039_P3_CC4/19_0.hdf5	19_0	None	None	normi_circle	0	[8.00000000e+00 1.32267969e+03 1.95819183e+02 8.52630675e-01]	[8.00000000e+00 1.32267969e+03 1.95819183e+02 8.52630675e-01]					0.hdf5	19
946	/data/1_users/pezoldt/man_annotation/stripy/v1/NG039/NG039_P3_CC4/1_0.hdf5	1_0	None	None	stripy_nucleus	0	[1.00000000e+01 1.72371021e+03 3.49033722e+02 8.69839609e-01]	[1.00000000e+01 1.72371021e+03 3.49033722e+02 8.69839609e-01]					0.hdf5	1
965	/data/1_users/pezoldt/man_annotation/stripy/v1/NG039/NG039_P3_CC4/20_0.hdf5	20_0	None	None	Undefined	0	[8.00000000e+00 1.47185071e+03 1.96313248e+02 8.78918469e-01]	[8.00000000e+00 1.47185071e+03 1.96313248e+02 8.78918469e-01]					0.hdf5	20
966	/data/1_users/pezoldt/man_annotation/stripy/v1/NG039/NG039_P3_CC4/21_0.hdf5	21_0	None	None	Undefined	0	[9.00000000e+00 1.37754077e+03 2.96782715e+02 8.66807818e-01]	[9.00000000e+00 1.37754077e+03 2.96782715e+02 8.66807818e-01]					0.hdf5	21
967	/data/1_users/pezoldt/man_annotation/stripy/v1/NG039/NG039_P3_CC4/22_0.hdf5	22_0	None	None	Undefined	0	[8.00000000e+00 1.23493445e+03 2.70411865e+02 8.67769599e-01]	[8.00000000e+00 1.23493445e+03 2.70411865e+02 8.67769599e-01]					0.hdf5	22
968	/data/1_users/pezoldt/man_annotation/stripy/v1/NG039/NG039_P3_CC4/23_0.hdf5	23_0	None	None	normi_circle	0	[1.00000000e+01 1.45451904e+03 3.31158661e+02 8.62640440e-01]	[1.00000000e+01 1.45451904e+03 3.31158661e+02 8.62640440e-01]					0.hdf5	23
969	/data/1_users/pezoldt/man_annotation/stripy/v1/NG039/NG039_P3_CC4/24_0.hdf5	24_0	None	None	Undefined	0	[8.00000000e+00 1.35919019e+03 1.88657990e+02 8.69466066e-01]	[8.00000000e+00 1.35919019e+03 1.88657990e+02 8.69466066e-01]					0.hdf5	24
970	/data/1_users/pezoldt/man_annotation/stripy/v1/NG039/NG039_P3_CC4/25_0.hdf5	25_0	None	None	Undefined	0	[1.10000000e+01 1.53344873e+03 2.60747833e+02 8.84648144e-01]	[1.10000000e+01 1.53344873e+03 2.60747833e+02 8.84648144e-01]					0.hdf5	25
971	/data/1_users/pezoldt/man_annotation/stripy/v1/NG039/NG039_P3_CC4/26_0.hdf5	26_0	None	None	stripy_nucleus	0	[1.00000000e+01 1.66987573e+03 3.22467712e+02 8.65477860e-01]	[1.00000000e+01 1.66987573e+03 3.22467712e+02 8.65477860e-01]					0.hdf5	26
972	/data/1_users/pezoldt/man_annotation/stripy/v1/NG039/NG039_P3_CC4/27_0.hdf5	27_0	None	None	Undefined	0	[1.30000000e+01 1.35949023e+03 3.00601257e+02 8.63280237e-01]	[1.30000000e+01 1.35949023e+03 3.00601257e+02 8.63280237e-01]					0.hdf5	27
973	/data/1_users/pezoldt/man_annotation/stripy/v1/NG039/NG039_P3_CC4/28_0.hdf5	28_0	None	None	Undefined	0	[8.00000000e+00 1.33362073e+03 2.23340912e+02 8.79101694e-01]	[8.00000000e+00 1.33362073e+03 2.23340912e+02 8.79101694e-01]					0.hdf5	28
974	/data/1_users/pezoldt/man_annotation/stripy/v1/NG039/NG039_P3_CC4/29_0.hdf5	29_0	None	None	Undefined	0	[8.00000000e+00 1.32288623e+03 3.52077789e+02 8.74306560e-01]	[8.00000000e+00 1.32288623e+03 3.52077789e+02 8.74306560e-01]					0.hdf5	29
947	/data/1_users/pezoldt/man_annotation/stripy/v1/NG039/NG039_P3_CC4/2_0.hdf5	2_0	None	None	normi_circle	0	[9.00000000e+00 1.58925720e+03 3.21255859e+02 8.63244176e-01]	[9.00000000e+00 1.58925720e+03 3.21255859e+02 8.63244176e-01]					0.hdf5	2
975	/data/1_users/pezoldt/man_annotation/stripy/v1/NG039/NG039_P3_CC4/30_0.hdf5	30_0	None	None	stripy_nucleus	0	[1.40000000e+01 1.30759302e+03 1.31142208e+02 8.65064085e-01]	[1.40000000e+01 1.30759302e+03 1.31142208e+02 8.65064085e-01]					0.hdf5	30
976	/data/1_users/pezoldt/man_annotation/stripy/v1/NG039/NG039_P3_CC4/31_0.hdf5	31_0	None	None	Undefined	0	[9.00000000e+00 1.38600415e+03 1.16084335e+02 8.47565114e-01]	[9.00000000e+00 1.38600415e+03 1.16084335e+02 8.47565114e-01]					0.hdf5	31
977	/data/1_users/pezoldt/man_annotation/stripy/v1/NG039/NG039_P3_CC4/32_0.hdf5	32_0	None	None	Undefined	0	[8.00000000e+00 1.45894556e+03 2.89590210e+02 8.73643339e-01]	[8.00000000e+00 1.45894556e+03 2.89590210e+02 8.73643339e-01]					0.hdf5	32
978	/data/1_users/pezoldt/man_annotation/stripy/v1/NG039/NG039_P3_CC4/33_0.hdf5	33_0	None	None	Undefined	0	[1.20000000e+01 1.30891296e+03 2.73711853e+02 8.62572551e-01]	[1.20000000e+01 1.30891296e+03 2.73711853e+02 8.62572551e-01]					0.hdf5	33
979	/data/1_users/pezoldt/man_annotation/stripy/v1/NG039/NG039_P3_CC4/34_0.hdf5	34_0	None	None	Undefined	0	[1.50000000e+01 1.67854346e+03 1.41117142e+02 8.72287214e-01]	[1.50000000e+01 1.67854346e+03 1.41117142e+02 8.72287214e-01]					0.hdf5	34
980	/data/1_users/pezoldt/man_annotation/stripy/v1/NG039/NG039_P3_CC4/35_0.hdf5	35_0	None	None	Undefined	0	[9.00000000e+00 1.50525720e+03 3.34867157e+02 8.51088047e-01]	[9.00000000e+00 1.50525720e+03 3.34867157e+02 8.51088047e-01]					0.hdf5	35
981	/data/1_users/pezoldt/man_annotation/stripy/v1/NG039/NG039_P3_CC4/36_0.hdf5	36_0	None	None	Undefined	0		[9.00000000e+00 1.49438940e+03 2.34997711e+02 8.63275290e-01]	[9.00000000e+00 1.49438940e+03 2.34997711e+02 8.63275290e-01]	[1.10000000e+01 1.51620129e+03 2.77377777e+02 8.50171983e-01]			0.hdf5	36
982	/data/1_users/pezoldt/man_annotation/stripy/v1/NG039/NG039_P3_CC4/36_1.hdf5	36_1	None	None	Undefined	0		[1.10000000e+01 1.51620129e+03 2.77377777e+02 8.50171983e-01]	[9.00000000e+00 1.49438940e+03 2.34997711e+02 8.63275290e-01]	[1.10000000e+01 1.51620129e+03 2.77377777e+02 8.50171983e-01]			1.hdf5	36
983	/data/1_users/pezoldt/man_annotation/stripy/v1/NG039/NG039_P3_CC4/37_0.hdf5	37_0	None	None	stripy_center	0	[8.00000000e+00 1.48503833e+03 3.02804504e+02 8.67215991e-01]	[8.00000000e+00 1.48503833e+03 3.02804504e+02 8.67215991e-01]					0.hdf5	37
984	/data/1_users/pezoldt/man_annotation/stripy/v1/NG039/NG039_P3_CC4/38_0.hdf5	38_0	None	None	Undefined	0	[7.00000000e+00 1.41156421e+03 2.51152649e+02 8.58573377e-01]	[7.00000000e+00 1.41156421e+03 2.51152649e+02 8.58573377e-01]					0.hdf5	38
985	/data/1_users/pezoldt/man_annotation/stripy/v1/NG039/NG039_P3_CC4/39_0.hdf5	39_0	None	None	stripy_nucleus	0	[7.00000000e+00 1.71679187e+03 2.33835541e+02 8.47611547e-01]	[7.00000000e+00 1.71679187e+03 2.33835541e+02 8.47611547e-01]					0.hdf5	39
948	/data/1_users/pezoldt/man_annotation/stripy/v1/NG039/NG039_P3_CC4/3_0.hdf5	3_0	None	None	Undefined	0	[1.60000000e+01 1.70721362e+03 1.85047302e+02 8.64812791e-01]	[1.60000000e+01 1.70721362e+03 1.85047302e+02 8.64812791e-01]					0.hdf5	3
986	/data/1_users/pezoldt/man_annotation/stripy/v1/NG039/NG039_P3_CC4/40_0.hdf5	40_0	None	None	stripy_center	0	[1.20000000e+01 1.54523462e+03 3.49133850e+02 8.70750844e-01]	[1.20000000e+01 1.54523462e+03 3.49133850e+02 8.70750844e-01]					0.hdf5	40
987	/data/1_users/pezoldt/man_annotation/stripy/v1/NG039/NG039_P3_CC4/41_0.hdf5	41_0	None	None	Undefined	0	[1.20000000e+01 1.43178638e+03 2.43153732e+02 8.67439091e-01]	[1.20000000e+01 1.43178638e+03 2.43153732e+02 8.67439091e-01]					0.hdf5	41
988	/data/1_users/pezoldt/man_annotation/stripy/v1/NG039/NG039_P3_CC4/42_0.hdf5	42_0	None	None	normi_circle	0	[7.00000000e+00 1.51837769e+03 2.74221893e+02 8.59796166e-01]	[7.00000000e+00 1.51837769e+03 2.74221893e+02 8.59796166e-01]					0.hdf5	42
989	/data/1_users/pezoldt/man_annotation/stripy/v1/NG039/NG039_P3_CC4/43_0.hdf5	43_0	None	None	stripy_center	0	[9.00000000e+00 1.71952722e+03 3.15354797e+02 8.67306530e-01]	[9.00000000e+00 1.71952722e+03 3.15354797e+02 8.67306530e-01]					0.hdf5	43
990	/data/1_users/pezoldt/man_annotation/stripy/v1/NG039/NG039_P3_CC4/44_0.hdf5	44_0	None	None	normi_circle	0	[9.00000000e+00 1.41413196e+03 3.25500031e+02 8.73308241e-01]	[9.00000000e+00 1.41413196e+03 3.25500031e+02 8.73308241e-01]					0.hdf5	44
991	/data/1_users/pezoldt/man_annotation/stripy/v1/NG039/NG039_P3_CC4/45_0.hdf5	45_0	None	None	Undefined	0	[7.00000000e+00 1.48492310e+03 2.18588745e+02 8.72826695e-01]	[7.00000000e+00 1.48492310e+03 2.18588745e+02 8.72826695e-01]					0.hdf5	45
992	/data/1_users/pezoldt/man_annotation/stripy/v1/NG039/NG039_P3_CC4/46_0.hdf5	46_0	None	None	stripy_nucleus	0	[7.00000000e+00 1.46272888e+03 2.63699615e+02 8.61547589e-01]	[7.00000000e+00 1.46272888e+03 2.63699615e+02 8.61547589e-01]					0.hdf5	46
993	/data/1_users/pezoldt/man_annotation/stripy/v1/NG039/NG039_P3_CC4/47_0.hdf5	47_0	None	None	normi_demicircle	0	[9.00000000e+00 1.49021472e+03 3.18776123e+02 8.66491675e-01]	[9.00000000e+00 1.49021472e+03 3.18776123e+02 8.66491675e-01]					0.hdf5	47
994	/data/1_users/pezoldt/man_annotation/stripy/v1/NG039/NG039_P3_CC4/48_0.hdf5	48_0	None	None	Undefined	0	[7.00000000e+00 1.54734497e+03 2.52564468e+02 8.66845191e-01]	[7.00000000e+00 1.54734497e+03 2.52564468e+02 8.66845191e-01]					0.hdf5	48
995	/data/1_users/pezoldt/man_annotation/stripy/v1/NG039/NG039_P3_CC4/49_0.hdf5	49_0	None	None	normi_circle	0	[7.00000000e+00 1.42366333e+03 1.82790710e+02 8.56127858e-01]	[7.00000000e+00 1.42366333e+03 1.82790710e+02 8.56127858e-01]					0.hdf5	49
949	/data/1_users/pezoldt/man_annotation/stripy/v1/NG039/NG039_P3_CC4/4_0.hdf5	4_0	None	None	stripy_nucleus	0	[9.00000000e+00 1.64296729e+03 3.35455078e+02 8.69039118e-01]	[9.00000000e+00 1.64296729e+03 3.35455078e+02 8.69039118e-01]					0.hdf5	4
996	/data/1_users/pezoldt/man_annotation/stripy/v1/NG039/NG039_P3_CC4/50_0.hdf5	50_0	None	None	stripy_center	0	[8.00000000e+00 1.44190735e+03 2.57661713e+02 8.64946127e-01]	[8.00000000e+00 1.44190735e+03 2.57661713e+02 8.64946127e-01]					0.hdf5	50
997	/data/1_users/pezoldt/man_annotation/stripy/v1/NG039/NG039_P3_CC4/51_0.hdf5	51_0	None	None	Undefined	0	[8.00000000e+00 1.54075195e+03 3.15262268e+02 8.70628297e-01]	[8.00000000e+00 1.54075195e+03 3.15262268e+02 8.70628297e-01]					0.hdf5	51
998	/data/1_users/pezoldt/man_annotation/stripy/v1/NG039/NG039_P3_CC4/52_0.hdf5	52_0	None	None	normi_circle	0	[1.00000000e+01 1.00991498e+03 2.45131195e+02 8.70187461e-01]	[1.00000000e+01 1.00991498e+03 2.45131195e+02 8.70187461e-01]					0.hdf5	52
999	/data/1_users/pezoldt/man_annotation/stripy/v1/NG039/NG039_P3_CC4/53_0.hdf5	53_0	None	None	stripy_nucleus	0	[1.30000000e+01 1.59272290e+03 2.63805611e+02 8.92940044e-01]	[1.30000000e+01 1.59272290e+03 2.63805611e+02 8.92940044e-01]					0.hdf5	53
1000	/data/1_users/pezoldt/man_annotation/stripy/v1/NG039/NG039_P3_CC4/55_0.hdf5	55_0	None	None	stripy_nucleus	0	[8.00000000e+00 1.70534839e+03 3.49253113e+02 8.61979783e-01]	[8.00000000e+00 1.70534839e+03 3.49253113e+02 8.61979783e-01]					0.hdf5	55
1001	/data/1_users/pezoldt/man_annotation/stripy/v1/NG039/NG039_P3_CC4/56_0.hdf5	56_0	None	None	Undefined	0	[8.00000000e+00 1.28713892e+03 2.48320953e+02 8.64162862e-01]	[8.00000000e+00 1.28713892e+03 2.48320953e+02 8.64162862e-01]					0.hdf5	56
1002	/data/1_users/pezoldt/man_annotation/stripy/v1/NG039/NG039_P3_CC4/57_0.hdf5	57_0	None	None	normi_circle	0	[8.00000000e+00 1.59249268e+03 3.15707336e+02 8.58335376e-01]	[8.00000000e+00 1.59249268e+03 3.15707336e+02 8.58335376e-01]					0.hdf5	57
1003	/data/1_users/pezoldt/man_annotation/stripy/v1/NG039/NG039_P3_CC4/58_0.hdf5	58_0	None	None	Undefined	0	[9.00000000e+00 1.19998315e+03 1.21179405e+02 8.38647962e-01]	[9.00000000e+00 1.19998315e+03 1.21179405e+02 8.38647962e-01]					0.hdf5	58
1004	/data/1_users/pezoldt/man_annotation/stripy/v1/NG039/NG039_P3_CC4/59_0.hdf5	59_0	None	None	Undefined	0	[8.00000000e+00 1.34021936e+03 2.17582458e+02 8.59203100e-01]	[8.00000000e+00 1.34021936e+03 2.17582458e+02 8.59203100e-01]					0.hdf5	59
950	/data/1_users/pezoldt/man_annotation/stripy/v1/NG039/NG039_P3_CC4/5_0.hdf5	5_0	None	None	Undefined	0	[1.30000000e+01 1.55181738e+03 3.23759155e+02 8.65825534e-01]	[1.30000000e+01 1.55181738e+03 3.23759155e+02 8.65825534e-01]					0.hdf5	5
1005	/data/1_users/pezoldt/man_annotation/stripy/v1/NG039/NG039_P3_CC4/60_0.hdf5	60_0	None	None	stripy_nucleus	0	[1.00000000e+01 1.77775415e+03 3.05475708e+02 8.67999017e-01]	[1.00000000e+01 1.77775415e+03 3.05475708e+02 8.67999017e-01]					0.hdf5	60
1006	/data/1_users/pezoldt/man_annotation/stripy/v1/NG039/NG039_P3_CC4/61_0.hdf5	61_0	None	None	Undefined	0	[7.00000000e+00 1.38494128e+03 1.65262833e+02 8.68199766e-01]	[7.00000000e+00 1.38494128e+03 1.65262833e+02 8.68199766e-01]					0.hdf5	61
1007	/data/1_users/pezoldt/man_annotation/stripy/v1/NG039/NG039_P3_CC4/62_0.hdf5	62_0	None	None	stripy_nucleus	0	[7.00000000e+00 1.38190942e+03 1.84661560e+02 8.68195236e-01]	[7.00000000e+00 1.38190942e+03 1.84661560e+02 8.68195236e-01]					0.hdf5	62
1008	/data/1_users/pezoldt/man_annotation/stripy/v1/NG039/NG039_P3_CC4/63_0.hdf5	63_0	None	None	Undefined	0	[1.00000000e+01 1.20935742e+03 1.19744728e+02 8.94069135e-01]	[1.00000000e+01 1.20935742e+03 1.19744728e+02 8.94069135e-01]					0.hdf5	63
1009	/data/1_users/pezoldt/man_annotation/stripy/v1/NG039/NG039_P3_CC4/64_0.hdf5	64_0	None	None	normi_circle	0	[8.00000000e+00 1.61003259e+03 3.14084473e+02 8.46240878e-01]	[8.00000000e+00 1.61003259e+03 3.14084473e+02 8.46240878e-01]					0.hdf5	64
1010	/data/1_users/pezoldt/man_annotation/stripy/v1/NG039/NG039_P3_CC4/65_0.hdf5	65_0	None	None	Undefined	0	[1.50000000e+01 1.99351343e+03 2.15013947e+02 8.62469375e-01]	[1.50000000e+01 1.99351343e+03 2.15013947e+02 8.62469375e-01]					0.hdf5	65
1011	/data/1_users/pezoldt/man_annotation/stripy/v1/NG039/NG039_P3_CC4/66_0.hdf5	66_0	None	None	stripy_nucleus	0	[7.00000000e+00 1.37361487e+03 1.81536758e+02 8.61018240e-01]	[7.00000000e+00 1.37361487e+03 1.81536758e+02 8.61018240e-01]					0.hdf5	66
1012	/data/1_users/pezoldt/man_annotation/stripy/v1/NG039/NG039_P3_CC4/67_0.hdf5	67_0	None	None	Undefined	0	[1.10000000e+01 1.48783972e+03 3.19199280e+02 8.61683905e-01]	[1.10000000e+01 1.48783972e+03 3.19199280e+02 8.61683905e-01]					0.hdf5	67
1013	/data/1_users/pezoldt/man_annotation/stripy/v1/NG039/NG039_P3_CC4/68_0.hdf5	68_0	None	None	Undefined	0	[7.00000000e+00 1.54501611e+03 3.41229309e+02 8.63606393e-01]	[7.00000000e+00 1.54501611e+03 3.41229309e+02 8.63606393e-01]					0.hdf5	68
1014	/data/1_users/pezoldt/man_annotation/stripy/v1/NG039/NG039_P3_CC4/69_0.hdf5	69_0	None	None	Undefined	0	[1.40000000e+01 1.75742090e+03 2.97295197e+02 8.42504978e-01]	[1.40000000e+01 1.75742090e+03 2.97295197e+02 8.42504978e-01]					0.hdf5	69
951	/data/1_users/pezoldt/man_annotation/stripy/v1/NG039/NG039_P3_CC4/6_0.hdf5	6_0	None	None	Undefined	0	[9.00000000e+00 1.21325171e+03 1.24174774e+02 8.47922444e-01]	[9.00000000e+00 1.21325171e+03 1.24174774e+02 8.47922444e-01]					0.hdf5	6
1015	/data/1_users/pezoldt/man_annotation/stripy/v1/NG039/NG039_P3_CC4/70_0.hdf5	70_0	None	None	Undefined	0	[7.00000000e+00 1.40555225e+03 2.47337555e+02 8.35498273e-01]	[7.00000000e+00 1.40555225e+03 2.47337555e+02 8.35498273e-01]					0.hdf5	70
1016	/data/1_users/pezoldt/man_annotation/stripy/v1/NG039/NG039_P3_CC4/71_0.hdf5	71_0	None	None	Undefined	0		[1.00000000e+01 1.22922327e+03 2.25409515e+02 8.85168314e-01]	[1.00000000e+01 1.22922327e+03 2.25409515e+02 8.85168314e-01]	[1.00000000e+01 8.73080627e+02 2.64031425e+02 8.01013350e-01]			0.hdf5	71
1017	/data/1_users/pezoldt/man_annotation/stripy/v1/NG039/NG039_P3_CC4/71_1.hdf5	71_1	None	None	Undefined	0		[1.00000000e+01 8.73080627e+02 2.64031425e+02 8.01013350e-01]	[1.00000000e+01 1.22922327e+03 2.25409515e+02 8.85168314e-01]	[1.00000000e+01 8.73080627e+02 2.64031425e+02 8.01013350e-01]			1.hdf5	71
1018	/data/1_users/pezoldt/man_annotation/stripy/v1/NG039/NG039_P3_CC4/72_0.hdf5	72_0	None	None	Undefined	0	[1.10000000e+01 1.53883374e+03 1.55769470e+02 8.82093251e-01]	[1.10000000e+01 1.53883374e+03 1.55769470e+02 8.82093251e-01]					0.hdf5	72
1019	/data/1_users/pezoldt/man_annotation/stripy/v1/NG039/NG039_P3_CC4/73_0.hdf5	73_0	None	None	Undefined	0	[1.30000000e+01 1.68550427e+03 1.31192947e+02 8.86901498e-01]	[1.30000000e+01 1.68550427e+03 1.31192947e+02 8.86901498e-01]					0.hdf5	73
1020	/data/1_users/pezoldt/man_annotation/stripy/v1/NG039/NG039_P3_CC4/74_0.hdf5	74_0	None	None	Undefined	0	[7.00000000e+00 1.48760986e+03 3.22366638e+02 8.69394124e-01]	[7.00000000e+00 1.48760986e+03 3.22366638e+02 8.69394124e-01]					0.hdf5	74
1021	/data/1_users/pezoldt/man_annotation/stripy/v1/NG039/NG039_P3_CC4/75_0.hdf5	75_0	None	None	Undefined	0	[7.00000000e+00 1.37040479e+03 2.76009308e+02 8.67792726e-01]	[7.00000000e+00 1.37040479e+03 2.76009308e+02 8.67792726e-01]					0.hdf5	75
1022	/data/1_users/pezoldt/man_annotation/stripy/v1/NG039/NG039_P3_CC4/76_0.hdf5	76_0	None	None	Undefined	0	[9.00000000e+00 1.42819043e+03 3.55647095e+02 8.48925173e-01]	[9.00000000e+00 1.42819043e+03 3.55647095e+02 8.48925173e-01]					0.hdf5	76
1023	/data/1_users/pezoldt/man_annotation/stripy/v1/NG039/NG039_P3_CC4/77_0.hdf5	77_0	None	None	stripy_center	0	[7.00000000e+00 1.23439771e+03 2.58682610e+02 8.66680622e-01]	[7.00000000e+00 1.23439771e+03 2.58682610e+02 8.66680622e-01]					0.hdf5	77
1024	/data/1_users/pezoldt/man_annotation/stripy/v1/NG039/NG039_P3_CC4/78_0.hdf5	78_0	None	None	Undefined	0	[9.00000000e+00 1.47668994e+03 2.97124603e+02 8.89673352e-01]	[9.00000000e+00 1.47668994e+03 2.97124603e+02 8.89673352e-01]					0.hdf5	78
1025	/data/1_users/pezoldt/man_annotation/stripy/v1/NG039/NG039_P3_CC4/79_0.hdf5	79_0	None	None	Undefined	0	[8.00000000e+00 1.51401294e+03 3.23388672e+02 8.63945186e-01]	[8.00000000e+00 1.51401294e+03 3.23388672e+02 8.63945186e-01]					0.hdf5	79
952	/data/1_users/pezoldt/man_annotation/stripy/v1/NG039/NG039_P3_CC4/7_0.hdf5	7_0	None	None	Undefined	0	[8.00000000e+00 1.22621533e+03 2.27720459e+02 8.59488010e-01]	[8.00000000e+00 1.22621533e+03 2.27720459e+02 8.59488010e-01]					0.hdf5	7
1026	/data/1_users/pezoldt/man_annotation/stripy/v1/NG039/NG039_P3_CC4/80_0.hdf5	80_0	None	None	Undefined	0	[8.00000000e+00 1.34354468e+03 8.87155933e+01 8.56166422e-01]	[8.00000000e+00 1.34354468e+03 8.87155933e+01 8.56166422e-01]					0.hdf5	80
1027	/data/1_users/pezoldt/man_annotation/stripy/v1/NG039/NG039_P3_CC4/81_0.hdf5	81_0	None	None	normi_circle	0	[8.00000000e+00 1.26776782e+03 2.69396477e+02 8.75497758e-01]	[8.00000000e+00 1.26776782e+03 2.69396477e+02 8.75497758e-01]					0.hdf5	81
1028	/data/1_users/pezoldt/man_annotation/stripy/v1/NG039/NG039_P3_CC4/82_0.hdf5	82_0	None	None	normi_circle	0	[8.00000000e+00 1.53738147e+03 3.15364624e+02 8.72744501e-01]	[8.00000000e+00 1.53738147e+03 3.15364624e+02 8.72744501e-01]					0.hdf5	82
1029	/data/1_users/pezoldt/man_annotation/stripy/v1/NG039/NG039_P3_CC4/83_0.hdf5	83_0	None	None	Undefined	0	[9.00000000e+00 1.46192065e+03 2.74906563e+02 8.64195585e-01]	[9.00000000e+00 1.46192065e+03 2.74906563e+02 8.64195585e-01]					0.hdf5	83
1030	/data/1_users/pezoldt/man_annotation/stripy/v1/NG039/NG039_P3_CC4/84_0.hdf5	84_0	None	None	Undefined	0	[1.10000000e+01 1.67708276e+03 2.66345154e+02 8.83701563e-01]	[1.10000000e+01 1.67708276e+03 2.66345154e+02 8.83701563e-01]					0.hdf5	84
1031	/data/1_users/pezoldt/man_annotation/stripy/v1/NG039/NG039_P3_CC4/86_0.hdf5	86_0	None	None	Undefined	0	[8.00000000e+00 1.68291333e+03 3.01149414e+02 8.61662567e-01]	[8.00000000e+00 1.68291333e+03 3.01149414e+02 8.61662567e-01]					0.hdf5	86
1032	/data/1_users/pezoldt/man_annotation/stripy/v1/NG039/NG039_P3_CC4/87_0.hdf5	87_0	None	None	normi_circle	0	[1.10000000e+01 1.31918274e+03 2.99771118e+02 8.67382050e-01]	[1.10000000e+01 1.31918274e+03 2.99771118e+02 8.67382050e-01]					0.hdf5	87
1033	/data/1_users/pezoldt/man_annotation/stripy/v1/NG039/NG039_P3_CC4/88_0.hdf5	88_0	None	None	Undefined	0	[8.00000000e+00 1.58680493e+03 2.60448967e+02 8.81108940e-01]	[8.00000000e+00 1.58680493e+03 2.60448967e+02 8.81108940e-01]					0.hdf5	88
1034	/data/1_users/pezoldt/man_annotation/stripy/v1/NG039/NG039_P3_CC4/89_0.hdf5	89_0	None	None	Undefined	0	[8.00000000e+00 1.39765015e+03 3.01734436e+02 8.63652349e-01]	[8.00000000e+00 1.39765015e+03 3.01734436e+02 8.63652349e-01]					0.hdf5	89
953	/data/1_users/pezoldt/man_annotation/stripy/v1/NG039/NG039_P3_CC4/8_0.hdf5	8_0	None	None	Undefined	0	[8.00000000e+00 1.48247961e+03 1.44380508e+02 8.72429430e-01]	[8.00000000e+00 1.48247961e+03 1.44380508e+02 8.72429430e-01]					0.hdf5	8
1035	/data/1_users/pezoldt/man_annotation/stripy/v1/NG039/NG039_P3_CC4/90_0.hdf5	90_0	None	None	Undefined	0	[8.00000000e+00 1.54531189e+03 3.65034546e+02 8.71453345e-01]	[8.00000000e+00 1.54531189e+03 3.65034546e+02 8.71453345e-01]					0.hdf5	90
1036	/data/1_users/pezoldt/man_annotation/stripy/v1/NG039/NG039_P3_CC4/91_0.hdf5	91_0	None	None	normi_circle	0	[8.00000000e+00 1.34476746e+03 3.36618744e+02 8.60298514e-01]	[8.00000000e+00 1.34476746e+03 3.36618744e+02 8.60298514e-01]					0.hdf5	91
1037	/data/1_users/pezoldt/man_annotation/stripy/v1/NG039/NG039_P3_CC4/92_0.hdf5	92_0	None	None	stripy_nucleus	0	[6.00000000e+00 1.32596399e+03 2.50235352e+02 8.59818518e-01]	[6.00000000e+00 1.32596399e+03 2.50235352e+02 8.59818518e-01]					0.hdf5	92
1038	/data/1_users/pezoldt/man_annotation/stripy/v1/NG039/NG039_P3_CC4/93_0.hdf5	93_0	None	None	stripy_center	0	[1.20000000e+01 1.55300293e+03 2.55776154e+02 8.54846776e-01]	[1.20000000e+01 1.55300293e+03 2.55776154e+02 8.54846776e-01]					0.hdf5	93
1039	/data/1_users/pezoldt/man_annotation/stripy/v1/NG039/NG039_P3_CC4/94_0.hdf5	94_0	None	None	Undefined	0	[7.00000000e+00 1.53156921e+03 2.73093201e+02 8.66235554e-01]	[7.00000000e+00 1.53156921e+03 2.73093201e+02 8.66235554e-01]					0.hdf5	94
1040	/data/1_users/pezoldt/man_annotation/stripy/v1/NG039/NG039_P3_CC4/95_0.hdf5	95_0	None	None	normi_circle	0	[7.00000000e+00 1.30693701e+03 2.31771484e+02 8.53328288e-01]	[7.00000000e+00 1.30693701e+03 2.31771484e+02 8.53328288e-01]					0.hdf5	95
954	/data/1_users/pezoldt/man_annotation/stripy/v1/NG039/NG039_P3_CC4/9_0.hdf5	9_0	None	None	Undefined	0	[1.40000000e+01 1.76876135e+03 2.27476288e+02 8.78068507e-01]	[1.40000000e+01 1.76876135e+03 2.27476288e+02 8.78068507e-01]					0.hdf5	9
1041	/data/1_users/pezoldt/man_annotation/stripy/v1/NG039/NG039_P4_CC1/0_0.hdf5	0_0	None	None	Undefined	0		[2.00000000e+00 1.48967383e+03 3.17232666e+02 8.30566406e-01]	[2.00000000e+00 1.48967383e+03 3.17232666e+02 8.30566406e-01]	[3.00000000e+00 1.03236618e+03 3.34735321e+02 8.57603908e-01]			0.hdf5	0
1042	/data/1_users/pezoldt/man_annotation/stripy/v1/NG039/NG039_P4_CC1/0_1.hdf5	0_1	None	None		0		[3.00000000e+00 1.03236618e+03 3.34735321e+02 8.57603908e-01]	[2.00000000e+00 1.48967383e+03 3.17232666e+02 8.30566406e-01]	[3.00000000e+00 1.03236618e+03 3.34735321e+02 8.57603908e-01]			1.hdf5	0
1053	/data/1_users/pezoldt/man_annotation/stripy/v1/NG039/NG039_P4_CC1/10_0.hdf5	10_0	None	None	Undefined	0	[  7.         840.17822266 175.63870621   0.86706173]	[  7.         840.17822266 175.63870621   0.86706173]					0.hdf5	10
1054	/data/1_users/pezoldt/man_annotation/stripy/v1/NG039/NG039_P4_CC1/11_0.hdf5	11_0	None	None	Undefined	0	[8.00000000e+00 9.34357056e+02 2.33408234e+02 8.84389222e-01]	[8.00000000e+00 9.34357056e+02 2.33408234e+02 8.84389222e-01]					0.hdf5	11
1055	/data/1_users/pezoldt/man_annotation/stripy/v1/NG039/NG039_P4_CC1/12_0.hdf5	12_0	None	None	Undefined	0		[0.00000000e+00 1.49323950e+03 3.24444519e+02 8.67182255e-01]	[0.00000000e+00 1.49323950e+03 3.24444519e+02 8.67182255e-01]	[1.20000000e+01 1.37457251e+03 3.26712341e+02 8.84584904e-01]			0.hdf5	12
1056	/data/1_users/pezoldt/man_annotation/stripy/v1/NG039/NG039_P4_CC1/12_1.hdf5	12_1	None	None	Undefined	0		[1.20000000e+01 1.37457251e+03 3.26712341e+02 8.84584904e-01]	[0.00000000e+00 1.49323950e+03 3.24444519e+02 8.67182255e-01]	[1.20000000e+01 1.37457251e+03 3.26712341e+02 8.84584904e-01]			1.hdf5	12
1057	/data/1_users/pezoldt/man_annotation/stripy/v1/NG039/NG039_P4_CC1/13_0.hdf5	13_0	None	None	Undefined	0		[0.00000000e+00 1.49390625e+03 3.26958923e+02 8.16646755e-01]	[0.00000000e+00 1.49390625e+03 3.26958923e+02 8.16646755e-01]	[1.10000000e+01 1.17209253e+03 3.63110291e+02 8.85317087e-01]			0.hdf5	13
1058	/data/1_users/pezoldt/man_annotation/stripy/v1/NG039/NG039_P4_CC1/13_1.hdf5	13_1	None	None	Undefined	0		[1.10000000e+01 1.17209253e+03 3.63110291e+02 8.85317087e-01]	[0.00000000e+00 1.49390625e+03 3.26958923e+02 8.16646755e-01]	[1.10000000e+01 1.17209253e+03 3.63110291e+02 8.85317087e-01]			1.hdf5	13
1059	/data/1_users/pezoldt/man_annotation/stripy/v1/NG039/NG039_P4_CC1/14_0.hdf5	14_0	None	None	Undefined	0		[0.00000000e+00 1.49428003e+03 3.28580597e+02 8.23057294e-01]	[0.00000000e+00 1.49428003e+03 3.28580597e+02 8.23057294e-01]	[6.00000000e+00 9.31746704e+02 2.86334198e+02 8.56198549e-01]			0.hdf5	14
1060	/data/1_users/pezoldt/man_annotation/stripy/v1/NG039/NG039_P4_CC1/14_1.hdf5	14_1	None	None	Undefined	0		[6.00000000e+00 9.31746704e+02 2.86334198e+02 8.56198549e-01]	[0.00000000e+00 1.49428003e+03 3.28580597e+02 8.23057294e-01]	[6.00000000e+00 9.31746704e+02 2.86334198e+02 8.56198549e-01]			1.hdf5	14
1061	/data/1_users/pezoldt/man_annotation/stripy/v1/NG039/NG039_P4_CC1/15_0.hdf5	15_0	None	None	stripy_nucleus	0	[4.00000000e+00 8.71526917e+02 2.45062256e+02 8.59832525e-01]	[4.00000000e+00 8.71526917e+02 2.45062256e+02 8.59832525e-01]					0.hdf5	15
1062	/data/1_users/pezoldt/man_annotation/stripy/v1/NG039/NG039_P4_CC1/16_0.hdf5	16_0	None	None	Undefined	0		[5.00000000e+00 1.12860376e+03 3.31401794e+02 8.74658763e-01]	[5.00000000e+00 1.12860376e+03 3.31401794e+02 8.74658763e-01]	[6.00000000e+00 1.74087354e+03 1.90993546e+02 8.46233547e-01]			0.hdf5	16
1063	/data/1_users/pezoldt/man_annotation/stripy/v1/NG039/NG039_P4_CC1/16_1.hdf5	16_1	None	None	Undefined	0		[6.00000000e+00 1.74087354e+03 1.90993546e+02 8.46233547e-01]	[5.00000000e+00 1.12860376e+03 3.31401794e+02 8.74658763e-01]	[6.00000000e+00 1.74087354e+03 1.90993546e+02 8.46233547e-01]			1.hdf5	16
1064	/data/1_users/pezoldt/man_annotation/stripy/v1/NG039/NG039_P4_CC1/17_0.hdf5	17_0	None	None	normi_circle	0	[ 10.         492.63916016 187.91870117   0.86755723]	[ 10.         492.63916016 187.91870117   0.86755723]					0.hdf5	17
1065	/data/1_users/pezoldt/man_annotation/stripy/v1/NG039/NG039_P4_CC1/18_0.hdf5	18_0	None	None	Undefined	0		[0.00000000e+00 1.49568103e+03 3.33320740e+02 8.12567234e-01]	[0.00000000e+00 1.49568103e+03 3.33320740e+02 8.12567234e-01]	[5.00000000e+00 1.23262512e+03 3.38874146e+02 8.73191714e-01]			0.hdf5	18
1066	/data/1_users/pezoldt/man_annotation/stripy/v1/NG039/NG039_P4_CC1/18_1.hdf5	18_1	None	None	Undefined	0		[5.00000000e+00 1.23262512e+03 3.38874146e+02 8.73191714e-01]	[0.00000000e+00 1.49568103e+03 3.33320740e+02 8.12567234e-01]	[5.00000000e+00 1.23262512e+03 3.38874146e+02 8.73191714e-01]			1.hdf5	18
1067	/data/1_users/pezoldt/man_annotation/stripy/v1/NG039/NG039_P4_CC1/19_0.hdf5	19_0	None	None	Undefined	0	[  7.         742.15252686 183.6058197    0.87379485]	[  7.         742.15252686 183.6058197    0.87379485]					0.hdf5	19
1043	/data/1_users/pezoldt/man_annotation/stripy/v1/NG039/NG039_P4_CC1/1_0.hdf5	1_0	None	None	Undefined	0	[1.10000000e+01 1.25302051e+03 3.18775970e+02 8.68444204e-01]	[1.10000000e+01 1.25302051e+03 3.18775970e+02 8.68444204e-01]					0.hdf5	1
1068	/data/1_users/pezoldt/man_annotation/stripy/v1/NG039/NG039_P4_CC1/20_0.hdf5	20_0	None	None	Undefined	0		[0.00000000e+00 1.49658032e+03 3.32556274e+02 8.28702331e-01]	[0.00000000e+00 1.49658032e+03 3.32556274e+02 8.28702331e-01]	[7.00000000e+00 1.26895239e+03 3.37259003e+02 8.81605148e-01]			0.hdf5	20
1069	/data/1_users/pezoldt/man_annotation/stripy/v1/NG039/NG039_P4_CC1/20_1.hdf5	20_1	None	None	Undefined	0		[7.00000000e+00 1.26895239e+03 3.37259003e+02 8.81605148e-01]	[0.00000000e+00 1.49658032e+03 3.32556274e+02 8.28702331e-01]	[7.00000000e+00 1.26895239e+03 3.37259003e+02 8.81605148e-01]			1.hdf5	20
1070	/data/1_users/pezoldt/man_annotation/stripy/v1/NG039/NG039_P4_CC1/21_0.hdf5	21_0	None	None	Undefined	0	[7.00000000e+00 9.54319641e+02 3.65275269e+02 8.80479455e-01]	[7.00000000e+00 9.54319641e+02 3.65275269e+02 8.80479455e-01]					0.hdf5	21
1071	/data/1_users/pezoldt/man_annotation/stripy/v1/NG039/NG039_P4_CC1/22_0.hdf5	22_0	None	None	Undefined	0	[  6.         729.6361084  229.23486328   0.87081581]	[  6.         729.6361084  229.23486328   0.87081581]					0.hdf5	22
1072	/data/1_users/pezoldt/man_annotation/stripy/v1/NG039/NG039_P4_CC1/23_0.hdf5	23_0	None	None	Undefined	0		[0.00000000e+00 1.49684314e+03 3.30312378e+02 8.05904925e-01]	[0.00000000e+00 1.49684314e+03 3.30312378e+02 8.05904925e-01]	[7.00000000e+00 1.25469385e+03 3.27940918e+02 8.82008016e-01]			0.hdf5	23
1073	/data/1_users/pezoldt/man_annotation/stripy/v1/NG039/NG039_P4_CC1/23_1.hdf5	23_1	None	None	Undefined	0		[7.00000000e+00 1.25469385e+03 3.27940918e+02 8.82008016e-01]	[0.00000000e+00 1.49684314e+03 3.30312378e+02 8.05904925e-01]	[7.00000000e+00 1.25469385e+03 3.27940918e+02 8.82008016e-01]			1.hdf5	23
1074	/data/1_users/pezoldt/man_annotation/stripy/v1/NG039/NG039_P4_CC1/24_0.hdf5	24_0	None	None	Undefined	0	[8.00000000e+00 1.00062427e+03 2.78173828e+02 8.61235023e-01]	[8.00000000e+00 1.00062427e+03 2.78173828e+02 8.61235023e-01]					0.hdf5	24
1075	/data/1_users/pezoldt/man_annotation/stripy/v1/NG039/NG039_P4_CC1/25_0.hdf5	25_0	None	None	Undefined	0		[0.00000000e+00 1.49662085e+03 3.31133118e+02 8.12907994e-01]	[0.00000000e+00 1.49662085e+03 3.31133118e+02 8.12907994e-01]	[1.10000000e+01 1.09904639e+03 1.44578995e+02 8.69410694e-01]			0.hdf5	25
1076	/data/1_users/pezoldt/man_annotation/stripy/v1/NG039/NG039_P4_CC1/25_1.hdf5	25_1	None	None	Undefined	0		[1.10000000e+01 1.09904639e+03 1.44578995e+02 8.69410694e-01]	[0.00000000e+00 1.49662085e+03 3.31133118e+02 8.12907994e-01]	[1.10000000e+01 1.09904639e+03 1.44578995e+02 8.69410694e-01]			1.hdf5	25
1077	/data/1_users/pezoldt/man_annotation/stripy/v1/NG039/NG039_P4_CC1/26_0.hdf5	26_0	None	None	Undefined	0	[  6.         759.25958252 310.37896729   0.86117381]	[  6.         759.25958252 310.37896729   0.86117381]					0.hdf5	26
1078	/data/1_users/pezoldt/man_annotation/stripy/v1/NG039/NG039_P4_CC1/27_0.hdf5	27_0	None	None	Undefined	0		[0.00000000e+00 1.49834009e+03 3.35116150e+02 8.10187757e-01]	[0.00000000e+00 1.49834009e+03 3.35116150e+02 8.10187757e-01]	[1.10000000e+01 1.39981567e+03 1.76365234e+02 8.90752077e-01]			0.hdf5	27
1079	/data/1_users/pezoldt/man_annotation/stripy/v1/NG039/NG039_P4_CC1/27_1.hdf5	27_1	None	None	Undefined	0		[1.10000000e+01 1.39981567e+03 1.76365234e+02 8.90752077e-01]	[0.00000000e+00 1.49834009e+03 3.35116150e+02 8.10187757e-01]	[1.10000000e+01 1.39981567e+03 1.76365234e+02 8.90752077e-01]			1.hdf5	27
1080	/data/1_users/pezoldt/man_annotation/stripy/v1/NG039/NG039_P4_CC1/28_0.hdf5	28_0	None	None	Undefined	0	[8.00000000e+00 1.12687061e+03 2.08562943e+02 8.72514844e-01]	[8.00000000e+00 1.12687061e+03 2.08562943e+02 8.72514844e-01]					0.hdf5	28
1081	/data/1_users/pezoldt/man_annotation/stripy/v1/NG039/NG039_P4_CC1/29_0.hdf5	29_0	None	None	stripy_nucleus	0	[4.00000000e+00 9.37684326e+02 2.34650345e+02 8.80324781e-01]	[4.00000000e+00 9.37684326e+02 2.34650345e+02 8.80324781e-01]					0.hdf5	29
1044	/data/1_users/pezoldt/man_annotation/stripy/v1/NG039/NG039_P4_CC1/2_0.hdf5	2_0	None	None	Undefined	0	[1.10000000e+01 1.04786975e+03 1.41777100e+02 8.82880151e-01]	[1.10000000e+01 1.04786975e+03 1.41777100e+02 8.82880151e-01]					0.hdf5	2
1082	/data/1_users/pezoldt/man_annotation/stripy/v1/NG039/NG039_P4_CC1/30_0.hdf5	30_0	None	None	Undefined	0	[ 10.         725.99755859 166.00488281   0.89538974]	[ 10.         725.99755859 166.00488281   0.89538974]					0.hdf5	30
1083	/data/1_users/pezoldt/man_annotation/stripy/v1/NG039/NG039_P4_CC1/31_0.hdf5	31_0	None	None	Undefined	0		[0.00000000e+00 1.49906665e+03 3.36786041e+02 8.23576927e-01]	[0.00000000e+00 1.49906665e+03 3.36786041e+02 8.23576927e-01]	[  6.         863.46459961 162.5841713    0.86807293]			0.hdf5	31
1084	/data/1_users/pezoldt/man_annotation/stripy/v1/NG039/NG039_P4_CC1/31_1.hdf5	31_1	None	None	normi_circle	0		[  6.         863.46459961 162.5841713    0.86807293]	[0.00000000e+00 1.49906665e+03 3.36786041e+02 8.23576927e-01]	[  6.         863.46459961 162.5841713    0.86807293]			1.hdf5	31
1085	/data/1_users/pezoldt/man_annotation/stripy/v1/NG039/NG039_P4_CC1/32_0.hdf5	32_0	None	None	Undefined	0	[8.00000000e+00 1.07606689e+03 3.21880188e+02 8.81534457e-01]	[8.00000000e+00 1.07606689e+03 3.21880188e+02 8.81534457e-01]					0.hdf5	32
1086	/data/1_users/pezoldt/man_annotation/stripy/v1/NG039/NG039_P4_CC1/33_0.hdf5	33_0	None	None	normi_circle	0	[  5.         689.62011719 304.37805176   0.86911196]	[  5.         689.62011719 304.37805176   0.86911196]					0.hdf5	33
1087	/data/1_users/pezoldt/man_annotation/stripy/v1/NG039/NG039_P4_CC1/34_0.hdf5	34_0	None	None	Undefined	0	[8.00000000e+00 1.07356372e+03 2.71206543e+02 8.60934019e-01]	[8.00000000e+00 1.07356372e+03 2.71206543e+02 8.60934019e-01]					0.hdf5	34
1088	/data/1_users/pezoldt/man_annotation/stripy/v1/NG039/NG039_P4_CC1/35_0.hdf5	35_0	None	None	Undefined	0	[4.00000000e+00 1.30756396e+03 3.02517059e+02 8.82724881e-01]	[4.00000000e+00 1.30756396e+03 3.02517059e+02 8.82724881e-01]					0.hdf5	35
1089	/data/1_users/pezoldt/man_annotation/stripy/v1/NG039/NG039_P4_CC1/36_0.hdf5	36_0	None	None	Undefined	0	[6.00000000e+00 1.31717188e+03 3.35576965e+02 8.88711214e-01]	[6.00000000e+00 1.31717188e+03 3.35576965e+02 8.88711214e-01]					0.hdf5	36
1090	/data/1_users/pezoldt/man_annotation/stripy/v1/NG039/NG039_P4_CC1/37_0.hdf5	37_0	None	None	Undefined	0	[  5.         723.5546875  149.65538025   0.87758344]	[  5.         723.5546875  149.65538025   0.87758344]					0.hdf5	37
1091	/data/1_users/pezoldt/man_annotation/stripy/v1/NG039/NG039_P4_CC1/38_0.hdf5	38_0	None	None	stripy_center	0	[  5.         826.14025879 200.6408844    0.87773526]	[  5.         826.14025879 200.6408844    0.87773526]					0.hdf5	38
1092	/data/1_users/pezoldt/man_annotation/stripy/v1/NG039/NG039_P4_CC1/39_0.hdf5	39_0	None	None	Undefined	0		[0.00000000e+00 1.49962695e+03 3.37648621e+02 8.08458865e-01]	[0.00000000e+00 1.49962695e+03 3.37648621e+02 8.08458865e-01]	[4.00000000e+00 1.02833923e+03 3.44243408e+02 8.65108907e-01]			0.hdf5	39
1093	/data/1_users/pezoldt/man_annotation/stripy/v1/NG039/NG039_P4_CC1/39_1.hdf5	39_1	None	None	stripy_nucleus	0		[4.00000000e+00 1.02833923e+03 3.44243408e+02 8.65108907e-01]	[0.00000000e+00 1.49962695e+03 3.37648621e+02 8.08458865e-01]	[4.00000000e+00 1.02833923e+03 3.44243408e+02 8.65108907e-01]			1.hdf5	39
1045	/data/1_users/pezoldt/man_annotation/stripy/v1/NG039/NG039_P4_CC1/3_0.hdf5	3_0	None	None	Undefined	0	[7.00000000e+00 9.76175354e+02 3.48461060e+02 8.72886777e-01]	[7.00000000e+00 9.76175354e+02 3.48461060e+02 8.72886777e-01]					0.hdf5	3
1094	/data/1_users/pezoldt/man_annotation/stripy/v1/NG039/NG039_P4_CC1/40_0.hdf5	40_0	None	None	Undefined	0	[8.00000000e+00 9.45362183e+02 2.13404434e+02 8.74586403e-01]	[8.00000000e+00 9.45362183e+02 2.13404434e+02 8.74586403e-01]					0.hdf5	40
1095	/data/1_users/pezoldt/man_annotation/stripy/v1/NG039/NG039_P4_CC1/41_0.hdf5	41_0	None	None	stripy_center	0	[7.00000000e+00 1.03840442e+03 3.18094910e+02 8.81852329e-01]	[7.00000000e+00 1.03840442e+03 3.18094910e+02 8.81852329e-01]					0.hdf5	41
1096	/data/1_users/pezoldt/man_annotation/stripy/v1/NG039/NG039_P4_CC1/42_0.hdf5	42_0	None	None	Undefined	0	[  6.         768.78869629 268.59173584   0.87332726]	[  6.         768.78869629 268.59173584   0.87332726]					0.hdf5	42
1097	/data/1_users/pezoldt/man_annotation/stripy/v1/NG039/NG039_P4_CC1/43_0.hdf5	43_0	None	None	normi_circle	0	[1.10000000e+01 1.18388647e+03 1.68215851e+02 8.67755055e-01]	[1.10000000e+01 1.18388647e+03 1.68215851e+02 8.67755055e-01]					0.hdf5	43
1098	/data/1_users/pezoldt/man_annotation/stripy/v1/NG039/NG039_P4_CC1/44_0.hdf5	44_0	None	None	Undefined	0	[7.00000000e+00 8.90164551e+02 3.59753021e+02 8.64673197e-01]	[7.00000000e+00 8.90164551e+02 3.59753021e+02 8.64673197e-01]					0.hdf5	44
1099	/data/1_users/pezoldt/man_annotation/stripy/v1/NG039/NG039_P4_CC1/45_0.hdf5	45_0	None	None	Undefined	0	[  4.         645.24780273 301.94848633   0.87496471]	[  4.         645.24780273 301.94848633   0.87496471]					0.hdf5	45
1100	/data/1_users/pezoldt/man_annotation/stripy/v1/NG039/NG039_P4_CC1/46_0.hdf5	46_0	None	None	Undefined	0		[7.00000000e+00 8.98596191e+02 2.29574890e+02 8.68401825e-01]	[7.00000000e+00 8.98596191e+02 2.29574890e+02 8.68401825e-01]	[8.00000000e+00 9.20487183e+02 2.64848503e+02 8.48600805e-01]			0.hdf5	46
1101	/data/1_users/pezoldt/man_annotation/stripy/v1/NG039/NG039_P4_CC1/46_1.hdf5	46_1	None	None	Undefined	0		[8.00000000e+00 9.20487183e+02 2.64848503e+02 8.48600805e-01]	[7.00000000e+00 8.98596191e+02 2.29574890e+02 8.68401825e-01]	[8.00000000e+00 9.20487183e+02 2.64848503e+02 8.48600805e-01]			1.hdf5	46
1102	/data/1_users/pezoldt/man_annotation/stripy/v1/NG039/NG039_P4_CC1/47_0.hdf5	47_0	None	None	Undefined	0	[  5.         650.59179688 315.23764038   0.87659508]	[  5.         650.59179688 315.23764038   0.87659508]					0.hdf5	47
1103	/data/1_users/pezoldt/man_annotation/stripy/v1/NG039/NG039_P4_CC1/48_0.hdf5	48_0	None	None	normi_circle	0	[6.00000000e+00 9.83814209e+02 3.13759338e+02 8.97596180e-01]	[6.00000000e+00 9.83814209e+02 3.13759338e+02 8.97596180e-01]					0.hdf5	48
1104	/data/1_users/pezoldt/man_annotation/stripy/v1/NG039/NG039_P4_CC1/49_0.hdf5	49_0	None	None	Undefined	0	[6.00000000e+00 9.49146667e+02 3.26979553e+02 8.69507074e-01]	[6.00000000e+00 9.49146667e+02 3.26979553e+02 8.69507074e-01]					0.hdf5	49
1046	/data/1_users/pezoldt/man_annotation/stripy/v1/NG039/NG039_P4_CC1/4_0.hdf5	4_0	None	None	Undefined	0	[7.00000000e+00 9.89668579e+02 2.68913643e+02 8.85204613e-01]	[7.00000000e+00 9.89668579e+02 2.68913643e+02 8.85204613e-01]					0.hdf5	4
1105	/data/1_users/pezoldt/man_annotation/stripy/v1/NG039/NG039_P4_CC1/50_0.hdf5	50_0	None	None	normi_circle	0	[  9.         861.93762207 154.18154526   0.87443036]	[  9.         861.93762207 154.18154526   0.87443036]					0.hdf5	50
1106	/data/1_users/pezoldt/man_annotation/stripy/v1/NG039/NG039_P4_CC1/51_0.hdf5	51_0	None	None	stripy_center	0	[1.10000000e+01 1.24165234e+03 2.97804688e+02 8.71271789e-01]	[1.10000000e+01 1.24165234e+03 2.97804688e+02 8.71271789e-01]					0.hdf5	51
1107	/data/1_users/pezoldt/man_annotation/stripy/v1/NG039/NG039_P4_CC1/52_0.hdf5	52_0	None	None	Undefined	0	[6.00000000e+00 9.58395874e+02 3.38404938e+02 8.70612383e-01]	[6.00000000e+00 9.58395874e+02 3.38404938e+02 8.70612383e-01]					0.hdf5	52
1108	/data/1_users/pezoldt/man_annotation/stripy/v1/NG039/NG039_P4_CC1/53_0.hdf5	53_0	None	None	stripy_center	0	[9.00000000e+00 1.06895801e+03 3.22659790e+02 8.75095189e-01]	[9.00000000e+00 1.06895801e+03 3.22659790e+02 8.75095189e-01]					0.hdf5	53
1109	/data/1_users/pezoldt/man_annotation/stripy/v1/NG039/NG039_P4_CC1/54_0.hdf5	54_0	None	None	stripy_nucleus	0	[  4.         719.90429688 258.70606232   0.87439173]	[  4.         719.90429688 258.70606232   0.87439173]					0.hdf5	54
1110	/data/1_users/pezoldt/man_annotation/stripy/v1/NG039/NG039_P4_CC1/55_0.hdf5	55_0	None	None	Undefined	0	[  9.         809.09735107 315.85803223   0.87854201]	[  9.         809.09735107 315.85803223   0.87854201]					0.hdf5	55
1111	/data/1_users/pezoldt/man_annotation/stripy/v1/NG039/NG039_P4_CC1/56_0.hdf5	56_0	None	None	Undefined	0		[5.00000000e+00 1.01500488e+03 2.85087280e+02 8.60507727e-01]	[5.00000000e+00 1.01500488e+03 2.85087280e+02 8.60507727e-01]	[8.00000000e+00 9.69841492e+02 3.48866089e+02 8.22219014e-01]			0.hdf5	56
1112	/data/1_users/pezoldt/man_annotation/stripy/v1/NG039/NG039_P4_CC1/56_1.hdf5	56_1	None	None	Undefined	0		[8.00000000e+00 9.69841492e+02 3.48866089e+02 8.22219014e-01]	[5.00000000e+00 1.01500488e+03 2.85087280e+02 8.60507727e-01]	[8.00000000e+00 9.69841492e+02 3.48866089e+02 8.22219014e-01]			1.hdf5	56
1113	/data/1_users/pezoldt/man_annotation/stripy/v1/NG039/NG039_P4_CC1/57_0.hdf5	57_0	None	None	Undefined	0	[4.00000000e+00 1.15729919e+03 3.38210144e+02 8.86657000e-01]	[4.00000000e+00 1.15729919e+03 3.38210144e+02 8.86657000e-01]					0.hdf5	57
1114	/data/1_users/pezoldt/man_annotation/stripy/v1/NG039/NG039_P4_CC1/58_0.hdf5	58_0	None	None	Undefined	0	[  5.         702.36694336 284.29397583   0.81953657]	[  5.         702.36694336 284.29397583   0.81953657]					0.hdf5	58
1115	/data/1_users/pezoldt/man_annotation/stripy/v1/NG039/NG039_P4_CC1/59_0.hdf5	59_0	None	None	Undefined	0	[6.00000000e+00 1.20816064e+03 3.48075134e+02 8.24830413e-01]	[6.00000000e+00 1.20816064e+03 3.48075134e+02 8.24830413e-01]					0.hdf5	59
1047	/data/1_users/pezoldt/man_annotation/stripy/v1/NG039/NG039_P4_CC1/5_0.hdf5	5_0	None	None	normi_circle	0	[  6.         377.50256348 327.53796387   0.8724938 ]	[  6.         377.50256348 327.53796387   0.8724938 ]					0.hdf5	5
1116	/data/1_users/pezoldt/man_annotation/stripy/v1/NG039/NG039_P4_CC1/60_0.hdf5	60_0	None	None	normi_circle	0	[1.10000000e+01 9.46577148e+02 2.10949585e+02 8.70721459e-01]	[1.10000000e+01 9.46577148e+02 2.10949585e+02 8.70721459e-01]					0.hdf5	60
1117	/data/1_users/pezoldt/man_annotation/stripy/v1/NG039/NG039_P4_CC1/61_0.hdf5	61_0	None	None	Undefined	0	[7.00000000e+00 1.15711475e+03 3.26761292e+02 8.76548529e-01]	[7.00000000e+00 1.15711475e+03 3.26761292e+02 8.76548529e-01]					0.hdf5	61
1118	/data/1_users/pezoldt/man_annotation/stripy/v1/NG039/NG039_P4_CC1/62_0.hdf5	62_0	None	None	Undefined	0	[3.00000000e+00 1.01012457e+03 3.37569611e+02 8.70389283e-01]	[3.00000000e+00 1.01012457e+03 3.37569611e+02 8.70389283e-01]					0.hdf5	62
1119	/data/1_users/pezoldt/man_annotation/stripy/v1/NG039/NG039_P4_CC1/63_0.hdf5	63_0	None	None	stripy_nucleus	0	[  6.         670.50671387 203.64007568   0.86072743]	[  6.         670.50671387 203.64007568   0.86072743]					0.hdf5	63
1120	/data/1_users/pezoldt/man_annotation/stripy/v1/NG039/NG039_P4_CC1/64_0.hdf5	64_0	None	None	Undefined	0	[  6.         812.06176758 329.85671997   0.86642563]	[  6.         812.06176758 329.85671997   0.86642563]					0.hdf5	64
1121	/data/1_users/pezoldt/man_annotation/stripy/v1/NG039/NG039_P4_CC1/65_0.hdf5	65_0	None	None	Undefined	0	[  5.         573.19525146 220.41143799   0.87323737]	[  5.         573.19525146 220.41143799   0.87323737]					0.hdf5	65
1122	/data/1_users/pezoldt/man_annotation/stripy/v1/NG039/NG039_P4_CC1/66_0.hdf5	66_0	None	None	Undefined	0	[3.00000000e+00 9.67510986e+02 2.95180573e+02 8.72572660e-01]	[3.00000000e+00 9.67510986e+02 2.95180573e+02 8.72572660e-01]					0.hdf5	66
1123	/data/1_users/pezoldt/man_annotation/stripy/v1/NG039/NG039_P4_CC1/67_0.hdf5	67_0	None	None	normi_circle	0	[  3.         385.81530762 277.30084229   0.86475652]	[  3.         385.81530762 277.30084229   0.86475652]					0.hdf5	67
1124	/data/1_users/pezoldt/man_annotation/stripy/v1/NG039/NG039_P4_CC1/68_0.hdf5	68_0	None	None	Undefined	0	[3.00000000e+00 9.05182190e+02 3.47363068e+02 8.51498544e-01]	[3.00000000e+00 9.05182190e+02 3.47363068e+02 8.51498544e-01]					0.hdf5	68
1125	/data/1_users/pezoldt/man_annotation/stripy/v1/NG039/NG039_P4_CC1/69_0.hdf5	69_0	None	None	normi_circle	0	[  4.         847.24243164 300.70651245   0.87113786]	[  4.         847.24243164 300.70651245   0.87113786]					0.hdf5	69
1048	/data/1_users/pezoldt/man_annotation/stripy/v1/NG039/NG039_P4_CC1/6_0.hdf5	6_0	None	None	Undefined	0	[  9.         824.34295654 144.09594345   0.88785559]	[  9.         824.34295654 144.09594345   0.88785559]					0.hdf5	6
1126	/data/1_users/pezoldt/man_annotation/stripy/v1/NG039/NG039_P4_CC1/70_0.hdf5	70_0	None	None	Undefined	0	[  9.         841.33398438 282.17461395   0.87331611]	[  9.         841.33398438 282.17461395   0.87331611]					0.hdf5	70
1127	/data/1_users/pezoldt/man_annotation/stripy/v1/NG039/NG039_P4_CC1/71_0.hdf5	71_0	None	None	Undefined	0	[  4.         763.47058105 164.74450684   0.87905067]	[  4.         763.47058105 164.74450684   0.87905067]					0.hdf5	71
1128	/data/1_users/pezoldt/man_annotation/stripy/v1/NG039/NG039_P4_CC1/72_0.hdf5	72_0	None	None	normi_circle	0	[  3.         801.55383301 271.79602051   0.86492348]	[  3.         801.55383301 271.79602051   0.86492348]					0.hdf5	72
1129	/data/1_users/pezoldt/man_annotation/stripy/v1/NG039/NG039_P4_CC1/73_0.hdf5	73_0	None	None	Undefined	0	[1.00000000e+01 1.35848425e+03 1.84804047e+02 8.97677839e-01]	[1.00000000e+01 1.35848425e+03 1.84804047e+02 8.97677839e-01]					0.hdf5	73
1130	/data/1_users/pezoldt/man_annotation/stripy/v1/NG039/NG039_P4_CC1/74_0.hdf5	74_0	None	None	Undefined	0	[  5.         767.75628662 142.88793945   0.87868619]	[  5.         767.75628662 142.88793945   0.87868619]					0.hdf5	74
1131	/data/1_users/pezoldt/man_annotation/stripy/v1/NG039/NG039_P4_CC1/75_0.hdf5	75_0	None	None	Undefined	0	[9.00000000e+00 1.21065186e+03 1.85564301e+02 8.83475602e-01]	[9.00000000e+00 1.21065186e+03 1.85564301e+02 8.83475602e-01]					0.hdf5	75
1132	/data/1_users/pezoldt/man_annotation/stripy/v1/NG039/NG039_P4_CC1/76_0.hdf5	76_0	None	None	Undefined	0	[9.00000000e+00 9.48141907e+02 2.86434296e+02 8.71626556e-01]	[9.00000000e+00 9.48141907e+02 2.86434296e+02 8.71626556e-01]					0.hdf5	76
1133	/data/1_users/pezoldt/man_annotation/stripy/v1/NG039/NG039_P4_CC1/77_0.hdf5	77_0	None	None	Undefined	0	[  5.         729.36755371 318.7862854    0.87654763]	[  5.         729.36755371 318.7862854    0.87654763]					0.hdf5	77
1134	/data/1_users/pezoldt/man_annotation/stripy/v1/NG039/NG039_P4_CC1/78_0.hdf5	78_0	None	None	Undefined	0	[  3.         768.75292969 255.9783783    0.88589942]	[  3.         768.75292969 255.9783783    0.88589942]					0.hdf5	78
1135	/data/1_users/pezoldt/man_annotation/stripy/v1/NG039/NG039_P4_CC1/79_0.hdf5	79_0	None	None	Undefined	0	[4.00000000e+00 1.10818652e+03 3.60914978e+02 8.76468956e-01]	[4.00000000e+00 1.10818652e+03 3.60914978e+02 8.76468956e-01]					0.hdf5	79
1049	/data/1_users/pezoldt/man_annotation/stripy/v1/NG039/NG039_P4_CC1/7_0.hdf5	7_0	None	None	Undefined	0		[0.00000000e+00 1.49183594e+03 3.26593323e+02 8.19018841e-01]	[0.00000000e+00 1.49183594e+03 3.26593323e+02 8.19018841e-01]	[1.10000000e+01 1.20440405e+03 3.17889343e+02 8.69928539e-01]			0.hdf5	7
1050	/data/1_users/pezoldt/man_annotation/stripy/v1/NG039/NG039_P4_CC1/7_1.hdf5	7_1	None	None	Undefined	0		[1.10000000e+01 1.20440405e+03 3.17889343e+02 8.69928539e-01]	[0.00000000e+00 1.49183594e+03 3.26593323e+02 8.19018841e-01]	[1.10000000e+01 1.20440405e+03 3.17889343e+02 8.69928539e-01]			1.hdf5	7
1136	/data/1_users/pezoldt/man_annotation/stripy/v1/NG039/NG039_P4_CC1/80_0.hdf5	80_0	None	None	Undefined	0	[  7.         585.18273926 167.08612061   0.86973041]	[  7.         585.18273926 167.08612061   0.86973041]					0.hdf5	80
1137	/data/1_users/pezoldt/man_annotation/stripy/v1/NG039/NG039_P4_CC1/81_0.hdf5	81_0	None	None	stripy_nucleus	0	[4.00000000e+00 9.70837280e+02 1.99149216e+02 8.79113495e-01]	[4.00000000e+00 9.70837280e+02 1.99149216e+02 8.79113495e-01]					0.hdf5	81
1138	/data/1_users/pezoldt/man_annotation/stripy/v1/NG039/NG039_P4_CC1/82_0.hdf5	82_0	None	None	Undefined	0	[9.00000000e+00 1.13233008e+03 3.31550323e+02 8.64499331e-01]	[9.00000000e+00 1.13233008e+03 3.31550323e+02 8.64499331e-01]					0.hdf5	82
1139	/data/1_users/pezoldt/man_annotation/stripy/v1/NG039/NG039_P4_CC1/83_0.hdf5	83_0	None	None	Undefined	0	[  3.         727.30603027 163.72153091   0.88108909]	[  3.         727.30603027 163.72153091   0.88108909]					0.hdf5	83
1140	/data/1_users/pezoldt/man_annotation/stripy/v1/NG039/NG039_P4_CC1/84_0.hdf5	84_0	None	None	normi_circle	0	[4.00000000e+00 1.03228445e+03 3.17556763e+02 8.81353796e-01]	[4.00000000e+00 1.03228445e+03 3.17556763e+02 8.81353796e-01]					0.hdf5	84
1141	/data/1_users/pezoldt/man_annotation/stripy/v1/NG039/NG039_P4_CC1/85_0.hdf5	85_0	None	None	Undefined	0	[ 10.         817.31188965 241.22384644   0.87646812]	[ 10.         817.31188965 241.22384644   0.87646812]					0.hdf5	85
1142	/data/1_users/pezoldt/man_annotation/stripy/v1/NG039/NG039_P4_CC1/86_0.hdf5	86_0	None	None	Undefined	0	[  5.         474.5168457  262.26046753   0.8700527 ]	[  5.         474.5168457  262.26046753   0.8700527 ]					0.hdf5	86
1143	/data/1_users/pezoldt/man_annotation/stripy/v1/NG039/NG039_P4_CC1/87_0.hdf5	87_0	None	None	Undefined	0	[  9.         709.6907959  305.74911499   0.87222242]	[  9.         709.6907959  305.74911499   0.87222242]					0.hdf5	87
1144	/data/1_users/pezoldt/man_annotation/stripy/v1/NG039/NG039_P4_CC1/88_0.hdf5	88_0	None	None	Undefined	0	[1.00000000e+01 1.05636157e+03 1.84582001e+02 8.70938063e-01]	[1.00000000e+01 1.05636157e+03 1.84582001e+02 8.70938063e-01]					0.hdf5	88
1145	/data/1_users/pezoldt/man_annotation/stripy/v1/NG039/NG039_P4_CC1/89_0.hdf5	89_0	None	None	Undefined	0	[3.00000000e+00 1.04919064e+03 3.44156433e+02 8.46092522e-01]	[3.00000000e+00 1.04919064e+03 3.44156433e+02 8.46092522e-01]					0.hdf5	89
1051	/data/1_users/pezoldt/man_annotation/stripy/v1/NG039/NG039_P4_CC1/8_0.hdf5	8_0	None	None	Undefined	0	[  5.         762.07324219 320.27542114   0.87580407]	[  5.         762.07324219 320.27542114   0.87580407]					0.hdf5	8
1146	/data/1_users/pezoldt/man_annotation/stripy/v1/NG039/NG039_P4_CC1/90_0.hdf5	90_0	None	None	Undefined	0	[8.00000000e+00 1.08729492e+03 3.59827271e+02 8.87196720e-01]	[8.00000000e+00 1.08729492e+03 3.59827271e+02 8.87196720e-01]					0.hdf5	90
1147	/data/1_users/pezoldt/man_annotation/stripy/v1/NG039/NG039_P4_CC1/91_0.hdf5	91_0	None	None	normi_circle	0	[  3.         553.43664551 309.19769287   0.87137556]	[  3.         553.43664551 309.19769287   0.87137556]					0.hdf5	91
1148	/data/1_users/pezoldt/man_annotation/stripy/v1/NG039/NG039_P4_CC1/92_0.hdf5	92_0	None	None	stripy_center	0	[1.00000000e+01 1.25263000e+03 2.67818848e+02 8.88790369e-01]	[1.00000000e+01 1.25263000e+03 2.67818848e+02 8.88790369e-01]					0.hdf5	92
1149	/data/1_users/pezoldt/man_annotation/stripy/v1/NG039/NG039_P4_CC1/93_0.hdf5	93_0	None	None	Undefined	0		[  5.         849.0402832  242.15756226   0.86151487]	[  5.         849.0402832  242.15756226   0.86151487]	[  7.         814.17285156 206.28440857   0.88224345]			0.hdf5	93
1150	/data/1_users/pezoldt/man_annotation/stripy/v1/NG039/NG039_P4_CC1/93_1.hdf5	93_1	None	None	Undefined	0		[  7.         814.17285156 206.28440857   0.88224345]	[  5.         849.0402832  242.15756226   0.86151487]	[  7.         814.17285156 206.28440857   0.88224345]			1.hdf5	93
1151	/data/1_users/pezoldt/man_annotation/stripy/v1/NG039/NG039_P4_CC1/94_0.hdf5	94_0	None	None	Undefined	0	[6.00000000e+00 9.88383118e+02 2.57820930e+02 8.74038398e-01]	[6.00000000e+00 9.88383118e+02 2.57820930e+02 8.74038398e-01]					0.hdf5	94
1152	/data/1_users/pezoldt/man_annotation/stripy/v1/NG039/NG039_P4_CC1/95_0.hdf5	95_0	None	None	Undefined	0	[  4.         587.7255249  297.52935791   0.87539506]	[  4.         587.7255249  297.52935791   0.87539506]					0.hdf5	95
1052	/data/1_users/pezoldt/man_annotation/stripy/v1/NG039/NG039_P4_CC1/9_0.hdf5	9_0	None	None	normi_circle	0	[  5.         808.73266602 323.54626465   0.86821145]	[  5.         808.73266602 323.54626465   0.86821145]					0.hdf5	9
1153	/data/1_users/pezoldt/man_annotation/stripy/v1/NG039/NG039_P4_CC3/0_0.hdf5	0_0	None	None	Undefined	0	[6.00000000e+00 1.08863818e+03 1.83604706e+02 8.75549197e-01]	[6.00000000e+00 1.08863818e+03 1.83604706e+02 8.75549197e-01]					0.hdf5	0
1167	/data/1_users/pezoldt/man_annotation/stripy/v1/NG039/NG039_P4_CC3/10_0.hdf5	10_0	None	None	Undefined	0	[1.30000000e+01 1.43450732e+03 2.81040802e+02 8.62014234e-01]	[1.30000000e+01 1.43450732e+03 2.81040802e+02 8.62014234e-01]					0.hdf5	10
1168	/data/1_users/pezoldt/man_annotation/stripy/v1/NG039/NG039_P4_CC3/11_0.hdf5	11_0	None	None	Undefined	0	[8.00000000e+00 1.34734937e+03 3.25811646e+02 8.58362436e-01]	[8.00000000e+00 1.34734937e+03 3.25811646e+02 8.58362436e-01]					0.hdf5	11
1169	/data/1_users/pezoldt/man_annotation/stripy/v1/NG039/NG039_P4_CC3/12_0.hdf5	12_0	None	None	Undefined	0	[1.30000000e+01 1.58284180e+03 3.28671997e+02 8.63108516e-01]	[1.30000000e+01 1.58284180e+03 3.28671997e+02 8.63108516e-01]					0.hdf5	12
1170	/data/1_users/pezoldt/man_annotation/stripy/v1/NG039/NG039_P4_CC3/13_0.hdf5	13_0	None	None	normi_circle	0	[8.00000000e+00 1.43574207e+03 3.18552704e+02 8.61769378e-01]	[8.00000000e+00 1.43574207e+03 3.18552704e+02 8.61769378e-01]					0.hdf5	13
1171	/data/1_users/pezoldt/man_annotation/stripy/v1/NG039/NG039_P4_CC3/14_0.hdf5	14_0	None	None	normi_circle	0	[8.00000000e+00 1.29870972e+03 1.67849827e+02 8.75107586e-01]	[8.00000000e+00 1.29870972e+03 1.67849827e+02 8.75107586e-01]					0.hdf5	14
1172	/data/1_users/pezoldt/man_annotation/stripy/v1/NG039/NG039_P4_CC3/15_0.hdf5	15_0	None	None	normi_circle	0	[8.00000000e+00 1.36868726e+03 3.43500977e+02 8.57928514e-01]	[8.00000000e+00 1.36868726e+03 3.43500977e+02 8.57928514e-01]					0.hdf5	15
1173	/data/1_users/pezoldt/man_annotation/stripy/v1/NG039/NG039_P4_CC3/16_0.hdf5	16_0	None	None	stripy_nucleus	0	[1.30000000e+01 1.12198120e+03 2.11315735e+02 8.66739810e-01]	[1.30000000e+01 1.12198120e+03 2.11315735e+02 8.66739810e-01]					0.hdf5	16
1174	/data/1_users/pezoldt/man_annotation/stripy/v1/NG039/NG039_P4_CC3/17_0.hdf5	17_0	None	None	Undefined	0	[1.30000000e+01 1.54145166e+03 3.53338959e+02 8.53096485e-01]	[1.30000000e+01 1.54145166e+03 3.53338959e+02 8.53096485e-01]					0.hdf5	17
1175	/data/1_users/pezoldt/man_annotation/stripy/v1/NG039/NG039_P4_CC3/18_0.hdf5	18_0	None	None	stripy_center	0	[8.00000000e+00 1.47049512e+03 3.10435425e+02 8.65688026e-01]	[8.00000000e+00 1.47049512e+03 3.10435425e+02 8.65688026e-01]					0.hdf5	18
1176	/data/1_users/pezoldt/man_annotation/stripy/v1/NG039/NG039_P4_CC3/19_0.hdf5	19_0	None	None	Undefined	0	[1.40000000e+01 1.74535010e+03 3.33989258e+02 8.61781597e-01]	[1.40000000e+01 1.74535010e+03 3.33989258e+02 8.61781597e-01]					0.hdf5	19
1154	/data/1_users/pezoldt/man_annotation/stripy/v1/NG039/NG039_P4_CC3/1_0.hdf5	1_0	None	None	Undefined	0	[7.00000000e+00 1.16902271e+03 3.39738525e+02 8.87084484e-01]	[7.00000000e+00 1.16902271e+03 3.39738525e+02 8.87084484e-01]					0.hdf5	1
1177	/data/1_users/pezoldt/man_annotation/stripy/v1/NG039/NG039_P4_CC3/20_0.hdf5	20_0	None	None	Undefined	0	[8.00000000e+00 1.43598730e+03 3.44620453e+02 8.56880903e-01]	[8.00000000e+00 1.43598730e+03 3.44620453e+02 8.56880903e-01]					0.hdf5	20
1178	/data/1_users/pezoldt/man_annotation/stripy/v1/NG039/NG039_P4_CC3/21_0.hdf5	21_0	None	None	normi_circle	0	[1.20000000e+01 1.02173914e+03 3.37732788e+02 8.69996071e-01]	[1.20000000e+01 1.02173914e+03 3.37732788e+02 8.69996071e-01]					0.hdf5	21
1179	/data/1_users/pezoldt/man_annotation/stripy/v1/NG039/NG039_P4_CC3/22_0.hdf5	22_0	None	None	Undefined	0	[1.20000000e+01 9.85583557e+02 3.28753479e+02 8.69285285e-01]	[1.20000000e+01 9.85583557e+02 3.28753479e+02 8.69285285e-01]					0.hdf5	22
1180	/data/1_users/pezoldt/man_annotation/stripy/v1/NG039/NG039_P4_CC3/23_0.hdf5	23_0	None	None	normi_circle	0	[7.00000000e+00 1.29258716e+03 2.84607361e+02 8.70834529e-01]	[7.00000000e+00 1.29258716e+03 2.84607361e+02 8.70834529e-01]					0.hdf5	23
1181	/data/1_users/pezoldt/man_annotation/stripy/v1/NG039/NG039_P4_CC3/24_0.hdf5	24_0	None	None	Undefined	0	[8.00000000e+00 1.15147314e+03 3.19750549e+02 8.80387008e-01]	[8.00000000e+00 1.15147314e+03 3.19750549e+02 8.80387008e-01]					0.hdf5	24
1182	/data/1_users/pezoldt/man_annotation/stripy/v1/NG039/NG039_P4_CC3/25_0.hdf5	25_0	None	None	Undefined	0	[1.20000000e+01 1.37147852e+03 3.07229279e+02 8.25947225e-01]	[1.20000000e+01 1.37147852e+03 3.07229279e+02 8.25947225e-01]					0.hdf5	25
1183	/data/1_users/pezoldt/man_annotation/stripy/v1/NG039/NG039_P4_CC3/26_0.hdf5	26_0	None	None	Undefined	0	[1.30000000e+01 1.17423608e+03 3.16182434e+02 8.70548427e-01]	[1.30000000e+01 1.17423608e+03 3.16182434e+02 8.70548427e-01]					0.hdf5	26
1184	/data/1_users/pezoldt/man_annotation/stripy/v1/NG039/NG039_P4_CC3/27_0.hdf5	27_0	None	None	Undefined	0	[9.00000000e+00 1.17559961e+03 3.41115845e+02 8.76998127e-01]	[9.00000000e+00 1.17559961e+03 3.41115845e+02 8.76998127e-01]					0.hdf5	27
1185	/data/1_users/pezoldt/man_annotation/stripy/v1/NG039/NG039_P4_CC3/28_0.hdf5	28_0	None	None	Undefined	0	[1.30000000e+01 1.22431006e+03 1.81108337e+02 8.32585931e-01]	[1.30000000e+01 1.22431006e+03 1.81108337e+02 8.32585931e-01]					0.hdf5	28
1186	/data/1_users/pezoldt/man_annotation/stripy/v1/NG039/NG039_P4_CC3/29_0.hdf5	29_0	None	None	Undefined	0	[7.00000000e+00 1.44365039e+03 3.50572510e+02 8.64567757e-01]	[7.00000000e+00 1.44365039e+03 3.50572510e+02 8.64567757e-01]					0.hdf5	29
1155	/data/1_users/pezoldt/man_annotation/stripy/v1/NG039/NG039_P4_CC3/2_0.hdf5	2_0	None	None	Undefined	0		[1.00000000e+01 1.24050146e+03 1.55162292e+02 8.69492650e-01]	[1.00000000e+01 1.24050146e+03 1.55162292e+02 8.69492650e-01]	[1.60000000e+01 1.69446826e+03 1.83367981e+02 8.34440172e-01]			0.hdf5	2
1156	/data/1_users/pezoldt/man_annotation/stripy/v1/NG039/NG039_P4_CC3/2_1.hdf5	2_1	None	None	Undefined	0		[1.60000000e+01 1.69446826e+03 1.83367981e+02 8.34440172e-01]	[1.00000000e+01 1.24050146e+03 1.55162292e+02 8.69492650e-01]	[1.60000000e+01 1.69446826e+03 1.83367981e+02 8.34440172e-01]			1.hdf5	2
1187	/data/1_users/pezoldt/man_annotation/stripy/v1/NG039/NG039_P4_CC3/30_0.hdf5	30_0	None	None	normi_circle	0	[9.00000000e+00 1.33676392e+03 3.46259033e+02 8.64728928e-01]	[9.00000000e+00 1.33676392e+03 3.46259033e+02 8.64728928e-01]					0.hdf5	30
1188	/data/1_users/pezoldt/man_annotation/stripy/v1/NG039/NG039_P4_CC3/31_0.hdf5	31_0	None	None	stripy_nucleus	0	[1.40000000e+01 1.49832275e+03 1.84739502e+02 8.54031742e-01]	[1.40000000e+01 1.49832275e+03 1.84739502e+02 8.54031742e-01]					0.hdf5	31
1189	/data/1_users/pezoldt/man_annotation/stripy/v1/NG039/NG039_P4_CC3/32_0.hdf5	32_0	None	None	normi_circle	0	[1.40000000e+01 1.37523999e+03 2.43063736e+02 8.63899648e-01]	[1.40000000e+01 1.37523999e+03 2.43063736e+02 8.63899648e-01]					0.hdf5	32
1190	/data/1_users/pezoldt/man_annotation/stripy/v1/NG039/NG039_P4_CC3/33_0.hdf5	33_0	None	None	Undefined	0	[7.00000000e+00 1.43177905e+03 3.51904541e+02 8.67963791e-01]	[7.00000000e+00 1.43177905e+03 3.51904541e+02 8.67963791e-01]					0.hdf5	33
1191	/data/1_users/pezoldt/man_annotation/stripy/v1/NG039/NG039_P4_CC3/34_0.hdf5	34_0	None	None	Undefined	0	[9.00000000e+00 1.32019336e+03 3.48486816e+02 8.59359622e-01]	[9.00000000e+00 1.32019336e+03 3.48486816e+02 8.59359622e-01]					0.hdf5	34
1192	/data/1_users/pezoldt/man_annotation/stripy/v1/NG039/NG039_P4_CC3/35_0.hdf5	35_0	None	None	stripy_nucleus	0	[1.40000000e+01 1.55450342e+03 2.18565765e+02 8.81881535e-01]	[1.40000000e+01 1.55450342e+03 2.18565765e+02 8.81881535e-01]					0.hdf5	35
1193	/data/1_users/pezoldt/man_annotation/stripy/v1/NG039/NG039_P4_CC3/36_0.hdf5	36_0	None	None	Undefined	0	[8.00000000e+00 1.27629834e+03 1.44476742e+02 8.66081595e-01]	[8.00000000e+00 1.27629834e+03 1.44476742e+02 8.66081595e-01]					0.hdf5	36
1194	/data/1_users/pezoldt/man_annotation/stripy/v1/NG039/NG039_P4_CC3/37_0.hdf5	37_0	None	None	Undefined	0	[1.00000000e+01 1.61106616e+03 3.37226990e+02 8.81212831e-01]	[1.00000000e+01 1.61106616e+03 3.37226990e+02 8.81212831e-01]					0.hdf5	37
1195	/data/1_users/pezoldt/man_annotation/stripy/v1/NG039/NG039_P4_CC3/38_0.hdf5	38_0	None	None	normi_circle	0	[1.40000000e+01 1.30009167e+03 2.68521881e+02 8.63197029e-01]	[1.40000000e+01 1.30009167e+03 2.68521881e+02 8.63197029e-01]					0.hdf5	38
1196	/data/1_users/pezoldt/man_annotation/stripy/v1/NG039/NG039_P4_CC3/39_0.hdf5	39_0	None	None	normi_circle	0	[  8.         660.65789795 181.22909546   0.89163268]	[  8.         660.65789795 181.22909546   0.89163268]					0.hdf5	39
1157	/data/1_users/pezoldt/man_annotation/stripy/v1/NG039/NG039_P4_CC3/3_0.hdf5	3_0	None	None	Undefined	0		[1.00000000e+01 1.34972217e+03 2.96198456e+02 8.82150650e-01]	[1.00000000e+01 1.34972217e+03 2.96198456e+02 8.82150650e-01]	[1.60000000e+01 1.69486963e+03 1.85660217e+02 8.28029811e-01]			0.hdf5	3
1158	/data/1_users/pezoldt/man_annotation/stripy/v1/NG039/NG039_P4_CC3/3_1.hdf5	3_1	None	None	Undefined	0		[1.60000000e+01 1.69486963e+03 1.85660217e+02 8.28029811e-01]	[1.00000000e+01 1.34972217e+03 2.96198456e+02 8.82150650e-01]	[1.60000000e+01 1.69486963e+03 1.85660217e+02 8.28029811e-01]			1.hdf5	3
1197	/data/1_users/pezoldt/man_annotation/stripy/v1/NG039/NG039_P4_CC3/40_0.hdf5	40_0	None	None	Undefined	0	[  8.         824.87945557 277.46074677   0.87285239]	[  8.         824.87945557 277.46074677   0.87285239]					0.hdf5	40
1198	/data/1_users/pezoldt/man_annotation/stripy/v1/NG039/NG039_P4_CC3/41_0.hdf5	41_0	None	None	Undefined	0	[1.00000000e+01 1.13947095e+03 3.68530609e+02 8.62581074e-01]	[1.00000000e+01 1.13947095e+03 3.68530609e+02 8.62581074e-01]					0.hdf5	41
1199	/data/1_users/pezoldt/man_annotation/stripy/v1/NG039/NG039_P4_CC3/42_0.hdf5	42_0	None	None	Undefined	0	[1.10000000e+01 1.05497864e+03 3.24189819e+02 8.84108603e-01]	[1.10000000e+01 1.05497864e+03 3.24189819e+02 8.84108603e-01]					0.hdf5	42
1200	/data/1_users/pezoldt/man_annotation/stripy/v1/NG039/NG039_P4_CC3/43_0.hdf5	43_0	None	None	Undefined	0	[ 12.         776.14685059 284.16522217   0.86167318]	[ 12.         776.14685059 284.16522217   0.86167318]					0.hdf5	43
1201	/data/1_users/pezoldt/man_annotation/stripy/v1/NG039/NG039_P4_CC3/44_0.hdf5	44_0	None	None	Undefined	0	[8.00000000e+00 1.47162598e+03 3.46503296e+02 8.67159843e-01]	[8.00000000e+00 1.47162598e+03 3.46503296e+02 8.67159843e-01]					0.hdf5	44
1202	/data/1_users/pezoldt/man_annotation/stripy/v1/NG039/NG039_P4_CC3/45_0.hdf5	45_0	None	None	Undefined	0	[1.40000000e+01 1.69959839e+03 3.22692810e+02 8.73166382e-01]	[1.40000000e+01 1.69959839e+03 3.22692810e+02 8.73166382e-01]					0.hdf5	45
1203	/data/1_users/pezoldt/man_annotation/stripy/v1/NG039/NG039_P4_CC3/46_0.hdf5	46_0	None	None	stripy_nucleus	0	[1.30000000e+01 1.48777466e+03 3.05397224e+02 8.73123467e-01]	[1.30000000e+01 1.48777466e+03 3.05397224e+02 8.73123467e-01]					0.hdf5	46
1204	/data/1_users/pezoldt/man_annotation/stripy/v1/NG039/NG039_P4_CC3/47_0.hdf5	47_0	None	None	stripy_center	0	[1.00000000e+01 1.39268018e+03 3.66633209e+02 8.74444783e-01]	[1.00000000e+01 1.39268018e+03 3.66633209e+02 8.74444783e-01]					0.hdf5	47
1205	/data/1_users/pezoldt/man_annotation/stripy/v1/NG039/NG039_P4_CC3/49_0.hdf5	49_0	None	None	Undefined	0	[1.40000000e+01 1.50310571e+03 3.06355164e+02 8.53198111e-01]	[1.40000000e+01 1.50310571e+03 3.06355164e+02 8.53198111e-01]					0.hdf5	49
1159	/data/1_users/pezoldt/man_annotation/stripy/v1/NG039/NG039_P4_CC3/4_0.hdf5	4_0	None	None	Undefined	0		[8.00000000e+00 1.08953760e+03 2.94733757e+02 8.60181630e-01]	[8.00000000e+00 1.08953760e+03 2.94733757e+02 8.60181630e-01]	[1.60000000e+01 1.69573267e+03 1.87266479e+02 8.25779855e-01]			0.hdf5	4
1160	/data/1_users/pezoldt/man_annotation/stripy/v1/NG039/NG039_P4_CC3/4_1.hdf5	4_1	None	None	Undefined	0		[1.60000000e+01 1.69573267e+03 1.87266479e+02 8.25779855e-01]	[8.00000000e+00 1.08953760e+03 2.94733757e+02 8.60181630e-01]	[1.60000000e+01 1.69573267e+03 1.87266479e+02 8.25779855e-01]			1.hdf5	4
1206	/data/1_users/pezoldt/man_annotation/stripy/v1/NG039/NG039_P4_CC3/50_0.hdf5	50_0	None	None	Undefined	0	[1.50000000e+01 1.74173877e+03 3.21499512e+02 8.73047769e-01]	[1.50000000e+01 1.74173877e+03 3.21499512e+02 8.73047769e-01]					0.hdf5	50
1207	/data/1_users/pezoldt/man_annotation/stripy/v1/NG039/NG039_P4_CC3/51_0.hdf5	51_0	None	None	Undefined	0	[8.00000000e+00 1.39632031e+03 3.12440735e+02 8.72959018e-01]	[8.00000000e+00 1.39632031e+03 3.12440735e+02 8.72959018e-01]					0.hdf5	51
1208	/data/1_users/pezoldt/man_annotation/stripy/v1/NG039/NG039_P4_CC3/52_0.hdf5	52_0	None	None	Undefined	0	[7.00000000e+00 1.29022363e+03 3.47500366e+02 8.68860483e-01]	[7.00000000e+00 1.29022363e+03 3.47500366e+02 8.68860483e-01]					0.hdf5	52
1209	/data/1_users/pezoldt/man_annotation/stripy/v1/NG039/NG039_P4_CC3/53_0.hdf5	53_0	None	None	Undefined	0		[7.00000000e+00 1.29637036e+03 3.00125153e+02 8.54848444e-01]	[7.00000000e+00 1.29637036e+03 3.00125153e+02 8.54848444e-01]	[9.00000000e+00 2.02104773e+03 3.50113800e+02 8.41630876e-01]			0.hdf5	53
1210	/data/1_users/pezoldt/man_annotation/stripy/v1/NG039/NG039_P4_CC3/53_1.hdf5	53_1	None	None	Undefined	0		[9.00000000e+00 2.02104773e+03 3.50113800e+02 8.41630876e-01]	[7.00000000e+00 1.29637036e+03 3.00125153e+02 8.54848444e-01]	[9.00000000e+00 2.02104773e+03 3.50113800e+02 8.41630876e-01]			1.hdf5	53
1211	/data/1_users/pezoldt/man_annotation/stripy/v1/NG039/NG039_P4_CC3/54_0.hdf5	54_0	None	None	Undefined	0	[ 10.         812.72839355 317.26773071   0.86910695]	[ 10.         812.72839355 317.26773071   0.86910695]					0.hdf5	54
1212	/data/1_users/pezoldt/man_annotation/stripy/v1/NG039/NG039_P4_CC3/55_0.hdf5	55_0	None	None	Undefined	0	[1.00000000e+01 1.49444678e+03 3.01102112e+02 8.84414613e-01]	[1.00000000e+01 1.49444678e+03 3.01102112e+02 8.84414613e-01]					0.hdf5	55
1213	/data/1_users/pezoldt/man_annotation/stripy/v1/NG039/NG039_P4_CC3/56_0.hdf5	56_0	None	None	stripy_center	0	[1.40000000e+01 1.62784949e+03 3.19893494e+02 8.76711488e-01]	[1.40000000e+01 1.62784949e+03 3.19893494e+02 8.76711488e-01]					0.hdf5	56
1214	/data/1_users/pezoldt/man_annotation/stripy/v1/NG039/NG039_P4_CC3/57_0.hdf5	57_0	None	None	normi_circle	0	[1.20000000e+01 1.34215344e+03 1.99109070e+02 8.61114562e-01]	[1.20000000e+01 1.34215344e+03 1.99109070e+02 8.61114562e-01]					0.hdf5	57
1215	/data/1_users/pezoldt/man_annotation/stripy/v1/NG039/NG039_P4_CC3/58_0.hdf5	58_0	None	None	stripy_nucleus	0	[1.20000000e+01 1.49701978e+03 1.48160828e+02 8.31782639e-01]	[1.20000000e+01 1.49701978e+03 1.48160828e+02 8.31782639e-01]					0.hdf5	58
1216	/data/1_users/pezoldt/man_annotation/stripy/v1/NG039/NG039_P4_CC3/59_0.hdf5	59_0	None	None	Undefined	0	[1.10000000e+01 1.34866089e+03 3.33274963e+02 8.95551622e-01]	[1.10000000e+01 1.34866089e+03 3.33274963e+02 8.95551622e-01]					0.hdf5	59
1161	/data/1_users/pezoldt/man_annotation/stripy/v1/NG039/NG039_P4_CC3/5_0.hdf5	5_0	None	None	Undefined	0	[8.00000000e+00 1.31317944e+03 2.83496918e+02 8.73921931e-01]	[8.00000000e+00 1.31317944e+03 2.83496918e+02 8.73921931e-01]					0.hdf5	5
1217	/data/1_users/pezoldt/man_annotation/stripy/v1/NG039/NG039_P4_CC3/60_0.hdf5	60_0	None	None	normi_circle	0	[1.40000000e+01 1.38065674e+03 2.29935333e+02 8.69926095e-01]	[1.40000000e+01 1.38065674e+03 2.29935333e+02 8.69926095e-01]					0.hdf5	60
1218	/data/1_users/pezoldt/man_annotation/stripy/v1/NG039/NG039_P4_CC3/61_0.hdf5	61_0	None	None	normi_circle	0	[1.20000000e+01 1.46198596e+03 3.47969727e+02 8.72000754e-01]	[1.20000000e+01 1.46198596e+03 3.47969727e+02 8.72000754e-01]					0.hdf5	61
1219	/data/1_users/pezoldt/man_annotation/stripy/v1/NG039/NG039_P4_CC3/62_0.hdf5	62_0	None	None	Undefined	0	[1.40000000e+01 1.73024976e+03 1.76982040e+02 8.94284606e-01]	[1.40000000e+01 1.73024976e+03 1.76982040e+02 8.94284606e-01]					0.hdf5	62
1220	/data/1_users/pezoldt/man_annotation/stripy/v1/NG039/NG039_P4_CC3/63_0.hdf5	63_0	None	None	normi_circle	0	[1.20000000e+01 1.57837256e+03 3.59258179e+02 8.48582864e-01]	[1.20000000e+01 1.57837256e+03 3.59258179e+02 8.48582864e-01]					0.hdf5	63
1221	/data/1_users/pezoldt/man_annotation/stripy/v1/NG039/NG039_P4_CC3/64_0.hdf5	64_0	None	None	stripy_nucleus	0	[9.00000000e+00 1.49838647e+03 3.60970581e+02 8.89114738e-01]	[9.00000000e+00 1.49838647e+03 3.60970581e+02 8.89114738e-01]					0.hdf5	64
1222	/data/1_users/pezoldt/man_annotation/stripy/v1/NG039/NG039_P4_CC3/65_0.hdf5	65_0	None	None	normi_circle	0	[9.00000000e+00 9.85300049e+02 3.66409637e+02 8.67815256e-01]	[9.00000000e+00 9.85300049e+02 3.66409637e+02 8.67815256e-01]					0.hdf5	65
1223	/data/1_users/pezoldt/man_annotation/stripy/v1/NG039/NG039_P4_CC3/67_0.hdf5	67_0	None	None	stripy_center	0	[7.00000000e+00 1.18786450e+03 3.47695496e+02 8.66473556e-01]	[7.00000000e+00 1.18786450e+03 3.47695496e+02 8.66473556e-01]					0.hdf5	67
1224	/data/1_users/pezoldt/man_annotation/stripy/v1/NG039/NG039_P4_CC3/68_0.hdf5	68_0	None	None	Undefined	0	[7.00000000e+00 1.40868677e+03 3.37602234e+02 8.70996594e-01]	[7.00000000e+00 1.40868677e+03 3.37602234e+02 8.70996594e-01]					0.hdf5	68
1225	/data/1_users/pezoldt/man_annotation/stripy/v1/NG039/NG039_P4_CC3/69_0.hdf5	69_0	None	None	Undefined	0	[1.20000000e+01 1.33100122e+03 3.07159912e+02 8.47987771e-01]	[1.20000000e+01 1.33100122e+03 3.07159912e+02 8.47987771e-01]					0.hdf5	69
1162	/data/1_users/pezoldt/man_annotation/stripy/v1/NG039/NG039_P4_CC3/6_0.hdf5	6_0	None	None	Undefined	0	[8.00000000e+00 1.39339502e+03 3.39403076e+02 8.56134415e-01]	[8.00000000e+00 1.39339502e+03 3.39403076e+02 8.56134415e-01]					0.hdf5	6
1226	/data/1_users/pezoldt/man_annotation/stripy/v1/NG039/NG039_P4_CC3/70_0.hdf5	70_0	None	None	stripy_nucleus	0	[1.10000000e+01 1.49793652e+03 3.74771545e+02 8.68420422e-01]	[1.10000000e+01 1.49793652e+03 3.74771545e+02 8.68420422e-01]					0.hdf5	70
1227	/data/1_users/pezoldt/man_annotation/stripy/v1/NG039/NG039_P4_CC3/71_0.hdf5	71_0	None	None	Undefined	0	[1.30000000e+01 1.61365942e+03 2.63473885e+02 8.53997052e-01]	[1.30000000e+01 1.61365942e+03 2.63473885e+02 8.53997052e-01]					0.hdf5	71
1228	/data/1_users/pezoldt/man_annotation/stripy/v1/NG039/NG039_P4_CC3/72_0.hdf5	72_0	None	None	Undefined	0	[1.10000000e+01 1.47281055e+03 2.86712799e+02 8.81251931e-01]	[1.10000000e+01 1.47281055e+03 2.86712799e+02 8.81251931e-01]					0.hdf5	72
1229	/data/1_users/pezoldt/man_annotation/stripy/v1/NG039/NG039_P4_CC3/73_0.hdf5	73_0	None	None	Undefined	0	[  9.         792.79528809 380.92529297   0.87448788]	[  9.         792.79528809 380.92529297   0.87448788]					0.hdf5	73
1230	/data/1_users/pezoldt/man_annotation/stripy/v1/NG039/NG039_P4_CC3/74_0.hdf5	74_0	None	None	Undefined	0	[7.00000000e+00 9.48083618e+02 3.88901489e+02 8.71478677e-01]	[7.00000000e+00 9.48083618e+02 3.88901489e+02 8.71478677e-01]					0.hdf5	74
1231	/data/1_users/pezoldt/man_annotation/stripy/v1/NG039/NG039_P4_CC3/75_0.hdf5	75_0	None	None	normi_circle	0	[7.00000000e+00 1.17242017e+03 3.20499298e+02 8.68482947e-01]	[7.00000000e+00 1.17242017e+03 3.20499298e+02 8.68482947e-01]					0.hdf5	75
1232	/data/1_users/pezoldt/man_annotation/stripy/v1/NG039/NG039_P4_CC3/76_0.hdf5	76_0	None	None	Undefined	0	[7.00000000e+00 1.23240015e+03 3.06160736e+02 8.76735508e-01]	[7.00000000e+00 1.23240015e+03 3.06160736e+02 8.76735508e-01]					0.hdf5	76
1233	/data/1_users/pezoldt/man_annotation/stripy/v1/NG039/NG039_P4_CC3/77_0.hdf5	77_0	None	None	Undefined	0	[1.20000000e+01 1.45562195e+03 3.59258087e+02 8.57772827e-01]	[1.20000000e+01 1.45562195e+03 3.59258087e+02 8.57772827e-01]					0.hdf5	77
1234	/data/1_users/pezoldt/man_annotation/stripy/v1/NG039/NG039_P4_CC3/78_0.hdf5	78_0	None	None	Undefined	0	[5.00000000e+00 1.21673877e+03 1.79788879e+02 8.73939693e-01]	[5.00000000e+00 1.21673877e+03 1.79788879e+02 8.73939693e-01]					0.hdf5	78
1235	/data/1_users/pezoldt/man_annotation/stripy/v1/NG039/NG039_P4_CC3/79_0.hdf5	79_0	None	None	Undefined	0	[9.00000000e+00 1.46085559e+03 3.34257996e+02 8.85741234e-01]	[9.00000000e+00 1.46085559e+03 3.34257996e+02 8.85741234e-01]					0.hdf5	79
1163	/data/1_users/pezoldt/man_annotation/stripy/v1/NG039/NG039_P4_CC3/7_0.hdf5	7_0	None	None	stripy_nucleus	0		[ 12.         628.32287598 274.8246994    0.87403256]	[ 12.         628.32287598 274.8246994    0.87403256]	[1.60000000e+01 1.69815198e+03 1.89511383e+02 8.33519220e-01]			0.hdf5	7
1164	/data/1_users/pezoldt/man_annotation/stripy/v1/NG039/NG039_P4_CC3/7_1.hdf5	7_1	None	None	Undefined	0		[1.60000000e+01 1.69815198e+03 1.89511383e+02 8.33519220e-01]	[ 12.         628.32287598 274.8246994    0.87403256]	[1.60000000e+01 1.69815198e+03 1.89511383e+02 8.33519220e-01]			1.hdf5	7
1236	/data/1_users/pezoldt/man_annotation/stripy/v1/NG039/NG039_P4_CC3/80_0.hdf5	80_0	None	None	normi_circle	0	[8.00000000e+00 1.10260327e+03 2.78469147e+02 8.80463302e-01]	[8.00000000e+00 1.10260327e+03 2.78469147e+02 8.80463302e-01]					0.hdf5	80
1237	/data/1_users/pezoldt/man_annotation/stripy/v1/NG039/NG039_P4_CC3/81_0.hdf5	81_0	None	None	Undefined	0	[7.00000000e+00 9.52954895e+02 3.78243164e+02 8.63888264e-01]	[7.00000000e+00 9.52954895e+02 3.78243164e+02 8.63888264e-01]					0.hdf5	81
1238	/data/1_users/pezoldt/man_annotation/stripy/v1/NG039/NG039_P4_CC3/82_0.hdf5	82_0	None	None	normi_circle	0	[  7.         736.72363281 301.50015259   0.85386866]	[  7.         736.72363281 301.50015259   0.85386866]					0.hdf5	82
1239	/data/1_users/pezoldt/man_annotation/stripy/v1/NG039/NG039_P4_CC3/83_0.hdf5	83_0	None	None	Undefined	0	[  9.         124.1039505  323.15823364   0.88669556]	[  9.         124.1039505  323.15823364   0.88669556]					0.hdf5	83
1240	/data/1_users/pezoldt/man_annotation/stripy/v1/NG039/NG039_P4_CC3/84_0.hdf5	84_0	None	None	stripy_nucleus	0	[1.00000000e+01 1.24225439e+03 3.36085815e+02 8.61405253e-01]	[1.00000000e+01 1.24225439e+03 3.36085815e+02 8.61405253e-01]					0.hdf5	84
1241	/data/1_users/pezoldt/man_annotation/stripy/v1/NG039/NG039_P4_CC3/85_0.hdf5	85_0	None	None	Undefined	0	[1.20000000e+01 1.23936475e+03 2.57294487e+02 8.41995060e-01]	[1.20000000e+01 1.23936475e+03 2.57294487e+02 8.41995060e-01]					0.hdf5	85
1242	/data/1_users/pezoldt/man_annotation/stripy/v1/NG039/NG039_P4_CC3/86_0.hdf5	86_0	None	None	Undefined	0	[8.00000000e+00 9.75944946e+02 3.60542297e+02 8.62000167e-01]	[8.00000000e+00 9.75944946e+02 3.60542297e+02 8.62000167e-01]					0.hdf5	86
1243	/data/1_users/pezoldt/man_annotation/stripy/v1/NG039/NG039_P4_CC3/87_0.hdf5	87_0	None	None	stripy_nucleus	0	[8.00000000e+00 1.28269495e+03 3.00474129e+02 8.58116925e-01]	[8.00000000e+00 1.28269495e+03 3.00474129e+02 8.58116925e-01]					0.hdf5	87
1244	/data/1_users/pezoldt/man_annotation/stripy/v1/NG039/NG039_P4_CC3/88_0.hdf5	88_0	None	None	Undefined	0	[1.30000000e+01 1.38598608e+03 2.43713684e+02 8.73915732e-01]	[1.30000000e+01 1.38598608e+03 2.43713684e+02 8.73915732e-01]					0.hdf5	88
1245	/data/1_users/pezoldt/man_annotation/stripy/v1/NG039/NG039_P4_CC3/89_0.hdf5	89_0	None	None	Undefined	0		[1.00000000e+01 1.37679846e+03 2.20627014e+02 8.18904757e-01]	[1.00000000e+01 1.37679846e+03 2.20627014e+02 8.18904757e-01]	[1.10000000e+01 1.24638721e+03 1.41552963e+02 8.72010350e-01]			0.hdf5	89
1246	/data/1_users/pezoldt/man_annotation/stripy/v1/NG039/NG039_P4_CC3/89_1.hdf5	89_1	None	None	Undefined	0		[1.10000000e+01 1.24638721e+03 1.41552963e+02 8.72010350e-01]	[1.00000000e+01 1.37679846e+03 2.20627014e+02 8.18904757e-01]	[1.10000000e+01 1.24638721e+03 1.41552963e+02 8.72010350e-01]			1.hdf5	89
1165	/data/1_users/pezoldt/man_annotation/stripy/v1/NG039/NG039_P4_CC3/8_0.hdf5	8_0	None	None	Undefined	0		[ 10.         231.83221436 258.59106445   0.88166863]	[ 10.         231.83221436 258.59106445   0.88166863]	[1.60000000e+01 1.69851550e+03 1.88966263e+02 8.44225943e-01]			0.hdf5	8
1166	/data/1_users/pezoldt/man_annotation/stripy/v1/NG039/NG039_P4_CC3/8_1.hdf5	8_1	None	None	Undefined	0		[1.60000000e+01 1.69851550e+03 1.88966263e+02 8.44225943e-01]	[ 10.         231.83221436 258.59106445   0.88166863]	[1.60000000e+01 1.69851550e+03 1.88966263e+02 8.44225943e-01]			1.hdf5	8
1247	/data/1_users/pezoldt/man_annotation/stripy/v1/NG039/NG039_P4_CC3/90_0.hdf5	90_0	None	None	normi_circle	0	[1.30000000e+01 1.32881128e+03 2.40106766e+02 8.68459761e-01]	[1.30000000e+01 1.32881128e+03 2.40106766e+02 8.68459761e-01]					0.hdf5	90
1248	/data/1_users/pezoldt/man_annotation/stripy/v1/NG039/NG039_P4_CC3/91_0.hdf5	91_0	None	None	Undefined	0	[1.00000000e+01 9.10535950e+02 3.17216217e+02 8.75243366e-01]	[1.00000000e+01 9.10535950e+02 3.17216217e+02 8.75243366e-01]					0.hdf5	91
1249	/data/1_users/pezoldt/man_annotation/stripy/v1/NG039/NG039_P4_CC3/92_0.hdf5	92_0	None	None	Undefined	0	[  5.          35.75582123 269.76459503   0.88411921]	[  5.          35.75582123 269.76459503   0.88411921]					0.hdf5	92
1250	/data/1_users/pezoldt/man_annotation/stripy/v1/NG039/NG039_P4_CC3/93_0.hdf5	93_0	None	None	Undefined	0	[1.20000000e+01 1.44854175e+03 3.41371094e+02 8.42459440e-01]	[1.20000000e+01 1.44854175e+03 3.41371094e+02 8.42459440e-01]					0.hdf5	93
1251	/data/1_users/pezoldt/man_annotation/stripy/v1/NG039/NG039_P4_CC3/94_0.hdf5	94_0	None	None	stripy_center	0	[7.00000000e+00 1.07940393e+03 3.38922668e+02 8.77352178e-01]	[7.00000000e+00 1.07940393e+03 3.38922668e+02 8.77352178e-01]					0.hdf5	94
1252	/data/1_users/pezoldt/man_annotation/stripy/v1/NG039/NG039_P4_CC3/95_0.hdf5	95_0	None	None	Undefined	0	[7.00000000e+00 1.22858179e+03 3.37771912e+02 8.83798301e-01]	[7.00000000e+00 1.22858179e+03 3.37771912e+02 8.83798301e-01]					0.hdf5	95
1253	/data/1_users/pezoldt/man_annotation/stripy/v1/NG039/NG039_P4_CC4/0_0.hdf5	0_0	None	None	Undefined	0	[9.00000000e+00 1.71081714e+03 3.07261780e+02 8.67520750e-01]	[9.00000000e+00 1.71081714e+03 3.07261780e+02 8.67520750e-01]					0.hdf5	0
1263	/data/1_users/pezoldt/man_annotation/stripy/v1/NG039/NG039_P4_CC4/10_0.hdf5	10_0	None	None	Undefined	0	[9.00000000e+00 1.52288647e+03 3.13559784e+02 8.71319473e-01]	[9.00000000e+00 1.52288647e+03 3.13559784e+02 8.71319473e-01]					0.hdf5	10
1264	/data/1_users/pezoldt/man_annotation/stripy/v1/NG039/NG039_P4_CC4/11_0.hdf5	11_0	None	None	normi_circle	0	[7.00000000e+00 1.38971631e+03 1.84520477e+02 8.31155479e-01]	[7.00000000e+00 1.38971631e+03 1.84520477e+02 8.31155479e-01]					0.hdf5	11
1265	/data/1_users/pezoldt/man_annotation/stripy/v1/NG039/NG039_P4_CC4/12_0.hdf5	12_0	None	None	Undefined	0	[1.10000000e+01 1.35517749e+03 2.50289124e+02 8.59553337e-01]	[1.10000000e+01 1.35517749e+03 2.50289124e+02 8.59553337e-01]					0.hdf5	12
1266	/data/1_users/pezoldt/man_annotation/stripy/v1/NG039/NG039_P4_CC4/13_0.hdf5	13_0	None	None	stripy_nucleus	0	[8.00000000e+00 1.59798938e+03 3.05940491e+02 8.59488249e-01]	[8.00000000e+00 1.59798938e+03 3.05940491e+02 8.59488249e-01]					0.hdf5	13
1267	/data/1_users/pezoldt/man_annotation/stripy/v1/NG039/NG039_P4_CC4/14_0.hdf5	14_0	None	None	stripy_center	0	[1.20000000e+01 1.39761853e+03 9.00913162e+01 8.80344570e-01]	[1.20000000e+01 1.39761853e+03 9.00913162e+01 8.80344570e-01]					0.hdf5	14
1268	/data/1_users/pezoldt/man_annotation/stripy/v1/NG039/NG039_P4_CC4/15_0.hdf5	15_0	None	None	stripy_nucleus	0	[8.00000000e+00 1.58646179e+03 2.87743958e+02 8.66482377e-01]	[8.00000000e+00 1.58646179e+03 2.87743958e+02 8.66482377e-01]					0.hdf5	15
1269	/data/1_users/pezoldt/man_annotation/stripy/v1/NG039/NG039_P4_CC4/16_0.hdf5	16_0	None	None	Undefined	0	[1.50000000e+01 1.82689075e+03 2.68663033e+02 8.32090676e-01]	[1.50000000e+01 1.82689075e+03 2.68663033e+02 8.32090676e-01]					0.hdf5	16
1270	/data/1_users/pezoldt/man_annotation/stripy/v1/NG039/NG039_P4_CC4/17_0.hdf5	17_0	None	None	Undefined	0	[1.60000000e+01 1.86185449e+03 1.24948997e+02 8.79851043e-01]	[1.60000000e+01 1.86185449e+03 1.24948997e+02 8.79851043e-01]					0.hdf5	17
1271	/data/1_users/pezoldt/man_annotation/stripy/v1/NG039/NG039_P4_CC4/18_0.hdf5	18_0	None	None	Undefined	0	[1.00000000e+01 1.50548901e+03 3.05234894e+02 8.70029271e-01]	[1.00000000e+01 1.50548901e+03 3.05234894e+02 8.70029271e-01]					0.hdf5	18
1272	/data/1_users/pezoldt/man_annotation/stripy/v1/NG039/NG039_P4_CC4/19_0.hdf5	19_0	None	None	stripy_center	0	[1.10000000e+01 1.32386035e+03 2.71335632e+02 8.74180377e-01]	[1.10000000e+01 1.32386035e+03 2.71335632e+02 8.74180377e-01]					0.hdf5	19
1254	/data/1_users/pezoldt/man_annotation/stripy/v1/NG039/NG039_P4_CC4/1_0.hdf5	1_0	None	None	stripy_nucleus	0	[1.10000000e+01 1.34271484e+03 1.91547928e+02 8.82621884e-01]	[1.10000000e+01 1.34271484e+03 1.91547928e+02 8.82621884e-01]					0.hdf5	1
1273	/data/1_users/pezoldt/man_annotation/stripy/v1/NG039/NG039_P4_CC4/21_0.hdf5	21_0	None	None	Undefined	0	[1.10000000e+01 1.63385327e+03 1.34933350e+02 8.94786954e-01]	[1.10000000e+01 1.63385327e+03 1.34933350e+02 8.94786954e-01]					0.hdf5	21
1274	/data/1_users/pezoldt/man_annotation/stripy/v1/NG039/NG039_P4_CC4/22_0.hdf5	22_0	None	None	normi_circle	0	[1.10000000e+01 1.51298291e+03 2.45388336e+02 8.52802515e-01]	[1.10000000e+01 1.51298291e+03 2.45388336e+02 8.52802515e-01]					0.hdf5	22
1275	/data/1_users/pezoldt/man_annotation/stripy/v1/NG039/NG039_P4_CC4/23_0.hdf5	23_0	None	None	Undefined	0	[1.40000000e+01 1.43176074e+03 2.83679016e+02 8.69872093e-01]	[1.40000000e+01 1.43176074e+03 2.83679016e+02 8.69872093e-01]					0.hdf5	23
1276	/data/1_users/pezoldt/man_annotation/stripy/v1/NG039/NG039_P4_CC4/24_0.hdf5	24_0	None	None	normi_circle	0	[7.00000000e+00 1.29792505e+03 2.51657242e+02 8.69654298e-01]	[7.00000000e+00 1.29792505e+03 2.51657242e+02 8.69654298e-01]					0.hdf5	24
1277	/data/1_users/pezoldt/man_annotation/stripy/v1/NG039/NG039_P4_CC4/25_0.hdf5	25_0	None	None	Undefined	0	[8.00000000e+00 1.63730420e+03 3.25850281e+02 8.61205757e-01]	[8.00000000e+00 1.63730420e+03 3.25850281e+02 8.61205757e-01]					0.hdf5	25
1278	/data/1_users/pezoldt/man_annotation/stripy/v1/NG039/NG039_P4_CC4/26_0.hdf5	26_0	None	None	Undefined	0	[1.00000000e+01 1.29386218e+03 1.05303963e+02 8.81164610e-01]	[1.00000000e+01 1.29386218e+03 1.05303963e+02 8.81164610e-01]					0.hdf5	26
1279	/data/1_users/pezoldt/man_annotation/stripy/v1/NG039/NG039_P4_CC4/27_0.hdf5	27_0	None	None	stripy_center	0	[1.40000000e+01 1.61727490e+03 2.29751480e+02 8.81579936e-01]	[1.40000000e+01 1.61727490e+03 2.29751480e+02 8.81579936e-01]					0.hdf5	27
1280	/data/1_users/pezoldt/man_annotation/stripy/v1/NG039/NG039_P4_CC4/28_0.hdf5	28_0	None	None	Undefined	0	[8.00000000e+00 1.51018970e+03 1.96182831e+02 8.71266067e-01]	[8.00000000e+00 1.51018970e+03 1.96182831e+02 8.71266067e-01]					0.hdf5	28
1281	/data/1_users/pezoldt/man_annotation/stripy/v1/NG039/NG039_P4_CC4/29_0.hdf5	29_0	None	None	Undefined	0	[7.00000000e+00 1.40311047e+03 2.59452850e+02 8.54224205e-01]	[7.00000000e+00 1.40311047e+03 2.59452850e+02 8.54224205e-01]					0.hdf5	29
1255	/data/1_users/pezoldt/man_annotation/stripy/v1/NG039/NG039_P4_CC4/2_0.hdf5	2_0	None	None	Undefined	0	[8.00000000e+00 1.79844592e+03 3.13116455e+02 8.48290920e-01]	[8.00000000e+00 1.79844592e+03 3.13116455e+02 8.48290920e-01]					0.hdf5	2
1282	/data/1_users/pezoldt/man_annotation/stripy/v1/NG039/NG039_P4_CC4/30_0.hdf5	30_0	None	None	normi_circle	0	[9.00000000e+00 1.41492529e+03 2.39601471e+02 8.63730967e-01]	[9.00000000e+00 1.41492529e+03 2.39601471e+02 8.63730967e-01]					0.hdf5	30
1283	/data/1_users/pezoldt/man_annotation/stripy/v1/NG039/NG039_P4_CC4/31_0.hdf5	31_0	None	None	stripy_nucleus	0	[8.00000000e+00 1.51210767e+03 1.98734482e+02 8.62688363e-01]	[8.00000000e+00 1.51210767e+03 1.98734482e+02 8.62688363e-01]					0.hdf5	31
1284	/data/1_users/pezoldt/man_annotation/stripy/v1/NG039/NG039_P4_CC4/32_0.hdf5	32_0	None	None	stripy_nucleus	0	[8.00000000e+00 1.24466235e+03 1.51990574e+02 8.59537065e-01]	[8.00000000e+00 1.24466235e+03 1.51990574e+02 8.59537065e-01]					0.hdf5	32
1285	/data/1_users/pezoldt/man_annotation/stripy/v1/NG039/NG039_P4_CC4/34_0.hdf5	34_0	None	None	Undefined	0	[9.00000000e+00 1.08348413e+03 1.46117855e+02 8.77652764e-01]	[9.00000000e+00 1.08348413e+03 1.46117855e+02 8.77652764e-01]					0.hdf5	34
1286	/data/1_users/pezoldt/man_annotation/stripy/v1/NG039/NG039_P4_CC4/35_0.hdf5	35_0	None	None	Undefined	0	[8.00000000e+00 1.33996313e+03 2.55971130e+02 8.65995407e-01]	[8.00000000e+00 1.33996313e+03 2.55971130e+02 8.65995407e-01]					0.hdf5	35
1287	/data/1_users/pezoldt/man_annotation/stripy/v1/NG039/NG039_P4_CC4/36_0.hdf5	36_0	None	None	stripy_nucleus	0	[8.00000000e+00 1.45237476e+03 1.98574585e+02 8.58482361e-01]	[8.00000000e+00 1.45237476e+03 1.98574585e+02 8.58482361e-01]					0.hdf5	36
1288	/data/1_users/pezoldt/man_annotation/stripy/v1/NG039/NG039_P4_CC4/37_0.hdf5	37_0	None	None	Undefined	0	[1.40000000e+01 1.81972974e+03 2.76362366e+02 8.75651658e-01]	[1.40000000e+01 1.81972974e+03 2.76362366e+02 8.75651658e-01]					0.hdf5	37
1289	/data/1_users/pezoldt/man_annotation/stripy/v1/NG039/NG039_P4_CC4/38_0.hdf5	38_0	None	None	normi_circle	0	[8.00000000e+00 1.39078613e+03 2.45274734e+02 8.59775364e-01]	[8.00000000e+00 1.39078613e+03 2.45274734e+02 8.59775364e-01]					0.hdf5	38
1290	/data/1_users/pezoldt/man_annotation/stripy/v1/NG039/NG039_P4_CC4/39_0.hdf5	39_0	None	None	stripy_nucleus	0	[9.00000000e+00 1.23862012e+03 2.82125069e+02 8.56920898e-01]	[9.00000000e+00 1.23862012e+03 2.82125069e+02 8.56920898e-01]					0.hdf5	39
1256	/data/1_users/pezoldt/man_annotation/stripy/v1/NG039/NG039_P4_CC4/3_0.hdf5	3_0	None	None	Undefined	0	[9.00000000e+00 1.40312598e+03 3.28045868e+02 8.58565748e-01]	[9.00000000e+00 1.40312598e+03 3.28045868e+02 8.58565748e-01]					0.hdf5	3
1291	/data/1_users/pezoldt/man_annotation/stripy/v1/NG039/NG039_P4_CC4/40_0.hdf5	40_0	None	None	stripy_center	0	[1.30000000e+01 1.69530078e+03 2.76125397e+02 8.79931629e-01]	[1.30000000e+01 1.69530078e+03 2.76125397e+02 8.79931629e-01]					0.hdf5	40
1292	/data/1_users/pezoldt/man_annotation/stripy/v1/NG039/NG039_P4_CC4/41_0.hdf5	41_0	None	None	stripy_nucleus	0	[1.00000000e+01 9.73925903e+02 2.71227226e+02 8.69485199e-01]	[1.00000000e+01 9.73925903e+02 2.71227226e+02 8.69485199e-01]					0.hdf5	41
1293	/data/1_users/pezoldt/man_annotation/stripy/v1/NG039/NG039_P4_CC4/42_0.hdf5	42_0	None	None	Undefined	0	[7.00000000e+00 1.43853674e+03 1.88923920e+02 8.59896600e-01]	[7.00000000e+00 1.43853674e+03 1.88923920e+02 8.59896600e-01]					0.hdf5	42
1294	/data/1_users/pezoldt/man_annotation/stripy/v1/NG039/NG039_P4_CC4/43_0.hdf5	43_0	None	None	Undefined	0	[7.00000000e+00 1.46450562e+03 1.94244659e+02 8.70365083e-01]	[7.00000000e+00 1.46450562e+03 1.94244659e+02 8.70365083e-01]					0.hdf5	43
1295	/data/1_users/pezoldt/man_annotation/stripy/v1/NG039/NG039_P4_CC4/44_0.hdf5	44_0	None	None	Undefined	0	[1.50000000e+01 1.67435413e+03 1.53835419e+02 8.75605881e-01]	[1.50000000e+01 1.67435413e+03 1.53835419e+02 8.75605881e-01]					0.hdf5	44
1296	/data/1_users/pezoldt/man_annotation/stripy/v1/NG039/NG039_P4_CC4/45_0.hdf5	45_0	None	None	normi_circle	0	[8.00000000e+00 1.47349194e+03 2.68952789e+02 8.64038527e-01]	[8.00000000e+00 1.47349194e+03 2.68952789e+02 8.64038527e-01]					0.hdf5	45
1297	/data/1_users/pezoldt/man_annotation/stripy/v1/NG039/NG039_P4_CC4/46_0.hdf5	46_0	None	None	stripy_nucleus	0	[7.00000000e+00 1.40251819e+03 2.99307129e+02 8.65780532e-01]	[7.00000000e+00 1.40251819e+03 2.99307129e+02 8.65780532e-01]					0.hdf5	46
1298	/data/1_users/pezoldt/man_annotation/stripy/v1/NG039/NG039_P4_CC4/47_0.hdf5	47_0	None	None	normi_circle	0	[8.00000000e+00 1.41286426e+03 3.11371063e+02 8.64543259e-01]	[8.00000000e+00 1.41286426e+03 3.11371063e+02 8.64543259e-01]					0.hdf5	47
1299	/data/1_users/pezoldt/man_annotation/stripy/v1/NG039/NG039_P4_CC4/48_0.hdf5	48_0	None	None	Undefined	0	[9.00000000e+00 1.60837695e+03 3.19814941e+02 8.69181335e-01]	[9.00000000e+00 1.60837695e+03 3.19814941e+02 8.69181335e-01]					0.hdf5	48
1300	/data/1_users/pezoldt/man_annotation/stripy/v1/NG039/NG039_P4_CC4/49_0.hdf5	49_0	None	None	stripy_center	0	[9.00000000e+00 1.77221289e+03 2.81799622e+02 8.66222143e-01]	[9.00000000e+00 1.77221289e+03 2.81799622e+02 8.66222143e-01]					0.hdf5	49
1257	/data/1_users/pezoldt/man_annotation/stripy/v1/NG039/NG039_P4_CC4/4_0.hdf5	4_0	None	None	Undefined	0	[1.20000000e+01 1.77335742e+03 2.77362213e+02 8.94221127e-01]	[1.20000000e+01 1.77335742e+03 2.77362213e+02 8.94221127e-01]					0.hdf5	4
1301	/data/1_users/pezoldt/man_annotation/stripy/v1/NG039/NG039_P4_CC4/50_0.hdf5	50_0	None	None	normi_circle	0	[7.00000000e+00 1.24074756e+03 1.94289902e+02 8.44667494e-01]	[7.00000000e+00 1.24074756e+03 1.94289902e+02 8.44667494e-01]					0.hdf5	50
1302	/data/1_users/pezoldt/man_annotation/stripy/v1/NG039/NG039_P4_CC4/51_0.hdf5	51_0	None	None	stripy_center	0	[1.50000000e+01 1.86492212e+03 2.01562836e+02 8.78979266e-01]	[1.50000000e+01 1.86492212e+03 2.01562836e+02 8.78979266e-01]					0.hdf5	51
1303	/data/1_users/pezoldt/man_annotation/stripy/v1/NG039/NG039_P4_CC4/52_0.hdf5	52_0	None	None	Undefined	0	[8.00000000e+00 1.43392749e+03 1.90243088e+02 8.71937931e-01]	[8.00000000e+00 1.43392749e+03 1.90243088e+02 8.71937931e-01]					0.hdf5	52
1304	/data/1_users/pezoldt/man_annotation/stripy/v1/NG039/NG039_P4_CC4/53_0.hdf5	53_0	None	None	Undefined	0	[1.00000000e+01 1.71976953e+03 3.24923920e+02 8.81638587e-01]	[1.00000000e+01 1.71976953e+03 3.24923920e+02 8.81638587e-01]					0.hdf5	53
1305	/data/1_users/pezoldt/man_annotation/stripy/v1/NG039/NG039_P4_CC4/54_0.hdf5	54_0	None	None	normi_circle	0	[9.00000000e+00 1.58444507e+03 3.28420105e+02 8.62161338e-01]	[9.00000000e+00 1.58444507e+03 3.28420105e+02 8.62161338e-01]					0.hdf5	54
1306	/data/1_users/pezoldt/man_annotation/stripy/v1/NG039/NG039_P4_CC4/55_0.hdf5	55_0	None	None	Undefined	0	[9.00000000e+00 1.73512085e+03 3.31933716e+02 8.69059682e-01]	[9.00000000e+00 1.73512085e+03 3.31933716e+02 8.69059682e-01]					0.hdf5	55
1307	/data/1_users/pezoldt/man_annotation/stripy/v1/NG039/NG039_P4_CC4/56_0.hdf5	56_0	None	None	stripy_center	0	[1.3000000e+01 1.5815415e+03 1.2003772e+02 8.7261188e-01]	[1.3000000e+01 1.5815415e+03 1.2003772e+02 8.7261188e-01]					0.hdf5	56
1308	/data/1_users/pezoldt/man_annotation/stripy/v1/NG039/NG039_P4_CC4/57_0.hdf5	57_0	None	None	Undefined	0	[8.00000000e+00 1.61076367e+03 2.55531128e+02 8.42122614e-01]	[8.00000000e+00 1.61076367e+03 2.55531128e+02 8.42122614e-01]					0.hdf5	57
1309	/data/1_users/pezoldt/man_annotation/stripy/v1/NG039/NG039_P4_CC4/58_0.hdf5	58_0	None	None	Undefined	0	[8.00000000e+00 1.35172534e+03 1.75294952e+02 8.65783930e-01]	[8.00000000e+00 1.35172534e+03 1.75294952e+02 8.65783930e-01]					0.hdf5	58
1310	/data/1_users/pezoldt/man_annotation/stripy/v1/NG039/NG039_P4_CC4/59_0.hdf5	59_0	None	None	Undefined	0	[9.00000000e+00 1.50559106e+03 2.84688568e+02 8.70866060e-01]	[9.00000000e+00 1.50559106e+03 2.84688568e+02 8.70866060e-01]					0.hdf5	59
1258	/data/1_users/pezoldt/man_annotation/stripy/v1/NG039/NG039_P4_CC4/5_0.hdf5	5_0	None	None	normi_circle	0	[1.40000000e+01 1.58201221e+03 2.89030205e+02 8.57440352e-01]	[1.40000000e+01 1.58201221e+03 2.89030205e+02 8.57440352e-01]					0.hdf5	5
1311	/data/1_users/pezoldt/man_annotation/stripy/v1/NG039/NG039_P4_CC4/60_0.hdf5	60_0	None	None	Undefined	0	[8.00000000e+00 1.31323120e+03 2.95846191e+02 8.58066678e-01]	[8.00000000e+00 1.31323120e+03 2.95846191e+02 8.58066678e-01]					0.hdf5	60
1312	/data/1_users/pezoldt/man_annotation/stripy/v1/NG039/NG039_P4_CC4/61_0.hdf5	61_0	None	None	Undefined	0	[7.00000000e+00 1.45686035e+03 2.24858322e+02 8.72782707e-01]	[7.00000000e+00 1.45686035e+03 2.24858322e+02 8.72782707e-01]					0.hdf5	61
1313	/data/1_users/pezoldt/man_annotation/stripy/v1/NG039/NG039_P4_CC4/62_0.hdf5	62_0	None	None	Undefined	0	[1.00000000e+01 1.28714600e+03 2.79230408e+02 8.59391749e-01]	[1.00000000e+01 1.28714600e+03 2.79230408e+02 8.59391749e-01]					0.hdf5	62
1314	/data/1_users/pezoldt/man_annotation/stripy/v1/NG039/NG039_P4_CC4/63_0.hdf5	63_0	None	None	normi_circle	0	[7.00000000e+00 1.51039526e+03 3.08329376e+02 8.69082093e-01]	[7.00000000e+00 1.51039526e+03 3.08329376e+02 8.69082093e-01]					0.hdf5	63
1315	/data/1_users/pezoldt/man_annotation/stripy/v1/NG039/NG039_P4_CC4/64_0.hdf5	64_0	None	None	normi_circle	0	[7.00000000e+00 1.43025537e+03 2.87096222e+02 8.66310894e-01]	[7.00000000e+00 1.43025537e+03 2.87096222e+02 8.66310894e-01]					0.hdf5	64
1316	/data/1_users/pezoldt/man_annotation/stripy/v1/NG039/NG039_P4_CC4/65_0.hdf5	65_0	None	None	stripy_center	0	[7.00000000e+00 1.60168628e+03 2.68856171e+02 8.83597732e-01]	[7.00000000e+00 1.60168628e+03 2.68856171e+02 8.83597732e-01]					0.hdf5	65
1317	/data/1_users/pezoldt/man_annotation/stripy/v1/NG039/NG039_P4_CC4/66_0.hdf5	66_0	None	None	normi_circle	0	[7.00000000e+00 1.80313599e+03 2.80680450e+02 8.68786395e-01]	[7.00000000e+00 1.80313599e+03 2.80680450e+02 8.68786395e-01]					0.hdf5	66
1318	/data/1_users/pezoldt/man_annotation/stripy/v1/NG039/NG039_P4_CC4/67_0.hdf5	67_0	None	None	stripy_nucleus	0	[1.40000000e+01 1.62013403e+03 1.26630035e+02 8.70640934e-01]	[1.40000000e+01 1.62013403e+03 1.26630035e+02 8.70640934e-01]					0.hdf5	67
1319	/data/1_users/pezoldt/man_annotation/stripy/v1/NG039/NG039_P4_CC4/68_0.hdf5	68_0	None	None	Undefined	0	[1.00000000e+01 1.33980518e+03 3.02740173e+02 8.74927223e-01]	[1.00000000e+01 1.33980518e+03 3.02740173e+02 8.74927223e-01]					0.hdf5	68
1320	/data/1_users/pezoldt/man_annotation/stripy/v1/NG039/NG039_P4_CC4/69_0.hdf5	69_0	None	None	Undefined	0	[1.00000000e+01 1.47320239e+03 2.71816101e+02 8.73679578e-01]	[1.00000000e+01 1.47320239e+03 2.71816101e+02 8.73679578e-01]					0.hdf5	69
1259	/data/1_users/pezoldt/man_annotation/stripy/v1/NG039/NG039_P4_CC4/6_0.hdf5	6_0	None	None	stripy_center	0	[8.00000000e+00 1.42760913e+03 2.54103302e+02 8.66825163e-01]	[8.00000000e+00 1.42760913e+03 2.54103302e+02 8.66825163e-01]					0.hdf5	6
1321	/data/1_users/pezoldt/man_annotation/stripy/v1/NG039/NG039_P4_CC4/70_0.hdf5	70_0	None	None	stripy_nucleus	0	[7.00000000e+00 1.36370898e+03 1.67132462e+02 8.26476395e-01]	[7.00000000e+00 1.36370898e+03 1.67132462e+02 8.26476395e-01]					0.hdf5	70
1322	/data/1_users/pezoldt/man_annotation/stripy/v1/NG039/NG039_P4_CC4/71_0.hdf5	71_0	None	None	Undefined	0	[1.10000000e+01 1.21372632e+03 1.89060776e+02 8.58992398e-01]	[1.10000000e+01 1.21372632e+03 1.89060776e+02 8.58992398e-01]					0.hdf5	71
1323	/data/1_users/pezoldt/man_annotation/stripy/v1/NG039/NG039_P4_CC4/72_0.hdf5	72_0	None	None	stripy_nucleus	0	[1.00000000e+01 1.36752954e+03 1.05271029e+02 8.97121012e-01]	[1.00000000e+01 1.36752954e+03 1.05271029e+02 8.97121012e-01]					0.hdf5	72
1324	/data/1_users/pezoldt/man_annotation/stripy/v1/NG039/NG039_P4_CC4/73_0.hdf5	73_0	None	None	Undefined	0	[8.00000000e+00 1.19404565e+03 1.18660866e+02 8.57104361e-01]	[8.00000000e+00 1.19404565e+03 1.18660866e+02 8.57104361e-01]					0.hdf5	73
1325	/data/1_users/pezoldt/man_annotation/stripy/v1/NG039/NG039_P4_CC4/74_0.hdf5	74_0	None	None	Undefined	0	[1.30000000e+01 1.51186328e+03 2.68282990e+02 8.50561142e-01]	[1.30000000e+01 1.51186328e+03 2.68282990e+02 8.50561142e-01]					0.hdf5	74
1326	/data/1_users/pezoldt/man_annotation/stripy/v1/NG039/NG039_P4_CC4/75_0.hdf5	75_0	None	None	Undefined	0	[9.00000000e+00 1.45847095e+03 2.36509155e+02 8.81920636e-01]	[9.00000000e+00 1.45847095e+03 2.36509155e+02 8.81920636e-01]					0.hdf5	75
1327	/data/1_users/pezoldt/man_annotation/stripy/v1/NG039/NG039_P4_CC4/76_0.hdf5	76_0	None	None	normi_circle	0	[7.00000000e+00 1.36987903e+03 2.98844604e+02 8.59170556e-01]	[7.00000000e+00 1.36987903e+03 2.98844604e+02 8.59170556e-01]					0.hdf5	76
1328	/data/1_users/pezoldt/man_annotation/stripy/v1/NG039/NG039_P4_CC4/77_0.hdf5	77_0	None	None	normi_circle	0	[1.20000000e+01 1.46362646e+03 3.04393433e+02 8.55733931e-01]	[1.20000000e+01 1.46362646e+03 3.04393433e+02 8.55733931e-01]					0.hdf5	77
1329	/data/1_users/pezoldt/man_annotation/stripy/v1/NG039/NG039_P4_CC4/78_0.hdf5	78_0	None	None	stripy_nucleus	0	[9.00000000e+00 1.85234155e+03 3.24722229e+02 8.78034294e-01]	[9.00000000e+00 1.85234155e+03 3.24722229e+02 8.78034294e-01]					0.hdf5	78
1330	/data/1_users/pezoldt/man_annotation/stripy/v1/NG039/NG039_P4_CC4/79_0.hdf5	79_0	None	None	Undefined	0	[9.00000000e+00 1.17626355e+03 2.41105820e+02 8.75419915e-01]	[9.00000000e+00 1.17626355e+03 2.41105820e+02 8.75419915e-01]					0.hdf5	79
1260	/data/1_users/pezoldt/man_annotation/stripy/v1/NG039/NG039_P4_CC4/7_0.hdf5	7_0	None	None	Undefined	0	[9.00000000e+00 1.61830151e+03 2.72755676e+02 8.39801192e-01]	[9.00000000e+00 1.61830151e+03 2.72755676e+02 8.39801192e-01]					0.hdf5	7
1331	/data/1_users/pezoldt/man_annotation/stripy/v1/NG039/NG039_P4_CC4/80_0.hdf5	80_0	None	None	normi_circle	0	[7.00000000e+00 1.33571082e+03 1.70802124e+02 8.67521107e-01]	[7.00000000e+00 1.33571082e+03 1.70802124e+02 8.67521107e-01]					0.hdf5	80
1332	/data/1_users/pezoldt/man_annotation/stripy/v1/NG039/NG039_P4_CC4/82_0.hdf5	82_0	None	None	normi_circle	0	[1.20000000e+01 1.37542725e+03 2.60840218e+02 8.63774896e-01]	[1.20000000e+01 1.37542725e+03 2.60840218e+02 8.63774896e-01]					0.hdf5	82
1333	/data/1_users/pezoldt/man_annotation/stripy/v1/NG039/NG039_P4_CC4/83_0.hdf5	83_0	None	None	Undefined	0	[8.00000000e+00 1.62809143e+03 3.07806763e+02 8.58533740e-01]	[8.00000000e+00 1.62809143e+03 3.07806763e+02 8.58533740e-01]					0.hdf5	83
1334	/data/1_users/pezoldt/man_annotation/stripy/v1/NG039/NG039_P4_CC4/84_0.hdf5	84_0	None	None	normi_circle	0	[1.20000000e+01 1.48092310e+03 1.33734482e+02 8.59743297e-01]	[1.20000000e+01 1.48092310e+03 1.33734482e+02 8.59743297e-01]					0.hdf5	84
1335	/data/1_users/pezoldt/man_annotation/stripy/v1/NG039/NG039_P4_CC4/85_0.hdf5	85_0	None	None	stripy_center	0	[9.00000000e+00 1.54707153e+03 3.20567749e+02 8.66753101e-01]	[9.00000000e+00 1.54707153e+03 3.20567749e+02 8.66753101e-01]					0.hdf5	85
1336	/data/1_users/pezoldt/man_annotation/stripy/v1/NG039/NG039_P4_CC4/86_0.hdf5	86_0	None	None	Undefined	0	[8.00000000e+00 1.47137390e+03 2.89621307e+02 8.66837800e-01]	[8.00000000e+00 1.47137390e+03 2.89621307e+02 8.66837800e-01]					0.hdf5	86
1337	/data/1_users/pezoldt/man_annotation/stripy/v1/NG039/NG039_P4_CC4/87_0.hdf5	87_0	None	None	Undefined	0	[1.10000000e+01 1.30098438e+03 1.15551849e+02 8.56583536e-01]	[1.10000000e+01 1.30098438e+03 1.15551849e+02 8.56583536e-01]					0.hdf5	87
1338	/data/1_users/pezoldt/man_annotation/stripy/v1/NG039/NG039_P4_CC4/88_0.hdf5	88_0	None	None	Undefined	0	[1.30000000e+01 1.55793481e+03 1.55992188e+02 8.90789568e-01]	[1.30000000e+01 1.55793481e+03 1.55992188e+02 8.90789568e-01]					0.hdf5	88
1339	/data/1_users/pezoldt/man_annotation/stripy/v1/NG039/NG039_P4_CC4/89_0.hdf5	89_0	None	None	Undefined	0	[8.00000000e+00 1.41358508e+03 2.88342499e+02 8.64472687e-01]	[8.00000000e+00 1.41358508e+03 2.88342499e+02 8.64472687e-01]					0.hdf5	89
1261	/data/1_users/pezoldt/man_annotation/stripy/v1/NG039/NG039_P4_CC4/8_0.hdf5	8_0	None	None	stripy_nucleus	0	[1.40000000e+01 1.78235864e+03 3.26054840e+02 8.29765499e-01]	[1.40000000e+01 1.78235864e+03 3.26054840e+02 8.29765499e-01]					0.hdf5	8
1340	/data/1_users/pezoldt/man_annotation/stripy/v1/NG039/NG039_P4_CC4/90_0.hdf5	90_0	None	None	stripy_nucleus	0	[1.00000000e+01 1.27573853e+03 2.84359985e+02 8.71151268e-01]	[1.00000000e+01 1.27573853e+03 2.84359985e+02 8.71151268e-01]					0.hdf5	90
1341	/data/1_users/pezoldt/man_annotation/stripy/v1/NG039/NG039_P4_CC4/91_0.hdf5	91_0	None	None	Undefined	0	[1.30000000e+01 1.78579053e+03 1.82563080e+02 8.24631512e-01]	[1.30000000e+01 1.78579053e+03 1.82563080e+02 8.24631512e-01]					0.hdf5	91
1342	/data/1_users/pezoldt/man_annotation/stripy/v1/NG039/NG039_P4_CC4/92_0.hdf5	92_0	None	None	Undefined	0	[1.30000000e+01 1.35559839e+03 1.95109406e+02 8.55211794e-01]	[1.30000000e+01 1.35559839e+03 1.95109406e+02 8.55211794e-01]					0.hdf5	92
1343	/data/1_users/pezoldt/man_annotation/stripy/v1/NG039/NG039_P4_CC4/93_0.hdf5	93_0	None	None	Undefined	0	[1.20000000e+01 1.37960645e+03 2.13276062e+02 8.53309274e-01]	[1.20000000e+01 1.37960645e+03 2.13276062e+02 8.53309274e-01]					0.hdf5	93
1344	/data/1_users/pezoldt/man_annotation/stripy/v1/NG039/NG039_P4_CC4/94_0.hdf5	94_0	None	None	normi_circle	0	[7.00000000e+00 1.19503467e+03 2.39135666e+02 8.58640194e-01]	[7.00000000e+00 1.19503467e+03 2.39135666e+02 8.58640194e-01]					0.hdf5	94
1345	/data/1_users/pezoldt/man_annotation/stripy/v1/NG039/NG039_P4_CC4/95_0.hdf5	95_0	None	None	Undefined	0	[7.00000000e+00 1.59876172e+03 3.07843506e+02 8.63581359e-01]	[7.00000000e+00 1.59876172e+03 3.07843506e+02 8.63581359e-01]					0.hdf5	95
1262	/data/1_users/pezoldt/man_annotation/stripy/v1/NG039/NG039_P4_CC4/9_0.hdf5	9_0	None	None	Undefined	0	[1.10000000e+01 1.22779150e+03 1.32112762e+02 8.62084210e-01]	[1.10000000e+01 1.22779150e+03 1.32112762e+02 8.62084210e-01]					0.hdf5	9
