	Path	Cell	location	time	Stripie	Image	measurement_sblngbx	measurement_yolo	measurement_sblngbx0	measurement_sblngbx1	measurement_sblngbx2	measurement_sblngbx3	CellCode	PlateCode	ExpID
0	/data/1_users/pezoldt/man_annotation/stripy/v1/NG050/NG050_P1_CC12/0_0.hdf5	0_0	None	None	stripy_center	0	[1.00000000e+01 1.27538428e+03 3.26458923e+02 8.87695968e-01]	[1.00000000e+01 1.27538428e+03 3.26458923e+02 8.87695968e-01]						0.hdf5	0
9	/data/1_users/pezoldt/man_annotation/stripy/v1/NG050/NG050_P1_CC12/10_0.hdf5	10_0	None	None	Undefined	0	[ 10.         248.45614624 234.81481934   0.90024954]	[ 10.         248.45614624 234.81481934   0.90024954]						0.hdf5	10
10	/data/1_users/pezoldt/man_annotation/stripy/v1/NG050/NG050_P1_CC12/11_0.hdf5	11_0	None	None	stripy_nucleus	0	[  8.         711.40893555  78.56895638   0.88157386]	[  8.         711.40893555  78.56895638   0.88157386]						0.hdf5	11
11	/data/1_users/pezoldt/man_annotation/stripy/v1/NG050/NG050_P1_CC12/12_0.hdf5	12_0	None	None	Undefined	0	[1.10000000e+01 1.09849048e+03 3.02258423e+02 8.68515909e-01]	[1.10000000e+01 1.09849048e+03 3.02258423e+02 8.68515909e-01]						0.hdf5	12
12	/data/1_users/pezoldt/man_annotation/stripy/v1/NG050/NG050_P1_CC12/13_0.hdf5	13_0	None	None	stripy_center	0	[  7.         740.21343994 300.74841309   0.87537777]	[  7.         740.21343994 300.74841309   0.87537777]						0.hdf5	13
13	/data/1_users/pezoldt/man_annotation/stripy/v1/NG050/NG050_P1_CC12/14_0.hdf5	14_0	None	None	stripy_center	0	[  7.         730.88037109 119.76385498   0.85653359]	[  7.         730.88037109 119.76385498   0.85653359]						0.hdf5	14
14	/data/1_users/pezoldt/man_annotation/stripy/v1/NG050/NG050_P1_CC12/15_0.hdf5	15_0	None	None	Undefined	0	[1.10000000e+01 1.12375110e+03 3.31695740e+02 8.71828675e-01]	[1.10000000e+01 1.12375110e+03 3.31695740e+02 8.71828675e-01]						0.hdf5	15
15	/data/1_users/pezoldt/man_annotation/stripy/v1/NG050/NG050_P1_CC12/16_0.hdf5	16_0	None	None	Undefined	0	[  9.         873.83325195 314.01461792   0.87745267]	[  9.         873.83325195 314.01461792   0.87745267]						0.hdf5	16
16	/data/1_users/pezoldt/man_annotation/stripy/v1/NG050/NG050_P1_CC12/17_0.hdf5	17_0	None	None	normi_demicircle	0	[  6.         685.53088379 332.30291748   0.87216377]	[  6.         685.53088379 332.30291748   0.87216377]						0.hdf5	17
17	/data/1_users/pezoldt/man_annotation/stripy/v1/NG050/NG050_P1_CC12/18_0.hdf5	18_0	None	None	stripy_nucleus	0	[1.20000000e+01 1.14456250e+03 3.03355286e+02 8.80879641e-01]	[1.20000000e+01 1.14456250e+03 3.03355286e+02 8.80879641e-01]						0.hdf5	18
18	/data/1_users/pezoldt/man_annotation/stripy/v1/NG050/NG050_P1_CC12/19_0.hdf5	19_0	None	None	Undefined	0	[ 11.         667.12615967 253.66781616   0.88126564]	[ 11.         667.12615967 253.66781616   0.88126564]						0.hdf5	19
1	/data/1_users/pezoldt/man_annotation/stripy/v1/NG050/NG050_P1_CC12/1_0.hdf5	1_0	None	None	Undefined	0	[  5.         717.92248535 320.59625244   0.8783434 ]	[  5.         717.92248535 320.59625244   0.8783434 ]						0.hdf5	1
19	/data/1_users/pezoldt/man_annotation/stripy/v1/NG050/NG050_P1_CC12/20_0.hdf5	20_0	None	None	Undefined	0	[1.20000000e+01 1.06920679e+03 1.54560917e+02 8.76330793e-01]	[1.20000000e+01 1.06920679e+03 1.54560917e+02 8.76330793e-01]						0.hdf5	20
20	/data/1_users/pezoldt/man_annotation/stripy/v1/NG050/NG050_P1_CC12/21_0.hdf5	21_0	None	None	Undefined	0	[ 10.         621.87646484 257.77148438   0.86068696]	[ 10.         621.87646484 257.77148438   0.86068696]						0.hdf5	21
21	/data/1_users/pezoldt/man_annotation/stripy/v1/NG050/NG050_P1_CC12/22_0.hdf5	22_0	None	None	stripy_nucleus	0	[ 12.         791.00500488 243.8613739    0.87544632]	[ 12.         791.00500488 243.8613739    0.87544632]						0.hdf5	22
22	/data/1_users/pezoldt/man_annotation/stripy/v1/NG050/NG050_P1_CC12/23_0.hdf5	23_0	None	None	stripy_center	0	[7.00000000e+00 9.91982971e+02 3.30927002e+02 8.79356682e-01]	[7.00000000e+00 9.91982971e+02 3.30927002e+02 8.79356682e-01]						0.hdf5	23
23	/data/1_users/pezoldt/man_annotation/stripy/v1/NG050/NG050_P1_CC12/24_0.hdf5	24_0	None	None	normi_circle	0	[  7.         492.48632812 287.44143677   0.85894954]	[  7.         492.48632812 287.44143677   0.85894954]						0.hdf5	24
24	/data/1_users/pezoldt/man_annotation/stripy/v1/NG050/NG050_P1_CC12/25_0.hdf5	25_0	None	None	normi_circle	0	[  9.         760.18164062  87.40211296   0.87545168]	[  9.         760.18164062  87.40211296   0.87545168]						0.hdf5	25
25	/data/1_users/pezoldt/man_annotation/stripy/v1/NG050/NG050_P1_CC12/26_0.hdf5	26_0	None	None	stripy_center	0	[1.20000000e+01 1.11294873e+03 1.51792053e+02 8.96104395e-01]	[1.20000000e+01 1.11294873e+03 1.51792053e+02 8.96104395e-01]						0.hdf5	26
26	/data/1_users/pezoldt/man_annotation/stripy/v1/NG050/NG050_P1_CC12/27_0.hdf5	27_0	None	None	stripy_nucleus	0	[  7.         840.64868164 324.76519775   0.86847872]	[  7.         840.64868164 324.76519775   0.86847872]						0.hdf5	27
27	/data/1_users/pezoldt/man_annotation/stripy/v1/NG050/NG050_P1_CC12/28_0.hdf5	28_0	None	None	Undefined	0	[  8.         559.08514404 137.50209045   0.89566439]	[  8.         559.08514404 137.50209045   0.89566439]						0.hdf5	28
28	/data/1_users/pezoldt/man_annotation/stripy/v1/NG050/NG050_P1_CC12/29_0.hdf5	29_0	None	None	Undefined	0	[5.00000000e+00 9.23459595e+02 1.06510750e+02 8.68962288e-01]	[5.00000000e+00 9.23459595e+02 1.06510750e+02 8.68962288e-01]						0.hdf5	29
2	/data/1_users/pezoldt/man_annotation/stripy/v1/NG050/NG050_P1_CC12/2_0.hdf5	2_0	None	None	stripy_nucleus	0	[  6.         644.04992676 253.06111145   0.87969536]	[  6.         644.04992676 253.06111145   0.87969536]						0.hdf5	2
29	/data/1_users/pezoldt/man_annotation/stripy/v1/NG050/NG050_P1_CC12/30_0.hdf5	30_0	None	None	Undefined	0	[  9.         723.93774414 194.46084595   0.86651576]	[  9.         723.93774414 194.46084595   0.86651576]						0.hdf5	30
30	/data/1_users/pezoldt/man_annotation/stripy/v1/NG050/NG050_P1_CC12/31_0.hdf5	31_0	None	None	normi_demicircle	0	[1.10000000e+01 1.13773792e+03 3.29930573e+02 8.69086921e-01]	[1.10000000e+01 1.13773792e+03 3.29930573e+02 8.69086921e-01]						0.hdf5	31
31	/data/1_users/pezoldt/man_annotation/stripy/v1/NG050/NG050_P1_CC12/32_0.hdf5	32_0	None	None	Undefined	0	[1.00000000e+01 8.88871643e+02 2.97189026e+02 8.72603476e-01]	[1.00000000e+01 8.88871643e+02 2.97189026e+02 8.72603476e-01]						0.hdf5	32
32	/data/1_users/pezoldt/man_annotation/stripy/v1/NG050/NG050_P1_CC12/33_0.hdf5	33_0	None	None	stripy_center	0	[1.20000000e+01 1.21116345e+03 3.14239594e+02 8.77323270e-01]	[1.20000000e+01 1.21116345e+03 3.14239594e+02 8.77323270e-01]						0.hdf5	33
33	/data/1_users/pezoldt/man_annotation/stripy/v1/NG050/NG050_P1_CC12/34_0.hdf5	34_0	None	None	Undefined	0	[1.10000000e+01 1.12324219e+03 2.70067322e+02 8.82609904e-01]	[1.10000000e+01 1.12324219e+03 2.70067322e+02 8.82609904e-01]						0.hdf5	34
34	/data/1_users/pezoldt/man_annotation/stripy/v1/NG050/NG050_P1_CC12/35_0.hdf5	35_0	None	None	stripy_nucleus	0	[  9.         537.85803223 276.4302063    0.8724938 ]	[  9.         537.85803223 276.4302063    0.8724938 ]						0.hdf5	35
35	/data/1_users/pezoldt/man_annotation/stripy/v1/NG050/NG050_P1_CC12/36_0.hdf5	36_0	None	None	Undefined	0	[ 10.         758.8918457  284.15460205   0.87552994]	[ 10.         758.8918457  284.15460205   0.87552994]						0.hdf5	36
36	/data/1_users/pezoldt/man_annotation/stripy/v1/NG050/NG050_P1_CC12/37_0.hdf5	37_0	None	None	Undefined	0	[1.10000000e+01 1.00907880e+03 3.03519867e+02 8.71668279e-01]	[1.10000000e+01 1.00907880e+03 3.03519867e+02 8.71668279e-01]						0.hdf5	37
37	/data/1_users/pezoldt/man_annotation/stripy/v1/NG050/NG050_P1_CC12/38_0.hdf5	38_0	None	None	Undefined	0	[  8.         390.90786743 282.10315704   0.87366736]	[  8.         390.90786743 282.10315704   0.87366736]						0.hdf5	38
38	/data/1_users/pezoldt/man_annotation/stripy/v1/NG050/NG050_P1_CC12/39_0.hdf5	39_0	None	None	stripy_center	0	[1.10000000e+01 1.23933057e+03 2.96123596e+02 8.79409373e-01]	[1.10000000e+01 1.23933057e+03 2.96123596e+02 8.79409373e-01]						0.hdf5	39
3	/data/1_users/pezoldt/man_annotation/stripy/v1/NG050/NG050_P1_CC12/3_0.hdf5	3_0	None	None	stripy_nucleus	0	[  4.         778.18353271 115.30422974   0.87689793]	[  4.         778.18353271 115.30422974   0.87689793]						0.hdf5	3
39	/data/1_users/pezoldt/man_annotation/stripy/v1/NG050/NG050_P1_CC12/40_0.hdf5	40_0	None	None	stripy_nucleus	0	[ 10.         818.0279541  311.45739746   0.86881477]	[ 10.         818.0279541  311.45739746   0.86881477]						0.hdf5	40
40	/data/1_users/pezoldt/man_annotation/stripy/v1/NG050/NG050_P1_CC12/41_0.hdf5	41_0	None	None	Undefined	0	[  8.          26.26877975 335.19952393   0.86153334]	[  8.          26.26877975 335.19952393   0.86153334]						0.hdf5	41
41	/data/1_users/pezoldt/man_annotation/stripy/v1/NG050/NG050_P1_CC12/42_0.hdf5	42_0	None	None	stripy_nucleus	0	[ 10.         845.26513672 328.82861328   0.87799525]	[ 10.         845.26513672 328.82861328   0.87799525]						0.hdf5	42
42	/data/1_users/pezoldt/man_annotation/stripy/v1/NG050/NG050_P1_CC12/43_0.hdf5	43_0	None	None	stripy_nucleus	0	[  4.         777.61694336 132.65643692   0.87483305]	[  4.         777.61694336 132.65643692   0.87483305]						0.hdf5	43
43	/data/1_users/pezoldt/man_annotation/stripy/v1/NG050/NG050_P1_CC12/44_0.hdf5	44_0	None	None	Undefined	0	[  8.         430.75408936 229.94169617   0.87281108]	[  8.         430.75408936 229.94169617   0.87281108]						0.hdf5	44
44	/data/1_users/pezoldt/man_annotation/stripy/v1/NG050/NG050_P1_CC12/45_0.hdf5	45_0	None	None	Undefined	0	[ 11.         802.14770508 289.06963348   0.86023808]	[ 11.         802.14770508 289.06963348   0.86023808]						0.hdf5	45
45	/data/1_users/pezoldt/man_annotation/stripy/v1/NG050/NG050_P1_CC12/46_0.hdf5	46_0	None	None	normi_circle	0	[1.10000000e+01 9.88405457e+02 1.08423233e+02 8.83017898e-01]	[1.10000000e+01 9.88405457e+02 1.08423233e+02 8.83017898e-01]						0.hdf5	46
46	/data/1_users/pezoldt/man_annotation/stripy/v1/NG050/NG050_P1_CC12/47_0.hdf5	47_0	None	None	normi_demicircle	0	[  8.         519.45690918 119.3075943    0.87076294]	[  8.         519.45690918 119.3075943    0.87076294]						0.hdf5	47
47	/data/1_users/pezoldt/man_annotation/stripy/v1/NG050/NG050_P1_CC12/48_0.hdf5	48_0	None	None	normi_circle	0	[  8.         752.80059814 137.45209122   0.87464488]	[  8.         752.80059814 137.45209122   0.87464488]						0.hdf5	48
4	/data/1_users/pezoldt/man_annotation/stripy/v1/NG050/NG050_P1_CC12/4_0.hdf5	4_0	None	None	stripy_center	0	[4.00000000e+00 1.00930884e+03 2.68858276e+02 8.69240105e-01]	[4.00000000e+00 1.00930884e+03 2.68858276e+02 8.69240105e-01]						0.hdf5	4
48	/data/1_users/pezoldt/man_annotation/stripy/v1/NG050/NG050_P1_CC12/50_0.hdf5	50_0	None	None	normi_circle	0	[  5.         644.98791504 245.25985718   0.86872071]	[  5.         644.98791504 245.25985718   0.86872071]						0.hdf5	50
49	/data/1_users/pezoldt/man_annotation/stripy/v1/NG050/NG050_P1_CC12/51_0.hdf5	51_0	None	None	Undefined	0	[  8.         811.55285645 306.74224854   0.858055  ]	[  8.         811.55285645 306.74224854   0.858055  ]						0.hdf5	51
50	/data/1_users/pezoldt/man_annotation/stripy/v1/NG050/NG050_P1_CC12/52_0.hdf5	52_0	None	None	stripy_nucleus	0	[  5.         845.89916992 126.04999542   0.87793356]	[  5.         845.89916992 126.04999542   0.87793356]						0.hdf5	52
51	/data/1_users/pezoldt/man_annotation/stripy/v1/NG050/NG050_P1_CC12/53_0.hdf5	53_0	None	None	Undefined	0	[1.00000000e+01 1.04246411e+03 2.93132294e+02 8.76462460e-01]	[1.00000000e+01 1.04246411e+03 2.93132294e+02 8.76462460e-01]						0.hdf5	53
52	/data/1_users/pezoldt/man_annotation/stripy/v1/NG050/NG050_P1_CC12/54_0.hdf5	54_0	None	None	normi_circle	0	[  9.         814.51220703 314.35797119   0.86195934]	[  9.         814.51220703 314.35797119   0.86195934]						0.hdf5	54
53	/data/1_users/pezoldt/man_annotation/stripy/v1/NG050/NG050_P1_CC12/55_0.hdf5	55_0	None	None	Undefined	0	[  8.         713.66333008 232.78038025   0.86650372]	[  8.         713.66333008 232.78038025   0.86650372]						0.hdf5	55
54	/data/1_users/pezoldt/man_annotation/stripy/v1/NG050/NG050_P1_CC12/56_0.hdf5	56_0	None	None	normi_circle	0	[1.00000000e+01 1.06871582e+03 3.08236511e+02 8.73090506e-01]	[1.00000000e+01 1.06871582e+03 3.08236511e+02 8.73090506e-01]						0.hdf5	56
55	/data/1_users/pezoldt/man_annotation/stripy/v1/NG050/NG050_P1_CC12/57_0.hdf5	57_0	None	None	Undefined	0	[  9.         151.64974594 323.58621216   0.85057855]	[  9.         151.64974594 323.58621216   0.85057855]						0.hdf5	57
56	/data/1_users/pezoldt/man_annotation/stripy/v1/NG050/NG050_P1_CC12/58_0.hdf5	58_0	None	None	Undefined	0	[  8.         532.4510498  250.2527771    0.87535119]	[  8.         532.4510498  250.2527771    0.87535119]						0.hdf5	58
57	/data/1_users/pezoldt/man_annotation/stripy/v1/NG050/NG050_P1_CC12/59_0.hdf5	59_0	None	None	stripy_center	0	[  8.         730.18359375 292.45587158   0.87097371]	[  8.         730.18359375 292.45587158   0.87097371]						0.hdf5	59
5	/data/1_users/pezoldt/man_annotation/stripy/v1/NG050/NG050_P1_CC12/5_0.hdf5	5_0	None	None	normi_circle	0	[  7.         849.3560791  347.05493164   0.87694144]	[  7.         849.3560791  347.05493164   0.87694144]						0.hdf5	5
58	/data/1_users/pezoldt/man_annotation/stripy/v1/NG050/NG050_P1_CC12/60_0.hdf5	60_0	None	None	normi_demicircle	0	[  4.         650.73547363 190.34794617   0.87686133]	[  4.         650.73547363 190.34794617   0.87686133]						0.hdf5	60
59	/data/1_users/pezoldt/man_annotation/stripy/v1/NG050/NG050_P1_CC12/61_0.hdf5	61_0	None	None	stripy_center	0	[1.10000000e+01 9.22761963e+02 2.55025223e+02 8.72885823e-01]	[1.10000000e+01 9.22761963e+02 2.55025223e+02 8.72885823e-01]						0.hdf5	61
60	/data/1_users/pezoldt/man_annotation/stripy/v1/NG050/NG050_P1_CC12/62_0.hdf5	62_0	None	None	normi_demicircle	0	[1.10000000e+01 9.77563232e+02 2.48294907e+02 8.69378209e-01]	[1.10000000e+01 9.77563232e+02 2.48294907e+02 8.69378209e-01]						0.hdf5	62
61	/data/1_users/pezoldt/man_annotation/stripy/v1/NG050/NG050_P1_CC12/63_0.hdf5	63_0	None	None	normi_demicircle	0	[  9.         592.66424561 169.01480103   0.87262619]	[  9.         592.66424561 169.01480103   0.87262619]						0.hdf5	63
62	/data/1_users/pezoldt/man_annotation/stripy/v1/NG050/NG050_P1_CC12/64_0.hdf5	64_0	None	None	normi_circle	0	[  6.         496.51000977 317.99633789   0.86182249]	[  6.         496.51000977 317.99633789   0.86182249]						0.hdf5	64
63	/data/1_users/pezoldt/man_annotation/stripy/v1/NG050/NG050_P1_CC12/65_0.hdf5	65_0	None	None	Undefined	0	[  8.         629.49285889 301.04598999   0.873896  ]	[  8.         629.49285889 301.04598999   0.873896  ]						0.hdf5	65
64	/data/1_users/pezoldt/man_annotation/stripy/v1/NG050/NG050_P1_CC12/66_0.hdf5	66_0	None	None	normi_circle	0	[  9.         791.33496094 296.87249756   0.88013184]	[  9.         791.33496094 296.87249756   0.88013184]						0.hdf5	66
65	/data/1_users/pezoldt/man_annotation/stripy/v1/NG050/NG050_P1_CC12/67_0.hdf5	67_0	None	None	Undefined	0	[ 10.         823.98706055 176.84863281   0.87700212]	[ 10.         823.98706055 176.84863281   0.87700212]						0.hdf5	67
66	/data/1_users/pezoldt/man_annotation/stripy/v1/NG050/NG050_P1_CC12/68_0.hdf5	68_0	None	None	stripy_nucleus	0	[1.00000000e+01 1.09299585e+03 2.97497070e+02 8.76832545e-01]	[1.00000000e+01 1.09299585e+03 2.97497070e+02 8.76832545e-01]						0.hdf5	68
67	/data/1_users/pezoldt/man_annotation/stripy/v1/NG050/NG050_P1_CC12/69_0.hdf5	69_0	None	None	Undefined	0	[  9.         826.43530273 273.37167358   0.87457907]	[  9.         826.43530273 273.37167358   0.87457907]						0.hdf5	69
6	/data/1_users/pezoldt/man_annotation/stripy/v1/NG050/NG050_P1_CC12/6_0.hdf5	6_0	None	None	Undefined	0	[1.00000000e+01 1.08439575e+03 3.15415985e+02 8.75017107e-01]	[1.00000000e+01 1.08439575e+03 3.15415985e+02 8.75017107e-01]						0.hdf5	6
68	/data/1_users/pezoldt/man_annotation/stripy/v1/NG050/NG050_P1_CC12/70_0.hdf5	70_0	None	None	normi_circle	0	[  9.         358.83404541 336.95635986   0.87269139]	[  9.         358.83404541 336.95635986   0.87269139]						0.hdf5	70
69	/data/1_users/pezoldt/man_annotation/stripy/v1/NG050/NG050_P1_CC12/71_0.hdf5	71_0	None	None	Undefined	0	[1.00000000e+01 9.86223633e+02 3.19524841e+02 9.02181566e-01]	[1.00000000e+01 9.86223633e+02 3.19524841e+02 9.02181566e-01]						0.hdf5	71
70	/data/1_users/pezoldt/man_annotation/stripy/v1/NG050/NG050_P1_CC12/72_0.hdf5	72_0	None	None	stripy_center	0	[1.00000000e+01 8.96349609e+02 3.14224243e+02 8.76936972e-01]	[1.00000000e+01 8.96349609e+02 3.14224243e+02 8.76936972e-01]						0.hdf5	72
71	/data/1_users/pezoldt/man_annotation/stripy/v1/NG050/NG050_P1_CC12/73_0.hdf5	73_0	None	None	Undefined	0	[5.00000000e+00 9.75478882e+02 1.54569382e+02 8.82290661e-01]	[5.00000000e+00 9.75478882e+02 1.54569382e+02 8.82290661e-01]						0.hdf5	73
72	/data/1_users/pezoldt/man_annotation/stripy/v1/NG050/NG050_P1_CC12/74_0.hdf5	74_0	None	None	normi_circle	0	[1.00000000e+01 9.94223633e+02 3.37783875e+02 8.72937381e-01]	[1.00000000e+01 9.94223633e+02 3.37783875e+02 8.72937381e-01]						0.hdf5	74
73	/data/1_users/pezoldt/man_annotation/stripy/v1/NG050/NG050_P1_CC12/75_0.hdf5	75_0	None	None	Undefined	0	[  8.         613.17449951 303.79156494   0.87340027]	[  8.         613.17449951 303.79156494   0.87340027]						0.hdf5	75
74	/data/1_users/pezoldt/man_annotation/stripy/v1/NG050/NG050_P1_CC12/76_0.hdf5	76_0	None	None	stripy_nucleus	0	[  3.         746.01452637 209.17950439   0.87370604]	[  3.         746.01452637 209.17950439   0.87370604]						0.hdf5	76
75	/data/1_users/pezoldt/man_annotation/stripy/v1/NG050/NG050_P1_CC12/77_0.hdf5	77_0	None	None	Undefined	0	[  4.         842.25488281 315.68334961   0.87208915]	[  4.         842.25488281 315.68334961   0.87208915]						0.hdf5	77
76	/data/1_users/pezoldt/man_annotation/stripy/v1/NG050/NG050_P1_CC12/78_0.hdf5	78_0	None	None	normi_circle	0	[ 10.         777.84393311 185.00949097   0.87847251]	[ 10.         777.84393311 185.00949097   0.87847251]						0.hdf5	78
77	/data/1_users/pezoldt/man_annotation/stripy/v1/NG050/NG050_P1_CC12/79_0.hdf5	79_0	None	None	Undefined	0	[ 10.         787.20654297 308.35894775   0.87242544]	[ 10.         787.20654297 308.35894775   0.87242544]						0.hdf5	79
78	/data/1_users/pezoldt/man_annotation/stripy/v1/NG050/NG050_P1_CC12/80_0.hdf5	80_0	None	None	normi_circle	0	[  9.         785.23791504 324.6940918    0.87378901]	[  9.         785.23791504 324.6940918    0.87378901]						0.hdf5	80
79	/data/1_users/pezoldt/man_annotation/stripy/v1/NG050/NG050_P1_CC12/81_0.hdf5	81_0	None	None	Undefined	0	[  9.         860.1776123  303.77371216   0.86956531]	[  9.         860.1776123  303.77371216   0.86956531]						0.hdf5	81
80	/data/1_users/pezoldt/man_annotation/stripy/v1/NG050/NG050_P1_CC12/82_0.hdf5	82_0	None	None	Undefined	0	[9.00000000e+00 1.10781616e+03 2.60196777e+02 8.84182394e-01]	[9.00000000e+00 1.10781616e+03 2.60196777e+02 8.84182394e-01]						0.hdf5	82
81	/data/1_users/pezoldt/man_annotation/stripy/v1/NG050/NG050_P1_CC12/83_0.hdf5	83_0	None	None	stripy_center	0	[1.00000000e+01 1.02870740e+03 2.04826630e+02 8.85901928e-01]	[1.00000000e+01 1.02870740e+03 2.04826630e+02 8.85901928e-01]						0.hdf5	83
82	/data/1_users/pezoldt/man_annotation/stripy/v1/NG050/NG050_P1_CC12/84_0.hdf5	84_0	None	None	stripy_center	0	[  8.         687.72473145 307.38934326   0.87411511]	[  8.         687.72473145 307.38934326   0.87411511]						0.hdf5	84
83	/data/1_users/pezoldt/man_annotation/stripy/v1/NG050/NG050_P1_CC12/85_0.hdf5	85_0	None	None	Undefined	0	[  4.         610.27270508 274.31796265   0.87488991]	[  4.         610.27270508 274.31796265   0.87488991]						0.hdf5	85
84	/data/1_users/pezoldt/man_annotation/stripy/v1/NG050/NG050_P1_CC12/86_0.hdf5	86_0	None	None	normi_circle	0	[  9.         664.28399658 270.88318634   0.8761912 ]	[  9.         664.28399658 270.88318634   0.8761912 ]						0.hdf5	86
85	/data/1_users/pezoldt/man_annotation/stripy/v1/NG050/NG050_P1_CC12/87_0.hdf5	87_0	None	None	Undefined	0	[1.00000000e+01 9.31600525e+02 2.81479309e+02 8.75591695e-01]	[1.00000000e+01 9.31600525e+02 2.81479309e+02 8.75591695e-01]						0.hdf5	87
86	/data/1_users/pezoldt/man_annotation/stripy/v1/NG050/NG050_P1_CC12/88_0.hdf5	88_0	None	None	Undefined	0	[  9.         778.84472656 290.95147705   0.86926264]	[  9.         778.84472656 290.95147705   0.86926264]						0.hdf5	88
87	/data/1_users/pezoldt/man_annotation/stripy/v1/NG050/NG050_P1_CC12/89_0.hdf5	89_0	None	None	Undefined	0	[5.00000000e+00 1.07333618e+03 3.09913330e+02 8.80169094e-01]	[5.00000000e+00 1.07333618e+03 3.09913330e+02 8.80169094e-01]						0.hdf5	89
7	/data/1_users/pezoldt/man_annotation/stripy/v1/NG050/NG050_P1_CC12/8_0.hdf5	8_0	None	None	stripy_nucleus	0	[1.00000000e+01 9.47038635e+02 1.04206390e+02 8.66346538e-01]	[1.00000000e+01 9.47038635e+02 1.04206390e+02 8.66346538e-01]						0.hdf5	8
88	/data/1_users/pezoldt/man_annotation/stripy/v1/NG050/NG050_P1_CC12/90_0.hdf5	90_0	None	None	normi_demicircle	0	[ 10.         770.50610352 294.58654785   0.87375593]	[ 10.         770.50610352 294.58654785   0.87375593]						0.hdf5	90
89	/data/1_users/pezoldt/man_annotation/stripy/v1/NG050/NG050_P1_CC12/92_0.hdf5	92_0	None	None	Undefined	0	[ 10.         744.24267578 202.53903198   0.87782729]	[ 10.         744.24267578 202.53903198   0.87782729]						0.hdf5	92
90	/data/1_users/pezoldt/man_annotation/stripy/v1/NG050/NG050_P1_CC12/93_0.hdf5	93_0	None	None	stripy_center	0	[  8.         723.73352051 199.42739868   0.87561786]	[  8.         723.73352051 199.42739868   0.87561786]						0.hdf5	93
91	/data/1_users/pezoldt/man_annotation/stripy/v1/NG050/NG050_P1_CC12/94_0.hdf5	94_0	None	None	Undefined	0	[5.00000000e+00 9.84081848e+02 3.08151245e+02 8.91732037e-01]	[5.00000000e+00 9.84081848e+02 3.08151245e+02 8.91732037e-01]						0.hdf5	94
92	/data/1_users/pezoldt/man_annotation/stripy/v1/NG050/NG050_P1_CC12/95_0.hdf5	95_0	None	None	stripy_nucleus	0	[1.00000000e+01 9.33393555e+02 1.50194153e+02 8.74750853e-01]	[1.00000000e+01 9.33393555e+02 1.50194153e+02 8.74750853e-01]						0.hdf5	95
8	/data/1_users/pezoldt/man_annotation/stripy/v1/NG050/NG050_P1_CC12/9_0.hdf5	9_0	None	None	Undefined	0	[  5.         797.80883789 311.13204956   0.8413735 ]	[  5.         797.80883789 311.13204956   0.8413735 ]						0.hdf5	9
93	/data/1_users/pezoldt/man_annotation/stripy/v1/NG050/NG050_P1_CC5/0_0.hdf5	0_0	None	None	stripy_nucleus	0	[  8.         564.96948242  91.28707886   0.88054925]	[  8.         564.96948242  91.28707886   0.88054925]						0.hdf5	0
103	/data/1_users/pezoldt/man_annotation/stripy/v1/NG050/NG050_P1_CC5/10_0.hdf5	10_0	None	None	Undefined	0	[  3.         423.84832764 297.6418457    0.88270974]	[  3.         423.84832764 297.6418457    0.88270974]						0.hdf5	10
104	/data/1_users/pezoldt/man_annotation/stripy/v1/NG050/NG050_P1_CC5/11_0.hdf5	11_0	None	None	Undefined	0	[  7.         739.84924316 210.23971558   0.87198114]	[  7.         739.84924316 210.23971558   0.87198114]						0.hdf5	11
105	/data/1_users/pezoldt/man_annotation/stripy/v1/NG050/NG050_P1_CC5/12_0.hdf5	12_0	None	None	Undefined	0	[  7.         777.48175049 326.99243164   0.87219059]	[  7.         777.48175049 326.99243164   0.87219059]						0.hdf5	12
106	/data/1_users/pezoldt/man_annotation/stripy/v1/NG050/NG050_P1_CC5/15_0.hdf5	15_0	None	None	normi_circle	0	[  6.         478.79180908 330.99481201   0.87233591]	[  6.         478.79180908 330.99481201   0.87233591]						0.hdf5	15
107	/data/1_users/pezoldt/man_annotation/stripy/v1/NG050/NG050_P1_CC5/16_0.hdf5	16_0	None	None	stripy_center	0	[8.00000000e+00 1.05012720e+03 2.23860840e+02 8.93819988e-01]	[8.00000000e+00 1.05012720e+03 2.23860840e+02 8.93819988e-01]						0.hdf5	16
108	/data/1_users/pezoldt/man_annotation/stripy/v1/NG050/NG050_P1_CC5/17_0.hdf5	17_0	None	None	Undefined	0	[  6.         669.13549805 123.81617737   0.87210971]	[  6.         669.13549805 123.81617737   0.87210971]						0.hdf5	17
109	/data/1_users/pezoldt/man_annotation/stripy/v1/NG050/NG050_P1_CC5/18_0.hdf5	18_0	None	None	normi_demicircle	0	[  6.         540.7588501  262.84579468   0.87726337]	[  6.         540.7588501  262.84579468   0.87726337]						0.hdf5	18
110	/data/1_users/pezoldt/man_annotation/stripy/v1/NG050/NG050_P1_CC5/19_0.hdf5	19_0	None	None	stripy_nucleus	0	[  7.         616.28820801 214.50204468   0.87464213]	[  7.         616.28820801 214.50204468   0.87464213]						0.hdf5	19
94	/data/1_users/pezoldt/man_annotation/stripy/v1/NG050/NG050_P1_CC5/1_0.hdf5	1_0	None	None	stripy_center	0	[  8.         546.0703125  119.79718018   0.87033814]	[  8.         546.0703125  119.79718018   0.87033814]						0.hdf5	1
111	/data/1_users/pezoldt/man_annotation/stripy/v1/NG050/NG050_P1_CC5/20_0.hdf5	20_0	None	None	Undefined	0	[  6.         426.48040771 201.75186157   0.87450731]	[  6.         426.48040771 201.75186157   0.87450731]						0.hdf5	20
112	/data/1_users/pezoldt/man_annotation/stripy/v1/NG050/NG050_P1_CC5/21_0.hdf5	21_0	None	None	normi_circle	0	[  4.         713.11761475 317.96282959   0.88711601]	[  4.         713.11761475 317.96282959   0.88711601]						0.hdf5	21
113	/data/1_users/pezoldt/man_annotation/stripy/v1/NG050/NG050_P1_CC5/22_0.hdf5	22_0	None	None	Undefined	0	[  1.         801.19342041 322.90582275   0.87126154]	[  1.         801.19342041 322.90582275   0.87126154]						0.hdf5	22
114	/data/1_users/pezoldt/man_annotation/stripy/v1/NG050/NG050_P1_CC5/23_0.hdf5	23_0	None	None	normi_demicircle	0	[  7.         601.14416504 239.93585205   0.87490517]	[  7.         601.14416504 239.93585205   0.87490517]						0.hdf5	23
115	/data/1_users/pezoldt/man_annotation/stripy/v1/NG050/NG050_P1_CC5/24_0.hdf5	24_0	None	None	Undefined	0	[  4.         197.30932617 123.48841858   0.87825251]	[  4.         197.30932617 123.48841858   0.87825251]						0.hdf5	24
116	/data/1_users/pezoldt/man_annotation/stripy/v1/NG050/NG050_P1_CC5/25_0.hdf5	25_0	None	None	normi_circle	0	[  4.         221.25367737 290.8494873    0.85906601]	[  4.         221.25367737 290.8494873    0.85906601]						0.hdf5	25
117	/data/1_users/pezoldt/man_annotation/stripy/v1/NG050/NG050_P1_CC5/26_0.hdf5	26_0	None	None	normi_circle	0	[  2.         625.20227051 320.47015381   0.86792833]	[  2.         625.20227051 320.47015381   0.86792833]						0.hdf5	26
118	/data/1_users/pezoldt/man_annotation/stripy/v1/NG050/NG050_P1_CC5/27_0.hdf5	27_0	None	None	normi_demicircle	0	[  5.         464.11465454 137.5171814    0.87319708]	[  5.         464.11465454 137.5171814    0.87319708]						0.hdf5	27
119	/data/1_users/pezoldt/man_annotation/stripy/v1/NG050/NG050_P1_CC5/28_0.hdf5	28_0	None	None	stripy_center	0	[  5.         865.11779785 324.20471191   0.8847087 ]	[  5.         865.11779785 324.20471191   0.8847087 ]						0.hdf5	28
120	/data/1_users/pezoldt/man_annotation/stripy/v1/NG050/NG050_P1_CC5/29_0.hdf5	29_0	None	None	Undefined	0	[  4.         645.24993896 327.87854004   0.8737669 ]	[  4.         645.24993896 327.87854004   0.8737669 ]						0.hdf5	29
95	/data/1_users/pezoldt/man_annotation/stripy/v1/NG050/NG050_P1_CC5/2_0.hdf5	2_0	None	None	normi_circle	0	[  7.         705.0546875  312.30181885   0.85975623]	[  7.         705.0546875  312.30181885   0.85975623]						0.hdf5	2
121	/data/1_users/pezoldt/man_annotation/stripy/v1/NG050/NG050_P1_CC5/30_0.hdf5	30_0	None	None	normi_circle	0	[  7.         682.93640137 337.2166748    0.87669903]	[  7.         682.93640137 337.2166748    0.87669903]						0.hdf5	30
122	/data/1_users/pezoldt/man_annotation/stripy/v1/NG050/NG050_P1_CC5/31_0.hdf5	31_0	None	None	normi_demicircle	0	[  1.         709.50762939 338.31686401   0.87542373]	[  1.         709.50762939 338.31686401   0.87542373]						0.hdf5	31
123	/data/1_users/pezoldt/man_annotation/stripy/v1/NG050/NG050_P1_CC5/32_0.hdf5	32_0	None	None	stripy_center	0	[  5.         147.26654434 219.9526062    0.8789115 ]	[  5.         147.26654434 219.9526062    0.8789115 ]						0.hdf5	32
124	/data/1_users/pezoldt/man_annotation/stripy/v1/NG050/NG050_P1_CC5/33_0.hdf5	33_0	None	None	stripy_center	0	[  5.         350.02954102 230.78158569   0.8704347 ]	[  5.         350.02954102 230.78158569   0.8704347 ]						0.hdf5	33
125	/data/1_users/pezoldt/man_annotation/stripy/v1/NG050/NG050_P1_CC5/34_0.hdf5	34_0	None	None	Undefined	0	[  6.         486.67050171 185.25924683   0.87406397]	[  6.         486.67050171 185.25924683   0.87406397]						0.hdf5	34
126	/data/1_users/pezoldt/man_annotation/stripy/v1/NG050/NG050_P1_CC5/35_0.hdf5	35_0	None	None	normi_demicircle	0	[  6.         766.00360107 303.4465332    0.855964  ]	[  6.         766.00360107 303.4465332    0.855964  ]						0.hdf5	35
127	/data/1_users/pezoldt/man_annotation/stripy/v1/NG050/NG050_P1_CC5/36_0.hdf5	36_0	None	None	normi_circle	0	[  6.         698.3927002  314.38647461   0.87432551]	[  6.         698.3927002  314.38647461   0.87432551]						0.hdf5	36
128	/data/1_users/pezoldt/man_annotation/stripy/v1/NG050/NG050_P1_CC5/37_0.hdf5	37_0	None	None	normi_circle	0	[  3.         105.48099518 122.17051697   0.87780792]	[  3.         105.48099518 122.17051697   0.87780792]						0.hdf5	37
129	/data/1_users/pezoldt/man_annotation/stripy/v1/NG050/NG050_P1_CC5/38_0.hdf5	38_0	None	None	Undefined	0		[  3.         407.17419434  99.1194458    0.85899127]	[  3.         407.17419434  99.1194458    0.85899127]	[  3.         449.86676025 107.18023682   0.83690268]				0.hdf5	38
130	/data/1_users/pezoldt/man_annotation/stripy/v1/NG050/NG050_P1_CC5/38_1.hdf5	38_1	None	None	Undefined	0		[  3.         449.86676025 107.18023682   0.83690268]	[  3.         407.17419434  99.1194458    0.85899127]	[  3.         449.86676025 107.18023682   0.83690268]				1.hdf5	38
131	/data/1_users/pezoldt/man_annotation/stripy/v1/NG050/NG050_P1_CC5/39_0.hdf5	39_0	None	None	Undefined	0	[  6.         587.12976074 132.34767151   0.86944997]	[  6.         587.12976074 132.34767151   0.86944997]						0.hdf5	39
96	/data/1_users/pezoldt/man_annotation/stripy/v1/NG050/NG050_P1_CC5/3_0.hdf5	3_0	None	None	Undefined	0	[  8.         769.43481445 185.37857056   0.88934755]	[  8.         769.43481445 185.37857056   0.88934755]						0.hdf5	3
132	/data/1_users/pezoldt/man_annotation/stripy/v1/NG050/NG050_P1_CC5/40_0.hdf5	40_0	None	None	stripy_nucleus	0	[  6.         632.09594727 177.58070374   0.87590712]	[  6.         632.09594727 177.58070374   0.87590712]						0.hdf5	40
133	/data/1_users/pezoldt/man_annotation/stripy/v1/NG050/NG050_P1_CC5/41_0.hdf5	41_0	None	None	normi_demicircle	0	[  3.         372.67687988 293.25823975   0.86868411]	[  3.         372.67687988 293.25823975   0.86868411]						0.hdf5	41
134	/data/1_users/pezoldt/man_annotation/stripy/v1/NG050/NG050_P1_CC5/42_0.hdf5	42_0	None	None	Undefined	0	[  6.         742.00390625 153.37226868   0.89243644]	[  6.         742.00390625 153.37226868   0.89243644]						0.hdf5	42
135	/data/1_users/pezoldt/man_annotation/stripy/v1/NG050/NG050_P1_CC5/43_0.hdf5	43_0	None	None	Undefined	0	[  2.         325.83779907 263.57055664   0.89305836]	[  2.         325.83779907 263.57055664   0.89305836]						0.hdf5	43
136	/data/1_users/pezoldt/man_annotation/stripy/v1/NG050/NG050_P1_CC5/44_0.hdf5	44_0	None	None	Undefined	0		[  3.         424.9309082  104.5891571    0.85073769]	[  3.         424.9309082  104.5891571    0.85073769]	[  4.         378.99047852 119.19547272   0.86437577]				0.hdf5	44
137	/data/1_users/pezoldt/man_annotation/stripy/v1/NG050/NG050_P1_CC5/44_1.hdf5	44_1	None	None	Undefined	0		[  4.         378.99047852 119.19547272   0.86437577]	[  3.         424.9309082  104.5891571    0.85073769]	[  4.         378.99047852 119.19547272   0.86437577]				1.hdf5	44
138	/data/1_users/pezoldt/man_annotation/stripy/v1/NG050/NG050_P1_CC5/45_0.hdf5	45_0	None	None	stripy_center	0	[  6.         789.76062012 163.21423721   0.89390343]	[  6.         789.76062012 163.21423721   0.89390343]						0.hdf5	45
139	/data/1_users/pezoldt/man_annotation/stripy/v1/NG050/NG050_P1_CC5/46_0.hdf5	46_0	None	None	stripy_center	0	[  6.         661.84320068 181.26715088   0.89242941]	[  6.         661.84320068 181.26715088   0.89242941]						0.hdf5	46
140	/data/1_users/pezoldt/man_annotation/stripy/v1/NG050/NG050_P1_CC5/47_0.hdf5	47_0	None	None	Undefined	0	[  0.         735.12579346 307.45593262   0.88118243]	[  0.         735.12579346 307.45593262   0.88118243]						0.hdf5	47
141	/data/1_users/pezoldt/man_annotation/stripy/v1/NG050/NG050_P1_CC5/48_0.hdf5	48_0	None	None	Undefined	0	[  3.         448.15222168 317.51489258   0.86909503]	[  3.         448.15222168 317.51489258   0.86909503]						0.hdf5	48
142	/data/1_users/pezoldt/man_annotation/stripy/v1/NG050/NG050_P1_CC5/49_0.hdf5	49_0	None	None	Undefined	0	[  0.         568.35821533 317.33596802   0.88263768]	[  0.         568.35821533 317.33596802   0.88263768]						0.hdf5	49
97	/data/1_users/pezoldt/man_annotation/stripy/v1/NG050/NG050_P1_CC5/4_0.hdf5	4_0	None	None	stripy_nucleus	0	[  7.         783.86309814 282.97058105   0.89105546]	[  7.         783.86309814 282.97058105   0.89105546]						0.hdf5	4
143	/data/1_users/pezoldt/man_annotation/stripy/v1/NG050/NG050_P1_CC5/50_0.hdf5	50_0	None	None	Undefined	0	[  4.         431.57128906 148.69726562   0.87178171]	[  4.         431.57128906 148.69726562   0.87178171]						0.hdf5	50
144	/data/1_users/pezoldt/man_annotation/stripy/v1/NG050/NG050_P1_CC5/51_0.hdf5	51_0	None	None	Undefined	0		[  4.         298.14215088 175.72431946   0.86850619]	[  4.         298.14215088 175.72431946   0.86850619]	[  6.         473.90481567 193.9032135    0.87629455]				0.hdf5	51
145	/data/1_users/pezoldt/man_annotation/stripy/v1/NG050/NG050_P1_CC5/51_1.hdf5	51_1	None	None	normi_demicircle	0		[  6.         473.90481567 193.9032135    0.87629455]	[  4.         298.14215088 175.72431946   0.86850619]	[  6.         473.90481567 193.9032135    0.87629455]				1.hdf5	51
146	/data/1_users/pezoldt/man_annotation/stripy/v1/NG050/NG050_P1_CC5/52_0.hdf5	52_0	None	None	stripy_nucleus	0		[  4.         349.78009033 259.98162842   0.86279178]	[  4.         349.78009033 259.98162842   0.86279178]	[  8.         204.63183594 243.25213623   0.87594336]				0.hdf5	52
147	/data/1_users/pezoldt/man_annotation/stripy/v1/NG050/NG050_P1_CC5/52_1.hdf5	52_1	None	None	Undefined	0		[  8.         204.63183594 243.25213623   0.87594336]	[  4.         349.78009033 259.98162842   0.86279178]	[  8.         204.63183594 243.25213623   0.87594336]				1.hdf5	52
148	/data/1_users/pezoldt/man_annotation/stripy/v1/NG050/NG050_P1_CC5/54_0.hdf5	54_0	None	None	stripy_nucleus	0	[  5.         633.25       146.04463196   0.87235558]	[  5.         633.25       146.04463196   0.87235558]						0.hdf5	54
149	/data/1_users/pezoldt/man_annotation/stripy/v1/NG050/NG050_P1_CC5/55_0.hdf5	55_0	None	None	normi_demicircle	0	[  4.         640.39111328 318.82174683   0.8901282 ]	[  4.         640.39111328 318.82174683   0.8901282 ]						0.hdf5	55
150	/data/1_users/pezoldt/man_annotation/stripy/v1/NG050/NG050_P1_CC5/56_0.hdf5	56_0	None	None	Undefined	0	[  5.         464.03015137 210.48353577   0.87209415]	[  5.         464.03015137 210.48353577   0.87209415]						0.hdf5	56
151	/data/1_users/pezoldt/man_annotation/stripy/v1/NG050/NG050_P1_CC5/57_0.hdf5	57_0	None	None	normi_circle	0	[  5.         713.88720703 229.56800842   0.86784124]	[  5.         713.88720703 229.56800842   0.86784124]						0.hdf5	57
152	/data/1_users/pezoldt/man_annotation/stripy/v1/NG050/NG050_P1_CC5/58_0.hdf5	58_0	None	None	Undefined	0	[  5.         757.20837402 264.23352051   0.86812025]	[  5.         757.20837402 264.23352051   0.86812025]						0.hdf5	58
153	/data/1_users/pezoldt/man_annotation/stripy/v1/NG050/NG050_P1_CC5/59_0.hdf5	59_0	None	None	Undefined	0	[  3.         824.1986084  288.28463745   0.88317925]	[  3.         824.1986084  288.28463745   0.88317925]						0.hdf5	59
98	/data/1_users/pezoldt/man_annotation/stripy/v1/NG050/NG050_P1_CC5/5_0.hdf5	5_0	None	None	stripy_center	0	[  3.         500.72357178 292.64474487   0.88324159]	[  3.         500.72357178 292.64474487   0.88324159]						0.hdf5	5
154	/data/1_users/pezoldt/man_annotation/stripy/v1/NG050/NG050_P1_CC5/60_0.hdf5	60_0	None	None	Undefined	0	[6.00000000e+00 9.41986572e+02 2.77278191e+02 8.88446331e-01]	[6.00000000e+00 9.41986572e+02 2.77278191e+02 8.88446331e-01]						0.hdf5	60
155	/data/1_users/pezoldt/man_annotation/stripy/v1/NG050/NG050_P1_CC5/61_0.hdf5	61_0	None	None	stripy_nucleus	0	[  5.         525.40368652 129.83612442   0.88324893]	[  5.         525.40368652 129.83612442   0.88324893]						0.hdf5	61
156	/data/1_users/pezoldt/man_annotation/stripy/v1/NG050/NG050_P1_CC5/62_0.hdf5	62_0	None	None	Undefined	0	[6.00000000e+00 1.16959644e+03 3.05481262e+02 8.85574043e-01]	[6.00000000e+00 1.16959644e+03 3.05481262e+02 8.85574043e-01]						0.hdf5	62
157	/data/1_users/pezoldt/man_annotation/stripy/v1/NG050/NG050_P1_CC5/63_0.hdf5	63_0	None	None	Undefined	0	[  6.         793.43969727 292.93304443   0.87568539]	[  6.         793.43969727 292.93304443   0.87568539]						0.hdf5	63
158	/data/1_users/pezoldt/man_annotation/stripy/v1/NG050/NG050_P1_CC5/64_0.hdf5	64_0	None	None	Undefined	0	[5.00000000e+00 8.30221985e+02 2.33970398e+02 8.08840275e-01]	[5.00000000e+00 8.30221985e+02 2.33970398e+02 8.08840275e-01]						0.hdf5	64
159	/data/1_users/pezoldt/man_annotation/stripy/v1/NG050/NG050_P1_CC5/66_0.hdf5	66_0	None	None	stripy_nucleus	0	[  5.         613.82092285 216.77767944   0.87493426]	[  5.         613.82092285 216.77767944   0.87493426]						0.hdf5	66
160	/data/1_users/pezoldt/man_annotation/stripy/v1/NG050/NG050_P1_CC5/67_0.hdf5	67_0	None	None	normi_demicircle	0	[  5.         859.30383301 318.55133057   0.87697411]	[  5.         859.30383301 318.55133057   0.87697411]						0.hdf5	67
161	/data/1_users/pezoldt/man_annotation/stripy/v1/NG050/NG050_P1_CC5/68_0.hdf5	68_0	None	None	Undefined	0	[  4.         697.43041992 231.1665802    0.87964094]	[  4.         697.43041992 231.1665802    0.87964094]						0.hdf5	68
162	/data/1_users/pezoldt/man_annotation/stripy/v1/NG050/NG050_P1_CC5/69_0.hdf5	69_0	None	None	stripy_nucleus	0	[  5.         620.79431152 244.66372681   0.86393666]	[  5.         620.79431152 244.66372681   0.86393666]						0.hdf5	69
99	/data/1_users/pezoldt/man_annotation/stripy/v1/NG050/NG050_P1_CC5/6_0.hdf5	6_0	None	None	stripy_center	0	[  8.         698.64587402 280.28754425   0.87985104]	[  8.         698.64587402 280.28754425   0.87985104]						0.hdf5	6
163	/data/1_users/pezoldt/man_annotation/stripy/v1/NG050/NG050_P1_CC5/70_0.hdf5	70_0	None	None	Undefined	0	[  2.         586.64758301 323.47073364   0.87200385]	[  2.         586.64758301 323.47073364   0.87200385]						0.hdf5	70
164	/data/1_users/pezoldt/man_annotation/stripy/v1/NG050/NG050_P1_CC5/71_0.hdf5	71_0	None	None	Undefined	0	[0.00000000e+00 9.94499878e+02 3.40685547e+02 8.72616947e-01]	[0.00000000e+00 9.94499878e+02 3.40685547e+02 8.72616947e-01]						0.hdf5	71
165	/data/1_users/pezoldt/man_annotation/stripy/v1/NG050/NG050_P1_CC5/72_0.hdf5	72_0	None	None	Undefined	0	[  0.         462.96090698 145.33476257   0.84555215]	[  0.         462.96090698 145.33476257   0.84555215]						0.hdf5	72
166	/data/1_users/pezoldt/man_annotation/stripy/v1/NG050/NG050_P1_CC5/73_0.hdf5	73_0	None	None	normi_circle	0	[  3.         394.77511597 249.02764893   0.85988289]	[  3.         394.77511597 249.02764893   0.85988289]						0.hdf5	73
167	/data/1_users/pezoldt/man_annotation/stripy/v1/NG050/NG050_P1_CC5/74_0.hdf5	74_0	None	None	stripy_nucleus	0		[  5.         826.71130371 258.80828857   0.86875337]	[  5.         826.71130371 258.80828857   0.86875337]	[  8.         463.01379395 177.00912476   0.86874098]				0.hdf5	74
168	/data/1_users/pezoldt/man_annotation/stripy/v1/NG050/NG050_P1_CC5/74_1.hdf5	74_1	None	None	Undefined	0		[  8.         463.01379395 177.00912476   0.86874098]	[  5.         826.71130371 258.80828857   0.86875337]	[  8.         463.01379395 177.00912476   0.86874098]				1.hdf5	74
169	/data/1_users/pezoldt/man_annotation/stripy/v1/NG050/NG050_P1_CC5/75_0.hdf5	75_0	None	None	normi_demicircle	0	[  5.         548.49609375 180.50769043   0.86633092]	[  5.         548.49609375 180.50769043   0.86633092]						0.hdf5	75
170	/data/1_users/pezoldt/man_annotation/stripy/v1/NG050/NG050_P1_CC5/76_0.hdf5	76_0	None	None	Undefined	0	[  2.         630.45953369  96.86244965   0.87924415]	[  2.         630.45953369  96.86244965   0.87924415]						0.hdf5	76
171	/data/1_users/pezoldt/man_annotation/stripy/v1/NG050/NG050_P1_CC5/77_0.hdf5	77_0	None	None	normi_demicircle	0	[  0.         810.55041504 325.40252686   0.86345148]	[  0.         810.55041504 325.40252686   0.86345148]						0.hdf5	77
172	/data/1_users/pezoldt/man_annotation/stripy/v1/NG050/NG050_P1_CC5/78_0.hdf5	78_0	None	None	stripy_center	0	[  5.         810.97613525 285.48297119   0.87799764]	[  5.         810.97613525 285.48297119   0.87799764]						0.hdf5	78
173	/data/1_users/pezoldt/man_annotation/stripy/v1/NG050/NG050_P1_CC5/79_0.hdf5	79_0	None	None	normi_demicircle	0	[  4.         426.28152466 252.24378967   0.87798327]	[  4.         426.28152466 252.24378967   0.87798327]						0.hdf5	79
100	/data/1_users/pezoldt/man_annotation/stripy/v1/NG050/NG050_P1_CC5/7_0.hdf5	7_0	None	None	Undefined	0	[  6.         580.07128906 304.07296753   0.87161732]	[  6.         580.07128906 304.07296753   0.87161732]						0.hdf5	7
174	/data/1_users/pezoldt/man_annotation/stripy/v1/NG050/NG050_P1_CC5/80_0.hdf5	80_0	None	None	stripy_nucleus	0	[  4.         560.95776367 288.47625732   0.86833811]	[  4.         560.95776367 288.47625732   0.86833811]						0.hdf5	80
175	/data/1_users/pezoldt/man_annotation/stripy/v1/NG050/NG050_P1_CC5/82_0.hdf5	82_0	None	None	normi_circle	0	[  1.         708.21289062 331.28302002   0.87559944]	[  1.         708.21289062 331.28302002   0.87559944]						0.hdf5	82
176	/data/1_users/pezoldt/man_annotation/stripy/v1/NG050/NG050_P1_CC5/83_0.hdf5	83_0	None	None	Undefined	0	[  4.         856.30230713 308.84320068   0.89182258]	[  4.         856.30230713 308.84320068   0.89182258]						0.hdf5	83
177	/data/1_users/pezoldt/man_annotation/stripy/v1/NG050/NG050_P1_CC5/84_0.hdf5	84_0	None	None	normi_circle	0	[  4.         370.8850708  158.3059082    0.87092513]	[  4.         370.8850708  158.3059082    0.87092513]						0.hdf5	84
178	/data/1_users/pezoldt/man_annotation/stripy/v1/NG050/NG050_P1_CC5/85_0.hdf5	85_0	None	None	Undefined	0	[  4.         714.0345459  261.28790283   0.87410778]	[  4.         714.0345459  261.28790283   0.87410778]						0.hdf5	85
179	/data/1_users/pezoldt/man_annotation/stripy/v1/NG050/NG050_P1_CC5/86_0.hdf5	86_0	None	None	normi_demicircle	0	[  3.         500.67895508 117.34153748   0.86978436]	[  3.         500.67895508 117.34153748   0.86978436]						0.hdf5	86
180	/data/1_users/pezoldt/man_annotation/stripy/v1/NG050/NG050_P1_CC5/87_0.hdf5	87_0	None	None	Undefined	0	[  2.         322.19238281 281.28378296   0.87203383]	[  2.         322.19238281 281.28378296   0.87203383]						0.hdf5	87
181	/data/1_users/pezoldt/man_annotation/stripy/v1/NG050/NG050_P1_CC5/88_0.hdf5	88_0	None	None	Undefined	0	[  2.         487.89291382 249.4410553    0.88824069]	[  2.         487.89291382 249.4410553    0.88824069]						0.hdf5	88
182	/data/1_users/pezoldt/man_annotation/stripy/v1/NG050/NG050_P1_CC5/89_0.hdf5	89_0	None	None	normi_circle	0	[  4.         823.8548584  321.84472656   0.86349833]	[  4.         823.8548584  321.84472656   0.86349833]						0.hdf5	89
101	/data/1_users/pezoldt/man_annotation/stripy/v1/NG050/NG050_P1_CC5/8_0.hdf5	8_0	None	None	Undefined	0	[  7.         706.91491699 282.55786133   0.88936102]	[  7.         706.91491699 282.55786133   0.88936102]						0.hdf5	8
183	/data/1_users/pezoldt/man_annotation/stripy/v1/NG050/NG050_P1_CC5/90_0.hdf5	90_0	None	None	Undefined	0	[  2.         803.7734375  334.21170044   0.87384421]	[  2.         803.7734375  334.21170044   0.87384421]						0.hdf5	90
184	/data/1_users/pezoldt/man_annotation/stripy/v1/NG050/NG050_P1_CC5/91_0.hdf5	91_0	None	None	Undefined	0	[  2.         361.6116333  296.21655273   0.87587619]	[  2.         361.6116333  296.21655273   0.87587619]						0.hdf5	91
185	/data/1_users/pezoldt/man_annotation/stripy/v1/NG050/NG050_P1_CC5/92_0.hdf5	92_0	None	None	Undefined	0	[  5.         387.25976562 236.63830566   0.87789589]	[  5.         387.25976562 236.63830566   0.87789589]						0.hdf5	92
186	/data/1_users/pezoldt/man_annotation/stripy/v1/NG050/NG050_P1_CC5/93_0.hdf5	93_0	None	None	stripy_center	0	[  2.         359.94219971 214.59033203   0.87522662]	[  2.         359.94219971 214.59033203   0.87522662]						0.hdf5	93
187	/data/1_users/pezoldt/man_annotation/stripy/v1/NG050/NG050_P1_CC5/94_0.hdf5	94_0	None	None	stripy_center	0	[  5.         644.35693359 251.72189331   0.86784601]	[  5.         644.35693359 251.72189331   0.86784601]						0.hdf5	94
188	/data/1_users/pezoldt/man_annotation/stripy/v1/NG050/NG050_P1_CC5/95_0.hdf5	95_0	None	None	normi_circle	0	[  4.         808.79046631 302.72271729   0.87834156]	[  4.         808.79046631 302.72271729   0.87834156]						0.hdf5	95
102	/data/1_users/pezoldt/man_annotation/stripy/v1/NG050/NG050_P1_CC5/9_0.hdf5	9_0	None	None	Undefined	0	[  6.         453.01727295 159.37353516   0.87655824]	[  6.         453.01727295 159.37353516   0.87655824]						0.hdf5	9
189	/data/1_users/pezoldt/man_annotation/stripy/v1/NG050/NG050_P1_CC6/0_0.hdf5	0_0	None	None	Undefined	0	[  5.         674.96295166 270.06214142   0.87259024]	[  5.         674.96295166 270.06214142   0.87259024]						0.hdf5	0
198	/data/1_users/pezoldt/man_annotation/stripy/v1/NG050/NG050_P1_CC6/10_0.hdf5	10_0	None	None	normi_circle	0	[  1.         780.05578613 232.63395691   0.86717898]	[  1.         780.05578613 232.63395691   0.86717898]						0.hdf5	10
199	/data/1_users/pezoldt/man_annotation/stripy/v1/NG050/NG050_P1_CC6/11_0.hdf5	11_0	None	None	Undefined	0	[  7.         781.03967285 236.77130127   0.87739998]	[  7.         781.03967285 236.77130127   0.87739998]						0.hdf5	11
200	/data/1_users/pezoldt/man_annotation/stripy/v1/NG050/NG050_P1_CC6/12_0.hdf5	12_0	None	None	Undefined	0	[8.00000000e+00 8.89316895e+02 1.28725998e+02 8.70921969e-01]	[8.00000000e+00 8.89316895e+02 1.28725998e+02 8.70921969e-01]						0.hdf5	12
201	/data/1_users/pezoldt/man_annotation/stripy/v1/NG050/NG050_P1_CC6/13_0.hdf5	13_0	None	None	Undefined	0	[  1.         663.43249512  97.70014191   0.86627889]	[  1.         663.43249512  97.70014191   0.86627889]						0.hdf5	13
202	/data/1_users/pezoldt/man_annotation/stripy/v1/NG050/NG050_P1_CC6/14_0.hdf5	14_0	None	None	normi_circle	0	[  5.         540.88183594  74.15737152   0.86751831]	[  5.         540.88183594  74.15737152   0.86751831]						0.hdf5	14
203	/data/1_users/pezoldt/man_annotation/stripy/v1/NG050/NG050_P1_CC6/15_0.hdf5	15_0	None	None	Undefined	0	[  1.         736.73046875 214.58451843   0.87219507]	[  1.         736.73046875 214.58451843   0.87219507]						0.hdf5	15
204	/data/1_users/pezoldt/man_annotation/stripy/v1/NG050/NG050_P1_CC6/16_0.hdf5	16_0	None	None	Undefined	0	[  4.         275.37683868 222.08102417   0.87006634]	[  4.         275.37683868 222.08102417   0.87006634]						0.hdf5	16
205	/data/1_users/pezoldt/man_annotation/stripy/v1/NG050/NG050_P1_CC6/17_0.hdf5	17_0	None	None	stripy_center	0	[8.00000000e+00 9.38026794e+02 1.51711613e+02 8.75768006e-01]	[8.00000000e+00 9.38026794e+02 1.51711613e+02 8.75768006e-01]						0.hdf5	17
206	/data/1_users/pezoldt/man_annotation/stripy/v1/NG050/NG050_P1_CC6/18_0.hdf5	18_0	None	None	Undefined	0	[8.00000000e+00 8.95362427e+02 2.49795502e+02 8.70655656e-01]	[8.00000000e+00 8.95362427e+02 2.49795502e+02 8.70655656e-01]						0.hdf5	18
207	/data/1_users/pezoldt/man_annotation/stripy/v1/NG050/NG050_P1_CC6/19_0.hdf5	19_0	None	None	Undefined	0	[8.00000000e+00 1.00026605e+03 2.20277527e+02 8.91894162e-01]	[8.00000000e+00 1.00026605e+03 2.20277527e+02 8.91894162e-01]						0.hdf5	19
190	/data/1_users/pezoldt/man_annotation/stripy/v1/NG050/NG050_P1_CC6/1_0.hdf5	1_0	None	None	Undefined	0	[  6.         723.41320801 130.95832825   0.87391567]	[  6.         723.41320801 130.95832825   0.87391567]						0.hdf5	1
208	/data/1_users/pezoldt/man_annotation/stripy/v1/NG050/NG050_P1_CC6/20_0.hdf5	20_0	None	None	Undefined	0	[  6.         826.27282715 297.68884277   0.87003404]	[  6.         826.27282715 297.68884277   0.87003404]						0.hdf5	20
209	/data/1_users/pezoldt/man_annotation/stripy/v1/NG050/NG050_P1_CC6/21_0.hdf5	21_0	None	None	Undefined	0	[8.00000000e+00 1.06626587e+03 1.49661011e+02 8.86323035e-01]	[8.00000000e+00 1.06626587e+03 1.49661011e+02 8.86323035e-01]						0.hdf5	21
210	/data/1_users/pezoldt/man_annotation/stripy/v1/NG050/NG050_P1_CC6/22_0.hdf5	22_0	None	None	normi_circle	0	[  1.         728.1307373  219.16427612   0.88053769]	[  1.         728.1307373  219.16427612   0.88053769]						0.hdf5	22
211	/data/1_users/pezoldt/man_annotation/stripy/v1/NG050/NG050_P1_CC6/23_0.hdf5	23_0	None	None	Undefined	0	[  4.         485.27923584 255.31225586   0.89821857]	[  4.         485.27923584 255.31225586   0.89821857]						0.hdf5	23
212	/data/1_users/pezoldt/man_annotation/stripy/v1/NG050/NG050_P1_CC6/24_0.hdf5	24_0	None	None	normi_demicircle	0	[  5.         587.98425293 258.5206604    0.87459964]	[  5.         587.98425293 258.5206604    0.87459964]						0.hdf5	24
213	/data/1_users/pezoldt/man_annotation/stripy/v1/NG050/NG050_P1_CC6/25_0.hdf5	25_0	None	None	normi_circle	0	[  6.         607.83886719 275.59613037   0.87570375]	[  6.         607.83886719 275.59613037   0.87570375]						0.hdf5	25
214	/data/1_users/pezoldt/man_annotation/stripy/v1/NG050/NG050_P1_CC6/26_0.hdf5	26_0	None	None	Undefined	0	[  5.         815.6395874  283.13458252   0.87179637]	[  5.         815.6395874  283.13458252   0.87179637]						0.hdf5	26
215	/data/1_users/pezoldt/man_annotation/stripy/v1/NG050/NG050_P1_CC6/27_0.hdf5	27_0	None	None	normi_demicircle	0	[2.00000000e+00 8.75574341e+02 3.05791931e+02 8.63376379e-01]	[2.00000000e+00 8.75574341e+02 3.05791931e+02 8.63376379e-01]						0.hdf5	27
216	/data/1_users/pezoldt/man_annotation/stripy/v1/NG050/NG050_P1_CC6/28_0.hdf5	28_0	None	None	Undefined	0	[  7.         675.17578125 280.64389038   0.87094092]	[  7.         675.17578125 280.64389038   0.87094092]						0.hdf5	28
217	/data/1_users/pezoldt/man_annotation/stripy/v1/NG050/NG050_P1_CC6/29_0.hdf5	29_0	None	None	Undefined	0	[6.00000000e+00 9.14024475e+02 3.68466736e+02 8.86208415e-01]	[6.00000000e+00 9.14024475e+02 3.68466736e+02 8.86208415e-01]						0.hdf5	29
191	/data/1_users/pezoldt/man_annotation/stripy/v1/NG050/NG050_P1_CC6/2_0.hdf5	2_0	None	None	Undefined	0	[  6.         736.5177002   69.98904419   0.88390553]	[  6.         736.5177002   69.98904419   0.88390553]						0.hdf5	2
218	/data/1_users/pezoldt/man_annotation/stripy/v1/NG050/NG050_P1_CC6/30_0.hdf5	30_0	None	None	Undefined	0	[  6.         591.38879395 107.78728485   0.8698014 ]	[  6.         591.38879395 107.78728485   0.8698014 ]						0.hdf5	30
219	/data/1_users/pezoldt/man_annotation/stripy/v1/NG050/NG050_P1_CC6/31_0.hdf5	31_0	None	None	Undefined	0	[7.00000000e+00 9.11642578e+02 3.19816895e+02 8.75061452e-01]	[7.00000000e+00 9.11642578e+02 3.19816895e+02 8.75061452e-01]						0.hdf5	31
220	/data/1_users/pezoldt/man_annotation/stripy/v1/NG050/NG050_P1_CC6/32_0.hdf5	32_0	None	None	normi_circle	0	[  6.         485.49465942 122.62140656   0.87162066]	[  6.         485.49465942 122.62140656   0.87162066]						0.hdf5	32
221	/data/1_users/pezoldt/man_annotation/stripy/v1/NG050/NG050_P1_CC6/33_0.hdf5	33_0	None	None	normi_circle	0	[6.00000000e+00 8.76042236e+02 2.78964996e+02 8.67932916e-01]	[6.00000000e+00 8.76042236e+02 2.78964996e+02 8.67932916e-01]						0.hdf5	33
222	/data/1_users/pezoldt/man_annotation/stripy/v1/NG050/NG050_P1_CC6/34_0.hdf5	34_0	None	None	Undefined	0	[7.00000000e+00 9.21434998e+02 1.57988052e+02 8.95997703e-01]	[7.00000000e+00 9.21434998e+02 1.57988052e+02 8.95997703e-01]						0.hdf5	34
223	/data/1_users/pezoldt/man_annotation/stripy/v1/NG050/NG050_P1_CC6/35_0.hdf5	35_0	None	None	normi_demicircle	0	[  8.         680.88305664 145.88766861   0.87191933]	[  8.         680.88305664 145.88766861   0.87191933]						0.hdf5	35
224	/data/1_users/pezoldt/man_annotation/stripy/v1/NG050/NG050_P1_CC6/36_0.hdf5	36_0	None	None	Undefined	0	[7.00000000e+00 9.63844482e+02 2.60439270e+02 8.85771334e-01]	[7.00000000e+00 9.63844482e+02 2.60439270e+02 8.85771334e-01]						0.hdf5	36
225	/data/1_users/pezoldt/man_annotation/stripy/v1/NG050/NG050_P1_CC6/37_0.hdf5	37_0	None	None	stripy_center	0	[  5.         526.64562988 138.04333878   0.88041037]	[  5.         526.64562988 138.04333878   0.88041037]						0.hdf5	37
226	/data/1_users/pezoldt/man_annotation/stripy/v1/NG050/NG050_P1_CC6/38_0.hdf5	38_0	None	None	normi_circle	0	[  7.         487.347229   228.64376831   0.86876798]	[  7.         487.347229   228.64376831   0.86876798]						0.hdf5	38
227	/data/1_users/pezoldt/man_annotation/stripy/v1/NG050/NG050_P1_CC6/39_0.hdf5	39_0	None	None	stripy_center	0	[  6.         541.43225098 191.01431274   0.88461477]	[  6.         541.43225098 191.01431274   0.88461477]						0.hdf5	39
192	/data/1_users/pezoldt/man_annotation/stripy/v1/NG050/NG050_P1_CC6/3_0.hdf5	3_0	None	None	Undefined	0	[  3.         177.82580566  75.23690796   0.87134206]	[  3.         177.82580566  75.23690796   0.87134206]						0.hdf5	3
228	/data/1_users/pezoldt/man_annotation/stripy/v1/NG050/NG050_P1_CC6/40_0.hdf5	40_0	None	None	normi_circle	0	[  7.         872.75653076 289.29381561   0.88043875]	[  7.         872.75653076 289.29381561   0.88043875]						0.hdf5	40
229	/data/1_users/pezoldt/man_annotation/stripy/v1/NG050/NG050_P1_CC6/41_0.hdf5	41_0	None	None	Undefined	0	[  6.         617.42297363 252.19404602   0.85955024]	[  6.         617.42297363 252.19404602   0.85955024]						0.hdf5	41
230	/data/1_users/pezoldt/man_annotation/stripy/v1/NG050/NG050_P1_CC6/42_0.hdf5	42_0	None	None	normi_demicircle	0	[  3.         668.35534668 322.11791992   0.87068176]	[  3.         668.35534668 322.11791992   0.87068176]						0.hdf5	42
231	/data/1_users/pezoldt/man_annotation/stripy/v1/NG050/NG050_P1_CC6/43_0.hdf5	43_0	None	None	normi_circle	0	[  2.         519.35668945 308.34594727   0.87791365]	[  2.         519.35668945 308.34594727   0.87791365]						0.hdf5	43
232	/data/1_users/pezoldt/man_annotation/stripy/v1/NG050/NG050_P1_CC6/44_0.hdf5	44_0	None	None	stripy_center	0	[  4.         607.9621582  271.93704224   0.87621415]	[  4.         607.9621582  271.93704224   0.87621415]						0.hdf5	44
233	/data/1_users/pezoldt/man_annotation/stripy/v1/NG050/NG050_P1_CC6/45_0.hdf5	45_0	None	None	normi_demicircle	0	[  1.         524.10862732 260.29690552   0.87291044]	[  1.         524.10862732 260.29690552   0.87291044]						0.hdf5	45
234	/data/1_users/pezoldt/man_annotation/stripy/v1/NG050/NG050_P1_CC6/46_0.hdf5	46_0	None	None	normi_demicircle	0	[  5.         446.92193604 287.48285675   0.86492008]	[  5.         446.92193604 287.48285675   0.86492008]						0.hdf5	46
235	/data/1_users/pezoldt/man_annotation/stripy/v1/NG050/NG050_P1_CC6/47_0.hdf5	47_0	None	None	Undefined	0	[  6.         565.23455811 257.77928925   0.86062956]	[  6.         565.23455811 257.77928925   0.86062956]						0.hdf5	47
236	/data/1_users/pezoldt/man_annotation/stripy/v1/NG050/NG050_P1_CC6/48_0.hdf5	48_0	None	None	normi_circle	0	[  6.         519.86651611 192.53712463   0.87087297]	[  6.         519.86651611 192.53712463   0.87087297]						0.hdf5	48
237	/data/1_users/pezoldt/man_annotation/stripy/v1/NG050/NG050_P1_CC6/49_0.hdf5	49_0	None	None	Undefined	0	[6.00000000e+00 9.24499207e+02 3.27700684e+02 8.63320410e-01]	[6.00000000e+00 9.24499207e+02 3.27700684e+02 8.63320410e-01]						0.hdf5	49
193	/data/1_users/pezoldt/man_annotation/stripy/v1/NG050/NG050_P1_CC6/4_0.hdf5	4_0	None	None	stripy_nucleus	0	[  3.         805.53063965 275.03565216   0.88345832]	[  3.         805.53063965 275.03565216   0.88345832]						0.hdf5	4
238	/data/1_users/pezoldt/man_annotation/stripy/v1/NG050/NG050_P1_CC6/50_0.hdf5	50_0	None	None	Undefined	0	[  4.         528.48620605 169.95322037   0.88126194]	[  4.         528.48620605 169.95322037   0.88126194]						0.hdf5	50
239	/data/1_users/pezoldt/man_annotation/stripy/v1/NG050/NG050_P1_CC6/51_0.hdf5	51_0	None	None	stripy_nucleus	0	[  1.         661.00842285 313.04434204   0.87057555]	[  1.         661.00842285 313.04434204   0.87057555]						0.hdf5	51
240	/data/1_users/pezoldt/man_annotation/stripy/v1/NG050/NG050_P1_CC6/52_0.hdf5	52_0	None	None	normi_circle	0	[  7.         799.51312256 142.64550781   0.85938257]	[  7.         799.51312256 142.64550781   0.85938257]						0.hdf5	52
241	/data/1_users/pezoldt/man_annotation/stripy/v1/NG050/NG050_P1_CC6/53_0.hdf5	53_0	None	None	normi_circle	0	[  6.         454.13946533 167.45669556   0.87257373]	[  6.         454.13946533 167.45669556   0.87257373]						0.hdf5	53
242	/data/1_users/pezoldt/man_annotation/stripy/v1/NG050/NG050_P1_CC6/54_0.hdf5	54_0	None	None	normi_circle	0	[  2.         477.40942383 282.45441437   0.87252873]	[  2.         477.40942383 282.45441437   0.87252873]						0.hdf5	54
243	/data/1_users/pezoldt/man_annotation/stripy/v1/NG050/NG050_P1_CC6/55_0.hdf5	55_0	None	None	stripy_center	0	[  3.         321.34719849 198.71827698   0.88171828]	[  3.         321.34719849 198.71827698   0.88171828]						0.hdf5	55
244	/data/1_users/pezoldt/man_annotation/stripy/v1/NG050/NG050_P1_CC6/56_0.hdf5	56_0	None	None	Undefined	0	[  4.         736.05621338 335.75820923   0.87574822]	[  4.         736.05621338 335.75820923   0.87574822]						0.hdf5	56
245	/data/1_users/pezoldt/man_annotation/stripy/v1/NG050/NG050_P1_CC6/57_0.hdf5	57_0	None	None	normi_demicircle	0	[  5.         516.06726074 142.0291481    0.87519228]	[  5.         516.06726074 142.0291481    0.87519228]						0.hdf5	57
246	/data/1_users/pezoldt/man_annotation/stripy/v1/NG050/NG050_P1_CC6/58_0.hdf5	58_0	None	None	stripy_nucleus	0	[  5.         476.70910645 227.48414612   0.87178707]	[  5.         476.70910645 227.48414612   0.87178707]						0.hdf5	58
247	/data/1_users/pezoldt/man_annotation/stripy/v1/NG050/NG050_P1_CC6/59_0.hdf5	59_0	None	None	Undefined	0	[  2.         629.88720703 326.46798706   0.86996806]	[  2.         629.88720703 326.46798706   0.86996806]						0.hdf5	59
194	/data/1_users/pezoldt/man_annotation/stripy/v1/NG050/NG050_P1_CC6/5_0.hdf5	5_0	None	None	stripy_nucleus	0	[  7.         785.19116211 118.13973236   0.87235886]	[  7.         785.19116211 118.13973236   0.87235886]						0.hdf5	5
248	/data/1_users/pezoldt/man_annotation/stripy/v1/NG050/NG050_P1_CC6/60_0.hdf5	60_0	None	None	Undefined	0	[  6.         571.16027832 272.73748016   0.86475384]	[  6.         571.16027832 272.73748016   0.86475384]						0.hdf5	60
249	/data/1_users/pezoldt/man_annotation/stripy/v1/NG050/NG050_P1_CC6/61_0.hdf5	61_0	None	None	stripy_nucleus	0	[  5.         520.20404053 234.29200745   0.8766309 ]	[  5.         520.20404053 234.29200745   0.8766309 ]						0.hdf5	61
250	/data/1_users/pezoldt/man_annotation/stripy/v1/NG050/NG050_P1_CC6/62_0.hdf5	62_0	None	None	Undefined	0	[  1.         695.95471191 318.9442749    0.87134027]	[  1.         695.95471191 318.9442749    0.87134027]						0.hdf5	62
251	/data/1_users/pezoldt/man_annotation/stripy/v1/NG050/NG050_P1_CC6/63_0.hdf5	63_0	None	None	Undefined	0	[  6.         624.98815918 289.99945068   0.86804515]	[  6.         624.98815918 289.99945068   0.86804515]						0.hdf5	63
252	/data/1_users/pezoldt/man_annotation/stripy/v1/NG050/NG050_P1_CC6/64_0.hdf5	64_0	None	None	stripy_center	0	[  6.         773.6739502  255.24591064   0.87744313]	[  6.         773.6739502  255.24591064   0.87744313]						0.hdf5	64
253	/data/1_users/pezoldt/man_annotation/stripy/v1/NG050/NG050_P1_CC6/65_0.hdf5	65_0	None	None	Undefined	0	[  4.         414.59848022 134.41047668   0.87108421]	[  4.         414.59848022 134.41047668   0.87108421]						0.hdf5	65
254	/data/1_users/pezoldt/man_annotation/stripy/v1/NG050/NG050_P1_CC6/66_0.hdf5	66_0	None	None	normi_demicircle	0	[6.00000000e+00 8.74619446e+02 3.15712036e+02 8.68151784e-01]	[6.00000000e+00 8.74619446e+02 3.15712036e+02 8.68151784e-01]						0.hdf5	66
255	/data/1_users/pezoldt/man_annotation/stripy/v1/NG050/NG050_P1_CC6/67_0.hdf5	67_0	None	None	Undefined	0	[6.00000000e+00 9.30622681e+02 3.23038147e+02 8.75661910e-01]	[6.00000000e+00 9.30622681e+02 3.23038147e+02 8.75661910e-01]						0.hdf5	67
256	/data/1_users/pezoldt/man_annotation/stripy/v1/NG050/NG050_P1_CC6/68_0.hdf5	68_0	None	None	Undefined	0	[  6.         761.74731445 264.23239136   0.87226635]	[  6.         761.74731445 264.23239136   0.87226635]						0.hdf5	68
257	/data/1_users/pezoldt/man_annotation/stripy/v1/NG050/NG050_P1_CC6/69_0.hdf5	69_0	None	None	Undefined	0	[  4.         511.52709961 152.32542419   0.87919056]	[  4.         511.52709961 152.32542419   0.87919056]						0.hdf5	69
195	/data/1_users/pezoldt/man_annotation/stripy/v1/NG050/NG050_P1_CC6/6_0.hdf5	6_0	None	None	normi_circle	0	[  7.         593.87878418 117.89775848   0.86925626]	[  7.         593.87878418 117.89775848   0.86925626]						0.hdf5	6
258	/data/1_users/pezoldt/man_annotation/stripy/v1/NG050/NG050_P1_CC6/70_0.hdf5	70_0	None	None	normi_circle	0	[  4.         431.05941772 130.17652893   0.88313442]	[  4.         431.05941772 130.17652893   0.88313442]						0.hdf5	70
259	/data/1_users/pezoldt/man_annotation/stripy/v1/NG050/NG050_P1_CC6/71_0.hdf5	71_0	None	None	stripy_nucleus	0	[  7.         656.25305176 160.48872375   0.8773005 ]	[  7.         656.25305176 160.48872375   0.8773005 ]						0.hdf5	71
260	/data/1_users/pezoldt/man_annotation/stripy/v1/NG050/NG050_P1_CC6/72_0.hdf5	72_0	None	None	stripy_center	0	[  2.         677.69702148 249.06448364   0.87474638]	[  2.         677.69702148 249.06448364   0.87474638]						0.hdf5	72
261	/data/1_users/pezoldt/man_annotation/stripy/v1/NG050/NG050_P1_CC6/73_0.hdf5	73_0	None	None	Undefined	0	[  0.         620.22564697 111.69319153   0.88499051]	[  0.         620.22564697 111.69319153   0.88499051]						0.hdf5	73
262	/data/1_users/pezoldt/man_annotation/stripy/v1/NG050/NG050_P1_CC6/74_0.hdf5	74_0	None	None	normi_demicircle	0	[  5.         515.67285156 241.21890259   0.87956977]	[  5.         515.67285156 241.21890259   0.87956977]						0.hdf5	74
263	/data/1_users/pezoldt/man_annotation/stripy/v1/NG050/NG050_P1_CC6/75_0.hdf5	75_0	None	None	stripy_nucleus	0	[  2.         769.67993164 118.58204651   0.87516242]	[  2.         769.67993164 118.58204651   0.87516242]						0.hdf5	75
264	/data/1_users/pezoldt/man_annotation/stripy/v1/NG050/NG050_P1_CC6/76_0.hdf5	76_0	None	None	normi_circle	0	[  4.         376.26409912 138.38623428   0.87516749]	[  4.         376.26409912 138.38623428   0.87516749]						0.hdf5	76
265	/data/1_users/pezoldt/man_annotation/stripy/v1/NG050/NG050_P1_CC6/77_0.hdf5	77_0	None	None	Undefined	0	[  2.         266.4911499  177.51319885   0.87111253]	[  2.         266.4911499  177.51319885   0.87111253]						0.hdf5	77
266	/data/1_users/pezoldt/man_annotation/stripy/v1/NG050/NG050_P1_CC6/78_0.hdf5	78_0	None	None	normi_circle	0	[  6.         694.23382568 275.50003052   0.8738482 ]	[  6.         694.23382568 275.50003052   0.8738482 ]						0.hdf5	78
267	/data/1_users/pezoldt/man_annotation/stripy/v1/NG050/NG050_P1_CC6/79_0.hdf5	79_0	None	None	stripy_nucleus	0	[  2.         132.24065781 211.50778198   0.87507755]	[  2.         132.24065781 211.50778198   0.87507755]						0.hdf5	79
196	/data/1_users/pezoldt/man_annotation/stripy/v1/NG050/NG050_P1_CC6/7_0.hdf5	7_0	None	None	normi_demicircle	0	[  3.         345.38800049 223.0243988    0.87648863]	[  3.         345.38800049 223.0243988    0.87648863]						0.hdf5	7
268	/data/1_users/pezoldt/man_annotation/stripy/v1/NG050/NG050_P1_CC6/80_0.hdf5	80_0	None	None	stripy_center	0	[6.00000000e+00 9.24092224e+02 2.71931305e+02 8.68768871e-01]	[6.00000000e+00 9.24092224e+02 2.71931305e+02 8.68768871e-01]						0.hdf5	80
269	/data/1_users/pezoldt/man_annotation/stripy/v1/NG050/NG050_P1_CC6/81_0.hdf5	81_0	None	None	Undefined	0	[  2.         844.88586426 336.03268433   0.86077535]	[  2.         844.88586426 336.03268433   0.86077535]						0.hdf5	81
270	/data/1_users/pezoldt/man_annotation/stripy/v1/NG050/NG050_P1_CC6/82_0.hdf5	82_0	None	None	Undefined	0	[5.00000000e+00 8.94934326e+02 2.61507202e+02 8.84879112e-01]	[5.00000000e+00 8.94934326e+02 2.61507202e+02 8.84879112e-01]						0.hdf5	82
271	/data/1_users/pezoldt/man_annotation/stripy/v1/NG050/NG050_P1_CC6/83_0.hdf5	83_0	None	None	Undefined	0	[  0.         147.64781189 211.13743591   0.88497114]	[  0.         147.64781189 211.13743591   0.88497114]						0.hdf5	83
272	/data/1_users/pezoldt/man_annotation/stripy/v1/NG050/NG050_P1_CC6/84_0.hdf5	84_0	None	None	Undefined	0	[  5.         422.30804443 256.7852478    0.87022102]	[  5.         422.30804443 256.7852478    0.87022102]						0.hdf5	84
273	/data/1_users/pezoldt/man_annotation/stripy/v1/NG050/NG050_P1_CC6/85_0.hdf5	85_0	None	None	Undefined	0	[  1.         606.34912109 242.10853577   0.86305857]	[  1.         606.34912109 242.10853577   0.86305857]						0.hdf5	85
274	/data/1_users/pezoldt/man_annotation/stripy/v1/NG050/NG050_P1_CC6/86_0.hdf5	86_0	None	None	Undefined	0		[  3.         474.34381104 287.9666748    0.86504352]	[  3.         474.34381104 287.9666748    0.86504352]	[  8.         287.04885864 221.53326416   0.83100891]				0.hdf5	86
275	/data/1_users/pezoldt/man_annotation/stripy/v1/NG050/NG050_P1_CC6/86_1.hdf5	86_1	None	None	Undefined	0		[  8.         287.04885864 221.53326416   0.83100891]	[  3.         474.34381104 287.9666748    0.86504352]	[  8.         287.04885864 221.53326416   0.83100891]				1.hdf5	86
276	/data/1_users/pezoldt/man_annotation/stripy/v1/NG050/NG050_P1_CC6/87_0.hdf5	87_0	None	None	normi_circle	0	[  3.         228.79159546 140.14491272   0.8748194 ]	[  3.         228.79159546 140.14491272   0.8748194 ]						0.hdf5	87
277	/data/1_users/pezoldt/man_annotation/stripy/v1/NG050/NG050_P1_CC6/88_0.hdf5	88_0	None	None	normi_circle	0	[  6.         635.14660645 199.45283508   0.86627716]	[  6.         635.14660645 199.45283508   0.86627716]						0.hdf5	88
278	/data/1_users/pezoldt/man_annotation/stripy/v1/NG050/NG050_P1_CC6/89_0.hdf5	89_0	None	None	stripy_nucleus	0	[  6.         664.5345459  243.84664917   0.87711614]	[  6.         664.5345459  243.84664917   0.87711614]						0.hdf5	89
279	/data/1_users/pezoldt/man_annotation/stripy/v1/NG050/NG050_P1_CC6/90_0.hdf5	90_0	None	None	Undefined	0	[  2.         264.24323273 207.4624939    0.87976956]	[  2.         264.24323273 207.4624939    0.87976956]						0.hdf5	90
280	/data/1_users/pezoldt/man_annotation/stripy/v1/NG050/NG050_P1_CC6/92_0.hdf5	92_0	None	None	Undefined	0	[  2.         553.07495117 247.10321045   0.87377548]	[  2.         553.07495117 247.10321045   0.87377548]						0.hdf5	92
281	/data/1_users/pezoldt/man_annotation/stripy/v1/NG050/NG050_P1_CC6/93_0.hdf5	93_0	None	None	Undefined	0	[  5.         586.97576904 213.13525391   0.84442496]	[  5.         586.97576904 213.13525391   0.84442496]						0.hdf5	93
282	/data/1_users/pezoldt/man_annotation/stripy/v1/NG050/NG050_P1_CC6/94_0.hdf5	94_0	None	None	normi_circle	0	[  6.         830.50720215 300.35736084   0.85883689]	[  6.         830.50720215 300.35736084   0.85883689]						0.hdf5	94
283	/data/1_users/pezoldt/man_annotation/stripy/v1/NG050/NG050_P1_CC6/95_0.hdf5	95_0	None	None	Undefined	0	[  3.         466.10229492 102.37763977   0.87641776]	[  3.         466.10229492 102.37763977   0.87641776]						0.hdf5	95
197	/data/1_users/pezoldt/man_annotation/stripy/v1/NG050/NG050_P1_CC6/9_0.hdf5	9_0	None	None	Undefined	0	[8.00000000e+00 1.02435739e+03 2.34468048e+02 8.64967704e-01]	[8.00000000e+00 1.02435739e+03 2.34468048e+02 8.64967704e-01]						0.hdf5	9
284	/data/1_users/pezoldt/man_annotation/stripy/v1/NG050/NG050_P1_CC7/0_0.hdf5	0_0	None	None	Undefined	0	[8.00000000e+00 1.30472278e+03 2.61840179e+02 9.04639482e-01]	[8.00000000e+00 1.30472278e+03 2.61840179e+02 9.04639482e-01]						0.hdf5	0
297	/data/1_users/pezoldt/man_annotation/stripy/v1/NG050/NG050_P1_CC7/10_0.hdf5	10_0	None	None	Undefined	0		[0.00000000e+00 1.40518335e+03 2.45784485e+02 8.01519990e-01]	[0.00000000e+00 1.40518335e+03 2.45784485e+02 8.01519990e-01]	[9.00000000e+00 1.10394556e+03 1.83538864e+02 8.77603054e-01]				0.hdf5	10
298	/data/1_users/pezoldt/man_annotation/stripy/v1/NG050/NG050_P1_CC7/10_1.hdf5	10_1	None	None	normi_circle	0		[9.00000000e+00 1.10394556e+03 1.83538864e+02 8.77603054e-01]	[0.00000000e+00 1.40518335e+03 2.45784485e+02 8.01519990e-01]	[9.00000000e+00 1.10394556e+03 1.83538864e+02 8.77603054e-01]				1.hdf5	10
299	/data/1_users/pezoldt/man_annotation/stripy/v1/NG050/NG050_P1_CC7/11_0.hdf5	11_0	None	None	stripy_nucleus	0	[  8.         688.84960938 131.38073349   0.87997478]	[  8.         688.84960938 131.38073349   0.87997478]						0.hdf5	11
300	/data/1_users/pezoldt/man_annotation/stripy/v1/NG050/NG050_P1_CC7/12_0.hdf5	12_0	None	None	normi_circle	0	[  8.         531.83007812 186.38490295   0.8475225 ]	[  8.         531.83007812 186.38490295   0.8475225 ]						0.hdf5	12
301	/data/1_users/pezoldt/man_annotation/stripy/v1/NG050/NG050_P1_CC7/13_0.hdf5	13_0	None	None	Undefined	0	[  5.         287.45718384 269.58059692   0.8651396 ]	[  5.         287.45718384 269.58059692   0.8651396 ]						0.hdf5	13
302	/data/1_users/pezoldt/man_annotation/stripy/v1/NG050/NG050_P1_CC7/14_0.hdf5	14_0	None	None	Undefined	0		[0.00000000e+00 1.40651123e+03 2.49103958e+02 8.03297639e-01]	[0.00000000e+00 1.40651123e+03 2.49103958e+02 8.03297639e-01]	[  6.         434.32940674 194.57879639   0.87806594]				0.hdf5	14
303	/data/1_users/pezoldt/man_annotation/stripy/v1/NG050/NG050_P1_CC7/14_1.hdf5	14_1	None	None	normi_circle	0		[  6.         434.32940674 194.57879639   0.87806594]	[0.00000000e+00 1.40651123e+03 2.49103958e+02 8.03297639e-01]	[  6.         434.32940674 194.57879639   0.87806594]				1.hdf5	14
304	/data/1_users/pezoldt/man_annotation/stripy/v1/NG050/NG050_P1_CC7/15_0.hdf5	15_0	None	None	Undefined	0		[0.00000000e+00 1.40692285e+03 2.50037048e+02 8.20233047e-01]	[0.00000000e+00 1.40692285e+03 2.50037048e+02 8.20233047e-01]	[2.00000000e+00 8.97156128e+02 3.19645447e+02 8.69189680e-01]				0.hdf5	15
305	/data/1_users/pezoldt/man_annotation/stripy/v1/NG050/NG050_P1_CC7/15_1.hdf5	15_1	None	None	Undefined	0		[2.00000000e+00 8.97156128e+02 3.19645447e+02 8.69189680e-01]	[0.00000000e+00 1.40692285e+03 2.50037048e+02 8.20233047e-01]	[2.00000000e+00 8.97156128e+02 3.19645447e+02 8.69189680e-01]				1.hdf5	15
306	/data/1_users/pezoldt/man_annotation/stripy/v1/NG050/NG050_P1_CC7/16_0.hdf5	16_0	None	None	stripy_center	0	[  9.         451.57199097 256.27935028   0.86831409]	[  9.         451.57199097 256.27935028   0.86831409]						0.hdf5	16
307	/data/1_users/pezoldt/man_annotation/stripy/v1/NG050/NG050_P1_CC7/17_0.hdf5	17_0	None	None	Undefined	0		[4.00000000e+00 1.41314111e+03 2.59815277e+02 8.23043227e-01]	[4.00000000e+00 1.41314111e+03 2.59815277e+02 8.23043227e-01]	[  8.         388.21813965 278.84925079   0.86139792]				0.hdf5	17
308	/data/1_users/pezoldt/man_annotation/stripy/v1/NG050/NG050_P1_CC7/17_1.hdf5	17_1	None	None	Undefined	0		[  8.         388.21813965 278.84925079   0.86139792]	[4.00000000e+00 1.41314111e+03 2.59815277e+02 8.23043227e-01]	[  8.         388.21813965 278.84925079   0.86139792]				1.hdf5	17
309	/data/1_users/pezoldt/man_annotation/stripy/v1/NG050/NG050_P1_CC7/18_0.hdf5	18_0	None	None	Undefined	0		[3.00000000e+00 1.41509546e+03 2.60968819e+02 8.57936263e-01]	[3.00000000e+00 1.41509546e+03 2.60968819e+02 8.57936263e-01]	[1.30000000e+01 1.01903809e+03 2.53149048e+02 8.72220337e-01]				0.hdf5	18
310	/data/1_users/pezoldt/man_annotation/stripy/v1/NG050/NG050_P1_CC7/18_1.hdf5	18_1	None	None	normi_circle	0		[1.30000000e+01 1.01903809e+03 2.53149048e+02 8.72220337e-01]	[3.00000000e+00 1.41509546e+03 2.60968819e+02 8.57936263e-01]	[1.30000000e+01 1.01903809e+03 2.53149048e+02 8.72220337e-01]				1.hdf5	18
311	/data/1_users/pezoldt/man_annotation/stripy/v1/NG050/NG050_P1_CC7/19_0.hdf5	19_0	None	None	Undefined	0		[3.00000000e+00 1.41480151e+03 2.60918892e+02 8.65411878e-01]	[3.00000000e+00 1.41480151e+03 2.60918892e+02 8.65411878e-01]	[1.10000000e+01 9.02450989e+02 1.54231079e+02 8.77629638e-01]				0.hdf5	19
312	/data/1_users/pezoldt/man_annotation/stripy/v1/NG050/NG050_P1_CC7/19_1.hdf5	19_1	None	None	normi_circle	0		[1.10000000e+01 9.02450989e+02 1.54231079e+02 8.77629638e-01]	[3.00000000e+00 1.41480151e+03 2.60918892e+02 8.65411878e-01]	[1.10000000e+01 9.02450989e+02 1.54231079e+02 8.77629638e-01]				1.hdf5	19
285	/data/1_users/pezoldt/man_annotation/stripy/v1/NG050/NG050_P1_CC7/1_0.hdf5	1_0	None	None	normi_demicircle	0	[  8.         854.7130127  262.79492188   0.86591268]	[  8.         854.7130127  262.79492188   0.86591268]						0.hdf5	1
313	/data/1_users/pezoldt/man_annotation/stripy/v1/NG050/NG050_P1_CC7/20_0.hdf5	20_0	None	None	Undefined	0		[3.00000000e+00 1.41477148e+03 2.60699341e+02 8.66297543e-01]	[3.00000000e+00 1.41477148e+03 2.60699341e+02 8.66297543e-01]	[6.00000000e+00 9.19419617e+02 2.00536575e+02 8.17077816e-01]				0.hdf5	20
314	/data/1_users/pezoldt/man_annotation/stripy/v1/NG050/NG050_P1_CC7/20_1.hdf5	20_1	None	None	Undefined	0		[6.00000000e+00 9.19419617e+02 2.00536575e+02 8.17077816e-01]	[3.00000000e+00 1.41477148e+03 2.60699341e+02 8.66297543e-01]	[6.00000000e+00 9.19419617e+02 2.00536575e+02 8.17077816e-01]				1.hdf5	20
315	/data/1_users/pezoldt/man_annotation/stripy/v1/NG050/NG050_P1_CC7/21_0.hdf5	21_0	None	None	Undefined	0		[2.00000000e+00 1.41390979e+03 2.60137238e+02 8.61331105e-01]	[2.00000000e+00 1.41390979e+03 2.60137238e+02 8.61331105e-01]	[  8.         793.2097168  302.69110107   0.89267653]				0.hdf5	21
316	/data/1_users/pezoldt/man_annotation/stripy/v1/NG050/NG050_P1_CC7/21_1.hdf5	21_1	None	None	stripy_center	0		[  8.         793.2097168  302.69110107   0.89267653]	[2.00000000e+00 1.41390979e+03 2.60137238e+02 8.61331105e-01]	[  8.         793.2097168  302.69110107   0.89267653]				1.hdf5	21
317	/data/1_users/pezoldt/man_annotation/stripy/v1/NG050/NG050_P1_CC7/22_0.hdf5	22_0	None	None	Undefined	0		[2.00000000e+00 1.41378882e+03 2.59242989e+02 8.61044109e-01]	[2.00000000e+00 1.41378882e+03 2.59242989e+02 8.61044109e-01]	[ 12.         730.59246826 302.16601562   0.87403983]				0.hdf5	22
318	/data/1_users/pezoldt/man_annotation/stripy/v1/NG050/NG050_P1_CC7/22_1.hdf5	22_1	None	None	normi_demicircle	0		[ 12.         730.59246826 302.16601562   0.87403983]	[2.00000000e+00 1.41378882e+03 2.59242989e+02 8.61044109e-01]	[ 12.         730.59246826 302.16601562   0.87403983]				1.hdf5	22
319	/data/1_users/pezoldt/man_annotation/stripy/v1/NG050/NG050_P1_CC7/23_0.hdf5	23_0	None	None	Undefined	0		[2.00000000e+00 1.41397705e+03 2.58233452e+02 8.60835373e-01]	[2.00000000e+00 1.41397705e+03 2.58233452e+02 8.60835373e-01]	[1.30000000e+01 1.17170825e+03 3.31742981e+02 8.76979113e-01]				0.hdf5	23
320	/data/1_users/pezoldt/man_annotation/stripy/v1/NG050/NG050_P1_CC7/23_1.hdf5	23_1	None	None	stripy_center	0		[1.30000000e+01 1.17170825e+03 3.31742981e+02 8.76979113e-01]	[2.00000000e+00 1.41397705e+03 2.58233452e+02 8.60835373e-01]	[1.30000000e+01 1.17170825e+03 3.31742981e+02 8.76979113e-01]				1.hdf5	23
321	/data/1_users/pezoldt/man_annotation/stripy/v1/NG050/NG050_P1_CC7/24_0.hdf5	24_0	None	None	Undefined	0		[2.00000000e+00 1.41394678e+03 2.57344299e+02 8.59580636e-01]	[2.00000000e+00 1.41394678e+03 2.57344299e+02 8.59580636e-01]	[  6.         723.20861816 227.80838013   0.86359954]				0.hdf5	24
322	/data/1_users/pezoldt/man_annotation/stripy/v1/NG050/NG050_P1_CC7/24_1.hdf5	24_1	None	None	normi_circle	0		[  6.         723.20861816 227.80838013   0.86359954]	[2.00000000e+00 1.41394678e+03 2.57344299e+02 8.59580636e-01]	[  6.         723.20861816 227.80838013   0.86359954]				1.hdf5	24
323	/data/1_users/pezoldt/man_annotation/stripy/v1/NG050/NG050_P1_CC7/25_0.hdf5	25_0	None	None	Undefined	0		[2.00000000e+00 1.41427271e+03 2.58800934e+02 8.57281387e-01]	[2.00000000e+00 1.41427271e+03 2.58800934e+02 8.57281387e-01]	[  7.         812.83654785 131.14952087   0.88153708]				0.hdf5	25
324	/data/1_users/pezoldt/man_annotation/stripy/v1/NG050/NG050_P1_CC7/25_1.hdf5	25_1	None	None	stripy_center	0		[  7.         812.83654785 131.14952087   0.88153708]	[2.00000000e+00 1.41427271e+03 2.58800934e+02 8.57281387e-01]	[  7.         812.83654785 131.14952087   0.88153708]				1.hdf5	25
325	/data/1_users/pezoldt/man_annotation/stripy/v1/NG050/NG050_P1_CC7/26_0.hdf5	26_0	None	None	Undefined	0	[2.00000000e+00 1.41500537e+03 2.60942993e+02 8.32021654e-01]	[2.00000000e+00 1.41500537e+03 2.60942993e+02 8.32021654e-01]						0.hdf5	26
326	/data/1_users/pezoldt/man_annotation/stripy/v1/NG050/NG050_P1_CC7/27_0.hdf5	27_0	None	None	Undefined	0		[2.00000000e+00 1.41542432e+03 2.61830444e+02 8.51413906e-01]	[2.00000000e+00 1.41542432e+03 2.61830444e+02 8.51413906e-01]	[  6.         634.35870361 189.94248962   0.87308764]				0.hdf5	27
327	/data/1_users/pezoldt/man_annotation/stripy/v1/NG050/NG050_P1_CC7/27_1.hdf5	27_1	None	None	Undefined	0		[  6.         634.35870361 189.94248962   0.87308764]	[2.00000000e+00 1.41542432e+03 2.61830444e+02 8.51413906e-01]	[  6.         634.35870361 189.94248962   0.87308764]				1.hdf5	27
328	/data/1_users/pezoldt/man_annotation/stripy/v1/NG050/NG050_P1_CC7/28_0.hdf5	28_0	None	None	Undefined	0		[2.00000000e+00 1.41568701e+03 2.62335205e+02 8.48287642e-01]	[2.00000000e+00 1.41568701e+03 2.62335205e+02 8.48287642e-01]	[1.30000000e+01 9.61238953e+02 2.21422424e+02 8.71842980e-01]				0.hdf5	28
329	/data/1_users/pezoldt/man_annotation/stripy/v1/NG050/NG050_P1_CC7/28_1.hdf5	28_1	None	None	normi_demicircle	0		[1.30000000e+01 9.61238953e+02 2.21422424e+02 8.71842980e-01]	[2.00000000e+00 1.41568701e+03 2.62335205e+02 8.48287642e-01]	[1.30000000e+01 9.61238953e+02 2.21422424e+02 8.71842980e-01]				1.hdf5	28
330	/data/1_users/pezoldt/man_annotation/stripy/v1/NG050/NG050_P1_CC7/29_0.hdf5	29_0	None	None	Undefined	0		[2.00000000e+00 1.41604980e+03 2.62666191e+02 8.12897980e-01]	[2.00000000e+00 1.41604980e+03 2.62666191e+02 8.12897980e-01]	[1.30000000e+01 1.00687207e+03 2.78786285e+02 8.88469160e-01]				0.hdf5	29
331	/data/1_users/pezoldt/man_annotation/stripy/v1/NG050/NG050_P1_CC7/29_1.hdf5	29_1	None	None	stripy_center	0		[1.30000000e+01 1.00687207e+03 2.78786285e+02 8.88469160e-01]	[2.00000000e+00 1.41604980e+03 2.62666191e+02 8.12897980e-01]	[1.30000000e+01 1.00687207e+03 2.78786285e+02 8.88469160e-01]				1.hdf5	29
286	/data/1_users/pezoldt/man_annotation/stripy/v1/NG050/NG050_P1_CC7/2_0.hdf5	2_0	None	None	Undefined	0	[  8.         672.63244629 208.44998169   0.86295891]	[  8.         672.63244629 208.44998169   0.86295891]						0.hdf5	2
332	/data/1_users/pezoldt/man_annotation/stripy/v1/NG050/NG050_P1_CC7/30_0.hdf5	30_0	None	None	Undefined	0		[2.00000000e+00 1.41663281e+03 2.63206635e+02 8.32362294e-01]	[2.00000000e+00 1.41663281e+03 2.63206635e+02 8.32362294e-01]	[1.30000000e+01 9.82957214e+02 3.19958893e+02 8.76254439e-01]				0.hdf5	30
333	/data/1_users/pezoldt/man_annotation/stripy/v1/NG050/NG050_P1_CC7/30_1.hdf5	30_1	None	None	Undefined	0		[1.30000000e+01 9.82957214e+02 3.19958893e+02 8.76254439e-01]	[2.00000000e+00 1.41663281e+03 2.63206635e+02 8.32362294e-01]	[1.30000000e+01 9.82957214e+02 3.19958893e+02 8.76254439e-01]				1.hdf5	30
334	/data/1_users/pezoldt/man_annotation/stripy/v1/NG050/NG050_P1_CC7/31_0.hdf5	31_0	None	None	Undefined	0		[2.00000000e+00 1.41673145e+03 2.62936737e+02 8.36059690e-01]	[2.00000000e+00 1.41673145e+03 2.62936737e+02 8.36059690e-01]	[1.30000000e+01 1.00138013e+03 3.15861938e+02 8.81251454e-01]				0.hdf5	31
335	/data/1_users/pezoldt/man_annotation/stripy/v1/NG050/NG050_P1_CC7/31_1.hdf5	31_1	None	None	normi_circle	0		[1.30000000e+01 1.00138013e+03 3.15861938e+02 8.81251454e-01]	[2.00000000e+00 1.41673145e+03 2.62936737e+02 8.36059690e-01]	[1.30000000e+01 1.00138013e+03 3.15861938e+02 8.81251454e-01]				1.hdf5	31
336	/data/1_users/pezoldt/man_annotation/stripy/v1/NG050/NG050_P1_CC7/32_0.hdf5	32_0	None	None	stripy_center	0	[ 11.         817.91412354 198.87188721   0.88022828]	[ 11.         817.91412354 198.87188721   0.88022828]						0.hdf5	32
337	/data/1_users/pezoldt/man_annotation/stripy/v1/NG050/NG050_P1_CC7/33_0.hdf5	33_0	None	None	Undefined	0		[4.00000000e+00 1.41684790e+03 2.60501495e+02 8.24561834e-01]	[4.00000000e+00 1.41684790e+03 2.60501495e+02 8.24561834e-01]	[  7.         336.35198975 243.00692749   0.86842167]				0.hdf5	33
338	/data/1_users/pezoldt/man_annotation/stripy/v1/NG050/NG050_P1_CC7/33_1.hdf5	33_1	None	None	normi_circle	0		[  7.         336.35198975 243.00692749   0.86842167]	[4.00000000e+00 1.41684790e+03 2.60501495e+02 8.24561834e-01]	[  7.         336.35198975 243.00692749   0.86842167]				1.hdf5	33
339	/data/1_users/pezoldt/man_annotation/stripy/v1/NG050/NG050_P1_CC7/34_0.hdf5	34_0	None	None	Undefined	0		[4.00000000e+00 1.41684131e+03 2.60057617e+02 8.26524913e-01]	[4.00000000e+00 1.41684131e+03 2.60057617e+02 8.26524913e-01]	[8.00000000e+00 9.78915100e+02 2.59423828e+02 8.74344587e-01]	[1.00000000e+01 9.26730164e+02 2.33203873e+02 8.50384355e-01]			0.hdf5	34
340	/data/1_users/pezoldt/man_annotation/stripy/v1/NG050/NG050_P1_CC7/34_1.hdf5	34_1	None	None	Undefined	0		[8.00000000e+00 9.78915100e+02 2.59423828e+02 8.74344587e-01]	[4.00000000e+00 1.41684131e+03 2.60057617e+02 8.26524913e-01]	[8.00000000e+00 9.78915100e+02 2.59423828e+02 8.74344587e-01]	[1.00000000e+01 9.26730164e+02 2.33203873e+02 8.50384355e-01]			1.hdf5	34
341	/data/1_users/pezoldt/man_annotation/stripy/v1/NG050/NG050_P1_CC7/34_2.hdf5	34_2	None	None	Undefined	0		[1.00000000e+01 9.26730164e+02 2.33203873e+02 8.50384355e-01]	[4.00000000e+00 1.41684131e+03 2.60057617e+02 8.26524913e-01]	[8.00000000e+00 9.78915100e+02 2.59423828e+02 8.74344587e-01]	[1.00000000e+01 9.26730164e+02 2.33203873e+02 8.50384355e-01]			2.hdf5	34
342	/data/1_users/pezoldt/man_annotation/stripy/v1/NG050/NG050_P1_CC7/35_0.hdf5	35_0	None	None	stripy_center	0	[  7.         898.65637207 246.75843811   0.90308893]	[  7.         898.65637207 246.75843811   0.90308893]						0.hdf5	35
343	/data/1_users/pezoldt/man_annotation/stripy/v1/NG050/NG050_P1_CC7/36_0.hdf5	36_0	None	None	Undefined	0	[ 11.         605.00061035 121.02453613   0.87411588]	[ 11.         605.00061035 121.02453613   0.87411588]						0.hdf5	36
344	/data/1_users/pezoldt/man_annotation/stripy/v1/NG050/NG050_P1_CC7/37_0.hdf5	37_0	None	None	Undefined	0		[4.00000000e+00 1.41794336e+03 2.61423027e+02 8.25050592e-01]	[4.00000000e+00 1.41794336e+03 2.61423027e+02 8.25050592e-01]	[ 12.         615.20379639 148.27972412   0.87369955]				0.hdf5	37
345	/data/1_users/pezoldt/man_annotation/stripy/v1/NG050/NG050_P1_CC7/37_1.hdf5	37_1	None	None	stripy_nucleus	0		[ 12.         615.20379639 148.27972412   0.87369955]	[4.00000000e+00 1.41794336e+03 2.61423027e+02 8.25050592e-01]	[ 12.         615.20379639 148.27972412   0.87369955]				1.hdf5	37
346	/data/1_users/pezoldt/man_annotation/stripy/v1/NG050/NG050_P1_CC7/38_0.hdf5	38_0	None	None	Undefined	0		[2.00000000e+00 1.41827307e+03 2.62978058e+02 8.44615996e-01]	[2.00000000e+00 1.41827307e+03 2.62978058e+02 8.44615996e-01]	[ 10.         222.02781677 330.76748657   0.87433422]				0.hdf5	38
347	/data/1_users/pezoldt/man_annotation/stripy/v1/NG050/NG050_P1_CC7/38_1.hdf5	38_1	None	None	Undefined	0		[ 10.         222.02781677 330.76748657   0.87433422]	[2.00000000e+00 1.41827307e+03 2.62978058e+02 8.44615996e-01]	[ 10.         222.02781677 330.76748657   0.87433422]				1.hdf5	38
348	/data/1_users/pezoldt/man_annotation/stripy/v1/NG050/NG050_P1_CC7/39_0.hdf5	39_0	None	None	Undefined	0		[2.00000000e+00 1.41827991e+03 2.64317383e+02 8.54209661e-01]	[2.00000000e+00 1.41827991e+03 2.64317383e+02 8.54209661e-01]	[ 12.         767.06036377 272.54291534   0.87016463]				0.hdf5	39
349	/data/1_users/pezoldt/man_annotation/stripy/v1/NG050/NG050_P1_CC7/39_1.hdf5	39_1	None	None	Undefined	0		[ 12.         767.06036377 272.54291534   0.87016463]	[2.00000000e+00 1.41827991e+03 2.64317383e+02 8.54209661e-01]	[ 12.         767.06036377 272.54291534   0.87016463]				1.hdf5	39
287	/data/1_users/pezoldt/man_annotation/stripy/v1/NG050/NG050_P1_CC7/3_0.hdf5	3_0	None	None	stripy_center	0	[  7.         747.80334473 270.3324585    0.88995081]	[  7.         747.80334473 270.3324585    0.88995081]						0.hdf5	3
350	/data/1_users/pezoldt/man_annotation/stripy/v1/NG050/NG050_P1_CC7/40_0.hdf5	40_0	None	None	normi_demicircle	0	[ 10.         345.02355957 165.28013611   0.87362176]	[ 10.         345.02355957 165.28013611   0.87362176]						0.hdf5	40
351	/data/1_users/pezoldt/man_annotation/stripy/v1/NG050/NG050_P1_CC7/41_0.hdf5	41_0	None	None	Undefined	0	[ 11.         629.29650879 174.38540649   0.88096237]	[ 11.         629.29650879 174.38540649   0.88096237]						0.hdf5	41
352	/data/1_users/pezoldt/man_annotation/stripy/v1/NG050/NG050_P1_CC7/42_0.hdf5	42_0	None	None	Undefined	0		[2.00000000e+00 1.41938086e+03 2.66888313e+02 8.28788221e-01]	[2.00000000e+00 1.41938086e+03 2.66888313e+02 8.28788221e-01]	[1.30000000e+01 1.12618066e+03 3.23887756e+02 8.71817350e-01]				0.hdf5	42
353	/data/1_users/pezoldt/man_annotation/stripy/v1/NG050/NG050_P1_CC7/42_1.hdf5	42_1	None	None	Undefined	0		[1.30000000e+01 1.12618066e+03 3.23887756e+02 8.71817350e-01]	[2.00000000e+00 1.41938086e+03 2.66888313e+02 8.28788221e-01]	[1.30000000e+01 1.12618066e+03 3.23887756e+02 8.71817350e-01]				1.hdf5	42
354	/data/1_users/pezoldt/man_annotation/stripy/v1/NG050/NG050_P1_CC7/43_0.hdf5	43_0	None	None	Undefined	0		[2.00000000e+00 1.41963135e+03 2.66804443e+02 8.36807132e-01]	[2.00000000e+00 1.41963135e+03 2.66804443e+02 8.36807132e-01]	[1.10000000e+01 1.19322412e+03 1.32601894e+02 8.69531631e-01]				0.hdf5	43
355	/data/1_users/pezoldt/man_annotation/stripy/v1/NG050/NG050_P1_CC7/43_1.hdf5	43_1	None	None	stripy_center	0		[1.10000000e+01 1.19322412e+03 1.32601894e+02 8.69531631e-01]	[2.00000000e+00 1.41963135e+03 2.66804443e+02 8.36807132e-01]	[1.10000000e+01 1.19322412e+03 1.32601894e+02 8.69531631e-01]				1.hdf5	43
356	/data/1_users/pezoldt/man_annotation/stripy/v1/NG050/NG050_P1_CC7/44_0.hdf5	44_0	None	None	Undefined	0		[2.00000000e+00 1.41963867e+03 2.66274323e+02 8.46417248e-01]	[2.00000000e+00 1.41963867e+03 2.66274323e+02 8.46417248e-01]	[1.20000000e+01 9.34434998e+02 3.26882324e+02 8.69069457e-01]				0.hdf5	44
357	/data/1_users/pezoldt/man_annotation/stripy/v1/NG050/NG050_P1_CC7/44_1.hdf5	44_1	None	None	normi_demicircle	0		[1.20000000e+01 9.34434998e+02 3.26882324e+02 8.69069457e-01]	[2.00000000e+00 1.41963867e+03 2.66274323e+02 8.46417248e-01]	[1.20000000e+01 9.34434998e+02 3.26882324e+02 8.69069457e-01]				1.hdf5	44
358	/data/1_users/pezoldt/man_annotation/stripy/v1/NG050/NG050_P1_CC7/45_0.hdf5	45_0	None	None	Undefined	0		[2.00000000e+00 1.41970386e+03 2.65720490e+02 8.47264230e-01]	[2.00000000e+00 1.41970386e+03 2.65720490e+02 8.47264230e-01]	[1.20000000e+01 1.25522571e+03 3.44097534e+02 8.60371470e-01]				0.hdf5	45
359	/data/1_users/pezoldt/man_annotation/stripy/v1/NG050/NG050_P1_CC7/45_1.hdf5	45_1	None	None	stripy_center	0		[1.20000000e+01 1.25522571e+03 3.44097534e+02 8.60371470e-01]	[2.00000000e+00 1.41970386e+03 2.65720490e+02 8.47264230e-01]	[1.20000000e+01 1.25522571e+03 3.44097534e+02 8.60371470e-01]				1.hdf5	45
360	/data/1_users/pezoldt/man_annotation/stripy/v1/NG050/NG050_P1_CC7/46_0.hdf5	46_0	None	None	normi_circle	0	[ 11.         648.95056152 207.73764038   0.87578171]	[ 11.         648.95056152 207.73764038   0.87578171]						0.hdf5	46
361	/data/1_users/pezoldt/man_annotation/stripy/v1/NG050/NG050_P1_CC7/47_0.hdf5	47_0	None	None	Undefined	0		[2.00000000e+00 1.41974365e+03 2.62996696e+02 8.51249635e-01]	[2.00000000e+00 1.41974365e+03 2.62996696e+02 8.51249635e-01]	[ 11.         534.40057373 295.84179688   0.8761825 ]				0.hdf5	47
362	/data/1_users/pezoldt/man_annotation/stripy/v1/NG050/NG050_P1_CC7/47_1.hdf5	47_1	None	None	normi_circle	0		[ 11.         534.40057373 295.84179688   0.8761825 ]	[2.00000000e+00 1.41974365e+03 2.62996696e+02 8.51249635e-01]	[ 11.         534.40057373 295.84179688   0.8761825 ]				1.hdf5	47
363	/data/1_users/pezoldt/man_annotation/stripy/v1/NG050/NG050_P1_CC7/48_0.hdf5	48_0	None	None	Undefined	0		[2.00000000e+00 1.41960034e+03 2.62298592e+02 8.57768595e-01]	[2.00000000e+00 1.41960034e+03 2.62298592e+02 8.57768595e-01]	[  7.         475.46472168 171.86558533   0.84801871]				0.hdf5	48
364	/data/1_users/pezoldt/man_annotation/stripy/v1/NG050/NG050_P1_CC7/48_1.hdf5	48_1	None	None	Undefined	0		[  7.         475.46472168 171.86558533   0.84801871]	[2.00000000e+00 1.41960034e+03 2.62298592e+02 8.57768595e-01]	[  7.         475.46472168 171.86558533   0.84801871]				1.hdf5	48
365	/data/1_users/pezoldt/man_annotation/stripy/v1/NG050/NG050_P1_CC7/49_0.hdf5	49_0	None	None	Undefined	0		[2.00000000e+00 1.41989380e+03 2.63485107e+02 8.40533137e-01]	[2.00000000e+00 1.41989380e+03 2.63485107e+02 8.40533137e-01]	[1.20000000e+01 1.03618372e+03 2.76405090e+02 8.67108345e-01]				0.hdf5	49
366	/data/1_users/pezoldt/man_annotation/stripy/v1/NG050/NG050_P1_CC7/49_1.hdf5	49_1	None	None	normi_demicircle	0		[1.20000000e+01 1.03618372e+03 2.76405090e+02 8.67108345e-01]	[2.00000000e+00 1.41989380e+03 2.63485107e+02 8.40533137e-01]	[1.20000000e+01 1.03618372e+03 2.76405090e+02 8.67108345e-01]				1.hdf5	49
288	/data/1_users/pezoldt/man_annotation/stripy/v1/NG050/NG050_P1_CC7/4_0.hdf5	4_0	None	None	Undefined	0	[  6.         837.02185059 285.22445679   0.87192237]	[  6.         837.02185059 285.22445679   0.87192237]						0.hdf5	4
367	/data/1_users/pezoldt/man_annotation/stripy/v1/NG050/NG050_P1_CC7/50_0.hdf5	50_0	None	None	Undefined	0	[ 10.         860.69360352 138.44015884   0.87158912]	[ 10.         860.69360352 138.44015884   0.87158912]						0.hdf5	50
368	/data/1_users/pezoldt/man_annotation/stripy/v1/NG050/NG050_P1_CC7/51_0.hdf5	51_0	None	None	Undefined	0		[2.00000000e+00 1.41988928e+03 2.66032349e+02 8.35468948e-01]	[2.00000000e+00 1.41988928e+03 2.66032349e+02 8.35468948e-01]	[  7.         873.29266357 129.22060776   0.88584965]				0.hdf5	51
369	/data/1_users/pezoldt/man_annotation/stripy/v1/NG050/NG050_P1_CC7/51_1.hdf5	51_1	None	None	stripy_center	0		[  7.         873.29266357 129.22060776   0.88584965]	[2.00000000e+00 1.41988928e+03 2.66032349e+02 8.35468948e-01]	[  7.         873.29266357 129.22060776   0.88584965]				1.hdf5	51
370	/data/1_users/pezoldt/man_annotation/stripy/v1/NG050/NG050_P1_CC7/52_0.hdf5	52_0	None	None	Undefined	0		[2.00000000e+00 1.42043945e+03 2.67329109e+02 8.39109361e-01]	[2.00000000e+00 1.42043945e+03 2.67329109e+02 8.39109361e-01]	[1.10000000e+01 9.69563477e+02 3.23824829e+02 8.73820901e-01]				0.hdf5	52
371	/data/1_users/pezoldt/man_annotation/stripy/v1/NG050/NG050_P1_CC7/52_1.hdf5	52_1	None	None	normi_circle	0		[1.10000000e+01 9.69563477e+02 3.23824829e+02 8.73820901e-01]	[2.00000000e+00 1.42043945e+03 2.67329109e+02 8.39109361e-01]	[1.10000000e+01 9.69563477e+02 3.23824829e+02 8.73820901e-01]				1.hdf5	52
372	/data/1_users/pezoldt/man_annotation/stripy/v1/NG050/NG050_P1_CC7/53_0.hdf5	53_0	None	None	Undefined	0		[3.00000000e+00 1.42049780e+03 2.67467560e+02 8.25797737e-01]	[3.00000000e+00 1.42049780e+03 2.67467560e+02 8.25797737e-01]	[1.20000000e+01 9.57032593e+02 1.60613251e+02 8.78865778e-01]				0.hdf5	53
373	/data/1_users/pezoldt/man_annotation/stripy/v1/NG050/NG050_P1_CC7/53_1.hdf5	53_1	None	None	Undefined	0		[1.20000000e+01 9.57032593e+02 1.60613251e+02 8.78865778e-01]	[3.00000000e+00 1.42049780e+03 2.67467560e+02 8.25797737e-01]	[1.20000000e+01 9.57032593e+02 1.60613251e+02 8.78865778e-01]				1.hdf5	53
374	/data/1_users/pezoldt/man_annotation/stripy/v1/NG050/NG050_P1_CC7/54_0.hdf5	54_0	None	None	Undefined	0	[ 11.         732.93481445 167.09341431   0.87471712]	[ 11.         732.93481445 167.09341431   0.87471712]						0.hdf5	54
375	/data/1_users/pezoldt/man_annotation/stripy/v1/NG050/NG050_P1_CC7/55_0.hdf5	55_0	None	None	Undefined	0		[2.00000000e+00 1.42053613e+03 2.67726013e+02 8.07638168e-01]	[2.00000000e+00 1.42053613e+03 2.67726013e+02 8.07638168e-01]	[  8.         450.19815063 316.54974365   0.87235194]				0.hdf5	55
376	/data/1_users/pezoldt/man_annotation/stripy/v1/NG050/NG050_P1_CC7/55_1.hdf5	55_1	None	None	normi_circle	0		[  8.         450.19815063 316.54974365   0.87235194]	[2.00000000e+00 1.42053613e+03 2.67726013e+02 8.07638168e-01]	[  8.         450.19815063 316.54974365   0.87235194]				1.hdf5	55
377	/data/1_users/pezoldt/man_annotation/stripy/v1/NG050/NG050_P1_CC7/56_0.hdf5	56_0	None	None	Undefined	0		[2.00000000e+00 1.42061108e+03 2.67442932e+02 8.22271049e-01]	[2.00000000e+00 1.42061108e+03 2.67442932e+02 8.22271049e-01]	[ 11.         795.8157959  329.39630127   0.8731519 ]				0.hdf5	56
378	/data/1_users/pezoldt/man_annotation/stripy/v1/NG050/NG050_P1_CC7/56_1.hdf5	56_1	None	None	Undefined	0		[ 11.         795.8157959  329.39630127   0.8731519 ]	[2.00000000e+00 1.42061108e+03 2.67442932e+02 8.22271049e-01]	[ 11.         795.8157959  329.39630127   0.8731519 ]				1.hdf5	56
379	/data/1_users/pezoldt/man_annotation/stripy/v1/NG050/NG050_P1_CC7/57_0.hdf5	57_0	None	None	Undefined	0	[1.10000000e+01 9.11034668e+02 2.09100662e+02 8.81516039e-01]	[1.10000000e+01 9.11034668e+02 2.09100662e+02 8.81516039e-01]						0.hdf5	57
380	/data/1_users/pezoldt/man_annotation/stripy/v1/NG050/NG050_P1_CC7/58_0.hdf5	58_0	None	None	Undefined	0	[1.20000000e+01 9.35307495e+02 1.87491394e+02 8.78639638e-01]	[1.20000000e+01 9.35307495e+02 1.87491394e+02 8.78639638e-01]						0.hdf5	58
381	/data/1_users/pezoldt/man_annotation/stripy/v1/NG050/NG050_P1_CC7/59_0.hdf5	59_0	None	None	stripy_center	0	[7.00000000e+00 9.23122314e+02 3.08317413e+02 8.68509889e-01]	[7.00000000e+00 9.23122314e+02 3.08317413e+02 8.68509889e-01]						0.hdf5	59
289	/data/1_users/pezoldt/man_annotation/stripy/v1/NG050/NG050_P1_CC7/5_0.hdf5	5_0	None	None	normi_demicircle	0	[  2.         407.77142334 171.61456299   0.87135708]	[  2.         407.77142334 171.61456299   0.87135708]						0.hdf5	5
382	/data/1_users/pezoldt/man_annotation/stripy/v1/NG050/NG050_P1_CC7/60_0.hdf5	60_0	None	None	Undefined	0		[2.00000000e+00 1.42081226e+03 2.63382599e+02 8.34129274e-01]	[2.00000000e+00 1.42081226e+03 2.63382599e+02 8.34129274e-01]	[ 10.         707.59057617 276.39757538   0.87279779]				0.hdf5	60
383	/data/1_users/pezoldt/man_annotation/stripy/v1/NG050/NG050_P1_CC7/60_1.hdf5	60_1	None	None	Undefined	0		[ 10.         707.59057617 276.39757538   0.87279779]	[2.00000000e+00 1.42081226e+03 2.63382599e+02 8.34129274e-01]	[ 10.         707.59057617 276.39757538   0.87279779]				1.hdf5	60
384	/data/1_users/pezoldt/man_annotation/stripy/v1/NG050/NG050_P1_CC7/61_0.hdf5	61_0	None	None	Undefined	0	[ 11.         783.92236328 309.23065186   0.86471957]	[ 11.         783.92236328 309.23065186   0.86471957]						0.hdf5	61
385	/data/1_users/pezoldt/man_annotation/stripy/v1/NG050/NG050_P1_CC7/62_0.hdf5	62_0	None	None	Undefined	0	[ 11.         863.33557129 170.04797363   0.8718164 ]	[ 11.         863.33557129 170.04797363   0.8718164 ]						0.hdf5	62
386	/data/1_users/pezoldt/man_annotation/stripy/v1/NG050/NG050_P1_CC7/63_0.hdf5	63_0	None	None	Undefined	0		[2.00000000e+00 1.42196008e+03 2.68756500e+02 8.12476754e-01]	[2.00000000e+00 1.42196008e+03 2.68756500e+02 8.12476754e-01]	[ 11.         845.57189941 178.74085999   0.86730665]				0.hdf5	63
387	/data/1_users/pezoldt/man_annotation/stripy/v1/NG050/NG050_P1_CC7/63_1.hdf5	63_1	None	None	Undefined	0		[ 11.         845.57189941 178.74085999   0.86730665]	[2.00000000e+00 1.42196008e+03 2.68756500e+02 8.12476754e-01]	[ 11.         845.57189941 178.74085999   0.86730665]				1.hdf5	63
388	/data/1_users/pezoldt/man_annotation/stripy/v1/NG050/NG050_P1_CC7/64_0.hdf5	64_0	None	None	normi_demicircle	0	[ 10.         698.28594971 220.46432495   0.87619776]	[ 10.         698.28594971 220.46432495   0.87619776]						0.hdf5	64
389	/data/1_users/pezoldt/man_annotation/stripy/v1/NG050/NG050_P1_CC7/65_0.hdf5	65_0	None	None	Undefined	0	[1.20000000e+01 9.17920593e+02 3.23922974e+02 8.69550526e-01]	[1.20000000e+01 9.17920593e+02 3.23922974e+02 8.69550526e-01]						0.hdf5	65
390	/data/1_users/pezoldt/man_annotation/stripy/v1/NG050/NG050_P1_CC7/66_0.hdf5	66_0	None	None	Undefined	0	[  5.         829.72070312 322.47964478   0.8512218 ]	[  5.         829.72070312 322.47964478   0.8512218 ]						0.hdf5	66
391	/data/1_users/pezoldt/man_annotation/stripy/v1/NG050/NG050_P1_CC7/67_0.hdf5	67_0	None	None	normi_demicircle	0	[1.20000000e+01 1.04942029e+03 2.05426758e+02 8.71249974e-01]	[1.20000000e+01 1.04942029e+03 2.05426758e+02 8.71249974e-01]						0.hdf5	67
392	/data/1_users/pezoldt/man_annotation/stripy/v1/NG050/NG050_P1_CC7/68_0.hdf5	68_0	None	None	stripy_center	0	[  7.         745.35083008 175.80340576   0.88461012]	[  7.         745.35083008 175.80340576   0.88461012]						0.hdf5	68
393	/data/1_users/pezoldt/man_annotation/stripy/v1/NG050/NG050_P1_CC7/69_0.hdf5	69_0	None	None	stripy_nucleus	0	[ 11.         757.47387695 177.38461304   0.8781572 ]	[ 11.         757.47387695 177.38461304   0.8781572 ]						0.hdf5	69
290	/data/1_users/pezoldt/man_annotation/stripy/v1/NG050/NG050_P1_CC7/6_0.hdf5	6_0	None	None	stripy_center	0	[  8.         808.00439453 280.6925354    0.8727867 ]	[  8.         808.00439453 280.6925354    0.8727867 ]						0.hdf5	6
394	/data/1_users/pezoldt/man_annotation/stripy/v1/NG050/NG050_P1_CC7/70_0.hdf5	70_0	None	None	stripy_center	0	[  5.         692.37133789 189.63391113   0.88303268]	[  5.         692.37133789 189.63391113   0.88303268]						0.hdf5	70
395	/data/1_users/pezoldt/man_annotation/stripy/v1/NG050/NG050_P1_CC7/71_0.hdf5	71_0	None	None	normi_circle	0	[  5.         645.98291016 246.46661377   0.90143365]	[  5.         645.98291016 246.46661377   0.90143365]						0.hdf5	71
396	/data/1_users/pezoldt/man_annotation/stripy/v1/NG050/NG050_P1_CC7/72_0.hdf5	72_0	None	None	Undefined	0	[ 10.         860.1895752  315.95898438   0.88228333]	[ 10.         860.1895752  315.95898438   0.88228333]						0.hdf5	72
397	/data/1_users/pezoldt/man_annotation/stripy/v1/NG050/NG050_P1_CC7/73_0.hdf5	73_0	None	None	Undefined	0		[1.00000000e+00 1.42070703e+03 2.63563263e+02 8.14483523e-01]	[1.00000000e+00 1.42070703e+03 2.63563263e+02 8.14483523e-01]	[1.10000000e+01 1.03340149e+03 2.03377838e+02 8.89633596e-01]				0.hdf5	73
398	/data/1_users/pezoldt/man_annotation/stripy/v1/NG050/NG050_P1_CC7/73_1.hdf5	73_1	None	None	stripy_nucleus	0		[1.10000000e+01 1.03340149e+03 2.03377838e+02 8.89633596e-01]	[1.00000000e+00 1.42070703e+03 2.63563263e+02 8.14483523e-01]	[1.10000000e+01 1.03340149e+03 2.03377838e+02 8.89633596e-01]				1.hdf5	73
399	/data/1_users/pezoldt/man_annotation/stripy/v1/NG050/NG050_P1_CC7/74_0.hdf5	74_0	None	None	stripy_center	0	[1.20000000e+01 1.15608350e+03 3.32994019e+02 8.83203745e-01]	[1.20000000e+01 1.15608350e+03 3.32994019e+02 8.83203745e-01]						0.hdf5	74
400	/data/1_users/pezoldt/man_annotation/stripy/v1/NG050/NG050_P1_CC7/75_0.hdf5	75_0	None	None	stripy_center	0		[7.00000000e+00 9.68708008e+02 1.47397522e+02 8.89017165e-01]	[7.00000000e+00 9.68708008e+02 1.47397522e+02 8.89017165e-01]	[  7.          35.13589859 319.95300293   0.86864877]				0.hdf5	75
401	/data/1_users/pezoldt/man_annotation/stripy/v1/NG050/NG050_P1_CC7/75_1.hdf5	75_1	None	None	stripy_center	0		[  7.          35.13589859 319.95300293   0.86864877]	[7.00000000e+00 9.68708008e+02 1.47397522e+02 8.89017165e-01]	[  7.          35.13589859 319.95300293   0.86864877]				1.hdf5	75
402	/data/1_users/pezoldt/man_annotation/stripy/v1/NG050/NG050_P1_CC7/76_0.hdf5	76_0	None	None	normi_demicircle	0	[ 10.         754.53253174 206.14228821   0.87511069]	[ 10.         754.53253174 206.14228821   0.87511069]						0.hdf5	76
403	/data/1_users/pezoldt/man_annotation/stripy/v1/NG050/NG050_P1_CC7/77_0.hdf5	77_0	None	None	Undefined	0		[1.00000000e+00 1.42015515e+03 2.65984619e+02 8.20331097e-01]	[1.00000000e+00 1.42015515e+03 2.65984619e+02 8.20331097e-01]	[ 11.         846.4786377  146.54377747   0.87663049]				0.hdf5	77
404	/data/1_users/pezoldt/man_annotation/stripy/v1/NG050/NG050_P1_CC7/77_1.hdf5	77_1	None	None	normi_demicircle	0		[ 11.         846.4786377  146.54377747   0.87663049]	[1.00000000e+00 1.42015515e+03 2.65984619e+02 8.20331097e-01]	[ 11.         846.4786377  146.54377747   0.87663049]				1.hdf5	77
405	/data/1_users/pezoldt/man_annotation/stripy/v1/NG050/NG050_P1_CC7/78_0.hdf5	78_0	None	None	stripy_center	0	[1.10000000e+01 1.04992590e+03 2.97999878e+02 8.95436943e-01]	[1.10000000e+01 1.04992590e+03 2.97999878e+02 8.95436943e-01]						0.hdf5	78
406	/data/1_users/pezoldt/man_annotation/stripy/v1/NG050/NG050_P1_CC7/79_0.hdf5	79_0	None	None	Undefined	0		[1.00000000e+00 1.41989832e+03 2.64462944e+02 8.36806715e-01]	[1.00000000e+00 1.41989832e+03 2.64462944e+02 8.36806715e-01]	[  5.         602.62097168 207.97319031   0.87544531]				0.hdf5	79
407	/data/1_users/pezoldt/man_annotation/stripy/v1/NG050/NG050_P1_CC7/79_1.hdf5	79_1	None	None	stripy_center	0		[  5.         602.62097168 207.97319031   0.87544531]	[1.00000000e+00 1.41989832e+03 2.64462944e+02 8.36806715e-01]	[  5.         602.62097168 207.97319031   0.87544531]				1.hdf5	79
291	/data/1_users/pezoldt/man_annotation/stripy/v1/NG050/NG050_P1_CC7/7_0.hdf5	7_0	None	None	Undefined	0		[0.00000000e+00 1.40509985e+03 2.46323547e+02 8.43807340e-01]	[0.00000000e+00 1.40509985e+03 2.46323547e+02 8.43807340e-01]	[  7.          80.43317413 248.42245483   0.87425399]				0.hdf5	7
292	/data/1_users/pezoldt/man_annotation/stripy/v1/NG050/NG050_P1_CC7/7_1.hdf5	7_1	None	None	normi_circle	0		[  7.          80.43317413 248.42245483   0.87425399]	[0.00000000e+00 1.40509985e+03 2.46323547e+02 8.43807340e-01]	[  7.          80.43317413 248.42245483   0.87425399]				1.hdf5	7
408	/data/1_users/pezoldt/man_annotation/stripy/v1/NG050/NG050_P1_CC7/80_0.hdf5	80_0	None	None	Undefined	0		[1.00000000e+00 1.41983679e+03 2.63582611e+02 8.26723397e-01]	[1.00000000e+00 1.41983679e+03 2.63582611e+02 8.26723397e-01]	[ 10.         604.26574707 213.46469116   0.86486745]				0.hdf5	80
409	/data/1_users/pezoldt/man_annotation/stripy/v1/NG050/NG050_P1_CC7/80_1.hdf5	80_1	None	None	Undefined	0		[ 10.         604.26574707 213.46469116   0.86486745]	[1.00000000e+00 1.41983679e+03 2.63582611e+02 8.26723397e-01]	[ 10.         604.26574707 213.46469116   0.86486745]				1.hdf5	80
410	/data/1_users/pezoldt/man_annotation/stripy/v1/NG050/NG050_P1_CC7/81_0.hdf5	81_0	None	None	stripy_nucleus	0	[  9.         777.62023926 302.0843811    0.88375038]	[  9.         777.62023926 302.0843811    0.88375038]						0.hdf5	81
411	/data/1_users/pezoldt/man_annotation/stripy/v1/NG050/NG050_P1_CC7/82_0.hdf5	82_0	None	None	Undefined	0		[1.00000000e+00 1.41923438e+03 2.61017342e+02 8.46069217e-01]	[1.00000000e+00 1.41923438e+03 2.61017342e+02 8.46069217e-01]	[  9.         563.02722168 162.00849915   0.85786754]				0.hdf5	82
412	/data/1_users/pezoldt/man_annotation/stripy/v1/NG050/NG050_P1_CC7/82_1.hdf5	82_1	None	None	Undefined	0		[  9.         563.02722168 162.00849915   0.85786754]	[1.00000000e+00 1.41923438e+03 2.61017342e+02 8.46069217e-01]	[  9.         563.02722168 162.00849915   0.85786754]				1.hdf5	82
413	/data/1_users/pezoldt/man_annotation/stripy/v1/NG050/NG050_P1_CC7/83_0.hdf5	83_0	None	None	Undefined	0		[1.00000000e+00 1.41913159e+03 2.60244598e+02 8.38389814e-01]	[1.00000000e+00 1.41913159e+03 2.60244598e+02 8.38389814e-01]	[1.00000000e+01 9.74391785e+02 2.16680328e+02 8.90350282e-01]				0.hdf5	83
414	/data/1_users/pezoldt/man_annotation/stripy/v1/NG050/NG050_P1_CC7/83_1.hdf5	83_1	None	None	stripy_nucleus	0		[1.00000000e+01 9.74391785e+02 2.16680328e+02 8.90350282e-01]	[1.00000000e+00 1.41913159e+03 2.60244598e+02 8.38389814e-01]	[1.00000000e+01 9.74391785e+02 2.16680328e+02 8.90350282e-01]				1.hdf5	83
415	/data/1_users/pezoldt/man_annotation/stripy/v1/NG050/NG050_P1_CC7/84_0.hdf5	84_0	None	None	normi_circle	0	[1.10000000e+01 9.06352722e+02 3.21079193e+02 8.62351358e-01]	[1.10000000e+01 9.06352722e+02 3.21079193e+02 8.62351358e-01]						0.hdf5	84
416	/data/1_users/pezoldt/man_annotation/stripy/v1/NG050/NG050_P1_CC7/85_0.hdf5	85_0	None	None	normi_demicircle	0	[  6.         397.46954346 130.29263306   0.87150943]	[  6.         397.46954346 130.29263306   0.87150943]						0.hdf5	85
417	/data/1_users/pezoldt/man_annotation/stripy/v1/NG050/NG050_P1_CC7/86_0.hdf5	86_0	None	None	normi_circle	0	[  9.         420.00097656 170.23791504   0.87538117]	[  9.         420.00097656 170.23791504   0.87538117]						0.hdf5	86
418	/data/1_users/pezoldt/man_annotation/stripy/v1/NG050/NG050_P1_CC7/87_0.hdf5	87_0	None	None	Undefined	0	[  9.         514.44459534 116.08126831   0.86505991]	[  9.         514.44459534 116.08126831   0.86505991]						0.hdf5	87
419	/data/1_users/pezoldt/man_annotation/stripy/v1/NG050/NG050_P1_CC7/88_0.hdf5	88_0	None	None	Undefined	0		[1.00000000e+00 1.41863062e+03 2.61163460e+02 8.33878636e-01]	[1.00000000e+00 1.41863062e+03 2.61163460e+02 8.33878636e-01]	[  7.         427.83154297 216.66400146   0.84810102]	[  7.         476.84136963 198.32159424   0.83784837]			0.hdf5	88
420	/data/1_users/pezoldt/man_annotation/stripy/v1/NG050/NG050_P1_CC7/88_1.hdf5	88_1	None	None	Undefined	0		[  7.         427.83154297 216.66400146   0.84810102]	[1.00000000e+00 1.41863062e+03 2.61163460e+02 8.33878636e-01]	[  7.         427.83154297 216.66400146   0.84810102]	[  7.         476.84136963 198.32159424   0.83784837]			1.hdf5	88
421	/data/1_users/pezoldt/man_annotation/stripy/v1/NG050/NG050_P1_CC7/88_2.hdf5	88_2	None	None	Undefined	0		[  7.         476.84136963 198.32159424   0.83784837]	[1.00000000e+00 1.41863062e+03 2.61163460e+02 8.33878636e-01]	[  7.         427.83154297 216.66400146   0.84810102]	[  7.         476.84136963 198.32159424   0.83784837]			2.hdf5	88
422	/data/1_users/pezoldt/man_annotation/stripy/v1/NG050/NG050_P1_CC7/89_0.hdf5	89_0	None	None	Undefined	0		[1.00000000e+00 1.41812012e+03 2.60626472e+02 8.04116249e-01]	[1.00000000e+00 1.41812012e+03 2.60626472e+02 8.04116249e-01]	[1.20000000e+01 1.35839990e+03 3.36213165e+02 8.83705676e-01]				0.hdf5	89
423	/data/1_users/pezoldt/man_annotation/stripy/v1/NG050/NG050_P1_CC7/89_1.hdf5	89_1	None	None	normi_circle	0		[1.20000000e+01 1.35839990e+03 3.36213165e+02 8.83705676e-01]	[1.00000000e+00 1.41812012e+03 2.60626472e+02 8.04116249e-01]	[1.20000000e+01 1.35839990e+03 3.36213165e+02 8.83705676e-01]				1.hdf5	89
293	/data/1_users/pezoldt/man_annotation/stripy/v1/NG050/NG050_P1_CC7/8_0.hdf5	8_0	None	None	Undefined	0		[0.00000000e+00 1.40499902e+03 2.46326324e+02 8.33319485e-01]	[0.00000000e+00 1.40499902e+03 2.46326324e+02 8.33319485e-01]	[  3.         770.6741333  308.39959717   0.88171268]				0.hdf5	8
294	/data/1_users/pezoldt/man_annotation/stripy/v1/NG050/NG050_P1_CC7/8_1.hdf5	8_1	None	None	Undefined	0		[  3.         770.6741333  308.39959717   0.88171268]	[0.00000000e+00 1.40499902e+03 2.46326324e+02 8.33319485e-01]	[  3.         770.6741333  308.39959717   0.88171268]				1.hdf5	8
424	/data/1_users/pezoldt/man_annotation/stripy/v1/NG050/NG050_P1_CC7/90_0.hdf5	90_0	None	None	Undefined	0		[1.00000000e+00 1.41799097e+03 2.60518242e+02 8.19863915e-01]	[1.00000000e+00 1.41799097e+03 2.60518242e+02 8.19863915e-01]	[ 10.         685.74359131 292.58779907   0.87340754]				0.hdf5	90
425	/data/1_users/pezoldt/man_annotation/stripy/v1/NG050/NG050_P1_CC7/90_1.hdf5	90_1	None	None	stripy_center	0		[ 10.         685.74359131 292.58779907   0.87340754]	[1.00000000e+00 1.41799097e+03 2.60518242e+02 8.19863915e-01]	[ 10.         685.74359131 292.58779907   0.87340754]				1.hdf5	90
426	/data/1_users/pezoldt/man_annotation/stripy/v1/NG050/NG050_P1_CC7/91_0.hdf5	91_0	None	None	Undefined	0		[1.00000000e+00 1.41782019e+03 2.59882111e+02 8.08394194e-01]	[1.00000000e+00 1.41782019e+03 2.59882111e+02 8.08394194e-01]	[  7.         246.56347656 172.65023804   0.87242043]				0.hdf5	91
427	/data/1_users/pezoldt/man_annotation/stripy/v1/NG050/NG050_P1_CC7/91_1.hdf5	91_1	None	None	Undefined	0		[  7.         246.56347656 172.65023804   0.87242043]	[1.00000000e+00 1.41782019e+03 2.59882111e+02 8.08394194e-01]	[  7.         246.56347656 172.65023804   0.87242043]				1.hdf5	91
428	/data/1_users/pezoldt/man_annotation/stripy/v1/NG050/NG050_P1_CC7/92_0.hdf5	92_0	None	None	Undefined	0		[1.00000000e+00 1.41747876e+03 2.58557617e+02 8.27074409e-01]	[1.00000000e+00 1.41747876e+03 2.58557617e+02 8.27074409e-01]	[1.10000000e+01 1.18758618e+03 3.05646729e+02 8.88497233e-01]				0.hdf5	92
429	/data/1_users/pezoldt/man_annotation/stripy/v1/NG050/NG050_P1_CC7/92_1.hdf5	92_1	None	None	stripy_center	0		[1.10000000e+01 1.18758618e+03 3.05646729e+02 8.88497233e-01]	[1.00000000e+00 1.41747876e+03 2.58557617e+02 8.27074409e-01]	[1.10000000e+01 1.18758618e+03 3.05646729e+02 8.88497233e-01]				1.hdf5	92
430	/data/1_users/pezoldt/man_annotation/stripy/v1/NG050/NG050_P1_CC7/93_0.hdf5	93_0	None	None	Undefined	0		[1.00000000e+00 1.41747974e+03 2.58143059e+02 8.26205313e-01]	[1.00000000e+00 1.41747974e+03 2.58143059e+02 8.26205313e-01]	[  8.         818.88659668 272.54521942   0.88652366]	[ 10.         874.61608887 224.45629883   0.88482648]			0.hdf5	93
431	/data/1_users/pezoldt/man_annotation/stripy/v1/NG050/NG050_P1_CC7/93_1.hdf5	93_1	None	None	Undefined	0		[  8.         818.88659668 272.54521942   0.88652366]	[1.00000000e+00 1.41747974e+03 2.58143059e+02 8.26205313e-01]	[  8.         818.88659668 272.54521942   0.88652366]	[ 10.         874.61608887 224.45629883   0.88482648]			1.hdf5	93
432	/data/1_users/pezoldt/man_annotation/stripy/v1/NG050/NG050_P1_CC7/93_2.hdf5	93_2	None	None	Undefined	0		[ 10.         874.61608887 224.45629883   0.88482648]	[1.00000000e+00 1.41747974e+03 2.58143059e+02 8.26205313e-01]	[  8.         818.88659668 272.54521942   0.88652366]	[ 10.         874.61608887 224.45629883   0.88482648]			2.hdf5	93
433	/data/1_users/pezoldt/man_annotation/stripy/v1/NG050/NG050_P1_CC7/94_0.hdf5	94_0	None	None	Undefined	0	[1.10000000e+01 1.00910883e+03 2.22479797e+02 8.79675567e-01]	[1.10000000e+01 1.00910883e+03 2.22479797e+02 8.79675567e-01]						0.hdf5	94
434	/data/1_users/pezoldt/man_annotation/stripy/v1/NG050/NG050_P1_CC7/95_0.hdf5	95_0	None	None	Undefined	0	[1.10000000e+01 1.06490442e+03 1.38662384e+02 8.89167488e-01]	[1.10000000e+01 1.06490442e+03 1.38662384e+02 8.89167488e-01]						0.hdf5	95
295	/data/1_users/pezoldt/man_annotation/stripy/v1/NG050/NG050_P1_CC7/9_0.hdf5	9_0	None	None	Undefined	0		[0.00000000e+00 1.40507471e+03 2.46142746e+02 8.39753807e-01]	[0.00000000e+00 1.40507471e+03 2.46142746e+02 8.39753807e-01]	[  6.         574.2746582  142.82672501   0.87506324]				0.hdf5	9
296	/data/1_users/pezoldt/man_annotation/stripy/v1/NG050/NG050_P1_CC7/9_1.hdf5	9_1	None	None	stripy_center	0		[  6.         574.2746582  142.82672501   0.87506324]	[0.00000000e+00 1.40507471e+03 2.46142746e+02 8.39753807e-01]	[  6.         574.2746582  142.82672501   0.87506324]				1.hdf5	9
435	/data/1_users/pezoldt/man_annotation/stripy/v1/NG050/NG050_P2_CC12/0_0.hdf5	0_0	None	None	stripy_center	0	[1.00000000e+01 9.13916382e+02 2.64148201e+02 8.65976810e-01]	[1.00000000e+01 9.13916382e+02 2.64148201e+02 8.65976810e-01]						0.hdf5	0
447	/data/1_users/pezoldt/man_annotation/stripy/v1/NG050/NG050_P2_CC12/10_0.hdf5	10_0	None	None	stripy_nucleus	0	[ 10.         605.10211182 249.08840942   0.86298168]	[ 10.         605.10211182 249.08840942   0.86298168]						0.hdf5	10
448	/data/1_users/pezoldt/man_annotation/stripy/v1/NG050/NG050_P2_CC12/11_0.hdf5	11_0	None	None	Undefined	0	[1.20000000e+01 1.29186475e+03 3.10409668e+02 8.71741056e-01]	[1.20000000e+01 1.29186475e+03 3.10409668e+02 8.71741056e-01]						0.hdf5	11
449	/data/1_users/pezoldt/man_annotation/stripy/v1/NG050/NG050_P2_CC12/12_0.hdf5	12_0	None	None	Undefined	0	[1.20000000e+01 1.79714160e+03 3.35152832e+02 8.74326527e-01]	[1.20000000e+01 1.79714160e+03 3.35152832e+02 8.74326527e-01]						0.hdf5	12
450	/data/1_users/pezoldt/man_annotation/stripy/v1/NG050/NG050_P2_CC12/13_0.hdf5	13_0	None	None	Undefined	0	[ 11.         594.74719238 295.1305542    0.87298656]	[ 11.         594.74719238 295.1305542    0.87298656]						0.hdf5	13
451	/data/1_users/pezoldt/man_annotation/stripy/v1/NG050/NG050_P2_CC12/14_0.hdf5	14_0	None	None	normi_circle	0		[  6.         660.22113037 153.23303223   0.87362796]	[  6.         660.22113037 153.23303223   0.87362796]	[ 12.         750.59985352 150.8430481    0.86277562]				0.hdf5	14
452	/data/1_users/pezoldt/man_annotation/stripy/v1/NG050/NG050_P2_CC12/14_1.hdf5	14_1	None	None	Undefined	0		[ 12.         750.59985352 150.8430481    0.86277562]	[  6.         660.22113037 153.23303223   0.87362796]	[ 12.         750.59985352 150.8430481    0.86277562]				1.hdf5	14
453	/data/1_users/pezoldt/man_annotation/stripy/v1/NG050/NG050_P2_CC12/15_0.hdf5	15_0	None	None	normi_circle	0	[1.10000000e+01 1.22859448e+03 3.45498413e+02 8.73048604e-01]	[1.10000000e+01 1.22859448e+03 3.45498413e+02 8.73048604e-01]						0.hdf5	15
454	/data/1_users/pezoldt/man_annotation/stripy/v1/NG050/NG050_P2_CC12/16_0.hdf5	16_0	None	None	Undefined	0	[1.20000000e+01 9.85412170e+02 1.29176609e+02 8.70663822e-01]	[1.20000000e+01 9.85412170e+02 1.29176609e+02 8.70663822e-01]						0.hdf5	16
455	/data/1_users/pezoldt/man_annotation/stripy/v1/NG050/NG050_P2_CC12/17_0.hdf5	17_0	None	None	Undefined	0	[1.10000000e+01 1.02840771e+03 2.91000671e+02 8.68340254e-01]	[1.10000000e+01 1.02840771e+03 2.91000671e+02 8.68340254e-01]						0.hdf5	17
456	/data/1_users/pezoldt/man_annotation/stripy/v1/NG050/NG050_P2_CC12/18_0.hdf5	18_0	None	None	Undefined	0	[1.20000000e+01 1.27683923e+03 2.55809113e+02 8.75374496e-01]	[1.20000000e+01 1.27683923e+03 2.55809113e+02 8.75374496e-01]						0.hdf5	18
457	/data/1_users/pezoldt/man_annotation/stripy/v1/NG050/NG050_P2_CC12/19_0.hdf5	19_0	None	None	Undefined	0	[4.00000000e+00 9.24001953e+02 3.20221497e+02 8.76713991e-01]	[4.00000000e+00 9.24001953e+02 3.20221497e+02 8.76713991e-01]						0.hdf5	19
436	/data/1_users/pezoldt/man_annotation/stripy/v1/NG050/NG050_P2_CC12/1_0.hdf5	1_0	None	None	Undefined	0	[4.00000000e+00 9.56031067e+02 2.60822815e+02 8.77571881e-01]	[4.00000000e+00 9.56031067e+02 2.60822815e+02 8.77571881e-01]						0.hdf5	1
458	/data/1_users/pezoldt/man_annotation/stripy/v1/NG050/NG050_P2_CC12/20_0.hdf5	20_0	None	None	Undefined	0	[ 10.         792.90325928 286.0743103    0.87113857]	[ 10.         792.90325928 286.0743103    0.87113857]						0.hdf5	20
459	/data/1_users/pezoldt/man_annotation/stripy/v1/NG050/NG050_P2_CC12/21_0.hdf5	21_0	None	None	normi_demicircle	0	[  5.         736.62493896 333.61560059   0.87754786]	[  5.         736.62493896 333.61560059   0.87754786]						0.hdf5	21
460	/data/1_users/pezoldt/man_annotation/stripy/v1/NG050/NG050_P2_CC12/22_0.hdf5	22_0	None	None	Undefined	0	[ 11.         879.43035889 216.87567139   0.88010055]	[ 11.         879.43035889 216.87567139   0.88010055]						0.hdf5	22
461	/data/1_users/pezoldt/man_annotation/stripy/v1/NG050/NG050_P2_CC12/23_0.hdf5	23_0	None	None	Undefined	0	[1.00000000e+01 9.44890747e+02 3.42446411e+02 8.96207035e-01]	[1.00000000e+01 9.44890747e+02 3.42446411e+02 8.96207035e-01]						0.hdf5	23
462	/data/1_users/pezoldt/man_annotation/stripy/v1/NG050/NG050_P2_CC12/24_0.hdf5	24_0	None	None	Undefined	0	[ 10.         734.67810059 150.78789902   0.87735325]	[ 10.         734.67810059 150.78789902   0.87735325]						0.hdf5	24
463	/data/1_users/pezoldt/man_annotation/stripy/v1/NG050/NG050_P2_CC12/25_0.hdf5	25_0	None	None	Undefined	0	[  5.         666.73913574 254.63368225   0.88059258]	[  5.         666.73913574 254.63368225   0.88059258]						0.hdf5	25
464	/data/1_users/pezoldt/man_annotation/stripy/v1/NG050/NG050_P2_CC12/26_0.hdf5	26_0	None	None	Undefined	0	[  4.         656.74597168 246.33930969   0.87656665]	[  4.         656.74597168 246.33930969   0.87656665]						0.hdf5	26
465	/data/1_users/pezoldt/man_annotation/stripy/v1/NG050/NG050_P2_CC12/27_0.hdf5	27_0	None	None	normi_circle	0	[ 11.         844.87420654 209.96008301   0.87512839]	[ 11.         844.87420654 209.96008301   0.87512839]						0.hdf5	27
466	/data/1_users/pezoldt/man_annotation/stripy/v1/NG050/NG050_P2_CC12/28_0.hdf5	28_0	None	None	Undefined	0	[  8.         472.76004028 242.55789185   0.87398338]	[  8.         472.76004028 242.55789185   0.87398338]						0.hdf5	28
467	/data/1_users/pezoldt/man_annotation/stripy/v1/NG050/NG050_P2_CC12/29_0.hdf5	29_0	None	None	stripy_center	0	[ 10.         732.27478027 149.43736267   0.87290388]	[ 10.         732.27478027 149.43736267   0.87290388]						0.hdf5	29
437	/data/1_users/pezoldt/man_annotation/stripy/v1/NG050/NG050_P2_CC12/2_0.hdf5	2_0	None	None	normi_circle	0	[  4.         615.05639648 201.93962097   0.8654604 ]	[  4.         615.05639648 201.93962097   0.8654604 ]						0.hdf5	2
468	/data/1_users/pezoldt/man_annotation/stripy/v1/NG050/NG050_P2_CC12/30_0.hdf5	30_0	None	None	Undefined	0	[ 10.         716.06567383 259.95568085   0.85160458]	[ 10.         716.06567383 259.95568085   0.85160458]						0.hdf5	30
469	/data/1_users/pezoldt/man_annotation/stripy/v1/NG050/NG050_P2_CC12/31_0.hdf5	31_0	None	None	stripy_center	0	[ 11.         873.32348633 185.02645874   0.87399232]	[ 11.         873.32348633 185.02645874   0.87399232]						0.hdf5	31
470	/data/1_users/pezoldt/man_annotation/stripy/v1/NG050/NG050_P2_CC12/32_0.hdf5	32_0	None	None	Undefined	0	[  7.         607.91552734 245.39306641   0.86123002]	[  7.         607.91552734 245.39306641   0.86123002]						0.hdf5	32
471	/data/1_users/pezoldt/man_annotation/stripy/v1/NG050/NG050_P2_CC12/33_0.hdf5	33_0	None	None	normi_demicircle	0	[9.00000000e+00 8.90756592e+02 3.24533386e+02 8.73319209e-01]	[9.00000000e+00 8.90756592e+02 3.24533386e+02 8.73319209e-01]						0.hdf5	33
472	/data/1_users/pezoldt/man_annotation/stripy/v1/NG050/NG050_P2_CC12/34_0.hdf5	34_0	None	None	Undefined	0	[ 10.         663.85083008 204.47296143   0.86955607]	[ 10.         663.85083008 204.47296143   0.86955607]						0.hdf5	34
473	/data/1_users/pezoldt/man_annotation/stripy/v1/NG050/NG050_P2_CC12/35_0.hdf5	35_0	None	None	normi_circle	0	[1.10000000e+01 1.00061218e+03 3.21394653e+02 8.74867380e-01]	[1.10000000e+01 1.00061218e+03 3.21394653e+02 8.74867380e-01]						0.hdf5	35
474	/data/1_users/pezoldt/man_annotation/stripy/v1/NG050/NG050_P2_CC12/36_0.hdf5	36_0	None	None	Undefined	0	[ 10.         865.71643066 243.56427002   0.88359213]	[ 10.         865.71643066 243.56427002   0.88359213]						0.hdf5	36
475	/data/1_users/pezoldt/man_annotation/stripy/v1/NG050/NG050_P2_CC12/37_0.hdf5	37_0	None	None	Undefined	0	[1.00000000e+01 8.73863525e+02 2.62183746e+02 8.69329035e-01]	[1.00000000e+01 8.73863525e+02 2.62183746e+02 8.69329035e-01]						0.hdf5	37
476	/data/1_users/pezoldt/man_annotation/stripy/v1/NG050/NG050_P2_CC12/38_0.hdf5	38_0	None	None	stripy_nucleus	0		[1.00000000e+01 9.95747437e+02 2.87154053e+02 8.81957471e-01]	[1.00000000e+01 9.95747437e+02 2.87154053e+02 8.81957471e-01]	[1.00000000e+01 1.98996777e+03 2.20083755e+02 8.68117034e-01]				0.hdf5	38
477	/data/1_users/pezoldt/man_annotation/stripy/v1/NG050/NG050_P2_CC12/38_1.hdf5	38_1	None	None	Undefined	0		[1.00000000e+01 1.98996777e+03 2.20083755e+02 8.68117034e-01]	[1.00000000e+01 9.95747437e+02 2.87154053e+02 8.81957471e-01]	[1.00000000e+01 1.98996777e+03 2.20083755e+02 8.68117034e-01]				1.hdf5	38
478	/data/1_users/pezoldt/man_annotation/stripy/v1/NG050/NG050_P2_CC12/39_0.hdf5	39_0	None	None	Undefined	0	[1.10000000e+01 9.76630554e+02 2.34616974e+02 8.78716290e-01]	[1.10000000e+01 9.76630554e+02 2.34616974e+02 8.78716290e-01]						0.hdf5	39
438	/data/1_users/pezoldt/man_annotation/stripy/v1/NG050/NG050_P2_CC12/3_0.hdf5	3_0	None	None	Undefined	0	[  5.         455.87750244 235.16748047   0.87628657]	[  5.         455.87750244 235.16748047   0.87628657]						0.hdf5	3
479	/data/1_users/pezoldt/man_annotation/stripy/v1/NG050/NG050_P2_CC12/40_0.hdf5	40_0	None	None	normi_circle	0	[1.10000000e+01 8.97556885e+02 3.27991058e+02 8.64550948e-01]	[1.10000000e+01 8.97556885e+02 3.27991058e+02 8.64550948e-01]						0.hdf5	40
480	/data/1_users/pezoldt/man_annotation/stripy/v1/NG050/NG050_P2_CC12/41_0.hdf5	41_0	None	None	Undefined	0	[1.00000000e+01 9.49317871e+02 2.84625488e+02 8.79444003e-01]	[1.00000000e+01 9.49317871e+02 2.84625488e+02 8.79444003e-01]						0.hdf5	41
481	/data/1_users/pezoldt/man_annotation/stripy/v1/NG050/NG050_P2_CC12/42_0.hdf5	42_0	None	None	Undefined	0	[1.10000000e+01 1.13933167e+03 3.13271698e+02 8.72871339e-01]	[1.10000000e+01 1.13933167e+03 3.13271698e+02 8.72871339e-01]						0.hdf5	42
482	/data/1_users/pezoldt/man_annotation/stripy/v1/NG050/NG050_P2_CC12/43_0.hdf5	43_0	None	None	stripy_nucleus	0	[  7.         531.48022461 131.40475464   0.87617725]	[  7.         531.48022461 131.40475464   0.87617725]						0.hdf5	43
483	/data/1_users/pezoldt/man_annotation/stripy/v1/NG050/NG050_P2_CC12/44_0.hdf5	44_0	None	None	Undefined	0	[1.10000000e+01 1.01511414e+03 3.26838776e+02 8.58447671e-01]	[1.10000000e+01 1.01511414e+03 3.26838776e+02 8.58447671e-01]						0.hdf5	44
484	/data/1_users/pezoldt/man_annotation/stripy/v1/NG050/NG050_P2_CC12/45_0.hdf5	45_0	None	None	Undefined	0	[  6.         690.37005615 248.17866516   0.87282783]	[  6.         690.37005615 248.17866516   0.87282783]						0.hdf5	45
485	/data/1_users/pezoldt/man_annotation/stripy/v1/NG050/NG050_P2_CC12/46_0.hdf5	46_0	None	None	normi_demicircle	0	[  9.         632.38012695 306.93188477   0.86610538]	[  9.         632.38012695 306.93188477   0.86610538]						0.hdf5	46
486	/data/1_users/pezoldt/man_annotation/stripy/v1/NG050/NG050_P2_CC12/47_0.hdf5	47_0	None	None	stripy_nucleus	0	[  9.         628.97625732 158.38738632   0.86825979]	[  9.         628.97625732 158.38738632   0.86825979]						0.hdf5	47
487	/data/1_users/pezoldt/man_annotation/stripy/v1/NG050/NG050_P2_CC12/48_0.hdf5	48_0	None	None	Undefined	0	[  8.         368.40316772 143.65069962   0.87080878]	[  8.         368.40316772 143.65069962   0.87080878]						0.hdf5	48
488	/data/1_users/pezoldt/man_annotation/stripy/v1/NG050/NG050_P2_CC12/49_0.hdf5	49_0	None	None	Undefined	0	[  8.         409.21829224 248.30554199   0.84976518]	[  8.         409.21829224 248.30554199   0.84976518]						0.hdf5	49
439	/data/1_users/pezoldt/man_annotation/stripy/v1/NG050/NG050_P2_CC12/4_0.hdf5	4_0	None	None	Undefined	0	[  5.         786.85510254 137.2313385    0.87177414]	[  5.         786.85510254 137.2313385    0.87177414]						0.hdf5	4
489	/data/1_users/pezoldt/man_annotation/stripy/v1/NG050/NG050_P2_CC12/50_0.hdf5	50_0	None	None	Undefined	0	[ 10.         824.54882812 333.85617065   0.87817252]	[ 10.         824.54882812 333.85617065   0.87817252]						0.hdf5	50
490	/data/1_users/pezoldt/man_annotation/stripy/v1/NG050/NG050_P2_CC12/51_0.hdf5	51_0	None	None	Undefined	0	[1.00000000e+01 9.43306030e+02 2.42399521e+02 8.70753109e-01]	[1.00000000e+01 9.43306030e+02 2.42399521e+02 8.70753109e-01]						0.hdf5	51
491	/data/1_users/pezoldt/man_annotation/stripy/v1/NG050/NG050_P2_CC12/52_0.hdf5	52_0	None	None	stripy_nucleus	0	[  9.         735.26025391 255.3419342    0.88077486]	[  9.         735.26025391 255.3419342    0.88077486]						0.hdf5	52
492	/data/1_users/pezoldt/man_annotation/stripy/v1/NG050/NG050_P2_CC12/53_0.hdf5	53_0	None	None	Undefined	0	[ 10.         867.9942627  286.96780396   0.88113362]	[ 10.         867.9942627  286.96780396   0.88113362]						0.hdf5	53
493	/data/1_users/pezoldt/man_annotation/stripy/v1/NG050/NG050_P2_CC12/54_0.hdf5	54_0	None	None	Undefined	0	[1.10000000e+01 9.05334595e+02 2.60039970e+02 8.74001980e-01]	[1.10000000e+01 9.05334595e+02 2.60039970e+02 8.74001980e-01]						0.hdf5	54
494	/data/1_users/pezoldt/man_annotation/stripy/v1/NG050/NG050_P2_CC12/55_0.hdf5	55_0	None	None	Undefined	0	[1.10000000e+01 9.93314026e+02 3.25139709e+02 8.73453498e-01]	[1.10000000e+01 9.93314026e+02 3.25139709e+02 8.73453498e-01]						0.hdf5	55
495	/data/1_users/pezoldt/man_annotation/stripy/v1/NG050/NG050_P2_CC12/56_0.hdf5	56_0	None	None	normi_demicircle	0	[ 10.         719.44250488 334.97735596   0.86889338]	[ 10.         719.44250488 334.97735596   0.86889338]						0.hdf5	56
496	/data/1_users/pezoldt/man_annotation/stripy/v1/NG050/NG050_P2_CC12/57_0.hdf5	57_0	None	None	normi_circle	0	[  9.         772.83117676 293.98999023   0.87353718]	[  9.         772.83117676 293.98999023   0.87353718]						0.hdf5	57
497	/data/1_users/pezoldt/man_annotation/stripy/v1/NG050/NG050_P2_CC12/58_0.hdf5	58_0	None	None	Undefined	0	[9.00000000e+00 8.83051941e+02 3.21592285e+02 8.76395226e-01]	[9.00000000e+00 8.83051941e+02 3.21592285e+02 8.76395226e-01]						0.hdf5	58
498	/data/1_users/pezoldt/man_annotation/stripy/v1/NG050/NG050_P2_CC12/59_0.hdf5	59_0	None	None	normi_circle	0	[ 11.         832.95227051 182.46765137   0.87121141]	[ 11.         832.95227051 182.46765137   0.87121141]						0.hdf5	59
440	/data/1_users/pezoldt/man_annotation/stripy/v1/NG050/NG050_P2_CC12/5_0.hdf5	5_0	None	None	stripy_nucleus	0		[1.00000000e+01 9.66546265e+02 2.59636292e+02 8.71793568e-01]	[1.00000000e+01 9.66546265e+02 2.59636292e+02 8.71793568e-01]	[1.10000000e+01 1.64259509e+03 2.02759323e+02 8.73220980e-01]	[ 11.         814.67218018 286.76885223   0.86884302]			0.hdf5	5
441	/data/1_users/pezoldt/man_annotation/stripy/v1/NG050/NG050_P2_CC12/5_1.hdf5	5_1	None	None	stripy_nucleus	0		[1.10000000e+01 1.64259509e+03 2.02759323e+02 8.73220980e-01]	[1.00000000e+01 9.66546265e+02 2.59636292e+02 8.71793568e-01]	[1.10000000e+01 1.64259509e+03 2.02759323e+02 8.73220980e-01]	[ 11.         814.67218018 286.76885223   0.86884302]			1.hdf5	5
442	/data/1_users/pezoldt/man_annotation/stripy/v1/NG050/NG050_P2_CC12/5_2.hdf5	5_2	None	None	Undefined	0		[ 11.         814.67218018 286.76885223   0.86884302]	[1.00000000e+01 9.66546265e+02 2.59636292e+02 8.71793568e-01]	[1.10000000e+01 1.64259509e+03 2.02759323e+02 8.73220980e-01]	[ 11.         814.67218018 286.76885223   0.86884302]			2.hdf5	5
499	/data/1_users/pezoldt/man_annotation/stripy/v1/NG050/NG050_P2_CC12/60_0.hdf5	60_0	None	None	normi_circle	0	[1.00000000e+01 9.85306519e+02 3.26438446e+02 8.70712042e-01]	[1.00000000e+01 9.85306519e+02 3.26438446e+02 8.70712042e-01]						0.hdf5	60
500	/data/1_users/pezoldt/man_annotation/stripy/v1/NG050/NG050_P2_CC12/61_0.hdf5	61_0	None	None	Undefined	0	[ 11.         797.4697876  154.73352432   0.86629254]	[ 11.         797.4697876  154.73352432   0.86629254]						0.hdf5	61
501	/data/1_users/pezoldt/man_annotation/stripy/v1/NG050/NG050_P2_CC12/62_0.hdf5	62_0	None	None	Undefined	0	[ 10.         660.76733398 186.19380188   0.86931181]	[ 10.         660.76733398 186.19380188   0.86931181]						0.hdf5	62
502	/data/1_users/pezoldt/man_annotation/stripy/v1/NG050/NG050_P2_CC12/63_0.hdf5	63_0	None	None	Undefined	0	[  7.         861.51977539 337.95635986   0.89311647]	[  7.         861.51977539 337.95635986   0.89311647]						0.hdf5	63
503	/data/1_users/pezoldt/man_annotation/stripy/v1/NG050/NG050_P2_CC12/64_0.hdf5	64_0	None	None	Undefined	0	[  8.         758.56420898 298.18670654   0.87612915]	[  8.         758.56420898 298.18670654   0.87612915]						0.hdf5	64
504	/data/1_users/pezoldt/man_annotation/stripy/v1/NG050/NG050_P2_CC12/65_0.hdf5	65_0	None	None	Undefined	0	[ 10.         760.10144043 264.24740601   0.87456602]	[ 10.         760.10144043 264.24740601   0.87456602]						0.hdf5	65
505	/data/1_users/pezoldt/man_annotation/stripy/v1/NG050/NG050_P2_CC12/67_0.hdf5	67_0	None	None	Undefined	0	[  4.         747.09234619 113.17860413   0.87380344]	[  4.         747.09234619 113.17860413   0.87380344]						0.hdf5	67
506	/data/1_users/pezoldt/man_annotation/stripy/v1/NG050/NG050_P2_CC12/68_0.hdf5	68_0	None	None	Undefined	0	[1.10000000e+01 1.28726489e+03 2.92931702e+02 8.83189499e-01]	[1.10000000e+01 1.28726489e+03 2.92931702e+02 8.83189499e-01]						0.hdf5	68
507	/data/1_users/pezoldt/man_annotation/stripy/v1/NG050/NG050_P2_CC12/69_0.hdf5	69_0	None	None	Undefined	0	[  9.         766.24926758 126.3690033    0.87878734]	[  9.         766.24926758 126.3690033    0.87878734]						0.hdf5	69
443	/data/1_users/pezoldt/man_annotation/stripy/v1/NG050/NG050_P2_CC12/6_0.hdf5	6_0	None	None	normi_circle	0	[  5.         615.31359863 344.9329834    0.87938273]	[  5.         615.31359863 344.9329834    0.87938273]						0.hdf5	6
508	/data/1_users/pezoldt/man_annotation/stripy/v1/NG050/NG050_P2_CC12/70_0.hdf5	70_0	None	None	Undefined	0	[  7.         471.70379639 260.84033966   0.86771858]	[  7.         471.70379639 260.84033966   0.86771858]						0.hdf5	70
509	/data/1_users/pezoldt/man_annotation/stripy/v1/NG050/NG050_P2_CC12/71_0.hdf5	71_0	None	None	normi_circle	0	[  5.         378.52032471 155.95861816   0.87240964]	[  5.         378.52032471 155.95861816   0.87240964]						0.hdf5	71
510	/data/1_users/pezoldt/man_annotation/stripy/v1/NG050/NG050_P2_CC12/72_0.hdf5	72_0	None	None	normi_circle	0	[1.10000000e+01 9.62835144e+02 3.21709839e+02 8.60573649e-01]	[1.10000000e+01 9.62835144e+02 3.21709839e+02 8.60573649e-01]						0.hdf5	72
511	/data/1_users/pezoldt/man_annotation/stripy/v1/NG050/NG050_P2_CC12/73_0.hdf5	73_0	None	None	normi_circle	0	[  8.         763.69104004 276.77209473   0.87262946]	[  8.         763.69104004 276.77209473   0.87262946]						0.hdf5	73
512	/data/1_users/pezoldt/man_annotation/stripy/v1/NG050/NG050_P2_CC12/74_0.hdf5	74_0	None	None	Undefined	0		[  9.         649.0871582  156.91365051   0.87710726]	[  9.         649.0871582  156.91365051   0.87710726]	[1.10000000e+01 1.46726685e+03 2.69209503e+02 8.72328639e-01]				0.hdf5	74
513	/data/1_users/pezoldt/man_annotation/stripy/v1/NG050/NG050_P2_CC12/74_1.hdf5	74_1	None	None	normi_circle	0		[1.10000000e+01 1.46726685e+03 2.69209503e+02 8.72328639e-01]	[  9.         649.0871582  156.91365051   0.87710726]	[1.10000000e+01 1.46726685e+03 2.69209503e+02 8.72328639e-01]				1.hdf5	74
514	/data/1_users/pezoldt/man_annotation/stripy/v1/NG050/NG050_P2_CC12/75_0.hdf5	75_0	None	None	Undefined	0	[1.00000000e+01 1.15938062e+03 3.23731445e+02 8.71198833e-01]	[1.00000000e+01 1.15938062e+03 3.23731445e+02 8.71198833e-01]						0.hdf5	75
515	/data/1_users/pezoldt/man_annotation/stripy/v1/NG050/NG050_P2_CC12/76_0.hdf5	76_0	None	None	Undefined	0	[9.00000000e+00 1.04548450e+03 1.44254696e+02 8.87922049e-01]	[9.00000000e+00 1.04548450e+03 1.44254696e+02 8.87922049e-01]						0.hdf5	76
516	/data/1_users/pezoldt/man_annotation/stripy/v1/NG050/NG050_P2_CC12/77_0.hdf5	77_0	None	None	Undefined	0	[  7.         599.48669434 179.72846985   0.88196647]	[  7.         599.48669434 179.72846985   0.88196647]						0.hdf5	77
517	/data/1_users/pezoldt/man_annotation/stripy/v1/NG050/NG050_P2_CC12/78_0.hdf5	78_0	None	None	normi_circle	0	[  8.         432.36425781 230.02127075   0.86990529]	[  8.         432.36425781 230.02127075   0.86990529]						0.hdf5	78
518	/data/1_users/pezoldt/man_annotation/stripy/v1/NG050/NG050_P2_CC12/79_0.hdf5	79_0	None	None	Undefined	0	[ 10.         846.70336914 223.68589783   0.85932231]	[ 10.         846.70336914 223.68589783   0.85932231]						0.hdf5	79
444	/data/1_users/pezoldt/man_annotation/stripy/v1/NG050/NG050_P2_CC12/7_0.hdf5	7_0	None	None	normi_demicircle	0	[  4.         320.59106445 265.95715332   0.87498033]	[  4.         320.59106445 265.95715332   0.87498033]						0.hdf5	7
519	/data/1_users/pezoldt/man_annotation/stripy/v1/NG050/NG050_P2_CC12/80_0.hdf5	80_0	None	None	normi_circle	0	[  8.         621.39172363 270.59820557   0.87420189]	[  8.         621.39172363 270.59820557   0.87420189]						0.hdf5	80
520	/data/1_users/pezoldt/man_annotation/stripy/v1/NG050/NG050_P2_CC12/81_0.hdf5	81_0	None	None	normi_circle	0	[9.00000000e+00 9.08815796e+02 1.23545769e+02 8.70757520e-01]	[9.00000000e+00 9.08815796e+02 1.23545769e+02 8.70757520e-01]						0.hdf5	81
521	/data/1_users/pezoldt/man_annotation/stripy/v1/NG050/NG050_P2_CC12/82_0.hdf5	82_0	None	None	Undefined	0	[  9.         799.59143066 328.41687012   0.86776572]	[  9.         799.59143066 328.41687012   0.86776572]						0.hdf5	82
522	/data/1_users/pezoldt/man_annotation/stripy/v1/NG050/NG050_P2_CC12/83_0.hdf5	83_0	None	None	stripy_nucleus	0	[1.10000000e+01 1.09235352e+03 2.42487106e+02 8.81296158e-01]	[1.10000000e+01 1.09235352e+03 2.42487106e+02 8.81296158e-01]						0.hdf5	83
523	/data/1_users/pezoldt/man_annotation/stripy/v1/NG050/NG050_P2_CC12/84_0.hdf5	84_0	None	None	Undefined	0	[9.00000000e+00 9.00157471e+02 2.82088371e+02 8.68483663e-01]	[9.00000000e+00 9.00157471e+02 2.82088371e+02 8.68483663e-01]						0.hdf5	84
524	/data/1_users/pezoldt/man_annotation/stripy/v1/NG050/NG050_P2_CC12/85_0.hdf5	85_0	None	None	Undefined	0	[ 10.         832.71673584 278.77017212   0.86997098]	[ 10.         832.71673584 278.77017212   0.86997098]						0.hdf5	85
525	/data/1_users/pezoldt/man_annotation/stripy/v1/NG050/NG050_P2_CC12/86_0.hdf5	86_0	None	None	stripy_center	0	[  5.         711.12109375 192.46238708   0.8604598 ]	[  5.         711.12109375 192.46238708   0.8604598 ]						0.hdf5	86
526	/data/1_users/pezoldt/man_annotation/stripy/v1/NG050/NG050_P2_CC12/87_0.hdf5	87_0	None	None	stripy_nucleus	0	[  8.         722.80059814 282.23068237   0.87241566]	[  8.         722.80059814 282.23068237   0.87241566]						0.hdf5	87
527	/data/1_users/pezoldt/man_annotation/stripy/v1/NG050/NG050_P2_CC12/88_0.hdf5	88_0	None	None	Undefined	0	[9.00000000e+00 9.35291382e+02 2.83895233e+02 8.77130985e-01]	[9.00000000e+00 9.35291382e+02 2.83895233e+02 8.77130985e-01]						0.hdf5	88
528	/data/1_users/pezoldt/man_annotation/stripy/v1/NG050/NG050_P2_CC12/89_0.hdf5	89_0	None	None	normi_circle	0	[  8.         764.28082275 125.45359039   0.88163859]	[  8.         764.28082275 125.45359039   0.88163859]						0.hdf5	89
445	/data/1_users/pezoldt/man_annotation/stripy/v1/NG050/NG050_P2_CC12/8_0.hdf5	8_0	None	None	normi_demicircle	0	[  6.         415.54818726 159.55940247   0.86707348]	[  6.         415.54818726 159.55940247   0.86707348]						0.hdf5	8
529	/data/1_users/pezoldt/man_annotation/stripy/v1/NG050/NG050_P2_CC12/90_0.hdf5	90_0	None	None	Undefined	0	[9.00000000e+00 9.36614502e+02 3.09904968e+02 8.69458675e-01]	[9.00000000e+00 9.36614502e+02 3.09904968e+02 8.69458675e-01]						0.hdf5	90
530	/data/1_users/pezoldt/man_annotation/stripy/v1/NG050/NG050_P2_CC12/91_0.hdf5	91_0	None	None	Undefined	0	[  6.         717.86425781 331.07647705   0.86103213]	[  6.         717.86425781 331.07647705   0.86103213]						0.hdf5	91
531	/data/1_users/pezoldt/man_annotation/stripy/v1/NG050/NG050_P2_CC12/92_0.hdf5	92_0	None	None	Undefined	0	[9.00000000e+00 1.10020947e+03 3.36457581e+02 8.78554344e-01]	[9.00000000e+00 1.10020947e+03 3.36457581e+02 8.78554344e-01]						0.hdf5	92
532	/data/1_users/pezoldt/man_annotation/stripy/v1/NG050/NG050_P2_CC12/93_0.hdf5	93_0	None	None	stripy_nucleus	0	[  8.         419.1652832  233.18066406   0.85521263]	[  8.         419.1652832  233.18066406   0.85521263]						0.hdf5	93
533	/data/1_users/pezoldt/man_annotation/stripy/v1/NG050/NG050_P2_CC12/94_0.hdf5	94_0	None	None	normi_circle	0	[  7.         524.57659912 148.00942993   0.88054657]	[  7.         524.57659912 148.00942993   0.88054657]						0.hdf5	94
534	/data/1_users/pezoldt/man_annotation/stripy/v1/NG050/NG050_P2_CC12/95_0.hdf5	95_0	None	None	Undefined	0	[1.00000000e+01 1.06518030e+03 3.46582947e+02 8.71993124e-01]	[1.00000000e+01 1.06518030e+03 3.46582947e+02 8.71993124e-01]						0.hdf5	95
446	/data/1_users/pezoldt/man_annotation/stripy/v1/NG050/NG050_P2_CC12/9_0.hdf5	9_0	None	None	normi_demicircle	0	[  9.         764.00177002 314.82687378   0.87149942]	[  9.         764.00177002 314.82687378   0.87149942]						0.hdf5	9
535	/data/1_users/pezoldt/man_annotation/stripy/v1/NG050/NG050_P2_CC5/0_0.hdf5	0_0	None	None	Undefined	0	[  5.         216.33349609 294.90240479   0.87232196]	[  5.         216.33349609 294.90240479   0.87232196]						0.hdf5	0
543	/data/1_users/pezoldt/man_annotation/stripy/v1/NG050/NG050_P2_CC5/10_0.hdf5	10_0	None	None	normi_circle	0	[  7.         755.14819336 146.82829285   0.874587  ]	[  7.         755.14819336 146.82829285   0.874587  ]						0.hdf5	10
544	/data/1_users/pezoldt/man_annotation/stripy/v1/NG050/NG050_P2_CC5/11_0.hdf5	11_0	None	None	Undefined	0	[  5.         615.09765625 277.40350342   0.87079555]	[  5.         615.09765625 277.40350342   0.87079555]						0.hdf5	11
545	/data/1_users/pezoldt/man_annotation/stripy/v1/NG050/NG050_P2_CC5/12_0.hdf5	12_0	None	None	Undefined	0	[  7.         740.72460938 238.80413818   0.86780345]	[  7.         740.72460938 238.80413818   0.86780345]						0.hdf5	12
546	/data/1_users/pezoldt/man_annotation/stripy/v1/NG050/NG050_P2_CC5/13_0.hdf5	13_0	None	None	Undefined	0	[  6.         571.89349365 217.7612915    0.8695994 ]	[  6.         571.89349365 217.7612915    0.8695994 ]						0.hdf5	13
547	/data/1_users/pezoldt/man_annotation/stripy/v1/NG050/NG050_P2_CC5/14_0.hdf5	14_0	None	None	Undefined	0	[  7.         676.85205078 197.48901367   0.87759322]	[  7.         676.85205078 197.48901367   0.87759322]						0.hdf5	14
548	/data/1_users/pezoldt/man_annotation/stripy/v1/NG050/NG050_P2_CC5/15_0.hdf5	15_0	None	None	normi_circle	0	[  0.         526.39251709 275.77142334   0.86197191]	[  0.         526.39251709 275.77142334   0.86197191]						0.hdf5	15
549	/data/1_users/pezoldt/man_annotation/stripy/v1/NG050/NG050_P2_CC5/16_0.hdf5	16_0	None	None	Undefined	0	[  2.         637.26330566 286.96331787   0.88974071]	[  2.         637.26330566 286.96331787   0.88974071]						0.hdf5	16
550	/data/1_users/pezoldt/man_annotation/stripy/v1/NG050/NG050_P2_CC5/17_0.hdf5	17_0	None	None	stripy_center	0	[  2.         234.18621826 280.32803345   0.87384593]	[  2.         234.18621826 280.32803345   0.87384593]						0.hdf5	17
551	/data/1_users/pezoldt/man_annotation/stripy/v1/NG050/NG050_P2_CC5/18_0.hdf5	18_0	None	None	Undefined	0	[  5.         431.66903687 247.6328125    0.85871983]	[  5.         431.66903687 247.6328125    0.85871983]						0.hdf5	18
552	/data/1_users/pezoldt/man_annotation/stripy/v1/NG050/NG050_P2_CC5/19_0.hdf5	19_0	None	None	Undefined	0	[  1.         675.27972412 249.37654114   0.894961  ]	[  1.         675.27972412 249.37654114   0.894961  ]						0.hdf5	19
536	/data/1_users/pezoldt/man_annotation/stripy/v1/NG050/NG050_P2_CC5/1_0.hdf5	1_0	None	None	Undefined	0	[  5.         636.88970947 296.49065399   0.86331427]	[  5.         636.88970947 296.49065399   0.86331427]						0.hdf5	1
553	/data/1_users/pezoldt/man_annotation/stripy/v1/NG050/NG050_P2_CC5/20_0.hdf5	20_0	None	None	Undefined	0	[  1.         706.70532227 304.10742188   0.87600273]	[  1.         706.70532227 304.10742188   0.87600273]						0.hdf5	20
554	/data/1_users/pezoldt/man_annotation/stripy/v1/NG050/NG050_P2_CC5/21_0.hdf5	21_0	None	None	Undefined	0	[  3.         592.68798828 237.71334839   0.87898248]	[  3.         592.68798828 237.71334839   0.87898248]						0.hdf5	21
555	/data/1_users/pezoldt/man_annotation/stripy/v1/NG050/NG050_P2_CC5/22_0.hdf5	22_0	None	None	normi_demicircle	0	[  6.         665.50189209 282.66124725   0.8730166 ]	[  6.         665.50189209 282.66124725   0.8730166 ]						0.hdf5	22
556	/data/1_users/pezoldt/man_annotation/stripy/v1/NG050/NG050_P2_CC5/23_0.hdf5	23_0	None	None	normi_demicircle	0	[7.00000000e+00 1.03088477e+03 3.05265991e+02 8.80288959e-01]	[7.00000000e+00 1.03088477e+03 3.05265991e+02 8.80288959e-01]						0.hdf5	23
557	/data/1_users/pezoldt/man_annotation/stripy/v1/NG050/NG050_P2_CC5/24_0.hdf5	24_0	None	None	normi_circle	0		[  6.         808.84326172 266.42175293   0.87342793]	[  6.         808.84326172 266.42175293   0.87342793]	[  7.          47.60936356 216.28338623   0.84073025]				0.hdf5	24
558	/data/1_users/pezoldt/man_annotation/stripy/v1/NG050/NG050_P2_CC5/24_1.hdf5	24_1	None	None	Undefined	0		[  7.          47.60936356 216.28338623   0.84073025]	[  6.         808.84326172 266.42175293   0.87342793]	[  7.          47.60936356 216.28338623   0.84073025]				1.hdf5	24
559	/data/1_users/pezoldt/man_annotation/stripy/v1/NG050/NG050_P2_CC5/25_0.hdf5	25_0	None	None	normi_demicircle	0	[  6.         823.42932129 314.59710693   0.88118362]	[  6.         823.42932129 314.59710693   0.88118362]						0.hdf5	25
560	/data/1_users/pezoldt/man_annotation/stripy/v1/NG050/NG050_P2_CC5/26_0.hdf5	26_0	None	None	Undefined	0	[  5.         561.15527344 236.31503296   0.87522352]	[  5.         561.15527344 236.31503296   0.87522352]						0.hdf5	26
561	/data/1_users/pezoldt/man_annotation/stripy/v1/NG050/NG050_P2_CC5/27_0.hdf5	27_0	None	None	Undefined	0	[  7.         732.39355469 109.33920288   0.89332169]	[  7.         732.39355469 109.33920288   0.89332169]						0.hdf5	27
562	/data/1_users/pezoldt/man_annotation/stripy/v1/NG050/NG050_P2_CC5/28_0.hdf5	28_0	None	None	Undefined	0	[  0.         625.12036133 296.83639526   0.87013429]	[  0.         625.12036133 296.83639526   0.87013429]						0.hdf5	28
563	/data/1_users/pezoldt/man_annotation/stripy/v1/NG050/NG050_P2_CC5/29_0.hdf5	29_0	None	None	stripy_center	0	[  6.         505.09378052 187.10406494   0.87033957]	[  6.         505.09378052 187.10406494   0.87033957]						0.hdf5	29
537	/data/1_users/pezoldt/man_annotation/stripy/v1/NG050/NG050_P2_CC5/2_0.hdf5	2_0	None	None	normi_circle	0	[  7.         533.87414551 334.22241211   0.87709391]	[  7.         533.87414551 334.22241211   0.87709391]						0.hdf5	2
564	/data/1_users/pezoldt/man_annotation/stripy/v1/NG050/NG050_P2_CC5/30_0.hdf5	30_0	None	None	Undefined	0	[  6.         860.39672852 327.43041992   0.86380446]	[  6.         860.39672852 327.43041992   0.86380446]						0.hdf5	30
565	/data/1_users/pezoldt/man_annotation/stripy/v1/NG050/NG050_P2_CC5/31_0.hdf5	31_0	None	None	Undefined	0	[  3.         642.30108643 310.3225708    0.87167245]	[  3.         642.30108643 310.3225708    0.87167245]						0.hdf5	31
566	/data/1_users/pezoldt/man_annotation/stripy/v1/NG050/NG050_P2_CC5/32_0.hdf5	32_0	None	None	Undefined	0	[  6.         620.78662109 271.31169891   0.87654763]	[  6.         620.78662109 271.31169891   0.87654763]						0.hdf5	32
567	/data/1_users/pezoldt/man_annotation/stripy/v1/NG050/NG050_P2_CC5/33_0.hdf5	33_0	None	None	Undefined	0	[  6.         738.47747803 110.20254517   0.88893336]	[  6.         738.47747803 110.20254517   0.88893336]						0.hdf5	33
568	/data/1_users/pezoldt/man_annotation/stripy/v1/NG050/NG050_P2_CC5/34_0.hdf5	34_0	None	None	normi_demicircle	0	[6.00000000e+00 9.13177856e+02 2.89494629e+02 8.70009243e-01]	[6.00000000e+00 9.13177856e+02 2.89494629e+02 8.70009243e-01]						0.hdf5	34
569	/data/1_users/pezoldt/man_annotation/stripy/v1/NG050/NG050_P2_CC5/35_0.hdf5	35_0	None	None	normi_demicircle	0	[  5.         701.65319824 292.0453186    0.87755758]	[  5.         701.65319824 292.0453186    0.87755758]						0.hdf5	35
570	/data/1_users/pezoldt/man_annotation/stripy/v1/NG050/NG050_P2_CC5/36_0.hdf5	36_0	None	None	Undefined	0	[  7.         681.12158203 197.7250061    0.8768422 ]	[  7.         681.12158203 197.7250061    0.8768422 ]						0.hdf5	36
571	/data/1_users/pezoldt/man_annotation/stripy/v1/NG050/NG050_P2_CC5/37_0.hdf5	37_0	None	None	normi_circle	0	[  6.         760.07946777 293.14215088   0.87657243]	[  6.         760.07946777 293.14215088   0.87657243]						0.hdf5	37
572	/data/1_users/pezoldt/man_annotation/stripy/v1/NG050/NG050_P2_CC5/38_0.hdf5	38_0	None	None	stripy_nucleus	0	[  7.         833.65423584 200.58692932   0.88191438]	[  7.         833.65423584 200.58692932   0.88191438]						0.hdf5	38
573	/data/1_users/pezoldt/man_annotation/stripy/v1/NG050/NG050_P2_CC5/39_0.hdf5	39_0	None	None	normi_circle	0	[  3.          53.46002197 225.45309448   0.86896712]	[  3.          53.46002197 225.45309448   0.86896712]						0.hdf5	39
574	/data/1_users/pezoldt/man_annotation/stripy/v1/NG050/NG050_P2_CC5/40_0.hdf5	40_0	None	None	Undefined	0	[6.00000000e+00 9.70429871e+02 2.68330505e+02 8.83858025e-01]	[6.00000000e+00 9.70429871e+02 2.68330505e+02 8.83858025e-01]						0.hdf5	40
575	/data/1_users/pezoldt/man_annotation/stripy/v1/NG050/NG050_P2_CC5/41_0.hdf5	41_0	None	None	Undefined	0	[  2.         403.60003662 210.25526428   0.88796169]	[  2.         403.60003662 210.25526428   0.88796169]						0.hdf5	41
576	/data/1_users/pezoldt/man_annotation/stripy/v1/NG050/NG050_P2_CC5/42_0.hdf5	42_0	None	None	stripy_center	0	[  6.         731.06567383 262.42371368   0.86958617]	[  6.         731.06567383 262.42371368   0.86958617]						0.hdf5	42
577	/data/1_users/pezoldt/man_annotation/stripy/v1/NG050/NG050_P2_CC5/43_0.hdf5	43_0	None	None	Undefined	0	[  6.         734.43322754 156.23121643   0.87403119]	[  6.         734.43322754 156.23121643   0.87403119]						0.hdf5	43
578	/data/1_users/pezoldt/man_annotation/stripy/v1/NG050/NG050_P2_CC5/44_0.hdf5	44_0	None	None	Undefined	0		[  2.         164.70835876 144.93016052   0.87617379]	[  2.         164.70835876 144.93016052   0.87617379]	[  2.         110.50961304 150.77203751   0.81057435]				0.hdf5	44
579	/data/1_users/pezoldt/man_annotation/stripy/v1/NG050/NG050_P2_CC5/44_1.hdf5	44_1	None	None	Undefined	0		[  2.         110.50961304 150.77203751   0.81057435]	[  2.         164.70835876 144.93016052   0.87617379]	[  2.         110.50961304 150.77203751   0.81057435]				1.hdf5	44
580	/data/1_users/pezoldt/man_annotation/stripy/v1/NG050/NG050_P2_CC5/45_0.hdf5	45_0	None	None	normi_circle	0	[  6.         799.26538086 290.24499512   0.86650461]	[  6.         799.26538086 290.24499512   0.86650461]						0.hdf5	45
581	/data/1_users/pezoldt/man_annotation/stripy/v1/NG050/NG050_P2_CC5/46_0.hdf5	46_0	None	None	Undefined	0	[  7.         837.75531006 267.30148315   0.87478733]	[  7.         837.75531006 267.30148315   0.87478733]						0.hdf5	46
582	/data/1_users/pezoldt/man_annotation/stripy/v1/NG050/NG050_P2_CC5/47_0.hdf5	47_0	None	None	Undefined	0		[  5.         717.19158936 307.46365356   0.87705505]	[  5.         717.19158936 307.46365356   0.87705505]	[  7.          55.9297142  213.88482666   0.82358688]				0.hdf5	47
583	/data/1_users/pezoldt/man_annotation/stripy/v1/NG050/NG050_P2_CC5/47_1.hdf5	47_1	None	None	Undefined	0		[  7.          55.9297142  213.88482666   0.82358688]	[  5.         717.19158936 307.46365356   0.87705505]	[  7.          55.9297142  213.88482666   0.82358688]				1.hdf5	47
584	/data/1_users/pezoldt/man_annotation/stripy/v1/NG050/NG050_P2_CC5/48_0.hdf5	48_0	None	None	Undefined	0	[  2.         369.97912598 322.27008057   0.87206304]	[  2.         369.97912598 322.27008057   0.87206304]						0.hdf5	48
585	/data/1_users/pezoldt/man_annotation/stripy/v1/NG050/NG050_P2_CC5/49_0.hdf5	49_0	None	None	normi_circle	0	[  5.         571.31237793 279.27832031   0.86943644]	[  5.         571.31237793 279.27832031   0.86943644]						0.hdf5	49
538	/data/1_users/pezoldt/man_annotation/stripy/v1/NG050/NG050_P2_CC5/4_0.hdf5	4_0	None	None	Undefined	0	[  7.         698.04663086 317.80187988   0.86499918]	[  7.         698.04663086 317.80187988   0.86499918]						0.hdf5	4
586	/data/1_users/pezoldt/man_annotation/stripy/v1/NG050/NG050_P2_CC5/50_0.hdf5	50_0	None	None	Undefined	0	[  4.         528.02856445 294.52703857   0.87424755]	[  4.         528.02856445 294.52703857   0.87424755]						0.hdf5	50
587	/data/1_users/pezoldt/man_annotation/stripy/v1/NG050/NG050_P2_CC5/51_0.hdf5	51_0	None	None	normi_circle	0	[  5.         456.71795654 163.26276016   0.87302822]	[  5.         456.71795654 163.26276016   0.87302822]						0.hdf5	51
588	/data/1_users/pezoldt/man_annotation/stripy/v1/NG050/NG050_P2_CC5/52_0.hdf5	52_0	None	None	normi_demicircle	0	[  6.         664.07202148 174.20962524   0.88021839]	[  6.         664.07202148 174.20962524   0.88021839]						0.hdf5	52
589	/data/1_users/pezoldt/man_annotation/stripy/v1/NG050/NG050_P2_CC5/53_0.hdf5	53_0	None	None	Undefined	0	[  5.         823.02587891 286.87769318   0.86915743]	[  5.         823.02587891 286.87769318   0.86915743]						0.hdf5	53
590	/data/1_users/pezoldt/man_annotation/stripy/v1/NG050/NG050_P2_CC5/54_0.hdf5	54_0	None	None	Undefined	0	[  5.         630.61230469 191.31089783   0.8868596 ]	[  5.         630.61230469 191.31089783   0.8868596 ]						0.hdf5	54
591	/data/1_users/pezoldt/man_annotation/stripy/v1/NG050/NG050_P2_CC5/55_0.hdf5	55_0	None	None	Undefined	0	[  5.         641.17272949 219.25718689   0.87182283]	[  5.         641.17272949 219.25718689   0.87182283]						0.hdf5	55
592	/data/1_users/pezoldt/man_annotation/stripy/v1/NG050/NG050_P2_CC5/56_0.hdf5	56_0	None	None	stripy_nucleus	0	[  2.         456.15606689 291.42156982   0.87583607]	[  2.         456.15606689 291.42156982   0.87583607]						0.hdf5	56
593	/data/1_users/pezoldt/man_annotation/stripy/v1/NG050/NG050_P2_CC5/57_0.hdf5	57_0	None	None	Undefined	0	[  2.         444.29217529 140.82114029   0.87239313]	[  2.         444.29217529 140.82114029   0.87239313]						0.hdf5	57
594	/data/1_users/pezoldt/man_annotation/stripy/v1/NG050/NG050_P2_CC5/58_0.hdf5	58_0	None	None	Undefined	0	[  5.         609.56359863 224.38250732   0.86929524]	[  5.         609.56359863 224.38250732   0.86929524]						0.hdf5	58
595	/data/1_users/pezoldt/man_annotation/stripy/v1/NG050/NG050_P2_CC5/59_0.hdf5	59_0	None	None	Undefined	0	[  4.         803.58166504 325.73336792   0.86837894]	[  4.         803.58166504 325.73336792   0.86837894]						0.hdf5	59
596	/data/1_users/pezoldt/man_annotation/stripy/v1/NG050/NG050_P2_CC5/60_0.hdf5	60_0	None	None	normi_circle	0		[  5.         591.3449707   82.09100533   0.87309921]	[  5.         591.3449707   82.09100533   0.87309921]	[  8.         372.0020752  248.48245239   0.82014173]				0.hdf5	60
597	/data/1_users/pezoldt/man_annotation/stripy/v1/NG050/NG050_P2_CC5/60_1.hdf5	60_1	None	None	Undefined	0		[  8.         372.0020752  248.48245239   0.82014173]	[  5.         591.3449707   82.09100533   0.87309921]	[  8.         372.0020752  248.48245239   0.82014173]				1.hdf5	60
598	/data/1_users/pezoldt/man_annotation/stripy/v1/NG050/NG050_P2_CC5/61_0.hdf5	61_0	None	None	Undefined	0		[  1.         521.65222168 281.17974091   0.87667423]	[  1.         521.65222168 281.17974091   0.87667423]	[  7.          37.19990158 227.91296387   0.86316741]				0.hdf5	61
599	/data/1_users/pezoldt/man_annotation/stripy/v1/NG050/NG050_P2_CC5/61_1.hdf5	61_1	None	None	Undefined	0		[  7.          37.19990158 227.91296387   0.86316741]	[  1.         521.65222168 281.17974091   0.87667423]	[  7.          37.19990158 227.91296387   0.86316741]				1.hdf5	61
600	/data/1_users/pezoldt/man_annotation/stripy/v1/NG050/NG050_P2_CC5/62_0.hdf5	62_0	None	None	stripy_nucleus	0	[  6.         822.79949951 130.30174255   0.88355041]	[  6.         822.79949951 130.30174255   0.88355041]						0.hdf5	62
601	/data/1_users/pezoldt/man_annotation/stripy/v1/NG050/NG050_P2_CC5/63_0.hdf5	63_0	None	None	Undefined	0	[  4.         645.95001221 290.80126953   0.87326336]	[  4.         645.95001221 290.80126953   0.87326336]						0.hdf5	63
602	/data/1_users/pezoldt/man_annotation/stripy/v1/NG050/NG050_P2_CC5/64_0.hdf5	64_0	None	None	Undefined	0	[  5.         820.03320312 292.08544922   0.86956543]	[  5.         820.03320312 292.08544922   0.86956543]						0.hdf5	64
603	/data/1_users/pezoldt/man_annotation/stripy/v1/NG050/NG050_P2_CC5/65_0.hdf5	65_0	None	None	Undefined	0	[  0.         821.08764648 289.7168045    0.87895411]	[  0.         821.08764648 289.7168045    0.87895411]						0.hdf5	65
604	/data/1_users/pezoldt/man_annotation/stripy/v1/NG050/NG050_P2_CC5/66_0.hdf5	66_0	None	None	Undefined	0	[  4.         712.21923828 173.67697144   0.8601706 ]	[  4.         712.21923828 173.67697144   0.8601706 ]						0.hdf5	66
605	/data/1_users/pezoldt/man_annotation/stripy/v1/NG050/NG050_P2_CC5/67_0.hdf5	67_0	None	None	Undefined	0	[5.00000000e+00 1.05185721e+03 3.06579590e+02 8.78368974e-01]	[5.00000000e+00 1.05185721e+03 3.06579590e+02 8.78368974e-01]						0.hdf5	67
606	/data/1_users/pezoldt/man_annotation/stripy/v1/NG050/NG050_P2_CC5/68_0.hdf5	68_0	None	None	normi_demicircle	0	[  4.         446.95635986 293.64923096   0.86887813]	[  4.         446.95635986 293.64923096   0.86887813]						0.hdf5	68
607	/data/1_users/pezoldt/man_annotation/stripy/v1/NG050/NG050_P2_CC5/69_0.hdf5	69_0	None	None	Undefined	0	[  2.         378.93695068 289.65551758   0.87525493]	[  2.         378.93695068 289.65551758   0.87525493]						0.hdf5	69
539	/data/1_users/pezoldt/man_annotation/stripy/v1/NG050/NG050_P2_CC5/6_0.hdf5	6_0	None	None	Undefined	0	[  6.         431.82843018 229.68962097   0.8750689 ]	[  6.         431.82843018 229.68962097   0.8750689 ]						0.hdf5	6
608	/data/1_users/pezoldt/man_annotation/stripy/v1/NG050/NG050_P2_CC5/70_0.hdf5	70_0	None	None	normi_circle	0	[  3.         273.82769775 135.66635132   0.85720342]	[  3.         273.82769775 135.66635132   0.85720342]						0.hdf5	70
609	/data/1_users/pezoldt/man_annotation/stripy/v1/NG050/NG050_P2_CC5/71_0.hdf5	71_0	None	None	normi_circle	0	[  4.         567.2277832  288.0932312    0.86230642]	[  4.         567.2277832  288.0932312    0.86230642]						0.hdf5	71
610	/data/1_users/pezoldt/man_annotation/stripy/v1/NG050/NG050_P2_CC5/72_0.hdf5	72_0	None	None	normi_circle	0	[  2.         533.8682251  307.47344971   0.89640558]	[  2.         533.8682251  307.47344971   0.89640558]						0.hdf5	72
611	/data/1_users/pezoldt/man_annotation/stripy/v1/NG050/NG050_P2_CC5/73_0.hdf5	73_0	None	None	Undefined	0	[  5.         694.75891113 192.50996399   0.88836467]	[  5.         694.75891113 192.50996399   0.88836467]						0.hdf5	73
612	/data/1_users/pezoldt/man_annotation/stripy/v1/NG050/NG050_P2_CC5/74_0.hdf5	74_0	None	None	normi_circle	0	[  4.         403.33502197 239.19342041   0.86566383]	[  4.         403.33502197 239.19342041   0.86566383]						0.hdf5	74
613	/data/1_users/pezoldt/man_annotation/stripy/v1/NG050/NG050_P2_CC5/75_0.hdf5	75_0	None	None	Undefined	0	[  4.         403.5737915  195.22302246   0.8673321 ]	[  4.         403.5737915  195.22302246   0.8673321 ]						0.hdf5	75
614	/data/1_users/pezoldt/man_annotation/stripy/v1/NG050/NG050_P2_CC5/76_0.hdf5	76_0	None	None	normi_demicircle	0	[  4.         718.13378906 285.49777222   0.87197626]	[  4.         718.13378906 285.49777222   0.87197626]						0.hdf5	76
615	/data/1_users/pezoldt/man_annotation/stripy/v1/NG050/NG050_P2_CC5/77_0.hdf5	77_0	None	None	Undefined	0	[  3.         637.22424316 195.82885742   0.89046311]	[  3.         637.22424316 195.82885742   0.89046311]						0.hdf5	77
616	/data/1_users/pezoldt/man_annotation/stripy/v1/NG050/NG050_P2_CC5/78_0.hdf5	78_0	None	None	Undefined	0		[  0.         831.08032227 302.63195801   0.8790431 ]	[  0.         831.08032227 302.63195801   0.8790431 ]	[  5.          35.22909927 224.52493286   0.805085  ]				0.hdf5	78
617	/data/1_users/pezoldt/man_annotation/stripy/v1/NG050/NG050_P2_CC5/78_1.hdf5	78_1	None	None	Undefined	0		[  5.          35.22909927 224.52493286   0.805085  ]	[  0.         831.08032227 302.63195801   0.8790431 ]	[  5.          35.22909927 224.52493286   0.805085  ]				1.hdf5	78
618	/data/1_users/pezoldt/man_annotation/stripy/v1/NG050/NG050_P2_CC5/79_0.hdf5	79_0	None	None	stripy_center	0	[  1.         313.43823242 224.66629028   0.87465465]	[  1.         313.43823242 224.66629028   0.87465465]						0.hdf5	79
540	/data/1_users/pezoldt/man_annotation/stripy/v1/NG050/NG050_P2_CC5/7_0.hdf5	7_0	None	None	Undefined	0	[  7.         788.39697266 149.00523376   0.87250829]	[  7.         788.39697266 149.00523376   0.87250829]						0.hdf5	7
619	/data/1_users/pezoldt/man_annotation/stripy/v1/NG050/NG050_P2_CC5/80_0.hdf5	80_0	None	None	Undefined	0	[4.00000000e+00 9.18052673e+02 2.76980499e+02 8.90486658e-01]	[4.00000000e+00 9.18052673e+02 2.76980499e+02 8.90486658e-01]						0.hdf5	80
620	/data/1_users/pezoldt/man_annotation/stripy/v1/NG050/NG050_P2_CC5/81_0.hdf5	81_0	None	None	Undefined	0	[  4.         483.60162354 265.1081543    0.87335193]	[  4.         483.60162354 265.1081543    0.87335193]						0.hdf5	81
621	/data/1_users/pezoldt/man_annotation/stripy/v1/NG050/NG050_P2_CC5/82_0.hdf5	82_0	None	None	normi_circle	0	[  5.         774.55194092 202.8163147    0.87956947]	[  5.         774.55194092 202.8163147    0.87956947]						0.hdf5	82
622	/data/1_users/pezoldt/man_annotation/stripy/v1/NG050/NG050_P2_CC5/83_0.hdf5	83_0	None	None	normi_demicircle	0	[  5.         676.94720459 266.77124023   0.86885774]	[  5.         676.94720459 266.77124023   0.86885774]						0.hdf5	83
623	/data/1_users/pezoldt/man_annotation/stripy/v1/NG050/NG050_P2_CC5/84_0.hdf5	84_0	None	None	stripy_center	0		[  4.         767.8973999  306.86334229   0.87112159]	[  4.         767.8973999  306.86334229   0.87112159]	[  7.         442.81243896 227.19760132   0.85804969]				0.hdf5	84
624	/data/1_users/pezoldt/man_annotation/stripy/v1/NG050/NG050_P2_CC5/84_1.hdf5	84_1	None	None	Undefined	0		[  7.         442.81243896 227.19760132   0.85804969]	[  4.         767.8973999  306.86334229   0.87112159]	[  7.         442.81243896 227.19760132   0.85804969]				1.hdf5	84
625	/data/1_users/pezoldt/man_annotation/stripy/v1/NG050/NG050_P2_CC5/85_0.hdf5	85_0	None	None	normi_circle	0		[  4.         644.25842285 195.69328308   0.8730883 ]	[  4.         644.25842285 195.69328308   0.8730883 ]	[  8.         442.58743286 233.07064819   0.86723095]				0.hdf5	85
626	/data/1_users/pezoldt/man_annotation/stripy/v1/NG050/NG050_P2_CC5/85_1.hdf5	85_1	None	None	Undefined	0		[  8.         442.58743286 233.07064819   0.86723095]	[  4.         644.25842285 195.69328308   0.8730883 ]	[  8.         442.58743286 233.07064819   0.86723095]				1.hdf5	85
627	/data/1_users/pezoldt/man_annotation/stripy/v1/NG050/NG050_P2_CC5/86_0.hdf5	86_0	None	None	normi_circle	0	[  2.         163.37459946 272.72186279   0.87463707]	[  2.         163.37459946 272.72186279   0.87463707]						0.hdf5	86
628	/data/1_users/pezoldt/man_annotation/stripy/v1/NG050/NG050_P2_CC5/87_0.hdf5	87_0	None	None	normi_demicircle	0	[  5.         538.90234375 246.55029297   0.86801267]	[  5.         538.90234375 246.55029297   0.86801267]						0.hdf5	87
629	/data/1_users/pezoldt/man_annotation/stripy/v1/NG050/NG050_P2_CC5/88_0.hdf5	88_0	None	None	stripy_nucleus	0	[  3.         598.64807129 289.39178467   0.87109452]	[  3.         598.64807129 289.39178467   0.87109452]						0.hdf5	88
630	/data/1_users/pezoldt/man_annotation/stripy/v1/NG050/NG050_P2_CC5/89_0.hdf5	89_0	None	None	Undefined	0	[  3.         641.1940918  263.67520142   0.87538457]	[  3.         641.1940918  263.67520142   0.87538457]						0.hdf5	89
541	/data/1_users/pezoldt/man_annotation/stripy/v1/NG050/NG050_P2_CC5/8_0.hdf5	8_0	None	None	stripy_center	0	[  6.         586.50878906 237.35231018   0.87350416]	[  6.         586.50878906 237.35231018   0.87350416]						0.hdf5	8
631	/data/1_users/pezoldt/man_annotation/stripy/v1/NG050/NG050_P2_CC5/90_0.hdf5	90_0	None	None	normi_circle	0	[  5.         565.95452881 161.80471802   0.86271363]	[  5.         565.95452881 161.80471802   0.86271363]						0.hdf5	90
632	/data/1_users/pezoldt/man_annotation/stripy/v1/NG050/NG050_P2_CC5/91_0.hdf5	91_0	None	None	Undefined	0	[  4.         762.60827637 322.36782837   0.87905121]	[  4.         762.60827637 322.36782837   0.87905121]						0.hdf5	91
633	/data/1_users/pezoldt/man_annotation/stripy/v1/NG050/NG050_P2_CC5/92_0.hdf5	92_0	None	None	Undefined	0	[  0.         509.95211792 217.22033691   0.87154126]	[  0.         509.95211792 217.22033691   0.87154126]						0.hdf5	92
634	/data/1_users/pezoldt/man_annotation/stripy/v1/NG050/NG050_P2_CC5/93_0.hdf5	93_0	None	None	Undefined	0	[  2.         289.78455353 245.23059082   0.87411451]	[  2.         289.78455353 245.23059082   0.87411451]						0.hdf5	93
635	/data/1_users/pezoldt/man_annotation/stripy/v1/NG050/NG050_P2_CC5/94_0.hdf5	94_0	None	None	Undefined	0	[  4.         630.97692871 279.52722168   0.89013141]	[  4.         630.97692871 279.52722168   0.89013141]						0.hdf5	94
636	/data/1_users/pezoldt/man_annotation/stripy/v1/NG050/NG050_P2_CC5/95_0.hdf5	95_0	None	None	Undefined	0		[  4.         362.9095459  207.08798218   0.87750059]	[  4.         362.9095459  207.08798218   0.87750059]	[  6.         129.85362244 187.32067871   0.86450362]				0.hdf5	95
637	/data/1_users/pezoldt/man_annotation/stripy/v1/NG050/NG050_P2_CC5/95_1.hdf5	95_1	None	None	Undefined	0		[  6.         129.85362244 187.32067871   0.86450362]	[  4.         362.9095459  207.08798218   0.87750059]	[  6.         129.85362244 187.32067871   0.86450362]				1.hdf5	95
542	/data/1_users/pezoldt/man_annotation/stripy/v1/NG050/NG050_P2_CC5/9_0.hdf5	9_0	None	None	Undefined	0	[  7.         881.58752441 177.1210022    0.89549065]	[  7.         881.58752441 177.1210022    0.89549065]						0.hdf5	9
638	/data/1_users/pezoldt/man_annotation/stripy/v1/NG050/NG050_P2_CC6/0_0.hdf5	0_0	None	None	Undefined	0	[  6.         606.35803223 141.89834213   0.86851627]	[  6.         606.35803223 141.89834213   0.86851627]						0.hdf5	0
649	/data/1_users/pezoldt/man_annotation/stripy/v1/NG050/NG050_P2_CC6/10_0.hdf5	10_0	None	None	Undefined	0	[  3.         577.01342773 128.72543335   0.86159998]	[  3.         577.01342773 128.72543335   0.86159998]						0.hdf5	10
650	/data/1_users/pezoldt/man_annotation/stripy/v1/NG050/NG050_P2_CC6/11_0.hdf5	11_0	None	None	Undefined	0	[  4.         366.4375     132.46593857   0.8790502 ]	[  4.         366.4375     132.46593857   0.8790502 ]						0.hdf5	11
651	/data/1_users/pezoldt/man_annotation/stripy/v1/NG050/NG050_P2_CC6/12_0.hdf5	12_0	None	None	Undefined	0	[  6.         492.91162109  95.57678223   0.87633044]	[  6.         492.91162109  95.57678223   0.87633044]						0.hdf5	12
652	/data/1_users/pezoldt/man_annotation/stripy/v1/NG050/NG050_P2_CC6/13_0.hdf5	13_0	None	None	Undefined	0	[  5.         538.63902283 282.29724121   0.84081501]	[  5.         538.63902283 282.29724121   0.84081501]						0.hdf5	13
653	/data/1_users/pezoldt/man_annotation/stripy/v1/NG050/NG050_P2_CC6/14_0.hdf5	14_0	None	None	normi_circle	0	[  7.         596.73535156 151.42070007   0.87311691]	[  7.         596.73535156 151.42070007   0.87311691]						0.hdf5	14
654	/data/1_users/pezoldt/man_annotation/stripy/v1/NG050/NG050_P2_CC6/15_0.hdf5	15_0	None	None	normi_circle	0	[  8.         600.86035156 213.33181763   0.8752135 ]	[  8.         600.86035156 213.33181763   0.8752135 ]						0.hdf5	15
655	/data/1_users/pezoldt/man_annotation/stripy/v1/NG050/NG050_P2_CC6/16_0.hdf5	16_0	None	None	Undefined	0	[  8.         812.94165039 246.61572266   0.85915858]	[  8.         812.94165039 246.61572266   0.85915858]						0.hdf5	16
656	/data/1_users/pezoldt/man_annotation/stripy/v1/NG050/NG050_P2_CC6/17_0.hdf5	17_0	None	None	Undefined	0	[  7.         842.86877441  98.56088257   0.87224644]	[  7.         842.86877441  98.56088257   0.87224644]						0.hdf5	17
657	/data/1_users/pezoldt/man_annotation/stripy/v1/NG050/NG050_P2_CC6/18_0.hdf5	18_0	None	None	Undefined	0	[  3.         123.49655914 102.0877533    0.87158608]	[  3.         123.49655914 102.0877533    0.87158608]						0.hdf5	18
658	/data/1_users/pezoldt/man_annotation/stripy/v1/NG050/NG050_P2_CC6/19_0.hdf5	19_0	None	None	normi_circle	0	[  7.         537.07958984 224.57110596   0.86705923]	[  7.         537.07958984 224.57110596   0.86705923]						0.hdf5	19
639	/data/1_users/pezoldt/man_annotation/stripy/v1/NG050/NG050_P2_CC6/1_0.hdf5	1_0	None	None	Undefined	0	[  7.         659.36694336 279.21344757   0.82499874]	[  7.         659.36694336 279.21344757   0.82499874]						0.hdf5	1
659	/data/1_users/pezoldt/man_annotation/stripy/v1/NG050/NG050_P2_CC6/20_0.hdf5	20_0	None	None	Undefined	0	[  3.         613.26403809 270.35882568   0.88150799]	[  3.         613.26403809 270.35882568   0.88150799]						0.hdf5	20
660	/data/1_users/pezoldt/man_annotation/stripy/v1/NG050/NG050_P2_CC6/21_0.hdf5	21_0	None	None	Undefined	0	[  4.         837.10699463 291.83816528   0.87277472]	[  4.         837.10699463 291.83816528   0.87277472]						0.hdf5	21
661	/data/1_users/pezoldt/man_annotation/stripy/v1/NG050/NG050_P2_CC6/22_0.hdf5	22_0	None	None	normi_circle	0	[  5.         587.78179932  90.73266792   0.87454456]	[  5.         587.78179932  90.73266792   0.87454456]						0.hdf5	22
662	/data/1_users/pezoldt/man_annotation/stripy/v1/NG050/NG050_P2_CC6/23_0.hdf5	23_0	None	None	Undefined	0	[6.00000000e+00 9.50041870e+02 3.13500458e+02 8.73880625e-01]	[6.00000000e+00 9.50041870e+02 3.13500458e+02 8.73880625e-01]						0.hdf5	23
663	/data/1_users/pezoldt/man_annotation/stripy/v1/NG050/NG050_P2_CC6/24_0.hdf5	24_0	None	None	stripy_center	0	[  6.         703.3470459  265.2449646    0.87069499]	[  6.         703.3470459  265.2449646    0.87069499]						0.hdf5	24
664	/data/1_users/pezoldt/man_annotation/stripy/v1/NG050/NG050_P2_CC6/25_0.hdf5	25_0	None	None	Undefined	0	[  6.         645.53515625 271.11481476   0.87031269]	[  6.         645.53515625 271.11481476   0.87031269]						0.hdf5	25
665	/data/1_users/pezoldt/man_annotation/stripy/v1/NG050/NG050_P2_CC6/26_0.hdf5	26_0	None	None	normi_demicircle	0	[  8.         805.09417725 287.1571579    0.87508494]	[  8.         805.09417725 287.1571579    0.87508494]						0.hdf5	26
666	/data/1_users/pezoldt/man_annotation/stripy/v1/NG050/NG050_P2_CC6/27_0.hdf5	27_0	None	None	Undefined	0	[  6.         738.62158203 214.77928162   0.90053678]	[  6.         738.62158203 214.77928162   0.90053678]						0.hdf5	27
667	/data/1_users/pezoldt/man_annotation/stripy/v1/NG050/NG050_P2_CC6/28_0.hdf5	28_0	None	None	stripy_nucleus	0	[  5.         441.70199585 230.58879089   0.88084877]	[  5.         441.70199585 230.58879089   0.88084877]						0.hdf5	28
668	/data/1_users/pezoldt/man_annotation/stripy/v1/NG050/NG050_P2_CC6/29_0.hdf5	29_0	None	None	Undefined	0	[  4.          19.00902176 142.59768295   0.82729924]	[  4.          19.00902176 142.59768295   0.82729924]						0.hdf5	29
640	/data/1_users/pezoldt/man_annotation/stripy/v1/NG050/NG050_P2_CC6/2_0.hdf5	2_0	None	None	stripy_center	0	[  4.         238.23657227 242.84799194   0.87765813]	[  4.         238.23657227 242.84799194   0.87765813]						0.hdf5	2
669	/data/1_users/pezoldt/man_annotation/stripy/v1/NG050/NG050_P2_CC6/30_0.hdf5	30_0	None	None	normi_circle	0	[  7.         490.37689209 291.89334106   0.86269271]	[  7.         490.37689209 291.89334106   0.86269271]						0.hdf5	30
670	/data/1_users/pezoldt/man_annotation/stripy/v1/NG050/NG050_P2_CC6/31_0.hdf5	31_0	None	None	Undefined	0	[  5.         472.60574341 237.91485596   0.86956036]	[  5.         472.60574341 237.91485596   0.86956036]						0.hdf5	31
671	/data/1_users/pezoldt/man_annotation/stripy/v1/NG050/NG050_P2_CC6/32_0.hdf5	32_0	None	None	normi_demicircle	0	[  7.         506.04489136 238.90112305   0.86528307]	[  7.         506.04489136 238.90112305   0.86528307]						0.hdf5	32
672	/data/1_users/pezoldt/man_annotation/stripy/v1/NG050/NG050_P2_CC6/33_0.hdf5	33_0	None	None	Undefined	0	[  4.         463.60879517 123.45542908   0.87936968]	[  4.         463.60879517 123.45542908   0.87936968]						0.hdf5	33
673	/data/1_users/pezoldt/man_annotation/stripy/v1/NG050/NG050_P2_CC6/34_0.hdf5	34_0	None	None	Undefined	0	[  6.         517.92407227 105.67404175   0.87314653]	[  6.         517.92407227 105.67404175   0.87314653]						0.hdf5	34
674	/data/1_users/pezoldt/man_annotation/stripy/v1/NG050/NG050_P2_CC6/35_0.hdf5	35_0	None	None	Undefined	0	[  4.         607.78283691 203.34185791   0.84121782]	[  4.         607.78283691 203.34185791   0.84121782]						0.hdf5	35
675	/data/1_users/pezoldt/man_annotation/stripy/v1/NG050/NG050_P2_CC6/37_0.hdf5	37_0	None	None	Undefined	0	[3.00000000e+00 9.63725830e+02 2.93716858e+02 8.91383886e-01]	[3.00000000e+00 9.63725830e+02 2.93716858e+02 8.91383886e-01]						0.hdf5	37
676	/data/1_users/pezoldt/man_annotation/stripy/v1/NG050/NG050_P2_CC6/38_0.hdf5	38_0	None	None	Undefined	0	[  6.         757.66711426 271.9286499    0.82573885]	[  6.         757.66711426 271.9286499    0.82573885]						0.hdf5	38
677	/data/1_users/pezoldt/man_annotation/stripy/v1/NG050/NG050_P2_CC6/39_0.hdf5	39_0	None	None	Undefined	0	[  5.         518.29530334 286.36034393   0.87812603]	[  5.         518.29530334 286.36034393   0.87812603]						0.hdf5	39
641	/data/1_users/pezoldt/man_annotation/stripy/v1/NG050/NG050_P2_CC6/3_0.hdf5	3_0	None	None	normi_demicircle	0	[  6.         447.76721191  89.6235218    0.87207562]	[  6.         447.76721191  89.6235218    0.87207562]						0.hdf5	3
678	/data/1_users/pezoldt/man_annotation/stripy/v1/NG050/NG050_P2_CC6/40_0.hdf5	40_0	None	None	stripy_center	0	[  7.         582.5489502  231.40432739   0.87450546]	[  7.         582.5489502  231.40432739   0.87450546]						0.hdf5	40
679	/data/1_users/pezoldt/man_annotation/stripy/v1/NG050/NG050_P2_CC6/41_0.hdf5	41_0	None	None	Undefined	0	[  7.         718.99530029 270.90117645   0.86782748]	[  7.         718.99530029 270.90117645   0.86782748]						0.hdf5	41
680	/data/1_users/pezoldt/man_annotation/stripy/v1/NG050/NG050_P2_CC6/42_0.hdf5	42_0	None	None	normi_circle	0	[  7.         762.97070312 246.99967957   0.86557186]	[  7.         762.97070312 246.99967957   0.86557186]						0.hdf5	42
681	/data/1_users/pezoldt/man_annotation/stripy/v1/NG050/NG050_P2_CC6/43_0.hdf5	43_0	None	None	stripy_center	0	[  7.         675.51940918 280.04162598   0.87374109]	[  7.         675.51940918 280.04162598   0.87374109]						0.hdf5	43
682	/data/1_users/pezoldt/man_annotation/stripy/v1/NG050/NG050_P2_CC6/44_0.hdf5	44_0	None	None	stripy_nucleus	0	[7.00000000e+00 8.82778076e+02 2.75844574e+02 8.76079381e-01]	[7.00000000e+00 8.82778076e+02 2.75844574e+02 8.76079381e-01]						0.hdf5	44
683	/data/1_users/pezoldt/man_annotation/stripy/v1/NG050/NG050_P2_CC6/45_0.hdf5	45_0	None	None	stripy_center	0	[  6.         690.39807129 287.833992     0.86749327]	[  6.         690.39807129 287.833992     0.86749327]						0.hdf5	45
684	/data/1_users/pezoldt/man_annotation/stripy/v1/NG050/NG050_P2_CC6/46_0.hdf5	46_0	None	None	Undefined	0	[  6.         747.3782959  322.60910034   0.87061113]	[  6.         747.3782959  322.60910034   0.87061113]						0.hdf5	46
685	/data/1_users/pezoldt/man_annotation/stripy/v1/NG050/NG050_P2_CC6/47_0.hdf5	47_0	None	None	Undefined	0	[8.00000000e+00 1.17797876e+03 2.42516525e+02 8.92949045e-01]	[8.00000000e+00 1.17797876e+03 2.42516525e+02 8.92949045e-01]						0.hdf5	47
686	/data/1_users/pezoldt/man_annotation/stripy/v1/NG050/NG050_P2_CC6/48_0.hdf5	48_0	None	None	Undefined	0	[  5.         453.59515381 129.84954834   0.87014627]	[  5.         453.59515381 129.84954834   0.87014627]						0.hdf5	48
687	/data/1_users/pezoldt/man_annotation/stripy/v1/NG050/NG050_P2_CC6/49_0.hdf5	49_0	None	None	Undefined	0	[7.00000000e+00 1.03056384e+03 2.86684998e+02 8.71515274e-01]	[7.00000000e+00 1.03056384e+03 2.86684998e+02 8.71515274e-01]						0.hdf5	49
642	/data/1_users/pezoldt/man_annotation/stripy/v1/NG050/NG050_P2_CC6/4_0.hdf5	4_0	None	None	stripy_center	0	[  6.         311.10192871 257.45294952   0.87412399]	[  6.         311.10192871 257.45294952   0.87412399]						0.hdf5	4
688	/data/1_users/pezoldt/man_annotation/stripy/v1/NG050/NG050_P2_CC6/50_0.hdf5	50_0	None	None	Undefined	0	[  3.         643.07617188 325.13220215   0.87635815]	[  3.         643.07617188 325.13220215   0.87635815]						0.hdf5	50
689	/data/1_users/pezoldt/man_annotation/stripy/v1/NG050/NG050_P2_CC6/51_0.hdf5	51_0	None	None	stripy_center	0	[  6.         847.67828369 291.98080444   0.86523533]	[  6.         847.67828369 291.98080444   0.86523533]						0.hdf5	51
690	/data/1_users/pezoldt/man_annotation/stripy/v1/NG050/NG050_P2_CC6/52_0.hdf5	52_0	None	None	Undefined	0	[  1.         648.40112305 299.2204895    0.86051822]	[  1.         648.40112305 299.2204895    0.86051822]						0.hdf5	52
691	/data/1_users/pezoldt/man_annotation/stripy/v1/NG050/NG050_P2_CC6/53_0.hdf5	53_0	None	None	Undefined	0	[  6.         816.59521484  74.23709869   0.87462473]	[  6.         816.59521484  74.23709869   0.87462473]						0.hdf5	53
692	/data/1_users/pezoldt/man_annotation/stripy/v1/NG050/NG050_P2_CC6/54_0.hdf5	54_0	None	None	Undefined	0	[  7.         718.8963623  187.84358215   0.8832835 ]	[  7.         718.8963623  187.84358215   0.8832835 ]						0.hdf5	54
693	/data/1_users/pezoldt/man_annotation/stripy/v1/NG050/NG050_P2_CC6/55_0.hdf5	55_0	None	None	Undefined	0	[2.00000000e+00 9.31140381e+02 1.28130295e+02 8.94341052e-01]	[2.00000000e+00 9.31140381e+02 1.28130295e+02 8.94341052e-01]						0.hdf5	55
694	/data/1_users/pezoldt/man_annotation/stripy/v1/NG050/NG050_P2_CC6/56_0.hdf5	56_0	None	None	Undefined	0	[  6.         789.45080566 276.2328186    0.86798877]	[  6.         789.45080566 276.2328186    0.86798877]						0.hdf5	56
695	/data/1_users/pezoldt/man_annotation/stripy/v1/NG050/NG050_P2_CC6/57_0.hdf5	57_0	None	None	Undefined	0	[  7.         505.84661865 104.55360413   0.88105452]	[  7.         505.84661865 104.55360413   0.88105452]						0.hdf5	57
696	/data/1_users/pezoldt/man_annotation/stripy/v1/NG050/NG050_P2_CC6/58_0.hdf5	58_0	None	None	Undefined	0	[  6.         583.0993042  169.52603149   0.88110846]	[  6.         583.0993042  169.52603149   0.88110846]						0.hdf5	58
697	/data/1_users/pezoldt/man_annotation/stripy/v1/NG050/NG050_P2_CC6/59_0.hdf5	59_0	None	None	Undefined	0	[6.00000000e+00 9.03469055e+02 2.67510979e+02 8.68284643e-01]	[6.00000000e+00 9.03469055e+02 2.67510979e+02 8.68284643e-01]						0.hdf5	59
643	/data/1_users/pezoldt/man_annotation/stripy/v1/NG050/NG050_P2_CC6/5_0.hdf5	5_0	None	None	Undefined	0	[7.00000000e+00 9.33148254e+02 3.16945618e+02 8.69766116e-01]	[7.00000000e+00 9.33148254e+02 3.16945618e+02 8.69766116e-01]						0.hdf5	5
698	/data/1_users/pezoldt/man_annotation/stripy/v1/NG050/NG050_P2_CC6/60_0.hdf5	60_0	None	None	Undefined	0	[  1.         585.46575928 283.69012451   0.87487924]	[  1.         585.46575928 283.69012451   0.87487924]						0.hdf5	60
699	/data/1_users/pezoldt/man_annotation/stripy/v1/NG050/NG050_P2_CC6/61_0.hdf5	61_0	None	None	Undefined	0	[  5.         560.4152832  273.49789429   0.87500453]	[  5.         560.4152832  273.49789429   0.87500453]						0.hdf5	61
700	/data/1_users/pezoldt/man_annotation/stripy/v1/NG050/NG050_P2_CC6/62_0.hdf5	62_0	None	None	Undefined	0	[7.00000000e+00 9.20845215e+02 3.10575745e+02 8.59748721e-01]	[7.00000000e+00 9.20845215e+02 3.10575745e+02 8.59748721e-01]						0.hdf5	62
701	/data/1_users/pezoldt/man_annotation/stripy/v1/NG050/NG050_P2_CC6/63_0.hdf5	63_0	None	None	Undefined	0	[  0.         769.9854126  136.80462646   0.88780117]	[  0.         769.9854126  136.80462646   0.88780117]						0.hdf5	63
702	/data/1_users/pezoldt/man_annotation/stripy/v1/NG050/NG050_P2_CC6/64_0.hdf5	64_0	None	None	Undefined	0	[  6.         599.74987793 242.92074585   0.87314308]	[  6.         599.74987793 242.92074585   0.87314308]						0.hdf5	64
703	/data/1_users/pezoldt/man_annotation/stripy/v1/NG050/NG050_P2_CC6/65_0.hdf5	65_0	None	None	Undefined	0	[  5.         672.13977051 303.16430664   0.84067643]	[  5.         672.13977051 303.16430664   0.84067643]						0.hdf5	65
704	/data/1_users/pezoldt/man_annotation/stripy/v1/NG050/NG050_P2_CC6/66_0.hdf5	66_0	None	None	stripy_center	0	[6.00000000e+00 8.98600830e+02 2.86987785e+02 8.74695599e-01]	[6.00000000e+00 8.98600830e+02 2.86987785e+02 8.74695599e-01]						0.hdf5	66
705	/data/1_users/pezoldt/man_annotation/stripy/v1/NG050/NG050_P2_CC6/67_0.hdf5	67_0	None	None	Undefined	0	[6.00000000e+00 1.01360535e+03 2.77571289e+02 8.80282521e-01]	[6.00000000e+00 1.01360535e+03 2.77571289e+02 8.80282521e-01]						0.hdf5	67
706	/data/1_users/pezoldt/man_annotation/stripy/v1/NG050/NG050_P2_CC6/68_0.hdf5	68_0	None	None	Undefined	0	[  7.         855.95251465 211.00375366   0.86446881]	[  7.         855.95251465 211.00375366   0.86446881]						0.hdf5	68
707	/data/1_users/pezoldt/man_annotation/stripy/v1/NG050/NG050_P2_CC6/69_0.hdf5	69_0	None	None	normi_circle	0	[  7.         792.44232178 280.07897949   0.8720361 ]	[  7.         792.44232178 280.07897949   0.8720361 ]						0.hdf5	69
644	/data/1_users/pezoldt/man_annotation/stripy/v1/NG050/NG050_P2_CC6/6_0.hdf5	6_0	None	None	Undefined	0	[8.00000000e+00 9.62043518e+02 2.37051712e+02 8.92816544e-01]	[8.00000000e+00 9.62043518e+02 2.37051712e+02 8.92816544e-01]						0.hdf5	6
708	/data/1_users/pezoldt/man_annotation/stripy/v1/NG050/NG050_P2_CC6/70_0.hdf5	70_0	None	None	stripy_center	0	[  7.         809.25158691 222.4070282    0.87605035]	[  7.         809.25158691 222.4070282    0.87605035]						0.hdf5	70
709	/data/1_users/pezoldt/man_annotation/stripy/v1/NG050/NG050_P2_CC6/71_0.hdf5	71_0	None	None	stripy_nucleus	0	[  7.         812.07305908 171.97621155   0.87598222]	[  7.         812.07305908 171.97621155   0.87598222]						0.hdf5	71
710	/data/1_users/pezoldt/man_annotation/stripy/v1/NG050/NG050_P2_CC6/72_0.hdf5	72_0	None	None	Undefined	0	[  5.         656.55578613 269.59292603   0.86649191]	[  5.         656.55578613 269.59292603   0.86649191]						0.hdf5	72
711	/data/1_users/pezoldt/man_annotation/stripy/v1/NG050/NG050_P2_CC6/73_0.hdf5	73_0	None	None	normi_demicircle	0	[5.00000000e+00 8.72403503e+02 2.88480652e+02 8.69272113e-01]	[5.00000000e+00 8.72403503e+02 2.88480652e+02 8.69272113e-01]						0.hdf5	73
712	/data/1_users/pezoldt/man_annotation/stripy/v1/NG050/NG050_P2_CC6/75_0.hdf5	75_0	None	None	stripy_nucleus	0	[  6.         523.38183594 130.07470703   0.86404824]	[  6.         523.38183594 130.07470703   0.86404824]						0.hdf5	75
713	/data/1_users/pezoldt/man_annotation/stripy/v1/NG050/NG050_P2_CC6/76_0.hdf5	76_0	None	None	Undefined	0	[  4.         406.26397705 168.93710327   0.86745596]	[  4.         406.26397705 168.93710327   0.86745596]						0.hdf5	76
714	/data/1_users/pezoldt/man_annotation/stripy/v1/NG050/NG050_P2_CC6/77_0.hdf5	77_0	None	None	Undefined	0	[  5.         827.47186279 210.33381653   0.88617438]	[  5.         827.47186279 210.33381653   0.88617438]						0.hdf5	77
715	/data/1_users/pezoldt/man_annotation/stripy/v1/NG050/NG050_P2_CC6/78_0.hdf5	78_0	None	None	Undefined	0	[  2.         682.00537109 288.64846802   0.86623448]	[  2.         682.00537109 288.64846802   0.86623448]						0.hdf5	78
716	/data/1_users/pezoldt/man_annotation/stripy/v1/NG050/NG050_P2_CC6/79_0.hdf5	79_0	None	None	stripy_center	0	[  3.         362.90264893 213.52285767   0.85913599]	[  3.         362.90264893 213.52285767   0.85913599]						0.hdf5	79
645	/data/1_users/pezoldt/man_annotation/stripy/v1/NG050/NG050_P2_CC6/7_0.hdf5	7_0	None	None	stripy_nucleus	0	[  9.         683.78607178 181.71144104   0.86316395]	[  9.         683.78607178 181.71144104   0.86316395]						0.hdf5	7
717	/data/1_users/pezoldt/man_annotation/stripy/v1/NG050/NG050_P2_CC6/80_0.hdf5	80_0	None	None	Undefined	0	[  6.         567.66052246 223.14097595   0.88125777]	[  6.         567.66052246 223.14097595   0.88125777]						0.hdf5	80
718	/data/1_users/pezoldt/man_annotation/stripy/v1/NG050/NG050_P2_CC6/81_0.hdf5	81_0	None	None	normi_circle	0	[  4.         785.48852539 328.51123047   0.86165351]	[  4.         785.48852539 328.51123047   0.86165351]						0.hdf5	81
719	/data/1_users/pezoldt/man_annotation/stripy/v1/NG050/NG050_P2_CC6/82_0.hdf5	82_0	None	None	normi_demicircle	0	[  6.         674.98974609 266.40460968   0.87613052]	[  6.         674.98974609 266.40460968   0.87613052]						0.hdf5	82
720	/data/1_users/pezoldt/man_annotation/stripy/v1/NG050/NG050_P2_CC6/83_0.hdf5	83_0	None	None	normi_circle	0	[  6.         609.17785645 109.24588776   0.87533969]	[  6.         609.17785645 109.24588776   0.87533969]						0.hdf5	83
721	/data/1_users/pezoldt/man_annotation/stripy/v1/NG050/NG050_P2_CC6/84_0.hdf5	84_0	None	None	stripy_center	0	[6.00000000e+00 8.69320312e+02 2.00129089e+02 8.68257821e-01]	[6.00000000e+00 8.69320312e+02 2.00129089e+02 8.68257821e-01]						0.hdf5	84
722	/data/1_users/pezoldt/man_annotation/stripy/v1/NG050/NG050_P2_CC6/85_0.hdf5	85_0	None	None	Undefined	0	[  6.         720.16802979 237.20265198   0.86795557]	[  6.         720.16802979 237.20265198   0.86795557]						0.hdf5	85
723	/data/1_users/pezoldt/man_annotation/stripy/v1/NG050/NG050_P2_CC6/86_0.hdf5	86_0	None	None	Undefined	0	[  4.         420.56195068 155.22558594   0.8844254 ]	[  4.         420.56195068 155.22558594   0.8844254 ]						0.hdf5	86
724	/data/1_users/pezoldt/man_annotation/stripy/v1/NG050/NG050_P2_CC6/87_0.hdf5	87_0	None	None	Undefined	0	[  6.         627.93670654 241.67956543   0.87332648]	[  6.         627.93670654 241.67956543   0.87332648]						0.hdf5	87
725	/data/1_users/pezoldt/man_annotation/stripy/v1/NG050/NG050_P2_CC6/88_0.hdf5	88_0	None	None	Undefined	0	[  6.         599.01702881 193.09962463   0.88154095]	[  6.         599.01702881 193.09962463   0.88154095]						0.hdf5	88
726	/data/1_users/pezoldt/man_annotation/stripy/v1/NG050/NG050_P2_CC6/89_0.hdf5	89_0	None	None	stripy_nucleus	0	[  2.         721.14959717 312.43798828   0.86956614]	[  2.         721.14959717 312.43798828   0.86956614]						0.hdf5	89
646	/data/1_users/pezoldt/man_annotation/stripy/v1/NG050/NG050_P2_CC6/8_0.hdf5	8_0	None	None	stripy_nucleus	0		[  6.         517.4072876  161.02493286   0.85772622]	[  6.         517.4072876  161.02493286   0.85772622]	[ 10.         330.07061768 226.09202576   0.8483566 ]				0.hdf5	8
647	/data/1_users/pezoldt/man_annotation/stripy/v1/NG050/NG050_P2_CC6/8_1.hdf5	8_1	None	None	Undefined	0		[ 10.         330.07061768 226.09202576   0.8483566 ]	[  6.         517.4072876  161.02493286   0.85772622]	[ 10.         330.07061768 226.09202576   0.8483566 ]				1.hdf5	8
727	/data/1_users/pezoldt/man_annotation/stripy/v1/NG050/NG050_P2_CC6/90_0.hdf5	90_0	None	None	stripy_center	0	[  6.         807.62664795 280.096138     0.8734563 ]	[  6.         807.62664795 280.096138     0.8734563 ]						0.hdf5	90
728	/data/1_users/pezoldt/man_annotation/stripy/v1/NG050/NG050_P2_CC6/91_0.hdf5	91_0	None	None	stripy_nucleus	0	[  6.         640.14562988 128.6305542    0.87422621]	[  6.         640.14562988 128.6305542    0.87422621]						0.hdf5	91
729	/data/1_users/pezoldt/man_annotation/stripy/v1/NG050/NG050_P2_CC6/92_0.hdf5	92_0	None	None	Undefined	0		[  1.         500.48858643 120.53919983   0.86586821]	[  1.         500.48858643 120.53919983   0.86586821]	[  3.         448.83374023 111.00772095   0.82391781]				0.hdf5	92
730	/data/1_users/pezoldt/man_annotation/stripy/v1/NG050/NG050_P2_CC6/92_1.hdf5	92_1	None	None	Undefined	0		[  3.         448.83374023 111.00772095   0.82391781]	[  1.         500.48858643 120.53919983   0.86586821]	[  3.         448.83374023 111.00772095   0.82391781]				1.hdf5	92
731	/data/1_users/pezoldt/man_annotation/stripy/v1/NG050/NG050_P2_CC6/93_0.hdf5	93_0	None	None	Undefined	0	[  5.         732.62365723  98.97956085   0.87130821]	[  5.         732.62365723  98.97956085   0.87130821]						0.hdf5	93
732	/data/1_users/pezoldt/man_annotation/stripy/v1/NG050/NG050_P2_CC6/94_0.hdf5	94_0	None	None	Undefined	0	[  6.         664.25231934 116.26698303   0.88707012]	[  6.         664.25231934 116.26698303   0.88707012]						0.hdf5	94
733	/data/1_users/pezoldt/man_annotation/stripy/v1/NG050/NG050_P2_CC6/95_0.hdf5	95_0	None	None	Undefined	0	[  6.         696.74511719 203.17437744   0.871858  ]	[  6.         696.74511719 203.17437744   0.871858  ]						0.hdf5	95
648	/data/1_users/pezoldt/man_annotation/stripy/v1/NG050/NG050_P2_CC6/9_0.hdf5	9_0	None	None	Undefined	0	[  3.         406.8348999  253.00244141   0.88428146]	[  3.         406.8348999  253.00244141   0.88428146]						0.hdf5	9
734	/data/1_users/pezoldt/man_annotation/stripy/v1/NG050/NG050_P2_CC7/0_0.hdf5	0_0	None	None	Undefined	0		[3.00000000e+00 1.41656885e+03 2.48496231e+02 8.25971007e-01]	[3.00000000e+00 1.41656885e+03 2.48496231e+02 8.25971007e-01]	[1.20000000e+01 9.33028625e+02 2.25861099e+02 8.67096245e-01]				0.hdf5	0
735	/data/1_users/pezoldt/man_annotation/stripy/v1/NG050/NG050_P2_CC7/0_1.hdf5	0_1	None	None	Undefined	0		[1.20000000e+01 9.33028625e+02 2.25861099e+02 8.67096245e-01]	[3.00000000e+00 1.41656885e+03 2.48496231e+02 8.25971007e-01]	[1.20000000e+01 9.33028625e+02 2.25861099e+02 8.67096245e-01]				1.hdf5	0
747	/data/1_users/pezoldt/man_annotation/stripy/v1/NG050/NG050_P2_CC7/10_0.hdf5	10_0	None	None	normi_circle	0	[ 11.         628.06610107 331.39648438   0.8776204 ]	[ 11.         628.06610107 331.39648438   0.8776204 ]						0.hdf5	10
748	/data/1_users/pezoldt/man_annotation/stripy/v1/NG050/NG050_P2_CC7/11_0.hdf5	11_0	None	None	Undefined	0	[  8.         566.0291748  138.49333191   0.87111813]	[  8.         566.0291748  138.49333191   0.87111813]						0.hdf5	11
749	/data/1_users/pezoldt/man_annotation/stripy/v1/NG050/NG050_P2_CC7/12_0.hdf5	12_0	None	None	Undefined	0	[ 10.         646.9899292  251.50759888   0.87091136]	[ 10.         646.9899292  251.50759888   0.87091136]						0.hdf5	12
750	/data/1_users/pezoldt/man_annotation/stripy/v1/NG050/NG050_P2_CC7/13_0.hdf5	13_0	None	None	Undefined	0	[  6.         638.72741699 187.74951172   0.8741796 ]	[  6.         638.72741699 187.74951172   0.8741796 ]						0.hdf5	13
751	/data/1_users/pezoldt/man_annotation/stripy/v1/NG050/NG050_P2_CC7/14_0.hdf5	14_0	None	None	Undefined	0	[  6.         803.13098145 296.34869385   0.87144226]	[  6.         803.13098145 296.34869385   0.87144226]						0.hdf5	14
752	/data/1_users/pezoldt/man_annotation/stripy/v1/NG050/NG050_P2_CC7/15_0.hdf5	15_0	None	None	Undefined	0	[ 12.         738.69787598 142.58625793   0.8713221 ]	[ 12.         738.69787598 142.58625793   0.8713221 ]						0.hdf5	15
753	/data/1_users/pezoldt/man_annotation/stripy/v1/NG050/NG050_P2_CC7/16_0.hdf5	16_0	None	None	Undefined	0	[ 12.         770.94714355 156.22546768   0.87582529]	[ 12.         770.94714355 156.22546768   0.87582529]						0.hdf5	16
754	/data/1_users/pezoldt/man_annotation/stripy/v1/NG050/NG050_P2_CC7/17_0.hdf5	17_0	None	None	stripy_nucleus	0	[1.20000000e+01 9.58207886e+02 1.59478367e+02 8.72353613e-01]	[1.20000000e+01 9.58207886e+02 1.59478367e+02 8.72353613e-01]						0.hdf5	17
755	/data/1_users/pezoldt/man_annotation/stripy/v1/NG050/NG050_P2_CC7/18_0.hdf5	18_0	None	None	Undefined	0	[  8.         639.82287598 154.39935684   0.86680835]	[  8.         639.82287598 154.39935684   0.86680835]						0.hdf5	18
756	/data/1_users/pezoldt/man_annotation/stripy/v1/NG050/NG050_P2_CC7/19_0.hdf5	19_0	None	None	stripy_nucleus	0	[ 12.         769.10046387 227.37728882   0.8675561 ]	[ 12.         769.10046387 227.37728882   0.8675561 ]						0.hdf5	19
736	/data/1_users/pezoldt/man_annotation/stripy/v1/NG050/NG050_P2_CC7/1_0.hdf5	1_0	None	None	Undefined	0	[1.10000000e+01 1.03082361e+03 3.22419556e+02 8.83926928e-01]	[1.10000000e+01 1.03082361e+03 3.22419556e+02 8.83926928e-01]						0.hdf5	1
757	/data/1_users/pezoldt/man_annotation/stripy/v1/NG050/NG050_P2_CC7/20_0.hdf5	20_0	None	None	Undefined	0	[1.20000000e+01 8.65884094e+02 1.47619751e+02 8.64796817e-01]	[1.20000000e+01 8.65884094e+02 1.47619751e+02 8.64796817e-01]						0.hdf5	20
758	/data/1_users/pezoldt/man_annotation/stripy/v1/NG050/NG050_P2_CC7/21_0.hdf5	21_0	None	None	Undefined	0	[ 12.         803.92578125 165.86446762   0.89297616]	[ 12.         803.92578125 165.86446762   0.89297616]						0.hdf5	21
759	/data/1_users/pezoldt/man_annotation/stripy/v1/NG050/NG050_P2_CC7/22_0.hdf5	22_0	None	None	Undefined	0	[ 12.         707.51348877 221.66334534   0.87910885]	[ 12.         707.51348877 221.66334534   0.87910885]						0.hdf5	22
760	/data/1_users/pezoldt/man_annotation/stripy/v1/NG050/NG050_P2_CC7/23_0.hdf5	23_0	None	None	Undefined	0	[ 10.         799.47180176 321.50744629   0.87177628]	[ 10.         799.47180176 321.50744629   0.87177628]						0.hdf5	23
761	/data/1_users/pezoldt/man_annotation/stripy/v1/NG050/NG050_P2_CC7/24_0.hdf5	24_0	None	None	stripy_center	0	[ 11.         768.2699585  316.64538574   0.87238735]	[ 11.         768.2699585  316.64538574   0.87238735]						0.hdf5	24
762	/data/1_users/pezoldt/man_annotation/stripy/v1/NG050/NG050_P2_CC7/25_0.hdf5	25_0	None	None	Undefined	0	[ 11.         613.53424072 131.76952744   0.87744731]	[ 11.         613.53424072 131.76952744   0.87744731]						0.hdf5	25
763	/data/1_users/pezoldt/man_annotation/stripy/v1/NG050/NG050_P2_CC7/26_0.hdf5	26_0	None	None	Undefined	0	[  9.         825.59661865 257.5345993    0.87472159]	[  9.         825.59661865 257.5345993    0.87472159]						0.hdf5	26
764	/data/1_users/pezoldt/man_annotation/stripy/v1/NG050/NG050_P2_CC7/27_0.hdf5	27_0	None	None	normi_circle	0	[ 10.         278.99334717 194.43144226   0.88090801]	[ 10.         278.99334717 194.43144226   0.88090801]						0.hdf5	27
765	/data/1_users/pezoldt/man_annotation/stripy/v1/NG050/NG050_P2_CC7/28_0.hdf5	28_0	None	None	normi_circle	0	[ 11.         548.62963867 198.54324341   0.86481291]	[ 11.         548.62963867 198.54324341   0.86481291]						0.hdf5	28
766	/data/1_users/pezoldt/man_annotation/stripy/v1/NG050/NG050_P2_CC7/29_0.hdf5	29_0	None	None	Undefined	0		[2.00000000e+00 1.42633386e+03 2.66285530e+02 8.08339357e-01]	[2.00000000e+00 1.42633386e+03 2.66285530e+02 8.08339357e-01]	[  7.         549.59606934 162.33375549   0.87777311]				0.hdf5	29
767	/data/1_users/pezoldt/man_annotation/stripy/v1/NG050/NG050_P2_CC7/29_1.hdf5	29_1	None	None	Undefined	0		[  7.         549.59606934 162.33375549   0.87777311]	[2.00000000e+00 1.42633386e+03 2.66285530e+02 8.08339357e-01]	[  7.         549.59606934 162.33375549   0.87777311]				1.hdf5	29
737	/data/1_users/pezoldt/man_annotation/stripy/v1/NG050/NG050_P2_CC7/2_0.hdf5	2_0	None	None	Undefined	0		[2.00000000e+00 1.41741797e+03 2.52245834e+02 8.40869784e-01]	[2.00000000e+00 1.41741797e+03 2.52245834e+02 8.40869784e-01]	[ 12.         791.27355957 173.20375061   0.87426651]				0.hdf5	2
738	/data/1_users/pezoldt/man_annotation/stripy/v1/NG050/NG050_P2_CC7/2_1.hdf5	2_1	None	None	Undefined	0		[ 12.         791.27355957 173.20375061   0.87426651]	[2.00000000e+00 1.41741797e+03 2.52245834e+02 8.40869784e-01]	[ 12.         791.27355957 173.20375061   0.87426651]				1.hdf5	2
768	/data/1_users/pezoldt/man_annotation/stripy/v1/NG050/NG050_P2_CC7/30_0.hdf5	30_0	None	None	Undefined	0	[1.20000000e+01 8.95913086e+02 1.51495163e+02 8.81891072e-01]	[1.20000000e+01 8.95913086e+02 1.51495163e+02 8.81891072e-01]						0.hdf5	30
769	/data/1_users/pezoldt/man_annotation/stripy/v1/NG050/NG050_P2_CC7/31_0.hdf5	31_0	None	None	normi_circle	0	[1.20000000e+01 9.43949402e+02 1.53434849e+02 8.70110929e-01]	[1.20000000e+01 9.43949402e+02 1.53434849e+02 8.70110929e-01]						0.hdf5	31
770	/data/1_users/pezoldt/man_annotation/stripy/v1/NG050/NG050_P2_CC7/32_0.hdf5	32_0	None	None	stripy_nucleus	0	[ 10.         603.12115479 176.63313293   0.86881924]	[ 10.         603.12115479 176.63313293   0.86881924]						0.hdf5	32
771	/data/1_users/pezoldt/man_annotation/stripy/v1/NG050/NG050_P2_CC7/33_0.hdf5	33_0	None	None	stripy_center	0	[ 10.         491.82220459 159.19466782   0.86904806]	[ 10.         491.82220459 159.19466782   0.86904806]						0.hdf5	33
772	/data/1_users/pezoldt/man_annotation/stripy/v1/NG050/NG050_P2_CC7/34_0.hdf5	34_0	None	None	Undefined	0		[2.00000000e+00 1.42761890e+03 2.63309387e+02 8.24535906e-01]	[2.00000000e+00 1.42761890e+03 2.63309387e+02 8.24535906e-01]	[ 13.         751.58233643 226.9107666    0.8760438 ]				0.hdf5	34
773	/data/1_users/pezoldt/man_annotation/stripy/v1/NG050/NG050_P2_CC7/34_1.hdf5	34_1	None	None	stripy_nucleus	0		[ 13.         751.58233643 226.9107666    0.8760438 ]	[2.00000000e+00 1.42761890e+03 2.63309387e+02 8.24535906e-01]	[ 13.         751.58233643 226.9107666    0.8760438 ]				1.hdf5	34
774	/data/1_users/pezoldt/man_annotation/stripy/v1/NG050/NG050_P2_CC7/35_0.hdf5	35_0	None	None	Undefined	0		[2.00000000e+00 1.42765283e+03 2.62307800e+02 8.12209904e-01]	[2.00000000e+00 1.42765283e+03 2.62307800e+02 8.12209904e-01]	[1.30000000e+01 1.11315479e+03 1.69684723e+02 8.77847672e-01]				0.hdf5	35
775	/data/1_users/pezoldt/man_annotation/stripy/v1/NG050/NG050_P2_CC7/35_1.hdf5	35_1	None	None	normi_demicircle	0		[1.30000000e+01 1.11315479e+03 1.69684723e+02 8.77847672e-01]	[2.00000000e+00 1.42765283e+03 2.62307800e+02 8.12209904e-01]	[1.30000000e+01 1.11315479e+03 1.69684723e+02 8.77847672e-01]				1.hdf5	35
776	/data/1_users/pezoldt/man_annotation/stripy/v1/NG050/NG050_P2_CC7/36_0.hdf5	36_0	None	None	stripy_center	0	[1.30000000e+01 9.57714600e+02 3.19023132e+02 8.67371678e-01]	[1.30000000e+01 9.57714600e+02 3.19023132e+02 8.67371678e-01]						0.hdf5	36
777	/data/1_users/pezoldt/man_annotation/stripy/v1/NG050/NG050_P2_CC7/37_0.hdf5	37_0	None	None	Undefined	0		[2.00000000e+00 1.42829468e+03 2.64198212e+02 8.04955721e-01]	[2.00000000e+00 1.42829468e+03 2.64198212e+02 8.04955721e-01]	[  8.         852.79760742 109.36573029   0.87793928]				0.hdf5	37
778	/data/1_users/pezoldt/man_annotation/stripy/v1/NG050/NG050_P2_CC7/37_1.hdf5	37_1	None	None	stripy_center	0		[  8.         852.79760742 109.36573029   0.87793928]	[2.00000000e+00 1.42829468e+03 2.64198212e+02 8.04955721e-01]	[  8.         852.79760742 109.36573029   0.87793928]				1.hdf5	37
779	/data/1_users/pezoldt/man_annotation/stripy/v1/NG050/NG050_P2_CC7/38_0.hdf5	38_0	None	None	Undefined	0		[2.00000000e+00 1.42824707e+03 2.65845520e+02 8.03467929e-01]	[2.00000000e+00 1.42824707e+03 2.65845520e+02 8.03467929e-01]	[  9.         716.83532715 315.95828247   0.869932  ]				0.hdf5	38
780	/data/1_users/pezoldt/man_annotation/stripy/v1/NG050/NG050_P2_CC7/38_1.hdf5	38_1	None	None	normi_circle	0		[  9.         716.83532715 315.95828247   0.869932  ]	[2.00000000e+00 1.42824707e+03 2.65845520e+02 8.03467929e-01]	[  9.         716.83532715 315.95828247   0.869932  ]				1.hdf5	38
781	/data/1_users/pezoldt/man_annotation/stripy/v1/NG050/NG050_P2_CC7/39_0.hdf5	39_0	None	None	Undefined	0	[1.10000000e+01 1.01552856e+03 1.44884792e+02 8.80982161e-01]	[1.10000000e+01 1.01552856e+03 1.44884792e+02 8.80982161e-01]						0.hdf5	39
739	/data/1_users/pezoldt/man_annotation/stripy/v1/NG050/NG050_P2_CC7/3_0.hdf5	3_0	None	None	normi_circle	0	[1.20000000e+01 9.07209473e+02 1.72567566e+02 8.80919397e-01]	[1.20000000e+01 9.07209473e+02 1.72567566e+02 8.80919397e-01]						0.hdf5	3
782	/data/1_users/pezoldt/man_annotation/stripy/v1/NG050/NG050_P2_CC7/40_0.hdf5	40_0	None	None	normi_demicircle	0	[  9.         658.25866699 162.0320282    0.87520283]	[  9.         658.25866699 162.0320282    0.87520283]						0.hdf5	40
783	/data/1_users/pezoldt/man_annotation/stripy/v1/NG050/NG050_P2_CC7/41_0.hdf5	41_0	None	None	Undefined	0		[  8.         433.18856812 134.08860779   0.87208486]	[  8.         433.18856812 134.08860779   0.87208486]	[  9.         825.41723633 142.68006897   0.86848265]				0.hdf5	41
784	/data/1_users/pezoldt/man_annotation/stripy/v1/NG050/NG050_P2_CC7/41_1.hdf5	41_1	None	None	normi_demicircle	0		[  9.         825.41723633 142.68006897   0.86848265]	[  8.         433.18856812 134.08860779   0.87208486]	[  9.         825.41723633 142.68006897   0.86848265]				1.hdf5	41
785	/data/1_users/pezoldt/man_annotation/stripy/v1/NG050/NG050_P2_CC7/42_0.hdf5	42_0	None	None	Undefined	0		[2.00000000e+00 1.42997803e+03 2.70673798e+02 8.31373930e-01]	[2.00000000e+00 1.42997803e+03 2.70673798e+02 8.31373930e-01]	[  8.         423.27868652 309.30194092   0.87464154]	[1.10000000e+01 1.20646753e+03 3.31052979e+02 8.97215903e-01]			0.hdf5	42
786	/data/1_users/pezoldt/man_annotation/stripy/v1/NG050/NG050_P2_CC7/42_1.hdf5	42_1	None	None	Undefined	0		[  8.         423.27868652 309.30194092   0.87464154]	[2.00000000e+00 1.42997803e+03 2.70673798e+02 8.31373930e-01]	[  8.         423.27868652 309.30194092   0.87464154]	[1.10000000e+01 1.20646753e+03 3.31052979e+02 8.97215903e-01]			1.hdf5	42
787	/data/1_users/pezoldt/man_annotation/stripy/v1/NG050/NG050_P2_CC7/42_2.hdf5	42_2	None	None	Undefined	0		[1.10000000e+01 1.20646753e+03 3.31052979e+02 8.97215903e-01]	[2.00000000e+00 1.42997803e+03 2.70673798e+02 8.31373930e-01]	[  8.         423.27868652 309.30194092   0.87464154]	[1.10000000e+01 1.20646753e+03 3.31052979e+02 8.97215903e-01]			2.hdf5	42
788	/data/1_users/pezoldt/man_annotation/stripy/v1/NG050/NG050_P2_CC7/43_0.hdf5	43_0	None	None	Undefined	0		[2.00000000e+00 1.43003662e+03 2.70981537e+02 8.26860964e-01]	[2.00000000e+00 1.43003662e+03 2.70981537e+02 8.26860964e-01]	[ 11.         601.7989502  248.3793335    0.87502289]				0.hdf5	43
789	/data/1_users/pezoldt/man_annotation/stripy/v1/NG050/NG050_P2_CC7/43_1.hdf5	43_1	None	None	Undefined	0		[ 11.         601.7989502  248.3793335    0.87502289]	[2.00000000e+00 1.43003662e+03 2.70981537e+02 8.26860964e-01]	[ 11.         601.7989502  248.3793335    0.87502289]				1.hdf5	43
790	/data/1_users/pezoldt/man_annotation/stripy/v1/NG050/NG050_P2_CC7/44_0.hdf5	44_0	None	None	Undefined	0	[  8.        671.3815918 135.1867981   0.8729443]	[  8.        671.3815918 135.1867981   0.8729443]						0.hdf5	44
791	/data/1_users/pezoldt/man_annotation/stripy/v1/NG050/NG050_P2_CC7/45_0.hdf5	45_0	None	None	normi_circle	0	[ 12.         824.10430908 129.26758194   0.87501651]	[ 12.         824.10430908 129.26758194   0.87501651]						0.hdf5	45
792	/data/1_users/pezoldt/man_annotation/stripy/v1/NG050/NG050_P2_CC7/46_0.hdf5	46_0	None	None	stripy_center	0	[  6.         751.19445801 347.84933472   0.88121581]	[  6.         751.19445801 347.84933472   0.88121581]						0.hdf5	46
793	/data/1_users/pezoldt/man_annotation/stripy/v1/NG050/NG050_P2_CC7/47_0.hdf5	47_0	None	None	Undefined	0		[2.00000000e+00 1.42995276e+03 2.66294930e+02 8.13775837e-01]	[2.00000000e+00 1.42995276e+03 2.66294930e+02 8.13775837e-01]	[1.20000000e+01 1.01345673e+03 1.24761490e+02 8.73097479e-01]				0.hdf5	47
794	/data/1_users/pezoldt/man_annotation/stripy/v1/NG050/NG050_P2_CC7/47_1.hdf5	47_1	None	None	normi_demicircle	0		[1.20000000e+01 1.01345673e+03 1.24761490e+02 8.73097479e-01]	[2.00000000e+00 1.42995276e+03 2.66294930e+02 8.13775837e-01]	[1.20000000e+01 1.01345673e+03 1.24761490e+02 8.73097479e-01]				1.hdf5	47
795	/data/1_users/pezoldt/man_annotation/stripy/v1/NG050/NG050_P2_CC7/48_0.hdf5	48_0	None	None	Undefined	0	[ 11.         804.54620361 337.14123535   0.88012964]	[ 11.         804.54620361 337.14123535   0.88012964]						0.hdf5	48
796	/data/1_users/pezoldt/man_annotation/stripy/v1/NG050/NG050_P2_CC7/49_0.hdf5	49_0	None	None	Undefined	0	[ 10.         686.8770752  167.44842529   0.87406909]	[ 10.         686.8770752  167.44842529   0.87406909]						0.hdf5	49
740	/data/1_users/pezoldt/man_annotation/stripy/v1/NG050/NG050_P2_CC7/4_0.hdf5	4_0	None	None	Undefined	0		[4.00000000e+00 1.41823828e+03 2.53298752e+02 8.13512087e-01]	[4.00000000e+00 1.41823828e+03 2.53298752e+02 8.13512087e-01]	[  7.         570.01794434 125.63887024   0.87781894]				0.hdf5	4
741	/data/1_users/pezoldt/man_annotation/stripy/v1/NG050/NG050_P2_CC7/4_1.hdf5	4_1	None	None	Undefined	0		[  7.         570.01794434 125.63887024   0.87781894]	[4.00000000e+00 1.41823828e+03 2.53298752e+02 8.13512087e-01]	[  7.         570.01794434 125.63887024   0.87781894]				1.hdf5	4
797	/data/1_users/pezoldt/man_annotation/stripy/v1/NG050/NG050_P2_CC7/50_0.hdf5	50_0	None	None	Undefined	0		[2.00000000e+00 1.43072144e+03 2.68921013e+02 8.49175632e-01]	[2.00000000e+00 1.43072144e+03 2.68921013e+02 8.49175632e-01]	[1.30000000e+01 9.56326782e+02 2.79944092e+02 8.70712876e-01]				0.hdf5	50
798	/data/1_users/pezoldt/man_annotation/stripy/v1/NG050/NG050_P2_CC7/50_1.hdf5	50_1	None	None	Undefined	0		[1.30000000e+01 9.56326782e+02 2.79944092e+02 8.70712876e-01]	[2.00000000e+00 1.43072144e+03 2.68921013e+02 8.49175632e-01]	[1.30000000e+01 9.56326782e+02 2.79944092e+02 8.70712876e-01]				1.hdf5	50
799	/data/1_users/pezoldt/man_annotation/stripy/v1/NG050/NG050_P2_CC7/51_0.hdf5	51_0	None	None	Undefined	0		[2.00000000e+00 1.43126160e+03 2.69644562e+02 8.25240552e-01]	[2.00000000e+00 1.43126160e+03 2.69644562e+02 8.25240552e-01]	[ 13.         865.96960449 250.06454468   0.86915106]				0.hdf5	51
800	/data/1_users/pezoldt/man_annotation/stripy/v1/NG050/NG050_P2_CC7/51_1.hdf5	51_1	None	None	Undefined	0		[ 13.         865.96960449 250.06454468   0.86915106]	[2.00000000e+00 1.43126160e+03 2.69644562e+02 8.25240552e-01]	[ 13.         865.96960449 250.06454468   0.86915106]				1.hdf5	51
801	/data/1_users/pezoldt/man_annotation/stripy/v1/NG050/NG050_P2_CC7/52_0.hdf5	52_0	None	None	Undefined	0	[ 11.         628.1461792  183.79818726   0.86742908]	[ 11.         628.1461792  183.79818726   0.86742908]						0.hdf5	52
802	/data/1_users/pezoldt/man_annotation/stripy/v1/NG050/NG050_P2_CC7/53_0.hdf5	53_0	None	None	Undefined	0		[2.00000000e+00 1.43123926e+03 2.70545052e+02 8.29957843e-01]	[2.00000000e+00 1.43123926e+03 2.70545052e+02 8.29957843e-01]	[ 11.         650.61230469 160.71157837   0.86968791]				0.hdf5	53
803	/data/1_users/pezoldt/man_annotation/stripy/v1/NG050/NG050_P2_CC7/53_1.hdf5	53_1	None	None	Undefined	0		[ 11.         650.61230469 160.71157837   0.86968791]	[2.00000000e+00 1.43123926e+03 2.70545052e+02 8.29957843e-01]	[ 11.         650.61230469 160.71157837   0.86968791]				1.hdf5	53
804	/data/1_users/pezoldt/man_annotation/stripy/v1/NG050/NG050_P2_CC7/54_0.hdf5	54_0	None	None	Undefined	0		[2.00000000e+00 1.43112109e+03 2.70619026e+02 8.10076118e-01]	[2.00000000e+00 1.43112109e+03 2.70619026e+02 8.10076118e-01]	[  8.         202.42037964 241.89172363   0.8798182 ]				0.hdf5	54
805	/data/1_users/pezoldt/man_annotation/stripy/v1/NG050/NG050_P2_CC7/54_1.hdf5	54_1	None	None	normi_circle	0		[  8.         202.42037964 241.89172363   0.8798182 ]	[2.00000000e+00 1.43112109e+03 2.70619026e+02 8.10076118e-01]	[  8.         202.42037964 241.89172363   0.8798182 ]				1.hdf5	54
806	/data/1_users/pezoldt/man_annotation/stripy/v1/NG050/NG050_P2_CC7/55_0.hdf5	55_0	None	None	Undefined	0		[2.00000000e+00 1.43133081e+03 2.70079193e+02 8.41303170e-01]	[2.00000000e+00 1.43133081e+03 2.70079193e+02 8.41303170e-01]	[1.10000000e+01 9.46463501e+02 3.25665955e+02 8.92022312e-01]				0.hdf5	55
807	/data/1_users/pezoldt/man_annotation/stripy/v1/NG050/NG050_P2_CC7/55_1.hdf5	55_1	None	None	Undefined	0		[1.10000000e+01 9.46463501e+02 3.25665955e+02 8.92022312e-01]	[2.00000000e+00 1.43133081e+03 2.70079193e+02 8.41303170e-01]	[1.10000000e+01 9.46463501e+02 3.25665955e+02 8.92022312e-01]				1.hdf5	55
808	/data/1_users/pezoldt/man_annotation/stripy/v1/NG050/NG050_P2_CC7/56_0.hdf5	56_0	None	None	normi_circle	0	[ 10.         560.97302246 165.03276062   0.87153363]	[ 10.         560.97302246 165.03276062   0.87153363]						0.hdf5	56
809	/data/1_users/pezoldt/man_annotation/stripy/v1/NG050/NG050_P2_CC7/57_0.hdf5	57_0	None	None	Undefined	0	[ 11.         603.46606445 160.4939003    0.87510103]	[ 11.         603.46606445 160.4939003    0.87510103]						0.hdf5	57
810	/data/1_users/pezoldt/man_annotation/stripy/v1/NG050/NG050_P2_CC7/58_0.hdf5	58_0	None	None	normi_demicircle	0	[ 11.         637.60125732 160.5642128    0.87642223]	[ 11.         637.60125732 160.5642128    0.87642223]						0.hdf5	58
811	/data/1_users/pezoldt/man_annotation/stripy/v1/NG050/NG050_P2_CC7/59_0.hdf5	59_0	None	None	Undefined	0	[  9.         516.11517334 164.03088379   0.89517331]	[  9.         516.11517334 164.03088379   0.89517331]						0.hdf5	59
742	/data/1_users/pezoldt/man_annotation/stripy/v1/NG050/NG050_P2_CC7/5_0.hdf5	5_0	None	None	stripy_nucleus	0	[ 10.         791.89733887 113.11930847   0.87744176]	[ 10.         791.89733887 113.11930847   0.87744176]						0.hdf5	5
812	/data/1_users/pezoldt/man_annotation/stripy/v1/NG050/NG050_P2_CC7/60_0.hdf5	60_0	None	None	Undefined	0	[ 10.         706.41564941 122.03233337   0.87146014]	[ 10.         706.41564941 122.03233337   0.87146014]						0.hdf5	60
813	/data/1_users/pezoldt/man_annotation/stripy/v1/NG050/NG050_P2_CC7/61_0.hdf5	61_0	None	None	Undefined	0	[ 11.         748.2701416  138.4539032    0.87224478]	[ 11.         748.2701416  138.4539032    0.87224478]						0.hdf5	61
814	/data/1_users/pezoldt/man_annotation/stripy/v1/NG050/NG050_P2_CC7/62_0.hdf5	62_0	None	None	stripy_nucleus	0	[ 11.         708.30383301 288.60388184   0.881872  ]	[ 11.         708.30383301 288.60388184   0.881872  ]						0.hdf5	62
815	/data/1_users/pezoldt/man_annotation/stripy/v1/NG050/NG050_P2_CC7/63_0.hdf5	63_0	None	None	normi_circle	0	[1.10000000e+01 9.51016357e+02 1.74397018e+02 8.80113959e-01]	[1.10000000e+01 9.51016357e+02 1.74397018e+02 8.80113959e-01]						0.hdf5	63
816	/data/1_users/pezoldt/man_annotation/stripy/v1/NG050/NG050_P2_CC7/64_0.hdf5	64_0	None	None	stripy_nucleus	0	[  8.         604.55712891 209.0682373    0.86610645]	[  8.         604.55712891 209.0682373    0.86610645]						0.hdf5	64
817	/data/1_users/pezoldt/man_annotation/stripy/v1/NG050/NG050_P2_CC7/65_0.hdf5	65_0	None	None	stripy_nucleus	0	[ 11.         632.7668457  189.06152344   0.88283956]	[ 11.         632.7668457  189.06152344   0.88283956]						0.hdf5	65
818	/data/1_users/pezoldt/man_annotation/stripy/v1/NG050/NG050_P2_CC7/66_0.hdf5	66_0	None	None	normi_demicircle	0		[ 11.         793.81530762 208.51081848   0.86965746]	[ 11.         793.81530762 208.51081848   0.86965746]	[1.30000000e+01 1.77745776e+03 1.51809723e+02 8.60110104e-01]				0.hdf5	66
819	/data/1_users/pezoldt/man_annotation/stripy/v1/NG050/NG050_P2_CC7/66_1.hdf5	66_1	None	None	normi_demicircle	0		[1.30000000e+01 1.77745776e+03 1.51809723e+02 8.60110104e-01]	[ 11.         793.81530762 208.51081848   0.86965746]	[1.30000000e+01 1.77745776e+03 1.51809723e+02 8.60110104e-01]				1.hdf5	66
820	/data/1_users/pezoldt/man_annotation/stripy/v1/NG050/NG050_P2_CC7/67_0.hdf5	67_0	None	None	Undefined	0		[1.00000000e+00 1.43027295e+03 2.65182220e+02 8.04481149e-01]	[1.00000000e+00 1.43027295e+03 2.65182220e+02 8.04481149e-01]	[ 10.         605.45581055 194.24911499   0.87579137]				0.hdf5	67
821	/data/1_users/pezoldt/man_annotation/stripy/v1/NG050/NG050_P2_CC7/67_1.hdf5	67_1	None	None	Undefined	0		[ 10.         605.45581055 194.24911499   0.87579137]	[1.00000000e+00 1.43027295e+03 2.65182220e+02 8.04481149e-01]	[ 10.         605.45581055 194.24911499   0.87579137]				1.hdf5	67
822	/data/1_users/pezoldt/man_annotation/stripy/v1/NG050/NG050_P2_CC7/68_0.hdf5	68_0	None	None	Undefined	0		[1.00000000e+00 1.43000110e+03 2.64453247e+02 8.29198837e-01]	[1.00000000e+00 1.43000110e+03 2.64453247e+02 8.29198837e-01]	[  5.         753.5814209  129.64103699   0.86609006]				0.hdf5	68
823	/data/1_users/pezoldt/man_annotation/stripy/v1/NG050/NG050_P2_CC7/68_1.hdf5	68_1	None	None	normi_circle	0		[  5.         753.5814209  129.64103699   0.86609006]	[1.00000000e+00 1.43000110e+03 2.64453247e+02 8.29198837e-01]	[  5.         753.5814209  129.64103699   0.86609006]				1.hdf5	68
824	/data/1_users/pezoldt/man_annotation/stripy/v1/NG050/NG050_P2_CC7/69_0.hdf5	69_0	None	None	Undefined	0		[1.00000000e+00 1.42972949e+03 2.62974701e+02 8.44564974e-01]	[1.00000000e+00 1.42972949e+03 2.62974701e+02 8.44564974e-01]	[ 10.         795.09765625 135.09020615   0.8727898 ]				0.hdf5	69
825	/data/1_users/pezoldt/man_annotation/stripy/v1/NG050/NG050_P2_CC7/69_1.hdf5	69_1	None	None	normi_demicircle	0		[ 10.         795.09765625 135.09020615   0.8727898 ]	[1.00000000e+00 1.42972949e+03 2.62974701e+02 8.44564974e-01]	[ 10.         795.09765625 135.09020615   0.8727898 ]				1.hdf5	69
743	/data/1_users/pezoldt/man_annotation/stripy/v1/NG050/NG050_P2_CC7/6_0.hdf5	6_0	None	None	Undefined	0	[  8.         774.21105957 223.83981323   0.89400917]	[  8.         774.21105957 223.83981323   0.89400917]						0.hdf5	6
826	/data/1_users/pezoldt/man_annotation/stripy/v1/NG050/NG050_P2_CC7/70_0.hdf5	70_0	None	None	Undefined	0		[1.00000000e+00 1.42970935e+03 2.61928291e+02 8.24043691e-01]	[1.00000000e+00 1.42970935e+03 2.61928291e+02 8.24043691e-01]	[1.10000000e+01 9.00725708e+02 1.87594330e+02 8.79108131e-01]				0.hdf5	70
827	/data/1_users/pezoldt/man_annotation/stripy/v1/NG050/NG050_P2_CC7/70_1.hdf5	70_1	None	None	normi_circle	0		[1.10000000e+01 9.00725708e+02 1.87594330e+02 8.79108131e-01]	[1.00000000e+00 1.42970935e+03 2.61928291e+02 8.24043691e-01]	[1.10000000e+01 9.00725708e+02 1.87594330e+02 8.79108131e-01]				1.hdf5	70
828	/data/1_users/pezoldt/man_annotation/stripy/v1/NG050/NG050_P2_CC7/71_0.hdf5	71_0	None	None	Undefined	0		[1.00000000e+00 1.42968896e+03 2.61114433e+02 8.05331707e-01]	[1.00000000e+00 1.42968896e+03 2.61114433e+02 8.05331707e-01]	[ 12.         634.34204102 263.22195435   0.86193055]				0.hdf5	71
829	/data/1_users/pezoldt/man_annotation/stripy/v1/NG050/NG050_P2_CC7/71_1.hdf5	71_1	None	None	Undefined	0		[ 12.         634.34204102 263.22195435   0.86193055]	[1.00000000e+00 1.42968896e+03 2.61114433e+02 8.05331707e-01]	[ 12.         634.34204102 263.22195435   0.86193055]				1.hdf5	71
830	/data/1_users/pezoldt/man_annotation/stripy/v1/NG050/NG050_P2_CC7/72_0.hdf5	72_0	None	None	Undefined	0	[  7.         405.25860596 268.88641357   0.8747285 ]	[  7.         405.25860596 268.88641357   0.8747285 ]						0.hdf5	72
831	/data/1_users/pezoldt/man_annotation/stripy/v1/NG050/NG050_P2_CC7/73_0.hdf5	73_0	None	None	Undefined	0		[  4.         826.20147705 246.68586731   0.84954166]	[  4.         826.20147705 246.68586731   0.84954166]	[  4.         660.75061035 318.46398926   0.87487656]				0.hdf5	73
832	/data/1_users/pezoldt/man_annotation/stripy/v1/NG050/NG050_P2_CC7/73_1.hdf5	73_1	None	None	Undefined	0		[  4.         660.75061035 318.46398926   0.87487656]	[  4.         826.20147705 246.68586731   0.84954166]	[  4.         660.75061035 318.46398926   0.87487656]				1.hdf5	73
833	/data/1_users/pezoldt/man_annotation/stripy/v1/NG050/NG050_P2_CC7/74_0.hdf5	74_0	None	None	Undefined	0		[8.00000000e+00 1.42791162e+03 1.42809933e+02 8.72801363e-01]	[8.00000000e+00 1.42791162e+03 1.42809933e+02 8.72801363e-01]	[  9.         656.03417969  98.29444695   0.87379724]				0.hdf5	74
834	/data/1_users/pezoldt/man_annotation/stripy/v1/NG050/NG050_P2_CC7/74_1.hdf5	74_1	None	None	stripy_nucleus	0		[  9.         656.03417969  98.29444695   0.87379724]	[8.00000000e+00 1.42791162e+03 1.42809933e+02 8.72801363e-01]	[  9.         656.03417969  98.29444695   0.87379724]				1.hdf5	74
835	/data/1_users/pezoldt/man_annotation/stripy/v1/NG050/NG050_P2_CC7/75_0.hdf5	75_0	None	None	Undefined	0		[1.00000000e+00 1.42914014e+03 2.62443054e+02 8.06006074e-01]	[1.00000000e+00 1.42914014e+03 2.62443054e+02 8.06006074e-01]	[  9.         623.80834961 142.18074036   0.87835902]				0.hdf5	75
836	/data/1_users/pezoldt/man_annotation/stripy/v1/NG050/NG050_P2_CC7/75_1.hdf5	75_1	None	None	stripy_center	0		[  9.         623.80834961 142.18074036   0.87835902]	[1.00000000e+00 1.42914014e+03 2.62443054e+02 8.06006074e-01]	[  9.         623.80834961 142.18074036   0.87835902]				1.hdf5	75
837	/data/1_users/pezoldt/man_annotation/stripy/v1/NG050/NG050_P2_CC7/76_0.hdf5	76_0	None	None	Undefined	0		[1.00000000e+00 1.42897339e+03 2.62633598e+02 8.20731521e-01]	[1.00000000e+00 1.42897339e+03 2.62633598e+02 8.20731521e-01]	[ 10.         719.80480957 162.01068115   0.87593371]				0.hdf5	76
838	/data/1_users/pezoldt/man_annotation/stripy/v1/NG050/NG050_P2_CC7/76_1.hdf5	76_1	None	None	normi_circle	0		[ 10.         719.80480957 162.01068115   0.87593371]	[1.00000000e+00 1.42897339e+03 2.62633598e+02 8.20731521e-01]	[ 10.         719.80480957 162.01068115   0.87593371]				1.hdf5	76
839	/data/1_users/pezoldt/man_annotation/stripy/v1/NG050/NG050_P2_CC7/77_0.hdf5	77_0	None	None	Undefined	0		[1.00000000e+00 1.42856030e+03 2.62401276e+02 8.34000230e-01]	[1.00000000e+00 1.42856030e+03 2.62401276e+02 8.34000230e-01]	[ 10.         813.39935303 158.36645889   0.86897343]				0.hdf5	77
840	/data/1_users/pezoldt/man_annotation/stripy/v1/NG050/NG050_P2_CC7/77_1.hdf5	77_1	None	None	normi_demicircle	0		[ 10.         813.39935303 158.36645889   0.86897343]	[1.00000000e+00 1.42856030e+03 2.62401276e+02 8.34000230e-01]	[ 10.         813.39935303 158.36645889   0.86897343]				1.hdf5	77
841	/data/1_users/pezoldt/man_annotation/stripy/v1/NG050/NG050_P2_CC7/78_0.hdf5	78_0	None	None	Undefined	0		[1.00000000e+00 1.42810815e+03 2.61762688e+02 8.40535998e-01]	[1.00000000e+00 1.42810815e+03 2.61762688e+02 8.40535998e-01]	[ 10.         848.89312744 266.3772583    0.87460256]				0.hdf5	78
842	/data/1_users/pezoldt/man_annotation/stripy/v1/NG050/NG050_P2_CC7/78_1.hdf5	78_1	None	None	normi_demicircle	0		[ 10.         848.89312744 266.3772583    0.87460256]	[1.00000000e+00 1.42810815e+03 2.61762688e+02 8.40535998e-01]	[ 10.         848.89312744 266.3772583    0.87460256]				1.hdf5	78
843	/data/1_users/pezoldt/man_annotation/stripy/v1/NG050/NG050_P2_CC7/79_0.hdf5	79_0	None	None	Undefined	0		[1.00000000e+00 1.42792188e+03 2.61181854e+02 8.26555192e-01]	[1.00000000e+00 1.42792188e+03 2.61181854e+02 8.26555192e-01]	[ 11.         872.66418457 161.50341797   0.87773037]				0.hdf5	79
844	/data/1_users/pezoldt/man_annotation/stripy/v1/NG050/NG050_P2_CC7/79_1.hdf5	79_1	None	None	Undefined	0		[ 11.         872.66418457 161.50341797   0.87773037]	[1.00000000e+00 1.42792188e+03 2.61181854e+02 8.26555192e-01]	[ 11.         872.66418457 161.50341797   0.87773037]				1.hdf5	79
744	/data/1_users/pezoldt/man_annotation/stripy/v1/NG050/NG050_P2_CC7/7_0.hdf5	7_0	None	None	stripy_center	0	[ 11.         673.43353271 130.9657135    0.87341368]	[ 11.         673.43353271 130.9657135    0.87341368]						0.hdf5	7
845	/data/1_users/pezoldt/man_annotation/stripy/v1/NG050/NG050_P2_CC7/80_0.hdf5	80_0	None	None	Undefined	0		[1.00000000e+00 1.42770850e+03 2.60268250e+02 8.42641413e-01]	[1.00000000e+00 1.42770850e+03 2.60268250e+02 8.42641413e-01]	[  8.         557.75268555 133.6043396    0.87099862]				0.hdf5	80
846	/data/1_users/pezoldt/man_annotation/stripy/v1/NG050/NG050_P2_CC7/80_1.hdf5	80_1	None	None	Undefined	0		[  8.         557.75268555 133.6043396    0.87099862]	[1.00000000e+00 1.42770850e+03 2.60268250e+02 8.42641413e-01]	[  8.         557.75268555 133.6043396    0.87099862]				1.hdf5	80
847	/data/1_users/pezoldt/man_annotation/stripy/v1/NG050/NG050_P2_CC7/81_0.hdf5	81_0	None	None	normi_circle	0	[  9.         487.99688721 154.46687317   0.87916958]	[  9.         487.99688721 154.46687317   0.87916958]						0.hdf5	81
848	/data/1_users/pezoldt/man_annotation/stripy/v1/NG050/NG050_P2_CC7/82_0.hdf5	82_0	None	None	normi_circle	0	[1.10000000e+01 9.60059326e+02 1.27996140e+02 8.58633041e-01]	[1.10000000e+01 9.60059326e+02 1.27996140e+02 8.58633041e-01]						0.hdf5	82
849	/data/1_users/pezoldt/man_annotation/stripy/v1/NG050/NG050_P2_CC7/83_0.hdf5	83_0	None	None	Undefined	0		[1.00000000e+00 1.42748242e+03 2.56695259e+02 8.10245693e-01]	[1.00000000e+00 1.42748242e+03 2.56695259e+02 8.10245693e-01]	[7.00000000e+00 8.80172974e+02 9.20258865e+01 8.67415607e-01]				0.hdf5	83
850	/data/1_users/pezoldt/man_annotation/stripy/v1/NG050/NG050_P2_CC7/83_1.hdf5	83_1	None	None	Undefined	0		[7.00000000e+00 8.80172974e+02 9.20258865e+01 8.67415607e-01]	[1.00000000e+00 1.42748242e+03 2.56695259e+02 8.10245693e-01]	[7.00000000e+00 8.80172974e+02 9.20258865e+01 8.67415607e-01]				1.hdf5	83
851	/data/1_users/pezoldt/man_annotation/stripy/v1/NG050/NG050_P2_CC7/84_0.hdf5	84_0	None	None	Undefined	0		[1.00000000e+00 1.42728857e+03 2.55794128e+02 8.27915251e-01]	[1.00000000e+00 1.42728857e+03 2.55794128e+02 8.27915251e-01]	[  7.         399.77636719 146.22158813   0.87425429]				0.hdf5	84
852	/data/1_users/pezoldt/man_annotation/stripy/v1/NG050/NG050_P2_CC7/84_1.hdf5	84_1	None	None	stripy_nucleus	0		[  7.         399.77636719 146.22158813   0.87425429]	[1.00000000e+00 1.42728857e+03 2.55794128e+02 8.27915251e-01]	[  7.         399.77636719 146.22158813   0.87425429]				1.hdf5	84
853	/data/1_users/pezoldt/man_annotation/stripy/v1/NG050/NG050_P2_CC7/85_0.hdf5	85_0	None	None	Undefined	0		[1.00000000e+00 1.42728516e+03 2.56254425e+02 8.18458140e-01]	[1.00000000e+00 1.42728516e+03 2.56254425e+02 8.18458140e-01]	[ 11.         846.57495117 129.86289978   0.88327652]				0.hdf5	85
854	/data/1_users/pezoldt/man_annotation/stripy/v1/NG050/NG050_P2_CC7/85_1.hdf5	85_1	None	None	normi_demicircle	0		[ 11.         846.57495117 129.86289978   0.88327652]	[1.00000000e+00 1.42728516e+03 2.56254425e+02 8.18458140e-01]	[ 11.         846.57495117 129.86289978   0.88327652]				1.hdf5	85
855	/data/1_users/pezoldt/man_annotation/stripy/v1/NG050/NG050_P2_CC7/86_0.hdf5	86_0	None	None	Undefined	0		[1.00000000e+00 1.42685645e+03 2.56283325e+02 8.18695188e-01]	[1.00000000e+00 1.42685645e+03 2.56283325e+02 8.18695188e-01]	[ 10.         745.71594238 160.39297485   0.87987173]				0.hdf5	86
856	/data/1_users/pezoldt/man_annotation/stripy/v1/NG050/NG050_P2_CC7/86_1.hdf5	86_1	None	None	normi_demicircle	0		[ 10.         745.71594238 160.39297485   0.87987173]	[1.00000000e+00 1.42685645e+03 2.56283325e+02 8.18695188e-01]	[ 10.         745.71594238 160.39297485   0.87987173]				1.hdf5	86
857	/data/1_users/pezoldt/man_annotation/stripy/v1/NG050/NG050_P2_CC7/87_0.hdf5	87_0	None	None	Undefined	0		[1.00000000e+00 1.42679028e+03 2.56551147e+02 8.37520540e-01]	[1.00000000e+00 1.42679028e+03 2.56551147e+02 8.37520540e-01]	[ 10.         544.61309814 216.93756104   0.8532089 ]				0.hdf5	87
858	/data/1_users/pezoldt/man_annotation/stripy/v1/NG050/NG050_P2_CC7/87_1.hdf5	87_1	None	None	normi_circle	0		[ 10.         544.61309814 216.93756104   0.8532089 ]	[1.00000000e+00 1.42679028e+03 2.56551147e+02 8.37520540e-01]	[ 10.         544.61309814 216.93756104   0.8532089 ]				1.hdf5	87
859	/data/1_users/pezoldt/man_annotation/stripy/v1/NG050/NG050_P2_CC7/88_0.hdf5	88_0	None	None	Undefined	0		[1.00000000e+00 1.42654578e+03 2.56719490e+02 8.26653302e-01]	[1.00000000e+00 1.42654578e+03 2.56719490e+02 8.26653302e-01]	[1.10000000e+01 9.02225586e+02 3.09987671e+02 8.78685832e-01]				0.hdf5	88
860	/data/1_users/pezoldt/man_annotation/stripy/v1/NG050/NG050_P2_CC7/88_1.hdf5	88_1	None	None	normi_circle	0		[1.10000000e+01 9.02225586e+02 3.09987671e+02 8.78685832e-01]	[1.00000000e+00 1.42654578e+03 2.56719490e+02 8.26653302e-01]	[1.10000000e+01 9.02225586e+02 3.09987671e+02 8.78685832e-01]				1.hdf5	88
861	/data/1_users/pezoldt/man_annotation/stripy/v1/NG050/NG050_P2_CC7/89_0.hdf5	89_0	None	None	Undefined	0	[1.10000000e+01 1.05009082e+03 2.02108154e+02 8.89302194e-01]	[1.10000000e+01 1.05009082e+03 2.02108154e+02 8.89302194e-01]						0.hdf5	89
745	/data/1_users/pezoldt/man_annotation/stripy/v1/NG050/NG050_P2_CC7/8_0.hdf5	8_0	None	None	normi_demicircle	0	[ 12.         668.07006836 156.04983902   0.86989665]	[ 12.         668.07006836 156.04983902   0.86989665]						0.hdf5	8
862	/data/1_users/pezoldt/man_annotation/stripy/v1/NG050/NG050_P2_CC7/90_0.hdf5	90_0	None	None	stripy_nucleus	0	[ 10.         563.99273682 315.94525146   0.87118417]	[ 10.         563.99273682 315.94525146   0.87118417]						0.hdf5	90
863	/data/1_users/pezoldt/man_annotation/stripy/v1/NG050/NG050_P2_CC7/91_0.hdf5	91_0	None	None	Undefined	0	[  7.         514.35266113 141.14703369   0.86344916]	[  7.         514.35266113 141.14703369   0.86344916]						0.hdf5	91
864	/data/1_users/pezoldt/man_annotation/stripy/v1/NG050/NG050_P2_CC7/92_0.hdf5	92_0	None	None	stripy_center	0	[ 11.         758.2354126  205.40753174   0.87904292]	[ 11.         758.2354126  205.40753174   0.87904292]						0.hdf5	92
865	/data/1_users/pezoldt/man_annotation/stripy/v1/NG050/NG050_P2_CC7/93_0.hdf5	93_0	None	None	Undefined	0	[1.00000000e+00 1.42584229e+03 2.53252197e+02 8.04171860e-01]	[1.00000000e+00 1.42584229e+03 2.53252197e+02 8.04171860e-01]						0.hdf5	93
866	/data/1_users/pezoldt/man_annotation/stripy/v1/NG050/NG050_P2_CC7/94_0.hdf5	94_0	None	None	normi_demicircle	0	[ 10.         780.17321777 115.49988556   0.8717224 ]	[ 10.         780.17321777 115.49988556   0.8717224 ]						0.hdf5	94
867	/data/1_users/pezoldt/man_annotation/stripy/v1/NG050/NG050_P2_CC7/95_0.hdf5	95_0	None	None	Undefined	0		[1.00000000e+00 1.42497729e+03 2.50708450e+02 8.25481653e-01]	[1.00000000e+00 1.42497729e+03 2.50708450e+02 8.25481653e-01]	[  5.         819.27453613 302.86083984   0.87708008]				0.hdf5	95
868	/data/1_users/pezoldt/man_annotation/stripy/v1/NG050/NG050_P2_CC7/95_1.hdf5	95_1	None	None	Undefined	0		[  5.         819.27453613 302.86083984   0.87708008]	[1.00000000e+00 1.42497729e+03 2.50708450e+02 8.25481653e-01]	[  5.         819.27453613 302.86083984   0.87708008]				1.hdf5	95
746	/data/1_users/pezoldt/man_annotation/stripy/v1/NG050/NG050_P2_CC7/9_0.hdf5	9_0	None	None	Undefined	0	[ 11.         536.71839905 206.23771667   0.88102126]	[ 11.         536.71839905 206.23771667   0.88102126]						0.hdf5	9
869	/data/1_users/pezoldt/man_annotation/stripy/v1/NG050/NG050_P3_CC12/0_0.hdf5	0_0	None	None	stripy_center	0	[1.00000000e+01 1.04467126e+03 2.64339508e+02 8.63856554e-01]	[1.00000000e+01 1.04467126e+03 2.64339508e+02 8.63856554e-01]						0.hdf5	0
879	/data/1_users/pezoldt/man_annotation/stripy/v1/NG050/NG050_P3_CC12/10_0.hdf5	10_0	None	None	normi_circle	0	[  8.         502.62670898 133.36482239   0.87001985]	[  8.         502.62670898 133.36482239   0.87001985]						0.hdf5	10
880	/data/1_users/pezoldt/man_annotation/stripy/v1/NG050/NG050_P3_CC12/11_0.hdf5	11_0	None	None	Undefined	0	[  7.         776.52722168 304.44683838   0.87779796]	[  7.         776.52722168 304.44683838   0.87779796]						0.hdf5	11
881	/data/1_users/pezoldt/man_annotation/stripy/v1/NG050/NG050_P3_CC12/12_0.hdf5	12_0	None	None	Undefined	0	[  9.         804.52099609 128.32814026   0.87850136]	[  9.         804.52099609 128.32814026   0.87850136]						0.hdf5	12
882	/data/1_users/pezoldt/man_annotation/stripy/v1/NG050/NG050_P3_CC12/13_0.hdf5	13_0	None	None	Undefined	0	[  9.         666.63598633 337.05856323   0.8818208 ]	[  9.         666.63598633 337.05856323   0.8818208 ]						0.hdf5	13
883	/data/1_users/pezoldt/man_annotation/stripy/v1/NG050/NG050_P3_CC12/14_0.hdf5	14_0	None	None	normi_circle	0	[  8.         569.00549316 113.76338196   0.87610334]	[  8.         569.00549316 113.76338196   0.87610334]						0.hdf5	14
884	/data/1_users/pezoldt/man_annotation/stripy/v1/NG050/NG050_P3_CC12/15_0.hdf5	15_0	None	None	stripy_nucleus	0	[  5.         858.72125244 105.80789185   0.87104607]	[  5.         858.72125244 105.80789185   0.87104607]						0.hdf5	15
885	/data/1_users/pezoldt/man_annotation/stripy/v1/NG050/NG050_P3_CC12/16_0.hdf5	16_0	None	None	stripy_nucleus	0	[ 10.         856.9520874  295.11380005   0.87163216]	[ 10.         856.9520874  295.11380005   0.87163216]						0.hdf5	16
886	/data/1_users/pezoldt/man_annotation/stripy/v1/NG050/NG050_P3_CC12/17_0.hdf5	17_0	None	None	normi_circle	0	[  6.         595.90246582 162.17883682   0.87501901]	[  6.         595.90246582 162.17883682   0.87501901]						0.hdf5	17
887	/data/1_users/pezoldt/man_annotation/stripy/v1/NG050/NG050_P3_CC12/18_0.hdf5	18_0	None	None	Undefined	0	[1.00000000e+01 1.02550806e+03 1.08485016e+02 8.73977542e-01]	[1.00000000e+01 1.02550806e+03 1.08485016e+02 8.73977542e-01]						0.hdf5	18
888	/data/1_users/pezoldt/man_annotation/stripy/v1/NG050/NG050_P3_CC12/19_0.hdf5	19_0	None	None	stripy_nucleus	0	[1.10000000e+01 1.06383228e+03 3.36024139e+02 8.81067097e-01]	[1.10000000e+01 1.06383228e+03 3.36024139e+02 8.81067097e-01]						0.hdf5	19
870	/data/1_users/pezoldt/man_annotation/stripy/v1/NG050/NG050_P3_CC12/1_0.hdf5	1_0	None	None	Undefined	0	[  9.         689.02496338 330.18972778   0.87441558]	[  9.         689.02496338 330.18972778   0.87441558]						0.hdf5	1
889	/data/1_users/pezoldt/man_annotation/stripy/v1/NG050/NG050_P3_CC12/20_0.hdf5	20_0	None	None	normi_circle	0	[  7.         225.13284302 180.08297729   0.8731181 ]	[  7.         225.13284302 180.08297729   0.8731181 ]						0.hdf5	20
890	/data/1_users/pezoldt/man_annotation/stripy/v1/NG050/NG050_P3_CC12/21_0.hdf5	21_0	None	None	Undefined	0	[  7.         380.94854736 105.11075592   0.86781698]	[  7.         380.94854736 105.11075592   0.86781698]						0.hdf5	21
891	/data/1_users/pezoldt/man_annotation/stripy/v1/NG050/NG050_P3_CC12/22_0.hdf5	22_0	None	None	Undefined	0	[ 10.         647.79351807 169.99084473   0.87622011]	[ 10.         647.79351807 169.99084473   0.87622011]						0.hdf5	22
892	/data/1_users/pezoldt/man_annotation/stripy/v1/NG050/NG050_P3_CC12/23_0.hdf5	23_0	None	None	Undefined	0	[  9.         454.12060547 109.61985779   0.87776601]	[  9.         454.12060547 109.61985779   0.87776601]						0.hdf5	23
893	/data/1_users/pezoldt/man_annotation/stripy/v1/NG050/NG050_P3_CC12/24_0.hdf5	24_0	None	None	normi_circle	0	[ 10.         831.44311523 305.66708374   0.87011272]	[ 10.         831.44311523 305.66708374   0.87011272]						0.hdf5	24
894	/data/1_users/pezoldt/man_annotation/stripy/v1/NG050/NG050_P3_CC12/25_0.hdf5	25_0	None	None	Undefined	0	[1.00000000e+01 1.15784692e+03 3.44723633e+02 8.66180718e-01]	[1.00000000e+01 1.15784692e+03 3.44723633e+02 8.66180718e-01]						0.hdf5	25
895	/data/1_users/pezoldt/man_annotation/stripy/v1/NG050/NG050_P3_CC12/26_0.hdf5	26_0	None	None	Undefined	0	[  7.         715.35510254  98.7016983    0.87127793]	[  7.         715.35510254  98.7016983    0.87127793]						0.hdf5	26
896	/data/1_users/pezoldt/man_annotation/stripy/v1/NG050/NG050_P3_CC12/27_0.hdf5	27_0	None	None	stripy_nucleus	0	[1.10000000e+01 1.07531238e+03 2.96671509e+02 8.76290858e-01]	[1.10000000e+01 1.07531238e+03 2.96671509e+02 8.76290858e-01]						0.hdf5	27
897	/data/1_users/pezoldt/man_annotation/stripy/v1/NG050/NG050_P3_CC12/28_0.hdf5	28_0	None	None	Undefined	0	[ 11.         828.41003418 234.33676147   0.87069559]	[ 11.         828.41003418 234.33676147   0.87069559]						0.hdf5	28
898	/data/1_users/pezoldt/man_annotation/stripy/v1/NG050/NG050_P3_CC12/29_0.hdf5	29_0	None	None	Undefined	0	[ 10.         653.69476318 141.25013733   0.87124795]	[ 10.         653.69476318 141.25013733   0.87124795]						0.hdf5	29
871	/data/1_users/pezoldt/man_annotation/stripy/v1/NG050/NG050_P3_CC12/2_0.hdf5	2_0	None	None	Undefined	0	[  7.         661.56896973 231.50292969   0.8713693 ]	[  7.         661.56896973 231.50292969   0.8713693 ]						0.hdf5	2
899	/data/1_users/pezoldt/man_annotation/stripy/v1/NG050/NG050_P3_CC12/30_0.hdf5	30_0	None	None	stripy_nucleus	0	[  5.         844.41223145 197.83987427   0.88126528]	[  5.         844.41223145 197.83987427   0.88126528]						0.hdf5	30
900	/data/1_users/pezoldt/man_annotation/stripy/v1/NG050/NG050_P3_CC12/31_0.hdf5	31_0	None	None	Undefined	0	[  6.         744.70788574 180.18519592   0.8860262 ]	[  6.         744.70788574 180.18519592   0.8860262 ]						0.hdf5	31
901	/data/1_users/pezoldt/man_annotation/stripy/v1/NG050/NG050_P3_CC12/32_0.hdf5	32_0	None	None	stripy_center	0	[1.10000000e+01 1.01764075e+03 2.76623116e+02 8.89733076e-01]	[1.10000000e+01 1.01764075e+03 2.76623116e+02 8.89733076e-01]						0.hdf5	32
902	/data/1_users/pezoldt/man_annotation/stripy/v1/NG050/NG050_P3_CC12/33_0.hdf5	33_0	None	None	Undefined	0	[ 10.         875.32037354 222.54049683   0.89299959]	[ 10.         875.32037354 222.54049683   0.89299959]						0.hdf5	33
903	/data/1_users/pezoldt/man_annotation/stripy/v1/NG050/NG050_P3_CC12/34_0.hdf5	34_0	None	None	Undefined	0	[  5.         770.57122803 287.24060822   0.87538993]	[  5.         770.57122803 287.24060822   0.87538993]						0.hdf5	34
904	/data/1_users/pezoldt/man_annotation/stripy/v1/NG050/NG050_P3_CC12/35_0.hdf5	35_0	None	None	normi_demicircle	0	[  5.         779.56481934 327.18475342   0.86699766]	[  5.         779.56481934 327.18475342   0.86699766]						0.hdf5	35
905	/data/1_users/pezoldt/man_annotation/stripy/v1/NG050/NG050_P3_CC12/36_0.hdf5	36_0	None	None	Undefined	0	[ 10.         684.23181152 298.88110352   0.8805511 ]	[ 10.         684.23181152 298.88110352   0.8805511 ]						0.hdf5	36
906	/data/1_users/pezoldt/man_annotation/stripy/v1/NG050/NG050_P3_CC12/37_0.hdf5	37_0	None	None	Undefined	0	[1.00000000e+01 8.71908875e+02 3.05627472e+02 8.71046305e-01]	[1.00000000e+01 8.71908875e+02 3.05627472e+02 8.71046305e-01]						0.hdf5	37
907	/data/1_users/pezoldt/man_annotation/stripy/v1/NG050/NG050_P3_CC12/38_0.hdf5	38_0	None	None	stripy_center	0	[1.00000000e+01 9.10627686e+02 1.36709244e+02 8.78843606e-01]	[1.00000000e+01 9.10627686e+02 1.36709244e+02 8.78843606e-01]						0.hdf5	38
908	/data/1_users/pezoldt/man_annotation/stripy/v1/NG050/NG050_P3_CC12/39_0.hdf5	39_0	None	None	Undefined	0	[1.00000000e+01 9.13953979e+02 1.81924484e+02 8.70323181e-01]	[1.00000000e+01 9.13953979e+02 1.81924484e+02 8.70323181e-01]						0.hdf5	39
872	/data/1_users/pezoldt/man_annotation/stripy/v1/NG050/NG050_P3_CC12/3_0.hdf5	3_0	None	None	stripy_center	0	[1.00000000e+01 9.95311890e+02 3.40716858e+02 8.74854982e-01]	[1.00000000e+01 9.95311890e+02 3.40716858e+02 8.74854982e-01]						0.hdf5	3
909	/data/1_users/pezoldt/man_annotation/stripy/v1/NG050/NG050_P3_CC12/40_0.hdf5	40_0	None	None	Undefined	0	[ 10.         848.09350586 120.79908752   0.86720055]	[ 10.         848.09350586 120.79908752   0.86720055]						0.hdf5	40
910	/data/1_users/pezoldt/man_annotation/stripy/v1/NG050/NG050_P3_CC12/41_0.hdf5	41_0	None	None	normi_circle	0	[1.00000000e+01 9.32747314e+02 2.86169586e+02 8.74013424e-01]	[1.00000000e+01 9.32747314e+02 2.86169586e+02 8.74013424e-01]						0.hdf5	41
911	/data/1_users/pezoldt/man_annotation/stripy/v1/NG050/NG050_P3_CC12/42_0.hdf5	42_0	None	None	Undefined	0	[  9.         805.77783203 126.33097076   0.85903639]	[  9.         805.77783203 126.33097076   0.85903639]						0.hdf5	42
912	/data/1_users/pezoldt/man_annotation/stripy/v1/NG050/NG050_P3_CC12/43_0.hdf5	43_0	None	None	normi_circle	0	[1.10000000e+01 8.85681885e+02 2.02242371e+02 8.70494664e-01]	[1.10000000e+01 8.85681885e+02 2.02242371e+02 8.70494664e-01]						0.hdf5	43
913	/data/1_users/pezoldt/man_annotation/stripy/v1/NG050/NG050_P3_CC12/45_0.hdf5	45_0	None	None	Undefined	0	[ 10.         564.46801758 170.743927     0.87753141]	[ 10.         564.46801758 170.743927     0.87753141]						0.hdf5	45
914	/data/1_users/pezoldt/man_annotation/stripy/v1/NG050/NG050_P3_CC12/46_0.hdf5	46_0	None	None	Undefined	0	[ 10.         775.50671387 287.20944214   0.87713826]	[ 10.         775.50671387 287.20944214   0.87713826]						0.hdf5	46
915	/data/1_users/pezoldt/man_annotation/stripy/v1/NG050/NG050_P3_CC12/47_0.hdf5	47_0	None	None	normi_circle	0	[9.00000000e+00 9.45754700e+02 3.24424530e+02 8.70822608e-01]	[9.00000000e+00 9.45754700e+02 3.24424530e+02 8.70822608e-01]						0.hdf5	47
916	/data/1_users/pezoldt/man_annotation/stripy/v1/NG050/NG050_P3_CC12/48_0.hdf5	48_0	None	None	Undefined	0	[1.00000000e+01 1.18036182e+03 3.22092529e+02 8.94029558e-01]	[1.00000000e+01 1.18036182e+03 3.22092529e+02 8.94029558e-01]						0.hdf5	48
917	/data/1_users/pezoldt/man_annotation/stripy/v1/NG050/NG050_P3_CC12/49_0.hdf5	49_0	None	None	Undefined	0		[ 10.         799.0357666  262.57439423   0.87276953]	[ 10.         799.0357666  262.57439423   0.87276953]	[ 10.         688.67407227 217.24069214   0.87004691]				0.hdf5	49
918	/data/1_users/pezoldt/man_annotation/stripy/v1/NG050/NG050_P3_CC12/49_1.hdf5	49_1	None	None	Undefined	0		[ 10.         688.67407227 217.24069214   0.87004691]	[ 10.         799.0357666  262.57439423   0.87276953]	[ 10.         688.67407227 217.24069214   0.87004691]				1.hdf5	49
873	/data/1_users/pezoldt/man_annotation/stripy/v1/NG050/NG050_P3_CC12/4_0.hdf5	4_0	None	None	Undefined	0	[ 10.         738.83312988 209.01126099   0.87788266]	[ 10.         738.83312988 209.01126099   0.87788266]						0.hdf5	4
919	/data/1_users/pezoldt/man_annotation/stripy/v1/NG050/NG050_P3_CC12/50_0.hdf5	50_0	None	None	Undefined	0	[1.10000000e+01 9.46938538e+02 2.14239426e+02 8.74379158e-01]	[1.10000000e+01 9.46938538e+02 2.14239426e+02 8.74379158e-01]						0.hdf5	50
920	/data/1_users/pezoldt/man_annotation/stripy/v1/NG050/NG050_P3_CC12/51_0.hdf5	51_0	None	None	Undefined	0	[1.00000000e+01 9.03031494e+02 2.84840729e+02 8.98496330e-01]	[1.00000000e+01 9.03031494e+02 2.84840729e+02 8.98496330e-01]						0.hdf5	51
921	/data/1_users/pezoldt/man_annotation/stripy/v1/NG050/NG050_P3_CC12/52_0.hdf5	52_0	None	None	Undefined	0	[1.00000000e+01 8.81055847e+02 3.15747742e+02 8.74162078e-01]	[1.00000000e+01 8.81055847e+02 3.15747742e+02 8.74162078e-01]						0.hdf5	52
922	/data/1_users/pezoldt/man_annotation/stripy/v1/NG050/NG050_P3_CC12/53_0.hdf5	53_0	None	None	Undefined	0	[ 10.         806.04638672 227.86123657   0.87581003]	[ 10.         806.04638672 227.86123657   0.87581003]						0.hdf5	53
923	/data/1_users/pezoldt/man_annotation/stripy/v1/NG050/NG050_P3_CC12/54_0.hdf5	54_0	None	None	stripy_center	0	[  8.         827.12298584 322.25497437   0.87278235]	[  8.         827.12298584 322.25497437   0.87278235]						0.hdf5	54
924	/data/1_users/pezoldt/man_annotation/stripy/v1/NG050/NG050_P3_CC12/55_0.hdf5	55_0	None	None	Undefined	0	[  3.         700.74749756 196.51635742   0.88365716]	[  3.         700.74749756 196.51635742   0.88365716]						0.hdf5	55
925	/data/1_users/pezoldt/man_annotation/stripy/v1/NG050/NG050_P3_CC12/56_0.hdf5	56_0	None	None	Undefined	0	[1.00000000e+01 1.02642346e+03 3.01214783e+02 8.79019797e-01]	[1.00000000e+01 1.02642346e+03 3.01214783e+02 8.79019797e-01]						0.hdf5	56
926	/data/1_users/pezoldt/man_annotation/stripy/v1/NG050/NG050_P3_CC12/57_0.hdf5	57_0	None	None	Undefined	0	[  9.         733.21325684 281.82177734   0.86705589]	[  9.         733.21325684 281.82177734   0.86705589]						0.hdf5	57
927	/data/1_users/pezoldt/man_annotation/stripy/v1/NG050/NG050_P3_CC12/58_0.hdf5	58_0	None	None	stripy_center	0	[1.00000000e+01 1.13314404e+03 1.76969910e+02 8.90267909e-01]	[1.00000000e+01 1.13314404e+03 1.76969910e+02 8.90267909e-01]						0.hdf5	58
928	/data/1_users/pezoldt/man_annotation/stripy/v1/NG050/NG050_P3_CC12/59_0.hdf5	59_0	None	None	stripy_center	0	[1.00000000e+01 9.23820190e+02 1.81411926e+02 8.72258425e-01]	[1.00000000e+01 9.23820190e+02 1.81411926e+02 8.72258425e-01]						0.hdf5	59
874	/data/1_users/pezoldt/man_annotation/stripy/v1/NG050/NG050_P3_CC12/5_0.hdf5	5_0	None	None	Undefined	0	[  9.         554.00512695 170.78138733   0.85656017]	[  9.         554.00512695 170.78138733   0.85656017]						0.hdf5	5
929	/data/1_users/pezoldt/man_annotation/stripy/v1/NG050/NG050_P3_CC12/60_0.hdf5	60_0	None	None	stripy_nucleus	0	[1.10000000e+01 1.02496362e+03 2.84884956e+02 8.75263989e-01]	[1.10000000e+01 1.02496362e+03 2.84884956e+02 8.75263989e-01]						0.hdf5	60
930	/data/1_users/pezoldt/man_annotation/stripy/v1/NG050/NG050_P3_CC12/61_0.hdf5	61_0	None	None	stripy_center	0	[1.00000000e+01 1.21072595e+03 3.09413025e+02 8.91337574e-01]	[1.00000000e+01 1.21072595e+03 3.09413025e+02 8.91337574e-01]						0.hdf5	61
931	/data/1_users/pezoldt/man_annotation/stripy/v1/NG050/NG050_P3_CC12/62_0.hdf5	62_0	None	None	normi_circle	0	[  7.         725.03051758 136.99276352   0.87129766]	[  7.         725.03051758 136.99276352   0.87129766]						0.hdf5	62
932	/data/1_users/pezoldt/man_annotation/stripy/v1/NG050/NG050_P3_CC12/63_0.hdf5	63_0	None	None	Undefined	0		[  7.         702.31115723 196.27008057   0.86024034]	[  7.         702.31115723 196.27008057   0.86024034]	[  7.         643.69506836 193.80357361   0.86222017]				0.hdf5	63
933	/data/1_users/pezoldt/man_annotation/stripy/v1/NG050/NG050_P3_CC12/63_1.hdf5	63_1	None	None	Undefined	0		[  7.         643.69506836 193.80357361   0.86222017]	[  7.         702.31115723 196.27008057   0.86024034]	[  7.         643.69506836 193.80357361   0.86222017]				1.hdf5	63
934	/data/1_users/pezoldt/man_annotation/stripy/v1/NG050/NG050_P3_CC12/64_0.hdf5	64_0	None	None	normi_demicircle	0	[  4.         867.66137695 277.87203979   0.86850768]	[  4.         867.66137695 277.87203979   0.86850768]						0.hdf5	64
935	/data/1_users/pezoldt/man_annotation/stripy/v1/NG050/NG050_P3_CC12/65_0.hdf5	65_0	None	None	normi_circle	0	[1.00000000e+01 9.52774780e+02 2.87896637e+02 8.72002363e-01]	[1.00000000e+01 9.52774780e+02 2.87896637e+02 8.72002363e-01]						0.hdf5	65
936	/data/1_users/pezoldt/man_annotation/stripy/v1/NG050/NG050_P3_CC12/66_0.hdf5	66_0	None	None	Undefined	0	[1.00000000e+01 1.01114783e+03 3.28116241e+02 8.73528898e-01]	[1.00000000e+01 1.01114783e+03 3.28116241e+02 8.73528898e-01]						0.hdf5	66
937	/data/1_users/pezoldt/man_annotation/stripy/v1/NG050/NG050_P3_CC12/67_0.hdf5	67_0	None	None	Undefined	0	[  9.         868.78967285 338.94458008   0.87712961]	[  9.         868.78967285 338.94458008   0.87712961]						0.hdf5	67
938	/data/1_users/pezoldt/man_annotation/stripy/v1/NG050/NG050_P3_CC12/68_0.hdf5	68_0	None	None	Undefined	0	[9.00000000e+00 9.35848511e+02 3.01480042e+02 8.74360561e-01]	[9.00000000e+00 9.35848511e+02 3.01480042e+02 8.74360561e-01]						0.hdf5	68
939	/data/1_users/pezoldt/man_annotation/stripy/v1/NG050/NG050_P3_CC12/69_0.hdf5	69_0	None	None	Undefined	0	[  9.         619.63433838 141.33976746   0.87295592]	[  9.         619.63433838 141.33976746   0.87295592]						0.hdf5	69
875	/data/1_users/pezoldt/man_annotation/stripy/v1/NG050/NG050_P3_CC12/6_0.hdf5	6_0	None	None	Undefined	0	[  7.         501.91674805 233.42753601   0.87948096]	[  7.         501.91674805 233.42753601   0.87948096]						0.hdf5	6
940	/data/1_users/pezoldt/man_annotation/stripy/v1/NG050/NG050_P3_CC12/70_0.hdf5	70_0	None	None	Undefined	0	[ 10.         803.9185791  299.89758301   0.86283129]	[ 10.         803.9185791  299.89758301   0.86283129]						0.hdf5	70
941	/data/1_users/pezoldt/man_annotation/stripy/v1/NG050/NG050_P3_CC12/71_0.hdf5	71_0	None	None	Undefined	0	[8.00000000e+00 1.00245374e+03 3.14473297e+02 8.75915706e-01]	[8.00000000e+00 1.00245374e+03 3.14473297e+02 8.75915706e-01]						0.hdf5	71
942	/data/1_users/pezoldt/man_annotation/stripy/v1/NG050/NG050_P3_CC12/72_0.hdf5	72_0	None	None	normi_circle	0	[  5.         468.79833984 257.66216278   0.87330502]	[  5.         468.79833984 257.66216278   0.87330502]						0.hdf5	72
943	/data/1_users/pezoldt/man_annotation/stripy/v1/NG050/NG050_P3_CC12/73_0.hdf5	73_0	None	None	stripy_center	0	[  6.         525.0871582  273.03393555   0.87727106]	[  6.         525.0871582  273.03393555   0.87727106]						0.hdf5	73
944	/data/1_users/pezoldt/man_annotation/stripy/v1/NG050/NG050_P3_CC12/74_0.hdf5	74_0	None	None	stripy_center	0	[  6.         693.20056152 307.67288208   0.87598777]	[  6.         693.20056152 307.67288208   0.87598777]						0.hdf5	74
945	/data/1_users/pezoldt/man_annotation/stripy/v1/NG050/NG050_P3_CC12/75_0.hdf5	75_0	None	None	normi_circle	0	[9.00000000e+00 9.18928101e+02 3.27082092e+02 8.66709650e-01]	[9.00000000e+00 9.18928101e+02 3.27082092e+02 8.66709650e-01]						0.hdf5	75
946	/data/1_users/pezoldt/man_annotation/stripy/v1/NG050/NG050_P3_CC12/76_0.hdf5	76_0	None	None	Undefined	0	[ 10.         776.9017334  257.26925659   0.87917131]	[ 10.         776.9017334  257.26925659   0.87917131]						0.hdf5	76
947	/data/1_users/pezoldt/man_annotation/stripy/v1/NG050/NG050_P3_CC12/77_0.hdf5	77_0	None	None	Undefined	0	[1.00000000e+01 1.19563281e+03 3.31734863e+02 8.76271248e-01]	[1.00000000e+01 1.19563281e+03 3.31734863e+02 8.76271248e-01]						0.hdf5	77
948	/data/1_users/pezoldt/man_annotation/stripy/v1/NG050/NG050_P3_CC12/78_0.hdf5	78_0	None	None	Undefined	0	[  9.         765.11090088 187.66539001   0.87238753]	[  9.         765.11090088 187.66539001   0.87238753]						0.hdf5	78
949	/data/1_users/pezoldt/man_annotation/stripy/v1/NG050/NG050_P3_CC12/79_0.hdf5	79_0	None	None	Undefined	0	[1.00000000e+01 9.29785889e+02 2.77850403e+02 8.65399957e-01]	[1.00000000e+01 9.29785889e+02 2.77850403e+02 8.65399957e-01]						0.hdf5	79
876	/data/1_users/pezoldt/man_annotation/stripy/v1/NG050/NG050_P3_CC12/7_0.hdf5	7_0	None	None	normi_circle	0	[1.00000000e+01 1.00179602e+03 1.48158188e+02 8.83750379e-01]	[1.00000000e+01 1.00179602e+03 1.48158188e+02 8.83750379e-01]						0.hdf5	7
950	/data/1_users/pezoldt/man_annotation/stripy/v1/NG050/NG050_P3_CC12/80_0.hdf5	80_0	None	None	Undefined	0	[  8.         399.08331299 139.17997742   0.87345451]	[  8.         399.08331299 139.17997742   0.87345451]						0.hdf5	80
951	/data/1_users/pezoldt/man_annotation/stripy/v1/NG050/NG050_P3_CC12/81_0.hdf5	81_0	None	None	stripy_nucleus	0	[1.00000000e+01 9.58851379e+02 2.32822083e+02 8.72748137e-01]	[1.00000000e+01 9.58851379e+02 2.32822083e+02 8.72748137e-01]						0.hdf5	81
952	/data/1_users/pezoldt/man_annotation/stripy/v1/NG050/NG050_P3_CC12/82_0.hdf5	82_0	None	None	Undefined	0	[  8.         755.05194092 329.86645508   0.86593962]	[  8.         755.05194092 329.86645508   0.86593962]						0.hdf5	82
953	/data/1_users/pezoldt/man_annotation/stripy/v1/NG050/NG050_P3_CC12/83_0.hdf5	83_0	None	None	Undefined	0	[  9.         490.33776855 282.20623016   0.8759523 ]	[  9.         490.33776855 282.20623016   0.8759523 ]						0.hdf5	83
954	/data/1_users/pezoldt/man_annotation/stripy/v1/NG050/NG050_P3_CC12/84_0.hdf5	84_0	None	None	Undefined	0	[9.00000000e+00 9.14864136e+02 3.05690338e+02 8.68296206e-01]	[9.00000000e+00 9.14864136e+02 3.05690338e+02 8.68296206e-01]						0.hdf5	84
955	/data/1_users/pezoldt/man_annotation/stripy/v1/NG050/NG050_P3_CC12/85_0.hdf5	85_0	None	None	Undefined	0	[  6.         503.41802979 132.05142212   0.89158493]	[  6.         503.41802979 132.05142212   0.89158493]						0.hdf5	85
956	/data/1_users/pezoldt/man_annotation/stripy/v1/NG050/NG050_P3_CC12/86_0.hdf5	86_0	None	None	stripy_center	0	[  9.         838.73071289 119.50306702   0.87568247]	[  9.         838.73071289 119.50306702   0.87568247]						0.hdf5	86
957	/data/1_users/pezoldt/man_annotation/stripy/v1/NG050/NG050_P3_CC12/87_0.hdf5	87_0	None	None	normi_circle	0	[9.00000000e+00 9.90934448e+02 3.38751434e+02 8.67255807e-01]	[9.00000000e+00 9.90934448e+02 3.38751434e+02 8.67255807e-01]						0.hdf5	87
958	/data/1_users/pezoldt/man_annotation/stripy/v1/NG050/NG050_P3_CC12/88_0.hdf5	88_0	None	None	Undefined	0	[  9.         785.53662109 295.58337402   0.86263537]	[  9.         785.53662109 295.58337402   0.86263537]						0.hdf5	88
959	/data/1_users/pezoldt/man_annotation/stripy/v1/NG050/NG050_P3_CC12/89_0.hdf5	89_0	None	None	normi_circle	0	[9.00000000e+00 9.89193848e+02 2.97858154e+02 8.70645344e-01]	[9.00000000e+00 9.89193848e+02 2.97858154e+02 8.70645344e-01]						0.hdf5	89
877	/data/1_users/pezoldt/man_annotation/stripy/v1/NG050/NG050_P3_CC12/8_0.hdf5	8_0	None	None	stripy_nucleus	0	[ 10.         693.7565918  130.78344727   0.8799352 ]	[ 10.         693.7565918  130.78344727   0.8799352 ]						0.hdf5	8
960	/data/1_users/pezoldt/man_annotation/stripy/v1/NG050/NG050_P3_CC12/90_0.hdf5	90_0	None	None	stripy_nucleus	0	[1.00000000e+01 1.06615430e+03 2.75273193e+02 8.79607379e-01]	[1.00000000e+01 1.06615430e+03 2.75273193e+02 8.79607379e-01]						0.hdf5	90
961	/data/1_users/pezoldt/man_annotation/stripy/v1/NG050/NG050_P3_CC12/91_0.hdf5	91_0	None	None	Undefined	0	[1.00000000e+01 9.90871094e+02 1.59190281e+02 8.61249030e-01]	[1.00000000e+01 9.90871094e+02 1.59190281e+02 8.61249030e-01]						0.hdf5	91
962	/data/1_users/pezoldt/man_annotation/stripy/v1/NG050/NG050_P3_CC12/92_0.hdf5	92_0	None	None	Undefined	0	[  4.         783.77270508 312.12213135   0.8636921 ]	[  4.         783.77270508 312.12213135   0.8636921 ]						0.hdf5	92
963	/data/1_users/pezoldt/man_annotation/stripy/v1/NG050/NG050_P3_CC12/93_0.hdf5	93_0	None	None	Undefined	0	[1.00000000e+01 1.01040540e+03 3.09611664e+02 8.71138215e-01]	[1.00000000e+01 1.01040540e+03 3.09611664e+02 8.71138215e-01]						0.hdf5	93
964	/data/1_users/pezoldt/man_annotation/stripy/v1/NG050/NG050_P3_CC12/94_0.hdf5	94_0	None	None	Undefined	0	[1.00000000e+01 8.91872925e+02 2.91010254e+02 8.50863755e-01]	[1.00000000e+01 8.91872925e+02 2.91010254e+02 8.50863755e-01]						0.hdf5	94
965	/data/1_users/pezoldt/man_annotation/stripy/v1/NG050/NG050_P3_CC12/95_0.hdf5	95_0	None	None	stripy_nucleus	0	[5.00000000e+00 9.25337708e+02 1.36218521e+02 8.90652955e-01]	[5.00000000e+00 9.25337708e+02 1.36218521e+02 8.90652955e-01]						0.hdf5	95
878	/data/1_users/pezoldt/man_annotation/stripy/v1/NG050/NG050_P3_CC12/9_0.hdf5	9_0	None	None	Undefined	0	[1.20000000e+01 1.11853906e+03 3.01318695e+02 8.73061419e-01]	[1.20000000e+01 1.11853906e+03 3.01318695e+02 8.73061419e-01]						0.hdf5	9
966	/data/1_users/pezoldt/man_annotation/stripy/v1/NG050/NG050_P3_CC5/0_0.hdf5	0_0	None	None	Undefined	0	[  4.         758.63671875 317.14111328   0.87099051]	[  4.         758.63671875 317.14111328   0.87099051]						0.hdf5	0
976	/data/1_users/pezoldt/man_annotation/stripy/v1/NG050/NG050_P3_CC5/10_0.hdf5	10_0	None	None	Undefined	0	[  5.         704.63818359 276.78994751   0.8729431 ]	[  5.         704.63818359 276.78994751   0.8729431 ]						0.hdf5	10
977	/data/1_users/pezoldt/man_annotation/stripy/v1/NG050/NG050_P3_CC5/11_0.hdf5	11_0	None	None	Undefined	0	[  5.         677.61486816 145.67095566   0.87196106]	[  5.         677.61486816 145.67095566   0.87196106]						0.hdf5	11
978	/data/1_users/pezoldt/man_annotation/stripy/v1/NG050/NG050_P3_CC5/12_0.hdf5	12_0	None	None	normi_circle	0	[  5.         595.84631348 238.08209229   0.87187415]	[  5.         595.84631348 238.08209229   0.87187415]						0.hdf5	12
979	/data/1_users/pezoldt/man_annotation/stripy/v1/NG050/NG050_P3_CC5/13_0.hdf5	13_0	None	None	Undefined	0	[  5.         570.41784668  83.60162544   0.87911892]	[  5.         570.41784668  83.60162544   0.87911892]						0.hdf5	13
980	/data/1_users/pezoldt/man_annotation/stripy/v1/NG050/NG050_P3_CC5/14_0.hdf5	14_0	None	None	normi_circle	0	[  5.         529.52130127 140.94881821   0.87205648]	[  5.         529.52130127 140.94881821   0.87205648]						0.hdf5	14
981	/data/1_users/pezoldt/man_annotation/stripy/v1/NG050/NG050_P3_CC5/15_0.hdf5	15_0	None	None	Undefined	0		[  4.         417.88439941 179.12486267   0.83571965]	[  4.         417.88439941 179.12486267   0.83571965]	[  7.          69.0009613  199.86132812   0.84471416]				0.hdf5	15
982	/data/1_users/pezoldt/man_annotation/stripy/v1/NG050/NG050_P3_CC5/15_1.hdf5	15_1	None	None	Undefined	0		[  7.          69.0009613  199.86132812   0.84471416]	[  4.         417.88439941 179.12486267   0.83571965]	[  7.          69.0009613  199.86132812   0.84471416]				1.hdf5	15
983	/data/1_users/pezoldt/man_annotation/stripy/v1/NG050/NG050_P3_CC5/16_0.hdf5	16_0	None	None	Undefined	0	[  6.         630.96179199 250.7013092    0.8727504 ]	[  6.         630.96179199 250.7013092    0.8727504 ]						0.hdf5	16
984	/data/1_users/pezoldt/man_annotation/stripy/v1/NG050/NG050_P3_CC5/17_0.hdf5	17_0	None	None	Undefined	0	[  4.         421.6973877  207.53652954   0.88170904]	[  4.         421.6973877  207.53652954   0.88170904]						0.hdf5	17
985	/data/1_users/pezoldt/man_annotation/stripy/v1/NG050/NG050_P3_CC5/18_0.hdf5	18_0	None	None	Undefined	0	[5.00000000e+00 1.01283606e+03 3.07423218e+02 8.88362110e-01]	[5.00000000e+00 1.01283606e+03 3.07423218e+02 8.88362110e-01]						0.hdf5	18
986	/data/1_users/pezoldt/man_annotation/stripy/v1/NG050/NG050_P3_CC5/19_0.hdf5	19_0	None	None	Undefined	0	[  5.         531.98187256 179.1697998    0.88874614]	[  5.         531.98187256 179.1697998    0.88874614]						0.hdf5	19
967	/data/1_users/pezoldt/man_annotation/stripy/v1/NG050/NG050_P3_CC5/1_0.hdf5	1_0	None	None	Undefined	0	[  0.         869.51556396 276.01502228   0.88190794]	[  0.         869.51556396 276.01502228   0.88190794]						0.hdf5	1
987	/data/1_users/pezoldt/man_annotation/stripy/v1/NG050/NG050_P3_CC5/20_0.hdf5	20_0	None	None	stripy_center	0	[  6.         630.92028809 195.30136108   0.86936653]	[  6.         630.92028809 195.30136108   0.86936653]						0.hdf5	20
988	/data/1_users/pezoldt/man_annotation/stripy/v1/NG050/NG050_P3_CC5/21_0.hdf5	21_0	None	None	stripy_center	0	[  5.         841.61816406 305.15386963   0.8734445 ]	[  5.         841.61816406 305.15386963   0.8734445 ]						0.hdf5	21
989	/data/1_users/pezoldt/man_annotation/stripy/v1/NG050/NG050_P3_CC5/22_0.hdf5	22_0	None	None	Undefined	0		[  0.         202.02001953 224.26475525   0.84470743]	[  0.         202.02001953 224.26475525   0.84470743]	[  2.          76.2217865  125.02841187   0.81120604]				0.hdf5	22
990	/data/1_users/pezoldt/man_annotation/stripy/v1/NG050/NG050_P3_CC5/22_1.hdf5	22_1	None	None	Undefined	0		[  2.          76.2217865  125.02841187   0.81120604]	[  0.         202.02001953 224.26475525   0.84470743]	[  2.          76.2217865  125.02841187   0.81120604]				1.hdf5	22
991	/data/1_users/pezoldt/man_annotation/stripy/v1/NG050/NG050_P3_CC5/23_0.hdf5	23_0	None	None	stripy_center	0	[  6.         739.38623047 277.03095245   0.86598933]	[  6.         739.38623047 277.03095245   0.86598933]						0.hdf5	23
992	/data/1_users/pezoldt/man_annotation/stripy/v1/NG050/NG050_P3_CC5/24_0.hdf5	24_0	None	None	Undefined	0	[  1.         463.39929199  95.22681427   0.88836259]	[  1.         463.39929199  95.22681427   0.88836259]						0.hdf5	24
993	/data/1_users/pezoldt/man_annotation/stripy/v1/NG050/NG050_P3_CC5/25_0.hdf5	25_0	None	None	normi_circle	0	[  6.         662.75720215 151.23209      0.87405634]	[  6.         662.75720215 151.23209      0.87405634]						0.hdf5	25
994	/data/1_users/pezoldt/man_annotation/stripy/v1/NG050/NG050_P3_CC5/27_0.hdf5	27_0	None	None	Undefined	0	[  3.         221.63378906 105.67777252   0.86855668]	[  3.         221.63378906 105.67777252   0.86855668]						0.hdf5	27
995	/data/1_users/pezoldt/man_annotation/stripy/v1/NG050/NG050_P3_CC5/28_0.hdf5	28_0	None	None	stripy_center	0	[  6.         580.70300293 130.23617554   0.87254524]	[  6.         580.70300293 130.23617554   0.87254524]						0.hdf5	28
996	/data/1_users/pezoldt/man_annotation/stripy/v1/NG050/NG050_P3_CC5/29_0.hdf5	29_0	None	None	stripy_nucleus	0	[5.00000000e+00 1.00046259e+03 2.90944611e+02 8.69691789e-01]	[5.00000000e+00 1.00046259e+03 2.90944611e+02 8.69691789e-01]						0.hdf5	29
968	/data/1_users/pezoldt/man_annotation/stripy/v1/NG050/NG050_P3_CC5/2_0.hdf5	2_0	None	None	normi_circle	0	[  2.         382.52026367 271.32848358   0.86967206]	[  2.         382.52026367 271.32848358   0.86967206]						0.hdf5	2
997	/data/1_users/pezoldt/man_annotation/stripy/v1/NG050/NG050_P3_CC5/30_0.hdf5	30_0	None	None	Undefined	0	[  5.         783.08251953 311.17953491   0.87209368]	[  5.         783.08251953 311.17953491   0.87209368]						0.hdf5	30
998	/data/1_users/pezoldt/man_annotation/stripy/v1/NG050/NG050_P3_CC5/31_0.hdf5	31_0	None	None	Undefined	0	[  0.         291.62188721 128.64770889   0.87570649]	[  0.         291.62188721 128.64770889   0.87570649]						0.hdf5	31
999	/data/1_users/pezoldt/man_annotation/stripy/v1/NG050/NG050_P3_CC5/32_0.hdf5	32_0	None	None	Undefined	0	[  1.         516.75437927 207.38500977   0.88325536]	[  1.         516.75437927 207.38500977   0.88325536]						0.hdf5	32
1000	/data/1_users/pezoldt/man_annotation/stripy/v1/NG050/NG050_P3_CC5/33_0.hdf5	33_0	None	None	Undefined	0	[  4.         548.31439209 285.76824951   0.87398022]	[  4.         548.31439209 285.76824951   0.87398022]						0.hdf5	33
1001	/data/1_users/pezoldt/man_annotation/stripy/v1/NG050/NG050_P3_CC5/34_0.hdf5	34_0	None	None	stripy_nucleus	0	[  3.         514.65570068 271.26028442   0.87436765]	[  3.         514.65570068 271.26028442   0.87436765]						0.hdf5	34
1002	/data/1_users/pezoldt/man_annotation/stripy/v1/NG050/NG050_P3_CC5/35_0.hdf5	35_0	None	None	Undefined	0	[  5.         557.79846191 249.96253967   0.8649742 ]	[  5.         557.79846191 249.96253967   0.8649742 ]						0.hdf5	35
1003	/data/1_users/pezoldt/man_annotation/stripy/v1/NG050/NG050_P3_CC5/36_0.hdf5	36_0	None	None	normi_circle	0	[  3.         683.17431641 311.35827637   0.85917723]	[  3.         683.17431641 311.35827637   0.85917723]						0.hdf5	36
1004	/data/1_users/pezoldt/man_annotation/stripy/v1/NG050/NG050_P3_CC5/37_0.hdf5	37_0	None	None	Undefined	0	[  6.         803.67504883 286.77542114   0.87266743]	[  6.         803.67504883 286.77542114   0.87266743]						0.hdf5	37
1005	/data/1_users/pezoldt/man_annotation/stripy/v1/NG050/NG050_P3_CC5/38_0.hdf5	38_0	None	None	Undefined	0	[1.00000000e+00 9.50086426e+02 2.82820007e+02 8.87915909e-01]	[1.00000000e+00 9.50086426e+02 2.82820007e+02 8.87915909e-01]						0.hdf5	38
1006	/data/1_users/pezoldt/man_annotation/stripy/v1/NG050/NG050_P3_CC5/39_0.hdf5	39_0	None	None	Undefined	0	[  4.         599.22320557 224.65228271   0.86726135]	[  4.         599.22320557 224.65228271   0.86726135]						0.hdf5	39
969	/data/1_users/pezoldt/man_annotation/stripy/v1/NG050/NG050_P3_CC5/3_0.hdf5	3_0	None	None	Undefined	0	[  0.         685.97515869  96.14332581   0.87577409]	[  0.         685.97515869  96.14332581   0.87577409]						0.hdf5	3
1007	/data/1_users/pezoldt/man_annotation/stripy/v1/NG050/NG050_P3_CC5/40_0.hdf5	40_0	None	None	Undefined	0	[  2.         402.87109375 258.53557587   0.87807411]	[  2.         402.87109375 258.53557587   0.87807411]						0.hdf5	40
1008	/data/1_users/pezoldt/man_annotation/stripy/v1/NG050/NG050_P3_CC5/41_0.hdf5	41_0	None	None	normi_circle	0	[  4.         798.82873535 285.54950714   0.88517743]	[  4.         798.82873535 285.54950714   0.88517743]						0.hdf5	41
1009	/data/1_users/pezoldt/man_annotation/stripy/v1/NG050/NG050_P3_CC5/42_0.hdf5	42_0	None	None	Undefined	0	[  4.         514.79992676 235.07646179   0.88306433]	[  4.         514.79992676 235.07646179   0.88306433]						0.hdf5	42
1010	/data/1_users/pezoldt/man_annotation/stripy/v1/NG050/NG050_P3_CC5/43_0.hdf5	43_0	None	None	Undefined	0	[  5.         824.78875732 251.21946716   0.88627249]	[  5.         824.78875732 251.21946716   0.88627249]						0.hdf5	43
1011	/data/1_users/pezoldt/man_annotation/stripy/v1/NG050/NG050_P3_CC5/44_0.hdf5	44_0	None	None	Undefined	0	[  1.         471.09539795 282.01080322   0.87009495]	[  1.         471.09539795 282.01080322   0.87009495]						0.hdf5	44
1012	/data/1_users/pezoldt/man_annotation/stripy/v1/NG050/NG050_P3_CC5/45_0.hdf5	45_0	None	None	Undefined	0	[  2.         376.02679443 165.88870239   0.88740683]	[  2.         376.02679443 165.88870239   0.88740683]						0.hdf5	45
1013	/data/1_users/pezoldt/man_annotation/stripy/v1/NG050/NG050_P3_CC5/46_0.hdf5	46_0	None	None	stripy_center	0	[  3.         688.39428711 297.43830109   0.86854261]	[  3.         688.39428711 297.43830109   0.86854261]						0.hdf5	46
1014	/data/1_users/pezoldt/man_annotation/stripy/v1/NG050/NG050_P3_CC5/47_0.hdf5	47_0	None	None	stripy_center	0	[  4.         531.40124512 118.88764954   0.87196177]	[  4.         531.40124512 118.88764954   0.87196177]						0.hdf5	47
1015	/data/1_users/pezoldt/man_annotation/stripy/v1/NG050/NG050_P3_CC5/48_0.hdf5	48_0	None	None	normi_demicircle	0	[  5.         800.56524658 296.50393677   0.86749929]	[  5.         800.56524658 296.50393677   0.86749929]						0.hdf5	48
1016	/data/1_users/pezoldt/man_annotation/stripy/v1/NG050/NG050_P3_CC5/49_0.hdf5	49_0	None	None	Undefined	0	[  0.         551.08892822 243.02938843   0.88159156]	[  0.         551.08892822 243.02938843   0.88159156]						0.hdf5	49
970	/data/1_users/pezoldt/man_annotation/stripy/v1/NG050/NG050_P3_CC5/4_0.hdf5	4_0	None	None	Undefined	0	[  3.         319.51113892 250.57574463   0.87366635]	[  3.         319.51113892 250.57574463   0.87366635]						0.hdf5	4
1017	/data/1_users/pezoldt/man_annotation/stripy/v1/NG050/NG050_P3_CC5/50_0.hdf5	50_0	None	None	Undefined	0	[  3.         337.22637939 242.9822998    0.85829902]	[  3.         337.22637939 242.9822998    0.85829902]						0.hdf5	50
1018	/data/1_users/pezoldt/man_annotation/stripy/v1/NG050/NG050_P3_CC5/51_0.hdf5	51_0	None	None	Undefined	0	[  4.         726.57910156 271.79879761   0.88019401]	[  4.         726.57910156 271.79879761   0.88019401]						0.hdf5	51
1019	/data/1_users/pezoldt/man_annotation/stripy/v1/NG050/NG050_P3_CC5/52_0.hdf5	52_0	None	None	Undefined	0	[  5.         672.53912354 248.64529419   0.85421705]	[  5.         672.53912354 248.64529419   0.85421705]						0.hdf5	52
1020	/data/1_users/pezoldt/man_annotation/stripy/v1/NG050/NG050_P3_CC5/53_0.hdf5	53_0	None	None	stripy_center	0	[  4.         490.26898193 178.99029541   0.87630278]	[  4.         490.26898193 178.99029541   0.87630278]						0.hdf5	53
1021	/data/1_users/pezoldt/man_annotation/stripy/v1/NG050/NG050_P3_CC5/54_0.hdf5	54_0	None	None	Undefined	0	[  1.          44.84283066 162.26852417   0.85674047]	[  1.          44.84283066 162.26852417   0.85674047]						0.hdf5	54
1022	/data/1_users/pezoldt/man_annotation/stripy/v1/NG050/NG050_P3_CC5/55_0.hdf5	55_0	None	None	stripy_center	0	[  5.         808.10473633 237.91894531   0.88019246]	[  5.         808.10473633 237.91894531   0.88019246]						0.hdf5	55
1023	/data/1_users/pezoldt/man_annotation/stripy/v1/NG050/NG050_P3_CC5/56_0.hdf5	56_0	None	None	Undefined	0	[  0.         136.44827271 248.98361206   0.88917458]	[  0.         136.44827271 248.98361206   0.88917458]						0.hdf5	56
1024	/data/1_users/pezoldt/man_annotation/stripy/v1/NG050/NG050_P3_CC5/57_0.hdf5	57_0	None	None	Undefined	0	[  3.         587.11273193 257.93328857   0.88065273]	[  3.         587.11273193 257.93328857   0.88065273]						0.hdf5	57
1025	/data/1_users/pezoldt/man_annotation/stripy/v1/NG050/NG050_P3_CC5/58_0.hdf5	58_0	None	None	stripy_center	0	[  3.         376.33865356 251.78556824   0.87397557]	[  3.         376.33865356 251.78556824   0.87397557]						0.hdf5	58
1026	/data/1_users/pezoldt/man_annotation/stripy/v1/NG050/NG050_P3_CC5/59_0.hdf5	59_0	None	None	Undefined	0	[  3.         634.1182251  234.18167114   0.87878472]	[  3.         634.1182251  234.18167114   0.87878472]						0.hdf5	59
971	/data/1_users/pezoldt/man_annotation/stripy/v1/NG050/NG050_P3_CC5/5_0.hdf5	5_0	None	None	Undefined	0	[  6.         767.89544678 283.95401001   0.87305015]	[  6.         767.89544678 283.95401001   0.87305015]						0.hdf5	5
1027	/data/1_users/pezoldt/man_annotation/stripy/v1/NG050/NG050_P3_CC5/60_0.hdf5	60_0	None	None	normi_demicircle	0	[  4.         404.57092285 219.02590942   0.87179631]	[  4.         404.57092285 219.02590942   0.87179631]						0.hdf5	60
1028	/data/1_users/pezoldt/man_annotation/stripy/v1/NG050/NG050_P3_CC5/61_0.hdf5	61_0	None	None	Undefined	0	[  1.         399.93969727  87.09532166   0.84824169]	[  1.         399.93969727  87.09532166   0.84824169]						0.hdf5	61
1029	/data/1_users/pezoldt/man_annotation/stripy/v1/NG050/NG050_P3_CC5/62_0.hdf5	62_0	None	None	stripy_nucleus	0	[  2.         304.60076904 231.62393188   0.86075914]	[  2.         304.60076904 231.62393188   0.86075914]						0.hdf5	62
1030	/data/1_users/pezoldt/man_annotation/stripy/v1/NG050/NG050_P3_CC5/63_0.hdf5	63_0	None	None	stripy_center	0	[  3.         305.7322998  242.25834656   0.87052476]	[  3.         305.7322998  242.25834656   0.87052476]						0.hdf5	63
1031	/data/1_users/pezoldt/man_annotation/stripy/v1/NG050/NG050_P3_CC5/64_0.hdf5	64_0	None	None	Undefined	0	[  1.         458.94216919 137.16798401   0.89058   ]	[  1.         458.94216919 137.16798401   0.89058   ]						0.hdf5	64
1032	/data/1_users/pezoldt/man_annotation/stripy/v1/NG050/NG050_P3_CC5/65_0.hdf5	65_0	None	None	Undefined	0	[  4.         564.84301758 288.09528351   0.87630773]	[  4.         564.84301758 288.09528351   0.87630773]						0.hdf5	65
1033	/data/1_users/pezoldt/man_annotation/stripy/v1/NG050/NG050_P3_CC5/66_0.hdf5	66_0	None	None	normi_circle	0	[  3.         463.17111206 158.56736755   0.86925411]	[  3.         463.17111206 158.56736755   0.86925411]						0.hdf5	66
1034	/data/1_users/pezoldt/man_annotation/stripy/v1/NG050/NG050_P3_CC5/67_0.hdf5	67_0	None	None	Undefined	0	[  2.         261.44342041 222.20230103   0.87469012]	[  2.         261.44342041 222.20230103   0.87469012]						0.hdf5	67
1035	/data/1_users/pezoldt/man_annotation/stripy/v1/NG050/NG050_P3_CC5/69_0.hdf5	69_0	None	None	Undefined	0	[  4.         524.74468994 163.76945496   0.86342037]	[  4.         524.74468994 163.76945496   0.86342037]						0.hdf5	69
972	/data/1_users/pezoldt/man_annotation/stripy/v1/NG050/NG050_P3_CC5/6_0.hdf5	6_0	None	None	normi_circle	0	[  5.         787.69488525 311.22494507   0.85630816]	[  5.         787.69488525 311.22494507   0.85630816]						0.hdf5	6
1036	/data/1_users/pezoldt/man_annotation/stripy/v1/NG050/NG050_P3_CC5/72_0.hdf5	72_0	None	None	Undefined	0	[4.00000000e+00 9.40409546e+02 2.31811462e+02 8.90436649e-01]	[4.00000000e+00 9.40409546e+02 2.31811462e+02 8.90436649e-01]						0.hdf5	72
1037	/data/1_users/pezoldt/man_annotation/stripy/v1/NG050/NG050_P3_CC5/73_0.hdf5	73_0	None	None	stripy_nucleus	0	[  1.         854.62695312 260.93466187   0.85836685]	[  1.         854.62695312 260.93466187   0.85836685]						0.hdf5	73
1038	/data/1_users/pezoldt/man_annotation/stripy/v1/NG050/NG050_P3_CC5/74_0.hdf5	74_0	None	None	Undefined	0		[  5.         756.92541504 228.07524109   0.87069732]	[  5.         756.92541504 228.07524109   0.87069732]	[  7.         165.63879395 177.18688965   0.86944121]				0.hdf5	74
1039	/data/1_users/pezoldt/man_annotation/stripy/v1/NG050/NG050_P3_CC5/74_1.hdf5	74_1	None	None	Undefined	0		[  7.         165.63879395 177.18688965   0.86944121]	[  5.         756.92541504 228.07524109   0.87069732]	[  7.         165.63879395 177.18688965   0.86944121]				1.hdf5	74
1040	/data/1_users/pezoldt/man_annotation/stripy/v1/NG050/NG050_P3_CC5/75_0.hdf5	75_0	None	None	Undefined	0	[  5.         820.99133301 176.85308838   0.86859202]	[  5.         820.99133301 176.85308838   0.86859202]						0.hdf5	75
1041	/data/1_users/pezoldt/man_annotation/stripy/v1/NG050/NG050_P3_CC5/76_0.hdf5	76_0	None	None	normi_demicircle	0	[  3.         687.80865479 297.64562988   0.87299246]	[  3.         687.80865479 297.64562988   0.87299246]						0.hdf5	76
1042	/data/1_users/pezoldt/man_annotation/stripy/v1/NG050/NG050_P3_CC5/77_0.hdf5	77_0	None	None	normi_circle	0	[5.00000000e+00 9.26012146e+02 2.80566780e+02 8.62743080e-01]	[5.00000000e+00 9.26012146e+02 2.80566780e+02 8.62743080e-01]						0.hdf5	77
1043	/data/1_users/pezoldt/man_annotation/stripy/v1/NG050/NG050_P3_CC5/78_0.hdf5	78_0	None	None	Undefined	0	[  1.         701.72521973 287.24057007   0.88706654]	[  1.         701.72521973 287.24057007   0.88706654]						0.hdf5	78
1044	/data/1_users/pezoldt/man_annotation/stripy/v1/NG050/NG050_P3_CC5/79_0.hdf5	79_0	None	None	Undefined	0	[  3.         770.52294922 249.04605103   0.86929715]	[  3.         770.52294922 249.04605103   0.86929715]						0.hdf5	79
973	/data/1_users/pezoldt/man_annotation/stripy/v1/NG050/NG050_P3_CC5/7_0.hdf5	7_0	None	None	normi_circle	0	[  6.         538.64489746 150.04449081   0.86269182]	[  6.         538.64489746 150.04449081   0.86269182]						0.hdf5	7
1045	/data/1_users/pezoldt/man_annotation/stripy/v1/NG050/NG050_P3_CC5/80_0.hdf5	80_0	None	None	stripy_nucleus	0	[4.00000000e+00 8.77899963e+02 2.68335236e+02 8.74415398e-01]	[4.00000000e+00 8.77899963e+02 2.68335236e+02 8.74415398e-01]						0.hdf5	80
1046	/data/1_users/pezoldt/man_annotation/stripy/v1/NG050/NG050_P3_CC5/81_0.hdf5	81_0	None	None	Undefined	0	[  2.         699.84411621 257.40258789   0.88162637]	[  2.         699.84411621 257.40258789   0.88162637]						0.hdf5	81
1047	/data/1_users/pezoldt/man_annotation/stripy/v1/NG050/NG050_P3_CC5/82_0.hdf5	82_0	None	None	Undefined	0	[  3.         553.60577393 238.48208618   0.86714607]	[  3.         553.60577393 238.48208618   0.86714607]						0.hdf5	82
1048	/data/1_users/pezoldt/man_annotation/stripy/v1/NG050/NG050_P3_CC5/83_0.hdf5	83_0	None	None	Undefined	0		[  2.         588.12664795 220.61242676   0.83445698]	[  2.         588.12664795 220.61242676   0.83445698]	[  7.         246.98381042 154.83969116   0.82044685]				0.hdf5	83
1049	/data/1_users/pezoldt/man_annotation/stripy/v1/NG050/NG050_P3_CC5/83_1.hdf5	83_1	None	None	Undefined	0		[  7.         246.98381042 154.83969116   0.82044685]	[  2.         588.12664795 220.61242676   0.83445698]	[  7.         246.98381042 154.83969116   0.82044685]				1.hdf5	83
1050	/data/1_users/pezoldt/man_annotation/stripy/v1/NG050/NG050_P3_CC5/84_0.hdf5	84_0	None	None	normi_circle	0	[  4.         769.1652832  290.43170929   0.86965233]	[  4.         769.1652832  290.43170929   0.86965233]						0.hdf5	84
1051	/data/1_users/pezoldt/man_annotation/stripy/v1/NG050/NG050_P3_CC5/85_0.hdf5	85_0	None	None	normi_demicircle	0	[  4.         601.22363281 132.31095886   0.85808235]	[  4.         601.22363281 132.31095886   0.85808235]						0.hdf5	85
1052	/data/1_users/pezoldt/man_annotation/stripy/v1/NG050/NG050_P3_CC5/86_0.hdf5	86_0	None	None	Undefined	0	[4.00000000e+00 8.96127075e+02 2.75381828e+02 8.74382317e-01]	[4.00000000e+00 8.96127075e+02 2.75381828e+02 8.74382317e-01]						0.hdf5	86
1053	/data/1_users/pezoldt/man_annotation/stripy/v1/NG050/NG050_P3_CC5/87_0.hdf5	87_0	None	None	Undefined	0	[5.00000000e+00 9.99574158e+02 2.10841614e+02 8.87723684e-01]	[5.00000000e+00 9.99574158e+02 2.10841614e+02 8.87723684e-01]						0.hdf5	87
1054	/data/1_users/pezoldt/man_annotation/stripy/v1/NG050/NG050_P3_CC5/88_0.hdf5	88_0	None	None	normi_circle	0	[  4.         419.56811523 184.81677246   0.86602372]	[  4.         419.56811523 184.81677246   0.86602372]						0.hdf5	88
1055	/data/1_users/pezoldt/man_annotation/stripy/v1/NG050/NG050_P3_CC5/89_0.hdf5	89_0	None	None	normi_circle	0	[  3.         833.46826172 309.71554565   0.86817956]	[  3.         833.46826172 309.71554565   0.86817956]						0.hdf5	89
974	/data/1_users/pezoldt/man_annotation/stripy/v1/NG050/NG050_P3_CC5/8_0.hdf5	8_0	None	None	Undefined	0	[  3.         275.28179932 195.49151611   0.85493135]	[  3.         275.28179932 195.49151611   0.85493135]						0.hdf5	8
1056	/data/1_users/pezoldt/man_annotation/stripy/v1/NG050/NG050_P3_CC5/90_0.hdf5	90_0	None	None	normi_circle	0		[  4.         589.63049316 160.66670227   0.88168228]	[  4.         589.63049316 160.66670227   0.88168228]	[  6.         176.68157959 157.44344711   0.82543331]				0.hdf5	90
1057	/data/1_users/pezoldt/man_annotation/stripy/v1/NG050/NG050_P3_CC5/90_1.hdf5	90_1	None	None	Undefined	0		[  6.         176.68157959 157.44344711   0.82543331]	[  4.         589.63049316 160.66670227   0.88168228]	[  6.         176.68157959 157.44344711   0.82543331]				1.hdf5	90
1058	/data/1_users/pezoldt/man_annotation/stripy/v1/NG050/NG050_P3_CC5/91_0.hdf5	91_0	None	None	Undefined	0	[5.00000000e+00 9.25020264e+02 2.89405403e+02 8.75423908e-01]	[5.00000000e+00 9.25020264e+02 2.89405403e+02 8.75423908e-01]						0.hdf5	91
1059	/data/1_users/pezoldt/man_annotation/stripy/v1/NG050/NG050_P3_CC5/92_0.hdf5	92_0	None	None	Undefined	0	[4.00000000e+00 9.42634766e+02 2.33993042e+02 8.90434623e-01]	[4.00000000e+00 9.42634766e+02 2.33993042e+02 8.90434623e-01]						0.hdf5	92
1060	/data/1_users/pezoldt/man_annotation/stripy/v1/NG050/NG050_P3_CC5/93_0.hdf5	93_0	None	None	normi_circle	0	[  2.         245.8939209  187.89776611   0.86475128]	[  2.         245.8939209  187.89776611   0.86475128]						0.hdf5	93
1061	/data/1_users/pezoldt/man_annotation/stripy/v1/NG050/NG050_P3_CC5/94_0.hdf5	94_0	None	None	Undefined	0	[  5.         716.45483398 213.93991089   0.85987836]	[  5.         716.45483398 213.93991089   0.85987836]						0.hdf5	94
1062	/data/1_users/pezoldt/man_annotation/stripy/v1/NG050/NG050_P3_CC5/95_0.hdf5	95_0	None	None	Undefined	0	[  1.         406.9967041  273.69192505   0.87006402]	[  1.         406.9967041  273.69192505   0.87006402]						0.hdf5	95
975	/data/1_users/pezoldt/man_annotation/stripy/v1/NG050/NG050_P3_CC5/9_0.hdf5	9_0	None	None	stripy_nucleus	0	[  5.         403.83496094 194.95239258   0.87524283]	[  5.         403.83496094 194.95239258   0.87524283]						0.hdf5	9
1063	/data/1_users/pezoldt/man_annotation/stripy/v1/NG050/NG050_P3_CC6/0_0.hdf5	0_0	None	None	Undefined	0	[  6.         782.19384766 175.10107422   0.8823446 ]	[  6.         782.19384766 175.10107422   0.8823446 ]						0.hdf5	0
1074	/data/1_users/pezoldt/man_annotation/stripy/v1/NG050/NG050_P3_CC6/10_0.hdf5	10_0	None	None	stripy_center	0	[  6.         353.58666992 169.42941284   0.87727475]	[  6.         353.58666992 169.42941284   0.87727475]						0.hdf5	10
1075	/data/1_users/pezoldt/man_annotation/stripy/v1/NG050/NG050_P3_CC6/11_0.hdf5	11_0	None	None	normi_circle	0	[  5.         793.30175781 303.21347046   0.87085074]	[  5.         793.30175781 303.21347046   0.87085074]						0.hdf5	11
1076	/data/1_users/pezoldt/man_annotation/stripy/v1/NG050/NG050_P3_CC6/12_0.hdf5	12_0	None	None	Undefined	0	[  1.         596.3972168  195.32418823   0.88751471]	[  1.         596.3972168  195.32418823   0.88751471]						0.hdf5	12
1077	/data/1_users/pezoldt/man_annotation/stripy/v1/NG050/NG050_P3_CC6/13_0.hdf5	13_0	None	None	normi_circle	0	[  7.         691.43017578  86.24346924   0.86595803]	[  7.         691.43017578  86.24346924   0.86595803]						0.hdf5	13
1078	/data/1_users/pezoldt/man_annotation/stripy/v1/NG050/NG050_P3_CC6/14_0.hdf5	14_0	None	None	stripy_center	0	[  7.         750.70410156  94.15051079   0.87254614]	[  7.         750.70410156  94.15051079   0.87254614]						0.hdf5	14
1079	/data/1_users/pezoldt/man_annotation/stripy/v1/NG050/NG050_P3_CC6/15_0.hdf5	15_0	None	None	Undefined	0	[  7.         592.01397705  58.08998108   0.86898088]	[  7.         592.01397705  58.08998108   0.86898088]						0.hdf5	15
1080	/data/1_users/pezoldt/man_annotation/stripy/v1/NG050/NG050_P3_CC6/16_0.hdf5	16_0	None	None	Undefined	0	[7.00000000e+00 1.04732394e+03 2.88561699e+02 8.92986476e-01]	[7.00000000e+00 1.04732394e+03 2.88561699e+02 8.92986476e-01]						0.hdf5	16
1081	/data/1_users/pezoldt/man_annotation/stripy/v1/NG050/NG050_P3_CC6/17_0.hdf5	17_0	None	None	Undefined	0	[  4.         469.91348267 119.19445801   0.88066584]	[  4.         469.91348267 119.19445801   0.88066584]						0.hdf5	17
1082	/data/1_users/pezoldt/man_annotation/stripy/v1/NG050/NG050_P3_CC6/18_0.hdf5	18_0	None	None	normi_demicircle	0	[  7.         644.42456055 117.5394516    0.86345989]	[  7.         644.42456055 117.5394516    0.86345989]						0.hdf5	18
1083	/data/1_users/pezoldt/man_annotation/stripy/v1/NG050/NG050_P3_CC6/19_0.hdf5	19_0	None	None	Undefined	0	[  8.         722.52404785  69.73353386   0.86872858]	[  8.         722.52404785  69.73353386   0.86872858]						0.hdf5	19
1064	/data/1_users/pezoldt/man_annotation/stripy/v1/NG050/NG050_P3_CC6/1_0.hdf5	1_0	None	None	Undefined	0	[  6.         806.27001953  62.68654633   0.86992723]	[  6.         806.27001953  62.68654633   0.86992723]						0.hdf5	1
1084	/data/1_users/pezoldt/man_annotation/stripy/v1/NG050/NG050_P3_CC6/21_0.hdf5	21_0	None	None	Undefined	0	[  3.         561.07452393 126.18236542   0.85316914]	[  3.         561.07452393 126.18236542   0.85316914]						0.hdf5	21
1085	/data/1_users/pezoldt/man_annotation/stripy/v1/NG050/NG050_P3_CC6/22_0.hdf5	22_0	None	None	stripy_nucleus	0	[  7.         675.0736084  119.70091248   0.87691206]	[  7.         675.0736084  119.70091248   0.87691206]						0.hdf5	22
1086	/data/1_users/pezoldt/man_annotation/stripy/v1/NG050/NG050_P3_CC6/23_0.hdf5	23_0	None	None	Undefined	0	[  4.         776.10534668 274.66281128   0.88383251]	[  4.         776.10534668 274.66281128   0.88383251]						0.hdf5	23
1087	/data/1_users/pezoldt/man_annotation/stripy/v1/NG050/NG050_P3_CC6/24_0.hdf5	24_0	None	None	Undefined	0	[8.00000000e+00 8.79524170e+02 2.63476021e+02 8.69253218e-01]	[8.00000000e+00 8.79524170e+02 2.63476021e+02 8.69253218e-01]						0.hdf5	24
1088	/data/1_users/pezoldt/man_annotation/stripy/v1/NG050/NG050_P3_CC6/25_0.hdf5	25_0	None	None	Undefined	0	[  5.         467.27124023 257.06173706   0.87846792]	[  5.         467.27124023 257.06173706   0.87846792]						0.hdf5	25
1089	/data/1_users/pezoldt/man_annotation/stripy/v1/NG050/NG050_P3_CC6/26_0.hdf5	26_0	None	None	Undefined	0	[  7.         757.45007324 299.14865112   0.87737417]	[  7.         757.45007324 299.14865112   0.87737417]						0.hdf5	26
1090	/data/1_users/pezoldt/man_annotation/stripy/v1/NG050/NG050_P3_CC6/27_0.hdf5	27_0	None	None	normi_circle	0	[  8.         849.79724121 237.1287384    0.87378794]	[  8.         849.79724121 237.1287384    0.87378794]						0.hdf5	27
1091	/data/1_users/pezoldt/man_annotation/stripy/v1/NG050/NG050_P3_CC6/28_0.hdf5	28_0	None	None	Undefined	0	[6.00000000e+00 9.12326416e+02 7.07326336e+01 8.73641312e-01]	[6.00000000e+00 9.12326416e+02 7.07326336e+01 8.73641312e-01]						0.hdf5	28
1092	/data/1_users/pezoldt/man_annotation/stripy/v1/NG050/NG050_P3_CC6/29_0.hdf5	29_0	None	None	Undefined	0	[  8.         592.82226562 115.43675232   0.87698334]	[  8.         592.82226562 115.43675232   0.87698334]						0.hdf5	29
1065	/data/1_users/pezoldt/man_annotation/stripy/v1/NG050/NG050_P3_CC6/2_0.hdf5	2_0	None	None	Undefined	0	[  6.         704.93249512 261.19070435   0.87712264]	[  6.         704.93249512 261.19070435   0.87712264]						0.hdf5	2
1093	/data/1_users/pezoldt/man_annotation/stripy/v1/NG050/NG050_P3_CC6/30_0.hdf5	30_0	None	None	Undefined	0	[  7.         833.98803711 231.18572998   0.87130088]	[  7.         833.98803711 231.18572998   0.87130088]						0.hdf5	30
1094	/data/1_users/pezoldt/man_annotation/stripy/v1/NG050/NG050_P3_CC6/31_0.hdf5	31_0	None	None	normi_circle	0	[  8.         804.07189941  66.43036652   0.86620748]	[  8.         804.07189941  66.43036652   0.86620748]						0.hdf5	31
1095	/data/1_users/pezoldt/man_annotation/stripy/v1/NG050/NG050_P3_CC6/32_0.hdf5	32_0	None	None	Undefined	0	[8.00000000e+00 9.28438232e+02 2.07025269e+02 8.87840927e-01]	[8.00000000e+00 9.28438232e+02 2.07025269e+02 8.87840927e-01]						0.hdf5	32
1096	/data/1_users/pezoldt/man_annotation/stripy/v1/NG050/NG050_P3_CC6/33_0.hdf5	33_0	None	None	Undefined	0	[  4.         217.14962769 135.1652832    0.87786663]	[  4.         217.14962769 135.1652832    0.87786663]						0.hdf5	33
1097	/data/1_users/pezoldt/man_annotation/stripy/v1/NG050/NG050_P3_CC6/34_0.hdf5	34_0	None	None	Undefined	0	[  7.         645.14227295 244.23312378   0.87528968]	[  7.         645.14227295 244.23312378   0.87528968]						0.hdf5	34
1098	/data/1_users/pezoldt/man_annotation/stripy/v1/NG050/NG050_P3_CC6/35_0.hdf5	35_0	None	None	stripy_center	0	[  7.         790.00701904 182.5960083    0.8756361 ]	[  7.         790.00701904 182.5960083    0.8756361 ]						0.hdf5	35
1099	/data/1_users/pezoldt/man_annotation/stripy/v1/NG050/NG050_P3_CC6/36_0.hdf5	36_0	None	None	Undefined	0	[  2.         789.73303223  78.89821625   0.87459475]	[  2.         789.73303223  78.89821625   0.87459475]						0.hdf5	36
1100	/data/1_users/pezoldt/man_annotation/stripy/v1/NG050/NG050_P3_CC6/37_0.hdf5	37_0	None	None	Undefined	0	[6.00000000e+00 9.39971436e+02 3.21157654e+02 8.75635743e-01]	[6.00000000e+00 9.39971436e+02 3.21157654e+02 8.75635743e-01]						0.hdf5	37
1101	/data/1_users/pezoldt/man_annotation/stripy/v1/NG050/NG050_P3_CC6/38_0.hdf5	38_0	None	None	normi_circle	0	[  7.         413.22894287 172.12191772   0.86608267]	[  7.         413.22894287 172.12191772   0.86608267]						0.hdf5	38
1102	/data/1_users/pezoldt/man_annotation/stripy/v1/NG050/NG050_P3_CC6/39_0.hdf5	39_0	None	None	normi_circle	0	[  7.         674.95965576  85.31072807   0.87728924]	[  7.         674.95965576  85.31072807   0.87728924]						0.hdf5	39
1066	/data/1_users/pezoldt/man_annotation/stripy/v1/NG050/NG050_P3_CC6/3_0.hdf5	3_0	None	None	stripy_nucleus	0	[  8.         751.5736084  191.55151367   0.87071985]	[  8.         751.5736084  191.55151367   0.87071985]						0.hdf5	3
1103	/data/1_users/pezoldt/man_annotation/stripy/v1/NG050/NG050_P3_CC6/40_0.hdf5	40_0	None	None	Undefined	0	[  6.         423.16445923 105.79367065   0.8763448 ]	[  6.         423.16445923 105.79367065   0.8763448 ]						0.hdf5	40
1104	/data/1_users/pezoldt/man_annotation/stripy/v1/NG050/NG050_P3_CC6/41_0.hdf5	41_0	None	None	normi_circle	0	[  7.         632.64263916  76.18704414   0.86990708]	[  7.         632.64263916  76.18704414   0.86990708]						0.hdf5	41
1105	/data/1_users/pezoldt/man_annotation/stripy/v1/NG050/NG050_P3_CC6/42_0.hdf5	42_0	None	None	stripy_center	0	[  3.         555.81555176 247.6113739    0.88577247]	[  3.         555.81555176 247.6113739    0.88577247]						0.hdf5	42
1106	/data/1_users/pezoldt/man_annotation/stripy/v1/NG050/NG050_P3_CC6/43_0.hdf5	43_0	None	None	Undefined	0	[  8.         727.39282227 208.59237671   0.87804526]	[  8.         727.39282227 208.59237671   0.87804526]						0.hdf5	43
1107	/data/1_users/pezoldt/man_annotation/stripy/v1/NG050/NG050_P3_CC6/44_0.hdf5	44_0	None	None	normi_demicircle	0	[  4.         273.92971802 272.2644577    0.86615604]	[  4.         273.92971802 272.2644577    0.86615604]						0.hdf5	44
1108	/data/1_users/pezoldt/man_annotation/stripy/v1/NG050/NG050_P3_CC6/46_0.hdf5	46_0	None	None	Undefined	0	[  8.         640.79211426 112.98950958   0.8747825 ]	[  8.         640.79211426 112.98950958   0.8747825 ]						0.hdf5	46
1109	/data/1_users/pezoldt/man_annotation/stripy/v1/NG050/NG050_P3_CC6/47_0.hdf5	47_0	None	None	Undefined	0	[  7.         657.4753418  132.30755615   0.87903625]	[  7.         657.4753418  132.30755615   0.87903625]						0.hdf5	47
1110	/data/1_users/pezoldt/man_annotation/stripy/v1/NG050/NG050_P3_CC6/48_0.hdf5	48_0	None	None	normi_circle	0	[  7.         543.75671387 187.30609131   0.85330677]	[  7.         543.75671387 187.30609131   0.85330677]						0.hdf5	48
1111	/data/1_users/pezoldt/man_annotation/stripy/v1/NG050/NG050_P3_CC6/49_0.hdf5	49_0	None	None	Undefined	0	[  4.         170.35775757 117.31387329   0.89959419]	[  4.         170.35775757 117.31387329   0.89959419]						0.hdf5	49
1067	/data/1_users/pezoldt/man_annotation/stripy/v1/NG050/NG050_P3_CC6/4_0.hdf5	4_0	None	None	Undefined	0	[  7.         576.40917969 173.26385498   0.87439811]	[  7.         576.40917969 173.26385498   0.87439811]						0.hdf5	4
1112	/data/1_users/pezoldt/man_annotation/stripy/v1/NG050/NG050_P3_CC6/50_0.hdf5	50_0	None	None	Undefined	0	[  6.         684.94799805 290.69113159   0.87422693]	[  6.         684.94799805 290.69113159   0.87422693]						0.hdf5	50
1113	/data/1_users/pezoldt/man_annotation/stripy/v1/NG050/NG050_P3_CC6/51_0.hdf5	51_0	None	None	Undefined	0	[  1.         807.57958984 258.77819824   0.90156221]	[  1.         807.57958984 258.77819824   0.90156221]						0.hdf5	51
1114	/data/1_users/pezoldt/man_annotation/stripy/v1/NG050/NG050_P3_CC6/52_0.hdf5	52_0	None	None	stripy_center	0	[  7.         765.58764648 244.41833496   0.86529523]	[  7.         765.58764648 244.41833496   0.86529523]						0.hdf5	52
1115	/data/1_users/pezoldt/man_annotation/stripy/v1/NG050/NG050_P3_CC6/53_0.hdf5	53_0	None	None	Undefined	0	[  6.         466.47131348 277.01272583   0.86906624]	[  6.         466.47131348 277.01272583   0.86906624]						0.hdf5	53
1116	/data/1_users/pezoldt/man_annotation/stripy/v1/NG050/NG050_P3_CC6/54_0.hdf5	54_0	None	None	stripy_nucleus	0	[7.00000000e+00 9.23523376e+02 1.60672684e+02 8.82774413e-01]	[7.00000000e+00 9.23523376e+02 1.60672684e+02 8.82774413e-01]						0.hdf5	54
1117	/data/1_users/pezoldt/man_annotation/stripy/v1/NG050/NG050_P3_CC6/55_0.hdf5	55_0	None	None	Undefined	0	[  5.         732.04382324 246.95776367   0.88706827]	[  5.         732.04382324 246.95776367   0.88706827]						0.hdf5	55
1118	/data/1_users/pezoldt/man_annotation/stripy/v1/NG050/NG050_P3_CC6/56_0.hdf5	56_0	None	None	Undefined	0	[  5.         359.34494019 183.10031128   0.87723106]	[  5.         359.34494019 183.10031128   0.87723106]						0.hdf5	56
1119	/data/1_users/pezoldt/man_annotation/stripy/v1/NG050/NG050_P3_CC6/57_0.hdf5	57_0	None	None	stripy_center	0	[  4.         686.77661133 269.26732635   0.88760579]	[  4.         686.77661133 269.26732635   0.88760579]						0.hdf5	57
1120	/data/1_users/pezoldt/man_annotation/stripy/v1/NG050/NG050_P3_CC6/58_0.hdf5	58_0	None	None	normi_circle	0	[  4.         313.44497681 159.1672821    0.88157099]	[  4.         313.44497681 159.1672821    0.88157099]						0.hdf5	58
1121	/data/1_users/pezoldt/man_annotation/stripy/v1/NG050/NG050_P3_CC6/59_0.hdf5	59_0	None	None	Undefined	0	[  2.         527.2355957  279.95050812   0.87312275]	[  2.         527.2355957  279.95050812   0.87312275]						0.hdf5	59
1068	/data/1_users/pezoldt/man_annotation/stripy/v1/NG050/NG050_P3_CC6/5_0.hdf5	5_0	None	None	Undefined	0		[  4.         643.86547852 138.56945801   0.84832275]	[  4.         643.86547852 138.56945801   0.84832275]	[  6.         705.77581787 208.91532898   0.8588056 ]				0.hdf5	5
1069	/data/1_users/pezoldt/man_annotation/stripy/v1/NG050/NG050_P3_CC6/5_1.hdf5	5_1	None	None	Undefined	0		[  6.         705.77581787 208.91532898   0.8588056 ]	[  4.         643.86547852 138.56945801   0.84832275]	[  6.         705.77581787 208.91532898   0.8588056 ]				1.hdf5	5
1122	/data/1_users/pezoldt/man_annotation/stripy/v1/NG050/NG050_P3_CC6/60_0.hdf5	60_0	None	None	stripy_center	0	[  6.         834.29650879 285.85397339   0.88102573]	[  6.         834.29650879 285.85397339   0.88102573]						0.hdf5	60
1123	/data/1_users/pezoldt/man_annotation/stripy/v1/NG050/NG050_P3_CC6/61_0.hdf5	61_0	None	None	Undefined	0	[  7.         853.16345215 261.72366333   0.86528873]	[  7.         853.16345215 261.72366333   0.86528873]						0.hdf5	61
1124	/data/1_users/pezoldt/man_annotation/stripy/v1/NG050/NG050_P3_CC6/62_0.hdf5	62_0	None	None	normi_circle	0	[  5.         553.1194458   95.50547981   0.8765325 ]	[  5.         553.1194458   95.50547981   0.8765325 ]						0.hdf5	62
1125	/data/1_users/pezoldt/man_annotation/stripy/v1/NG050/NG050_P3_CC6/63_0.hdf5	63_0	None	None	Undefined	0	[  1.         543.51538086 159.97822571   0.88765287]	[  1.         543.51538086 159.97822571   0.88765287]						0.hdf5	63
1126	/data/1_users/pezoldt/man_annotation/stripy/v1/NG050/NG050_P3_CC6/64_0.hdf5	64_0	None	None	Undefined	0	[7.00000000e+00 1.03363162e+03 2.70357941e+02 8.83792102e-01]	[7.00000000e+00 1.03363162e+03 2.70357941e+02 8.83792102e-01]						0.hdf5	64
1127	/data/1_users/pezoldt/man_annotation/stripy/v1/NG050/NG050_P3_CC6/65_0.hdf5	65_0	None	None	normi_circle	0	[  7.         627.53973389 167.92025757   0.87342745]	[  7.         627.53973389 167.92025757   0.87342745]						0.hdf5	65
1128	/data/1_users/pezoldt/man_annotation/stripy/v1/NG050/NG050_P3_CC6/66_0.hdf5	66_0	None	None	normi_circle	0	[  6.         586.93237305 266.27041626   0.87384063]	[  6.         586.93237305 266.27041626   0.87384063]						0.hdf5	66
1129	/data/1_users/pezoldt/man_annotation/stripy/v1/NG050/NG050_P3_CC6/68_0.hdf5	68_0	None	None	normi_circle	0		[  3.         395.60037231 169.18930054   0.87341583]	[  3.         395.60037231 169.18930054   0.87341583]	[  5.         424.7711792  277.53552246   0.87832153]				0.hdf5	68
1130	/data/1_users/pezoldt/man_annotation/stripy/v1/NG050/NG050_P3_CC6/68_1.hdf5	68_1	None	None	Undefined	0		[  5.         424.7711792  277.53552246   0.87832153]	[  3.         395.60037231 169.18930054   0.87341583]	[  5.         424.7711792  277.53552246   0.87832153]				1.hdf5	68
1131	/data/1_users/pezoldt/man_annotation/stripy/v1/NG050/NG050_P3_CC6/69_0.hdf5	69_0	None	None	Undefined	0		[  0.         834.40490723 111.00340271   0.85562313]	[  0.         834.40490723 111.00340271   0.85562313]	[  2.         647.69067383 201.31213379   0.87784004]	[  7.         695.50561523 207.78553772   0.83748496]	[  8.         669.98937988 249.6295166    0.85630554]		0.hdf5	69
1132	/data/1_users/pezoldt/man_annotation/stripy/v1/NG050/NG050_P3_CC6/69_1.hdf5	69_1	None	None	Undefined	0		[  2.         647.69067383 201.31213379   0.87784004]	[  0.         834.40490723 111.00340271   0.85562313]	[  2.         647.69067383 201.31213379   0.87784004]	[  7.         695.50561523 207.78553772   0.83748496]	[  8.         669.98937988 249.6295166    0.85630554]		1.hdf5	69
1133	/data/1_users/pezoldt/man_annotation/stripy/v1/NG050/NG050_P3_CC6/69_2.hdf5	69_2	None	None	Undefined	0		[  7.         695.50561523 207.78553772   0.83748496]	[  0.         834.40490723 111.00340271   0.85562313]	[  2.         647.69067383 201.31213379   0.87784004]	[  7.         695.50561523 207.78553772   0.83748496]	[  8.         669.98937988 249.6295166    0.85630554]		2.hdf5	69
1134	/data/1_users/pezoldt/man_annotation/stripy/v1/NG050/NG050_P3_CC6/69_3.hdf5	69_3	None	None	Undefined	0		[  8.         669.98937988 249.6295166    0.85630554]	[  0.         834.40490723 111.00340271   0.85562313]	[  2.         647.69067383 201.31213379   0.87784004]	[  7.         695.50561523 207.78553772   0.83748496]	[  8.         669.98937988 249.6295166    0.85630554]		3.hdf5	69
1070	/data/1_users/pezoldt/man_annotation/stripy/v1/NG050/NG050_P3_CC6/6_0.hdf5	6_0	None	None	stripy_center	0	[  7.         785.32653809 266.91364288   0.8789342 ]	[  7.         785.32653809 266.91364288   0.8789342 ]						0.hdf5	6
1135	/data/1_users/pezoldt/man_annotation/stripy/v1/NG050/NG050_P3_CC6/70_0.hdf5	70_0	None	None	normi_demicircle	0	[  8.         746.12030029 117.1419754    0.86073482]	[  8.         746.12030029 117.1419754    0.86073482]						0.hdf5	70
1136	/data/1_users/pezoldt/man_annotation/stripy/v1/NG050/NG050_P3_CC6/71_0.hdf5	71_0	None	None	Undefined	0	[  2.         309.86199951  89.77727509   0.8568033 ]	[  2.         309.86199951  89.77727509   0.8568033 ]						0.hdf5	71
1137	/data/1_users/pezoldt/man_annotation/stripy/v1/NG050/NG050_P3_CC6/72_0.hdf5	72_0	None	None	Undefined	0	[  5.         816.75268555 300.58917236   0.88260353]	[  5.         816.75268555 300.58917236   0.88260353]						0.hdf5	72
1138	/data/1_users/pezoldt/man_annotation/stripy/v1/NG050/NG050_P3_CC6/73_0.hdf5	73_0	None	None	stripy_nucleus	0	[  3.         463.41693115 291.56045532   0.87049782]	[  3.         463.41693115 291.56045532   0.87049782]						0.hdf5	73
1139	/data/1_users/pezoldt/man_annotation/stripy/v1/NG050/NG050_P3_CC6/74_0.hdf5	74_0	None	None	Undefined	0	[  4.         518.90589905 165.53479004   0.88169622]	[  4.         518.90589905 165.53479004   0.88169622]						0.hdf5	74
1140	/data/1_users/pezoldt/man_annotation/stripy/v1/NG050/NG050_P3_CC6/75_0.hdf5	75_0	None	None	normi_circle	0	[  3.         237.79512024 130.78888321   0.86983591]	[  3.         237.79512024 130.78888321   0.86983591]						0.hdf5	75
1141	/data/1_users/pezoldt/man_annotation/stripy/v1/NG050/NG050_P3_CC6/76_0.hdf5	76_0	None	None	normi_circle	0	[  6.         544.61657715 207.5581665    0.87460893]	[  6.         544.61657715 207.5581665    0.87460893]						0.hdf5	76
1142	/data/1_users/pezoldt/man_annotation/stripy/v1/NG050/NG050_P3_CC6/77_0.hdf5	77_0	None	None	Undefined	0	[  5.         643.8626709  217.0274353    0.86526167]	[  5.         643.8626709  217.0274353    0.86526167]						0.hdf5	77
1143	/data/1_users/pezoldt/man_annotation/stripy/v1/NG050/NG050_P3_CC6/78_0.hdf5	78_0	None	None	normi_circle	0	[  5.         354.42510986 111.61814117   0.86679488]	[  5.         354.42510986 111.61814117   0.86679488]						0.hdf5	78
1144	/data/1_users/pezoldt/man_annotation/stripy/v1/NG050/NG050_P3_CC6/79_0.hdf5	79_0	None	None	Undefined	0	[  5.         679.28283691 242.43463135   0.87255859]	[  5.         679.28283691 242.43463135   0.87255859]						0.hdf5	79
1071	/data/1_users/pezoldt/man_annotation/stripy/v1/NG050/NG050_P3_CC6/7_0.hdf5	7_0	None	None	Undefined	0	[  8.         712.70532227 125.63838196   0.875103  ]	[  8.         712.70532227 125.63838196   0.875103  ]						0.hdf5	7
1145	/data/1_users/pezoldt/man_annotation/stripy/v1/NG050/NG050_P3_CC6/80_0.hdf5	80_0	None	None	stripy_center	0	[  4.         542.30865479 275.99510956   0.87402922]	[  4.         542.30865479 275.99510956   0.87402922]						0.hdf5	80
1146	/data/1_users/pezoldt/man_annotation/stripy/v1/NG050/NG050_P3_CC6/81_0.hdf5	81_0	None	None	stripy_center	0	[  5.         857.67126465 255.15255737   0.87615681]	[  5.         857.67126465 255.15255737   0.87615681]						0.hdf5	81
1147	/data/1_users/pezoldt/man_annotation/stripy/v1/NG050/NG050_P3_CC6/82_0.hdf5	82_0	None	None	Undefined	0	[7.00000000e+00 1.06711023e+03 2.93944885e+02 8.75074089e-01]	[7.00000000e+00 1.06711023e+03 2.93944885e+02 8.75074089e-01]						0.hdf5	82
1148	/data/1_users/pezoldt/man_annotation/stripy/v1/NG050/NG050_P3_CC6/83_0.hdf5	83_0	None	None	Undefined	0	[  6.         645.7532959  262.34119415   0.87619191]	[  6.         645.7532959  262.34119415   0.87619191]						0.hdf5	83
1149	/data/1_users/pezoldt/man_annotation/stripy/v1/NG050/NG050_P3_CC6/84_0.hdf5	84_0	None	None	Undefined	0	[  6.         680.05090332  95.76121712   0.87380987]	[  6.         680.05090332  95.76121712   0.87380987]						0.hdf5	84
1150	/data/1_users/pezoldt/man_annotation/stripy/v1/NG050/NG050_P3_CC6/85_0.hdf5	85_0	None	None	Undefined	0	[1.00000000e+00 9.56886536e+02 2.89296387e+02 8.86509359e-01]	[1.00000000e+00 9.56886536e+02 2.89296387e+02 8.86509359e-01]						0.hdf5	85
1151	/data/1_users/pezoldt/man_annotation/stripy/v1/NG050/NG050_P3_CC6/86_0.hdf5	86_0	None	None	Undefined	0	[  3.         322.89389038 237.63804626   0.84806192]	[  3.         322.89389038 237.63804626   0.84806192]						0.hdf5	86
1152	/data/1_users/pezoldt/man_annotation/stripy/v1/NG050/NG050_P3_CC6/87_0.hdf5	87_0	None	None	Undefined	0	[  5.         516.89135742 163.47744751   0.87207627]	[  5.         516.89135742 163.47744751   0.87207627]						0.hdf5	87
1153	/data/1_users/pezoldt/man_annotation/stripy/v1/NG050/NG050_P3_CC6/89_0.hdf5	89_0	None	None	stripy_nucleus	0	[  6.         733.90881348 132.04467773   0.87614048]	[  6.         733.90881348 132.04467773   0.87614048]						0.hdf5	89
1072	/data/1_users/pezoldt/man_annotation/stripy/v1/NG050/NG050_P3_CC6/8_0.hdf5	8_0	None	None	stripy_nucleus	0	[  8.         701.22705078 206.42443848   0.87263989]	[  8.         701.22705078 206.42443848   0.87263989]						0.hdf5	8
1154	/data/1_users/pezoldt/man_annotation/stripy/v1/NG050/NG050_P3_CC6/90_0.hdf5	90_0	None	None	Undefined	0	[6.00000000e+00 9.21396545e+02 2.60341766e+02 8.62547636e-01]	[6.00000000e+00 9.21396545e+02 2.60341766e+02 8.62547636e-01]						0.hdf5	90
1155	/data/1_users/pezoldt/man_annotation/stripy/v1/NG050/NG050_P3_CC6/91_0.hdf5	91_0	None	None	stripy_center	0	[  5.         693.78552246 284.34607697   0.88194948]	[  5.         693.78552246 284.34607697   0.88194948]						0.hdf5	91
1156	/data/1_users/pezoldt/man_annotation/stripy/v1/NG050/NG050_P3_CC6/92_0.hdf5	92_0	None	None	Undefined	0	[6.00000000e+00 9.91699707e+02 3.06081787e+02 8.72892976e-01]	[6.00000000e+00 9.91699707e+02 3.06081787e+02 8.72892976e-01]						0.hdf5	92
1157	/data/1_users/pezoldt/man_annotation/stripy/v1/NG050/NG050_P3_CC6/93_0.hdf5	93_0	None	None	stripy_nucleus	0	[  6.         466.99609375 150.64346313   0.87149733]	[  6.         466.99609375 150.64346313   0.87149733]						0.hdf5	93
1158	/data/1_users/pezoldt/man_annotation/stripy/v1/NG050/NG050_P3_CC6/94_0.hdf5	94_0	None	None	normi_demicircle	0	[  6.         751.76794434 211.68865967   0.87218672]	[  6.         751.76794434 211.68865967   0.87218672]						0.hdf5	94
1159	/data/1_users/pezoldt/man_annotation/stripy/v1/NG050/NG050_P3_CC6/95_0.hdf5	95_0	None	None	normi_circle	0	[  4.         613.8404541  277.04259491   0.86522549]	[  4.         613.8404541  277.04259491   0.86522549]						0.hdf5	95
1073	/data/1_users/pezoldt/man_annotation/stripy/v1/NG050/NG050_P3_CC6/9_0.hdf5	9_0	None	None	stripy_center	0	[  7.         721.57391357 166.96110535   0.87501174]	[  7.         721.57391357 166.96110535   0.87501174]						0.hdf5	9
1160	/data/1_users/pezoldt/man_annotation/stripy/v1/NG050/NG050_P3_CC7/0_0.hdf5	0_0	None	None	stripy_nucleus	0	[ 12.         615.90686035 106.17795563   0.87847894]	[ 12.         615.90686035 106.17795563   0.87847894]						0.hdf5	0
1173	/data/1_users/pezoldt/man_annotation/stripy/v1/NG050/NG050_P3_CC7/10_0.hdf5	10_0	None	None	stripy_nucleus	0	[  9.         514.28991699 154.90426636   0.87580585]	[  9.         514.28991699 154.90426636   0.87580585]						0.hdf5	10
1174	/data/1_users/pezoldt/man_annotation/stripy/v1/NG050/NG050_P3_CC7/11_0.hdf5	11_0	None	None	Undefined	0		[2.00000000e+00 1.42686047e+03 2.43883942e+02 8.13123643e-01]	[2.00000000e+00 1.42686047e+03 2.43883942e+02 8.13123643e-01]	[ 11.         870.92285156  98.55471611   0.87454826]				0.hdf5	11
1175	/data/1_users/pezoldt/man_annotation/stripy/v1/NG050/NG050_P3_CC7/11_1.hdf5	11_1	None	None	normi_circle	0		[ 11.         870.92285156  98.55471611   0.87454826]	[2.00000000e+00 1.42686047e+03 2.43883942e+02 8.13123643e-01]	[ 11.         870.92285156  98.55471611   0.87454826]				1.hdf5	11
1176	/data/1_users/pezoldt/man_annotation/stripy/v1/NG050/NG050_P3_CC7/12_0.hdf5	12_0	None	None	Undefined	0	[ 11.         747.78051758 312.31860352   0.8729316 ]	[ 11.         747.78051758 312.31860352   0.8729316 ]						0.hdf5	12
1177	/data/1_users/pezoldt/man_annotation/stripy/v1/NG050/NG050_P3_CC7/13_0.hdf5	13_0	None	None	Undefined	0		[2.00000000e+00 1.42743555e+03 2.45483887e+02 8.22891116e-01]	[2.00000000e+00 1.42743555e+03 2.45483887e+02 8.22891116e-01]	[  7.         361.97418213 126.43427277   0.84591156]				0.hdf5	13
1178	/data/1_users/pezoldt/man_annotation/stripy/v1/NG050/NG050_P3_CC7/13_1.hdf5	13_1	None	None	Undefined	0		[  7.         361.97418213 126.43427277   0.84591156]	[2.00000000e+00 1.42743555e+03 2.45483887e+02 8.22891116e-01]	[  7.         361.97418213 126.43427277   0.84591156]				1.hdf5	13
1179	/data/1_users/pezoldt/man_annotation/stripy/v1/NG050/NG050_P3_CC7/14_0.hdf5	14_0	None	None	Undefined	0	[1.30000000e+01 8.74904236e+02 1.90032928e+02 8.74433339e-01]	[1.30000000e+01 8.74904236e+02 1.90032928e+02 8.74433339e-01]						0.hdf5	14
1180	/data/1_users/pezoldt/man_annotation/stripy/v1/NG050/NG050_P3_CC7/15_0.hdf5	15_0	None	None	normi_circle	0	[ 13.         794.62731934 313.8739624    0.87269092]	[ 13.         794.62731934 313.8739624    0.87269092]						0.hdf5	15
1181	/data/1_users/pezoldt/man_annotation/stripy/v1/NG050/NG050_P3_CC7/16_0.hdf5	16_0	None	None	Undefined	0	[ 12.         821.55340576 125.11668396   0.87088317]	[ 12.         821.55340576 125.11668396   0.87088317]						0.hdf5	16
1182	/data/1_users/pezoldt/man_annotation/stripy/v1/NG050/NG050_P3_CC7/17_0.hdf5	17_0	None	None	Undefined	0	[1.30000000e+01 9.80104492e+02 1.50928268e+02 8.79343092e-01]	[1.30000000e+01 9.80104492e+02 1.50928268e+02 8.79343092e-01]						0.hdf5	17
1183	/data/1_users/pezoldt/man_annotation/stripy/v1/NG050/NG050_P3_CC7/18_0.hdf5	18_0	None	None	Undefined	0	[  8.         650.54827881 142.70676041   0.85473752]	[  8.         650.54827881 142.70676041   0.85473752]						0.hdf5	18
1184	/data/1_users/pezoldt/man_annotation/stripy/v1/NG050/NG050_P3_CC7/19_0.hdf5	19_0	None	None	stripy_nucleus	0	[ 12.         634.43066406 301.70123291   0.86605448]	[ 12.         634.43066406 301.70123291   0.86605448]						0.hdf5	19
1161	/data/1_users/pezoldt/man_annotation/stripy/v1/NG050/NG050_P3_CC7/1_0.hdf5	1_0	None	None	Undefined	0		[2.00000000e+00 1.42416028e+03 2.44478973e+02 8.63190234e-01]	[2.00000000e+00 1.42416028e+03 2.44478973e+02 8.63190234e-01]	[ 10.         851.57617188 107.15938568   0.86009049]				0.hdf5	1
1162	/data/1_users/pezoldt/man_annotation/stripy/v1/NG050/NG050_P3_CC7/1_1.hdf5	1_1	None	None	Undefined	0		[ 10.         851.57617188 107.15938568   0.86009049]	[2.00000000e+00 1.42416028e+03 2.44478973e+02 8.63190234e-01]	[ 10.         851.57617188 107.15938568   0.86009049]				1.hdf5	1
1185	/data/1_users/pezoldt/man_annotation/stripy/v1/NG050/NG050_P3_CC7/20_0.hdf5	20_0	None	None	Undefined	0	[ 10.         720.08477783 151.60639954   0.86580998]	[ 10.         720.08477783 151.60639954   0.86580998]						0.hdf5	20
1186	/data/1_users/pezoldt/man_annotation/stripy/v1/NG050/NG050_P3_CC7/21_0.hdf5	21_0	None	None	Undefined	0	[1.20000000e+01 9.98427185e+02 2.09807312e+02 8.74793530e-01]	[1.20000000e+01 9.98427185e+02 2.09807312e+02 8.74793530e-01]						0.hdf5	21
1187	/data/1_users/pezoldt/man_annotation/stripy/v1/NG050/NG050_P3_CC7/22_0.hdf5	22_0	None	None	Undefined	0	[ 11.         613.12890625 315.47564697   0.87670243]	[ 11.         613.12890625 315.47564697   0.87670243]						0.hdf5	22
1188	/data/1_users/pezoldt/man_annotation/stripy/v1/NG050/NG050_P3_CC7/23_0.hdf5	23_0	None	None	Undefined	0	[  9.         649.21838379 117.55848694   0.84949797]	[  9.         649.21838379 117.55848694   0.84949797]						0.hdf5	23
1189	/data/1_users/pezoldt/man_annotation/stripy/v1/NG050/NG050_P3_CC7/24_0.hdf5	24_0	None	None	Undefined	0	[ 12.         727.52209473 197.74777222   0.87456548]	[ 12.         727.52209473 197.74777222   0.87456548]						0.hdf5	24
1190	/data/1_users/pezoldt/man_annotation/stripy/v1/NG050/NG050_P3_CC7/25_0.hdf5	25_0	None	None	stripy_center	0		[  7.         807.42944336 118.43225861   0.88318431]	[  7.         807.42944336 118.43225861   0.88318431]	[9.00000000e+00 1.35668738e+03 2.78934456e+02 8.75674665e-01]				0.hdf5	25
1191	/data/1_users/pezoldt/man_annotation/stripy/v1/NG050/NG050_P3_CC7/25_1.hdf5	25_1	None	None	Undefined	0		[9.00000000e+00 1.35668738e+03 2.78934456e+02 8.75674665e-01]	[  7.         807.42944336 118.43225861   0.88318431]	[9.00000000e+00 1.35668738e+03 2.78934456e+02 8.75674665e-01]				1.hdf5	25
1192	/data/1_users/pezoldt/man_annotation/stripy/v1/NG050/NG050_P3_CC7/26_0.hdf5	26_0	None	None	stripy_center	0	[ 12.         745.1862793  236.69293213   0.87235105]	[ 12.         745.1862793  236.69293213   0.87235105]						0.hdf5	26
1193	/data/1_users/pezoldt/man_annotation/stripy/v1/NG050/NG050_P3_CC7/27_0.hdf5	27_0	None	None	Undefined	0	[ 11.         813.95837402 297.88372803   0.87660933]	[ 11.         813.95837402 297.88372803   0.87660933]						0.hdf5	27
1194	/data/1_users/pezoldt/man_annotation/stripy/v1/NG050/NG050_P3_CC7/28_0.hdf5	28_0	None	None	normi_demicircle	0	[ 11.         532.58850098 192.77174377   0.87158406]	[ 11.         532.58850098 192.77174377   0.87158406]						0.hdf5	28
1195	/data/1_users/pezoldt/man_annotation/stripy/v1/NG050/NG050_P3_CC7/29_0.hdf5	29_0	None	None	normi_circle	0	[ 11.         781.73754883 179.19143677   0.8755824 ]	[ 11.         781.73754883 179.19143677   0.8755824 ]						0.hdf5	29
1163	/data/1_users/pezoldt/man_annotation/stripy/v1/NG050/NG050_P3_CC7/2_0.hdf5	2_0	None	None	stripy_center	0	[ 11.         736.35888672 143.94677734   0.87102824]	[ 11.         736.35888672 143.94677734   0.87102824]						0.hdf5	2
1196	/data/1_users/pezoldt/man_annotation/stripy/v1/NG050/NG050_P3_CC7/30_0.hdf5	30_0	None	None	Undefined	0	[1.20000000e+01 8.87216675e+02 1.69366287e+02 8.69024456e-01]	[1.20000000e+01 8.87216675e+02 1.69366287e+02 8.69024456e-01]						0.hdf5	30
1197	/data/1_users/pezoldt/man_annotation/stripy/v1/NG050/NG050_P3_CC7/31_0.hdf5	31_0	None	None	Undefined	0	[ 12.         829.27392578 186.76419067   0.87028867]	[ 12.         829.27392578 186.76419067   0.87028867]						0.hdf5	31
1198	/data/1_users/pezoldt/man_annotation/stripy/v1/NG050/NG050_P3_CC7/32_0.hdf5	32_0	None	None	Undefined	0	[ 11.         667.61486816 185.45901489   0.87493455]	[ 11.         667.61486816 185.45901489   0.87493455]						0.hdf5	32
1199	/data/1_users/pezoldt/man_annotation/stripy/v1/NG050/NG050_P3_CC7/33_0.hdf5	33_0	None	None	Undefined	0	[ 10.         663.04174805 124.9151001    0.88247567]	[ 10.         663.04174805 124.9151001    0.88247567]						0.hdf5	33
1200	/data/1_users/pezoldt/man_annotation/stripy/v1/NG050/NG050_P3_CC7/34_0.hdf5	34_0	None	None	Undefined	0	[ 10.         766.11816406 203.11528015   0.86487395]	[ 10.         766.11816406 203.11528015   0.86487395]						0.hdf5	34
1201	/data/1_users/pezoldt/man_annotation/stripy/v1/NG050/NG050_P3_CC7/35_0.hdf5	35_0	None	None	Undefined	0	[ 10.         694.08764648 153.56008911   0.87627238]	[ 10.         694.08764648 153.56008911   0.87627238]						0.hdf5	35
1202	/data/1_users/pezoldt/man_annotation/stripy/v1/NG050/NG050_P3_CC7/36_0.hdf5	36_0	None	None	stripy_nucleus	0	[ 12.         720.74554443 164.26754761   0.86923212]	[ 12.         720.74554443 164.26754761   0.86923212]						0.hdf5	36
1203	/data/1_users/pezoldt/man_annotation/stripy/v1/NG050/NG050_P3_CC7/37_0.hdf5	37_0	None	None	Undefined	0	[ 12.         789.81140137 124.97449493   0.8727861 ]	[ 12.         789.81140137 124.97449493   0.8727861 ]						0.hdf5	37
1204	/data/1_users/pezoldt/man_annotation/stripy/v1/NG050/NG050_P3_CC7/38_0.hdf5	38_0	None	None	Undefined	0	[ 12.         582.4574585  174.82260132   0.86470842]	[ 12.         582.4574585  174.82260132   0.86470842]						0.hdf5	38
1205	/data/1_users/pezoldt/man_annotation/stripy/v1/NG050/NG050_P3_CC7/39_0.hdf5	39_0	None	None	Undefined	0	[ 12.         821.66455078 201.85522461   0.87549895]	[ 12.         821.66455078 201.85522461   0.87549895]						0.hdf5	39
1164	/data/1_users/pezoldt/man_annotation/stripy/v1/NG050/NG050_P3_CC7/3_0.hdf5	3_0	None	None	Undefined	0		[2.00000000e+00 1.42477417e+03 2.46934937e+02 8.44774663e-01]	[2.00000000e+00 1.42477417e+03 2.46934937e+02 8.44774663e-01]	[  7.         807.04296875 244.70446777   0.88936538]				0.hdf5	3
1165	/data/1_users/pezoldt/man_annotation/stripy/v1/NG050/NG050_P3_CC7/3_1.hdf5	3_1	None	None	Undefined	0		[  7.         807.04296875 244.70446777   0.88936538]	[2.00000000e+00 1.42477417e+03 2.46934937e+02 8.44774663e-01]	[  7.         807.04296875 244.70446777   0.88936538]				1.hdf5	3
1206	/data/1_users/pezoldt/man_annotation/stripy/v1/NG050/NG050_P3_CC7/40_0.hdf5	40_0	None	None	stripy_center	0	[ 10.         623.12548828 168.07580566   0.8736515 ]	[ 10.         623.12548828 168.07580566   0.8736515 ]						0.hdf5	40
1207	/data/1_users/pezoldt/man_annotation/stripy/v1/NG050/NG050_P3_CC7/41_0.hdf5	41_0	None	None	stripy_nucleus	0	[ 11.         734.99957275 158.06853867   0.87237072]	[ 11.         734.99957275 158.06853867   0.87237072]						0.hdf5	41
1208	/data/1_users/pezoldt/man_annotation/stripy/v1/NG050/NG050_P3_CC7/42_0.hdf5	42_0	None	None	Undefined	0	[ 12.         734.09613037 190.99624634   0.86926705]	[ 12.         734.09613037 190.99624634   0.86926705]						0.hdf5	42
1209	/data/1_users/pezoldt/man_annotation/stripy/v1/NG050/NG050_P3_CC7/43_0.hdf5	43_0	None	None	Undefined	0	[1.20000000e+01 9.87628418e+02 1.71155472e+02 8.73944163e-01]	[1.20000000e+01 9.87628418e+02 1.71155472e+02 8.73944163e-01]						0.hdf5	43
1210	/data/1_users/pezoldt/man_annotation/stripy/v1/NG050/NG050_P3_CC7/44_0.hdf5	44_0	None	None	Undefined	0	[  9.         547.14703369 183.03005981   0.87388158]	[  9.         547.14703369 183.03005981   0.87388158]						0.hdf5	44
1211	/data/1_users/pezoldt/man_annotation/stripy/v1/NG050/NG050_P3_CC7/45_0.hdf5	45_0	None	None	Undefined	0	[ 12.         721.82086182 298.25253296   0.87091863]	[ 12.         721.82086182 298.25253296   0.87091863]						0.hdf5	45
1212	/data/1_users/pezoldt/man_annotation/stripy/v1/NG050/NG050_P3_CC7/46_0.hdf5	46_0	None	None	normi_circle	0	[ 10.         700.98034668 143.1065712    0.85418707]	[ 10.         700.98034668 143.1065712    0.85418707]						0.hdf5	46
1213	/data/1_users/pezoldt/man_annotation/stripy/v1/NG050/NG050_P3_CC7/47_0.hdf5	47_0	None	None	stripy_nucleus	0	[1.20000000e+01 9.86330139e+02 1.43175632e+02 8.64598513e-01]	[1.20000000e+01 9.86330139e+02 1.43175632e+02 8.64598513e-01]						0.hdf5	47
1214	/data/1_users/pezoldt/man_annotation/stripy/v1/NG050/NG050_P3_CC7/48_0.hdf5	48_0	None	None	Undefined	0	[ 11.         864.86218262 137.47575378   0.86799657]	[ 11.         864.86218262 137.47575378   0.86799657]						0.hdf5	48
1215	/data/1_users/pezoldt/man_annotation/stripy/v1/NG050/NG050_P3_CC7/49_0.hdf5	49_0	None	None	normi_circle	0	[ 12.         741.17089844 231.16508484   0.87476718]	[ 12.         741.17089844 231.16508484   0.87476718]						0.hdf5	49
1166	/data/1_users/pezoldt/man_annotation/stripy/v1/NG050/NG050_P3_CC7/4_0.hdf5	4_0	None	None	Undefined	0		[2.00000000e+00 1.42500476e+03 2.47622620e+02 8.34041476e-01]	[2.00000000e+00 1.42500476e+03 2.47622620e+02 8.34041476e-01]	[  8.         669.45306396 110.59257507   0.87608743]				0.hdf5	4
1167	/data/1_users/pezoldt/man_annotation/stripy/v1/NG050/NG050_P3_CC7/4_1.hdf5	4_1	None	None	normi_circle	0		[  8.         669.45306396 110.59257507   0.87608743]	[2.00000000e+00 1.42500476e+03 2.47622620e+02 8.34041476e-01]	[  8.         669.45306396 110.59257507   0.87608743]				1.hdf5	4
1216	/data/1_users/pezoldt/man_annotation/stripy/v1/NG050/NG050_P3_CC7/50_0.hdf5	50_0	None	None	stripy_center	0	[ 12.         710.29394531 217.75770569   0.86368108]	[ 12.         710.29394531 217.75770569   0.86368108]						0.hdf5	50
1217	/data/1_users/pezoldt/man_annotation/stripy/v1/NG050/NG050_P3_CC7/51_0.hdf5	51_0	None	None	Undefined	0	[7.00000000e+00 1.14430078e+03 3.38530182e+02 8.92277718e-01]	[7.00000000e+00 1.14430078e+03 3.38530182e+02 8.92277718e-01]						0.hdf5	51
1218	/data/1_users/pezoldt/man_annotation/stripy/v1/NG050/NG050_P3_CC7/52_0.hdf5	52_0	None	None	normi_circle	0	[ 10.         788.04058838 132.210495     0.8789798 ]	[ 10.         788.04058838 132.210495     0.8789798 ]						0.hdf5	52
1219	/data/1_users/pezoldt/man_annotation/stripy/v1/NG050/NG050_P3_CC7/53_0.hdf5	53_0	None	None	Undefined	0	[  9.         391.88702393 136.33896255   0.87627423]	[  9.         391.88702393 136.33896255   0.87627423]						0.hdf5	53
1220	/data/1_users/pezoldt/man_annotation/stripy/v1/NG050/NG050_P3_CC7/54_0.hdf5	54_0	None	None	Undefined	0	[  6.         422.99493408 144.00621033   0.87330145]	[  6.         422.99493408 144.00621033   0.87330145]						0.hdf5	54
1221	/data/1_users/pezoldt/man_annotation/stripy/v1/NG050/NG050_P3_CC7/55_0.hdf5	55_0	None	None	Undefined	0	[ 10.         872.11022949 336.50668335   0.87864608]	[ 10.         872.11022949 336.50668335   0.87864608]						0.hdf5	55
1222	/data/1_users/pezoldt/man_annotation/stripy/v1/NG050/NG050_P3_CC7/56_0.hdf5	56_0	None	None	stripy_center	0	[1.10000000e+01 9.76460815e+02 1.96840149e+02 8.84430468e-01]	[1.10000000e+01 9.76460815e+02 1.96840149e+02 8.84430468e-01]						0.hdf5	56
1223	/data/1_users/pezoldt/man_annotation/stripy/v1/NG050/NG050_P3_CC7/57_0.hdf5	57_0	None	None	Undefined	0	[  9.         604.34802246 122.78463745   0.8858605 ]	[  9.         604.34802246 122.78463745   0.8858605 ]						0.hdf5	57
1224	/data/1_users/pezoldt/man_annotation/stripy/v1/NG050/NG050_P3_CC7/58_0.hdf5	58_0	None	None	stripy_nucleus	0	[  8.         611.96612549 109.92684174   0.87297064]	[  8.         611.96612549 109.92684174   0.87297064]						0.hdf5	58
1225	/data/1_users/pezoldt/man_annotation/stripy/v1/NG050/NG050_P3_CC7/59_0.hdf5	59_0	None	None	stripy_center	0	[6.00000000e+00 9.73644653e+02 2.93880768e+02 8.75663817e-01]	[6.00000000e+00 9.73644653e+02 2.93880768e+02 8.75663817e-01]						0.hdf5	59
1168	/data/1_users/pezoldt/man_annotation/stripy/v1/NG050/NG050_P3_CC7/5_0.hdf5	5_0	None	None	normi_demicircle	0	[1.20000000e+01 9.70524780e+02 1.46269962e+02 8.75539899e-01]	[1.20000000e+01 9.70524780e+02 1.46269962e+02 8.75539899e-01]						0.hdf5	5
1226	/data/1_users/pezoldt/man_annotation/stripy/v1/NG050/NG050_P3_CC7/60_0.hdf5	60_0	None	None	Undefined	0	[ 11.         703.11364746 126.66628265   0.87365168]	[ 11.         703.11364746 126.66628265   0.87365168]						0.hdf5	60
1227	/data/1_users/pezoldt/man_annotation/stripy/v1/NG050/NG050_P3_CC7/61_0.hdf5	61_0	None	None	Undefined	0	[ 11.         632.17791748 164.73083496   0.87741613]	[ 11.         632.17791748 164.73083496   0.87741613]						0.hdf5	61
1228	/data/1_users/pezoldt/man_annotation/stripy/v1/NG050/NG050_P3_CC7/62_0.hdf5	62_0	None	None	Undefined	0	[1.20000000e+01 1.08097168e+03 1.49808315e+02 8.76118243e-01]	[1.20000000e+01 1.08097168e+03 1.49808315e+02 8.76118243e-01]						0.hdf5	62
1229	/data/1_users/pezoldt/man_annotation/stripy/v1/NG050/NG050_P3_CC7/63_0.hdf5	63_0	None	None	normi_demicircle	0	[1.20000000e+01 1.12300195e+03 1.25296555e+02 8.75798941e-01]	[1.20000000e+01 1.12300195e+03 1.25296555e+02 8.75798941e-01]						0.hdf5	63
1230	/data/1_users/pezoldt/man_annotation/stripy/v1/NG050/NG050_P3_CC7/64_0.hdf5	64_0	None	None	Undefined	0	[ 10.         725.4888916  139.05725098   0.8778227 ]	[ 10.         725.4888916  139.05725098   0.8778227 ]						0.hdf5	64
1231	/data/1_users/pezoldt/man_annotation/stripy/v1/NG050/NG050_P3_CC7/65_0.hdf5	65_0	None	None	Undefined	0	[ 10.         692.06884766 296.9367981    0.87160438]	[ 10.         692.06884766 296.9367981    0.87160438]						0.hdf5	65
1232	/data/1_users/pezoldt/man_annotation/stripy/v1/NG050/NG050_P3_CC7/66_0.hdf5	66_0	None	None	stripy_nucleus	0	[  9.          40.51674652 303.45953369   0.87759763]	[  9.          40.51674652 303.45953369   0.87759763]						0.hdf5	66
1233	/data/1_users/pezoldt/man_annotation/stripy/v1/NG050/NG050_P3_CC7/67_0.hdf5	67_0	None	None	Undefined	0	[ 12.         780.10375977 174.69400024   0.8778947 ]	[ 12.         780.10375977 174.69400024   0.8778947 ]						0.hdf5	67
1234	/data/1_users/pezoldt/man_annotation/stripy/v1/NG050/NG050_P3_CC7/68_0.hdf5	68_0	None	None	normi_circle	0	[ 10.         810.6439209  157.20859146   0.86783111]	[ 10.         810.6439209  157.20859146   0.86783111]						0.hdf5	68
1235	/data/1_users/pezoldt/man_annotation/stripy/v1/NG050/NG050_P3_CC7/69_0.hdf5	69_0	None	None	Undefined	0	[1.20000000e+01 8.62711548e+02 1.20012436e+02 8.61152709e-01]	[1.20000000e+01 8.62711548e+02 1.20012436e+02 8.61152709e-01]						0.hdf5	69
1169	/data/1_users/pezoldt/man_annotation/stripy/v1/NG050/NG050_P3_CC7/6_0.hdf5	6_0	None	None	Undefined	0	[  7.         469.43951416 144.39041519   0.87336802]	[  7.         469.43951416 144.39041519   0.87336802]						0.hdf5	6
1236	/data/1_users/pezoldt/man_annotation/stripy/v1/NG050/NG050_P3_CC7/70_0.hdf5	70_0	None	None	Undefined	0	[ 11.         743.00634766 166.2197113    0.87640363]	[ 11.         743.00634766 166.2197113    0.87640363]						0.hdf5	70
1237	/data/1_users/pezoldt/man_annotation/stripy/v1/NG050/NG050_P3_CC7/71_0.hdf5	71_0	None	None	normi_circle	0	[ 11.         666.78881836 157.63505554   0.87492895]	[ 11.         666.78881836 157.63505554   0.87492895]						0.hdf5	71
1238	/data/1_users/pezoldt/man_annotation/stripy/v1/NG050/NG050_P3_CC7/72_0.hdf5	72_0	None	None	Undefined	0	[ 11.         789.55541992 152.94809341   0.87343848]	[ 11.         789.55541992 152.94809341   0.87343848]						0.hdf5	72
1239	/data/1_users/pezoldt/man_annotation/stripy/v1/NG050/NG050_P3_CC7/73_0.hdf5	73_0	None	None	Undefined	0	[ 10.         690.04956055 312.24707031   0.87346196]	[ 10.         690.04956055 312.24707031   0.87346196]						0.hdf5	73
1240	/data/1_users/pezoldt/man_annotation/stripy/v1/NG050/NG050_P3_CC7/74_0.hdf5	74_0	None	None	normi_circle	0	[1.10000000e+01 1.04284616e+03 1.08665924e+02 8.68884683e-01]	[1.10000000e+01 1.04284616e+03 1.08665924e+02 8.68884683e-01]						0.hdf5	74
1241	/data/1_users/pezoldt/man_annotation/stripy/v1/NG050/NG050_P3_CC7/76_0.hdf5	76_0	None	None	normi_circle	0	[ 10.         682.89154053 198.63879395   0.87544131]	[ 10.         682.89154053 198.63879395   0.87544131]						0.hdf5	76
1242	/data/1_users/pezoldt/man_annotation/stripy/v1/NG050/NG050_P3_CC7/77_0.hdf5	77_0	None	None	normi_circle	0	[ 10.         739.61102295 107.51651001   0.87567347]	[ 10.         739.61102295 107.51651001   0.87567347]						0.hdf5	77
1243	/data/1_users/pezoldt/man_annotation/stripy/v1/NG050/NG050_P3_CC7/78_0.hdf5	78_0	None	None	normi_circle	0	[  8.         477.92504883 124.72170258   0.86813408]	[  8.         477.92504883 124.72170258   0.86813408]						0.hdf5	78
1244	/data/1_users/pezoldt/man_annotation/stripy/v1/NG050/NG050_P3_CC7/79_0.hdf5	79_0	None	None	normi_demicircle	0	[  9.         343.62814331 251.9813385    0.8712216 ]	[  9.         343.62814331 251.9813385    0.8712216 ]						0.hdf5	79
1170	/data/1_users/pezoldt/man_annotation/stripy/v1/NG050/NG050_P3_CC7/7_0.hdf5	7_0	None	None	Undefined	0	[ 12.         823.97192383 201.4118042    0.87332606]	[ 12.         823.97192383 201.4118042    0.87332606]						0.hdf5	7
1245	/data/1_users/pezoldt/man_annotation/stripy/v1/NG050/NG050_P3_CC7/80_0.hdf5	80_0	None	None	Undefined	0	[  6.         447.27624512 187.74241638   0.87070084]	[  6.         447.27624512 187.74241638   0.87070084]						0.hdf5	80
1246	/data/1_users/pezoldt/man_annotation/stripy/v1/NG050/NG050_P3_CC7/81_0.hdf5	81_0	None	None	normi_circle	0	[ 10.         833.3369751  128.37336731   0.87290424]	[ 10.         833.3369751  128.37336731   0.87290424]						0.hdf5	81
1247	/data/1_users/pezoldt/man_annotation/stripy/v1/NG050/NG050_P3_CC7/82_0.hdf5	82_0	None	None	stripy_nucleus	0	[1.00000000e+01 8.99624939e+02 9.30603867e+01 8.77761543e-01]	[1.00000000e+01 8.99624939e+02 9.30603867e+01 8.77761543e-01]						0.hdf5	82
1248	/data/1_users/pezoldt/man_annotation/stripy/v1/NG050/NG050_P3_CC7/83_0.hdf5	83_0	None	None	Undefined	0	[  7.         373.31732178 266.60577393   0.87166488]	[  7.         373.31732178 266.60577393   0.87166488]						0.hdf5	83
1249	/data/1_users/pezoldt/man_annotation/stripy/v1/NG050/NG050_P3_CC7/84_0.hdf5	84_0	None	None	Undefined	0	[ 10.         458.3125     149.50387573   0.87086338]	[ 10.         458.3125     149.50387573   0.87086338]						0.hdf5	84
1250	/data/1_users/pezoldt/man_annotation/stripy/v1/NG050/NG050_P3_CC7/86_0.hdf5	86_0	None	None	Undefined	0	[ 10.         718.9586792  125.60231018   0.86907363]	[ 10.         718.9586792  125.60231018   0.86907363]						0.hdf5	86
1251	/data/1_users/pezoldt/man_annotation/stripy/v1/NG050/NG050_P3_CC7/87_0.hdf5	87_0	None	None	Undefined	0		[1.00000000e+00 1.43195117e+03 2.47224075e+02 8.03029180e-01]	[1.00000000e+00 1.43195117e+03 2.47224075e+02 8.03029180e-01]	[ 10.         865.39581299 175.13310242   0.87605119]				0.hdf5	87
1252	/data/1_users/pezoldt/man_annotation/stripy/v1/NG050/NG050_P3_CC7/87_1.hdf5	87_1	None	None	Undefined	0		[ 10.         865.39581299 175.13310242   0.87605119]	[1.00000000e+00 1.43195117e+03 2.47224075e+02 8.03029180e-01]	[ 10.         865.39581299 175.13310242   0.87605119]				1.hdf5	87
1253	/data/1_users/pezoldt/man_annotation/stripy/v1/NG050/NG050_P3_CC7/88_0.hdf5	88_0	None	None	Undefined	0	[ 10.         480.43811035 162.66885376   0.86135101]	[ 10.         480.43811035 162.66885376   0.86135101]						0.hdf5	88
1254	/data/1_users/pezoldt/man_annotation/stripy/v1/NG050/NG050_P3_CC7/89_0.hdf5	89_0	None	None	normi_demicircle	0	[ 10.         516.20947266 130.62237549   0.87119478]	[ 10.         516.20947266 130.62237549   0.87119478]						0.hdf5	89
1171	/data/1_users/pezoldt/man_annotation/stripy/v1/NG050/NG050_P3_CC7/8_0.hdf5	8_0	None	None	Undefined	0	[1.20000000e+01 1.17207739e+03 3.27525391e+02 8.88141751e-01]	[1.20000000e+01 1.17207739e+03 3.27525391e+02 8.88141751e-01]						0.hdf5	8
1255	/data/1_users/pezoldt/man_annotation/stripy/v1/NG050/NG050_P3_CC7/90_0.hdf5	90_0	None	None	Undefined	0	[  7.         213.97634888 214.92990112   0.86758572]	[  7.         213.97634888 214.92990112   0.86758572]						0.hdf5	90
1256	/data/1_users/pezoldt/man_annotation/stripy/v1/NG050/NG050_P3_CC7/91_0.hdf5	91_0	None	None	Undefined	0	[ 11.         620.64117432 119.77877808   0.86952406]	[ 11.         620.64117432 119.77877808   0.86952406]						0.hdf5	91
1257	/data/1_users/pezoldt/man_annotation/stripy/v1/NG050/NG050_P3_CC7/92_0.hdf5	92_0	None	None	Undefined	0	[  9.         621.6907959  224.46469116   0.85548091]	[  9.         621.6907959  224.46469116   0.85548091]						0.hdf5	92
1258	/data/1_users/pezoldt/man_annotation/stripy/v1/NG050/NG050_P3_CC7/93_0.hdf5	93_0	None	None	normi_circle	0	[ 10.         495.80834961 158.18621826   0.86521167]	[ 10.         495.80834961 158.18621826   0.86521167]						0.hdf5	93
1259	/data/1_users/pezoldt/man_annotation/stripy/v1/NG050/NG050_P3_CC7/94_0.hdf5	94_0	None	None	stripy_nucleus	0	[ 11.         593.51464844 190.21154785   0.86396289]	[ 11.         593.51464844 190.21154785   0.86396289]						0.hdf5	94
1260	/data/1_users/pezoldt/man_annotation/stripy/v1/NG050/NG050_P3_CC7/95_0.hdf5	95_0	None	None	normi_circle	0	[ 11.         607.94042969 152.45421982   0.87185729]	[ 11.         607.94042969 152.45421982   0.87185729]						0.hdf5	95
1172	/data/1_users/pezoldt/man_annotation/stripy/v1/NG050/NG050_P3_CC7/9_0.hdf5	9_0	None	None	Undefined	0	[  8.         167.14381409 244.42202759   0.86811292]	[  8.         167.14381409 244.42202759   0.86811292]						0.hdf5	9
1261	/data/1_users/pezoldt/man_annotation/stripy/v1/NG050/NG050_P4_CC12/0_0.hdf5	0_0	None	None	Undefined	0	[  9.         656.07299805 153.01773071   0.87323821]	[  9.         656.07299805 153.01773071   0.87323821]						0.hdf5	0
1271	/data/1_users/pezoldt/man_annotation/stripy/v1/NG050/NG050_P4_CC12/10_0.hdf5	10_0	None	None	normi_circle	0	[  5.         769.54431152 309.35122681   0.86385977]	[  5.         769.54431152 309.35122681   0.86385977]						0.hdf5	10
1272	/data/1_users/pezoldt/man_annotation/stripy/v1/NG050/NG050_P4_CC12/11_0.hdf5	11_0	None	None	stripy_center	0	[1.00000000e+01 9.04705383e+02 2.35804398e+02 8.67267013e-01]	[1.00000000e+01 9.04705383e+02 2.35804398e+02 8.67267013e-01]						0.hdf5	11
1273	/data/1_users/pezoldt/man_annotation/stripy/v1/NG050/NG050_P4_CC12/12_0.hdf5	12_0	None	None	Undefined	0	[  7.         861.6975708  335.38800049   0.86639833]	[  7.         861.6975708  335.38800049   0.86639833]						0.hdf5	12
1274	/data/1_users/pezoldt/man_annotation/stripy/v1/NG050/NG050_P4_CC12/13_0.hdf5	13_0	None	None	Undefined	0	[  9.         575.43237305 163.00061417   0.85747296]	[  9.         575.43237305 163.00061417   0.85747296]						0.hdf5	13
1275	/data/1_users/pezoldt/man_annotation/stripy/v1/NG050/NG050_P4_CC12/14_0.hdf5	14_0	None	None	Undefined	0	[  9.         874.95666504 339.21002197   0.88762742]	[  9.         874.95666504 339.21002197   0.88762742]						0.hdf5	14
1276	/data/1_users/pezoldt/man_annotation/stripy/v1/NG050/NG050_P4_CC12/15_0.hdf5	15_0	None	None	Undefined	0	[  5.         690.49121094 317.49911499   0.87353778]	[  5.         690.49121094 317.49911499   0.87353778]						0.hdf5	15
1277	/data/1_users/pezoldt/man_annotation/stripy/v1/NG050/NG050_P4_CC12/16_0.hdf5	16_0	None	None	stripy_center	0	[  9.         856.88409424 325.57110596   0.88155484]	[  9.         856.88409424 325.57110596   0.88155484]						0.hdf5	16
1278	/data/1_users/pezoldt/man_annotation/stripy/v1/NG050/NG050_P4_CC12/17_0.hdf5	17_0	None	None	Undefined	0	[7.00000000e+00 8.99434570e+02 2.61781067e+02 8.90974343e-01]	[7.00000000e+00 8.99434570e+02 2.61781067e+02 8.90974343e-01]						0.hdf5	17
1279	/data/1_users/pezoldt/man_annotation/stripy/v1/NG050/NG050_P4_CC12/18_0.hdf5	18_0	None	None	normi_circle	0	[ 11.         696.43334961 189.7918396    0.8758741 ]	[ 11.         696.43334961 189.7918396    0.8758741 ]						0.hdf5	18
1280	/data/1_users/pezoldt/man_annotation/stripy/v1/NG050/NG050_P4_CC12/19_0.hdf5	19_0	None	None	Undefined	0	[  6.         549.2890625  111.16706848   0.86770433]	[  6.         549.2890625  111.16706848   0.86770433]						0.hdf5	19
1262	/data/1_users/pezoldt/man_annotation/stripy/v1/NG050/NG050_P4_CC12/1_0.hdf5	1_0	None	None	normi_circle	0	[  7.         523.21685791 226.13598633   0.86863911]	[  7.         523.21685791 226.13598633   0.86863911]						0.hdf5	1
1281	/data/1_users/pezoldt/man_annotation/stripy/v1/NG050/NG050_P4_CC12/20_0.hdf5	20_0	None	None	stripy_nucleus	0	[1.10000000e+01 9.53167419e+02 2.47638580e+02 8.73983562e-01]	[1.10000000e+01 9.53167419e+02 2.47638580e+02 8.73983562e-01]						0.hdf5	20
1282	/data/1_users/pezoldt/man_annotation/stripy/v1/NG050/NG050_P4_CC12/21_0.hdf5	21_0	None	None	Undefined	0	[  9.         516.09971619 245.16317749   0.87514555]	[  9.         516.09971619 245.16317749   0.87514555]						0.hdf5	21
1283	/data/1_users/pezoldt/man_annotation/stripy/v1/NG050/NG050_P4_CC12/22_0.hdf5	22_0	None	None	stripy_nucleus	0	[6.00000000e+00 9.71268188e+02 2.92948303e+02 8.60013247e-01]	[6.00000000e+00 9.71268188e+02 2.92948303e+02 8.60013247e-01]						0.hdf5	22
1284	/data/1_users/pezoldt/man_annotation/stripy/v1/NG050/NG050_P4_CC12/23_0.hdf5	23_0	None	None	stripy_nucleus	0	[1.10000000e+01 9.51724670e+02 2.42022400e+02 8.76121461e-01]	[1.10000000e+01 9.51724670e+02 2.42022400e+02 8.76121461e-01]						0.hdf5	23
1285	/data/1_users/pezoldt/man_annotation/stripy/v1/NG050/NG050_P4_CC12/24_0.hdf5	24_0	None	None	stripy_nucleus	0	[1.00000000e+01 1.00791168e+03 3.20264404e+02 8.69548380e-01]	[1.00000000e+01 1.00791168e+03 3.20264404e+02 8.69548380e-01]						0.hdf5	24
1286	/data/1_users/pezoldt/man_annotation/stripy/v1/NG050/NG050_P4_CC12/25_0.hdf5	25_0	None	None	Undefined	0	[5.00000000e+00 9.55485352e+02 1.18702538e+02 8.74708116e-01]	[5.00000000e+00 9.55485352e+02 1.18702538e+02 8.74708116e-01]						0.hdf5	25
1287	/data/1_users/pezoldt/man_annotation/stripy/v1/NG050/NG050_P4_CC12/26_0.hdf5	26_0	None	None	Undefined	0	[  7.         368.81060791 242.43786621   0.86753249]	[  7.         368.81060791 242.43786621   0.86753249]						0.hdf5	26
1288	/data/1_users/pezoldt/man_annotation/stripy/v1/NG050/NG050_P4_CC12/27_0.hdf5	27_0	None	None	Undefined	0	[1.10000000e+01 9.43982056e+02 1.28806309e+02 8.64272654e-01]	[1.10000000e+01 9.43982056e+02 1.28806309e+02 8.64272654e-01]						0.hdf5	27
1289	/data/1_users/pezoldt/man_annotation/stripy/v1/NG050/NG050_P4_CC12/28_0.hdf5	28_0	None	None	Undefined	0	[1.00000000e+01 9.92131958e+02 3.30789368e+02 8.75974715e-01]	[1.00000000e+01 9.92131958e+02 3.30789368e+02 8.75974715e-01]						0.hdf5	28
1290	/data/1_users/pezoldt/man_annotation/stripy/v1/NG050/NG050_P4_CC12/29_0.hdf5	29_0	None	None	normi_circle	0	[  4.         824.81182861 274.52037811   0.86503768]	[  4.         824.81182861 274.52037811   0.86503768]						0.hdf5	29
1263	/data/1_users/pezoldt/man_annotation/stripy/v1/NG050/NG050_P4_CC12/2_0.hdf5	2_0	None	None	Undefined	0	[8.00000000e+00 9.23052002e+02 3.18351013e+02 8.66613209e-01]	[8.00000000e+00 9.23052002e+02 3.18351013e+02 8.66613209e-01]						0.hdf5	2
1291	/data/1_users/pezoldt/man_annotation/stripy/v1/NG050/NG050_P4_CC12/30_0.hdf5	30_0	None	None	stripy_center	0	[1.10000000e+01 9.59682129e+02 1.88712418e+02 8.81696999e-01]	[1.10000000e+01 9.59682129e+02 1.88712418e+02 8.81696999e-01]						0.hdf5	30
1292	/data/1_users/pezoldt/man_annotation/stripy/v1/NG050/NG050_P4_CC12/31_0.hdf5	31_0	None	None	stripy_center	0	[  9.         818.99804688 303.2232666    0.87125474]	[  9.         818.99804688 303.2232666    0.87125474]						0.hdf5	31
1293	/data/1_users/pezoldt/man_annotation/stripy/v1/NG050/NG050_P4_CC12/32_0.hdf5	32_0	None	None	Undefined	0	[  6.         729.41162109 108.79666138   0.88113976]	[  6.         729.41162109 108.79666138   0.88113976]						0.hdf5	32
1294	/data/1_users/pezoldt/man_annotation/stripy/v1/NG050/NG050_P4_CC12/33_0.hdf5	33_0	None	None	Undefined	0	[1.00000000e+01 9.78768494e+02 3.14846252e+02 8.62759233e-01]	[1.00000000e+01 9.78768494e+02 3.14846252e+02 8.62759233e-01]						0.hdf5	33
1295	/data/1_users/pezoldt/man_annotation/stripy/v1/NG050/NG050_P4_CC12/34_0.hdf5	34_0	None	None	Undefined	0	[1.00000000e+01 1.13011060e+03 3.11610443e+02 8.78260970e-01]	[1.00000000e+01 1.13011060e+03 3.11610443e+02 8.78260970e-01]						0.hdf5	34
1296	/data/1_users/pezoldt/man_annotation/stripy/v1/NG050/NG050_P4_CC12/35_0.hdf5	35_0	None	None	Undefined	0	[ 10.         860.4519043  195.75228882   0.8799116 ]	[ 10.         860.4519043  195.75228882   0.8799116 ]						0.hdf5	35
1297	/data/1_users/pezoldt/man_annotation/stripy/v1/NG050/NG050_P4_CC12/36_0.hdf5	36_0	None	None	Undefined	0	[ 11.         732.16662598 245.66270447   0.88066602]	[ 11.         732.16662598 245.66270447   0.88066602]						0.hdf5	36
1298	/data/1_users/pezoldt/man_annotation/stripy/v1/NG050/NG050_P4_CC12/37_0.hdf5	37_0	None	None	stripy_nucleus	0	[1.20000000e+01 1.13192212e+03 2.77636047e+02 8.72632742e-01]	[1.20000000e+01 1.13192212e+03 2.77636047e+02 8.72632742e-01]						0.hdf5	37
1299	/data/1_users/pezoldt/man_annotation/stripy/v1/NG050/NG050_P4_CC12/38_0.hdf5	38_0	None	None	Undefined	0	[  7.         654.02825928 337.69128418   0.88485408]	[  7.         654.02825928 337.69128418   0.88485408]						0.hdf5	38
1300	/data/1_users/pezoldt/man_annotation/stripy/v1/NG050/NG050_P4_CC12/39_0.hdf5	39_0	None	None	Undefined	0	[  5.         862.53668213 251.80700684   0.88562518]	[  5.         862.53668213 251.80700684   0.88562518]						0.hdf5	39
1264	/data/1_users/pezoldt/man_annotation/stripy/v1/NG050/NG050_P4_CC12/3_0.hdf5	3_0	None	None	Undefined	0	[  4.         787.64367676 211.05436707   0.88235414]	[  4.         787.64367676 211.05436707   0.88235414]						0.hdf5	3
1301	/data/1_users/pezoldt/man_annotation/stripy/v1/NG050/NG050_P4_CC12/40_0.hdf5	40_0	None	None	normi_circle	0	[  8.         754.38671875 305.53570557   0.87760752]	[  8.         754.38671875 305.53570557   0.87760752]						0.hdf5	40
1302	/data/1_users/pezoldt/man_annotation/stripy/v1/NG050/NG050_P4_CC12/41_0.hdf5	41_0	None	None	Undefined	0	[1.00000000e+01 1.08108521e+03 3.25834747e+02 8.76437604e-01]	[1.00000000e+01 1.08108521e+03 3.25834747e+02 8.76437604e-01]						0.hdf5	41
1303	/data/1_users/pezoldt/man_annotation/stripy/v1/NG050/NG050_P4_CC12/42_0.hdf5	42_0	None	None	stripy_center	0	[ 10.         787.02368164 263.34875488   0.86489892]	[ 10.         787.02368164 263.34875488   0.86489892]						0.hdf5	42
1304	/data/1_users/pezoldt/man_annotation/stripy/v1/NG050/NG050_P4_CC12/43_0.hdf5	43_0	None	None	normi_circle	0	[1.00000000e+01 8.85002075e+02 3.32554749e+02 8.75175714e-01]	[1.00000000e+01 8.85002075e+02 3.32554749e+02 8.75175714e-01]						0.hdf5	43
1305	/data/1_users/pezoldt/man_annotation/stripy/v1/NG050/NG050_P4_CC12/44_0.hdf5	44_0	None	None	stripy_center	0	[1.00000000e+01 1.01930505e+03 3.20649048e+02 8.97474706e-01]	[1.00000000e+01 1.01930505e+03 3.20649048e+02 8.97474706e-01]						0.hdf5	44
1306	/data/1_users/pezoldt/man_annotation/stripy/v1/NG050/NG050_P4_CC12/45_0.hdf5	45_0	None	None	normi_demicircle	0	[1.10000000e+01 1.06235645e+03 3.08166809e+02 8.73881817e-01]	[1.10000000e+01 1.06235645e+03 3.08166809e+02 8.73881817e-01]						0.hdf5	45
1307	/data/1_users/pezoldt/man_annotation/stripy/v1/NG050/NG050_P4_CC12/46_0.hdf5	46_0	None	None	Undefined	0	[5.00000000e+00 9.81442322e+02 3.08017761e+02 8.49460721e-01]	[5.00000000e+00 9.81442322e+02 3.08017761e+02 8.49460721e-01]						0.hdf5	46
1308	/data/1_users/pezoldt/man_annotation/stripy/v1/NG050/NG050_P4_CC12/47_0.hdf5	47_0	None	None	Undefined	0	[ 10.         791.96893311 321.95672607   0.87669951]	[ 10.         791.96893311 321.95672607   0.87669951]						0.hdf5	47
1309	/data/1_users/pezoldt/man_annotation/stripy/v1/NG050/NG050_P4_CC12/48_0.hdf5	48_0	None	None	Undefined	0	[7.00000000e+00 9.64611511e+02 3.16586090e+02 8.82360816e-01]	[7.00000000e+00 9.64611511e+02 3.16586090e+02 8.82360816e-01]						0.hdf5	48
1310	/data/1_users/pezoldt/man_annotation/stripy/v1/NG050/NG050_P4_CC12/49_0.hdf5	49_0	None	None	normi_circle	0	[  9.         816.03552246 346.46514893   0.87129003]	[  9.         816.03552246 346.46514893   0.87129003]						0.hdf5	49
1265	/data/1_users/pezoldt/man_annotation/stripy/v1/NG050/NG050_P4_CC12/4_0.hdf5	4_0	None	None	Undefined	0	[  9.         686.91381836 191.04685974   0.85893226]	[  9.         686.91381836 191.04685974   0.85893226]						0.hdf5	4
1311	/data/1_users/pezoldt/man_annotation/stripy/v1/NG050/NG050_P4_CC12/50_0.hdf5	50_0	None	None	Undefined	0	[  6.         321.93588257 155.4168663    0.87873417]	[  6.         321.93588257 155.4168663    0.87873417]						0.hdf5	50
1312	/data/1_users/pezoldt/man_annotation/stripy/v1/NG050/NG050_P4_CC12/51_0.hdf5	51_0	None	None	Undefined	0		[8.00000000e+00 1.48776953e+03 1.43302944e+02 8.71491969e-01]	[8.00000000e+00 1.48776953e+03 1.43302944e+02 8.71491969e-01]	[  8.         488.12127686 278.68032837   0.87178826]				0.hdf5	51
1313	/data/1_users/pezoldt/man_annotation/stripy/v1/NG050/NG050_P4_CC12/51_1.hdf5	51_1	None	None	Undefined	0		[  8.         488.12127686 278.68032837   0.87178826]	[8.00000000e+00 1.48776953e+03 1.43302944e+02 8.71491969e-01]	[  8.         488.12127686 278.68032837   0.87178826]				1.hdf5	51
1314	/data/1_users/pezoldt/man_annotation/stripy/v1/NG050/NG050_P4_CC12/52_0.hdf5	52_0	None	None	normi_circle	0	[5.00000000e+00 9.85026855e+02 3.11918427e+02 8.81791711e-01]	[5.00000000e+00 9.85026855e+02 3.11918427e+02 8.81791711e-01]						0.hdf5	52
1315	/data/1_users/pezoldt/man_annotation/stripy/v1/NG050/NG050_P4_CC12/53_0.hdf5	53_0	None	None	stripy_nucleus	0	[6.00000000e+00 1.05293250e+03 3.33897095e+02 8.89365435e-01]	[6.00000000e+00 1.05293250e+03 3.33897095e+02 8.89365435e-01]						0.hdf5	53
1316	/data/1_users/pezoldt/man_annotation/stripy/v1/NG050/NG050_P4_CC12/54_0.hdf5	54_0	None	None	stripy_center	0	[  5.         758.98620605 105.81227875   0.87857145]	[  5.         758.98620605 105.81227875   0.87857145]						0.hdf5	54
1317	/data/1_users/pezoldt/man_annotation/stripy/v1/NG050/NG050_P4_CC12/55_0.hdf5	55_0	None	None	Undefined	0	[5.00000000e+00 9.92118652e+02 3.21242096e+02 8.90334606e-01]	[5.00000000e+00 9.92118652e+02 3.21242096e+02 8.90334606e-01]						0.hdf5	55
1318	/data/1_users/pezoldt/man_annotation/stripy/v1/NG050/NG050_P4_CC12/56_0.hdf5	56_0	None	None	normi_circle	0	[  9.         705.59655762 172.86798096   0.88053566]	[  9.         705.59655762 172.86798096   0.88053566]						0.hdf5	56
1319	/data/1_users/pezoldt/man_annotation/stripy/v1/NG050/NG050_P4_CC12/57_0.hdf5	57_0	None	None	Undefined	0	[1.00000000e+01 9.36207520e+02 2.88682709e+02 8.75507176e-01]	[1.00000000e+01 9.36207520e+02 2.88682709e+02 8.75507176e-01]						0.hdf5	57
1320	/data/1_users/pezoldt/man_annotation/stripy/v1/NG050/NG050_P4_CC12/58_0.hdf5	58_0	None	None	Undefined	0	[  8.         862.09423828 332.20614624   0.88001209]	[  8.         862.09423828 332.20614624   0.88001209]						0.hdf5	58
1321	/data/1_users/pezoldt/man_annotation/stripy/v1/NG050/NG050_P4_CC12/59_0.hdf5	59_0	None	None	stripy_center	0	[1.00000000e+01 1.04888406e+03 2.84448601e+02 8.78188193e-01]	[1.00000000e+01 1.04888406e+03 2.84448601e+02 8.78188193e-01]						0.hdf5	59
1266	/data/1_users/pezoldt/man_annotation/stripy/v1/NG050/NG050_P4_CC12/5_0.hdf5	5_0	None	None	Undefined	0	[ 10.         719.98406982 273.45159912   0.85637301]	[ 10.         719.98406982 273.45159912   0.85637301]						0.hdf5	5
1322	/data/1_users/pezoldt/man_annotation/stripy/v1/NG050/NG050_P4_CC12/60_0.hdf5	60_0	None	None	Undefined	0	[1.00000000e+01 1.07741248e+03 3.14427368e+02 8.79966378e-01]	[1.00000000e+01 1.07741248e+03 3.14427368e+02 8.79966378e-01]						0.hdf5	60
1323	/data/1_users/pezoldt/man_annotation/stripy/v1/NG050/NG050_P4_CC12/61_0.hdf5	61_0	None	None	stripy_center	0	[  6.         699.74023438 141.39570618   0.8845458 ]	[  6.         699.74023438 141.39570618   0.8845458 ]						0.hdf5	61
1324	/data/1_users/pezoldt/man_annotation/stripy/v1/NG050/NG050_P4_CC12/62_0.hdf5	62_0	None	None	Undefined	0	[1.10000000e+01 1.05849219e+03 2.91158356e+02 8.69695663e-01]	[1.10000000e+01 1.05849219e+03 2.91158356e+02 8.69695663e-01]						0.hdf5	62
1325	/data/1_users/pezoldt/man_annotation/stripy/v1/NG050/NG050_P4_CC12/63_0.hdf5	63_0	None	None	stripy_nucleus	0	[1.00000000e+01 1.01939844e+03 3.24517120e+02 8.67827594e-01]	[1.00000000e+01 1.01939844e+03 3.24517120e+02 8.67827594e-01]						0.hdf5	63
1326	/data/1_users/pezoldt/man_annotation/stripy/v1/NG050/NG050_P4_CC12/64_0.hdf5	64_0	None	None	stripy_nucleus	0	[9.00000000e+00 1.02425000e+03 3.34614594e+02 8.70826781e-01]	[9.00000000e+00 1.02425000e+03 3.34614594e+02 8.70826781e-01]						0.hdf5	64
1327	/data/1_users/pezoldt/man_annotation/stripy/v1/NG050/NG050_P4_CC12/65_0.hdf5	65_0	None	None	Undefined	0	[  5.         819.51879883 280.74795532   0.88068813]	[  5.         819.51879883 280.74795532   0.88068813]						0.hdf5	65
1328	/data/1_users/pezoldt/man_annotation/stripy/v1/NG050/NG050_P4_CC12/66_0.hdf5	66_0	None	None	Undefined	0	[1.00000000e+01 1.07509692e+03 2.96902222e+02 8.84848297e-01]	[1.00000000e+01 1.07509692e+03 2.96902222e+02 8.84848297e-01]						0.hdf5	66
1329	/data/1_users/pezoldt/man_annotation/stripy/v1/NG050/NG050_P4_CC12/67_0.hdf5	67_0	None	None	Undefined	0	[  9.         634.68389893 306.20758057   0.88240063]	[  9.         634.68389893 306.20758057   0.88240063]						0.hdf5	67
1330	/data/1_users/pezoldt/man_annotation/stripy/v1/NG050/NG050_P4_CC12/68_0.hdf5	68_0	None	None	normi_demicircle	0	[1.00000000e+01 9.29170044e+02 2.94252502e+02 8.69249225e-01]	[1.00000000e+01 9.29170044e+02 2.94252502e+02 8.69249225e-01]						0.hdf5	68
1331	/data/1_users/pezoldt/man_annotation/stripy/v1/NG050/NG050_P4_CC12/69_0.hdf5	69_0	None	None	Undefined	0	[  6.         415.44128418 150.65612411   0.8776685 ]	[  6.         415.44128418 150.65612411   0.8776685 ]						0.hdf5	69
1267	/data/1_users/pezoldt/man_annotation/stripy/v1/NG050/NG050_P4_CC12/6_0.hdf5	6_0	None	None	Undefined	0	[  6.         665.36804199 300.30267334   0.87235022]	[  6.         665.36804199 300.30267334   0.87235022]						0.hdf5	6
1332	/data/1_users/pezoldt/man_annotation/stripy/v1/NG050/NG050_P4_CC12/70_0.hdf5	70_0	None	None	stripy_center	0	[1.00000000e+01 9.39333130e+02 2.16791489e+02 8.85301590e-01]	[1.00000000e+01 9.39333130e+02 2.16791489e+02 8.85301590e-01]						0.hdf5	70
1333	/data/1_users/pezoldt/man_annotation/stripy/v1/NG050/NG050_P4_CC12/71_0.hdf5	71_0	None	None	Undefined	0	[  7.         707.58093262 280.42095184   0.87318343]	[  7.         707.58093262 280.42095184   0.87318343]						0.hdf5	71
1334	/data/1_users/pezoldt/man_annotation/stripy/v1/NG050/NG050_P4_CC12/72_0.hdf5	72_0	None	None	normi_circle	0	[  5.         638.96191406 273.71417236   0.86699486]	[  5.         638.96191406 273.71417236   0.86699486]						0.hdf5	72
1335	/data/1_users/pezoldt/man_annotation/stripy/v1/NG050/NG050_P4_CC12/73_0.hdf5	73_0	None	None	stripy_center	0	[5.00000000e+00 1.08096252e+03 3.45453430e+02 8.85311902e-01]	[5.00000000e+00 1.08096252e+03 3.45453430e+02 8.85311902e-01]						0.hdf5	73
1336	/data/1_users/pezoldt/man_annotation/stripy/v1/NG050/NG050_P4_CC12/74_0.hdf5	74_0	None	None	Undefined	0	[5.00000000e+00 1.20193799e+03 3.28164429e+02 8.98871601e-01]	[5.00000000e+00 1.20193799e+03 3.28164429e+02 8.98871601e-01]						0.hdf5	74
1337	/data/1_users/pezoldt/man_annotation/stripy/v1/NG050/NG050_P4_CC12/75_0.hdf5	75_0	None	None	Undefined	0	[  9.         852.690979   299.6539917    0.86950666]	[  9.         852.690979   299.6539917    0.86950666]						0.hdf5	75
1338	/data/1_users/pezoldt/man_annotation/stripy/v1/NG050/NG050_P4_CC12/76_0.hdf5	76_0	None	None	Undefined	0	[  7.         626.96801758 134.66702271   0.87200648]	[  7.         626.96801758 134.66702271   0.87200648]						0.hdf5	76
1339	/data/1_users/pezoldt/man_annotation/stripy/v1/NG050/NG050_P4_CC12/77_0.hdf5	77_0	None	None	Undefined	0	[1.00000000e+01 9.75871338e+02 2.55889862e+02 8.73721421e-01]	[1.00000000e+01 9.75871338e+02 2.55889862e+02 8.73721421e-01]						0.hdf5	77
1340	/data/1_users/pezoldt/man_annotation/stripy/v1/NG050/NG050_P4_CC12/78_0.hdf5	78_0	None	None	Undefined	0	[1.00000000e+01 8.70947021e+02 2.15884598e+02 8.70014966e-01]	[1.00000000e+01 8.70947021e+02 2.15884598e+02 8.70014966e-01]						0.hdf5	78
1341	/data/1_users/pezoldt/man_annotation/stripy/v1/NG050/NG050_P4_CC12/79_0.hdf5	79_0	None	None	normi_demicircle	0	[  8.         768.43432617 331.809021     0.86143911]	[  8.         768.43432617 331.809021     0.86143911]						0.hdf5	79
1268	/data/1_users/pezoldt/man_annotation/stripy/v1/NG050/NG050_P4_CC12/7_0.hdf5	7_0	None	None	stripy_center	0	[  8.         669.10571289 330.46008301   0.8710711 ]	[  8.         669.10571289 330.46008301   0.8710711 ]						0.hdf5	7
1342	/data/1_users/pezoldt/man_annotation/stripy/v1/NG050/NG050_P4_CC12/80_0.hdf5	80_0	None	None	Undefined	0	[1.00000000e+01 1.08738452e+03 2.97722839e+02 8.76139760e-01]	[1.00000000e+01 1.08738452e+03 2.97722839e+02 8.76139760e-01]						0.hdf5	80
1343	/data/1_users/pezoldt/man_annotation/stripy/v1/NG050/NG050_P4_CC12/81_0.hdf5	81_0	None	None	Undefined	0	[ 10.         803.6348877  275.53683472   0.86237943]	[ 10.         803.6348877  275.53683472   0.86237943]						0.hdf5	81
1344	/data/1_users/pezoldt/man_annotation/stripy/v1/NG050/NG050_P4_CC12/82_0.hdf5	82_0	None	None	stripy_nucleus	0	[  4.         839.10424805 128.95428467   0.88959211]	[  4.         839.10424805 128.95428467   0.88959211]						0.hdf5	82
1345	/data/1_users/pezoldt/man_annotation/stripy/v1/NG050/NG050_P4_CC12/83_0.hdf5	83_0	None	None	stripy_nucleus	0	[1.00000000e+01 9.40587280e+02 3.29629425e+02 8.70777249e-01]	[1.00000000e+01 9.40587280e+02 3.29629425e+02 8.70777249e-01]						0.hdf5	83
1346	/data/1_users/pezoldt/man_annotation/stripy/v1/NG050/NG050_P4_CC12/84_0.hdf5	84_0	None	None	Undefined	0	[1.00000000e+01 1.25071362e+03 3.06214874e+02 8.92399311e-01]	[1.00000000e+01 1.25071362e+03 3.06214874e+02 8.92399311e-01]						0.hdf5	84
1347	/data/1_users/pezoldt/man_annotation/stripy/v1/NG050/NG050_P4_CC12/85_0.hdf5	85_0	None	None	Undefined	0	[9.00000000e+00 1.01912085e+03 3.09416870e+02 8.65997016e-01]	[9.00000000e+00 1.01912085e+03 3.09416870e+02 8.65997016e-01]						0.hdf5	85
1348	/data/1_users/pezoldt/man_annotation/stripy/v1/NG050/NG050_P4_CC12/86_0.hdf5	86_0	None	None	Undefined	0	[  3.         674.16040039 253.27243042   0.87071449]	[  3.         674.16040039 253.27243042   0.87071449]						0.hdf5	86
1349	/data/1_users/pezoldt/man_annotation/stripy/v1/NG050/NG050_P4_CC12/87_0.hdf5	87_0	None	None	Undefined	0	[  3.         810.69384766 252.03109741   0.87153918]	[  3.         810.69384766 252.03109741   0.87153918]						0.hdf5	87
1350	/data/1_users/pezoldt/man_annotation/stripy/v1/NG050/NG050_P4_CC12/88_0.hdf5	88_0	None	None	Undefined	0	[1.00000000e+01 1.01372919e+03 2.81291382e+02 8.69273543e-01]	[1.00000000e+01 1.01372919e+03 2.81291382e+02 8.69273543e-01]						0.hdf5	88
1351	/data/1_users/pezoldt/man_annotation/stripy/v1/NG050/NG050_P4_CC12/89_0.hdf5	89_0	None	None	Undefined	0	[6.00000000e+00 9.01364868e+02 3.29594482e+02 8.82177651e-01]	[6.00000000e+00 9.01364868e+02 3.29594482e+02 8.82177651e-01]						0.hdf5	89
1269	/data/1_users/pezoldt/man_annotation/stripy/v1/NG050/NG050_P4_CC12/8_0.hdf5	8_0	None	None	normi_circle	0	[  5.         580.40393066 296.53912354   0.87077886]	[  5.         580.40393066 296.53912354   0.87077886]						0.hdf5	8
1352	/data/1_users/pezoldt/man_annotation/stripy/v1/NG050/NG050_P4_CC12/90_0.hdf5	90_0	None	None	Undefined	0	[9.00000000e+00 9.16748596e+02 2.70685394e+02 8.86058271e-01]	[9.00000000e+00 9.16748596e+02 2.70685394e+02 8.86058271e-01]						0.hdf5	90
1353	/data/1_users/pezoldt/man_annotation/stripy/v1/NG050/NG050_P4_CC12/91_0.hdf5	91_0	None	None	Undefined	0	[  8.         723.96899414 113.20331573   0.87752628]	[  8.         723.96899414 113.20331573   0.87752628]						0.hdf5	91
1354	/data/1_users/pezoldt/man_annotation/stripy/v1/NG050/NG050_P4_CC12/92_0.hdf5	92_0	None	None	Undefined	0	[  8.         511.921875   211.53634644   0.87527227]	[  8.         511.921875   211.53634644   0.87527227]						0.hdf5	92
1355	/data/1_users/pezoldt/man_annotation/stripy/v1/NG050/NG050_P4_CC12/94_0.hdf5	94_0	None	None	stripy_center	0	[  9.         727.6138916  144.42581558   0.89156866]	[  9.         727.6138916  144.42581558   0.89156866]						0.hdf5	94
1356	/data/1_users/pezoldt/man_annotation/stripy/v1/NG050/NG050_P4_CC12/95_0.hdf5	95_0	None	None	normi_circle	0	[  5.         383.06494141 173.4287262    0.86800098]	[  5.         383.06494141 173.4287262    0.86800098]						0.hdf5	95
1270	/data/1_users/pezoldt/man_annotation/stripy/v1/NG050/NG050_P4_CC12/9_0.hdf5	9_0	None	None	stripy_center	0	[  7.         635.21008301 198.17094421   0.88735706]	[  7.         635.21008301 198.17094421   0.88735706]						0.hdf5	9
1366	/data/1_users/pezoldt/man_annotation/stripy/v1/NG050/NG050_P4_CC5/10_0.hdf5	10_0	None	None	stripy_center	0	[  8.         746.44848633  82.09656525   0.87278128]	[  8.         746.44848633  82.09656525   0.87278128]						0.hdf5	10
1367	/data/1_users/pezoldt/man_annotation/stripy/v1/NG050/NG050_P4_CC5/11_0.hdf5	11_0	None	None	Undefined	0	[7.00000000e+00 8.86524170e+02 3.00870087e+02 8.80737007e-01]	[7.00000000e+00 8.86524170e+02 3.00870087e+02 8.80737007e-01]						0.hdf5	11
1368	/data/1_users/pezoldt/man_annotation/stripy/v1/NG050/NG050_P4_CC5/12_0.hdf5	12_0	None	None	Undefined	0	[  3.         583.06286621 250.87942505   0.86392373]	[  3.         583.06286621 250.87942505   0.86392373]						0.hdf5	12
1369	/data/1_users/pezoldt/man_annotation/stripy/v1/NG050/NG050_P4_CC5/13_0.hdf5	13_0	None	None	stripy_center	0	[8.00000000e+00 9.07658447e+02 1.81160919e+02 8.97190213e-01]	[8.00000000e+00 9.07658447e+02 1.81160919e+02 8.97190213e-01]						0.hdf5	13
1370	/data/1_users/pezoldt/man_annotation/stripy/v1/NG050/NG050_P4_CC5/14_0.hdf5	14_0	None	None	normi_circle	0	[9.00000000e+00 1.03245935e+03 3.13840240e+02 8.79484713e-01]	[9.00000000e+00 1.03245935e+03 3.13840240e+02 8.79484713e-01]						0.hdf5	14
1371	/data/1_users/pezoldt/man_annotation/stripy/v1/NG050/NG050_P4_CC5/15_0.hdf5	15_0	None	None	stripy_center	0	[  8.         744.06665039 127.8901825    0.88427299]	[  8.         744.06665039 127.8901825    0.88427299]						0.hdf5	15
1372	/data/1_users/pezoldt/man_annotation/stripy/v1/NG050/NG050_P4_CC5/16_0.hdf5	16_0	None	None	Undefined	0	[  4.         723.24450684 272.33264923   0.87559628]	[  4.         723.24450684 272.33264923   0.87559628]						0.hdf5	16
1373	/data/1_users/pezoldt/man_annotation/stripy/v1/NG050/NG050_P4_CC5/17_0.hdf5	17_0	None	None	Undefined	0	[8.00000000e+00 8.99034668e+02 3.04017090e+02 8.79425347e-01]	[8.00000000e+00 8.99034668e+02 3.04017090e+02 8.79425347e-01]						0.hdf5	17
1374	/data/1_users/pezoldt/man_annotation/stripy/v1/NG050/NG050_P4_CC5/18_0.hdf5	18_0	None	None	normi_circle	0	[  7.         685.63580322 176.69429016   0.87822706]	[  7.         685.63580322 176.69429016   0.87822706]						0.hdf5	18
1375	/data/1_users/pezoldt/man_annotation/stripy/v1/NG050/NG050_P4_CC5/19_0.hdf5	19_0	None	None	Undefined	0	[  9.         746.87890625 229.4339447    0.87271392]	[  9.         746.87890625 229.4339447    0.87271392]						0.hdf5	19
1357	/data/1_users/pezoldt/man_annotation/stripy/v1/NG050/NG050_P4_CC5/1_0.hdf5	1_0	None	None	Undefined	0	[8.00000000e+00 8.86124268e+02 2.39418640e+02 8.16017270e-01]	[8.00000000e+00 8.86124268e+02 2.39418640e+02 8.16017270e-01]						0.hdf5	1
1376	/data/1_users/pezoldt/man_annotation/stripy/v1/NG050/NG050_P4_CC5/20_0.hdf5	20_0	None	None	Undefined	0	[1.00000000e+01 1.04777502e+03 2.73618378e+02 8.81011128e-01]	[1.00000000e+01 1.04777502e+03 2.73618378e+02 8.81011128e-01]						0.hdf5	20
1377	/data/1_users/pezoldt/man_annotation/stripy/v1/NG050/NG050_P4_CC5/21_0.hdf5	21_0	None	None	normi_circle	0	[8.00000000e+00 9.12195190e+02 2.94821419e+02 8.63120556e-01]	[8.00000000e+00 9.12195190e+02 2.94821419e+02 8.63120556e-01]						0.hdf5	21
1378	/data/1_users/pezoldt/man_annotation/stripy/v1/NG050/NG050_P4_CC5/22_0.hdf5	22_0	None	None	Undefined	0	[8.00000000e+00 1.18689746e+03 3.60901611e+02 8.68101060e-01]	[8.00000000e+00 1.18689746e+03 3.60901611e+02 8.68101060e-01]						0.hdf5	22
1379	/data/1_users/pezoldt/man_annotation/stripy/v1/NG050/NG050_P4_CC5/23_0.hdf5	23_0	None	None	stripy_center	0	[  7.         524.6552124  140.89303207   0.88267177]	[  7.         524.6552124  140.89303207   0.88267177]						0.hdf5	23
1380	/data/1_users/pezoldt/man_annotation/stripy/v1/NG050/NG050_P4_CC5/24_0.hdf5	24_0	None	None	normi_circle	0	[  7.         748.31994629 234.98162842   0.8800832 ]	[  7.         748.31994629 234.98162842   0.8800832 ]						0.hdf5	24
1381	/data/1_users/pezoldt/man_annotation/stripy/v1/NG050/NG050_P4_CC5/25_0.hdf5	25_0	None	None	stripy_center	0	[7.00000000e+00 1.09181653e+03 3.51882202e+02 8.71756256e-01]	[7.00000000e+00 1.09181653e+03 3.51882202e+02 8.71756256e-01]						0.hdf5	25
1382	/data/1_users/pezoldt/man_annotation/stripy/v1/NG050/NG050_P4_CC5/26_0.hdf5	26_0	None	None	stripy_center	0	[9.00000000e+00 9.38511597e+02 3.14036743e+02 8.73079479e-01]	[9.00000000e+00 9.38511597e+02 3.14036743e+02 8.73079479e-01]						0.hdf5	26
1383	/data/1_users/pezoldt/man_annotation/stripy/v1/NG050/NG050_P4_CC5/27_0.hdf5	27_0	None	None	Undefined	0	[  5.         373.58206177 157.41163635   0.87393707]	[  5.         373.58206177 157.41163635   0.87393707]						0.hdf5	27
1384	/data/1_users/pezoldt/man_annotation/stripy/v1/NG050/NG050_P4_CC5/28_0.hdf5	28_0	None	None	Undefined	0	[8.00000000e+00 1.03005276e+03 2.87608215e+02 8.65741193e-01]	[8.00000000e+00 1.03005276e+03 2.87608215e+02 8.65741193e-01]						0.hdf5	28
1385	/data/1_users/pezoldt/man_annotation/stripy/v1/NG050/NG050_P4_CC5/29_0.hdf5	29_0	None	None	Undefined	0	[  6.         676.19616699 294.11437988   0.87683624]	[  6.         676.19616699 294.11437988   0.87683624]						0.hdf5	29
1358	/data/1_users/pezoldt/man_annotation/stripy/v1/NG050/NG050_P4_CC5/2_0.hdf5	2_0	None	None	normi_circle	0	[  5.         619.91308594 331.63604736   0.87725711]	[  5.         619.91308594 331.63604736   0.87725711]						0.hdf5	2
1386	/data/1_users/pezoldt/man_annotation/stripy/v1/NG050/NG050_P4_CC5/30_0.hdf5	30_0	None	None	normi_circle	0		[  8.         831.06640625 265.0932312    0.87310427]	[  8.         831.06640625 265.0932312    0.87310427]	[ 11.         271.25579834 157.81433105   0.84845692]				0.hdf5	30
1387	/data/1_users/pezoldt/man_annotation/stripy/v1/NG050/NG050_P4_CC5/30_1.hdf5	30_1	None	None	Undefined	0		[ 11.         271.25579834 157.81433105   0.84845692]	[  8.         831.06640625 265.0932312    0.87310427]	[ 11.         271.25579834 157.81433105   0.84845692]				1.hdf5	30
1388	/data/1_users/pezoldt/man_annotation/stripy/v1/NG050/NG050_P4_CC5/31_0.hdf5	31_0	None	None	Undefined	0		[5.00000000e+00 8.72611633e+02 1.87522095e+02 8.54002237e-01]	[5.00000000e+00 8.72611633e+02 1.87522095e+02 8.54002237e-01]	[  6.         829.82312012 239.94390869   0.88025296]	[ 10.         364.61914062 219.10694885   0.83410466]			0.hdf5	31
1389	/data/1_users/pezoldt/man_annotation/stripy/v1/NG050/NG050_P4_CC5/31_1.hdf5	31_1	None	None	Undefined	0		[  6.         829.82312012 239.94390869   0.88025296]	[5.00000000e+00 8.72611633e+02 1.87522095e+02 8.54002237e-01]	[  6.         829.82312012 239.94390869   0.88025296]	[ 10.         364.61914062 219.10694885   0.83410466]			1.hdf5	31
1390	/data/1_users/pezoldt/man_annotation/stripy/v1/NG050/NG050_P4_CC5/31_2.hdf5	31_2	None	None	Undefined	0		[ 10.         364.61914062 219.10694885   0.83410466]	[5.00000000e+00 8.72611633e+02 1.87522095e+02 8.54002237e-01]	[  6.         829.82312012 239.94390869   0.88025296]	[ 10.         364.61914062 219.10694885   0.83410466]			2.hdf5	31
1391	/data/1_users/pezoldt/man_annotation/stripy/v1/NG050/NG050_P4_CC5/32_0.hdf5	32_0	None	None	Undefined	0		[  6.         683.30773926 156.06646347   0.85426754]	[  6.         683.30773926 156.06646347   0.85426754]	[  6.         670.35632324 262.5932312    0.83831   ]				0.hdf5	32
1392	/data/1_users/pezoldt/man_annotation/stripy/v1/NG050/NG050_P4_CC5/32_1.hdf5	32_1	None	None	Undefined	0		[  6.         670.35632324 262.5932312    0.83831   ]	[  6.         683.30773926 156.06646347   0.85426754]	[  6.         670.35632324 262.5932312    0.83831   ]				1.hdf5	32
1393	/data/1_users/pezoldt/man_annotation/stripy/v1/NG050/NG050_P4_CC5/33_0.hdf5	33_0	None	None	Undefined	0	[2.00000000e+00 9.78551147e+02 1.79722321e+02 8.82287920e-01]	[2.00000000e+00 9.78551147e+02 1.79722321e+02 8.82287920e-01]						0.hdf5	33
1394	/data/1_users/pezoldt/man_annotation/stripy/v1/NG050/NG050_P4_CC5/34_0.hdf5	34_0	None	None	Undefined	0	[  4.         615.79785156 302.05264282   0.86999947]	[  4.         615.79785156 302.05264282   0.86999947]						0.hdf5	34
1395	/data/1_users/pezoldt/man_annotation/stripy/v1/NG050/NG050_P4_CC5/35_0.hdf5	35_0	None	None	Undefined	0	[8.00000000e+00 9.05301208e+02 3.23422852e+02 8.61014605e-01]	[8.00000000e+00 9.05301208e+02 3.23422852e+02 8.61014605e-01]						0.hdf5	35
1396	/data/1_users/pezoldt/man_annotation/stripy/v1/NG050/NG050_P4_CC5/36_0.hdf5	36_0	None	None	Undefined	0	[  5.         697.05981445 277.93768311   0.87993431]	[  5.         697.05981445 277.93768311   0.87993431]						0.hdf5	36
1397	/data/1_users/pezoldt/man_annotation/stripy/v1/NG050/NG050_P4_CC5/37_0.hdf5	37_0	None	None	normi_circle	0	[  5.         251.41795349 120.17086792   0.84710288]	[  5.         251.41795349 120.17086792   0.84710288]						0.hdf5	37
1398	/data/1_users/pezoldt/man_annotation/stripy/v1/NG050/NG050_P4_CC5/38_0.hdf5	38_0	None	None	normi_circle	0	[  3.         564.38342285 300.57003784   0.87437147]	[  3.         564.38342285 300.57003784   0.87437147]						0.hdf5	38
1399	/data/1_users/pezoldt/man_annotation/stripy/v1/NG050/NG050_P4_CC5/39_0.hdf5	39_0	None	None	normi_demicircle	0	[  5.         674.39758301  87.49575043   0.87763518]	[  5.         674.39758301  87.49575043   0.87763518]						0.hdf5	39
1359	/data/1_users/pezoldt/man_annotation/stripy/v1/NG050/NG050_P4_CC5/3_0.hdf5	3_0	None	None	stripy_center	0	[  7.         704.42919922 102.5329113    0.87367547]	[  7.         704.42919922 102.5329113    0.87367547]						0.hdf5	3
1400	/data/1_users/pezoldt/man_annotation/stripy/v1/NG050/NG050_P4_CC5/40_0.hdf5	40_0	None	None	Undefined	0	[7.00000000e+00 9.55424988e+02 3.21589325e+02 8.72403562e-01]	[7.00000000e+00 9.55424988e+02 3.21589325e+02 8.72403562e-01]						0.hdf5	40
1401	/data/1_users/pezoldt/man_annotation/stripy/v1/NG050/NG050_P4_CC5/41_0.hdf5	41_0	None	None	Undefined	0	[  7.         749.8338623  111.93958282   0.88002485]	[  7.         749.8338623  111.93958282   0.88002485]						0.hdf5	41
1402	/data/1_users/pezoldt/man_annotation/stripy/v1/NG050/NG050_P4_CC5/42_0.hdf5	42_0	None	None	stripy_center	0	[  2.         693.76098633 301.02322388   0.8838191 ]	[  2.         693.76098633 301.02322388   0.8838191 ]						0.hdf5	42
1403	/data/1_users/pezoldt/man_annotation/stripy/v1/NG050/NG050_P4_CC5/43_0.hdf5	43_0	None	None	stripy_nucleus	0		[7.00000000e+00 9.24456543e+02 3.25679749e+02 8.79667163e-01]	[7.00000000e+00 9.24456543e+02 3.25679749e+02 8.79667163e-01]	[ 10.         463.55548096 219.66192627   0.84444189]				0.hdf5	43
1404	/data/1_users/pezoldt/man_annotation/stripy/v1/NG050/NG050_P4_CC5/43_1.hdf5	43_1	None	None	Undefined	0		[ 10.         463.55548096 219.66192627   0.84444189]	[7.00000000e+00 9.24456543e+02 3.25679749e+02 8.79667163e-01]	[ 10.         463.55548096 219.66192627   0.84444189]				1.hdf5	43
1405	/data/1_users/pezoldt/man_annotation/stripy/v1/NG050/NG050_P4_CC5/44_0.hdf5	44_0	None	None	normi_circle	0		[8.00000000e+00 9.33135376e+02 2.99326416e+02 8.75712335e-01]	[8.00000000e+00 9.33135376e+02 2.99326416e+02 8.75712335e-01]	[1.10000000e+01 9.83333618e+02 2.52498901e+02 8.39835942e-01]				0.hdf5	44
1406	/data/1_users/pezoldt/man_annotation/stripy/v1/NG050/NG050_P4_CC5/44_1.hdf5	44_1	None	None	Undefined	0		[1.10000000e+01 9.83333618e+02 2.52498901e+02 8.39835942e-01]	[8.00000000e+00 9.33135376e+02 2.99326416e+02 8.75712335e-01]	[1.10000000e+01 9.83333618e+02 2.52498901e+02 8.39835942e-01]				1.hdf5	44
1407	/data/1_users/pezoldt/man_annotation/stripy/v1/NG050/NG050_P4_CC5/45_0.hdf5	45_0	None	None	Undefined	0	[  8.         732.97827148 149.6675148    0.88781381]	[  8.         732.97827148 149.6675148    0.88781381]						0.hdf5	45
1408	/data/1_users/pezoldt/man_annotation/stripy/v1/NG050/NG050_P4_CC5/46_0.hdf5	46_0	None	None	normi_circle	0	[  8.         570.41967773  98.69699097   0.87035865]	[  8.         570.41967773  98.69699097   0.87035865]						0.hdf5	46
1409	/data/1_users/pezoldt/man_annotation/stripy/v1/NG050/NG050_P4_CC5/47_0.hdf5	47_0	None	None	stripy_center	0	[  7.         660.71905518 250.05697632   0.87546176]	[  7.         660.71905518 250.05697632   0.87546176]						0.hdf5	47
1410	/data/1_users/pezoldt/man_annotation/stripy/v1/NG050/NG050_P4_CC5/48_0.hdf5	48_0	None	None	Undefined	0	[9.00000000e+00 1.09485889e+03 2.94225037e+02 8.67676616e-01]	[9.00000000e+00 1.09485889e+03 2.94225037e+02 8.67676616e-01]						0.hdf5	48
1411	/data/1_users/pezoldt/man_annotation/stripy/v1/NG050/NG050_P4_CC5/49_0.hdf5	49_0	None	None	Undefined	0	[  3.         712.52392578 309.49703979   0.88025421]	[  3.         712.52392578 309.49703979   0.88025421]						0.hdf5	49
1360	/data/1_users/pezoldt/man_annotation/stripy/v1/NG050/NG050_P4_CC5/4_0.hdf5	4_0	None	None	stripy_center	0	[9.00000000e+00 9.55641602e+02 2.27527985e+02 8.70083690e-01]	[9.00000000e+00 9.55641602e+02 2.27527985e+02 8.70083690e-01]						0.hdf5	4
1412	/data/1_users/pezoldt/man_annotation/stripy/v1/NG050/NG050_P4_CC5/50_0.hdf5	50_0	None	None	stripy_center	0	[6.00000000e+00 9.15352173e+02 2.78765503e+02 8.63989413e-01]	[6.00000000e+00 9.15352173e+02 2.78765503e+02 8.63989413e-01]						0.hdf5	50
1413	/data/1_users/pezoldt/man_annotation/stripy/v1/NG050/NG050_P4_CC5/51_0.hdf5	51_0	None	None	stripy_center	0	[  8.         736.27587891 165.66436768   0.87593883]	[  8.         736.27587891 165.66436768   0.87593883]						0.hdf5	51
1414	/data/1_users/pezoldt/man_annotation/stripy/v1/NG050/NG050_P4_CC5/52_0.hdf5	52_0	None	None	Undefined	0	[  6.         476.33740234 132.16697693   0.8680293 ]	[  6.         476.33740234 132.16697693   0.8680293 ]						0.hdf5	52
1415	/data/1_users/pezoldt/man_annotation/stripy/v1/NG050/NG050_P4_CC5/53_0.hdf5	53_0	None	None	normi_circle	0	[  8.         825.27026367 129.5171814    0.87124741]	[  8.         825.27026367 129.5171814    0.87124741]						0.hdf5	53
1416	/data/1_users/pezoldt/man_annotation/stripy/v1/NG050/NG050_P4_CC5/54_0.hdf5	54_0	None	None	Undefined	0	[6.00000000e+00 8.85703674e+02 3.30798889e+02 8.74012828e-01]	[6.00000000e+00 8.85703674e+02 3.30798889e+02 8.74012828e-01]						0.hdf5	54
1417	/data/1_users/pezoldt/man_annotation/stripy/v1/NG050/NG050_P4_CC5/55_0.hdf5	55_0	None	None	stripy_nucleus	0	[8.00000000e+00 1.09730151e+03 3.07819214e+02 8.64813149e-01]	[8.00000000e+00 1.09730151e+03 3.07819214e+02 8.64813149e-01]						0.hdf5	55
1418	/data/1_users/pezoldt/man_annotation/stripy/v1/NG050/NG050_P4_CC5/56_0.hdf5	56_0	None	None	stripy_nucleus	0	[  4.         494.32611084 103.53571892   0.88220149]	[  4.         494.32611084 103.53571892   0.88220149]						0.hdf5	56
1419	/data/1_users/pezoldt/man_annotation/stripy/v1/NG050/NG050_P4_CC5/57_0.hdf5	57_0	None	None	Undefined	0	[  5.         563.65026855 260.97116089   0.87161732]	[  5.         563.65026855 260.97116089   0.87161732]						0.hdf5	57
1420	/data/1_users/pezoldt/man_annotation/stripy/v1/NG050/NG050_P4_CC5/58_0.hdf5	58_0	None	None	Undefined	0	[  3.          32.3739624  223.3578186    0.86689883]	[  3.          32.3739624  223.3578186    0.86689883]						0.hdf5	58
1421	/data/1_users/pezoldt/man_annotation/stripy/v1/NG050/NG050_P4_CC5/59_0.hdf5	59_0	None	None	normi_circle	0	[  5.         411.39358521 102.70491028   0.8699919 ]	[  5.         411.39358521 102.70491028   0.8699919 ]						0.hdf5	59
1361	/data/1_users/pezoldt/man_annotation/stripy/v1/NG050/NG050_P4_CC5/5_0.hdf5	5_0	None	None	Undefined	0	[9.00000000e+00 9.25471619e+02 2.63213348e+02 8.70361149e-01]	[9.00000000e+00 9.25471619e+02 2.63213348e+02 8.70361149e-01]						0.hdf5	5
1422	/data/1_users/pezoldt/man_annotation/stripy/v1/NG050/NG050_P4_CC5/60_0.hdf5	60_0	None	None	Undefined	0	[7.00000000e+00 9.46000793e+02 3.27475647e+02 8.71957541e-01]	[7.00000000e+00 9.46000793e+02 3.27475647e+02 8.71957541e-01]						0.hdf5	60
1423	/data/1_users/pezoldt/man_annotation/stripy/v1/NG050/NG050_P4_CC5/61_0.hdf5	61_0	None	None	stripy_nucleus	0	[8.00000000e+00 1.09832446e+03 2.95158203e+02 8.74245286e-01]	[8.00000000e+00 1.09832446e+03 2.95158203e+02 8.74245286e-01]						0.hdf5	61
1424	/data/1_users/pezoldt/man_annotation/stripy/v1/NG050/NG050_P4_CC5/62_0.hdf5	62_0	None	None	stripy_nucleus	0	[  6.         646.4387207  268.07666016   0.87542117]	[  6.         646.4387207  268.07666016   0.87542117]						0.hdf5	62
1425	/data/1_users/pezoldt/man_annotation/stripy/v1/NG050/NG050_P4_CC5/63_0.hdf5	63_0	None	None	Undefined	0	[  2.         734.74279785 222.29266357   0.88228279]	[  2.         734.74279785 222.29266357   0.88228279]						0.hdf5	63
1426	/data/1_users/pezoldt/man_annotation/stripy/v1/NG050/NG050_P4_CC5/64_0.hdf5	64_0	None	None	stripy_nucleus	0		[  5.         659.74316406 323.16741943   0.87654781]	[  5.         659.74316406 323.16741943   0.87654781]	[ 10.         694.69726562 182.52378845   0.86328137]				0.hdf5	64
1427	/data/1_users/pezoldt/man_annotation/stripy/v1/NG050/NG050_P4_CC5/64_1.hdf5	64_1	None	None	Undefined	0		[ 10.         694.69726562 182.52378845   0.86328137]	[  5.         659.74316406 323.16741943   0.87654781]	[ 10.         694.69726562 182.52378845   0.86328137]				1.hdf5	64
1428	/data/1_users/pezoldt/man_annotation/stripy/v1/NG050/NG050_P4_CC5/65_0.hdf5	65_0	None	None	normi_demicircle	0	[7.00000000e+00 1.01799231e+03 3.47588318e+02 8.78052294e-01]	[7.00000000e+00 1.01799231e+03 3.47588318e+02 8.78052294e-01]						0.hdf5	65
1429	/data/1_users/pezoldt/man_annotation/stripy/v1/NG050/NG050_P4_CC5/66_0.hdf5	66_0	None	None	normi_demicircle	0	[  7.         538.22608948 267.2258606    0.87658048]	[  7.         538.22608948 267.2258606    0.87658048]						0.hdf5	66
1430	/data/1_users/pezoldt/man_annotation/stripy/v1/NG050/NG050_P4_CC5/67_0.hdf5	67_0	None	None	Undefined	0	[8.00000000e+00 9.70949585e+02 3.05129608e+02 8.64558518e-01]	[8.00000000e+00 9.70949585e+02 3.05129608e+02 8.64558518e-01]						0.hdf5	67
1431	/data/1_users/pezoldt/man_annotation/stripy/v1/NG050/NG050_P4_CC5/68_0.hdf5	68_0	None	None	stripy_center	0	[  6.         757.61108398 329.6572876    0.86898631]	[  6.         757.61108398 329.6572876    0.86898631]						0.hdf5	68
1432	/data/1_users/pezoldt/man_annotation/stripy/v1/NG050/NG050_P4_CC5/69_0.hdf5	69_0	None	None	Undefined	0		[  5.         785.01696777 346.44036865   0.86557245]	[  5.         785.01696777 346.44036865   0.86557245]	[  9.         374.90823364 245.75558472   0.83060008]				0.hdf5	69
1433	/data/1_users/pezoldt/man_annotation/stripy/v1/NG050/NG050_P4_CC5/69_1.hdf5	69_1	None	None	Undefined	0		[  9.         374.90823364 245.75558472   0.83060008]	[  5.         785.01696777 346.44036865   0.86557245]	[  9.         374.90823364 245.75558472   0.83060008]				1.hdf5	69
1362	/data/1_users/pezoldt/man_annotation/stripy/v1/NG050/NG050_P4_CC5/6_0.hdf5	6_0	None	None	normi_demicircle	0	[  9.         770.91320801 206.14331055   0.87301028]	[  9.         770.91320801 206.14331055   0.87301028]						0.hdf5	6
1434	/data/1_users/pezoldt/man_annotation/stripy/v1/NG050/NG050_P4_CC5/70_0.hdf5	70_0	None	None	stripy_nucleus	0	[  7.         836.81451416 268.89364624   0.86736834]	[  7.         836.81451416 268.89364624   0.86736834]						0.hdf5	70
1435	/data/1_users/pezoldt/man_annotation/stripy/v1/NG050/NG050_P4_CC5/71_0.hdf5	71_0	None	None	Undefined	0	[  8.         593.62854004 160.70803833   0.87779397]	[  8.         593.62854004 160.70803833   0.87779397]						0.hdf5	71
1436	/data/1_users/pezoldt/man_annotation/stripy/v1/NG050/NG050_P4_CC5/72_0.hdf5	72_0	None	None	Undefined	0		[  7.         874.59814453 291.80148315   0.874946  ]	[  7.         874.59814453 291.80148315   0.874946  ]	[ 10.         581.0010376  177.69445801   0.85349971]				0.hdf5	72
1437	/data/1_users/pezoldt/man_annotation/stripy/v1/NG050/NG050_P4_CC5/72_1.hdf5	72_1	None	None	Undefined	0		[ 10.         581.0010376  177.69445801   0.85349971]	[  7.         874.59814453 291.80148315   0.874946  ]	[ 10.         581.0010376  177.69445801   0.85349971]				1.hdf5	72
1438	/data/1_users/pezoldt/man_annotation/stripy/v1/NG050/NG050_P4_CC5/73_0.hdf5	73_0	None	None	stripy_nucleus	0	[  5.         498.06726074 315.19439697   0.86916405]	[  5.         498.06726074 315.19439697   0.86916405]						0.hdf5	73
1439	/data/1_users/pezoldt/man_annotation/stripy/v1/NG050/NG050_P4_CC5/74_0.hdf5	74_0	None	None	Undefined	0	[3.00000000e+00 9.68916382e+02 3.15182098e+02 8.86510313e-01]	[3.00000000e+00 9.68916382e+02 3.15182098e+02 8.86510313e-01]						0.hdf5	74
1440	/data/1_users/pezoldt/man_annotation/stripy/v1/NG050/NG050_P4_CC5/75_0.hdf5	75_0	None	None	Undefined	0	[3.00000000e+00 1.00969971e+03 3.40800903e+02 8.70297074e-01]	[3.00000000e+00 1.00969971e+03 3.40800903e+02 8.70297074e-01]						0.hdf5	75
1441	/data/1_users/pezoldt/man_annotation/stripy/v1/NG050/NG050_P4_CC5/76_0.hdf5	76_0	None	None	Undefined	0	[  6.         488.56121826 244.32763672   0.87107921]	[  6.         488.56121826 244.32763672   0.87107921]						0.hdf5	76
1442	/data/1_users/pezoldt/man_annotation/stripy/v1/NG050/NG050_P4_CC5/77_0.hdf5	77_0	None	None	Undefined	0	[  2.          95.59135437 127.31700897   0.87696731]	[  2.          95.59135437 127.31700897   0.87696731]						0.hdf5	77
1443	/data/1_users/pezoldt/man_annotation/stripy/v1/NG050/NG050_P4_CC5/78_0.hdf5	78_0	None	None	normi_circle	0	[  7.         695.04388428 276.57280731   0.87208879]	[  7.         695.04388428 276.57280731   0.87208879]						0.hdf5	78
1444	/data/1_users/pezoldt/man_annotation/stripy/v1/NG050/NG050_P4_CC5/79_0.hdf5	79_0	None	None	Undefined	0	[  7.         798.73272705 252.84791565   0.87194365]	[  7.         798.73272705 252.84791565   0.87194365]						0.hdf5	79
1363	/data/1_users/pezoldt/man_annotation/stripy/v1/NG050/NG050_P4_CC5/7_0.hdf5	7_0	None	None	stripy_center	0	[9.00000000e+00 1.24768701e+03 3.11528992e+02 8.76137078e-01]	[9.00000000e+00 1.24768701e+03 3.11528992e+02 8.76137078e-01]						0.hdf5	7
1445	/data/1_users/pezoldt/man_annotation/stripy/v1/NG050/NG050_P4_CC5/80_0.hdf5	80_0	None	None	Undefined	0	[  2.         697.16760254 293.48406219   0.88848519]	[  2.         697.16760254 293.48406219   0.88848519]						0.hdf5	80
1446	/data/1_users/pezoldt/man_annotation/stripy/v1/NG050/NG050_P4_CC5/81_0.hdf5	81_0	None	None	Undefined	0	[  5.         575.84289551 100.04693604   0.8801589 ]	[  5.         575.84289551 100.04693604   0.8801589 ]						0.hdf5	81
1447	/data/1_users/pezoldt/man_annotation/stripy/v1/NG050/NG050_P4_CC5/82_0.hdf5	82_0	None	None	Undefined	0	[4.00000000e+00 1.07808276e+03 3.27258026e+02 8.88731599e-01]	[4.00000000e+00 1.07808276e+03 3.27258026e+02 8.88731599e-01]						0.hdf5	82
1448	/data/1_users/pezoldt/man_annotation/stripy/v1/NG050/NG050_P4_CC5/83_0.hdf5	83_0	None	None	normi_circle	0	[  6.         772.71789551  85.18411255   0.90019697]	[  6.         772.71789551  85.18411255   0.90019697]						0.hdf5	83
1449	/data/1_users/pezoldt/man_annotation/stripy/v1/NG050/NG050_P4_CC5/84_0.hdf5	84_0	None	None	Undefined	0	[6.00000000e+00 8.80562012e+02 2.86864288e+02 8.76570761e-01]	[6.00000000e+00 8.80562012e+02 2.86864288e+02 8.76570761e-01]						0.hdf5	84
1450	/data/1_users/pezoldt/man_annotation/stripy/v1/NG050/NG050_P4_CC5/85_0.hdf5	85_0	None	None	Undefined	0	[  4.         559.68847656 138.2657814    0.87949783]	[  4.         559.68847656 138.2657814    0.87949783]						0.hdf5	85
1451	/data/1_users/pezoldt/man_annotation/stripy/v1/NG050/NG050_P4_CC5/86_0.hdf5	86_0	None	None	normi_circle	0	[  8.         756.37573242 160.89228821   0.87318194]	[  8.         756.37573242 160.89228821   0.87318194]						0.hdf5	86
1452	/data/1_users/pezoldt/man_annotation/stripy/v1/NG050/NG050_P4_CC5/87_0.hdf5	87_0	None	None	Undefined	0	[  3.         618.99511719 283.11688232   0.87110156]	[  3.         618.99511719 283.11688232   0.87110156]						0.hdf5	87
1453	/data/1_users/pezoldt/man_annotation/stripy/v1/NG050/NG050_P4_CC5/88_0.hdf5	88_0	None	None	Undefined	0	[  2.         769.121521   286.04733276   0.88448256]	[  2.         769.121521   286.04733276   0.88448256]						0.hdf5	88
1454	/data/1_users/pezoldt/man_annotation/stripy/v1/NG050/NG050_P4_CC5/89_0.hdf5	89_0	None	None	Undefined	0	[  7.         782.83618164 275.03931427   0.86994624]	[  7.         782.83618164 275.03931427   0.86994624]						0.hdf5	89
1364	/data/1_users/pezoldt/man_annotation/stripy/v1/NG050/NG050_P4_CC5/8_0.hdf5	8_0	None	None	stripy_nucleus	0	[  3.         808.8449707  253.17605591   0.87714404]	[  3.         808.8449707  253.17605591   0.87714404]						0.hdf5	8
1455	/data/1_users/pezoldt/man_annotation/stripy/v1/NG050/NG050_P4_CC5/90_0.hdf5	90_0	None	None	Undefined	0	[  7.         701.66394043 169.0317688    0.86991936]	[  7.         701.66394043 169.0317688    0.86991936]						0.hdf5	90
1456	/data/1_users/pezoldt/man_annotation/stripy/v1/NG050/NG050_P4_CC5/91_0.hdf5	91_0	None	None	Undefined	0	[  4.         550.0612793  272.02423859   0.88175493]	[  4.         550.0612793  272.02423859   0.88175493]						0.hdf5	91
1457	/data/1_users/pezoldt/man_annotation/stripy/v1/NG050/NG050_P4_CC5/92_0.hdf5	92_0	None	None	stripy_center	0	[  7.         675.58972168 218.93637085   0.878389  ]	[  7.         675.58972168 218.93637085   0.878389  ]						0.hdf5	92
1458	/data/1_users/pezoldt/man_annotation/stripy/v1/NG050/NG050_P4_CC5/94_0.hdf5	94_0	None	None	stripy_center	0	[8.00000000e+00 1.03304761e+03 2.55568268e+02 8.89221907e-01]	[8.00000000e+00 1.03304761e+03 2.55568268e+02 8.89221907e-01]						0.hdf5	94
1459	/data/1_users/pezoldt/man_annotation/stripy/v1/NG050/NG050_P4_CC5/95_0.hdf5	95_0	None	None	normi_circle	0	[  5.         798.94274902 305.09112549   0.87110907]	[  5.         798.94274902 305.09112549   0.87110907]						0.hdf5	95
1365	/data/1_users/pezoldt/man_annotation/stripy/v1/NG050/NG050_P4_CC5/9_0.hdf5	9_0	None	None	stripy_nucleus	0	[  9.         819.04663086 301.34533691   0.86825252]	[  9.         819.04663086 301.34533691   0.86825252]						0.hdf5	9
1460	/data/1_users/pezoldt/man_annotation/stripy/v1/NG050/NG050_P4_CC6/0_0.hdf5	0_0	None	None	Undefined	0	[  4.         232.9307251  204.71514893   0.86206889]	[  4.         232.9307251  204.71514893   0.86206889]						0.hdf5	0
1470	/data/1_users/pezoldt/man_annotation/stripy/v1/NG050/NG050_P4_CC6/10_0.hdf5	10_0	None	None	Undefined	0	[  6.         699.66717529 134.27273941   0.88108671]	[  6.         699.66717529 134.27273941   0.88108671]						0.hdf5	10
1471	/data/1_users/pezoldt/man_annotation/stripy/v1/NG050/NG050_P4_CC6/11_0.hdf5	11_0	None	None	Undefined	0	[  5.         567.27087402  62.72779846   0.8766883 ]	[  5.         567.27087402  62.72779846   0.8766883 ]						0.hdf5	11
1472	/data/1_users/pezoldt/man_annotation/stripy/v1/NG050/NG050_P4_CC6/13_0.hdf5	13_0	None	None	normi_circle	0	[  5.         371.3470459  181.61578369   0.86795294]	[  5.         371.3470459  181.61578369   0.86795294]						0.hdf5	13
1473	/data/1_users/pezoldt/man_annotation/stripy/v1/NG050/NG050_P4_CC6/14_0.hdf5	14_0	None	None	Undefined	0	[  4.         724.54785156 270.98825073   0.87457168]	[  4.         724.54785156 270.98825073   0.87457168]						0.hdf5	14
1474	/data/1_users/pezoldt/man_annotation/stripy/v1/NG050/NG050_P4_CC6/15_0.hdf5	15_0	None	None	normi_circle	0	[  7.         448.53134155  84.72601318   0.87883663]	[  7.         448.53134155  84.72601318   0.87883663]						0.hdf5	15
1475	/data/1_users/pezoldt/man_annotation/stripy/v1/NG050/NG050_P4_CC6/16_0.hdf5	16_0	None	None	normi_circle	0	[  6.         423.38757324 101.0202713    0.87126559]	[  6.         423.38757324 101.0202713    0.87126559]						0.hdf5	16
1476	/data/1_users/pezoldt/man_annotation/stripy/v1/NG050/NG050_P4_CC6/17_0.hdf5	17_0	None	None	Undefined	0	[  7.         637.67346191 205.56085205   0.87867534]	[  7.         637.67346191 205.56085205   0.87867534]						0.hdf5	17
1477	/data/1_users/pezoldt/man_annotation/stripy/v1/NG050/NG050_P4_CC6/19_0.hdf5	19_0	None	None	stripy_center	0	[8.00000000e+00 9.22433594e+02 2.54760315e+02 8.83728325e-01]	[8.00000000e+00 9.22433594e+02 2.54760315e+02 8.83728325e-01]						0.hdf5	19
1461	/data/1_users/pezoldt/man_annotation/stripy/v1/NG050/NG050_P4_CC6/1_0.hdf5	1_0	None	None	Undefined	0	[  7.         878.49108887 239.52020264   0.89552498]	[  7.         878.49108887 239.52020264   0.89552498]						0.hdf5	1
1478	/data/1_users/pezoldt/man_annotation/stripy/v1/NG050/NG050_P4_CC6/20_0.hdf5	20_0	None	None	Undefined	0	[  6.         481.30908203 176.30340576   0.87316358]	[  6.         481.30908203 176.30340576   0.87316358]						0.hdf5	20
1479	/data/1_users/pezoldt/man_annotation/stripy/v1/NG050/NG050_P4_CC6/21_0.hdf5	21_0	None	None	normi_circle	0	[  7.         683.1161499  251.81427002   0.86878181]	[  7.         683.1161499  251.81427002   0.86878181]						0.hdf5	21
1480	/data/1_users/pezoldt/man_annotation/stripy/v1/NG050/NG050_P4_CC6/22_0.hdf5	22_0	None	None	stripy_center	0	[9.00000000e+00 9.57037964e+02 2.15289429e+02 8.73185813e-01]	[9.00000000e+00 9.57037964e+02 2.15289429e+02 8.73185813e-01]						0.hdf5	22
1481	/data/1_users/pezoldt/man_annotation/stripy/v1/NG050/NG050_P4_CC6/23_0.hdf5	23_0	None	None	normi_demicircle	0	[  6.         688.00897217 326.1880188    0.86506224]	[  6.         688.00897217 326.1880188    0.86506224]						0.hdf5	23
1482	/data/1_users/pezoldt/man_annotation/stripy/v1/NG050/NG050_P4_CC6/24_0.hdf5	24_0	None	None	normi_circle	0	[  7.         723.5435791   67.70526314   0.87852877]	[  7.         723.5435791   67.70526314   0.87852877]						0.hdf5	24
1483	/data/1_users/pezoldt/man_annotation/stripy/v1/NG050/NG050_P4_CC6/25_0.hdf5	25_0	None	None	normi_circle	0	[  8.         723.11804199 210.5324707    0.86731935]	[  8.         723.11804199 210.5324707    0.86731935]						0.hdf5	25
1484	/data/1_users/pezoldt/man_annotation/stripy/v1/NG050/NG050_P4_CC6/26_0.hdf5	26_0	None	None	Undefined	0	[  7.         652.39483643 285.77178192   0.87028378]	[  7.         652.39483643 285.77178192   0.87028378]						0.hdf5	26
1485	/data/1_users/pezoldt/man_annotation/stripy/v1/NG050/NG050_P4_CC6/27_0.hdf5	27_0	None	None	Undefined	0	[  7.         639.22009277 200.3404541    0.87654305]	[  7.         639.22009277 200.3404541    0.87654305]						0.hdf5	27
1486	/data/1_users/pezoldt/man_annotation/stripy/v1/NG050/NG050_P4_CC6/28_0.hdf5	28_0	None	None	Undefined	0	[7.00000000e+00 1.03523926e+03 3.26784058e+02 8.66530120e-01]	[7.00000000e+00 1.03523926e+03 3.26784058e+02 8.66530120e-01]						0.hdf5	28
1487	/data/1_users/pezoldt/man_annotation/stripy/v1/NG050/NG050_P4_CC6/29_0.hdf5	29_0	None	None	Undefined	0	[8.00000000e+00 1.11790894e+03 2.94627594e+02 8.83312523e-01]	[8.00000000e+00 1.11790894e+03 2.94627594e+02 8.83312523e-01]						0.hdf5	29
1462	/data/1_users/pezoldt/man_annotation/stripy/v1/NG050/NG050_P4_CC6/2_0.hdf5	2_0	None	None	Undefined	0	[  7.         784.11486816 118.55867004   0.85676181]	[  7.         784.11486816 118.55867004   0.85676181]						0.hdf5	2
1488	/data/1_users/pezoldt/man_annotation/stripy/v1/NG050/NG050_P4_CC6/30_0.hdf5	30_0	None	None	Undefined	0	[  6.         416.83203125 266.7171936    0.8687638 ]	[  6.         416.83203125 266.7171936    0.8687638 ]						0.hdf5	30
1489	/data/1_users/pezoldt/man_annotation/stripy/v1/NG050/NG050_P4_CC6/32_0.hdf5	32_0	None	None	stripy_nucleus	0	[  8.         696.49530029 124.75774384   0.87698823]	[  8.         696.49530029 124.75774384   0.87698823]						0.hdf5	32
1490	/data/1_users/pezoldt/man_annotation/stripy/v1/NG050/NG050_P4_CC6/33_0.hdf5	33_0	None	None	Undefined	0	[  3.         351.13531494  89.02259064   0.86628675]	[  3.         351.13531494  89.02259064   0.86628675]						0.hdf5	33
1491	/data/1_users/pezoldt/man_annotation/stripy/v1/NG050/NG050_P4_CC6/34_0.hdf5	34_0	None	None	Undefined	0	[  6.         527.64292908 130.52896118   0.86364633]	[  6.         527.64292908 130.52896118   0.86364633]						0.hdf5	34
1492	/data/1_users/pezoldt/man_annotation/stripy/v1/NG050/NG050_P4_CC6/35_0.hdf5	35_0	None	None	Undefined	0	[5.00000000e+00 9.00245361e+02 3.11558472e+02 8.69179547e-01]	[5.00000000e+00 9.00245361e+02 3.11558472e+02 8.69179547e-01]						0.hdf5	35
1493	/data/1_users/pezoldt/man_annotation/stripy/v1/NG050/NG050_P4_CC6/36_0.hdf5	36_0	None	None	Undefined	0	[  6.         529.50854492 101.10652161   0.86847061]	[  6.         529.50854492 101.10652161   0.86847061]						0.hdf5	36
1494	/data/1_users/pezoldt/man_annotation/stripy/v1/NG050/NG050_P4_CC6/37_0.hdf5	37_0	None	None	Undefined	0	[  6.         599.47705078 225.58256531   0.86401933]	[  6.         599.47705078 225.58256531   0.86401933]						0.hdf5	37
1495	/data/1_users/pezoldt/man_annotation/stripy/v1/NG050/NG050_P4_CC6/38_0.hdf5	38_0	None	None	Undefined	0	[  4.         752.97570801 252.43702698   0.85067344]	[  4.         752.97570801 252.43702698   0.85067344]						0.hdf5	38
1496	/data/1_users/pezoldt/man_annotation/stripy/v1/NG050/NG050_P4_CC6/39_0.hdf5	39_0	None	None	stripy_center	0	[  7.         750.12103271 297.00299072   0.85867822]	[  7.         750.12103271 297.00299072   0.85867822]						0.hdf5	39
1463	/data/1_users/pezoldt/man_annotation/stripy/v1/NG050/NG050_P4_CC6/3_0.hdf5	3_0	None	None	normi_demicircle	0	[  8.         676.59423828 103.13117981   0.87291515]	[  8.         676.59423828 103.13117981   0.87291515]						0.hdf5	3
1497	/data/1_users/pezoldt/man_annotation/stripy/v1/NG050/NG050_P4_CC6/40_0.hdf5	40_0	None	None	stripy_nucleus	0	[  4.         420.49221802 284.05966187   0.87917602]	[  4.         420.49221802 284.05966187   0.87917602]						0.hdf5	40
1498	/data/1_users/pezoldt/man_annotation/stripy/v1/NG050/NG050_P4_CC6/41_0.hdf5	41_0	None	None	stripy_center	0	[  7.         657.14855957  73.97215462   0.8693611 ]	[  7.         657.14855957  73.97215462   0.8693611 ]						0.hdf5	41
1499	/data/1_users/pezoldt/man_annotation/stripy/v1/NG050/NG050_P4_CC6/42_0.hdf5	42_0	None	None	Undefined	0	[  5.         344.06591797  99.78447151   0.86303067]	[  5.         344.06591797  99.78447151   0.86303067]						0.hdf5	42
1500	/data/1_users/pezoldt/man_annotation/stripy/v1/NG050/NG050_P4_CC6/43_0.hdf5	43_0	None	None	Undefined	0	[  3.         275.25421143 249.92997742   0.87093419]	[  3.         275.25421143 249.92997742   0.87093419]						0.hdf5	43
1501	/data/1_users/pezoldt/man_annotation/stripy/v1/NG050/NG050_P4_CC6/44_0.hdf5	44_0	None	None	normi_circle	0	[8.00000000e+00 9.79377075e+02 1.30605392e+02 8.73888552e-01]	[8.00000000e+00 9.79377075e+02 1.30605392e+02 8.73888552e-01]						0.hdf5	44
1502	/data/1_users/pezoldt/man_annotation/stripy/v1/NG050/NG050_P4_CC6/45_0.hdf5	45_0	None	None	Undefined	0	[  5.         427.92462158 232.38439941   0.84149736]	[  5.         427.92462158 232.38439941   0.84149736]						0.hdf5	45
1503	/data/1_users/pezoldt/man_annotation/stripy/v1/NG050/NG050_P4_CC6/47_0.hdf5	47_0	None	None	Undefined	0	[  6.         635.0413208   63.6329422    0.86543494]	[  6.         635.0413208   63.6329422    0.86543494]						0.hdf5	47
1504	/data/1_users/pezoldt/man_annotation/stripy/v1/NG050/NG050_P4_CC6/48_0.hdf5	48_0	None	None	Undefined	0	[  5.         856.5246582  304.97879028   0.87600863]	[  5.         856.5246582  304.97879028   0.87600863]						0.hdf5	48
1505	/data/1_users/pezoldt/man_annotation/stripy/v1/NG050/NG050_P4_CC6/49_0.hdf5	49_0	None	None	stripy_nucleus	0	[  4.         282.62237549 128.96362305   0.87065148]	[  4.         282.62237549 128.96362305   0.87065148]						0.hdf5	49
1464	/data/1_users/pezoldt/man_annotation/stripy/v1/NG050/NG050_P4_CC6/4_0.hdf5	4_0	None	None	normi_circle	0	[  8.         746.51965332 194.19708252   0.87331736]	[  8.         746.51965332 194.19708252   0.87331736]						0.hdf5	4
1506	/data/1_users/pezoldt/man_annotation/stripy/v1/NG050/NG050_P4_CC6/50_0.hdf5	50_0	None	None	Undefined	0	[8.00000000e+00 9.64984131e+02 2.29137024e+02 8.69452417e-01]	[8.00000000e+00 9.64984131e+02 2.29137024e+02 8.69452417e-01]						0.hdf5	50
1507	/data/1_users/pezoldt/man_annotation/stripy/v1/NG050/NG050_P4_CC6/51_0.hdf5	51_0	None	None	Undefined	0	[  7.         677.16998291 134.32967758   0.86900115]	[  7.         677.16998291 134.32967758   0.86900115]						0.hdf5	51
1508	/data/1_users/pezoldt/man_annotation/stripy/v1/NG050/NG050_P4_CC6/52_0.hdf5	52_0	None	None	stripy_nucleus	0	[  4.         495.81307983 131.12216187   0.86781895]	[  4.         495.81307983 131.12216187   0.86781895]						0.hdf5	52
1509	/data/1_users/pezoldt/man_annotation/stripy/v1/NG050/NG050_P4_CC6/53_0.hdf5	53_0	None	None	normi_circle	0	[  7.         627.78625488 116.26314545   0.86840874]	[  7.         627.78625488 116.26314545   0.86840874]						0.hdf5	53
1510	/data/1_users/pezoldt/man_annotation/stripy/v1/NG050/NG050_P4_CC6/54_0.hdf5	54_0	None	None	normi_circle	0	[  5.         252.70516968 134.9526062    0.87063915]	[  5.         252.70516968 134.9526062    0.87063915]						0.hdf5	54
1511	/data/1_users/pezoldt/man_annotation/stripy/v1/NG050/NG050_P4_CC6/56_0.hdf5	56_0	None	None	stripy_center	0		[ 5.         27.48246384 25.67530823  0.83654672]	[ 5.         27.48246384 25.67530823  0.83654672]	[  6.         667.8425293  129.28129578   0.85440576]				0.hdf5	56
1512	/data/1_users/pezoldt/man_annotation/stripy/v1/NG050/NG050_P4_CC6/56_1.hdf5	56_1	None	None	normi_circle	0		[  6.         667.8425293  129.28129578   0.85440576]	[ 5.         27.48246384 25.67530823  0.83654672]	[  6.         667.8425293  129.28129578   0.85440576]				1.hdf5	56
1513	/data/1_users/pezoldt/man_annotation/stripy/v1/NG050/NG050_P4_CC6/57_0.hdf5	57_0	None	None	stripy_center	0	[  5.         551.33776855 140.11854553   0.87725896]	[  5.         551.33776855 140.11854553   0.87725896]						0.hdf5	57
1514	/data/1_users/pezoldt/man_annotation/stripy/v1/NG050/NG050_P4_CC6/58_0.hdf5	58_0	None	None	stripy_center	0	[  3.         725.04656982 279.29556274   0.8832587 ]	[  3.         725.04656982 279.29556274   0.8832587 ]						0.hdf5	58
1515	/data/1_users/pezoldt/man_annotation/stripy/v1/NG050/NG050_P4_CC6/59_0.hdf5	59_0	None	None	stripy_center	0	[  6.         702.7989502   91.14594841   0.87355107]	[  6.         702.7989502   91.14594841   0.87355107]						0.hdf5	59
1465	/data/1_users/pezoldt/man_annotation/stripy/v1/NG050/NG050_P4_CC6/5_0.hdf5	5_0	None	None	stripy_center	0	[  8.         801.44763184 249.26989746   0.87676591]	[  8.         801.44763184 249.26989746   0.87676591]						0.hdf5	5
1516	/data/1_users/pezoldt/man_annotation/stripy/v1/NG050/NG050_P4_CC6/60_0.hdf5	60_0	None	None	normi_circle	0	[  4.         825.07263184 328.69708252   0.84994036]	[  4.         825.07263184 328.69708252   0.84994036]						0.hdf5	60
1517	/data/1_users/pezoldt/man_annotation/stripy/v1/NG050/NG050_P4_CC6/61_0.hdf5	61_0	None	None	Undefined	0	[8.00000000e+00 9.39762573e+02 2.61748901e+02 8.82527113e-01]	[8.00000000e+00 9.39762573e+02 2.61748901e+02 8.82527113e-01]						0.hdf5	61
1518	/data/1_users/pezoldt/man_annotation/stripy/v1/NG050/NG050_P4_CC6/62_0.hdf5	62_0	None	None	stripy_center	0	[8.00000000e+00 9.72033386e+02 2.64402397e+02 8.69319677e-01]	[8.00000000e+00 9.72033386e+02 2.64402397e+02 8.69319677e-01]						0.hdf5	62
1519	/data/1_users/pezoldt/man_annotation/stripy/v1/NG050/NG050_P4_CC6/63_0.hdf5	63_0	None	None	stripy_center	0	[  7.         801.50372314 270.8730545    0.8773874 ]	[  7.         801.50372314 270.8730545    0.8773874 ]						0.hdf5	63
1520	/data/1_users/pezoldt/man_annotation/stripy/v1/NG050/NG050_P4_CC6/64_0.hdf5	64_0	None	None	Undefined	0	[  5.         734.4666748   94.9235611    0.87448221]	[  5.         734.4666748   94.9235611    0.87448221]						0.hdf5	64
1521	/data/1_users/pezoldt/man_annotation/stripy/v1/NG050/NG050_P4_CC6/65_0.hdf5	65_0	None	None	Undefined	0	[  5.         825.24780273  80.85316467   0.88622034]	[  5.         825.24780273  80.85316467   0.88622034]						0.hdf5	65
1522	/data/1_users/pezoldt/man_annotation/stripy/v1/NG050/NG050_P4_CC6/66_0.hdf5	66_0	None	None	Undefined	0	[8.00000000e+00 9.27696106e+02 2.75354317e+02 8.68854165e-01]	[8.00000000e+00 9.27696106e+02 2.75354317e+02 8.68854165e-01]						0.hdf5	66
1523	/data/1_users/pezoldt/man_annotation/stripy/v1/NG050/NG050_P4_CC6/67_0.hdf5	67_0	None	None	Undefined	0	[7.00000000e+00 9.08494629e+02 3.12688416e+02 8.68471682e-01]	[7.00000000e+00 9.08494629e+02 3.12688416e+02 8.68471682e-01]						0.hdf5	67
1524	/data/1_users/pezoldt/man_annotation/stripy/v1/NG050/NG050_P4_CC6/68_0.hdf5	68_0	None	None	Undefined	0	[  2.         783.73156738 312.15643311   0.87371367]	[  2.         783.73156738 312.15643311   0.87371367]						0.hdf5	68
1525	/data/1_users/pezoldt/man_annotation/stripy/v1/NG050/NG050_P4_CC6/69_0.hdf5	69_0	None	None	stripy_center	0		[  6.         630.12609863 173.98216248   0.89100176]	[  6.         630.12609863 173.98216248   0.89100176]	[8.00000000e+00 1.55190332e+03 2.35226593e+02 8.59872222e-01]				0.hdf5	69
1526	/data/1_users/pezoldt/man_annotation/stripy/v1/NG050/NG050_P4_CC6/69_1.hdf5	69_1	None	None	stripy_center	0		[8.00000000e+00 1.55190332e+03 2.35226593e+02 8.59872222e-01]	[  6.         630.12609863 173.98216248   0.89100176]	[8.00000000e+00 1.55190332e+03 2.35226593e+02 8.59872222e-01]				1.hdf5	69
1466	/data/1_users/pezoldt/man_annotation/stripy/v1/NG050/NG050_P4_CC6/6_0.hdf5	6_0	None	None	Undefined	0	[  3.         678.57025146 191.16433716   0.86413449]	[  3.         678.57025146 191.16433716   0.86413449]						0.hdf5	6
1527	/data/1_users/pezoldt/man_annotation/stripy/v1/NG050/NG050_P4_CC6/70_0.hdf5	70_0	None	None	stripy_nucleus	0	[  6.         578.66577148 195.63140869   0.86520642]	[  6.         578.66577148 195.63140869   0.86520642]						0.hdf5	70
1528	/data/1_users/pezoldt/man_annotation/stripy/v1/NG050/NG050_P4_CC6/71_0.hdf5	71_0	None	None	Undefined	0	[  4.         452.95111084  79.36399841   0.87390029]	[  4.         452.95111084  79.36399841   0.87390029]						0.hdf5	71
1529	/data/1_users/pezoldt/man_annotation/stripy/v1/NG050/NG050_P4_CC6/72_0.hdf5	72_0	None	None	normi_circle	0	[  7.         723.96942139  88.75778389   0.87142944]	[  7.         723.96942139  88.75778389   0.87142944]						0.hdf5	72
1530	/data/1_users/pezoldt/man_annotation/stripy/v1/NG050/NG050_P4_CC6/73_0.hdf5	73_0	None	None	Undefined	0	[  7.         702.76416016 172.8145752    0.88882977]	[  7.         702.76416016 172.8145752    0.88882977]						0.hdf5	73
1531	/data/1_users/pezoldt/man_annotation/stripy/v1/NG050/NG050_P4_CC6/74_0.hdf5	74_0	None	None	normi_circle	0	[  4.         641.18725586 306.29916382   0.87444806]	[  4.         641.18725586 306.29916382   0.87444806]						0.hdf5	74
1532	/data/1_users/pezoldt/man_annotation/stripy/v1/NG050/NG050_P4_CC6/75_0.hdf5	75_0	None	None	Undefined	0	[  5.         594.95593262 254.78271484   0.88284755]	[  5.         594.95593262 254.78271484   0.88284755]						0.hdf5	75
1533	/data/1_users/pezoldt/man_annotation/stripy/v1/NG050/NG050_P4_CC6/76_0.hdf5	76_0	None	None	Undefined	0		[6.00000000e+00 9.19087708e+02 9.61965408e+01 8.73574257e-01]	[6.00000000e+00 9.19087708e+02 9.61965408e+01 8.73574257e-01]	[  7.         699.49139404 251.05899048   0.87373316]				0.hdf5	76
1534	/data/1_users/pezoldt/man_annotation/stripy/v1/NG050/NG050_P4_CC6/76_1.hdf5	76_1	None	None	stripy_center	0		[  7.         699.49139404 251.05899048   0.87373316]	[6.00000000e+00 9.19087708e+02 9.61965408e+01 8.73574257e-01]	[  7.         699.49139404 251.05899048   0.87373316]				1.hdf5	76
1535	/data/1_users/pezoldt/man_annotation/stripy/v1/NG050/NG050_P4_CC6/77_0.hdf5	77_0	None	None	stripy_center	0	[  7.         863.80224609 249.51579285   0.87420571]	[  7.         863.80224609 249.51579285   0.87420571]						0.hdf5	77
1536	/data/1_users/pezoldt/man_annotation/stripy/v1/NG050/NG050_P4_CC6/78_0.hdf5	78_0	None	None	Undefined	0	[  7.         695.13659668 231.26348877   0.87582159]	[  7.         695.13659668 231.26348877   0.87582159]						0.hdf5	78
1537	/data/1_users/pezoldt/man_annotation/stripy/v1/NG050/NG050_P4_CC6/79_0.hdf5	79_0	None	None	Undefined	0	[  2.         702.27404785 243.0189209    0.88267314]	[  2.         702.27404785 243.0189209    0.88267314]						0.hdf5	79
1467	/data/1_users/pezoldt/man_annotation/stripy/v1/NG050/NG050_P4_CC6/7_0.hdf5	7_0	None	None	Undefined	0	[  4.         592.61431885 249.64349365   0.86945313]	[  4.         592.61431885 249.64349365   0.86945313]						0.hdf5	7
1538	/data/1_users/pezoldt/man_annotation/stripy/v1/NG050/NG050_P4_CC6/80_0.hdf5	80_0	None	None	Undefined	0	[  2.         799.56634521 237.17349243   0.88489938]	[  2.         799.56634521 237.17349243   0.88489938]						0.hdf5	80
1539	/data/1_users/pezoldt/man_annotation/stripy/v1/NG050/NG050_P4_CC6/81_0.hdf5	81_0	None	None	stripy_center	0	[7.00000000e+00 1.11631335e+03 2.75180328e+02 8.87105942e-01]	[7.00000000e+00 1.11631335e+03 2.75180328e+02 8.87105942e-01]						0.hdf5	81
1540	/data/1_users/pezoldt/man_annotation/stripy/v1/NG050/NG050_P4_CC6/82_0.hdf5	82_0	None	None	normi_circle	0	[  6.         816.25274658 321.190979     0.86936659]	[  6.         816.25274658 321.190979     0.86936659]						0.hdf5	82
1541	/data/1_users/pezoldt/man_annotation/stripy/v1/NG050/NG050_P4_CC6/83_0.hdf5	83_0	None	None	Undefined	0	[  6.         470.25808716 108.90211487   0.88251621]	[  6.         470.25808716 108.90211487   0.88251621]						0.hdf5	83
1542	/data/1_users/pezoldt/man_annotation/stripy/v1/NG050/NG050_P4_CC6/84_0.hdf5	84_0	None	None	stripy_center	0	[  4.         212.87640381  99.19762993   0.8725816 ]	[  4.         212.87640381  99.19762993   0.8725816 ]						0.hdf5	84
1543	/data/1_users/pezoldt/man_annotation/stripy/v1/NG050/NG050_P4_CC6/85_0.hdf5	85_0	None	None	stripy_nucleus	0	[6.00000000e+00 9.11104492e+02 2.64671967e+02 8.88248265e-01]	[6.00000000e+00 9.11104492e+02 2.64671967e+02 8.88248265e-01]						0.hdf5	85
1544	/data/1_users/pezoldt/man_annotation/stripy/v1/NG050/NG050_P4_CC6/86_0.hdf5	86_0	None	None	Undefined	0	[  3.         408.89831543 126.5581665    0.88501203]	[  3.         408.89831543 126.5581665    0.88501203]						0.hdf5	86
1545	/data/1_users/pezoldt/man_annotation/stripy/v1/NG050/NG050_P4_CC6/87_0.hdf5	87_0	None	None	Undefined	0	[7.00000000e+00 1.12974597e+03 2.90452118e+02 8.87393236e-01]	[7.00000000e+00 1.12974597e+03 2.90452118e+02 8.87393236e-01]						0.hdf5	87
1546	/data/1_users/pezoldt/man_annotation/stripy/v1/NG050/NG050_P4_CC6/88_0.hdf5	88_0	None	None	normi_demicircle	0	[  5.         548.62084961  91.55247498   0.86912054]	[  5.         548.62084961  91.55247498   0.86912054]						0.hdf5	88
1547	/data/1_users/pezoldt/man_annotation/stripy/v1/NG050/NG050_P4_CC6/89_0.hdf5	89_0	None	None	stripy_center	0	[  5.         525.83985901 155.66729355   0.88156301]	[  5.         525.83985901 155.66729355   0.88156301]						0.hdf5	89
1468	/data/1_users/pezoldt/man_annotation/stripy/v1/NG050/NG050_P4_CC6/8_0.hdf5	8_0	None	None	normi_circle	0	[  6.         441.05181885  97.96427917   0.87376237]	[  6.         441.05181885  97.96427917   0.87376237]						0.hdf5	8
1548	/data/1_users/pezoldt/man_annotation/stripy/v1/NG050/NG050_P4_CC6/90_0.hdf5	90_0	None	None	normi_circle	0	[  3.         736.62597656 304.11010742   0.86593908]	[  3.         736.62597656 304.11010742   0.86593908]						0.hdf5	90
1549	/data/1_users/pezoldt/man_annotation/stripy/v1/NG050/NG050_P4_CC6/91_0.hdf5	91_0	None	None	Undefined	0	[7.00000000e+00 1.05685913e+03 2.93887482e+02 8.96827400e-01]	[7.00000000e+00 1.05685913e+03 2.93887482e+02 8.96827400e-01]						0.hdf5	91
1550	/data/1_users/pezoldt/man_annotation/stripy/v1/NG050/NG050_P4_CC6/92_0.hdf5	92_0	None	None	Undefined	0	[  3.         854.28613281 286.93133545   0.89060855]	[  3.         854.28613281 286.93133545   0.89060855]						0.hdf5	92
1551	/data/1_users/pezoldt/man_annotation/stripy/v1/NG050/NG050_P4_CC6/93_0.hdf5	93_0	None	None	stripy_center	0	[  6.         859.33081055 224.99441528   0.87923878]	[  6.         859.33081055 224.99441528   0.87923878]						0.hdf5	93
1552	/data/1_users/pezoldt/man_annotation/stripy/v1/NG050/NG050_P4_CC6/94_0.hdf5	94_0	None	None	Undefined	0	[  6.         527.40759277 216.48278809   0.87198263]	[  6.         527.40759277 216.48278809   0.87198263]						0.hdf5	94
1553	/data/1_users/pezoldt/man_annotation/stripy/v1/NG050/NG050_P4_CC6/95_0.hdf5	95_0	None	None	Undefined	0	[  5.         531.98895264  94.80227661   0.87273806]	[  5.         531.98895264  94.80227661   0.87273806]						0.hdf5	95
1469	/data/1_users/pezoldt/man_annotation/stripy/v1/NG050/NG050_P4_CC6/9_0.hdf5	9_0	None	None	stripy_center	0	[  7.         449.82391357 128.83076477   0.87448066]	[  7.         449.82391357 128.83076477   0.87448066]						0.hdf5	9
1554	/data/1_users/pezoldt/man_annotation/stripy/v1/NG050/NG050_P4_CC7/0_0.hdf5	0_0	None	None	Undefined	0	[1.20000000e+01 1.17127661e+03 3.05944122e+02 8.84252369e-01]	[1.20000000e+01 1.17127661e+03 3.05944122e+02 8.84252369e-01]						0.hdf5	0
1565	/data/1_users/pezoldt/man_annotation/stripy/v1/NG050/NG050_P4_CC7/10_0.hdf5	10_0	None	None	Undefined	0	[ 13.         761.4487915  181.24777222   0.87424397]	[ 13.         761.4487915  181.24777222   0.87424397]						0.hdf5	10
1566	/data/1_users/pezoldt/man_annotation/stripy/v1/NG050/NG050_P4_CC7/11_0.hdf5	11_0	None	None	Undefined	0	[1.20000000e+01 9.73401306e+02 1.45603256e+02 8.77371728e-01]	[1.20000000e+01 9.73401306e+02 1.45603256e+02 8.77371728e-01]						0.hdf5	11
1567	/data/1_users/pezoldt/man_annotation/stripy/v1/NG050/NG050_P4_CC7/12_0.hdf5	12_0	None	None	stripy_center	0	[ 13.         842.78338623 142.50503922   0.87809199]	[ 13.         842.78338623 142.50503922   0.87809199]						0.hdf5	12
1568	/data/1_users/pezoldt/man_annotation/stripy/v1/NG050/NG050_P4_CC7/13_0.hdf5	13_0	None	None	Undefined	0	[ 11.         464.97454834 289.98062134   0.86907595]	[ 11.         464.97454834 289.98062134   0.86907595]						0.hdf5	13
1569	/data/1_users/pezoldt/man_annotation/stripy/v1/NG050/NG050_P4_CC7/14_0.hdf5	14_0	None	None	normi_circle	0	[ 12.         769.10491943 190.57043457   0.88027835]	[ 12.         769.10491943 190.57043457   0.88027835]						0.hdf5	14
1570	/data/1_users/pezoldt/man_annotation/stripy/v1/NG050/NG050_P4_CC7/15_0.hdf5	15_0	None	None	Undefined	0	[1.30000000e+01 9.09318298e+02 1.41225510e+02 8.75670671e-01]	[1.30000000e+01 9.09318298e+02 1.41225510e+02 8.75670671e-01]						0.hdf5	15
1571	/data/1_users/pezoldt/man_annotation/stripy/v1/NG050/NG050_P4_CC7/16_0.hdf5	16_0	None	None	stripy_center	0	[ 12.         768.92950439 185.22949219   0.87733328]	[ 12.         768.92950439 185.22949219   0.87733328]						0.hdf5	16
1572	/data/1_users/pezoldt/man_annotation/stripy/v1/NG050/NG050_P4_CC7/17_0.hdf5	17_0	None	None	Undefined	0	[  9.         826.734375    97.20923615   0.86665064]	[  9.         826.734375    97.20923615   0.86665064]						0.hdf5	17
1573	/data/1_users/pezoldt/man_annotation/stripy/v1/NG050/NG050_P4_CC7/18_0.hdf5	18_0	None	None	Undefined	0	[ 10.         497.63180542 125.55082703   0.86645275]	[ 10.         497.63180542 125.55082703   0.86645275]						0.hdf5	18
1574	/data/1_users/pezoldt/man_annotation/stripy/v1/NG050/NG050_P4_CC7/19_0.hdf5	19_0	None	None	normi_demicircle	0	[  6.         612.39141846 132.7739296    0.87240666]	[  6.         612.39141846 132.7739296    0.87240666]						0.hdf5	19
1555	/data/1_users/pezoldt/man_annotation/stripy/v1/NG050/NG050_P4_CC7/1_0.hdf5	1_0	None	None		0	[6.00000000e+00 8.86346191e+02 2.96104614e+02 8.58126581e-01]	[6.00000000e+00 8.86346191e+02 2.96104614e+02 8.58126581e-01]						0.hdf5	1
1575	/data/1_users/pezoldt/man_annotation/stripy/v1/NG050/NG050_P4_CC7/20_0.hdf5	20_0	None	None	stripy_center	0	[1.10000000e+01 1.05560938e+03 2.75631073e+02 8.66736948e-01]	[1.10000000e+01 1.05560938e+03 2.75631073e+02 8.66736948e-01]						0.hdf5	20
1576	/data/1_users/pezoldt/man_annotation/stripy/v1/NG050/NG050_P4_CC7/21_0.hdf5	21_0	None	None	Undefined	0	[ 10.         628.78649902 287.57580566   0.87904477]	[ 10.         628.78649902 287.57580566   0.87904477]						0.hdf5	21
1577	/data/1_users/pezoldt/man_annotation/stripy/v1/NG050/NG050_P4_CC7/22_0.hdf5	22_0	None	None	Undefined	0	[ 12.         759.89440918 328.63690186   0.85857117]	[ 12.         759.89440918 328.63690186   0.85857117]						0.hdf5	22
1578	/data/1_users/pezoldt/man_annotation/stripy/v1/NG050/NG050_P4_CC7/23_0.hdf5	23_0	None	None	Undefined	0	[ 12.         811.79315186 157.36054993   0.88117462]	[ 12.         811.79315186 157.36054993   0.88117462]						0.hdf5	23
1579	/data/1_users/pezoldt/man_annotation/stripy/v1/NG050/NG050_P4_CC7/24_0.hdf5	24_0	None	None	stripy_nucleus	0	[ 12.         732.97387695 288.46499634   0.86646819]	[ 12.         732.97387695 288.46499634   0.86646819]						0.hdf5	24
1580	/data/1_users/pezoldt/man_annotation/stripy/v1/NG050/NG050_P4_CC7/26_0.hdf5	26_0	None	None	Undefined	0	[ 11.         564.81262207 306.23727417   0.87255085]	[ 11.         564.81262207 306.23727417   0.87255085]						0.hdf5	26
1581	/data/1_users/pezoldt/man_annotation/stripy/v1/NG050/NG050_P4_CC7/27_0.hdf5	27_0	None	None	stripy_center	0	[ 11.         248.41366577 174.84811401   0.87105048]	[ 11.         248.41366577 174.84811401   0.87105048]						0.hdf5	27
1582	/data/1_users/pezoldt/man_annotation/stripy/v1/NG050/NG050_P4_CC7/28_0.hdf5	28_0	None	None	normi_circle	0	[ 12.         664.94787598 162.84216309   0.86891311]	[ 12.         664.94787598 162.84216309   0.86891311]						0.hdf5	28
1583	/data/1_users/pezoldt/man_annotation/stripy/v1/NG050/NG050_P4_CC7/29_0.hdf5	29_0	None	None	normi_demicircle	0	[  7.         389.35552979 129.86688232   0.87058353]	[  7.         389.35552979 129.86688232   0.87058353]						0.hdf5	29
1556	/data/1_users/pezoldt/man_annotation/stripy/v1/NG050/NG050_P4_CC7/2_0.hdf5	2_0	None	None		0	[1.20000000e+01 1.10810437e+03 3.03152039e+02 8.74731779e-01]	[1.20000000e+01 1.10810437e+03 3.03152039e+02 8.74731779e-01]						0.hdf5	2
1584	/data/1_users/pezoldt/man_annotation/stripy/v1/NG050/NG050_P4_CC7/30_0.hdf5	30_0	None	None	Undefined	0	[ 12.         518.91918945 206.75650024   0.87386411]	[ 12.         518.91918945 206.75650024   0.87386411]						0.hdf5	30
1585	/data/1_users/pezoldt/man_annotation/stripy/v1/NG050/NG050_P4_CC7/31_0.hdf5	31_0	None	None	Undefined	0	[ 10.         496.18783569 133.79800415   0.86601794]	[ 10.         496.18783569 133.79800415   0.86601794]						0.hdf5	31
1586	/data/1_users/pezoldt/man_annotation/stripy/v1/NG050/NG050_P4_CC7/32_0.hdf5	32_0	None	None	normi_circle	0	[1.20000000e+01 8.76303345e+02 1.33952328e+02 8.71821761e-01]	[1.20000000e+01 8.76303345e+02 1.33952328e+02 8.71821761e-01]						0.hdf5	32
1587	/data/1_users/pezoldt/man_annotation/stripy/v1/NG050/NG050_P4_CC7/33_0.hdf5	33_0	None	None	Undefined	0	[  9.         354.9319458  148.55348206   0.86988479]	[  9.         354.9319458  148.55348206   0.86988479]						0.hdf5	33
1588	/data/1_users/pezoldt/man_annotation/stripy/v1/NG050/NG050_P4_CC7/34_0.hdf5	34_0	None	None	Undefined	0	[ 12.         805.13299561 124.82674408   0.87907356]	[ 12.         805.13299561 124.82674408   0.87907356]						0.hdf5	34
1589	/data/1_users/pezoldt/man_annotation/stripy/v1/NG050/NG050_P4_CC7/35_0.hdf5	35_0	None	None	Undefined	0	[ 12.         647.29760742 145.23194885   0.882662  ]	[ 12.         647.29760742 145.23194885   0.882662  ]						0.hdf5	35
1590	/data/1_users/pezoldt/man_annotation/stripy/v1/NG050/NG050_P4_CC7/37_0.hdf5	37_0	None	None	stripy_nucleus	0	[ 11.         849.29992676 124.12763977   0.87940007]	[ 11.         849.29992676 124.12763977   0.87940007]						0.hdf5	37
1591	/data/1_users/pezoldt/man_annotation/stripy/v1/NG050/NG050_P4_CC7/38_0.hdf5	38_0	None	None	Undefined	0	[ 11.         840.11981201 305.02346802   0.89104277]	[ 11.         840.11981201 305.02346802   0.89104277]						0.hdf5	38
1592	/data/1_users/pezoldt/man_annotation/stripy/v1/NG050/NG050_P4_CC7/39_0.hdf5	39_0	None	None	normi_demicircle	0	[ 11.         408.30627441 150.9286499    0.87159765]	[ 11.         408.30627441 150.9286499    0.87159765]						0.hdf5	39
1557	/data/1_users/pezoldt/man_annotation/stripy/v1/NG050/NG050_P4_CC7/3_0.hdf5	3_0	None	None		0	[ 11.         833.3137207  103.99555779   0.89764774]	[ 11.         833.3137207  103.99555779   0.89764774]						0.hdf5	3
1593	/data/1_users/pezoldt/man_annotation/stripy/v1/NG050/NG050_P4_CC7/40_0.hdf5	40_0	None	None	normi_circle	0	[ 11.         540.07507324 176.49417114   0.87122923]	[ 11.         540.07507324 176.49417114   0.87122923]						0.hdf5	40
1594	/data/1_users/pezoldt/man_annotation/stripy/v1/NG050/NG050_P4_CC7/41_0.hdf5	41_0	None	None	stripy_center	0	[ 10.         554.34423828 154.49259949   0.86262774]	[ 10.         554.34423828 154.49259949   0.86262774]						0.hdf5	41
1595	/data/1_users/pezoldt/man_annotation/stripy/v1/NG050/NG050_P4_CC7/42_0.hdf5	42_0	None	None	normi_demicircle	0	[ 11.         585.30871582 168.87971497   0.86616886]	[ 11.         585.30871582 168.87971497   0.86616886]						0.hdf5	42
1596	/data/1_users/pezoldt/man_annotation/stripy/v1/NG050/NG050_P4_CC7/43_0.hdf5	43_0	None	None	Undefined	0	[ 10.         569.52258301 151.66239929   0.87286872]	[ 10.         569.52258301 151.66239929   0.87286872]						0.hdf5	43
1597	/data/1_users/pezoldt/man_annotation/stripy/v1/NG050/NG050_P4_CC7/44_0.hdf5	44_0	None	None	normi_circle	0	[ 11.         611.93109131 121.86418152   0.87556767]	[ 11.         611.93109131 121.86418152   0.87556767]						0.hdf5	44
1598	/data/1_users/pezoldt/man_annotation/stripy/v1/NG050/NG050_P4_CC7/45_0.hdf5	45_0	None	None	Undefined	0	[ 10.         464.89978027 107.77906799   0.87722403]	[ 10.         464.89978027 107.77906799   0.87722403]						0.hdf5	45
1599	/data/1_users/pezoldt/man_annotation/stripy/v1/NG050/NG050_P4_CC7/46_0.hdf5	46_0	None	None	normi_circle	0	[ 11.         663.53283691 161.61839294   0.87972248]	[ 11.         663.53283691 161.61839294   0.87972248]						0.hdf5	46
1600	/data/1_users/pezoldt/man_annotation/stripy/v1/NG050/NG050_P4_CC7/47_0.hdf5	47_0	None	None	stripy_nucleus	0	[ 10.         562.56420898 168.15298462   0.87235975]	[ 10.         562.56420898 168.15298462   0.87235975]						0.hdf5	47
1601	/data/1_users/pezoldt/man_annotation/stripy/v1/NG050/NG050_P4_CC7/48_0.hdf5	48_0	None	None	Undefined	0	[  9.         566.90930176 193.00257874   0.87492806]	[  9.         566.90930176 193.00257874   0.87492806]						0.hdf5	48
1602	/data/1_users/pezoldt/man_annotation/stripy/v1/NG050/NG050_P4_CC7/49_0.hdf5	49_0	None	None	stripy_nucleus	0	[ 12.         831.14556885 145.79165649   0.87132442]	[ 12.         831.14556885 145.79165649   0.87132442]						0.hdf5	49
1558	/data/1_users/pezoldt/man_annotation/stripy/v1/NG050/NG050_P4_CC7/4_0.hdf5	4_0	None	None	Undefined	0	[ 11.         387.34353638 184.93252563   0.87435281]	[ 11.         387.34353638 184.93252563   0.87435281]						0.hdf5	4
1603	/data/1_users/pezoldt/man_annotation/stripy/v1/NG050/NG050_P4_CC7/50_0.hdf5	50_0	None	None	Undefined	0	[ 11.         847.22515869 316.80215454   0.86812824]	[ 11.         847.22515869 316.80215454   0.86812824]						0.hdf5	50
1604	/data/1_users/pezoldt/man_annotation/stripy/v1/NG050/NG050_P4_CC7/51_0.hdf5	51_0	None	None	normi_circle	0	[  9.         485.70941162 173.18865967   0.87352264]	[  9.         485.70941162 173.18865967   0.87352264]						0.hdf5	51
1605	/data/1_users/pezoldt/man_annotation/stripy/v1/NG050/NG050_P4_CC7/52_0.hdf5	52_0	None	None	stripy_nucleus	0	[ 10.         443.46606445 144.9551239    0.87411207]	[ 10.         443.46606445 144.9551239    0.87411207]						0.hdf5	52
1606	/data/1_users/pezoldt/man_annotation/stripy/v1/NG050/NG050_P4_CC7/53_0.hdf5	53_0	None	None	stripy_center	0	[ 11.         585.82421875 259.88345337   0.87413538]	[ 11.         585.82421875 259.88345337   0.87413538]						0.hdf5	53
1607	/data/1_users/pezoldt/man_annotation/stripy/v1/NG050/NG050_P4_CC7/54_0.hdf5	54_0	None	None	normi_demicircle	0	[  6.         765.35040283 308.25878906   0.84925747]	[  6.         765.35040283 308.25878906   0.84925747]						0.hdf5	54
1608	/data/1_users/pezoldt/man_annotation/stripy/v1/NG050/NG050_P4_CC7/55_0.hdf5	55_0	None	None	Undefined	0	[  9.         305.68060303 248.19630432   0.86534262]	[  9.         305.68060303 248.19630432   0.86534262]						0.hdf5	55
1609	/data/1_users/pezoldt/man_annotation/stripy/v1/NG050/NG050_P4_CC7/56_0.hdf5	56_0	None	None	Undefined	0	[2.00000000e+00 1.43819751e+03 2.53145569e+02 8.10514688e-01]	[2.00000000e+00 1.43819751e+03 2.53145569e+02 8.10514688e-01]						0.hdf5	56
1610	/data/1_users/pezoldt/man_annotation/stripy/v1/NG050/NG050_P4_CC7/57_0.hdf5	57_0	None	None	Undefined	0	[ 11.         793.50585938 136.2204628    0.87498903]	[ 11.         793.50585938 136.2204628    0.87498903]						0.hdf5	57
1611	/data/1_users/pezoldt/man_annotation/stripy/v1/NG050/NG050_P4_CC7/58_0.hdf5	58_0	None	None	stripy_center	0	[1.00000000e+01 1.03608737e+03 3.27250153e+02 8.91416848e-01]	[1.00000000e+01 1.03608737e+03 3.27250153e+02 8.91416848e-01]						0.hdf5	58
1612	/data/1_users/pezoldt/man_annotation/stripy/v1/NG050/NG050_P4_CC7/59_0.hdf5	59_0	None	None	Undefined	0	[  8.         165.040802   195.3115387    0.87367916]	[  8.         165.040802   195.3115387    0.87367916]						0.hdf5	59
1559	/data/1_users/pezoldt/man_annotation/stripy/v1/NG050/NG050_P4_CC7/5_0.hdf5	5_0	None	None	Undefined	0		[  7.         562.640625   183.89524841   0.85825819]	[  7.         562.640625   183.89524841   0.85825819]	[10.         19.81731796 81.27386475  0.81841451]				0.hdf5	5
1560	/data/1_users/pezoldt/man_annotation/stripy/v1/NG050/NG050_P4_CC7/5_1.hdf5	5_1	None	None	Undefined	0		[10.         19.81731796 81.27386475  0.81841451]	[  7.         562.640625   183.89524841   0.85825819]	[10.         19.81731796 81.27386475  0.81841451]				1.hdf5	5
1613	/data/1_users/pezoldt/man_annotation/stripy/v1/NG050/NG050_P4_CC7/60_0.hdf5	60_0	None	None	Undefined	0	[ 10.         632.06524658 127.38619995   0.87649035]	[ 10.         632.06524658 127.38619995   0.87649035]						0.hdf5	60
1614	/data/1_users/pezoldt/man_annotation/stripy/v1/NG050/NG050_P4_CC7/61_0.hdf5	61_0	None	None	Undefined	0	[  8.         590.60913086 103.92463684   0.86463434]	[  8.         590.60913086 103.92463684   0.86463434]						0.hdf5	61
1615	/data/1_users/pezoldt/man_annotation/stripy/v1/NG050/NG050_P4_CC7/62_0.hdf5	62_0	None	None	Undefined	0		[  3.         262.41509247 284.37887573   0.84645432]	[  3.         262.41509247 284.37887573   0.84645432]	[ 12.         803.29150391 149.22723007   0.86883479]				0.hdf5	62
1616	/data/1_users/pezoldt/man_annotation/stripy/v1/NG050/NG050_P4_CC7/62_1.hdf5	62_1	None	None	stripy_nucleus	0		[ 12.         803.29150391 149.22723007   0.86883479]	[  3.         262.41509247 284.37887573   0.84645432]	[ 12.         803.29150391 149.22723007   0.86883479]				1.hdf5	62
1617	/data/1_users/pezoldt/man_annotation/stripy/v1/NG050/NG050_P4_CC7/63_0.hdf5	63_0	None	None	Undefined	0	[ 11.         799.87414551 120.46450806   0.86795574]	[ 11.         799.87414551 120.46450806   0.86795574]						0.hdf5	63
1618	/data/1_users/pezoldt/man_annotation/stripy/v1/NG050/NG050_P4_CC7/64_0.hdf5	64_0	None	None	normi_circle	0	[ 10.         629.05200195 150.72033691   0.86984712]	[ 10.         629.05200195 150.72033691   0.86984712]						0.hdf5	64
1619	/data/1_users/pezoldt/man_annotation/stripy/v1/NG050/NG050_P4_CC7/65_0.hdf5	65_0	None	None	stripy_center	0	[ 10.         686.47998047 306.02600098   0.88046718]	[ 10.         686.47998047 306.02600098   0.88046718]						0.hdf5	65
1620	/data/1_users/pezoldt/man_annotation/stripy/v1/NG050/NG050_P4_CC7/66_0.hdf5	66_0	None	None	Undefined	0	[ 11.         682.93902588 238.07736206   0.86628407]	[ 11.         682.93902588 238.07736206   0.86628407]						0.hdf5	66
1621	/data/1_users/pezoldt/man_annotation/stripy/v1/NG050/NG050_P4_CC7/67_0.hdf5	67_0	None	None	Undefined	0	[ 10.         440.14929199 181.22412109   0.87704974]	[ 10.         440.14929199 181.22412109   0.87704974]						0.hdf5	67
1622	/data/1_users/pezoldt/man_annotation/stripy/v1/NG050/NG050_P4_CC7/68_0.hdf5	68_0	None	None	Undefined	0	[  7.         803.00042725 309.91784668   0.88900429]	[  7.         803.00042725 309.91784668   0.88900429]						0.hdf5	68
1623	/data/1_users/pezoldt/man_annotation/stripy/v1/NG050/NG050_P4_CC7/69_0.hdf5	69_0	None	None	Undefined	0	[  6.         630.09954834 167.62393188   0.87484294]	[  6.         630.09954834 167.62393188   0.87484294]						0.hdf5	69
1561	/data/1_users/pezoldt/man_annotation/stripy/v1/NG050/NG050_P4_CC7/6_0.hdf5	6_0	None	None	Undefined	0	[ 12.         587.77880859 167.66525269   0.87200767]	[ 12.         587.77880859 167.66525269   0.87200767]						0.hdf5	6
1624	/data/1_users/pezoldt/man_annotation/stripy/v1/NG050/NG050_P4_CC7/70_0.hdf5	70_0	None	None	Undefined	0	[ 10.         695.14135742 178.15835571   0.87080985]	[ 10.         695.14135742 178.15835571   0.87080985]						0.hdf5	70
1625	/data/1_users/pezoldt/man_annotation/stripy/v1/NG050/NG050_P4_CC7/71_0.hdf5	71_0	None	None	Undefined	0	[7.00000000e+00 9.15049683e+02 1.42395447e+02 8.72271419e-01]	[7.00000000e+00 9.15049683e+02 1.42395447e+02 8.72271419e-01]						0.hdf5	71
1626	/data/1_users/pezoldt/man_annotation/stripy/v1/NG050/NG050_P4_CC7/72_0.hdf5	72_0	None	None	normi_circle	0	[1.20000000e+01 1.05414676e+03 3.11041656e+02 8.75382185e-01]	[1.20000000e+01 1.05414676e+03 3.11041656e+02 8.75382185e-01]						0.hdf5	72
1627	/data/1_users/pezoldt/man_annotation/stripy/v1/NG050/NG050_P4_CC7/73_0.hdf5	73_0	None	None	Undefined	0	[ 10.         647.9609375  180.66879272   0.88444835]	[ 10.         647.9609375  180.66879272   0.88444835]						0.hdf5	73
1628	/data/1_users/pezoldt/man_annotation/stripy/v1/NG050/NG050_P4_CC7/74_0.hdf5	74_0	None	None	Undefined	0	[  9.         539.65515137 142.5223999    0.87750405]	[  9.         539.65515137 142.5223999    0.87750405]						0.hdf5	74
1629	/data/1_users/pezoldt/man_annotation/stripy/v1/NG050/NG050_P4_CC7/75_0.hdf5	75_0	None	None	Undefined	0		[6.00000000e+00 1.04667966e+03 1.42476212e+02 8.86596739e-01]	[6.00000000e+00 1.04667966e+03 1.42476212e+02 8.86596739e-01]	[  8.         673.07189941 106.46156311   0.87282676]				0.hdf5	75
1630	/data/1_users/pezoldt/man_annotation/stripy/v1/NG050/NG050_P4_CC7/75_1.hdf5	75_1	None	None	normi_circle	0		[  8.         673.07189941 106.46156311   0.87282676]	[6.00000000e+00 1.04667966e+03 1.42476212e+02 8.86596739e-01]	[  8.         673.07189941 106.46156311   0.87282676]				1.hdf5	75
1631	/data/1_users/pezoldt/man_annotation/stripy/v1/NG050/NG050_P4_CC7/76_0.hdf5	76_0	None	None	Undefined	0	[  9.         795.37097168 268.31098175   0.89400434]	[  9.         795.37097168 268.31098175   0.89400434]						0.hdf5	76
1632	/data/1_users/pezoldt/man_annotation/stripy/v1/NG050/NG050_P4_CC7/77_0.hdf5	77_0	None	None	Undefined	0	[ 10.         714.26147461 132.63513184   0.87107164]	[ 10.         714.26147461 132.63513184   0.87107164]						0.hdf5	77
1633	/data/1_users/pezoldt/man_annotation/stripy/v1/NG050/NG050_P4_CC7/78_0.hdf5	78_0	None	None	Undefined	0	[1.10000000e+01 1.02607166e+03 2.49748749e+02 8.78260612e-01]	[1.10000000e+01 1.02607166e+03 2.49748749e+02 8.78260612e-01]						0.hdf5	78
1634	/data/1_users/pezoldt/man_annotation/stripy/v1/NG050/NG050_P4_CC7/79_0.hdf5	79_0	None	None	stripy_center	0	[  8.         398.04547119 168.48605347   0.8866142 ]	[  8.         398.04547119 168.48605347   0.8866142 ]						0.hdf5	79
1562	/data/1_users/pezoldt/man_annotation/stripy/v1/NG050/NG050_P4_CC7/7_0.hdf5	7_0	None	None	Undefined	0	[ 12.         712.94702148 113.1760025    0.87265724]	[ 12.         712.94702148 113.1760025    0.87265724]						0.hdf5	7
1635	/data/1_users/pezoldt/man_annotation/stripy/v1/NG050/NG050_P4_CC7/80_0.hdf5	80_0	None	None	Undefined	0	[7.00000000e+00 9.17148193e+02 1.30092239e+02 8.81185472e-01]	[7.00000000e+00 9.17148193e+02 1.30092239e+02 8.81185472e-01]						0.hdf5	80
1636	/data/1_users/pezoldt/man_annotation/stripy/v1/NG050/NG050_P4_CC7/81_0.hdf5	81_0	None	None	Undefined	0	[  9.         601.75323486 317.79879761   0.87343329]	[  9.         601.75323486 317.79879761   0.87343329]						0.hdf5	81
1637	/data/1_users/pezoldt/man_annotation/stripy/v1/NG050/NG050_P4_CC7/82_0.hdf5	82_0	None	None	Undefined	0		[1.00000000e+00 1.43499109e+03 2.45626053e+02 8.01639855e-01]	[1.00000000e+00 1.43499109e+03 2.45626053e+02 8.01639855e-01]	[  6.         726.16308594 129.14627075   0.87885845]				0.hdf5	82
1638	/data/1_users/pezoldt/man_annotation/stripy/v1/NG050/NG050_P4_CC7/82_1.hdf5	82_1	None	None	stripy_center	0		[  6.         726.16308594 129.14627075   0.87885845]	[1.00000000e+00 1.43499109e+03 2.45626053e+02 8.01639855e-01]	[  6.         726.16308594 129.14627075   0.87885845]				1.hdf5	82
1639	/data/1_users/pezoldt/man_annotation/stripy/v1/NG050/NG050_P4_CC7/83_0.hdf5	83_0	None	None	Undefined	0		[1.00000000e+00 1.43487231e+03 2.45026978e+02 8.21212709e-01]	[1.00000000e+00 1.43487231e+03 2.45026978e+02 8.21212709e-01]	[ 9.         51.79154968 77.3560791   0.87523228]				0.hdf5	83
1640	/data/1_users/pezoldt/man_annotation/stripy/v1/NG050/NG050_P4_CC7/83_1.hdf5	83_1	None	None	stripy_center	0		[ 9.         51.79154968 77.3560791   0.87523228]	[1.00000000e+00 1.43487231e+03 2.45026978e+02 8.21212709e-01]	[ 9.         51.79154968 77.3560791   0.87523228]				1.hdf5	83
1641	/data/1_users/pezoldt/man_annotation/stripy/v1/NG050/NG050_P4_CC7/84_0.hdf5	84_0	None	None	Undefined	0	[6.00000000e+00 9.41778076e+02 1.51895779e+02 8.82977068e-01]	[6.00000000e+00 9.41778076e+02 1.51895779e+02 8.82977068e-01]						0.hdf5	84
1642	/data/1_users/pezoldt/man_annotation/stripy/v1/NG050/NG050_P4_CC7/85_0.hdf5	85_0	None	None	Undefined	0	[ 10.         679.33178711 228.25717163   0.87953645]	[ 10.         679.33178711 228.25717163   0.87953645]						0.hdf5	85
1643	/data/1_users/pezoldt/man_annotation/stripy/v1/NG050/NG050_P4_CC7/86_0.hdf5	86_0	None	None	Undefined	0	[ 10.         769.86669922 135.86867905   0.87258983]	[ 10.         769.86669922 135.86867905   0.87258983]						0.hdf5	86
1644	/data/1_users/pezoldt/man_annotation/stripy/v1/NG050/NG050_P4_CC7/87_0.hdf5	87_0	None	None	Undefined	0	[  8.         631.99688721 123.31044006   0.87615567]	[  8.         631.99688721 123.31044006   0.87615567]						0.hdf5	87
1645	/data/1_users/pezoldt/man_annotation/stripy/v1/NG050/NG050_P4_CC7/88_0.hdf5	88_0	None	None	Undefined	0	[ 10.         787.1373291  108.48146057   0.87666392]	[ 10.         787.1373291  108.48146057   0.87666392]						0.hdf5	88
1646	/data/1_users/pezoldt/man_annotation/stripy/v1/NG050/NG050_P4_CC7/89_0.hdf5	89_0	None	None	normi_circle	0	[ 11.         517.9654541  209.33979797   0.87617707]	[ 11.         517.9654541  209.33979797   0.87617707]						0.hdf5	89
1563	/data/1_users/pezoldt/man_annotation/stripy/v1/NG050/NG050_P4_CC7/8_0.hdf5	8_0	None	None	Undefined	0	[ 12.         705.70239258 137.78558731   0.87757128]	[ 12.         705.70239258 137.78558731   0.87757128]						0.hdf5	8
1647	/data/1_users/pezoldt/man_annotation/stripy/v1/NG050/NG050_P4_CC7/90_0.hdf5	90_0	None	None	Undefined	0	[  9.         719.14123535 230.07232666   0.81463796]	[  9.         719.14123535 230.07232666   0.81463796]						0.hdf5	90
1648	/data/1_users/pezoldt/man_annotation/stripy/v1/NG050/NG050_P4_CC7/91_0.hdf5	91_0	None	None	stripy_center	0		[  5.          89.39516449 313.47918701   0.86909723]	[  5.          89.39516449 313.47918701   0.86909723]	[1.20000000e+01 1.77384375e+03 2.40124268e+02 8.62504840e-01]				0.hdf5	91
1649	/data/1_users/pezoldt/man_annotation/stripy/v1/NG050/NG050_P4_CC7/91_1.hdf5	91_1	None	None	Undefined	0		[1.20000000e+01 1.77384375e+03 2.40124268e+02 8.62504840e-01]	[  5.          89.39516449 313.47918701   0.86909723]	[1.20000000e+01 1.77384375e+03 2.40124268e+02 8.62504840e-01]				1.hdf5	91
1650	/data/1_users/pezoldt/man_annotation/stripy/v1/NG050/NG050_P4_CC7/92_0.hdf5	92_0	None	None	normi_demicircle	0	[ 10.         796.57043457 244.85183716   0.87118435]	[ 10.         796.57043457 244.85183716   0.87118435]						0.hdf5	92
1651	/data/1_users/pezoldt/man_annotation/stripy/v1/NG050/NG050_P4_CC7/93_0.hdf5	93_0	None	None	stripy_center	0	[7.00000000e+00 1.04495435e+03 9.25686188e+01 8.88577878e-01]	[7.00000000e+00 1.04495435e+03 9.25686188e+01 8.88577878e-01]						0.hdf5	93
1652	/data/1_users/pezoldt/man_annotation/stripy/v1/NG050/NG050_P4_CC7/94_0.hdf5	94_0	None	None	Undefined	0	[  9.         571.80114746 144.2855072    0.87485367]	[  9.         571.80114746 144.2855072    0.87485367]						0.hdf5	94
1653	/data/1_users/pezoldt/man_annotation/stripy/v1/NG050/NG050_P4_CC7/95_0.hdf5	95_0	None	None	Undefined	0	[ 11.         709.10803223 136.07821274   0.87076211]	[ 11.         709.10803223 136.07821274   0.87076211]						0.hdf5	95
1564	/data/1_users/pezoldt/man_annotation/stripy/v1/NG050/NG050_P4_CC7/9_0.hdf5	9_0	None	None	Undefined	0	[8.00000000e+00 9.83905212e+02 3.00949249e+02 8.82415414e-01]	[8.00000000e+00 9.83905212e+02 3.00949249e+02 8.82415414e-01]						0.hdf5	9
